{"frame_count": 809000, "start_time": 1770868442.389154, "elapsed_seconds": 569.2580561669893, "amnt_of_species": 774, "amnt_of_medium_species": 193, "amnt_of_big_species": 9, "final": false}