{"frame_count": 15658000, "start_time": 1771867978.2778683, "elapsed_seconds": 12819.272055496003, "amnt_of_species": 13099, "amnt_of_small_species": 8667, "amnt_of_medium_species": 2893, "amnt_of_big_species": 1539, "final": false}