{"frame_count": 16752000, "start_time": 1771867978.2778683, "elapsed_seconds": 13755.678887803006, "amnt_of_species": 14015, "amnt_of_small_species": 9282, "amnt_of_medium_species": 3094, "amnt_of_big_species": 1639, "final": false}