evolution rate,arithmetic mean length lived,arithmetic mean species population time
0.05,3718.0,219172.5
0.062,3630.285714285714,251774.42857142858
0.071,154.0,178.0
0.073,4001.0,275758.875
0.085,2760.875,195146.5
0.097,4001.0,289005.3333333333
0.099,228.0,281.0
0.108,3644.2727272727275,265051.1818181818
0.12,3315.75,228917.25
0.126,342.0,3958.0
0.132,3022.5,206454.5
0.134,88.0,91.0
0.143,2459.3333333333335,141924.66666666666
0.155,2939.75,196114.375
0.167,3744.090909090909,240854.0909090909
0.178,2528.8,137489.4
0.187,87.0,88.0
0.19,2860.625,187100.5
0.193,144.0,189.0
0.202,2755.75,157842.0
0.213,1834.142857142857,102282.42857142857
0.225,2387.8,126850.8
0.236,623.0,4679.0
0.237,2309.5,127958.5
0.246,181.0,426.0
0.248,2645.5,174567.0
0.272,2728.0,125800.66666666667
0.295,1664.6666666666667,40938.666666666664
0.307,4001.0,267212.5
0.318,1522.5,40054.0
0.33,2174.6666666666665,116635.0
0.335,295.0,784.0
0.336,70.0,93.0
0.339,103.0,195.0
0.342,1089.0,20165.0
0.353,3082.0,114154.0
0.365,1137.0,35645.0
0.37,337.0,2416.0
0.394,94.0,115.0
