{"frame_count": 110000, "start_time": 1770877364.6195788, "elapsed_seconds": 52.898517124995124, "amnt_of_species": 103, "amnt_of_medium_species": 22, "amnt_of_big_species": 4, "final": false}