{"frame_count": 22327850, "start_time": 1771177646.993172, "elapsed_seconds": 20054.62517087403, "amnt_of_species": 21101, "amnt_of_small_species": 15816, "amnt_of_medium_species": 4709, "amnt_of_big_species": 576, "final": true}