{"frame_count": 22104000, "start_time": 1771177646.993172, "elapsed_seconds": 19916.415491208027, "amnt_of_species": 20892, "amnt_of_small_species": 15657, "amnt_of_medium_species": 4665, "amnt_of_big_species": 570, "final": false}