{"frame_count": 147000, "start_time": 1770875429.6258502, "elapsed_seconds": 75.07675566599937, "amnt_of_species": 140, "amnt_of_medium_species": 29, "amnt_of_big_species": 5, "final": false}