evolution rate,arithmetic mean length lived,arithmetic mean species population time
0.05,1838.0,59143.0
0.056,47.0,62.0
0.062,64.0,98.0
0.073,4001.0,295625.0
0.085,4001.0,299734.0
0.112,121.0,133.0
0.12,4001.0,265645.0
0.132,4001.0,314950.5
0.143,4001.0,289690.0
0.151,113.0,558.0
0.167,2564.5,154773.5
0.178,4001.0,253871.0
0.237,1921.3333333333333,55182.333333333336
0.26,513.0,11068.0
0.266,105.0,318.0
0.272,1783.0,31358.0
0.36,164.0,197.0
