evolution rate,arithmetic mean length lived,arithmetic mean species population time
0.05,2968.285714285714,185792.42857142858
0.062,2863.6,182118.8
0.073,4001.0,264117.4
0.085,4001.0,287808.5
0.097,2760.1666666666665,186751.0
0.1,926.0,18067.0
0.108,3564.3333333333335,246125.22222222222
0.12,2857.0,199790.66666666666
0.132,4001.0,285398.6
0.138,93.0,95.0
0.143,3421.6666666666665,222730.5
0.155,3241.8,222218.6
0.16,118.0,142.0
0.161,101.5,141.5
0.167,3212.1666666666665,217126.33333333334
0.168,124.0,203.0
0.178,4001.0,273211.8333333333
0.19,3425.75,184709.0
0.202,2117.4444444444443,107079.77777777778
0.213,3943.5,228044.25
0.225,3020.0,196217.0
0.237,2317.25,138743.75
0.242,69.0,93.0
0.248,2478.8333333333335,124433.5
0.249,223.0,2216.0
0.253,99.0,118.0
0.26,2029.6666666666667,68230.0
0.272,925.75,25398.5
0.283,1619.25,81874.5
0.288,200.0,659.0
0.295,1123.0,39427.5
0.307,2534.5,130402.5
0.318,632.0,5947.5
0.33,2582.5,141008.0
0.342,1126.0,39580.0
0.365,80.0,87.0
0.371,133.0,141.0
0.378,99.0,108.0
0.386,81.0,96.0
0.388,1003.0,63552.0
