{"frame_count": 197745, "start_time": 1770851370.0103629, "elapsed_seconds": 123.77669891700498, "amnt_of_species": 191, "amnt_of_medium_species": 45, "amnt_of_big_species": 2, "final": true}