evolution rate,arithmetic mean length lived,arithmetic mean species population time
0.054,275.0,771.0
0.058,33.0,37.0
0.062,2771.25,184454.25
0.07,289.0,1996.0
0.073,3513.5,237532.0
0.085,3530.1111111111113,247357.66666666666
0.097,3516.6666666666665,216748.33333333334
0.108,4001.0,292287.71428571426
0.11,320.0,1553.0
0.12,4001.0,288805.8
0.121,107.0,112.0
0.132,4001.0,284039.14285714284
0.141,84.0,154.0
0.142,94.0,102.0
0.143,4001.0,285757.625
0.155,4001.0,269801.3333333333
0.162,87.0,100.0
0.167,3410.0,197986.4
0.178,3354.0,232469.25
0.183,397.0,772.0
0.19,3173.25,200202.0
0.202,4001.0,259532.0
0.213,2379.6666666666665,120215.66666666667
0.224,97.0,98.0
0.225,2031.5,93120.75
0.237,1456.0,55344.25
0.239,526.0,3476.0
0.248,2672.0,148678.5
0.259,133.0,151.0
0.26,1510.75,43504.0
0.272,2947.5,159502.0
0.283,2626.0,66099.0
0.285,65.0,86.0
0.295,1237.3333333333333,41353.666666666664
0.307,1362.5,32486.0
0.315,127.0,258.0
0.317,350.0,484.0
0.33,1661.5,89355.0
0.342,1183.0,19100.0
0.365,336.0,6998.0
0.374,93.0,99.0
0.386,96.0,146.0
