evolution rate,arithmetic mean length lived,arithmetic mean species population time
0.05,3000.3333333333335,188680.0
0.062,3780.3333333333335,285826.3333333333
0.088,73.0,97.0
0.12,4001.0,263639.75
0.132,4001.0,276842.0
0.148,240.0,316.0
0.19,1573.5,18845.0
0.213,997.0,28022.0
0.225,1086.0,31090.0
0.253,4001.0,283691.0
0.26,80.0,100.0
0.273,244.0,332.0
0.275,99.0,106.0
0.307,4001.0,254006.0
0.333,458.0,2149.0
0.345,142.0,155.0
