{"frame_count": 694002, "start_time": 1770867780.096033, "elapsed_seconds": 543.1269795410044, "amnt_of_species": 663, "amnt_of_medium_species": 187, "amnt_of_big_species": 17, "final": true}