evolution rate,arithmetic mean length lived,arithmetic mean species population time
0.05,2921.5,158374.0
0.058,155.0,400.0
0.062,3215.2,199419.7
0.073,3328.8888888888887,230222.0
0.075,81.0,104.0
0.076,321.0,2476.0
0.079,104.0,108.0
0.085,2310.5,152533.75
0.097,2935.0,207217.5
0.108,2938.0,210369.83333333334
0.119,161.0,216.0
0.12,3893.3571428571427,275784.85714285716
0.124,92.0,93.0
0.132,2956.222222222222,194856.0
0.137,101.0,105.0
0.143,4001.0,259897.0
0.146,88.5,126.5
0.154,133.0,278.0
0.155,3087.714285714286,196800.42857142858
0.167,4001.0,284252.6
0.174,202.0,606.0
0.176,159.0,362.0
0.178,4001.0,268259.6666666667
0.181,113.5,362.5
0.185,239.0,586.0
0.188,108.0,240.0
0.19,2833.285714285714,172868.7142857143
0.195,237.0,1840.0
0.197,141.0,168.0
0.202,2859.285714285714,156263.57142857142
0.213,3325.3333333333335,225821.44444444444
0.225,3140.6666666666665,185908.16666666666
0.227,117.0,299.0
0.229,111.0,167.0
0.231,106.66666666666667,142.66666666666666
0.233,291.0,1226.0
0.237,2266.3333333333335,112048.0
0.248,2251.1428571428573,126649.71428571429
0.254,98.0,105.0
0.26,576.0,15338.666666666666
0.268,213.0,673.0
0.269,72.0,97.0
0.272,1641.0,46633.75
0.273,109.0,156.0
0.275,112.0,114.0
0.283,926.0,16554.8
0.285,201.0,458.0
0.295,1258.1666666666667,36481.833333333336
0.3,98.0,101.0
0.301,187.0,282.5
0.307,1531.6666666666667,82186.33333333333
0.312,89.0,96.0
0.313,107.0,112.0
0.318,4001.0,240033.0
0.33,1827.5,45124.0
0.331,172.0,303.0
0.339,89.0,93.0
0.342,1290.6666666666667,44225.333333333336
0.353,929.0,18195.25
0.355,88.0,94.0
0.364,84.0,95.0
0.365,1091.0,14409.0
0.375,83.0,98.0
0.377,316.0,11390.0
0.378,138.0,343.0
0.381,83.0,92.0
0.385,4001.0,295991.0
0.386,149.0,319.0
0.392,238.0,611.0
0.398,101.0,152.0
