evolution rate,arithmetic mean length lived,arithmetic mean species population time
0.05,4001.0,244095.0
0.073,4001.0,295309.0
0.084,491.0,3276.0
0.097,4001.0,304042.3333333333
0.108,4001.0,286655.0
0.12,4001.0,304679.0
0.123,99.0,152.0
0.143,1431.3333333333333,92961.0
0.155,4001.0,299992.0
0.178,1533.0,34669.0
0.225,2089.6666666666665,116525.66666666667
0.237,4001.0,275906.0
0.248,1726.0,27369.0
0.283,119.0,140.0
0.295,2690.0,70216.0
0.33,1285.0,25639.0
0.365,1027.0,49835.0
