{"frame_count": 243000, "start_time": 1770867572.666631, "elapsed_seconds": 186.28780941700097, "amnt_of_species": 232, "amnt_of_medium_species": 63, "amnt_of_big_species": 5, "final": false}