evolution rate,arithmetic mean length lived,arithmetic mean species population time
0.093,94.0,100.0
0.171,200.0,271.0
0.18,96.0,98.0
0.202,80.0,258.0
0.209,84.66666666666667,95.33333333333333
0.239,136.0,396.0
0.265,89.0,145.0
0.272,4001.0,283801.0
0.285,103.0,106.0
0.291,97.0,166.0
0.305,104.0,163.0
0.346,101.0,156.0
