evolution rate,arithmetic mean length lived,arithmetic mean species population time
0.05,3426.25,212728.0
0.051,71.0,93.0
0.053,86.0,105.0
0.062,3544.3333333333335,251567.66666666666
0.073,4001.0,287879.4
0.08,303.0,402.0
0.085,2698.3333333333335,179358.16666666666
0.086,439.0,549.0
0.097,4001.0,276404.8
0.108,4001.0,275028.5
0.12,3267.375,232399.0
0.132,4001.0,272301.0
0.143,4001.0,286545.6666666667
0.15,296.0,387.0
0.155,1666.5,66470.5
0.166,78.0,93.0
0.167,1012.0,29932.0
0.173,395.0,1435.0
0.178,3886.75,241766.25
0.179,248.0,616.0
0.19,1520.3333333333333,31654.0
0.202,2633.0,140198.25
0.203,96.0,98.0
0.213,3010.0,165975.5
0.225,1057.5,17488.5
0.231,77.0,228.0
0.237,2956.3333333333335,149857.33333333334
0.242,85.0,97.0
0.248,1453.6666666666667,45383.333333333336
0.26,1904.8333333333333,73237.66666666667
0.267,145.0,342.0
0.272,2637.0,132575.5
0.273,181.0,253.0
0.279,810.0,6555.0
0.286,84.0,85.0
0.292,516.0,1931.0
0.295,1005.0,15876.0
0.306,139.0,159.5
0.309,96.0,97.0
0.328,301.0,889.0
0.33,1911.0,69275.0
0.369,128.0,146.0
0.379,368.0,1098.0
0.392,211.0,249.0
0.394,85.0,98.0
0.396,70.0,103.0
