{"frame_count": 169100, "start_time": 1770851837.250286, "elapsed_seconds": 137.76658979101921, "amnt_of_species": 159, "amnt_of_medium_species": 45, "amnt_of_big_species": 2, "final": true}