{"frame_count": 1048000, "start_time": 1770866134.67952, "elapsed_seconds": 680.1762048749952, "amnt_of_species": 1001, "amnt_of_medium_species": 282, "amnt_of_big_species": 18, "final": false}