{"frame_count": 700131, "start_time": 1770867780.1003132, "elapsed_seconds": 543.1213012080116, "amnt_of_species": 674, "amnt_of_medium_species": 171, "amnt_of_big_species": 12, "final": true}