{"frame_count": 1968000, "start_time": 1770875542.0530891, "elapsed_seconds": 1331.0469312499918, "amnt_of_species": 197, "amnt_of_medium_species": 40, "amnt_of_big_species": 6, "final": false}