evolution rate,arithmetic mean length lived,arithmetic mean species population time
0.062,2423.0,130643.0
0.065,162.5,231.5
0.067,100.0,103.0
0.068,99.0,102.0
0.071,176.0,212.0
0.072,98.0,100.0
0.073,2295.5,138537.5
0.075,192.0,696.0
0.085,2739.6666666666665,173322.5
0.097,2104.3333333333335,107666.33333333333
0.105,95.0,101.0
0.108,2738.0,177243.5
0.109,88.0,90.0
0.116,224.0,1065.0
0.12,3887.6,266232.0
0.121,93.0,96.0
0.132,2668.3333333333335,183307.0
0.143,3765.4285714285716,257460.14285714287
0.155,3707.3636363636365,240185.72727272726
0.164,281.0,1184.0
0.165,105.0,112.0
0.166,84.0,151.0
0.167,1858.2,110864.4
0.178,3546.1666666666665,223800.5
0.18,199.0,386.0
0.19,1627.0,80342.75
0.193,70.0,103.0
0.196,304.0,2107.0
0.202,3473.0,217514.6
0.203,448.0,7963.5
0.205,111.0,241.0
0.206,95.0,161.0
0.213,3327.6,223920.6
0.214,263.0,1792.0
0.225,2022.3333333333333,109865.33333333333
0.236,149.5,203.0
0.237,2035.0,90502.25
0.248,4001.0,276381.6666666667
0.251,211.0,712.0
0.26,2113.0,33969.0
0.263,101.0,105.0
0.264,108.0,276.0
0.268,97.0,98.0
0.271,269.0,1078.0
0.272,1851.8,117412.4
0.274,194.0,304.0
0.277,118.0,311.0
0.283,1394.0,37288.0
0.293,275.0,1530.0
0.295,838.0,22619.666666666668
0.301,102.0,163.0
0.303,105.0,106.0
0.307,1770.1666666666667,103712.66666666667
0.31,91.0,102.0
0.318,1039.5,25463.0
0.325,92.0,196.0
0.33,2424.0,169609.6
0.332,218.0,1335.0
0.337,483.0,1479.0
0.342,1528.0,98489.33333333333
0.344,90.0,96.0
0.346,103.0,157.0
0.349,1018.0,9492.0
0.35,95.0,99.0
0.352,84.0,107.0
0.353,2348.8,127421.6
0.36,163.5,473.5
0.365,1913.0,91225.0
0.369,87.0,99.0
0.377,1469.5,38296.0
0.383,91.0,99.0
0.388,1242.0,10217.0
