{"frame_count": 136827, "start_time": 1770867456.734667, "elapsed_seconds": 104.69284466700628, "amnt_of_species": 132, "amnt_of_medium_species": 43, "amnt_of_big_species": 3, "final": true}