evolution rate,arithmetic mean length lived,arithmetic mean species population time
0.05,2039.5,126283.5
0.058,101.0,151.0
0.059,248.0,946.0
0.062,1912.7142857142858,112541.57142857143
0.066,81.0,88.0
0.073,2820.1428571428573,180096.42857142858
0.085,3707.625,240288.375
0.091,159.0,194.0
0.097,3008.6666666666665,219903.33333333334
0.107,138.0,152.0
0.108,3323.5,214110.5
0.11,94.0,103.0
0.12,4001.0,283028.0
0.129,134.0,157.0
0.132,3368.3333333333335,226710.5
0.137,126.0,302.0
0.143,2756.3333333333335,199717.66666666666
0.15,332.0,3075.0
0.155,3600.0,241157.66666666666
0.161,102.0,106.0
0.167,3047.625,183458.125
0.174,307.0,783.0
0.178,4001.0,274249.5
0.182,92.0,99.0
0.187,85.0,95.0
0.19,2879.2,174073.6
0.202,3752.0,225711.0
0.209,472.0,2365.0
0.21,150.0,202.0
0.213,334.25,4549.5
0.22,96.0,198.0
0.221,741.0,4722.0
0.228,184.0,830.0
0.232,227.0,566.0
0.233,226.0,567.0
0.235,103.0,107.0
0.237,2631.75,166497.0
0.248,1491.0,56618.4
0.25,80.0,118.0
0.251,74.0,280.0
0.259,156.0,839.0
0.26,845.0,12975.0
0.272,1337.0,34383.0
0.273,81.0,101.0
0.279,111.0,113.0
0.283,2031.0,120200.0
0.292,86.0,102.0
0.293,168.5,2275.5
0.295,4001.0,286006.5
0.299,97.0,235.0
0.304,96.0,159.0
0.305,103.0,158.0
0.307,63.0,340.0
0.318,3049.0,180693.66666666666
0.327,101.0,209.0
0.33,2483.0,132235.0
0.334,307.0,672.0
0.344,98.0,104.0
0.347,89.0,101.0
0.353,1123.6666666666667,26965.666666666668
0.363,92.0,97.0
0.367,139.0,239.0
0.375,438.0,2469.0
0.382,85.0,88.0
0.391,100.0,110.0
0.394,118.5,221.5
0.397,87.0,92.0
