evolution rate,arithmetic mean length lived,arithmetic mean species population time
0.05,3845.5,263684.0
0.056,90.0,92.0
0.058,78.0,83.0
0.062,3150.4,200669.6
0.073,4001.0,277090.8333333333
0.085,3258.75,206627.25
0.097,3552.3333333333335,228063.5
0.101,394.0,13104.0
0.108,3895.5,264208.1666666667
0.113,98.0,102.0
0.12,4001.0,295218.5
0.121,313.0,13817.0
0.129,217.0,496.0
0.131,454.0,3341.0
0.132,3453.5714285714284,245113.0
0.135,95.0,108.0
0.143,4001.0,287018.6666666667
0.147,156.0,172.0
0.155,3388.5454545454545,210327.0
0.167,3351.0,211125.0
0.168,1047.0,19379.0
0.171,70.0,177.0
0.178,3163.0,201357.57142857142
0.19,3776.0,244183.5
0.192,163.0,294.0
0.197,116.0,425.0
0.202,4001.0,276834.6666666667
0.209,678.0,26745.0
0.213,1583.5,82919.0
0.225,3012.0,195066.66666666666
0.237,2464.1666666666665,149305.5
0.248,2650.8333333333335,138027.0
0.26,2718.6666666666665,154364.83333333334
0.272,4001.0,273442.5
0.283,1296.0,26185.0
0.292,159.0,359.0
0.295,2135.6666666666665,84492.66666666667
0.296,96.0,99.0
0.299,714.0,14014.0
0.307,903.0,18647.0
0.309,163.0,189.0
0.318,1004.0,12767.5
0.323,92.0,98.0
0.33,1231.5,42206.5
0.342,845.0,17347.5
0.353,2145.5,100576.5
0.355,95.0,103.0
0.36,78.0,98.0
0.361,87.0,106.0
0.365,1537.0,60326.0
0.374,268.0,1222.0
0.377,1164.0,28135.0
0.396,86.0,136.0
0.397,77.0,87.0
