{"frame_count": 270792, "start_time": 1770851193.8749309, "elapsed_seconds": 166.7822560420027, "amnt_of_species": 265, "amnt_of_medium_species": 81, "amnt_of_big_species": 2, "final": true}