evolution rate,arithmetic mean length lived,arithmetic mean species population time
0.062,2165.6666666666665,131271.66666666666
0.085,4001.0,271821.6666666667
0.097,4001.0,300580.5
0.143,4001.0,291774.0
0.149,181.0,235.0
0.167,1291.5,16541.0
0.178,3533.5,206551.0
0.19,2629.6666666666665,126428.66666666667
0.213,4001.0,269941.0
0.257,4001.0,282968.0
0.288,266.0,4101.0
0.291,90.0,108.0
0.365,65.0,603.0
