{"frame_count": 169800000, "start_time": 1770878489.8799942, "elapsed_seconds": 124182.19541329, "amnt_of_species": 159338, "amnt_of_small_species": 119313, "amnt_of_medium_species": 35715, "amnt_of_big_species": 4310, "final": false}