{"frame_count": 178506000, "start_time": 1770878489.8799942, "elapsed_seconds": 134130.96771058202, "amnt_of_species": 167485, "amnt_of_small_species": 125437, "amnt_of_medium_species": 37508, "amnt_of_big_species": 4540, "final": false}