{"frame_count": 178623000, "start_time": 1770878489.8799942, "elapsed_seconds": 134193.265370998, "amnt_of_species": 167590, "amnt_of_small_species": 125513, "amnt_of_medium_species": 37534, "amnt_of_big_species": 4543, "final": false}