{"frame_count": 176681000, "start_time": 1770878489.8799942, "elapsed_seconds": 132767.07257829, "amnt_of_species": 165853, "amnt_of_small_species": 124222, "amnt_of_medium_species": 37138, "amnt_of_big_species": 4493, "final": false}