{"frame_count": 120010000, "start_time": 1770878489.8799942, "elapsed_seconds": 81957.95040724997, "amnt_of_species": 260, "amnt_of_medium_species": 55, "amnt_of_big_species": 4, "final": false}