{"frame_count": 75451000, "start_time": 1770878489.8799942, "elapsed_seconds": 52105.21214708299, "amnt_of_species": 71229, "amnt_of_medium_species": 15847, "amnt_of_big_species": 1941, "final": false}