{"frame_count": 161266000, "start_time": 1770878489.8799942, "elapsed_seconds": 116269.62321608304, "amnt_of_species": 151703, "amnt_of_small_species": 113570, "amnt_of_medium_species": 34019, "amnt_of_big_species": 4114, "final": false}