{"frame_count": 178633450, "start_time": 1770878489.8799942, "elapsed_seconds": 134198.994485039, "amnt_of_species": 167579, "amnt_of_small_species": 125507, "amnt_of_medium_species": 37529, "amnt_of_big_species": 4543, "final": true}