{"frame_count": 3781850, "start_time": 1771260624.832767, "elapsed_seconds": 2514.706653587011, "amnt_of_species": 3627, "amnt_of_small_species": 1492, "amnt_of_medium_species": 1950, "amnt_of_big_species": 185, "final": true}