evolution rate,arithmetic mean length lived,arithmetic mean species population time
0.062,841.0,33154.0
0.073,2827.3333333333335,173693.66666666666
0.097,384.0,9395.5
0.12,4001.0,306931.5
0.155,4001.0,311887.0
0.202,1324.0,63827.0
0.213,4001.0,301576.0
0.225,179.0,280.0
0.26,4001.0,273593.0
0.272,315.0,5252.0
0.318,61.0,352.0
0.33,1143.0,23295.0
0.353,421.0,7971.0
0.354,824.0,15391.0
0.383,113.0,150.5
