evolution rate,arithmetic mean length lived,arithmetic mean species population time
0.05,1364.5,87797.75
0.062,2978.3333333333335,198959.77777777778
0.064,73.0,87.0
0.073,3057.5,203379.5
0.082,124.0,163.0
0.085,4001.0,279087.22222222225
0.086,117.0,218.0
0.097,3741.6,273145.2
0.108,3412.6,231467.5
0.12,3566.5555555555557,268260.77777777775
0.132,2962.0,168524.0
0.143,3432.1111111111113,225278.55555555556
0.155,3402.1666666666665,245572.66666666666
0.167,4001.0,267973.2
0.173,94.0,160.0
0.178,3250.6,231214.2
0.19,2239.4,101283.8
0.192,503.0,5264.0
0.193,181.0,211.0
0.198,117.0,136.0
0.202,2248.5,123880.0
0.213,1825.5,92723.25
0.216,102.0,164.0
0.225,4001.0,190159.0
0.237,2540.4285714285716,155523.42857142858
0.248,928.0,16717.0
0.26,2643.5,149135.0
0.262,137.0,332.0
0.265,101.0,268.0
0.272,1896.75,90268.75
0.283,1885.25,53200.0
0.295,4001.0,285792.0
0.307,1140.0,35405.0
0.318,944.6666666666666,21095.0
0.322,85.0,174.0
0.327,94.0,100.0
0.33,1698.5,38691.0
0.332,522.0,2398.0
0.335,379.0,2886.0
0.342,4001.0,315138.0
0.353,1160.0,42519.0
0.355,175.0,239.0
0.377,1181.0,30722.0
0.388,1454.0,78386.0
0.396,86.0,88.0
