evolution rate,arithmetic mean length lived,arithmetic mean species population time
0.05,4001.0,290499.0
0.054,105.0,113.0
0.085,3890.5,279265.0
0.119,4001.0,286441.0
0.12,4001.0,295644.6666666667
0.167,4001.0,288347.0
0.178,2318.0,131951.5
0.237,3254.3333333333335,181417.0
0.272,1659.0,60495.0
0.275,112.0,167.0
0.295,1331.0,56646.0
0.307,79.0,96.0
0.338,227.0,469.0
0.364,90.0,100.0
