evolution rate,arithmetic mean length lived,arithmetic mean species population time
0.05,646.3333333333334,34402.333333333336
0.054,216.0,302.0
0.061,86.0,114.0
0.062,1492.4,88400.4
0.069,63.0,87.0
0.07,253.0,949.0
0.073,104.0,109.0
0.078,126.0,173.0
0.085,3375.6666666666665,189441.66666666666
0.089,103.0,109.0
0.097,4001.0,286264.0
0.108,2271.6666666666665,160524.33333333334
0.115,173.66666666666666,442.0
0.117,265.0,1886.0
0.12,4001.0,286467.0
0.123,96.0,100.0
0.132,2054.0,131862.5
0.143,3571.0,242322.2
0.15,384.0,10575.0
0.151,4001.0,251547.0
0.155,4001.0,277813.6
0.156,90.0,99.0
0.167,4001.0,271288.0
0.178,2388.0,147134.4
0.181,227.0,825.0
0.19,2535.0,153670.0
0.198,118.0,234.0
0.202,3361.6666666666665,215671.66666666666
0.208,82.0,99.0
0.213,2366.8,122356.8
0.215,96.0,101.0
0.224,100.0,104.0
0.225,1004.3333333333334,27118.333333333332
0.23,80.0,110.0
0.237,4001.0,259201.0
0.242,317.0,3447.0
0.245,238.0,324.0
0.248,1045.0,23898.0
0.26,4001.0,256017.0
0.264,92.0,137.0
0.272,4001.0,258482.0
0.28,162.0,733.0
0.283,4001.0,286942.0
0.294,86.0,98.0
0.295,658.0,9423.0
0.299,531.0,8471.0
0.3,81.0,225.0
0.307,1389.3333333333333,36115.333333333336
0.312,203.0,251.0
0.315,76.0,88.0
0.322,252.0,2121.5
0.33,1001.0,13115.0
0.335,80.0,98.0
0.336,95.0,148.0
0.343,160.0,265.0
0.349,264.0,543.0
0.352,86.0,90.0
0.354,67.0,124.0
0.361,127.0,272.0
0.365,869.0,23194.0
0.37,95.0,98.0
0.373,107.0,109.0
0.376,113.5,149.0
0.377,1793.3333333333333,105831.66666666667
0.388,100.0,356.5
0.394,103.0,110.0
