evolution rate,arithmetic mean length lived,arithmetic mean species population time
0.05,4001.0,254081.0
0.062,4001.0,253364.0
0.069,164.0,361.0
0.073,4001.0,264356.0
0.085,4001.0,288278.0
0.108,4001.0,270020.6666666667
0.12,4001.0,304254.0
0.143,4001.0,315986.0
0.178,4001.0,292184.0
0.181,408.0,19301.0
0.194,129.0,251.0
0.202,3324.0,100564.0
0.272,1299.0,31393.0
0.307,794.6666666666666,8890.333333333334
0.318,97.0,307.0
0.33,1414.0,44086.0
0.391,86.0,199.0
0.396,314.0,896.0
