{"frame_count": 735000, "start_time": 1770877755.9720268, "elapsed_seconds": 459.64536037499784, "amnt_of_species": 694, "amnt_of_medium_species": 153, "amnt_of_big_species": 25, "final": false}