{"frame_count": 1045000, "start_time": 1770866134.7284591, "elapsed_seconds": 680.0148293329985, "amnt_of_species": 996, "amnt_of_medium_species": 257, "amnt_of_big_species": 16, "final": false}