evolution rate,arithmetic mean length lived,arithmetic mean species population time
0.05,4001.0,261992.5
0.062,3524.6,236124.0
0.073,1801.8,86181.2
0.085,4001.0,285150.5
0.097,2813.6666666666665,201103.33333333334
0.108,2908.1666666666665,183653.66666666666
0.109,163.0,202.0
0.12,3071.2,210488.8
0.132,3327.0,248276.5
0.134,287.0,2877.0
0.143,4001.0,291580.5
0.15,451.0,11388.0
0.155,4001.0,281599.0
0.164,184.0,543.0
0.167,3767.875,250009.0
0.178,2599.0,143256.5
0.19,4001.0,268593.5
0.202,2780.8,185279.0
0.205,101.0,419.0
0.211,236.0,911.0
0.213,2865.75,188713.75
0.225,3053.0,163090.0
0.237,1875.3333333333333,112327.66666666667
0.248,2553.2,130125.6
0.26,781.6666666666666,20157.333333333332
0.271,263.0,749.0
0.272,2351.3333333333335,64692.333333333336
0.283,2687.0,170444.66666666666
0.295,59.0,475.0
0.299,90.0,100.0
0.3,78.0,83.0
0.307,1439.0,57711.0
0.311,361.0,2256.0
0.322,93.0,107.0
0.33,2246.6666666666665,106911.66666666667
0.342,1106.0,14985.0
0.352,139.0,350.0
0.353,1375.0,70811.0
0.366,135.0,230.0
0.37,147.0,202.0
0.372,78.0,93.0
0.377,1557.0,60403.0
