{"frame_count": 47467000, "start_time": 1770967688.1938019, "elapsed_seconds": 39879.705934039084, "amnt_of_species": 154714, "amnt_of_small_species": 115655, "amnt_of_medium_species": 34800, "amnt_of_big_species": 4259, "final": false}