{"frame_count": 54594000, "start_time": 1770967688.1938019, "elapsed_seconds": 48464.72424212209, "amnt_of_species": 161417, "amnt_of_small_species": 120657, "amnt_of_medium_species": 36299, "amnt_of_big_species": 4461, "final": false}