{"frame_count": 114754000, "start_time": 1770878489.861492, "elapsed_seconds": 81958.57251183398, "amnt_of_species": 247, "amnt_of_medium_species": 49, "amnt_of_big_species": 12, "final": false}