{"frame_count": 56443000, "start_time": 1770967688.1938019, "elapsed_seconds": 49828.61336924712, "amnt_of_species": 163144, "amnt_of_small_species": 121936, "amnt_of_medium_species": 36705, "amnt_of_big_species": 4503, "final": false}