{"frame_count": 56559000, "start_time": 1770967688.1938019, "elapsed_seconds": 49890.70248699712, "amnt_of_species": 163235, "amnt_of_small_species": 122006, "amnt_of_medium_species": 36724, "amnt_of_big_species": 4505, "final": false}