{"frame_count": 71951000, "start_time": 1770878489.861492, "elapsed_seconds": 52105.40463062498, "amnt_of_species": 67957, "amnt_of_medium_species": 15434, "amnt_of_big_species": 1859, "final": false}