{"frame_count": 38996000, "start_time": 1770967688.1938019, "elapsed_seconds": 31960.355969330994, "amnt_of_species": 147045, "amnt_of_small_species": 109901, "amnt_of_medium_species": 33080, "amnt_of_big_species": 4064, "final": false}