{"frame_count": 56569450, "start_time": 1770967688.1938019, "elapsed_seconds": 49896.39509937212, "amnt_of_species": 163190, "amnt_of_small_species": 121964, "amnt_of_medium_species": 36722, "amnt_of_big_species": 4504, "final": true}