{"frame_count": 3823350, "start_time": 1771260624.821086, "elapsed_seconds": 2514.4865449550125, "amnt_of_species": 3666, "amnt_of_small_species": 1543, "amnt_of_medium_species": 1937, "amnt_of_big_species": 186, "final": true}