evolution rate,arithmetic mean length lived,arithmetic mean species population time
0.051,600.0,41138.5
0.052,539.5,51108.5
0.056,616.0,34617.0
0.057,601.0,19337.0
0.059,524.0,34776.0
0.062,418.0,3203.0
0.063,222.0,356.0
0.064,468.0,20854.5
0.065,159.0,4272.0
0.067,339.0,11246.0
0.068,464.0,29649.5
0.069,456.0,22033.0
0.073,450.6666666666667,48401.333333333336
0.075,224.0,2067.0
0.078,277.0,12532.0
0.079,525.0,107420.0
0.08,524.0,69064.0
0.082,525.0,104168.0
0.083,662.0,28251.0
0.084,143.0,1685.0
0.086,240.0,6004.0
0.087,266.0,12242.0
0.091,483.5,80492.5
0.092,525.0,36222.0
0.097,788.0,30986.5
0.098,524.0,35098.0
0.099,525.0,33611.0
0.101,525.0,24580.0
0.106,525.0,202352.0
0.108,49.0,88.0
0.109,562.0,23986.0
0.111,91.0,107.0
0.112,185.0,11530.0
0.113,257.0,11599.0
0.116,525.0,29491.0
0.117,334.0,8112.0
0.119,232.0,258.0
0.12,849.0,102322.0
0.125,337.0,6204.0
0.129,298.0,7911.0
0.134,417.0,5703.0
0.135,400.0,14775.0
0.136,393.0,6271.0
0.138,765.0,46842.0
0.14,733.0,14799.0
0.143,159.0,2519.0
0.145,422.0,23815.0
0.146,102.0,195.0
0.147,525.0,70651.0
0.148,524.0,21731.0
0.152,149.0,546.0
0.153,62.0,591.0
0.154,546.0,114460.0
0.155,138.0,153.0
0.159,340.0,6008.0
0.169,292.0,3232.0
0.17,399.0,21477.0
0.172,187.0,245.0
0.176,90.5,113.5
0.178,362.5,5661.0
0.181,374.0,4198.0
0.183,1070.0,35448.0
0.189,1391.0,76103.0
0.19,126.0,698.0
0.192,111.0,1131.0
0.194,3154.0,227438.0
0.199,1038.0,80406.0
0.2,98.0,108.0
0.201,114.0,258.0
0.207,182.0,715.0
0.213,161.0,3112.0
0.223,86.0,93.0
0.224,1120.0,40872.0
0.225,110.5,191.0
0.229,364.0,7521.0
0.233,2285.0,110731.0
0.241,145.0,553.0
0.244,965.0,32382.0
0.248,41.0,130.0
0.249,162.0,630.0
0.254,104.0,134.0
0.256,99.0,211.0
0.259,105.0,1817.0
0.26,222.0,2634.0
0.263,532.5,24619.5
0.267,90.0,194.0
0.271,206.0,634.0
0.273,525.0,9588.0
0.274,79.0,96.0
0.289,95.0,97.0
0.291,98.0,111.0
0.3,94.0,97.0
0.308,89.0,91.0
0.314,346.0,6280.0
0.32,626.0,21238.0
0.33,494.25,32753.25
0.332,479.0,38197.0
0.336,89.0,97.0
0.344,114.0,215.0
0.346,67.0,86.0
0.349,90.5,145.0
0.35,160.0,224.0
0.373,77.0,107.0
0.378,222.0,1336.0
0.385,90.0,192.0
0.392,1196.0,58588.0
