{"frame_count": 1976000, "start_time": 1770875542.053462, "elapsed_seconds": 1332.146280999994, "amnt_of_species": 197, "amnt_of_medium_species": 54, "amnt_of_big_species": 5, "final": false}