{"frame_count": 1951000, "start_time": 1770875542.070158, "elapsed_seconds": 1332.8253837079974, "amnt_of_species": 195, "amnt_of_medium_species": 54, "amnt_of_big_species": 7, "final": false}