{"frame_count": 155497, "start_time": 1770871943.2789419, "elapsed_seconds": 93.61854970798595, "amnt_of_species": 147, "amnt_of_medium_species": 33, "amnt_of_big_species": 3, "final": true}