{"frame_count": 176623000, "start_time": 1770878489.8761978, "elapsed_seconds": 132773.227473249, "amnt_of_species": 165677, "amnt_of_small_species": 123649, "amnt_of_medium_species": 37486, "amnt_of_big_species": 4542, "final": false}