{"frame_count": 74846000, "start_time": 1770878489.8761978, "elapsed_seconds": 52105.46309545799, "amnt_of_species": 70690, "amnt_of_medium_species": 15995, "amnt_of_big_species": 1947, "final": false}