{"frame_count": 178502000, "start_time": 1770878489.8761978, "elapsed_seconds": 134137.35330920698, "amnt_of_species": 167366, "amnt_of_small_species": 124926, "amnt_of_medium_species": 37846, "amnt_of_big_species": 4594, "final": false}