{"frame_count": 178631000, "start_time": 1770878489.8761978, "elapsed_seconds": 134204.567323999, "amnt_of_species": 167471, "amnt_of_small_species": 125009, "amnt_of_medium_species": 37866, "amnt_of_big_species": 4596, "final": true}