{"frame_count": 119338000, "start_time": 1770878489.8761978, "elapsed_seconds": 81959.63653137602, "amnt_of_species": 267, "amnt_of_medium_species": 64, "amnt_of_big_species": 6, "final": false}