{"frame_count": 178617000, "start_time": 1770878489.8761978, "elapsed_seconds": 134198.939927082, "amnt_of_species": 167474, "amnt_of_small_species": 125009, "amnt_of_medium_species": 37869, "amnt_of_big_species": 4596, "final": false}