{"frame_count": 169499000, "start_time": 1770878489.8761978, "elapsed_seconds": 124188.33605983297, "amnt_of_species": 158969, "amnt_of_small_species": 118573, "amnt_of_medium_species": 36025, "amnt_of_big_species": 4371, "final": false}