{"frame_count": 161038000, "start_time": 1770878489.8761978, "elapsed_seconds": 116267.86846841805, "amnt_of_species": 151516, "amnt_of_small_species": 113066, "amnt_of_medium_species": 34279, "amnt_of_big_species": 4171, "final": false}