evolution rate,arithmetic mean length lived,arithmetic mean species population time
0.05,695.5,44381.5
0.061,117.0,147.0
0.062,688.0,35035.5
0.066,170.0,3733.5
0.073,1054.0,47850.0
0.08,100.0,259.0
0.085,2366.0,154875.0
0.09,212.0,2115.0
0.097,4001.0,272230.0
0.108,2924.3333333333335,198790.0
0.122,110.0,215.0
0.125,84.0,333.0
0.132,2078.5,129293.0
0.133,93.0,145.0
0.134,95.0,139.0
0.141,209.0,1129.0
0.142,167.0,398.0
0.143,2074.0,144693.0
0.155,4001.0,287987.0
0.161,97.0,102.0
0.167,3465.0,232373.0
0.178,4001.0,265026.5
0.19,4001.0,272870.0
0.202,2025.2,111816.0
0.209,174.0,352.0
0.213,3130.25,199556.0
0.214,304.0,1448.0
0.225,2707.0,156327.33333333334
0.237,3173.0,193351.75
0.246,51.0,67.0
0.248,4001.0,253102.0
0.26,3098.3333333333335,212279.33333333334
0.276,93.0,113.0
0.287,177.0,212.0
0.29,531.0,1785.0
0.295,2555.0,147226.5
0.296,130.0,698.0
0.307,125.0,221.0
0.316,998.0,27435.0
0.318,356.0,1765.0
0.33,2544.0,46128.0
0.331,185.0,321.0
0.337,371.0,853.0
0.342,536.0,18008.0
0.343,88.0,95.0
0.345,98.0,99.0
0.357,99.0,117.0
0.365,1440.0,51358.5
0.377,4001.0,222635.0
0.379,143.0,169.0
