{"frame_count": 735000, "start_time": 1770877755.951823, "elapsed_seconds": 459.0528655000089, "amnt_of_species": 695, "amnt_of_medium_species": 149, "amnt_of_big_species": 18, "final": false}