evolution rate,arithmetic mean length lived,arithmetic mean species population time
0.05,4001.0,228332.0
0.085,147.0,435.5
0.114,87.0,108.0
0.12,4001.0,311721.0
0.132,4001.0,275261.0
0.143,2777.5,170073.0
0.167,3626.3333333333335,241822.33333333334
0.196,72.0,136.0
0.213,3889.5,266279.5
0.219,262.0,1364.0
0.225,421.0,3600.0
0.237,1282.0,28387.0
0.259,110.0,114.0
0.302,92.0,97.0
0.307,166.0,1476.0
0.318,4001.0,222109.0
0.33,65.0,698.0
0.338,94.0,99.0
0.34,292.0,5241.0
