{"frame_count": 1018000, "start_time": 1770866134.6841788, "elapsed_seconds": 679.6871795000043, "amnt_of_species": 971, "amnt_of_medium_species": 253, "amnt_of_big_species": 19, "final": false}