{"frame_count": 173864, "start_time": 1770851370.016764, "elapsed_seconds": 123.77998758299509, "amnt_of_species": 170, "amnt_of_medium_species": 49, "amnt_of_big_species": 0, "final": true}