{"frame_count": 180648300, "start_time": 1770878489.8660731, "elapsed_seconds": 136082.80474253872, "amnt_of_species": 169241, "amnt_of_small_species": 126531, "amnt_of_medium_species": 37954, "amnt_of_big_species": 4756, "final": true}