{"frame_count": 180645000, "start_time": 1770878489.8660731, "elapsed_seconds": 136077.6094559977, "amnt_of_species": 169237, "amnt_of_small_species": 126527, "amnt_of_medium_species": 37954, "amnt_of_big_species": 4756, "final": false}