evolution rate,arithmetic mean length lived,arithmetic mean species population time
0.05,3436.2,205100.6
0.062,3579.0,218608.33333333334
0.073,3062.0,175003.83333333334
0.085,3701.75,238317.375
0.097,3570.5,260259.66666666666
0.104,150.0,177.0
0.108,3674.6666666666665,252306.11111111112
0.12,4001.0,314858.6666666667
0.124,236.0,910.0
0.132,4001.0,284215.25
0.142,97.0,99.0
0.143,4001.0,290637.25
0.145,135.0,254.0
0.146,102.0,163.0
0.155,4001.0,281028.0
0.167,3298.4,189154.8
0.178,3385.5,170134.5
0.189,972.0,16297.0
0.19,2697.0,144986.0
0.202,1108.6666666666667,34423.666666666664
0.213,3294.2,207027.4
0.225,1411.0,22296.5
0.237,2268.6666666666665,85301.0
0.255,84.0,98.0
0.26,1098.0,34289.0
0.272,4001.0,201902.0
0.283,1134.0,9245.0
0.307,951.0,22396.0
0.317,82.0,86.0
0.318,1415.0,34837.0
0.342,1624.0,28700.0
0.347,105.0,113.0
0.356,111.0,241.0
0.389,87.0,93.0
