{"frame_count": 15934000, "start_time": 1771867978.238941, "elapsed_seconds": 12818.655849782997, "amnt_of_species": 13397, "amnt_of_small_species": 8923, "amnt_of_medium_species": 2915, "amnt_of_big_species": 1559, "final": false}