{"frame_count": 17005000, "start_time": 1771867978.238941, "elapsed_seconds": 13755.778105119003, "amnt_of_species": 14298, "amnt_of_small_species": 9533, "amnt_of_medium_species": 3093, "amnt_of_big_species": 1672, "final": false}