{"frame_count": 179180000, "start_time": 1770878489.853912, "elapsed_seconds": 136081.38102137385, "amnt_of_species": 167995, "amnt_of_small_species": 125354, "amnt_of_medium_species": 38110, "amnt_of_big_species": 4531, "final": true}