{"frame_count": 179178000, "start_time": 1770878489.853912, "elapsed_seconds": 136069.22118062383, "amnt_of_species": 167993, "amnt_of_small_species": 125353, "amnt_of_medium_species": 38109, "amnt_of_big_species": 4531, "final": false}