{"frame_count": 16956000, "start_time": 1771867978.280351, "elapsed_seconds": 13754.575161984001, "amnt_of_species": 14249, "amnt_of_small_species": 9539, "amnt_of_medium_species": 3120, "amnt_of_big_species": 1590, "final": false}