{"frame_count": 15868000, "start_time": 1771867978.280351, "elapsed_seconds": 12819.720793207001, "amnt_of_species": 13331, "amnt_of_small_species": 8921, "amnt_of_medium_species": 2913, "amnt_of_big_species": 1497, "final": false}