evolution rate,arithmetic mean length lived,arithmetic mean species population time
0.05,2978.8571428571427,191722.57142857142
0.053,97.0,156.0
0.054,82.0,145.0
0.062,2720.4545454545455,166880.54545454544
0.073,3610.8,249366.0
0.085,4001.0,271362.8181818182
0.089,120.0,1232.0
0.091,163.0,274.0
0.097,3744.35,261604.3
0.103,104.0,379.0
0.106,84.0,87.0
0.108,2976.818181818182,199288.0
0.113,286.0,814.0
0.12,2622.714285714286,182463.07142857142
0.128,640.0,1980.0
0.13,154.0,162.0
0.132,4001.0,277131.6
0.137,266.0,1155.0
0.143,3783.153846153846,242825.53846153847
0.15,465.0,1680.0
0.154,97.0,257.0
0.155,3215.1111111111113,205020.88888888888
0.166,265.0,445.0
0.167,3429.777777777778,224996.77777777778
0.178,3161.75,218367.625
0.183,91.0,185.0
0.188,240.0,286.0
0.19,2832.7,159048.9
0.202,3177.2,186951.2
0.213,3021.5,168924.5
0.215,94.0,103.0
0.225,2618.3636363636365,155866.18181818182
0.227,223.0,267.0
0.231,900.0,7182.0
0.235,67.0,89.0
0.237,1687.0,39516.0
0.246,130.0,146.0
0.248,1041.5,23308.0
0.26,2716.0,135532.66666666666
0.265,88.0,94.0
0.272,3122.2,187441.6
0.278,135.0,145.0
0.279,148.0,365.0
0.283,1836.0,48735.0
0.295,1753.0,44990.0
0.307,1732.3333333333333,90579.0
0.312,97.0,114.0
0.317,115.0,462.0
0.318,1906.6666666666667,95131.66666666667
0.319,111.0,170.0
0.321,104.0,159.0
0.33,1145.0,28861.5
0.339,89.0,96.0
0.342,1777.25,42859.5
0.347,152.0,158.0
0.348,54.0,81.0
0.353,1133.0,19581.0
0.358,185.0,308.0
0.364,89.0,93.0
0.365,367.0,10652.0
0.382,171.0,334.0
0.388,1040.0,33561.0
0.393,94.0,110.0
0.398,237.0,1055.0
