{"frame_count": 197617, "start_time": 1770851369.9409668, "elapsed_seconds": 123.8457674169913, "amnt_of_species": 190, "amnt_of_medium_species": 52, "amnt_of_big_species": 4, "final": true}