{"frame_count": 506000, "start_time": 1770873938.7636669, "elapsed_seconds": 331.70336237500305, "amnt_of_species": 480, "amnt_of_medium_species": 105, "amnt_of_big_species": 7, "final": false}