{"frame_count": 200000, "start_time": 1770877083.364148, "elapsed_seconds": 136.51781454199227, "amnt_of_species": 188, "amnt_of_medium_species": 44, "amnt_of_big_species": 6, "final": false}