{"frame_count": 168100, "start_time": 1770851837.2359948, "elapsed_seconds": 137.78501858300297, "amnt_of_species": 160, "amnt_of_medium_species": 42, "amnt_of_big_species": 6, "final": true}