evolution rate,arithmetic mean length lived,arithmetic mean species population time
0.05,3182.0,178785.0
0.057,89.0,111.0
0.062,4001.0,269648.0
0.073,4001.0,281923.6
0.085,3790.0,266040.125
0.086,182.0,247.0
0.087,324.0,3556.0
0.097,4001.0,286636.0
0.102,91.0,140.0
0.108,4001.0,298867.4
0.12,4001.0,286632.7272727273
0.123,98.0,113.0
0.132,3057.5,210618.75
0.136,82.0,90.0
0.139,104.0,309.0
0.143,4001.0,277738.8333333333
0.153,280.0,1041.0
0.155,4001.0,290390.5
0.163,77.0,82.0
0.167,3721.8333333333335,238920.66666666666
0.169,94.0,110.0
0.17,100.0,108.0
0.178,4001.0,267656.8
0.182,144.0,282.0
0.185,182.0,205.0
0.186,190.0,212.0
0.19,3587.7272727272725,248731.18181818182
0.202,3628.5,229663.5
0.213,2049.285714285714,114930.71428571429
0.219,110.0,154.0
0.225,2793.909090909091,158277.81818181818
0.237,2635.25,128891.0
0.238,308.0,6828.0
0.241,281.0,7271.0
0.248,1666.25,30350.0
0.26,4001.0,292572.3333333333
0.272,3229.6666666666665,195101.66666666666
0.282,1735.0,19038.0
0.283,2400.25,119528.5
0.295,2047.142857142857,92402.28571428571
0.307,2523.2,136911.2
0.318,2736.2,108833.0
0.33,2045.0,142185.5
0.342,2100.1666666666665,86876.16666666667
0.353,2376.3333333333335,81408.33333333333
0.365,1228.0,22781.0
0.377,595.5,15184.0
0.381,83.0,99.0
0.389,169.0,260.0
0.392,100.0,112.0
