{"frame_count": 494000, "start_time": 1770873938.732096, "elapsed_seconds": 331.33286650001537, "amnt_of_species": 467, "amnt_of_medium_species": 117, "amnt_of_big_species": 10, "final": false}