evolution rate,arithmetic mean length lived,arithmetic mean species population time
0.05,82.0,148.0
0.062,3366.0,207576.5
0.073,4001.0,296694.0
0.097,4001.0,284491.0
0.108,1004.0,14815.0
0.12,4001.0,268170.0
0.167,2509.0,30571.0
0.169,2057.0,97059.0
0.171,144.0,294.0
0.178,2125.3333333333335,101067.33333333333
0.204,95.0,100.0
0.22,103.0,107.0
0.248,922.5,11106.5
0.273,970.0,8115.0
0.275,101.0,107.0
0.293,168.0,303.0
0.307,2044.0,70878.0
0.342,4001.0,220946.0
