{"frame_count": 17384692, "start_time": 1770852138.4785879, "elapsed_seconds": 13868.336228667002, "amnt_of_species": 16659, "amnt_of_medium_species": 4359, "amnt_of_big_species": 298, "final": true}