evolution rate,arithmetic mean length lived,arithmetic mean species population time
0.05,510.0,28486.0
0.053,76.0,86.0
0.055,80.0,171.0
0.057,188.0,628.0
0.058,105.0,108.0
0.06,105.0,205.0
0.062,1445.0,95425.0
0.069,377.0,4264.0
0.073,2442.0,129400.0
0.08,106.0,156.0
0.085,2805.5,163148.5
0.088,136.0,151.0
0.091,87.0,90.0
0.093,956.0,18355.0
0.097,3852.0,223385.5
0.103,206.5,265.0
0.108,3021.5714285714284,203672.85714285713
0.109,100.0,151.0
0.12,2723.3333333333335,180260.0
0.121,97.0,236.0
0.125,91.0,96.0
0.126,102.0,108.0
0.132,4001.0,271267.75
0.134,89.0,93.0
0.136,158.0,362.0
0.143,3232.0,223071.75
0.146,83.0,114.0
0.149,192.0,491.0
0.155,2835.8571428571427,175653.85714285713
0.167,3587.0,222632.0
0.172,104.0,207.0
0.178,2870.5,179762.125
0.19,3569.8333333333335,229205.33333333334
0.192,92.0,95.0
0.195,440.0,2247.0
0.197,67.0,91.0
0.202,2514.0,150266.25
0.209,85.0,94.0
0.211,191.5,6833.0
0.213,2848.5,153207.5
0.214,131.5,416.5
0.219,89.5,128.5
0.225,1526.8,78790.4
0.232,248.0,1602.0
0.233,81.0,86.0
0.236,132.0,150.0
0.237,4001.0,280485.5
0.244,166.0,190.0
0.248,3054.75,209441.0
0.252,97.0,216.0
0.258,51.0,57.0
0.26,2298.0,85282.0
0.263,168.0,309.0
0.267,78.0,304.0
0.272,1984.25,90663.5
0.275,80.0,83.0
0.282,88.0,97.0
0.283,2584.0,162919.0
0.285,91.0,100.0
0.295,3275.0,202136.0
0.298,491.0,11518.0
0.305,469.0,9941.0
0.307,1876.4,119185.8
0.312,168.0,241.0
0.318,1253.0,33380.5
0.319,258.0,420.0
0.323,124.0,240.0
0.329,110.0,145.0
0.334,138.0,302.0
0.342,800.3333333333334,18502.0
0.356,140.0,629.0
0.359,1614.0,119215.0
0.363,81.0,105.0
0.371,184.0,336.0
0.377,697.0,21344.0
0.379,224.0,417.0
0.38,238.0,2484.0
0.386,295.0,1156.0
0.388,61.0,418.0
0.389,217.0,469.0
0.391,107.0,153.0
