{"frame_count": 172200, "start_time": 1770851837.243124, "elapsed_seconds": 137.8025469580025, "amnt_of_species": 165, "amnt_of_medium_species": 42, "amnt_of_big_species": 2, "final": true}