{"frame_count": 711414, "start_time": 1770867780.112139, "elapsed_seconds": 543.1088348749909, "amnt_of_species": 683, "amnt_of_medium_species": 172, "amnt_of_big_species": 11, "final": true}