evolution rate,arithmetic mean length lived,arithmetic mean species population time
0.085,2746.6666666666665,191550.66666666666
0.132,2040.5,148206.0
0.272,2202.0,58500.0
0.295,1768.0,42398.0
0.301,132.0,141.0
0.318,1062.0,15763.0
0.354,169.0,186.0
