{"frame_count": 178632000, "start_time": 1770878489.8536892, "elapsed_seconds": 134134.90581483208, "amnt_of_species": 167594, "amnt_of_small_species": 125542, "amnt_of_medium_species": 37616, "amnt_of_big_species": 4436, "final": false}