{"frame_count": 169703000, "start_time": 1770878489.8536892, "elapsed_seconds": 124186.02131370606, "amnt_of_species": 159180, "amnt_of_small_species": 119191, "amnt_of_medium_species": 35789, "amnt_of_big_species": 4200, "final": false}