{"frame_count": 178755300, "start_time": 1770878489.8536892, "elapsed_seconds": 134203.28021137405, "amnt_of_species": 167647, "amnt_of_small_species": 125578, "amnt_of_medium_species": 37630, "amnt_of_big_species": 4439, "final": true}