{"frame_count": 161188000, "start_time": 1770878489.8536892, "elapsed_seconds": 116271.42323624913, "amnt_of_species": 151573, "amnt_of_small_species": 113454, "amnt_of_medium_species": 34091, "amnt_of_big_species": 4028, "final": false}