{"frame_count": 75280000, "start_time": 1770878489.8536892, "elapsed_seconds": 52105.39897466599, "amnt_of_species": 71053, "amnt_of_medium_species": 15868, "amnt_of_big_species": 1884, "final": false}