{"frame_count": 176774000, "start_time": 1770878489.8536892, "elapsed_seconds": 132769.97291728907, "amnt_of_species": 165859, "amnt_of_small_species": 124245, "amnt_of_medium_species": 37228, "amnt_of_big_species": 4386, "final": false}