{"frame_count": 120047000, "start_time": 1770878489.8536892, "elapsed_seconds": 81961.84055329202, "amnt_of_species": 261, "amnt_of_medium_species": 57, "amnt_of_big_species": 6, "final": false}