{"frame_count": 178749000, "start_time": 1770878489.8536892, "elapsed_seconds": 134197.61437049904, "amnt_of_species": 167687, "amnt_of_small_species": 125604, "amnt_of_medium_species": 37644, "amnt_of_big_species": 4439, "final": false}