evolution rate,arithmetic mean length lived,arithmetic mean species population time
0.052,84.0,92.0
0.062,3425.0,233275.0
0.064,176.0,204.0
0.073,3599.923076923077,256238.6923076923
0.079,105.0,112.0
0.083,273.5,1035.0
0.085,4001.0,293022.0
0.097,3649.5555555555557,247904.22222222222
0.098,131.0,209.0
0.108,3272.714285714286,222967.57142857142
0.111,72.0,84.0
0.113,263.0,433.0
0.114,132.0,260.0
0.119,92.0,93.0
0.12,3723.8,264354.6
0.132,4000.3333333333335,275325.44444444444
0.143,3659.090909090909,259294.0909090909
0.155,3948.375,270088.375
0.167,2901.285714285714,171589.14285714287
0.17,319.0,948.0
0.178,3130.3333333333335,182286.66666666666
0.182,154.0,317.0
0.19,3403.8,226221.6
0.202,2402.8333333333335,144745.83333333334
0.205,416.0,1791.0
0.213,3267.5714285714284,204992.7142857143
0.225,1971.142857142857,106052.71428571429
0.23,649.0,5429.0
0.237,3527.1666666666665,227963.5
0.248,2263.3333333333335,101849.66666666667
0.253,177.0,395.0
0.257,195.0,252.0
0.26,1433.6666666666667,53506.333333333336
0.261,85.0,87.0
0.272,1020.0,13643.5
0.277,163.0,613.0
0.283,2709.75,131221.5
0.287,117.5,258.5
0.295,1376.6666666666667,33957.5
0.3,74.0,82.0
0.301,143.0,199.0
0.302,69.0,96.0
0.307,1622.0,43060.333333333336
0.318,1652.8,47365.0
0.327,87.0,99.0
0.33,1160.3333333333333,16106.0
0.341,184.0,359.0
0.342,2146.0,55430.0
0.345,323.0,562.0
0.353,79.0,86.0
0.356,98.0,277.0
0.357,93.0,107.0
0.365,1251.0,24213.0
0.367,86.0,88.0
0.378,410.0,2292.0
0.388,134.5,2201.5
