evolution rate,length lived,species population time,population
0.201667,102,388,3
0.393982,135,228,1
0.12,4001,287191,71
0.26,1601,72299,45
0.073333,4001,313306,78
0.166667,4001,297784,74
0.225,1243,29487,23
0.178333,4001,232980,58
0.213333,4001,267377,66
0.096667,4001,307338,76
0.236667,4001,272378,68
0.061667,4001,303034,75
0.201667,4001,233979,58
