{"frame_count": 825000, "start_time": 1770868442.4008782, "elapsed_seconds": 569.4491727080022, "amnt_of_species": 781, "amnt_of_medium_species": 233, "amnt_of_big_species": 27, "final": false}