{"frame_count": 279144, "start_time": 1770851193.819943, "elapsed_seconds": 166.83914654198452, "amnt_of_species": 270, "amnt_of_medium_species": 83, "amnt_of_big_species": 6, "final": true}