{"frame_count": 16114000, "start_time": 1771867978.334578, "elapsed_seconds": 12819.299029656002, "amnt_of_species": 13531, "amnt_of_small_species": 9020, "amnt_of_medium_species": 2938, "amnt_of_big_species": 1573, "final": false}