{"frame_count": 17250000, "start_time": 1771867978.334578, "elapsed_seconds": 13756.052111496996, "amnt_of_species": 14486, "amnt_of_small_species": 9663, "amnt_of_medium_species": 3143, "amnt_of_big_species": 1680, "final": false}