{"frame_count": 181048, "start_time": 1770851370.017569, "elapsed_seconds": 123.76964749998297, "amnt_of_species": 174, "amnt_of_medium_species": 51, "amnt_of_big_species": 1, "final": true}