{"frame_count": 161781, "start_time": 1770867126.816254, "elapsed_seconds": 93.67867891700007, "amnt_of_species": 155, "amnt_of_medium_species": 36, "amnt_of_big_species": 1, "final": true}