evolution rate,length lived,species population time,population
0.213333,80,150,1
0.271667,1911,45267,23
0.072925,323,8946,27
0.201667,4001,243334,60
0.303136,462,13961,30
0.05127,140,568,4
0.073333,4001,299824,74
0.100462,159,180,1
