evolution rate,arithmetic mean length lived,arithmetic mean species population time
0.05,2699.2,165679.6
0.062,2658.5,169542.0
0.065,80.0,89.0
0.069,103.0,140.0
0.073,2569.1666666666665,174718.66666666666
0.078,80.0,94.0
0.085,3059.0,211227.66666666666
0.097,3471.8,234019.8
0.102,356.0,1978.0
0.104,325.0,709.0
0.108,4001.0,288455.0
0.11,92.0,101.0
0.114,73.0,99.0
0.12,2746.0,192297.16666666666
0.121,115.5,143.0
0.132,2808.8888888888887,194450.55555555556
0.133,356.0,2347.0
0.137,114.0,252.0
0.138,100.0,107.0
0.143,2769.0,195453.66666666666
0.152,75.0,139.0
0.153,109.0,147.0
0.155,3566.0,251356.11111111112
0.164,88.0,91.0
0.167,3866.25,261304.5
0.178,2904.0,170029.5
0.185,356.0,1054.0
0.186,321.0,2033.0
0.19,3299.25,211203.75
0.202,3027.6666666666665,190727.75
0.207,78.0,114.0
0.213,2965.2,180944.8
0.222,171.0,405.0
0.225,3295.5,197165.5
0.229,100.0,110.0
0.237,3414.6,233673.0
0.244,178.0,246.0
0.248,413.0,10250.0
0.251,89.0,94.0
0.257,87.0,95.0
0.259,104.0,105.0
0.26,2107.6666666666665,101923.0
0.265,106.0,110.0
0.27,606.0,6687.0
0.272,4001.0,277454.0
0.275,90.0,92.0
0.277,150.0,300.0
0.279,104.0,107.0
0.283,1312.3333333333333,41292.333333333336
0.291,184.0,515.0
0.293,136.0,186.0
0.294,87.0,93.0
0.295,1993.0,117044.0
0.296,224.0,679.0
0.3,403.0,7927.0
0.301,310.0,1277.0
0.307,1497.3333333333333,52735.666666666664
0.31,82.0,129.0
0.314,163.0,231.0
0.317,89.0,108.0
0.318,2520.75,115147.25
0.322,90.0,98.0
0.33,1261.5,22860.5
0.337,265.0,554.0
0.342,1005.5,21966.5
0.353,2866.0,107867.0
0.356,109.0,139.0
0.365,1214.5,18319.5
0.366,168.0,256.0
0.373,95.0,107.0
0.376,89.0,97.0
0.38,94.0,100.0
0.396,1062.0,43515.0
