{"frame_count": 105000, "start_time": 1770877364.6191318, "elapsed_seconds": 52.725344083999516, "amnt_of_species": 99, "amnt_of_medium_species": 12, "amnt_of_big_species": 2, "final": false}