evolution rate,arithmetic mean length lived,arithmetic mean species population time
0.05,4001.0,247233.5
0.062,3541.6666666666665,228927.83333333334
0.064,97.0,104.0
0.073,3661.5,250998.33333333334
0.074,242.0,3094.0
0.08,58.0,109.0
0.085,4001.0,287796.5714285714
0.095,1003.0,48156.0
0.097,4001.0,292633.0
0.108,3559.4545454545455,257195.9090909091
0.116,97.0,100.0
0.119,95.5,102.0
0.12,4001.0,302205.3333333333
0.124,92.0,101.0
0.126,147.0,550.0
0.132,4001.0,290362.28571428574
0.143,2910.0,201838.66666666666
0.155,4001.0,242283.0
0.163,94.0,96.0
0.167,3369.2,232389.5
0.178,4001.0,261035.8
0.19,3495.25,215535.5
0.202,3605.8333333333335,210659.66666666666
0.213,2883.0,204950.57142857142
0.221,214.0,431.0
0.225,2917.3333333333335,172708.33333333334
0.237,2799.0,175537.5
0.248,4001.0,255006.0
0.252,57.0,87.0
0.26,1874.3333333333333,69542.66666666667
0.264,129.0,151.0
0.266,84.0,91.0
0.268,103.0,109.0
0.269,127.0,152.0
0.272,1434.5,36276.5
0.281,339.0,1130.0
0.283,2453.5,128602.5
0.295,2318.0,106818.33333333333
0.303,106.0,173.0
0.307,1370.6666666666667,43544.333333333336
0.315,192.0,223.0
0.317,292.0,928.0
0.318,1047.0,15605.0
0.33,3192.0,146018.66666666666
0.331,94.0,241.0
0.341,247.0,565.0
0.344,318.0,1110.0
0.347,949.0,13971.0
0.353,1625.0,45774.0
0.36,229.0,571.0
0.365,1496.0,25699.0
0.377,881.0,13812.0
0.381,86.0,104.0
0.388,1309.5,45406.0
0.396,100.0,104.0
0.398,82.0,85.0
0.399,163.0,274.0
