{"frame_count": 22104750, "start_time": 1771177647.001058, "elapsed_seconds": 20081.074035166966, "amnt_of_species": 20826, "amnt_of_small_species": 15548, "amnt_of_medium_species": 4685, "amnt_of_big_species": 593, "final": true}