evolution rate,arithmetic mean length lived,arithmetic mean species population time
0.05,1589.0,46216.0
0.05,1469.6666666666667,53589.333333333336
0.05,1778.0,89743.0
0.05,945.6666666666666,50784.666666666664
0.05,892.0,85334.0
0.05,1501.0,61990.0
0.05,2014.0,134670.5
0.05,1109.0,97901.0
0.05,3500.0,162436.5
0.05,193.0,221.0
0.05,1653.0,91525.0
0.05,992.5,60390.0
0.05,1609.0,127140.0
0.05,2740.0,96687.33333333333
0.05,1295.5,99794.5
0.05,2084.6666666666665,106722.66666666667
0.05,1752.0,106705.0
0.05,2163.25,90830.25
0.05,1397.0,114403.33333333333
0.05,357.0,22958.0
0.05,1285.6666666666667,47656.0
0.05,2374.0,124922.5
0.05,421.3333333333333,8031.0
0.05,1125.0,61176.666666666664
0.05,708.5,30092.5
0.05,1345.0,70937.0
0.05,1772.0,209246.0
0.05,1989.0,97062.5
0.05,3500.0,194578.0
0.05,1341.0,79062.0
0.05,1584.0,166872.0
0.05,355.0,2715.0
0.05,2715.3333333333335,142010.0
0.05,3500.0,150038.0
0.05,1129.0,94905.0
0.05,3500.0,107760.0
0.05,2449.0,176021.0
0.05,1538.0,69327.0
0.05,1251.0,100072.0
0.05,63.0,446.0
0.05,1642.0,118366.0
0.05,622.0,35490.0
0.05,1195.5,85021.5
0.05,672.5,91031.5
0.05,80.0,1194.0
0.05,2323.0,111432.5
0.05,359.0,5454.0
0.05,1331.5,99352.5
0.05,1875.0,124612.5
0.05,1153.0,69670.5
0.05,65.0,85.0
0.05,2165.0,160916.33333333334
0.05,2259.0,143251.5
0.05,1139.0,16642.0
0.05,162.0,2869.0
0.05,1653.0,57107.0
0.05,3500.0,128664.0
0.05,3500.0,189740.0
0.051,1239.8,108423.6
0.051,2010.3333333333333,125441.0
0.051,1488.0,59550.0
0.051,1659.6666666666667,86298.33333333333
0.051,468.5,18992.5
0.051,2908.6666666666665,183953.33333333334
0.051,1083.5,36938.5
0.051,503.0,20044.0
0.051,1943.3333333333333,113496.33333333333
0.051,622.0,5571.0
0.051,2706.0,93453.0
0.051,1832.0,99393.33333333333
0.051,2971.0,209975.0
0.051,1331.0,147023.0
0.051,1475.3333333333333,70851.0
0.051,1571.0,73757.0
0.051,1639.0,87178.0
0.051,848.0,64339.0
0.051,758.0,54313.0
0.051,1470.0,79132.0
0.051,1193.0,104634.0
0.051,1291.0,38367.0
0.051,3500.0,156637.0
0.051,1618.0,63965.0
0.051,1887.0,150421.5
0.051,2438.8333333333335,110723.83333333333
0.051,1646.25,131678.0
0.051,772.5,42702.0
0.051,253.0,3040.5
0.051,851.0,68871.0
0.051,2355.3333333333335,84464.33333333333
0.051,2273.0,86349.0
0.051,1358.0,97135.0
0.051,1939.0,95969.33333333333
0.051,1791.0,75428.0
0.051,1176.6,65178.8
0.051,3500.0,140832.0
0.051,1405.5,100829.5
0.051,3500.0,88731.0
0.051,1611.0,99794.66666666667
0.051,1643.0,60247.0
0.051,1807.0,88515.0
0.051,1097.0,126457.0
0.051,779.0,50668.0
0.051,1309.0,52543.0
0.051,83.0,1306.0
0.051,1719.0,170578.0
0.051,787.0,22666.5
0.051,1021.0,116112.0
0.051,1853.0,128506.5
0.051,2325.0,86560.0
0.051,2057.25,85205.25
0.051,1589.25,130267.25
0.051,1850.0,144127.0
0.051,3500.0,200825.0
0.051,3500.0,113383.0
0.051,554.0,28257.0
0.051,3500.0,73956.0
0.051,1002.0,64230.5
0.051,2503.0,183856.0
0.051,925.0,55096.0
0.051,2766.5,96681.0
0.051,1261.0,65990.0
0.051,1240.6666666666667,66179.0
0.051,2346.6666666666665,92442.66666666667
0.051,1357.0,40821.0
0.051,974.0,46925.5
0.051,2171.6666666666665,118868.66666666667
0.051,363.5,9806.0
0.051,1794.5,111386.5
0.051,2773.0,130195.33333333333
0.051,1910.0,110659.0
0.051,1143.0,116057.0
0.051,1878.5,185487.5
0.051,2620.8333333333335,132204.66666666666
0.051,2803.6666666666665,174331.0
0.051,1219.6,62587.4
0.051,254.0,5896.0
0.051,1513.0,97334.0
0.051,1849.5,78300.0
0.051,3500.0,160551.0
0.051,1649.0,107881.6
0.051,2016.6666666666667,120054.33333333333
0.051,1784.0,58831.333333333336
0.052,888.5,92823.0
0.052,1085.0,11272.0
0.052,2202.75,129444.25
0.052,974.0,32531.0
0.052,2362.3333333333335,159673.0
0.052,2513.5,118177.0
0.052,2072.0,114588.0
0.052,854.0,26056.5
0.052,2003.5,96935.5
0.052,1859.6666666666667,84766.0
0.052,1792.0,57752.0
0.052,3500.0,157219.0
0.052,682.5,34373.0
0.052,1343.0,103795.0
0.052,1270.0,59032.0
0.052,2123.25,101492.0
0.052,2245.0,119599.75
0.052,2058.5,56732.5
0.052,584.75,33769.5
0.052,675.0,31424.0
0.052,1716.75,113388.5
0.052,1830.0,199080.0
0.052,1510.0,67908.0
0.052,1324.3333333333333,83146.0
0.052,840.0,72212.0
0.052,3500.0,148615.0
0.052,2515.5,103684.0
0.052,1550.3333333333333,63501.666666666664
0.052,652.0,8418.0
0.052,2368.5,124830.25
0.052,1210.6666666666667,59216.666666666664
0.052,2809.6666666666665,136073.66666666666
0.052,1626.75,89270.25
0.052,2142.0,122842.66666666667
0.052,2678.3333333333335,175142.66666666666
0.052,579.0,19332.5
0.052,1192.0,88848.6
0.052,1173.0,53373.0
0.052,2371.5,141377.0
0.052,3500.0,160028.0
0.052,250.0,2546.0
0.052,966.5,75591.0
0.052,2113.6666666666665,138045.0
0.052,3500.0,59760.0
0.052,3500.0,141388.5
0.052,603.0,26390.0
0.052,3071.5,148953.0
0.052,2960.6666666666665,107168.66666666667
0.052,3500.0,181041.0
0.052,1920.0,86276.66666666667
0.052,728.6666666666666,39799.333333333336
0.052,2511.5,144496.5
0.052,1981.0,141166.33333333334
0.052,1723.5,101642.0
0.052,2036.75,88326.875
0.052,171.0,235.0
0.052,3500.0,208807.0
0.052,1602.0,57234.666666666664
0.052,162.0,578.5
0.052,1732.0,78285.66666666667
0.052,1110.0,69915.0
0.052,1425.5,73551.0
0.052,1451.75,126492.0
0.052,1711.0,129571.0
0.052,113.0,282.0
0.052,2270.0,156291.5
0.052,2474.5,156961.0
0.052,1555.0,90460.0
0.052,1662.5,77401.0
0.052,1587.5,70357.0
0.052,308.0,32032.333333333332
0.052,1108.0,64006.5
0.052,1299.6666666666667,98608.66666666667
0.052,3500.0,120019.0
0.052,1919.6666666666667,109409.33333333333
0.052,776.25,27247.5
0.052,1448.0,111715.0
0.052,3500.0,105193.0
0.052,1236.0,118658.0
0.052,2927.0,155455.0
0.052,1475.25,96173.25
0.052,2009.5,57721.0
0.052,1643.0,57028.0
0.052,2363.0,121893.0
0.052,1935.0,106841.4
0.053,1306.2,77316.8
0.053,3500.0,183542.5
0.053,2102.75,73202.25
0.053,3500.0,115510.5
0.053,1253.25,32928.25
0.053,2476.0,204309.5
0.053,1064.0,43223.0
0.053,1038.0,38374.0
0.053,2492.5,112201.5
0.053,1968.8,79812.4
0.053,606.0,42401.0
0.053,123.0,175.0
0.053,1931.0,98569.5
0.053,1080.0,84100.0
0.053,1599.0,66812.0
0.053,1767.6666666666667,77811.66666666667
0.053,2358.6666666666665,116247.66666666667
0.053,1286.75,66361.0
0.053,1803.5,164760.0
0.053,2213.0,147858.33333333334
0.053,1057.5,84842.75
0.053,905.6666666666666,64960.0
0.053,1882.0,174259.0
0.053,3500.0,123238.0
0.053,2288.6666666666665,92760.66666666667
0.053,1782.0,41918.5
0.053,1474.5,117585.5
0.053,1432.6666666666667,87814.66666666667
0.053,1153.0,32974.0
0.053,74.0,89.0
0.053,1144.0,34478.0
0.053,2646.0,125682.5
0.053,759.0,21838.0
0.053,1273.0,90602.5
0.053,1754.0,111449.0
0.053,3500.0,304589.0
0.053,869.5,50535.5
0.053,1597.3333333333333,118795.33333333333
0.053,1151.0,68775.0
0.053,1687.5,111118.5
0.053,2037.75,125734.25
0.053,1441.0,101632.5
0.053,1251.3333333333333,85755.33333333333
0.053,3500.0,147098.0
0.053,1832.5,116946.75
0.053,369.0,1423.0
0.053,818.8,48300.2
0.053,1781.5,105957.0
0.053,2952.25,122155.5
0.053,974.0,50471.0
0.053,103.0,117.0
0.053,1089.5,61174.0
0.053,1837.5,105906.0
0.053,1611.5,109208.5
0.053,1264.0,153395.0
0.053,3500.0,168487.0
0.053,1734.0,77501.5
0.053,2142.3333333333335,102023.66666666667
0.053,2267.5,172483.0
0.053,1224.3333333333333,70382.0
0.053,1825.0,127781.0
0.053,769.0,29860.0
0.053,1876.4,92110.6
0.053,1130.0,120585.0
0.053,621.5,24261.5
0.053,3500.0,244295.5
0.053,901.0,48421.5
0.053,2064.8,104421.6
0.053,2721.0,172350.0
0.053,2653.75,145056.0
0.053,644.0,29876.5
0.053,1570.3333333333333,80631.66666666667
0.053,804.5,38284.0
0.053,1506.0,133372.0
0.053,1461.2,77640.0
0.053,1607.3333333333333,64138.333333333336
0.053,2903.25,159394.0
0.053,749.0,47095.666666666664
0.053,747.3333333333334,60736.0
0.053,1655.0,165849.0
0.053,3500.0,158234.0
0.053,1843.5,136032.0
0.054,64.0,637.0
0.054,1895.0,103270.33333333333
0.054,2456.0,107203.0
0.054,1356.5,94005.5
0.054,1404.5,71258.5
0.054,1334.5,98000.0
0.054,2361.5,59600.0
0.054,2331.5,133590.0
0.054,1589.4,79316.6
0.054,841.25,60182.5
0.054,917.0,41785.0
0.054,1139.5,51520.5
0.054,1937.25,111304.75
0.054,1159.5,84708.25
0.054,1536.0,91633.75
0.054,808.0,23703.0
0.054,2700.6666666666665,119986.0
0.054,1669.0,76923.0
0.054,1261.0,42473.0
0.054,2638.5,130394.0
0.054,587.0,37297.0
0.054,1189.2,59615.6
0.054,1749.0,100458.5
0.054,3500.0,86343.0
0.054,2613.0,225891.0
0.054,746.0,43648.75
0.054,1176.0,86738.5
0.054,696.5,40605.5
0.054,963.8,66436.6
0.054,1212.8,53691.0
0.054,1531.0,64134.0
0.054,2636.75,171799.25
0.054,153.0,364.0
0.054,1998.6666666666667,124439.33333333333
0.054,3500.0,210517.0
0.054,1742.0,114666.5
0.054,2687.0,120167.33333333333
0.054,1997.3333333333333,132875.33333333334
0.054,1214.0,78141.0
0.054,1059.3333333333333,67517.33333333333
0.054,476.3333333333333,16705.666666666668
0.054,3500.0,227001.0
0.054,2111.6666666666665,90186.33333333333
0.054,1142.25,43170.25
0.054,1797.0,97077.75
0.054,2554.75,107016.5
0.054,3500.0,188982.0
0.054,1358.6666666666667,83181.33333333333
0.054,3500.0,112711.5
0.054,715.0,25952.0
0.054,2667.3333333333335,128422.33333333333
0.054,1696.3333333333333,84721.66666666667
0.054,1657.0,185132.0
0.054,138.0,2249.0
0.054,2148.5,94923.75
0.054,1760.0,101705.66666666667
0.054,731.5,37333.5
0.054,2276.5,41336.0
0.054,2480.0,114941.5
0.054,2478.0,166116.0
0.054,3500.0,190428.5
0.054,587.0,7544.0
0.054,1996.5,120472.5
0.054,1452.0,117847.0
0.054,3500.0,123736.0
0.054,748.5,47760.5
0.054,1760.3333333333333,113785.16666666667
0.054,2636.0,122735.0
0.054,533.0,21063.0
0.054,1630.6666666666667,83043.33333333333
0.054,2101.0,119266.5
0.054,3500.0,141479.5
0.054,553.3333333333334,27140.666666666668
0.054,2016.6666666666667,109977.0
0.054,2691.6666666666665,127390.66666666667
0.054,1943.0,76054.0
0.054,3500.0,196097.0
0.054,2768.6,132652.6
0.054,2651.0,220067.0
0.054,1351.3333333333333,99236.33333333333
0.055,1511.0,34255.0
0.055,852.5,19727.0
0.055,1807.0,189621.0
0.055,3032.6666666666665,204610.0
0.055,140.0,1715.0
0.055,2288.6666666666665,122730.66666666667
0.055,2026.75,132510.25
0.055,1413.0,74858.0
0.055,3500.0,123571.0
0.055,1122.0,53838.0
0.055,1003.0,47152.0
0.055,1688.8,77021.8
0.055,1867.0,99725.5
0.055,3500.0,137769.0
0.055,1780.5,103628.5
0.055,1554.5,96492.5
0.055,714.0,62337.0
0.055,69.0,83.0
0.055,1289.0,84607.5
0.055,885.5,23765.0
0.055,1023.0,82772.0
0.055,1444.5,48644.0
0.055,1316.0,37973.666666666664
0.055,3500.0,88011.0
0.055,1963.5,102689.25
0.055,2005.0,71433.0
0.055,207.5,4465.0
0.055,2190.5,62912.0
0.055,883.3333333333334,36132.666666666664
0.055,2355.3333333333335,104163.0
0.055,1811.0,144334.5
0.055,1426.5,72910.5
0.055,3500.0,130209.0
0.055,1181.0,68323.5
0.055,2796.6666666666665,103685.66666666667
0.055,3500.0,173392.0
0.055,1929.6666666666667,124913.66666666667
0.055,3500.0,172519.5
0.055,709.0,28350.0
0.055,1974.5,153032.5
0.055,1126.0,59035.333333333336
0.055,1495.5,42062.5
0.055,3500.0,109122.0
0.055,2755.3333333333335,156652.0
0.055,543.5,22245.25
0.055,1280.0,109137.0
0.055,554.5,21125.5
0.055,1948.0,85341.33333333333
0.055,2393.0,132976.5
0.055,1361.0,77180.5
0.055,2034.0,114988.0
0.055,358.0,20037.0
0.055,869.5,15850.5
0.055,1195.0,34041.0
0.055,1365.0,81324.5
0.055,606.0,10169.5
0.055,393.0,3493.0
0.055,939.7142857142857,54439.71428571428
0.055,2166.0,128405.33333333333
0.055,930.0,21661.5
0.055,583.0,37606.0
0.055,593.0,23507.5
0.055,2255.0,97610.5
0.055,1814.0,186784.0
0.055,2925.75,156851.5
0.055,3500.0,143351.0
0.055,87.0,1754.0
0.055,2364.3333333333335,89076.33333333333
0.055,2680.6666666666665,120776.0
0.055,2454.25,113112.0
0.055,793.0,29928.0
0.055,721.5,44621.0
0.055,1788.0,98983.0
0.055,1792.5,102943.0
0.055,1391.0,107336.0
0.055,1834.6666666666667,90764.0
0.055,290.0,5955.0
0.055,1425.3333333333333,121528.0
0.055,2202.3333333333335,136230.66666666666
0.055,3035.75,140326.5
0.055,1073.0,86035.0
0.055,2707.3333333333335,97164.0
0.055,975.0,11127.0
0.055,1757.0,83289.0
0.055,1501.25,125275.75
0.055,1333.0,116076.0
0.055,3500.0,98887.0
0.055,2422.5,180698.0
0.056,1493.0,73896.0
0.056,1876.0,132524.0
0.056,1692.6666666666667,131397.0
0.056,1446.75,114787.75
0.056,1533.75,97944.75
0.056,2003.6666666666667,117551.66666666667
0.056,1832.0,86213.5
0.056,1598.0,184955.0
0.056,1102.0,45890.0
0.056,2569.0,137777.75
0.056,1798.0,124074.0
0.056,2640.5,124147.0
0.056,3500.0,144845.0
0.056,1524.0,113174.0
0.056,3500.0,255575.0
0.056,1632.3333333333333,66268.33333333333
0.056,617.6666666666666,20935.333333333332
0.056,3500.0,253927.0
0.056,1992.6666666666667,90295.66666666667
0.056,520.3333333333334,10613.0
0.056,1343.0,78612.0
0.056,3500.0,112694.0
0.056,2996.6666666666665,177137.66666666666
0.056,1764.0,142312.0
0.056,1452.0,101062.0
0.056,1216.5,67582.5
0.056,3500.0,172379.0
0.056,2642.0,196086.0
0.056,3500.0,108200.0
0.056,2285.0,96590.0
0.056,694.3333333333334,18610.0
0.056,3500.0,229387.0
0.056,636.0,33696.5
0.056,3500.0,151454.0
0.056,1012.5,91798.5
0.056,3500.0,150065.0
0.056,2250.0,124282.0
0.056,1226.0,113336.0
0.056,1870.25,105803.0
0.056,1836.6666666666667,77954.33333333333
0.056,898.0,42073.0
0.056,1233.0,68012.0
0.056,3500.0,280227.0
0.056,1657.0,81758.57142857143
0.056,1067.0,21903.0
0.056,1937.0,91478.0
0.056,100.0,3543.0
0.056,1446.0,73468.5
0.056,1302.0,77028.0
0.056,2373.0,91517.5
0.056,1560.5,85223.5
0.056,1407.0,79432.0
0.056,1650.0,107217.0
0.056,1620.0,96797.0
0.056,1511.0,69123.0
0.056,2109.2,120750.8
0.056,1789.5,81592.5
0.056,2127.0,71958.5
0.056,1958.0,111777.0
0.056,1439.0,121966.0
0.056,3500.0,144587.0
0.056,2564.5,109544.5
0.056,2526.5,106847.0
0.056,2724.2,182349.6
0.056,1590.3333333333333,127121.0
0.056,2353.5,90739.5
0.056,1683.0,56842.0
0.056,1748.3333333333333,72195.66666666667
0.056,1671.6666666666667,50577.0
0.056,3500.0,130004.0
0.056,62.0,198.0
0.056,852.5,51651.333333333336
0.056,1274.4,80138.0
0.056,1760.3333333333333,145458.66666666666
0.056,2317.5,118865.5
0.056,1390.0,87411.0
0.056,727.3333333333334,33311.666666666664
0.056,1229.0,57495.0
0.056,3500.0,129686.0
0.056,2404.3333333333335,145503.16666666666
0.056,2272.5,117456.0
0.056,2115.6666666666665,110625.0
0.056,1764.5,129159.0
0.057,61.0,529.0
0.057,1257.0,105808.0
0.057,1611.0,173426.0
0.057,745.0,48589.0
0.057,1765.0,168912.0
0.057,1807.25,80193.0
0.057,1019.3333333333334,45051.666666666664
0.057,515.0,15958.0
0.057,1871.5,97204.0
0.057,1073.0,87461.33333333333
0.057,2537.5,166322.5
0.057,114.0,1163.0
0.057,1103.3333333333333,69117.33333333333
0.057,112.0,143.0
0.057,378.0,25460.0
0.057,1944.2,122760.4
0.057,792.0,80203.5
0.057,2637.4,122010.6
0.057,3500.0,239143.0
0.057,1028.0,132819.0
0.057,1525.0,75835.66666666667
0.057,117.0,350.0
0.057,2069.0,144173.0
0.057,2429.5,75089.5
0.057,1621.0,126445.0
0.057,2523.5,175798.0
0.057,2988.6666666666665,101360.0
0.057,64.0,84.0
0.057,807.5,44908.5
0.057,2085.0,90300.33333333333
0.057,2137.3333333333335,135227.33333333334
0.057,2413.0,86291.5
0.057,2332.0,103748.5
0.057,2723.6666666666665,168059.0
0.057,3500.0,107539.33333333333
0.057,1246.0,97662.0
0.057,1056.0,58758.4
0.057,1317.0,101463.0
0.057,2375.25,129792.5
0.057,3500.0,112419.5
0.057,1382.0,93011.0
0.057,1632.5,82260.0
0.057,1245.5,52488.0
0.057,3500.0,178412.0
0.057,1384.0,60781.0
0.057,3500.0,246372.0
0.057,1960.5,93308.5
0.057,2953.6,191236.8
0.057,863.0,52408.666666666664
0.057,1720.3333333333333,96408.33333333333
0.057,1574.0,187099.0
0.057,2347.0,127530.0
0.057,2354.6666666666665,127087.33333333333
0.057,1377.0,112993.0
0.057,3500.0,281444.0
0.057,1004.0,81026.0
0.057,2257.75,74819.5
0.057,1042.0,77860.5
0.057,2139.3333333333335,56707.0
0.057,1752.0,111294.5
0.057,2442.25,128245.75
0.057,1321.0,58101.0
0.057,1804.0,128896.5
0.057,1205.0,81418.0
0.057,1673.0,94700.5
0.057,2800.3333333333335,174516.33333333334
0.057,962.0,55714.5
0.057,1236.75,71815.5
0.057,632.8,39722.4
0.057,1509.0,142208.0
0.057,1255.5,70995.0
0.057,2285.0,146112.0
0.057,1824.4,87952.0
0.057,2539.0,133448.0
0.057,1820.0,99528.0
0.057,1806.0,75812.0
0.057,1891.3333333333333,127030.33333333333
0.057,1821.0,150971.0
0.057,1881.6666666666667,144977.0
0.058,933.5,70541.5
0.058,1009.0,32796.5
0.058,1822.5,28013.0
0.058,942.0,97334.0
0.058,3500.0,80087.0
0.058,1529.3333333333333,72894.0
0.058,2079.3333333333335,117006.66666666667
0.058,1153.5,51782.0
0.058,1481.2,93033.6
0.058,1320.0,40325.0
0.058,2354.6666666666665,106221.66666666667
0.058,2318.5,170912.0
0.058,1100.0,82072.66666666667
0.058,3023.3333333333335,155198.66666666666
0.058,2751.5,134980.5
0.058,376.5,2256.0
0.058,1827.0,83300.0
0.058,771.6666666666666,51947.333333333336
0.058,2641.5,158862.5
0.058,1219.3333333333333,91063.66666666667
0.058,2538.0,148097.5
0.058,1340.0,85231.66666666667
0.058,1698.6666666666667,123281.33333333333
0.058,1657.0,79498.0
0.058,941.6666666666666,83960.0
0.058,1447.0,58948.0
0.058,1139.0,38531.0
0.058,2447.4,130451.2
0.058,2710.5,180342.5
0.058,2538.5,125700.5
0.058,1589.0,129391.0
0.058,1400.0,106952.0
0.058,3500.0,116355.0
0.058,1577.25,72078.25
0.058,3119.25,133732.75
0.058,2297.6666666666665,107438.0
0.058,1671.6666666666667,102246.66666666667
0.058,2410.5,97894.5
0.058,767.0,44632.0
0.058,1249.6666666666667,28515.0
0.058,3500.0,144383.5
0.058,2400.6666666666665,180793.0
0.058,2821.6666666666665,128577.66666666667
0.058,1411.0,75748.0
0.058,3500.0,89095.0
0.058,1681.5,63441.25
0.058,3500.0,98669.0
0.058,1151.5,55160.0
0.058,1985.75,85008.75
0.058,1088.5,32068.0
0.058,1930.0,90567.75
0.058,1664.6,105334.8
0.058,2042.6666666666667,130708.33333333333
0.058,697.0,48831.0
0.058,1789.5,85723.0
0.058,1415.4,133807.2
0.058,1589.0,79792.0
0.058,1611.75,56369.5
0.058,3500.0,240973.0
0.058,328.0,17642.0
0.058,1468.0,142890.0
0.058,1804.0,116597.0
0.058,3500.0,195350.66666666666
0.058,1291.0,88594.0
0.058,2146.6,124490.4
0.058,1780.5,60758.5
0.058,1283.3333333333333,101743.66666666667
0.058,1446.0,148331.0
0.058,1330.0,96195.0
0.058,2360.0,72286.0
0.058,362.0,2003.0
0.058,1805.0,133991.66666666666
0.058,1174.0,38204.0
0.058,2447.0,114806.0
0.058,738.0,35786.0
0.058,2463.0,178905.0
0.058,1641.0,51995.0
0.058,1014.6666666666666,83791.33333333333
0.059,299.0,7475.0
0.059,2638.5,138938.0
0.059,2780.5,165880.0
0.059,991.6,66603.6
0.059,2123.5,62225.5
0.059,994.3333333333334,39821.666666666664
0.059,1461.5,59560.5
0.059,3500.0,215734.5
0.059,1183.0,21559.0
0.059,2646.5,121196.0
0.059,1813.5,105898.0
0.059,2576.0,49716.0
0.059,760.3333333333334,41881.333333333336
0.059,3500.0,89280.5
0.059,1571.0,85305.5
0.059,2359.6666666666665,107399.66666666667
0.059,1881.75,115676.5
0.059,2657.0,135484.0
0.059,1172.0,87361.5
0.059,2198.0,173625.66666666666
0.059,244.0,307.0
0.059,2930.0,111285.0
0.059,2426.5,97885.5
0.059,1804.25,113889.75
0.059,1066.0,49959.0
0.059,975.25,64480.5
0.059,834.6666666666666,44444.0
0.059,3500.0,203851.0
0.059,1744.0,84627.0
0.059,2036.0,26898.0
0.059,539.0,28652.0
0.059,2367.3333333333335,123166.0
0.059,2687.5,155206.5
0.059,1022.0,16620.0
0.059,782.6666666666666,63807.666666666664
0.059,2980.6666666666665,139856.66666666666
0.059,1372.3333333333333,110716.0
0.059,802.0,24229.5
0.059,2082.2,120748.2
0.059,2471.25,96014.0
0.059,833.6666666666666,36660.0
0.059,412.5,4111.5
0.059,1613.5,80703.0
0.059,1600.0,115962.5
0.059,2355.3333333333335,109730.33333333333
0.059,3500.0,202861.0
0.059,996.3333333333334,22120.333333333332
0.059,3500.0,156353.0
0.059,154.0,216.0
0.059,1638.0,160535.5
0.059,1034.5,12354.0
0.059,2042.7142857142858,111291.85714285714
0.059,1901.6666666666667,133677.0
0.059,757.0,60109.5
0.059,1711.25,63870.0
0.059,1944.75,69344.0
0.059,752.0,26762.0
0.059,2672.0,209475.5
0.059,1055.0,39545.0
0.059,1502.0,80965.75
0.059,1288.0,86297.0
0.059,2312.5,88068.5
0.059,1724.5,122250.5
0.059,2854.3333333333335,162795.0
0.059,1938.0,77978.66666666667
0.059,2885.3333333333335,137847.66666666666
0.059,1529.6666666666667,74985.33333333333
0.059,3500.0,284585.0
0.059,949.6666666666666,76250.66666666667
0.059,1563.25,93328.75
0.059,996.6666666666666,56266.333333333336
0.059,1042.0,41605.0
0.059,3500.0,55744.0
0.059,2380.5,93523.5
0.059,1090.0,71416.0
0.059,2672.5,153827.0
0.059,826.3333333333334,59081.333333333336
0.059,584.5,11509.0
0.059,2718.5,132770.16666666666
0.059,62.0,623.0
0.059,2002.5,150765.5
0.059,1385.0,86614.0
0.059,585.0,37214.0
0.06,2036.0,77584.75
0.06,3500.0,183521.5
0.06,837.0,17994.0
0.06,1850.0,144543.0
0.06,2200.6666666666665,132424.66666666666
0.06,1046.5,107032.0
0.06,3500.0,234330.0
0.06,2312.0,61927.0
0.06,1488.6666666666667,42181.0
0.06,2759.6666666666665,146073.66666666666
0.06,2093.0,226299.0
0.06,2479.6666666666665,167636.16666666666
0.06,1648.5,104640.5
0.06,1581.0,110477.0
0.06,1349.3333333333333,83100.0
0.06,1137.3333333333333,88720.0
0.06,1019.0,40449.0
0.06,1023.0,39490.0
0.06,2357.0,116779.66666666667
0.06,97.0,100.0
0.06,1474.0,65890.0
0.06,898.5,86061.5
0.06,746.5,37445.5
0.06,1202.0,54377.0
0.06,2733.0,121699.0
0.06,1757.3333333333333,47708.666666666664
0.06,1769.0,167642.0
0.06,1636.0,104106.33333333333
0.06,1242.5,46406.0
0.06,1586.5,86276.5
0.06,1088.5,69778.25
0.06,2591.75,148250.5
0.06,1563.5,98322.75
0.06,1552.6666666666667,88160.33333333333
0.06,1898.75,72790.0
0.06,2385.0,167876.0
0.06,2321.0,137275.66666666666
0.06,1489.0,104976.0
0.06,1204.0,39703.0
0.06,3500.0,157763.0
0.06,3500.0,108085.0
0.06,1801.5,149248.0
0.06,325.0,9791.0
0.06,1012.0,58347.0
0.06,2681.0,136271.5
0.06,1728.3333333333333,117689.0
0.06,2903.6666666666665,167166.66666666666
0.06,1008.0,64822.0
0.06,3500.0,142698.0
0.06,1538.5,108126.5
0.06,2506.5,161667.5
0.06,1627.5,71476.5
0.06,745.25,42786.5
0.06,1554.0,101879.0
0.06,3500.0,148062.0
0.06,1495.6,87227.8
0.06,2011.0,136078.0
0.06,1301.0,29940.0
0.06,1533.5,71355.5
0.06,1137.0,4204.0
0.06,874.0,30492.0
0.06,945.0,67726.5
0.06,1815.3333333333333,103444.0
0.06,1882.5,61323.0
0.06,3005.5,178202.75
0.06,1829.5,36551.5
0.06,1087.0,62825.0
0.06,739.0,44060.5
0.06,1072.75,54538.0
0.06,1556.5,81834.0
0.06,2749.5,187015.0
0.06,3500.0,229843.0
0.06,3500.0,236366.0
0.06,2673.5,165556.0
0.06,2680.5,150435.5
0.06,2586.5,160985.25
0.06,3500.0,132410.0
0.06,1439.0,94900.5
0.06,2003.0,126284.0
0.06,1653.6666666666667,103720.33333333333
0.06,2260.3333333333335,132977.66666666666
0.06,1557.0,110004.0
0.06,1200.75,56910.5
0.06,3500.0,86919.0
0.06,1513.3333333333333,50632.333333333336
0.06,81.0,1292.0
0.061,2287.5,108362.0
0.061,2779.6666666666665,175496.33333333334
0.061,998.5,82343.75
0.061,443.0,11861.0
0.061,2444.5,166426.5
0.061,1789.0,106059.5
0.061,1102.5,116614.0
0.061,2260.0,144326.0
0.061,1514.25,82139.75
0.061,719.0,15397.0
0.061,3500.0,169137.0
0.061,77.0,103.0
0.061,2143.6,126811.2
0.061,2883.75,137775.75
0.061,2353.0,123029.66666666667
0.061,2376.5,130035.0
0.061,658.3333333333334,36341.333333333336
0.061,949.5,34095.0
0.061,2358.0,139561.66666666666
0.061,920.5,97855.5
0.061,1973.0,105192.66666666667
0.061,1913.5,99848.0
0.061,2734.0,99810.0
0.061,2441.0,158487.5
0.061,1793.0,49404.0
0.061,2026.0,196891.5
0.061,2658.5,161233.0
0.061,1888.6,105576.2
0.061,1469.6666666666667,83900.66666666667
0.061,1094.6666666666667,55409.0
0.061,1723.0,77389.0
0.061,1321.0,60355.5
0.061,1678.8,83768.4
0.061,1295.0,79252.0
0.061,2766.6666666666665,88704.66666666667
0.061,1509.0,144590.0
0.061,1264.0,74449.5
0.061,1816.0,58936.0
0.061,1910.0,170069.5
0.061,1883.5,104028.5
0.061,1785.25,78701.25
0.061,2698.6666666666665,89426.33333333333
0.061,1538.0,173319.0
0.061,2440.2,101281.2
0.061,3500.0,187576.0
0.061,2689.5,142078.0
0.061,1829.8,120133.0
0.061,3500.0,124566.0
0.061,1166.0,108441.0
0.061,1882.0,97138.0
0.061,3500.0,161620.5
0.061,1687.5,103665.0
0.061,2590.0,120471.0
0.061,1864.0,133580.0
0.061,2818.6666666666665,150355.33333333334
0.061,1899.0,168895.0
0.061,2337.6666666666665,157256.66666666666
0.061,1756.5,128106.5
0.061,3500.0,143896.0
0.061,2494.5,140105.5
0.061,944.0,57303.4
0.061,1267.0,62295.333333333336
0.061,1780.0,107558.0
0.061,417.0,19689.75
0.061,1787.0,38531.0
0.061,1242.6666666666667,59251.666666666664
0.061,1008.0,25704.0
0.061,1283.0,55810.0
0.061,825.0,74579.5
0.061,2154.3333333333335,96365.0
0.061,416.0,15607.0
0.061,1284.0,126965.0
0.061,3500.0,239028.0
0.061,2259.0,104273.0
0.061,2036.3333333333333,124714.66666666667
0.061,73.66666666666667,442.6666666666667
0.061,2277.0,85414.5
0.061,2035.6666666666667,113316.0
0.062,1867.8,88016.6
0.062,3500.0,184499.5
0.062,1783.5,96887.5
0.062,89.0,882.5
0.062,838.5,41826.0
0.062,2446.5,152655.5
0.062,1297.5,67103.0
0.062,2801.6666666666665,169272.33333333334
0.062,2435.0,157279.5
0.062,3500.0,213399.0
0.062,151.0,258.0
0.062,3500.0,171863.0
0.062,2250.5,127598.75
0.062,605.0,5765.0
0.062,1152.0,54749.0
0.062,1579.6666666666667,103728.33333333333
0.062,2747.0,182260.0
0.062,2389.0,92925.0
0.062,2563.5,163321.0
0.062,1237.75,58980.0
0.062,2399.0,110512.5
0.062,1420.0,54556.0
0.062,2312.5,144923.0
0.062,1028.5,99180.5
0.062,1251.5,50115.0
0.062,3500.0,97099.0
0.062,2359.3333333333335,141350.0
0.062,1309.0,75834.5
0.062,3500.0,57291.0
0.062,1760.0,80893.33333333333
0.062,423.0,9719.5
0.062,636.5,29179.5
0.062,1526.2857142857142,74124.42857142857
0.062,64.0,147.0
0.062,1832.25,55973.25
0.062,3500.0,309343.0
0.062,111.0,1618.0
0.062,3500.0,120389.0
0.062,2304.5,132450.25
0.062,2740.3333333333335,149696.66666666666
0.062,1400.0,146123.0
0.062,1901.0,144632.0
0.062,2018.0,111062.0
0.062,2105.4,136157.0
0.062,1839.3333333333333,123034.66666666667
0.062,1798.5,136923.5
0.062,1994.0,75627.0
0.062,2889.3333333333335,93777.0
0.062,934.75,76504.5
0.062,143.0,2280.0
0.062,2939.5,163965.75
0.062,2505.2,152465.6
0.062,421.0,6660.0
0.062,2366.0,160228.5
0.062,683.5,29696.5
0.062,1010.3333333333334,77027.0
0.062,1383.0,102143.5
0.062,1185.5,99717.0
0.062,1158.0,65685.0
0.062,962.0,32693.0
0.062,1317.3333333333333,86622.66666666667
0.062,1952.3333333333333,136957.0
0.062,2984.25,187208.75
0.062,3500.0,166536.5
0.062,3500.0,200729.5
0.062,3500.0,267573.0
0.062,1077.5,71705.5
0.062,1528.0,124400.33333333333
0.062,1457.0,107343.0
0.062,3500.0,150411.0
0.062,77.0,180.0
0.062,2449.0,97767.33333333333
0.062,3500.0,191910.0
0.062,3500.0,226808.0
0.062,1096.0,51959.0
0.062,1772.5714285714287,63040.0
0.062,1091.0,51968.5
0.062,2452.5,116593.0
0.062,284.0,7236.0
0.062,2531.5,167000.0
0.063,1866.0,80805.33333333333
0.063,1527.3333333333333,66902.0
0.063,3500.0,274154.0
0.063,3500.0,176686.0
0.063,1411.0,84782.33333333333
0.063,1922.5,58339.5
0.063,1857.5,142690.5
0.063,3202.3333333333335,148152.66666666666
0.063,464.0,3672.0
0.063,802.5,25759.5
0.063,73.0,93.0
0.063,3500.0,178471.0
0.063,2406.6666666666665,80987.33333333333
0.063,2216.5,96868.16666666667
0.063,1415.6666666666667,111055.66666666667
0.063,1681.0,151828.0
0.063,3500.0,275656.0
0.063,1650.2,89524.0
0.063,3500.0,127503.0
0.063,3500.0,203057.0
0.063,2360.0,153152.0
0.063,2725.0,117672.25
0.063,860.0,41154.0
0.063,3500.0,92681.0
0.063,2253.0,80321.5
0.063,1598.0,98953.2
0.063,2690.3333333333335,105277.66666666667
0.063,541.6666666666666,58043.333333333336
0.063,2142.0,93171.75
0.063,3500.0,235065.0
0.063,643.5,37645.0
0.063,926.3333333333334,51082.0
0.063,3500.0,272523.0
0.063,101.5,144.0
0.063,2573.5,151554.75
0.063,2529.0,193647.0
0.063,1030.0,85064.0
0.063,2028.3333333333333,90644.66666666667
0.063,1376.5,69312.0
0.063,68.0,701.0
0.063,156.0,2834.5
0.063,2065.0,176858.0
0.063,1454.5,105992.25
0.063,2150.3333333333335,132506.66666666666
0.063,1242.3333333333333,42311.666666666664
0.063,759.5,77223.5
0.063,3500.0,202458.0
0.063,2919.3333333333335,198411.0
0.063,918.3333333333334,41160.666666666664
0.063,1090.25,78280.75
0.063,1282.0,84763.0
0.063,3500.0,100899.0
0.063,2751.3333333333335,173751.33333333334
0.063,2247.0,132155.8
0.063,747.5,50597.5
0.063,3500.0,237679.0
0.063,1204.0,82778.0
0.063,1093.0,49648.0
0.063,3500.0,228844.0
0.063,2414.0,107096.0
0.063,3500.0,79862.0
0.063,138.0,256.0
0.063,595.0,25948.0
0.063,1539.0,65359.5
0.063,2193.3333333333335,131170.33333333334
0.063,1773.2,88164.4
0.063,2034.0,137787.66666666666
0.063,1715.0,202282.0
0.063,1135.5,92372.0
0.063,3500.0,127239.0
0.063,2271.0,77475.0
0.063,1069.5,71715.0
0.063,1137.5,44602.0
0.063,76.0,1613.0
0.063,667.0,29102.5
0.063,1705.6666666666667,74507.0
0.063,880.5,21086.5
0.063,1466.4,70153.4
0.063,1261.0,39562.0
0.064,334.0,898.0
0.064,1851.0,104928.0
0.064,2949.75,130263.75
0.064,3049.25,147312.25
0.064,3500.0,166170.0
0.064,1625.25,114830.75
0.064,2285.3333333333335,150579.33333333334
0.064,2488.5,155784.5
0.064,1526.0,39709.0
0.064,1626.0,74359.0
0.064,3500.0,255350.0
0.064,3500.0,241696.0
0.064,1856.0,116413.0
0.064,766.5,26573.5
0.064,554.0,8590.0
0.064,2246.0,92940.8
0.064,1312.0,91481.0
0.064,2429.5,126718.5
0.064,1711.0,85900.0
0.064,2103.3333333333335,134098.66666666666
0.064,601.0,29730.0
0.064,3500.0,209869.66666666666
0.064,1810.5,118461.0
0.064,1452.0,76312.0
0.064,2812.2,142139.0
0.064,1772.0,99158.0
0.064,3500.0,129862.0
0.064,1996.3333333333333,52244.0
0.064,1152.0,69087.0
0.064,1024.6666666666667,72087.33333333333
0.064,3500.0,275925.0
0.064,924.0,63831.5
0.064,3500.0,201891.0
0.064,1800.0,57709.5
0.064,1634.0,150281.33333333334
0.064,2471.0,133937.66666666666
0.064,3032.6666666666665,186231.0
0.064,505.0,11748.0
0.064,220.0,7403.0
0.064,2234.0,111230.0
0.064,3500.0,148630.0
0.064,2652.25,170960.25
0.064,1443.0,133786.0
0.064,1791.0,50940.0
0.064,253.0,4872.0
0.064,1430.8,73257.8
0.064,663.0,26194.0
0.064,1668.5,102141.0
0.064,3500.0,165136.0
0.064,2281.6666666666665,116447.83333333333
0.064,777.0,52675.0
0.064,3500.0,224733.5
0.064,2369.0,149209.0
0.064,1959.0,62397.0
0.064,2236.3333333333335,139040.33333333334
0.064,1271.0,65187.0
0.064,3500.0,282742.0
0.064,1597.6,84103.8
0.064,1872.0,93444.0
0.064,3500.0,176541.0
0.064,3500.0,273033.0
0.064,2537.5,204617.0
0.064,3500.0,206528.0
0.064,104.5,967.0
0.064,231.33333333333334,4260.0
0.064,1627.75,76295.75
0.064,3500.0,143524.0
0.064,681.0,19237.5
0.064,1538.6666666666667,72836.33333333333
0.064,3157.8,161547.6
0.064,2921.3333333333335,69648.0
0.064,2099.3333333333335,134170.33333333334
0.064,3500.0,241919.5
0.064,2669.6666666666665,97371.66666666667
0.064,1065.3333333333333,90176.33333333333
0.064,2465.5,158920.0
0.064,542.0,23251.0
0.064,1324.5,30182.0
0.065,2689.3333333333335,140453.33333333334
0.065,1504.25,128928.5
0.065,898.5,50581.25
0.065,1146.5,32644.0
0.065,84.0,91.0
0.065,3500.0,199710.5
0.065,1622.25,56717.25
0.065,1446.5,87101.0
0.065,3500.0,144085.33333333334
0.065,1673.6,84230.8
0.065,2762.6666666666665,176564.0
0.065,1111.0,10618.0
0.065,1896.0,80023.5
0.065,1198.3333333333333,60831.0
0.065,3500.0,262494.0
0.065,130.0,269.0
0.065,1539.2,63769.4
0.065,1578.4285714285713,75497.42857142857
0.065,3500.0,116424.5
0.065,3500.0,151535.0
0.065,958.0,36831.0
0.065,1864.0,78309.25
0.065,86.0,193.0
0.065,1000.5,64464.5
0.065,1253.0,88601.0
0.065,133.0,1434.0
0.065,3500.0,247834.0
0.065,1531.5,89242.5
0.065,2340.3333333333335,159115.66666666666
0.065,1397.0,81460.5
0.065,2458.3333333333335,149015.0
0.065,2629.0,185748.0
0.065,292.0,6437.0
0.065,141.5,768.0
0.065,3500.0,280265.0
0.065,191.0,275.0
0.065,2222.5,117108.0
0.065,2391.0,153150.0
0.065,1237.75,52996.75
0.065,1167.0,52803.0
0.065,1613.3333333333333,116332.66666666667
0.065,3500.0,115483.0
0.065,1788.5,108969.5
0.065,2779.0,122994.0
0.065,221.0,3115.0
0.065,60.0,519.0
0.065,1783.0,97541.75
0.065,1753.0,81914.0
0.065,1821.5,111330.5
0.065,2506.5,153194.5
0.065,2360.0,87851.5
0.065,256.0,3174.0
0.065,1790.5,64539.0
0.065,2282.5,63775.0
0.065,2402.0,113345.0
0.065,2787.3333333333335,175979.33333333334
0.065,1419.0,114610.0
0.065,3500.0,180812.0
0.065,3500.0,106073.0
0.065,2387.0,146973.5
0.065,1681.0,227715.0
0.065,1799.0,123723.5
0.065,1436.25,73774.75
0.065,1430.0,175332.0
0.065,3500.0,149638.0
0.065,2662.5,72492.0
0.065,1888.75,120943.75
0.065,3500.0,241279.5
0.065,1494.0,108846.66666666667
0.065,1791.0,75517.0
0.065,3500.0,127129.0
0.065,688.5,48071.0
0.065,3020.25,134627.5
0.065,1783.0,46230.0
0.065,3500.0,237075.0
0.065,1647.4,119598.0
0.065,2546.0,167156.0
0.065,1087.0,20660.0
0.065,2001.6666666666667,55647.666666666664
0.065,2682.0,141492.5
0.065,2413.2,116939.2
0.065,1670.3333333333333,73858.66666666667
0.065,1551.5,65926.0
0.065,1868.0,106203.0
0.065,1459.6666666666667,63999.0
0.065,1485.5,112525.0
0.065,1453.0,58111.75
0.066,3500.0,112377.0
0.066,1447.25,58836.0
0.066,2733.0,166024.0
0.066,2437.0,64380.0
0.066,741.5,21094.5
0.066,1288.0,46414.0
0.066,3500.0,155254.0
0.066,2377.3333333333335,143672.66666666666
0.066,66.0,643.0
0.066,863.0,47836.333333333336
0.066,1304.5,73694.0
0.066,1107.0,72657.0
0.066,1928.0,69299.0
0.066,1237.0,43943.666666666664
0.066,1791.0,84801.0
0.066,2054.3333333333335,128380.0
0.066,174.0,2375.0
0.066,3500.0,218864.0
0.066,2358.6666666666665,101139.33333333333
0.066,1188.25,51626.5
0.066,2953.3333333333335,110131.0
0.066,1923.25,84953.5
0.066,1099.0,60565.0
0.066,1353.0,89082.2
0.066,2700.6666666666665,176050.0
0.066,3500.0,153158.0
0.066,826.6666666666666,49945.333333333336
0.066,2193.4,109734.6
0.066,1691.0,54942.0
0.066,3500.0,173439.0
0.066,2801.3333333333335,133133.66666666666
0.066,1933.3333333333333,51791.666666666664
0.066,1890.0,128297.0
0.066,2601.0,129215.0
0.066,1347.0,109367.0
0.066,2423.5,139166.5
0.066,886.8,20494.2
0.066,2385.0,66528.0
0.066,1517.25,100575.25
0.066,1881.0,104950.0
0.066,422.5,24055.5
0.066,1574.6666666666667,52513.666666666664
0.066,1734.0,81606.16666666667
0.066,2533.5,150792.5
0.066,771.5,20796.5
0.066,1256.0,63600.0
0.066,59.0,69.0
0.066,3500.0,155057.5
0.066,1508.2,94863.4
0.066,1288.8,57480.2
0.066,3500.0,233077.5
0.066,1017.25,37968.5
0.066,1289.0,90977.0
0.066,587.0,6733.0
0.066,1434.0,201009.0
0.066,1859.0,73721.0
0.066,3500.0,180444.0
0.066,1022.0,46812.0
0.066,1041.0,17509.0
0.066,1374.0,85882.0
0.066,95.0,101.0
0.066,1758.0,95021.0
0.066,1013.0,33200.0
0.066,2124.3333333333335,137192.66666666666
0.066,1023.25,62748.0
0.066,1904.0,131922.0
0.066,2954.3333333333335,176444.66666666666
0.066,954.0,61428.0
0.066,1610.8,114360.8
0.066,1801.5,44975.0
0.066,2620.5,172128.5
0.066,1140.0,65844.5
0.066,1157.6,52104.0
0.066,2755.0,114075.33333333333
0.066,2581.3333333333335,160833.33333333334
0.066,2258.0,147600.5
0.066,3500.0,213753.66666666666
0.066,3500.0,137350.0
0.066,1365.0,124090.5
0.066,532.0,6287.0
0.066,829.5,19292.5
0.067,2490.0,136235.66666666666
0.067,65.0,669.0
0.067,772.0,19153.5
0.067,2116.6666666666665,102967.66666666667
0.067,1403.0,155776.5
0.067,1307.0,39241.0
0.067,2217.5,85856.0
0.067,1293.0,87167.0
0.067,3500.0,109827.0
0.067,811.5,46320.75
0.067,2913.3333333333335,97123.66666666667
0.067,1971.6666666666667,108507.0
0.067,2094.6666666666665,79945.66666666667
0.067,1490.0,65308.0
0.067,1001.75,42278.0
0.067,1817.6666666666667,94150.66666666667
0.067,1784.5,117674.0
0.067,3500.0,167956.5
0.067,1679.0,103022.0
0.067,2743.0,164135.0
0.067,1013.5,36323.0
0.067,1799.5,143345.0
0.067,2077.0,155716.0
0.067,1220.0,45605.666666666664
0.067,1466.5,103555.0
0.067,1950.3333333333333,131959.66666666666
0.067,1628.0,181298.0
0.067,2628.5,98965.0
0.067,1842.6,105464.0
0.067,1823.0,80265.0
0.067,3500.0,150995.0
0.067,1149.0,60812.0
0.067,488.0,6509.5
0.067,1457.5,55118.5
0.067,2044.6,118551.4
0.067,1316.5,56784.0
0.067,1954.142857142857,134553.0
0.067,2664.0,123223.0
0.067,806.5,42352.25
0.067,3500.0,206297.0
0.067,1472.5,76053.5
0.067,1009.0,37242.0
0.067,1801.0,200781.0
0.067,1748.4,56806.2
0.067,3500.0,256120.0
0.067,3500.0,223408.0
0.067,1276.0,76230.0
0.067,1735.0,127906.25
0.067,1973.0,97024.0
0.067,844.5,18038.0
0.067,654.0,21533.5
0.067,791.5,29353.5
0.067,2132.6,62869.2
0.067,1414.5,82427.75
0.067,1953.0,122718.0
0.067,2354.5,134763.5
0.067,1764.4,92652.2
0.067,3500.0,222404.0
0.067,1581.0,74170.0
0.067,1913.0,38453.0
0.067,2540.2,111636.6
0.067,3500.0,283843.5
0.067,489.0,32615.333333333332
0.067,2664.4,111025.4
0.067,1261.0,111239.0
0.067,2469.0,113200.0
0.067,3500.0,231832.0
0.067,3500.0,169015.0
0.067,1013.0,69980.0
0.067,77.0,1190.0
0.067,2759.3333333333335,147300.66666666666
0.067,1325.0,58777.0
0.067,3500.0,138205.0
0.067,2386.5,122919.25
0.067,2277.6666666666665,114041.33333333333
0.067,2640.0,147164.0
0.067,3500.0,107720.0
0.067,2674.6666666666665,157176.33333333334
0.067,1344.75,63500.5
0.067,2376.5,67295.0
0.067,3500.0,226268.0
0.068,1846.0,103031.0
0.068,2168.6666666666665,131586.66666666666
0.068,1770.0,81302.0
0.068,2318.0,79180.0
0.068,1957.0,113845.33333333333
0.068,1138.5,104229.5
0.068,2417.0,119071.0
0.068,1076.5,96205.0
0.068,3500.0,237883.0
0.068,1172.2,43068.6
0.068,3500.0,178357.0
0.068,1464.0,74950.0
0.068,505.0,12588.0
0.068,2271.1666666666665,135730.5
0.068,1850.1666666666667,104854.16666666667
0.068,830.5,51856.0
0.068,110.0,114.0
0.068,3500.0,183636.0
0.068,2201.0,119374.66666666667
0.068,1936.0,105914.75
0.068,2206.8,106225.2
0.068,675.0,46015.5
0.068,1538.0,60664.0
0.068,3500.0,297980.0
0.068,3500.0,148287.0
0.068,2380.5,90801.0
0.068,3500.0,318802.0
0.068,2064.25,98764.0
0.068,1781.5,112973.0
0.068,1277.0,66135.5
0.068,1801.5,46434.5
0.068,2990.25,177217.75
0.068,2004.3333333333333,127494.66666666667
0.068,3500.0,223201.0
0.068,1523.0,127343.33333333333
0.068,685.0,30342.5
0.068,2822.0,143958.6
0.068,676.5,19318.0
0.068,2797.0,211015.0
0.068,1251.25,57584.5
0.068,1184.0,34039.0
0.068,3500.0,263232.0
0.068,1461.5,104148.0
0.068,1954.25,139389.25
0.068,3500.0,221875.0
0.068,1412.1666666666667,82426.16666666667
0.068,1595.0,62452.0
0.068,2357.3333333333335,104867.0
0.068,1964.5,55076.25
0.068,2350.0,153255.0
0.068,2735.3333333333335,102304.66666666667
0.068,336.0,6305.5
0.068,3500.0,132032.0
0.068,1782.5,111987.5
0.068,1319.0,20519.0
0.068,2949.75,149034.25
0.068,2169.3333333333335,107585.66666666667
0.068,1177.0,13005.0
0.068,2745.0,94755.66666666667
0.068,2378.5,111319.0
0.068,2153.5,123091.25
0.068,873.5,26522.5
0.068,3500.0,176220.0
0.068,1000.0,71479.0
0.068,3113.6,122795.0
0.068,3500.0,138576.0
0.068,55.0,375.0
0.068,1704.0,102572.66666666667
0.068,2646.3333333333335,151402.66666666666
0.068,3500.0,124812.0
0.068,2427.3333333333335,127714.66666666667
0.068,3031.25,137101.75
0.068,2044.5,130429.0
0.068,2288.6666666666665,91704.0
0.068,2548.3333333333335,86131.33333333333
0.068,668.0,36244.0
0.068,3500.0,267354.0
0.069,2786.0,194604.5
0.069,1573.0,88943.0
0.069,1371.0,68046.0
0.069,650.5,32227.0
0.069,3500.0,176572.5
0.069,505.0,19133.0
0.069,1901.0,151704.0
0.069,1058.6666666666667,44387.666666666664
0.069,3500.0,278435.0
0.069,3500.0,230221.0
0.069,1573.3333333333333,100812.33333333333
0.069,2711.6666666666665,138214.0
0.069,1115.0,69470.33333333333
0.069,1869.0,96370.75
0.069,1009.0,51542.0
0.069,1613.0,168731.0
0.069,1335.3333333333333,65691.33333333333
0.069,1144.0,79633.0
0.069,51.0,56.0
0.069,2457.6666666666665,105659.0
0.069,909.3333333333334,67676.0
0.069,2290.0,114458.0
0.069,2967.6666666666665,95132.0
0.069,1091.0,19102.0
0.069,3500.0,138355.0
0.069,1506.5,88138.5
0.069,1652.375,76483.125
0.069,1035.0,60934.0
0.069,2505.0,119922.5
0.069,770.25,54107.75
0.069,2703.0,118045.0
0.069,1582.0,102084.5
0.069,330.0,2107.0
0.069,1054.0,36666.75
0.069,1283.0,85598.0
0.069,2353.0,146924.5
0.069,2031.3333333333333,132410.33333333334
0.069,1193.0,82143.66666666667
0.069,1796.0,62563.0
0.069,663.5,19230.0
0.069,3500.0,254082.0
0.069,3500.0,219528.0
0.069,2609.0,156396.5
0.069,3500.0,215432.5
0.069,2536.5,92129.0
0.069,1811.0,93325.5
0.069,3500.0,195093.0
0.069,3500.0,134680.0
0.069,2256.0,116619.5
0.069,3500.0,200307.0
0.069,1302.0,70219.5
0.069,740.0,72318.5
0.069,3500.0,214544.0
0.069,2023.25,84663.25
0.069,1193.25,87866.25
0.069,2797.3333333333335,100460.66666666667
0.069,2067.0,112909.5
0.069,3500.0,123410.0
0.069,1955.3333333333333,110783.0
0.069,1901.6666666666667,94288.33333333333
0.069,1062.0,78579.5
0.069,1539.0,94525.75
0.069,1783.0,39104.0
0.069,149.0,204.0
0.069,1221.6666666666667,69542.0
0.069,665.5,55456.5
0.069,3500.0,179358.0
0.069,1875.6666666666667,100674.0
0.069,1231.0,78738.0
0.069,3500.0,256884.0
0.069,1664.0,141548.0
0.069,1314.5,61179.0
0.069,2374.0,82646.0
0.069,1781.5,118391.5
0.069,2681.3333333333335,160176.33333333334
0.069,1945.75,145268.0
0.069,3500.0,137282.5
0.07,3500.0,170661.0
0.07,232.0,1606.0
0.07,3500.0,242646.0
0.07,1872.0,128751.5
0.07,2408.5,109744.5
0.07,1754.25,74683.25
0.07,3500.0,238126.0
0.07,3500.0,160368.0
0.07,3500.0,243670.0
0.07,918.6666666666666,38892.0
0.07,1844.5,65533.0
0.07,1334.75,81467.0
0.07,2170.3333333333335,124471.0
0.07,3500.0,148751.0
0.07,481.0,1450.0
0.07,1753.5,121948.75
0.07,3500.0,234690.0
0.07,3500.0,156065.0
0.07,2716.5,221250.0
0.07,2044.0,113230.2
0.07,3500.0,143635.0
0.07,1682.0,45830.0
0.07,1076.0,71851.5
0.07,2473.5,181872.5
0.07,706.5,34911.5
0.07,1068.0,45895.0
0.07,587.0,2887.0
0.07,1893.0,158329.0
0.07,1584.75,114249.0
0.07,1790.0,66140.0
0.07,2366.5,111494.0
0.07,2305.0,53203.5
0.07,3500.0,164293.0
0.07,3500.0,149421.0
0.07,2380.5,123190.75
0.07,2437.0,156603.0
0.07,1995.6666666666667,110583.0
0.07,1525.4285714285713,66502.71428571429
0.07,2120.3333333333335,117759.0
0.07,545.0,19237.0
0.07,2761.3333333333335,116648.66666666667
0.07,1133.0,38012.0
0.07,1740.0,54543.0
0.07,286.5,3625.0
0.07,3500.0,153753.66666666666
0.07,1995.0,81243.5
0.07,1884.5,104428.5
0.07,93.0,98.0
0.07,3500.0,228205.0
0.07,3021.4,179269.2
0.07,2977.0,160077.66666666666
0.07,3500.0,179602.0
0.07,1148.0,32663.333333333332
0.07,2478.0,120319.5
0.07,1782.0,77408.5
0.07,1395.0,39720.0
0.07,2714.3333333333335,118445.0
0.07,2253.5,77033.5
0.07,1613.0,124928.5
0.07,198.0,412.0
0.07,1581.5,132184.5
0.07,3500.0,224638.0
0.07,1785.6,100944.0
0.07,1714.25,99759.0
0.07,3500.0,201086.0
0.07,1830.5,91046.0
0.07,1440.0,93372.66666666667
0.07,839.0,56497.5
0.07,1321.0,117554.0
0.07,2664.0,161786.0
0.07,2658.4,145718.0
0.07,3500.0,235586.0
0.07,3500.0,218404.0
0.07,1750.0,144383.0
0.07,1696.3333333333333,118700.0
0.07,3500.0,105545.0
0.07,1579.5,80492.5
0.07,2590.5,102734.0
0.07,1901.0,39228.0
0.07,1470.0,66942.0
0.07,1428.0,52782.0
0.07,2725.3333333333335,133377.33333333334
0.07,2427.2,146381.0
0.071,1033.5,54867.0
0.071,2724.0,187120.33333333334
0.071,1924.0,116843.0
0.071,3500.0,177253.66666666666
0.071,451.0,19167.5
0.071,773.0,34289.0
0.071,1418.0,66631.0
0.071,3500.0,177562.0
0.071,1935.6666666666667,68795.66666666667
0.071,1142.3333333333333,28597.0
0.071,2511.2,108297.0
0.071,2087.0,79084.33333333333
0.071,2329.0,129245.0
0.071,2575.5,88183.5
0.071,2043.6,76529.2
0.071,328.5,11873.0
0.071,66.0,668.0
0.071,1808.0,153618.0
0.071,2831.6666666666665,165969.33333333334
0.071,1222.0,42897.0
0.071,1474.0,74705.0
0.071,1772.0,53395.0
0.071,2026.6666666666667,119633.0
0.071,2565.5,216059.0
0.071,986.5,103223.0
0.071,739.5,28719.0
0.071,2101.5,96639.75
0.071,1800.0,75657.0
0.071,1823.6666666666667,112093.0
0.071,421.0,8441.0
0.071,2784.5,99879.25
0.071,210.0,2418.0
0.071,1419.5,71710.75
0.071,2402.0,135413.5
0.071,3500.0,211536.0
0.071,2597.5,136767.5
0.071,1832.6,91507.4
0.071,1987.0,54851.5
0.071,2289.5,182886.5
0.071,3073.2,178652.4
0.071,1384.5,83359.0
0.071,1831.5,134659.5
0.071,1035.5,52576.5
0.071,3500.0,248709.0
0.071,3500.0,148893.0
0.071,811.4,58373.6
0.071,2231.0,178245.66666666666
0.071,2654.25,161344.0
0.071,1819.0,61318.0
0.071,2015.0,105451.0
0.071,2441.8,137984.4
0.071,3500.0,217090.0
0.071,954.3333333333334,56488.333333333336
0.071,3500.0,144105.0
0.071,2734.0,141031.33333333334
0.071,60.0,411.0
0.071,1855.5,142464.0
0.071,1249.0,46156.0
0.071,3500.0,148550.5
0.071,3500.0,101179.0
0.071,1183.0,76192.25
0.071,1152.0,110338.0
0.071,2127.5,99241.5
0.071,2130.0,70942.2
0.071,3500.0,217971.5
0.071,1557.0,154065.0
0.071,3500.0,175921.5
0.071,3045.25,144074.0
0.071,1079.5,42164.5
0.071,147.5,743.5
0.071,2000.0,121670.25
0.071,1682.0,80345.66666666667
0.071,1840.0,69695.66666666667
0.071,2205.285714285714,133336.2857142857
0.071,2179.0,80820.25
0.071,1237.0,6119.0
0.071,3500.0,193159.0
0.071,1301.0,65618.5
0.071,1627.25,76575.75
0.071,2043.0,136610.33333333334
0.071,1057.5,71238.0
0.072,1555.0,153125.5
0.072,1636.5,35743.0
0.072,1231.0,71485.0
0.072,1858.0,81441.0
0.072,1492.0,67306.0
0.072,1731.4,107034.0
0.072,1087.0,29749.0
0.072,3500.0,247442.0
0.072,1230.0,67770.0
0.072,76.0,1372.0
0.072,2924.75,200278.75
0.072,1858.6666666666667,115715.0
0.072,1620.0,168335.0
0.072,1838.0,138027.33333333334
0.072,1174.0,44443.0
0.072,85.0,2570.0
0.072,2632.0,103486.0
0.072,1636.0,85940.0
0.072,1249.3333333333333,64290.333333333336
0.072,1445.0,83989.75
0.072,1538.0,81758.0
0.072,1583.3333333333333,85896.66666666667
0.072,2958.0,182258.33333333334
0.072,1082.0,139533.0
0.072,1930.0,122640.33333333333
0.072,1089.0,109635.0
0.072,1006.25,52929.0
0.072,2791.5,96608.5
0.072,3500.0,223745.0
0.072,3500.0,111857.0
0.072,1935.0,76247.0
0.072,1977.8,128010.8
0.072,1136.0,49781.0
0.072,3500.0,192605.5
0.072,728.5,56525.0
0.072,1517.3333333333333,85230.0
0.072,1258.0,120323.0
0.072,1235.0,78405.0
0.072,1190.0,57170.0
0.072,1177.0,43399.0
0.072,2017.8,92383.6
0.072,2729.6666666666665,155767.66666666666
0.072,3500.0,170339.5
0.072,1513.4,88434.6
0.072,1637.0,100111.0
0.072,447.0,23278.0
0.072,1558.0,107294.5
0.072,3500.0,100337.0
0.072,1314.5,89610.5
0.072,1554.0,73796.0
0.072,1177.0,87496.0
0.072,3500.0,206488.0
0.072,1684.3333333333333,92657.0
0.072,2053.0,163338.0
0.072,3500.0,133457.0
0.072,3500.0,152765.0
0.072,1539.0,74274.0
0.072,2006.0,112314.75
0.072,2399.5,133403.5
0.072,1287.3333333333333,70721.0
0.072,1666.5,106138.0
0.072,2032.75,141292.0
0.072,1430.5,66039.5
0.072,2175.0,110036.5
0.072,90.0,347.0
0.072,1807.0,151915.5
0.072,946.0,59610.25
0.072,1779.0,72273.0
0.072,196.5,2450.5
0.072,3500.0,197932.5
0.072,3143.6,155171.6
0.072,2026.6666666666667,81182.0
0.072,1230.0,77427.0
0.072,1741.0,156051.0
0.072,139.0,2507.0
0.072,143.0,272.0
0.072,1778.0,90455.0
0.072,421.0,10791.0
0.072,1869.0,136913.0
0.073,1277.0,25224.0
0.073,1800.0,141237.5
0.073,2769.6666666666665,173455.0
0.073,1438.0,98871.0
0.073,3014.3333333333335,100250.66666666667
0.073,2267.5,99543.0
0.073,3500.0,295424.0
0.073,786.0,61366.5
0.073,2210.6,157046.6
0.073,2650.75,97114.0
0.073,1837.0,86441.0
0.073,1814.3333333333333,129436.66666666667
0.073,3500.0,117113.0
0.073,2385.5,108341.0
0.073,1030.0,17657.0
0.073,2743.6666666666665,136560.33333333334
0.073,1614.25,66488.75
0.073,3500.0,95353.0
0.073,1372.0,99747.0
0.073,668.0,25792.5
0.073,2264.5,99471.5
0.073,2422.5,140092.0
0.073,3500.0,120080.0
0.073,2010.0,91068.0
0.073,3500.0,243350.5
0.073,2446.25,115977.0
0.073,2600.5,121842.5
0.073,2501.6666666666665,170036.66666666666
0.073,985.5,46974.5
0.073,1669.0,107551.5
0.073,1792.5,42128.5
0.073,940.2,21197.0
0.073,2824.6666666666665,122873.66666666667
0.073,2739.3333333333335,152705.0
0.073,2747.5,197029.0
0.073,1101.8,63347.6
0.073,1038.0,30752.0
0.073,2931.0,176331.25
0.073,75.0,91.0
0.073,1463.5,75949.5
0.073,1797.0,117683.57142857143
0.073,1239.5,84937.0
0.073,3500.0,194401.5
0.073,2023.0,98543.16666666667
0.073,2754.0,177412.66666666666
0.073,1599.0,68077.5
0.073,2334.6666666666665,149983.33333333334
0.073,1128.0,33565.0
0.073,2285.8333333333335,127137.0
0.073,1354.75,43410.0
0.073,1623.6,74958.8
0.073,2814.2,138570.6
0.073,2408.0,126665.33333333333
0.073,1681.0,102203.0
0.073,2468.25,170612.0
0.073,719.5,43656.25
0.073,2066.5,114458.5
0.073,3500.0,279078.0
0.073,1811.5,57297.0
0.073,1168.0,84062.0
0.073,2645.6,140863.2
0.073,2750.6666666666665,150364.66666666666
0.073,890.0,47477.0
0.073,1307.4,48298.6
0.073,876.5,29867.0
0.073,1669.5,134372.25
0.073,3500.0,96718.0
0.073,209.0,3555.0
0.073,692.0,12614.5
0.073,2366.6666666666665,94605.0
0.073,2413.0,98283.0
0.073,777.0,36060.0
0.073,558.0,7224.0
0.073,3500.0,182101.5
0.073,1542.75,104105.5
0.073,1052.0,9799.0
0.073,2359.25,154541.25
0.073,1046.0,31112.0
0.073,88.0,90.0
0.073,2381.6666666666665,167000.0
0.073,785.0,39193.333333333336
0.073,1796.0,107313.75
0.073,1144.8333333333333,72209.33333333333
0.073,2367.6,83542.0
0.073,3500.0,188863.0
0.073,1222.0,52179.0
0.074,529.0,11486.0
0.074,2416.0,187231.5
0.074,2368.0,117283.25
0.074,265.0,3547.3333333333335
0.074,2469.0,109376.5
0.074,1829.0,142864.0
0.074,1484.75,69806.75
0.074,320.6666666666667,4078.0
0.074,3500.0,145414.66666666666
0.074,1974.0,121348.0
0.074,1363.5,39778.0
0.074,3500.0,170222.0
0.074,1497.3333333333333,43817.0
0.074,2933.0,147937.66666666666
0.074,3500.0,95895.0
0.074,2896.3333333333335,182136.33333333334
0.074,1552.6,98059.0
0.074,1213.75,45316.5
0.074,1655.6666666666667,106117.33333333333
0.074,2968.25,149033.25
0.074,1793.0,66498.0
0.074,2771.3333333333335,139575.66666666666
0.074,2144.6666666666665,127197.66666666667
0.074,2002.5,89587.5
0.074,1591.0,58053.0
0.074,901.5,25227.5
0.074,1100.5,44637.75
0.074,1028.0,65723.0
0.074,1932.0,90854.0
0.074,1251.0,79542.0
0.074,1715.0,82067.0
0.074,1177.0,94967.0
0.074,3500.0,291543.0
0.074,1212.0,72546.0
0.074,343.0,803.0
0.074,2643.8,141102.6
0.074,956.0,64720.0
0.074,546.0,14005.5
0.074,1096.0,119066.33333333333
0.074,3004.0,154633.5
0.074,1903.5,90468.16666666667
0.074,89.0,137.0
0.074,76.0,1403.5
0.074,2887.0,204978.66666666666
0.074,880.5,47919.0
0.074,1998.5,85823.5
0.074,2733.3333333333335,121862.33333333333
0.074,2117.5,102525.5
0.074,2666.0,103619.0
0.074,2222.3333333333335,118704.33333333333
0.074,1694.625,85563.0
0.074,2325.5,79393.5
0.074,812.0,26262.0
0.074,3500.0,269849.0
0.074,1345.0,92411.0
0.074,1641.0,127207.33333333333
0.074,1786.25,116336.25
0.074,3500.0,228934.0
0.074,2962.6666666666665,122399.33333333333
0.074,2378.6666666666665,79602.66666666667
0.074,2479.5,99744.0
0.074,142.0,278.0
0.074,832.5,56602.0
0.074,1710.0,80882.0
0.074,3500.0,111427.0
0.074,2041.25,126860.0
0.074,2240.0,121387.75
0.074,1152.0,26439.0
0.074,3500.0,177508.0
0.074,1086.6666666666667,29884.333333333332
0.074,1029.0,52342.0
0.074,2126.75,113782.5
0.074,1150.5,41429.5
0.074,1136.0,32960.0
0.074,2018.0,92864.0
0.074,3500.0,206532.33333333334
0.074,2182.75,115453.25
0.074,3500.0,153415.0
0.074,1776.0,149351.0
0.075,280.5,1721.5
0.075,1372.6666666666667,43707.0
0.075,685.0,52584.75
0.075,1110.0,58685.8
0.075,3500.0,77603.0
0.075,1170.0,67113.0
0.075,3500.0,296552.0
0.075,575.5,17252.5
0.075,2861.3333333333335,124212.0
0.075,3055.0,112708.75
0.075,712.8333333333334,43367.166666666664
0.075,2614.0,152473.66666666666
0.075,1792.0,90762.66666666667
0.075,2798.5,107837.0
0.075,1606.6666666666667,120367.0
0.075,2700.4,185602.8
0.075,1545.5,141258.0
0.075,1775.3333333333333,91375.0
0.075,2363.0,95337.33333333333
0.075,1548.6666666666667,116185.66666666667
0.075,1483.0,68480.0
0.075,1710.6666666666667,106925.83333333333
0.075,2031.3333333333333,133469.33333333334
0.075,895.0,77541.0
0.075,2225.5,52336.5
0.075,1832.5,109828.5
0.075,3500.0,166166.0
0.075,1703.6666666666667,87288.0
0.075,1480.25,119326.75
0.075,1783.5,131329.0
0.075,2263.0,66993.0
0.075,1766.0,115228.0
0.075,1035.3333333333333,44359.666666666664
0.075,1429.3333333333333,66834.66666666667
0.075,3500.0,138417.0
0.075,205.0,874.0
0.075,1941.5,56405.0
0.075,1874.0,127548.33333333333
0.075,69.0,714.0
0.075,3500.0,100088.0
0.075,1728.6666666666667,56625.0
0.075,1607.0,101548.0
0.075,3088.25,141919.0
0.075,1997.6666666666667,114373.66666666667
0.075,2414.5,133665.25
0.075,2504.5,195554.5
0.075,2325.5,97405.83333333333
0.075,1702.0,61918.2
0.075,3500.0,253938.0
0.075,2261.75,99105.0
0.075,3500.0,128093.0
0.075,1398.0,77483.0
0.075,2883.75,177954.75
0.075,1384.3333333333333,61663.666666666664
0.075,2069.75,98927.5
0.075,1227.0,89053.0
0.075,2568.6666666666665,129665.33333333333
0.075,1740.0,142920.0
0.075,2664.3333333333335,128009.66666666667
0.075,2017.0,60492.5
0.075,1696.25,62518.0
0.075,484.5,3042.0
0.075,1224.3333333333333,50673.0
0.075,3007.25,163580.5
0.075,1874.0,98136.66666666667
0.075,2471.5,87656.0
0.075,50.0,62.0
0.075,2270.5,132209.5
0.075,1220.25,71521.25
0.075,627.5,6934.5
0.075,2257.3333333333335,105063.33333333333
0.075,1671.0,65766.0
0.075,1141.0,94811.0
0.075,2400.5,69168.0
0.075,2250.0,79253.0
0.075,1266.0,34843.0
0.075,2706.6666666666665,156291.66666666666
0.075,3004.2,113481.8
0.075,853.0,54552.0
0.075,93.0,99.0
0.075,3500.0,226521.0
0.075,1976.4,111488.2
0.075,2770.5,160142.5
0.075,2788.0,162823.66666666666
0.075,2735.3333333333335,161088.33333333334
0.075,1818.0,73344.5
0.075,1020.0,35278.0
0.076,2316.5,77676.25
0.076,997.0,48586.0
0.076,2471.6666666666665,97271.5
0.076,3500.0,274734.0
0.076,97.0,675.0
0.076,2643.0,92490.5
0.076,2780.5,150910.5
0.076,2917.0,73351.66666666667
0.076,805.5,52902.5
0.076,425.0,6160.0
0.076,2781.6666666666665,128612.66666666667
0.076,1938.0,114948.0
0.076,1728.3333333333333,81905.66666666667
0.076,1628.6666666666667,68611.66666666667
0.076,1841.0,190761.0
0.076,3500.0,204885.0
0.076,2077.0,125335.0
0.076,1797.5,144396.0
0.076,1656.3333333333333,79566.33333333333
0.076,298.0,1970.0
0.076,2379.5,134811.5
0.076,1938.0,136427.33333333334
0.076,1176.0,42625.0
0.076,1222.0,16710.0
0.076,334.0,8658.5
0.076,2038.0,99064.66666666667
0.076,1078.8333333333333,36545.333333333336
0.076,1364.0,59403.0
0.076,936.5,33209.5
0.076,1998.6666666666667,86320.33333333333
0.076,3500.0,143548.5
0.076,2447.0,91742.66666666667
0.076,1799.5,66722.0
0.076,96.0,97.0
0.076,152.0,3237.5
0.076,3500.0,180130.0
0.076,1683.3333333333333,80574.33333333333
0.076,3500.0,190636.0
0.076,461.0,797.0
0.076,3500.0,105405.0
0.076,1356.6666666666667,95710.0
0.076,1688.0,81377.0
0.076,3500.0,235858.0
0.076,2359.6666666666665,122026.66666666667
0.076,3500.0,232672.5
0.076,1543.0,52601.0
0.076,1782.25,110481.75
0.076,2408.0,73671.0
0.076,3500.0,77770.0
0.076,1345.3333333333333,52508.666666666664
0.076,3500.0,165113.0
0.076,3500.0,259753.0
0.076,2965.0,205243.75
0.076,1527.5,79303.0
0.076,1321.0,86373.0
0.076,1626.3333333333333,75317.0
0.076,1405.25,82800.5
0.076,2204.4,145695.8
0.076,2285.0,82122.5
0.076,843.3333333333334,52659.333333333336
0.076,2356.0,100689.0
0.076,1816.0,84499.0
0.076,2574.0,148832.0
0.076,2501.0,62184.0
0.076,1924.0,117367.0
0.076,683.5,55269.5
0.076,2094.0,83493.25
0.076,1457.0,48803.0
0.076,2732.0,224886.33333333334
0.076,1718.5,99541.75
0.076,1456.0,85361.0
0.076,3500.0,110371.0
0.076,3004.5,170390.0
0.076,1911.0,87135.0
0.076,3120.75,92655.75
0.076,1188.0,84499.0
0.076,1215.5,41009.5
0.076,2446.0,115469.5
0.076,1668.0,46799.0
0.077,1019.0,44922.0
0.077,2848.6666666666665,198086.0
0.077,975.0,78432.25
0.077,1767.0,94472.0
0.077,1043.0,76381.0
0.077,536.5,22450.0
0.077,2811.75,133501.0
0.077,665.5,70886.5
0.077,1199.0,44312.0
0.077,2138.0,79826.5
0.077,2556.5,153970.5
0.077,1611.6666666666667,92711.66666666667
0.077,1818.0,90810.0
0.077,1373.0,50774.0
0.077,3500.0,239646.5
0.077,2354.6666666666665,97274.66666666667
0.077,712.0,42961.5
0.077,2339.0,140190.5
0.077,85.0,2067.0
0.077,3500.0,136730.0
0.077,3500.0,182983.0
0.077,2407.0,162539.0
0.077,958.3333333333334,31080.0
0.077,2456.75,130262.25
0.077,2220.0,99119.5
0.077,1893.0,98396.0
0.077,2575.4,159106.2
0.077,2730.6666666666665,102670.33333333333
0.077,1976.5,43965.0
0.077,1721.0,66905.0
0.077,1426.0,55649.0
0.077,1987.5,39619.0
0.077,3500.0,125490.0
0.077,1042.0,132501.0
0.077,1686.0,72838.0
0.077,1981.0,123392.0
0.077,2965.0,133250.66666666666
0.077,1781.0,38500.0
0.077,1216.6666666666667,27985.666666666668
0.077,3500.0,234322.0
0.077,837.6666666666666,19654.333333333332
0.077,2716.3333333333335,166646.0
0.077,2075.0,78501.0
0.077,3500.0,188007.33333333334
0.077,1077.0,41814.0
0.077,2081.5,75207.5
0.077,138.5,1212.0
0.077,902.0,23462.5
0.077,110.0,113.0
0.077,812.0,46090.0
0.077,3500.0,182041.75
0.077,1327.0,84930.33333333333
0.077,2081.5,109111.5
0.077,3500.0,232478.0
0.077,1507.4,90136.4
0.077,3500.0,237565.0
0.077,1038.0,48498.0
0.077,210.0,2374.0
0.077,2178.6666666666665,169068.33333333334
0.077,3500.0,166460.0
0.077,3500.0,207388.0
0.077,164.0,3693.0
0.077,317.0,4769.666666666667
0.077,1881.4285714285713,94604.42857142857
0.077,3500.0,140787.0
0.077,2265.5,93689.5
0.077,3500.0,206376.0
0.077,3500.0,268560.5
0.077,1213.0,69239.5
0.077,1124.0,96210.0
0.077,337.0,6132.0
0.077,1672.0,201357.0
0.077,1493.6666666666667,90693.0
0.077,211.0,285.0
0.077,815.5,67734.5
0.077,3500.0,134732.0
0.077,1822.75,63477.75
0.078,2356.5,147405.0
0.078,136.0,368.0
0.078,3500.0,79938.0
0.078,3500.0,209046.0
0.078,2716.25,117083.75
0.078,1487.0,71701.0
0.078,1365.6666666666667,76695.33333333333
0.078,1557.0,97815.0
0.078,2087.5,121541.5
0.078,3500.0,155158.0
0.078,2230.0,104500.0
0.078,1026.0,25416.0
0.078,807.5,25736.75
0.078,2358.0,158480.66666666666
0.078,2380.5,78941.5
0.078,1855.0,89746.5
0.078,2580.5,92224.0
0.078,1293.0,103843.0
0.078,1571.0,65945.0
0.078,2075.0,94157.0
0.078,3500.0,116706.0
0.078,505.0,20481.0
0.078,1395.0,75255.5
0.078,2387.0,155998.5
0.078,1516.0,112900.0
0.078,1093.0,23534.0
0.078,704.5,41140.0
0.078,1104.0,30327.0
0.078,1433.0,81729.0
0.078,3500.0,196278.0
0.078,2365.3333333333335,76869.0
0.078,1563.0,55829.333333333336
0.078,1543.0,42639.5
0.078,2732.0,190342.0
0.078,198.0,752.0
0.078,2408.3333333333335,119209.0
0.078,3500.0,196900.0
0.078,1798.5,82340.5
0.078,1410.0,52684.0
0.078,2427.3333333333335,104329.0
0.078,2476.0,99912.0
0.078,3500.0,128651.0
0.078,2107.0,91137.66666666667
0.078,2218.0,204074.33333333334
0.078,360.0,24295.0
0.078,2836.0,147456.66666666666
0.078,3500.0,203978.5
0.078,1724.3333333333333,113534.0
0.078,3500.0,260959.0
0.078,2372.0,177808.33333333334
0.078,3500.0,121496.0
0.078,978.0,35402.5
0.078,1573.0,98524.5
0.078,1929.0,167952.0
0.078,3500.0,121859.6
0.078,2269.0,167127.0
0.078,3500.0,89457.0
0.078,2188.5,96927.0
0.078,2055.0,204226.0
0.078,1007.5,51983.5
0.078,2454.0,180043.0
0.078,748.5,30477.0
0.078,1520.5,160922.5
0.078,1849.0,83951.0
0.078,1106.0,55511.5
0.078,109.0,168.0
0.078,2830.3333333333335,147496.0
0.078,3500.0,113527.0
0.078,638.0,30563.5
0.078,1973.0,84262.5
0.078,2458.0,91928.5
0.078,2656.25,164074.25
0.078,2023.0,159485.75
0.078,1892.5,84811.5
0.078,2310.5,114779.75
0.078,3500.0,159055.0
0.078,1988.3333333333333,120814.33333333333
0.078,1161.0,55223.666666666664
0.078,1882.6666666666667,107873.66666666667
0.079,3500.0,196097.0
0.079,1757.3333333333333,78536.16666666667
0.079,1914.0,130324.0
0.079,2601.0,176740.0
0.079,2043.5,115753.0
0.079,2467.5,156878.0
0.079,1790.5,51125.5
0.079,2835.3333333333335,176431.0
0.079,3500.0,150625.0
0.079,2366.4,135751.8
0.079,545.0,55207.0
0.079,3088.0,134499.4
0.079,3500.0,179654.0
0.079,2306.5,111963.5
0.079,1722.75,65136.0
0.079,90.0,102.0
0.079,84.0,95.0
0.079,2754.6666666666665,108034.0
0.079,2473.6666666666665,123063.33333333333
0.079,3500.0,164900.33333333334
0.079,3500.0,211929.0
0.079,2922.25,153965.5
0.079,94.0,96.0
0.079,875.0,25347.0
0.079,735.5,84368.0
0.079,2679.0,124497.5
0.079,2668.5,122857.5
0.079,3500.0,126708.0
0.079,3500.0,285965.5
0.079,1720.0,91966.0
0.079,2764.0,81920.5
0.079,86.0,1925.0
0.079,1065.3333333333333,45290.666666666664
0.079,546.0,2369.0
0.079,1743.0,62619.333333333336
0.079,329.0,2086.0
0.079,1597.0,48344.0
0.079,2163.25,127703.0
0.079,1714.6666666666667,109783.33333333333
0.079,2683.5,96801.5
0.079,1703.0,125594.0
0.079,1512.6666666666667,108409.0
0.079,3045.25,125800.75
0.079,2336.75,121095.5
0.079,1641.0,90778.0
0.079,2886.25,129466.0
0.079,1900.0,88268.66666666667
0.079,3500.0,197796.5
0.079,58.0,384.0
0.079,1421.0,94981.0
0.079,1825.0,97955.0
0.079,476.0,1142.0
0.079,1170.0,66754.0
0.079,3500.0,160141.0
0.079,244.0,18084.0
0.079,490.5,52458.0
0.079,1401.0,83539.5
0.079,1827.3333333333333,128333.33333333333
0.079,285.0,620.0
0.079,2912.3333333333335,144092.0
0.079,3500.0,126102.5
0.079,1794.0,97538.5
0.079,2051.6666666666665,107645.0
0.079,3134.0,197888.5
0.079,3500.0,232119.5
0.079,2171.3333333333335,117375.0
0.079,2684.0,170893.0
0.079,2182.6,93930.4
0.079,1269.3333333333333,66251.33333333333
0.079,2188.25,124229.75
0.079,1388.0,88930.0
0.079,976.6666666666666,77151.0
0.079,1210.0,81595.0
0.079,2378.0,161933.0
0.079,3500.0,178151.0
0.079,1037.0,129908.5
0.079,3500.0,106728.0
0.079,1874.5,73971.0
0.079,112.0,1091.0
0.079,2484.0,169009.5
0.079,2354.6666666666665,131210.0
0.079,663.0,12095.0
0.079,3500.0,254010.5
0.08,1857.3333333333333,85897.0
0.08,1322.5,61734.5
0.08,1566.0,113877.66666666667
0.08,1810.0,45259.0
0.08,3024.25,127240.0
0.08,2225.6666666666665,101741.33333333333
0.08,3500.0,208608.5
0.08,1403.25,62827.25
0.08,1036.0,21909.0
0.08,3500.0,225870.0
0.08,102.0,156.0
0.08,166.0,3149.0
0.08,2984.6666666666665,101662.66666666667
0.08,3500.0,255464.0
0.08,3210.5,136089.33333333334
0.08,3500.0,180695.0
0.08,2942.6666666666665,98933.66666666667
0.08,3500.0,158783.0
0.08,1395.0,116209.0
0.08,2470.0,125891.5
0.08,3500.0,121039.0
0.08,2090.3333333333335,75840.66666666667
0.08,3500.0,146940.0
0.08,2374.3333333333335,98102.33333333333
0.08,3500.0,145949.0
0.08,1876.0,67395.33333333333
0.08,3500.0,160228.0
0.08,1882.0,84672.0
0.08,3500.0,313000.0
0.08,1254.5,49987.0
0.08,1354.0,60639.0
0.08,2355.3333333333335,130283.0
0.08,3500.0,229165.0
0.08,3500.0,249425.5
0.08,1031.0,54325.0
0.08,2015.6666666666667,130273.5
0.08,3500.0,264966.0
0.08,3500.0,293307.0
0.08,3500.0,149094.0
0.08,3500.0,187528.5
0.08,3500.0,181614.0
0.08,3132.75,125878.5
0.08,1656.0,128058.0
0.08,2002.6666666666667,78654.0
0.08,2849.6666666666665,127597.0
0.08,1371.0,48190.0
0.08,887.0,49618.5
0.08,2052.0,71390.0
0.08,444.0,13392.0
0.08,1792.5,66962.5
0.08,3500.0,198552.0
0.08,1730.0,101452.0
0.08,2703.0,150261.0
0.08,671.0,29899.0
0.08,3500.0,129637.5
0.08,3500.0,150689.0
0.08,2431.25,133138.25
0.08,1086.0,81797.0
0.08,2676.3333333333335,116287.66666666667
0.08,3500.0,192970.0
0.08,2996.5,143066.0
0.08,1145.0,50279.0
0.08,44.0,49.0
0.08,166.0,2825.0
0.08,2541.1666666666665,140438.16666666666
0.08,2335.5,123142.5
0.08,3500.0,172322.0
0.08,3500.0,194894.0
0.08,1594.0,83239.0
0.08,3500.0,132617.5
0.08,1567.3333333333333,105891.0
0.08,84.0,1371.0
0.08,3500.0,117353.0
0.08,1203.0,105887.0
0.08,2171.0,80011.5
0.08,1942.0,99941.33333333333
0.08,2965.6666666666665,182104.0
0.08,83.0,91.0
0.08,3500.0,141005.0
0.08,1958.6666666666667,88859.66666666667
0.08,1380.5,73728.0
0.08,61.0,435.0
0.081,2253.0,105136.5
0.081,3500.0,206464.0
0.081,2835.2,125902.0
0.081,3500.0,93898.0
0.081,1369.0,188727.5
0.081,1468.0,24648.0
0.081,3500.0,179706.0
0.081,1658.0,78128.66666666667
0.081,1977.5,113829.5
0.081,3500.0,82065.0
0.081,1386.0,58421.5
0.081,2402.25,109212.25
0.081,3500.0,203351.0
0.081,1926.5,97963.5
0.081,2301.5,134713.0
0.081,1524.0,69903.0
0.081,2690.5,156398.0
0.081,3500.0,214348.0
0.081,3500.0,90424.0
0.081,61.0,530.0
0.081,789.0,28295.0
0.081,1333.0,86459.5
0.081,1558.6666666666667,71376.33333333333
0.081,505.0,3056.0
0.081,2138.25,139252.5
0.081,1865.2,125153.6
0.081,678.5,57378.5
0.081,172.0,5094.0
0.081,3500.0,259679.5
0.081,3500.0,154414.5
0.081,3500.0,166693.0
0.081,1482.0,101110.0
0.081,2056.0,103010.0
0.081,129.0,1243.0
0.081,301.0,7805.5
0.081,979.5,54610.75
0.081,3500.0,168863.0
0.081,1491.0,56339.0
0.081,1060.0,118911.0
0.081,2448.5,158813.5
0.081,1783.5,111787.5
0.081,2445.6666666666665,153064.0
0.081,2678.6666666666665,98555.0
0.081,1728.75,75235.5
0.081,3500.0,273700.0
0.081,1332.5,121289.5
0.081,1518.0,110255.0
0.081,2510.0,105796.5
0.081,768.0,21069.0
0.081,1870.3333333333333,63862.333333333336
0.081,94.0,97.0
0.081,824.5,12070.0
0.081,3500.0,198158.0
0.081,3500.0,283960.5
0.081,1623.6666666666667,103382.66666666667
0.081,1505.0,46152.333333333336
0.081,3500.0,104442.0
0.081,3500.0,176296.5
0.081,2778.5,133593.5
0.081,1321.0,115894.0
0.081,2795.5,133167.5
0.081,3500.0,136113.0
0.081,1253.6666666666667,72448.33333333333
0.081,864.6666666666666,38247.666666666664
0.081,1195.3333333333333,70699.33333333333
0.081,3500.0,174137.0
0.081,2550.5,128030.0
0.081,1853.0,67504.6
0.081,3500.0,183580.0
0.081,3500.0,145273.0
0.081,2331.25,122061.75
0.081,3500.0,174065.0
0.081,2356.0,102485.66666666667
0.081,1373.5,65914.0
0.082,2349.5,53338.5
0.082,3092.0,146615.4
0.082,2783.5,128071.5
0.082,1807.0,88502.5
0.082,3500.0,167947.75
0.082,153.0,159.0
0.082,1871.5,102884.5
0.082,1547.0,119577.0
0.082,2422.5,124232.0
0.082,1146.5,49986.0
0.082,3500.0,185766.0
0.082,2791.5,114938.5
0.082,1505.0,118623.0
0.082,3500.0,104630.0
0.082,2739.6666666666665,142306.33333333334
0.082,1069.5,69946.0
0.082,2027.0,108710.33333333333
0.082,999.75,54273.0
0.082,1271.0,80843.0
0.082,1288.75,86276.0
0.082,2210.5,88799.0
0.082,3036.5,149709.25
0.082,2691.0,133419.33333333334
0.082,1390.0,48139.0
0.082,84.0,111.0
0.082,2397.3333333333335,174551.33333333334
0.082,2506.5,91939.5
0.082,1460.0,17488.0
0.082,2573.8,88851.6
0.082,1646.25,81781.5
0.082,1466.5,94879.25
0.082,3500.0,102979.0
0.082,2640.25,85848.0
0.082,2939.0,146570.75
0.082,1792.5,55755.5
0.082,2658.5,148806.25
0.082,2656.0,79243.5
0.082,2624.2,145387.4
0.082,1797.0,111931.0
0.082,2214.25,71936.5
0.082,91.0,123.0
0.082,2159.3333333333335,76780.66666666667
0.082,1895.0,169495.0
0.082,3500.0,223586.0
0.082,481.0,7640.0
0.082,206.0,7613.0
0.082,2528.5,94985.0
0.082,2921.0,80249.0
0.082,1446.0,84828.5
0.082,1084.0,40978.0
0.082,3500.0,80113.0
0.082,1645.0,34612.0
0.082,1990.3333333333333,162119.66666666666
0.082,2754.0,108513.33333333333
0.082,1461.0,78681.0
0.082,2042.0,107634.0
0.082,2269.0,106054.0
0.082,727.0,68370.0
0.082,3500.0,178031.0
0.082,2253.5,153133.5
0.082,905.0,45100.0
0.082,1209.0,49651.0
0.082,3500.0,214191.0
0.082,789.5,48867.0
0.082,3500.0,170620.5
0.082,3500.0,264290.5
0.082,2465.0,108277.0
0.082,3500.0,203369.0
0.082,1358.0,38156.0
0.082,2215.0,60473.333333333336
0.082,1151.0,45126.0
0.082,673.0,27512.6
0.082,607.5,48291.5
0.082,2632.5,225395.0
0.082,636.0,19557.5
0.082,2158.0,89082.75
0.082,2396.3333333333335,128148.66666666667
0.082,947.6666666666666,44717.666666666664
0.083,1510.0,90357.0
0.083,3500.0,218181.0
0.083,169.0,2082.0
0.083,2812.0,140345.33333333334
0.083,1179.0,109824.0
0.083,2554.0,119603.5
0.083,65.0,637.0
0.083,2354.6666666666665,65341.666666666664
0.083,1013.0,82266.0
0.083,1195.0,71302.0
0.083,3141.75,151796.25
0.083,1571.25,59319.0
0.083,2885.6666666666665,190982.66666666666
0.083,585.5,12294.0
0.083,3500.0,160880.0
0.083,831.5,55892.0
0.083,1240.3333333333333,83643.66666666667
0.083,1112.5,33962.5
0.083,63.0,558.0
0.083,1057.0,51055.0
0.083,3500.0,106801.0
0.083,3500.0,169231.0
0.083,3500.0,129444.0
0.083,1681.0,79409.0
0.083,1393.6666666666667,53449.333333333336
0.083,3500.0,183501.33333333334
0.083,3500.0,143198.0
0.083,1755.3333333333333,78775.33333333333
0.083,2653.0,136225.5
0.083,968.5,34378.0
0.083,1717.0,121389.0
0.083,2738.6666666666665,109611.66666666667
0.083,925.0,26534.0
0.083,1102.0,47271.0
0.083,1460.0,33066.666666666664
0.083,2365.0,134550.0
0.083,2398.5,143098.0
0.083,3500.0,266418.0
0.083,847.0,16204.0
0.083,433.0,8576.0
0.083,1294.5,63051.5
0.083,3500.0,132675.0
0.083,1852.75,72351.25
0.083,1621.6666666666667,70838.66666666667
0.083,3500.0,166040.0
0.083,505.0,23471.0
0.083,3500.0,178490.0
0.083,1369.3333333333333,57538.333333333336
0.083,2035.0,95725.33333333333
0.083,317.5,11277.5
0.083,581.25,16924.0
0.083,3500.0,152961.0
0.083,473.5,20690.0
0.083,87.0,161.0
0.083,2334.25,105215.25
0.083,1764.0,72756.0
0.083,2373.5,79272.5
0.083,1014.0,54817.5
0.083,3018.6666666666665,197076.66666666666
0.083,1769.3333333333333,123195.66666666667
0.083,2674.5,151541.5
0.083,3500.0,132455.0
0.083,1042.0,24684.0
0.083,1692.0,61803.0
0.083,1304.0,57532.0
0.083,3500.0,135508.0
0.083,1467.75,71482.75
0.083,2469.0,117056.5
0.083,1542.0,88700.0
0.083,3500.0,204782.0
0.083,3500.0,178377.0
0.083,1142.0,54268.0
0.083,102.0,120.5
0.083,1875.0,106995.5
0.083,2271.5,98556.0
0.083,305.0,15838.0
0.083,802.5,61084.5
0.083,1371.0,26812.0
0.083,3500.0,69752.0
0.083,1201.8,69671.4
0.083,1074.6666666666667,26400.666666666668
0.084,2783.0,113849.5
0.084,3500.0,282299.0
0.084,1747.3333333333333,92181.16666666667
0.084,2892.25,143547.0
0.084,2358.6666666666665,114330.66666666667
0.084,1000.0,55886.0
0.084,2566.0,192018.0
0.084,3500.0,144957.0
0.084,1721.5,118492.25
0.084,2449.5,80500.5
0.084,2812.6666666666665,120354.66666666667
0.084,3500.0,234649.0
0.084,3500.0,169147.5
0.084,1268.0,35029.0
0.084,421.0,7125.0
0.084,1054.0,90399.0
0.084,1781.5,78661.0
0.084,3500.0,302982.0
0.084,2314.0,106651.0
0.084,3500.0,148794.0
0.084,2521.5,132972.0
0.084,1734.0,82158.0
0.084,3500.0,135420.0
0.084,2011.0,169765.0
0.084,145.0,1089.0
0.084,3500.0,198979.0
0.084,1401.0,60435.0
0.084,2478.0,135191.83333333334
0.084,2052.0,78110.5
0.084,3500.0,175381.0
0.084,3500.0,217726.0
0.084,1846.0,68395.0
0.084,1748.0,78975.66666666667
0.084,2814.6666666666665,90827.0
0.084,173.5,9678.5
0.084,1461.0,38522.0
0.084,1769.2,129373.8
0.084,262.5,6040.5
0.084,3500.0,133718.0
0.084,2341.0,176013.0
0.084,65.0,615.0
0.084,2507.5,120906.0
0.084,3500.0,201480.0
0.084,2409.0,53243.5
0.084,2228.0,83196.0
0.084,1570.0,95150.0
0.084,3500.0,139454.0
0.084,3500.0,133701.0
0.084,1348.0,158715.0
0.084,1141.0,77402.0
0.084,1921.0,113908.25
0.084,126.0,133.0
0.084,107.0,1025.0
0.084,3500.0,133657.0
0.084,2177.25,138149.75
0.084,2488.5,112636.0
0.084,1787.0,36077.5
0.084,1367.0,59714.0
0.084,3500.0,254174.0
0.084,505.0,33791.0
0.084,1716.6666666666667,52545.0
0.084,646.25,43773.25
0.084,3500.0,209422.0
0.084,2501.5,155123.5
0.084,2698.0,101015.0
0.084,1822.6666666666667,125636.66666666667
0.084,2386.0,98935.5
0.084,666.0,7372.0
0.084,3500.0,169315.0
0.084,3500.0,140191.0
0.084,182.66666666666666,885.3333333333334
0.084,1096.0,36186.0
0.084,3500.0,98726.0
0.084,1444.0,42491.0
0.084,3500.0,236002.0
0.084,3500.0,277262.0
0.084,1173.0,58912.25
0.084,3500.0,132334.5
0.084,829.0,66797.5
0.084,1346.6666666666667,46339.0
0.084,3500.0,240967.0
0.084,2461.0,108113.5
0.084,3500.0,187861.0
0.085,118.0,1412.0
0.085,1887.0,139166.5
0.085,2141.5,139049.0
0.085,1823.0,101964.5
0.085,1905.0,139151.0
0.085,3500.0,164713.0
0.085,1104.5,28331.5
0.085,2366.0,96129.5
0.085,1735.0,110892.0
0.085,1866.6666666666667,83918.33333333333
0.085,1453.0,124064.33333333333
0.085,2613.5,189834.0
0.085,2442.0,74791.66666666667
0.085,2403.0,107919.0
0.085,3500.0,161104.0
0.085,1153.0,56900.5
0.085,278.5,19966.5
0.085,3500.0,244748.0
0.085,3500.0,154164.0
0.085,3500.0,228794.33333333334
0.085,2327.5,110854.5
0.085,89.0,102.0
0.085,2702.0,208455.5
0.085,3500.0,186414.66666666666
0.085,3500.0,106004.0
0.085,3500.0,176883.5
0.085,661.0,38951.0
0.085,1957.0,137426.66666666666
0.085,3500.0,189080.0
0.085,3500.0,268945.0
0.085,999.3333333333334,49877.666666666664
0.085,3500.0,187043.0
0.085,2359.0,103920.33333333333
0.085,2613.5,127321.5
0.085,2773.6666666666665,191706.0
0.085,1495.6666666666667,79302.66666666667
0.085,428.6666666666667,14148.333333333334
0.085,1681.0,101213.0
0.085,2479.5,97817.0
0.085,2338.8,138933.0
0.085,2263.0,104689.0
0.085,1512.3333333333333,94068.33333333333
0.085,3500.0,283964.0
0.085,957.3333333333334,78251.66666666667
0.085,59.0,398.0
0.085,1606.6666666666667,99344.0
0.085,1853.0,126435.0
0.085,3500.0,88328.0
0.085,1931.0,72632.0
0.085,337.0,2913.0
0.085,2422.5,183613.0
0.085,1244.0,32212.0
0.085,98.0,810.0
0.085,3500.0,183446.0
0.085,3500.0,195517.5
0.085,3500.0,239004.0
0.085,1360.5,26868.5
0.085,836.5,43406.5
0.085,2662.0,89547.5
0.085,1812.5,83283.5
0.085,1646.0,182504.0
0.085,1799.0,89668.0
0.085,3500.0,181707.0
0.085,1384.8,56005.6
0.085,2125.0,107885.5
0.085,1276.0,35401.0
0.085,2493.0,148083.6
0.085,2912.6666666666665,82441.33333333333
0.085,2498.5,114177.75
0.085,1229.3333333333333,79504.33333333333
0.085,2347.0,120747.5
0.085,3500.0,117531.0
0.085,3500.0,154936.0
0.085,1881.0,96172.0
0.085,1283.0,52324.0
0.085,2205.3333333333335,87092.0
0.085,2254.0,160181.0
0.085,2658.5,144669.5
0.086,3500.0,238821.0
0.086,2406.6666666666665,83964.66666666667
0.086,3500.0,292372.0
0.086,1783.0,112450.0
0.086,2901.6666666666665,134240.33333333334
0.086,3500.0,163943.0
0.086,2235.3333333333335,119763.0
0.086,1649.0,105710.2
0.086,2702.3333333333335,127071.0
0.086,1837.0,117662.0
0.086,1555.0,102687.5
0.086,2999.5,148571.75
0.086,2280.5,107573.5
0.086,1321.0,74244.0
0.086,1873.5,103499.0
0.086,1092.5,59723.5
0.086,3500.0,332836.0
0.086,2393.6666666666665,113367.33333333333
0.086,1441.0,84711.0
0.086,1894.6666666666667,65075.0
0.086,1131.5,36350.0
0.086,3500.0,206246.0
0.086,3500.0,170743.0
0.086,2061.0,133195.0
0.086,1112.0,59552.666666666664
0.086,2976.5,127578.0
0.086,1236.0,56790.0
0.086,78.0,104.0
0.086,3500.0,191279.0
0.086,1637.6666666666667,90074.0
0.086,3500.0,199483.0
0.086,2173.3333333333335,105257.66666666667
0.086,3500.0,93814.0
0.086,1784.0,164100.0
0.086,2402.5,84434.0
0.086,3500.0,172619.0
0.086,1657.0,93989.0
0.086,3500.0,217978.33333333334
0.086,3500.0,330447.0
0.086,1177.0,67383.0
0.086,1473.0,89465.0
0.086,1970.5,89533.0
0.086,3500.0,260590.0
0.086,2355.0,107878.25
0.086,1233.0,114423.0
0.086,52.0,75.0
0.086,1261.3333333333333,42171.333333333336
0.086,869.5,18135.0
0.086,2405.3333333333335,167049.33333333334
0.086,1593.3333333333333,101641.0
0.086,811.0,44492.666666666664
0.086,1609.6666666666667,56643.0
0.086,3500.0,130047.0
0.086,2808.0,165761.0
0.086,3500.0,169525.0
0.086,3500.0,128175.0
0.086,3500.0,222378.0
0.086,3500.0,88970.0
0.086,2465.0,120627.33333333333
0.086,2072.0,110419.0
0.086,123.0,143.0
0.086,1799.5,78545.5
0.086,3500.0,116193.0
0.086,2203.75,148341.75
0.086,3500.0,163040.5
0.086,3500.0,240741.0
0.086,2354.0,129278.33333333333
0.086,2067.75,119445.25
0.086,1949.0,80548.66666666667
0.086,3500.0,96591.5
0.086,1252.0,92626.33333333333
0.086,79.0,101.0
0.086,1721.0,100746.33333333333
0.086,1148.0,35911.0
0.086,2455.0,131546.5
0.086,3500.0,170546.5
0.087,3500.0,155643.0
0.087,3500.0,211917.0
0.087,2965.75,142800.75
0.087,1260.0,60159.0
0.087,900.5,16280.0
0.087,3500.0,259460.0
0.087,159.0,6338.0
0.087,1872.6666666666667,85782.66666666667
0.087,1446.0,18378.0
0.087,3500.0,125063.0
0.087,2370.0,189116.0
0.087,1263.5,29137.25
0.087,2066.0,118862.0
0.087,2641.5,143928.66666666666
0.087,2383.0,82814.5
0.087,2112.0,159031.0
0.087,2277.75,163490.25
0.087,1194.0,98699.0
0.087,2140.5,140354.5
0.087,3500.0,183831.0
0.087,78.0,331.0
0.087,351.5,4407.5
0.087,3500.0,236242.0
0.087,2098.3333333333335,79925.66666666667
0.087,2194.3333333333335,165596.33333333334
0.087,1604.5,64717.0
0.087,3004.5,150747.75
0.087,2613.0,61936.5
0.087,2793.0,92927.5
0.087,3500.0,186497.0
0.087,3500.0,146099.0
0.087,1580.0,110379.0
0.087,1834.5,107635.0
0.087,1780.5,119385.0
0.087,3500.0,117495.0
0.087,2378.0,108853.2
0.087,3500.0,127396.0
0.087,2439.5,97633.0
0.087,1566.0,81669.33333333333
0.087,1821.5,77283.5
0.087,3500.0,93373.0
0.087,1398.0,76935.0
0.087,3500.0,270844.0
0.087,3500.0,162265.0
0.087,3500.0,234784.0
0.087,2598.75,100956.0
0.087,1805.0,22053.0
0.087,894.5,55709.0
0.087,2715.3333333333335,148296.0
0.087,2674.5,154318.0
0.087,3500.0,203381.0
0.087,2344.0,124354.0
0.087,2716.5,154804.0
0.087,2359.0,112131.66666666667
0.087,932.8,15869.0
0.087,3500.0,104959.0
0.087,3500.0,307517.0
0.087,2465.6666666666665,147910.0
0.087,3500.0,196618.5
0.087,3500.0,248423.0
0.087,3500.0,153696.0
0.087,1429.0,76209.0
0.087,3500.0,227733.0
0.087,1160.5,52844.5
0.087,217.0,790.0
0.087,1877.5,127853.5
0.087,1271.6666666666667,58147.666666666664
0.087,1656.3333333333333,105811.0
0.087,1072.6666666666667,51917.666666666664
0.087,2192.75,108969.75
0.087,254.66666666666666,1491.6666666666667
0.087,1890.0,171040.0
0.087,715.5,24606.0
0.087,3500.0,233267.66666666666
0.087,2308.5,92506.5
0.087,459.0,12153.0
0.087,1381.0,33482.0
0.087,1874.3333333333333,48289.0
0.087,2399.25,130422.25
0.087,3500.0,67023.0
0.087,1775.5,67848.5
0.087,105.0,681.0
0.087,1499.0,40756.0
0.088,2636.0,174191.0
0.088,3500.0,209521.0
0.088,2085.5,101513.75
0.088,2708.2,152451.4
0.088,494.5,30172.0
0.088,1965.0,138881.0
0.088,1780.6666666666667,91542.33333333333
0.088,3500.0,246302.0
0.088,936.6666666666666,41444.333333333336
0.088,2043.5,96585.0
0.088,2359.6666666666665,118420.66666666667
0.088,3500.0,112643.0
0.088,3500.0,340421.0
0.088,74.0,91.0
0.088,2618.5,85392.0
0.088,2817.4,214369.2
0.088,2466.0,119360.0
0.088,1928.0,197920.0
0.088,2020.6666666666667,125862.33333333333
0.088,355.0,1005.0
0.088,287.5,8831.0
0.088,355.0,469.0
0.088,2386.5,142752.5
0.088,3500.0,191032.0
0.088,2140.75,102090.25
0.088,586.5,28891.5
0.088,1898.5,107028.5
0.088,3500.0,215112.0
0.088,909.6666666666666,44594.333333333336
0.088,839.0,13996.0
0.088,3500.0,194204.0
0.088,1067.0,96130.0
0.088,1540.0,96160.0
0.088,948.6666666666666,31737.333333333332
0.088,2060.3333333333335,103949.66666666667
0.088,3500.0,326485.0
0.088,80.0,94.0
0.088,1835.5,106599.0
0.088,1321.0,22647.0
0.088,3500.0,119341.0
0.088,1342.0,102322.0
0.088,1271.0,136364.0
0.088,3500.0,207386.0
0.088,3500.0,245640.0
0.088,2503.5,124965.5
0.088,3033.0,148624.5
0.088,3500.0,217360.0
0.088,1080.0,7262.0
0.088,3500.0,145524.5
0.088,965.0,46598.0
0.088,2775.0,240161.5
0.088,3026.5,146508.0
0.088,2521.0,134912.5
0.088,1720.0,99362.0
0.088,3500.0,187061.0
0.088,1091.5,35143.0
0.088,3500.0,177894.0
0.088,2537.0,155917.0
0.088,762.0,86178.5
0.088,1793.0,77365.5
0.088,3500.0,223278.0
0.088,237.0,938.0
0.088,2434.5,73881.0
0.088,1751.0,104872.0
0.088,2730.3333333333335,81369.66666666667
0.088,2460.5,174975.0
0.088,1765.8,96964.6
0.088,2439.0,119147.75
0.088,1820.5,119472.5
0.088,1967.25,154597.5
0.088,3500.0,136577.0
0.088,1428.0,81823.5
0.088,2185.0,151435.33333333334
0.088,619.0,54172.5
0.088,3500.0,92300.0
0.088,1770.6666666666667,98636.33333333333
0.089,3500.0,234318.0
0.089,2635.6666666666665,80002.33333333333
0.089,3500.0,303578.0
0.089,3500.0,198196.5
0.089,1340.0,49847.0
0.089,2363.3333333333335,174007.0
0.089,304.0,23946.0
0.089,3500.0,161986.5
0.089,312.0,1014.0
0.089,3500.0,131090.0
0.089,1883.5,77862.5
0.089,1995.25,111688.0
0.089,3500.0,233827.0
0.089,3500.0,212733.5
0.089,2098.0,102840.0
0.089,1996.8333333333333,98127.5
0.089,3500.0,267448.0
0.089,1831.5,100506.0
0.089,3500.0,156789.0
0.089,1080.0,84130.0
0.089,3500.0,93132.0
0.089,2206.0,91326.0
0.089,149.0,200.0
0.089,2716.5,166805.5
0.089,2163.0,94058.75
0.089,1067.0,71583.0
0.089,144.0,4363.0
0.089,1605.6666666666667,55592.666666666664
0.089,80.0,886.5
0.089,3500.0,298772.0
0.089,1382.0,69944.0
0.089,1316.0,81154.0
0.089,2469.0,139389.8
0.089,2758.6666666666665,173216.16666666666
0.089,2874.6666666666665,152306.66666666666
0.089,3500.0,170743.0
0.089,1482.0,141910.0
0.089,3500.0,162635.5
0.089,1575.0,65849.0
0.089,2632.5,104170.5
0.089,3500.0,179371.5
0.089,2547.5,150590.5
0.089,852.0,38062.0
0.089,3500.0,213478.0
0.089,1581.0,65209.0
0.089,3500.0,298943.5
0.089,3500.0,193959.0
0.089,1802.0,76387.5
0.089,3500.0,112256.5
0.089,3500.0,119996.0
0.089,3500.0,211380.5
0.089,2024.6666666666667,101787.33333333333
0.089,3500.0,198081.5
0.089,3500.0,248022.0
0.089,1063.5,39093.0
0.089,2360.6666666666665,128541.33333333333
0.089,2933.25,154350.25
0.089,1783.3333333333333,71909.33333333333
0.089,1803.5,65081.5
0.089,1054.0,33723.0
0.089,2374.3333333333335,105441.0
0.089,3500.0,186067.0
0.089,2282.0,91688.25
0.089,2536.5,148545.0
0.089,1895.6666666666667,84745.83333333333
0.089,2728.5,186784.0
0.089,3500.0,235259.0
0.089,3500.0,153467.0
0.089,2760.5,124663.5
0.089,1562.0,147583.0
0.089,964.0,65789.0
0.089,1428.5,101344.75
0.089,655.25,27101.5
0.089,3500.0,154867.66666666666
0.089,2149.0,71023.33333333333
0.089,2465.6666666666665,138451.0
0.089,255.0,4952.0
0.089,140.0,1366.0
0.089,2278.75,129557.25
0.089,1754.3333333333333,68924.33333333333
0.089,2913.5,131005.75
0.09,1527.5,36297.5
0.09,1918.5,79923.5
0.09,557.5,40904.5
0.09,1976.0,134958.66666666666
0.09,1284.0,97186.0
0.09,1261.0,31244.0
0.09,2729.0,141920.33333333334
0.09,1368.25,71745.75
0.09,1312.6666666666667,46456.333333333336
0.09,1681.0,91189.0
0.09,2229.3333333333335,110586.66666666667
0.09,2512.2,162451.6
0.09,1935.75,73430.0
0.09,708.0,32829.0
0.09,451.0,1250.0
0.09,3500.0,160124.5
0.09,1361.8,76908.0
0.09,758.5,35503.5
0.09,2411.0,84649.33333333333
0.09,88.0,96.0
0.09,2190.75,141410.75
0.09,3500.0,162284.75
0.09,2809.6666666666665,206436.33333333334
0.09,2351.25,94823.75
0.09,1327.0,38478.0
0.09,2651.5,160437.0
0.09,776.5,43243.0
0.09,1720.1666666666667,94061.83333333333
0.09,724.5,18223.0
0.09,1513.0,88134.0
0.09,2262.0,145010.0
0.09,1434.0,66657.5
0.09,3500.0,284526.0
0.09,3500.0,145049.0
0.09,259.0,1730.0
0.09,505.0,55141.0
0.09,3500.0,124317.0
0.09,2706.5,231391.0
0.09,3500.0,139054.0
0.09,2002.5,144956.0
0.09,3012.6666666666665,148238.33333333334
0.09,1793.0,94803.5
0.09,684.0,5921.0
0.09,2900.6666666666665,119945.33333333333
0.09,1923.5,118412.5
0.09,3500.0,208321.5
0.09,1174.0,79899.0
0.09,1616.5,82876.5
0.09,1611.5,86285.0
0.09,456.0,7344.0
0.09,3500.0,267638.0
0.09,3500.0,130539.0
0.09,2738.0,110501.5
0.09,1458.0,22612.0
0.09,2380.5,123307.5
0.09,2387.0,95996.66666666667
0.09,2781.6666666666665,170144.66666666666
0.09,2429.5,96800.5
0.09,3500.0,280134.0
0.09,1765.0,96699.0
0.09,2360.0,170400.5
0.09,1382.0,60443.5
0.09,1487.3333333333333,57276.333333333336
0.09,3500.0,165306.0
0.09,1055.0,46288.0
0.09,2047.4,145819.8
0.09,1138.0,42093.0
0.09,3500.0,147570.0
0.09,2361.6666666666665,123725.66666666667
0.09,2688.0,212499.0
0.09,2356.0,130642.5
0.09,3500.0,149708.0
0.09,2043.0,68729.66666666667
0.09,3500.0,236060.0
0.091,3500.0,118668.0
0.091,3500.0,66733.0
0.091,2830.0,211209.66666666666
0.091,2948.3333333333335,128522.33333333333
0.091,3500.0,165884.0
0.091,1853.5,88403.5
0.091,1106.5,24114.5
0.091,812.0,70887.5
0.091,1867.6,77143.6
0.091,2931.1666666666665,120862.33333333333
0.091,3500.0,255779.0
0.091,1424.0,80653.0
0.091,2131.3333333333335,124136.66666666667
0.091,2085.5,47652.75
0.091,153.0,1633.0
0.091,1777.0,105766.0
0.091,2529.0,148702.42857142858
0.091,2330.0,137667.5
0.091,515.0,14111.333333333334
0.091,2764.5,122091.5
0.091,2643.0,99276.0
0.091,1900.0,86507.0
0.091,1818.0,76623.0
0.091,1819.5,67054.5
0.091,2511.0,111925.5
0.091,3500.0,220684.5
0.091,3500.0,308522.0
0.091,3500.0,86339.0
0.091,3500.0,271419.5
0.091,209.0,404.0
0.091,2741.3333333333335,184862.0
0.091,3081.0,183216.75
0.091,217.0,2484.0
0.091,1255.0,75549.0
0.091,2308.6666666666665,160758.66666666666
0.091,661.5,30734.5
0.091,3500.0,278122.0
0.091,2135.25,103548.75
0.091,2457.0,108936.0
0.091,94.0,105.0
0.091,164.0,3553.0
0.091,1881.0,102569.66666666667
0.091,1309.0,29333.0
0.091,1805.5,115158.0
0.091,1997.3333333333333,108632.66666666667
0.091,163.0,187.0
0.091,3500.0,147858.5
0.091,1800.5,44242.0
0.091,1818.5,44597.5
0.091,1662.5,109420.75
0.091,77.0,1127.0
0.091,717.0,15117.0
0.091,3500.0,298662.0
0.091,128.0,457.0
0.091,2328.6666666666665,147469.66666666666
0.091,3500.0,262735.0
0.091,971.75,76938.0
0.091,2380.6666666666665,168078.66666666666
0.091,3500.0,122321.0
0.091,2483.6666666666665,139057.66666666666
0.091,2703.5,134933.5
0.091,3500.0,116888.0
0.091,1585.6666666666667,60388.666666666664
0.091,1781.0,49047.5
0.091,1792.0,175233.0
0.091,3500.0,246582.5
0.091,3127.0,149191.66666666666
0.091,1429.0,57920.0
0.091,3500.0,218163.0
0.091,1433.0,65836.0
0.091,855.0,27080.666666666668
0.091,2209.0,112940.0
0.091,3500.0,172781.0
0.091,3500.0,104946.0
0.091,3500.0,186983.0
0.091,1165.0,21572.0
0.091,2403.3333333333335,78974.33333333333
0.091,1979.0,91413.66666666667
0.092,195.0,2407.0
0.092,1078.5,63021.5
0.092,3500.0,187923.0
0.092,3500.0,150389.0
0.092,3500.0,178951.0
0.092,1796.5,40154.5
0.092,3500.0,166259.0
0.092,3500.0,231451.0
0.092,992.0,35802.5
0.092,2627.0,75310.5
0.092,2667.25,128747.5
0.092,3500.0,231103.0
0.092,1812.5,137104.0
0.092,3500.0,171021.0
0.092,758.0,40924.0
0.092,63.0,453.0
0.092,3500.0,161364.5
0.092,922.0,27858.0
0.092,2351.3333333333335,164371.33333333334
0.092,2886.25,156948.0
0.092,1787.0,84174.0
0.092,3500.0,169461.0
0.092,2500.5,156165.0
0.092,505.0,15436.0
0.092,1795.5,128255.25
0.092,3500.0,176589.0
0.092,1002.5,23732.0
0.092,3500.0,134644.0
0.092,2594.0,157274.5
0.092,2506.5,118581.0
0.092,2261.5,158773.5
0.092,1105.0,32316.0
0.092,3500.0,213707.0
0.092,1393.0,49627.333333333336
0.092,2793.3333333333335,130566.33333333333
0.092,2592.5,141672.5
0.092,1918.5,102666.0
0.092,1271.5,71759.5
0.092,2140.25,82322.25
0.092,1947.3333333333333,71420.66666666667
0.092,3500.0,164821.5
0.092,3500.0,294743.0
0.092,63.0,595.0
0.092,3500.0,169469.0
0.092,2360.6666666666665,113543.33333333333
0.092,68.0,95.0
0.092,1148.0,38693.0
0.092,82.0,98.0
0.092,1885.5,108884.0
0.092,3500.0,202657.5
0.092,695.6666666666666,17179.0
0.092,3500.0,282290.0
0.092,451.0,3799.0
0.092,2411.0,139097.5
0.092,882.5,35334.5
0.092,2617.75,168902.0
0.092,261.0,2894.0
0.092,3500.0,163876.0
0.092,3132.6,192510.0
0.092,421.0,44349.0
0.092,2299.0,147068.0
0.092,3500.0,168192.0
0.092,3500.0,133074.0
0.092,2447.75,142593.25
0.092,3500.0,134060.0
0.092,92.0,94.0
0.092,3500.0,178255.0
0.092,2495.0,116149.0
0.092,1757.5,98824.5
0.092,2573.5,175349.0
0.092,649.0,22958.0
0.092,1627.5,80580.5
0.092,3500.0,324657.0
0.092,3500.0,173350.0
0.092,1783.5,85113.0
0.092,3500.0,159185.0
0.092,90.0,1808.0
0.092,3500.0,151882.0
0.092,1140.0,67922.0
0.093,61.0,453.0
0.093,2851.6666666666665,115065.66666666667
0.093,2701.6,97147.4
0.093,2258.5,107656.5
0.093,1699.6666666666667,51725.666666666664
0.093,227.33333333333334,2402.3333333333335
0.093,64.0,572.0
0.093,65.0,742.0
0.093,3500.0,191959.5
0.093,102.0,1982.0
0.093,2050.25,121640.25
0.093,279.0,3205.0
0.093,2815.4,152482.4
0.093,139.0,1124.0
0.093,1876.5,90198.0
0.093,376.0,20449.0
0.093,2038.0,113126.0
0.093,391.0,1238.0
0.093,2306.0,108777.5
0.093,2267.5,146861.5
0.093,2601.25,128193.75
0.093,283.0,1215.0
0.093,1727.0,19067.0
0.093,2322.5,110303.5
0.093,1430.0,32515.5
0.093,1794.5,36400.5
0.093,3500.0,269681.0
0.093,3500.0,119616.0
0.093,2055.3333333333335,53303.333333333336
0.093,3500.0,273609.0
0.093,1241.5,45713.75
0.093,2093.25,151583.75
0.093,2425.3333333333335,91080.33333333333
0.093,3500.0,177363.0
0.093,1587.0,86552.0
0.093,1537.0,77674.0
0.093,2389.6666666666665,136272.0
0.093,3500.0,270314.0
0.093,2505.0,98265.5
0.093,1712.3333333333333,52263.666666666664
0.093,3500.0,169437.0
0.093,2526.0,144789.5
0.093,1491.25,64012.5
0.093,1695.5,68724.0
0.093,2661.0,81956.5
0.093,1802.0,100415.5
0.093,3500.0,167756.5
0.093,1816.0,110690.5
0.093,1138.5,43924.0
0.093,3500.0,329840.0
0.093,2316.3333333333335,140336.5
0.093,587.0,4545.0
0.093,3500.0,115066.5
0.093,1872.0,120413.0
0.093,1851.0,39133.0
0.093,1795.0,67049.5
0.093,2248.5,85332.0
0.093,3500.0,155189.75
0.093,1606.0,73758.33333333333
0.093,1632.3333333333333,50390.0
0.093,3103.4,127100.6
0.093,1958.3333333333333,100856.33333333333
0.093,3500.0,146876.0
0.093,1101.0,54242.0
0.093,832.0,30184.666666666668
0.093,3500.0,250422.0
0.093,3500.0,104751.0
0.093,1849.0,78737.0
0.093,1800.5,133475.5
0.093,3500.0,143443.0
0.093,2694.0,118271.66666666667
0.093,1793.0,83331.5
0.093,1880.0,110747.0
0.093,3500.0,164407.33333333334
0.093,1781.0,54085.5
0.093,1733.6666666666667,102810.33333333333
0.093,810.0,21865.5
0.093,218.5,2356.5
0.093,2177.0,101012.33333333333
0.093,3500.0,285164.0
0.094,2354.0,83254.0
0.094,1949.6666666666667,119353.33333333333
0.094,2405.6666666666665,132254.66666666666
0.094,176.0,976.0
0.094,3500.0,187637.0
0.094,1538.0,38125.0
0.094,2105.25,73308.5
0.094,1987.6666666666667,56413.0
0.094,2255.5,85445.5
0.094,1261.0,46486.0
0.094,3500.0,72600.0
0.094,2443.0,72948.66666666667
0.094,2266.0,128617.5
0.094,687.0,27564.0
0.094,2585.5,158192.5
0.094,3500.0,98431.0
0.094,2243.5,157131.5
0.094,828.0,29930.0
0.094,3500.0,170392.0
0.094,3500.0,167033.0
0.094,3500.0,123811.0
0.094,1486.5,92433.75
0.094,1928.5,162881.5
0.094,1016.0,46134.0
0.094,86.0,1092.0
0.094,2442.5,150409.0
0.094,2529.0,86559.0
0.094,2323.1666666666665,128261.16666666667
0.094,1047.4285714285713,46960.142857142855
0.094,2598.0,106836.5
0.094,3500.0,217373.0
0.094,2368.3333333333335,98798.0
0.094,1144.0,25886.5
0.094,3500.0,194399.0
0.094,2445.6666666666665,101098.33333333333
0.094,3500.0,196536.66666666666
0.094,2502.0,116644.0
0.094,1778.5,105754.5
0.094,2192.8,126021.0
0.094,604.0,14172.0
0.094,2008.0,110937.5
0.094,848.0,62812.0
0.094,3500.0,194865.0
0.094,1333.0,62969.666666666664
0.094,3500.0,299563.0
0.094,2011.0,105965.33333333333
0.094,3500.0,114006.0
0.094,2515.0,141868.0
0.094,3500.0,85432.0
0.094,3500.0,126391.0
0.094,2501.6666666666665,157544.33333333334
0.094,3500.0,210253.66666666666
0.094,1783.5,84785.0
0.094,2967.25,161456.0
0.094,2002.5,98414.5
0.094,3500.0,301492.0
0.094,3500.0,170845.0
0.094,1072.0,74415.0
0.094,2687.5,133095.5
0.094,3500.0,174930.5
0.094,1817.0,43710.5
0.094,3500.0,193065.0
0.094,3500.0,211773.0
0.094,3500.0,129643.0
0.094,2692.0,194566.66666666666
0.094,2184.0,95770.0
0.094,736.0,23740.5
0.094,3500.0,221429.66666666666
0.094,3500.0,187406.0
0.094,1022.0,23906.0
0.094,2555.0,186335.5
0.094,2092.5,161106.5
0.094,3500.0,262906.0
0.094,1861.0,43240.0
0.094,1045.3333333333333,95963.33333333333
0.094,3500.0,257565.0
0.094,2380.5,134483.5
0.094,1663.3333333333333,76320.0
0.094,2006.0,143053.0
0.095,1037.0,41077.0
0.095,3500.0,119553.0
0.095,945.5,52865.75
0.095,3500.0,201555.0
0.095,2899.25,115010.25
0.095,2574.0,182150.5
0.095,3500.0,106381.5
0.095,3500.0,101074.0
0.095,3500.0,150462.33333333334
0.095,3500.0,199590.0
0.095,3500.0,128030.0
0.095,991.5,39721.5
0.095,2288.0,112680.5
0.095,2657.3333333333335,127488.66666666667
0.095,3500.0,283660.0
0.095,1535.0,70106.0
0.095,2359.25,119667.75
0.095,3500.0,85300.0
0.095,1779.6666666666667,82409.33333333333
0.095,1123.0,15877.0
0.095,611.5,23896.0
0.095,505.0,12506.0
0.095,1930.0,59670.666666666664
0.095,3500.0,151365.0
0.095,187.0,1916.0
0.095,3500.0,262087.0
0.095,1451.0,10906.0
0.095,2524.5,169835.5
0.095,2362.3333333333335,84817.33333333333
0.095,2306.2,127195.0
0.095,3500.0,151425.5
0.095,2038.5,128551.0
0.095,82.0,108.0
0.095,2975.0,124824.5
0.095,2313.5,139301.0
0.095,2383.25,150593.5
0.095,3500.0,205136.0
0.095,2267.25,95181.0
0.095,2644.5,101708.25
0.095,1794.5,121047.0
0.095,3500.0,186997.0
0.095,1686.0,43861.0
0.095,3500.0,186599.0
0.095,426.0,4971.0
0.095,1237.0,82684.0
0.095,2062.3333333333335,90240.0
0.095,1815.25,86683.0
0.095,1770.8,105529.0
0.095,3500.0,148758.0
0.095,87.0,96.0
0.095,65.0,732.0
0.095,3500.0,229773.0
0.095,2615.5,95833.5
0.095,1419.5,43201.0
0.095,3500.0,198673.0
0.095,3500.0,140565.5
0.095,2957.75,168894.25
0.095,3500.0,323645.0
0.095,3500.0,139926.0
0.095,1382.0,44417.0
0.095,3500.0,158445.0
0.095,1266.8,31168.2
0.095,1456.5,118234.5
0.095,2548.0,135628.5
0.095,1537.0,200301.0
0.095,3500.0,237439.0
0.095,2184.75,69794.5
0.095,2369.0,100120.75
0.095,3500.0,202525.0
0.095,688.0,48559.0
0.095,815.0,29583.0
0.095,3500.0,129602.5
0.095,1780.0,139991.0
0.095,1209.0,117122.0
0.095,3500.0,273706.0
0.095,803.0,26926.5
0.095,1888.0,110914.5
0.095,1843.2,80582.0
0.095,253.0,9876.0
0.095,3500.0,157457.0
0.095,3500.0,115144.5
0.096,543.0,20308.0
0.096,2688.6666666666665,122462.33333333333
0.096,1591.25,106426.0
0.096,3500.0,202726.0
0.096,3500.0,198396.0
0.096,3500.0,164410.0
0.096,3500.0,170184.0
0.096,3500.0,188483.25
0.096,2105.6666666666665,96820.0
0.096,1472.0,56624.5
0.096,2565.5,102155.0
0.096,1816.0,130521.5
0.096,3500.0,248186.0
0.096,3500.0,175162.0
0.096,3500.0,146617.0
0.096,3500.0,274740.0
0.096,1647.0,89892.0
0.096,3500.0,147135.0
0.096,1623.0,65960.0
0.096,2021.0,131340.0
0.096,1800.0,60908.5
0.096,3500.0,162475.0
0.096,505.0,19883.0
0.096,2433.0,107917.0
0.096,3500.0,140187.66666666666
0.096,3500.0,106651.0
0.096,2506.5,100634.0
0.096,1790.5,70325.5
0.096,1257.5,87417.5
0.096,1477.6,65961.2
0.096,3500.0,168801.0
0.096,2616.0,90040.5
0.096,2501.6666666666665,135213.66666666666
0.096,2014.4285714285713,134513.7142857143
0.096,2584.8333333333335,100580.66666666667
0.096,1450.0,8178.0
0.096,2593.0,129408.33333333333
0.096,2905.75,97132.0
0.096,1165.0,86025.0
0.096,1780.5,95243.5
0.096,2939.0,178392.33333333334
0.096,3500.0,332902.0
0.096,2370.0,167928.0
0.096,1080.5,44881.0
0.096,2007.0,57444.0
0.096,1097.0,39548.0
0.096,2423.0,123149.0
0.096,1042.0,41818.0
0.096,2386.0,89157.33333333333
0.096,116.5,1454.5
0.096,3500.0,164384.0
0.096,2654.5,160996.25
0.096,1407.0,95143.0
0.096,3500.0,197602.0
0.096,1328.5,57407.0
0.096,2474.0,138185.5
0.096,1169.5,63424.5
0.096,3500.0,180813.0
0.096,696.0,5639.0
0.096,3500.0,146788.5
0.096,3500.0,299161.0
0.096,597.0,21081.0
0.096,2459.3333333333335,117067.66666666667
0.096,1480.0,39735.0
0.096,3500.0,127975.0
0.096,118.0,597.5
0.096,419.6666666666667,8726.666666666666
0.096,3039.75,187271.25
0.096,69.0,831.0
0.096,3500.0,56760.0
0.096,1458.0,66952.0
0.096,1338.0,34727.0
0.096,1788.5,50781.0
0.096,3500.0,130140.5
0.096,3500.0,172914.0
0.096,2812.6666666666665,113965.33333333333
0.096,1442.0,61654.5
0.096,1018.0,56383.0
0.096,3500.0,220898.5
0.096,1669.6666666666667,76988.0
0.097,2646.75,175936.25
0.097,2577.75,202462.5
0.097,972.2,54055.6
0.097,2469.0,84896.0
0.097,1586.3333333333333,92100.33333333333
0.097,2383.0,122714.5
0.097,3500.0,175899.0
0.097,2311.0,87856.5
0.097,2602.5,158546.5
0.097,1808.3333333333333,77451.33333333333
0.097,1895.5,89426.0
0.097,3500.0,110852.0
0.097,2274.6666666666665,114084.66666666667
0.097,3500.0,216674.0
0.097,3500.0,296998.0
0.097,3500.0,116209.0
0.097,2439.6,132531.8
0.097,3500.0,109611.0
0.097,2045.0,83813.0
0.097,2409.0,102621.33333333333
0.097,1634.0,105648.0
0.097,3500.0,168417.66666666666
0.097,2002.5,59781.0
0.097,2884.2,140551.0
0.097,3500.0,103415.0
0.097,1703.0,108391.0
0.097,2280.75,68113.5
0.097,3500.0,211200.5
0.097,1725.75,54566.25
0.097,300.0,909.5
0.097,1316.0,22143.0
0.097,3102.0,129238.0
0.097,2397.3333333333335,124638.66666666667
0.097,1529.0,118343.0
0.097,3500.0,48731.0
0.097,3500.0,140829.5
0.097,3500.0,214487.0
0.097,505.0,9399.0
0.097,545.0,4832.0
0.097,279.0,1095.0
0.097,2783.3333333333335,159785.33333333334
0.097,2343.0,108619.5
0.097,2357.3333333333335,143699.0
0.097,1981.3333333333333,70391.66666666667
0.097,1296.0,63850.5
0.097,3500.0,132414.0
0.097,3500.0,129025.5
0.097,2339.0,103317.0
0.097,3500.0,126955.0
0.097,1388.0,67430.0
0.097,3500.0,192122.0
0.097,1106.5,39351.0
0.097,1866.6666666666667,99182.66666666667
0.097,2674.3333333333335,172452.33333333334
0.097,3500.0,264641.0
0.097,1110.6666666666667,44180.666666666664
0.097,2531.0,199769.0
0.097,58.0,518.0
0.097,3500.0,218404.5
0.097,2641.3333333333335,160444.33333333334
0.097,1810.0,67990.0
0.097,2418.75,139977.75
0.097,3500.0,149251.5
0.097,3500.0,197776.0
0.097,2643.75,154949.5
0.097,2450.0,138503.5
0.097,2375.5,114937.5
0.097,2371.0,130062.5
0.097,2386.6666666666665,100598.33333333333
0.097,2555.5,200270.5
0.097,3500.0,236263.0
0.097,78.0,93.0
0.097,1835.0,136011.0
0.097,2473.6666666666665,92616.33333333333
0.097,3500.0,187721.0
0.097,231.0,699.0
0.098,389.0,1662.0
0.098,2131.8,94766.8
0.098,2938.0,169574.33333333334
0.098,3500.0,167256.0
0.098,2380.5,136296.0
0.098,2114.5,113200.0
0.098,201.66666666666666,13047.333333333334
0.098,2426.5,70102.5
0.098,560.0,20090.5
0.098,2373.6666666666665,105942.0
0.098,2172.0,110417.4
0.098,3500.0,148161.0
0.098,1840.5,74332.0
0.098,1957.0,70194.0
0.098,2535.75,145017.0
0.098,2528.5,109719.0
0.098,2605.0,184358.5
0.098,3027.75,209265.5
0.098,2359.0,139742.66666666666
0.098,2584.0,134211.5
0.098,1277.0,83939.0
0.098,2925.0,146146.0
0.098,1460.5,103608.0
0.098,2642.25,99396.5
0.098,3500.0,112026.0
0.098,1443.0,55767.0
0.098,3500.0,135220.0
0.098,141.0,3081.0
0.098,3500.0,269951.0
0.098,2550.0,98409.0
0.098,159.0,2032.0
0.098,3500.0,200864.0
0.098,3500.0,99063.0
0.098,891.0,41495.25
0.098,3500.0,111832.0
0.098,3500.0,192798.0
0.098,2546.0,242606.0
0.098,3500.0,181606.0
0.098,3500.0,290219.0
0.098,3500.0,173231.0
0.098,3500.0,197536.0
0.098,3500.0,226315.5
0.098,3500.0,252540.0
0.098,2817.285714285714,142366.57142857142
0.098,77.0,83.0
0.098,3500.0,131028.0
0.098,3500.0,188450.0
0.098,1631.5,114905.5
0.098,2308.0,123012.0
0.098,1811.0,101892.5
0.098,1254.0,54407.333333333336
0.098,1343.0,29834.0
0.098,3023.6666666666665,123848.66666666667
0.098,1513.0,146393.0
0.098,1822.6666666666667,92574.33333333333
0.098,1766.0,45682.0
0.098,1229.0,20410.0
0.098,2680.6666666666665,205614.0
0.098,3500.0,98724.0
0.098,340.0,20424.5
0.098,1578.0,53570.0
0.098,2251.0,87234.75
0.098,96.0,190.0
0.098,2825.6666666666665,138428.0
0.098,18.0,20.0
0.098,2727.0,147707.33333333334
0.098,3500.0,107464.0
0.098,1257.0,40351.0
0.098,3500.0,248985.0
0.098,169.0,5341.0
0.098,1418.3333333333333,59037.666666666664
0.098,776.0,24559.5
0.098,2273.5,72244.0
0.099,472.0,14007.0
0.099,1666.25,92343.25
0.099,3500.0,188902.0
0.099,1566.3333333333333,45671.333333333336
0.099,3500.0,187832.5
0.099,3500.0,225825.0
0.099,3500.0,230029.0
0.099,1834.0,72873.5
0.099,3003.25,141727.5
0.099,1791.0,115205.5
0.099,2019.5,102372.0
0.099,2893.6666666666665,82029.0
0.099,3500.0,134114.0
0.099,1971.3333333333333,94708.0
0.099,3500.0,101528.0
0.099,3500.0,196359.0
0.099,1498.5,64098.5
0.099,1429.0,67184.0
0.099,1445.0,103041.5
0.099,3500.0,110917.0
0.099,1850.0,86497.5
0.099,505.0,16516.0
0.099,1460.0,16750.0
0.099,3500.0,180224.5
0.099,2863.3333333333335,105194.33333333333
0.099,2725.6666666666665,155130.0
0.099,2722.6666666666665,187703.66666666666
0.099,2024.0,74550.5
0.099,3500.0,170989.66666666666
0.099,3500.0,105669.0
0.099,2270.0,107894.66666666667
0.099,3500.0,153828.5
0.099,1854.0,111009.0
0.099,805.6666666666666,33736.666666666664
0.099,2328.5,132441.0
0.099,799.0,49375.0
0.099,3500.0,133849.0
0.099,1326.0,50927.0
0.099,1275.0,22958.0
0.099,3500.0,198470.0
0.099,1782.0,77614.0
0.099,3500.0,135008.5
0.099,2846.0,158550.0
0.099,103.0,110.0
0.099,1118.0,63071.0
0.099,3500.0,81350.0
0.099,1326.0,51552.75
0.099,2278.0,162756.66666666666
0.099,625.5,12038.5
0.099,1791.0,105704.0
0.099,2657.0,96121.5
0.099,79.0,1317.0
0.099,1257.0,79114.0
0.099,2410.3333333333335,178579.0
0.099,3500.0,214231.0
0.099,1332.0,71623.0
0.099,2601.0,162450.5
0.099,2316.0,126506.0
0.099,1851.75,107403.5
0.099,3500.0,209589.0
0.099,1134.0,43291.5
0.099,3500.0,267951.0
0.099,2322.1428571428573,74502.71428571429
0.099,3500.0,239825.0
0.099,2533.0,159011.0
0.099,1915.75,79842.0
0.099,3500.0,215747.0
0.099,3500.0,254245.0
0.099,3500.0,264104.0
0.099,3500.0,263810.0
0.099,2496.5,131976.5
0.099,2103.0,113885.0
0.099,2097.0,123865.33333333333
0.099,2866.6666666666665,152902.0
0.099,3500.0,162798.0
0.1,2478.5,141535.0
0.1,1324.0,36011.0
0.1,1834.5,144963.5
0.1,2603.0,157919.5
0.1,2019.0,31948.0
0.1,3500.0,180369.0
0.1,1780.0,79843.0
0.1,3500.0,244244.0
0.1,1233.5,87903.0
0.1,3500.0,89407.0
0.1,1803.3333333333333,107812.33333333333
0.1,3500.0,223961.66666666666
0.1,1371.0,81278.66666666667
0.1,1368.0,64678.666666666664
0.1,2347.0,121291.0
0.1,173.0,3607.0
0.1,1394.5,30224.0
0.1,2640.25,156988.5
0.1,1252.0,20780.0
0.1,2282.0,59615.0
0.1,2720.3333333333335,117243.33333333333
0.1,1369.0,60604.25
0.1,2387.0,117157.5
0.1,421.0,9764.0
0.1,1999.0,133862.0
0.1,1797.5,122504.5
0.1,3500.0,287179.0
0.1,1264.0,99903.0
0.1,2563.0,139894.5
0.1,3500.0,130537.0
0.1,2713.2,151588.6
0.1,1546.6666666666667,114721.0
0.1,2955.0,186325.75
0.1,2540.5,83057.0
0.1,3500.0,191143.0
0.1,3500.0,242838.0
0.1,3500.0,205599.0
0.1,1217.0,84181.0
0.1,1421.0,121049.0
0.1,2280.0,119728.5
0.1,93.0,696.0
0.1,3500.0,188249.0
0.1,3500.0,141475.0
0.1,2749.5,179866.5
0.1,3500.0,174919.0
0.1,3500.0,170194.0
0.1,2396.5,116629.5
0.1,3500.0,194671.0
0.1,3500.0,240293.0
0.1,2335.5,150185.0
0.1,2641.5,136217.0
0.1,3500.0,179883.0
0.1,3500.0,177459.33333333334
0.1,2548.5,153703.5
0.1,1923.5,80158.0
0.1,87.0,156.0
0.1,2905.0,155327.0
0.1,3500.0,182919.0
0.1,3500.0,177989.33333333334
0.1,2002.5,96392.5
0.1,1328.0,92877.0
0.1,1290.0,111143.0
0.1,3500.0,207928.0
0.1,587.0,10634.0
0.1,580.0,55548.333333333336
0.1,441.0,11004.0
0.1,94.0,99.0
0.1,813.0,27452.0
0.1,1453.0,99301.0
0.1,1097.0,35664.0
0.1,765.0,32794.5
0.1,2318.6,152967.0
0.1,2323.0,114126.0
0.1,85.0,109.0
0.1,612.0,42598.5
0.1,2019.5,140338.5
0.1,3500.0,199962.33333333334
0.1,3500.0,243066.0
0.101,3500.0,152822.5
0.101,3500.0,300560.0
0.101,1801.0,116050.0
0.101,1800.0,40600.5
0.101,406.0,11276.0
0.101,591.6666666666666,17337.0
0.101,2417.6666666666665,102444.0
0.101,1743.5,96001.0
0.101,2496.6,146263.4
0.101,3500.0,306417.0
0.101,2019.5,51726.5
0.101,3500.0,120872.0
0.101,3500.0,291162.0
0.101,337.0,2881.0
0.101,2888.2,165559.0
0.101,1224.6666666666667,43507.333333333336
0.101,1750.0,185799.0
0.101,3500.0,201749.5
0.101,2356.0,93988.0
0.101,1662.0,63525.333333333336
0.101,3500.0,250247.0
0.101,1779.0,116814.0
0.101,3500.0,160797.0
0.101,1814.0,48288.5
0.101,2450.6666666666665,77109.0
0.101,1770.8,89890.6
0.101,2023.75,111115.75
0.101,1781.0,119410.5
0.101,855.0,31954.0
0.101,2172.5,134378.0
0.101,3500.0,205830.33333333334
0.101,3500.0,174130.0
0.101,3500.0,122173.5
0.101,2784.5,187526.5
0.101,2116.5,76014.5
0.101,2412.5,142721.5
0.101,3500.0,235920.0
0.101,3500.0,77210.0
0.101,880.0,29768.25
0.101,838.0,51771.0
0.101,3500.0,158295.0
0.101,2501.6666666666665,141011.33333333334
0.101,3500.0,211329.0
0.101,1102.0,49865.666666666664
0.101,3500.0,121842.0
0.101,1047.0,40441.0
0.101,3500.0,217101.0
0.101,2681.5,88664.5
0.101,3500.0,259399.0
0.101,2921.6666666666665,138230.33333333334
0.101,3500.0,116305.0
0.101,170.0,263.0
0.101,3500.0,231358.0
0.101,2816.3333333333335,98835.33333333333
0.101,695.0,35138.0
0.101,2349.0,82279.0
0.101,3500.0,254023.0
0.101,3500.0,195506.0
0.101,3500.0,230978.0
0.101,3500.0,159576.33333333334
0.101,1745.0,124099.0
0.101,220.0,397.0
0.101,3500.0,100158.0
0.101,3500.0,188854.5
0.101,2448.0,93971.33333333333
0.101,925.0,95123.0
0.101,113.0,1064.0
0.101,2059.0,131000.33333333333
0.101,3500.0,213870.0
0.101,1989.2,119974.2
0.101,2035.5,157124.0
0.101,2086.5,92236.75
0.101,2353.6666666666665,110472.66666666667
0.101,3500.0,143540.66666666666
0.101,116.0,202.0
0.101,2375.8,161374.2
0.101,3500.0,294789.0
0.102,2273.0,96578.5
0.102,1005.0,34833.0
0.102,1816.0,70591.0
0.102,1772.75,75958.0
0.102,2354.3333333333335,132934.66666666666
0.102,2970.8571428571427,155677.2857142857
0.102,2871.0,220046.33333333334
0.102,3500.0,329431.0
0.102,3500.0,195530.0
0.102,1767.5,116833.0
0.102,547.0,8007.0
0.102,2094.5,102450.0
0.102,2297.5,102302.25
0.102,2718.0,116150.33333333333
0.102,385.0,2575.0
0.102,408.6666666666667,8865.333333333334
0.102,3500.0,179258.25
0.102,3500.0,106262.0
0.102,2617.0,194100.0
0.102,1735.6666666666667,89465.66666666667
0.102,45.0,50.0
0.102,2174.0,82823.5
0.102,337.0,20617.0
0.102,1385.3333333333333,63085.666666666664
0.102,1597.0,126956.0
0.102,543.5,15470.5
0.102,185.0,3026.0
0.102,937.0,59903.4
0.102,587.0,4372.0
0.102,3500.0,169551.5
0.102,3500.0,325625.0
0.102,3500.0,156378.5
0.102,3500.0,299200.0
0.102,1416.5,53291.5
0.102,3500.0,260872.0
0.102,2071.0,104136.0
0.102,1625.0,50599.0
0.102,2273.5,80530.5
0.102,3500.0,240086.5
0.102,3500.0,242654.0
0.102,87.0,101.0
0.102,2557.0,137432.5
0.102,3500.0,130494.0
0.102,3500.0,163424.33333333334
0.102,3500.0,164100.0
0.102,2698.0,190086.0
0.102,3500.0,123036.5
0.102,3500.0,86914.0
0.102,2631.5,188905.5
0.102,2389.0,113638.33333333333
0.102,3500.0,220665.0
0.102,1885.5,79552.0
0.102,2290.0,100818.0
0.102,3500.0,214758.0
0.102,3500.0,270760.0
0.102,3500.0,194089.0
0.102,3500.0,170143.0
0.102,2330.0,102705.0
0.102,484.0,1769.0
0.102,3036.5,147669.25
0.102,3500.0,82424.0
0.102,2853.3333333333335,157833.33333333334
0.102,74.0,894.0
0.102,1492.0,60440.0
0.102,2484.5,119279.0
0.102,614.0,9886.0
0.102,2794.0,133669.0
0.102,1916.5,95852.0
0.102,114.0,1561.0
0.102,3500.0,80199.0
0.102,3500.0,194334.0
0.102,1782.5,54478.5
0.102,3500.0,122028.0
0.102,3500.0,195004.0
0.102,1782.0,100762.5
0.102,2479.0,119688.5
0.102,2876.75,102772.25
0.102,1500.0,45322.666666666664
0.103,3500.0,199227.0
0.103,1623.5,119317.5
0.103,3500.0,188199.0
0.103,3500.0,166354.0
0.103,733.5,14096.0
0.103,2268.3333333333335,126905.0
0.103,1236.3333333333333,36140.666666666664
0.103,3500.0,247410.0
0.103,1831.6666666666667,89646.0
0.103,1010.3333333333334,37981.666666666664
0.103,3500.0,283735.0
0.103,1728.3333333333333,114281.33333333333
0.103,3500.0,187170.0
0.103,1613.0,117743.0
0.103,3500.0,140053.66666666666
0.103,2219.0,153385.5
0.103,3500.0,186180.0
0.103,421.0,4041.0
0.103,3500.0,233096.0
0.103,1727.0,38475.0
0.103,3500.0,264150.0
0.103,2342.0,150660.5
0.103,2454.6666666666665,125107.66666666667
0.103,3500.0,119997.0
0.103,3500.0,173508.0
0.103,2751.3333333333335,146057.66666666666
0.103,3009.25,148411.75
0.103,3500.0,120073.0
0.103,2498.0,132322.5
0.103,3500.0,242429.0
0.103,105.0,154.0
0.103,3500.0,212828.5
0.103,3500.0,215540.5
0.103,673.0,18272.0
0.103,1864.0,149370.5
0.103,3500.0,149417.0
0.103,3500.0,200053.0
0.103,1021.0,34061.2
0.103,1588.3333333333333,108997.66666666667
0.103,2298.5,133246.0
0.103,1783.5,116105.5
0.103,2842.0,163954.8
0.103,3500.0,183947.0
0.103,2756.0,111770.33333333333
0.103,3500.0,129426.0
0.103,2776.6666666666665,192709.0
0.103,1492.0,60213.5
0.103,2009.5,80218.0
0.103,1827.0,53985.0
0.103,3500.0,193745.33333333334
0.103,1588.0,45169.0
0.103,3500.0,177186.75
0.103,3500.0,212153.0
0.103,3500.0,163097.0
0.103,2201.2,109149.8
0.103,3500.0,110858.0
0.103,3500.0,217548.0
0.103,2403.4,120982.0
0.103,90.0,102.0
0.103,1250.0,25282.0
0.103,2394.3333333333335,154397.66666666666
0.103,1966.3333333333333,99959.66666666667
0.103,3500.0,125028.0
0.103,1269.0,68389.0
0.103,1755.6666666666667,86111.33333333333
0.103,2416.3333333333335,137273.66666666666
0.103,3500.0,270035.0
0.103,2212.0,50285.0
0.103,1693.0,66649.0
0.103,1745.0,110296.0
0.103,3500.0,100306.0
0.103,95.0,862.0
0.103,922.5,38810.0
0.103,543.0,17958.0
0.104,1795.5,91004.5
0.104,3500.0,169738.0
0.104,2662.0,146280.75
0.104,1635.0,108747.0
0.104,2506.5,76869.5
0.104,1716.6666666666667,55415.0
0.104,1126.0,25905.0
0.104,2286.0,123028.0
0.104,2751.25,212208.0
0.104,2367.0,138552.0
0.104,2227.5,96577.5
0.104,2141.6666666666665,95755.33333333333
0.104,1562.75,93643.25
0.104,3500.0,214630.66666666666
0.104,2729.0,191396.0
0.104,2778.6666666666665,176302.0
0.104,3500.0,245972.0
0.104,1636.75,90752.25
0.104,2116.3333333333335,45547.333333333336
0.104,1513.0,84723.0
0.104,3500.0,158559.5
0.104,2367.0,51121.5
0.104,2884.2,185773.8
0.104,3500.0,209738.0
0.104,160.5,3821.0
0.104,1061.0,29930.0
0.104,1510.0,78717.83333333333
0.104,2919.0,144634.0
0.104,1585.0,93900.2
0.104,1785.6666666666667,106899.66666666667
0.104,324.0,9428.0
0.104,1915.5,53608.0
0.104,2464.5,153486.5
0.104,1331.3333333333333,61016.0
0.104,3500.0,159029.66666666666
0.104,3500.0,215150.0
0.104,2758.5,164796.5
0.104,3500.0,155330.0
0.104,2665.75,140052.0
0.104,2362.3333333333335,159748.33333333334
0.104,3500.0,194735.0
0.104,2735.0,131413.5
0.104,2748.0,141629.0
0.104,3500.0,231577.0
0.104,1773.0,78575.5
0.104,3500.0,209360.0
0.104,3500.0,112242.5
0.104,3500.0,287786.0
0.104,2229.0,85639.0
0.104,1099.0,18294.0
0.104,2414.5,95773.75
0.104,3500.0,193198.0
0.104,3015.25,155155.75
0.104,315.5,3132.5
0.104,3500.0,112584.0
0.104,86.0,1051.0
0.104,109.0,368.5
0.104,1739.0,85251.0
0.104,1984.6666666666667,93938.33333333333
0.104,3500.0,131291.0
0.104,3500.0,253510.5
0.104,2734.5,149104.75
0.104,3500.0,205972.0
0.104,2938.6666666666665,131610.33333333334
0.104,1868.0,40496.0
0.104,95.0,96.0
0.104,1761.0,7340.0
0.104,1892.5,66211.5
0.104,3500.0,182447.0
0.104,1920.5,40809.0
0.104,66.0,750.0
0.104,64.0,616.0
0.104,3500.0,152148.0
0.104,1782.0,46340.5
0.104,2417.3333333333335,142220.33333333334
0.104,1483.0,111053.0
0.105,1781.3333333333333,78255.0
0.105,3500.0,224093.0
0.105,3500.0,282254.0
0.105,1268.0,72287.33333333333
0.105,1565.6666666666667,129054.0
0.105,2512.6,103378.8
0.105,3500.0,63375.0
0.105,3500.0,180120.5
0.105,3500.0,195852.0
0.105,3500.0,213243.0
0.105,2106.2,79205.8
0.105,1068.0,20703.0
0.105,3500.0,129488.5
0.105,284.0,2194.0
0.105,2064.0,64797.333333333336
0.105,2873.3333333333335,150502.33333333334
0.105,1607.6666666666667,67084.0
0.105,2124.6666666666665,81434.66666666667
0.105,3500.0,112151.0
0.105,1876.5,83420.0
0.105,1967.5,134021.0
0.105,1561.3333333333333,58393.666666666664
0.105,1693.0,95772.0
0.105,1088.0,20938.0
0.105,3500.0,188090.0
0.105,1649.5,62435.25
0.105,3500.0,227290.0
0.105,1399.0,54902.0
0.105,3013.0,107665.0
0.105,2709.0,192560.5
0.105,866.0,25187.0
0.105,1798.5,129028.5
0.105,919.0,52255.5
0.105,3500.0,129866.0
0.105,3500.0,112706.0
0.105,3500.0,135058.0
0.105,3500.0,121839.0
0.105,982.0,50978.666666666664
0.105,1799.0,63849.0
0.105,111.0,952.0
0.105,1369.0,38145.5
0.105,259.0,1166.0
0.105,3500.0,204912.5
0.105,2815.8,180924.6
0.105,1255.0,31739.0
0.105,3500.0,215662.0
0.105,3500.0,229929.25
0.105,2412.6666666666665,68223.33333333333
0.105,63.0,697.0
0.105,1331.0,49582.0
0.105,3500.0,86094.0
0.105,1433.0,42875.0
0.105,124.0,156.0
0.105,505.0,10099.0
0.105,3500.0,208757.0
0.105,1791.0,96071.33333333333
0.105,1790.0,73978.0
0.105,2420.0,127768.5
0.105,830.0,6184.0
0.105,505.0,12169.0
0.105,2093.5,99237.5
0.105,3500.0,187009.0
0.105,1260.3333333333333,48125.333333333336
0.105,2361.0,48733.5
0.105,1805.5,106206.5
0.105,3500.0,235889.66666666666
0.105,1785.0,95756.0
0.105,3042.25,117155.25
0.105,1128.0,32811.0
0.105,3500.0,144315.0
0.105,3500.0,126082.0
0.105,3500.0,134062.0
0.106,2495.0,85869.0
0.106,2194.0,54812.0
0.106,3500.0,174036.5
0.106,1407.6666666666667,32036.0
0.106,1827.75,116611.5
0.106,3500.0,242738.0
0.106,2249.5,81713.0
0.106,1770.5,69204.5
0.106,551.5,9206.5
0.106,1580.0,78153.0
0.106,669.0,58219.0
0.106,3500.0,195471.0
0.106,3500.0,146168.0
0.106,3500.0,205657.5
0.106,1131.0,23129.0
0.106,2744.6666666666665,136745.66666666666
0.106,1039.0,15518.0
0.106,2851.0,125476.0
0.106,1616.6666666666667,69140.0
0.106,3500.0,197392.5
0.106,1437.0,37332.0
0.106,3500.0,91120.33333333333
0.106,61.0,458.0
0.106,3500.0,216502.25
0.106,3500.0,137136.75
0.106,3500.0,201139.5
0.106,2977.6666666666665,186078.66666666666
0.106,991.0,26271.5
0.106,154.0,2786.0
0.106,845.0,55786.0
0.106,3500.0,84784.0
0.106,782.3333333333334,32078.0
0.106,3500.0,162885.33333333334
0.106,1524.0,45721.0
0.106,421.0,2924.0
0.106,1147.5,35909.0
0.106,906.6666666666666,41573.333333333336
0.106,3500.0,178348.5
0.106,1286.5,51515.5
0.106,3500.0,167942.0
0.106,1012.0,71242.0
0.106,3500.0,167532.66666666666
0.106,2369.5,123454.5
0.106,1980.5,98830.5
0.106,1365.0,46877.0
0.106,2725.0,112240.0
0.106,3500.0,279510.0
0.106,3500.0,207805.6
0.106,3500.0,115252.0
0.106,2028.2,96025.6
0.106,3500.0,242351.5
0.106,1415.5,29289.25
0.106,3500.0,168312.0
0.106,3500.0,167411.0
0.106,3500.0,153651.0
0.106,2267.0,182695.0
0.106,3500.0,129938.0
0.106,2020.75,113832.5
0.106,2451.6,120222.6
0.106,90.0,842.0
0.106,2641.25,114326.0
0.106,2073.25,117107.0
0.106,2883.0,130347.0
0.106,1630.0,108939.0
0.106,3500.0,201353.0
0.106,1796.5,99431.5
0.106,3500.0,223495.0
0.106,1160.0,24793.0
0.106,685.5,21668.0
0.106,750.0,3300.0
0.106,3500.0,213272.0
0.106,3500.0,243818.0
0.106,1627.0,104074.0
0.106,1813.5,74078.5
0.106,3500.0,87355.0
0.106,595.0,5557.333333333333
0.106,2647.75,168483.625
0.106,2510.0,136699.0
0.106,3500.0,192911.0
0.106,1446.0,81986.33333333333
0.107,1742.3333333333333,90812.66666666667
0.107,3500.0,151668.0
0.107,2419.5,59177.0
0.107,152.0,3630.0
0.107,3500.0,214493.0
0.107,3500.0,202402.0
0.107,2135.4,110434.4
0.107,3500.0,195224.0
0.107,1923.0,41042.0
0.107,2150.2,89610.2
0.107,1992.5,111295.0
0.107,1612.0,68792.33333333333
0.107,1434.0,43292.0
0.107,3500.0,201750.5
0.107,3500.0,185467.0
0.107,3500.0,158895.0
0.107,2267.5,83917.5
0.107,1078.0,80129.5
0.107,3500.0,137163.0
0.107,2510.0,109871.0
0.107,62.0,825.0
0.107,2503.6666666666665,89087.0
0.107,3500.0,268694.3333333333
0.107,2143.0,104272.25
0.107,3500.0,245117.0
0.107,1810.0,64744.0
0.107,3500.0,184780.5
0.107,1461.0,32233.5
0.107,965.0,50242.0
0.107,3500.0,90161.0
0.107,3500.0,107399.0
0.107,3500.0,125080.0
0.107,3500.0,182243.0
0.107,1237.0,59837.0
0.107,2797.6666666666665,133584.0
0.107,1782.0,82684.5
0.107,2387.0,129026.0
0.107,3500.0,175778.0
0.107,2429.5,159572.0
0.107,3500.0,238975.0
0.107,291.0,5537.0
0.107,3500.0,100033.0
0.107,3500.0,121446.0
0.107,3500.0,109591.0
0.107,2366.0,92575.5
0.107,127.0,370.0
0.107,3500.0,232404.0
0.107,3500.0,216906.0
0.107,2051.0,95742.5
0.107,3500.0,208908.0
0.107,540.0,4724.0
0.107,3500.0,132458.0
0.107,794.0,21780.666666666668
0.107,2052.5,117053.5
0.107,2401.5,112226.5
0.107,123.0,1432.0
0.107,1787.0,74119.2
0.107,2081.0,42610.0
0.107,3500.0,169268.0
0.107,1789.0,65172.0
0.107,2380.3333333333335,100579.66666666667
0.107,1782.5,74937.0
0.107,1684.25,95367.75
0.107,1272.0,69087.0
0.107,3500.0,167088.66666666666
0.107,2529.0,82697.66666666667
0.107,3500.0,191258.0
0.107,2271.0,147282.0
0.107,3500.0,156233.0
0.107,88.0,133.0
0.107,1686.3333333333333,108618.0
0.107,1021.0,21144.0
0.107,3500.0,256102.5
0.107,2706.6666666666665,95246.33333333333
0.108,2377.6666666666665,108201.66666666667
0.108,2573.5,121489.5
0.108,421.0,15950.0
0.108,1803.0,75081.0
0.108,2875.0,143550.66666666666
0.108,2368.0,140647.0
0.108,2653.0,111469.75
0.108,2424.5,133369.0
0.108,1211.5,67070.5
0.108,3500.0,168370.0
0.108,3500.0,226561.0
0.108,2386.0,135899.66666666666
0.108,194.5,6564.5
0.108,3500.0,243548.0
0.108,3500.0,59762.0
0.108,3500.0,126617.0
0.108,94.0,766.0
0.108,3500.0,266793.0
0.108,3500.0,216954.0
0.108,3500.0,148637.0
0.108,1712.0,19649.0
0.108,1402.0,95025.0
0.108,3500.0,139651.0
0.108,3500.0,324229.0
0.108,2006.0,111581.5
0.108,1902.0,66411.0
0.108,2446.0,114685.0
0.108,3500.0,205715.5
0.108,1796.0,107672.5
0.108,3500.0,195950.0
0.108,3500.0,210066.5
0.108,1558.6666666666667,72712.0
0.108,1876.5,120704.0
0.108,3500.0,129948.0
0.108,2645.0,100179.5
0.108,3500.0,162983.5
0.108,3500.0,253666.0
0.108,1690.6666666666667,92924.33333333333
0.108,3500.0,220929.5
0.108,2276.0,62085.5
0.108,75.0,1075.0
0.108,2352.6666666666665,111796.0
0.108,3500.0,216730.0
0.108,3500.0,185884.2
0.108,2727.0,175121.66666666666
0.108,1131.5,75478.75
0.108,254.0,5972.0
0.108,2486.3333333333335,121592.66666666667
0.108,75.0,942.0
0.108,2362.6666666666665,94329.0
0.108,2648.0,188886.66666666666
0.108,3123.4,133774.2
0.108,3500.0,90481.0
0.108,3500.0,208638.85714285713
0.108,3500.0,186016.5
0.108,3500.0,86236.0
0.108,2955.6666666666665,131821.66666666666
0.108,963.5,36166.75
0.108,3500.0,40781.0
0.108,3500.0,217416.0
0.108,2648.0,117791.5
0.108,1824.0,99128.5
0.108,3036.0,116416.75
0.108,897.0,35515.0
0.108,3500.0,243344.0
0.108,1600.0,71417.0
0.108,3500.0,219178.66666666666
0.108,2676.25,160138.25
0.108,3500.0,346448.0
0.108,3500.0,269590.0
0.108,144.0,2097.0
0.108,1093.0,37428.0
0.108,842.0,20666.0
0.108,1724.3333333333333,49975.666666666664
0.108,2539.5,166935.0
0.108,1608.6666666666667,83220.33333333333
0.109,1891.0,52928.0
0.109,2550.6,111468.8
0.109,3500.0,234356.0
0.109,3500.0,215517.0
0.109,1789.5,82426.0
0.109,2119.75,85177.0
0.109,3500.0,129012.0
0.109,2365.0,98254.33333333333
0.109,3500.0,191069.5
0.109,3500.0,165450.0
0.109,3500.0,282970.0
0.109,3500.0,272967.0
0.109,3500.0,228351.0
0.109,61.0,544.0
0.109,2478.5,119428.0
0.109,3500.0,175932.0
0.109,91.0,906.0
0.109,2357.5,150190.0
0.109,1933.0,86070.0
0.109,140.0,148.0
0.109,3500.0,188404.0
0.109,3500.0,179739.0
0.109,1893.0,75215.0
0.109,2809.6666666666665,203786.66666666666
0.109,2921.6666666666665,186715.33333333334
0.109,289.0,6374.0
0.109,1106.0,40162.0
0.109,3500.0,178687.0
0.109,3500.0,128014.0
0.109,3500.0,158257.0
0.109,3500.0,159741.0
0.109,1960.5,132817.0
0.109,1790.0,64124.0
0.109,1795.5,88351.5
0.109,3500.0,126394.66666666667
0.109,3500.0,142142.0
0.109,3500.0,206918.75
0.109,2364.0,167666.33333333334
0.109,3500.0,110526.5
0.109,3500.0,97353.0
0.109,1830.5,75512.5
0.109,3500.0,189335.0
0.109,2009.5,147807.0
0.109,3500.0,79595.0
0.109,1228.0,35329.0
0.109,2458.0,104851.0
0.109,73.0,971.0
0.109,1420.3333333333333,62804.333333333336
0.109,106.0,606.0
0.109,1952.3333333333333,93855.33333333333
0.109,1782.5,118328.5
0.109,576.6666666666666,7749.0
0.109,3500.0,242798.0
0.109,3500.0,147185.5
0.109,1854.0,103238.0
0.109,1450.6666666666667,48550.0
0.109,1783.0,107717.5
0.109,3500.0,130591.0
0.109,3500.0,190909.66666666666
0.109,2363.5,110880.5
0.109,2482.0,142118.0
0.109,3500.0,175598.0
0.109,3500.0,194260.5
0.109,3500.0,198116.0
0.109,2354.6666666666665,137833.66666666666
0.109,2412.3333333333335,115164.66666666667
0.109,3500.0,98318.0
0.109,2445.6666666666665,114706.33333333333
0.109,3500.0,208641.66666666666
0.109,3500.0,231079.66666666666
0.109,1597.0,110377.0
0.109,1249.0,54968.0
0.109,2849.3333333333335,212731.0
0.109,2026.0,69855.5
0.109,1815.5,121099.0
0.109,2427.0,128332.5
0.109,3500.0,165280.5
0.109,3500.0,198839.0
0.109,167.0,2760.0
0.109,3500.0,126079.0
0.109,98.0,323.3333333333333
0.109,1248.3333333333333,33147.0
0.109,2302.5,94368.0
0.11,2353.6666666666665,86506.0
0.11,3500.0,152984.0
0.11,1223.0,18921.0
0.11,3500.0,232852.0
0.11,107.5,1037.5
0.11,2389.0,140300.5
0.11,175.66666666666666,1297.6666666666667
0.11,617.0,8303.5
0.11,1226.3333333333333,39650.0
0.11,1793.5,122689.0
0.11,745.0,32635.0
0.11,1333.5,40360.5
0.11,3500.0,148200.66666666666
0.11,1783.0,87749.5
0.11,1819.0,104130.5
0.11,3500.0,126471.0
0.11,2648.0,146841.75
0.11,829.5,29721.0
0.11,1008.0,42460.0
0.11,3500.0,162054.5
0.11,3500.0,176084.66666666666
0.11,3500.0,202491.0
0.11,2372.0,102371.33333333333
0.11,3500.0,155535.0
0.11,3500.0,211736.0
0.11,2936.0,171673.5
0.11,3500.0,164237.0
0.11,1354.6666666666667,99999.0
0.11,1417.5,60810.5
0.11,1494.0,36419.0
0.11,1842.0,80624.0
0.11,1514.0,44818.0
0.11,2705.0,119730.0
0.11,2382.0,151412.5
0.11,2571.0,127779.0
0.11,1960.5,121118.0
0.11,1436.0,38098.0
0.11,1123.0,9932.0
0.11,3500.0,270066.0
0.11,1692.0,81760.66666666667
0.11,1789.5,152409.0
0.11,3500.0,308135.0
0.11,3500.0,166700.0
0.11,1730.0,34848.0
0.11,1747.0,149240.0
0.11,2932.3333333333335,219599.66666666666
0.11,3500.0,234276.5
0.11,93.0,681.0
0.11,1643.0,70543.0
0.11,2353.6666666666665,83061.66666666667
0.11,104.0,112.0
0.11,2427.3333333333335,113415.0
0.11,3500.0,205754.25
0.11,2428.0,130692.0
0.11,3500.0,77294.0
0.11,140.0,1652.0
0.11,1925.0,124996.0
0.11,3500.0,186564.0
0.11,153.0,199.0
0.11,3500.0,259404.0
0.11,3500.0,172503.66666666666
0.11,560.0,6953.5
0.11,148.0,265.0
0.11,713.0,41230.5
0.11,3500.0,153192.5
0.11,1830.0,109117.0
0.11,2656.0,102896.0
0.11,1311.0,40418.0
0.11,3500.0,267154.0
0.11,117.0,854.0
0.11,1594.3333333333333,125225.0
0.11,2725.5,182203.5
0.11,2531.5,128810.33333333333
0.11,353.0,3575.25
0.11,3500.0,195584.5
0.111,1939.6666666666667,32856.0
0.111,1361.0,86333.0
0.111,755.5,44543.5
0.111,3500.0,252004.0
0.111,3500.0,287784.0
0.111,1837.0,111340.5
0.111,79.0,488.0
0.111,3500.0,205058.0
0.111,3500.0,118348.0
0.111,2353.3333333333335,124965.0
0.111,3500.0,134300.0
0.111,1354.0,47919.0
0.111,3500.0,234414.0
0.111,623.0,19780.0
0.111,1379.0,118055.0
0.111,3500.0,222997.0
0.111,3500.0,107301.0
0.111,460.0,17151.0
0.111,3082.25,155889.0
0.111,3049.0,152480.5
0.111,2469.0,171100.66666666666
0.111,2469.6666666666665,98374.33333333333
0.111,2002.5,188450.5
0.111,3500.0,71000.0
0.111,2191.25,131312.0
0.111,2382.0,123361.66666666667
0.111,3500.0,263696.0
0.111,3500.0,199326.5
0.111,2736.3333333333335,135935.66666666666
0.111,1494.0,78329.0
0.111,2395.0,131602.16666666666
0.111,3500.0,161159.0
0.111,3500.0,166684.75
0.111,1846.5,65900.66666666667
0.111,3500.0,125381.0
0.111,1822.5,108806.5
0.111,3500.0,165961.0
0.111,2451.875,123638.25
0.111,3500.0,181752.0
0.111,3500.0,120331.0
0.111,3500.0,162956.0
0.111,2485.3333333333335,108982.33333333333
0.111,3500.0,169608.0
0.111,3500.0,113315.5
0.111,1063.0,5682.0
0.111,3500.0,244394.0
0.111,3500.0,185644.66666666666
0.111,1002.6666666666666,52437.333333333336
0.111,2450.5,93183.0
0.111,3500.0,95440.0
0.111,3500.0,161451.0
0.111,505.0,4198.0
0.111,1831.5,152779.0
0.111,2369.5,123807.5
0.111,2368.0,87067.66666666667
0.111,2315.5,122031.5
0.111,3500.0,202936.0
0.111,1781.0,98635.0
0.111,713.5,46801.5
0.111,3500.0,178496.0
0.111,3500.0,195188.0
0.111,1604.0,59574.666666666664
0.111,3500.0,188290.0
0.111,1265.0,123871.0
0.111,2514.0,147576.25
0.111,723.0,5482.0
0.111,2414.0,124892.0
0.111,1667.0,102316.0
0.111,2577.0,117767.0
0.111,1378.0,43680.0
0.111,3500.0,213264.5
0.111,1783.25,106335.0
0.111,3500.0,221204.5
0.111,1519.0,63827.0
0.111,3500.0,329214.0
0.111,2044.75,146267.25
0.111,3500.0,123434.0
0.111,3500.0,177182.75
0.111,3031.6666666666665,129761.33333333333
0.112,3500.0,201141.0
0.112,3500.0,161072.0
0.112,3500.0,91215.0
0.112,3500.0,195909.0
0.112,3500.0,172665.0
0.112,3500.0,323885.0
0.112,1513.0,52443.0
0.112,1349.6666666666667,31329.666666666668
0.112,2389.0,130528.0
0.112,3500.0,282154.0
0.112,3500.0,156944.5
0.112,3500.0,206341.0
0.112,1694.25,75946.25
0.112,3500.0,125457.0
0.112,419.0,10791.0
0.112,3500.0,171371.33333333334
0.112,3500.0,141169.0
0.112,3500.0,105344.5
0.112,2333.0,42980.5
0.112,1681.0,107383.0
0.112,600.5,14439.0
0.112,2548.5,115859.5
0.112,3500.0,213834.0
0.112,3208.5,153274.5
0.112,2254.5,121578.5
0.112,2074.0,93177.5
0.112,3051.285714285714,161653.85714285713
0.112,3500.0,246526.0
0.112,2608.0,126644.0
0.112,2857.8,148117.6
0.112,3500.0,122825.0
0.112,1681.0,130476.0
0.112,3500.0,158688.5
0.112,1308.6666666666667,59346.333333333336
0.112,1904.5,62349.0
0.112,1855.5,109870.0
0.112,2069.0,84317.0
0.112,2590.5,102727.0
0.112,3500.0,158129.0
0.112,3500.0,186225.0
0.112,3500.0,208859.5
0.112,3500.0,189833.5
0.112,1219.0,45736.0
0.112,3500.0,173190.0
0.112,82.0,158.0
0.112,3500.0,211884.5
0.112,3500.0,164333.5
0.112,2743.25,123990.25
0.112,3500.0,205527.0
0.112,3500.0,153259.66666666666
0.112,589.0,10056.0
0.112,322.0,8884.0
0.112,2089.0,72227.0
0.112,99.0,101.0
0.112,503.0,12903.0
0.112,3500.0,280650.0
0.112,1779.5,49836.0
0.112,3500.0,216427.0
0.112,3500.0,244721.5
0.112,662.5,21264.0
0.112,3500.0,144820.5
0.112,2370.0,136515.66666666666
0.112,957.5,36766.5
0.112,2372.0,83773.0
0.112,2287.5,126605.5
0.112,1276.0,27054.0
0.112,103.0,119.0
0.112,1544.6666666666667,48910.0
0.112,3500.0,90995.0
0.112,1795.0,78887.5
0.112,514.0,14037.0
0.112,3500.0,247673.0
0.112,829.0,22124.0
0.112,1961.5,20897.0
0.112,3500.0,200216.0
0.112,3500.0,253784.0
0.112,3500.0,304727.0
0.112,3500.0,200175.0
0.113,3500.0,152092.0
0.113,3500.0,185253.0
0.113,2443.0,116620.0
0.113,3500.0,183439.5
0.113,3500.0,303407.0
0.113,3500.0,142779.5
0.113,3500.0,192635.0
0.113,1999.0,32453.0
0.113,3500.0,229100.0
0.113,3500.0,275830.5
0.113,1591.0,81758.5
0.113,3500.0,91196.0
0.113,2356.0,104209.0
0.113,2423.4,184519.0
0.113,3500.0,147878.42857142858
0.113,2140.5,142576.5
0.113,3500.0,173974.5
0.113,1569.4,84802.4
0.113,1799.5,132207.5
0.113,3500.0,215889.5
0.113,3039.5,166713.75
0.113,1477.5,67914.0
0.113,3500.0,139243.0
0.113,3500.0,321896.0
0.113,3500.0,257032.0
0.113,81.0,1369.0
0.113,2002.5,70917.0
0.113,3500.0,304481.0
0.113,3500.0,180708.0
0.113,111.0,1038.0
0.113,3500.0,114542.5
0.113,2449.0,115246.5
0.113,1102.0,34268.0
0.113,1796.0,65001.5
0.113,3500.0,140519.5
0.113,1793.2,113839.2
0.113,1675.0,102010.0
0.113,3500.0,172961.0
0.113,3500.0,178311.0
0.113,2315.25,126153.75
0.113,3500.0,144024.0
0.113,1803.0,120433.5
0.113,3500.0,203465.0
0.113,573.0,10192.5
0.113,580.0,3027.5
0.113,1744.6666666666667,83578.33333333333
0.113,3500.0,193908.0
0.113,2813.4,128270.2
0.113,61.0,516.0
0.113,3500.0,194842.0
0.113,3500.0,126690.5
0.113,2506.8333333333335,144923.0
0.113,3500.0,178523.0
0.113,1108.0,23962.0
0.113,696.5,28702.5
0.113,1896.142857142857,102309.14285714286
0.113,3500.0,245353.0
0.113,3500.0,136188.0
0.113,3500.0,140346.5
0.113,2720.6666666666665,164084.33333333334
0.113,3500.0,217034.5
0.113,1214.3333333333333,98040.33333333333
0.113,3500.0,145489.0
0.113,3500.0,189190.0
0.113,3500.0,167978.0
0.113,1788.0,115359.0
0.113,2237.8333333333335,144673.83333333334
0.113,1549.5,77700.5
0.113,1812.0,116666.0
0.113,2363.0,122325.0
0.113,3500.0,127641.0
0.113,1782.5,112174.0
0.113,2353.6666666666665,152277.66666666666
0.113,2354.3333333333335,142882.0
0.113,2484.0,64424.5
0.113,1157.5,46789.25
0.113,3500.0,199929.4
0.114,3500.0,98443.0
0.114,3500.0,224454.0
0.114,1247.0,70795.0
0.114,2324.0,191978.0
0.114,2845.1666666666665,115531.5
0.114,2433.0,76908.0
0.114,3500.0,127804.0
0.114,2352.3333333333335,83444.0
0.114,3500.0,150575.0
0.114,809.5,9440.0
0.114,1543.0,72302.0
0.114,1421.0,24883.0
0.114,2768.6666666666665,91343.0
0.114,3500.0,273239.0
0.114,1768.0,83027.66666666667
0.114,2921.6666666666665,112106.66666666667
0.114,3500.0,222782.0
0.114,3500.0,206354.0
0.114,3500.0,178443.66666666666
0.114,3500.0,200802.0
0.114,1852.0,87104.66666666667
0.114,1823.5,49221.0
0.114,84.0,1350.0
0.114,1798.5,83255.0
0.114,3500.0,176950.0
0.114,3500.0,116896.5
0.114,3500.0,255001.5
0.114,1243.0,113715.0
0.114,3500.0,288236.0
0.114,2289.0,88141.5
0.114,3500.0,112112.0
0.114,2857.3333333333335,175954.33333333334
0.114,2675.6666666666665,164796.0
0.114,2660.5,199626.5
0.114,3500.0,227683.0
0.114,3500.0,142662.33333333334
0.114,851.3333333333334,28959.666666666668
0.114,3500.0,188138.0
0.114,3500.0,140066.0
0.114,2589.0,164262.5
0.114,3500.0,161013.0
0.114,1848.5,100689.25
0.114,3500.0,205534.5
0.114,3500.0,102206.0
0.114,2961.5,150366.0
0.114,114.0,1082.5
0.114,2345.6666666666665,144093.66666666666
0.114,3500.0,210606.0
0.114,3500.0,149334.5
0.114,2416.0,154575.33333333334
0.114,1665.0,77463.6
0.114,2172.3333333333335,103005.0
0.114,2859.6666666666665,129637.66666666667
0.114,1834.5,105078.0
0.114,3500.0,224325.0
0.114,2417.5,163290.5
0.114,3500.0,252631.0
0.114,2365.3333333333335,124718.33333333333
0.114,2629.0,105868.5
0.114,3500.0,180992.0
0.114,3500.0,228242.5
0.114,3500.0,216214.0
0.114,2367.0,109307.0
0.114,2043.0,102893.0
0.114,2881.0,133675.33333333334
0.114,82.0,1669.0
0.114,3500.0,129908.5
0.114,834.0,16638.0
0.114,2663.0,90229.75
0.114,2904.5,138070.5
0.114,3500.0,95715.0
0.114,1048.0,14419.0
0.114,1981.5,93259.5
0.114,2351.0,107537.66666666667
0.115,3500.0,320818.0
0.115,2376.3333333333335,98905.0
0.115,3500.0,220077.0
0.115,3500.0,178063.0
0.115,1790.5,97292.5
0.115,3500.0,77079.0
0.115,3500.0,140110.5
0.115,1266.0,22752.0
0.115,1103.0,13182.0
0.115,348.0,22086.0
0.115,3500.0,204331.0
0.115,3500.0,143045.0
0.115,1853.5,107695.0
0.115,3500.0,60452.0
0.115,3500.0,241696.0
0.115,3500.0,253358.0
0.115,2254.5,121515.5
0.115,3500.0,286493.0
0.115,3500.0,157684.0
0.115,1782.0,91822.0
0.115,1895.0,72265.0
0.115,3500.0,210761.0
0.115,591.0,8697.0
0.115,2638.75,135627.5
0.115,3500.0,177006.0
0.115,3500.0,122365.0
0.115,2729.0,77500.66666666667
0.115,1632.0,92366.0
0.115,1472.8,52627.0
0.115,3500.0,190412.0
0.115,1220.3333333333333,52355.0
0.115,337.0,11188.0
0.115,1781.0,91077.5
0.115,1310.0,28681.0
0.115,2720.6666666666665,136127.33333333334
0.115,3500.0,195367.0
0.115,3500.0,124703.0
0.115,1644.3333333333333,34785.0
0.115,2611.3333333333335,98008.66666666667
0.115,562.0,1826.0
0.115,3500.0,145975.0
0.115,3500.0,245561.5
0.115,1676.2,68833.8
0.115,2361.6666666666665,136624.0
0.115,2019.5,89643.75
0.115,3500.0,301398.0
0.115,2917.4,141347.8
0.115,1700.3333333333333,69641.66666666667
0.115,2681.1666666666665,89025.16666666667
0.115,2361.0,117889.0
0.115,1133.0,58425.0
0.115,1397.0,44217.5
0.115,3500.0,297215.0
0.115,139.5,2049.5
0.115,2280.5,37986.0
0.115,3500.0,148548.0
0.115,3500.0,204898.0
0.115,3500.0,289536.0
0.115,2020.5,132239.0
0.115,1782.0,108000.5
0.115,1190.0,60093.25
0.115,995.0,34375.0
0.115,3500.0,148849.0
0.115,1917.6666666666667,80646.66666666667
0.115,2425.0,159483.0
0.115,625.0,9494.0
0.115,3500.0,199069.66666666666
0.115,1271.25,69823.0
0.115,1357.0,45217.0
0.115,3500.0,41791.0
0.115,1796.5,70471.5
0.115,903.0,93158.0
0.116,207.0,2413.0
0.116,3500.0,212232.0
0.116,1841.0,70768.0
0.116,1989.6666666666667,105960.0
0.116,62.0,540.0
0.116,3500.0,196040.5
0.116,3500.0,135801.0
0.116,2249.0,103635.5
0.116,3500.0,184956.0
0.116,3500.0,221282.0
0.116,3500.0,152265.0
0.116,1287.0,55952.0
0.116,477.0,9378.0
0.116,464.6666666666667,30195.666666666668
0.116,2361.0,102998.33333333333
0.116,2536.0,90379.0
0.116,2567.5,86869.0
0.116,2380.5,78219.0
0.116,1565.0,95128.0
0.116,169.0,4735.0
0.116,1799.5,61143.0
0.116,3500.0,321202.0
0.116,1338.0,49781.0
0.116,1796.5,120092.0
0.116,3500.0,261433.0
0.116,3500.0,179518.0
0.116,337.0,7254.0
0.116,3500.0,294748.0
0.116,1801.0,48140.5
0.116,95.0,3234.0
0.116,2829.2,167528.2
0.116,1088.5,21997.5
0.116,2194.5,147759.75
0.116,3500.0,139376.5
0.116,3500.0,247959.0
0.116,3500.0,86756.0
0.116,1956.5,66127.0
0.116,2769.0,107218.0
0.116,3500.0,191285.0
0.116,3500.0,307127.0
0.116,3500.0,145872.0
0.116,3000.25,138730.5
0.116,1288.0,42403.0
0.116,1803.0,126852.5
0.116,3500.0,251349.5
0.116,2772.5,149409.5
0.116,92.0,93.0
0.116,3500.0,208438.0
0.116,3500.0,93726.0
0.116,3007.5,163553.0
0.116,1597.0,83193.0
0.116,3500.0,153003.0
0.116,3500.0,245683.0
0.116,3500.0,288847.0
0.116,3500.0,90655.0
0.116,3500.0,129969.0
0.116,1839.5,66228.5
0.116,1959.5,136550.0
0.116,1201.5,28421.5
0.116,2352.5,141659.5
0.116,2522.5,154801.75
0.116,1792.5,55073.5
0.116,2513.5,84194.5
0.116,3500.0,139661.0
0.116,61.0,553.0
0.116,2420.6666666666665,161221.33333333334
0.116,2717.0,107201.66666666667
0.116,3500.0,205161.66666666666
0.116,3500.0,215251.0
0.116,3500.0,210970.66666666666
0.116,3500.0,201238.0
0.117,1912.0,137934.0
0.117,3014.0,172025.33333333334
0.117,1793.5,84745.5
0.117,3500.0,102995.0
0.117,1953.0,15709.0
0.117,3500.0,188544.5
0.117,3500.0,232937.0
0.117,3500.0,261407.0
0.117,2078.6666666666665,93303.33333333333
0.117,1145.3333333333333,64855.333333333336
0.117,3500.0,138194.0
0.117,3500.0,150837.0
0.117,3500.0,210020.0
0.117,2487.0,66113.0
0.117,3500.0,106498.0
0.117,2408.5,129121.5
0.117,99.0,106.0
0.117,2788.0,149857.66666666666
0.117,3500.0,329880.0
0.117,2364.0,114404.5
0.117,149.0,155.0
0.117,1284.0,83052.33333333333
0.117,3500.0,179504.0
0.117,2364.8,97967.0
0.117,2479.0,191258.0
0.117,1187.0,31027.0
0.117,883.0,46244.0
0.117,2264.0,98028.5
0.117,2475.0,74495.33333333333
0.117,3500.0,148738.66666666666
0.117,3500.0,209789.0
0.117,3500.0,130731.0
0.117,3500.0,215752.0
0.117,1745.0,65442.333333333336
0.117,1559.3333333333333,71014.33333333333
0.117,3500.0,168659.0
0.117,257.0,864.0
0.117,2343.5,98061.5
0.117,337.0,12692.0
0.117,3500.0,185957.0
0.117,1793.0,95290.0
0.117,2752.3333333333335,129959.33333333333
0.117,2370.0,108957.0
0.117,3500.0,130582.5
0.117,2070.5,73124.5
0.117,1144.0,51638.0
0.117,2402.0,102331.0
0.117,1618.25,57346.75
0.117,1573.0,59657.0
0.117,3500.0,179982.5
0.117,1796.5,100069.5
0.117,3500.0,91141.0
0.117,1063.0,71055.0
0.117,2363.0,89344.0
0.117,3500.0,260680.0
0.117,3500.0,228961.0
0.117,1782.0,125804.0
0.117,1793.0,113485.0
0.117,1205.0,41881.0
0.117,1746.3333333333333,137303.33333333334
0.117,3500.0,177611.0
0.117,3500.0,211284.0
0.117,1894.5,84619.25
0.117,2000.0,75094.66666666667
0.117,2042.0,102106.0
0.117,2398.5,76919.5
0.117,2428.0,124071.5
0.117,1297.5,46231.5
0.117,3500.0,202939.0
0.117,1780.5,88458.0
0.117,100.0,101.0
0.117,2324.0,108426.0
0.118,2365.3333333333335,107536.33333333333
0.118,3500.0,235426.5
0.118,1171.0,41937.0
0.118,1118.0,34659.0
0.118,3500.0,140688.0
0.118,1976.5,26969.0
0.118,3500.0,287268.0
0.118,2289.0,55694.5
0.118,2396.0,132533.66666666666
0.118,3500.0,203677.0
0.118,3500.0,175021.0
0.118,2672.3333333333335,153396.33333333334
0.118,3500.0,166025.5
0.118,1229.25,80149.5
0.118,1214.0,31383.666666666668
0.118,3500.0,109102.0
0.118,2034.6666666666667,40867.0
0.118,161.0,2334.0
0.118,1786.0,115926.5
0.118,1027.0,32323.0
0.118,940.0,33786.0
0.118,3500.0,182899.0
0.118,2252.5,167957.0
0.118,327.0,13364.0
0.118,3500.0,155606.5
0.118,3500.0,273309.5
0.118,3500.0,106516.5
0.118,2090.0,44337.0
0.118,3500.0,117537.0
0.118,1879.25,106586.0
0.118,56.0,553.0
0.118,63.0,528.0
0.118,3500.0,187147.0
0.118,2399.6,88780.6
0.118,3500.0,104386.0
0.118,2086.5,146126.5
0.118,3500.0,129794.5
0.118,3500.0,288214.0
0.118,3500.0,218463.0
0.118,1269.0,27134.75
0.118,2471.6666666666665,98206.0
0.118,2397.0,182980.66666666666
0.118,1525.6666666666667,31255.666666666668
0.118,3500.0,203695.0
0.118,3500.0,89584.0
0.118,3500.0,235423.5
0.118,2424.3333333333335,115378.66666666667
0.118,3500.0,152289.0
0.118,2771.75,170849.5
0.118,3500.0,201884.0
0.118,3500.0,212683.0
0.118,2354.3333333333335,90528.66666666667
0.118,2321.0,136433.5
0.118,84.5,100.5
0.118,3500.0,206107.5
0.118,2017.0,193427.0
0.118,3500.0,216496.33333333334
0.118,3500.0,236942.5
0.118,2364.25,95119.75
0.118,3500.0,141509.0
0.118,867.0,11710.0
0.118,1014.0,37330.0
0.118,3500.0,113407.5
0.118,2416.0,194267.0
0.118,760.0,35658.5
0.118,3500.0,315426.0
0.118,1734.3333333333333,100516.66666666667
0.118,3500.0,186763.0
0.118,3500.0,72970.0
0.118,2833.8,156030.4
0.118,1690.0,124608.66666666667
0.118,2642.5,148449.0
0.118,3500.0,205198.0
0.118,2860.3333333333335,113514.66666666667
0.118,1719.0,71339.5
0.118,1798.0,107868.0
0.118,2466.5,84423.25
0.118,3500.0,215884.75
0.118,3500.0,97149.0
0.118,2311.0,129785.5
0.119,142.0,156.0
0.119,2647.75,221591.5
0.119,3500.0,140597.0
0.119,2365.5,117882.0
0.119,587.0,13447.0
0.119,3500.0,207364.0
0.119,3500.0,249253.0
0.119,83.0,99.0
0.119,1976.0,71366.0
0.119,1580.0,69399.33333333333
0.119,3500.0,113067.0
0.119,3500.0,189273.5
0.119,2293.5,69415.0
0.119,2493.5,97334.0
0.119,1847.5,141904.5
0.119,64.5,715.0
0.119,2406.0,97307.66666666667
0.119,3500.0,141262.0
0.119,2718.0,116587.66666666667
0.119,970.0,39539.0
0.119,3500.0,128595.0
0.119,1830.5,102816.0
0.119,2339.5,91657.5
0.119,1790.0,95221.0
0.119,2644.3333333333335,168427.33333333334
0.119,3500.0,213653.4
0.119,1938.75,81870.5
0.119,3500.0,146948.0
0.119,2002.5,170994.5
0.119,3500.0,257221.0
0.119,1960.0,83029.5
0.119,2796.5,193824.0
0.119,140.0,1607.0
0.119,937.0,29071.5
0.119,2607.0,104740.0
0.119,3500.0,160076.0
0.119,3500.0,253085.0
0.119,1834.5,64583.5
0.119,3500.0,134360.0
0.119,1778.0,83279.0
0.119,3500.0,231068.5
0.119,3500.0,151312.0
0.119,1252.0,33497.5
0.119,1012.0,19591.25
0.119,3500.0,218622.0
0.119,3500.0,173347.0
0.119,3500.0,140334.0
0.119,1820.5,96867.5
0.119,1816.5,132215.5
0.119,84.0,137.0
0.119,3500.0,113724.0
0.119,60.333333333333336,203.66666666666666
0.119,1645.6666666666667,63551.333333333336
0.119,55.0,392.0
0.119,3500.0,198350.33333333334
0.119,2949.6666666666665,144085.0
0.119,2315.0,84950.0
0.119,3500.0,153474.0
0.119,1936.25,97094.25
0.119,88.0,94.0
0.119,296.0,4585.0
0.119,2141.75,70012.25
0.119,1447.0,46885.0
0.119,3500.0,122920.0
0.119,129.0,139.0
0.119,2023.5,98422.5
0.119,399.0,17592.0
0.119,2355.0,80108.0
0.119,82.0,784.5
0.119,3500.0,183618.0
0.119,2261.5,102776.0
0.119,3500.0,237579.0
0.119,3500.0,206280.0
0.119,2730.5,94382.5
0.12,1778.0,110586.5
0.12,1792.5,89317.5
0.12,118.5,1183.0
0.12,3500.0,285040.0
0.12,3500.0,197203.0
0.12,3500.0,202864.66666666666
0.12,3500.0,198604.0
0.12,3500.0,240219.0
0.12,3500.0,255791.0
0.12,3500.0,109877.0
0.12,1715.6666666666667,85765.66666666667
0.12,1805.0,141154.0
0.12,3500.0,183197.0
0.12,2479.3333333333335,143998.66666666666
0.12,3500.0,186518.0
0.12,3500.0,250796.0
0.12,2319.5,124388.0
0.12,3500.0,149660.0
0.12,1966.5,123109.0
0.12,2353.6666666666665,201379.66666666666
0.12,3500.0,199973.0
0.12,3500.0,238454.0
0.12,421.0,24959.0
0.12,3500.0,229327.5
0.12,3500.0,336775.0
0.12,2688.5,132798.0
0.12,3500.0,255259.0
0.12,1136.0,32430.0
0.12,3500.0,192405.66666666666
0.12,1367.0,108067.0
0.12,1623.0,64793.0
0.12,3500.0,268144.0
0.12,2640.75,116500.5
0.12,73.5,615.0
0.12,1117.5,41507.0
0.12,3500.0,175012.0
0.12,1133.0,15162.0
0.12,3500.0,281118.0
0.12,1909.75,108184.75
0.12,3135.2,117895.8
0.12,118.0,876.0
0.12,3500.0,102517.0
0.12,921.5,54079.0
0.12,1849.0,108087.5
0.12,1832.5,141158.0
0.12,1985.5,143211.0
0.12,3500.0,278781.0
0.12,1232.6666666666667,38012.666666666664
0.12,85.0,530.0
0.12,2470.5,115689.5
0.12,2841.2,129110.0
0.12,878.5,30954.5
0.12,1780.0,137916.5
0.12,3500.0,227928.0
0.12,2265.0,109633.5
0.12,2032.5,65219.0
0.12,3500.0,177992.0
0.12,1620.6666666666667,62571.0
0.12,3500.0,114948.0
0.12,3500.0,107365.0
0.12,3500.0,260335.0
0.12,1635.3333333333333,77159.0
0.12,3500.0,149595.5
0.12,1309.0,26239.0
0.12,3500.0,129658.0
0.12,1781.0,109306.0
0.12,1960.5,154273.5
0.12,1345.0,38535.0
0.12,1589.0,58549.0
0.12,3500.0,212483.66666666666
0.12,3500.0,200333.0
0.12,1151.0,44158.5
0.12,3500.0,190446.66666666666
0.12,3500.0,216558.5
0.12,1968.5,83175.0
0.12,2737.0,171526.0
0.12,2548.5,115448.5
0.12,3500.0,241444.5
0.12,3500.0,201169.8
0.121,1243.5,32665.5
0.121,3500.0,138684.66666666666
0.121,481.0,14946.0
0.121,3500.0,170473.5
0.121,3500.0,97805.0
0.121,3500.0,124251.0
0.121,2653.8571428571427,150549.2857142857
0.121,1477.0,65703.0
0.121,3500.0,155992.0
0.121,3500.0,158031.0
0.121,67.0,494.0
0.121,2740.6666666666665,151328.66666666666
0.121,2297.0,148289.5
0.121,3500.0,184682.0
0.121,3500.0,251501.0
0.121,1797.0,89844.5
0.121,1228.0,12893.0
0.121,1795.5,103019.0
0.121,3500.0,133585.0
0.121,3500.0,237621.0
0.121,3500.0,183732.5
0.121,1819.5,102554.5
0.121,3500.0,110194.0
0.121,3500.0,252604.0
0.121,557.0,8569.0
0.121,2477.3333333333335,119457.66666666667
0.121,112.0,835.0
0.121,3500.0,196264.0
0.121,2438.0,94325.5
0.121,2354.3333333333335,89858.0
0.121,3500.0,218974.0
0.121,3500.0,233413.0
0.121,91.0,2495.0
0.121,1725.6666666666667,44595.333333333336
0.121,3500.0,158080.0
0.121,2659.5,146741.25
0.121,1225.0,90303.0
0.121,3500.0,192676.0
0.121,3500.0,212935.33333333334
0.121,3500.0,240386.0
0.121,3500.0,134422.0
0.121,2316.5,166550.5
0.121,3500.0,95804.0
0.121,3500.0,232573.0
0.121,152.0,168.0
0.121,1789.5,55067.5
0.121,3500.0,185778.0
0.121,284.0,8688.0
0.121,632.5,13000.0
0.121,1679.0,53166.0
0.121,392.5,9316.5
0.121,1806.0,55036.5
0.121,2196.2,145820.8
0.121,2355.3333333333335,77961.66666666667
0.121,2338.5,168124.5
0.121,3500.0,194539.0
0.121,3500.0,184665.0
0.121,3500.0,190990.5
0.121,2186.5,115213.0
0.121,3500.0,180499.0
0.121,48.0,94.0
0.121,3500.0,170082.0
0.121,3500.0,145829.0
0.121,2645.8,143057.4
0.121,100.0,107.0
0.121,3500.0,137983.0
0.121,331.0,1185.0
0.121,1892.5,52245.0
0.121,3500.0,168437.0
0.121,771.0,5739.0
0.121,3500.0,204833.0
0.121,3500.0,176374.66666666666
0.121,145.0,1458.0
0.121,3500.0,98116.0
0.121,1374.0,27161.0
0.121,2643.0,131551.5
0.121,3500.0,219205.0
0.121,1832.0,126633.0
0.121,3500.0,236186.5
0.121,1926.5,76649.5
0.122,2461.0,138610.0
0.122,1283.0,35033.333333333336
0.122,3500.0,287871.0
0.122,3500.0,227654.0
0.122,3500.0,218648.33333333334
0.122,2831.6666666666665,191827.33333333334
0.122,2419.5,132003.5
0.122,167.0,1432.0
0.122,2501.6666666666665,131939.66666666666
0.122,2352.6666666666665,164495.0
0.122,3500.0,165937.5
0.122,2641.0,110822.75
0.122,2402.0,130502.5
0.122,3500.0,196972.0
0.122,3500.0,173908.0
0.122,3500.0,135047.0
0.122,2354.3333333333335,151895.0
0.122,2028.0,149175.5
0.122,2276.75,47537.25
0.122,3500.0,201390.0
0.122,3500.0,179416.0
0.122,3500.0,208857.0
0.122,2692.6666666666665,107886.66666666667
0.122,2543.3333333333335,122908.33333333333
0.122,3500.0,159753.0
0.122,1797.0,93660.0
0.122,1790.5,141551.5
0.122,2479.1666666666665,101470.66666666667
0.122,968.0,18040.0
0.122,2450.3333333333335,87378.0
0.122,3500.0,173386.0
0.122,1615.0,25038.0
0.122,782.3333333333334,23772.333333333332
0.122,3500.0,317815.0
0.122,1390.0,9563.0
0.122,1781.5,56291.5
0.122,1009.0,58112.0
0.122,3500.0,166809.0
0.122,2043.5,56465.0
0.122,387.0,3506.0
0.122,1801.0,51924.5
0.122,1136.0,28655.0
0.122,3500.0,324787.0
0.122,1853.0,112730.5
0.122,1969.0,60267.0
0.122,2771.75,127352.5
0.122,239.0,537.0
0.122,3500.0,100213.0
0.122,1555.6666666666667,62532.0
0.122,419.0,11374.0
0.122,222.0,695.0
0.122,3500.0,191471.66666666666
0.122,1751.0,120098.0
0.122,497.0,7315.0
0.122,2283.5,51581.5
0.122,2167.5,126677.5
0.122,1233.5,75778.0
0.122,1816.0,127674.5
0.122,1230.25,23874.75
0.122,3500.0,241724.0
0.122,3500.0,122027.0
0.122,2691.0,144261.66666666666
0.122,3500.0,191940.0
0.122,3500.0,244739.0
0.122,2397.5,131642.0
0.122,215.5,3924.0
0.122,567.0,26329.0
0.122,3500.0,224004.0
0.122,3500.0,72635.0
0.122,94.0,98.0
0.122,2319.75,90190.5
0.122,2078.5,154952.0
0.122,757.0,34425.0
0.122,3500.0,216131.0
0.122,1813.0,109767.0
0.123,1782.0,73825.0
0.123,3500.0,158130.0
0.123,3500.0,185524.0
0.123,2364.5,128395.75
0.123,3500.0,142588.0
0.123,3500.0,191082.0
0.123,3500.0,98358.0
0.123,3500.0,278764.0
0.123,3500.0,208229.0
0.123,2454.5,117700.0
0.123,3500.0,193553.0
0.123,496.6666666666667,36867.333333333336
0.123,1280.4285714285713,74144.85714285714
0.123,3500.0,312953.0
0.123,3500.0,252921.0
0.123,300.0,16791.0
0.123,2676.0,124614.0
0.123,1290.0,41521.0
0.123,965.5,14672.0
0.123,1795.0,101014.33333333333
0.123,3500.0,128891.0
0.123,1048.0,65867.0
0.123,3500.0,218075.0
0.123,1780.0,97331.5
0.123,3500.0,151107.0
0.123,3500.0,218541.5
0.123,3500.0,215079.0
0.123,2568.5,184263.0
0.123,1006.5,24177.0
0.123,1690.0,38687.0
0.123,2766.5,100617.5
0.123,769.3333333333334,34637.0
0.123,3500.0,210566.0
0.123,2799.3333333333335,159092.0
0.123,1294.0,17505.0
0.123,1683.6666666666667,32996.333333333336
0.123,1941.5,143176.5
0.123,1217.0,65727.33333333333
0.123,3500.0,243651.0
0.123,3500.0,146025.0
0.123,3500.0,239369.0
0.123,2330.0,135938.5
0.123,3500.0,148589.5
0.123,1692.0,93770.0
0.123,3500.0,258452.0
0.123,3500.0,157940.0
0.123,1797.0,80790.5
0.123,2484.0,95967.0
0.123,3500.0,81638.0
0.123,1484.0,97911.0
0.123,170.0,207.0
0.123,213.0,6460.5
0.123,3500.0,227606.0
0.123,3500.0,130403.0
0.123,1790.5,70528.0
0.123,2356.3333333333335,136284.33333333334
0.123,99.0,723.0
0.123,2389.6666666666665,147972.33333333334
0.123,3500.0,198231.5
0.123,2425.0,112212.0
0.123,2546.0,170455.5
0.123,2366.0,115055.66666666667
0.123,546.0,1548.0
0.123,1210.0,8845.0
0.123,1783.0,133679.5
0.123,3500.0,160037.0
0.123,3500.0,133273.5
0.123,2357.0,110148.5
0.123,3500.0,196295.75
0.123,2379.0,135387.0
0.123,3500.0,110704.0
0.123,1447.0,57378.0
0.124,3500.0,194575.0
0.124,1845.0,49903.5
0.124,3500.0,205646.0
0.124,3500.0,156568.0
0.124,2356.0,70081.33333333333
0.124,2424.4,126104.4
0.124,3500.0,201442.0
0.124,1836.5,83308.5
0.124,458.0,1440.0
0.124,3500.0,228984.0
0.124,1631.0,69832.0
0.124,3500.0,73182.0
0.124,3500.0,236690.5
0.124,1375.3333333333333,33987.333333333336
0.124,3500.0,90042.0
0.124,3500.0,194419.0
0.124,3500.0,233657.0
0.124,3500.0,192671.33333333334
0.124,3500.0,169952.0
0.124,2368.3333333333335,99330.33333333333
0.124,3500.0,201825.0
0.124,1329.0,98500.0
0.124,350.0,16814.5
0.124,3500.0,171459.0
0.124,3500.0,164205.0
0.124,3500.0,264562.0
0.124,3500.0,281926.0
0.124,235.0,2145.0
0.124,388.0,695.0
0.124,2346.5,103561.5
0.124,1824.0,135998.5
0.124,3500.0,115686.5
0.124,3500.0,248108.0
0.124,79.0,139.0
0.124,1813.0,106063.5
0.124,3500.0,186417.5
0.124,3500.0,255296.0
0.124,3500.0,168649.5
0.124,1828.3333333333333,69434.66666666667
0.124,3500.0,204838.0
0.124,438.5,11927.75
0.124,3500.0,211662.75
0.124,3500.0,119060.33333333333
0.124,3500.0,52683.0
0.124,3500.0,203780.33333333334
0.124,1789.0,64718.5
0.124,796.0,7186.0
0.124,3500.0,152958.5
0.124,3500.0,147594.33333333334
0.124,3500.0,139208.0
0.124,3500.0,208420.0
0.124,1568.6666666666667,57793.0
0.124,2365.6666666666665,98434.33333333333
0.124,1813.5,110834.5
0.124,2650.75,125941.0
0.124,2672.6666666666665,97550.66666666667
0.124,2509.6666666666665,121914.0
0.124,3500.0,288877.0
0.124,614.0,26975.0
0.124,3500.0,129436.0
0.124,3500.0,295471.0
0.124,2508.0,150405.5
0.124,2118.0,91611.5
0.124,2940.25,99696.25
0.124,587.0,2261.0
0.124,3500.0,196761.33333333334
0.124,629.0,26616.5
0.124,3500.0,154855.0
0.124,3500.0,154649.0
0.124,78.0,1169.0
0.124,2725.0,205042.75
0.124,2076.0,83920.75
0.124,3500.0,166529.5
0.124,3500.0,102521.0
0.124,3500.0,202147.5
0.124,3500.0,172256.0
0.124,3500.0,207709.5
0.125,1978.6,83748.0
0.125,125.0,1141.0
0.125,3500.0,194374.66666666666
0.125,3500.0,195399.0
0.125,3500.0,144395.5
0.125,2237.8,93217.4
0.125,1960.6666666666667,96152.0
0.125,112.5,1921.5
0.125,95.0,831.0
0.125,2453.0,114209.0
0.125,1982.0,157826.5
0.125,2154.0,160327.33333333334
0.125,3500.0,315461.0
0.125,3500.0,241098.0
0.125,3500.0,147675.0
0.125,3500.0,134867.66666666666
0.125,2531.0,134504.5
0.125,1756.0,22566.0
0.125,3500.0,213640.33333333334
0.125,403.0,9314.0
0.125,2666.5,129407.0
0.125,3500.0,225912.8
0.125,3500.0,82540.0
0.125,3500.0,223765.66666666666
0.125,3500.0,132395.5
0.125,94.0,95.0
0.125,923.6666666666666,26082.0
0.125,2585.5,108557.5
0.125,3500.0,190464.0
0.125,2407.0,88374.5
0.125,1241.0,11263.0
0.125,2467.5,154590.5
0.125,2313.0,165677.5
0.125,2085.25,125545.75
0.125,3500.0,193747.0
0.125,3500.0,309444.0
0.125,2359.3333333333335,133312.33333333334
0.125,3500.0,188289.0
0.125,2949.5,130460.75
0.125,3500.0,136784.0
0.125,3500.0,207224.0
0.125,3500.0,178844.0
0.125,2966.5,170807.75
0.125,2668.3333333333335,66518.66666666667
0.125,3500.0,164434.25
0.125,1082.0,82505.0
0.125,3500.0,224881.0
0.125,2264.5,152713.0
0.125,3500.0,154054.0
0.125,3500.0,164644.0
0.125,3500.0,100327.0
0.125,3500.0,280033.0
0.125,3500.0,130669.0
0.125,1794.5,155603.0
0.125,3500.0,117282.0
0.125,3500.0,200915.5
0.125,3500.0,210905.0
0.125,3500.0,117670.33333333333
0.125,1576.5,97341.75
0.125,2057.0,96460.5
0.125,2354.6666666666665,76063.66666666667
0.125,3500.0,230967.0
0.125,3500.0,194061.33333333334
0.125,2990.5,132663.25
0.125,3500.0,112322.0
0.125,3500.0,241463.0
0.125,1443.8,62560.4
0.125,3500.0,130468.5
0.125,1823.0,129475.5
0.125,3500.0,178260.5
0.125,836.3333333333334,22298.333333333332
0.125,1797.0,48510.5
0.125,3500.0,175758.5
0.125,2529.0,146351.66666666666
0.126,3500.0,168087.0
0.126,2797.0,156047.0
0.126,1802.0,59466.0
0.126,3500.0,258032.0
0.126,3500.0,188065.0
0.126,3500.0,179895.0
0.126,3500.0,97264.0
0.126,3500.0,139442.0
0.126,1058.0,19086.0
0.126,2384.6666666666665,124344.66666666667
0.126,848.5,36729.5
0.126,1312.0,28259.0
0.126,3500.0,86014.0
0.126,2719.6666666666665,159384.66666666666
0.126,3500.0,104982.0
0.126,3500.0,146606.0
0.126,1817.5,122078.0
0.126,2362.0,106160.33333333333
0.126,3500.0,131761.0
0.126,3500.0,160528.0
0.126,3500.0,186967.5
0.126,3500.0,112550.0
0.126,3500.0,153521.33333333334
0.126,2002.5,157323.5
0.126,1267.0,17865.0
0.126,2361.6666666666665,189001.33333333334
0.126,1254.0,40287.0
0.126,2080.0,134830.0
0.126,502.0,47584.0
0.126,3500.0,132879.5
0.126,1819.6666666666667,54071.0
0.126,1542.0,71115.0
0.126,3500.0,166272.0
0.126,2362.6666666666665,87099.0
0.126,2601.6666666666665,123806.0
0.126,1788.5,41430.5
0.126,2042.3333333333333,113492.66666666667
0.126,3500.0,241658.0
0.126,3500.0,198342.33333333334
0.126,3500.0,173468.0
0.126,3500.0,157826.0
0.126,3500.0,133693.0
0.126,1230.3333333333333,63813.333333333336
0.126,2021.0,66341.5
0.126,1218.0,38944.0
0.126,3500.0,178423.5
0.126,3500.0,70815.5
0.126,2383.6666666666665,133206.33333333334
0.126,2259.0,155128.0
0.126,3500.0,205560.0
0.126,2044.0,100397.5
0.126,3500.0,96133.0
0.126,1410.3333333333333,37619.666666666664
0.126,1041.5,18787.5
0.126,1793.25,89759.25
0.126,3500.0,106254.0
0.126,2456.6666666666665,152497.0
0.126,2590.5,206288.5
0.126,3500.0,159234.5
0.126,3500.0,105923.0
0.126,1781.0,68321.0
0.126,2643.75,136283.5
0.126,1790.5,66808.5
0.126,1777.0,92616.0
0.126,3500.0,151382.0
0.126,3500.0,134995.0
0.126,2076.5,59327.0
0.126,1786.0,81591.0
0.126,245.0,416.5
0.126,2727.25,148173.0
0.126,1377.0,40596.333333333336
0.126,2351.6666666666665,77934.0
0.126,2541.3333333333335,117662.66666666667
0.126,1359.0,78988.0
0.126,654.0,3170.0
0.126,3500.0,161671.0
0.126,3500.0,153131.0
0.127,3500.0,129834.0
0.127,2073.0,60563.0
0.127,2699.25,134589.75
0.127,279.0,1972.5
0.127,3500.0,238010.0
0.127,3500.0,258214.0
0.127,3500.0,153953.0
0.127,3500.0,149419.0
0.127,3500.0,206066.0
0.127,2917.25,81219.5
0.127,3500.0,107604.0
0.127,553.0,17168.5
0.127,2704.5,85633.5
0.127,3500.0,95111.0
0.127,3500.0,238956.5
0.127,1209.3333333333333,51022.666666666664
0.127,3500.0,168446.0
0.127,3500.0,141741.0
0.127,3500.0,259316.2
0.127,3500.0,234876.66666666666
0.127,337.5,4896.0
0.127,3500.0,301871.0
0.127,3500.0,134191.0
0.127,1409.6666666666667,81798.33333333333
0.127,562.5,6256.5
0.127,1876.5,134919.0
0.127,1166.0,35820.5
0.127,2501.6666666666665,55165.333333333336
0.127,1146.5,27362.0
0.127,3500.0,216801.0
0.127,3500.0,270221.0
0.127,1925.6666666666667,99966.66666666667
0.127,2189.6,117293.2
0.127,2054.0,34918.0
0.127,122.5,651.5
0.127,300.0,1308.0
0.127,2753.3333333333335,160495.33333333334
0.127,3018.6,134111.4
0.127,3500.0,194060.0
0.127,2956.25,180073.75
0.127,3500.0,209406.0
0.127,3500.0,221961.0
0.127,3500.0,153742.0
0.127,3500.0,104332.0
0.127,2614.5,138646.75
0.127,612.0,38853.0
0.127,3500.0,155047.0
0.127,3500.0,199633.0
0.127,3500.0,176851.0
0.127,3500.0,101628.0
0.127,1271.6666666666667,104351.66666666667
0.127,3500.0,90171.0
0.127,3500.0,136166.0
0.127,3500.0,135102.0
0.127,3500.0,245684.0
0.127,1191.0,22715.0
0.127,3500.0,180850.5
0.127,3500.0,236734.0
0.127,3500.0,157196.0
0.127,3500.0,110558.0
0.127,2736.6666666666665,167693.66666666666
0.127,94.0,107.0
0.127,3500.0,106975.0
0.127,3500.0,126383.0
0.127,2136.8,118432.8
0.127,2949.5,127276.0
0.127,3500.0,226574.5
0.127,780.5,10042.5
0.127,98.0,106.0
0.127,3500.0,221454.0
0.127,1288.3333333333333,115104.33333333333
0.127,1855.0,59845.5
0.127,3500.0,201931.0
0.127,3500.0,182414.0
0.127,3500.0,120262.5
0.127,3500.0,169772.0
0.127,3500.0,173290.0
0.127,1031.0,41947.0
0.127,3500.0,214607.5
0.127,2514.5,165537.0
0.127,3500.0,125901.0
0.128,1781.5,122278.5
0.128,3018.6,155161.4
0.128,3500.0,139131.0
0.128,3500.0,73416.0
0.128,2412.5,103498.5
0.128,3500.0,148582.0
0.128,1249.3333333333333,49302.333333333336
0.128,3500.0,167031.5
0.128,3500.0,346812.0
0.128,2512.6666666666665,192948.66666666666
0.128,1532.0,45564.0
0.128,3500.0,108639.5
0.128,1820.0,127876.5
0.128,66.0,671.0
0.128,2400.3333333333335,198159.0
0.128,1843.0,61265.0
0.128,1782.0,54304.0
0.128,3500.0,252704.0
0.128,3500.0,144785.0
0.128,1879.6666666666667,100629.0
0.128,3500.0,226707.5
0.128,3500.0,100276.0
0.128,1329.0,90130.66666666667
0.128,830.5,24205.5
0.128,3500.0,187956.0
0.128,3500.0,126145.0
0.128,1850.0,81586.5
0.128,3500.0,260619.0
0.128,365.5,8488.5
0.128,2217.2,123790.8
0.128,3500.0,217585.5
0.128,1832.0,52316.5
0.128,2659.0,166804.33333333334
0.128,3500.0,234756.0
0.128,816.0,69526.0
0.128,1184.0,92486.0
0.128,1845.0,66764.5
0.128,3500.0,206048.0
0.128,1627.6666666666667,62953.166666666664
0.128,3500.0,186192.0
0.128,117.0,922.0
0.128,594.0,1709.0
0.128,3500.0,194417.0
0.128,3500.0,285143.0
0.128,3500.0,104920.0
0.128,536.3333333333334,13864.666666666666
0.128,2733.6666666666665,113077.0
0.128,1406.25,62515.25
0.128,3500.0,231972.0
0.128,3500.0,99245.0
0.128,348.0,1052.0
0.128,1833.0,65054.5
0.128,3500.0,182014.75
0.128,3500.0,268121.0
0.128,3500.0,142349.0
0.128,1781.5,119527.5
0.128,3500.0,189413.0
0.128,3500.0,165442.66666666666
0.128,3500.0,140209.5
0.128,2893.5,136512.0
0.128,1885.1666666666667,80694.33333333333
0.128,63.0,600.5
0.128,1888.0,30484.5
0.128,1672.0,16523.0
0.128,1809.0,83660.0
0.128,583.0,7214.0
0.128,84.0,99.0
0.128,91.0,593.0
0.128,2917.4,160383.2
0.128,1803.0,42417.0
0.128,61.0,601.0
0.128,3500.0,184715.0
0.128,1792.5,99940.0
0.129,3500.0,178972.0
0.129,651.5,19819.0
0.129,3500.0,154252.4
0.129,1189.5,36111.0
0.129,3500.0,211831.0
0.129,356.0,1953.0
0.129,1749.0,150959.0
0.129,1047.0,11594.0
0.129,2390.0,90241.0
0.129,335.0,2466.0
0.129,2680.3333333333335,131798.33333333334
0.129,2697.6666666666665,130058.0
0.129,112.0,1040.0
0.129,2669.6666666666665,139887.0
0.129,3500.0,207195.5
0.129,1807.0,72447.5
0.129,3500.0,176267.0
0.129,2039.0,98499.0
0.129,1213.3333333333333,55198.666666666664
0.129,2741.6666666666665,165724.66666666666
0.129,2366.3333333333335,121155.0
0.129,1369.3333333333333,47376.666666666664
0.129,3500.0,270429.0
0.129,2215.0,155575.75
0.129,2972.3333333333335,183735.0
0.129,3500.0,172886.25
0.129,3500.0,102207.0
0.129,3500.0,189649.0
0.129,3500.0,180235.5
0.129,1410.0,44313.666666666664
0.129,3500.0,111476.5
0.129,3097.0,187918.5
0.129,2878.8,172445.8
0.129,3500.0,151113.0
0.129,1731.0,91149.0
0.129,3500.0,250763.33333333334
0.129,3500.0,131731.0
0.129,1818.0,117996.5
0.129,2364.6666666666665,69486.66666666667
0.129,337.0,3278.0
0.129,1521.25,44313.0
0.129,3500.0,194261.0
0.129,3500.0,161527.0
0.129,1807.5,63982.0
0.129,3500.0,126688.5
0.129,2616.6666666666665,103063.33333333333
0.129,95.0,96.0
0.129,2501.6666666666665,105151.66666666667
0.129,236.0,2420.5
0.129,1828.5,111027.5
0.129,1836.5,94624.5
0.129,3500.0,222921.0
0.129,3500.0,169114.33333333334
0.129,3500.0,208767.5
0.129,3500.0,163009.0
0.129,3500.0,199757.0
0.129,2251.0,170466.0
0.129,2689.6666666666665,166813.33333333334
0.129,1010.0,14988.0
0.129,3500.0,177916.5
0.129,1793.5,30756.0
0.129,969.25,48434.75
0.129,3500.0,127750.0
0.129,1074.0,19204.5
0.129,2441.5,76913.5
0.129,3500.0,285175.0
0.129,2468.0,90381.0
0.129,65.0,625.0
0.129,1296.0,43589.0
0.129,3500.0,152210.0
0.129,3500.0,188947.0
0.129,3500.0,230720.0
0.129,3500.0,188920.0
0.129,3500.0,189161.25
0.129,337.0,9952.0
0.129,3500.0,172384.0
0.129,3500.0,150340.0
0.13,1516.0,27139.0
0.13,1772.5,142006.5
0.13,2002.5,132685.0
0.13,3500.0,139641.0
0.13,2657.75,90110.5
0.13,2363.0,112448.33333333333
0.13,2464.5,93670.0
0.13,2547.3333333333335,110073.66666666667
0.13,2220.6,100087.0
0.13,1801.5,71349.0
0.13,2645.5,125839.5
0.13,1783.0,142773.0
0.13,3500.0,260548.0
0.13,903.0,11162.0
0.13,3500.0,218243.0
0.13,2923.25,154547.0
0.13,1415.0,25126.0
0.13,3500.0,163245.0
0.13,2866.0,121863.33333333333
0.13,3500.0,220579.0
0.13,203.0,550.0
0.13,1802.0,105999.0
0.13,1278.5,39947.0
0.13,3500.0,250960.0
0.13,2055.5,152349.0
0.13,3500.0,202013.0
0.13,1846.5,126839.0
0.13,3500.0,221791.0
0.13,3500.0,194330.0
0.13,2761.25,163542.5
0.13,58.0,509.0
0.13,3500.0,156562.5
0.13,2543.0,96807.5
0.13,3500.0,199302.5
0.13,116.5,2438.0
0.13,1975.5,117179.5
0.13,3500.0,271922.0
0.13,3500.0,169248.0
0.13,3500.0,125669.5
0.13,2425.5,147416.0
0.13,114.0,268.0
0.13,3500.0,155168.5
0.13,1993.0,95238.5
0.13,1876.5,56845.0
0.13,3500.0,172339.66666666666
0.13,282.0,10357.0
0.13,64.0,780.0
0.13,3500.0,248716.0
0.13,326.0,3423.0
0.13,79.0,98.0
0.13,288.5,16643.5
0.13,535.0,4134.0
0.13,2364.0,155169.66666666666
0.13,2854.3333333333335,134883.66666666666
0.13,3500.0,216224.0
0.13,3500.0,199461.0
0.13,1788.0,119774.0
0.13,162.0,203.0
0.13,3500.0,223576.0
0.13,2359.3333333333335,64880.666666666664
0.13,3500.0,124501.5
0.13,3500.0,228621.0
0.13,2529.0,95480.0
0.13,1085.0,23655.0
0.13,3500.0,83382.0
0.13,3500.0,226735.0
0.13,1817.5,88235.5
0.13,1779.0,46603.5
0.13,3500.0,166353.0
0.13,2828.6,153769.4
0.13,295.5,856.0
0.13,3500.0,64451.5
0.13,3500.0,179308.5
0.13,1051.0,7887.0
0.13,3500.0,106917.0
0.13,2728.3333333333335,117710.33333333333
0.13,3500.0,248334.0
0.131,2506.0,92165.0
0.131,3500.0,150365.0
0.131,3500.0,123846.5
0.131,2510.0,68053.5
0.131,3500.0,165958.0
0.131,728.0,16376.5
0.131,3500.0,201521.0
0.131,2517.0,101903.5
0.131,2177.6,127202.0
0.131,1546.6666666666667,77730.33333333333
0.131,1374.3333333333333,63069.333333333336
0.131,1764.3333333333333,57804.666666666664
0.131,89.0,103.0
0.131,3500.0,176011.0
0.131,509.0,4511.5
0.131,3500.0,200571.0
0.131,1875.0,59689.666666666664
0.131,3500.0,103083.0
0.131,1807.0,125094.5
0.131,2003.0,149799.0
0.131,65.0,608.0
0.131,3500.0,166433.0
0.131,3500.0,215158.0
0.131,3098.5,201717.75
0.131,2369.0,202204.66666666666
0.131,2524.5,104636.0
0.131,3500.0,212516.5
0.131,2325.5,84291.5
0.131,2256.0,72021.5
0.131,2354.6666666666665,104850.66666666667
0.131,3500.0,159117.0
0.131,3500.0,171067.5
0.131,3500.0,176882.5
0.131,2416.0,89218.0
0.131,1.0,2.0
0.131,3500.0,266536.0
0.131,2017.6666666666667,93261.33333333333
0.131,1066.0,23393.0
0.131,3500.0,148388.0
0.131,2971.6666666666665,151494.0
0.131,686.3333333333334,31171.666666666668
0.131,2408.714285714286,150212.85714285713
0.131,3500.0,114715.5
0.131,180.0,242.0
0.131,3500.0,193922.0
0.131,3500.0,126013.0
0.131,2737.0,179132.25
0.131,1835.5,67149.0
0.131,3500.0,120489.0
0.131,2675.3333333333335,81430.33333333333
0.131,1617.25,57937.25
0.131,696.0,27443.5
0.131,2357.6666666666665,89043.66666666667
0.131,1253.75,56442.5
0.131,3500.0,277884.5
0.131,3500.0,106933.0
0.131,834.0,30875.0
0.131,3500.0,123694.33333333333
0.131,2463.3333333333335,115250.0
0.131,3500.0,193093.0
0.131,3500.0,246524.0
0.131,1879.5,54659.0
0.131,3500.0,165919.0
0.131,3500.0,176957.0
0.131,3500.0,203453.4
0.131,1505.0,51228.0
0.131,1959.0,112601.5
0.131,2354.0,150954.66666666666
0.131,1693.0,56667.0
0.131,1243.8,50836.4
0.131,1778.5,77372.5
0.131,1879.0,55880.5
0.131,1828.0,118452.5
0.131,3500.0,228685.33333333334
0.131,2854.3333333333335,117184.33333333333
0.131,3500.0,277479.0
0.131,2012.5,135032.5
0.131,2138.0,60529.4
0.131,65.0,543.0
0.131,2751.25,147960.25
0.132,3500.0,297098.0
0.132,3500.0,213808.0
0.132,3500.0,277818.0
0.132,3500.0,201669.0
0.132,2589.0,129137.5
0.132,3189.2,162522.8
0.132,1066.0,25520.0
0.132,3500.0,219533.0
0.132,421.0,15284.0
0.132,3500.0,190358.0
0.132,109.0,127.0
0.132,2807.0,100309.0
0.132,3500.0,188878.0
0.132,65.0,84.0
0.132,2095.0,47148.0
0.132,3500.0,165857.33333333334
0.132,3500.0,124388.5
0.132,1341.0,15854.0
0.132,3500.0,126654.66666666667
0.132,3500.0,102463.0
0.132,3500.0,123533.0
0.132,3500.0,84812.0
0.132,3500.0,156224.66666666666
0.132,3500.0,199103.0
0.132,516.0,8028.0
0.132,2363.3333333333335,172074.33333333334
0.132,3500.0,98479.0
0.132,2772.3333333333335,106512.0
0.132,3500.0,119179.0
0.132,2944.6666666666665,147623.33333333334
0.132,3500.0,164423.0
0.132,3500.0,128182.0
0.132,3500.0,126992.0
0.132,502.0,6742.0
0.132,74.0,89.0
0.132,1830.0,157433.5
0.132,1726.5,74197.75
0.132,3500.0,204839.5
0.132,1845.25,81336.0
0.132,1253.5,49032.75
0.132,3500.0,238335.0
0.132,1551.6666666666667,79011.66666666667
0.132,3500.0,201488.0
0.132,3500.0,293759.0
0.132,3500.0,252050.0
0.132,3500.0,235718.0
0.132,533.0,23359.0
0.132,3500.0,218847.0
0.132,3500.0,218961.0
0.132,3500.0,67056.0
0.132,1783.5,61262.0
0.132,2854.0,127760.0
0.132,1288.0,48304.0
0.132,1660.0,85762.0
0.132,92.0,98.0
0.132,3500.0,236701.0
0.132,3500.0,136068.0
0.132,1233.0,34668.0
0.132,2397.0,89518.0
0.132,681.0,15874.5
0.132,3500.0,224301.0
0.132,1216.3333333333333,27964.333333333332
0.132,1823.5,60012.5
0.132,1488.0,21161.0
0.132,3500.0,254797.0
0.132,3500.0,169966.5
0.132,586.0,9146.0
0.132,2306.5,146249.5
0.132,3500.0,103123.0
0.132,3500.0,196134.0
0.132,3500.0,170533.66666666666
0.132,3500.0,92851.0
0.132,3500.0,312423.5
0.132,3500.0,204193.0
0.132,66.0,467.0
0.132,2723.0,140083.33333333334
0.132,2059.75,99012.5
0.132,957.0,34101.0
0.132,3500.0,126793.0
0.132,1011.0,10094.0
0.132,1393.6666666666667,41450.0
0.132,3500.0,229097.0
0.133,3500.0,101497.0
0.133,3500.0,68253.0
0.133,3500.0,197758.0
0.133,3500.0,240817.0
0.133,3500.0,129286.0
0.133,680.6666666666666,9711.666666666666
0.133,2501.6666666666665,84000.0
0.133,3500.0,174420.5
0.133,2890.0,143541.0
0.133,109.0,111.0
0.133,2890.0,173088.66666666666
0.133,3500.0,156536.5
0.133,1178.75,72800.75
0.133,3500.0,170502.66666666666
0.133,1796.5,152743.0
0.133,3500.0,273715.0
0.133,3500.0,171613.0
0.133,3500.0,159947.0
0.133,1460.0,19952.0
0.133,1987.0,66441.5
0.133,3500.0,283401.0
0.133,1800.0,53713.0
0.133,1788.5,98306.0
0.133,1788.5,71273.0
0.133,1280.6666666666667,84935.66666666667
0.133,2418.0,125887.0
0.133,1781.5,54377.5
0.133,3500.0,223038.0
0.133,3500.0,120921.0
0.133,3500.0,167944.0
0.133,1301.0,126306.0
0.133,3500.0,88742.0
0.133,3500.0,188545.0
0.133,81.0,88.0
0.133,2225.0,87544.0
0.133,1094.0,10944.0
0.133,3500.0,207789.75
0.133,3500.0,229115.0
0.133,1850.5,74009.5
0.133,1795.0,77041.0
0.133,3500.0,247356.0
0.133,2464.0,144207.66666666666
0.133,2378.0,128002.71428571429
0.133,2642.5,130686.0
0.133,3500.0,161380.0
0.133,2548.5,134088.5
0.133,79.0,99.0
0.133,3500.0,117069.0
0.133,3500.0,147084.0
0.133,3500.0,234480.5
0.133,3500.0,161262.0
0.133,3500.0,136391.0
0.133,2296.5,143706.5
0.133,3500.0,120920.0
0.133,2748.0,171991.33333333334
0.133,3500.0,103949.0
0.133,74.0,77.0
0.133,3500.0,213299.0
0.133,3500.0,175096.0
0.133,3500.0,98031.0
0.133,3500.0,222520.0
0.133,3500.0,120305.0
0.133,3500.0,197430.0
0.133,940.0,49651.0
0.133,3500.0,84725.0
0.133,1200.0,4195.0
0.133,90.0,270.0
0.133,2337.5,43275.0
0.133,3500.0,193338.5
0.133,3500.0,268264.0
0.133,1343.0,14782.0
0.133,1829.5,45136.0
0.133,378.0,2552.0
0.133,2529.0,84483.0
0.133,3500.0,240639.5
0.133,3500.0,200427.0
0.133,3500.0,183164.0
0.133,2008.0,139989.5
0.133,2323.0,121343.75
0.133,2066.0,80347.0
0.133,3500.0,245669.0
0.134,3500.0,218445.0
0.134,1655.0,88328.0
0.134,1212.5,73830.5
0.134,1506.0,87130.0
0.134,2691.6666666666665,121933.33333333333
0.134,2018.5,56017.0
0.134,1957.0,37469.0
0.134,819.5,27454.5
0.134,1480.0,70826.0
0.134,3115.25,116894.25
0.134,3500.0,205298.0
0.134,3500.0,101971.0
0.134,3500.0,172275.33333333334
0.134,2513.0,96590.5
0.134,3500.0,238246.0
0.134,1976.5,131976.25
0.134,3500.0,222541.0
0.134,3500.0,35965.0
0.134,3500.0,228780.0
0.134,1857.0,54392.0
0.134,2443.25,98565.75
0.134,1372.5,76869.25
0.134,1826.0,105517.0
0.134,2464.5,134048.5
0.134,1267.0,45365.666666666664
0.134,3500.0,213180.0
0.134,2590.5,104228.0
0.134,3500.0,84650.0
0.134,617.0,6800.0
0.134,3500.0,250899.0
0.134,2086.75,33062.75
0.134,3500.0,156983.0
0.134,3500.0,157913.0
0.134,2211.0,107029.75
0.134,3500.0,165023.0
0.134,3500.0,191707.5
0.134,3500.0,178888.5
0.134,3500.0,239154.0
0.134,2835.6666666666665,152311.33333333334
0.134,1167.0,12539.0
0.134,3500.0,228117.0
0.134,711.0,20671.0
0.134,1876.5,82975.5
0.134,3500.0,124353.0
0.134,3500.0,153426.4
0.134,3500.0,89100.0
0.134,3500.0,211049.0
0.134,1914.0,93917.0
0.134,421.0,11204.0
0.134,3500.0,234541.0
0.134,2764.0,151823.33333333334
0.134,2417.0,112012.66666666667
0.134,3500.0,154758.0
0.134,85.0,99.0
0.134,3500.0,277258.0
0.134,3500.0,256464.5
0.134,3500.0,192577.33333333334
0.134,3500.0,156827.0
0.134,1781.0,68991.0
0.134,2441.5,124628.0
0.134,1942.0,108234.5
0.134,3500.0,260254.0
0.134,1466.0,38667.0
0.134,2354.6666666666665,130958.0
0.134,2104.0,109750.5
0.134,3500.0,184269.33333333334
0.134,1864.5,87993.0
0.134,631.0,14614.0
0.134,3500.0,241126.0
0.134,3500.0,232762.0
0.134,206.0,296.0
0.134,1580.0,39224.5
0.134,1817.0,74023.5
0.134,1066.0,31097.0
0.134,2955.3333333333335,143991.0
0.134,3500.0,159579.0
0.134,3500.0,175956.0
0.134,2888.3333333333335,162328.0
0.134,3500.0,156759.5
0.134,3500.0,106804.0
0.134,3500.0,120221.0
0.134,2175.0,84886.0
0.134,3500.0,178603.33333333334
0.135,1061.0,27055.0
0.135,2646.75,170496.0
0.135,3500.0,248102.0
0.135,1803.75,44221.75
0.135,1795.5,66417.5
0.135,1605.3333333333333,53971.333333333336
0.135,1047.5,27156.5
0.135,1848.75,72912.25
0.135,2258.0,95942.0
0.135,3500.0,132740.0
0.135,2837.6666666666665,204700.0
0.135,3500.0,171009.0
0.135,3500.0,159136.0
0.135,3500.0,180991.0
0.135,60.0,605.0
0.135,2360.5,127673.75
0.135,3500.0,152557.0
0.135,3500.0,268252.0
0.135,131.0,1133.0
0.135,2094.0,95356.66666666667
0.135,2265.5,114810.5
0.135,3500.0,154072.0
0.135,2177.5,125982.0
0.135,163.0,2254.0
0.135,3500.0,155061.0
0.135,1541.0,37059.0
0.135,2376.5,167188.5
0.135,2389.3333333333335,112884.33333333333
0.135,1205.0,27171.0
0.135,3500.0,207245.0
0.135,2810.6666666666665,106485.0
0.135,1255.0,60788.0
0.135,2816.75,159822.25
0.135,2865.0,97261.66666666667
0.135,2387.6666666666665,157341.33333333334
0.135,3500.0,173594.0
0.135,3500.0,204859.0
0.135,1733.0,25654.0
0.135,1632.6666666666667,123385.0
0.135,3500.0,296852.0
0.135,1760.0,92152.66666666667
0.135,3500.0,75426.0
0.135,3500.0,159789.0
0.135,413.0,3534.0
0.135,1789.5,62210.5
0.135,2002.5,154379.0
0.135,3500.0,261292.0
0.135,3051.0,117805.25
0.135,2758.5,78123.0
0.135,259.5,2811.5
0.135,3500.0,74465.0
0.135,1832.5,104601.0
0.135,3500.0,73645.0
0.135,2326.5,103279.0
0.135,2394.0,118796.66666666667
0.135,2693.0,192698.66666666666
0.135,3131.714285714286,141975.14285714287
0.135,2102.0,156538.5
0.135,3500.0,181830.5
0.135,2647.25,142031.75
0.135,2480.5,164500.0
0.135,3500.0,142110.0
0.135,3500.0,91435.0
0.135,2519.0,130744.0
0.135,1783.0,127385.5
0.135,1782.0,55294.0
0.135,3500.0,212121.0
0.135,2756.75,126294.5
0.135,2302.0,51083.0
0.135,2397.5,124472.0
0.135,3500.0,175758.5
0.135,117.66666666666667,1332.6666666666667
0.135,2018.5,80994.66666666667
0.135,3500.0,160931.0
0.135,1910.6666666666667,73677.0
0.135,1405.3333333333333,35454.0
0.135,2772.0,129864.66666666667
0.136,3500.0,180415.66666666666
0.136,3500.0,216939.5
0.136,3500.0,114804.0
0.136,2488.6666666666665,81564.0
0.136,3500.0,173964.0
0.136,207.0,1371.0
0.136,2548.5,163821.0
0.136,1255.25,61584.5
0.136,753.0,30101.0
0.136,2770.0,130539.33333333333
0.136,1726.5,40068.0
0.136,3500.0,281936.0
0.136,2354.6666666666665,141839.0
0.136,66.0,776.0
0.136,2275.0,111292.0
0.136,1959.5,108061.5
0.136,505.0,11079.0
0.136,3500.0,94103.5
0.136,3500.0,121379.0
0.136,3500.0,237936.0
0.136,2460.75,83896.75
0.136,3500.0,127919.0
0.136,2473.6666666666665,138653.66666666666
0.136,1787.5,80915.0
0.136,498.0,3145.0
0.136,116.0,2250.0
0.136,1429.0,20280.0
0.136,3500.0,143260.8
0.136,976.0,11052.5
0.136,2223.1428571428573,109094.71428571429
0.136,3500.0,97805.0
0.136,84.0,100.0
0.136,3500.0,175162.33333333334
0.136,3500.0,162240.0
0.136,2653.0,127003.75
0.136,1055.0,19637.0
0.136,2646.0,143341.0
0.136,1515.0,23327.0
0.136,3500.0,169748.5
0.136,3500.0,174127.0
0.136,1883.0,62687.0
0.136,2961.0,132171.75
0.136,3500.0,194589.0
0.136,1365.5,66966.75
0.136,1782.0,50089.5
0.136,3500.0,135084.0
0.136,2412.285714285714,97666.28571428571
0.136,1183.0,44467.0
0.136,3500.0,157687.0
0.136,3500.0,174647.0
0.136,2718.6666666666665,121741.33333333333
0.136,803.0,27102.0
0.136,3500.0,136558.0
0.136,500.5,13442.0
0.136,3500.0,129074.0
0.136,1781.5,55259.0
0.136,2719.3333333333335,130216.0
0.136,127.0,1651.0
0.136,3500.0,267720.5
0.136,1783.5,57733.5
0.136,3500.0,203149.5
0.136,3500.0,241601.0
0.136,3500.0,240959.75
0.136,3500.0,146457.0
0.136,2728.0,106882.33333333333
0.136,3500.0,213135.0
0.136,3500.0,286274.0
0.136,63.0,487.0
0.136,3500.0,116336.0
0.136,1874.5,123947.5
0.136,69.0,744.0
0.136,3500.0,157569.0
0.136,3500.0,163916.5
0.136,3500.0,184120.0
0.136,3500.0,174237.0
0.136,2640.5,124117.25
0.136,2142.5,143975.0
0.136,3500.0,146804.5
0.136,3500.0,195708.0
0.136,144.0,272.0
0.137,3500.0,141584.0
0.137,3500.0,104976.5
0.137,1093.0,42536.0
0.137,3500.0,220208.0
0.137,2935.25,152642.5
0.137,827.5,8982.5
0.137,1194.0,12790.0
0.137,947.0,21576.0
0.137,2417.6666666666665,147865.0
0.137,3500.0,93536.0
0.137,3500.0,215179.25
0.137,130.0,174.0
0.137,3500.0,163565.0
0.137,1240.6666666666667,85176.66666666667
0.137,1222.5,26628.5
0.137,161.0,3775.0
0.137,2708.3333333333335,120102.33333333333
0.137,505.0,8492.0
0.137,2004.0,70515.0
0.137,1567.6666666666667,39041.666666666664
0.137,3500.0,264049.3333333333
0.137,3500.0,217925.0
0.137,1696.3333333333333,61865.666666666664
0.137,447.5,7731.0
0.137,566.3333333333334,28766.666666666668
0.137,3500.0,135999.0
0.137,3500.0,216216.0
0.137,1319.0,21584.0
0.137,3500.0,289970.0
0.137,3500.0,185867.0
0.137,3500.0,175170.5
0.137,110.0,148.0
0.137,3500.0,173776.0
0.137,3500.0,182756.0
0.137,3500.0,56215.0
0.137,1310.5,59311.0
0.137,1960.5,109379.5
0.137,1800.0,54554.5
0.137,1409.0,36206.0
0.137,1471.0,84769.0
0.137,94.0,97.0
0.137,3500.0,152732.0
0.137,1782.0,106156.0
0.137,3500.0,181982.0
0.137,3500.0,161077.0
0.137,3500.0,168120.66666666666
0.137,1550.0,78191.0
0.137,1733.3333333333333,74016.66666666667
0.137,3500.0,140494.5
0.137,3500.0,96936.0
0.137,2931.0,150019.75
0.137,2697.6666666666665,119490.0
0.137,2380.5,69960.0
0.137,1065.0,28284.0
0.137,2726.3333333333335,144471.0
0.137,3126.8333333333335,165448.0
0.137,3500.0,130608.0
0.137,3500.0,121996.0
0.137,3500.0,186550.0
0.137,880.5,14852.5
0.137,2377.3333333333335,178760.33333333334
0.137,2017.6666666666667,87395.66666666667
0.137,3500.0,226126.0
0.137,3500.0,242592.0
0.137,2108.5,103737.0
0.137,3500.0,174504.0
0.137,2878.75,123488.5
0.137,3500.0,198887.0
0.137,1607.0,41621.333333333336
0.137,1817.0,97985.5
0.137,2215.75,104388.25
0.137,2406.3333333333335,120103.33333333333
0.137,3500.0,313652.0
0.137,3500.0,93163.5
0.137,3500.0,134631.5
0.137,2405.8,118209.4
0.137,3500.0,195930.5
0.137,2558.0,65020.0
0.137,3500.0,233100.0
0.137,1120.0,82631.0
0.137,3500.0,158462.0
0.138,3500.0,178499.0
0.138,337.0,6889.0
0.138,2111.4,80617.8
0.138,801.5,13521.0
0.138,2707.0,121443.66666666667
0.138,2937.0,103464.0
0.138,3500.0,164085.0
0.138,3500.0,202161.0
0.138,352.0,19921.5
0.138,3500.0,113400.0
0.138,3500.0,165680.0
0.138,3045.0,121282.0
0.138,2910.6666666666665,140372.33333333334
0.138,3500.0,144344.5
0.138,2191.5,119570.0
0.138,108.0,907.0
0.138,3500.0,44287.0
0.138,1219.0,28452.0
0.138,3500.0,142263.0
0.138,2367.6666666666665,80342.66666666667
0.138,2347.6666666666665,193917.0
0.138,2330.0,118290.75
0.138,1816.25,53087.25
0.138,3500.0,138198.75
0.138,1077.0,28319.0
0.138,3500.0,197820.66666666666
0.138,3500.0,176487.66666666666
0.138,1958.0,25082.0
0.138,889.3333333333334,22410.666666666668
0.138,99.0,393.0
0.138,3500.0,195329.66666666666
0.138,1605.0,36297.0
0.138,3500.0,174666.0
0.138,2321.0,81658.5
0.138,970.0,19841.0
0.138,306.0,2000.0
0.138,3500.0,173815.5
0.138,166.0,1445.0
0.138,2031.75,49202.0
0.138,3500.0,73796.0
0.138,3500.0,138672.33333333334
0.138,3500.0,200382.5
0.138,3500.0,151908.0
0.138,2361.6666666666665,85819.0
0.138,3500.0,148768.0
0.138,3500.0,137238.0
0.138,3500.0,267398.5
0.138,102.5,479.0
0.138,85.0,93.0
0.138,1098.0,34552.5
0.138,1506.8333333333333,45901.833333333336
0.138,954.0,65567.25
0.138,3500.0,163507.5
0.138,3500.0,154592.5
0.138,2337.0,105505.5
0.138,3500.0,202198.5
0.138,3500.0,152030.5
0.138,3500.0,214172.5
0.138,1933.0,38195.0
0.138,3500.0,124211.0
0.138,3500.0,136182.5
0.138,162.0,2373.0
0.138,2718.5,61432.0
0.138,591.5,2960.0
0.138,2288.0,92498.0
0.138,3500.0,177368.66666666666
0.138,3500.0,133149.0
0.138,3500.0,229968.5
0.138,1044.0,33830.0
0.138,2349.0,129149.66666666667
0.138,1542.6666666666667,94953.33333333333
0.138,3500.0,188564.0
0.138,888.0,18967.0
0.138,3500.0,122536.0
0.138,1220.0,28857.666666666668
0.138,1908.0,92699.0
0.138,66.0,567.0
0.138,1207.75,56823.75
0.138,3500.0,204169.5
0.138,1113.0,14126.0
0.138,2625.0,133026.0
0.139,1295.0,39148.0
0.139,3500.0,112697.0
0.139,1852.5,92207.0
0.139,2898.5,199538.25
0.139,1444.5,51591.0
0.139,2480.8,85650.8
0.139,2123.3333333333335,85539.66666666667
0.139,1372.3333333333333,85326.0
0.139,2367.6666666666665,129388.33333333333
0.139,505.0,45918.0
0.139,3500.0,145810.0
0.139,1851.5,105290.5
0.139,2819.0,165478.4
0.139,2081.0,70402.0
0.139,3500.0,172230.5
0.139,2174.8333333333335,57473.833333333336
0.139,2058.6666666666665,92381.16666666667
0.139,2678.5,138175.5
0.139,1665.75,48919.25
0.139,3500.0,117551.0
0.139,2191.3333333333335,93171.66666666667
0.139,3500.0,178996.0
0.139,2974.25,149058.5
0.139,3500.0,234214.0
0.139,3500.0,184872.0
0.139,3500.0,249412.33333333334
0.139,3500.0,121180.0
0.139,1671.0,81115.66666666667
0.139,1801.0,62205.0
0.139,1009.0,10762.0
0.139,421.0,5762.0
0.139,1952.1666666666667,86463.66666666667
0.139,2494.0,157055.66666666666
0.139,106.0,1335.0
0.139,1805.0,74273.0
0.139,2679.0,151614.75
0.139,2374.6666666666665,171551.0
0.139,1315.0,41771.333333333336
0.139,3500.0,91574.0
0.139,2815.3333333333335,122576.33333333333
0.139,1380.0,18305.0
0.139,3500.0,203570.0
0.139,2560.0,108915.0
0.139,814.0,11452.333333333334
0.139,3500.0,160991.0
0.139,3500.0,161862.0
0.139,1116.5,12659.5
0.139,341.5,2211.0
0.139,1814.5,61055.0
0.139,3500.0,191971.0
0.139,1076.0,17340.0
0.139,2393.6666666666665,120954.66666666667
0.139,2450.0,89709.0
0.139,3500.0,106788.0
0.139,3500.0,89162.5
0.139,3500.0,118903.33333333333
0.139,3500.0,166119.5
0.139,3500.0,93289.5
0.139,3500.0,192913.5
0.139,1631.0,66810.0
0.139,3500.0,189850.0
0.139,2639.75,100665.25
0.139,1520.0,26899.0
0.139,2243.5,104634.75
0.139,3500.0,189789.25
0.139,2878.25,155780.75
0.139,3500.0,147173.5
0.139,120.0,1174.5
0.139,2781.0,160407.66666666666
0.139,1778.5,55551.0
0.139,2782.0,124450.83333333333
0.139,2139.8333333333335,112295.0
0.139,2877.25,116764.75
0.139,2112.0,108175.75
0.139,3500.0,208449.5
0.139,3500.0,253054.5
0.14,713.0,6204.0
0.14,3500.0,162935.5
0.14,3500.0,97437.0
0.14,3500.0,255851.0
0.14,1788.5,86685.5
0.14,1023.0,15682.0
0.14,2160.3333333333335,130055.0
0.14,1925.5,54611.0
0.14,3500.0,121794.0
0.14,2418.0,47919.5
0.14,1815.6,79322.0
0.14,3500.0,145831.0
0.14,3500.0,282318.5
0.14,3500.0,318188.0
0.14,3500.0,218596.0
0.14,1742.8,48401.8
0.14,2528.0,97812.5
0.14,1259.0,28771.0
0.14,3500.0,179780.0
0.14,3500.0,166589.0
0.14,164.5,1017.0
0.14,3500.0,174156.0
0.14,3500.0,102248.0
0.14,3500.0,196378.5
0.14,1022.0,38533.0
0.14,2529.0,143893.66666666666
0.14,139.0,855.0
0.14,894.0,16971.0
0.14,3500.0,174978.5
0.14,1175.5,47129.5
0.14,3500.0,127221.0
0.14,2550.0,117158.66666666667
0.14,3500.0,91370.0
0.14,2751.25,118815.25
0.14,2662.5,184393.33333333334
0.14,2590.5,79762.5
0.14,825.0,16592.0
0.14,1089.0,15569.0
0.14,3500.0,167910.5
0.14,2442.0,78028.0
0.14,1780.0,125462.0
0.14,3500.0,217819.5
0.14,2235.3333333333335,127398.33333333333
0.14,1460.0,54362.0
0.14,839.0,16583.0
0.14,1069.0,24407.0
0.14,3500.0,185962.0
0.14,89.33333333333333,876.0
0.14,959.5,11580.0
0.14,1828.0,98444.5
0.14,3500.0,230826.5
0.14,1810.0,67631.0
0.14,1918.4,79931.8
0.14,3500.0,247310.0
0.14,932.5,12265.0
0.14,1780.5,152204.0
0.14,3500.0,181267.66666666666
0.14,2275.5,94440.0
0.14,2880.0,95372.0
0.14,946.3333333333334,20896.0
0.14,3118.5,141934.66666666666
0.14,85.0,1904.0
0.14,1818.5,92882.0
0.14,668.0,6129.0
0.14,457.0,5357.0
0.14,1780.5,28994.5
0.14,1811.5,53058.5
0.14,1184.0,18679.0
0.14,3500.0,141549.0
0.14,1784.5,122585.5
0.14,1023.0,18142.0
0.14,940.0,38857.0
0.14,2817.2,125450.2
0.14,101.0,103.0
0.14,3500.0,138475.5
0.14,2426.0,109255.0
0.14,3500.0,278694.0
0.14,1833.5,43887.0
0.14,2502.0,141194.0
0.141,1869.0,139855.2
0.141,3500.0,88508.0
0.141,1889.0,66371.0
0.141,2712.0,135594.0
0.141,1413.0,17560.0
0.141,3500.0,217662.0
0.141,2740.0,116939.66666666667
0.141,3500.0,174847.5
0.141,3500.0,222527.0
0.141,2251.0,137140.5
0.141,2310.5,76605.0
0.141,848.5,8803.5
0.141,1345.0,61457.0
0.141,2008.0,83908.5
0.141,1995.5,66580.5
0.141,2457.25,126376.5
0.141,97.0,112.0
0.141,648.0,38423.0
0.141,1433.6666666666667,62552.666666666664
0.141,3500.0,189989.0
0.141,1177.0,10581.0
0.141,1781.0,87772.5
0.141,3500.0,139422.5
0.141,2050.5,164165.0
0.141,120.0,154.0
0.141,2378.0,126385.0
0.141,3500.0,195834.5
0.141,1164.0,18724.0
0.141,1534.0,39202.0
0.141,2925.3333333333335,122993.0
0.141,2076.75,102536.75
0.141,312.0,1880.0
0.141,2982.25,159293.0
0.141,3021.125,118143.75
0.141,3500.0,144402.0
0.141,1240.0,41644.666666666664
0.141,1639.3333333333333,52842.333333333336
0.141,1748.3333333333333,83231.66666666667
0.141,1648.6666666666667,51374.333333333336
0.141,849.5,7438.0
0.141,1393.0,21250.0
0.141,2693.6666666666665,110259.0
0.141,3500.0,180340.5
0.141,2042.0,68282.33333333333
0.141,1535.6666666666667,96931.33333333333
0.141,3500.0,181974.0
0.141,3500.0,163029.0
0.141,3500.0,228182.0
0.141,3500.0,231264.0
0.141,3500.0,250154.5
0.141,2395.0,136983.5
0.141,3500.0,186127.0
0.141,1802.0,37323.5
0.141,3500.0,140866.0
0.141,2751.6666666666665,137585.33333333334
0.141,870.5,21304.5
0.141,91.0,96.0
0.141,1916.0,63868.5
0.141,1807.5,130063.0
0.141,2067.75,105319.5
0.141,3500.0,222508.66666666666
0.141,719.0,12774.0
0.141,82.0,85.0
0.141,3500.0,171967.5
0.141,3500.0,89324.0
0.141,2617.0,128848.5
0.141,1790.0,70979.0
0.141,1009.0,15080.0
0.141,136.0,1887.0
0.141,1228.0,35238.0
0.141,2058.0,49752.5
0.141,3500.0,209773.0
0.141,3500.0,230339.0
0.141,3500.0,289523.0
0.141,2906.0,137877.6
0.141,3500.0,217727.0
0.141,3500.0,236588.0
0.141,3500.0,138614.5
0.141,3500.0,75579.5
0.141,1551.3333333333333,36783.0
0.141,3500.0,73437.0
0.141,3500.0,79572.0
0.141,371.0,1621.0
0.141,3500.0,190875.6
0.142,864.0,45296.0
0.142,3500.0,245268.5
0.142,3500.0,202327.0
0.142,2230.5,119096.25
0.142,67.0,76.0
0.142,2170.5,74249.5
0.142,264.0,3048.0
0.142,3500.0,99324.0
0.142,3500.0,59966.0
0.142,1832.0,76047.75
0.142,2765.0,96523.33333333333
0.142,3500.0,230661.0
0.142,65.0,697.0
0.142,3500.0,157761.0
0.142,1851.3333333333333,94474.66666666667
0.142,3500.0,190798.0
0.142,1817.5,47501.0
0.142,3500.0,202708.0
0.142,2391.0,130521.33333333333
0.142,1549.0,61214.5
0.142,3500.0,215459.0
0.142,3500.0,255318.5
0.142,1134.0,20051.0
0.142,3500.0,191498.0
0.142,2625.5,96938.5
0.142,2014.0,119049.66666666667
0.142,3500.0,134476.0
0.142,3500.0,310694.0
0.142,2296.5,121945.5
0.142,2603.0,105078.0
0.142,3500.0,197228.5
0.142,3500.0,164797.0
0.142,2036.0,123388.0
0.142,951.0,13473.0
0.142,2647.5,93772.5
0.142,1457.6666666666667,58616.333333333336
0.142,2333.6666666666665,71532.33333333333
0.142,1110.0,20574.5
0.142,2146.4,78582.4
0.142,1584.6666666666667,104919.33333333333
0.142,3500.0,64202.0
0.142,194.0,452.0
0.142,2038.5,129001.0
0.142,3008.2,139309.0
0.142,3500.0,227167.0
0.142,2347.5,128271.5
0.142,1787.0,93995.5
0.142,591.0,14928.0
0.142,79.0,1306.0
0.142,2070.8333333333335,120132.66666666667
0.142,269.0,1733.0
0.142,650.0,11500.0
0.142,3500.0,140173.0
0.142,2646.75,152523.5
0.142,1785.75,98991.25
0.142,3500.0,167642.0
0.142,3500.0,149372.0
0.142,3500.0,152042.0
0.142,3500.0,130355.0
0.142,3500.0,176171.0
0.142,3500.0,195170.0
0.142,2125.75,87291.75
0.142,1384.0,49832.0
0.142,2173.5,118968.5
0.142,2578.0,90638.0
0.142,3500.0,293264.0
0.142,309.0,2631.0
0.142,3500.0,170662.5
0.142,3500.0,134409.5
0.142,1093.0,13073.0
0.142,1948.0,76672.0
0.142,2296.5,139610.0
0.142,2459.0,105631.0
0.142,3500.0,146856.0
0.142,3024.25,126689.75
0.142,1631.3333333333333,55809.666666666664
0.142,2573.714285714286,158662.7142857143
0.142,3500.0,158296.0
0.142,3500.0,164285.0
0.143,1302.5,25247.0
0.143,2486.0,120299.4
0.143,3500.0,188716.0
0.143,3500.0,147017.0
0.143,1792.0,62432.0
0.143,517.6666666666666,11997.666666666666
0.143,1461.0,17459.0
0.143,2128.5,59507.0
0.143,1781.25,63102.5
0.143,1571.0,10742.0
0.143,3500.0,200200.5
0.143,1894.6666666666667,103548.33333333333
0.143,1180.0,38644.0
0.143,146.5,199.5
0.143,3500.0,79143.0
0.143,3500.0,130003.0
0.143,2252.5,93110.5
0.143,3500.0,149658.0
0.143,2569.25,137081.0
0.143,3500.0,166796.0
0.143,2785.0,112664.0
0.143,1891.0,68691.0
0.143,1795.5,80884.0
0.143,3500.0,254131.0
0.143,3500.0,218793.0
0.143,3500.0,140893.0
0.143,3500.0,132682.0
0.143,1790.0,98875.0
0.143,1121.0,12254.0
0.143,2684.0,100034.0
0.143,2469.0,97778.0
0.143,2365.3333333333335,125684.66666666667
0.143,3500.0,166381.25
0.143,1723.2,85924.4
0.143,995.0,26204.0
0.143,447.3333333333333,3079.3333333333335
0.143,3500.0,108136.5
0.143,163.0,1412.0
0.143,571.0,3887.0
0.143,3012.875,140529.0
0.143,422.0,1729.0
0.143,2463.0,76910.66666666667
0.143,1974.75,84867.5
0.143,1334.25,26425.5
0.143,1668.0,117865.0
0.143,2438.6666666666665,114926.66666666667
0.143,1740.6666666666667,116922.0
0.143,1922.3333333333333,28293.333333333332
0.143,427.5,7726.0
0.143,3500.0,185055.0
0.143,3500.0,124104.0
0.143,1960.0,77683.0
0.143,63.0,605.0
0.143,1560.3333333333333,53992.666666666664
0.143,1848.0,28569.0
0.143,1803.5,45356.0
0.143,3500.0,283737.0
0.143,1981.5,92004.5
0.143,3500.0,159969.0
0.143,2031.0,92601.0
0.143,169.0,6928.0
0.143,2588.0,116260.57142857143
0.143,820.5,10204.5
0.143,1976.5,94566.0
0.143,2565.6666666666665,174558.66666666666
0.143,1583.3333333333333,69874.33333333333
0.143,1091.0,42902.0
0.143,983.8,49426.8
0.143,1501.0,74487.0
0.143,2380.6666666666665,105917.66666666667
0.143,1714.3333333333333,64271.0
0.143,1126.0,23691.0
0.143,3500.0,163129.5
0.143,3500.0,173087.5
0.143,2567.2,113253.6
0.143,577.5,9025.0
0.143,3500.0,140663.0
0.143,948.5,11421.0
0.144,2353.6666666666665,105121.0
0.144,3045.25,87027.0
0.144,3500.0,186301.0
0.144,79.0,109.0
0.144,3500.0,149819.0
0.144,3500.0,52310.0
0.144,2189.0,71437.5
0.144,93.0,95.0
0.144,1925.5,43656.5
0.144,1860.5,95481.5
0.144,1791.5,59063.0
0.144,2345.5,36122.5
0.144,1979.0,98309.0
0.144,2720.0,147184.5
0.144,3500.0,246252.5
0.144,2712.3333333333335,101017.66666666667
0.144,188.0,862.5
0.144,673.0,10044.0
0.144,3500.0,203816.0
0.144,3014.25,190909.75
0.144,3500.0,153517.0
0.144,2014.5,133706.5
0.144,2958.25,199276.25
0.144,2104.25,85128.25
0.144,2406.6666666666665,167579.0
0.144,686.6666666666666,23744.0
0.144,3500.0,131231.0
0.144,92.0,101.5
0.144,2370.0,69867.0
0.144,3021.3333333333335,152265.66666666666
0.144,2621.0,133726.5
0.144,3500.0,199469.5
0.144,2195.75,138448.25
0.144,156.0,211.0
0.144,2516.3333333333335,139983.0
0.144,1959.0,54636.5
0.144,2128.5,60660.0
0.144,63.0,755.0
0.144,3500.0,188479.0
0.144,3500.0,250265.0
0.144,3500.0,134727.0
0.144,1539.6666666666667,108205.0
0.144,1009.0,39955.0
0.144,3500.0,243439.5
0.144,3500.0,160149.0
0.144,2366.3333333333335,94465.33333333333
0.144,2362.6666666666665,121117.0
0.144,1582.25,81121.75
0.144,1513.0,21623.0
0.144,1429.0,53849.5
0.144,1435.5,71389.0
0.144,2230.0,97693.33333333333
0.144,600.0,24773.5
0.144,3500.0,118515.0
0.144,2164.25,81114.75
0.144,1849.5,56708.0
0.144,1015.5,18419.0
0.144,111.0,1180.0
0.144,3500.0,218375.0
0.144,2351.0,70625.0
0.144,2426.0,217551.0
0.144,1308.6666666666667,37536.0
0.144,2085.25,117856.25
0.144,3500.0,222412.0
0.144,2446.0,133041.0
0.144,1354.0,65304.0
0.144,1472.3333333333333,66355.66666666667
0.144,3500.0,262773.0
0.144,2007.6666666666667,84315.33333333333
0.144,1461.0,39792.0
0.144,626.5,20990.5
0.144,3500.0,193193.0
0.144,3500.0,156666.0
0.144,3500.0,177378.0
0.144,1354.4,80236.2
0.144,3500.0,253455.0
0.144,1793.0,37527.5
0.145,2182.0,96753.66666666667
0.145,1684.0,65562.0
0.145,2754.3333333333335,80792.0
0.145,2361.3333333333335,68618.66666666667
0.145,1174.0,47967.0
0.145,2308.0,71419.5
0.145,2482.5,109392.0
0.145,1119.0,24379.0
0.145,1006.0,10828.0
0.145,3500.0,149404.0
0.145,2697.6666666666665,141777.0
0.145,1279.0,32923.25
0.145,58.0,405.0
0.145,2036.6666666666667,69982.66666666667
0.145,108.0,135.0
0.145,2584.5,127085.0
0.145,2275.5,128535.5
0.145,2486.0,117201.0
0.145,2137.8,129281.6
0.145,3500.0,83055.0
0.145,2096.1428571428573,98227.42857142857
0.145,3004.25,152075.75
0.145,1791.0,82227.5
0.145,1977.3333333333333,67159.66666666667
0.145,1970.6666666666667,84438.33333333333
0.145,310.0,5836.0
0.145,3500.0,141591.0
0.145,2319.0,94375.5
0.145,484.5,3586.0
0.145,123.0,153.0
0.145,3500.0,200605.33333333334
0.145,2893.6666666666665,161027.0
0.145,2423.3333333333335,99533.0
0.145,2355.0,105481.0
0.145,2475.5,144442.0
0.145,1773.0,66453.33333333333
0.145,3500.0,103197.0
0.145,2319.5,105237.5
0.145,3500.0,74116.0
0.145,2778.0,149929.0
0.145,3500.0,85147.0
0.145,1093.0,13118.0
0.145,1783.3333333333333,112101.33333333333
0.145,2348.0,31507.0
0.145,1425.6666666666667,83497.66666666667
0.145,3500.0,156930.0
0.145,3500.0,256477.0
0.145,2138.5,89534.5
0.145,1731.6666666666667,58821.666666666664
0.145,3500.0,313930.0
0.145,2388.0,137668.33333333334
0.145,3500.0,50809.0
0.145,1799.5,69786.0
0.145,828.5,18821.5
0.145,2489.0,40526.5
0.145,3500.0,153688.0
0.145,1563.6666666666667,62374.0
0.145,3500.0,118918.0
0.145,3500.0,150653.0
0.145,74.0,76.0
0.145,3500.0,165949.0
0.145,3500.0,196925.0
0.145,3500.0,127151.0
0.145,3500.0,256759.0
0.145,1513.0,34340.0
0.145,85.0,1744.0
0.145,3500.0,173043.33333333334
0.145,1133.0,39547.0
0.145,1093.0,31582.0
0.145,794.0,16423.5
0.145,3500.0,186228.0
0.145,87.0,97.0
0.145,2338.5,169989.5
0.145,2051.25,81280.5
0.145,2639.5,116212.75
0.145,3500.0,325512.0
0.145,684.5,21116.5
0.145,1990.6666666666667,68827.0
0.145,3500.0,246752.0
0.145,786.5,30710.5
0.145,1808.0,38462.0
0.145,132.0,154.0
0.145,2790.6666666666665,133651.33333333334
0.145,1392.5,55017.0
0.145,3500.0,166967.33333333334
0.145,1461.2,70553.0
0.145,1402.6666666666667,73130.66666666667
0.145,2958.0,106547.25
0.145,1816.0,54101.5
0.145,2283.5,98850.0
0.146,2697.5,80992.0
0.146,1853.0,80866.25
0.146,2420.5,64277.0
0.146,2296.5,119943.0
0.146,2387.3333333333335,143038.66666666666
0.146,1101.0,39872.75
0.146,3500.0,197066.0
0.146,2438.4,132703.0
0.146,3500.0,165793.0
0.146,3500.0,121411.0
0.146,3500.0,137136.0
0.146,1747.0,84648.0
0.146,2159.0,98977.0
0.146,3500.0,167420.5
0.146,1952.0,113741.5
0.146,2125.5,68881.5
0.146,1752.3333333333333,33296.666666666664
0.146,1175.25,55114.75
0.146,2762.0,111504.25
0.146,1786.5,70806.25
0.146,2568.0,97146.0
0.146,3500.0,124829.0
0.146,3500.0,95551.0
0.146,2443.5,179647.0
0.146,63.0,234.0
0.146,2284.5,174145.0
0.146,3500.0,182860.0
0.146,3500.0,129395.5
0.146,2326.0,149763.5
0.146,2429.3333333333335,121509.33333333333
0.146,3500.0,218368.0
0.146,3500.0,287006.0
0.146,3065.5,108500.75
0.146,1793.0,88008.0
0.146,3500.0,153604.0
0.146,1818.0,93043.5
0.146,2506.5,130749.0
0.146,2731.3333333333335,118968.0
0.146,1789.25,68211.5
0.146,1779.0,70279.0
0.146,3500.0,128825.0
0.146,3500.0,128419.0
0.146,1764.0,90677.4
0.146,1240.0,43815.0
0.146,3500.0,127052.0
0.146,1873.0,83520.33333333333
0.146,1234.0,43383.0
0.146,3500.0,209314.5
0.146,3500.0,236215.0
0.146,2305.0,83636.0
0.146,3500.0,117129.0
0.146,1598.6666666666667,68339.5
0.146,2208.25,65974.5
0.146,3500.0,128291.0
0.146,1673.6666666666667,49239.666666666664
0.146,2617.0,125737.0
0.146,1759.0,54510.5
0.146,1701.6666666666667,40080.333333333336
0.146,3500.0,287857.0
0.146,1712.0,79650.5
0.146,3500.0,87332.0
0.146,2056.3333333333335,65877.0
0.146,1901.0,102930.0
0.146,3500.0,144842.0
0.146,3500.0,143270.75
0.146,2448.5,142146.0
0.146,3500.0,203915.0
0.146,2401.6666666666665,99390.0
0.146,1670.0,44280.0
0.146,1417.75,47668.0
0.146,1796.0,57326.0
0.146,2151.4,106094.2
0.146,140.0,841.0
0.146,1788.5,62997.75
0.146,136.0,199.0
0.146,1795.5,118450.0
0.146,2706.3333333333335,114603.33333333333
0.146,3500.0,255428.5
0.146,830.0,12703.5
0.146,3010.3333333333335,146956.33333333334
0.146,2354.5,139805.0
0.146,1213.0,20651.0
0.146,2703.5,168341.0
0.146,3500.0,223920.0
0.146,3500.0,107273.0
0.147,3500.0,268912.0
0.147,1346.0,40704.0
0.147,795.5,18999.0
0.147,3500.0,260429.33333333334
0.147,1188.0,29006.0
0.147,500.0,1681.0
0.147,1960.5,103498.5
0.147,3500.0,159243.33333333334
0.147,1237.5,58337.25
0.147,1466.0,35929.0
0.147,1264.0,22601.5
0.147,1797.75,102272.75
0.147,1114.0,22281.0
0.147,929.0,22541.0
0.147,1827.6666666666667,76043.66666666667
0.147,3500.0,303001.0
0.147,3500.0,140265.0
0.147,3500.0,146024.0
0.147,3500.0,128193.0
0.147,2379.0,131369.0
0.147,2753.6666666666665,126510.33333333333
0.147,2279.0,77630.5
0.147,3500.0,106522.0
0.147,68.0,897.0
0.147,2285.0,64968.0
0.147,922.75,18603.25
0.147,3500.0,200780.66666666666
0.147,2282.0,112564.5
0.147,1717.6666666666667,111334.0
0.147,2686.3333333333335,177401.66666666666
0.147,2695.75,194914.25
0.147,166.0,2232.0
0.147,3500.0,150383.0
0.147,2170.5,106599.5
0.147,1683.8,84763.4
0.147,3500.0,248833.0
0.147,3500.0,95712.0
0.147,2907.25,151172.0
0.147,473.0,3834.0
0.147,1681.0,31174.0
0.147,3500.0,113854.5
0.147,815.0,5981.0
0.147,3500.0,74631.0
0.147,2207.25,64057.0
0.147,2361.6666666666665,100937.55555555556
0.147,276.0,12959.0
0.147,592.0,12110.5
0.147,2037.5,63495.5
0.147,2295.5,52495.5
0.147,716.0,45010.5
0.147,2002.5,170829.5
0.147,3500.0,164303.0
0.147,3500.0,93293.0
0.147,1363.0,50195.0
0.147,1797.0,58593.25
0.147,1243.0,36931.333333333336
0.147,2881.0,133426.0
0.147,3500.0,156461.5
0.147,3500.0,184846.0
0.147,1419.25,34900.25
0.147,1881.5,129460.5
0.147,2276.0,78003.0
0.147,3500.0,228138.0
0.147,2636.25,161080.25
0.147,3500.0,168086.0
0.147,2753.0,101687.0
0.147,3500.0,220374.66666666666
0.147,1470.75,52543.5
0.147,1800.0,56696.0
0.147,3500.0,118445.0
0.147,653.0,27499.5
0.147,1556.8,37043.4
0.147,65.0,585.0
0.147,3500.0,183442.0
0.147,3500.0,219603.0
0.147,2278.5,105255.5
0.147,3500.0,165872.0
0.147,3500.0,250871.0
0.147,65.0,91.0
0.148,3500.0,199677.0
0.148,2590.5,63112.5
0.148,3500.0,176278.5
0.148,2035.3333333333333,89446.66666666667
0.148,3500.0,261123.0
0.148,3500.0,180460.0
0.148,3500.0,106614.0
0.148,2860.5,175743.5
0.148,2362.3333333333335,88128.66666666667
0.148,2555.3333333333335,138434.66666666666
0.148,3500.0,360587.0
0.148,1702.6666666666667,45478.666666666664
0.148,728.6666666666666,14697.0
0.148,1771.5,79963.5
0.148,2658.25,82368.75
0.148,1407.3333333333333,91819.66666666667
0.148,2185.0,133849.25
0.148,2708.75,179888.75
0.148,1200.0,23133.0
0.148,1122.0,38616.0
0.148,1208.0,39132.333333333336
0.148,3500.0,122132.0
0.148,2391.5,90052.0
0.148,1283.0,49432.4
0.148,1513.0,17590.0
0.148,488.0,5813.0
0.148,3500.0,193232.0
0.148,1967.75,77672.5
0.148,1212.5,59791.25
0.148,3500.0,241673.0
0.148,3500.0,123439.0
0.148,2642.5,160715.75
0.148,3500.0,173253.0
0.148,3500.0,165376.0
0.148,156.0,2441.0
0.148,3500.0,242877.0
0.148,2740.0,144523.25
0.148,599.0,11525.5
0.148,1530.6666666666667,87280.33333333333
0.148,3500.0,196694.66666666666
0.148,1788.0,84196.5
0.148,3500.0,134831.8
0.148,696.3333333333334,15616.666666666666
0.148,1505.3333333333333,63302.0
0.148,2457.0,152331.5
0.148,1563.0,76426.83333333333
0.148,2232.0,78254.75
0.148,3500.0,110849.33333333333
0.148,2275.0,111933.0
0.148,2164.4,93481.4
0.148,2971.0,129170.0
0.148,1111.0,10727.0
0.148,3500.0,195447.0
0.148,3500.0,198721.5
0.148,3500.0,148964.0
0.148,2487.3333333333335,154468.33333333334
0.148,2718.0,88117.33333333333
0.148,2884.6666666666665,140439.66666666666
0.148,1624.3333333333333,81706.33333333333
0.148,1597.0,47426.0
0.148,3500.0,213850.0
0.148,3500.0,155552.0
0.148,2001.5,105489.5
0.148,3500.0,160759.5
0.148,997.0,32955.0
0.148,3500.0,144624.33333333334
0.148,3500.0,155302.33333333334
0.148,3500.0,171234.0
0.148,2925.5,122787.25
0.148,1914.6666666666667,93364.66666666667
0.148,67.0,1049.0
0.148,688.3333333333334,17377.333333333332
0.148,3500.0,180989.0
0.148,1788.5,92240.0
0.148,1858.0,75864.0
0.148,1190.0,16880.0
0.148,3500.0,196544.33333333334
0.148,1794.0,67756.5
0.148,2538.8,137961.0
0.148,3500.0,206750.5
0.148,2059.0,164242.5
0.149,3500.0,170560.0
0.149,173.0,251.0
0.149,1779.5,61009.5
0.149,667.2,14884.4
0.149,3500.0,314576.0
0.149,2700.3333333333335,169102.33333333334
0.149,1786.5,56644.5
0.149,2253.0,85305.0
0.149,3500.0,155827.5
0.149,1295.0,27790.0
0.149,84.0,788.0
0.149,3500.0,214025.0
0.149,2434.0,70734.0
0.149,3500.0,181107.25
0.149,2292.5,53241.5
0.149,2047.3333333333333,106929.66666666667
0.149,1060.0,31008.0
0.149,1042.0,16009.0
0.149,3500.0,131098.0
0.149,3500.0,258790.0
0.149,2685.6666666666665,157286.0
0.149,3500.0,127202.0
0.149,1391.0,20774.0
0.149,3500.0,215625.0
0.149,3500.0,291786.5
0.149,3500.0,187321.0
0.149,2408.0,140250.5
0.149,2822.6,155705.6
0.149,2050.8,102303.8
0.149,2837.6666666666665,109098.66666666667
0.149,1782.0,68110.0
0.149,3500.0,136659.0
0.149,1678.0,13919.0
0.149,1611.6666666666667,55559.333333333336
0.149,1664.0,48422.0
0.149,3500.0,200557.0
0.149,3500.0,223175.5
0.149,2280.5,70404.0
0.149,2766.0,209382.0
0.149,3500.0,121533.0
0.149,1864.0,126137.0
0.149,2129.0,96830.0
0.149,1794.5,54879.5
0.149,2880.2,164416.6
0.149,3500.0,276172.0
0.149,1847.25,84741.0
0.149,1802.0,129063.5
0.149,2064.0,50885.0
0.149,3500.0,125270.0
0.149,2715.0,171907.5
0.149,2256.0,61484.666666666664
0.149,233.0,1004.0
0.149,1942.3333333333333,68481.66666666667
0.149,1792.0,118884.0
0.149,107.0,497.0
0.149,2757.8571428571427,94408.57142857143
0.149,1835.5,52253.0
0.149,1650.0,15343.0
0.149,1073.0,16925.0
0.149,2368.0,137444.5
0.149,3500.0,181005.33333333334
0.149,3500.0,206889.5
0.149,2293.0,122665.5
0.149,2234.5,78132.0
0.149,244.66666666666666,1618.0
0.149,1615.75,72830.0
0.149,2571.0,69494.5
0.149,1803.0,82023.0
0.149,2193.5,61069.5
0.149,1578.6666666666667,81584.0
0.149,3500.0,193659.66666666666
0.149,3500.0,194625.0
0.149,3500.0,88179.0
0.149,1412.5,56499.5
0.149,124.0,800.0
0.149,3011.5,121950.5
0.149,2658.5,129854.5
0.149,3500.0,182896.5
0.149,3500.0,199820.0
0.149,3500.0,118579.66666666667
0.149,2411.6666666666665,133365.66666666666
0.149,1783.0,70866.5
0.149,1406.0,36498.0
0.149,3500.0,214490.5
0.15,1231.0,52510.0
0.15,3500.0,170637.0
0.15,1832.0,44272.0
0.15,2590.5,107808.5
0.15,2172.25,90476.0
0.15,2740.6666666666665,128288.0
0.15,3095.4,99766.0
0.15,3500.0,164127.0
0.15,1932.25,123505.5
0.15,1259.0,37394.0
0.15,3500.0,254688.0
0.15,1383.3333333333333,46010.666666666664
0.15,3500.0,173900.5
0.15,3500.0,272544.0
0.15,95.0,1103.0
0.15,3500.0,289809.0
0.15,2867.2,138163.4
0.15,1784.4,54102.6
0.15,2022.0,48823.666666666664
0.15,2122.3333333333335,60161.666666666664
0.15,1037.0,23930.0
0.15,3500.0,149684.0
0.15,3500.0,159247.33333333334
0.15,3500.0,252106.0
0.15,3500.0,112978.4
0.15,3500.0,178671.0
0.15,3500.0,250957.0
0.15,2898.75,105313.5
0.15,2366.6666666666665,126126.33333333333
0.15,3500.0,53542.0
0.15,2693.0,112929.6
0.15,3500.0,122360.0
0.15,1336.6666666666667,26223.666666666668
0.15,3500.0,126849.0
0.15,92.0,94.0
0.15,2417.6666666666665,97164.33333333333
0.15,2360.0,128444.0
0.15,497.0,12944.0
0.15,1848.0,70774.0
0.15,2374.6666666666665,94745.66666666667
0.15,1387.0,51301.0
0.15,3500.0,158973.0
0.15,3500.0,122275.0
0.15,3500.0,106672.0
0.15,3500.0,176629.0
0.15,2343.6,106558.0
0.15,2748.0,158551.33333333334
0.15,457.0,3938.25
0.15,2192.25,99015.75
0.15,1923.3333333333333,87185.66666666667
0.15,1797.5,54168.5
0.15,3500.0,231028.0
0.15,3500.0,174177.5
0.15,2412.5,73796.25
0.15,3106.2,188721.8
0.15,2714.0,90272.0
0.15,3500.0,251262.5
0.15,2261.5,78709.75
0.15,3500.0,91607.0
0.15,1728.6666666666667,68139.0
0.15,3500.0,117293.0
0.15,1121.0,18808.0
0.15,64.0,670.0
0.15,3500.0,161936.66666666666
0.15,2674.5,153369.5
0.15,92.0,252.0
0.15,3500.0,85832.0
0.15,3500.0,232628.0
0.15,3500.0,206380.5
0.15,3500.0,219912.0
0.15,3500.0,221808.0
0.15,1620.75,21579.0
0.15,3500.0,153144.0
0.15,3500.0,202901.0
0.15,3500.0,119355.5
0.15,505.0,3971.0
0.15,1124.6666666666667,29942.333333333332
0.15,2480.3333333333335,71988.0
0.15,1784.0,70112.5
0.15,2244.0,171844.33333333334
0.15,2318.0,115369.5
0.15,787.5,26281.5
0.15,1636.6666666666667,87709.0
0.15,2290.5,50306.5
0.15,2053.0,60306.5
0.15,2434.25,102363.5
0.151,2697.5,89182.0
0.151,89.5,99.0
0.151,2514.75,103425.5
0.151,1804.0,115037.0
0.151,3500.0,206909.5
0.151,962.5,34083.0
0.151,3500.0,243560.0
0.151,1792.0,67367.0
0.151,3197.0,148946.4
0.151,1359.0,24361.5
0.151,2569.0,92332.0
0.151,2355.3333333333335,139944.0
0.151,2431.3333333333335,167466.33333333334
0.151,3500.0,242016.0
0.151,3500.0,138771.0
0.151,98.0,121.0
0.151,3500.0,121186.0
0.151,1229.3333333333333,28102.333333333332
0.151,1446.5,55504.5
0.151,1781.5,77615.5
0.151,1758.75,58006.0
0.151,3500.0,171821.5
0.151,2982.25,138678.0
0.151,1154.0,18670.0
0.151,2669.6666666666665,147603.33333333334
0.151,2699.5,84131.75
0.151,3500.0,100396.0
0.151,1755.3333333333333,63548.0
0.151,473.3333333333333,20102.666666666668
0.151,3500.0,274661.0
0.151,2273.5,182623.0
0.151,425.0,7366.5
0.151,1657.3333333333333,31726.333333333332
0.151,977.0,22486.0
0.151,2363.3333333333335,147272.0
0.151,1942.6666666666667,89341.66666666667
0.151,3500.0,291766.0
0.151,268.0,675.0
0.151,388.5,1289.5
0.151,3500.0,165496.0
0.151,3500.0,171092.0
0.151,3500.0,160532.0
0.151,1830.5,76179.5
0.151,1797.75,80742.5
0.151,2440.5,73826.0
0.151,3500.0,97213.0
0.151,1185.3333333333333,76086.0
0.151,64.0,680.0
0.151,1826.0,68817.75
0.151,2361.3333333333335,104851.0
0.151,1832.5,49171.5
0.151,1059.0,15494.0
0.151,3500.0,152337.0
0.151,3500.0,259551.0
0.151,3500.0,98852.0
0.151,3500.0,216891.0
0.151,3500.0,100652.5
0.151,2384.0,146533.33333333334
0.151,1156.0,28551.0
0.151,1801.0,101824.75
0.151,3500.0,80658.0
0.151,582.0,9468.5
0.151,1430.0,42517.0
0.151,2533.0,111060.0
0.151,234.0,387.0
0.151,1749.25,72069.5
0.151,3500.0,108133.5
0.151,3500.0,186532.75
0.151,2916.75,128181.0
0.151,2646.75,171508.5
0.151,1680.5,55973.25
0.151,3500.0,194803.0
0.151,3500.0,123252.0
0.151,464.5,8409.5
0.151,3500.0,201953.33333333334
0.151,2873.3333333333335,161965.33333333334
0.151,1803.0,158527.5
0.151,3500.0,93695.0
0.151,3500.0,163005.5
0.151,1196.0,27413.5
0.152,3500.0,156919.5
0.152,3500.0,222593.0
0.152,78.0,94.0
0.152,2440.25,141249.75
0.152,2669.6666666666665,88274.66666666667
0.152,1311.6666666666667,88319.0
0.152,1367.6666666666667,47476.0
0.152,3500.0,178077.0
0.152,540.5,5972.5
0.152,2835.25,165725.75
0.152,3500.0,191715.5
0.152,3500.0,140450.33333333334
0.152,1799.5,141556.5
0.152,2045.5,58456.25
0.152,2655.5,129250.5
0.152,2014.5,21392.5
0.152,2212.5,71917.5
0.152,3500.0,297056.0
0.152,2207.0,110190.0
0.152,2740.6666666666665,88407.33333333333
0.152,1880.6666666666667,88947.66666666667
0.152,3500.0,136530.5
0.152,3500.0,186671.5
0.152,2625.0,180048.0
0.152,3500.0,85749.0
0.152,3500.0,226115.0
0.152,3500.0,102038.0
0.152,1714.0,38213.333333333336
0.152,2350.0,86003.25
0.152,3500.0,217279.5
0.152,2461.5,135119.5
0.152,866.0,19884.5
0.152,2387.5,138810.0
0.152,2794.6666666666665,120419.33333333333
0.152,3500.0,140597.0
0.152,1818.5,41414.5
0.152,1812.8333333333333,70562.5
0.152,1830.0,64286.5
0.152,1864.5,62813.0
0.152,919.0,31902.333333333332
0.152,2128.6,111716.6
0.152,1059.0,11031.0
0.152,2397.6666666666665,133178.33333333334
0.152,1495.3333333333333,52606.333333333336
0.152,2726.3333333333335,70942.33333333333
0.152,3500.0,138986.66666666666
0.152,3500.0,154885.0
0.152,222.0,1340.0
0.152,3500.0,111072.5
0.152,3500.0,182518.5
0.152,3500.0,192569.5
0.152,2405.0,88329.66666666667
0.152,2296.5,118288.5
0.152,1285.0,74240.66666666667
0.152,2215.0,58529.0
0.152,1579.0,45405.666666666664
0.152,1080.5,21803.5
0.152,3002.75,138283.25
0.152,868.3333333333334,14656.333333333334
0.152,3500.0,164226.0
0.152,464.3333333333333,4622.666666666667
0.152,2142.4,102764.0
0.152,3500.0,188037.0
0.152,1554.0,71463.0
0.152,2536.8333333333335,142869.83333333334
0.152,3500.0,97475.0
0.152,3500.0,267888.0
0.152,3500.0,248256.0
0.152,2197.1428571428573,99777.0
0.152,2506.5,91598.0
0.152,3500.0,133854.0
0.152,718.0,14155.0
0.152,1108.0,44406.333333333336
0.152,484.75,19593.5
0.152,691.0,25434.0
0.152,1665.0,71480.4
0.152,1601.0,17555.0
0.152,2058.6666666666665,77498.33333333333
0.152,598.5,12983.5
0.152,1006.0,9974.5
0.152,3500.0,184977.33333333334
0.152,3500.0,241767.0
0.152,2301.0,140195.0
0.152,1093.0,23906.0
0.152,2632.5,101425.5
0.152,1521.0,42590.0
0.152,1456.0,35158.0
0.152,3500.0,214233.0
0.153,844.0,9140.0
0.153,3500.0,174266.0
0.153,3500.0,164763.5
0.153,2940.75,166199.75
0.153,3500.0,127598.0
0.153,458.0,2405.0
0.153,3500.0,217800.0
0.153,2064.6,116457.8
0.153,337.0,5249.0
0.153,726.5,19983.0
0.153,1988.0,83955.0
0.153,3500.0,129350.0
0.153,627.5,23543.0
0.153,3500.0,262735.6666666667
0.153,2320.5,51882.5
0.153,3500.0,222137.5
0.153,1099.0,30472.0
0.153,3500.0,124054.0
0.153,83.5,314.5
0.153,2675.6,72948.0
0.153,3500.0,57677.0
0.153,3500.0,255190.0
0.153,97.0,100.0
0.153,3500.0,208420.5
0.153,3500.0,120671.0
0.153,3500.0,285704.0
0.153,3500.0,185037.0
0.153,1960.5,130005.5
0.153,3500.0,252510.0
0.153,1815.5,62081.0
0.153,2370.3333333333335,55182.333333333336
0.153,1235.0,45919.0
0.153,2464.5,113587.0
0.153,135.0,1749.0
0.153,2056.0,118235.25
0.153,2598.5,112244.0
0.153,1676.3333333333333,44592.333333333336
0.153,2692.3333333333335,124853.0
0.153,2493.0,108766.0
0.153,3500.0,117245.0
0.153,1554.0,104217.66666666667
0.153,3500.0,125428.4
0.153,2409.0,92957.33333333333
0.153,1681.0,64658.0
0.153,1781.0,76263.0
0.153,3500.0,106227.0
0.153,909.5,22000.5
0.153,2386.5,151733.0
0.153,1243.0,18904.0
0.153,3500.0,208031.0
0.153,3500.0,151376.5
0.153,1788.5,118349.0
0.153,2118.0,51567.0
0.153,3500.0,91228.0
0.153,3500.0,234021.0
0.153,1093.0,28725.0
0.153,1695.6666666666667,47912.333333333336
0.153,721.0,12964.0
0.153,3500.0,165546.5
0.153,2577.0,98164.33333333333
0.153,1128.0,29200.0
0.153,2585.0,146756.0
0.153,1990.0,84533.5
0.153,2320.0,96875.5
0.153,1794.0,74704.5
0.153,1818.3333333333333,51614.0
0.153,2542.6666666666665,78415.33333333333
0.153,2010.5,141611.0
0.153,1279.6666666666667,28033.0
0.153,3500.0,254311.5
0.153,3500.0,88788.66666666667
0.153,3500.0,83222.0
0.153,592.0,9207.0
0.153,3500.0,86790.0
0.153,1894.0,90297.0
0.153,3500.0,129445.0
0.153,3500.0,187604.0
0.153,3008.2,177731.8
0.153,2255.5,122206.5
0.153,2697.6666666666665,127682.33333333333
0.153,2303.3333333333335,109461.83333333333
0.153,2371.5,88610.0
0.153,3500.0,189376.0
0.153,2584.0,73558.66666666667
0.154,3500.0,111458.66666666667
0.154,1888.0,116622.5
0.154,3500.0,206361.0
0.154,500.5,8279.5
0.154,3500.0,112938.0
0.154,1962.0,142402.0
0.154,2355.3333333333335,97766.33333333333
0.154,2423.1666666666665,111518.5
0.154,494.0,11605.0
0.154,1441.0,20428.0
0.154,1828.75,124437.0
0.154,2674.6666666666665,111550.66666666667
0.154,736.5,10292.5
0.154,1221.5,39048.833333333336
0.154,85.0,92.0
0.154,1317.0,42281.4
0.154,3500.0,263335.0
0.154,1976.857142857143,56074.57142857143
0.154,1997.5,44927.0
0.154,2684.0,115400.33333333333
0.154,2415.5,83647.0
0.154,101.5,109.5
0.154,1780.0,54444.5
0.154,172.0,955.0
0.154,3500.0,143378.66666666666
0.154,1463.0,13555.0
0.154,1792.5,93375.0
0.154,3500.0,198623.5
0.154,1809.0,69609.0
0.154,1695.0,44547.666666666664
0.154,3500.0,200164.0
0.154,1147.0,32242.0
0.154,3500.0,137652.0
0.154,3500.0,116089.0
0.154,2364.5,87122.0
0.154,1795.0,95809.0
0.154,3500.0,141473.0
0.154,1380.6666666666667,57430.0
0.154,3112.5,171108.25
0.154,3500.0,120432.8
0.154,1850.0,79889.5
0.154,194.5,836.0
0.154,2714.3333333333335,110710.66666666667
0.154,2163.0,95023.5
0.154,2283.5,84776.5
0.154,1849.0,37942.0
0.154,2776.0,119962.5
0.154,383.0,1231.0
0.154,3500.0,83298.0
0.154,1025.0,26466.333333333332
0.154,2107.5,99276.5
0.154,2206.5,50961.0
0.154,3500.0,227550.0
0.154,1816.3333333333333,69037.66666666667
0.154,2314.0,68927.5
0.154,806.0,25709.0
0.154,1257.0,30494.0
0.154,2941.3333333333335,134621.66666666666
0.154,2764.6666666666665,96667.33333333333
0.154,3500.0,90081.0
0.154,3500.0,195074.0
0.154,1303.0,79028.0
0.154,1827.2,73921.6
0.154,2138.0,97673.0
0.154,2644.25,155871.5
0.154,3500.0,104001.0
0.154,3500.0,163511.0
0.154,2363.5,81044.5
0.154,689.5,7501.0
0.154,2234.0,102521.75
0.154,1954.0,100716.5
0.154,2322.0,57217.5
0.154,3500.0,128205.0
0.154,1915.6666666666667,81216.0
0.154,2120.5,71125.5
0.154,2949.6666666666665,159918.0
0.155,1766.6666666666667,105611.66666666667
0.155,3500.0,251770.0
0.155,2017.5,65432.5
0.155,3500.0,92511.0
0.155,1870.0,87539.0
0.155,1162.0,17101.0
0.155,2617.6666666666665,100574.0
0.155,1060.6666666666667,29711.0
0.155,3500.0,116548.5
0.155,1766.0,87396.0
0.155,1097.75,29112.25
0.155,3500.0,111038.0
0.155,3500.0,152460.0
0.155,3500.0,79696.5
0.155,740.0,4628.0
0.155,1049.0,49932.333333333336
0.155,1922.0,72209.5
0.155,2127.5,77980.75
0.155,1238.0,6047.0
0.155,1310.0,14266.0
0.155,2253.0,44259.5
0.155,1827.5,42951.5
0.155,2365.0,159824.33333333334
0.155,2732.0,111433.66666666667
0.155,2387.1666666666665,113977.16666666667
0.155,3500.0,149859.0
0.155,1080.2,33408.2
0.155,89.0,787.0
0.155,3500.0,143294.0
0.155,3500.0,130452.0
0.155,3500.0,107899.0
0.155,3500.0,174104.66666666666
0.155,112.0,170.0
0.155,3500.0,204100.0
0.155,1830.5,44118.0
0.155,1763.0,73090.0
0.155,1517.3333333333333,52895.333333333336
0.155,1313.0,21312.0
0.155,2306.0,127228.0
0.155,1849.0,43936.0
0.155,3500.0,132571.0
0.155,1544.0,27023.0
0.155,3500.0,124557.0
0.155,2037.6666666666667,93945.33333333333
0.155,1156.6666666666667,30003.333333333332
0.155,2169.0,62507.0
0.155,444.0,20344.0
0.155,2383.6666666666665,132323.0
0.155,1958.0,101737.66666666667
0.155,1101.5,30715.5
0.155,3500.0,123921.0
0.155,1922.0,117200.5
0.155,2393.0,125068.66666666667
0.155,3500.0,180705.5
0.155,62.0,578.0
0.155,135.0,3135.0
0.155,1800.5,54798.5
0.155,1255.0,69670.33333333333
0.155,1204.3333333333333,23643.333333333332
0.155,3500.0,190719.0
0.155,3500.0,187449.0
0.155,1274.5,40478.0
0.155,2294.25,85906.5
0.155,3500.0,164967.5
0.155,3500.0,130586.0
0.155,1177.0,59426.0
0.155,2254.5,109559.5
0.155,1605.0,52467.0
0.155,2374.5,95776.0
0.155,3500.0,143097.5
0.155,2409.75,134666.0
0.155,2366.25,130636.5
0.155,1247.0,15480.0
0.155,2649.0,108796.0
0.155,3500.0,181263.0
0.155,1681.0,45260.0
0.155,1920.3333333333333,82572.33333333333
0.155,3500.0,212175.5
0.155,1861.0,57799.0
0.155,2145.3333333333335,149722.0
0.155,3500.0,258081.0
0.155,197.0,380.0
0.155,2496.0,76904.0
0.156,2090.5,109258.25
0.156,1780.0,70818.0
0.156,3500.0,124133.0
0.156,2640.25,129361.5
0.156,3500.0,119010.0
0.156,3500.0,92542.0
0.156,1361.0,31257.0
0.156,1239.0,8698.0
0.156,841.0,27287.0
0.156,895.6666666666666,26149.333333333332
0.156,1602.0,69126.33333333333
0.156,2289.6666666666665,88827.66666666667
0.156,1927.3333333333333,58636.666666666664
0.156,1093.0,10871.0
0.156,3500.0,105128.0
0.156,3500.0,95638.33333333333
0.156,2758.5,72024.0
0.156,1261.0,27659.0
0.156,1020.0,18958.0
0.156,3500.0,127605.0
0.156,3500.0,138898.0
0.156,1043.0,37025.0
0.156,662.5,17803.5
0.156,3500.0,202598.5
0.156,2054.0,50257.0
0.156,3500.0,188270.0
0.156,3020.3333333333335,201935.33333333334
0.156,3500.0,128734.0
0.156,3500.0,237733.66666666666
0.156,3500.0,229427.5
0.156,2918.75,136793.5
0.156,1986.0,78447.66666666667
0.156,3500.0,60728.0
0.156,3047.25,100830.25
0.156,1941.4,64460.8
0.156,3500.0,226971.0
0.156,1513.0,50577.0
0.156,1395.0,29803.0
0.156,3500.0,94075.0
0.156,2471.3333333333335,105788.0
0.156,1871.5,93011.0
0.156,3500.0,122013.0
0.156,2641.6666666666665,106087.0
0.156,3500.0,162573.0
0.156,3500.0,164063.0
0.156,459.0,5254.5
0.156,3500.0,134606.5
0.156,471.0,1455.0
0.156,2337.5,104475.5
0.156,3500.0,195054.66666666666
0.156,2775.6666666666665,83192.33333333333
0.156,2274.0,128065.5
0.156,1542.3333333333333,87961.0
0.156,2772.25,143910.75
0.156,3500.0,204489.0
0.156,1853.0,34416.0
0.156,1092.5,19064.0
0.156,3500.0,169642.0
0.156,1259.0,27963.0
0.156,3500.0,279554.0
0.156,3500.0,111622.0
0.156,3500.0,277082.0
0.156,3500.0,182972.0
0.156,1002.0,30459.0
0.156,945.0,35895.0
0.156,2689.25,170852.0
0.156,1596.0,79975.66666666667
0.156,3500.0,262163.0
0.156,3500.0,131712.33333333334
0.156,1261.5,100717.5
0.156,1844.0,77172.0
0.156,2407.0,104531.0
0.156,2422.5,109621.5
0.156,3500.0,147152.5
0.156,2083.5,107504.0
0.156,3500.0,181127.0
0.156,2479.0,76264.33333333333
0.156,1213.0,36613.5
0.156,1588.8,39344.0
0.156,3500.0,106529.5
0.157,791.0,10529.5
0.157,3500.0,181317.0
0.157,2982.6666666666665,171810.0
0.157,2655.75,135490.5
0.157,1831.6666666666667,95449.33333333333
0.157,3500.0,225436.0
0.157,2242.5,79999.75
0.157,2618.2,96160.0
0.157,1228.0,27785.0
0.157,3500.0,202849.5
0.157,1547.75,69804.25
0.157,2669.75,149375.5
0.157,3500.0,193338.0
0.157,614.0,5483.5
0.157,3003.25,92289.0
0.157,1175.0,27560.0
0.157,1832.5,146231.0
0.157,3500.0,94931.0
0.157,223.0,314.0
0.157,3500.0,183422.0
0.157,2493.5,89427.0
0.157,3500.0,193861.33333333334
0.157,1537.3333333333333,46663.0
0.157,58.0,435.0
0.157,1923.3333333333333,61748.666666666664
0.157,2877.25,82043.75
0.157,3500.0,331327.0
0.157,1790.5,47271.5
0.157,3006.3333333333335,130315.33333333333
0.157,2338.5,105355.0
0.157,1594.0,33514.0
0.157,2326.0,65990.0
0.157,787.5,17083.5
0.157,2447.0,162111.5
0.157,3500.0,233714.5
0.157,3500.0,148816.0
0.157,2305.0,121799.0
0.157,1419.0,68032.0
0.157,2678.0,74290.0
0.157,2697.6666666666665,96319.66666666667
0.157,3500.0,161741.0
0.157,3500.0,218135.0
0.157,1072.5,28150.0
0.157,1120.0,11512.0
0.157,2882.0,183456.0
0.157,2296.5,102731.5
0.157,2202.5,79564.5
0.157,1801.5,85992.5
0.157,1283.0,26304.0
0.157,1124.0,36187.5
0.157,3500.0,199338.0
0.157,2651.0,184207.66666666666
0.157,3500.0,169162.0
0.157,650.0,17523.0
0.157,3500.0,256315.0
0.157,1696.0,46047.0
0.157,2876.75,163931.0
0.157,1718.0,58490.5
0.157,1304.0,27356.0
0.157,1162.0,23821.0
0.157,1510.6666666666667,47302.0
0.157,2701.6,160613.6
0.157,3500.0,143073.25
0.157,3500.0,202663.0
0.157,2586.0,152774.75
0.157,2765.0,115993.0
0.157,417.0,6927.0
0.157,1307.6666666666667,44955.666666666664
0.157,1086.0,18841.0
0.157,1305.0,11888.0
0.157,1679.0,123978.0
0.157,2017.0,88304.66666666667
0.157,2285.0,66774.5
0.157,1009.0,45270.0
0.157,3500.0,242714.5
0.157,1245.0,37922.0
0.157,1036.0,22200.666666666668
0.157,2121.0,72173.66666666667
0.157,845.0,23605.5
0.157,1703.3333333333333,102151.66666666667
0.157,1664.75,31347.25
0.157,1774.3333333333333,63253.333333333336
0.157,1147.4,20756.4
0.157,1864.0,39647.666666666664
0.157,2257.3333333333335,137832.33333333334
0.158,74.0,886.0
0.158,1372.75,36790.75
0.158,871.0,9280.0
0.158,1823.5,68664.0
0.158,1782.0,61660.0
0.158,3500.0,252536.0
0.158,3500.0,152385.33333333334
0.158,1345.0,24576.0
0.158,1272.0,19034.0
0.158,78.0,1190.0
0.158,318.0,3718.0
0.158,1829.6666666666667,93782.66666666667
0.158,3500.0,94720.0
0.158,2086.5,121719.0
0.158,1969.0,152640.0
0.158,697.5,19384.5
0.158,3500.0,162870.0
0.158,2840.5,75910.0
0.158,3500.0,140374.0
0.158,2843.0,135888.33333333334
0.158,3500.0,190072.2
0.158,3500.0,259450.0
0.158,1683.0,67836.66666666667
0.158,266.0,4090.0
0.158,1375.0,38390.5
0.158,2303.5,119545.0
0.158,3500.0,103113.0
0.158,2173.75,57114.75
0.158,2453.4,106141.8
0.158,2610.2,112361.2
0.158,3500.0,190594.0
0.158,2655.3333333333335,123000.66666666667
0.158,2424.5,65356.5
0.158,3500.0,192068.0
0.158,3500.0,144562.4
0.158,108.0,1025.0
0.158,2415.6666666666665,160098.66666666666
0.158,2354.3333333333335,148392.0
0.158,3500.0,28791.0
0.158,3500.0,160021.0
0.158,986.0,18950.333333333332
0.158,2456.5,69195.5
0.158,3500.0,93780.0
0.158,843.0,16987.5
0.158,1438.5,42633.5
0.158,1093.0,20251.0
0.158,3500.0,194757.0
0.158,1879.5,158401.0
0.158,2043.5,105386.5
0.158,3500.0,55449.0
0.158,2273.0,146969.0
0.158,2242.0,70708.5
0.158,3500.0,126860.66666666667
0.158,644.6666666666666,16802.0
0.158,3500.0,230792.0
0.158,1954.8,83882.8
0.158,3500.0,165667.0
0.158,3500.0,146681.0
0.158,1369.5,27008.5
0.158,1969.5,128044.0
0.158,2225.3333333333335,68385.66666666667
0.158,2792.0,146528.66666666666
0.158,3500.0,51427.0
0.158,1694.0,50668.75
0.158,1653.0,43020.0
0.158,2254.5,113665.0
0.158,1317.5,45914.0
0.158,3500.0,181270.0
0.158,1675.0,50277.666666666664
0.158,491.0,988.0
0.158,219.0,364.0
0.158,3500.0,168689.0
0.158,734.5,15869.0
0.158,2376.0,160099.5
0.158,1541.5,47808.25
0.158,1951.6666666666667,74707.33333333333
0.158,1791.0,103462.0
0.158,1829.6666666666667,89332.33333333333
0.158,3500.0,226506.0
0.158,1628.0,52595.75
0.158,1493.5,23745.0
0.158,3500.0,255009.0
0.158,1230.25,55496.75
0.158,2332.6666666666665,92623.0
0.158,80.0,1366.0
0.159,1643.0,51515.0
0.159,1016.0,17697.0
0.159,1210.0,25388.0
0.159,3500.0,129005.0
0.159,2310.0,65570.5
0.159,1799.5,123851.5
0.159,2112.0,86378.42857142857
0.159,999.0,26584.666666666668
0.159,3500.0,137647.25
0.159,3500.0,282137.0
0.159,2675.6666666666665,92813.66666666667
0.159,2107.5,53146.0
0.159,3500.0,170421.0
0.159,1810.0,49689.25
0.159,1458.5,19862.0
0.159,263.0,331.0
0.159,465.0,6359.333333333333
0.159,3500.0,204518.0
0.159,439.0,10053.0
0.159,392.3333333333333,13821.0
0.159,3500.0,123589.5
0.159,1513.0,65817.5
0.159,2331.0,99908.0
0.159,88.0,948.0
0.159,1607.5,67874.5
0.159,3500.0,176141.0
0.159,2254.5,73185.0
0.159,1724.0,38544.0
0.159,912.5,20392.5
0.159,368.0,3724.0
0.159,2634.5,84214.5
0.159,3500.0,87429.33333333333
0.159,3500.0,153855.5
0.159,1794.3333333333333,107049.0
0.159,3500.0,260896.0
0.159,2353.3333333333335,124367.0
0.159,2748.6666666666665,159195.66666666666
0.159,1681.0,48437.0
0.159,1454.0,27622.5
0.159,2273.5,115079.0
0.159,2521.2,98957.2
0.159,2378.4,97469.8
0.159,3500.0,181174.0
0.159,2320.75,112865.25
0.159,2505.0,120336.0
0.159,2926.75,191459.5
0.159,2085.0,80275.5
0.159,1746.5,22331.5
0.159,3500.0,148021.5
0.159,1616.25,74938.5
0.159,3500.0,205347.0
0.159,1089.5,23965.5
0.159,3500.0,162249.0
0.159,3500.0,186867.0
0.159,3500.0,151553.33333333334
0.159,2964.4,145576.4
0.159,956.5,35344.75
0.159,2710.3333333333335,116875.66666666667
0.159,99.0,177.0
0.159,313.0,5234.0
0.159,1835.0,26134.0
0.159,1246.75,67776.5
0.159,2464.5,70634.5
0.159,3500.0,268336.0
0.159,60.0,97.0
0.159,2520.4,86043.0
0.159,2170.2,108447.6
0.159,3500.0,198785.0
0.159,773.5,13638.5
0.159,2505.0,177248.5
0.159,2914.3333333333335,73440.66666666667
0.159,480.5,3673.5
0.159,1234.5,15258.0
0.159,1041.0,18072.333333333332
0.159,1983.0,73594.66666666667
0.159,2667.6666666666665,122796.33333333333
0.159,3500.0,181143.0
0.159,2613.6666666666665,135010.66666666666
0.159,1784.5,108417.5
0.159,2047.0,105787.2
0.16,1660.5,64337.75
0.16,3500.0,92972.0
0.16,2151.5,97947.5
0.16,235.0,855.0
0.16,1783.0,84677.5
0.16,2254.5,86656.0
0.16,2051.6,64962.8
0.16,1565.3333333333333,75522.33333333333
0.16,1307.6666666666667,69303.0
0.16,2529.0,81354.0
0.16,906.0,10641.0
0.16,3500.0,259648.0
0.16,2187.0,109652.0
0.16,1693.3333333333333,34090.333333333336
0.16,1044.6666666666667,22143.333333333332
0.16,3500.0,159125.0
0.16,3500.0,303951.0
0.16,2086.5,149555.5
0.16,3500.0,223046.0
0.16,1251.0,26022.0
0.16,1222.0,38787.5
0.16,1649.3333333333333,51746.666666666664
0.16,1854.75,110612.25
0.16,1919.0,63780.5
0.16,814.5,6077.5
0.16,3043.0,99336.0
0.16,2853.6666666666665,62913.666666666664
0.16,3500.0,281884.0
0.16,2162.0,83493.0
0.16,3500.0,161574.0
0.16,1000.0,10191.0
0.16,3500.0,263513.0
0.16,704.5,8559.0
0.16,1939.0,105933.66666666667
0.16,3500.0,165190.0
0.16,1985.25,70687.25
0.16,564.75,17601.75
0.16,2837.6666666666665,183929.33333333334
0.16,3500.0,172355.5
0.16,3500.0,141488.0
0.16,3500.0,189638.0
0.16,1242.5,28360.0
0.16,1569.6666666666667,61187.333333333336
0.16,3500.0,248536.0
0.16,1433.0,52781.0
0.16,3500.0,197744.0
0.16,1175.0,20901.0
0.16,2670.0,113320.0
0.16,1237.3333333333333,32495.666666666668
0.16,1439.25,70131.5
0.16,2283.6666666666665,97044.33333333333
0.16,3500.0,324083.5
0.16,3500.0,146410.5
0.16,1511.0,60934.6
0.16,2313.0,85501.0
0.16,2750.3333333333335,143697.33333333334
0.16,1751.0,47683.0
0.16,3500.0,229341.0
0.16,580.5,7242.0
0.16,1783.0,149483.5
0.16,2175.3333333333335,51102.666666666664
0.16,650.5,11620.5
0.16,1289.0,27834.0
0.16,3500.0,116791.0
0.16,3500.0,165349.0
0.16,1681.0,28224.0
0.16,2235.25,82264.75
0.16,1848.5,75104.0
0.16,2784.3333333333335,116848.33333333333
0.16,3126.5,174040.5
0.16,3500.0,272621.0
0.16,2150.0,68796.28571428571
0.16,3500.0,117596.0
0.16,1785.0,69551.0
0.16,2365.6666666666665,64231.666666666664
0.16,2252.75,152351.75
0.16,3500.0,63437.0
0.16,3500.0,38158.0
0.16,125.0,201.0
0.16,563.0,9723.0
0.16,1330.0,67425.0
0.16,2296.5,168891.0
0.16,3500.0,176444.5
0.16,3500.0,173792.5
0.161,2667.6666666666665,128676.33333333333
0.161,73.0,1004.0
0.161,3028.8333333333335,160811.66666666666
0.161,1969.25,81193.75
0.161,3500.0,164713.0
0.161,2353.0,81203.33333333333
0.161,3500.0,118958.33333333333
0.161,2302.0,50109.5
0.161,3500.0,92011.0
0.161,1371.5,20129.5
0.161,907.5,28815.5
0.161,3500.0,262424.0
0.161,2680.5,103797.0
0.161,2856.25,87060.5
0.161,183.0,539.0
0.161,1813.75,61166.75
0.161,3500.0,208939.0
0.161,2258.25,116652.0
0.161,1591.0,15558.0
0.161,2021.3333333333333,101410.0
0.161,560.5,6023.0
0.161,2765.5,152225.0
0.161,1132.0,20525.0
0.161,1328.8,41025.2
0.161,2670.5,103156.5
0.161,3500.0,257883.0
0.161,1148.0,8484.0
0.161,3500.0,148154.5
0.161,2737.6666666666665,156293.0
0.161,887.5,32185.0
0.161,1346.0,40472.333333333336
0.161,1559.0,41214.25
0.161,3500.0,273493.0
0.161,2367.3333333333335,82888.0
0.161,2733.75,161287.75
0.161,2529.6666666666665,93845.33333333333
0.161,3500.0,224485.5
0.161,1086.0,26239.0
0.161,1640.5,73509.5
0.161,2371.6666666666665,155270.0
0.161,1049.0,23714.0
0.161,3500.0,137833.5
0.161,2877.25,116559.5
0.161,2004.6666666666667,72271.66666666667
0.161,1523.3333333333333,85646.66666666667
0.161,1389.0,48523.0
0.161,1009.0,19012.0
0.161,838.5,38951.5
0.161,1445.0,27626.0
0.161,1781.0,96028.0
0.161,2578.4,142148.2
0.161,2725.6666666666665,114427.66666666667
0.161,3500.0,315761.0
0.161,2898.25,135726.0
0.161,3500.0,83440.0
0.161,822.5,17175.5
0.161,3500.0,152625.66666666666
0.161,3500.0,286279.0
0.161,2033.0,85618.8
0.161,3500.0,124367.0
0.161,1513.0,34368.0
0.161,1864.0,88030.0
0.161,3500.0,78217.0
0.161,1150.0,14471.666666666666
0.161,3500.0,105101.33333333333
0.161,131.0,166.5
0.161,2509.4,94485.2
0.161,2380.25,103857.0
0.161,3500.0,289670.5
0.161,1041.0,46543.0
0.161,1068.3333333333333,14360.666666666666
0.161,877.0,9282.0
0.161,244.5,758.0
0.161,3500.0,173917.0
0.161,2712.6666666666665,108814.66666666667
0.161,1217.0,26471.333333333332
0.161,342.0,660.0
0.161,2348.25,76552.0
0.161,2199.4285714285716,123284.71428571429
0.161,430.0,3703.0
0.161,937.0,32101.0
0.161,2919.25,200484.25
0.162,565.4,10699.0
0.162,2675.3333333333335,103209.0
0.162,3500.0,107976.0
0.162,394.5,2671.0
0.162,3500.0,113058.0
0.162,1946.5,64757.5
0.162,1387.0,28344.0
0.162,2740.0,117380.0
0.162,3500.0,139124.0
0.162,2707.6666666666665,79893.66666666667
0.162,3500.0,130312.5
0.162,2506.5,82560.0
0.162,158.5,906.0
0.162,3500.0,102476.5
0.162,1798.0,110098.0
0.162,219.0,4345.0
0.162,3500.0,202054.0
0.162,682.5,23931.5
0.162,1462.6666666666667,47055.666666666664
0.162,732.0,11329.5
0.162,937.0,22048.0
0.162,1780.5,56486.5
0.162,1794.5,39784.0
0.162,334.5,11423.5
0.162,2877.25,173151.75
0.162,714.0,32352.0
0.162,1735.8333333333333,90810.33333333333
0.162,2386.0,117102.66666666667
0.162,303.0,1375.0
0.162,2362.3333333333335,87583.66666666667
0.162,2696.0,102440.75
0.162,3500.0,286391.0
0.162,3500.0,176292.0
0.162,1084.0,56123.5
0.162,2982.25,181454.25
0.162,3500.0,136022.0
0.162,2140.0,129715.25
0.162,3500.0,306355.0
0.162,3500.0,252454.0
0.162,3500.0,157134.0
0.162,3500.0,164059.0
0.162,2203.3333333333335,135337.0
0.162,1217.3333333333333,41310.0
0.162,1865.0,38525.0
0.162,699.0,8649.0
0.162,2254.5,57362.0
0.162,634.3333333333334,28646.666666666668
0.162,100.0,112.0
0.162,2130.75,59738.5
0.162,3500.0,115811.0
0.162,3500.0,159824.0
0.162,1130.0,25960.0
0.162,3500.0,99422.5
0.162,2793.1428571428573,95143.42857142857
0.162,3156.1428571428573,150230.85714285713
0.162,3500.0,100858.0
0.162,3500.0,224879.0
0.162,3500.0,103319.0
0.162,3500.0,109393.0
0.162,2356.6666666666665,107313.33333333333
0.162,1922.0,123182.0
0.162,2552.6666666666665,131216.66666666666
0.162,1252.3333333333333,65118.0
0.162,1205.0,37719.5
0.162,2310.5,98727.5
0.162,3500.0,165307.0
0.162,863.0,17127.0
0.162,3500.0,96085.0
0.162,1808.0,131794.5
0.162,96.0,154.0
0.162,1446.0,75162.5
0.162,2281.5,112511.5
0.162,318.0,5504.0
0.162,3500.0,190074.0
0.162,2485.5,119382.75
0.162,1139.5,42853.5
0.162,3500.0,179926.0
0.162,2395.3333333333335,106582.0
0.162,1019.5,32591.5
0.163,1964.0,116832.0
0.163,3500.0,110924.5
0.163,2303.75,109488.0
0.163,1849.0,25987.0
0.163,3500.0,236027.0
0.163,3500.0,165958.5
0.163,1940.3333333333333,97592.0
0.163,3500.0,200025.0
0.163,2361.0,116695.83333333333
0.163,1557.0,45349.0
0.163,3500.0,27792.0
0.163,484.0,11648.0
0.163,3500.0,193544.0
0.163,3500.0,82660.0
0.163,3500.0,169254.33333333334
0.163,2204.0,146718.5
0.163,2780.6666666666665,149050.66666666666
0.163,119.0,141.0
0.163,857.0,33569.6
0.163,3069.0,162426.4
0.163,2207.0,74220.66666666667
0.163,3500.0,167015.0
0.163,3001.8,125381.8
0.163,2788.3333333333335,70445.66666666667
0.163,3500.0,198634.0
0.163,505.0,3760.0
0.163,1334.6666666666667,28779.333333333332
0.163,2001.4,70402.8
0.163,2128.0,84515.66666666667
0.163,2074.5,97943.5
0.163,3500.0,123128.0
0.163,3500.0,180015.0
0.163,1883.0,68020.0
0.163,1492.75,67991.75
0.163,2932.0,112615.75
0.163,1817.0,38412.0
0.163,3500.0,170107.33333333334
0.163,3500.0,208674.0
0.163,1886.0,18742.0
0.163,1912.3333333333333,79760.0
0.163,2544.8,121062.4
0.163,148.5,423.0
0.163,1626.5,69863.0
0.163,1182.5,34062.5
0.163,1812.0,95293.66666666667
0.163,3500.0,191354.5
0.163,2530.4,86834.2
0.163,3500.0,106463.0
0.163,1187.75,42669.25
0.163,3500.0,91663.5
0.163,2215.0,68989.0
0.163,1416.5,81274.25
0.163,2409.0,154540.0
0.163,1038.0,30879.0
0.163,1751.25,54204.0
0.163,3500.0,120980.0
0.163,100.0,103.0
0.163,422.6666666666667,6112.333333333333
0.163,3500.0,101700.0
0.163,3500.0,191831.0
0.163,3500.0,233002.0
0.163,2017.0,39129.0
0.163,3500.0,138081.33333333334
0.163,2674.0,118101.5
0.163,746.0,8568.0
0.163,1395.0,18278.0
0.163,3500.0,213074.0
0.163,1798.5,107248.5
0.163,3500.0,203841.0
0.163,3500.0,133652.0
0.163,1955.0,42602.0
0.163,110.0,1335.0
0.163,2157.4,82239.6
0.163,3500.0,144893.0
0.163,2035.3333333333333,51105.0
0.163,1790.5,58165.0
0.163,3500.0,232447.0
0.163,1583.0,48934.0
0.164,1905.0,47952.5
0.164,3500.0,206400.0
0.164,3500.0,150324.75
0.164,2753.6666666666665,86232.0
0.164,2128.5,99014.5
0.164,2192.5,76932.0
0.164,1996.3333333333333,56426.0
0.164,101.0,394.0
0.164,2153.6666666666665,78371.0
0.164,2379.0,80909.33333333333
0.164,1210.0,33588.0
0.164,1328.0,52027.5
0.164,2339.5,72714.5
0.164,767.0,19115.666666666668
0.164,2091.5,85030.5
0.164,3500.0,195126.0
0.164,2096.0,86445.66666666667
0.164,94.0,107.0
0.164,1914.5,81791.5
0.164,3500.0,119123.33333333333
0.164,2400.0,127567.0
0.164,2112.3333333333335,119121.66666666667
0.164,1215.3333333333333,56006.333333333336
0.164,1814.25,36769.5
0.164,91.0,148.0
0.164,3500.0,162819.0
0.164,3500.0,165719.0
0.164,2351.0,135547.5
0.164,1983.3333333333333,56275.333333333336
0.164,3500.0,142395.33333333334
0.164,2098.0,106818.0
0.164,1429.0,39997.0
0.164,2809.6666666666665,127578.66666666667
0.164,1811.1666666666667,78329.5
0.164,3500.0,210373.33333333334
0.164,1093.0,18697.0
0.164,1569.0,47332.5
0.164,156.0,1357.0
0.164,2211.5,150334.5
0.164,1568.142857142857,43541.42857142857
0.164,2086.5,109559.0
0.164,1781.5,55288.5
0.164,3500.0,156932.0
0.164,3500.0,246324.0
0.164,3500.0,187220.5
0.164,1994.6666666666667,125364.33333333333
0.164,2961.25,104743.25
0.164,3500.0,182221.0
0.164,3500.0,59573.0
0.164,2295.0,102275.0
0.164,1226.0,20173.0
0.164,2445.0,27198.0
0.164,1789.5,132300.5
0.164,3500.0,95552.0
0.164,2632.5,86861.0
0.164,913.8571428571429,30834.285714285714
0.164,1515.0,131560.0
0.164,1109.0,24271.0
0.164,2480.4,118545.0
0.164,1782.0,143550.0
0.164,1817.0,58920.5
0.164,1084.0,32512.5
0.164,2554.0,95092.0
0.164,2736.5,65233.0
0.164,2453.6666666666665,148452.33333333334
0.164,2652.75,71084.75
0.164,2977.3333333333335,64968.333333333336
0.164,3500.0,155544.0
0.164,2889.0,116855.0
0.164,841.0,8084.0
0.164,3500.0,122951.5
0.164,1408.0,32257.333333333332
0.164,1175.0,26072.0
0.164,2349.0,86208.5
0.164,1520.8,22612.4
0.164,250.0,3765.0
0.164,2804.6666666666665,101876.0
0.164,2422.0,84413.33333333333
0.164,1913.0,84962.5
0.164,2940.25,159259.75
0.164,1996.0,43275.0
0.164,3500.0,215577.0
0.164,3500.0,125048.0
0.164,2577.5,113582.5
0.164,3500.0,87492.5
0.164,2192.75,77868.25
0.164,2776.6666666666665,153709.0
0.165,3500.0,144460.0
0.165,3500.0,202949.0
0.165,3500.0,189848.5
0.165,279.5,7161.5
0.165,3500.0,126154.0
0.165,3500.0,105720.0
0.165,3500.0,227737.0
0.165,673.0,13017.0
0.165,931.0,16218.25
0.165,78.0,993.0
0.165,1262.0,28951.0
0.165,2547.8333333333335,103171.83333333333
0.165,846.0,21570.0
0.165,3500.0,189059.0
0.165,1766.6666666666667,133310.33333333334
0.165,3500.0,123853.0
0.165,1780.5,91421.0
0.165,3037.0,107425.8
0.165,3500.0,120109.0
0.165,3500.0,170141.5
0.165,1567.0,39460.0
0.165,2673.0,114460.5
0.165,1981.3333333333333,127996.0
0.165,3500.0,206626.5
0.165,2452.25,71442.0
0.165,1660.6666666666667,96195.33333333333
0.165,1643.0,53941.0
0.165,61.0,709.0
0.165,1486.25,74945.75
0.165,2654.25,163277.0
0.165,643.5,12322.0
0.165,3500.0,225681.0
0.165,99.0,130.0
0.165,3024.3333333333335,167417.66666666666
0.165,3500.0,131215.66666666666
0.165,3500.0,207438.0
0.165,3500.0,324823.0
0.165,2378.0,109207.0
0.165,3500.0,251578.0
0.165,917.5,35194.0
0.165,1231.0,19190.5
0.165,2124.75,68693.75
0.165,3013.5,149816.0
0.165,1787.0,40223.0
0.165,621.6666666666666,12683.0
0.165,3500.0,137426.0
0.165,2151.0,111180.75
0.165,2716.5,92057.0
0.165,444.0,3318.0
0.165,2297.75,112105.5
0.165,3086.1666666666665,180723.83333333334
0.165,852.0,3254.0
0.165,3500.0,175221.0
0.165,1179.5,31402.5
0.165,1985.0,52713.0
0.165,3500.0,183418.0
0.165,2281.1428571428573,97690.14285714286
0.165,1074.5,16773.0
0.165,3500.0,86989.0
0.165,2733.6666666666665,89288.66666666667
0.165,471.0,17940.0
0.165,1048.6,39929.2
0.165,1205.0,37709.0
0.165,3500.0,240412.0
0.165,2254.5,151336.0
0.165,1138.0,28199.0
0.165,1184.0,30326.0
0.165,3500.0,182881.0
0.165,1313.5,46988.0
0.165,1522.0,58631.333333333336
0.165,1370.0,29367.0
0.165,1846.0,21646.0
0.165,3500.0,80840.0
0.165,1789.0,97458.5
0.165,1641.8333333333333,100254.0
0.165,2805.0,81522.0
0.165,1779.5,53127.5
0.165,1943.0,126362.0
0.165,2134.4,102654.0
0.165,1672.0,62674.6
0.165,2047.5,57129.25
0.165,3500.0,178882.0
0.165,1219.6666666666667,22405.0
0.165,1208.0,33420.0
0.166,1492.3333333333333,43499.666666666664
0.166,3500.0,113079.0
0.166,1896.5,47870.5
0.166,201.66666666666666,2908.6666666666665
0.166,2382.6666666666665,95289.66666666667
0.166,2928.2,183365.6
0.166,2191.5,93056.75
0.166,1899.0,103664.0
0.166,1449.0,66329.0
0.166,3210.8333333333335,117162.5
0.166,1011.3333333333334,26353.666666666668
0.166,2195.0,84565.25
0.166,3500.0,121802.5
0.166,2254.5,58382.5
0.166,2063.25,101082.75
0.166,3500.0,198927.5
0.166,3500.0,97543.0
0.166,647.75,18590.0
0.166,2755.0,81296.0
0.166,3500.0,109247.0
0.166,3500.0,168280.66666666666
0.166,3500.0,301487.0
0.166,3500.0,147387.0
0.166,2590.5,120435.0
0.166,2568.5,125055.0
0.166,2948.6666666666665,98344.0
0.166,2697.6666666666665,141202.33333333334
0.166,2380.5,95127.5
0.166,1908.5,106704.0
0.166,3500.0,96867.0
0.166,3500.0,215963.5
0.166,3500.0,223950.0
0.166,3500.0,97590.0
0.166,1682.25,43990.5
0.166,1548.0,41175.0
0.166,2704.5,105535.0
0.166,3500.0,144377.0
0.166,1520.2,45939.4
0.166,2131.5,67941.75
0.166,2408.5,97431.75
0.166,1246.0,67328.66666666667
0.166,3500.0,131246.0
0.166,2022.2,64983.0
0.166,1421.0,23023.0
0.166,2020.0,69697.33333333333
0.166,1568.5,32916.25
0.166,2041.0,48420.5
0.166,1068.0,12192.0
0.166,690.0,13052.0
0.166,3500.0,263153.0
0.166,2254.5,97825.0
0.166,1078.6666666666667,19175.666666666668
0.166,2863.3333333333335,108422.33333333333
0.166,3500.0,120058.75
0.166,3500.0,196658.0
0.166,3500.0,300317.0
0.166,3500.0,102759.0
0.166,757.0,7149.0
0.166,2054.4,83142.4
0.166,2080.4,64125.6
0.166,2697.6666666666665,92135.0
0.166,92.0,368.0
0.166,3500.0,161330.0
0.166,3500.0,273748.0
0.166,3500.0,45783.0
0.166,3500.0,65700.0
0.166,3500.0,250172.0
0.166,85.0,86.0
0.166,2720.0,103532.33333333333
0.166,3500.0,213885.16666666666
0.166,1239.0,23233.5
0.166,2076.5,118683.75
0.166,2607.0,89501.0
0.166,1442.5,60033.25
0.166,2347.6,112122.2
0.166,2686.6666666666665,88232.0
0.166,292.5,5852.5
0.166,2373.3333333333335,142472.0
0.166,2464.5,161183.0
0.166,2033.0,80065.33333333333
0.166,1962.25,82185.75
0.166,2758.5,85799.5
0.166,2046.5,86671.75
0.166,3500.0,149575.0
0.166,86.0,874.0
0.167,1784.5,109417.5
0.167,3500.0,219113.0
0.167,2405.6666666666665,80245.33333333333
0.167,1656.0,27653.333333333332
0.167,2590.5,110088.5
0.167,531.0,10208.0
0.167,1313.6666666666667,45381.0
0.167,2669.6666666666665,146669.0
0.167,1208.0,14686.0
0.167,3500.0,240262.5
0.167,3500.0,208068.0
0.167,2242.3333333333335,74953.66666666667
0.167,2859.0,203595.33333333334
0.167,1834.5,83647.0
0.167,454.0,3261.0
0.167,3500.0,226564.0
0.167,2003.0,40101.0
0.167,1910.6666666666667,63280.0
0.167,101.0,157.0
0.167,3500.0,134483.0
0.167,2063.0,44506.0
0.167,3500.0,172839.5
0.167,3500.0,297084.0
0.167,3035.6,161937.2
0.167,1970.8,128315.4
0.167,1829.0,92970.0
0.167,2364.6666666666665,53325.666666666664
0.167,151.0,736.0
0.167,984.0,14198.333333333334
0.167,1313.75,59939.0
0.167,2362.6666666666665,102966.33333333333
0.167,1798.0,95036.0
0.167,1799.0,79504.0
0.167,1776.25,49570.75
0.167,2814.25,150328.0
0.167,1513.0,39353.0
0.167,1789.5,69862.25
0.167,1058.5,55275.5
0.167,2180.0,123407.5
0.167,3500.0,172459.75
0.167,1431.0,40411.0
0.167,1348.25,52534.0
0.167,1811.3333333333333,64911.333333333336
0.167,3500.0,289138.0
0.167,2575.0,96484.0
0.167,1337.5,66110.0
0.167,2592.0,103059.2
0.167,2191.6666666666665,42625.333333333336
0.167,3500.0,138534.0
0.167,2266.0,72120.0
0.167,2641.6,109311.2
0.167,3500.0,121748.0
0.167,2697.6666666666665,96100.66666666667
0.167,587.0,2811.0
0.167,2212.5,79957.0
0.167,1381.0,20104.0
0.167,2669.6,113478.4
0.167,1703.3333333333333,63990.0
0.167,559.5,25042.0
0.167,2797.6666666666665,120834.66666666667
0.167,2714.0,148872.0
0.167,1793.0,88469.0
0.167,1093.0,28613.0
0.167,3500.0,135898.66666666666
0.167,1485.5,56662.0
0.167,2080.25,66172.75
0.167,3500.0,281856.0
0.167,3500.0,179830.0
0.167,2022.6,53593.0
0.167,3500.0,120833.0
0.167,1041.0,28856.0
0.167,2641.5,151241.0
0.167,3500.0,122091.0
0.167,2006.6666666666667,42495.333333333336
0.167,1429.0,41714.0
0.167,2699.0,150688.5
0.167,3500.0,241845.0
0.167,1210.2,52867.4
0.167,2669.6666666666665,87884.66666666667
0.168,1788.0,58850.5
0.168,1891.6,98650.4
0.168,2146.3333333333335,92336.66666666667
0.168,890.5,23895.5
0.168,3500.0,213674.0
0.168,2585.8,68881.4
0.168,1932.0,22764.0
0.168,1568.0,38151.5
0.168,2379.5,48238.5
0.168,3500.0,200551.0
0.168,2711.0,148697.66666666666
0.168,2271.5,51539.0
0.168,1513.0,27055.5
0.168,3500.0,89935.0
0.168,1590.6666666666667,31509.833333333332
0.168,2395.3333333333335,106524.33333333333
0.168,2337.5,123080.5
0.168,2250.5,65385.0
0.168,2312.0,127098.5
0.168,2277.0,75772.0
0.168,444.0,14329.0
0.168,1896.3333333333333,60039.666666666664
0.168,494.0,10076.0
0.168,1973.0,79965.33333333333
0.168,2291.0,63794.5
0.168,1261.0,24869.5
0.168,3500.0,174603.0
0.168,3500.0,254883.0
0.168,3500.0,215095.0
0.168,2872.0,79619.0
0.168,1009.0,25379.0
0.168,2752.5,114088.5
0.168,3086.0,105081.5
0.168,127.0,409.0
0.168,1019.0,24946.0
0.168,3500.0,104842.0
0.168,3500.0,152732.0
0.168,1386.6666666666667,38228.666666666664
0.168,2128.5,47548.5
0.168,1139.0,32123.0
0.168,1597.0,48913.0
0.168,1051.0,32137.0
0.168,839.0,20852.666666666668
0.168,3154.285714285714,134463.42857142858
0.168,958.0,23411.0
0.168,1352.0,24268.0
0.168,673.0,8273.0
0.168,2439.5,34406.5
0.168,745.6666666666666,21925.0
0.168,2525.0,93368.0
0.168,3500.0,142301.5
0.168,2295.5,118051.0
0.168,3500.0,309450.0
0.168,2374.0,107135.66666666667
0.168,1978.0,104303.0
0.168,2708.0,55761.666666666664
0.168,1038.0,24463.0
0.168,1584.6666666666667,72288.0
0.168,2691.6666666666665,86804.0
0.168,1806.0,105034.0
0.168,933.5,17974.0
0.168,1453.5,31038.0
0.168,2841.2,143288.2
0.168,1448.6666666666667,54841.333333333336
0.168,3500.0,144415.33333333334
0.168,3500.0,157987.0
0.168,3500.0,196465.0
0.168,167.0,289.0
0.168,1866.0,145635.0
0.168,2619.6666666666665,109856.66666666667
0.168,647.0,12486.5
0.168,3500.0,199230.0
0.168,3500.0,169641.0
0.168,1708.0,55891.666666666664
0.168,260.0,568.0
0.168,3124.2,112536.6
0.168,624.2,11309.4
0.168,2226.0,53108.5
0.168,1820.5,41205.5
0.168,589.0,13767.0
0.168,1717.0,42275.0
0.168,2132.0,95491.33333333333
0.168,2432.5,94636.0
0.168,3500.0,186720.0
0.168,2725.6666666666665,107175.0
0.169,1055.0,18643.0
0.169,1012.0,18403.0
0.169,897.0,21298.0
0.169,3500.0,106779.0
0.169,2369.5,125372.25
0.169,1605.6666666666667,39714.333333333336
0.169,1414.5,42360.25
0.169,2254.5,146898.5
0.169,2404.3333333333335,92239.0
0.169,3500.0,200658.5
0.169,2504.5,98217.0
0.169,1996.0,126782.5
0.169,3500.0,39207.0
0.169,2039.0,51797.4
0.169,3500.0,155201.0
0.169,1878.2,92959.8
0.169,1220.0,23455.0
0.169,1855.0,89703.33333333333
0.169,3500.0,172090.0
0.169,2829.0,114977.0
0.169,3500.0,162226.66666666666
0.169,3500.0,185261.0
0.169,1825.5714285714287,40149.142857142855
0.169,1794.0,76844.0
0.169,1000.0,91455.0
0.169,1386.6,30552.4
0.169,2086.5,56540.5
0.169,213.0,250.0
0.169,2681.25,142615.0
0.169,2465.0,75786.75
0.169,3500.0,174783.0
0.169,2533.5,153679.66666666666
0.169,3500.0,248793.5
0.169,2492.5,121700.5
0.169,3181.0,99383.66666666667
0.169,3500.0,61314.0
0.169,3500.0,157301.0
0.169,3500.0,138397.0
0.169,2080.3333333333335,42321.0
0.169,2722.0,64510.5
0.169,2695.3333333333335,105905.66666666667
0.169,570.0,11729.5
0.169,3500.0,140596.0
0.169,3500.0,184317.0
0.169,2697.6666666666665,128149.66666666667
0.169,1059.0,39629.0
0.169,2686.6666666666665,92443.0
0.169,3500.0,97942.5
0.169,120.0,1383.5
0.169,1046.0,14141.0
0.169,1604.0,75242.0
0.169,3500.0,172729.33333333334
0.169,2602.0,103583.5
0.169,2417.3333333333335,147787.33333333334
0.169,1463.0,67835.0
0.169,1597.0,37315.0
0.169,3500.0,83054.0
0.169,195.0,1190.0
0.169,1978.5,69309.5
0.169,896.75,23185.25
0.169,2194.75,77834.0
0.169,3500.0,202339.66666666666
0.169,2730.0,127458.33333333333
0.169,2725.6666666666665,123187.0
0.169,1513.0,24273.0
0.169,1059.0,64180.0
0.169,2680.5,138038.5
0.169,2674.25,155373.25
0.169,2252.0,67913.5
0.169,1288.0,54588.5
0.169,3500.0,190759.5
0.169,1037.6666666666667,38515.0
0.169,1597.0,29156.0
0.169,883.0,12138.0
0.169,3500.0,100919.0
0.169,3500.0,125822.0
0.169,1362.0,19522.0
0.169,167.0,573.0
0.169,1781.25,68910.0
0.169,106.0,614.0
0.169,2017.0,82358.0
0.17,2391.0,56015.0
0.17,3500.0,135042.0
0.17,1222.5,38844.5
0.17,1830.6,83123.4
0.17,1230.0,62337.5
0.17,1047.3333333333333,25191.333333333332
0.17,2025.3333333333333,119710.66666666667
0.17,3500.0,137161.0
0.17,293.0,5207.0
0.17,1093.0,31685.0
0.17,461.6666666666667,4789.666666666667
0.17,1492.0,64159.6
0.17,1005.5,46911.5
0.17,2033.0,54852.5
0.17,78.0,1171.0
0.17,1033.0,37444.0
0.17,101.0,106.0
0.17,1513.0,51556.0
0.17,3500.0,193234.0
0.17,2709.25,116201.25
0.17,2254.5,116719.5
0.17,1177.0,42218.5
0.17,2409.6666666666665,92322.33333333333
0.17,1313.3333333333333,47851.666666666664
0.17,95.0,107.0
0.17,1766.3333333333333,98384.33333333333
0.17,2021.0,75975.66666666667
0.17,809.5,23847.25
0.17,2591.0,60324.5
0.17,345.0,7368.0
0.17,3500.0,300878.0
0.17,2076.0,67409.0
0.17,2870.25,100498.25
0.17,1798.5,93698.5
0.17,3500.0,146086.5
0.17,3500.0,238691.5
0.17,1654.0,44378.5
0.17,1910.0,42356.333333333336
0.17,2002.5,82352.5
0.17,3500.0,277667.0
0.17,1611.3333333333333,32439.666666666668
0.17,1772.6666666666667,81948.33333333333
0.17,1982.0,98515.0
0.17,3500.0,231331.0
0.17,3500.0,140545.5
0.17,3500.0,194391.4
0.17,3500.0,67424.0
0.17,1386.0,34268.0
0.17,2603.0,86039.0
0.17,676.5,9944.5
0.17,1093.0,38533.0
0.17,2035.0,154163.0
0.17,1359.0,57375.333333333336
0.17,1803.2,79634.2
0.17,2236.4,108248.4
0.17,3500.0,143586.5
0.17,2345.5,47815.5
0.17,1790.0,59892.5
0.17,1445.0,35888.0
0.17,3500.0,264258.0
0.17,2217.0,105297.0
0.17,2864.5714285714284,117554.14285714286
0.17,3500.0,252640.0
0.17,2445.3333333333335,119548.0
0.17,3062.4,171752.0
0.17,3500.0,84633.0
0.17,3500.0,104835.0
0.17,2033.6,96982.2
0.17,2125.5,93227.0
0.17,3500.0,188803.0
0.17,2745.6666666666665,143148.33333333334
0.17,132.0,2045.0
0.17,1713.0,67381.33333333333
0.17,1681.0,19784.0
0.17,1595.6666666666667,95656.0
0.17,3500.0,101397.0
0.17,673.0,8670.0
0.17,2837.6666666666665,158193.66666666666
0.17,3500.0,139783.33333333334
0.17,1503.0,20864.0
0.17,3500.0,294331.0
0.17,1299.5,35299.0
0.171,1405.75,73393.0
0.171,1076.0,14602.0
0.171,3500.0,231151.0
0.171,2284.5,89949.5
0.171,2516.0,79075.75
0.171,2400.4,138750.0
0.171,2370.0,126986.0
0.171,183.0,4072.0
0.171,588.5,16963.0
0.171,3500.0,112998.0
0.171,2030.5,118013.0
0.171,1513.0,17296.0
0.171,1597.0,22140.0
0.171,3500.0,207457.0
0.171,1912.0,52206.5
0.171,1884.3333333333333,91736.33333333333
0.171,1875.5,79692.5
0.171,1133.0,40070.0
0.171,144.0,147.0
0.171,3500.0,238355.0
0.171,1899.5,79643.5
0.171,1423.0,40527.666666666664
0.171,1803.0,110044.0
0.171,2486.0,126487.25
0.171,3500.0,155411.0
0.171,2288.75,115501.25
0.171,1463.0,19445.0
0.171,2401.8333333333335,87174.0
0.171,3087.25,130404.5
0.171,3500.0,94415.0
0.171,2093.0,83608.0
0.171,1833.5,49733.5
0.171,2911.25,150386.25
0.171,3500.0,154121.5
0.171,2963.0,119717.75
0.171,2843.4,170189.6
0.171,1227.8,26859.6
0.171,638.5,28187.0
0.171,388.5,8694.5
0.171,1772.5,31776.5
0.171,2835.0,71240.0
0.171,2819.8,102123.6
0.171,1690.5,43602.5
0.171,1530.5,36305.5
0.171,2392.25,92013.0
0.171,2702.6666666666665,99150.0
0.171,1666.0,48644.333333333336
0.171,3500.0,110205.5
0.171,3500.0,169080.0
0.171,1884.0,59557.0
0.171,1779.0,56924.0
0.171,2254.5,95562.66666666667
0.171,3500.0,216660.0
0.171,2966.5,135751.0
0.171,1880.25,59713.5
0.171,2094.6666666666665,89518.0
0.171,2086.5,60843.5
0.171,3500.0,253010.0
0.171,2458.0,75279.5
0.171,2277.5,115707.5
0.171,251.5,3028.0
0.171,2209.25,61569.75
0.171,2893.6666666666665,135807.66666666666
0.171,1664.3333333333333,88107.33333333333
0.171,2662.5,85828.5
0.171,3500.0,92688.75
0.171,3500.0,109374.0
0.171,967.0,27557.0
0.171,1892.0,109111.0
0.171,2064.3333333333335,53655.666666666664
0.171,944.0,32952.0
0.171,1543.0,54200.333333333336
0.171,629.5,6103.5
0.171,792.5,19138.25
0.171,2809.6666666666665,127545.66666666667
0.171,3500.0,251815.0
0.171,3500.0,101252.0
0.171,1669.6666666666667,64334.5
0.171,2151.75,102952.5
0.171,1435.75,58789.5
0.171,3500.0,105296.5
0.171,1854.0,76540.0
0.171,2111.0,55758.0
0.171,1681.0,21593.0
0.171,3093.75,95028.25
0.171,250.0,358.0
0.171,871.0,19004.166666666668
0.172,3500.0,121980.5
0.172,2706.0,105562.33333333333
0.172,3500.0,252296.0
0.172,2611.5,103057.0
0.172,2579.0,120463.5
0.172,2644.5,58248.5
0.172,42.0,43.0
0.172,321.0,895.0
0.172,2409.75,122802.25
0.172,1338.0,28498.0
0.172,612.0,13264.0
0.172,3500.0,139027.5
0.172,2856.6666666666665,219979.66666666666
0.172,2788.3333333333335,79908.0
0.172,1071.0,39695.0
0.172,2274.0,95134.0
0.172,1607.0,42875.0
0.172,1990.6666666666667,76754.33333333333
0.172,1681.0,33402.0
0.172,3500.0,120310.5
0.172,1841.75,55702.75
0.172,2534.5,127991.66666666667
0.172,2068.25,88944.0
0.172,1137.0,39344.0
0.172,2416.4,101234.4
0.172,2088.3333333333335,29828.0
0.172,2511.5,52793.0
0.172,3500.0,120931.0
0.172,1684.4,47378.6
0.172,2318.1428571428573,83447.57142857143
0.172,1588.6666666666667,93262.33333333333
0.172,3023.5,161911.75
0.172,2302.0,103890.5
0.172,3500.0,184026.0
0.172,3500.0,61563.0
0.172,3500.0,114429.0
0.172,2339.0,105550.25
0.172,3500.0,208843.4
0.172,1917.1666666666667,67734.0
0.172,2882.3333333333335,103716.33333333333
0.172,224.0,4711.0
0.172,731.5,7070.0
0.172,2123.3333333333335,65485.333333333336
0.172,2506.5,73196.5
0.172,2462.5,112938.0
0.172,2510.6,95333.8
0.172,1853.75,64809.75
0.172,1837.0,123651.5
0.172,3500.0,208743.66666666666
0.172,888.5,31101.0
0.172,1088.0,30535.5
0.172,3500.0,101607.5
0.172,1923.25,76331.25
0.172,2254.5,137882.0
0.172,2796.6666666666665,128846.33333333333
0.172,3500.0,201337.0
0.172,1817.0,77800.0
0.172,3500.0,289522.0
0.172,2315.25,125214.5
0.172,3500.0,289106.0
0.172,3500.0,135274.5
0.172,2303.5,57290.25
0.172,1175.2,38748.8
0.172,1585.3333333333333,56910.666666666664
0.172,990.5,25861.5
0.172,2303.0,150186.5
0.172,856.0,13201.0
0.172,1622.0,46055.0
0.172,3500.0,85365.5
0.172,2702.0,111276.66666666667
0.172,123.0,248.0
0.172,2538.6,101118.4
0.172,1509.0,58496.5
0.172,3500.0,96194.0
0.172,3500.0,131487.0
0.172,3500.0,203679.0
0.172,948.0,10569.0
0.172,129.0,166.0
0.172,2282.6666666666665,119778.33333333333
0.172,1951.3333333333333,80019.66666666667
0.172,757.0,31341.0
0.172,925.5,34951.0
0.172,1806.6666666666667,83023.0
0.172,2743.3333333333335,162414.0
0.173,2539.75,79153.25
0.173,2543.8,103143.0
0.173,3500.0,214239.5
0.173,2016.0,115203.0
0.173,785.0,22359.666666666668
0.173,1513.0,47230.0
0.173,1936.0,62466.5
0.173,2384.5,118728.0
0.173,1843.0,55020.0
0.173,3500.0,105238.0
0.173,1778.0,70964.0
0.173,1121.0,7837.0
0.173,2669.6666666666665,149032.0
0.173,2367.3333333333335,107855.66666666667
0.173,1384.4,48882.2
0.173,1851.3333333333333,89166.0
0.173,3500.0,97686.5
0.173,3047.5,136789.25
0.173,3500.0,236596.0
0.173,725.0,16332.0
0.173,2735.3333333333335,213287.0
0.173,2908.25,160190.75
0.173,3500.0,219996.0
0.173,3026.0,112462.0
0.173,3500.0,90000.0
0.173,2799.3333333333335,126765.66666666667
0.173,3500.0,192770.0
0.173,2508.25,78146.75
0.173,2952.6666666666665,97764.33333333333
0.173,3500.0,72954.0
0.173,1481.0,62804.0
0.173,2456.25,97581.75
0.173,1802.3333333333333,97458.33333333333
0.173,1571.0,16189.0
0.173,3500.0,123829.0
0.173,2342.0,55683.25
0.173,1635.6666666666667,87525.33333333333
0.173,625.5,20153.0
0.173,2973.25,86249.5
0.173,1251.0,30666.0
0.173,306.0,3075.0
0.173,3500.0,188744.5
0.173,1365.0,28198.0
0.173,3500.0,119923.0
0.173,2094.5,26573.5
0.173,2331.5,92552.0
0.173,1627.0,61697.0
0.173,3500.0,158736.0
0.173,1116.0,14474.0
0.173,3500.0,98804.0
0.173,3500.0,151501.0
0.173,1792.5,99530.0
0.173,1175.0,29636.0
0.173,3500.0,132952.5
0.173,3500.0,143590.5
0.173,1788.25,103031.25
0.173,1324.6,32242.6
0.173,818.6666666666666,18756.333333333332
0.173,2477.0,105904.8
0.173,3500.0,133753.5
0.173,2669.6666666666665,82124.66666666667
0.173,3500.0,224931.0
0.173,1418.25,56422.5
0.173,1282.6666666666667,17272.0
0.173,3500.0,162786.75
0.173,1025.0,13075.0
0.173,2070.6666666666665,53198.333333333336
0.173,1846.5,66867.25
0.173,105.0,151.0
0.173,2422.5,79655.0
0.173,894.0,28824.0
0.173,1439.5,33987.5
0.173,1949.6666666666667,60596.333333333336
0.173,1059.0,47412.0
0.173,2292.5,172883.5
0.173,3500.0,143527.0
0.173,2697.6666666666665,127179.66666666667
0.173,1789.0,62183.666666666664
0.173,1960.0,79111.5
0.173,3500.0,138314.0
0.173,2303.75,84676.25
0.173,2224.0,60871.333333333336
0.173,1469.5,54693.25
0.173,1288.0,24767.0
0.173,934.0,15857.5
0.174,1984.4,60894.8
0.174,798.5,25172.75
0.174,1112.5,27452.0
0.174,826.6666666666666,11985.0
0.174,1874.0,55791.0
0.174,733.0,15412.0
0.174,491.0,2716.0
0.174,235.0,5599.0
0.174,1679.0,56442.0
0.174,3500.0,278001.0
0.174,2618.5,83181.5
0.174,2355.5,123716.5
0.174,3500.0,217944.0
0.174,3142.5,133576.75
0.174,1681.0,30330.0
0.174,2565.0,129207.0
0.174,1522.0,81638.0
0.174,1215.3333333333333,28053.333333333332
0.174,1372.0,16905.0
0.174,3500.0,130495.0
0.174,2887.25,167644.5
0.174,2702.0,121424.0
0.174,3500.0,140519.0
0.174,3004.4,162349.8
0.174,868.5,22336.0
0.174,3500.0,221792.5
0.174,2612.0,81143.0
0.174,877.5,9707.0
0.174,1170.0,29715.0
0.174,1813.6666666666667,66058.0
0.174,2439.0,77334.0
0.174,2074.8333333333335,84594.5
0.174,3500.0,101323.0
0.174,2030.5,65795.5
0.174,1422.3333333333333,61925.666666666664
0.174,3500.0,182900.6
0.174,1062.0,15089.0
0.174,3017.714285714286,155211.7142857143
0.174,3500.0,186947.5
0.174,1986.5,72451.5
0.174,2043.8,121550.0
0.174,2296.0,70757.0
0.174,2374.3333333333335,58796.333333333336
0.174,1733.0,68376.25
0.174,3500.0,170316.0
0.174,1546.0,41667.0
0.174,1017.5,22015.5
0.174,1697.6666666666667,55602.166666666664
0.174,3500.0,91036.0
0.174,2857.6666666666665,129044.33333333333
0.174,2445.6666666666665,88334.66666666667
0.174,3021.8,107224.0
0.174,2252.0,119259.66666666667
0.174,1858.0,93634.5
0.174,2315.5,49351.0
0.174,1259.0,28109.0
0.174,1802.25,39136.75
0.174,1137.5,26956.0
0.174,696.0,11889.0
0.174,1782.3333333333333,112856.66666666667
0.174,2462.5,65050.25
0.174,3500.0,197742.5
0.174,3500.0,136170.33333333334
0.174,153.0,506.0
0.174,1755.0,51862.0
0.174,3500.0,148819.5
0.174,3500.0,139021.0
0.174,1228.5,32245.25
0.174,2930.25,144274.25
0.174,1926.6666666666667,103559.66666666667
0.174,3500.0,261911.0
0.174,2288.0,20683.5
0.174,1348.0,51070.5
0.174,2455.0,81177.0
0.174,3500.0,112897.0
0.174,3500.0,156626.5
0.174,765.0,12561.5
0.174,2374.0,60221.5
0.174,1847.0,63260.0
0.174,1684.0,45189.0
0.174,3500.0,170837.0
0.174,3500.0,185648.0
0.174,1966.4,106501.4
0.174,2318.5,54074.25
0.174,1962.0,57360.5
0.174,2287.0,45160.0
0.174,3500.0,247819.0
0.174,1120.0,30841.0
0.174,2247.4,133317.0
0.175,3500.0,137383.0
0.175,2374.0,70665.5
0.175,2506.5,86486.0
0.175,3500.0,128688.0
0.175,2299.5,89248.0
0.175,1608.75,86593.25
0.175,2743.3333333333335,167651.33333333334
0.175,1252.5,22691.75
0.175,1713.0,30045.0
0.175,768.5,22506.0
0.175,1558.6666666666667,112241.33333333333
0.175,2107.5,106813.75
0.175,2809.6666666666665,106552.66666666667
0.175,2723.0,126682.33333333333
0.175,2092.5,72683.5
0.175,1009.0,7482.0
0.175,2511.5,125268.0
0.175,1648.0,84231.0
0.175,3500.0,154068.0
0.175,2243.0,105145.2
0.175,3500.0,189091.0
0.175,558.5,15922.0
0.175,2124.6666666666665,41984.666666666664
0.175,1870.4,90507.0
0.175,2135.5,157389.5
0.175,2963.75,110208.75
0.175,2028.8,103560.4
0.175,1780.0,91534.0
0.175,2412.0,108526.25
0.175,3500.0,92362.0
0.175,347.0,12738.0
0.175,2359.5,115052.75
0.175,2380.5,170774.5
0.175,575.0,14443.0
0.175,2362.5,115451.0
0.175,1215.3333333333333,51695.333333333336
0.175,2134.3333333333335,53532.666666666664
0.175,3500.0,186517.5
0.175,2387.25,84828.25
0.175,3500.0,207524.0
0.175,2128.5,117495.5
0.175,2548.5,68842.0
0.175,2043.0,76020.0
0.175,2529.5,144719.5
0.175,3500.0,126177.0
0.175,2123.25,48916.25
0.175,1912.25,86943.0
0.175,1617.3333333333333,83905.0
0.175,1560.6666666666667,94113.66666666667
0.175,2725.0,121633.0
0.175,3500.0,139144.0
0.175,681.5,15656.0
0.175,3500.0,166274.0
0.175,2416.0,159490.5
0.175,1823.5,74279.5
0.175,1800.0,121180.0
0.175,3500.0,123623.33333333333
0.175,3500.0,128460.0
0.175,2736.0,66962.66666666667
0.175,3500.0,116900.0
0.175,1877.3333333333333,62414.666666666664
0.175,2416.3333333333335,101261.33333333333
0.175,3500.0,103492.5
0.175,2781.6666666666665,158270.33333333334
0.175,3500.0,60941.0
0.175,3500.0,290057.0
0.175,907.5,23909.5
0.175,2849.0,180706.33333333334
0.175,235.0,3040.0
0.175,1607.5,22049.0
0.175,2232.5,87974.0
0.175,587.0,1678.0
0.175,1681.0,36861.0
0.175,3500.0,236714.0
0.175,3500.0,94828.0
0.175,1614.6666666666667,38756.333333333336
0.175,3500.0,111034.0
0.175,1785.0,66176.0
0.175,2002.5,158134.5
0.175,2049.6666666666665,68981.33333333333
0.175,1271.25,53394.25
0.175,2520.0,43052.5
0.175,1865.3333333333333,55837.0
0.176,2486.0,143105.0
0.176,1795.0,51863.666666666664
0.176,2279.0,107956.0
0.176,2641.0,114363.25
0.176,1788.5,59234.5
0.176,3500.0,133000.0
0.176,1358.0,47186.0
0.176,3500.0,76501.0
0.176,2170.5,143192.0
0.176,1091.0,37363.0
0.176,3500.0,150782.0
0.176,1112.0,37932.0
0.176,3042.2,165826.2
0.176,2586.0,74331.5
0.176,882.0,16989.0
0.176,1444.0,39397.0
0.176,1246.0,34376.0
0.176,1926.0,81572.8
0.176,3500.0,255837.0
0.176,2647.5,118676.5
0.176,840.5,32342.5
0.176,1858.5,77687.25
0.176,2458.4,131914.8
0.176,1896.5,50670.0
0.176,3500.0,92544.0
0.176,2279.25,65653.25
0.176,2107.3333333333335,64278.0
0.176,2918.75,156517.25
0.176,3500.0,166271.0
0.176,2253.0,65823.5
0.176,78.0,1112.0
0.176,856.0,25543.0
0.176,2946.0,92058.33333333333
0.176,2895.75,106896.25
0.176,2835.6666666666665,99744.66666666667
0.176,3500.0,220414.5
0.176,3500.0,170267.0
0.176,3500.0,159741.0
0.176,1524.25,40688.75
0.176,3500.0,187124.0
0.176,3500.0,202278.66666666666
0.176,2422.5,59358.0
0.176,1222.0,21434.0
0.176,3016.3333333333335,134677.33333333334
0.176,2689.2,112448.6
0.176,2697.6666666666665,99054.33333333333
0.176,1825.25,54140.75
0.176,1376.0,27341.0
0.176,3500.0,282055.0
0.176,3500.0,157327.0
0.176,885.3333333333334,22970.666666666668
0.176,514.25,8688.25
0.176,1048.0,31586.666666666668
0.176,3500.0,74148.0
0.176,946.3333333333334,16051.666666666666
0.176,3500.0,223744.0
0.176,1244.6666666666667,85846.0
0.176,1247.0,29587.0
0.176,3500.0,117078.0
0.176,368.0,2032.0
0.176,2645.5,107245.0
0.176,2338.5,176164.5
0.176,3500.0,215953.0
0.176,805.5,11362.0
0.176,1890.6666666666667,47259.333333333336
0.176,1578.75,82793.25
0.176,947.3333333333334,28548.666666666668
0.176,3500.0,290056.0
0.176,2742.3333333333335,95832.0
0.176,1404.25,74992.0
0.176,2299.0,136469.5
0.176,2328.5,106202.5
0.176,1575.0,39546.0
0.176,2697.6666666666665,142734.66666666666
0.176,2756.0,102575.5
0.176,2426.8,117921.6
0.176,1566.0,81996.66666666667
0.176,3500.0,175502.0
0.176,1788.5,71811.0
0.176,1775.0,42985.0
0.176,854.0,56448.0
0.176,3500.0,91025.0
0.176,841.0,4944.0
0.177,2165.5,95491.5
0.177,200.0,244.0
0.177,3500.0,159122.5
0.177,1798.0,92549.0
0.177,3500.0,73911.0
0.177,3500.0,174478.0
0.177,3500.0,222679.0
0.177,2256.0,93023.25
0.177,2241.75,139124.0
0.177,2733.25,145655.0
0.177,1211.0,61916.0
0.177,1127.0,22910.0
0.177,1609.0,47929.5
0.177,538.0,11854.0
0.177,879.5,15179.5
0.177,3500.0,212996.0
0.177,2033.6666666666667,60689.333333333336
0.177,2816.2,155453.6
0.177,2067.5,85206.5
0.177,2380.5,68195.5
0.177,2338.5,111693.0
0.177,902.3333333333334,23602.0
0.177,1717.0,56098.666666666664
0.177,2103.0,98867.5
0.177,3500.0,276071.5
0.177,3500.0,232040.0
0.177,2307.5,129345.5
0.177,2893.6666666666665,85156.66666666667
0.177,1983.0,66250.0
0.177,1378.0,86849.25
0.177,3500.0,206694.0
0.177,2380.5,111470.0
0.177,2257.5,85590.0
0.177,1938.0,41404.0
0.177,1515.0,64926.75
0.177,3500.0,79538.5
0.177,3500.0,191714.0
0.177,2629.0,96645.5
0.177,2245.6666666666665,79988.33333333333
0.177,2763.0,118456.0
0.177,2465.5,88451.75
0.177,62.0,582.0
0.177,1144.0,16864.0
0.177,211.0,299.0
0.177,2170.5,70016.0
0.177,2076.6666666666665,62678.666666666664
0.177,3500.0,229371.5
0.177,3500.0,222162.33333333334
0.177,2591.0,118067.83333333333
0.177,1904.0,44086.333333333336
0.177,3500.0,170379.66666666666
0.177,2452.5,98793.5
0.177,91.0,192.0
0.177,3500.0,192529.0
0.177,2770.6666666666665,131592.0
0.177,1896.0,51700.0
0.177,681.0,21556.75
0.177,2254.5,77478.0
0.177,1744.75,77013.0
0.177,1475.0,51706.666666666664
0.177,1733.0,15279.0
0.177,1808.0,76699.0
0.177,2674.5,85694.0
0.177,2309.0,94427.75
0.177,1375.0,54889.0
0.177,2455.5,128553.0
0.177,2128.5,113037.0
0.177,2787.6666666666665,78018.33333333333
0.177,2460.5,121510.0
0.177,1903.0,33274.0
0.177,1872.0,27001.5
0.177,3500.0,177074.33333333334
0.177,1361.0,31415.0
0.177,1093.0,6222.0
0.177,2166.6,80083.8
0.177,1296.5,22994.5
0.177,3500.0,89373.0
0.177,1567.25,62459.5
0.177,1855.0,90410.5
0.177,1620.3333333333333,62553.666666666664
0.177,2075.75,84442.25
0.177,2258.0,143709.5
0.177,2932.0,154168.66666666666
0.177,1967.3333333333333,106541.66666666667
0.178,1206.25,43400.25
0.178,2422.5,61140.0
0.178,436.0,12572.0
0.178,1288.0,15206.0
0.178,3500.0,209379.5
0.178,1662.5,47137.5
0.178,1523.0,19968.0
0.178,2366.6666666666665,156446.0
0.178,3500.0,142422.0
0.178,2810.0,175960.66666666666
0.178,1115.6666666666667,27195.333333333332
0.178,2088.0,61207.0
0.178,3500.0,174321.0
0.178,1828.5,57615.25
0.178,3101.4,125677.8
0.178,2303.5,38976.5
0.178,2685.6666666666665,99862.0
0.178,3500.0,96718.0
0.178,1503.5,26997.5
0.178,3500.0,119222.0
0.178,802.0,14893.0
0.178,72.0,902.0
0.178,1846.3333333333333,62284.666666666664
0.178,1433.3333333333333,69384.33333333333
0.178,1628.4,63306.2
0.178,3500.0,149293.5
0.178,685.0,9054.0
0.178,887.0,21177.0
0.178,994.0,8206.0
0.178,1566.0,30080.666666666668
0.178,2463.0,70541.5
0.178,3500.0,147657.0
0.178,1591.3333333333333,59697.0
0.178,2308.0,88402.0
0.178,3500.0,59502.0
0.178,2977.6666666666665,165293.33333333334
0.178,89.0,95.0
0.178,3500.0,187996.5
0.178,1567.3333333333333,87026.33333333333
0.178,984.0,24277.5
0.178,1865.0,42857.5
0.178,1525.4,64261.0
0.178,1033.6666666666667,22845.0
0.178,1009.0,12538.0
0.178,1135.0,33467.0
0.178,3500.0,124821.0
0.178,2024.75,87057.0
0.178,590.0,12201.0
0.178,2480.0,129379.5
0.178,1321.4,41933.0
0.178,2380.5,93865.5
0.178,3500.0,124292.0
0.178,2092.0,28126.0
0.178,1856.5,54614.0
0.178,2513.5,100381.0
0.178,1985.0,115048.33333333333
0.178,102.0,107.0
0.178,2395.6666666666665,92282.66666666667
0.178,1126.0,35557.0
0.178,1638.4285714285713,73093.42857142857
0.178,2412.6666666666665,106734.0
0.178,3500.0,207813.0
0.178,1871.0,36995.25
0.178,2605.0,82554.5
0.178,922.6666666666666,19659.333333333332
0.178,2237.4,60757.0
0.178,3500.0,124180.33333333333
0.178,1536.75,82126.5
0.178,1123.0,45886.333333333336
0.178,715.0,13579.0
0.178,1129.0,34372.0
0.178,880.0,16190.5
0.178,189.5,1241.0
0.178,2374.0,98539.66666666667
0.178,2780.0,178348.66666666666
0.178,1875.3333333333333,94385.66666666667
0.178,3500.0,223686.5
0.178,2646.25,140040.0
0.178,1867.0,150429.0
0.178,3500.0,268922.0
0.178,641.0,10632.0
0.178,1792.0,46581.0
0.178,2254.5,85516.5
0.179,1820.0,88684.0
0.179,3500.0,83471.0
0.179,2355.0,63864.0
0.179,687.6666666666666,8907.666666666666
0.179,2341.25,71043.0
0.179,1872.0,63768.75
0.179,1651.0,95301.66666666667
0.179,2742.0,92389.66666666667
0.179,3500.0,229702.0
0.179,671.0,6136.0
0.179,3500.0,214563.0
0.179,3500.0,186839.0
0.179,2553.0,68349.0
0.179,2150.0,83444.0
0.179,891.75,11536.75
0.179,1666.5,72753.5
0.179,3500.0,231033.0
0.179,1931.6666666666667,37281.666666666664
0.179,2144.0,60195.75
0.179,3500.0,142160.0
0.179,2632.5,118248.5
0.179,1690.6666666666667,79322.66666666667
0.179,1413.0,52517.0
0.179,1655.2857142857142,58158.142857142855
0.179,1623.0,108249.66666666667
0.179,2350.0,74675.0
0.179,2380.5,118883.0
0.179,1792.6666666666667,69591.0
0.179,2452.0,88099.0
0.179,2413.5,78422.5
0.179,2553.0,144957.8
0.179,2151.0,90728.0
0.179,2828.6,171733.8
0.179,2401.5,83815.5
0.179,2443.0,105211.0
0.179,3500.0,161308.5
0.179,1643.0,28773.0
0.179,266.0,5720.0
0.179,2535.3333333333335,62280.333333333336
0.179,431.25,13270.75
0.179,3500.0,147114.0
0.179,3500.0,124499.0
0.179,1787.0,73425.0
0.179,1009.0,17872.0
0.179,2535.2,132831.8
0.179,1765.0,57634.0
0.179,3500.0,103442.0
0.179,1232.25,41706.0
0.179,1818.0,96223.66666666667
0.179,2006.0,56593.0
0.179,1703.0,34801.666666666664
0.179,3500.0,167306.33333333334
0.179,3500.0,105561.0
0.179,2868.0,115304.66666666667
0.179,3500.0,191815.0
0.179,3500.0,291158.0
0.179,1382.0,39307.5
0.179,2122.6666666666665,67879.33333333333
0.179,1082.0,23463.5
0.179,1105.0,33059.0
0.179,3500.0,186957.5
0.179,3500.0,161325.0
0.179,757.0,11473.0
0.179,647.6666666666666,18496.666666666668
0.179,1925.0,52662.0
0.179,2355.6666666666665,76949.0
0.179,768.0,7667.333333333333
0.179,2349.0,190825.66666666666
0.179,2894.75,100152.5
0.179,3500.0,197113.0
0.179,90.0,99.0
0.179,979.5,14915.0
0.179,2438.75,108498.5
0.179,1242.0,40050.75
0.179,1914.5,40771.5
0.179,2038.6666666666667,104964.66666666667
0.179,53.0,60.0
0.179,1825.5,98691.5
0.179,1315.3333333333333,100649.66666666667
0.179,3500.0,171673.5
0.18,95.0,100.0
0.18,2567.5,159393.0
0.18,1816.0,71404.5
0.18,2663.0,61061.0
0.18,1531.5,40088.0
0.18,1093.0,25131.0
0.18,2455.6666666666665,73347.66666666667
0.18,2577.0,69995.0
0.18,3500.0,115830.33333333333
0.18,2697.6666666666665,87808.0
0.18,1987.5,62112.5
0.18,1705.0,57410.333333333336
0.18,2380.5,67577.0
0.18,2666.6666666666665,151705.83333333334
0.18,1786.5,68802.5
0.18,1775.3333333333333,38306.0
0.18,2714.6666666666665,160671.0
0.18,3500.0,139071.0
0.18,2303.5,92206.5
0.18,1407.0,21075.0
0.18,3500.0,44079.0
0.18,1312.0,75117.66666666667
0.18,1737.3333333333333,80472.0
0.18,1734.6666666666667,68393.33333333333
0.18,3500.0,119048.0
0.18,957.5,13546.5
0.18,3500.0,259846.5
0.18,2158.6,105924.4
0.18,3500.0,210774.0
0.18,2299.5,65980.0
0.18,1593.0,46821.5
0.18,1445.8,50712.4
0.18,3500.0,80355.5
0.18,593.0,12440.0
0.18,1744.0,106843.66666666667
0.18,1775.0,48136.0
0.18,1954.5,103746.5
0.18,2809.6666666666665,98336.66666666667
0.18,1147.0,26001.5
0.18,1997.4,80220.8
0.18,1030.25,22956.5
0.18,129.0,141.0
0.18,1016.0,8445.0
0.18,3500.0,251023.0
0.18,1781.0,96593.5
0.18,3500.0,155450.0
0.18,1815.0,53552.0
0.18,177.0,463.0
0.18,1805.0,46845.5
0.18,3500.0,194063.0
0.18,3500.0,122685.0
0.18,1199.0,21012.0
0.18,3500.0,181746.66666666666
0.18,2787.6666666666665,129449.0
0.18,809.3333333333334,15144.666666666666
0.18,3500.0,132896.0
0.18,2102.25,82620.5
0.18,2269.5,136219.0
0.18,3500.0,131497.5
0.18,81.0,88.0
0.18,1732.5,30210.0
0.18,1710.3333333333333,88446.0
0.18,783.4,15924.0
0.18,3500.0,114870.0
0.18,3500.0,164646.5
0.18,2355.0,98802.0
0.18,1096.6666666666667,36492.333333333336
0.18,1847.0,38150.0
0.18,947.0,26580.0
0.18,1913.0,63090.0
0.18,1614.0,28409.0
0.18,3500.0,249011.0
0.18,111.0,142.0
0.18,3500.0,270986.0
0.18,484.0,1977.0
0.18,3136.2,167200.0
0.18,654.5,13208.5
0.18,1240.5,28486.75
0.181,2182.0,61950.333333333336
0.181,2283.5,91969.5
0.181,3500.0,146397.0
0.181,2128.0,94606.5
0.181,3003.25,130854.0
0.181,2697.6666666666665,82779.33333333333
0.181,2342.2,115742.2
0.181,1518.4,81209.8
0.181,1063.5,17614.5
0.181,2600.75,82845.75
0.181,2714.8,127871.4
0.181,3500.0,150741.0
0.181,2437.0,110606.0
0.181,2189.0,77513.5
0.181,2396.8,133329.6
0.181,3500.0,41905.0
0.181,3500.0,148292.0
0.181,1611.5,30705.5
0.181,3500.0,158485.0
0.181,1055.0,25184.0
0.181,148.0,3731.0
0.181,3500.0,121570.5
0.181,562.5,8241.5
0.181,1774.0,48042.333333333336
0.181,73.0,748.0
0.181,2600.6666666666665,152363.33333333334
0.181,2402.0,65634.0
0.181,1005.6666666666666,17003.333333333332
0.181,3500.0,62595.0
0.181,1577.5,38505.5
0.181,2394.5,36905.5
0.181,3500.0,200576.5
0.181,1198.3333333333333,47363.0
0.181,553.5,20877.5
0.181,1339.0,81261.33333333333
0.181,2216.0,115566.5
0.181,2084.0,106059.5
0.181,3500.0,155686.5
0.181,3500.0,299847.0
0.181,1398.0,39785.5
0.181,1387.6666666666667,22076.333333333332
0.181,144.0,2997.0
0.181,3500.0,135312.0
0.181,1016.0,17779.333333333332
0.181,1886.75,58928.25
0.181,3500.0,256525.0
0.181,1994.6666666666667,90838.33333333333
0.181,3500.0,198595.0
0.181,1846.0,111973.8
0.181,1055.0,17857.0
0.181,1269.0,38190.0
0.181,682.0,8947.0
0.181,2690.0,110207.66666666667
0.181,2841.0,142033.33333333334
0.181,3500.0,108078.0
0.181,3500.0,175037.5
0.181,2250.4,88505.0
0.181,2094.0,110552.33333333333
0.181,2422.5,121256.5
0.181,1808.6666666666667,40541.333333333336
0.181,230.0,4503.0
0.181,83.0,97.0
0.181,784.0,8762.0
0.181,3500.0,111260.0
0.181,2130.5,97641.75
0.181,2393.5,122439.5
0.181,1009.0,17526.0
0.181,3500.0,143153.5
0.181,2435.0,111248.8
0.181,3500.0,143741.0
0.181,2809.6666666666665,131461.33333333334
0.181,1784.5,61142.5
0.181,3500.0,176756.0
0.181,3500.0,206754.0
0.181,1719.6,87231.2
0.181,2663.0,128401.0
0.181,1029.75,18586.0
0.181,2606.6666666666665,92797.0
0.181,1874.0,52743.5
0.181,1964.5,110119.0
0.181,2386.3333333333335,54510.0
0.181,1466.6666666666667,37811.666666666664
0.181,3500.0,152337.0
0.181,2293.8333333333335,114084.83333333333
0.181,518.5,8245.5
0.181,757.6666666666666,15055.333333333334
0.181,1050.0,24057.0
0.182,3500.0,92737.0
0.182,1006.0,26256.333333333332
0.182,2730.5,117881.0
0.182,1585.0,64492.0
0.182,3500.0,154218.0
0.182,1830.6666666666667,92800.66666666667
0.182,2019.0,59832.333333333336
0.182,1782.5,128015.5
0.182,3500.0,113670.33333333333
0.182,3500.0,166976.0
0.182,3500.0,247612.5
0.182,3500.0,147108.0
0.182,3500.0,226356.0
0.182,1147.0,11134.0
0.182,1960.5,97806.5
0.182,380.0,3199.0
0.182,3500.0,107914.0
0.182,3500.0,60584.0
0.182,452.0,10361.5
0.182,3500.0,89103.0
0.182,1710.6666666666667,79053.33333333333
0.182,192.0,355.0
0.182,2590.5,115477.5
0.182,2711.0,111617.75
0.182,2380.5,103805.0
0.182,2465.8,107546.2
0.182,2274.6666666666665,68014.66666666667
0.182,1309.5,44417.0
0.182,593.6666666666666,11313.666666666666
0.182,3500.0,152425.5
0.182,2266.5,87311.5
0.182,3500.0,143992.0
0.182,3500.0,81849.5
0.182,2798.5,71552.0
0.182,3500.0,143801.0
0.182,1544.0,39888.0
0.182,3500.0,311063.0
0.182,3500.0,167867.0
0.182,990.0,10383.0
0.182,1909.6666666666667,82321.33333333333
0.182,2068.0,98034.0
0.182,1225.0,12471.5
0.182,3500.0,150180.0
0.182,93.0,100.0
0.182,2416.3333333333335,72631.0
0.182,3500.0,109984.5
0.182,2639.5,91352.16666666667
0.182,1764.142857142857,67910.85714285714
0.182,1009.0,22960.0
0.182,1276.7142857142858,69151.57142857143
0.182,2170.6666666666665,54184.333333333336
0.182,3500.0,165434.5
0.182,1300.3333333333333,45275.333333333336
0.182,2254.5,89861.0
0.182,1060.0,25004.0
0.182,1116.0,11436.0
0.182,3500.0,119623.5
0.182,2082.6666666666665,89927.66666666667
0.182,2790.3333333333335,46628.0
0.182,1325.6,64662.0
0.182,3500.0,197068.5
0.182,909.0,5000.0
0.182,1405.0,36717.0
0.182,3500.0,199068.5
0.182,1932.3333333333333,108695.0
0.182,2590.5,87337.5
0.182,1340.5,42801.25
0.182,1669.6666666666667,80019.33333333333
0.182,484.0,9948.0
0.182,3500.0,130113.5
0.182,1908.0,106837.0
0.182,2648.3333333333335,110915.33333333333
0.182,2561.0,76958.8
0.182,1103.0,30753.0
0.182,2348.5,130626.0
0.182,2051.3333333333335,73757.66666666667
0.182,2092.6666666666665,108375.0
0.182,688.5,15005.5
0.182,1526.5,43738.666666666664
0.182,2062.0,71492.0
0.182,2422.5,42432.5
0.182,3500.0,95807.5
0.182,3500.0,150434.0
0.182,138.0,1710.0
0.183,1731.5,34598.0
0.183,3500.0,181697.0
0.183,2703.3333333333335,81285.0
0.183,3500.0,147840.66666666666
0.183,705.4,12749.4
0.183,1453.0,57035.5
0.183,2823.2,100037.0
0.183,3500.0,179442.5
0.183,1030.6666666666667,33553.0
0.183,1735.6666666666667,42482.666666666664
0.183,1261.0,26383.0
0.183,3500.0,135667.5
0.183,3500.0,121024.0
0.183,1092.0,35717.0
0.183,2002.5,40981.5
0.183,1549.0,86410.66666666667
0.183,3500.0,204228.0
0.183,3500.0,141399.0
0.183,2669.0,104840.33333333333
0.183,1515.0,19498.0
0.183,1790.5,104044.0
0.183,2213.75,77296.75
0.183,601.5,18696.0
0.183,1454.8,63218.4
0.183,2682.3333333333335,76070.33333333333
0.183,2259.3333333333335,119817.66666666667
0.183,3500.0,153976.0
0.183,847.6666666666666,14538.666666666666
0.183,2527.0,124433.5
0.183,2430.0,75520.0
0.183,1430.0,77647.0
0.183,3500.0,130111.0
0.183,1713.6666666666667,50804.333333333336
0.183,797.0,14517.5
0.183,1959.0,48641.0
0.183,2365.6666666666665,95363.0
0.183,957.0,40211.0
0.183,1641.6666666666667,82104.33333333333
0.183,926.0,29279.5
0.183,2421.75,113638.5
0.183,2743.0,129612.66666666667
0.183,1332.6666666666667,56434.333333333336
0.183,3500.0,262624.0
0.183,2113.6666666666665,93071.83333333333
0.183,1804.0,61474.0
0.183,1049.5,17562.0
0.183,2688.0,116553.0
0.183,830.0,13024.5
0.183,2147.25,127078.75
0.183,1400.0,32525.5
0.183,2501.8,93848.0
0.183,187.0,200.0
0.183,2111.75,117868.5
0.183,1703.3333333333333,56506.333333333336
0.183,1538.6666666666667,39283.0
0.183,1946.5,104999.5
0.183,1461.0,24052.0
0.183,2046.5,74381.25
0.183,1960.5,44979.5
0.183,2669.6666666666665,155078.0
0.183,1931.0,67106.8
0.183,1359.3333333333333,54955.333333333336
0.183,2740.3333333333335,208728.66666666666
0.183,111.0,148.0
0.183,1681.0,65827.0
0.183,3500.0,135532.0
0.183,1276.0,22433.0
0.183,2246.6666666666665,124667.33333333333
0.183,3500.0,185607.0
0.183,2722.0,74622.5
0.183,595.0,14880.0
0.183,63.0,718.0
0.183,2039.4,105663.0
0.183,3500.0,229191.0
0.183,1121.0,43662.666666666664
0.183,1443.0,36289.666666666664
0.183,2254.5,117608.0
0.183,3500.0,232458.0
0.183,84.0,101.0
0.183,1195.25,38418.25
0.183,673.0,7639.5
0.183,2254.5,50173.0
0.183,3500.0,38285.0
0.183,3500.0,212527.25
0.184,2760.5,93792.75
0.184,3500.0,133244.5
0.184,2364.0,91857.33333333333
0.184,1145.0,23521.0
0.184,3500.0,242597.66666666666
0.184,1322.0,92482.0
0.184,2126.75,133656.75
0.184,3239.0,138043.85714285713
0.184,2254.5,59474.5
0.184,2084.4,45407.2
0.184,2039.25,113429.75
0.184,65.0,654.0
0.184,2295.5,47779.0
0.184,2253.5,124764.5
0.184,2220.0,100231.6
0.184,666.5,21899.5
0.184,2359.5,127046.75
0.184,331.0,2591.0
0.184,1268.8333333333333,49007.0
0.184,2136.5,123255.0
0.184,1940.0,72353.0
0.184,1274.0,21661.5
0.184,2996.6,124026.2
0.184,849.0,16706.75
0.184,1908.25,88694.0
0.184,272.0,1844.0
0.184,2062.0,59666.333333333336
0.184,2739.0,86593.33333333333
0.184,1513.0,61619.0
0.184,1048.0,46131.0
0.184,76.0,81.0
0.184,2169.5,69071.0
0.184,2528.3333333333335,127363.0
0.184,1251.3333333333333,96278.33333333333
0.184,1383.8333333333333,47056.0
0.184,3500.0,145714.33333333334
0.184,2467.5,71133.0
0.184,2643.2,63405.6
0.184,3500.0,82193.0
0.184,3500.0,215199.0
0.184,3500.0,124349.0
0.184,278.0,2241.0
0.184,2614.0,108197.0
0.184,1009.0,22040.0
0.184,2812.3333333333335,136667.33333333334
0.184,351.0,1774.0
0.184,1795.5,39822.0
0.184,3500.0,128094.0
0.184,1518.3333333333333,40730.0
0.184,523.5,6449.5
0.184,2301.5,176841.0
0.184,1839.3333333333333,69951.66666666667
0.184,2098.3333333333335,96646.66666666667
0.184,1713.3333333333333,80687.33333333333
0.184,1449.5,24909.5
0.184,1471.0,24603.0
0.184,1681.0,68430.0
0.184,1769.6666666666667,88964.66666666667
0.184,925.0,21990.0
0.184,3500.0,136638.0
0.184,3500.0,185192.0
0.184,3500.0,197187.0
0.184,2296.5,108818.0
0.184,3500.0,215979.0
0.184,3500.0,115420.0
0.184,3500.0,121105.0
0.184,3500.0,181313.0
0.184,1484.0,46298.0
0.184,1389.0,43246.0
0.184,925.0,28542.0
0.184,2068.6666666666665,120838.0
0.184,2697.6666666666665,107222.33333333333
0.184,2697.6666666666665,160755.33333333334
0.184,2682.3333333333335,111633.66666666667
0.184,2295.0,90325.5
0.184,1899.0,52248.333333333336
0.184,1334.6666666666667,58033.666666666664
0.184,3500.0,191005.0
0.184,3500.0,152697.0
0.185,2583.0,109856.5
0.185,684.75,24028.75
0.185,1013.0,33691.0
0.185,2514.5,106242.5
0.185,3500.0,209932.5
0.185,2877.25,101316.25
0.185,1946.3333333333333,39060.666666666664
0.185,1187.0,39453.0
0.185,1343.0,21864.0
0.185,2345.375,87090.75
0.185,1790.3333333333333,85948.0
0.185,1069.3333333333333,22715.666666666668
0.185,855.5,13184.0
0.185,2814.25,161226.0
0.185,2205.0,66232.8
0.185,2253.5,86568.0
0.185,1840.0,59062.666666666664
0.185,2380.5,120054.0
0.185,607.6666666666666,7846.333333333333
0.185,1123.0,18358.0
0.185,3500.0,231927.0
0.185,2701.3333333333335,119439.0
0.185,2002.5,83627.0
0.185,3500.0,225757.0
0.185,2254.5,115783.0
0.185,2387.5,71664.5
0.185,2553.5,124849.25
0.185,3500.0,190515.0
0.185,3500.0,214340.5
0.185,1416.5,40384.75
0.185,3500.0,129280.0
0.185,2054.6666666666665,44087.0
0.185,3500.0,133523.33333333334
0.185,2515.0,103078.66666666667
0.185,2445.0,68894.5
0.185,2081.0,37167.0
0.185,1165.25,26313.25
0.185,3500.0,109766.0
0.185,1977.3333333333333,90729.83333333333
0.185,1310.0,23149.5
0.185,1067.0,10146.0
0.185,2917.3333333333335,157820.33333333334
0.185,1829.5,33083.5
0.185,827.0,12198.0
0.185,1676.0,31284.333333333332
0.185,2571.0,132020.0
0.185,2673.0,124575.5
0.185,2002.5,75889.0
0.185,1125.0,33569.0
0.185,3500.0,266691.0
0.185,2234.0,120721.25
0.185,1410.75,41545.0
0.185,578.5,12162.5
0.185,890.6666666666666,19586.0
0.185,3500.0,104106.0
0.185,1855.5,77452.75
0.185,2952.75,139509.75
0.185,3500.0,157581.5
0.185,3500.0,149480.0
0.185,2563.0,89164.5
0.185,3500.0,132193.0
0.185,3500.0,121776.0
0.185,2762.0,143282.66666666666
0.185,1634.3333333333333,69870.66666666667
0.185,641.0,12721.0
0.185,2341.285714285714,109714.42857142857
0.185,2521.6666666666665,129411.0
0.185,917.0,27400.0
0.185,2688.3333333333335,139714.0
0.185,101.0,112.0
0.185,2260.5,82284.5
0.185,3500.0,60820.0
0.185,2681.3333333333335,125884.33333333333
0.185,1137.0,22571.0
0.185,3500.0,118192.0
0.185,1093.0,10910.0
0.185,3060.75,168082.0
0.185,2857.3333333333335,131727.33333333334
0.185,3500.0,156391.33333333334
0.185,3500.0,115649.0
0.185,2254.5,110993.5
0.185,891.75,29337.5
0.185,3500.0,262990.0
0.185,3500.0,178408.0
0.185,2930.25,146114.75
0.185,1268.0,46556.5
0.186,2737.0,114979.0
0.186,1565.0,43376.0
0.186,1154.0,12830.0
0.186,1126.0,16953.333333333332
0.186,2655.0,138072.0
0.186,1670.2,73074.6
0.186,2446.6666666666665,150449.66666666666
0.186,1946.0,68983.0
0.186,1854.0,34214.5
0.186,1870.3333333333333,86287.66666666667
0.186,2128.25,148515.25
0.186,673.0,9093.0
0.186,3500.0,208038.0
0.186,1084.5,60874.5
0.186,934.6666666666666,28023.333333333332
0.186,2256.5,103564.5
0.186,2464.5,52117.0
0.186,2422.5,94606.0
0.186,1703.3333333333333,85962.0
0.186,755.0,26526.0
0.186,1236.5,17623.0
0.186,3500.0,154722.0
0.186,1616.0,54446.0
0.186,3500.0,211983.0
0.186,2697.6666666666665,98740.0
0.186,719.0,10769.333333333334
0.186,2366.6666666666665,79294.66666666667
0.186,299.5,8167.5
0.186,2339.0,104302.0
0.186,426.0,16819.0
0.186,2316.3333333333335,124131.66666666667
0.186,3500.0,224139.5
0.186,2338.5,78732.0
0.186,2018.25,54719.5
0.186,2124.3333333333335,41446.333333333336
0.186,3500.0,80952.0
0.186,2328.4,122405.0
0.186,915.0,14466.0
0.186,2147.3333333333335,105552.33333333333
0.186,2359.8,69435.2
0.186,1532.0,52733.666666666664
0.186,1805.0,52075.0
0.186,2512.0,58498.0
0.186,3500.0,192530.5
0.186,2169.4,107567.8
0.186,2302.5,133296.0
0.186,1918.0,55544.25
0.186,1568.75,42561.5
0.186,1855.5,40921.5
0.186,2237.5,54596.5
0.186,3500.0,128222.0
0.186,3500.0,90567.0
0.186,1592.5,50101.0
0.186,1805.5,104390.5
0.186,3500.0,94679.0
0.186,2490.2,105402.4
0.186,2350.5,113337.5
0.186,1513.0,25677.0
0.186,672.5,19624.0
0.186,1429.0,43836.0
0.186,1894.0,58737.0
0.186,2675.0,82378.66666666667
0.186,3500.0,245314.0
0.186,87.0,96.0
0.186,1261.0,41861.0
0.186,2686.0,89680.66666666667
0.186,1091.0,23098.0
0.186,2670.0,44864.0
0.186,615.3333333333334,10739.333333333334
0.186,1816.8,75390.6
0.186,2455.2,115340.8
0.186,1875.3333333333333,114565.0
0.186,2407.0,85476.5
0.186,3500.0,200500.33333333334
0.186,1923.5,94199.5
0.186,3500.0,81387.0
0.186,1009.0,20381.0
0.186,1513.0,49954.0
0.186,2417.6666666666665,76318.0
0.186,681.5,31483.0
0.186,3500.0,264414.0
0.186,2567.6,117455.0
0.186,3500.0,310507.0
0.187,1391.0,13523.0
0.187,326.0,2972.0
0.187,3500.0,228176.0
0.187,3500.0,168340.0
0.187,2330.5,103823.0
0.187,1623.0,46682.2
0.187,2934.25,154976.25
0.187,2705.0,75739.66666666667
0.187,2411.3333333333335,69488.66666666667
0.187,2152.3333333333335,94725.66666666667
0.187,1976.0,31783.5
0.187,1230.6,59038.8
0.187,3500.0,141720.75
0.187,1694.6,62989.6
0.187,1728.3333333333333,78735.0
0.187,2296.5,102895.5
0.187,616.0,12916.666666666666
0.187,1804.0,98126.0
0.187,3500.0,105558.0
0.187,2017.0,61182.0
0.187,2836.6666666666665,107031.0
0.187,1312.5,40652.5
0.187,3500.0,93415.0
0.187,2287.5,106354.0
0.187,923.5,13063.0
0.187,967.0,20680.5
0.187,421.0,3955.0
0.187,754.0,19177.0
0.187,3500.0,155167.0
0.187,1532.0,51635.0
0.187,3500.0,222853.0
0.187,2590.5,111084.0
0.187,3500.0,92971.0
0.187,2473.25,64318.5
0.187,1321.0,25966.0
0.187,2422.5,123827.5
0.187,2430.5,77813.0
0.187,1237.0,31736.5
0.187,2376.3333333333335,108020.0
0.187,1048.0,52132.0
0.187,2920.5,160516.0
0.187,1813.5,75124.5
0.187,3500.0,229255.33333333334
0.187,2421.5,82830.0
0.187,2666.0,126279.5
0.187,3500.0,197353.66666666666
0.187,2056.25,70194.5
0.187,1763.0,51397.0
0.187,2675.5,134055.0
0.187,3500.0,255872.0
0.187,1479.6666666666667,38316.333333333336
0.187,3500.0,163213.5
0.187,1000.0,15615.0
0.187,922.0,32651.0
0.187,1156.0,32792.333333333336
0.187,2809.6666666666665,117237.33333333333
0.187,2368.0,95119.16666666667
0.187,2933.25,149031.75
0.187,864.0,12135.666666666666
0.187,2669.6666666666665,147190.0
0.187,2772.0,145216.5
0.187,2238.6666666666665,104929.66666666667
0.187,3500.0,129696.0
0.187,2766.0,125630.0
0.187,1755.142857142857,85168.42857142857
0.187,3500.0,145428.0
0.187,2668.0,103816.66666666667
0.187,764.5,20206.0
0.187,1117.0,46834.0
0.187,2621.5,106473.5
0.187,3500.0,129540.33333333333
0.187,1782.0,89193.0
0.187,2650.25,74277.875
0.187,1268.0,45599.333333333336
0.187,2602.0,109350.0
0.187,2464.5,35007.5
0.187,2278.0,60637.0
0.187,2263.8,86051.6
0.187,1705.4,63902.4
0.188,1579.0,59307.4
0.188,715.3333333333334,26306.0
0.188,3500.0,196390.0
0.188,1055.0,30455.0
0.188,3500.0,171348.0
0.188,924.0,13416.0
0.188,3500.0,121548.0
0.188,1067.0,43438.5
0.188,1368.0,16785.0
0.188,1755.0,91948.66666666667
0.188,3500.0,153330.0
0.188,110.0,957.0
0.188,2254.5,97142.5
0.188,1679.0,95262.0
0.188,1221.0,57652.333333333336
0.188,1717.0,38035.0
0.188,1725.3333333333333,50247.0
0.188,1557.0,19548.0
0.188,2296.5,141832.5
0.188,1162.6666666666667,25244.0
0.188,1702.6666666666667,48334.0
0.188,69.0,772.0
0.188,3500.0,181826.5
0.188,358.3333333333333,6377.666666666667
0.188,2548.5,79681.0
0.188,253.0,3204.0
0.188,2470.5,112313.0
0.188,2855.6666666666665,64466.0
0.188,2296.5,73528.5
0.188,2638.0,119018.6
0.188,1899.5,72641.0
0.188,1664.4,75031.6
0.188,2178.3333333333335,111770.66666666667
0.188,2241.5,89525.0
0.188,3500.0,142714.66666666666
0.188,971.0,47521.0
0.188,1561.0,61689.0
0.188,2539.8,105884.8
0.188,2805.1666666666665,118901.5
0.188,3500.0,161049.5
0.188,2429.1666666666665,119086.33333333333
0.188,1793.0,55487.0
0.188,1765.0,79401.0
0.188,1239.0,21465.0
0.188,3500.0,128339.0
0.188,1144.0,40709.0
0.188,3500.0,84587.0
0.188,72.0,97.0
0.188,1861.5,66434.5
0.188,3500.0,167903.5
0.188,3500.0,163536.0
0.188,3500.0,249471.8
0.188,1094.0,25827.0
0.188,3500.0,46609.0
0.188,1398.0,32421.0
0.188,2667.3333333333335,98059.0
0.188,3500.0,161026.0
0.188,2162.5,89258.0
0.188,1772.5,81416.5
0.188,1076.5,20882.5
0.188,1184.5,14150.5
0.188,862.0,10823.0
0.188,142.0,1522.5
0.188,3500.0,179738.66666666666
0.188,1168.5,27176.5
0.188,2167.0,52737.0
0.188,3500.0,64923.0
0.188,1805.0,56559.0
0.188,3500.0,198545.0
0.188,3500.0,37537.0
0.188,3500.0,229108.0
0.188,1513.0,40208.0
0.188,1812.75,59150.5
0.188,1866.0,32769.0
0.188,506.0,8677.0
0.188,3500.0,133211.0
0.188,3011.5,131096.75
0.188,2364.6666666666665,76179.66666666667
0.188,2154.8,103601.2
0.188,2810.0,96895.85714285714
0.188,1367.0,33414.0
0.188,2566.6666666666665,142894.66666666666
0.188,3500.0,215605.5
0.189,2416.3333333333335,83195.66666666667
0.189,1495.5,41033.75
0.189,1093.0,43070.0
0.189,3500.0,190811.0
0.189,1947.5,99948.5
0.189,2296.5,97228.0
0.189,1132.5,17260.0
0.189,1842.6,62149.2
0.189,3500.0,106255.25
0.189,2060.0,90292.0
0.189,1174.0,26566.5
0.189,2108.75,53147.5
0.189,779.3333333333334,19669.0
0.189,1793.0,118122.5
0.189,803.0,19211.5
0.189,3500.0,151749.0
0.189,3500.0,111379.0
0.189,3500.0,135264.5
0.189,2129.0,64348.75
0.189,1993.0,78999.33333333333
0.189,3500.0,116893.5
0.189,3500.0,265173.0
0.189,1271.0,9490.0
0.189,1604.6666666666667,19126.333333333332
0.189,2965.3333333333335,80520.33333333333
0.189,1659.0,48391.0
0.189,866.0,34861.0
0.189,1633.8,53632.8
0.189,1219.0,24778.5
0.189,2809.6666666666665,156578.33333333334
0.189,1594.0,76036.0
0.189,1027.5,15324.5
0.189,524.0,6071.5
0.189,1071.5,17821.0
0.189,1999.0,96588.33333333333
0.189,2982.25,176239.5
0.189,1695.3333333333333,50609.333333333336
0.189,2977.0,196683.0
0.189,851.0,29576.5
0.189,1307.0,26759.0
0.189,2466.3333333333335,112133.0
0.189,2422.5,78315.5
0.189,860.0,16008.0
0.189,3500.0,215435.0
0.189,571.5,10861.0
0.189,198.75,2030.0
0.189,3169.0,159533.8
0.189,1630.0,30045.0
0.189,1974.2,66789.8
0.189,3500.0,164847.5
0.189,2140.0,37208.5
0.189,1147.0,30441.0
0.189,2949.5,122720.25
0.189,3500.0,74635.5
0.189,2346.0,115072.0
0.189,2582.3333333333335,123233.33333333333
0.189,3500.0,206605.0
0.189,3500.0,260068.0
0.189,2221.5,117447.0
0.189,2176.3333333333335,107341.0
0.189,3500.0,97418.0
0.189,3500.0,133122.0
0.189,1591.0,63271.0
0.189,1782.5,80683.0
0.189,3500.0,190216.5
0.189,2984.3333333333335,164891.66666666666
0.189,2697.6666666666665,87687.0
0.189,2044.5,98120.75
0.189,1226.0,41304.25
0.189,1372.0,14094.0
0.189,2317.0,57425.0
0.189,2045.0,88368.75
0.189,1217.5,32799.5
0.189,3500.0,154812.5
0.189,1058.5,24131.0
0.189,3500.0,170791.0
0.189,1612.25,42514.5
0.189,2191.6666666666665,90261.33333333333
0.189,1429.0,44065.0
0.189,3500.0,204927.0
0.189,2314.8,85613.6
0.189,1784.75,54814.75
0.189,1922.0,84428.2
0.189,2524.5,139792.0
0.189,3500.0,263375.0
0.19,3500.0,160836.0
0.19,3500.0,138648.5
0.19,536.0,12055.0
0.19,1840.0,66471.0
0.19,870.5,24371.5
0.19,1056.0,18361.5
0.19,3500.0,86450.0
0.19,612.5,4961.5
0.19,683.5,10473.0
0.19,418.0,859.0
0.19,3500.0,219919.0
0.19,3500.0,316088.0
0.19,1681.0,15151.0
0.19,3500.0,156164.5
0.19,1628.4,36417.0
0.19,1208.5,33146.0
0.19,1120.5,48862.0
0.19,2641.25,137388.25
0.19,3500.0,288811.0
0.19,3500.0,173846.0
0.19,3500.0,139407.0
0.19,100.0,104.0
0.19,2548.5,63035.0
0.19,3500.0,106987.0
0.19,3500.0,229463.0
0.19,1627.0,83900.0
0.19,2263.0,74263.25
0.19,81.0,89.0
0.19,2203.3333333333335,44289.333333333336
0.19,1791.5,85347.5
0.19,1788.6666666666667,52458.666666666664
0.19,3500.0,154798.5
0.19,3500.0,185866.0
0.19,2009.0,35511.0
0.19,966.0,14636.2
0.19,302.0,2787.0
0.19,1681.0,68276.0
0.19,1946.0,80176.0
0.19,497.6666666666667,23026.0
0.19,1924.2,56178.4
0.19,3500.0,195721.0
0.19,3500.0,269600.0
0.19,2557.0,121216.5
0.19,695.0,8247.0
0.19,1441.4,57028.2
0.19,1265.0,18297.5
0.19,2330.0,104738.5
0.19,1715.75,60067.5
0.19,1959.0,116879.0
0.19,1004.0,14987.0
0.19,3500.0,140946.0
0.19,702.0,20046.0
0.19,2370.0,104194.0
0.19,3500.0,127779.0
0.19,2354.0,129333.66666666667
0.19,1058.0,16663.0
0.19,248.0,456.0
0.19,1688.8,128473.4
0.19,2390.5,100018.0
0.19,3500.0,213434.0
0.19,2017.0,46133.0
0.19,1019.0,23257.0
0.19,3500.0,126096.0
0.19,722.25,14388.25
0.19,2563.2,92163.2
0.19,3500.0,96154.0
0.19,923.5,13725.5
0.19,2064.0,63585.5
0.19,2294.5,113063.5
0.19,1513.0,27073.0
0.19,2725.6666666666665,130135.66666666667
0.19,1828.6666666666667,68622.0
0.19,2422.5,86473.5
0.19,1846.25,60979.75
0.19,2629.8,87000.6
0.19,3500.0,166688.5
0.19,1732.75,42091.5
0.19,2352.0,87614.0
0.19,1340.6666666666667,48660.0
0.19,3500.0,144222.0
0.19,766.0,22141.5
0.191,1244.0,35041.0
0.191,3500.0,155933.0
0.191,1002.0,24784.25
0.191,3500.0,161867.0
0.191,1448.5,52716.5
0.191,1009.0,25873.0
0.191,2710.0,124608.25
0.191,2275.0,20262.5
0.191,3500.0,200179.0
0.191,3500.0,164475.0
0.191,1719.6,60586.4
0.191,3500.0,159850.0
0.191,1439.0,51055.333333333336
0.191,61.0,540.0
0.191,3500.0,156000.33333333334
0.191,2339.625,101419.5
0.191,2296.5,105575.0
0.191,2361.3333333333335,129644.66666666667
0.191,80.0,97.0
0.191,3500.0,220192.5
0.191,1488.0,56861.0
0.191,3500.0,186745.0
0.191,2366.6666666666665,50358.0
0.191,1842.0,29427.0
0.191,2358.6666666666665,131078.33333333334
0.191,3500.0,95525.5
0.191,2506.5,169129.0
0.191,1460.75,85182.75
0.191,393.5,5019.5
0.191,3500.0,62721.0
0.191,930.5,22092.0
0.191,1597.0,27310.0
0.191,1794.0,131546.5
0.191,2366.0,86508.66666666667
0.191,3500.0,254779.0
0.191,1785.0,71293.5
0.191,2422.5,82017.0
0.191,1337.0,49528.0
0.191,1612.0,38261.0
0.191,2063.3333333333335,62461.333333333336
0.191,1868.3333333333333,96290.66666666667
0.191,2336.25,107716.5
0.191,2080.5,128990.0
0.191,3500.0,110967.5
0.191,1660.5,36853.5
0.191,3500.0,159885.66666666666
0.191,1884.6666666666667,98141.0
0.191,3500.0,217052.0
0.191,2307.25,120952.75
0.191,1798.5,37764.0
0.191,1779.5,68392.0
0.191,2028.75,56551.5
0.191,593.0,6809.0
0.191,85.5,330.0
0.191,2081.5,85884.25
0.191,1691.0,32205.333333333332
0.191,721.0,9693.5
0.191,1725.0,39147.25
0.191,1649.0,50572.0
0.191,1303.0,64844.5
0.191,1830.5,147381.5
0.191,3500.0,87115.0
0.191,3500.0,111716.0
0.191,2713.0,137649.33333333334
0.191,2506.5,110509.0
0.191,1076.0,18736.0
0.191,2149.5,72331.0
0.191,1969.6666666666667,38213.333333333336
0.191,1866.0,110174.5
0.191,113.0,838.0
0.191,1235.0,51695.0
0.191,3500.0,222879.0
0.191,2568.0,95134.4
0.191,3500.0,116398.2
0.191,2404.5,97387.66666666667
0.191,2413.8,116770.2
0.191,2594.5,89038.5
0.191,3240.1428571428573,167797.0
0.191,3500.0,279145.0
0.191,3500.0,254897.0
0.191,2670.3333333333335,100457.33333333333
0.191,3500.0,184042.33333333334
0.191,3500.0,230587.0
0.191,2589.75,115339.75
0.191,1803.0,90273.5
0.191,3500.0,191354.5
0.192,1930.75,57946.25
0.192,352.5,2287.25
0.192,2753.6666666666665,98722.66666666667
0.192,1357.0,28213.0
0.192,1774.4,41865.0
0.192,2809.6666666666665,138096.66666666666
0.192,2120.8333333333335,110174.5
0.192,1890.75,49456.25
0.192,3500.0,136256.0
0.192,3500.0,222851.0
0.192,1781.5,72878.0
0.192,98.0,101.0
0.192,2547.5,92303.0
0.192,1814.0,46009.0
0.192,3500.0,132995.0
0.192,2296.5,65188.0
0.192,2817.0,143371.66666666666
0.192,3500.0,78256.0
0.192,2687.0,84780.25
0.192,1420.0,50201.666666666664
0.192,68.0,775.0
0.192,3500.0,168899.0
0.192,1869.0,21587.0
0.192,3500.0,188738.0
0.192,3500.0,138086.0
0.192,2525.0,49289.0
0.192,2728.0,137413.25
0.192,1727.3333333333333,38374.333333333336
0.192,1818.0,103491.0
0.192,1761.0,36442.666666666664
0.192,2261.8571428571427,66849.71428571429
0.192,2321.4,101648.6
0.192,1070.0,16812.0
0.192,3500.0,127081.0
0.192,1916.5,126716.5
0.192,3500.0,225759.0
0.192,2213.6666666666665,70619.66666666667
0.192,2844.6666666666665,142390.5
0.192,773.0,20767.666666666668
0.192,2254.5,88372.0
0.192,3500.0,80937.0
0.192,1675.2,73673.2
0.192,2159.0,77975.66666666667
0.192,1009.0,38843.0
0.192,1573.3333333333333,83313.33333333333
0.192,1560.75,53258.0
0.192,3500.0,238855.0
0.192,1420.25,48671.25
0.192,1616.3333333333333,85968.0
0.192,2187.0,74556.66666666667
0.192,2783.5,71056.5
0.192,636.5,6983.0
0.192,646.0,13140.0
0.192,1780.5,98633.5
0.192,2430.5,80017.5
0.192,1065.5,13926.25
0.192,1881.142857142857,83315.0
0.192,1384.0,37043.0
0.192,3500.0,168382.0
0.192,1976.0,89739.6
0.192,3500.0,160476.0
0.192,2463.5,72950.5
0.192,1829.0,93979.25
0.192,2530.0,165440.66666666666
0.192,3500.0,237319.0
0.192,1641.0,96268.66666666667
0.192,2845.6666666666665,89660.66666666667
0.192,2526.0,94333.5
0.192,3004.6666666666665,117528.66666666667
0.192,3500.0,58121.0
0.192,1923.0,104458.5
0.192,1361.0,42587.666666666664
0.192,3500.0,101267.0
0.192,2620.2,100298.2
0.192,1535.0,67023.0
0.192,1579.0,26643.5
0.192,1177.0,29467.0
0.192,2740.0,91108.0
0.192,3500.0,149639.0
0.192,1967.6666666666667,64671.0
0.192,1160.0,17743.0
0.193,3500.0,106404.0
0.193,1951.3333333333333,45245.666666666664
0.193,805.5,23519.0
0.193,2272.0,87334.0
0.193,1976.25,65703.75
0.193,3500.0,186441.0
0.193,918.0,10093.5
0.193,3500.0,112023.5
0.193,2667.5,88433.5
0.193,1768.6666666666667,68758.0
0.193,2814.25,94557.5
0.193,1009.0,45243.0
0.193,1603.0,63874.666666666664
0.193,3500.0,170607.0
0.193,2609.6666666666665,103423.33333333333
0.193,3500.0,184518.0
0.193,1594.4,83192.0
0.193,3500.0,218599.5
0.193,2140.5,75968.5
0.193,3500.0,91863.0
0.193,3500.0,154683.0
0.193,578.0,7575.5
0.193,1790.0,67793.5
0.193,2360.0,141054.66666666666
0.193,1692.0,54308.4
0.193,2233.75,114162.75
0.193,1261.0,34464.0
0.193,105.0,148.0
0.193,1279.5,53096.0
0.193,1627.0,44945.0
0.193,66.0,668.0
0.193,1597.0,47957.0
0.193,1401.4,48907.8
0.193,2084.25,46238.5
0.193,1882.7142857142858,70188.14285714286
0.193,1093.0,16923.0
0.193,3500.0,123855.5
0.193,1280.0,33106.8
0.193,3500.0,120079.0
0.193,3500.0,197318.0
0.193,1567.5,70473.25
0.193,3500.0,97348.0
0.193,2464.5,43520.0
0.193,2441.0,104289.0
0.193,497.0,18178.0
0.193,3500.0,246332.0
0.193,1013.0,19334.0
0.193,1546.0,31196.0
0.193,1337.6666666666667,15593.0
0.193,1544.6666666666667,61126.333333333336
0.193,2522.0,102135.5
0.193,3500.0,125741.0
0.193,1209.0,21104.0
0.193,1856.0,101782.0
0.193,2469.3333333333335,132681.0
0.193,2363.0,140869.33333333334
0.193,1294.0,17745.0
0.193,1772.25,124816.5
0.193,2458.0,83029.0
0.193,2246.0,53675.5
0.193,3500.0,248359.0
0.193,2055.75,74783.0
0.193,2242.5,123636.0
0.193,2897.0,58613.666666666664
0.193,1009.0,7917.0
0.193,2159.0,66393.5
0.193,2372.6666666666665,63021.333333333336
0.193,2128.5,55558.5
0.193,1956.0,58932.0
0.193,201.5,1702.5
0.193,1162.5,32747.5
0.193,2380.0,81371.5
0.193,195.0,381.0
0.193,1673.8,95942.0
0.193,3500.0,89851.0
0.193,2671.0,81821.0
0.193,1088.75,28336.25
0.193,1002.5,38806.5
0.193,1908.75,56164.5
0.193,1783.0,86297.5
0.193,1009.0,20951.0
0.193,2051.3333333333335,80392.0
0.193,1513.5,48775.0
0.193,3500.0,186044.0
0.193,3500.0,162217.25
0.193,2380.5,69027.0
0.194,1857.0,62974.333333333336
0.194,3500.0,176255.5
0.194,2298.75,73950.5
0.194,2918.3333333333335,110816.33333333333
0.194,82.0,100.0
0.194,1849.0,24433.0
0.194,1403.25,72036.5
0.194,388.75,9491.75
0.194,3500.0,239116.0
0.194,2877.25,143685.25
0.194,2379.6666666666665,94225.33333333333
0.194,337.0,2367.0
0.194,2856.25,129841.25
0.194,3500.0,146636.0
0.194,2275.5,78990.75
0.194,2781.6666666666665,77278.33333333333
0.194,1127.0,13916.0
0.194,2801.6666666666665,136101.33333333334
0.194,3500.0,141659.0
0.194,3500.0,145449.0
0.194,2551.0,116487.66666666667
0.194,819.3333333333334,12005.333333333334
0.194,2155.5,69654.75
0.194,2137.0,51601.0
0.194,3500.0,160549.0
0.194,2454.4,131207.4
0.194,831.0,25220.0
0.194,1691.6666666666667,47443.333333333336
0.194,3500.0,169597.0
0.194,3500.0,254425.0
0.194,671.5,11833.0
0.194,1069.0,9789.0
0.194,2718.3333333333335,110488.33333333333
0.194,2107.0,104008.33333333333
0.194,3500.0,188710.0
0.194,2669.6666666666665,80289.66666666667
0.194,1192.5,43838.0
0.194,3500.0,128282.0
0.194,3500.0,127627.0
0.194,1942.0,91504.5
0.194,3500.0,136250.0
0.194,1975.3333333333333,91502.0
0.194,1674.0,52067.333333333336
0.194,2641.75,151922.25
0.194,571.5,7036.0
0.194,2235.5,64729.5
0.194,3500.0,155292.0
0.194,2724.0,134279.0
0.194,1092.6666666666667,24878.666666666668
0.194,2351.5,72554.0
0.194,1915.5,104244.0
0.194,202.0,2069.0
0.194,3500.0,167648.0
0.194,1009.0,19490.0
0.194,685.5,10523.0
0.194,3500.0,246332.0
0.194,3500.0,82136.0
0.194,3500.0,92832.5
0.194,1662.8,72332.0
0.194,925.0,19717.0
0.194,3500.0,125808.0
0.194,1806.0,40283.0
0.194,2577.6666666666665,124896.0
0.194,883.0,9388.5
0.194,1112.0,29040.0
0.194,855.0,9811.0
0.194,2353.6666666666665,114588.66666666667
0.194,2335.0,126219.5
0.194,1093.0,16915.0
0.194,2370.6666666666665,87045.33333333333
0.194,1093.0,23967.0
0.194,664.5,7794.5
0.194,1535.0,46697.666666666664
0.194,126.0,155.0
0.194,1761.6666666666667,81501.66666666667
0.194,60.0,495.0
0.194,642.6666666666666,6222.666666666667
0.194,1770.5,153641.5
0.194,1807.0,43465.0
0.194,1653.625,48872.0
0.194,3500.0,134437.5
0.194,2411.5,145437.5
0.194,1971.6666666666667,50984.0
0.194,3018.6,171690.0
0.194,1804.3333333333333,69005.33333333333
0.194,2305.5,126274.5
0.194,1704.5,37558.75
0.194,1889.0,50377.0
0.194,3500.0,209159.0
0.195,3500.0,142810.0
0.195,3500.0,185836.0
0.195,2529.6666666666665,133174.33333333334
0.195,2766.5,78183.0
0.195,1386.0,32505.0
0.195,1894.0,68622.0
0.195,1728.0,51032.666666666664
0.195,3500.0,150642.0
0.195,2841.0,134865.33333333334
0.195,3500.0,156113.0
0.195,3500.0,149324.0
0.195,1935.6,77984.6
0.195,2380.5,128702.0
0.195,2544.0,80667.66666666667
0.195,2523.0,176691.5
0.195,2050.25,64538.25
0.195,2273.0,58464.5
0.195,161.0,288.0
0.195,2881.3333333333335,156891.66666666666
0.195,757.0,25221.0
0.195,1252.5,32326.0
0.195,1563.6666666666667,50028.666666666664
0.195,2525.0,108227.0
0.195,3500.0,131329.0
0.195,2464.5,87882.5
0.195,3500.0,128623.0
0.195,1358.0,36737.0
0.195,1337.6666666666667,40172.666666666664
0.195,3500.0,111242.0
0.195,601.0,11618.666666666666
0.195,143.0,285.0
0.195,3500.0,156086.0
0.195,3500.0,238803.0
0.195,1093.0,18537.0
0.195,1526.5,39531.0
0.195,1348.0,25166.0
0.195,1188.0,24049.0
0.195,835.4,22509.0
0.195,2651.8333333333335,139988.5
0.195,1756.0,61384.0
0.195,2969.0,54712.666666666664
0.195,2113.6666666666665,58377.666666666664
0.195,855.25,20019.25
0.195,1626.0,39402.0
0.195,2713.5,136033.75
0.195,3500.0,139581.33333333334
0.195,595.5,12671.0
0.195,251.0,1446.0
0.195,2218.6666666666665,80360.0
0.195,1298.6666666666667,14998.0
0.195,2573.0,127533.0
0.195,1927.0,44382.0
0.195,1309.5,39919.0
0.195,3500.0,192541.5
0.195,2232.0,98777.0
0.195,3045.25,149659.25
0.195,2424.6666666666665,107677.66666666667
0.195,1429.0,23999.0
0.195,1344.3333333333333,55663.666666666664
0.195,3500.0,149812.33333333334
0.195,3500.0,117969.0
0.195,2689.6666666666665,150772.33333333334
0.195,1883.6666666666667,62309.0
0.195,3500.0,167102.5
0.195,2536.0,97291.75
0.195,3500.0,43662.0
0.195,3500.0,117908.5
0.195,1953.2857142857142,53058.71428571428
0.195,1209.0,22642.0
0.195,1886.75,63900.75
0.195,508.6666666666667,11386.666666666666
0.195,3500.0,161478.0
0.195,2644.25,153972.25
0.195,1418.0,68291.66666666667
0.195,1323.0,31961.0
0.195,3500.0,101719.0
0.195,1733.0,46981.0
0.195,1794.0,71647.0
0.195,2102.0,95419.0
0.195,2296.5,145787.0
0.195,3500.0,153426.0
0.195,2334.5,85089.0
0.195,3500.0,109826.5
0.195,827.5,16347.0
0.195,1597.0,24606.0
0.196,2680.0,156573.33333333334
0.196,3500.0,156857.5
0.196,2583.5,173642.5
0.196,2382.0,86662.75
0.196,3500.0,61916.0
0.196,2679.3333333333335,94116.33333333333
0.196,3500.0,223466.0
0.196,1093.0,12792.0
0.196,1285.5,51849.0
0.196,3500.0,196555.0
0.196,1226.3333333333333,36706.333333333336
0.196,3500.0,102729.0
0.196,2679.5,48426.5
0.196,3086.5,145309.83333333334
0.196,2076.2,58352.2
0.196,2054.2,41361.4
0.196,1277.0,34750.0
0.196,2542.0,105444.0
0.196,1805.5,86674.0
0.196,2614.8,145522.8
0.196,552.0,11168.5
0.196,2595.3333333333335,98228.33333333333
0.196,589.0,37804.0
0.196,2250.0,88144.4
0.196,97.0,161.0
0.196,974.0,16273.333333333334
0.196,1262.0,14715.0
0.196,1970.6666666666667,69816.33333333333
0.196,1786.0,65846.0
0.196,3500.0,177180.0
0.196,3500.0,227923.0
0.196,2182.4,72472.2
0.196,2301.0,82501.5
0.196,2707.0,91263.4
0.196,2353.5,165837.5
0.196,3500.0,223956.0
0.196,2170.5,78220.5
0.196,2420.0,73277.0
0.196,1686.8,48480.6
0.196,1803.0,113122.0
0.196,587.0,2005.0
0.196,1232.0,31887.0
0.196,163.0,3252.0
0.196,947.5,15189.5
0.196,1771.0,73407.75
0.196,1767.2,77242.4
0.196,1794.0,63865.0
0.196,3500.0,151389.5
0.196,1777.0,33594.0
0.196,1645.6666666666667,124890.0
0.196,1856.3333333333333,91184.66666666667
0.196,1813.5,84808.0
0.196,1093.0,50068.0
0.196,1974.3333333333333,38999.333333333336
0.196,3500.0,292440.0
0.196,3500.0,190924.0
0.196,3129.25,141928.25
0.196,2422.5,67958.25
0.196,2203.1428571428573,107400.42857142857
0.196,904.75,16287.75
0.196,2232.6666666666665,92079.16666666667
0.196,3500.0,98703.0
0.196,2250.5,139150.5
0.196,3500.0,82368.0
0.196,3500.0,143773.5
0.196,2354.0,132686.33333333334
0.196,1853.3333333333333,74182.0
0.196,1659.3333333333333,54821.333333333336
0.196,3500.0,180928.75
0.196,2064.75,135946.0
0.196,191.0,344.0
0.196,1797.0,64663.0
0.196,3500.0,219250.0
0.196,3500.0,216674.0
0.196,1756.2,46161.4
0.196,2492.5,124277.5
0.196,3500.0,91337.0
0.196,1256.0,18389.333333333332
0.196,3107.0,152128.33333333334
0.196,2191.5,84620.0
0.196,2801.8,93436.8
0.196,1209.0,17237.0
0.196,2188.75,84817.25
0.197,2642.0,142659.75
0.197,2253.0,103980.5
0.197,1386.0,46125.0
0.197,3500.0,168980.0
0.197,805.0,41828.0
0.197,2376.0,79580.33333333333
0.197,2102.6666666666665,85901.33333333333
0.197,1942.0,80326.66666666667
0.197,74.0,1177.5
0.197,2200.5,35420.0
0.197,1123.0,22036.5
0.197,1547.0,32993.0
0.197,1674.0,35445.0
0.197,1412.0,43517.5
0.197,1786.0,67767.0
0.197,1524.5,54519.5
0.197,3500.0,141317.0
0.197,2453.6666666666665,85903.33333333333
0.197,2367.5,115965.83333333333
0.197,1411.0,21616.0
0.197,1237.6666666666667,66169.66666666667
0.197,502.0,3127.0
0.197,2464.5,74792.5
0.197,3009.5,127986.75
0.197,3500.0,149612.0
0.197,3500.0,59387.0
0.197,3108.25,137295.75
0.197,1917.0,68448.5
0.197,2354.0,63982.2
0.197,2007.0,71521.33333333333
0.197,3500.0,172838.5
0.197,1639.0,52430.5
0.197,1752.0,62015.5
0.197,2786.0,68721.0
0.197,1073.6666666666667,50300.333333333336
0.197,3500.0,181133.0
0.197,680.5,12022.5
0.197,1443.5,33597.0
0.197,820.5,34831.5
0.197,3500.0,272296.0
0.197,1706.0,49395.666666666664
0.197,2695.5,148949.0
0.197,1226.5,29343.5
0.197,2825.25,105726.5
0.197,1509.0,27519.0
0.197,3500.0,233020.0
0.197,1187.0,16823.0
0.197,2669.6666666666665,95804.66666666667
0.197,2527.3333333333335,72156.33333333333
0.197,3500.0,207606.0
0.197,3500.0,139390.0
0.197,1798.0,46150.0
0.197,2315.0,92756.5
0.197,3500.0,184473.0
0.197,77.0,1159.0
0.197,2037.0,77083.5
0.197,2247.75,84716.75
0.197,3500.0,123287.0
0.197,62.0,663.0
0.197,157.0,953.0
0.197,3500.0,117198.0
0.197,2343.0,104033.0
0.197,2742.0,144033.0
0.197,3500.0,110346.0
0.197,3500.0,177797.0
0.197,3500.0,216415.0
0.197,1031.0,24832.0
0.197,3069.0,126544.6
0.197,3500.0,86785.0
0.197,2781.6666666666665,113526.33333333333
0.197,3500.0,114846.0
0.197,1918.5,83715.25
0.197,1848.0,73513.5
0.197,1133.0,15482.5
0.197,2422.5,78884.5
0.197,2317.0,58684.5
0.197,1651.5,47688.166666666664
0.197,2690.3333333333335,123577.0
0.197,1463.0,41327.0
0.197,591.5,11075.5
0.197,1797.5,73011.0
0.197,3500.0,188524.0
0.197,1062.0,28336.0
0.197,1600.8,77313.8
0.197,3500.0,175128.5
0.197,3500.0,235583.0
0.197,1655.0,40643.5
0.197,1368.5,78535.0
0.197,2728.6666666666665,139845.66666666666
0.198,2645.4,85082.8
0.198,2676.5,142263.0
0.198,3500.0,139404.0
0.198,2275.75,113271.0
0.198,1499.0,28043.0
0.198,1141.6666666666667,38163.666666666664
0.198,3500.0,111415.0
0.198,3007.0,202589.25
0.198,1463.0,88947.0
0.198,1009.0,19728.0
0.198,1179.0,16963.0
0.198,2266.0,102810.5
0.198,2430.5,107438.0
0.198,3500.0,117218.0
0.198,1481.75,31668.75
0.198,447.0,854.0
0.198,1425.0,17375.0
0.198,3500.0,190345.0
0.198,1238.0,32577.5
0.198,3500.0,220886.0
0.198,3500.0,117213.5
0.198,2170.0,102483.66666666667
0.198,273.0,2841.0
0.198,3500.0,95506.0
0.198,3500.0,284179.0
0.198,2327.5,168673.5
0.198,1372.0,52766.0
0.198,2929.0,188857.75
0.198,1305.0,14756.0
0.198,1118.0,24410.5
0.198,1684.0,109163.0
0.198,1827.5,39088.0
0.198,1572.0,30364.0
0.198,1841.75,63646.25
0.198,3500.0,118076.0
0.198,2017.0,51317.0
0.198,2320.0,123453.0
0.198,2129.6666666666665,63984.0
0.198,2364.5,51305.5
0.198,355.0,14733.0
0.198,2483.3333333333335,61820.0
0.198,1561.6666666666667,54664.333333333336
0.198,3500.0,139054.0
0.198,2050.5,72720.25
0.198,1792.75,40461.75
0.198,1107.0,29985.0
0.198,3500.0,82875.0
0.198,2632.5,100670.0
0.198,1359.2,33095.6
0.198,2322.0,114212.5
0.198,1071.6666666666667,23746.0
0.198,2024.5,71638.25
0.198,3500.0,149704.0
0.198,1669.0,26526.0
0.198,1217.0,12631.0
0.198,1200.0,55108.8
0.198,923.0,18878.5
0.198,3500.0,125246.0
0.198,2548.5,48465.0
0.198,1215.5,43534.0
0.198,2548.5,126047.0
0.198,1779.0,97557.5
0.198,1242.0,15756.0
0.198,1610.0,53730.0
0.198,2676.6666666666665,84322.66666666667
0.198,3500.0,169345.5
0.198,1806.75,119342.0
0.198,2259.8,69226.6
0.198,1781.0,106180.0
0.198,1269.6666666666667,30721.333333333332
0.198,1752.0,72143.66666666667
0.198,1801.2,77232.8
0.198,3500.0,194635.66666666666
0.198,2829.3333333333335,87514.0
0.198,1031.3333333333333,23118.333333333332
0.198,3500.0,203155.0
0.198,690.0,30218.75
0.198,2132.6666666666665,77934.0
0.198,2697.0,130630.33333333333
0.198,3500.0,207925.5
0.198,1673.6666666666667,17670.333333333332
0.198,3500.0,283014.0
0.198,2625.6,99132.0
0.198,2284.0,64735.0
0.198,2152.4,76255.4
0.199,1704.0,76881.0
0.199,2377.6666666666665,65533.333333333336
0.199,1280.0,18723.0
0.199,1782.0,21466.0
0.199,1177.0,23913.0
0.199,3014.4,103532.8
0.199,2001.3333333333333,39490.666666666664
0.199,1392.0,32747.0
0.199,2079.8333333333335,100848.16666666667
0.199,1140.0,20767.0
0.199,3500.0,106407.0
0.199,1452.0,16791.0
0.199,1700.6666666666667,72300.0
0.199,1560.3333333333333,67029.33333333333
0.199,2303.25,150161.75
0.199,595.0,9317.5
0.199,3500.0,152922.25
0.199,2504.0,101945.5
0.199,2667.0,132523.5
0.199,1631.0,53106.166666666664
0.199,315.0,505.0
0.199,1685.6666666666667,57299.0
0.199,1342.0,21169.0
0.199,2421.0,65790.8
0.199,1470.6666666666667,41379.0
0.199,2590.5,100796.0
0.199,1175.0,18281.0
0.199,3500.0,226908.0
0.199,1071.0,21464.0
0.199,2174.75,132343.25
0.199,2464.5,142909.0
0.199,1274.0,100608.66666666667
0.199,1572.3333333333333,78308.33333333333
0.199,3500.0,203784.0
0.199,1372.4,46518.0
0.199,2325.0,105214.16666666667
0.199,2268.5,129019.5
0.199,3500.0,185416.5
0.199,125.0,3905.0
0.199,1869.0,71627.5
0.199,2398.5,88033.5
0.199,1317.5,26342.5
0.199,1247.0,23328.5
0.199,3500.0,217017.0
0.199,990.0,21561.0
0.199,1206.6666666666667,27745.0
0.199,2370.4,90258.8
0.199,696.0,13605.0
0.199,3500.0,142533.0
0.199,1694.6666666666667,102494.0
0.199,2397.0,132943.5
0.199,2099.25,81434.75
0.199,1530.0,36014.333333333336
0.199,296.0,651.0
0.199,2616.0,116617.0
0.199,1790.6666666666667,60370.833333333336
0.199,3500.0,50539.0
0.199,1700.3333333333333,90087.0
0.199,2215.5,92536.0
0.199,3500.0,146507.0
0.199,3500.0,208771.5
0.199,1030.5,22736.0
0.199,3500.0,168678.0
0.199,1044.5,51459.0
0.199,3500.0,253271.0
0.199,3500.0,221382.33333333334
0.199,1071.0,8779.0
0.199,799.0,20110.0
0.199,3500.0,179933.5
0.199,1734.5,36248.75
0.199,3500.0,159180.5
0.199,1201.5,32212.0
0.199,2275.75,102838.25
0.199,1615.0,56985.0
0.199,3500.0,152999.33333333334
0.199,3500.0,354246.0
0.199,2506.5,156005.5
0.199,103.0,108.0
0.199,3500.0,153172.0
0.199,1765.8,82400.4
0.199,3021.0,96260.33333333333
0.199,2336.0,104115.6
0.2,3500.0,108456.0
0.2,2155.0,72653.0
0.2,1553.6666666666667,102673.0
0.2,1324.5,21448.5
0.2,1288.4,34892.6
0.2,2475.5,78518.5
0.2,1921.75,79314.75
0.2,3500.0,250592.0
0.2,750.4,23175.4
0.2,3500.0,211259.0
0.2,2698.3333333333335,137829.66666666666
0.2,2667.3333333333335,104402.0
0.2,3500.0,79748.0
0.2,3500.0,275792.0
0.2,3500.0,224777.0
0.2,757.0,26270.0
0.2,3500.0,132738.0
0.2,754.3333333333334,13863.666666666666
0.2,2230.3333333333335,71939.33333333333
0.2,2114.0,98880.33333333333
0.2,2350.6666666666665,78667.0
0.2,1144.0,42456.0
0.2,117.0,1361.0
0.2,2445.6666666666665,94322.0
0.2,2678.0,106203.66666666667
0.2,2949.6666666666665,77103.0
0.2,1874.0,58160.666666666664
0.2,2284.0,102788.5
0.2,2356.3333333333335,56396.666666666664
0.2,2669.6666666666665,107767.0
0.2,911.0,35061.0
0.2,1009.0,10751.0
0.2,2167.0,70304.33333333333
0.2,2506.0,49284.0
0.2,3500.0,297597.0
0.2,2609.6,93914.2
0.2,438.5,7622.0
0.2,2393.8,155499.2
0.2,578.5,12431.5
0.2,1303.0,44315.5
0.2,2625.0,87238.5
0.2,1745.8333333333333,44384.0
0.2,1806.0,68835.0
0.2,1174.0,42488.0
0.2,1849.0,91371.0
0.2,1595.0,33598.0
0.2,2253.0,124450.5
0.2,3500.0,132987.0
0.2,2146.25,74030.25
0.2,1560.4,55786.4
0.2,2295.5,72234.0
0.2,1912.5,64263.0
0.2,3500.0,223052.0
0.2,129.0,194.0
0.2,549.0,9501.666666666666
0.2,2072.0,74017.66666666667
0.2,833.0,9720.0
0.2,1277.0,14895.0
0.2,2613.6666666666665,95096.0
0.2,1065.6666666666667,24124.333333333332
0.2,2790.6666666666665,133703.33333333334
0.2,3500.0,102413.0
0.2,1648.3333333333333,74073.83333333333
0.2,2394.6666666666665,101067.33333333333
0.2,3500.0,223182.0
0.2,2902.25,91736.0
0.2,2200.0,140664.75
0.2,1536.0,41970.666666666664
0.2,2365.0,106269.33333333333
0.2,1513.0,35465.0
0.2,3500.0,121617.5
0.2,1354.3333333333333,38617.333333333336
0.2,2394.0,137035.33333333334
0.2,3500.0,146105.0
0.2,2729.6666666666665,112485.33333333333
0.2,1808.0,52995.666666666664
0.2,1070.0,24688.0
0.2,1504.0,23027.5
0.2,784.3333333333334,23872.0
0.2,1528.0,27797.666666666668
0.2,2700.2,135829.0
0.2,2180.8,90740.6
0.2,2153.75,97058.25
0.201,3500.0,138424.5
0.201,1185.5,17248.5
0.201,1877.5,84809.0
0.201,2495.0,46672.5
0.201,3500.0,209249.0
0.201,3500.0,184148.5
0.201,1244.5,55501.5
0.201,2562.6666666666665,73051.0
0.201,2680.0,71558.66666666667
0.201,2615.0,91735.66666666667
0.201,2559.5,121211.0
0.201,1429.0,19268.0
0.201,1802.5,143598.5
0.201,2217.0,74924.5
0.201,2035.8,61839.2
0.201,2148.8,129609.2
0.201,1738.5,30985.0
0.201,3500.0,133670.0
0.201,3500.0,94918.0
0.201,3500.0,65210.0
0.201,1353.25,86151.5
0.201,3500.0,91705.33333333333
0.201,2977.6666666666665,131387.0
0.201,2669.6666666666665,135044.33333333334
0.201,3500.0,164860.5
0.201,1458.2,43968.4
0.201,1190.3333333333333,18767.5
0.201,2406.25,95734.25
0.201,1106.0,27903.0
0.201,3500.0,124970.5
0.201,3500.0,159670.5
0.201,1032.0,21568.5
0.201,2375.0,59804.5
0.201,3500.0,97014.0
0.201,1886.5,44889.0
0.201,3500.0,158468.5
0.201,2001.5,36199.0
0.201,2139.5,90548.5
0.201,1370.0,34436.5
0.201,3500.0,268310.0
0.201,701.5,17634.0
0.201,2921.6666666666665,110513.0
0.201,3500.0,210337.0
0.201,2247.0,74502.6
0.201,3500.0,237175.0
0.201,3500.0,325763.0
0.201,1755.0,121821.0
0.201,1440.0,22797.5
0.201,2116.0,61120.5
0.201,2275.75,134915.75
0.201,3500.0,217622.0
0.201,3500.0,175600.0
0.201,1854.0,72342.33333333333
0.201,3500.0,118102.0
0.201,3500.0,132685.0
0.201,1451.0,61661.0
0.201,1681.0,29054.0
0.201,2307.5,133356.0
0.201,1337.8,41938.4
0.201,3500.0,172894.0
0.201,1079.0,13879.0
0.201,1937.0,103545.33333333333
0.201,2332.0,105946.25
0.201,1901.0,80753.75
0.201,2809.6666666666665,111948.0
0.201,3008.2,138564.2
0.201,710.0,10037.0
0.201,3500.0,142640.0
0.201,1788.5,54563.0
0.201,2697.0,114155.33333333333
0.201,1426.0,32016.0
0.201,2084.2,91082.4
0.201,2741.6666666666665,179658.33333333334
0.201,862.5,14253.0
0.201,2384.5,158674.5
0.201,3500.0,271659.0
0.201,2433.0,102086.0
0.201,2304.0,121060.25
0.201,2438.2,106602.2
0.201,100.0,622.0
0.201,401.0,4350.5
0.201,1551.6666666666667,21174.333333333332
0.201,3500.0,89234.0
0.201,2380.5,101144.0
0.201,1589.3333333333333,54094.333333333336
0.201,2921.6666666666665,158705.66666666666
0.202,2782.6666666666665,102276.33333333333
0.202,3500.0,114296.33333333333
0.202,1233.3333333333333,80236.33333333333
0.202,1897.0,74271.66666666667
0.202,1572.0,64153.25
0.202,1508.6,41289.8
0.202,1415.0,43971.5
0.202,847.5,10496.5
0.202,1153.0,30841.0
0.202,867.5,24788.5
0.202,1970.0,82664.0
0.202,1290.5,23576.5
0.202,3500.0,123984.0
0.202,2184.6,73046.4
0.202,1553.0,31081.5
0.202,801.5,9949.5
0.202,1703.6,64706.2
0.202,1073.0,20882.0
0.202,3500.0,129074.5
0.202,3500.0,210821.0
0.202,1237.1666666666667,47961.5
0.202,1367.6666666666667,39870.666666666664
0.202,2253.0,153410.5
0.202,3500.0,160912.0
0.202,3500.0,211104.0
0.202,1602.0,51721.0
0.202,3500.0,120915.0
0.202,1836.0,63630.75
0.202,1802.5,110346.5
0.202,1093.0,15893.0
0.202,3500.0,206787.0
0.202,1085.0,8198.0
0.202,1919.0,67519.0
0.202,3500.0,83540.0
0.202,714.0,11211.0
0.202,2463.5,63268.0
0.202,2593.0,130036.75
0.202,1614.4,41030.8
0.202,2144.3333333333335,124672.66666666667
0.202,1664.2,130069.4
0.202,1700.5,70823.5
0.202,105.5,170.5
0.202,1245.0,60537.333333333336
0.202,3500.0,224284.0
0.202,1606.0,55419.0
0.202,784.5,12348.5
0.202,1015.0,22347.0
0.202,443.0,10713.0
0.202,1130.5,12303.0
0.202,1035.2,17914.2
0.202,2421.5,98414.0
0.202,1468.0,65463.0
0.202,1781.5,67167.0
0.202,3500.0,85973.66666666667
0.202,1363.5,42899.0
0.202,2837.6666666666665,114918.33333333333
0.202,3500.0,185942.0
0.202,3500.0,242227.0
0.202,2511.75,122106.5
0.202,3500.0,89739.0
0.202,1784.0,61825.5
0.202,1600.0,48323.666666666664
0.202,3500.0,110411.0
0.202,1110.5,21945.5
0.202,3027.8,103610.6
0.202,1203.6666666666667,22201.333333333332
0.202,2731.0,88797.66666666667
0.202,1039.5,22321.0
0.202,3500.0,197774.0
0.202,1468.0,40407.5
0.202,3500.0,184188.0
0.202,3500.0,128989.0
0.202,2212.5,110170.5
0.202,1805.5,108022.5
0.202,1104.0,9181.0
0.202,3500.0,165497.0
0.202,1261.0,17350.0
0.202,1371.6666666666667,61516.0
0.202,2219.3333333333335,54026.333333333336
0.202,1.0,2.0
0.202,1015.0,36543.0
0.202,784.0,20548.0
0.203,1351.3333333333333,92670.0
0.203,2566.5,129171.0
0.203,2711.0,91347.33333333333
0.203,3500.0,196236.0
0.203,1289.0,61653.0
0.203,1834.0,122273.0
0.203,2505.75,117148.0
0.203,60.0,581.0
0.203,199.0,1983.0
0.203,88.0,89.0
0.203,2021.0,43089.0
0.203,1038.0,38453.0
0.203,3500.0,212242.0
0.203,238.0,1366.0
0.203,3500.0,170113.5
0.203,1653.0,29690.5
0.203,1811.5,149205.5
0.203,3500.0,189712.0
0.203,142.0,272.0
0.203,2031.25,74040.5
0.203,1709.3333333333333,58185.666666666664
0.203,3500.0,113322.0
0.203,903.0,14546.5
0.203,3500.0,84787.0
0.203,2811.0,130740.33333333333
0.203,746.3333333333334,51347.833333333336
0.203,2379.4,71492.8
0.203,3500.0,151022.5
0.203,717.0,10716.333333333334
0.203,1289.0,16502.5
0.203,3500.0,140517.0
0.203,3500.0,119032.0
0.203,467.0,7327.0
0.203,2725.6666666666665,134550.5
0.203,1321.5,22053.5
0.203,1969.6666666666667,96520.33333333333
0.203,3500.0,91248.0
0.203,1381.3333333333333,34845.333333333336
0.203,1261.0,60908.0
0.203,2184.6666666666665,53868.333333333336
0.203,2486.0,83285.66666666667
0.203,1815.0,116899.5
0.203,2114.0,83957.66666666667
0.203,2059.2,73064.6
0.203,3500.0,222270.0
0.203,89.0,151.0
0.203,2254.5,110595.0
0.203,3500.0,135417.0
0.203,1806.5,79182.0
0.203,2762.8,124015.8
0.203,2747.5,109202.5
0.203,1031.0,14937.0
0.203,1697.2,69922.2
0.203,1769.0,66617.25
0.203,626.5,9122.0
0.203,3500.0,64370.0
0.203,1974.0,79341.0
0.203,1960.0,67573.2
0.203,3500.0,106213.0
0.203,3500.0,237516.0
0.203,3500.0,185248.0
0.203,1716.0,28074.0
0.203,1913.75,46596.75
0.203,609.0,11549.5
0.203,697.25,23969.0
0.203,1288.0,40271.0
0.203,2590.5,97046.0
0.203,3500.0,125893.0
0.203,227.0,3546.0
0.203,1738.3333333333333,27171.333333333332
0.203,2357.3333333333335,122586.33333333333
0.203,2034.3333333333333,56443.333333333336
0.203,3500.0,255328.0
0.203,1156.0,15070.0
0.203,1409.5,55359.0
0.203,3500.0,111472.0
0.203,3500.0,97471.0
0.203,2963.0,176263.66666666666
0.203,3500.0,304862.0
0.203,958.0,12933.333333333334
0.203,1087.0,15446.0
0.203,2261.0,78542.5
0.203,134.5,1749.5
0.203,1925.2857142857142,65505.71428571428
0.203,2306.0,169199.0
0.203,1372.0,13819.0
0.203,3500.0,164240.5
0.204,61.0,421.0
0.204,1458.0,58120.333333333336
0.204,1601.0,67600.66666666667
0.204,2421.0,122723.0
0.204,2649.3333333333335,102309.0
0.204,958.6,13503.2
0.204,984.5,26712.0
0.204,2051.0,49746.0
0.204,561.0,13393.0
0.204,1616.0,49908.75
0.204,1802.5,68246.5
0.204,798.0,13787.75
0.204,547.3333333333334,25998.0
0.204,1770.3333333333333,98085.33333333333
0.204,1938.0,62522.666666666664
0.204,3024.25,141436.0
0.204,1569.0,42186.0
0.204,2350.3333333333335,62454.333333333336
0.204,718.3333333333334,11215.333333333334
0.204,1066.3333333333333,20470.333333333332
0.204,3500.0,202822.0
0.204,883.0,16695.0
0.204,3500.0,139167.5
0.204,1475.6666666666667,74571.66666666667
0.204,3500.0,265362.5
0.204,2329.0,113725.25
0.204,1549.8333333333333,52014.833333333336
0.204,3500.0,191160.0
0.204,1531.0,75610.0
0.204,2397.0,101564.0
0.204,1141.0,37023.0
0.204,1817.5,107260.75
0.204,3500.0,339709.0
0.204,1608.6666666666667,104268.66666666667
0.204,1120.0,28061.25
0.204,1194.3333333333333,44461.5
0.204,2359.0,83388.5
0.204,2179.0,151205.5
0.204,784.0,34885.5
0.204,1800.0,34119.0
0.204,2949.25,84447.5
0.204,1233.0,38231.666666666664
0.204,3500.0,163615.0
0.204,2674.5,79051.5
0.204,2945.0,150584.33333333334
0.204,3500.0,142933.0
0.204,1818.0,56915.0
0.204,91.0,134.0
0.204,1881.0,69684.0
0.204,1872.0,51525.0
0.204,2464.5,156438.0
0.204,1260.0,28519.0
0.204,2814.6666666666665,113213.0
0.204,347.0,4631.0
0.204,2264.5,172126.5
0.204,3500.0,164541.0
0.204,1784.0,94113.5
0.204,2611.5,70155.5
0.204,2975.3333333333335,153923.33333333334
0.204,3500.0,236709.5
0.204,2044.5,43107.5
0.204,3500.0,144063.5
0.204,3500.0,192684.66666666666
0.204,3500.0,204019.0
0.204,2428.0,87741.66666666667
0.204,964.0,18330.5
0.204,3500.0,156677.0
0.204,1837.6666666666667,53755.333333333336
0.204,1023.0,31590.0
0.204,1875.6666666666667,60842.666666666664
0.204,644.6666666666666,20600.666666666668
0.204,1157.4,64028.2
0.204,2372.0,53580.333333333336
0.204,2700.0,98362.66666666667
0.204,2669.6666666666665,95058.33333333333
0.204,1816.0,123744.5
0.204,674.5,12436.0
0.204,3500.0,163587.0
0.204,1914.0,109929.66666666667
0.204,2126.0,131333.5
0.204,1605.3333333333333,85822.66666666667
0.204,2418.8,118097.6
0.205,722.3333333333334,22419.666666666668
0.205,1803.5,85734.5
0.205,2583.5,113571.5
0.205,1414.0,33283.0
0.205,1811.0,141364.5
0.205,980.0,20603.0
0.205,622.0,5642.0
0.205,806.5,17558.5
0.205,2433.5,40617.5
0.205,1033.0,19582.0
0.205,3500.0,77067.0
0.205,3500.0,120960.0
0.205,2912.6666666666665,118519.33333333333
0.205,1460.25,47508.0
0.205,2297.5,100191.0
0.205,1830.5,94215.0
0.205,3500.0,115715.0
0.205,2464.5,65688.5
0.205,629.0,11036.5
0.205,104.0,635.0
0.205,2291.8333333333335,104266.0
0.205,1013.0,11985.0
0.205,1475.0,28306.0
0.205,3500.0,178325.0
0.205,3500.0,245851.0
0.205,2878.8,89355.6
0.205,3500.0,126310.0
0.205,2809.0,112004.33333333333
0.205,1168.0,24881.0
0.205,1494.0,34571.0
0.205,320.0,4920.0
0.205,3500.0,211709.0
0.205,2230.0,77040.33333333333
0.205,3500.0,99573.0
0.205,1642.0,58515.0
0.205,2250.5,86862.5
0.205,1145.0,24178.0
0.205,3500.0,152260.0
0.205,2358.5,54201.5
0.205,1651.6666666666667,52282.333333333336
0.205,2888.6666666666665,80759.66666666667
0.205,3500.0,210520.0
0.205,774.0,13869.5
0.205,813.5,13082.25
0.205,2993.4,121683.0
0.205,1200.0,18062.0
0.205,1999.6666666666667,104210.33333333333
0.205,2609.0,80904.5
0.205,3500.0,93484.5
0.205,2673.5,54096.5
0.205,1242.0,37572.0
0.205,2324.5,112778.83333333333
0.205,3500.0,167120.0
0.205,587.0,3156.0
0.205,1513.0,18318.0
0.205,1783.5,110379.5
0.205,2279.5,90843.5
0.205,2277.0,95974.0
0.205,2464.5,77160.5
0.205,353.5,5165.5
0.205,1818.6666666666667,59869.333333333336
0.205,1901.4,111531.0
0.205,3500.0,196317.0
0.205,959.5,11653.0
0.205,2287.0,109240.0
0.205,2043.0,84995.5
0.205,1534.5,61983.25
0.205,1889.3333333333333,58038.0
0.205,168.0,1029.0
0.205,2282.0,93573.5
0.205,1172.0,16046.0
0.205,1181.0,27203.0
0.205,3500.0,167779.75
0.205,3500.0,126356.0
0.205,1494.25,53754.25
0.205,140.0,168.0
0.205,228.0,3416.0
0.205,3500.0,114454.75
0.205,1453.5,39340.75
0.205,659.6666666666666,11899.0
0.205,1817.5,37540.0
0.206,781.0,17154.0
0.206,1213.1666666666667,43070.833333333336
0.206,547.5,11489.0
0.206,3500.0,140784.0
0.206,3500.0,295200.0
0.206,3500.0,205051.0
0.206,3500.0,67461.0
0.206,3500.0,181705.0
0.206,2363.0,59833.0
0.206,3500.0,153019.5
0.206,2079.5,99870.5
0.206,2348.5,80636.5
0.206,2385.3333333333335,104534.33333333333
0.206,2568.0,115081.5
0.206,3500.0,231359.5
0.206,2542.5,67767.0
0.206,69.0,793.0
0.206,2506.5,146158.0
0.206,1781.0,45188.666666666664
0.206,3500.0,272261.0
0.206,1587.3333333333333,34126.333333333336
0.206,1676.6666666666667,52416.666666666664
0.206,3500.0,96718.0
0.206,1820.0,140600.0
0.206,3500.0,154661.0
0.206,1859.0,51089.666666666664
0.206,2244.2,112085.8
0.206,2343.5,86505.0
0.206,3500.0,195826.0
0.206,1630.0,47314.0
0.206,1940.25,59907.75
0.206,1192.0,24430.0
0.206,2379.0,111037.5
0.206,1849.0,44656.0
0.206,3500.0,167110.0
0.206,2921.25,99798.75
0.206,2836.3333333333335,126859.33333333333
0.206,2306.5,64009.25
0.206,1168.0,35960.0
0.206,2013.5,128476.0
0.206,1377.0,58371.0
0.206,1875.0,80731.75
0.206,1820.6666666666667,91932.33333333333
0.206,1780.0,53973.0
0.206,3500.0,246761.0
0.206,2265.1666666666665,84786.16666666667
0.206,1609.75,33777.0
0.206,3500.0,295455.0
0.206,2422.5,89877.5
0.206,2353.3333333333335,109073.33333333333
0.206,1258.0,71534.33333333333
0.206,3500.0,228398.5
0.206,3500.0,162137.5
0.206,1341.2,49480.6
0.206,2898.25,99723.75
0.206,1781.0,109282.0
0.206,104.0,106.0
0.206,59.0,569.0
0.206,3500.0,115570.66666666667
0.206,3500.0,105280.0
0.206,1537.75,26813.25
0.206,840.3333333333334,17414.333333333332
0.206,2211.6666666666665,65508.333333333336
0.206,3500.0,117554.0
0.206,3500.0,145371.0
0.206,3500.0,226519.66666666666
0.206,492.0,7010.25
0.206,2334.2,104767.2
0.206,3500.0,194143.0
0.206,3500.0,78056.0
0.206,2000.0,122568.0
0.206,2950.3333333333335,123100.33333333333
0.206,2506.5,134885.0
0.206,2655.6,107634.6
0.206,3500.0,161019.0
0.206,2380.5,62766.5
0.206,2031.0,42674.0
0.206,3500.0,70363.0
0.206,1429.0,35180.0
0.206,2818.3333333333335,170255.66666666666
0.206,859.0,23873.0
0.206,116.0,1725.0
0.206,1770.6666666666667,74322.33333333333
0.206,1854.0,90367.5
0.206,3500.0,211747.0
0.207,2872.3333333333335,117469.33333333333
0.207,2692.8,116457.4
0.207,3500.0,85298.0
0.207,2009.6666666666667,54746.333333333336
0.207,3500.0,104137.0
0.207,3500.0,111478.0
0.207,2114.75,72120.0
0.207,866.6666666666666,27189.0
0.207,2726.5,111348.0
0.207,1435.0,47568.666666666664
0.207,3500.0,129979.0
0.207,1622.75,40305.75
0.207,1179.0,42267.0
0.207,2353.6666666666665,84899.66666666667
0.207,2572.5,125624.5
0.207,2337.5,74918.0
0.207,1592.5,53334.75
0.207,2139.3333333333335,50458.333333333336
0.207,2585.6666666666665,120062.0
0.207,2463.75,132072.5
0.207,3500.0,145605.5
0.207,3500.0,182000.0
0.207,2549.5,97359.0
0.207,1917.0,58611.333333333336
0.207,1553.6666666666667,46614.833333333336
0.207,2103.25,81754.5
0.207,1073.0,21554.5
0.207,1889.5,82437.5
0.207,612.0,12865.0
0.207,134.5,160.5
0.207,1218.0,41829.0
0.207,2654.5,128900.25
0.207,1218.8,30557.8
0.207,2302.0,72502.0
0.207,248.0,2657.0
0.207,3500.0,266895.0
0.207,1877.1666666666667,73816.83333333333
0.207,2041.5,61162.125
0.207,965.0,43500.0
0.207,1833.0,59360.6
0.207,1544.0,12891.0
0.207,2710.5,43971.5
0.207,1910.5,125574.0
0.207,2323.5,80002.5
0.207,2147.3333333333335,64391.666666666664
0.207,1090.0,27218.0
0.207,804.8,22918.4
0.207,1825.0,42781.5
0.207,2896.0,162463.0
0.207,1577.5,50165.0
0.207,3500.0,121643.0
0.207,3500.0,145624.0
0.207,810.6666666666666,34445.0
0.207,1768.2,54096.6
0.207,1361.4,30585.8
0.207,62.0,551.0
0.207,1801.0,153797.0
0.207,3500.0,185587.33333333334
0.207,2473.0,94552.8
0.207,1117.0,34521.0
0.207,2316.5,77451.0
0.207,2438.4,135270.6
0.207,2283.75,104817.0
0.207,2856.25,106648.75
0.207,3500.0,251208.5
0.207,1904.5,156304.0
0.207,1764.5,71253.5
0.207,2590.5,58702.5
0.207,733.5,11028.5
0.207,1811.0,114204.0
0.207,104.0,911.0
0.207,389.0,1522.0
0.207,827.2,17732.2
0.207,1799.5,74565.5
0.207,3500.0,115379.0
0.207,1801.5,64975.0
0.207,1734.5,59201.0
0.207,2950.3333333333335,95255.66666666667
0.207,1913.5,100647.5
0.207,2406.8,93137.0
0.207,2114.75,58859.0
0.207,3500.0,131690.0
0.207,2600.3333333333335,114655.0
0.207,2065.8,58600.4
0.207,3500.0,132016.0
0.207,2003.2857142857142,92017.0
0.208,2142.0,86575.0
0.208,980.0,15836.0
0.208,2064.25,127534.25
0.208,3500.0,195599.66666666666
0.208,2259.5,124943.0
0.208,137.0,1865.0
0.208,3500.0,175875.0
0.208,757.0,13220.0
0.208,3500.0,63002.0
0.208,2324.5,158714.0
0.208,1577.75,100072.5
0.208,1429.0,30808.0
0.208,1026.0,17885.0
0.208,3500.0,139967.0
0.208,2759.75,130429.75
0.208,2086.5,117488.5
0.208,684.6666666666666,24567.666666666668
0.208,2459.0,43972.0
0.208,2893.6666666666665,115614.33333333333
0.208,2296.5,61293.0
0.208,2877.25,93728.75
0.208,3500.0,181765.0
0.208,3500.0,85812.0
0.208,3500.0,201297.0
0.208,280.0,1567.0
0.208,2252.5,55066.0
0.208,3500.0,179575.0
0.208,1307.5,43159.75
0.208,1335.3333333333333,66475.33333333333
0.208,2374.5,133376.5
0.208,765.0,29924.0
0.208,1872.5,55980.5
0.208,3500.0,277201.0
0.208,1518.6666666666667,75675.66666666667
0.208,1829.75,75494.25
0.208,3115.5,176225.0
0.208,2614.5,109211.5
0.208,3500.0,204779.25
0.208,2353.6666666666665,88814.33333333333
0.208,2254.5,120473.5
0.208,532.0,19341.0
0.208,1844.6666666666667,79237.66666666667
0.208,2003.5,62482.25
0.208,2781.6666666666665,126553.0
0.208,2590.5,130023.0
0.208,1136.0,22674.666666666668
0.208,3500.0,206368.66666666666
0.208,3500.0,176254.0
0.208,83.0,96.0
0.208,2137.5,71799.75
0.208,3500.0,106438.0
0.208,3500.0,193499.5
0.208,879.5,41353.5
0.208,3500.0,150316.0
0.208,1143.0,23066.0
0.208,2600.3333333333335,146605.0
0.208,3500.0,148340.5
0.208,1145.6666666666667,31222.666666666668
0.208,3045.25,142422.0
0.208,2039.0,57278.0
0.208,754.0,14292.0
0.208,2318.6,105359.6
0.208,3500.0,173132.0
0.208,3140.8333333333335,103121.66666666667
0.208,1849.0,63934.0
0.208,3500.0,147629.0
0.208,3500.0,169699.0
0.208,3500.0,130343.5
0.208,331.5,5719.0
0.208,3500.0,130664.0
0.208,1557.2,79012.0
0.208,2572.5,124488.0
0.208,2056.0,78116.25
0.208,102.0,3167.0
0.208,2506.5,67839.5
0.208,2455.25,90250.25
0.208,2531.3333333333335,90870.33333333333
0.208,854.0,8885.5
0.208,1760.0,29165.0
0.208,1836.5,48500.0
0.209,490.0,1567.0
0.209,1874.5,124990.0
0.209,2296.5,100869.0
0.209,642.0,13600.5
0.209,251.0,434.0
0.209,3500.0,31154.0
0.209,2349.0,96154.0
0.209,616.0,6540.0
0.209,695.0,15239.666666666666
0.209,1510.6,90623.8
0.209,3500.0,164481.0
0.209,2460.285714285714,105640.14285714286
0.209,675.5,27735.5
0.209,111.0,1350.0
0.209,211.0,288.0
0.209,2128.5,53530.0
0.209,1603.0,46167.0
0.209,1513.0,20247.0
0.209,2254.5,103737.5
0.209,2949.6666666666665,135454.66666666666
0.209,3500.0,129777.0
0.209,1857.5,56864.5
0.209,1983.3333333333333,120884.33333333333
0.209,1597.0,39327.0
0.209,2437.0,74321.5
0.209,2905.0,144811.33333333334
0.209,3500.0,202073.0
0.209,1674.0,40076.0
0.209,3500.0,116372.0
0.209,2569.5,75738.0
0.209,1064.6666666666667,27424.333333333332
0.209,3500.0,245842.0
0.209,1573.5,35206.0
0.209,2982.25,146194.5
0.209,2689.0,104071.66666666667
0.209,2241.0,85170.33333333333
0.209,1957.0,78725.0
0.209,560.5,2651.0
0.209,3500.0,103085.0
0.209,3500.0,382340.0
0.209,2165.0,47138.666666666664
0.209,1387.0,33329.0
0.209,1465.6666666666667,56317.0
0.209,1090.0,21475.0
0.209,2029.3333333333333,94740.33333333333
0.209,2701.75,112166.0
0.209,872.0,9975.0
0.209,3500.0,172588.0
0.209,949.3333333333334,34664.0
0.209,1214.0,9374.0
0.209,622.0,8916.25
0.209,3500.0,267919.0
0.209,1849.0,49455.0
0.209,673.0,16141.0
0.209,559.0,15305.0
0.209,1300.0,29914.0
0.209,2203.3333333333335,111216.0
0.209,1156.0,25296.5
0.209,1495.3333333333333,65077.666666666664
0.209,754.5,14560.5
0.209,2411.3333333333335,70662.33333333333
0.209,1176.0,26642.333333333332
0.209,1121.5,25172.5
0.209,274.0,2660.0
0.209,1750.5,71441.0
0.209,3500.0,82048.0
0.209,535.6666666666666,10403.333333333334
0.209,1220.0,33859.0
0.209,2226.0,97857.0
0.209,3500.0,145475.5
0.209,1346.0,41403.0
0.209,109.0,624.0
0.209,3500.0,129346.5
0.209,2489.5,57181.75
0.209,668.6666666666666,13210.666666666666
0.209,566.0,1399.0
0.209,2357.3333333333335,116151.0
0.209,2345.0,125241.0
0.209,1804.5,135491.5
0.209,1565.0,40576.0
0.209,1058.5,22889.0
0.209,2395.0,82642.5
0.209,2079.1666666666665,101937.66666666667
0.21,1355.0,12236.0
0.21,1103.0,53370.0
0.21,1781.0,121013.5
0.21,3500.0,169520.0
0.21,344.25,5666.75
0.21,2226.5,60313.0
0.21,2407.0,142429.5
0.21,1874.4,100686.2
0.21,2817.0,145024.33333333334
0.21,1348.0,36477.0
0.21,1762.6666666666667,64622.666666666664
0.21,2068.3333333333335,74204.33333333333
0.21,2380.5,69398.5
0.21,3500.0,283041.0
0.21,1321.0,64261.0
0.21,1639.0,76361.0
0.21,3119.3333333333335,130374.33333333333
0.21,610.5,7230.0
0.21,3500.0,280828.0
0.21,3500.0,105563.0
0.21,2294.75,56564.0
0.21,1531.0,27232.0
0.21,1764.3333333333333,16619.0
0.21,1798.0,71725.5
0.21,2669.6666666666665,78482.66666666667
0.21,2064.75,100570.5
0.21,2389.6,90000.4
0.21,2039.2,78144.8
0.21,2645.25,50395.75
0.21,210.0,2996.0
0.21,2296.5,122612.5
0.21,71.5,313.5
0.21,2631.0,124856.0
0.21,3500.0,61155.0
0.21,3500.0,204475.5
0.21,930.5,11449.5
0.21,1772.0,98241.0
0.21,532.0,5768.0
0.21,3500.0,40228.0
0.21,2160.0,91980.5
0.21,2404.5,118284.5
0.21,2362.0,79990.66666666667
0.21,1872.0,53961.0
0.21,3500.0,222116.0
0.21,3500.0,234490.0
0.21,3500.0,58040.0
0.21,3500.0,118546.0
0.21,1361.3333333333333,34118.0
0.21,1186.0,31674.0
0.21,757.0,24583.0
0.21,1236.5,28160.5
0.21,894.5,9750.5
0.21,1540.25,80194.0
0.21,339.0,1245.0
0.21,1659.0,46160.8
0.21,1191.5,9782.0
0.21,2687.3333333333335,120216.33333333333
0.21,2691.0,162743.66666666666
0.21,737.0,9510.0
0.21,1317.25,67993.25
0.21,2729.75,102230.25
0.21,1906.5,25835.0
0.21,1360.25,45077.0
0.21,2433.0,136179.5
0.21,1688.75,83372.75
0.21,2356.6666666666665,73022.66666666667
0.21,3500.0,213224.0
0.21,1915.1666666666667,96826.66666666667
0.21,2271.0,75169.5
0.21,3500.0,138766.0
0.21,3075.25,127859.0
0.21,1160.0,32465.0
0.21,981.0,14843.333333333334
0.21,1462.0,57955.0
0.21,699.5,14935.0
0.21,2161.5,75503.5
0.21,2783.0,107100.66666666667
0.21,2675.3333333333335,116211.33333333333
0.21,3500.0,128863.0
0.21,3500.0,176150.0
0.21,1513.0,28167.0
0.21,440.5,15678.5
0.21,892.0,17613.666666666668
0.21,1870.0,76047.0
0.21,2604.5,84509.5
0.21,1699.1666666666667,65820.66666666667
0.211,2761.0,111052.0
0.211,3500.0,108430.5
0.211,3500.0,211163.0
0.211,2196.75,72192.25
0.211,3500.0,212737.0
0.211,3500.0,91750.0
0.211,1429.0,38860.0
0.211,2215.2,66341.8
0.211,2059.75,60316.0
0.211,1974.75,58199.25
0.211,2336.0,163728.0
0.211,3500.0,192923.0
0.211,3500.0,273375.0
0.211,1855.0,28685.0
0.211,1009.0,15052.0
0.211,2374.75,82115.75
0.211,2601.0,106887.5
0.211,3500.0,111557.5
0.211,3500.0,101090.0
0.211,836.5,22482.0
0.211,1748.625,45717.25
0.211,3500.0,210497.0
0.211,3500.0,282247.0
0.211,1733.3333333333333,68188.0
0.211,2017.0,78612.0
0.211,1518.0,31556.666666666668
0.211,1055.0,14170.0
0.211,2494.0,117546.66666666667
0.211,1547.0,56098.333333333336
0.211,2615.0,117436.0
0.211,1536.0,65352.0
0.211,3500.0,164419.66666666666
0.211,2166.0,44149.0
0.211,2106.5,79601.0
0.211,2655.75,100702.75
0.211,140.0,232.0
0.211,2033.25,81303.0
0.211,757.0,19009.0
0.211,1783.5,117546.5
0.211,3500.0,160802.0
0.211,1247.0,28057.0
0.211,1809.5,35587.0
0.211,3500.0,230285.0
0.211,3500.0,194283.0
0.211,1345.0,37351.0
0.211,1971.6,60077.2
0.211,2259.0,95577.4
0.211,1472.0,25447.75
0.211,3500.0,185797.0
0.211,1030.0,18743.5
0.211,2368.3333333333335,118264.0
0.211,1178.0,8185.0
0.211,2386.5,71513.75
0.211,1780.5,54349.5
0.211,1275.0,32449.5
0.211,1225.6666666666667,42708.0
0.211,3500.0,155322.0
0.211,2012.5,45670.5
0.211,2154.0,47423.666666666664
0.211,1984.6666666666667,88838.33333333333
0.211,415.0,4272.666666666667
0.211,561.6666666666666,19828.666666666668
0.211,2050.3333333333335,99353.0
0.211,1389.0,18006.0
0.211,3500.0,75243.5
0.211,3500.0,101596.0
0.211,2428.5,72072.5
0.211,1967.5,42930.75
0.211,2002.0,69118.8
0.211,2270.8333333333335,104050.5
0.211,3017.4,142020.2
0.211,1052.0,20729.0
0.211,599.0,13645.0
0.211,1310.5,23330.0
0.211,1261.0,25023.5
0.211,2004.6666666666667,59139.0
0.211,3500.0,148241.33333333334
0.211,1371.0,32828.0
0.211,3500.0,253774.0
0.211,1793.5,63417.0
0.211,1757.25,92126.75
0.211,734.3333333333334,19975.666666666668
0.211,1008.3333333333334,14823.0
0.211,3500.0,120845.0
0.211,2104.3333333333335,87263.33333333333
0.211,3500.0,225160.0
0.211,1029.0,15412.0
0.211,1781.0,39990.0
0.211,3500.0,165748.2
0.212,2360.5,71471.5
0.212,2584.2,109688.8
0.212,1898.6666666666667,80953.0
0.212,2427.0,81513.5
0.212,1140.5,37270.0
0.212,2385.0,117879.5
0.212,1933.0,46738.0
0.212,1239.6666666666667,42948.333333333336
0.212,3500.0,292969.0
0.212,765.0,24795.0
0.212,2150.25,71856.25
0.212,2697.6666666666665,78706.0
0.212,2599.0,86351.5
0.212,2533.8,131159.2
0.212,2711.3333333333335,121451.66666666667
0.212,2244.75,123465.5
0.212,1144.5,23545.5
0.212,2006.5,80050.375
0.212,3500.0,102114.0
0.212,2882.0,85735.66666666667
0.212,1141.5,17341.0
0.212,2781.6666666666665,100281.66666666667
0.212,62.0,557.0
0.212,1930.5,152061.5
0.212,3500.0,212913.0
0.212,2017.0,41445.0
0.212,1429.0,57946.0
0.212,3500.0,188980.25
0.212,2732.6666666666665,144116.0
0.212,2474.3333333333335,130678.33333333333
0.212,1192.5,20364.0
0.212,1098.0,28926.0
0.212,2070.2,67920.4
0.212,818.0,13530.333333333334
0.212,2175.3333333333335,54471.0
0.212,3500.0,169386.0
0.212,2379.0,131188.33333333334
0.212,1124.75,27835.0
0.212,1152.0,31728.0
0.212,1707.75,95950.75
0.212,3500.0,154415.0
0.212,1770.6666666666667,108444.16666666667
0.212,1574.5,32128.75
0.212,2982.25,126155.0
0.212,1789.5,27894.5
0.212,3500.0,186470.0
0.212,3500.0,147030.0
0.212,109.0,115.0
0.212,3500.0,40761.0
0.212,1957.3333333333333,90052.66666666667
0.212,3500.0,154513.0
0.212,3500.0,95985.0
0.212,1749.1666666666667,43134.666666666664
0.212,3500.0,277559.0
0.212,2421.4,105050.6
0.212,1527.8,36150.8
0.212,2296.5,59781.5
0.212,2157.6666666666665,122059.16666666667
0.212,2668.75,122556.25
0.212,1384.75,38071.25
0.212,2364.75,73519.25
0.212,2659.25,177890.75
0.212,1262.5,27353.0
0.212,1090.0,26330.0
0.212,162.0,262.0
0.212,259.0,1720.5
0.212,2242.5,77619.0
0.212,3500.0,153831.0
0.212,1577.5,38346.5
0.212,2356.25,121603.5
0.212,1096.0,31977.0
0.212,3500.0,164025.0
0.212,953.75,27877.0
0.212,3500.0,118623.5
0.212,3500.0,224826.5
0.212,1093.0,86229.0
0.212,1401.0,50969.0
0.212,1441.0,32417.666666666668
0.212,1060.0,23632.0
0.212,567.0,7425.0
0.213,1419.75,45530.5
0.213,1250.0,48929.5
0.213,2506.5,109099.0
0.213,2781.6666666666665,130369.0
0.213,1422.0,30226.0
0.213,2248.0,98269.0
0.213,1301.5,32272.5
0.213,2380.5,124314.0
0.213,2694.0,83539.75
0.213,2416.75,85391.5
0.213,2511.8333333333335,131229.66666666666
0.213,285.0,4219.0
0.213,1951.142857142857,89420.42857142857
0.213,2913.75,117293.0
0.213,2623.0,141000.0
0.213,2440.0,64415.0
0.213,2400.5,91719.75
0.213,2064.3333333333335,95845.33333333333
0.213,1984.5,46192.0
0.213,2138.6666666666665,114407.33333333333
0.213,2296.5,34491.5
0.213,3500.0,93675.0
0.213,1379.2,55938.4
0.213,1261.0,17705.0
0.213,2712.0,89787.5
0.213,109.0,2919.0
0.213,3500.0,220089.0
0.213,1096.0,24257.0
0.213,3500.0,104277.0
0.213,1796.5,104705.5
0.213,2949.6666666666665,139750.33333333334
0.213,2587.0,52292.5
0.213,1006.0,18764.75
0.213,2758.5,72785.5
0.213,1213.0,35227.0
0.213,2422.5,80336.5
0.213,1237.6666666666667,75465.33333333333
0.213,1444.6666666666667,60829.666666666664
0.213,369.5,3103.5
0.213,3500.0,171828.5
0.213,1673.2,39041.8
0.213,3500.0,119025.0
0.213,954.0,18503.5
0.213,2839.6666666666665,107344.66666666667
0.213,445.0,8687.0
0.213,1714.6666666666667,85749.33333333333
0.213,2014.0,195218.0
0.213,3500.0,246367.0
0.213,3500.0,83082.0
0.213,78.0,1247.0
0.213,1884.0,119401.0
0.213,2052.1666666666665,55472.333333333336
0.213,2757.6,92020.2
0.213,1498.75,60154.0
0.213,381.0,1800.0
0.213,631.5,15784.0
0.213,1006.0,8295.0
0.213,3500.0,253678.0
0.213,3500.0,56186.0
0.213,1572.0,26900.0
0.213,1039.0,13994.0
0.213,3500.0,191363.0
0.213,1719.3333333333333,49057.0
0.213,2260.3333333333335,107863.33333333333
0.213,3500.0,73061.0
0.213,3500.0,295649.0
0.213,1104.5,19975.5
0.213,3018.6,160382.0
0.213,265.0,440.0
0.213,2642.8,141495.6
0.213,3005.6666666666665,161668.33333333334
0.213,1283.6666666666667,41856.0
0.213,1426.5,46457.5
0.213,1850.0,63647.0
0.213,1963.0,72758.75
0.213,1039.0,14001.0
0.213,2337.5,102869.5
0.213,3500.0,186317.0
0.213,2407.6666666666665,109290.0
0.213,2378.4,114076.6
0.213,1223.3333333333333,21141.0
0.213,923.5,32286.0
0.213,2361.0,75968.5
0.213,1222.5,40450.0
0.214,1950.3333333333333,111621.33333333333
0.214,994.4,27771.8
0.214,3041.0,141071.8
0.214,1026.3333333333333,37850.666666666664
0.214,800.0,29899.0
0.214,381.5,1896.0
0.214,552.0,16633.0
0.214,1513.0,20113.0
0.214,1146.3333333333333,47959.5
0.214,2783.6666666666665,98012.0
0.214,182.0,3305.5
0.214,2697.6666666666665,99319.33333333333
0.214,3500.0,221802.0
0.214,1226.6666666666667,48379.0
0.214,1609.0,73335.66666666667
0.214,2938.5,97444.25
0.214,2170.5,95506.5
0.214,470.0,3719.0
0.214,2739.8,117156.0
0.214,1943.6666666666667,44918.666666666664
0.214,3500.0,126245.0
0.214,669.0,12627.25
0.214,967.0,15227.5
0.214,1967.3333333333333,77953.5
0.214,2284.0,88849.0
0.214,2781.6666666666665,107104.66666666667
0.214,1953.0,41743.0
0.214,2104.0,139412.0
0.214,2895.75,129494.5
0.214,1354.6666666666667,40330.0
0.214,1247.0,51376.666666666664
0.214,699.5,12086.5
0.214,66.0,693.0
0.214,1769.0,78146.0
0.214,1989.0,50684.833333333336
0.214,3500.0,150028.0
0.214,669.0,8219.5
0.214,2122.0,108345.33333333333
0.214,495.0,4041.0
0.214,3108.25,110044.0
0.214,3500.0,158777.0
0.214,1799.0,65015.666666666664
0.214,2372.5,95378.0
0.214,2547.0,120216.75
0.214,1884.5,68269.0
0.214,3500.0,127421.0
0.214,2253.0,140411.5
0.214,3500.0,162910.0
0.214,3500.0,121872.0
0.214,715.5,16745.0
0.214,3085.8,131744.4
0.214,1801.5,67629.0
0.214,1698.0,58425.0
0.214,2164.6666666666665,62428.333333333336
0.214,1832.25,76724.75
0.214,3500.0,150021.0
0.214,1131.0,47637.5
0.214,2553.6666666666665,120250.66666666667
0.214,1873.0,83308.0
0.214,1102.0,14099.5
0.214,3500.0,163364.0
0.214,2260.5,113022.5
0.214,2767.5,48220.5
0.214,847.0,17031.5
0.214,3500.0,83298.66666666667
0.214,1618.75,73363.5
0.214,3500.0,127303.0
0.214,2038.6666666666667,42223.666666666664
0.214,2422.5,77986.0
0.214,809.5,28749.75
0.214,1838.0,82703.66666666667
0.214,2239.5,77453.75
0.214,648.0,6266.0
0.214,2898.25,166252.5
0.214,2669.6666666666665,136919.33333333334
0.214,2082.3333333333335,78598.33333333333
0.214,1827.0,32127.5
0.214,3500.0,115731.0
0.214,2255.5714285714284,74793.71428571429
0.214,2716.5,133982.0
0.214,3500.0,208216.5
0.214,3500.0,137032.0
0.214,1177.0,19627.5
0.214,2716.5,71700.5
0.214,1429.0,15278.0
0.214,1984.0,36488.333333333336
0.215,3500.0,107997.0
0.215,3500.0,185756.33333333334
0.215,2878.25,165897.25
0.215,2862.2,115234.4
0.215,1681.0,58117.0
0.215,3500.0,185097.0
0.215,1556.0,20182.333333333332
0.215,3500.0,305918.0
0.215,441.0,13558.0
0.215,1783.0,88997.5
0.215,528.0,7732.5
0.215,1951.3333333333333,51956.666666666664
0.215,1715.0,42073.0
0.215,687.5,15908.5
0.215,1914.5,62787.25
0.215,1292.25,43690.0
0.215,2809.6666666666665,80279.0
0.215,532.3333333333334,25196.0
0.215,1700.1666666666667,49114.166666666664
0.215,1009.0,8827.0
0.215,3500.0,51393.0
0.215,2613.6666666666665,112370.0
0.215,1252.0,31378.333333333332
0.215,1652.25,74630.25
0.215,1429.0,25665.0
0.215,3500.0,153622.2
0.215,1219.0,29182.0
0.215,1304.0,33484.0
0.215,868.25,16905.75
0.215,2709.0,195943.66666666666
0.215,1250.0,46830.0
0.215,2317.5,139356.5
0.215,1737.3333333333333,59072.333333333336
0.215,3500.0,44189.0
0.215,2411.3333333333335,114927.66666666667
0.215,1785.0,110631.0
0.215,3500.0,176715.0
0.215,807.0,20716.25
0.215,2558.3333333333335,49513.666666666664
0.215,2273.0,59610.5
0.215,1054.3333333333333,51552.666666666664
0.215,1802.0,94425.5
0.215,1345.0,29407.0
0.215,805.0,28716.75
0.215,2403.0,64127.333333333336
0.215,1468.0,26027.5
0.215,152.5,307.0
0.215,1843.0,50427.0
0.215,3500.0,166626.0
0.215,2122.25,77986.75
0.215,3500.0,162389.0
0.215,1125.75,48925.5
0.215,2466.0,24316.5
0.215,2366.0,29342.5
0.215,1017.0,55343.0
0.215,2188.0,144736.0
0.215,2208.6666666666665,84215.0
0.215,996.0,19338.0
0.215,1803.0,109326.5
0.215,1513.0,30831.0
0.215,1870.0,88774.5
0.215,2746.3333333333335,134901.33333333334
0.215,1600.0,35991.4
0.215,810.0,25716.6
0.215,83.0,1614.0
0.215,1378.5,34708.0
0.215,3500.0,278045.0
0.215,2908.3333333333335,141833.66666666666
0.215,3500.0,269226.0
0.215,2763.3333333333335,113449.66666666667
0.215,2668.0,109377.0
0.215,1542.0,29407.0
0.215,614.0,13751.0
0.215,3500.0,139359.33333333334
0.215,196.0,370.0
0.215,1071.0,14585.0
0.215,2413.0,59460.5
0.215,914.0,28776.0
0.215,1774.0,80802.0
0.215,2795.0,148713.5
0.215,2902.0,125118.5
0.215,3500.0,138026.0
0.215,2331.5,68557.5
0.215,1340.1666666666667,40117.0
0.215,1423.0,48251.0
0.215,1703.6666666666667,47152.333333333336
0.215,3500.0,160174.5
0.215,1002.5,34214.5
0.216,3500.0,160304.0
0.216,656.0,13722.5
0.216,3500.0,176741.5
0.216,2702.6666666666665,110283.0
0.216,1101.0,38286.5
0.216,2203.0,123291.0
0.216,3500.0,214887.0
0.216,2691.6,91669.4
0.216,2053.4,55098.8
0.216,1396.25,50660.0
0.216,2319.75,109369.75
0.216,3500.0,190306.0
0.216,3500.0,232915.0
0.216,3500.0,191987.0
0.216,3500.0,204194.0
0.216,1909.6,65720.2
0.216,2175.75,66581.25
0.216,866.6666666666666,19957.0
0.216,3500.0,174065.0
0.216,1905.8,48428.8
0.216,2189.1666666666665,94824.33333333333
0.216,2525.0,98835.75
0.216,1929.0,59243.5
0.216,2768.5,156869.0
0.216,1743.6666666666667,62499.0
0.216,2060.0,41139.5
0.216,2398.5,77281.5
0.216,1538.0,18095.333333333332
0.216,2406.5,84264.5
0.216,1682.6666666666667,68334.0
0.216,843.0,17387.666666666668
0.216,3500.0,209054.0
0.216,3500.0,116375.0
0.216,899.0,14839.0
0.216,2604.4,78177.6
0.216,1160.5,22491.0
0.216,3500.0,205435.5
0.216,1345.0,42301.0
0.216,1603.0,89736.83333333333
0.216,2370.5,58479.5
0.216,2880.0,87317.25
0.216,3500.0,178064.0
0.216,2522.0,96953.5
0.216,3500.0,148172.0
0.216,2254.5,48531.0
0.216,2392.0,58569.5
0.216,3500.0,140985.0
0.216,1651.0,41784.5
0.216,1321.5,35952.0
0.216,1454.3333333333333,68265.33333333333
0.216,3500.0,196178.0
0.216,74.5,243.5
0.216,2892.75,136198.5
0.216,2442.5,103036.0
0.216,1522.2,44029.0
0.216,3500.0,75429.0
0.216,3500.0,103506.0
0.216,3500.0,194525.0
0.216,95.0,128.0
0.216,2254.5,50033.0
0.216,1328.0,31622.0
0.216,2578.5,99009.0
0.216,1429.0,29846.0
0.216,2833.8,146756.2
0.216,2296.5,129005.5
0.216,1807.5,98782.5
0.216,272.0,4485.0
0.216,2724.6666666666665,107843.33333333333
0.216,2369.6666666666665,100924.0
0.216,1200.25,48158.5
0.216,2337.5,142080.0
0.216,3500.0,73121.5
0.216,2252.0,58325.5
0.216,2357.0,146484.33333333334
0.216,1593.0,50270.666666666664
0.216,1213.0,25447.0
0.216,2250.5,130861.0
0.216,3500.0,215264.0
0.216,2047.3333333333333,54185.333333333336
0.216,3500.0,71781.0
0.217,2376.0,99555.0
0.217,1966.5,44808.5
0.217,1715.3333333333333,103860.66666666667
0.217,1009.0,22245.0
0.217,3500.0,143737.0
0.217,1183.0,37117.166666666664
0.217,2506.5,158186.0
0.217,3500.0,156909.0
0.217,119.0,1830.0
0.217,1416.3333333333333,72355.0
0.217,1018.0,14270.0
0.217,81.0,83.0
0.217,3500.0,144381.0
0.217,1958.6666666666667,67886.0
0.217,1504.0,24389.5
0.217,2296.5,99508.5
0.217,2530.0,140168.4
0.217,1676.0,41978.0
0.217,1928.1666666666667,63657.333333333336
0.217,74.0,97.0
0.217,2320.0,94725.5
0.217,2727.3333333333335,120874.0
0.217,1915.0,27757.0
0.217,1867.6666666666667,40865.333333333336
0.217,98.0,1038.0
0.217,811.6666666666666,11644.333333333334
0.217,3500.0,121807.5
0.217,1673.0,50017.0
0.217,166.0,1680.0
0.217,1879.6666666666667,84835.66666666667
0.217,1852.0,126127.0
0.217,3500.0,101453.5
0.217,2669.6666666666665,99913.33333333333
0.217,1289.0,26531.666666666668
0.217,3500.0,254708.5
0.217,1885.0,43760.0
0.217,2431.5,141712.5
0.217,3104.6666666666665,153188.66666666666
0.217,2835.25,112176.75
0.217,1431.0,46486.666666666664
0.217,2008.6666666666667,47346.666666666664
0.217,971.0,4504.0
0.217,1256.3333333333333,22067.0
0.217,2698.6666666666665,134969.66666666666
0.217,2170.6,89281.4
0.217,2781.6666666666665,104187.66666666667
0.217,3500.0,62286.0
0.217,2900.6666666666665,111072.66666666667
0.217,1257.3333333333333,77126.66666666667
0.217,3500.0,117740.33333333333
0.217,2463.5,130311.5
0.217,1506.6666666666667,103963.33333333333
0.217,868.0,29733.0
0.217,1842.5,63920.75
0.217,1503.0,43577.0
0.217,1116.0,35333.0
0.217,2359.0,101840.66666666667
0.217,2317.0,64013.4
0.217,956.0,26107.0
0.217,77.0,1308.0
0.217,1084.6666666666667,21595.333333333332
0.217,1806.0,70326.5
0.217,268.5,1772.0
0.217,3500.0,146836.0
0.217,2111.6,112071.4
0.217,2406.0,122830.0
0.217,1007.0,16338.0
0.217,1452.0,50446.0
0.217,3500.0,221654.0
0.217,1466.5,41440.0
0.217,2484.6666666666665,73140.66666666667
0.217,2294.75,45945.0
0.217,3500.0,167941.0
0.217,2690.3333333333335,80387.66666666667
0.217,1226.8,31022.2
0.217,2546.0,99798.0
0.217,673.0,13321.0
0.217,1591.1666666666667,42479.0
0.217,2264.5,117996.5
0.217,1941.6666666666667,46152.666666666664
0.217,3500.0,174904.0
0.217,1232.5,69040.0
0.218,2066.5,72642.0
0.218,1564.0,37854.6
0.218,2166.75,67825.25
0.218,990.6666666666666,19513.0
0.218,2422.5,48790.5
0.218,2817.6,183981.0
0.218,2414.0,70965.5
0.218,3500.0,235573.0
0.218,1194.5,21688.0
0.218,3009.5,173484.0
0.218,3500.0,80827.0
0.218,2810.0,76437.75
0.218,2833.75,88849.25
0.218,1575.0,19936.0
0.218,1187.5,29736.75
0.218,3500.0,72786.0
0.218,3500.0,64045.5
0.218,1496.0,38989.0
0.218,1023.0,31025.0
0.218,139.0,3768.0
0.218,3500.0,183484.5
0.218,1247.5,31254.0
0.218,919.0,15725.0
0.218,3500.0,110439.5
0.218,2613.6,117327.2
0.218,2166.5,37588.5
0.218,1854.5,80602.0
0.218,2760.25,111313.0
0.218,1494.75,46436.25
0.218,1261.0,49051.0
0.218,984.0,18948.0
0.218,2117.3333333333335,60541.333333333336
0.218,2865.6666666666665,101783.33333333333
0.218,3500.0,143125.0
0.218,714.0,6657.0
0.218,2552.2,135591.8
0.218,2680.5,103010.5
0.218,3500.0,179182.33333333334
0.218,1314.0,32127.666666666668
0.218,2275.0,92742.5
0.218,3500.0,37420.0
0.218,3500.0,215019.5
0.218,2583.0,98575.66666666667
0.218,52.0,62.0
0.218,1614.2,39542.2
0.218,3500.0,153991.0
0.218,2478.5,56501.0
0.218,1853.0,26424.5
0.218,1463.6666666666667,41170.0
0.218,750.0,7447.0
0.218,2594.5,103553.5
0.218,1923.25,88448.5
0.218,3500.0,114551.5
0.218,1774.3333333333333,113473.33333333333
0.218,2070.4,72686.6
0.218,2573.5,88734.5
0.218,3500.0,161720.5
0.218,3500.0,115696.0
0.218,3500.0,89488.66666666667
0.218,1781.0,139815.0
0.218,1213.3333333333333,30902.666666666668
0.218,2590.5,154013.0
0.218,2977.6666666666665,108895.66666666667
0.218,2738.8,125175.0
0.218,3500.0,173321.5
0.218,3137.0,153051.75
0.218,3500.0,141535.75
0.218,2231.0,83000.5
0.218,1029.0,26444.0
0.218,1800.5,49607.0
0.218,3500.0,151211.5
0.218,3500.0,316004.0
0.218,1786.25,42083.25
0.218,1055.0,23218.0
0.218,3500.0,162631.0
0.218,2310.4,70827.4
0.218,2865.6666666666665,146020.0
0.218,2570.0,89534.5
0.218,642.5,9928.5
0.218,740.5,10778.5
0.218,3500.0,129475.0
0.218,999.5,45455.5
0.218,2772.0,126325.5
0.218,3500.0,195756.5
0.219,3500.0,81550.0
0.219,1795.0,122548.5
0.219,1895.3333333333333,42253.666666666664
0.219,2499.0,142334.0
0.219,3500.0,145444.5
0.219,2548.5,82725.0
0.219,2494.5,79911.5
0.219,940.0,52196.5
0.219,1784.0,78301.5
0.219,1448.0,27429.0
0.219,2203.0,57241.0
0.219,1226.0,64358.333333333336
0.219,1093.0,29236.0
0.219,2333.6666666666665,96381.33333333333
0.219,1681.0,86337.0
0.219,1810.5,26235.0
0.219,1050.2,34963.0
0.219,2416.0,152842.33333333334
0.219,73.0,301.0
0.219,3500.0,180951.0
0.219,2463.5,59236.5
0.219,2194.25,74939.0
0.219,2499.3333333333335,108403.66666666667
0.219,1863.0,57320.0
0.219,1338.0,20341.0
0.219,2780.3333333333335,112086.33333333333
0.219,2594.8,87967.0
0.219,1171.0,23927.5
0.219,2259.0,69907.75
0.219,3500.0,159617.5
0.219,820.3333333333334,15125.0
0.219,3088.0,88256.66666666667
0.219,2212.5,135059.0
0.219,1933.0,29959.0
0.219,2409.5,54494.0
0.219,2694.5,123802.5
0.219,3500.0,152172.33333333334
0.219,3500.0,287566.0
0.219,2062.4,56083.2
0.219,1842.3333333333333,101265.66666666667
0.219,1119.0,24016.0
0.219,1787.5,128874.0
0.219,3500.0,190474.5
0.219,3500.0,159625.5
0.219,2297.3333333333335,85368.0
0.219,408.0,5006.666666666667
0.219,1274.0,39799.666666666664
0.219,2422.5,131402.5
0.219,610.75,17636.25
0.219,2735.6666666666665,144095.33333333334
0.219,1602.0,22639.0
0.219,3500.0,103985.0
0.219,3500.0,86854.0
0.219,1092.0,29304.0
0.219,2427.0,92068.0
0.219,1548.5,26548.0
0.219,2548.5,62909.5
0.219,3500.0,156961.0
0.219,1237.0,17912.0
0.219,2018.6666666666667,130672.66666666667
0.219,1621.1666666666667,56529.333333333336
0.219,345.5,3739.0
0.219,1898.6666666666667,84297.0
0.219,3500.0,159073.0
0.219,2036.0,116389.33333333333
0.219,1504.75,54953.5
0.219,1123.0,13795.0
0.219,924.5,21628.25
0.219,1314.0,53816.0
0.219,3500.0,161566.5
0.219,2060.3333333333335,88774.5
0.219,2647.0,109294.5
0.219,2772.0,150452.2
0.219,3500.0,141286.0
0.219,2274.5,56656.0
0.219,3500.0,82394.0
0.219,2383.5,105743.0
0.219,1007.0,18657.5
0.219,199.5,525.5
0.219,1599.5,34191.5
0.22,3500.0,129342.5
0.22,3500.0,212759.0
0.22,3500.0,179004.0
0.22,3500.0,120268.0
0.22,3500.0,133287.0
0.22,1674.0,77893.33333333333
0.22,2669.6666666666665,144463.33333333334
0.22,1497.5,71089.25
0.22,1343.0,50672.0
0.22,1406.5,27897.0
0.22,2355.0,91928.0
0.22,2085.5,47985.5
0.22,711.0,7903.5
0.22,1961.0,88266.0
0.22,1819.5,60205.5
0.22,2496.5,126312.5
0.22,1902.0,94021.0
0.22,1186.0,12201.0
0.22,1251.0,30900.5
0.22,2716.5,72850.0
0.22,3500.0,98795.5
0.22,3500.0,107999.0
0.22,1659.5,53269.25
0.22,1651.0,39752.0
0.22,1009.0,26658.0
0.22,2296.5,39024.5
0.22,1790.5,107384.5
0.22,2368.0,110948.0
0.22,2353.5,112943.0
0.22,1753.5,59756.75
0.22,2296.5,159759.5
0.22,3500.0,152971.0
0.22,3500.0,148539.0
0.22,3500.0,114375.0
0.22,1280.6666666666667,40015.666666666664
0.22,1983.25,98091.75
0.22,2383.0,62548.0
0.22,1706.6666666666667,72806.66666666667
0.22,3500.0,148575.0
0.22,2433.4,72949.6
0.22,1009.0,27578.0
0.22,2194.0,122724.0
0.22,1796.0,43910.0
0.22,3500.0,198290.0
0.22,1289.5,59004.5
0.22,3500.0,160574.0
0.22,1135.0,43723.5
0.22,2793.25,145369.0
0.22,2350.0,57919.0
0.22,1009.0,15593.0
0.22,1717.3333333333333,57731.333333333336
0.22,2636.6666666666665,92605.16666666667
0.22,2703.5,153540.5
0.22,2362.4,95216.8
0.22,1532.6,38343.4
0.22,2625.6666666666665,105463.66666666667
0.22,3500.0,121711.5
0.22,2366.6666666666665,128397.0
0.22,587.0,5771.0
0.22,1126.0,14127.0
0.22,1808.5,89566.5
0.22,756.0,14891.0
0.22,1992.4,62657.6
0.22,3500.0,188851.0
0.22,1530.25,44704.5
0.22,623.0,14653.0
0.22,1973.6666666666667,92698.66666666667
0.22,1390.5,56302.25
0.22,2287.5,51168.5
0.22,1882.0,60574.666666666664
0.22,1810.0,115525.5
0.22,2367.5,143989.5
0.22,1966.3333333333333,51423.333333333336
0.22,1242.0,75549.66666666667
0.22,2486.5,116130.0
0.22,3500.0,96695.0
0.22,3500.0,219166.0
0.22,3500.0,215959.0
0.22,1520.0,31442.0
0.22,1506.5,57325.0
0.22,2326.5,155544.0
0.22,3500.0,251437.0
0.22,1626.0,44248.333333333336
0.22,2043.0,57761.0
0.221,2773.3333333333335,133248.0
0.221,2741.0,132682.5
0.221,383.0,3866.0
0.221,3500.0,164257.0
0.221,563.0,12952.5
0.221,3500.0,126057.0
0.221,1271.0,22250.0
0.221,1804.5,82578.0
0.221,1015.0,37695.0
0.221,1681.0,27403.0
0.221,104.0,111.0
0.221,809.25,24525.75
0.221,577.0,5360.5
0.221,1513.0,25553.0
0.221,1625.3333333333333,29780.666666666668
0.221,1066.0,24768.0
0.221,2669.0,115601.33333333333
0.221,3500.0,211596.0
0.221,774.0,15098.5
0.221,1513.0,35472.0
0.221,2466.0,57498.5
0.221,1817.5,62702.0
0.221,1439.0,24854.0
0.221,592.0,8305.0
0.221,579.5,15418.5
0.221,2249.5,84015.0
0.221,2598.0,83171.66666666667
0.221,3500.0,135879.0
0.221,3500.0,123669.5
0.221,1377.75,37853.5
0.221,1429.5,26586.0
0.221,555.0,825.0
0.221,3500.0,60049.0
0.221,1873.0,69455.0
0.221,2857.6666666666665,150360.66666666666
0.221,1171.25,48045.0
0.221,2071.5,72534.75
0.221,1103.5,31065.0
0.221,3500.0,261370.0
0.221,1665.0,54388.0
0.221,1870.3333333333333,79811.0
0.221,528.0,1397.0
0.221,2520.0,91766.5
0.221,3500.0,122025.5
0.221,2829.3333333333335,141074.33333333334
0.221,2638.5,109504.5
0.221,1580.6666666666667,33495.333333333336
0.221,1252.3333333333333,30771.666666666668
0.221,2759.3333333333335,137999.0
0.221,3500.0,111964.0
0.221,2108.0,75576.0
0.221,1497.6666666666667,37284.0
0.221,2590.5,119701.0
0.221,3500.0,189121.0
0.221,3500.0,112864.0
0.221,3500.0,53350.333333333336
0.221,2344.5,99009.5
0.221,1828.8,75649.8
0.221,1200.5,36000.5
0.221,1744.0,34981.0
0.221,3500.0,107208.0
0.221,799.5,15018.25
0.221,1319.0,28323.5
0.221,2060.0,104636.0
0.221,2519.5,100748.5
0.221,1800.0,94604.33333333333
0.221,2385.5,60188.0
0.221,3500.0,49137.0
0.221,597.5,12035.5
0.221,1258.0,14572.0
0.221,1320.0,30535.5
0.221,1259.0,12847.0
0.221,2252.5,104703.5
0.221,3500.0,189224.33333333334
0.221,2756.0,114055.0
0.221,2464.5,45927.0
0.221,1009.0,20513.0
0.221,3500.0,90029.0
0.221,1978.0,87806.5
0.221,1262.3333333333333,56701.666666666664
0.221,1267.0,27268.0
0.221,1093.0,59810.0
0.221,3500.0,122252.5
0.221,1300.5,17909.5
0.221,3500.0,153134.0
0.221,3500.0,157604.4
0.221,933.6666666666666,14499.333333333334
0.222,2448.5,105926.5
0.222,1653.6666666666667,86513.33333333333
0.222,2054.0,110269.5
0.222,545.0,5161.666666666667
0.222,1812.0,62309.0
0.222,1128.75,23812.5
0.222,2610.5,125902.0
0.222,2877.0,132777.0
0.222,3500.0,92539.5
0.222,928.0,18677.0
0.222,1635.8,59667.2
0.222,1533.0,47118.666666666664
0.222,3500.0,218448.0
0.222,1009.0,25175.0
0.222,977.0,22922.0
0.222,1650.3333333333333,98507.33333333333
0.222,1216.8,45335.6
0.222,696.6666666666666,14469.0
0.222,2380.5,94040.5
0.222,3500.0,130588.5
0.222,736.0,10086.0
0.222,1859.5,23909.0
0.222,3500.0,152079.33333333334
0.222,3500.0,212362.33333333334
0.222,1360.6666666666667,34958.666666666664
0.222,2222.5,58968.5
0.222,1856.2,57255.6
0.222,1742.4285714285713,67049.85714285714
0.222,853.3333333333334,10414.333333333334
0.222,1930.0,104366.14285714286
0.222,3065.5,123510.25
0.222,589.0,6946.0
0.222,1916.0,31167.0
0.222,1065.0,25603.6
0.222,2391.75,98438.75
0.222,575.5,8461.5
0.222,3500.0,123063.0
0.222,2100.0,127531.5
0.222,1452.25,62415.25
0.222,1629.0,78919.6
0.222,3500.0,162501.66666666666
0.222,2269.0,93773.5
0.222,3500.0,183622.0
0.222,3500.0,136126.0
0.222,3017.75,91184.75
0.222,2295.0,60318.5
0.222,1724.0,60251.333333333336
0.222,2526.8,128999.2
0.222,3500.0,154228.0
0.222,3500.0,246811.0
0.222,2526.3333333333335,167332.33333333334
0.222,3500.0,79734.0
0.222,1782.0,81443.0
0.222,2388.6666666666665,167349.33333333334
0.222,3500.0,84258.0
0.222,405.0,11834.2
0.222,3500.0,199386.0
0.222,3500.0,173350.0
0.222,159.0,409.0
0.222,2380.5,67279.0
0.222,1117.5,32352.5
0.222,3500.0,162417.0
0.222,2819.6666666666665,122148.66666666667
0.222,1605.0,76525.0
0.222,2697.6666666666665,146024.0
0.222,3500.0,195071.0
0.222,1984.25,42865.25
0.222,1290.3333333333333,40243.333333333336
0.222,2049.8,46969.4
0.222,3500.0,114027.5
0.222,1118.5,23077.0
0.222,2649.0,148602.75
0.222,2304.5,42264.5
0.222,3500.0,184766.0
0.222,823.5,35100.0
0.222,598.5,7309.5
0.222,2502.0,159913.5
0.222,2217.8333333333335,82538.66666666667
0.222,1520.0,88195.42857142857
0.222,757.0,7763.0
0.222,1065.0,21802.0
0.222,2310.0,109138.5
0.222,2556.0,94432.5
0.223,798.0,19458.0
0.223,3500.0,150514.5
0.223,1119.0,25347.666666666668
0.223,1846.75,66145.5
0.223,1638.0,41692.0
0.223,3500.0,87810.5
0.223,2063.3333333333335,82524.66666666667
0.223,1967.7142857142858,98134.28571428571
0.223,1683.3333333333333,56035.0
0.223,1651.25,43675.25
0.223,1540.3333333333333,74847.33333333333
0.223,744.0,18062.666666666668
0.223,1743.5714285714287,55925.42857142857
0.223,321.0,4597.0
0.223,1428.0,34724.0
0.223,1473.75,52656.75
0.223,1549.0,12749.0
0.223,2904.75,128768.5
0.223,3500.0,231749.5
0.223,2192.75,44448.5
0.223,3500.0,278912.0
0.223,919.0,23148.0
0.223,1359.0,45854.0
0.223,3500.0,50604.0
0.223,1356.0,49805.0
0.223,773.75,30914.5
0.223,2422.5,85566.0
0.223,2078.0,35372.0
0.223,2254.5,61405.5
0.223,2641.6666666666665,61937.666666666664
0.223,1514.5,54196.0
0.223,1685.0,83293.66666666667
0.223,1177.125,24369.375
0.223,3500.0,107812.0
0.223,2647.75,103901.75
0.223,1800.0,35369.75
0.223,2724.5,57838.0
0.223,3500.0,170368.0
0.223,2398.5,118493.0
0.223,2030.5,56845.75
0.223,1248.0,28778.0
0.223,572.6666666666666,8214.0
0.223,3500.0,213323.0
0.223,1847.25,66087.25
0.223,1095.25,21258.0
0.223,2977.5,97435.0
0.223,2949.0,148992.33333333334
0.223,2018.8,101026.6
0.223,2695.0,122149.5
0.223,1009.0,25611.0
0.223,524.0,14777.0
0.223,2181.0,71649.0
0.223,3500.0,136895.0
0.223,2681.0,101509.66666666667
0.223,3500.0,116290.5
0.223,1449.8,70711.4
0.223,2354.25,109995.25
0.223,3500.0,148910.5
0.223,2097.6666666666665,65694.0
0.223,847.3333333333334,12604.666666666666
0.223,1693.6666666666667,34405.0
0.223,1683.0,52418.0
0.223,1817.0,38208.333333333336
0.223,2697.6666666666665,103812.0
0.223,2252.0,135396.0
0.223,1267.0,30668.0
0.223,2683.0,112646.66666666667
0.223,2775.0,100957.0
0.223,2934.3333333333335,99826.0
0.223,1549.25,37618.75
0.223,656.5,17399.0
0.223,1613.3333333333333,75990.33333333333
0.223,1804.0,50191.333333333336
0.223,1675.6666666666667,95215.0
0.223,1521.0,54889.5
0.223,1893.0,50104.0
0.223,3500.0,156378.0
0.223,1261.3333333333333,26951.0
0.223,3500.0,219160.0
0.223,3500.0,145292.0
0.223,3500.0,147793.0
0.224,1723.6666666666667,83774.66666666667
0.224,1760.6666666666667,54895.666666666664
0.224,2663.5,84724.0
0.224,1398.5,30297.5
0.224,1079.0,29255.0
0.224,1693.5,43212.75
0.224,2668.0,144460.2
0.224,1254.0,35864.333333333336
0.224,1210.5,33938.5
0.224,2669.6666666666665,114245.33333333333
0.224,2250.8,95961.2
0.224,2569.5,117308.25
0.224,1192.5,22760.5
0.224,1936.6,95572.0
0.224,1308.5,21607.0
0.224,2121.5,84193.75
0.224,2174.6666666666665,79430.66666666667
0.224,1718.0,33704.0
0.224,2809.6666666666665,169855.33333333334
0.224,2575.25,145246.75
0.224,3500.0,289491.0
0.224,1829.0,76408.0
0.224,3500.0,228401.0
0.224,1580.3333333333333,43446.666666666664
0.224,1729.0,44834.0
0.224,1787.0,34148.0
0.224,3500.0,131129.5
0.224,1796.0,87359.5
0.224,1061.5,33204.0
0.224,3500.0,171537.5
0.224,747.0,7056.0
0.224,1548.3333333333333,47074.0
0.224,2310.5,68434.0
0.224,1718.0,57724.0
0.224,2359.5,96381.0
0.224,1213.0,32814.0
0.224,3500.0,228440.0
0.224,2895.5,98984.25
0.224,472.0,9582.0
0.224,1817.0,108328.0
0.224,1409.3333333333333,29946.0
0.224,2376.0,80795.5
0.224,1708.5,55859.25
0.224,1895.8,79122.2
0.224,1783.0,58785.666666666664
0.224,1036.5,26279.0
0.224,3500.0,224591.5
0.224,2422.5,154867.0
0.224,1058.0,17633.0
0.224,1245.5,17011.5
0.224,1789.0,132454.0
0.224,1488.6666666666667,78874.33333333333
0.224,3500.0,137301.0
0.224,999.5,25751.5
0.224,1795.5,36605.0
0.224,3500.0,241768.33333333334
0.224,2044.5,82147.0
0.224,1238.0,25524.0
0.224,2590.5,98207.0
0.224,88.0,145.0
0.224,3500.0,97157.0
0.224,3500.0,164681.0
0.224,2634.8333333333335,132300.16666666666
0.224,1398.0,27172.0
0.224,2086.5,79337.5
0.224,3500.0,288531.0
0.224,639.0,9884.0
0.224,2680.6666666666665,96671.0
0.224,2697.6666666666665,133608.33333333334
0.224,1696.0,64320.0
0.224,2561.5,92866.5
0.224,3500.0,137628.0
0.224,1591.0,25827.0
0.224,2621.5,113891.5
0.224,2475.25,104285.25
0.224,2354.6666666666665,92525.0
0.224,462.0,3074.6666666666665
0.224,337.0,4384.0
0.224,1608.25,32284.5
0.224,1690.0,32861.0
0.224,2752.0,36700.5
0.224,3500.0,103846.0
0.224,2115.6666666666665,79151.0
0.224,3500.0,105332.0
0.224,1511.0,37280.0
0.224,2464.5,53690.0
0.224,1025.0,18792.0
0.224,3500.0,156255.0
0.225,1221.3333333333333,32987.0
0.225,826.0,13046.666666666666
0.225,1667.0,54410.0
0.225,1428.0,51653.0
0.225,2809.6666666666665,162621.66666666666
0.225,1852.5,68898.25
0.225,2369.3333333333335,152867.0
0.225,1427.6666666666667,26233.666666666668
0.225,1790.25,38880.75
0.225,2473.6666666666665,82321.33333333333
0.225,1939.5,34406.0
0.225,3500.0,183101.0
0.225,918.0,11788.0
0.225,3500.0,125225.0
0.225,2340.0,50468.75
0.225,1894.25,75732.0
0.225,2002.5,115652.5
0.225,1451.0,53831.0
0.225,2048.0,48825.333333333336
0.225,648.0,25701.333333333332
0.225,416.0,6429.666666666667
0.225,2147.3333333333335,73045.33333333333
0.225,2985.6666666666665,177189.0
0.225,2360.3333333333335,101115.0
0.225,728.0,4079.0
0.225,618.5,16576.0
0.225,165.0,1602.0
0.225,1606.75,57804.0
0.225,118.0,1153.0
0.225,1846.0,39497.0
0.225,2122.25,90295.25
0.225,2010.5,114467.0
0.225,1686.75,85224.0
0.225,1515.0,41556.5
0.225,1777.6666666666667,62071.0
0.225,1783.0,68435.0
0.225,1627.0,94607.33333333333
0.225,3500.0,153587.5
0.225,874.0,14716.5
0.225,936.0,22093.0
0.225,899.5,23284.5
0.225,3065.75,128846.25
0.225,3500.0,140123.0
0.225,2257.0,170198.0
0.225,1674.25,45125.0
0.225,139.0,171.0
0.225,1555.0,37505.0
0.225,3500.0,204022.0
0.225,3500.0,72892.0
0.225,2046.6666666666667,116357.33333333333
0.225,3500.0,148422.0
0.225,3108.25,97835.5
0.225,1834.0,47508.0
0.225,3500.0,175120.0
0.225,751.0,10273.5
0.225,3500.0,144159.0
0.225,3500.0,136479.0
0.225,2356.0,52010.0
0.225,3500.0,293621.0
0.225,2343.3333333333335,54875.666666666664
0.225,954.0,11032.0
0.225,3500.0,184080.5
0.225,1849.0,47442.0
0.225,768.3333333333334,15554.333333333334
0.225,2921.0,75322.33333333333
0.225,1947.0,37148.0
0.225,1192.0,48580.0
0.225,3500.0,137005.0
0.225,3500.0,80915.0
0.225,3085.75,151387.25
0.225,811.0,15847.0
0.225,791.5,19744.5
0.225,1567.0,29739.5
0.225,803.0,19774.333333333332
0.225,2518.0,76533.5
0.225,2091.3333333333335,82406.33333333333
0.225,548.0,17983.0
0.226,1762.8333333333333,49749.166666666664
0.226,85.0,1233.0
0.226,1189.0,25104.0
0.226,1801.0,10086.5
0.226,1670.25,88458.5
0.226,1601.3333333333333,97172.0
0.226,148.0,325.0
0.226,3052.2,166596.6
0.226,2185.0,78946.66666666667
0.226,1790.0,69766.33333333333
0.226,1647.6666666666667,47199.666666666664
0.226,1487.5,37888.0
0.226,1844.0,62659.0
0.226,3500.0,142273.0
0.226,1766.5,101868.5
0.226,1261.0,21506.0
0.226,1254.3333333333333,41190.333333333336
0.226,2417.0,160159.5
0.226,2128.5,134124.5
0.226,2844.3333333333335,83473.66666666667
0.226,2128.6,48369.8
0.226,3500.0,193462.0
0.226,959.0,16338.0
0.226,2218.5,82755.0
0.226,1066.0,7460.0
0.226,481.6666666666667,7384.0
0.226,1782.5,58067.5
0.226,2781.6666666666665,108242.0
0.226,1279.8,84720.8
0.226,1676.8,46955.0
0.226,1129.0,21801.0
0.226,2617.0,112665.66666666667
0.226,1895.8,71064.4
0.226,3500.0,57875.0
0.226,3500.0,266895.5
0.226,1045.0,18699.5
0.226,2286.0,67859.0
0.226,2296.5,88473.0
0.226,3500.0,184860.0
0.226,1212.6666666666667,30378.333333333332
0.226,2627.6666666666665,56491.666666666664
0.226,3500.0,99492.5
0.226,714.5,11565.0
0.226,3500.0,146854.5
0.226,1090.0,41675.0
0.226,1653.0,52865.75
0.226,2463.5,121179.5
0.226,1937.5,61717.75
0.226,3500.0,132966.0
0.226,1180.5,15552.0
0.226,1275.6666666666667,79102.33333333333
0.226,1134.6666666666667,44220.666666666664
0.226,2141.25,121324.75
0.226,1783.0,151363.0
0.226,1236.0,29145.333333333332
0.226,1766.5,74062.5
0.226,1261.0,18532.0
0.226,3500.0,116028.0
0.226,1153.3333333333333,41021.0
0.226,2590.5,123909.5
0.226,3500.0,164659.0
0.226,3500.0,157632.5
0.226,1385.6666666666667,33996.666666666664
0.226,1863.6666666666667,69100.33333333333
0.226,2212.5,110330.5
0.226,505.0,9869.0
0.226,1513.0,14913.0
0.226,1424.0,16185.0
0.226,1800.5,53556.0
0.226,3500.0,106612.0
0.226,1261.0,41159.0
0.226,3500.0,131697.0
0.226,1801.5,60167.5
0.226,1645.1666666666667,69993.33333333333
0.226,1009.5,16397.5
0.226,1823.0,20237.5
0.226,3500.0,132843.0
0.226,862.5,22843.0
0.226,1431.0,48831.0
0.226,3500.0,214206.0
0.226,3500.0,207547.0
0.226,673.0,16215.0
0.226,3500.0,118435.0
0.226,1666.0,83730.33333333333
0.227,3500.0,167140.0
0.227,646.5,20144.5
0.227,1808.5,30091.0
0.227,3500.0,226518.0
0.227,1682.2,70721.2
0.227,1671.75,72939.5
0.227,2464.5,76726.0
0.227,1836.5,108806.5
0.227,1681.0,15738.0
0.227,2268.0,124336.0
0.227,713.6666666666666,17223.0
0.227,1634.0,112511.0
0.227,2565.6666666666665,132069.33333333334
0.227,2254.5,111715.5
0.227,3500.0,149007.5
0.227,1947.0,22191.666666666668
0.227,1293.6666666666667,37643.333333333336
0.227,1492.0,63839.666666666664
0.227,1177.0,29105.0
0.227,3500.0,260466.5
0.227,2837.6666666666665,103637.33333333333
0.227,1011.0,31649.333333333332
0.227,2353.0,86280.0
0.227,2930.75,130613.75
0.227,3500.0,113157.5
0.227,3500.0,168489.5
0.227,2338.6666666666665,54075.333333333336
0.227,2042.0,60467.0
0.227,1963.0,74940.0
0.227,1779.5,89604.5
0.227,1853.7142857142858,53943.57142857143
0.227,1918.0,108211.0
0.227,3500.0,277091.0
0.227,3500.0,163946.0
0.227,3500.0,176143.0
0.227,1171.25,39103.25
0.227,1145.0,23066.0
0.227,1093.5,32098.0
0.227,693.5,5355.0
0.227,2081.0,37433.0
0.227,2384.0,71288.8
0.227,1398.0,27975.666666666668
0.227,2469.5,76589.5
0.227,2570.0,185740.5
0.227,2355.0,78129.0
0.227,1747.5,85692.0
0.227,2725.6666666666665,145174.66666666666
0.227,339.3333333333333,3983.0
0.227,1817.0,34252.0
0.227,1013.0,32054.5
0.227,2189.25,118834.75
0.227,146.0,703.5
0.227,303.6666666666667,6586.333333333333
0.227,3500.0,103984.0
0.227,969.0,50206.0
0.227,2433.0,98412.42857142857
0.227,1219.5,39789.5
0.227,2548.5,53859.5
0.227,1054.0,28531.0
0.227,353.5,6840.0
0.227,2182.0,107734.0
0.227,2039.75,81262.5
0.227,2753.6666666666665,72566.66666666667
0.227,3500.0,62308.0
0.227,1849.0,73185.0
0.227,827.0,19707.5
0.227,1780.5,38075.0
0.227,2545.5,135572.5
0.227,2345.5,98584.0
0.227,2682.0,153043.0
0.227,2327.5,87509.5
0.227,2363.3333333333335,106782.66666666667
0.227,1234.0,53686.0
0.227,2294.5,119984.0
0.227,2875.25,90895.0
0.227,825.5,24201.0
0.227,1995.0,99691.5
0.227,1351.6666666666667,49620.333333333336
0.227,298.0,5419.0
0.227,3500.0,170414.0
0.227,1189.0,27235.666666666668
0.227,681.0,13003.5
0.228,2571.5,117287.5
0.228,854.0,14285.0
0.228,2166.25,83299.0
0.228,1434.0,34178.0
0.228,2457.5,92494.0
0.228,2751.25,135390.0
0.228,3500.0,273047.0
0.228,1058.0,19485.0
0.228,3500.0,162924.0
0.228,1918.5,86659.0
0.228,62.0,537.0
0.228,1645.6,52160.2
0.228,3500.0,229622.0
0.228,61.0,487.0
0.228,2453.6,79174.4
0.228,1020.25,19345.5
0.228,2128.5,128539.5
0.228,3500.0,177570.0
0.228,2753.6666666666665,167486.66666666666
0.228,2669.6666666666665,122110.0
0.228,3500.0,296645.0
0.228,2169.5,90214.25
0.228,3500.0,184463.0
0.228,49.0,75.0
0.228,3500.0,246125.0
0.228,2791.6666666666665,83934.66666666667
0.228,578.0,13064.5
0.228,2290.0,82902.5
0.228,416.5,8184.5
0.228,1623.6666666666667,64596.333333333336
0.228,1183.5,30922.0
0.228,685.0,9616.0
0.228,1326.0,23038.0
0.228,823.25,15503.75
0.228,3500.0,94923.0
0.228,1353.0,35257.0
0.228,1804.857142857143,63940.0
0.228,604.0,6730.333333333333
0.228,1825.75,89081.75
0.228,1290.0,30571.0
0.228,1706.3333333333333,67455.66666666667
0.228,2119.0,90324.625
0.228,493.0,13933.333333333334
0.228,505.0,17132.0
0.228,1681.0,57544.0
0.228,1781.0,54887.0
0.228,1185.25,18356.0
0.228,2336.5,52114.5
0.228,589.0,13012.0
0.228,2354.0,92817.66666666667
0.228,2128.5,84118.5
0.228,2357.3333333333335,117940.33333333333
0.228,2070.3333333333335,80213.0
0.228,2281.5,79262.5
0.228,2317.5,51044.0
0.228,3500.0,173550.0
0.228,1358.0,17841.0
0.228,2318.5,84749.5
0.228,441.0,6827.5
0.228,2510.75,74126.75
0.228,2275.5,138502.75
0.228,1597.0,22467.0
0.228,96.0,263.0
0.228,2689.6666666666665,135572.66666666666
0.228,78.5,316.5
0.228,1723.0,32632.0
0.228,2078.6,82548.4
0.228,2716.5,78368.0
0.228,1351.0,57180.0
0.228,2348.5,123189.5
0.228,3500.0,146173.0
0.228,3500.0,166773.0
0.228,2396.4,89479.6
0.228,676.0,9799.0
0.228,3500.0,152762.0
0.228,2160.6666666666665,72287.33333333333
0.228,1513.0,46702.0
0.228,1986.3333333333333,78044.33333333333
0.228,1098.5,29612.5
0.228,3500.0,136967.0
0.228,956.0,32881.0
0.228,754.0,21302.0
0.228,1429.0,42358.0
0.228,3500.0,140779.0
0.228,2254.5,81685.5
0.228,1752.3333333333333,104052.66666666667
0.228,1420.3333333333333,37955.0
0.229,884.0,13233.333333333334
0.229,1989.3333333333333,74537.33333333333
0.229,697.0,7936.0
0.229,1021.4,36098.0
0.229,2152.0,38037.5
0.229,2189.25,76970.25
0.229,787.0,16954.666666666668
0.229,2154.0,91233.66666666667
0.229,1652.0,63952.333333333336
0.229,1081.0,13596.0
0.229,2302.0,46711.5
0.229,988.0,66240.5
0.229,3500.0,239062.0
0.229,131.0,237.0
0.229,3500.0,260272.0
0.229,67.0,800.0
0.229,1144.5,31668.0
0.229,2041.25,91410.25
0.229,193.0,4100.0
0.229,2296.5,93638.5
0.229,2141.0,105910.0
0.229,1792.5,134171.5
0.229,2237.3333333333335,79594.0
0.229,1869.3333333333333,57339.0
0.229,3500.0,152096.0
0.229,2885.75,142193.25
0.229,2441.0,130616.0
0.229,1595.75,66107.5
0.229,1235.0,25036.0
0.229,2294.5,119202.0
0.229,1006.0,29766.0
0.229,2517.5,97709.0
0.229,2242.1666666666665,115146.66666666667
0.229,1201.0,30517.0
0.229,505.0,6161.0
0.229,3500.0,99810.0
0.229,886.0,20288.0
0.229,1864.0,54229.666666666664
0.229,526.5,7606.5
0.229,2947.25,143117.75
0.229,2254.5,102814.0
0.229,1829.6,70911.2
0.229,2539.0,82855.0
0.229,1386.0,40871.0
0.229,76.0,742.0
0.229,2464.5,140531.0
0.229,3500.0,71859.0
0.229,629.0,16310.0
0.229,2392.0,67596.0
0.229,2254.5,134373.0
0.229,580.0,18728.0
0.229,2438.0,68419.5
0.229,1619.0,87510.0
0.229,3500.0,217903.0
0.229,2435.0,79023.8
0.229,1098.0,48074.0
0.229,2365.5,90954.0
0.229,236.0,3506.0
0.229,1093.0,32346.0
0.229,1952.0,70568.33333333333
0.229,1915.4,107671.8
0.229,1330.0,15286.0
0.229,1883.3333333333333,84539.33333333333
0.229,195.0,683.0
0.229,1636.0,37738.5
0.229,3500.0,174643.0
0.229,841.5,13646.0
0.229,2380.5,75744.0
0.229,1960.5,107410.0
0.229,2212.0,71731.75
0.229,1444.0,36513.0
0.229,605.0,16278.0
0.229,1765.6666666666667,58310.0
0.229,3500.0,101251.0
0.229,1390.0,48331.0
0.229,2061.3333333333335,70743.66666666667
0.229,1245.0,15354.333333333334
0.229,668.5,7901.5
0.229,591.0,10363.0
0.229,1841.8333333333333,75482.5
0.229,1770.5,73246.25
0.229,1624.0,59442.0
0.229,1289.0,19027.333333333332
0.229,2015.0,82156.5
0.229,444.6666666666667,3799.0
0.23,3500.0,100135.0
0.23,534.0,22878.0
0.23,784.3333333333334,9553.666666666666
0.23,3500.0,106398.0
0.23,933.0,22149.333333333332
0.23,2271.5,82246.0
0.23,1527.3333333333333,66708.33333333333
0.23,597.0,12518.0
0.23,826.0,12416.0
0.23,3500.0,166979.0
0.23,411.0,5104.333333333333
0.23,1180.5,23959.0
0.23,1500.75,101956.25
0.23,1165.5,76363.75
0.23,1009.0,20426.0
0.23,1014.3333333333334,18505.333333333332
0.23,883.0,19193.0
0.23,779.5,11872.0
0.23,947.6666666666666,17911.333333333332
0.23,755.0,12911.0
0.23,2781.6666666666665,78496.0
0.23,1301.0,23646.5
0.23,3500.0,229145.0
0.23,3500.0,148460.5
0.23,532.0,13845.5
0.23,1324.0,28734.0
0.23,3500.0,195467.0
0.23,1222.0,24145.333333333332
0.23,2353.0,73728.0
0.23,3500.0,135546.0
0.23,74.0,837.0
0.23,2254.5,72057.5
0.23,449.0,19940.5
0.23,3500.0,115429.0
0.23,3500.0,179431.0
0.23,2189.75,73891.0
0.23,1731.1666666666667,71020.0
0.23,2716.5,116863.0
0.23,1815.5,132733.0
0.23,1009.0,30916.0
0.23,493.0,8463.0
0.23,717.0,9567.5
0.23,1679.2,68177.4
0.23,272.0,951.0
0.23,1361.0,21439.5
0.23,1413.25,34843.0
0.23,2371.5,36279.0
0.23,2061.5,65335.0
0.23,1028.0,38673.0
0.23,1424.0,26628.0
0.23,3500.0,107351.66666666667
0.23,2238.6,100716.8
0.23,1660.0,42768.0
0.23,557.0,25201.0
0.23,1597.0,37835.0
0.23,674.0,23835.0
0.23,1587.6666666666667,37309.333333333336
0.23,463.0,2379.0
0.23,1339.0,23412.0
0.23,2793.25,105090.0
0.23,1820.3333333333333,33946.0
0.23,1703.0,36579.0
0.23,2607.4,112096.0
0.23,1997.0,62997.5
0.23,2190.0,25019.0
0.23,1440.0,21968.0
0.23,1093.0,33700.0
0.23,1765.0,35704.5
0.23,1269.5,44885.0
0.23,1742.0,39194.0
0.23,1726.6666666666667,71970.66666666667
0.23,2833.0,56660.0
0.23,3500.0,106275.0
0.23,1321.0,25144.0
0.23,2000.5,108563.0
0.23,1583.6666666666667,72121.66666666667
0.23,2192.5,59305.0
0.23,1597.6666666666667,10689.333333333334
0.23,757.0,18146.5
0.23,1093.0,31025.0
0.23,1967.75,46360.25
0.23,2337.5,91735.0
0.23,1210.6666666666667,30649.0
0.23,3500.0,139189.0
0.23,1849.0,32750.0
0.231,1930.5,29595.5
0.231,3500.0,161962.0
0.231,2697.6666666666665,95999.0
0.231,1412.4,64281.0
0.231,757.0,9248.0
0.231,2037.6,107268.0
0.231,672.0,8152.0
0.231,1292.0,42462.666666666664
0.231,3500.0,143905.0
0.231,2481.0,48460.0
0.231,2460.6,57789.2
0.231,202.0,692.0
0.231,1910.0,99253.0
0.231,2280.0,122564.5
0.231,2311.0,116058.66666666667
0.231,305.0,6599.666666666667
0.231,99.5,113.5
0.231,2359.6666666666665,91399.66666666667
0.231,2761.6666666666665,126990.0
0.231,114.0,1665.0
0.231,2197.0,65712.0
0.231,1838.0,45562.4
0.231,1843.0,63085.0
0.231,2002.5,80848.5
0.231,2212.5,46411.5
0.231,1513.0,14592.0
0.231,628.5,11753.0
0.231,1330.5,32138.5
0.231,2832.5,87419.75
0.231,1351.6,43927.0
0.231,1261.5,36700.5
0.231,2474.5,73914.5
0.231,84.0,89.0
0.231,1105.0,27518.5
0.231,2121.3333333333335,87544.66666666667
0.231,833.0,14038.5
0.231,3500.0,179355.0
0.231,2369.6,83861.4
0.231,77.0,1112.0
0.231,1169.0,24296.0
0.231,369.0,2816.0
0.231,2505.5,92784.0
0.231,2982.6666666666665,119799.0
0.231,2647.0,43353.5
0.231,3500.0,256738.0
0.231,1781.0,48469.0
0.231,3500.0,240285.0
0.231,2577.5,66580.5
0.231,1437.0,60548.0
0.231,1018.0,7702.0
0.231,1686.0,31847.0
0.231,1849.0,31949.0
0.231,2877.25,94532.0
0.231,1331.8,51207.2
0.231,2731.3333333333335,46666.666666666664
0.231,2533.0,87683.0
0.231,773.0,9885.5
0.231,3500.0,154499.5
0.231,417.75,12267.75
0.231,1126.0,36413.0
0.231,1349.6,77591.2
0.231,1781.75,100540.5
0.231,2638.75,130229.5
0.231,2420.5,89483.75
0.231,2996.0,117074.33333333333
0.231,1528.0,34604.5
0.231,2393.0,65368.4
0.231,3500.0,224045.0
0.231,1719.3333333333333,122132.33333333333
0.231,1310.0,28563.25
0.231,1622.5,59195.25
0.231,1814.5,48112.5
0.231,1502.0,66710.25
0.231,2027.3333333333333,55753.333333333336
0.231,1793.5,37813.5
0.231,2117.5,55138.0
0.232,1078.6666666666667,17667.666666666668
0.232,2467.0,102929.0
0.232,904.0,17970.0
0.232,493.0,14087.0
0.232,1262.3333333333333,29431.0
0.232,1799.0,46577.5
0.232,1597.0,59217.8
0.232,2886.5,122081.25
0.232,546.5,11664.5
0.232,1714.6666666666667,70086.0
0.232,3500.0,214623.0
0.232,338.0,8953.0
0.232,756.5,9089.0
0.232,1647.3333333333333,42922.333333333336
0.232,1534.75,66560.25
0.232,3500.0,97549.0
0.232,1360.2,41911.6
0.232,1263.0,35633.0
0.232,1184.6666666666667,26806.0
0.232,1789.0,57877.5
0.232,1741.5,69726.5
0.232,1302.0,38125.0
0.232,1488.5,56682.0
0.232,1455.0,81182.25
0.232,1050.0,10491.5
0.232,1297.5,22157.0
0.232,279.5,6102.0
0.232,148.0,5996.0
0.232,2219.6,95705.2
0.232,1317.3333333333333,17795.333333333332
0.232,2086.5,63101.5
0.232,2116.6666666666665,66932.33333333333
0.232,1640.0,130925.0
0.232,3500.0,61295.0
0.232,1002.6666666666666,20780.0
0.232,87.0,105.0
0.232,1789.75,85425.5
0.232,1030.6666666666667,15892.333333333334
0.232,1639.0,44058.0
0.232,1094.0,17456.0
0.232,1700.0,62842.666666666664
0.232,1690.6666666666667,69720.0
0.232,3500.0,106455.0
0.232,3500.0,182642.0
0.232,3500.0,225577.0
0.232,1812.5,44105.0
0.232,1837.3333333333333,59253.666666666664
0.232,1747.0,72743.66666666667
0.232,3500.0,165312.5
0.232,1220.6666666666667,54247.333333333336
0.232,3500.0,153541.0
0.232,2086.2,68121.8
0.232,881.25,16320.0
0.232,892.0,16154.0
0.232,1017.0,38649.0
0.232,923.0,12576.5
0.232,407.0,2957.0
0.232,2407.5,77142.0
0.232,2427.0,73684.33333333333
0.232,1383.0,65295.0
0.232,1890.0,78338.0
0.232,1407.5,39293.5
0.232,3500.0,183417.0
0.232,2333.75,97499.0
0.232,1009.0,22064.0
0.232,1286.5,31070.5
0.232,3500.0,90027.0
0.232,1664.0,39178.0
0.232,2547.0,85792.0
0.232,3500.0,100413.0
0.232,3500.0,137461.0
0.232,1429.0,38012.0
0.232,2679.5,155982.5
0.232,1595.6666666666667,56405.333333333336
0.232,1752.6666666666667,40029.666666666664
0.232,2578.0,70807.0
0.232,3500.0,175904.5
0.232,1905.0,76731.5
0.232,2809.6666666666665,103576.66666666667
0.232,259.0,4201.0
0.232,3500.0,140421.0
0.233,1942.6666666666667,50843.333333333336
0.233,1331.0,24547.0
0.233,1924.0,32549.5
0.233,2392.0,91191.0
0.233,1973.0,43047.0
0.233,3500.0,95915.5
0.233,2519.5,102717.0
0.233,1649.6666666666667,40855.333333333336
0.233,1840.3333333333333,48631.0
0.233,1084.0,36162.0
0.233,349.0,6115.0
0.233,1369.6666666666667,57328.833333333336
0.233,686.6666666666666,7842.666666666667
0.233,3500.0,74822.0
0.233,1561.0,47015.5
0.233,1345.0,24770.0
0.233,1665.0,39002.0
0.233,1064.0,17002.0
0.233,3500.0,117146.0
0.233,1089.0,23071.0
0.233,1575.6666666666667,24367.333333333332
0.233,1865.5,49085.0
0.233,777.5,23832.0
0.233,1429.0,37294.0
0.233,1616.25,51717.75
0.233,1088.0,31950.666666666668
0.233,1197.5,25984.0
0.233,85.0,101.0
0.233,3500.0,33123.0
0.233,1599.0,81449.33333333333
0.233,1894.6666666666667,58597.0
0.233,1261.0,21508.0
0.233,2241.25,107157.25
0.233,1917.5,82464.5
0.233,1962.3333333333333,35375.333333333336
0.233,3500.0,154546.0
0.233,2648.0,187697.0
0.233,255.0,446.0
0.233,665.5,16392.0
0.233,1553.0,77139.33333333333
0.233,1015.0,20105.0
0.233,1313.0,15965.0
0.233,2422.5,86545.5
0.233,2700.3333333333335,110685.66666666667
0.233,1800.5,123707.5
0.233,1992.3333333333333,56408.666666666664
0.233,3500.0,206619.5
0.233,1390.0,95094.0
0.233,1647.0,49320.0
0.233,1631.75,43525.0
0.233,1701.6666666666667,45566.666666666664
0.233,2670.25,102093.75
0.233,1173.6666666666667,35229.333333333336
0.233,3500.0,137779.0
0.233,1661.5,37234.75
0.233,736.0,13817.333333333334
0.233,1430.5,40898.0
0.233,2422.5,66543.0
0.233,1511.5,46191.5
0.233,1823.0,87617.0
0.233,1978.0,31075.0
0.233,1903.5,92891.5
0.233,1389.0,39844.0
0.233,3500.0,118654.0
0.233,3500.0,178092.0
0.233,1030.5,49180.0
0.233,64.0,556.0
0.233,1340.0,15696.0
0.233,2211.5,75138.0
0.233,1267.5,34318.0
0.233,1557.25,46792.0
0.233,1410.3333333333333,30301.666666666668
0.233,699.5,27635.0
0.233,1129.0,21528.0
0.233,1415.5,53171.0
0.233,3500.0,23344.0
0.233,1441.5,39436.0
0.233,1960.5,124334.0
0.233,1199.0,67450.25
0.233,3500.0,117110.0
0.233,2189.5714285714284,47086.71428571428
0.233,164.0,1532.0
0.233,2016.0,117373.5
0.233,1376.0,35138.0
0.234,87.0,2530.0
0.234,2474.0,75822.0
0.234,66.0,751.0
0.234,1726.3333333333333,64691.0
0.234,1895.3333333333333,50287.0
0.234,1802.0,76287.0
0.234,1591.0,84728.66666666667
0.234,1519.5,32060.0
0.234,2380.5,51783.5
0.234,1093.0,23920.0
0.234,1304.5,41121.0
0.234,2422.5,60482.5
0.234,2136.25,90303.5
0.234,2043.5,121421.5
0.234,1821.6666666666667,18298.0
0.234,1429.0,26532.0
0.234,1565.6666666666667,114943.66666666667
0.234,1059.0,33711.5
0.234,2553.5,115749.5
0.234,2802.3333333333335,116821.33333333333
0.234,1575.75,37768.25
0.234,1252.5,44188.5
0.234,2691.0,62632.5
0.234,1842.0,56537.5
0.234,1765.0,38732.0
0.234,681.0,18730.5
0.234,310.0,1234.0
0.234,338.6666666666667,4547.0
0.234,169.0,872.0
0.234,1429.0,51007.0
0.234,1715.3333333333333,69895.66666666667
0.234,3500.0,115997.0
0.234,3500.0,161975.0
0.234,2236.0,97303.5
0.234,1795.0,40632.0
0.234,404.0,588.0
0.234,1840.4,101303.8
0.234,1940.5,97302.5
0.234,1268.0,37190.4
0.234,1989.75,75246.5
0.234,861.5,17975.5
0.234,1749.25,48368.75
0.234,2669.6666666666665,144116.66666666666
0.234,1101.0,11059.0
0.234,2421.5,58988.0
0.234,2780.0,72972.5
0.234,1735.5714285714287,39171.142857142855
0.234,2337.5,89829.5
0.234,662.75,7830.75
0.234,2669.6666666666665,78273.33333333333
0.234,1989.25,66048.5
0.234,2946.5,141661.0
0.234,883.0,33394.5
0.234,1415.0,70630.0
0.234,1984.3333333333333,85677.33333333333
0.234,2066.25,110859.75
0.234,554.5,11762.5
0.234,503.0,13394.0
0.234,246.0,1027.0
0.234,214.0,1089.3333333333333
0.234,2374.0,63392.0
0.234,1967.5,71963.0
0.234,621.0,10982.0
0.234,1789.5,79370.0
0.234,1688.0,58078.333333333336
0.234,2221.6666666666665,82741.33333333333
0.234,2609.5,109782.0
0.234,1636.5,93788.75
0.234,1197.0,20926.0
0.234,1608.0,32976.4
0.234,2172.5,126874.0
0.234,673.0,4020.0
0.234,2254.5,51346.5
0.234,1622.5,33157.5
0.234,1800.3333333333333,100492.0
0.234,1065.0,25537.0
0.234,1085.0,36842.75
0.234,1790.0,106600.5
0.235,1763.6666666666667,97265.66666666667
0.235,2758.5,176740.0
0.235,960.0,18428.0
0.235,2943.6666666666665,129739.33333333333
0.235,3500.0,79451.0
0.235,310.5,5680.0
0.235,2898.25,97625.75
0.235,2391.0,46861.0
0.235,1655.5,23338.5
0.235,1029.3333333333333,23926.666666666668
0.235,1379.0,18463.0
0.235,1151.3333333333333,22137.0
0.235,1009.0,21722.0
0.235,3500.0,97773.0
0.235,1429.0,29963.0
0.235,710.5,24442.5
0.235,1834.0,23608.0
0.235,2371.6666666666665,175038.66666666666
0.235,1803.2,35578.8
0.235,635.0,15743.0
0.235,1345.0,8346.0
0.235,1167.0,25411.5
0.235,1740.25,70093.75
0.235,1297.5,23271.0
0.235,1806.5,85766.0
0.235,1850.0,42917.666666666664
0.235,3500.0,166244.0
0.235,3500.0,153440.0
0.235,2226.222222222222,79111.77777777778
0.235,1078.0,14135.0
0.235,3500.0,197453.0
0.235,1881.6666666666667,48401.0
0.235,59.0,538.0
0.235,933.5,22754.0
0.235,2329.5,96822.0
0.235,1042.0,25123.333333333332
0.235,1449.0,47748.0
0.235,1429.0,38088.0
0.235,2660.25,109294.75
0.235,2636.0,120456.5
0.235,1338.6666666666667,42692.666666666664
0.235,3500.0,163730.5
0.235,1886.6,55567.0
0.235,1024.0,17547.0
0.235,1271.0,35722.333333333336
0.235,1231.0,37421.5
0.235,2367.0,167353.0
0.235,1673.6666666666667,97518.0
0.235,2044.3333333333333,70381.33333333333
0.235,1429.0,32807.0
0.235,1885.75,76493.0
0.235,1684.6666666666667,64847.0
0.235,1053.3333333333333,13918.333333333334
0.235,1553.75,46805.0
0.235,1293.5,34241.5
0.235,776.5,18755.5
0.235,3500.0,149037.0
0.235,1290.25,50783.5
0.235,1105.3333333333333,15947.0
0.235,384.0,7500.0
0.235,733.0,4801.0
0.235,3500.0,131182.0
0.235,1469.0,121146.0
0.235,2111.5,55457.5
0.235,1091.0,42837.0
0.235,1596.0,87358.66666666667
0.235,930.0,32573.0
0.235,1193.0,34614.0
0.235,1009.0,31582.0
0.235,118.0,158.0
0.235,1971.0,105270.0
0.235,1170.0,27252.0
0.235,2697.6666666666665,82785.33333333333
0.235,823.0,29475.0
0.235,1677.0,48840.666666666664
0.235,1675.0,48214.0
0.235,2554.5,71932.5
0.235,2488.0,65573.0
0.235,3500.0,170942.0
0.236,1139.0,25677.0
0.236,2532.5,141657.0
0.236,1754.0,36011.5
0.236,1400.5,51194.5
0.236,3500.0,202539.0
0.236,952.0,16379.0
0.236,1819.0,16459.5
0.236,1444.5,43326.5
0.236,1493.0,21890.0
0.236,691.5,12773.0
0.236,1878.6666666666667,44356.666666666664
0.236,1649.0,39974.666666666664
0.236,2118.0,102264.66666666667
0.236,1122.6666666666667,17262.666666666668
0.236,2403.5,57956.0
0.236,1176.0,71100.25
0.236,3500.0,115035.5
0.236,1782.0,53355.0
0.236,1135.0,26546.0
0.236,1424.8,47284.8
0.236,54.0,72.0
0.236,583.5,9154.0
0.236,2474.5,90074.25
0.236,2590.5,42479.5
0.236,291.0,619.0
0.236,2292.5,63116.0
0.236,2959.3333333333335,123044.0
0.236,944.5,24448.75
0.236,2522.5,92814.25
0.236,3500.0,125176.0
0.236,1286.0,37095.0
0.236,799.0,11480.5
0.236,1745.6666666666667,64507.666666666664
0.236,3500.0,134203.0
0.236,2384.5,87307.75
0.236,900.5,32275.5
0.236,3500.0,146508.0
0.236,451.75,7230.75
0.236,1091.0,29817.5
0.236,1463.0,30967.25
0.236,1477.0,38826.0
0.236,3500.0,111336.0
0.236,2273.0,36260.5
0.236,1626.0,38540.0
0.236,2436.5,92972.0
0.236,803.0,25954.0
0.236,750.0,5208.0
0.236,1657.3333333333333,38176.0
0.236,2008.0,94958.5
0.236,376.0,3561.0
0.236,1802.0,118638.5
0.236,1876.0,69138.0
0.236,427.5,7794.5
0.236,2056.3333333333335,84274.66666666667
0.236,1046.0,20226.0
0.236,1849.0,75598.0
0.236,1724.0,99337.33333333333
0.236,1607.75,44730.0
0.236,1179.5,40180.0
0.236,3500.0,152206.0
0.236,2608.0,39545.5
0.236,1580.5,30814.5
0.236,1335.3333333333333,38029.333333333336
0.236,2254.5,55424.5
0.236,1059.0,37833.0
0.236,1839.0,52018.0
0.236,270.0,2438.0
0.236,2445.6666666666665,61374.333333333336
0.236,3500.0,250319.0
0.236,1512.3333333333333,35770.666666666664
0.236,2999.6666666666665,104810.66666666667
0.236,2276.0,124205.5
0.236,1513.0,61663.0
0.236,1547.5,58630.0
0.237,1582.6666666666667,48899.333333333336
0.237,3500.0,132388.0
0.237,3500.0,104820.5
0.237,2632.5,78313.0
0.237,2675.5,159746.5
0.237,750.0,9194.5
0.237,1503.75,71954.75
0.237,2586.8,123861.4
0.237,3500.0,141232.0
0.237,427.5,8144.0
0.237,1666.0,55924.666666666664
0.237,838.0,19163.0
0.237,1849.0,49147.0
0.237,2296.5,53204.5
0.237,584.5,14001.0
0.237,1265.6,43628.2
0.237,1429.0,84884.0
0.237,757.0,13424.0
0.237,61.0,487.0
0.237,801.3333333333334,11779.0
0.237,318.0,4497.0
0.237,1538.4,35857.6
0.237,728.6666666666666,15077.0
0.237,77.5,434.5
0.237,3500.0,99974.0
0.237,2037.0,52296.0
0.237,1003.0,17943.0
0.237,3500.0,86580.0
0.237,2232.25,76908.5
0.237,3500.0,76451.0
0.237,1202.0,8746.0
0.237,1657.0,20903.0
0.237,1601.4,50890.2
0.237,1973.5,47746.25
0.237,730.0,7109.0
0.237,830.5,30141.0
0.237,1134.5,30104.0
0.237,2470.0,91055.0
0.237,3500.0,138586.0
0.237,1371.5,19884.5
0.237,2460.0,67798.0
0.237,1924.0,94159.33333333333
0.237,2485.0,137112.0
0.237,2131.0,71708.0
0.237,1264.3333333333333,34680.666666666664
0.237,2222.75,84517.25
0.237,764.0,14053.5
0.237,1792.25,62718.0
0.237,2651.5,154802.5
0.237,3500.0,154716.5
0.237,2746.6666666666665,123955.33333333333
0.237,1645.3333333333333,37296.333333333336
0.237,1981.0,32724.0
0.237,996.5,16731.0
0.237,287.0,4791.0
0.237,914.6666666666666,16767.333333333332
0.237,1045.4,18209.4
0.237,1468.0,67689.4
0.237,191.0,4497.0
0.237,2082.5,97924.5
0.237,1102.0,14893.0
0.237,655.0,18354.0
0.237,693.5,5286.5
0.237,1259.0,26996.5
0.237,2087.0,147127.5
0.237,2387.0,60713.0
0.237,2111.3333333333335,76378.0
0.237,1535.5,40488.0
0.237,1876.5,73620.0
0.237,1155.0,12801.0
0.237,1145.0,26220.5
0.237,2583.0,66925.5
0.237,94.0,99.0
0.237,89.0,95.0
0.237,2613.6666666666665,76084.0
0.237,1158.0,14670.0
0.237,1342.0,55957.25
0.238,1106.0,18587.0
0.238,1989.2,78324.6
0.238,870.6666666666666,16380.666666666666
0.238,3500.0,180919.0
0.238,3500.0,46275.0
0.238,822.0,22450.0
0.238,1345.0,30551.0
0.238,1345.0,29663.0
0.238,1514.5,48647.25
0.238,1933.0,99642.0
0.238,3500.0,100463.0
0.238,2296.5,59821.5
0.238,1786.0,16575.0
0.238,2484.0,93872.5
0.238,536.0,10068.5
0.238,1024.0,47538.0
0.238,3500.0,249334.0
0.238,3500.0,233557.0
0.238,1788.5,141378.0
0.238,1303.5,38970.0
0.238,3500.0,117882.0
0.238,1545.0,30244.5
0.238,1249.25,28895.75
0.238,2500.5,59630.0
0.238,2708.0,75238.0
0.238,1031.0,9266.0
0.238,1089.0,44852.0
0.238,1781.0,53381.333333333336
0.238,3500.0,172260.0
0.238,840.0,30034.666666666668
0.238,1138.5,23044.0
0.238,2315.3333333333335,63442.0
0.238,91.0,539.0
0.238,409.6666666666667,12448.0
0.238,1260.0,27098.333333333332
0.238,3500.0,184255.5
0.238,1177.0,20342.0
0.238,2456.0,87168.5
0.238,706.6666666666666,8877.0
0.238,599.0,24136.333333333332
0.238,1101.3333333333333,12867.333333333334
0.238,1345.0,20949.0
0.238,1903.0,50833.5
0.238,2644.25,123853.5
0.238,871.0,13605.5
0.238,1755.75,50703.0
0.238,1252.6666666666667,45906.333333333336
0.238,1041.6666666666667,24554.666666666668
0.238,2034.0,40133.333333333336
0.238,693.0,18896.0
0.238,1518.3333333333333,47293.333333333336
0.238,1903.0,67624.6
0.238,802.0,10030.666666666666
0.238,2304.0,69929.5
0.238,3500.0,122837.0
0.238,467.0,3790.0
0.238,2506.5,116981.5
0.238,3500.0,178966.0
0.238,2452.5,127515.0
0.238,2837.6666666666665,62667.0
0.238,1517.3333333333333,40056.666666666664
0.238,594.0,7803.5
0.238,1486.0,30404.0
0.238,1681.0,159334.0
0.238,1024.1666666666667,25201.333333333332
0.238,1374.0,34758.0
0.238,991.2,24911.4
0.238,709.0,13924.0
0.238,2304.5,51967.5
0.238,390.6666666666667,6882.333333333333
0.238,1681.0,40765.0
0.238,2061.0,72447.75
0.238,3500.0,265006.0
0.238,1231.6666666666667,27519.0
0.238,1429.0,16632.0
0.238,1007.3333333333334,19471.0
0.238,1383.6666666666667,24161.666666666668
0.238,3500.0,291397.0
0.238,3500.0,111084.0
0.238,895.0,18875.0
0.238,3500.0,138358.5
0.238,1177.0,22516.0
0.238,1601.25,44272.5
0.238,3500.0,97375.0
0.239,1397.0,42542.0
0.239,1645.0,25436.0
0.239,1060.0,28514.666666666668
0.239,767.0,16708.0
0.239,555.0,12056.5
0.239,1992.3333333333333,65205.333333333336
0.239,1146.5,29267.5
0.239,2344.0,81062.66666666667
0.239,742.0,14047.0
0.239,1838.0,68084.0
0.239,791.0,12148.0
0.239,1955.6666666666667,95438.66666666667
0.239,1386.0,51492.0
0.239,1497.0,31623.5
0.239,349.5,7805.75
0.239,3500.0,132488.0
0.239,1345.0,22641.0
0.239,1766.0,71366.66666666667
0.239,2548.5,110849.0
0.239,1995.0,86675.0
0.239,1600.8,50201.0
0.239,3500.0,181305.5
0.239,1233.0,13435.0
0.239,1052.5,25271.0
0.239,1530.0,56111.75
0.239,2093.0,49802.5
0.239,3500.0,177543.0
0.239,1602.6,63238.2
0.239,3500.0,204159.0
0.239,3500.0,166332.0
0.239,1093.0,43281.0
0.239,2669.6666666666665,134561.0
0.239,932.75,19826.75
0.239,1081.0,34558.0
0.239,2063.25,68399.75
0.239,85.0,812.0
0.239,1597.0,54261.0
0.239,1675.3333333333333,29514.333333333332
0.239,1840.25,70134.5
0.239,1282.0,39321.0
0.239,77.0,1132.0
0.239,3500.0,133628.0
0.239,858.75,16516.25
0.239,637.5,16737.5
0.239,237.0,3790.0
0.239,2258.0,149076.5
0.239,1216.0,26163.0
0.239,1799.5,30273.5
0.239,1258.0,22390.0
0.239,3500.0,226021.0
0.239,76.0,97.0
0.239,3500.0,200103.0
0.239,1547.0,89892.25
0.239,178.0,2755.0
0.239,2152.5,105018.75
0.239,1869.5,43179.0
0.239,1099.0,12527.0
0.239,1621.25,74969.75
0.239,1869.8,81061.0
0.239,1282.0,36364.0
0.239,1153.0,39012.0
0.239,861.0,11819.5
0.239,882.5,16359.75
0.239,1074.0,5891.0
0.239,1245.5,28910.0
0.239,2286.5,71235.5
0.239,935.5,8471.5
0.239,3500.0,214890.0
0.239,3500.0,73179.0
0.239,2333.0,64070.5
0.239,1854.6666666666667,50670.666666666664
0.239,3500.0,74742.0
0.24,1207.0,76584.0
0.24,1692.6666666666667,46121.333333333336
0.24,2777.0,118541.33333333333
0.24,1228.0,32699.5
0.24,449.75,3821.0
0.24,2669.2,151616.8
0.24,2005.0,44880.666666666664
0.24,2296.5,33249.0
0.24,1626.6666666666667,71508.66666666667
0.24,2053.0,65330.666666666664
0.24,647.0,7439.0
0.24,921.0,28812.0
0.24,2353.3333333333335,101492.66666666667
0.24,1197.0,18805.0
0.24,3500.0,133937.0
0.24,3500.0,95195.0
0.24,2296.5,91606.5
0.24,1775.0,58178.0
0.24,2000.0,79041.66666666667
0.24,535.5,14053.5
0.24,1403.0,64512.0
0.24,969.5,14210.0
0.24,2677.3333333333335,115149.33333333333
0.24,2360.0,117107.0
0.24,843.5,17610.5
0.24,3500.0,214393.5
0.24,546.0,8852.0
0.24,1324.5,28305.5
0.24,1117.0,18012.0
0.24,2263.0,144438.0
0.24,3500.0,60785.0
0.24,992.6666666666666,20549.333333333332
0.24,1009.0,43677.0
0.24,1181.0,18009.0
0.24,1415.0,48000.0
0.24,1053.0,12700.0
0.24,2548.5,62451.5
0.24,71.0,1143.0
0.24,2012.0,21367.0
0.24,1597.0,40062.0
0.24,2440.0,55737.5
0.24,757.0,18289.0
0.24,849.6666666666666,10125.333333333334
0.24,1342.6666666666667,31898.0
0.24,2954.0,110094.0
0.24,107.0,109.0
0.24,3500.0,201859.0
0.24,1902.0,57104.5
0.24,1261.0,19478.0
0.24,3500.0,181619.0
0.24,2216.0,125491.5
0.24,1245.5,22584.0
0.24,2494.5,45966.0
0.24,1765.0,37973.0
0.24,3500.0,177709.0
0.24,727.0,16664.5
0.24,2656.0,125305.75
0.24,1112.0,25456.0
0.24,1015.0,26079.0
0.24,1179.6666666666667,28462.666666666668
0.24,1915.0,63560.25
0.24,377.0,3081.5
0.24,794.0,11462.5
0.24,863.25,24607.0
0.24,1844.3333333333333,55320.666666666664
0.24,1489.0,24015.0
0.24,3500.0,170865.0
0.24,1984.3333333333333,74077.33333333333
0.24,1681.6666666666667,54369.666666666664
0.24,1426.25,36162.0
0.24,1129.0,19428.0
0.24,1578.0,35075.0
0.24,2631.5,87432.0
0.24,1038.0,18788.0
0.24,1107.0,23361.0
0.24,1068.5,32388.75
0.24,1268.0,27742.5
0.241,2650.0,119054.5
0.241,890.75,24337.75
0.241,741.0,20749.0
0.241,3500.0,83522.0
0.241,1719.75,30536.5
0.241,918.0,26300.0
0.241,262.0,2002.0
0.241,1204.5,31173.75
0.241,3500.0,174321.0
0.241,1364.0,18771.5
0.241,1609.0,48344.666666666664
0.241,716.5,14955.0
0.241,2481.5,86684.0
0.241,1674.0,72799.66666666667
0.241,1279.0,33011.0
0.241,815.0,13025.0
0.241,1475.0,42458.0
0.241,1552.0,24074.0
0.241,1634.0,77210.0
0.241,825.5,10451.5
0.241,1029.0,9802.5
0.241,1458.6666666666667,55079.666666666664
0.241,389.0,8748.0
0.241,2323.5,47028.5
0.241,2363.0,94776.75
0.241,3500.0,148542.0
0.241,1377.0,50369.666666666664
0.241,1954.5,51866.0
0.241,2797.6666666666665,158240.66666666666
0.241,1290.5,30665.5
0.241,872.0,28571.5
0.241,1835.3333333333333,102022.33333333333
0.241,819.75,19641.75
0.241,1455.5,43574.5
0.241,1848.0,98799.0
0.241,2480.5,63033.5
0.241,1093.0,21022.0
0.241,525.0,5237.0
0.241,1398.0,23575.0
0.241,1291.5,43410.0
0.241,2464.5,76841.0
0.241,2009.0,120741.0
0.241,3500.0,173497.0
0.241,1441.75,67741.25
0.241,1641.0,25002.75
0.241,2700.0,141506.0
0.241,2208.5,119686.0
0.241,3500.0,56022.0
0.241,1933.0,35349.0
0.241,97.0,111.0
0.241,953.75,19697.25
0.241,3500.0,266463.0
0.241,1259.25,35066.25
0.241,2506.5,101475.5
0.241,67.0,849.0
0.241,775.5,16880.0
0.241,1368.75,63702.0
0.241,1799.0,22794.0
0.241,1930.2,66265.6
0.241,3500.0,138969.5
0.241,3500.0,142353.0
0.241,240.0,2281.5
0.241,1931.0,28366.0
0.241,1676.3333333333333,75366.66666666667
0.241,2371.5,75923.5
0.241,1794.5,38298.0
0.241,1753.6666666666667,68216.33333333333
0.241,3500.0,161514.5
0.241,3500.0,155988.5
0.241,1694.75,50526.5
0.241,1765.0,31770.0
0.241,1580.0,28083.0
0.241,1263.0,24386.666666666668
0.241,908.0,12068.0
0.241,2348.1666666666665,74407.5
0.241,418.5,4775.0
0.241,1556.0,30946.5
0.241,1157.6666666666667,23696.333333333332
0.241,3500.0,182471.5
0.241,1345.0,21503.0
0.241,3500.0,270678.5
0.241,2070.3333333333335,56065.333333333336
0.241,1272.5,42461.0
0.241,1093.0,28122.0
0.241,1522.0,42458.5
0.241,1063.3333333333333,23753.0
0.241,3500.0,177040.0
0.242,1479.0,21353.0
0.242,1388.0,39785.0
0.242,1597.0,51131.5
0.242,2366.0,73625.85714285714
0.242,3500.0,135648.0
0.242,2748.0,95615.0
0.242,1093.0,35843.0
0.242,3500.0,39780.0
0.242,2657.0,121566.5
0.242,62.0,597.0
0.242,349.5,2911.0
0.242,2288.5,67284.5
0.242,93.0,100.0
0.242,1471.0,17456.5
0.242,1371.0,23341.0
0.242,250.0,613.0
0.242,717.0,10086.5
0.242,1078.5,23058.0
0.242,64.0,637.0
0.242,2128.5,46267.5
0.242,93.0,1188.0
0.242,904.6666666666666,16919.0
0.242,1043.5,26297.0
0.242,417.0,1337.0
0.242,448.0,5710.0
0.242,801.5,21649.5
0.242,333.5,1166.0
0.242,445.5,4433.5
0.242,1322.3333333333333,36384.666666666664
0.242,1059.0,7169.0
0.242,2046.0,52073.5
0.242,2252.5,87002.0
0.242,1230.0,27868.5
0.242,963.8,21507.6
0.242,1686.6666666666667,77529.33333333333
0.242,1673.6666666666667,42506.333333333336
0.242,2031.0,22538.0
0.242,3500.0,110847.0
0.242,1040.6666666666667,13428.333333333334
0.242,469.5,2107.5
0.242,2590.5,140566.5
0.242,1451.0,37632.5
0.242,2488.5,167640.5
0.242,2781.6666666666665,173822.66666666666
0.242,885.5,14690.0
0.242,1093.0,12011.0
0.242,421.6666666666667,4300.333333333333
0.242,721.5,22393.5
0.242,3500.0,159350.0
0.242,3500.0,106917.0
0.242,1536.0,21261.0
0.242,493.0,4586.0
0.242,3500.0,185014.0
0.242,1406.5,30238.5
0.242,1487.2,44405.2
0.242,916.0,57999.0
0.242,491.3333333333333,16935.0
0.242,2551.3333333333335,58037.0
0.242,148.5,832.5
0.242,1790.1666666666667,81136.16666666667
0.242,2420.5,165149.5
0.242,2103.0,81874.5
0.242,1901.3333333333333,78940.33333333333
0.242,1046.0,12621.0
0.242,1619.75,32664.5
0.242,2212.0,59635.333333333336
0.242,1968.0,81684.0
0.242,3500.0,205169.0
0.242,2744.3333333333335,119327.66666666667
0.242,3500.0,116777.0
0.242,2745.3333333333335,140777.33333333334
0.242,860.0,23482.666666666668
0.242,118.0,2496.0
0.242,1597.0,45426.0
0.242,720.0,10713.0
0.242,2359.0,134603.5
0.242,1784.5,28617.5
0.242,1000.0,17346.0
0.242,171.0,5631.0
0.242,69.0,834.0
0.242,3044.0,105794.6
0.242,1876.0,57861.0
0.242,2042.6,67313.0
0.242,1429.0,19020.0
0.242,3500.0,100808.0
0.242,1187.0,28298.333333333332
0.243,906.0,25718.5
0.243,3500.0,163140.5
0.243,1795.5,31628.0
0.243,1079.5,17238.0
0.243,1843.0,75737.0
0.243,1661.0,63071.0
0.243,364.0,5521.0
0.243,2086.5,44745.0
0.243,1499.6666666666667,55244.0
0.243,74.0,79.0
0.243,3500.0,123712.0
0.243,1177.0,65427.0
0.243,3500.0,217094.0
0.243,683.0,19761.0
0.243,3500.0,155262.0
0.243,2337.5,65911.0
0.243,2809.0,85144.66666666667
0.243,1009.0,18105.0
0.243,1920.0,90142.25
0.243,460.0,16393.0
0.243,2342.5,85666.5
0.243,2758.5,81713.0
0.243,1514.0,19881.0
0.243,1767.25,44344.0
0.243,1954.75,79074.5
0.243,824.0,15929.5
0.243,2159.25,101856.25
0.243,2073.0,23972.0
0.243,2296.5,93172.0
0.243,1443.6666666666667,48396.0
0.243,756.0,22817.5
0.243,438.0,9396.666666666666
0.243,1762.3333333333333,57701.666666666664
0.243,1250.0,41686.0
0.243,459.25,4584.0
0.243,2590.5,64416.0
0.243,1524.0,36806.0
0.243,1264.6666666666667,21654.666666666668
0.243,921.3333333333334,24635.666666666668
0.243,3500.0,122181.0
0.243,1493.0,27423.0
0.243,3500.0,100534.0
0.243,1093.0,24960.0
0.243,1075.0,24346.0
0.243,1110.0,22289.0
0.243,1747.6666666666667,96721.33333333333
0.243,945.0,27149.5
0.243,2280.5,102365.5
0.243,710.0,12348.666666666666
0.243,1073.6666666666667,29137.666666666668
0.243,1963.5,95786.0
0.243,838.0,27777.5
0.243,103.0,575.0
0.243,1232.0,43316.0
0.243,2420.5,74413.0
0.243,799.0,7470.0
0.243,1401.0,36600.666666666664
0.243,1282.5,42259.5
0.243,1471.0,62176.0
0.243,1345.0,40786.5
0.243,1780.5,78315.0
0.243,2383.5,120759.75
0.243,673.0,7809.0
0.243,1914.0,41457.0
0.243,1071.5,25497.5
0.243,617.0,23748.0
0.243,1424.0,68791.5
0.243,250.0,335.0
0.243,1082.0,26920.0
0.243,196.0,1943.0
0.243,996.5,21336.0
0.243,813.5,9698.0
0.243,3500.0,141155.0
0.243,1517.6666666666667,42470.666666666664
0.243,1342.0,44382.0
0.243,1112.0,15374.0
0.243,1328.0,33876.0
0.243,1261.0,33067.0
0.243,1933.0,53078.0
0.243,1838.0,29844.333333333332
0.243,99.0,692.5
0.243,891.5,21989.0
0.243,1796.5,97157.0
0.244,1394.0,16804.0
0.244,325.0,1386.0
0.244,131.0,1198.0
0.244,274.0,2833.0
0.244,1505.0,34137.333333333336
0.244,116.5,660.5
0.244,1597.0,36389.0
0.244,1875.0,46590.5
0.244,686.6666666666666,5158.666666666667
0.244,1863.2,59165.4
0.244,1143.0,38421.0
0.244,2746.0,132729.66666666666
0.244,1647.0,120584.0
0.244,181.5,749.0
0.244,879.3333333333334,12440.0
0.244,1927.0,30374.0
0.244,371.0,5817.0
0.244,1071.75,24804.0
0.244,1833.3333333333333,66064.0
0.244,3500.0,259529.0
0.244,393.0,5001.0
0.244,1266.5,35076.0
0.244,986.75,16097.5
0.244,3500.0,97232.0
0.244,3500.0,272848.0
0.244,436.0,9664.0
0.244,1330.0,48629.0
0.244,1643.4,27273.2
0.244,2359.5,119578.0
0.244,2419.6666666666665,153401.0
0.244,1079.5,33033.5
0.244,2464.5,68006.0
0.244,925.0,24447.0
0.244,966.0,21761.5
0.244,118.0,1058.0
0.244,409.5,3796.5
0.244,1251.0,6618.0
0.244,1471.75,50026.75
0.244,1305.6666666666667,33309.333333333336
0.244,1261.0,22322.0
0.244,1780.5,83908.0
0.244,2464.5,76275.0
0.244,786.3333333333334,25501.333333333332
0.244,1146.0,38736.5
0.244,1177.0,42919.0
0.244,757.0,13605.0
0.244,101.0,1416.0
0.244,2810.6666666666665,97179.33333333333
0.244,2044.5,92171.0
0.244,1473.0,49332.0
0.244,1117.0,33256.2
0.244,1553.0,31821.0
0.244,1374.3333333333333,14991.333333333334
0.244,3500.0,184207.0
0.244,2002.6666666666667,89360.66666666667
0.244,3500.0,122219.0
0.244,1477.0,26899.0
0.244,3500.0,232143.0
0.244,3500.0,112679.0
0.244,1657.0,29558.0
0.244,1345.0,38445.5
0.244,1790.5,161834.5
0.244,3500.0,161791.0
0.244,1790.6666666666667,34107.0
0.244,665.5,7651.0
0.244,1787.0,42800.5
0.244,1229.0,18560.0
0.244,1002.0,36288.0
0.244,1868.75,67721.75
0.244,3500.0,180748.0
0.244,161.0,2383.0
0.244,2711.3333333333335,122129.33333333333
0.244,967.0,32652.0
0.244,750.6666666666666,9129.666666666666
0.244,374.0,7322.0
0.244,535.0,13784.5
0.244,925.0,33408.0
0.244,3500.0,181186.5
0.244,1362.0,68528.0
0.244,1873.0,38694.5
0.244,2194.5,58996.0
0.244,1765.0,36728.0
0.244,1280.0,26687.0
0.244,1531.3333333333333,56165.666666666664
0.245,1549.0,25320.0
0.245,807.0,10379.0
0.245,2679.0,108417.66666666667
0.245,1464.0,32621.5
0.245,1939.5,71448.0
0.245,354.0,5080.0
0.245,460.0,5537.5
0.245,836.3333333333334,16475.0
0.245,790.0,11938.666666666666
0.245,1484.75,67612.0
0.245,203.0,246.0
0.245,118.0,1094.0
0.245,1429.0,52748.0
0.245,1715.75,63345.25
0.245,2395.5,117478.5
0.245,3500.0,136899.0
0.245,3500.0,138728.0
0.245,1088.0,19315.5
0.245,99.0,128.0
0.245,1195.0,20363.5
0.245,1765.0,70785.0
0.245,1297.0,15596.0
0.245,1093.0,18967.0
0.245,616.0,3282.5
0.245,364.0,4077.0
0.245,1365.0,20864.0
0.245,1150.0,10012.0
0.245,167.5,1567.5
0.245,686.5,7548.5
0.245,544.6666666666666,21573.0
0.245,1075.0,35312.0
0.245,2020.2,128042.6
0.245,791.0,14459.0
0.245,1283.6666666666667,38807.0
0.245,1385.4,37040.6
0.245,1693.5,29959.166666666668
0.245,2086.5,86949.5
0.245,577.0,11720.0
0.245,1197.0,21582.0
0.245,2186.5,60119.0
0.245,3500.0,162288.0
0.245,2422.5,67797.5
0.245,1683.0,49653.0
0.245,2359.0,73962.0
0.245,80.0,1138.0
0.245,966.0,20660.0
0.245,3500.0,138100.0
0.245,605.75,9560.5
0.245,145.0,1221.0
0.245,1850.0,22683.0
0.245,1798.0,85927.0
0.245,3500.0,184367.33333333334
0.245,2254.5,88551.16666666667
0.245,787.75,19135.75
0.245,1045.0,32782.0
0.245,1018.5,22580.75
0.245,1367.2,41166.0
0.245,2837.6666666666665,75626.33333333333
0.245,1360.2,41862.6
0.245,661.0,24286.0
0.245,3500.0,205054.0
0.245,2402.25,104538.25
0.245,2772.6666666666665,84259.0
0.245,957.5,32709.5
0.245,754.0,11405.0
0.245,898.0,23184.5
0.245,1307.0,16305.0
0.245,1716.5,48099.5
0.245,1073.8,12557.8
0.245,386.3333333333333,9331.0
0.245,1562.75,62028.75
0.245,69.0,695.0
0.245,1471.0,39171.0
0.245,1007.0,25108.0
0.245,3500.0,99759.0
0.245,617.0,8123.0
0.245,1074.0,46445.0
0.246,1811.0,40705.0
0.246,3500.0,79252.0
0.246,2669.6666666666665,83521.33333333333
0.246,3500.0,76045.0
0.246,1776.25,59377.75
0.246,1127.0,58006.0
0.246,1513.0,21487.0
0.246,1792.5,73265.0
0.246,750.3333333333334,15810.666666666666
0.246,1083.5,13821.25
0.246,1509.5,40300.0
0.246,2004.0,86286.0
0.246,77.0,100.0
0.246,99.0,105.0
0.246,2667.0,127826.33333333333
0.246,392.0,9768.333333333334
0.246,1959.5,55234.0
0.246,1979.3333333333333,56594.0
0.246,771.0,15444.0
0.246,3500.0,246274.0
0.246,1146.3333333333333,37815.0
0.246,1259.0,22520.0
0.246,1017.0,24553.0
0.246,573.0,12055.0
0.246,549.0,10079.0
0.246,852.5,25094.5
0.246,664.0,21992.0
0.246,1074.6666666666667,26370.333333333332
0.246,1019.0,16864.0
0.246,425.0,3245.0
0.246,1005.6666666666666,20478.666666666668
0.246,1658.3333333333333,46914.0
0.246,2605.0,111842.0
0.246,1357.6,37284.8
0.246,539.0,17450.0
0.246,1540.75,40192.5
0.246,689.6666666666666,18151.666666666668
0.246,1295.3333333333333,30926.0
0.246,1356.0,30800.6
0.246,3500.0,239129.0
0.246,319.3333333333333,4521.0
0.246,2949.6666666666665,121224.66666666667
0.246,1887.6666666666667,65213.666666666664
0.246,1070.3333333333333,43651.333333333336
0.246,775.3333333333334,22182.0
0.246,869.5,19185.25
0.246,1038.0,20066.0
0.246,1427.0,20517.0
0.246,2476.0,162108.5
0.246,1064.0,107815.0
0.246,2743.0,109622.33333333333
0.246,1246.0,24251.0
0.246,1978.0,51584.333333333336
0.246,63.0,451.0
0.246,600.0,19628.0
0.246,1582.6666666666667,62075.333333333336
0.246,988.5,21402.5
0.246,2429.0,38893.0
0.246,1091.0,24438.0
0.246,1556.0,66366.0
0.246,1170.0,23139.5
0.246,162.0,1544.0
0.246,757.0,27623.0
0.246,1261.0,8513.0
0.246,1849.0,39766.0
0.246,766.5,24369.0
0.246,1202.0,24239.5
0.246,292.0,5720.0
0.246,505.0,4797.0
0.246,610.0,23892.0
0.246,1097.0,32697.0
0.246,137.0,1404.0
0.246,2326.0,84731.5
0.246,1178.5,29311.0
0.246,2982.25,109912.25
0.246,2716.5,57454.0
0.246,1019.0,21185.0
0.246,1161.0,28961.0
0.246,1177.0,40870.0
0.246,2686.0,85126.5
0.246,1864.75,41548.75
0.246,1261.0,26350.0
0.247,725.0,16774.5
0.247,1943.0,32802.0
0.247,1633.2,58972.2
0.247,2261.0,149796.5
0.247,2977.6666666666665,168880.0
0.247,1075.0,17329.0
0.247,1558.0,36516.5
0.247,1043.0,25398.5
0.247,482.5,4034.5
0.247,1009.0,28919.0
0.247,1683.6,43233.0
0.247,1764.6666666666667,61125.666666666664
0.247,3500.0,226411.0
0.247,1765.0,66235.0
0.247,504.0,5588.0
0.247,991.0,16665.5
0.247,76.0,92.0
0.247,3500.0,62419.0
0.247,1883.6666666666667,80443.66666666667
0.247,2421.5,152941.0
0.247,2296.5,102789.0
0.247,3500.0,184449.0
0.247,1837.5,72868.75
0.247,1620.3333333333333,50243.833333333336
0.247,1168.0,32717.0
0.247,1631.5,46644.5
0.247,842.5,11875.0
0.247,1626.75,50364.25
0.247,221.0,5783.0
0.247,928.0,12659.0
0.247,1971.0,50769.666666666664
0.247,1349.0,28263.0
0.247,757.0,34107.0
0.247,450.0,5813.0
0.247,1469.0,36179.0
0.247,1426.5,26899.5
0.247,129.0,1714.0
0.247,933.0,28754.0
0.247,1519.0,20999.0
0.247,925.0,26780.0
0.247,1132.5,25650.0
0.247,2293.0,97658.0
0.247,843.4,13881.2
0.247,2253.0,29454.0
0.247,1638.5,38667.75
0.247,1534.2,41958.8
0.247,2509.3333333333335,127933.0
0.247,1153.5,24406.5
0.247,3500.0,147720.0
0.247,3500.0,142891.0
0.247,2062.0,87830.0
0.247,2020.5,66483.5
0.247,1093.0,18873.0
0.247,3500.0,179853.0
0.247,1595.0,35216.0
0.247,3500.0,196034.0
0.247,3500.0,124317.0
0.247,1046.5,38167.5
0.247,1250.5,43801.5
0.247,1876.8333333333333,84451.66666666667
0.247,1789.0,92950.4
0.247,1789.0,66666.5
0.247,1389.0,14379.0
0.247,2254.5,58531.0
0.247,2337.0,91068.5
0.247,1999.0,111796.0
0.247,1154.0,21295.0
0.247,1925.6,56763.0
0.247,1792.5,144116.0
0.247,644.5,3678.25
0.247,2354.5,120192.0
0.247,939.3333333333334,35795.0
0.247,2215.75,62142.5
0.247,3500.0,233664.5
0.247,3500.0,69121.0
0.247,1787.0,48134.5
0.247,2254.0,89206.5
0.247,1428.0,34846.0
0.247,2352.0,104119.5
0.247,1894.8333333333333,71927.33333333333
0.248,1468.0,22486.0
0.248,1475.5,41058.5
0.248,3500.0,186905.0
0.248,2779.0,96121.5
0.248,3500.0,124889.0
0.248,2118.5,79059.0
0.248,1670.6666666666667,101957.33333333333
0.248,3500.0,63854.0
0.248,2452.6666666666665,108465.0
0.248,1988.0,57614.0
0.248,1616.0,19598.0
0.248,2415.5,68530.5
0.248,960.0,33001.0
0.248,678.5,10587.0
0.248,68.0,86.0
0.248,107.0,168.0
0.248,2456.0,41381.5
0.248,2278.4,89035.6
0.248,2174.5,121398.0
0.248,335.0,4799.0
0.248,2490.5,163068.0
0.248,3500.0,115676.0
0.248,3500.0,77348.0
0.248,2443.0,44654.0
0.248,881.5,13055.5
0.248,616.0,18309.5
0.248,513.5,9622.5
0.248,940.0,14771.0
0.248,1133.0,16412.0
0.248,1672.0,38703.0
0.248,97.0,163.0
0.248,124.0,1690.0
0.248,1547.0,46490.333333333336
0.248,897.0,15966.666666666666
0.248,1829.75,40669.5
0.248,1219.0,33347.5
0.248,1552.5,51699.0
0.248,3500.0,140455.5
0.248,3500.0,115367.0
0.248,1675.3333333333333,41892.666666666664
0.248,63.0,707.0
0.248,543.0,11243.0
0.248,1928.6,57331.8
0.248,1739.0,33497.0
0.248,425.5,19314.5
0.248,2338.5,97262.25
0.248,1846.0,33627.0
0.248,1051.0,24205.5
0.248,463.3333333333333,3819.3333333333335
0.248,1933.0,43884.0
0.248,1345.0,20605.0
0.248,1114.0,27335.5
0.248,713.6666666666666,16197.333333333334
0.248,3500.0,193601.5
0.248,1888.5,133778.5
0.248,714.5,21759.5
0.248,1177.0,35220.0
0.248,1960.5,95931.5
0.248,1770.0,66484.33333333333
0.248,548.0,6722.0
0.248,1304.5,25162.0
0.248,1020.6666666666666,12527.333333333334
0.248,754.5,21492.0
0.248,846.5,10513.0
0.248,1474.0,34732.0
0.248,709.0,8374.5
0.248,1674.0,26702.0
0.248,483.0,10414.0
0.248,1271.3333333333333,19950.0
0.248,673.0,7186.0
0.248,1568.0,59631.0
0.248,629.75,12554.5
0.248,3500.0,279484.0
0.248,3500.0,151865.0
0.248,574.25,6193.75
0.248,2336.5,86116.0
0.248,3500.0,213451.0
0.248,2192.0,79872.33333333333
0.248,1186.0,16151.0
0.249,1207.0,21269.333333333332
0.249,2231.3333333333335,85469.33333333333
0.249,936.0,25976.0
0.249,436.3333333333333,9632.333333333334
0.249,1716.0,53722.0
0.249,1009.0,14407.0
0.249,2396.0,123095.33333333333
0.249,3500.0,137791.0
0.249,1031.5,15934.0
0.249,2338.5,75690.5
0.249,2197.8,68755.4
0.249,55.0,534.0
0.249,2712.5,53551.0
0.249,1076.5,12464.5
0.249,582.5,21690.5
0.249,2304.0,26304.0
0.249,1633.5,86282.75
0.249,1086.5,23455.75
0.249,603.0,8093.0
0.249,2435.5,66315.5
0.249,1087.0,20480.0
0.249,141.0,2284.0
0.249,1569.0,22078.0
0.249,2844.0,123316.75
0.249,1107.0,24152.5
0.249,3500.0,165255.0
0.249,1930.5,68220.0
0.249,762.6666666666666,18358.0
0.249,1116.6,27579.0
0.249,1677.0,61607.75
0.249,3500.0,118521.0
0.249,1176.5,35650.0
0.249,3500.0,175556.0
0.249,3500.0,212438.0
0.249,1062.0,21029.333333333332
0.249,1123.0,30455.0
0.249,1191.0,74064.0
0.249,3500.0,78178.0
0.249,1267.0,42236.0
0.249,903.5,17803.0
0.249,1093.0,43979.0
0.249,78.0,830.5
0.249,1060.5,19587.5
0.249,2670.5,90372.0
0.249,1634.0,71478.33333333333
0.249,1030.0,16815.0
0.249,639.0,12158.5
0.249,746.0,41243.0
0.249,1885.5,108929.5
0.249,1304.0,55250.0
0.249,1804.5,73099.5
0.249,1732.5,78127.5
0.249,3500.0,108827.0
0.249,717.0,13057.0
0.249,1559.3333333333333,17428.666666666668
0.249,947.5,35267.5
0.249,1175.0,35873.0
0.249,2267.5,111788.0
0.249,1493.0,52788.0
0.249,3500.0,135977.0
0.249,61.0,460.0
0.249,103.0,110.0
0.249,1988.0,50450.0
0.249,2548.5,139194.5
0.249,967.0,17596.0
0.249,1009.0,39690.0
0.249,757.3333333333334,15711.0
0.249,1261.0,9574.0
0.249,898.0,18436.5
0.249,2514.5,79274.5
0.249,1187.75,38950.0
0.249,1125.0,83092.5
0.249,204.0,601.0
0.249,3500.0,182564.0
0.249,1172.0,52893.0
0.249,1320.0,31159.5
0.249,89.0,100.0
0.249,3500.0,70944.0
0.249,1012.0,24503.0
0.249,1391.0,26774.5
0.249,1013.3333333333334,15678.0
0.249,1372.0,32042.0
0.249,1537.5,51113.0
0.25,2026.0,82000.0
0.25,1105.0,39684.0
0.25,833.2,24410.4
0.25,3500.0,122347.0
0.25,1831.0,93613.5
0.25,1728.6666666666667,108366.0
0.25,1710.6666666666667,83809.33333333333
0.25,1143.6666666666667,28813.0
0.25,1050.0,14321.0
0.25,736.5,16739.0
0.25,440.0,13801.0
0.25,1293.5,34170.5
0.25,1093.0,19804.0
0.25,1525.6666666666667,56243.0
0.25,1263.6666666666667,31771.666666666668
0.25,3022.75,108596.5
0.25,1729.5,91154.25
0.25,1919.4,61761.6
0.25,976.3333333333334,32671.666666666668
0.25,703.5,16474.5
0.25,1214.0,27807.5
0.25,114.0,137.0
0.25,1098.5,32424.0
0.25,1796.5,26815.0
0.25,295.0,7586.5
0.25,216.0,1854.0
0.25,1516.2,39024.2
0.25,1557.0,58294.0
0.25,3500.0,153467.0
0.25,1096.5,30269.5
0.25,655.0,5536.0
0.25,2115.3333333333335,57357.666666666664
0.25,138.0,1855.0
0.25,1062.0,24498.5
0.25,1054.0,10021.0
0.25,1877.0,40843.0
0.25,1944.3333333333333,59071.666666666664
0.25,1429.0,23095.0
0.25,3500.0,121944.0
0.25,475.0,2679.0
0.25,1570.6666666666667,42245.666666666664
0.25,1840.4,89537.2
0.25,1923.0,73471.0
0.25,874.0,13966.0
0.25,1559.0,16561.0
0.25,1684.6666666666667,95592.0
0.25,3500.0,128289.0
0.25,1133.0,15052.0
0.25,1415.0,59225.333333333336
0.25,2128.5,36381.0
0.25,1173.25,27198.0
0.25,1071.6666666666667,33188.0
0.25,1093.0,28189.0
0.25,399.5,6019.5
0.25,1321.0,15229.0
0.25,1193.8333333333333,35469.666666666664
0.25,1926.0,75978.0
0.25,363.5,11867.0
0.25,3500.0,123246.0
0.25,1448.6,39944.0
0.25,1261.0,65781.0
0.25,3500.0,106583.0
0.25,272.0,1616.0
0.25,248.0,4281.0
0.25,1343.0,35166.0
0.25,415.0,8767.0
0.25,472.6666666666667,2643.6666666666665
0.25,2403.0,89226.0
0.25,2720.1666666666665,87395.16666666667
0.25,2632.5,87461.5
0.25,3500.0,197318.0
0.25,3500.0,68215.0
0.25,1679.6666666666667,40842.0
0.25,1043.0,20645.5
0.25,757.0,14867.0
0.25,656.0,15966.0
0.25,1680.0,85357.0
0.25,3500.0,125268.25
0.25,3500.0,192031.0
0.25,842.75,28679.25
0.25,1581.25,61752.0
0.251,2074.6666666666665,49893.0
0.251,80.0,1165.0
0.251,1816.5,38473.5
0.251,1083.0,36373.0
0.251,1177.0,16166.0
0.251,255.0,514.0
0.251,3500.0,154356.0
0.251,1429.0,16131.0
0.251,1619.5,50090.5
0.251,796.75,14416.5
0.251,644.5,19191.0
0.251,1233.0,23681.0
0.251,1421.0,30451.0
0.251,1305.3333333333333,36009.0
0.251,1960.5,49214.0
0.251,1752.0,14682.0
0.251,3500.0,161806.0
0.251,1191.5,41013.5
0.251,1540.0,36050.0
0.251,3500.0,182301.0
0.251,1803.0,20579.666666666668
0.251,1526.0,74551.33333333333
0.251,1946.0,70994.66666666667
0.251,270.0,356.0
0.251,927.6,34498.6
0.251,891.5,10726.0
0.251,1086.6666666666667,44550.666666666664
0.251,1687.4,75596.8
0.251,1690.2,50658.2
0.251,1590.5,32372.5
0.251,687.2,14404.6
0.251,1933.0,59701.0
0.251,1605.5,50037.75
0.251,712.0,10293.5
0.251,1812.0,25524.5
0.251,1512.25,77091.75
0.251,1345.0,22187.0
0.251,1345.0,35737.0
0.251,2441.0,154514.33333333334
0.251,1462.0,14841.0
0.251,135.0,389.0
0.251,757.0,17324.0
0.251,1341.0,29820.5
0.251,765.6666666666666,16068.0
0.251,1392.5,16474.5
0.251,623.6666666666666,13607.0
0.251,64.0,562.0
0.251,709.0,4447.5
0.251,813.5,24840.25
0.251,1053.3333333333333,18729.333333333332
0.251,3500.0,129920.5
0.251,3500.0,97415.0
0.251,1261.0,34980.0
0.251,1333.8333333333333,39572.0
0.251,976.0,29489.666666666668
0.251,570.0,20781.5
0.251,3500.0,224575.0
0.251,2559.6,113257.8
0.251,3500.0,241458.0
0.251,1792.5,99271.5
0.251,1106.5,44769.0
0.251,333.5,4786.5
0.251,1238.0,26247.0
0.251,1644.0,76875.0
0.251,2331.0,82927.33333333333
0.251,1575.5,28803.0
0.251,939.0,24941.0
0.251,2366.0,74963.0
0.251,646.5,7146.0
0.251,1607.0,44836.6
0.251,1009.0,18154.0
0.251,2204.0,88466.0
0.251,555.0,7615.0
0.251,1293.25,44835.25
0.251,1681.0,29890.0
0.251,1453.0,32394.4
0.251,1523.75,45688.5
0.251,1219.0,84844.0
0.251,1809.0,72772.66666666667
0.252,1085.0,15110.0
0.252,2588.0,58175.0
0.252,3500.0,132555.0
0.252,973.5,24173.0
0.252,1354.0,69052.0
0.252,1531.8,71721.6
0.252,3500.0,234118.0
0.252,767.3333333333334,16673.0
0.252,3500.0,65286.0
0.252,2381.5,85763.5
0.252,1200.0,26745.0
0.252,1084.0,24434.0
0.252,1379.0,41583.0
0.252,1623.0,85930.66666666667
0.252,866.0,46669.5
0.252,2145.3333333333335,64277.333333333336
0.252,139.0,1807.0
0.252,1296.0,29604.0
0.252,587.5,16477.0
0.252,773.0,17368.5
0.252,611.5,14967.5
0.252,3500.0,97974.0
0.252,776.0,15642.5
0.252,2440.0,85471.0
0.252,2310.5,98280.0
0.252,1123.3333333333333,17934.333333333332
0.252,1355.3333333333333,27620.0
0.252,586.0,8874.5
0.252,743.5,16779.0
0.252,1332.0,41077.333333333336
0.252,1640.5,72970.5
0.252,421.0,13048.0
0.252,2626.0,89141.0
0.252,81.0,1594.0
0.252,3500.0,181398.5
0.252,2669.0,128645.33333333333
0.252,1461.0,38003.5
0.252,2359.3333333333335,80121.66666666667
0.252,92.0,1103.0
0.252,1842.0,59631.333333333336
0.252,1681.0,22546.0
0.252,1639.0,92531.0
0.252,69.0,579.0
0.252,1849.0,99694.0
0.252,1636.6666666666667,40032.333333333336
0.252,1659.25,78933.25
0.252,1417.0,35365.5
0.252,3500.0,126595.0
0.252,1305.0,30755.0
0.252,2222.3333333333335,70277.0
0.252,93.33333333333333,253.66666666666666
0.252,132.0,159.0
0.252,66.0,682.0
0.252,1128.0,35305.0
0.252,2380.5,90770.5
0.252,1411.0,23343.0
0.252,2250.0,67670.0
0.252,1751.4,59411.4
0.252,3500.0,90780.0
0.252,710.5,19344.5
0.252,1113.5,25854.0
0.252,2375.5,94205.0
0.252,60.0,611.0
0.252,51.0,69.0
0.252,707.0,18441.0
0.252,1641.0,58450.0
0.252,1009.0,29131.0
0.252,883.0,9338.0
0.252,1296.75,31434.25
0.252,1111.0,32674.25
0.252,3500.0,108603.0
0.252,2125.6666666666665,61351.333333333336
0.252,3500.0,87211.0
0.252,1429.5,35045.5
0.252,161.0,194.0
0.252,1641.0,22050.0
0.252,1319.0,37272.0
0.252,1795.0,82115.75
0.252,187.0,261.0
0.252,3500.0,87905.0
0.253,1058.5,19397.0
0.253,3500.0,127952.0
0.253,1885.75,61845.0
0.253,1347.5,61056.0
0.253,3500.0,130850.0
0.253,3500.0,201032.0
0.253,822.0,3880.0
0.253,3500.0,96372.0
0.253,847.0,18157.5
0.253,892.5,13458.5
0.253,321.0,5500.5
0.253,1577.0,25445.0
0.253,258.3333333333333,2577.3333333333335
0.253,2384.0,108314.0
0.253,1719.3333333333333,22280.666666666668
0.253,1087.0,18077.0
0.253,2131.6666666666665,75645.33333333333
0.253,1138.5,26842.25
0.253,762.0,12390.5
0.253,1421.0,29361.0
0.253,1093.0,34016.0
0.253,1672.3333333333333,52564.0
0.253,532.0,8236.0
0.253,1180.0,46702.333333333336
0.253,1133.5,58750.5
0.253,1895.5,28518.5
0.253,1222.25,18229.25
0.253,1682.5,43313.0
0.253,911.0,21945.0
0.253,3500.0,193890.0
0.253,1353.0,49862.0
0.253,1720.6666666666667,58248.0
0.253,1664.5,34295.5
0.253,2038.6666666666667,31885.666666666668
0.253,1692.0,130572.0
0.253,1133.142857142857,27081.85714285714
0.253,93.0,101.0
0.253,840.0,13235.0
0.253,845.0,14576.0
0.253,3500.0,137184.33333333334
0.253,3500.0,125581.0
0.253,1676.0,42424.0
0.253,165.0,2441.0
0.253,3500.0,131504.0
0.253,2885.0,145060.75
0.253,646.5,7149.0
0.253,1904.75,57936.0
0.253,1036.0,25352.0
0.253,1104.0,16989.0
0.253,1029.0,34755.0
0.253,2099.5,87858.5
0.253,831.0,30346.5
0.253,1815.0,62821.0
0.253,812.0,25272.0
0.253,298.0,9889.0
0.253,906.0,26748.5
0.253,315.0,4283.5
0.253,1801.5,78462.0
0.253,883.0,31164.666666666668
0.253,941.0,18275.0
0.253,3500.0,61211.0
0.253,1176.0,36623.0
0.253,786.5,10043.0
0.253,967.0,15123.5
0.253,751.5,21354.0
0.253,1644.6666666666667,54881.666666666664
0.253,559.0,9961.0
0.253,3500.0,225411.0
0.253,191.0,1984.0
0.254,1870.0,56318.333333333336
0.254,1760.0,24040.0
0.254,446.0,3760.0
0.254,1280.5,32321.5
0.254,1455.0,76719.5
0.254,747.6666666666666,27672.333333333332
0.254,94.0,131.0
0.254,184.66666666666666,5511.666666666667
0.254,246.0,1191.0
0.254,1235.0,30356.0
0.254,927.0,23390.0
0.254,965.0,18911.0
0.254,3500.0,303422.0
0.254,359.0,1795.0
0.254,1905.75,100202.75
0.254,989.5,27714.0
0.254,1963.5,97385.5
0.254,682.0,14058.0
0.254,1052.0,14433.0
0.254,1051.0,17605.0
0.254,1583.5,53411.5
0.254,1445.5,45810.0
0.254,1227.5,28861.0
0.254,138.0,191.0
0.254,1764.6666666666667,36117.0
0.254,1338.0,20521.5
0.254,3500.0,45400.0
0.254,3500.0,225977.0
0.254,3500.0,160131.0
0.254,1358.0,15033.0
0.254,706.0,26219.0
0.254,674.6666666666666,12281.666666666666
0.254,696.3333333333334,11257.0
0.254,1312.75,64888.5
0.254,737.0,16474.0
0.254,68.0,648.0
0.254,1258.0,42725.0
0.254,1883.3333333333333,103832.33333333333
0.254,638.3333333333334,16722.666666666668
0.254,594.0,15335.5
0.254,3500.0,266159.0
0.254,735.0,20428.0
0.254,925.0,17489.0
0.254,870.6666666666666,10833.0
0.254,1806.0,53396.0
0.254,874.0,24601.0
0.254,1007.0,22472.0
0.254,1019.6666666666666,22968.0
0.254,421.0,8143.0
0.254,1093.0,21250.0
0.254,292.0,3308.0
0.254,1021.3333333333334,31135.0
0.254,263.3333333333333,1985.6666666666667
0.254,3500.0,147121.0
0.254,852.1666666666666,14407.5
0.254,665.0,13255.5
0.254,890.0,20816.0
0.254,1894.0,19595.0
0.254,678.0,15423.666666666666
0.254,3500.0,289535.0
0.254,1249.5,55931.5
0.254,1860.0,68808.0
0.254,1376.0,101614.0
0.254,860.5,6888.0
0.254,1591.5,32652.75
0.254,1218.3333333333333,22603.0
0.254,2641.6666666666665,89074.0
0.254,1007.0,6547.0
0.254,2296.5,67826.0
0.254,860.0,17188.0
0.254,687.8,15324.0
0.254,665.5,30472.0
0.254,835.0,40111.0
0.254,1348.25,51457.5
0.255,1811.0,69686.0
0.255,1079.0,15333.333333333334
0.255,1350.0,17662.0
0.255,942.0,17405.5
0.255,2689.6666666666665,73139.0
0.255,899.5,13631.5
0.255,1621.0,31415.0
0.255,2961.25,111008.25
0.255,203.0,6895.0
0.255,1867.3333333333333,75784.0
0.255,1078.6666666666667,25593.333333333332
0.255,3500.0,173516.0
0.255,545.0,5515.0
0.255,251.0,2085.0
0.255,950.0,25659.0
0.255,3500.0,176487.0
0.255,397.0,7648.0
0.255,662.0,27251.666666666668
0.255,254.0,2206.0
0.255,81.0,95.0
0.255,1007.0,18941.0
0.255,3500.0,170147.0
0.255,2434.0,94298.0
0.255,2380.5,94769.0
0.255,91.0,759.0
0.255,1014.0,50112.0
0.255,511.0,8888.0
0.255,749.0,17088.5
0.255,1616.5,42393.5
0.255,905.0,26691.666666666668
0.255,1229.0,32879.5
0.255,1023.0,28882.5
0.255,3500.0,276874.0
0.255,2067.0,84603.0
0.255,1693.0,62647.0
0.255,1216.5,9722.5
0.255,694.6666666666666,13457.333333333334
0.255,75.0,910.0
0.255,1193.0,20074.5
0.255,2472.5,51037.0
0.255,1613.0,35942.0
0.255,591.0,3173.0
0.255,1909.3333333333333,68419.66666666667
0.255,1298.0,81967.0
0.255,1045.0,18568.0
0.255,1345.0,44928.5
0.255,720.6666666666666,12430.666666666666
0.255,1047.0,18409.0
0.255,83.0,95.0
0.255,1896.0,44995.0
0.255,2622.3333333333335,180394.66666666666
0.255,554.0,8907.5
0.255,622.0,12085.0
0.255,107.0,694.0
0.255,2198.25,80068.0
0.255,1096.0,37559.5
0.255,2175.714285714286,77756.42857142857
0.255,1218.3333333333333,31400.666666666668
0.255,3500.0,114459.0
0.255,1495.0,25659.0
0.255,959.6666666666666,19473.333333333332
0.255,1155.0,15408.0
0.255,1221.0,19608.0
0.255,2322.0,131051.33333333333
0.255,1076.0,40547.666666666664
0.255,1713.0,33723.0
0.255,2495.5,84011.5
0.255,1547.0,65108.5
0.255,2973.2,92349.6
0.255,3500.0,205702.0
0.255,365.0,2289.0
0.255,2340.0,102453.5
0.255,1351.0,26766.0
0.255,1343.0,20774.25
0.256,117.0,740.0
0.256,1345.0,48093.0
0.256,963.5,30994.5
0.256,1002.0,17383.0
0.256,525.0,3664.0
0.256,1098.5,22450.0
0.256,3500.0,103185.0
0.256,568.5,7591.0
0.256,1108.0,34004.0
0.256,401.0,7242.0
0.256,3500.0,195577.0
0.256,988.4,23367.8
0.256,97.0,118.0
0.256,2171.5,44938.0
0.256,392.0,15428.0
0.256,858.5,11691.5
0.256,559.6666666666666,8537.333333333334
0.256,3500.0,91053.0
0.256,453.0,1904.0
0.256,1511.5,34952.5
0.256,2739.3333333333335,86449.66666666667
0.256,1113.0,21958.0
0.256,1728.0,25737.0
0.256,834.5,29212.0
0.256,112.0,1532.0
0.256,1770.6666666666667,72235.66666666667
0.256,1543.3333333333333,94620.33333333333
0.256,1944.0,79319.0
0.256,1493.3333333333333,59022.333333333336
0.256,159.5,332.5
0.256,2002.5,47747.5
0.256,3500.0,114879.0
0.256,1945.0,49875.0
0.256,1008.0,12932.0
0.256,1229.0,13579.0
0.256,634.0,12656.0
0.256,1009.0,29744.0
0.256,675.0,27829.0
0.256,3500.0,136479.0
0.256,1852.0,32355.0
0.256,673.0,6438.0
0.256,1303.0,35253.5
0.256,1865.5,37371.5
0.256,934.5,9644.0
0.256,1533.3333333333333,64066.0
0.256,1302.5,32214.0
0.256,898.3333333333334,31205.333333333332
0.256,1091.0,39084.0
0.256,591.0,13265.0
0.256,742.0,12905.5
0.256,1062.6666666666667,56808.666666666664
0.256,1937.6666666666667,72416.0
0.256,1836.5,48614.0
0.256,1607.75,74776.75
0.256,872.0,23277.0
0.256,331.0,6736.5
0.256,780.3333333333334,13489.0
0.256,3500.0,124002.0
0.256,679.5,5738.0
0.256,791.5,19039.0
0.256,1776.5,43698.5
0.256,757.0,15717.5
0.256,436.6666666666667,7553.0
0.256,1345.0,26131.0
0.256,706.5,8811.0
0.256,1530.0,35740.0
0.256,951.0,17840.333333333332
0.256,1831.0,50550.0
0.256,345.0,11359.0
0.256,665.5,4494.5
0.256,1981.0,73909.0
0.256,1809.5,39913.5
0.256,281.0,2376.0
0.256,296.0,1050.0
0.256,1177.0,19475.0
0.256,1260.0,28610.0
0.256,69.0,272.0
0.257,1138.0,26617.0
0.257,673.0,4648.0
0.257,841.0,12985.0
0.257,1071.0,15576.0
0.257,92.0,1949.0
0.257,903.0,28855.333333333332
0.257,710.0,13601.0
0.257,720.5,20568.0
0.257,2464.5,121225.0
0.257,1620.5,34926.0
0.257,706.0,13586.0
0.257,1430.0,34475.0
0.257,1009.0,23354.0
0.257,1951.3333333333333,42807.333333333336
0.257,1466.0,56757.0
0.257,975.0,17662.0
0.257,111.0,1188.0
0.257,1123.0,26301.5
0.257,1961.5,68441.5
0.257,1075.0,45164.0
0.257,1326.6666666666667,23585.333333333332
0.257,815.0,13905.5
0.257,3500.0,151255.0
0.257,1219.0,36124.5
0.257,572.0,8569.5
0.257,1060.0,11854.0
0.257,3500.0,122450.0
0.257,149.0,2734.0
0.257,1009.0,27387.0
0.257,1334.0,53698.333333333336
0.257,1851.0,65614.0
0.257,1756.0,41434.0
0.257,2033.5,18853.0
0.257,891.0,4362.0
0.257,1094.6666666666667,26187.0
0.257,81.0,1307.0
0.257,2278.0,45511.5
0.257,1211.0,19078.0
0.257,439.0,15140.0
0.257,1398.0,57538.0
0.257,722.0,8415.666666666666
0.257,62.0,97.0
0.257,1084.4,23958.6
0.257,813.6666666666666,8053.333333333333
0.257,1328.6,33898.2
0.257,71.0,687.0
0.257,1468.0,45289.25
0.257,1782.5,61115.5
0.257,1448.0,18896.0
0.257,3500.0,86368.0
0.257,593.0,29944.0
0.257,1007.0,6451.0
0.257,1786.5,130073.5
0.257,823.0,18998.0
0.257,754.5,25094.0
0.257,196.5,2213.5
0.257,1920.0,75636.14285714286
0.257,3500.0,60905.0
0.257,1651.0,44404.25
0.257,591.3333333333334,11763.666666666666
0.257,2240.0,40141.0
0.257,745.0,11195.0
0.257,1277.0,36710.0
0.257,3500.0,222064.0
0.257,261.0,1418.0
0.257,1345.0,68148.0
0.257,1075.0,18739.0
0.257,300.0,2410.0
0.257,1093.0,17608.0
0.257,525.0,4009.0
0.257,94.0,97.0
0.257,650.0,6159.5
0.258,2361.5,81982.5
0.258,2351.0,112367.5
0.258,433.0,2916.0
0.258,1982.3333333333333,87109.0
0.258,3500.0,105978.0
0.258,1257.0,45883.0
0.258,100.5,1130.5
0.258,1302.0,42365.333333333336
0.258,1135.0,26821.0
0.258,1129.0,7971.0
0.258,1812.8,113731.4
0.258,1139.0,14666.0
0.258,1291.0,69825.0
0.258,3500.0,100877.0
0.258,2451.5,53988.5
0.258,1867.3333333333333,56689.0
0.258,2016.0,78569.5
0.258,1530.75,45320.25
0.258,911.0,20918.333333333332
0.258,1406.0,34753.5
0.258,1009.0,14147.0
0.258,751.5,6331.0
0.258,847.0,20938.666666666668
0.258,911.0,14484.0
0.258,1203.5,35772.5
0.258,1050.0,43034.0
0.258,3500.0,119013.0
0.258,2127.0,97992.0
0.258,2570.0,106127.5
0.258,3500.0,75248.0
0.258,1421.0,18461.0
0.258,979.0,17690.666666666668
0.258,127.5,557.5
0.258,3500.0,104034.66666666667
0.258,2323.0,140575.0
0.258,2320.5,75334.0
0.258,1979.3333333333333,42610.0
0.258,873.0,8443.0
0.258,1002.5,13132.5
0.258,63.0,87.0
0.258,922.6666666666666,29337.333333333332
0.258,174.0,2524.0
0.258,673.0,10196.0
0.258,1156.0,38168.0
0.258,1882.5,138167.0
0.258,866.0,6498.0
0.258,905.5,23315.5
0.258,370.0,2882.0
0.258,370.0,7975.0
0.258,1009.0,24337.0
0.258,327.0,11145.0
0.258,1800.6666666666667,115206.33333333333
0.258,2116.5,85271.66666666667
0.258,1812.0,29218.5
0.258,1779.6666666666667,79417.66666666667
0.258,3500.0,174459.0
0.258,3500.0,128941.0
0.258,1435.0,56244.0
0.258,1075.0,14617.666666666666
0.258,1429.0,37170.5
0.258,1777.0,53270.666666666664
0.258,980.5,28552.5
0.258,2826.6666666666665,101734.66666666667
0.258,692.0,7746.333333333333
0.258,1997.5,29745.0
0.258,1390.0,32411.0
0.258,1495.0,30604.0
0.258,1043.0,21038.0
0.258,1303.0,30093.0
0.258,772.0,21150.0
0.258,580.3333333333334,10497.333333333334
0.258,3500.0,189261.5
0.258,824.75,38575.5
0.258,1929.0,62904.0
0.258,1197.0,21405.0
0.258,1178.5,23933.0
0.258,1694.0,102236.0
0.258,1110.5,29518.5
0.259,681.0,16845.666666666668
0.259,1337.0,18398.5
0.259,2474.5,35923.5
0.259,3500.0,177954.0
0.259,358.75,5721.25
0.259,437.0,3994.0
0.259,863.3333333333334,17004.666666666668
0.259,153.5,529.0
0.259,2068.0,41288.0
0.259,59.0,559.0
0.259,2344.5,81710.0
0.259,756.5,19020.0
0.259,75.0,87.0
0.259,1481.2,30934.6
0.259,1266.5,42097.5
0.259,431.5,4124.0
0.259,1293.0,37582.0
0.259,1486.0,54896.0
0.259,1103.5,17872.0
0.259,665.0,19392.666666666668
0.259,1065.0,19360.5
0.259,425.6666666666667,6308.0
0.259,1770.0,29159.0
0.259,1001.0,21716.5
0.259,1091.0,12563.0
0.259,1238.0,21196.0
0.259,652.0,27630.0
0.259,1261.0,47364.0
0.259,64.0,546.0
0.259,1116.5,36472.0
0.259,972.0,12773.0
0.259,2782.0,110219.5
0.259,417.0,9494.0
0.259,1461.4,40636.8
0.259,755.0,10286.0
0.259,1009.0,10105.0
0.259,724.0,17464.0
0.259,1052.0,8727.0
0.259,1268.5,48492.75
0.259,3500.0,180183.0
0.259,1786.5,121297.0
0.259,3500.0,115984.0
0.259,3500.0,235369.0
0.259,571.75,14136.5
0.259,3500.0,97004.0
0.259,2590.5,81530.0
0.259,852.5,32771.0
0.259,631.0,18491.5
0.259,613.5,16878.5
0.259,290.0,10195.0
0.259,975.0,46744.5
0.259,853.0,29077.5
0.259,893.0,18794.0
0.259,239.0,5029.5
0.259,3500.0,159457.0
0.259,1973.0,66422.0
0.259,191.0,4403.333333333333
0.259,95.0,549.0
0.259,1759.0,24089.0
0.259,511.0,9041.0
0.259,1294.0,38668.0
0.259,1568.2,59525.8
0.259,2348.0,128912.0
0.259,558.0,13911.0
0.259,3500.0,135512.0
0.259,1077.0,4983.0
0.259,558.0,15218.0
0.259,3500.0,263660.0
0.259,1103.0,38478.0
0.259,911.0,31773.0
0.259,1604.3333333333333,26750.333333333332
0.259,3500.0,70537.0
0.259,2264.5,54690.0
0.259,2555.3333333333335,88923.33333333333
0.259,2364.0,68076.0
0.259,1227.0,16116.5
0.259,995.0,21189.0
0.259,1009.0,14436.0
0.259,1629.0,16730.0
0.26,474.0,3259.0
0.26,675.0,9668.0
0.26,655.5,17394.5
0.26,1655.0,27613.0
0.26,3500.0,207411.5
0.26,3500.0,190763.0
0.26,3500.0,80580.0
0.26,156.0,222.0
0.26,820.5,14637.0
0.26,772.5,27186.0
0.26,1142.5,12423.0
0.26,989.1666666666666,21299.833333333332
0.26,444.5,6650.5
0.26,1037.5,21242.0
0.26,3500.0,129174.0
0.26,943.5,12305.5
0.26,3500.0,128131.0
0.26,1582.3333333333333,80705.33333333333
0.26,715.0,9141.0
0.26,3500.0,142359.0
0.26,3500.0,74235.0
0.26,505.0,18116.0
0.26,102.0,1085.0
0.26,859.0,28649.5
0.26,2006.6,79877.2
0.26,1118.0,12172.0
0.26,1942.5,46836.5
0.26,2327.25,85937.0
0.26,1459.0,14768.0
0.26,618.0,32208.5
0.26,1933.25,43793.0
0.26,605.0,8607.0
0.26,3500.0,90025.0
0.26,562.5,9314.5
0.26,999.0,6594.5
0.26,439.6666666666667,11433.0
0.26,1056.0,13079.5
0.26,944.8,17128.2
0.26,1505.0,90358.0
0.26,682.0,16500.0
0.26,673.0,13380.0
0.26,1804.25,60793.5
0.26,1093.0,25912.0
0.26,1006.0,11770.0
0.26,1040.0,25664.0
0.26,3500.0,186594.5
0.26,488.5,12900.0
0.26,1189.0,15841.0
0.26,2365.0,69078.5
0.26,1052.6666666666667,19107.333333333332
0.26,643.0,15921.0
0.26,911.0,15106.5
0.26,1181.5,28767.25
0.26,576.0,12697.0
0.26,2333.0,88713.0
0.26,668.4,11502.8
0.26,1697.4,85881.0
0.26,319.0,3659.0
0.26,1289.0,66553.0
0.26,3500.0,215277.0
0.26,2252.5,99342.0
0.26,861.0,13023.5
0.26,1144.6666666666667,22003.666666666668
0.26,757.0,19583.0
0.26,968.0,6890.0
0.26,1032.0,20112.0
0.26,1755.3333333333333,97645.33333333333
0.26,140.0,1824.0
0.26,1583.0,42556.5
0.26,2757.3333333333335,94190.66666666667
0.26,3500.0,157389.0
0.26,1860.0,26661.666666666668
0.26,922.0,56713.0
0.26,1091.2,22231.0
0.26,559.0,4663.5
0.26,1727.3333333333333,83545.66666666667
0.26,2669.6666666666665,107392.0
0.26,65.0,608.0
0.26,1424.3333333333333,68369.33333333333
0.261,1859.0,75053.5
0.261,1475.6666666666667,64841.0
0.261,656.25,10294.5
0.261,383.0,5998.0
0.261,64.0,492.0
0.261,933.0,15658.0
0.261,1206.0,26846.0
0.261,1362.0,19161.5
0.261,2254.0,109979.33333333333
0.261,1711.0,27863.5
0.261,2180.6666666666665,92991.66666666667
0.261,1345.0,54324.0
0.261,1520.4,47847.0
0.261,520.0,5764.0
0.261,1152.0,15560.0
0.261,528.5,6915.0
0.261,580.0,6132.5
0.261,1563.25,47510.5
0.261,912.5,14479.5
0.261,546.0,10226.0
0.261,535.3333333333334,5163.333333333333
0.261,238.66666666666666,2726.3333333333335
0.261,2392.3333333333335,93414.66666666667
0.261,747.0,12184.0
0.261,1846.6666666666667,66342.66666666667
0.261,895.5,15554.0
0.261,1960.2,70879.6
0.261,1584.0,56679.0
0.261,1198.0,14032.0
0.261,1061.0,7214.0
0.261,2338.5,49525.0
0.261,1344.0,28677.0
0.261,1081.75,52743.0
0.261,1642.6666666666667,85572.66666666667
0.261,1051.0,15251.5
0.261,1470.75,37985.75
0.261,3500.0,103103.33333333333
0.261,404.0,12081.0
0.261,61.0,538.0
0.261,2105.0,146385.5
0.261,418.0,2609.0
0.261,1343.0,22500.0
0.261,1284.0,12968.0
0.261,1109.3333333333333,14847.0
0.261,587.0,14539.0
0.261,72.0,80.0
0.261,1292.0,25681.0
0.261,450.5,4148.0
0.261,1361.0,27878.0
0.261,1502.0,20851.0
0.261,728.5,34153.5
0.261,1195.0,45012.0
0.261,1142.3333333333333,15662.666666666666
0.261,1428.0,33858.666666666664
0.261,2273.5,108765.5
0.261,1013.0,27985.0
0.261,3500.0,196059.0
0.261,355.0,2755.0
0.261,2253.5,63075.5
0.261,1523.6666666666667,44374.0
0.261,2339.5,70190.0
0.261,1023.0,28102.0
0.261,962.0,22743.5
0.261,339.0,5173.0
0.261,165.0,198.0
0.261,3500.0,249135.0
0.261,1103.0,26227.0
0.261,687.5,10063.5
0.261,111.0,1516.0
0.261,3500.0,60816.0
0.261,1833.4,59859.6
0.261,505.0,14065.0
0.262,113.0,184.0
0.262,555.0,18814.0
0.262,958.6666666666666,43749.333333333336
0.262,3500.0,135084.0
0.262,62.0,515.0
0.262,168.0,197.0
0.262,93.0,216.0
0.262,720.0,16220.0
0.262,757.0,15756.0
0.262,412.5,5952.0
0.262,940.0,11522.333333333334
0.262,1735.0,61852.0
0.262,200.0,645.0
0.262,3500.0,156197.33333333334
0.262,1882.0,84829.0
0.262,757.0,3573.0
0.262,3500.0,136215.0
0.262,2260.0,64532.5
0.262,755.5,13525.0
0.262,1790.5,95920.0
0.262,125.0,240.0
0.262,2376.5,102691.5
0.262,1177.0,9627.0
0.262,490.0,11450.0
0.262,1079.0,41703.666666666664
0.262,655.0,9100.0
0.262,1121.0,40422.666666666664
0.262,1546.2,57700.0
0.262,688.0,12603.333333333334
0.262,83.0,399.5
0.262,2106.0,91341.5
0.262,598.0,5129.0
0.262,1777.75,43637.5
0.262,944.0,24996.5
0.262,590.3333333333334,8544.0
0.262,291.0,3008.0
0.262,509.0,9920.666666666666
0.262,2963.3333333333335,125489.66666666667
0.262,1106.0,16356.0
0.262,760.6666666666666,9340.333333333334
0.262,61.0,610.0
0.262,334.0,7801.0
0.262,1003.0,35300.0
0.262,3500.0,80504.0
0.262,567.5,11857.0
0.262,1061.0,20243.0
0.262,3500.0,295956.0
0.262,1251.0,40624.0
0.262,1252.5,46252.0
0.262,1093.0,27705.0
0.262,1038.5,18485.5
0.262,1794.3333333333333,51067.0
0.262,1068.0,14914.0
0.262,863.0,21851.0
0.262,1184.0,17832.0
0.262,1093.0,16454.0
0.262,3500.0,99722.0
0.262,1941.0,50255.0
0.262,673.0,8722.0
0.262,91.0,773.0
0.262,359.0,2830.5
0.262,670.0,7189.0
0.262,697.0,12634.0
0.262,823.4,22119.4
0.262,1120.5,38379.5
0.262,1883.5,81127.5
0.262,78.0,82.0
0.262,1093.0,15319.0
0.262,288.0,3516.0
0.262,1944.0,69547.5
0.262,589.0,13220.0
0.262,3500.0,131037.0
0.262,779.3333333333334,20582.0
0.262,516.6666666666666,10882.0
0.263,1215.0,19815.0
0.263,3500.0,69488.0
0.263,138.0,152.0
0.263,972.4,19040.2
0.263,1113.5,6672.0
0.263,1846.5,142804.5
0.263,2017.0,49482.0
0.263,3500.0,110498.0
0.263,1118.0,24933.0
0.263,2001.0,71188.0
0.263,578.0,6801.0
0.263,1250.0,19653.0
0.263,1130.3333333333333,28224.333333333332
0.263,2242.5,56583.0
0.263,1029.3333333333333,32643.0
0.263,2290.5,72074.0
0.263,1296.5,53138.5
0.263,511.0,5054.5
0.263,945.0,8559.5
0.263,3500.0,175820.0
0.263,1936.5,126652.5
0.263,1135.0,35734.5
0.263,1238.75,33460.25
0.263,918.3333333333334,51684.666666666664
0.263,1676.0,25563.0
0.263,256.0,2429.0
0.263,3500.0,121218.0
0.263,836.5,28460.5
0.263,860.3333333333334,9847.666666666666
0.263,1070.3333333333333,47258.333333333336
0.263,1456.0,17939.5
0.263,586.0,19098.0
0.263,79.0,1106.0
0.263,1307.0,20458.0
0.263,1627.0,52370.0
0.263,2070.8,50438.8
0.263,176.0,4980.0
0.263,267.5,7076.5
0.263,715.0,35702.5
0.263,3500.0,183728.0
0.263,594.0,15792.0
0.263,1471.5,21977.0
0.263,840.0,19462.0
0.263,3500.0,166776.0
0.263,70.0,93.0
0.263,1351.0,32549.0
0.263,338.0,2803.0
0.263,1062.0,24525.5
0.263,1422.0,35905.0
0.263,1617.6666666666667,39242.333333333336
0.263,550.0,20356.0
0.263,1348.25,26122.5
0.263,3500.0,120172.0
0.263,1050.2,29824.0
0.263,1250.6666666666667,55847.666666666664
0.263,589.0,15682.0
0.263,1413.0,20741.0
0.263,781.5,10296.0
0.263,792.0,12887.666666666666
0.263,942.0,27006.0
0.263,387.0,3617.25
0.263,925.0,9339.0
0.263,95.0,108.0
0.263,1822.0,27414.0
0.263,500.75,8015.25
0.263,1239.0,34001.0
0.263,1590.25,63415.5
0.263,2320.0,103636.5
0.263,487.0,4670.0
0.263,138.0,3276.0
0.263,1483.0,44929.0
0.263,1009.0,13699.0
0.263,253.0,571.0
0.263,970.5,44327.0
0.263,1276.0,21011.0
0.263,1115.0,19026.0
0.263,1634.6666666666667,54113.0
0.263,1182.5,27549.0
0.264,346.5,6138.5
0.264,2286.0,72729.0
0.264,1263.6666666666667,36423.333333333336
0.264,1999.0,165595.0
0.264,1221.0,56323.0
0.264,233.0,2017.0
0.264,2391.0,79780.0
0.264,2111.0,57319.5
0.264,3500.0,141887.0
0.264,135.0,228.0
0.264,1109.0,12654.0
0.264,630.75,4239.5
0.264,2357.0,76112.6
0.264,886.75,13582.25
0.264,582.0,13131.5
0.264,1433.0,39991.5
0.264,2733.5,160718.0
0.264,923.5,19746.0
0.264,1319.0,46317.5
0.264,885.5,49405.0
0.264,140.5,172.0
0.264,980.5,10064.0
0.264,1261.0,13254.0
0.264,2421.0,125210.0
0.264,986.0,51595.666666666664
0.264,770.5,12081.5
0.264,555.5,11365.5
0.264,813.25,18423.25
0.264,655.6666666666666,18208.666666666668
0.264,241.0,1270.0
0.264,1276.6666666666667,64979.0
0.264,622.0,7676.0
0.264,1301.0,9587.0
0.264,919.0,52583.5
0.264,3500.0,54112.0
0.264,65.0,570.0
0.264,364.0,4655.0
0.264,793.0,19536.0
0.264,746.75,14643.5
0.264,1849.0,60722.0
0.264,1091.0,16857.5
0.264,929.5,17232.0
0.264,1637.0,35651.333333333336
0.264,3500.0,103043.0
0.264,292.0,1220.0
0.264,1503.0,49084.333333333336
0.264,558.0,3535.0
0.264,102.0,114.0
0.264,1321.0,25401.0
0.264,1802.5,65465.5
0.264,1155.0,37734.0
0.264,80.0,1068.0
0.264,2414.0,104202.0
0.264,1404.5,40074.5
0.264,2098.0,120197.0
0.264,387.0,5496.5
0.264,2067.6666666666665,98797.0
0.264,1093.0,29878.0
0.264,1196.0,43753.0
0.264,968.5,13310.0
0.264,1037.0,51662.5
0.264,416.0,7628.5
0.264,230.0,8084.0
0.264,2094.0,110166.0
0.264,1000.5,21236.0
0.264,2363.0,81995.0
0.264,3500.0,164290.0
0.264,1464.0,23357.0
0.264,398.5,6460.0
0.264,503.0,14529.333333333334
0.265,570.0,6357.0
0.265,1236.0,32403.333333333332
0.265,1765.0,52662.0
0.265,1261.0,14831.0
0.265,1009.0,14209.0
0.265,60.0,544.0
0.265,928.0,23074.0
0.265,672.5,12458.25
0.265,592.0,8881.0
0.265,1042.0,15064.0
0.265,2417.3333333333335,87883.33333333333
0.265,1253.0,29903.0
0.265,64.0,585.0
0.265,1217.0,42088.666666666664
0.265,651.3333333333334,14530.333333333334
0.265,674.3333333333334,20466.666666666668
0.265,623.5,9132.5
0.265,1780.3333333333333,93463.33333333333
0.265,1780.0,42275.0
0.265,1048.75,28451.5
0.265,1261.0,19845.0
0.265,2750.0,72324.5
0.265,2253.0,70624.0
0.265,444.0,5215.0
0.265,77.0,812.0
0.265,842.0,25627.0
0.265,1947.5,53816.5
0.265,3500.0,244437.0
0.265,1440.1666666666667,77727.66666666667
0.265,800.0,11636.0
0.265,215.5,1858.5
0.265,1226.5,23468.5
0.265,96.0,1171.0
0.265,1735.0,45474.0
0.265,1297.75,34714.5
0.265,1800.6666666666667,89393.66666666667
0.265,1567.0,29113.0
0.265,441.0,7937.0
0.265,630.0,11031.5
0.265,2257.5,89581.0
0.265,2182.0,52162.5
0.265,295.3333333333333,4000.6666666666665
0.265,3500.0,226890.0
0.265,1172.0,13228.0
0.265,2431.5,87743.5
0.265,1326.0,60960.666666666664
0.265,1184.0,34050.0
0.265,2685.3333333333335,123659.66666666667
0.265,1247.0,31478.0
0.265,1855.0,48549.0
0.265,874.5,13453.0
0.265,3500.0,145223.0
0.265,826.0,4663.0
0.265,3500.0,64983.5
0.265,1888.5,116554.0
0.265,3500.0,98273.33333333333
0.265,208.0,1649.0
0.265,406.5,7967.0
0.265,789.0,9533.0
0.265,1918.5,30301.0
0.265,68.0,717.0
0.265,1681.0,30591.0
0.265,107.0,115.0
0.265,3500.0,178992.0
0.265,1044.0,23907.0
0.265,3500.0,210147.0
0.265,1557.0,25104.0
0.265,3500.0,117568.0
0.266,1319.6666666666667,67588.33333333333
0.266,505.0,14643.0
0.266,2033.0,28425.0
0.266,1840.0,106507.66666666667
0.266,92.0,94.0
0.266,1068.0,20824.333333333332
0.266,818.0,16184.0
0.266,1009.0,10451.0
0.266,408.0,4590.5
0.266,1029.6666666666667,20743.333333333332
0.266,671.0,24829.0
0.266,788.5,12787.5
0.266,1918.5,77511.5
0.266,3500.0,118314.0
0.266,631.5,9678.0
0.266,3500.0,172914.0
0.266,962.5,14951.5
0.266,1657.3333333333333,35412.333333333336
0.266,1143.5,26081.5
0.266,618.0,11275.0
0.266,505.0,8497.0
0.266,79.0,564.0
0.266,794.5,23538.0
0.266,2464.0,93265.0
0.266,131.0,1092.0
0.266,1883.0,122664.0
0.266,1894.0,20748.0
0.266,780.0,24757.0
0.266,1818.3333333333333,46086.0
0.266,69.0,245.0
0.266,2506.5,86824.5
0.266,1009.0,25905.0
0.266,1965.0,44129.0
0.266,3500.0,134329.0
0.266,1470.3333333333333,58447.666666666664
0.266,2086.5,129293.5
0.266,3500.0,101506.0
0.266,1347.0,28807.0
0.266,197.0,434.0
0.266,1289.0,24220.0
0.266,1767.0,52534.666666666664
0.266,664.0,3393.0
0.266,793.5,30158.5
0.266,102.0,111.0
0.266,351.0,3304.0
0.266,362.0,6048.0
0.266,1996.0,51197.0
0.266,107.0,126.0
0.266,1342.0,53864.666666666664
0.266,745.25,18948.75
0.266,1225.0,47888.25
0.266,1087.5,19830.5
0.266,1120.0,18635.0
0.266,749.0,12524.0
0.266,1360.3333333333333,43915.333333333336
0.266,1807.0,106797.0
0.266,139.0,1633.0
0.266,690.0,8283.5
0.266,3500.0,70126.0
0.266,1030.0,23898.0
0.266,2086.5,53797.0
0.266,1784.0,116111.0
0.266,159.0,1452.0
0.266,457.5,6953.0
0.266,1810.0,86058.0
0.266,1111.5,28226.5
0.266,601.0,15930.5
0.266,1889.0,51343.0
0.266,1297.75,55203.25
0.266,3500.0,181210.5
0.267,1257.0,46818.0
0.267,239.0,2156.0
0.267,1279.0,27206.666666666668
0.267,224.0,3117.5
0.267,1432.0,28944.0
0.267,1781.5,41933.0
0.267,260.0,4640.0
0.267,2108.0,82883.5
0.267,894.6666666666666,10965.666666666666
0.267,3500.0,230504.0
0.267,1159.0,12371.0
0.267,450.8,6786.2
0.267,1316.0,51285.0
0.267,1780.5,41394.5
0.267,204.5,1023.5
0.267,1196.3333333333333,28886.0
0.267,289.5,2003.0
0.267,1009.0,20019.0
0.267,1535.0,21026.0
0.267,210.0,1745.0
0.267,337.0,11230.0
0.267,2079.5,158114.5
0.267,363.0,5333.0
0.267,2233.0,70985.0
0.267,3500.0,184663.0
0.267,1283.0,23700.0
0.267,1385.0,45793.0
0.267,658.0,10701.5
0.267,921.0,16295.0
0.267,3500.0,78857.0
0.267,1430.0,30852.0
0.267,1475.0,39206.0
0.267,403.0,2887.0
0.267,1797.0,39793.0
0.267,3500.0,267782.0
0.267,1765.0,80549.0
0.267,1360.0,27023.0
0.267,1261.0,24277.0
0.267,1215.0,20823.0
0.267,484.0,17139.0
0.267,1084.0,23230.0
0.267,1022.0,29150.0
0.267,2379.5,118657.0
0.267,3500.0,207190.0
0.267,68.0,743.0
0.267,53.0,449.0
0.267,1077.25,66724.25
0.267,687.0,21944.5
0.267,372.0,883.0
0.267,966.0,74621.5
0.267,1677.0,40320.0
0.267,2455.0,123526.66666666667
0.267,1103.3333333333333,31722.666666666668
0.267,252.0,778.0
0.267,730.0,11007.5
0.267,883.0,10318.0
0.267,413.5,4316.5
0.267,994.0,22898.0
0.267,543.5,13155.5
0.267,1318.5,45408.5
0.267,184.0,1481.0
0.267,2034.0,63663.0
0.267,2044.6,88773.6
0.267,1586.6666666666667,69346.0
0.267,1219.0,18304.0
0.267,1563.6666666666667,94206.33333333333
0.267,3500.0,142013.0
0.267,1971.0,50171.0
0.267,96.0,1012.0
0.268,729.75,13779.5
0.268,1472.0,16432.0
0.268,3500.0,98569.0
0.268,962.5,16482.5
0.268,1832.5,55894.5
0.268,972.5,32160.0
0.268,1127.0,11395.0
0.268,1272.0,29729.0
0.268,76.0,84.0
0.268,331.5,5421.0
0.268,1236.0,18448.0
0.268,2498.0,110973.33333333333
0.268,73.0,94.0
0.268,1345.0,18488.0
0.268,62.0,582.0
0.268,3500.0,142788.5
0.268,3500.0,226879.0
0.268,1076.0,25162.0
0.268,1204.6666666666667,19744.666666666668
0.268,1690.0,81154.0
0.268,2463.0,126772.5
0.268,1760.0,40616.0
0.268,1365.0,22729.0
0.268,1817.0,89314.0
0.268,2404.0,72029.0
0.268,1918.0,95989.0
0.268,846.0,16717.0
0.268,838.0,17940.5
0.268,589.0,12566.0
0.268,1227.0,26992.0
0.268,642.0,17832.0
0.268,1785.5,26170.0
0.268,858.0,30782.0
0.268,587.0,2701.0
0.268,249.5,2059.5
0.268,339.5,1185.0
0.268,1017.0,9118.0
0.268,1367.2,58054.4
0.268,803.0,8183.0
0.268,1533.0,74588.0
0.268,360.0,10203.0
0.268,154.0,218.0
0.268,3500.0,149357.0
0.268,589.0,14137.0
0.268,3500.0,164429.0
0.268,510.0,4287.0
0.268,589.0,19460.0
0.268,600.0,12648.0
0.268,354.0,7564.0
0.268,1608.3333333333333,44364.0
0.268,800.0,12307.0
0.268,3500.0,147246.0
0.268,2044.5,60504.5
0.268,392.0,4861.0
0.268,1681.0,38955.0
0.268,3500.0,131686.0
0.268,2062.0,52135.0
0.268,2017.0,53533.0
0.268,215.5,2606.5
0.268,1093.0,14260.0
0.268,1092.0,15158.5
0.268,1062.75,19463.5
0.268,1410.5,54995.0
0.268,2380.5,112045.0
0.268,72.0,95.0
0.268,1009.0,12151.0
0.269,146.0,398.0
0.269,1789.5,61176.0
0.269,1093.0,36304.0
0.269,344.0,4962.0
0.269,1836.0,148276.0
0.269,1090.5,42718.25
0.269,1902.0,36207.0
0.269,798.0,16133.0
0.269,1441.0,35598.5
0.269,460.25,5882.0
0.269,205.0,452.0
0.269,1053.0,26953.0
0.269,1932.0,95474.0
0.269,797.5,12722.5
0.269,1690.0,39782.0
0.269,3500.0,151601.0
0.269,3500.0,151894.0
0.269,681.0,19406.0
0.269,1392.25,42492.5
0.269,649.0,14919.5
0.269,1033.0,15908.0
0.269,873.5,28107.0
0.269,700.3333333333334,16161.333333333334
0.269,673.0,11938.0
0.269,1357.0,37421.666666666664
0.269,786.5,26492.0
0.269,2356.5,84815.5
0.269,1344.4,79035.2
0.269,1074.0,14290.333333333334
0.269,1011.0,17314.0
0.269,3500.0,150244.0
0.269,3500.0,114337.0
0.269,1345.0,14136.0
0.269,134.0,687.0
0.269,1226.5,82300.75
0.269,744.5,17498.0
0.269,1175.0,14865.0
0.269,684.0,9040.0
0.269,491.0,17195.0
0.269,541.6666666666666,8911.333333333334
0.269,1485.0,44327.0
0.269,926.5,17068.0
0.269,1306.0,23285.0
0.269,121.0,186.0
0.269,3500.0,252523.0
0.269,1821.0,97782.5
0.269,1948.0,48983.0
0.269,506.0,6513.0
0.269,1572.6666666666667,104197.0
0.269,1782.0,134581.5
0.269,841.0,15384.5
0.269,3500.0,176546.0
0.269,1523.3333333333333,86245.0
0.269,1661.0,44004.666666666664
0.269,1429.0,54586.0
0.269,437.0,6139.0
0.269,1009.0,17144.0
0.269,197.5,2330.0
0.269,424.0,8226.0
0.269,634.0,13315.5
0.269,839.0,17965.0
0.269,1276.0,14242.0
0.269,551.0,7962.0
0.269,700.0,7372.5
0.269,3500.0,126374.0
0.269,115.0,767.5
0.269,606.0,4058.0
0.269,1235.0,83677.0
0.269,699.0,12589.333333333334
0.269,821.0,34862.666666666664
0.269,757.0,9942.0
0.269,1620.5,37708.75
0.27,472.0,8018.0
0.27,304.0,1462.0
0.27,1492.0,62487.666666666664
0.27,1079.0,42339.0
0.27,165.0,262.0
0.27,1416.6666666666667,85532.33333333333
0.27,1230.6666666666667,54551.666666666664
0.27,792.75,15820.75
0.27,407.0,4198.0
0.27,1061.0,34185.0
0.27,2673.0,71834.5
0.27,1009.0,34256.0
0.27,672.6666666666666,9542.0
0.27,618.5,26333.5
0.27,1009.0,18169.0
0.27,1203.0,24467.0
0.27,699.3333333333334,7826.0
0.27,273.0,3395.0
0.27,681.0,5815.5
0.27,1146.0,35077.0
0.27,894.0,14891.0
0.27,530.75,7887.75
0.27,64.0,497.0
0.27,493.0,10044.0
0.27,817.0,29412.0
0.27,218.0,3623.0
0.27,746.0,10295.0
0.27,335.0,3891.0
0.27,50.0,58.0
0.27,675.6666666666666,9654.666666666666
0.27,2063.3333333333335,67843.33333333333
0.27,1765.0,66707.0
0.27,589.0,30555.0
0.27,3500.0,108771.0
0.27,3500.0,145776.0
0.27,81.0,505.0
0.27,1429.0,49604.0
0.27,2449.0,96015.33333333333
0.27,3500.0,123286.0
0.27,217.66666666666666,5285.333333333333
0.27,1924.3333333333333,33839.0
0.27,875.0,10168.0
0.27,3500.0,119122.0
0.27,1060.0,25119.5
0.27,542.0,8887.5
0.27,393.0,6593.0
0.27,840.0,11817.0
0.27,252.0,3757.6666666666665
0.27,841.0,26649.0
0.27,703.0,12291.0
0.27,1765.0,78422.0
0.27,96.0,1082.0
0.27,2569.0,37624.0
0.27,1093.0,27838.0
0.27,61.0,392.0
0.27,901.5,11634.5
0.27,975.0,28003.0
0.27,3500.0,153403.0
0.27,2398.0,85066.66666666667
0.27,3500.0,108821.0
0.27,1424.0,16456.0
0.27,1691.0,62976.0
0.27,1650.6666666666667,100123.33333333333
0.27,1250.0,30139.0
0.27,611.0,23438.0
0.271,1223.0,30883.0
0.271,1212.0,53469.0
0.271,1161.0,8621.0
0.271,77.0,1051.0
0.271,1376.5,30300.5
0.271,61.0,476.0
0.271,239.0,1803.0
0.271,1964.0,72635.5
0.271,163.0,228.0
0.271,1360.0,20840.5
0.271,3500.0,156258.0
0.271,1849.0,22984.0
0.271,1009.0,18825.0
0.271,3500.0,203449.0
0.271,327.0,3124.0
0.271,686.0,11851.0
0.271,421.0,14998.0
0.271,1790.5,75263.5
0.271,2450.25,89440.25
0.271,2066.5,64913.5
0.271,1555.0,36089.0
0.271,351.5,12543.0
0.271,3500.0,284829.0
0.271,1261.0,22337.0
0.271,111.0,147.0
0.271,1025.3333333333333,17723.666666666668
0.271,619.5,17838.0
0.271,699.3333333333334,15461.0
0.271,354.5,5255.5
0.271,848.5,24030.5
0.271,359.0,5945.0
0.271,1041.5,52620.5
0.271,169.0,2031.0
0.271,1786.3333333333333,64518.0
0.271,2509.5,64621.0
0.271,130.0,891.0
0.271,2315.0,140929.5
0.271,432.0,9071.0
0.271,690.3333333333334,11194.333333333334
0.271,1073.0,19419.0
0.271,644.0,26955.0
0.271,65.0,79.0
0.271,1782.0,35463.0
0.271,570.0,10847.0
0.271,1156.0,30908.5
0.271,1136.0,27965.0
0.271,99.0,844.0
0.271,814.6666666666666,16197.333333333334
0.271,664.0,33471.0
0.271,2441.0,123587.5
0.271,904.0,9748.0
0.271,1106.6666666666667,27113.666666666668
0.271,1015.0,11986.0
0.271,75.0,895.0
0.271,574.0,4341.0
0.271,800.5,19198.5
0.271,278.0,1018.0
0.271,1902.25,109853.5
0.271,259.0,1431.0
0.271,3500.0,176271.0
0.271,1089.0,23012.0
0.271,3500.0,243412.0
0.271,181.0,580.0
0.271,1570.3333333333333,40114.0
0.271,1942.0,42395.0
0.271,705.0,22713.5
0.272,465.6666666666667,10652.0
0.272,3500.0,115683.0
0.272,537.25,6662.0
0.272,3500.0,135910.0
0.272,259.0,2058.3333333333335
0.272,81.0,1253.0
0.272,98.5,652.5
0.272,3500.0,118962.0
0.272,1583.3333333333333,34233.333333333336
0.272,3500.0,94509.0
0.272,1509.0,19905.0
0.272,1110.0,22011.5
0.272,202.0,2481.0
0.272,829.6666666666666,9685.333333333334
0.272,677.0,6083.75
0.272,580.0,18832.0
0.272,632.0,6538.5
0.272,73.0,223.0
0.272,932.5,21322.0
0.272,486.0,1055.0
0.272,219.0,4270.0
0.272,402.5,3132.5
0.272,517.5,4764.5
0.272,418.5,5666.5
0.272,337.0,9877.0
0.272,374.0,12678.0
0.272,550.0,14256.0
0.272,1498.25,81958.0
0.272,597.2,14672.2
0.272,130.0,1015.0
0.272,105.0,127.0
0.272,936.0,18398.0
0.272,3500.0,172810.5
0.272,1555.0,29665.5
0.272,3500.0,213634.0
0.272,1237.0,34285.333333333336
0.272,809.5,19740.0
0.272,673.0,17236.0
0.272,756.5,19558.0
0.272,3500.0,193502.0
0.272,64.0,486.0
0.272,150.33333333333334,1209.6666666666667
0.272,1262.0,36515.0
0.272,3500.0,93610.0
0.272,1427.0,56023.0
0.272,746.5,12606.0
0.272,710.0,12170.5
0.272,1393.0,19549.0
0.272,841.0,16442.0
0.272,476.5,9426.5
0.272,967.0,20580.0
0.272,589.0,40339.0
0.272,671.6666666666666,13560.333333333334
0.272,322.0,569.0
0.272,78.0,92.0
0.272,1400.25,71543.25
0.272,64.0,529.0
0.272,3500.0,217388.0
0.272,1661.5,82498.5
0.272,492.3333333333333,11622.333333333334
0.272,864.5,12901.5
0.272,1056.0,17311.0
0.272,577.4,9772.0
0.273,3500.0,123509.0
0.273,1879.0,47851.0
0.273,1459.5,31303.0
0.273,1765.0,42323.0
0.273,1120.25,21505.0
0.273,65.0,718.0
0.273,1925.5,42451.5
0.273,3500.0,84225.0
0.273,410.3333333333333,6436.333333333333
0.273,792.6666666666666,11956.0
0.273,375.5,11334.5
0.273,372.5,2660.0
0.273,709.6666666666666,18114.666666666668
0.273,1135.0,11731.0
0.273,486.0,1685.0
0.273,3500.0,226508.0
0.273,184.5,1484.0
0.273,2431.6666666666665,130200.33333333333
0.273,1230.0,14585.0
0.273,135.0,891.0
0.273,469.0,3053.0
0.273,337.0,6331.0
0.273,1053.0,27475.0
0.273,754.0,4741.0
0.273,3500.0,175761.0
0.273,334.0,7954.0
0.273,171.0,1124.5
0.273,600.0,46380.0
0.273,200.0,2133.0
0.273,537.5,6392.5
0.273,505.0,7275.0
0.273,1878.0,48973.5
0.273,1319.0,53830.0
0.273,619.0,6876.0
0.273,1336.75,68507.75
0.273,96.0,146.0
0.273,1083.5,32814.5
0.273,146.0,2854.0
0.273,1049.3333333333333,17639.666666666668
0.273,1277.6666666666667,34353.666666666664
0.273,2361.5,26202.5
0.273,458.0,8253.0
0.273,337.0,7276.0
0.273,575.0,10420.5
0.273,1803.5,48978.0
0.273,648.0,13264.5
0.273,1404.0,44818.0
0.273,2451.5,125174.0
0.273,869.0,4467.0
0.273,563.0,5199.0
0.273,1218.0,27370.5
0.273,1293.5,34155.0
0.273,571.0,44781.0
0.273,699.0,6623.0
0.273,3500.0,180947.0
0.273,1237.0,46688.5
0.273,586.0,12532.0
0.273,1025.0,10835.0
0.273,1345.0,29087.0
0.273,2296.5,78652.0
0.273,1001.0,18362.0
0.273,496.0,12532.0
0.273,74.0,1107.0
0.273,3500.0,109385.0
0.273,64.0,469.0
0.273,1179.5,24780.0
0.273,2276.0,89992.5
0.273,557.75,15221.0
0.273,771.6666666666666,23126.666666666668
0.273,654.25,8319.0
0.273,2124.0,73012.0
0.273,68.0,596.0
0.273,1214.75,29435.5
0.273,96.0,116.0
0.274,1258.0,23065.0
0.274,768.5,9278.5
0.274,1591.6666666666667,79517.66666666667
0.274,3500.0,303048.0
0.274,64.0,530.0
0.274,1965.0,64855.5
0.274,593.0,7021.0
0.274,2371.0,122680.0
0.274,797.0,15212.0
0.274,107.0,1002.0
0.274,1536.5,62454.0
0.274,3500.0,180483.0
0.274,104.0,109.0
0.274,1170.0,16760.0
0.274,724.0,32021.0
0.274,375.0,5239.0
0.274,820.0,8680.0
0.274,751.5,8180.0
0.274,239.0,4526.0
0.274,1965.0,73335.0
0.274,241.0,9368.0
0.274,556.5,8719.0
0.274,1681.0,35654.0
0.274,3500.0,78951.0
0.274,1079.0,42024.0
0.274,3500.0,85286.0
0.274,1148.25,32587.0
0.274,983.0,17991.0
0.274,361.0,3585.0
0.274,1423.5,41910.0
0.274,383.6666666666667,7792.0
0.274,1092.6666666666667,20638.0
0.274,3500.0,189456.0
0.274,67.0,725.0
0.274,1093.0,21572.0
0.274,777.5,16476.0
0.274,1454.3333333333333,46227.333333333336
0.274,304.5,1988.5
0.274,411.3333333333333,10361.666666666666
0.274,1247.0,26577.0
0.274,1342.0,22747.0
0.274,900.0,26796.0
0.274,764.6666666666666,8619.0
0.274,337.0,3600.0
0.274,95.0,1059.0
0.274,1040.0,67135.0
0.274,3500.0,89378.0
0.274,1277.6666666666667,11137.333333333334
0.274,823.0,38215.6
0.274,345.6666666666667,10257.333333333334
0.274,1049.0,19534.0
0.274,1597.0,29412.0
0.274,85.0,100.0
0.274,1633.3333333333333,74297.33333333333
0.274,1589.6666666666667,50039.666666666664
0.274,530.0,5980.0
0.274,184.0,1686.0
0.274,527.0,5156.5
0.274,2261.0,78458.5
0.274,332.0,1028.0
0.274,1186.0,56329.5
0.274,1793.0,95937.0
0.274,478.0,5174.0
0.274,1288.0,25018.0
0.275,98.0,101.0
0.275,1163.0,20522.0
0.275,85.0,106.0
0.275,1093.0,8945.0
0.275,835.5,15095.0
0.275,800.5,15422.5
0.275,1122.0,34316.0
0.275,1429.0,13874.0
0.275,1185.0,29176.0
0.275,1413.0,107647.0
0.275,507.5,6514.5
0.275,80.0,161.0
0.275,1125.0,43938.0
0.275,101.0,847.0
0.275,3500.0,138188.0
0.275,305.0,3317.0
0.275,3500.0,159644.0
0.275,366.0,4579.5
0.275,1177.0,13308.0
0.275,1334.0,10037.0
0.275,198.0,1190.0
0.275,517.0,18636.0
0.275,1142.0,41686.0
0.275,673.0,5786.0
0.275,1846.75,70013.25
0.275,1933.0,42332.0
0.275,480.3333333333333,5988.333333333333
0.275,491.5,4871.5
0.275,2044.0,120426.5
0.275,282.0,2839.0
0.275,1754.5,47909.5
0.275,119.0,1565.0
0.275,316.0,16291.0
0.275,828.5,18089.5
0.275,89.0,98.0
0.275,1062.0,28199.0
0.275,470.5,5825.5
0.275,110.0,945.0
0.275,1345.0,27720.0
0.275,89.0,733.0
0.275,1842.0,49533.0
0.275,3500.0,79326.0
0.275,3500.0,182211.0
0.275,1195.0,54346.0
0.275,594.0,6493.0
0.275,311.0,3410.0
0.275,740.5,12671.5
0.275,699.0,15434.0
0.275,667.0,4722.0
0.275,2083.5,71535.0
0.275,451.0,8849.0
0.275,209.5,3634.0
0.275,794.5,17408.5
0.275,505.0,7687.0
0.275,567.0,5277.0
0.275,164.0,349.0
0.275,82.0,276.6666666666667
0.275,112.0,125.5
0.275,112.0,541.0
0.275,933.0,16933.0
0.275,136.0,147.0
0.275,1555.0,66517.5
0.276,699.0,16489.0
0.276,1179.25,16247.5
0.276,505.0,9514.0
0.276,966.0,27857.0
0.276,673.0,18254.0
0.276,408.0,7443.75
0.276,83.0,94.0
0.276,1006.0,19600.0
0.276,903.5,8585.5
0.276,972.5,49666.0
0.276,1334.0,25721.0
0.276,885.5,15716.5
0.276,1720.3333333333333,22166.333333333332
0.276,507.5,5766.5
0.276,635.0,8440.0
0.276,1212.0,58343.0
0.276,1345.0,49047.0
0.276,2002.5,53171.5
0.276,98.0,101.0
0.276,3500.0,129855.0
0.276,982.0,40501.0
0.276,1269.5,39936.75
0.276,1553.0,37383.0
0.276,3500.0,276310.0
0.276,147.0,175.0
0.276,1843.0,104877.0
0.276,629.0,9513.0
0.276,701.5,7876.5
0.276,1803.5,140013.0
0.276,1091.0,26353.0
0.276,1292.5,51365.0
0.276,643.0,16523.5
0.276,1865.0,132418.0
0.276,1765.0,56821.0
0.276,323.0,2794.0
0.276,95.0,99.5
0.276,822.0,26032.0
0.276,422.5,4591.5
0.276,421.0,7111.0
0.276,1788.0,68433.0
0.276,85.0,100.0
0.276,367.0,12829.0
0.276,3500.0,230077.0
0.276,1009.0,13953.0
0.276,2098.0,92068.5
0.276,617.5,5664.5
0.276,666.3333333333334,16689.333333333332
0.276,3500.0,226609.0
0.276,625.0,23314.333333333332
0.276,688.0,8688.0
0.276,1705.0,36641.0
0.276,3500.0,63568.0
0.276,111.0,847.0
0.276,344.0,9775.0
0.276,534.0,6279.0
0.276,158.5,2521.0
0.276,3500.0,128470.0
0.276,1118.3333333333333,44038.666666666664
0.276,195.5,3338.0
0.276,1923.0,54531.0
0.276,3500.0,108414.0
0.276,682.0,7640.0
0.276,343.0,7125.0
0.276,616.0,10095.0
0.276,1025.0,27305.333333333332
0.276,868.0,21001.0
0.276,757.0,8533.0
0.277,894.25,20355.25
0.277,443.0,7450.0
0.277,588.0,17834.0
0.277,3500.0,177665.0
0.277,103.0,828.0
0.277,3500.0,219020.0
0.277,562.0,19655.0
0.277,190.0,1594.0
0.277,1282.0,21593.0
0.277,1913.3333333333333,67478.33333333333
0.277,538.5,7259.5
0.277,3500.0,150217.0
0.277,213.0,2992.0
0.277,349.0,2959.0
0.277,143.0,165.0
0.277,1886.3333333333333,68306.66666666667
0.277,2032.0,84701.0
0.277,185.0,1723.0
0.277,3500.0,146262.0
0.277,999.0,11439.0
0.277,3500.0,189520.0
0.277,1399.6666666666667,44084.0
0.277,1810.0,105254.0
0.277,91.0,111.0
0.277,1009.0,19110.0
0.277,1575.6666666666667,87610.0
0.277,634.5,7565.5
0.277,924.0,25512.5
0.277,1933.0,31933.0
0.277,212.0,682.0
0.277,1093.0,15237.0
0.277,3500.0,177543.0
0.277,677.5,13100.5
0.277,507.0,9177.333333333334
0.277,1620.6666666666667,69687.0
0.277,284.5,3065.0
0.277,484.3333333333333,7273.333333333333
0.277,697.0,7140.0
0.277,1036.0,10620.0
0.277,1810.0,43607.0
0.277,624.0,14661.0
0.277,505.0,7774.0
0.277,1892.3333333333333,53534.0
0.277,417.5,9091.5
0.277,1359.0,19044.0
0.277,79.0,284.0
0.277,456.5,7527.0
0.277,506.0,13968.0
0.277,254.5,2725.0
0.277,1799.0,30657.5
0.277,1770.0,40921.0
0.277,1254.0,19541.0
0.277,1112.0,26842.0
0.277,3500.0,119126.0
0.277,676.0,10547.0
0.277,1217.0,32962.0
0.277,172.0,2284.0
0.277,662.0,9934.0
0.277,323.5,6253.0
0.277,1790.3333333333333,94463.0
0.278,1686.75,39815.75
0.278,531.5,7886.5
0.278,2212.5,157646.5
0.278,363.0,4131.0
0.278,857.5,7021.0
0.278,1345.0,50054.0
0.278,65.0,763.0
0.278,1960.5,70635.5
0.278,343.0,4539.0
0.278,641.0,12295.5
0.278,3500.0,122745.0
0.278,1279.5,47045.0
0.278,108.0,1283.0
0.278,336.0,5317.0
0.278,3500.0,196289.0
0.278,3500.0,156500.0
0.278,90.0,1654.0
0.278,100.0,107.0
0.278,549.6666666666666,8131.666666666667
0.278,1184.0,17771.0
0.278,1009.0,15372.0
0.278,841.0,14484.0
0.278,1409.5,37355.0
0.278,1530.0,34810.0
0.278,2716.5,126231.5
0.278,188.0,2282.0
0.278,766.5,17402.0
0.278,334.0,2042.0
0.278,1895.0,52711.666666666664
0.278,379.0,5048.0
0.278,117.0,182.0
0.278,779.6666666666666,35927.666666666664
0.278,3500.0,150595.0
0.278,622.0,17730.0
0.278,1009.0,24253.0
0.278,150.0,1090.0
0.278,991.0,21889.5
0.278,143.0,190.0
0.278,1712.0,59074.333333333336
0.278,841.0,18920.0
0.278,61.0,1916.0
0.278,3500.0,211639.0
0.278,604.0,19202.5
0.278,63.0,613.0
0.278,3500.0,263460.0
0.278,478.0,2334.0
0.278,1025.75,29449.25
0.278,1714.0,46322.0
0.278,562.0,7459.0
0.278,370.0,6934.5
0.278,193.0,255.0
0.278,357.0,5495.0
0.278,585.0,5984.0
0.278,295.0,6524.0
0.278,2380.5,131402.5
0.278,113.0,529.0
0.278,1390.0,94515.0
0.278,365.0,5236.0
0.278,136.0,283.3333333333333
0.278,197.0,1701.0
0.279,599.0,8964.25
0.279,2002.5,70593.0
0.279,158.0,250.0
0.279,95.0,2184.0
0.279,220.0,4422.5
0.279,658.0,8429.0
0.279,925.0,17230.0
0.279,3500.0,177928.0
0.279,72.0,94.0
0.279,799.5,11124.5
0.279,848.5,26355.0
0.279,239.0,2030.0
0.279,206.0,3821.0
0.279,2707.6666666666665,153033.0
0.279,587.0,1907.0
0.279,324.0,2584.0
0.279,373.5,6271.5
0.279,695.5,9369.0
0.279,1557.3333333333333,22034.333333333332
0.279,2674.5,72621.5
0.279,673.0,4422.0
0.279,1116.3333333333333,38088.666666666664
0.279,146.0,162.0
0.279,2464.5,96958.5
0.279,536.0,8976.0
0.279,2264.0,65340.5
0.279,709.0,11578.0
0.279,1294.0,28736.0
0.279,2017.0,34057.0
0.279,2498.0,137021.0
0.279,1346.0,67391.0
0.279,228.0,2779.5
0.279,1021.0,17472.0
0.279,685.0,7513.5
0.279,555.5,9725.5
0.279,3500.0,148897.0
0.279,3500.0,150566.0
0.279,847.6666666666666,21814.333333333332
0.279,1345.0,24073.0
0.279,756.0,23980.0
0.279,486.0,5741.0
0.279,1304.3333333333333,30861.333333333332
0.279,1165.0,26923.0
0.279,64.0,105.0
0.279,1063.0,11301.0
0.279,3500.0,80564.0
0.279,1915.5,81030.5
0.279,746.0,19890.0
0.279,757.0,10903.0
0.279,66.0,630.0
0.279,1536.0,28378.0
0.279,161.0,210.0
0.279,3500.0,89790.0
0.279,3500.0,193614.0
0.279,670.0,10151.0
0.279,69.0,713.0
0.279,820.5,13617.0
0.279,506.6666666666667,6129.666666666667
0.279,153.5,1308.0
0.279,84.0,908.0
0.279,128.5,320.5
0.279,925.0,12552.0
0.279,3500.0,140228.0
0.279,713.0,9895.0
0.28,3500.0,83852.0
0.28,420.25,5783.25
0.28,428.0,6719.0
0.28,539.5,14396.0
0.28,138.0,3142.0
0.28,673.0,21072.0
0.28,585.0,6098.0
0.28,3500.0,235967.0
0.28,1812.0,80511.0
0.28,3500.0,69567.0
0.28,3500.0,149259.0
0.28,3500.0,84840.0
0.28,1165.0,29247.0
0.28,260.0,5516.0
0.28,3500.0,224761.0
0.28,1261.0,31786.0
0.28,1219.75,29374.75
0.28,1695.0,55766.0
0.28,1233.5,28326.75
0.28,1009.0,14898.0
0.28,432.0,22404.5
0.28,1943.5,101269.5
0.28,3500.0,80550.0
0.28,1106.0,33438.0
0.28,1959.75,123221.0
0.28,195.0,4675.0
0.28,445.5,13452.25
0.28,1195.0,9929.0
0.28,2758.5,84110.0
0.28,653.75,13363.5
0.28,495.5,8143.5
0.28,1656.0,89094.0
0.28,3500.0,244480.0
0.28,914.0,12499.0
0.28,685.6666666666666,5655.333333333333
0.28,332.0,3620.0
0.28,83.0,129.0
0.28,3500.0,190486.0
0.28,1004.0,36745.0
0.28,1586.3333333333333,25290.0
0.28,63.0,636.0
0.28,2566.5,115354.5
0.28,1196.0,14403.0
0.28,673.0,27083.0
0.28,3500.0,195288.0
0.28,1270.3333333333333,60634.333333333336
0.28,256.0,3407.0
0.28,3500.0,90276.0
0.28,1050.0,38823.0
0.28,3500.0,202235.0
0.28,3500.0,164092.0
0.28,318.0,11215.0
0.28,1225.0,68548.0
0.28,380.0,3038.0
0.28,749.0,11379.0
0.28,1866.6666666666667,66971.66666666667
0.28,620.0,7751.0
0.28,1192.0,42337.5
0.28,3500.0,73248.0
0.28,942.5,16386.0
0.28,501.0,9646.0
0.28,534.0,11070.0
0.28,671.5,16804.0
0.28,3500.0,81554.0
0.28,1192.0,21520.0
0.28,919.5,20546.0
0.28,349.0,8598.0
0.28,1020.0,32770.0
0.28,72.0,756.0
0.28,1210.0,29857.0
0.281,119.0,175.0
0.281,673.0,7138.0
0.281,994.6666666666666,35082.0
0.281,1262.5,34015.5
0.281,2245.5,106880.0
0.281,1516.5,53027.0
0.281,549.5,8085.25
0.281,1197.0,24568.0
0.281,871.0,28694.0
0.281,3500.0,235398.0
0.281,3500.0,211383.0
0.281,1127.0,45172.0
0.281,1445.0,86569.0
0.281,3500.0,196759.0
0.281,120.0,2242.0
0.281,917.0,26979.333333333332
0.281,843.0,13918.0
0.281,1116.0,36140.0
0.281,402.0,4674.0
0.281,1967.0,82389.0
0.281,1698.3333333333333,71313.66666666667
0.281,2264.5,166127.5
0.281,2193.5,135864.5
0.281,1071.0,8007.0
0.281,359.0,5906.0
0.281,3500.0,130745.0
0.281,364.0,4192.5
0.281,681.0,10482.0
0.281,3500.0,107878.0
0.281,836.0,36378.5
0.281,1009.0,41864.0
0.281,715.5,30444.5
0.281,635.0,6630.0
0.281,1009.0,17275.0
0.281,3500.0,156132.0
0.281,1205.0,13511.0
0.281,3500.0,199660.0
0.281,93.5,1256.0
0.281,747.0,17041.0
0.281,552.0,4009.3333333333335
0.281,639.0,8124.0
0.281,1150.0,35749.5
0.281,1345.0,17772.0
0.281,1050.0,37212.5
0.281,1106.0,15368.0
0.281,1195.0,23045.0
0.281,3500.0,128010.0
0.281,1009.0,11018.0
0.281,750.0,16099.0
0.281,458.0,5735.0
0.281,799.3333333333334,8867.666666666666
0.281,803.5,14169.0
0.281,277.0,6026.0
0.281,243.0,4287.0
0.281,176.0,2264.5
0.281,3500.0,215074.0
0.281,1312.3333333333333,33757.666666666664
0.281,3500.0,121559.0
0.281,435.0,8531.5
0.281,1079.0,14848.0
0.281,1833.0,124864.0
0.281,218.33333333333334,1256.0
0.281,1261.0,13552.0
0.281,948.6666666666666,14222.333333333334
0.281,191.0,755.0
0.281,3500.0,181621.0
0.281,3500.0,143457.5
0.281,675.0,10761.0
0.281,2082.0,107242.0
0.281,791.0,2843.0
0.281,1044.0,29834.0
0.281,64.0,552.0
0.282,719.0,13849.0
0.282,2007.3333333333333,34156.333333333336
0.282,141.5,2379.0
0.282,450.0,2485.0
0.282,844.0,9773.0
0.282,367.0,4577.0
0.282,398.0,7594.0
0.282,1429.0,16799.0
0.282,1445.0,42440.0
0.282,1009.0,42447.0
0.282,589.0,19413.0
0.282,671.0,5950.0
0.282,1051.5,34212.0
0.282,104.0,106.0
0.282,62.0,78.0
0.282,630.6666666666666,19007.666666666668
0.282,884.0,18899.0
0.282,1733.5,108714.0
0.282,370.0,2139.0
0.282,491.0,12818.0
0.282,381.0,6219.5
0.282,98.0,103.0
0.282,293.5,4449.5
0.282,1814.0,77194.0
0.282,297.0,4741.666666666667
0.282,1850.0,88615.66666666667
0.282,367.0,5084.0
0.282,828.0,17908.0
0.282,1116.6666666666667,46070.666666666664
0.282,3500.0,166755.0
0.282,64.0,335.0
0.282,263.5,3166.0
0.282,761.0,23544.0
0.282,1017.0,16122.0
0.282,650.0,13313.0
0.282,681.5,8897.0
0.282,3500.0,119901.0
0.282,1849.0,124909.0
0.282,303.0,4117.0
0.282,754.5,10702.5
0.282,3500.0,158756.0
0.282,293.3333333333333,2594.6666666666665
0.282,757.0,10724.0
0.282,3500.0,200420.0
0.282,387.0,3561.0
0.282,400.0,11868.0
0.282,1490.0,65079.0
0.282,3500.0,76188.0
0.282,1634.5,65494.5
0.282,701.3333333333334,12165.333333333334
0.282,990.0,5272.0
0.282,561.0,29566.0
0.282,1535.5,46625.0
0.282,1006.0,13955.0
0.282,1093.0,11541.0
0.282,527.0,5680.0
0.282,348.0,4742.0
0.282,421.0,4632.0
0.282,1776.3333333333333,106803.66666666667
0.282,1889.0,47679.0
0.282,635.0,5594.0
0.282,1237.5,17594.0
0.282,421.0,12701.0
0.282,84.0,1423.0
0.282,359.0,9286.0
0.283,437.0,6234.0
0.283,460.5,10488.0
0.283,315.0,1984.0
0.283,3500.0,112120.0
0.283,260.0,6252.0
0.283,659.0,18547.5
0.283,3500.0,255937.0
0.283,759.6666666666666,36726.333333333336
0.283,612.0,12125.0
0.283,1754.0,51288.0
0.283,852.5,10753.5
0.283,375.0,8710.5
0.283,549.25,17649.5
0.283,472.0,12007.0
0.283,311.0,3695.0
0.283,3500.0,290318.0
0.283,259.0,1548.0
0.283,3500.0,280247.0
0.283,383.0,4673.666666666667
0.283,445.0,7644.0
0.283,1929.0,75092.0
0.283,1944.5,71115.5
0.283,157.0,1711.0
0.283,512.0,7894.0
0.283,841.0,15588.0
0.283,2688.0,132438.5
0.283,215.0,2111.0
0.283,806.0,13581.5
0.283,2213.5,115649.5
0.283,88.0,99.0
0.283,94.0,106.0
0.283,925.0,10187.0
0.283,239.5,354.5
0.283,1169.0,17232.0
0.283,77.0,1047.0
0.283,932.5,14464.0
0.283,948.6666666666666,10266.0
0.283,172.5,699.5
0.283,1345.0,35985.0
0.283,65.0,570.0
0.283,775.3333333333334,20265.666666666668
0.283,1174.0,35321.25
0.283,1221.0,27597.0
0.283,990.0,29135.5
0.283,476.0,4606.0
0.283,419.0,2401.0
0.283,92.0,107.0
0.283,1051.0,30396.0
0.283,59.0,518.0
0.283,2190.0,56807.5
0.283,594.5,10554.5
0.283,1177.0,41128.0
0.283,426.0,22240.75
0.283,1080.0,39431.0
0.283,1041.0,9120.0
0.283,1337.0,21976.0
0.284,2317.5,133332.5
0.284,63.0,610.0
0.284,520.0,10285.0
0.284,1355.0,29095.5
0.284,370.0,4883.0
0.284,3500.0,153708.0
0.284,3500.0,119488.0
0.284,2353.0,68486.5
0.284,1038.0,57904.0
0.284,1681.0,27104.0
0.284,406.0,5456.0
0.284,751.0,29898.0
0.284,651.0,5511.0
0.284,1156.0,39656.0
0.284,3500.0,217318.0
0.284,666.0,14387.5
0.284,606.0,5022.0
0.284,66.0,750.0
0.284,3500.0,191503.0
0.284,75.0,88.0
0.284,600.0,8722.0
0.284,202.5,1601.5
0.284,3500.0,217034.0
0.284,766.0,14459.0
0.284,132.0,148.0
0.284,837.0,12159.0
0.284,476.0,8299.5
0.284,663.5,12875.0
0.284,81.0,473.5
0.284,337.0,5091.0
0.284,2367.0,127783.0
0.284,3500.0,141582.0
0.284,1166.0,25954.0
0.284,249.0,3432.0
0.284,1360.0,82102.0
0.284,3500.0,218927.0
0.284,419.0,18733.0
0.284,3500.0,178759.0
0.284,334.0,5359.0
0.284,427.5,7577.5
0.284,72.0,91.0
0.284,3500.0,71547.0
0.284,277.0,2300.0
0.284,1972.5,58926.0
0.284,898.0,14400.0
0.284,262.0,2377.0
0.284,442.0,14643.0
0.284,1643.0,31399.0
0.284,525.0,3417.0
0.284,1062.3333333333333,25178.0
0.284,95.0,453.0
0.284,249.0,3649.0
0.284,1030.0,23775.0
0.284,1007.0,10856.0
0.284,1665.0,19867.0
0.284,3500.0,243549.0
0.284,69.0,95.0
0.284,1795.0,56800.0
0.284,1267.0,47466.0
0.284,656.6666666666666,14847.0
0.285,603.5,12054.0
0.285,181.5,749.5
0.285,67.0,669.0
0.285,3500.0,159654.0
0.285,181.5,3619.0
0.285,1320.0,36651.0
0.285,1405.0,34915.0
0.285,1595.0,96571.0
0.285,1888.0,80219.0
0.285,748.0,10435.5
0.285,65.0,595.0
0.285,1261.0,53683.0
0.285,657.3333333333334,9627.333333333334
0.285,1906.5,99229.5
0.285,77.0,1336.0
0.285,441.0,2964.5
0.285,2057.0,133113.0
0.285,207.0,268.0
0.285,98.0,103.0
0.285,83.0,125.0
0.285,312.0,6343.0
0.285,1669.5,37267.5
0.285,880.5,18143.5
0.285,653.0,9273.5
0.285,247.5,2358.5
0.285,58.0,419.0
0.285,1312.6666666666667,92221.33333333333
0.285,96.0,97.0
0.285,77.0,100.0
0.285,459.0,4243.0
0.285,1093.0,30891.0
0.285,874.5,7009.0
0.285,319.0,4768.0
0.285,2062.0,77527.0
0.285,3500.0,193846.0
0.285,1224.0,16918.0
0.285,1061.0,26172.0
0.285,1579.0,51580.0
0.285,1776.0,28327.0
0.285,2442.5,51005.0
0.285,38.0,623.0
0.285,474.0,8484.0
0.285,1007.0,15999.0
0.285,251.0,1239.0
0.285,83.5,609.5
0.285,1099.5,21330.5
0.285,1956.5,155803.0
0.285,472.0,4843.0
0.285,105.0,1106.0
0.285,1214.0,14818.0
0.285,631.0,13291.0
0.285,3500.0,185628.0
0.285,64.0,508.0
0.285,1540.75,108354.25
0.285,109.0,1227.0
0.285,92.0,102.0
0.285,790.5,5472.5
0.285,511.0,16089.0
0.285,1651.6666666666667,52486.0
0.285,89.0,617.0
0.285,835.5,14470.5
0.285,684.5,16335.0
0.285,104.0,238.0
0.285,350.0,9456.0
0.285,325.5,6577.5
0.285,2230.5,96622.5
0.285,1093.0,12621.0
0.285,96.0,980.0
0.285,497.0,2160.0
0.285,1009.0,27625.0
0.286,384.5,3927.5
0.286,1438.6666666666667,73544.33333333333
0.286,1261.0,57412.0
0.286,215.5,5695.0
0.286,608.0,4037.0
0.286,66.0,488.0
0.286,308.3333333333333,6135.666666666667
0.286,541.0,5516.0
0.286,405.0,10036.0
0.286,547.5,13942.5
0.286,1279.6666666666667,49846.0
0.286,172.0,295.0
0.286,1029.0,15977.5
0.286,1108.0,20418.0
0.286,612.0,3986.0
0.286,399.3333333333333,12938.0
0.286,1389.0,16301.0
0.286,182.0,4233.666666666667
0.286,138.5,1247.5
0.286,900.0,13703.0
0.286,68.0,777.0
0.286,1356.0,38537.0
0.286,1542.0,15681.0
0.286,375.0,645.0
0.286,3500.0,140452.0
0.286,1178.0,9011.0
0.286,68.0,298.0
0.286,1056.0,21938.0
0.286,2169.5,80707.0
0.286,747.0,27714.5
0.286,290.25,4236.0
0.286,1825.5,37515.5
0.286,122.66666666666667,1252.6666666666667
0.286,1138.0,12449.0
0.286,553.5714285714286,8404.57142857143
0.286,788.5,9701.0
0.286,1215.0,26939.0
0.286,108.0,666.5
0.286,252.5,1886.0
0.286,647.5,9280.0
0.286,1011.0,31373.5
0.286,1298.0,74845.0
0.286,651.0,7843.5
0.286,3500.0,143759.0
0.286,205.0,1231.0
0.286,762.0,25991.5
0.286,613.0,17170.333333333332
0.286,682.0,12851.0
0.286,281.0,5668.5
0.286,149.0,1141.0
0.286,341.0,18651.5
0.286,883.0,24762.5
0.286,544.0,7022.0
0.286,481.5,5161.0
0.286,275.0,3351.0
0.286,1896.0,56108.0
0.286,834.0,7344.0
0.286,161.5,1815.5
0.286,1861.6666666666667,88626.33333333333
0.287,1518.0,9943.0
0.287,653.0,15089.5
0.287,72.0,849.0
0.287,403.0,6108.0
0.287,252.5,4612.5
0.287,392.6666666666667,7425.666666666667
0.287,448.6666666666667,10582.666666666666
0.287,419.0,6277.0
0.287,3500.0,268789.0
0.287,1152.0,7914.0
0.287,1218.0,20455.0
0.287,421.0,18502.0
0.287,1378.6666666666667,73975.33333333333
0.287,2514.0,50553.0
0.287,638.0,16396.0
0.287,1849.0,104920.0
0.287,606.0,20532.666666666668
0.287,1068.0,16124.0
0.287,1551.6666666666667,102674.33333333333
0.287,990.0,13633.0
0.287,357.0,1415.0
0.287,866.0,29418.0
0.287,2041.5,96737.5
0.287,1763.0,49111.5
0.287,3500.0,72586.0
0.287,67.0,574.0
0.287,722.0,5465.0
0.287,1830.5,102600.5
0.287,634.5,8240.5
0.287,589.0,11411.0
0.287,1843.0,19227.0
0.287,1036.0,23753.0
0.287,2346.0,83057.5
0.287,1926.0,67977.0
0.287,97.0,107.0
0.287,1196.5,13917.5
0.287,239.0,1272.0
0.287,449.0,5698.0
0.287,254.0,3817.0
0.287,669.0,17186.0
0.287,188.33333333333334,2475.6666666666665
0.287,621.5,13814.0
0.287,452.0,4988.0
0.287,259.5,1137.5
0.287,69.0,673.0
0.287,92.5,116.0
0.287,391.5,4722.0
0.287,80.0,97.0
0.287,1364.0,23966.0
0.287,256.3333333333333,2265.0
0.287,1178.0,26033.0
0.287,285.5,2829.5
0.287,768.0,10816.5
0.287,413.0,4726.0
0.287,572.25,16366.75
0.287,100.0,880.0
0.287,835.5,19338.5
0.287,69.0,879.0
0.287,1326.0,44370.0
0.288,839.5,18136.5
0.288,2715.5,180922.5
0.288,3500.0,343412.0
0.288,77.0,1132.0
0.288,807.5,21640.0
0.288,833.4285714285714,33362.57142857143
0.288,1105.5,18249.5
0.288,95.0,160.0
0.288,1308.0,25982.0
0.288,744.0,8399.0
0.288,1429.0,56534.0
0.288,1111.0,20143.0
0.288,1856.0,89209.5
0.288,1345.0,31685.0
0.288,3500.0,149601.0
0.288,653.0,7944.0
0.288,3500.0,182486.0
0.288,1810.0,57043.0
0.288,420.0,3212.0
0.288,1048.0,24683.0
0.288,424.0,13561.0
0.288,308.0,7814.0
0.288,775.3333333333334,23492.666666666668
0.288,87.0,101.0
0.288,821.0,18808.666666666668
0.288,212.5,1716.25
0.288,3500.0,149683.0
0.288,611.0,6089.0
0.288,629.0,18524.0
0.288,3500.0,160114.0
0.288,73.0,956.0
0.288,1766.0,52923.0
0.288,2038.5,67348.5
0.288,542.5,13496.25
0.288,250.0,2535.6666666666665
0.288,1018.0,17051.0
0.288,40.0,44.0
0.288,353.0,1210.0
0.288,255.0,5010.0
0.288,840.0,11124.0
0.288,1765.0,63111.0
0.288,282.0,2709.0
0.288,1124.0,25180.0
0.288,436.0,9342.0
0.288,708.0,15975.0
0.288,1035.0,22327.0
0.288,362.0,10556.0
0.288,148.0,1262.0
0.288,72.0,474.0
0.288,841.0,8866.0
0.289,1009.0,20383.0
0.289,1028.0,32413.0
0.289,3500.0,224706.0
0.289,346.0,2893.0
0.289,505.0,7225.0
0.289,387.5,4797.0
0.289,754.0,13950.0
0.289,300.0,4920.0
0.289,1765.0,77241.0
0.289,272.3333333333333,7188.666666666667
0.289,1604.0,43563.0
0.289,260.0,3851.0
0.289,220.0,2541.0
0.289,134.0,777.0
0.289,310.0,5542.0
0.289,916.5,15889.5
0.289,109.0,601.0
0.289,1059.0,18432.0
0.289,419.0,5410.0
0.289,539.0,14799.0
0.289,1670.6666666666667,46194.0
0.289,691.0,23790.0
0.289,2432.5,70336.0
0.289,636.6666666666666,13741.333333333334
0.289,219.0,3777.0
0.289,295.0,3603.0
0.289,1091.0,64507.0
0.289,208.0,597.0
0.289,1397.0,17374.0
0.289,1005.0,5037.0
0.289,192.5,1964.0
0.289,1366.0,17775.0
0.289,229.0,3523.5
0.289,3500.0,81735.0
0.289,169.0,5480.0
0.289,1913.0,74345.0
0.289,589.0,25489.0
0.289,3500.0,220558.0
0.289,779.0,6930.0
0.289,1942.0,64429.5
0.289,755.0,12049.0
0.289,1890.5,67991.0
0.289,63.0,380.0
0.289,445.0,2333.0
0.289,92.0,163.0
0.289,270.0,928.0
0.289,1810.0,20375.0
0.289,556.0,5688.5
0.289,445.0,3306.0
0.289,329.3333333333333,3975.0
0.289,376.0,11476.0
0.289,3500.0,160120.0
0.289,512.5,9387.0
0.289,3500.0,181642.5
0.289,465.0,16207.0
0.289,1768.0,94016.33333333333
0.289,81.0,1428.0
0.289,1228.0,21941.0
0.289,3500.0,153602.0
0.289,992.0,16981.0
0.289,1084.0,19933.0
0.29,133.0,2302.0
0.29,835.5,17515.5
0.29,249.0,3094.0
0.29,1093.0,10365.0
0.29,1225.0,15822.0
0.29,603.0,70101.0
0.29,78.0,608.0
0.29,3500.0,208023.0
0.29,1023.0,9282.0
0.29,709.6666666666666,21618.0
0.29,1908.0,45300.0
0.29,1093.0,9136.0
0.29,1515.3333333333333,33323.333333333336
0.29,221.0,4400.0
0.29,587.0,6197.0
0.29,3500.0,126445.0
0.29,117.0,6061.5
0.29,1144.0,11584.0
0.29,87.0,94.0
0.29,2118.5,132722.5
0.29,85.0,107.0
0.29,3500.0,226064.0
0.29,161.0,1157.0
0.29,340.0,8381.0
0.29,101.0,105.0
0.29,639.0,7438.0
0.29,525.0,8403.0
0.29,524.0,14081.0
0.29,1153.0,17425.0
0.29,1967.0,48071.0
0.29,759.5,8878.0
0.29,1032.0,24448.5
0.29,577.3333333333334,12250.666666666666
0.29,62.0,515.0
0.29,1059.0,11751.0
0.29,269.5,2451.0
0.29,1693.0,38347.0
0.29,616.0,8268.0
0.29,206.0,422.0
0.29,338.3333333333333,5585.666666666667
0.29,725.0,26442.666666666668
0.29,109.5,1318.5
0.29,1537.0,61518.0
0.29,2236.25,116960.5
0.29,137.0,153.0
0.29,87.0,619.0
0.29,80.0,820.0
0.29,589.0,10228.0
0.29,764.0,31059.0
0.29,3500.0,169601.5
0.29,263.0,1958.0
0.29,830.0,14521.0
0.29,821.5,35542.5
0.29,436.3333333333333,4762.333333333333
0.29,1256.0,14820.0
0.29,533.0,13101.0
0.29,2401.5,56040.0
0.29,826.0,18050.0
0.29,87.0,97.0
0.291,217.0,1940.0
0.291,157.0,2797.0
0.291,258.0,2746.0
0.291,148.0,181.0
0.291,267.0,3425.0
0.291,845.0,13092.0
0.291,292.5,4081.5
0.291,1447.6666666666667,40370.333333333336
0.291,673.0,12961.0
0.291,353.0,10242.0
0.291,1097.0,47264.25
0.291,1033.0,29597.0
0.291,1795.5,28850.5
0.291,3500.0,84620.0
0.291,232.0,2764.0
0.291,2296.5,135062.0
0.291,586.0,12681.0
0.291,99.0,825.0
0.291,263.0,5671.0
0.291,1255.0,18228.0
0.291,3500.0,101176.0
0.291,3500.0,87770.0
0.291,331.0,2415.0
0.291,465.0,3716.0
0.291,1098.0,60603.0
0.291,341.0,5458.0
0.291,228.0,1874.0
0.291,757.0,19301.0
0.291,321.0,6915.0
0.291,118.0,2034.0
0.291,828.0,16288.5
0.291,324.0,13660.0
0.291,332.0,9847.5
0.291,437.0,2487.0
0.291,396.0,11153.0
0.291,284.0,5101.0
0.291,71.0,743.0
0.291,729.0,17848.0
0.291,1357.0,56490.0
0.291,601.0,8037.666666666667
0.291,388.0,2407.0
0.291,1488.0,50832.0
0.291,505.3333333333333,8045.333333333333
0.291,3500.0,130351.0
0.291,676.0,9607.0
0.291,1874.5,94206.0
0.291,415.0,5470.0
0.291,314.5,1733.5
0.291,325.5,8176.0
0.291,304.5,3969.0
0.291,996.5,33394.5
0.291,455.5,14504.0
0.291,3500.0,149495.0
0.291,727.0,6192.0
0.291,294.5,1826.0
0.291,1796.0,69578.5
0.291,77.0,1640.0
0.291,491.0,9042.0
0.292,260.6666666666667,2895.0
0.292,1317.0,36604.0
0.292,64.0,751.0
0.292,3500.0,292769.0
0.292,2559.5,72454.5
0.292,576.5,10397.0
0.292,1235.5,38167.5
0.292,683.5,24130.5
0.292,1515.6666666666667,64909.666666666664
0.292,1971.0,132982.5
0.292,837.3333333333334,12164.0
0.292,1950.5,78985.5
0.292,995.5,24409.5
0.292,760.0,12721.0
0.292,89.0,166.0
0.292,199.0,301.0
0.292,1071.0,43900.0
0.292,1177.0,61986.0
0.292,581.0,7771.666666666667
0.292,3500.0,303312.0
0.292,2003.6666666666667,106708.33333333333
0.292,79.0,103.0
0.292,1079.0,52582.5
0.292,62.0,373.0
0.292,243.0,681.0
0.292,95.0,160.0
0.292,86.0,1125.0
0.292,670.0,9270.0
0.292,90.0,318.0
0.292,1348.0,44091.0
0.292,1104.0,12092.0
0.292,2476.0,125727.0
0.292,852.0,12463.0
0.292,203.0,1407.0
0.292,112.0,678.0
0.292,205.0,6113.0
0.292,322.5,1806.0
0.292,1839.5,101006.0
0.292,67.0,710.0
0.292,3500.0,182325.0
0.292,1776.0,101061.0
0.292,1636.0,121542.0
0.292,292.0,6601.5
0.292,220.33333333333334,3541.0
0.292,1443.3333333333333,38975.333333333336
0.292,3500.0,143675.0
0.292,1851.5,92001.0
0.292,211.0,2017.0
0.292,1061.0,15181.0
0.292,1771.0,56410.0
0.292,905.0,5851.0
0.292,3500.0,139894.0
0.292,115.0,170.0
0.292,1492.0,37083.0
0.292,3500.0,211802.0
0.292,3500.0,202323.0
0.293,787.0,11706.0
0.293,781.5,15857.0
0.293,1038.0,25402.0
0.293,248.0,2752.0
0.293,643.0,8243.0
0.293,1386.0,20766.0
0.293,212.5,2858.0
0.293,1165.5,58817.75
0.293,1849.0,30877.0
0.293,66.0,949.0
0.293,1946.0,105825.5
0.293,3500.0,88129.0
0.293,403.0,4386.0
0.293,728.0,9174.0
0.293,129.0,1518.0
0.293,733.0,5212.0
0.293,416.0,7094.333333333333
0.293,638.5,8973.5
0.293,883.0,14134.5
0.293,3500.0,178803.0
0.293,111.0,1167.0
0.293,218.0,2687.0
0.293,3500.0,156596.0
0.293,920.0,9760.0
0.293,1086.0,11476.0
0.293,267.0,3220.0
0.293,171.0,1420.5
0.293,557.0,7583.0
0.293,1081.0,35172.0
0.293,1045.0,11507.0
0.293,73.0,409.0
0.293,434.0,3379.0
0.293,1386.25,42365.25
0.293,1919.0,49405.0
0.293,2380.5,114402.5
0.293,168.0,975.0
0.293,1849.0,33481.0
0.293,565.5,4715.25
0.293,1009.0,22654.0
0.293,660.0,18775.5
0.293,52.0,56.0
0.293,1009.0,14560.0
0.293,674.0,8377.75
0.293,70.0,597.0
0.293,166.0,187.0
0.293,111.0,147.0
0.293,76.0,997.0
0.293,248.5,8240.5
0.293,168.5,2741.5
0.293,400.0,3235.0
0.293,282.6666666666667,8143.666666666667
0.293,327.0,3297.0
0.293,1220.6666666666667,44192.666666666664
0.293,501.0,8485.0
0.293,477.0,6654.666666666667
0.293,1410.3333333333333,28840.666666666668
0.293,1880.5,40454.0
0.293,992.5,16621.0
0.293,104.0,113.0
0.294,776.3333333333334,12089.333333333334
0.294,146.0,150.0
0.294,1526.0,93764.0
0.294,433.6666666666667,5101.666666666667
0.294,1815.5,108656.0
0.294,1302.0,21536.5
0.294,246.0,446.0
0.294,1856.5,86534.5
0.294,1324.0,34982.0
0.294,344.0,10065.0
0.294,122.0,538.0
0.294,130.0,153.0
0.294,283.0,1136.0
0.294,1219.0,32089.0
0.294,535.0,9600.5
0.294,268.0,6813.0
0.294,1655.3333333333333,37544.666666666664
0.294,1197.0,18421.0
0.294,610.0,19833.0
0.294,89.0,1676.0
0.294,245.0,5237.0
0.294,202.5,1575.5
0.294,450.5,9396.0
0.294,778.0,14001.0
0.294,97.0,98.0
0.294,61.0,614.0
0.294,277.0,5961.0
0.294,62.0,79.0
0.294,1193.0,39258.0
0.294,3500.0,197903.0
0.294,107.0,165.0
0.294,1368.5,22313.0
0.294,1110.0,16506.0
0.294,606.0,12677.0
0.294,548.0,20623.0
0.294,625.0,11613.5
0.294,690.0,15892.0
0.294,111.0,1093.0
0.294,580.0,5949.0
0.294,79.0,94.0
0.294,713.0,22884.0
0.294,370.5,6484.5
0.294,1110.5,19410.5
0.294,1029.0,18148.0
0.294,355.0,1715.0
0.294,1649.0,30603.0
0.294,1783.0,126567.0
0.294,86.0,106.0
0.294,1088.0,16216.0
0.294,139.0,1547.0
0.294,3500.0,233359.0
0.294,1531.3333333333333,20716.666666666668
0.294,941.0,20773.0
0.294,1820.5,65630.5
0.294,1395.0,34016.0
0.294,1183.0,13592.0
0.294,169.0,3764.0
0.294,1894.5,84056.0
0.294,519.5,22001.5
0.295,1093.0,16865.0
0.295,90.0,775.0
0.295,202.0,1957.0
0.295,1179.0,24246.0
0.295,3500.0,162682.5
0.295,488.3333333333333,4707.0
0.295,1202.0,49917.5
0.295,1853.0,70840.0
0.295,1941.5,75705.5
0.295,304.0,4046.0
0.295,460.0,5107.0
0.295,1419.5,29199.0
0.295,148.5,655.0
0.295,589.0,8211.0
0.295,267.0,9563.0
0.295,1011.0,11147.0
0.295,1609.5,71174.5
0.295,1239.0,88973.0
0.295,1009.0,13066.0
0.295,822.0,17025.5
0.295,360.0,8112.0
0.295,3500.0,57295.0
0.295,542.6666666666666,13286.0
0.295,750.0,17222.333333333332
0.295,124.0,150.0
0.295,94.0,497.0
0.295,60.0,200.0
0.295,683.0,9772.0
0.295,145.0,160.0
0.295,1179.0,13969.0
0.295,1351.0,60732.0
0.295,3500.0,222012.0
0.295,258.0,3761.0
0.295,1530.0,37389.0
0.295,66.0,717.0
0.295,63.0,683.0
0.295,237.0,297.0
0.295,369.0,4304.0
0.295,1405.0,29475.0
0.295,49.0,682.0
0.295,696.0,9983.0
0.295,547.5,10554.5
0.295,2425.5,113305.0
0.295,551.0,5543.0
0.295,337.0,2374.0
0.295,144.0,1073.0
0.295,2352.0,55253.5
0.295,292.5,1538.0
0.295,58.0,374.0
0.295,3500.0,46209.0
0.295,354.0,12382.5
0.295,589.0,20095.0
0.295,692.0,8429.0
0.295,65.0,726.0
0.295,3500.0,151943.0
0.295,1177.0,55392.0
0.295,1866.0,96615.5
0.295,1188.5,16414.5
0.295,357.0,10347.0
0.295,358.0,7860.0
0.295,1497.0,32374.0
0.295,659.0,6188.0
0.296,214.0,2864.0
0.296,525.0,12440.0
0.296,1960.5,63441.5
0.296,93.0,106.0
0.296,98.0,123.0
0.296,1168.0,16755.0
0.296,530.0,15232.0
0.296,212.0,877.0
0.296,517.25,17593.75
0.296,437.0,8844.0
0.296,197.0,1146.0
0.296,116.0,210.0
0.296,2118.0,90674.5
0.296,291.5,3897.5
0.296,3500.0,60809.0
0.296,259.0,2681.0
0.296,122.0,209.0
0.296,93.0,95.0
0.296,329.0,1952.0
0.296,62.0,639.0
0.296,1582.6666666666667,34386.333333333336
0.296,76.0,153.0
0.296,87.0,99.0
0.296,686.5,9617.0
0.296,1599.0,97458.0
0.296,372.25,5799.75
0.296,1029.0,48416.0
0.296,328.0,6193.0
0.296,383.0,6836.0
0.296,544.0,9555.5
0.296,1104.5,28781.5
0.296,103.0,230.0
0.296,68.0,615.0
0.296,1849.0,55717.0
0.296,3500.0,120518.0
0.296,194.0,4406.0
0.296,211.0,2663.5
0.296,107.0,151.0
0.296,505.0,8418.0
0.296,192.33333333333334,4256.666666666667
0.296,3500.0,118009.0
0.296,529.0,10798.5
0.296,102.0,107.0
0.296,910.0,13009.0
0.296,587.0,8248.0
0.296,372.0,3951.0
0.296,36.0,38.0
0.296,187.0,1711.0
0.296,673.0,18682.0
0.296,1269.0,10414.0
0.296,465.0,6253.75
0.296,132.0,203.0
0.296,96.0,460.0
0.297,58.0,450.0
0.297,609.5,12302.5
0.297,1188.0,70374.0
0.297,1868.0,65500.25
0.297,2170.5,63500.0
0.297,152.0,166.0
0.297,75.0,81.0
0.297,355.0,3517.0
0.297,756.0,10158.0
0.297,389.0,10370.0
0.297,1623.0,48718.0
0.297,321.0,6009.0
0.297,1188.0,89914.0
0.297,1250.0,45882.0
0.297,1270.0,15182.0
0.297,333.0,3821.0
0.297,163.0,2372.0
0.297,3500.0,232533.0
0.297,187.5,1666.5
0.297,1686.0,120955.0
0.297,152.0,304.0
0.297,325.0,1312.0
0.297,325.5,3507.5
0.297,213.0,5453.0
0.297,785.0,22295.0
0.297,614.0,10276.0
0.297,62.0,525.0
0.297,393.0,4297.0
0.297,546.0,5762.0
0.297,1009.0,9738.0
0.297,115.66666666666667,1107.3333333333333
0.297,733.0,10218.0
0.297,93.0,97.0
0.297,683.0,10981.0
0.297,788.6666666666666,24098.666666666668
0.297,433.0,7849.0
0.297,1610.75,49052.0
0.297,2274.0,73665.5
0.297,632.5,9438.5
0.297,1983.8,70647.4
0.297,427.3333333333333,5207.666666666667
0.297,3500.0,121174.0
0.297,2390.0,72933.0
0.297,1797.0,113856.0
0.297,992.0,14458.5
0.297,83.0,1391.0
0.297,61.0,634.0
0.297,1439.0,106012.0
0.297,316.0,4467.0
0.297,216.0,2715.5
0.297,1071.0,16782.0
0.298,656.0,10761.0
0.298,734.0,8583.5
0.298,360.5,2739.0
0.298,82.0,654.0
0.298,853.0,11464.0
0.298,97.0,441.0
0.298,760.0,7664.0
0.298,1272.0,55569.0
0.298,100.0,207.0
0.298,68.0,559.0
0.298,925.0,26605.0
0.298,170.0,1113.0
0.298,673.0,7439.0
0.298,409.0,6011.0
0.298,263.0,3803.0
0.298,97.0,98.0
0.298,251.0,8562.0
0.298,331.0,1044.0
0.298,2086.5,94432.5
0.298,689.0,7539.0
0.298,1522.0,105578.0
0.298,1123.0,13489.0
0.298,3500.0,208061.0
0.298,102.0,109.0
0.298,405.0,4234.0
0.298,601.0,15234.0
0.298,116.0,940.0
0.298,929.3333333333334,17302.333333333332
0.298,555.0,2804.0
0.298,1939.0,46492.0
0.298,1172.0,45793.0
0.298,3500.0,204942.0
0.298,434.0,7188.5
0.298,766.5,5912.5
0.298,545.0,7203.0
0.298,261.0,5720.0
0.298,605.0,11492.5
0.298,1844.0,50380.0
0.298,1784.0,116510.5
0.298,710.0,10534.0
0.298,455.0,6236.0
0.298,1299.0,37092.0
0.298,100.0,2220.0
0.298,3500.0,200820.0
0.298,1796.5,116294.5
0.298,2031.5,77348.0
0.298,423.5,6537.5
0.298,657.5,12440.5
0.298,341.5,3119.5
0.298,1979.5,44064.5
0.298,676.0,10783.0
0.298,3500.0,105930.0
0.298,450.6,4970.2
0.298,359.0,4386.0
0.298,832.5,22043.75
0.299,1276.0,7347.0
0.299,1584.0,48571.0
0.299,859.0,19832.0
0.299,84.0,449.5
0.299,1422.0,22982.0
0.299,3500.0,130640.0
0.299,437.5,5843.5
0.299,322.6666666666667,10077.666666666666
0.299,429.0,4541.5
0.299,74.0,86.0
0.299,536.0,9435.0
0.299,503.0,3792.0
0.299,505.0,4706.0
0.299,496.25,6498.75
0.299,910.0,27754.333333333332
0.299,82.0,87.0
0.299,757.0,11295.0
0.299,998.0,15323.0
0.299,374.0,9672.0
0.299,969.3333333333334,18062.333333333332
0.299,2355.6666666666665,85524.0
0.299,66.0,799.0
0.299,290.0,1246.0
0.299,673.6666666666666,12791.333333333334
0.299,615.0,11470.0
0.299,503.0,3877.0
0.299,1193.0,33947.0
0.299,620.5,56239.5
0.299,108.66666666666667,861.3333333333334
0.299,172.0,1653.0
0.299,474.5,8301.0
0.299,97.0,830.0
0.299,2428.0,102855.0
0.299,794.0,15013.5
0.299,73.0,1169.0
0.299,438.0,4378.0
0.299,872.5,17470.5
0.299,1513.0,34381.0
0.299,607.5,6462.0
0.299,67.0,743.0
0.299,1684.3333333333333,102274.33333333333
0.299,2044.5,68879.0
0.299,83.0,104.0
0.299,569.0,4622.0
0.299,474.5,6437.5
0.299,63.0,559.0
0.299,1029.0,16450.0
0.299,406.0,8036.0
0.299,130.5,420.0
0.299,1348.0,48084.0
0.299,1765.0,79309.0
0.299,64.0,403.0
0.3,587.0,1159.0
0.3,1093.0,22942.0
0.3,2128.5,62979.5
0.3,3500.0,133937.0
0.3,72.0,96.0
0.3,408.0,6689.0
0.3,228.0,2657.0
0.3,1765.0,92510.0
0.3,230.0,522.0
0.3,482.0,13191.0
0.3,190.0,306.0
0.3,1792.0,82255.5
0.3,300.0,3052.0
0.3,915.0,13504.0
0.3,395.5,7937.5
0.3,1083.0,71589.0
0.3,757.0,12699.0
0.3,2692.5,99886.0
0.3,1300.0,13983.0
0.3,283.5,7475.5
0.3,2140.5,78487.0
0.3,1053.3333333333333,30539.333333333332
0.3,1261.0,16475.0
0.3,649.0,7456.0
0.3,1261.0,55594.0
0.3,111.0,770.0
0.3,417.0,9705.0
0.3,3500.0,219052.0
0.3,65.0,602.0
0.3,605.0,13883.0
0.3,330.0,2508.0
0.3,1774.6666666666667,64718.333333333336
0.3,1391.0,32778.0
0.3,2040.0,100594.0
0.3,1015.0,26919.0
0.3,83.0,101.0
0.3,3500.0,196547.0
0.3,761.5,21702.0
0.3,796.0,12598.0
0.3,708.0,20334.0
0.3,227.0,1911.5
0.3,275.5,3168.5
0.3,281.0,4386.0
0.3,1137.6666666666667,40851.0
0.301,1331.0,70443.33333333333
0.301,1009.0,20473.0
0.301,185.5,1085.0
0.301,56.0,57.0
0.301,121.0,203.0
0.301,590.0,9643.0
0.301,37.0,48.0
0.301,229.0,2740.0
0.301,479.0,11899.0
0.301,712.5,18065.5
0.301,329.0,2435.0
0.301,203.0,2334.0
0.301,1576.0,56997.0
0.301,953.5,26684.0
0.301,62.5,75.5
0.301,386.0,4701.0
0.301,91.0,92.0
0.301,572.0,12975.0
0.301,611.0,3345.0
0.301,725.0,6911.0
0.301,144.33333333333334,215.0
0.301,622.0,10638.0
0.301,285.0,4952.0
0.301,292.3333333333333,5052.333333333333
0.301,589.0,31818.0
0.301,472.0,6541.0
0.301,113.0,1669.5
0.301,356.0,4354.0
0.301,302.0,648.0
0.301,218.0,4859.0
0.301,109.0,225.0
0.301,219.0,4535.0
0.301,3500.0,94884.0
0.301,292.5,5037.0
0.301,53.0,56.0
0.301,1765.0,123753.0
0.301,274.0,5910.5
0.301,407.0,5563.0
0.301,3500.0,240706.0
0.301,571.5,20260.5
0.301,191.0,696.0
0.301,234.66666666666666,4241.0
0.301,279.0,2638.0
0.301,201.5,1417.0
0.302,174.0,203.0
0.302,756.0,28102.0
0.302,211.0,4941.0
0.302,607.0,8408.0
0.302,67.0,685.0
0.302,283.0,7571.0
0.302,2354.6666666666665,106431.66666666667
0.302,327.0,4334.333333333333
0.302,430.5,4527.5
0.302,589.0,6836.0
0.302,3500.0,276452.0
0.302,264.0,6285.0
0.302,3500.0,217970.0
0.302,167.0,271.0
0.302,388.0,4319.0
0.302,890.0,43887.5
0.302,220.0,1800.0
0.302,1810.0,71706.0
0.302,79.0,94.0
0.302,321.0,3662.0
0.302,388.0,6004.0
0.302,113.0,861.0
0.302,1386.0,50197.666666666664
0.302,1507.0,31287.0
0.302,500.0,3659.0
0.302,807.5,21745.5
0.302,357.0,5851.0
0.302,79.0,80.0
0.302,62.0,736.0
0.302,3500.0,108457.0
0.302,103.0,252.0
0.302,253.0,4006.0
0.302,81.0,1277.0
0.302,419.0,4852.0
0.302,445.0,5777.0
0.302,2024.0,52888.0
0.302,2267.5,106071.5
0.302,3500.0,237565.0
0.302,86.0,2072.0
0.302,200.5,328.5
0.302,1245.0,39704.0
0.302,1902.5,101701.0
0.302,1075.0,48291.5
0.302,85.0,95.0
0.302,757.0,14234.0
0.302,746.0,28487.5
0.302,936.0,11176.0
0.302,337.0,11943.0
0.302,420.0,10933.0
0.302,394.0,3018.0
0.302,380.0,4504.0
0.302,64.0,722.0
0.302,539.0,3406.0
0.302,1058.0,26211.0
0.302,3500.0,142828.0
0.302,2373.5,133337.0
0.302,1067.5,30446.5
0.302,735.0,24638.0
0.303,533.0,7274.0
0.303,847.0,10678.0
0.303,1670.0,93577.66666666667
0.303,558.0,15220.0
0.303,91.33333333333333,101.66666666666667
0.303,657.0,9379.0
0.303,90.0,150.0
0.303,347.0,18379.0
0.303,3500.0,336603.0
0.303,442.0,8864.0
0.303,272.3333333333333,4020.0
0.303,560.0,11113.0
0.303,115.0,148.0
0.303,377.0,3290.0
0.303,368.5,6351.0
0.303,1080.0,16985.0
0.303,1040.0,31757.5
0.303,264.0,2511.0
0.303,1101.0,71095.25
0.303,168.0,2203.0
0.303,3500.0,217630.0
0.303,325.0,1024.0
0.303,2023.5,59831.5
0.303,170.0,261.0
0.303,709.5,9251.5
0.303,3500.0,238436.0
0.303,1021.0,37720.0
0.303,113.0,1702.0
0.303,1920.0,70350.0
0.303,590.5,8271.0
0.303,1785.5,126931.5
0.303,3500.0,181737.0
0.303,178.5,1450.5
0.303,1006.0,35359.5
0.303,843.5,24073.5
0.303,736.0,19646.0
0.303,874.5,13256.5
0.303,100.0,160.0
0.303,586.0,10212.333333333334
0.303,545.0,9995.0
0.303,286.5,4157.0
0.303,263.5,2644.0
0.303,246.66666666666666,4137.333333333333
0.303,707.0,16688.0
0.303,778.6666666666666,20091.333333333332
0.303,130.0,150.0
0.303,241.0,3168.0
0.303,392.5,6046.5
0.303,925.5,23024.0
0.303,161.0,1143.0
0.303,392.5,15763.5
0.303,66.0,887.0
0.303,730.0,10841.0
0.303,426.0,5863.0
0.304,326.0,4581.0
0.304,649.5,11327.0
0.304,405.5,4142.5
0.304,110.5,1098.0
0.304,236.5,1548.5
0.304,186.0,447.0
0.304,576.0,5805.0
0.304,121.0,2190.0
0.304,514.3333333333334,7188.666666666667
0.304,417.0,9536.5
0.304,87.0,92.0
0.304,69.0,684.0
0.304,699.0,8073.0
0.304,1229.5,46395.5
0.304,405.0,11217.0
0.304,240.0,996.0
0.304,560.0,7446.0
0.304,1182.0,54230.0
0.304,325.0,2539.0
0.304,360.0,1912.0
0.304,895.0,15886.0
0.304,362.0,3948.0
0.304,1065.0,39099.0
0.304,597.0,6303.0
0.304,120.0,2355.0
0.304,340.0,4511.0
0.304,310.5,4488.0
0.304,223.0,2434.0
0.304,739.0,10097.0
0.304,1188.0,33956.0
0.304,1801.5,38781.0
0.304,1012.0,17680.5
0.304,418.5,5547.5
0.304,1026.6666666666667,55599.0
0.304,3500.0,258390.0
0.304,202.0,1992.0
0.304,2295.5,73516.5
0.304,467.5,13749.5
0.304,40.0,41.0
0.304,3500.0,146589.0
0.304,1000.0,22496.0
0.304,295.0,3308.0
0.304,1181.0,18397.5
0.304,1274.0,48145.0
0.304,117.0,137.0
0.304,80.5,686.0
0.304,95.0,159.0
0.304,3500.0,160419.0
0.305,229.0,2229.0
0.305,1625.0,55831.0
0.305,2404.6666666666665,76377.66666666667
0.305,418.0,4975.0
0.305,77.0,90.0
0.305,346.0,6056.333333333333
0.305,69.0,755.0
0.305,539.0,6987.5
0.305,1177.0,27794.0
0.305,785.0,31710.666666666668
0.305,251.0,1273.0
0.305,504.0,8199.0
0.305,215.0,1752.0
0.305,174.0,655.0
0.305,1187.0,43435.0
0.305,257.0,3629.0
0.305,189.0,4516.0
0.305,1843.5,57144.5
0.305,714.5,12878.0
0.305,999.0,8859.0
0.305,1096.5,16705.5
0.305,262.0,4339.333333333333
0.305,853.5,46432.5
0.305,496.0,7163.0
0.305,3500.0,119782.0
0.305,1800.0,96025.0
0.305,187.0,2579.0
0.305,133.0,239.0
0.305,1013.0,11640.0
0.305,226.5,3768.5
0.305,1062.5,27825.5
0.305,676.5,4664.5
0.305,60.0,397.0
0.305,213.0,4718.0
0.305,1143.0,63408.0
0.305,407.0,4289.5
0.305,419.0,4431.0
0.305,432.0,7240.5
0.305,184.5,774.0
0.305,3500.0,209298.0
0.305,1376.6666666666667,49059.0
0.305,2737.3333333333335,73527.0
0.305,284.0,4214.0
0.305,222.5,2415.0
0.305,485.0,5266.0
0.305,1136.5,37430.5
0.305,66.0,250.0
0.305,3500.0,163081.0
0.305,494.0,7812.0
0.305,483.5,9284.5
0.305,841.0,18851.0
0.305,1103.0,50759.0
0.305,1117.0,45781.0
0.305,1112.0,41233.0
0.305,1614.0,39089.0
0.305,337.0,7250.0
0.306,662.0,7025.0
0.306,488.5,13126.0
0.306,212.0,1827.0
0.306,705.0,43126.0
0.306,3500.0,158643.0
0.306,614.0,23953.0
0.306,239.0,372.0
0.306,163.0,769.0
0.306,504.0,7789.0
0.306,1782.5,44529.5
0.306,486.0,6394.0
0.306,567.0,4856.0
0.306,95.5,1218.5
0.306,100.0,115.0
0.306,1177.0,94597.0
0.306,67.0,864.0
0.306,62.0,555.0
0.306,236.5,1146.0
0.306,813.0,24132.666666666668
0.306,1916.0,101396.0
0.306,388.0,6162.0
0.306,580.0,28068.0
0.306,931.0,20804.0
0.306,689.0,5726.5
0.306,1708.0,19784.0
0.306,1261.0,7395.0
0.306,334.0,6768.0
0.306,350.0,6423.0
0.306,527.5,12626.5
0.306,71.0,77.0
0.306,435.0,6480.5
0.306,339.0,2877.0
0.306,1201.0,23183.0
0.306,65.0,607.0
0.306,77.0,1199.0
0.306,199.0,243.0
0.306,290.0,1328.0
0.306,1629.0,98349.0
0.306,268.5,6133.0
0.306,299.0,2246.0
0.306,286.0,4966.0
0.306,140.0,839.0
0.306,189.0,832.0
0.306,1051.0,27063.5
0.306,87.0,93.0
0.306,480.0,18700.0
0.306,79.0,656.0
0.306,230.0,2950.0
0.306,462.5,4082.0
0.306,422.0,5945.0
0.306,482.0,6114.0
0.306,61.0,502.0
0.307,1922.5,53925.0
0.307,1093.0,16679.0
0.307,369.5,10730.5
0.307,101.0,872.0
0.307,295.5,6343.5
0.307,181.0,840.0
0.307,3500.0,115923.0
0.307,88.0,91.0
0.307,3500.0,172022.0
0.307,292.0,3393.0
0.307,272.5,2334.5
0.307,239.0,3514.5
0.307,673.0,7172.0
0.307,3500.0,207843.0
0.307,485.0,8177.0
0.307,176.5,3357.0
0.307,322.0,913.0
0.307,744.0,40294.0
0.307,1671.3333333333333,32189.666666666668
0.307,214.0,289.0
0.307,1495.5,37735.0
0.307,107.0,415.5
0.307,119.0,1914.0
0.307,956.5,12354.5
0.307,176.0,205.0
0.307,196.0,2751.3333333333335
0.307,1009.0,8054.0
0.307,142.0,2186.0
0.307,186.0,1316.5
0.307,793.5,17288.0
0.307,103.0,112.0
0.307,633.0,6783.0
0.307,1191.25,27277.0
0.307,400.0,2709.0
0.307,95.0,112.0
0.307,356.0,9175.0
0.307,438.0,5921.5
0.307,105.0,111.0
0.307,1796.5,58489.5
0.307,225.0,3634.5
0.307,673.0,8016.0
0.307,505.0,9530.0
0.307,233.0,1670.0
0.307,344.0,8190.0
0.307,931.0,25321.5
0.307,354.0,13786.0
0.307,3500.0,167466.0
0.307,910.0,23433.0
0.307,44.0,45.0
0.307,398.3333333333333,5146.666666666667
0.307,1046.0,26893.0
0.307,663.0,29093.0
0.307,2017.0,40470.0
0.307,587.0,8558.0
0.307,302.0,3711.0
0.307,2002.5,52988.0
0.308,3500.0,213477.0
0.308,1448.0,40949.0
0.308,121.0,180.0
0.308,403.0,5379.5
0.308,124.0,148.0
0.308,267.0,3210.0
0.308,483.0,6451.0
0.308,223.0,2096.0
0.308,518.0,7184.0
0.308,216.0,270.0
0.308,237.0,4460.0
0.308,2051.5,39413.5
0.308,157.0,252.0
0.308,227.5,984.5
0.308,428.0,9593.0
0.308,1067.0,17199.0
0.308,540.0,7885.0
0.308,326.0,6719.5
0.308,131.0,1029.0
0.308,729.0,7394.0
0.308,80.0,538.5
0.308,370.0,5934.0
0.308,386.0,4352.0
0.308,365.5,3672.5
0.308,3500.0,95955.0
0.308,1784.5,105660.5
0.308,266.0,4713.0
0.308,374.0,6430.0
0.308,203.0,2889.0
0.308,103.0,1085.0
0.308,422.0,9965.0
0.308,1175.0,15722.0
0.308,94.0,677.0
0.308,70.0,441.5
0.308,1967.0,90898.0
0.308,264.5,2133.0
0.308,590.5,5746.0
0.308,419.0,3276.0
0.308,66.0,607.0
0.308,321.0,4438.0
0.308,415.0,9103.0
0.308,151.0,155.0
0.308,621.0,22437.0
0.308,193.5,2828.0
0.308,176.0,3267.0
0.308,64.0,500.0
0.308,367.0,5342.5
0.308,287.3333333333333,4077.6666666666665
0.308,646.0,16532.0
0.308,785.0,26773.0
0.308,3500.0,162613.0
0.309,220.0,2515.0
0.309,80.0,99.0
0.309,378.0,592.0
0.309,749.0,12220.0
0.309,134.0,256.0
0.309,369.0,8937.0
0.309,2148.0,131327.0
0.309,514.0,9329.5
0.309,271.0,2548.0
0.309,1809.0,86235.0
0.309,2086.5,58780.5
0.309,1066.0,21467.0
0.309,182.0,241.0
0.309,134.0,1302.0
0.309,3500.0,214725.0
0.309,416.0,4892.0
0.309,110.0,192.0
0.309,836.5,13849.0
0.309,565.0,8303.5
0.309,505.0,8003.0
0.309,423.0,8533.0
0.309,1834.5,52398.5
0.309,609.0,10950.0
0.309,1859.3333333333333,105617.66666666667
0.309,263.0,2981.0
0.309,337.0,3639.0
0.309,3500.0,215490.0
0.309,607.0,3872.0
0.309,137.0,248.0
0.309,129.0,1193.6666666666667
0.309,233.0,4267.0
0.309,539.0,9110.0
0.309,661.0,14400.5
0.309,574.0,9910.0
0.309,528.0,17846.0
0.309,62.0,642.0
0.309,170.0,1743.0
0.309,172.0,346.0
0.309,723.0,10691.0
0.309,299.0,2570.0
0.309,400.0,7230.0
0.309,134.0,1477.0
0.309,61.0,480.0
0.309,130.5,3023.5
0.309,103.0,168.0
0.309,3500.0,77496.0
0.309,338.0,6168.0
0.309,234.66666666666666,2438.0
0.309,134.0,145.0
0.309,171.0,3362.0
0.309,387.5,4960.5
0.309,3500.0,168530.0
0.309,275.5,5022.0
0.309,269.0,5713.0
0.309,147.33333333333334,850.3333333333334
0.309,1765.0,85810.0
0.31,169.0,2123.5
0.31,68.0,762.0
0.31,3500.0,81254.0
0.31,1152.0,49678.0
0.31,490.0,4078.0
0.31,164.0,2630.0
0.31,252.5,3647.5
0.31,1389.6666666666667,57933.666666666664
0.31,1001.0,13277.0
0.31,60.0,137.0
0.31,413.0,9393.5
0.31,177.0,2216.0
0.31,1898.5,76940.5
0.31,1059.0,25806.0
0.31,1264.0,26226.0
0.31,339.0,6817.5
0.31,2479.0,124885.5
0.31,547.0,14059.0
0.31,141.0,1679.0
0.31,1009.0,19713.0
0.31,3500.0,187965.0
0.31,305.0,2243.0
0.31,3500.0,190055.0
0.31,350.0,4900.0
0.31,1303.0,20034.0
0.31,72.0,820.0
0.31,61.0,514.0
0.31,192.0,1859.0
0.31,783.0,13578.5
0.31,280.0,2610.5
0.31,363.0,5216.0
0.31,373.0,8913.0
0.31,528.0,8753.0
0.31,80.0,82.0
0.31,82.0,84.0
0.31,133.0,320.0
0.31,1551.0,78175.0
0.31,117.5,877.0
0.31,225.0,4645.0
0.31,83.0,92.0
0.31,276.0,4499.0
0.31,374.0,2809.0
0.31,105.0,649.0
0.31,829.5,30728.0
0.31,565.5,18805.5
0.31,429.5,5404.0
0.31,434.5,9414.5
0.31,1849.0,109976.0
0.31,483.0,5782.0
0.31,413.0,11759.0
0.31,311.0,3446.0
0.31,356.5,2740.0
0.31,81.0,2200.0
0.311,160.0,1975.0
0.311,349.0,1654.0
0.311,922.0,38790.333333333336
0.311,186.0,2299.0
0.311,616.0,6867.0
0.311,98.0,773.0
0.311,2275.5,43581.5
0.311,63.0,503.0
0.311,468.0,903.0
0.311,640.0,18365.0
0.311,1784.0,135257.0
0.311,3500.0,128932.0
0.311,355.0,3267.0
0.311,1076.0,29689.0
0.311,1009.0,14900.0
0.311,211.0,4171.0
0.311,3500.0,185728.0
0.311,1261.0,36803.0
0.311,106.0,108.0
0.311,1922.5,50841.0
0.311,383.6666666666667,6574.666666666667
0.311,2280.5,102095.0
0.311,533.0,6473.0
0.311,218.0,617.0
0.311,154.0,969.0
0.311,926.5,50692.0
0.311,136.0,1024.0
0.311,3500.0,127611.0
0.311,81.0,527.0
0.311,100.0,165.0
0.311,660.0,5410.0
0.311,110.0,1017.0
0.311,185.0,1783.0
0.311,757.0,26595.0
0.311,382.0,5015.0
0.311,242.0,5486.0
0.311,3500.0,122097.0
0.311,934.0,24433.0
0.311,204.0,421.0
0.311,1470.5,55387.75
0.311,1699.3333333333333,87219.33333333333
0.311,184.0,2858.0
0.311,443.0,15264.0
0.311,259.0,5105.0
0.311,1340.0,16000.0
0.311,1005.0,19964.0
0.311,182.0,330.0
0.311,226.0,1517.0
0.311,146.0,1528.0
0.311,879.5,10118.0
0.311,722.3333333333334,25266.333333333332
0.311,465.0,5907.0
0.311,485.5,4904.5
0.311,307.0,6511.0
0.311,255.0,5718.0
0.312,3500.0,88793.0
0.312,574.5,10773.0
0.312,725.5,10216.0
0.312,323.0,7348.0
0.312,126.0,1169.0
0.312,191.0,1822.0
0.312,357.0,5247.0
0.312,1430.8,36209.0
0.312,136.0,821.5
0.312,268.0,2977.0
0.312,75.0,105.0
0.312,352.0,1020.0
0.312,408.0,7764.0
0.312,1563.6666666666667,29809.666666666668
0.312,589.0,5441.0
0.312,307.0,3807.0
0.312,85.0,348.0
0.312,421.0,4410.0
0.312,86.0,89.0
0.312,210.5,3299.0
0.312,755.0,8553.0
0.312,1262.0,22885.5
0.312,391.0,5443.0
0.312,122.0,128.0
0.312,1008.5,19255.0
0.312,337.0,3579.0
0.312,178.0,2026.0
0.312,136.0,2880.0
0.312,341.0,13298.5
0.312,1286.0,13876.0
0.312,328.0,3095.3333333333335
0.312,59.0,72.5
0.312,3500.0,116778.0
0.312,1427.0,39411.0
0.312,3500.0,126323.0
0.312,530.0,3861.0
0.312,544.5,9267.0
0.312,1312.0,47035.333333333336
0.312,406.0,6135.0
0.312,1890.5,123174.5
0.312,3500.0,108259.0
0.312,96.33333333333333,726.0
0.312,124.0,142.0
0.312,90.0,108.0
0.312,333.0,3487.5
0.312,215.0,602.0
0.312,210.0,4798.0
0.312,176.0,3037.0
0.312,87.0,113.0
0.312,3500.0,181691.0
0.312,3500.0,103086.0
0.312,186.0,1959.0
0.312,455.0,6882.0
0.312,813.6666666666666,18246.0
0.313,1189.0,65619.0
0.313,76.5,604.5
0.313,1303.3333333333333,58095.333333333336
0.313,45.0,46.0
0.313,1139.0,10896.0
0.313,102.0,106.0
0.313,1783.0,73002.5
0.313,1831.0,93795.0
0.313,443.0,4965.0
0.313,280.5,3064.0
0.313,3500.0,105690.5
0.313,65.0,675.0
0.313,1931.0,54033.0
0.313,757.0,43610.0
0.313,209.66666666666666,2570.0
0.313,1132.0,13844.0
0.313,51.0,93.0
0.313,127.0,183.0
0.313,1002.0,4562.0
0.313,193.0,1492.0
0.313,1781.5,54848.5
0.313,197.0,268.0
0.313,1806.0,43605.0
0.313,3500.0,66037.0
0.313,77.0,1159.0
0.313,1276.0,65400.666666666664
0.313,434.0,7301.0
0.313,1024.0,15666.0
0.313,443.0,6474.0
0.313,103.5,115.0
0.313,314.0,6215.0
0.313,433.3333333333333,5561.666666666667
0.313,303.0,7395.0
0.313,69.0,834.0
0.313,211.0,281.0
0.313,454.0,16374.75
0.313,344.0,4788.0
0.313,307.0,6159.0
0.313,102.0,164.0
0.313,347.0,3694.0
0.313,115.0,266.0
0.313,495.0,13717.0
0.313,707.5,13052.0
0.313,75.0,94.0
0.313,1802.0,113741.0
0.313,92.0,154.0
0.313,3500.0,122676.0
0.313,836.0,21477.0
0.314,212.5,3731.5
0.314,238.0,4671.5
0.314,317.0,4132.0
0.314,89.5,106.5
0.314,2045.5,34273.0
0.314,799.0,19333.5
0.314,51.0,56.0
0.314,249.0,547.0
0.314,95.0,215.0
0.314,130.0,1318.0
0.314,314.5,5624.5
0.314,1177.0,58393.0
0.314,243.0,1237.0
0.314,66.0,685.0
0.314,380.3333333333333,5248.333333333333
0.314,65.0,653.0
0.314,3500.0,165036.0
0.314,101.0,115.0
0.314,511.0,6715.0
0.314,317.0,4370.0
0.314,797.5,31239.5
0.314,1009.0,14398.0
0.314,233.0,4337.5
0.314,303.5,5846.0
0.314,300.0,5030.0
0.314,420.0,6308.5
0.314,351.5,5887.0
0.314,545.0,17030.0
0.314,589.0,10340.0
0.314,69.0,77.0
0.314,107.0,111.0
0.314,637.0,14442.0
0.314,301.0,3113.0
0.314,1783.0,80594.0
0.314,1139.0,42843.0
0.314,1526.0,57438.0
0.314,180.0,4923.0
0.314,1178.0,66751.0
0.314,1254.6666666666667,43579.666666666664
0.314,64.0,621.0
0.314,503.0,17677.0
0.314,1436.0,49378.0
0.314,546.5,9760.0
0.314,326.0,2457.0
0.314,633.3333333333334,15113.666666666666
0.314,1165.0,55001.0
0.314,222.0,4457.0
0.314,673.0,4195.0
0.314,426.0,11577.0
0.314,81.0,90.0
0.314,356.0,5055.0
0.315,377.0,5286.5
0.315,139.0,150.0
0.315,594.0,34968.0
0.315,113.5,435.5
0.315,768.5,12880.0
0.315,69.0,835.0
0.315,198.0,3918.0
0.315,614.0,7081.0
0.315,3500.0,131850.0
0.315,2338.5,98525.5
0.315,487.0,11262.5
0.315,268.5,3900.0
0.315,627.0,4752.0
0.315,251.5,1242.0
0.315,457.0,5724.5
0.315,505.0,10004.0
0.315,112.5,159.5
0.315,142.0,1548.0
0.315,102.0,105.0
0.315,172.0,280.0
0.315,635.0,13766.666666666666
0.315,87.0,95.0
0.315,457.0,12025.0
0.315,410.0,1323.0
0.315,85.0,1392.0
0.315,205.0,2976.0
0.315,222.0,2323.0
0.315,185.0,634.0
0.315,280.0,3689.5
0.315,2380.6666666666665,103779.33333333333
0.315,1026.0,14662.0
0.315,1168.0,32974.0
0.315,233.0,3854.3333333333335
0.315,3500.0,197001.0
0.315,257.0,5201.0
0.315,82.0,1290.0
0.315,807.0,11366.0
0.315,178.0,198.0
0.315,98.0,102.0
0.315,119.0,2751.0
0.315,631.0,15702.666666666666
0.315,421.0,12691.0
0.315,300.5,2404.0
0.315,421.0,9557.0
0.315,461.5,19081.5
0.315,1110.5,36166.25
0.315,1104.0,41440.75
0.315,392.5,4002.5
0.315,68.0,705.0
0.315,314.5,5180.0
0.315,1781.0,49563.5
0.315,743.0,16031.0
0.315,753.5,16259.5
0.316,536.0,1772.0
0.316,308.0,4752.0
0.316,3500.0,163649.0
0.316,178.0,296.0
0.316,311.0,7028.0
0.316,784.0,8770.0
0.316,108.0,143.0
0.316,242.25,4704.5
0.316,423.0,4375.0
0.316,2646.0,108638.0
0.316,405.0,4751.0
0.316,262.0,12299.0
0.316,390.0,8062.0
0.316,90.0,701.0
0.316,505.0,4874.0
0.316,371.0,7353.0
0.316,156.0,1285.0
0.316,3500.0,101075.0
0.316,305.0,3472.0
0.316,580.0,9298.0
0.316,3500.0,77537.0
0.316,241.0,2935.0
0.316,1568.0,111733.0
0.316,228.0,5003.5
0.316,114.0,1377.0
0.316,118.0,977.0
0.316,244.0,3794.5
0.316,778.0,18280.5
0.316,549.0,9870.0
0.316,475.0,5346.0
0.316,489.0,6562.0
0.316,278.5,4525.5
0.316,3500.0,85190.0
0.316,1032.0,29752.0
0.316,585.5,13240.5
0.316,824.6666666666666,28982.333333333332
0.316,316.0,5257.0
0.316,90.0,97.0
0.316,433.0,14519.5
0.316,648.5,9478.5
0.316,632.0,10305.5
0.316,140.0,193.0
0.316,61.0,498.0
0.316,396.0,8741.0
0.316,359.3333333333333,4565.666666666667
0.316,480.0,5652.0
0.316,329.0,3524.0
0.316,1096.0,28778.0
0.316,852.5,39622.5
0.316,1550.0,54169.666666666664
0.316,706.0,24323.333333333332
0.316,3500.0,288312.0
0.316,83.0,721.0
0.316,1316.0,90512.0
0.316,1951.0,67021.5
0.316,673.0,15213.0
0.316,588.5,7328.5
0.316,444.0,9957.0
0.317,165.0,722.5
0.317,228.0,4172.25
0.317,540.5,5384.5
0.317,201.0,2104.5
0.317,47.0,48.0
0.317,91.0,99.0
0.317,402.5,9389.5
0.317,1261.0,22783.0
0.317,65.0,537.0
0.317,65.0,702.0
0.317,111.0,113.0
0.317,654.75,14327.25
0.317,3500.0,168678.0
0.317,301.0,4602.0
0.317,559.0,3861.0
0.317,1824.5,45396.0
0.317,176.5,5186.5
0.317,83.5,204.5
0.317,1754.0,34026.0
0.317,96.0,1942.0
0.317,319.0,10565.0
0.317,366.0,7770.0
0.317,906.5,22640.25
0.317,348.0,4915.0
0.317,1611.0,88790.0
0.317,253.0,3252.0
0.317,3500.0,101790.0
0.317,3500.0,165062.0
0.317,145.0,1497.0
0.317,238.4,3652.0
0.317,67.0,779.0
0.317,541.0,5530.0
0.317,72.0,95.0
0.317,97.0,108.0
0.317,145.5,2557.0
0.317,263.0,5030.0
0.317,326.0,9648.0
0.317,591.0,3937.0
0.317,630.25,9300.25
0.317,272.0,7978.0
0.317,283.0,1767.0
0.317,699.5,12609.0
0.317,245.0,1969.0
0.317,256.0,1588.3333333333333
0.317,367.0,4621.0
0.317,627.5,6379.5
0.317,319.0,3076.0
0.317,169.0,4093.0
0.317,598.0,2480.0
0.317,65.0,601.0
0.317,104.0,944.0
0.318,78.0,143.0
0.318,378.6666666666667,7505.333333333333
0.318,78.0,1398.0
0.318,94.5,944.25
0.318,644.0,28296.0
0.318,95.0,98.0
0.318,517.5,10014.0
0.318,168.0,283.0
0.318,1399.0,18345.0
0.318,69.0,763.0
0.318,490.0,11669.0
0.318,70.0,101.0
0.318,575.0,15239.0
0.318,109.0,165.0
0.318,406.0,3603.0
0.318,78.0,1101.0
0.318,429.0,5387.0
0.318,441.0,4930.0
0.318,1346.0,57081.0
0.318,137.0,1612.0
0.318,1015.0,22070.0
0.318,732.0,20156.5
0.318,297.0,12315.0
0.318,502.0,7211.0
0.318,641.5,14998.0
0.318,750.6666666666666,9813.666666666666
0.318,1476.0,38018.25
0.318,276.0,4465.0
0.318,1788.5,102592.0
0.318,537.0,6601.0
0.318,757.0,11123.0
0.318,498.0,4171.5
0.318,223.0,4079.0
0.318,394.0,8465.0
0.318,96.0,101.5
0.318,510.0,9559.5
0.318,678.0,28160.0
0.318,601.25,13654.75
0.318,1911.0,131513.0
0.318,467.6666666666667,9254.0
0.318,119.0,2221.0
0.318,171.0,1393.0
0.318,1216.0,27611.0
0.318,96.5,101.5
0.318,89.0,94.0
0.318,1827.0,49595.0
0.318,1194.0,13678.0
0.318,664.5,19283.5
0.318,1014.0,11520.0
0.318,65.0,798.0
0.319,467.0,8103.0
0.319,97.0,106.0
0.319,1308.0,54382.0
0.319,3500.0,213443.0
0.319,403.3333333333333,5152.0
0.319,2648.0,117485.0
0.319,337.0,8529.0
0.319,94.0,150.0
0.319,1858.5,76415.5
0.319,229.0,1259.0
0.319,342.0,1183.0
0.319,82.0,550.5
0.319,379.0,8001.0
0.319,216.0,2648.0
0.319,1177.0,23853.0
0.319,189.0,2767.5
0.319,199.0,1255.5
0.319,1874.5,126229.5
0.319,575.0,6140.0
0.319,384.0,3310.0
0.319,421.0,8731.0
0.319,358.0,6146.0
0.319,3500.0,165645.0
0.319,161.0,1901.0
0.319,1873.5,74188.5
0.319,1329.0,23155.0
0.319,1238.0,42590.0
0.319,624.0,25937.5
0.319,230.0,3288.0
0.319,3500.0,93324.0
0.319,369.0,8983.0
0.319,1177.0,45615.0
0.319,113.0,155.0
0.319,255.0,3371.0
0.319,589.0,13830.0
0.319,1186.0,60182.0
0.319,378.4,10052.8
0.319,505.0,9133.0
0.319,1326.6666666666667,73302.0
0.319,277.0,4197.666666666667
0.319,1841.0,44353.5
0.319,366.0,9527.0
0.319,195.0,4593.0
0.319,362.0,7926.0
0.319,253.0,1351.0
0.319,911.0,14635.0
0.319,1825.6666666666667,81357.0
0.319,55.0,57.0
0.319,237.0,4640.0
0.319,301.0,15059.0
0.319,201.5,3601.0
0.32,339.0,668.0
0.32,3500.0,171858.0
0.32,289.0,824.0
0.32,582.0,5822.0
0.32,318.5,4099.0
0.32,1445.0,25926.0
0.32,94.0,97.0
0.32,413.0,7436.0
0.32,320.0,4726.5
0.32,395.0,4181.0
0.32,416.6666666666667,3051.3333333333335
0.32,673.0,12569.0
0.32,248.0,2644.0
0.32,1261.0,92929.0
0.32,328.0,6257.0
0.32,309.0,10681.0
0.32,1213.0,22619.0
0.32,1125.0,18252.0
0.32,422.0,8924.0
0.32,375.0,3678.0
0.32,1267.3333333333333,43796.0
0.32,168.0,2180.0
0.32,328.0,8751.0
0.32,253.0,3028.0
0.32,119.0,147.0
0.32,1779.0,53913.5
0.32,583.0,4168.0
0.32,267.3333333333333,6131.0
0.32,425.0,10810.0
0.32,117.0,126.0
0.32,483.0,25595.0
0.32,485.0,4744.0
0.32,93.0,97.0
0.32,196.0,249.0
0.32,66.0,597.0
0.32,251.0,5044.0
0.32,298.0,7099.0
0.32,819.0,29224.0
0.32,260.0,2156.0
0.32,3500.0,159898.0
0.32,3500.0,140100.0
0.32,348.0,5967.0
0.32,124.0,154.0
0.32,331.0,3784.0
0.321,58.0,475.0
0.321,174.0,230.0
0.321,108.0,152.0
0.321,99.0,107.0
0.321,3500.0,129640.0
0.321,1427.0,68558.0
0.321,284.0,4061.0
0.321,99.0,1010.0
0.321,270.0,395.0
0.321,133.0,1426.0
0.321,365.0,4650.0
0.321,277.5,2525.0
0.321,396.0,4164.0
0.321,476.0,9605.0
0.321,472.0,10457.0
0.321,444.0,20371.0
0.321,357.5,9685.0
0.321,368.0,5797.0
0.321,324.0,2231.0
0.321,757.0,18092.0
0.321,1429.0,14118.0
0.321,560.5,15562.5
0.321,305.0,4413.0
0.321,79.0,1512.0
0.321,314.0,4832.666666666667
0.321,268.0,4117.0
0.321,245.0,5585.0
0.321,245.0,4088.0
0.321,1838.5,121255.5
0.321,125.66666666666667,952.3333333333334
0.321,150.0,930.5
0.321,527.0,9006.0
0.321,894.0,15883.0
0.321,379.0,9577.0
0.321,111.0,1836.0
0.321,104.0,1373.0
0.321,443.0,8692.0
0.321,276.0,8658.0
0.321,757.0,13246.0
0.321,210.0,2934.0
0.321,1605.0,55045.0
0.321,188.0,217.0
0.321,768.0,22916.0
0.321,63.0,543.0
0.321,86.0,775.0
0.321,63.0,466.0
0.321,492.0,25228.0
0.321,599.3333333333334,12644.333333333334
0.322,3500.0,70004.0
0.322,589.0,11288.0
0.322,191.0,2838.0
0.322,660.0,9596.5
0.322,700.0,7822.0
0.322,269.0,6040.5
0.322,214.0,4528.0
0.322,478.0,15051.0
0.322,266.5,2818.0
0.322,340.0,7081.0
0.322,554.5,15055.0
0.322,541.0,3376.0
0.322,349.5,4954.5
0.322,135.0,2066.0
0.322,687.0,8385.0
0.322,60.0,473.0
0.322,1020.6666666666666,36039.0
0.322,1250.0,36133.5
0.322,560.0,7153.0
0.322,68.0,847.0
0.322,74.0,93.0
0.322,378.0,8818.0
0.322,314.0,5533.0
0.322,57.0,483.0
0.322,1342.5,18103.5
0.322,1478.0,46636.0
0.322,916.5,36159.0
0.322,140.0,190.0
0.322,82.0,572.0
0.322,1231.3333333333333,75566.33333333333
0.322,77.0,90.0
0.322,632.5,21230.5
0.322,53.0,88.0
0.322,835.0,52087.0
0.322,3500.0,110391.0
0.322,1047.0,30202.0
0.322,61.0,72.0
0.322,87.0,136.0
0.322,550.5,7729.0
0.322,1921.5,51204.0
0.322,1294.0,25155.0
0.322,2166.5,57718.5
0.322,82.0,105.0
0.322,1027.0,41734.333333333336
0.322,163.5,1289.0
0.322,453.6666666666667,5150.0
0.322,105.0,1180.0
0.322,472.0,15096.0
0.322,609.0,30594.0
0.323,79.0,953.0
0.323,73.0,83.0
0.323,92.0,685.0
0.323,82.0,98.0
0.323,65.0,844.0
0.323,1573.0,81863.0
0.323,85.0,97.0
0.323,131.0,2853.0
0.323,244.0,3803.0
0.323,300.0,2480.0
0.323,1177.0,24970.0
0.323,357.0,5306.0
0.323,78.0,94.0
0.323,1894.5,63544.0
0.323,114.0,1010.0
0.323,245.0,4726.0
0.323,86.0,87.0
0.323,64.0,614.0
0.323,412.0,5857.5
0.323,301.0,4134.0
0.323,158.0,2777.0
0.323,3500.0,251834.0
0.323,449.0,21963.0
0.323,660.0,13625.0
0.323,634.0,15687.0
0.323,166.0,1415.0
0.323,287.5,2336.0
0.323,633.0,5203.0
0.323,401.0,14167.0
0.323,424.0,5814.0
0.323,1345.0,23080.0
0.323,3500.0,131168.0
0.323,205.0,342.0
0.323,529.0,5516.0
0.323,184.0,2152.0
0.323,166.66666666666666,2737.6666666666665
0.323,1052.0,29398.0
0.323,1009.0,18043.0
0.323,62.0,611.0
0.323,673.0,11754.0
0.323,76.0,100.0
0.323,383.0,6750.0
0.323,74.5,402.0
0.324,259.5,2301.0
0.324,2256.5,108734.5
0.324,64.0,642.0
0.324,69.0,84.0
0.324,1899.0,104197.0
0.324,358.0,7486.0
0.324,296.0,3255.5
0.324,157.0,229.0
0.324,2044.5,102267.0
0.324,675.0,17518.0
0.324,89.0,1150.0
0.324,68.0,622.0
0.324,437.0,4366.5
0.324,90.0,95.0
0.324,3500.0,95085.0
0.324,179.0,1863.0
0.324,1297.3333333333333,48147.333333333336
0.324,272.0,407.0
0.324,66.0,807.0
0.324,68.0,658.0
0.324,134.0,264.0
0.324,341.5,7205.5
0.324,262.0,5218.0
0.324,1361.0,74078.75
0.324,262.0,5055.0
0.324,621.0,10666.0
0.324,333.5,3351.5
0.324,101.0,3209.0
0.324,53.0,651.0
0.324,373.0,7141.0
0.324,714.0,7530.0
0.324,1103.0,26740.0
0.324,96.0,99.0
0.324,789.5,10010.0
0.324,402.0,6024.0
0.324,393.0,9364.0
0.324,212.0,1559.0
0.324,805.0,38074.0
0.324,337.0,7546.0
0.324,373.5,2931.0
0.324,66.0,486.0
0.324,2512.5,82003.5
0.324,195.0,2661.0
0.324,406.0,4931.0
0.324,3500.0,100856.0
0.324,2043.5,89669.5
0.324,1842.5,141181.0
0.324,186.0,1703.0
0.324,66.0,460.0
0.324,365.0,4269.0
0.324,347.0,806.0
0.324,57.0,68.0
0.324,191.0,688.0
0.324,189.5,2542.0
0.324,294.0,4786.0
0.324,684.0,26959.0
0.324,174.0,1790.0
0.324,574.0,4676.0
0.324,253.0,3192.0
0.324,73.0,84.0
0.324,411.0,9604.0
0.324,253.0,3238.5
0.324,141.0,300.0
0.325,1987.5,83263.5
0.325,667.0,26876.0
0.325,254.0,2433.0
0.325,491.0,10422.0
0.325,104.0,114.0
0.325,921.0,10456.0
0.325,925.0,12775.0
0.325,64.0,605.0
0.325,587.0,4523.0
0.325,589.0,5260.0
0.325,178.0,1354.0
0.325,419.0,6029.0
0.325,84.0,111.0
0.325,673.0,13071.0
0.325,1009.0,16804.0
0.325,757.0,8949.0
0.325,105.5,1289.0
0.325,377.0,5550.0
0.325,1941.0,25554.0
0.325,199.5,1835.5
0.325,82.0,100.0
0.325,304.5,3132.5
0.325,965.5,18799.5
0.325,373.0,6846.0
0.325,601.0,40267.0
0.325,514.0,10508.0
0.325,340.0,10036.0
0.325,110.0,1566.0
0.325,284.5,3925.0
0.325,209.0,1229.0
0.325,253.0,2188.0
0.325,115.0,937.0
0.325,461.5,6015.5
0.325,370.5,9200.25
0.325,405.0,9990.0
0.325,675.5,13564.5
0.325,3500.0,77062.0
0.325,335.5,5617.0
0.325,417.0,3094.0
0.325,144.33333333333334,1908.3333333333333
0.325,1377.6666666666667,58045.333333333336
0.325,285.0,4602.0
0.325,97.5,99.5
0.325,391.0,5665.0
0.325,573.0,18719.0
0.325,332.0,6940.0
0.325,417.0,3851.0
0.325,3500.0,123343.0
0.325,68.0,769.0
0.325,487.0,8126.0
0.325,107.0,495.0
0.325,450.0,12696.0
0.326,662.0,14895.0
0.326,98.0,100.0
0.326,628.5,38187.5
0.326,1389.6666666666667,88124.66666666667
0.326,267.0,3827.0
0.326,62.0,450.0
0.326,89.0,95.0
0.326,178.0,1473.0
0.326,579.0,3623.0
0.326,71.0,417.0
0.326,3500.0,113633.0
0.326,226.66666666666666,3231.6666666666665
0.326,1109.25,68463.0
0.326,727.0,8525.0
0.326,587.0,13355.0
0.326,534.3333333333334,7285.666666666667
0.326,1917.0,75896.5
0.326,75.0,99.0
0.326,1868.0,49731.0
0.326,216.0,7944.0
0.326,1785.5,115622.0
0.326,550.0,12136.0
0.326,362.0,3761.0
0.326,1177.0,84708.0
0.326,412.5,6487.5
0.326,286.0,3785.0
0.326,1702.0,95836.0
0.326,164.0,1187.0
0.326,1871.6666666666667,80368.33333333333
0.326,348.0,7019.0
0.326,158.0,387.0
0.326,169.0,2416.5
0.326,305.0,1956.0
0.326,707.0,11646.0
0.326,1217.0,67460.33333333333
0.326,87.0,509.0
0.326,574.0,14315.0
0.326,76.0,1185.0
0.326,65.0,697.0
0.326,90.0,152.0
0.327,251.0,2789.5
0.327,630.0,7438.0
0.327,3500.0,116640.0
0.327,1344.0,27391.0
0.327,1085.0,5413.0
0.327,130.0,1694.0
0.327,246.0,2450.0
0.327,107.0,1539.0
0.327,96.0,219.0
0.327,376.5,4300.0
0.327,378.0,3104.0
0.327,400.0,4190.5
0.327,1296.5,50379.5
0.327,62.0,613.0
0.327,3500.0,187748.0
0.327,203.0,2553.0
0.327,65.0,643.0
0.327,293.5,2918.5
0.327,146.0,224.0
0.327,421.0,4870.0
0.327,3500.0,239083.0
0.327,499.0,12402.0
0.327,74.0,1893.0
0.327,106.0,538.5
0.327,807.0,17281.0
0.327,117.0,913.0
0.327,88.0,743.0
0.327,991.0,13868.0
0.327,470.0,10742.0
0.327,3500.0,227842.0
0.327,468.0,3645.0
0.327,1861.0,115454.5
0.327,214.0,2151.6666666666665
0.327,1238.0,10256.0
0.327,476.0,15699.0
0.327,565.0,16324.0
0.327,510.0,7690.0
0.327,653.0,7232.0
0.327,385.25,4939.0
0.327,3500.0,173957.0
0.327,92.0,95.0
0.327,430.0,6078.0
0.327,190.0,2598.0
0.327,177.5,1647.0
0.327,204.0,3477.0
0.327,932.0,13212.0
0.327,141.0,196.0
0.327,334.0,11053.5
0.327,337.0,4368.0
0.327,84.0,95.0
0.327,51.0,52.0
0.328,599.5,9308.0
0.328,59.0,582.0
0.328,205.0,2317.5
0.328,3500.0,112088.0
0.328,1792.5,63853.0
0.328,1007.0,35152.0
0.328,341.5,6136.0
0.328,536.0,4079.6666666666665
0.328,108.0,113.0
0.328,343.0,6657.0
0.328,248.0,3026.0
0.328,351.0,812.0
0.328,505.0,8228.0
0.328,109.0,728.0
0.328,91.0,106.0
0.328,574.0,11713.0
0.328,77.5,80.5
0.328,107.0,1770.0
0.328,444.5,3733.0
0.328,74.0,88.0
0.328,90.0,101.0
0.328,1797.5,52639.0
0.328,71.0,85.0
0.328,374.0,6027.0
0.328,405.0,5748.0
0.328,210.5,2929.5
0.328,179.0,1392.0
0.328,521.0,8717.0
0.328,3500.0,119602.0
0.328,562.0,5296.0
0.328,1284.0,32515.0
0.328,137.0,1734.0
0.328,1105.0,47232.0
0.328,89.0,95.0
0.328,69.0,816.0
0.328,294.5,8144.0
0.328,2017.0,67022.0
0.328,168.5,752.0
0.328,337.0,12433.0
0.328,702.0,10215.0
0.328,184.0,2575.0
0.328,100.0,1133.0
0.328,387.0,1487.0
0.328,617.5,6238.0
0.328,249.0,3255.0
0.328,179.0,2769.0
0.328,68.0,820.0
0.328,48.0,49.0
0.328,64.0,649.0
0.328,956.0,20464.0
0.328,997.0,32497.5
0.329,308.0,5163.0
0.329,63.0,608.0
0.329,126.0,2808.6666666666665
0.329,1050.0,13042.0
0.329,378.5,19506.5
0.329,344.0,5233.0
0.329,3500.0,148557.0
0.329,468.5,3854.5
0.329,2013.0,65649.5
0.329,421.0,7147.666666666667
0.329,617.5,10456.5
0.329,335.0,6841.0
0.329,273.0,3341.0
0.329,322.0,7901.0
0.329,673.0,18592.0
0.329,3500.0,149398.0
0.329,107.0,593.6666666666666
0.329,355.0,6337.333333333333
0.329,230.5,2922.0
0.329,1986.0,43302.0
0.329,231.5,2979.5
0.329,241.0,2043.0
0.329,143.0,166.0
0.329,238.0,537.0
0.329,361.0,2581.0
0.329,337.0,4719.0
0.329,349.0,7711.0
0.329,235.5,2625.5
0.329,656.0,11566.0
0.329,428.0,2251.0
0.329,2017.0,36661.0
0.329,3500.0,173673.0
0.329,48.0,49.0
0.329,98.0,105.0
0.329,221.0,2445.0
0.329,99.0,110.0
0.329,131.5,1655.0
0.329,220.66666666666666,1714.6666666666667
0.329,440.5,24704.5
0.329,530.0,4946.0
0.329,61.0,587.0
0.329,354.5,6297.5
0.329,242.0,1356.0
0.329,228.0,3327.0
0.329,519.0,14590.0
0.329,1177.0,52165.0
0.329,234.0,3892.0
0.329,253.0,4360.0
0.329,523.0,12011.0
0.329,928.5,24635.0
0.329,151.0,166.0
0.329,305.0,3079.0
0.329,688.0,9162.0
0.33,719.0,9384.0
0.33,508.5,7618.0
0.33,279.0,2151.0
0.33,3500.0,151595.0
0.33,194.0,1502.0
0.33,1769.0,101187.0
0.33,94.0,99.0
0.33,249.0,3915.0
0.33,97.0,107.0
0.33,252.5,3471.0
0.33,473.0,10750.0
0.33,191.0,2691.0
0.33,213.5,3432.5
0.33,1726.0,39795.0
0.33,435.0,8502.0
0.33,288.0,5690.0
0.33,78.0,224.0
0.33,708.0,19726.333333333332
0.33,341.0,2954.0
0.33,71.0,709.0
0.33,506.0,4584.0
0.33,549.0,12361.0
0.33,109.0,1181.0
0.33,196.0,2085.0
0.33,1196.0,40950.5
0.33,218.0,4220.0
0.33,362.0,7373.0
0.33,439.0,6711.0
0.33,149.0,1393.0
0.33,366.0,4719.0
0.33,564.0,4960.0
0.33,1322.0,71797.0
0.33,497.6666666666667,9174.333333333334
0.33,131.0,516.0
0.33,104.0,917.0
0.33,77.5,721.5
0.33,326.0,1471.0
0.33,88.0,103.0
0.33,1009.0,18168.0
0.33,61.0,530.0
0.33,217.0,3402.0
0.33,67.0,656.0
0.33,77.0,95.0
0.33,255.5,3823.0
0.33,279.0,880.5
0.33,228.5,4202.0
0.33,171.0,236.0
0.33,622.0,8809.0
0.33,341.0,5222.0
0.33,591.0,6899.0
0.33,108.0,114.0
0.33,849.5,11065.5
0.331,389.0,7138.0
0.331,1017.0,42115.0
0.331,3500.0,192041.0
0.331,256.0,3865.0
0.331,1780.5,88751.0
0.331,68.0,596.0
0.331,58.0,68.0
0.331,1794.6666666666667,47064.0
0.331,229.0,2529.0
0.331,272.0,4528.0
0.331,624.0,22646.0
0.331,163.0,1290.0
0.331,194.0,2472.0
0.331,98.0,132.0
0.331,217.0,3101.0
0.331,248.0,5591.0
0.331,1852.5,63897.5
0.331,68.0,615.0
0.331,115.0,751.0
0.331,425.0,8126.0
0.331,58.0,353.0
0.331,89.5,510.0
0.331,523.5,9826.5
0.331,1526.3333333333333,40792.333333333336
0.331,96.0,101.0
0.331,872.5,34810.5
0.331,621.0,9457.0
0.331,984.0,28750.0
0.331,1290.0,20404.0
0.331,105.0,960.0
0.331,36.0,40.0
0.331,342.0,8617.0
0.331,257.0,3450.0
0.331,449.0,17803.0
0.331,444.0,16243.0
0.331,371.0,6750.0
0.331,1993.0,123542.0
0.331,394.0,11657.0
0.331,1118.0,46661.5
0.331,386.0,6191.0
0.331,64.5,241.0
0.331,272.6666666666667,9620.333333333334
0.331,66.0,610.0
0.331,1885.0,64763.0
0.331,196.0,1154.0
0.331,2061.0,126860.5
0.331,295.0,5281.0
0.331,361.0,8100.0
0.331,262.5,2881.0
0.331,123.5,1307.5
0.331,252.0,3128.5
0.331,439.0,5390.0
0.331,253.0,3139.0
0.331,314.0,4821.0
0.331,257.0,4382.0
0.332,523.0,6549.0
0.332,263.0,802.0
0.332,318.0,5301.0
0.332,88.0,99.0
0.332,293.0,6635.0
0.332,656.0,2539.0
0.332,3500.0,196163.0
0.332,85.0,95.0
0.332,477.0,12480.0
0.332,188.0,1394.0
0.332,315.0,3099.0
0.332,61.0,398.0
0.332,629.0,8822.0
0.332,97.0,100.0
0.332,94.0,102.0
0.332,239.0,7107.5
0.332,186.0,2530.5
0.332,189.0,1478.0
0.332,718.0,7893.0
0.332,129.0,204.0
0.332,486.0,7616.0
0.332,56.0,552.0
0.332,86.0,102.0
0.332,1177.0,36586.0
0.332,60.0,462.0
0.332,495.0,9131.0
0.332,113.0,150.66666666666666
0.332,170.0,197.0
0.332,167.0,1037.0
0.332,185.0,2680.0
0.332,3500.0,105612.0
0.332,77.0,996.0
0.332,1018.5,63057.0
0.332,324.5,5248.5
0.332,752.0,24530.0
0.332,3500.0,173307.0
0.332,310.0,3062.0
0.332,401.0,4668.0
0.332,256.3333333333333,4380.0
0.332,200.0,3518.0
0.332,420.0,4773.0
0.332,259.0,7389.0
0.332,330.0,4346.0
0.332,87.0,98.0
0.332,562.0,11170.0
0.332,535.0,10465.0
0.332,3500.0,165954.0
0.332,301.0,6530.0
0.332,161.0,5015.0
0.332,632.0,20349.0
0.332,402.0,3967.0
0.332,62.0,527.0
0.332,67.0,639.0
0.333,235.0,2871.0
0.333,220.0,3009.0
0.333,1177.0,68632.0
0.333,192.0,340.0
0.333,61.0,360.5
0.333,146.0,865.0
0.333,292.0,6545.0
0.333,95.0,2506.0
0.333,1093.0,31352.0
0.333,184.0,825.0
0.333,82.0,634.0
0.333,170.0,1727.0
0.333,3500.0,163682.0
0.333,623.5,17908.5
0.333,231.0,873.0
0.333,1849.0,51238.0
0.333,158.0,2036.0
0.333,356.0,8409.0
0.333,304.0,5643.0
0.333,954.0,23603.5
0.333,75.0,144.0
0.333,37.0,40.0
0.333,63.0,215.0
0.333,122.0,1816.0
0.333,3500.0,226397.0
0.333,72.0,88.0
0.333,666.5,11670.0
0.333,150.0,187.0
0.333,134.5,1320.0
0.333,348.0,6880.0
0.333,482.0,21789.0
0.333,729.0,30402.0
0.333,258.0,2540.5
0.333,109.0,697.0
0.333,100.0,150.0
0.333,207.0,5736.0
0.333,225.0,4552.0
0.333,350.0,3213.0
0.333,1368.3333333333333,29587.0
0.333,253.0,1971.0
0.333,102.0,3122.0
0.333,100.0,1485.0
0.333,66.0,567.0
0.333,1861.5,75105.5
0.333,251.0,2592.5
0.333,219.0,2924.0
0.333,132.0,2018.0
0.333,300.0,4403.0
0.333,1021.0,50179.0
0.333,289.0,6632.0
0.333,92.0,638.0
0.333,3500.0,115557.0
0.333,107.0,115.0
0.333,923.5,39560.5
0.333,380.0,3279.0
0.334,391.0,4126.0
0.334,371.0,13677.0
0.334,333.0,3993.0
0.334,799.0,11254.5
0.334,421.0,4354.0
0.334,505.0,5010.0
0.334,340.0,4837.0
0.334,578.0,4128.0
0.334,1513.0,47960.0
0.334,636.5,26954.0
0.334,280.5,4808.0
0.334,83.0,1165.0
0.334,187.0,2824.0
0.334,846.5,36803.5
0.334,87.0,134.0
0.334,95.0,99.0
0.334,663.0,8700.0
0.334,274.0,4121.0
0.334,1175.0,49580.0
0.334,379.25,6044.25
0.334,281.0,1925.0
0.334,1007.0,10621.0
0.334,597.0,14494.5
0.334,102.0,124.0
0.334,86.0,90.0
0.334,547.0,8292.0
0.334,82.0,87.0
0.334,338.0,6315.0
0.334,183.0,2604.0
0.334,3500.0,116280.0
0.334,157.0,213.0
0.334,331.0,9813.0
0.334,66.0,722.0
0.334,749.0,22611.666666666668
0.334,521.0,9479.666666666666
0.334,664.0,4200.0
0.334,3500.0,77524.0
0.334,690.0,12905.0
0.334,650.0,13765.0
0.334,1161.0,45510.0
0.334,374.0,10275.0
0.334,387.0,7390.0
0.334,733.0,9736.0
0.334,999.0,20638.0
0.334,80.0,147.0
0.334,2198.5,57133.5
0.334,141.0,1453.0
0.334,148.0,1651.0
0.334,3500.0,136535.0
0.334,3500.0,225515.0
0.335,407.0,3967.0
0.335,339.0,3386.0
0.335,682.5,9013.0
0.335,1177.0,86919.0
0.335,808.5,24611.5
0.335,580.0,10214.0
0.335,3500.0,57734.0
0.335,151.0,1217.5
0.335,1008.0,18463.0
0.335,33.0,42.0
0.335,57.0,148.0
0.335,2360.0,56610.666666666664
0.335,110.66666666666667,991.0
0.335,959.0,33308.5
0.335,725.0,8370.0
0.335,65.0,751.0
0.335,208.0,1632.0
0.335,203.0,1375.0
0.335,111.0,112.0
0.335,1155.5,43511.5
0.335,152.0,3306.0
0.335,1084.0,10486.0
0.335,115.0,151.0
0.335,212.0,1572.0
0.335,527.0,10784.5
0.335,88.0,182.0
0.335,161.0,345.0
0.335,1295.6666666666667,20628.333333333332
0.335,292.0,4168.0
0.335,1399.0,50749.666666666664
0.335,509.0,5643.5
0.335,195.0,2136.0
0.335,75.0,104.0
0.335,1177.0,13001.0
0.335,639.0,5318.0
0.335,509.0,9158.0
0.335,800.0,31019.0
0.335,637.0,7522.5
0.335,77.0,90.0
0.335,574.0,8956.0
0.335,196.0,3816.0
0.335,258.0,4270.5
0.335,3500.0,243674.0
0.335,319.0,3122.0
0.335,64.0,586.0
0.335,3500.0,177667.0
0.335,3500.0,258918.0
0.335,1694.0,104999.0
0.336,1311.3333333333333,70661.0
0.336,60.0,483.0
0.336,353.0,7118.0
0.336,128.0,151.0
0.336,69.0,732.0
0.336,195.0,4373.5
0.336,136.0,1316.0
0.336,88.0,118.0
0.336,246.0,2103.0
0.336,673.0,6005.0
0.336,1252.3333333333333,60753.0
0.336,847.5,22025.0
0.336,1125.75,30285.25
0.336,510.0,9244.0
0.336,443.0,16227.0
0.336,127.0,150.0
0.336,1781.5,61290.0
0.336,83.0,86.0
0.336,381.0,4642.0
0.336,1093.0,14810.0
0.336,1227.0,59061.0
0.336,165.0,1289.0
0.336,364.0,3196.0
0.336,1921.5,78299.5
0.336,147.0,1424.0
0.336,294.0,3719.0
0.336,405.5,8171.0
0.336,94.0,105.0
0.336,1175.0,55438.0
0.336,225.0,1915.0
0.336,271.0,5820.0
0.336,1295.0,43078.0
0.336,53.0,401.0
0.336,249.0,5368.0
0.336,74.0,1067.0
0.336,3500.0,233044.0
0.336,618.0,37500.0
0.336,2338.5,117979.5
0.336,458.0,8704.0
0.336,896.0,32744.5
0.336,322.0,9357.0
0.336,412.0,5547.0
0.336,479.0,15540.5
0.336,254.0,4160.0
0.336,351.5,2737.5
0.336,1153.0,10881.0
0.336,3500.0,164952.0
0.336,1956.0,108906.5
0.336,75.0,86.0
0.336,317.0,596.0
0.336,60.5,581.0
0.336,1261.0,31336.0
0.337,300.0,7304.0
0.337,311.0,5893.0
0.337,289.0,3227.0
0.337,250.0,4146.0
0.337,374.0,7349.0
0.337,351.0,6189.0
0.337,1345.0,37090.0
0.337,44.0,45.0
0.337,341.0,4615.0
0.337,87.0,97.0
0.337,120.0,386.0
0.337,3500.0,291229.0
0.337,985.3333333333334,41200.333333333336
0.337,89.0,1617.0
0.337,378.0,2710.0
0.337,613.0,8221.0
0.337,112.0,1183.0
0.337,265.0,3302.0
0.337,1355.0,45042.0
0.337,607.0,8816.5
0.337,1693.0,106472.0
0.337,357.0,5311.0
0.337,565.0,12979.0
0.337,243.0,3466.0
0.337,347.5,5042.5
0.337,361.0,7829.0
0.337,59.0,440.0
0.337,201.0,7992.0
0.337,219.0,4087.0
0.337,62.0,401.0
0.337,87.0,91.0
0.337,349.0,6405.0
0.337,116.0,991.0
0.337,172.5,2101.5
0.337,388.0,12005.0
0.337,82.0,110.0
0.337,204.0,343.0
0.337,66.0,635.0
0.337,119.0,1360.0
0.337,183.0,290.0
0.337,60.0,473.0
0.337,82.0,131.0
0.337,666.3333333333334,39400.0
0.337,253.75,2858.25
0.337,404.0,7091.0
0.337,75.0,111.0
0.337,554.0,13277.0
0.337,1804.5,104701.0
0.337,372.0,7493.0
0.337,303.0,3992.0
0.337,332.0,12038.0
0.337,98.0,719.0
0.337,294.5,1940.0
0.338,1270.0,43872.333333333336
0.338,1346.0,55443.0
0.338,1810.0,120692.0
0.338,1098.0,22058.0
0.338,290.3333333333333,7795.0
0.338,486.6666666666667,4826.666666666667
0.338,432.0,8050.0
0.338,77.0,1068.0
0.338,518.0,11276.5
0.338,136.0,1314.3333333333333
0.338,337.0,7535.0
0.338,65.0,737.0
0.338,3500.0,251544.0
0.338,140.0,910.0
0.338,85.0,107.0
0.338,157.0,348.0
0.338,501.0,6685.0
0.338,2338.5,115134.5
0.338,765.0,9693.0
0.338,494.0,9850.0
0.338,263.5,5247.0
0.338,344.0,5931.0
0.338,85.0,353.0
0.338,3500.0,286147.0
0.338,89.0,104.0
0.338,869.0,83297.0
0.338,359.0,17627.0
0.338,65.0,550.0
0.338,340.0,5388.0
0.338,86.0,95.0
0.338,309.0,2684.0
0.338,358.0,6827.0
0.338,188.0,1215.0
0.338,293.0,4063.0
0.338,266.0,5700.0
0.338,745.5,16257.0
0.338,113.0,1600.0
0.338,107.0,2978.0
0.338,318.0,5095.0
0.338,90.0,104.0
0.338,841.0,15414.0
0.338,1009.0,40852.0
0.338,2134.0,73970.0
0.338,75.5,259.0
0.338,251.0,3692.5
0.338,1892.0,69731.0
0.338,212.5,1665.0
0.338,2036.0,94160.0
0.338,249.0,5672.0
0.338,92.0,101.0
0.338,136.0,1804.0
0.338,66.5,73.0
0.338,261.0,3314.0
0.339,1031.0,29137.0
0.339,394.0,4769.0
0.339,3500.0,206989.0
0.339,1909.5,60871.0
0.339,119.0,1786.0
0.339,61.0,74.0
0.339,193.0,1933.0
0.339,341.0,6131.0
0.339,224.0,1640.0
0.339,1262.0,35007.0
0.339,372.0,3335.0
0.339,502.0,5455.0
0.339,1643.0,76878.0
0.339,78.0,1219.0
0.339,266.0,5715.0
0.339,62.0,556.0
0.339,256.0,2602.0
0.339,111.66666666666667,726.0
0.339,1935.0,54671.0
0.339,101.0,1758.0
0.339,381.0,6498.0
0.339,217.0,2245.0
0.339,274.0,4214.0
0.339,654.0,19153.5
0.339,83.0,95.0
0.339,3500.0,174604.0
0.339,232.0,7841.0
0.339,3500.0,187467.0
0.339,327.0,3908.0
0.339,1378.0,32463.0
0.339,508.0,4622.5
0.339,329.0,1926.0
0.339,463.5,10660.0
0.339,214.0,4449.0
0.339,64.0,570.0
0.339,156.0,1252.0
0.339,227.0,4528.0
0.339,591.5,12984.0
0.339,728.5,21805.0
0.339,1026.0,22714.0
0.339,152.0,1376.0
0.339,254.0,6132.0
0.34,67.0,649.0
0.34,217.5,3338.0
0.34,88.0,89.0
0.34,105.0,984.0
0.34,794.5,24414.0
0.34,221.0,1467.0
0.34,94.0,750.5
0.34,92.0,105.0
0.34,578.0,10848.5
0.34,720.0,6693.0
0.34,394.0,7159.0
0.34,239.0,2974.0
0.34,1781.5,111423.0
0.34,285.0,9948.0
0.34,3500.0,155773.0
0.34,81.66666666666667,645.6666666666666
0.34,221.0,1014.0
0.34,3500.0,224653.0
0.34,309.0,5264.0
0.34,107.0,135.0
0.34,80.0,101.0
0.34,89.0,99.0
0.34,588.0,9959.75
0.34,1490.0,36919.0
0.34,252.0,2406.0
0.34,2064.0,75100.0
0.34,59.0,464.0
0.34,337.0,7315.0
0.34,1023.0,14513.0
0.34,235.5,5750.0
0.34,421.5,3792.0
0.34,69.0,81.0
0.34,62.0,452.0
0.34,524.0,4276.0
0.34,2394.0,79306.5
0.34,338.0,6981.0
0.34,92.0,93.0
0.34,384.0,3417.0
0.34,414.0,4758.0
0.34,294.0,4179.0
0.34,115.0,1100.0
0.34,258.0,502.0
0.34,338.0,3928.0
0.34,167.0,210.0
0.34,464.0,17198.5
0.34,362.0,5869.0
0.34,1369.0,42059.0
0.34,109.0,954.0
0.34,96.0,830.0
0.34,549.0,4186.0
0.34,481.0,14181.0
0.34,155.0,248.0
0.34,1127.0,31827.0
0.34,195.0,2492.0
0.34,84.0,91.0
0.34,782.0,22371.0
0.34,2045.0,83485.5
0.341,345.0,3678.5
0.341,102.0,107.0
0.341,191.5,2442.0
0.341,76.0,81.0
0.341,202.0,2100.0
0.341,1765.0,64653.0
0.341,102.0,203.0
0.341,377.0,5902.0
0.341,2095.0,144817.0
0.341,81.0,1296.0
0.341,189.0,1748.0
0.341,100.0,117.0
0.341,138.0,156.0
0.341,437.0,6556.0
0.341,363.0,6025.0
0.341,73.0,395.0
0.341,82.0,1052.0
0.341,56.0,57.0
0.341,3500.0,230349.0
0.341,210.0,2957.0
0.341,254.66666666666666,3157.3333333333335
0.341,211.0,4547.0
0.341,175.5,1518.5
0.341,542.6666666666666,28445.666666666668
0.341,109.0,1556.0
0.341,438.0,5567.0
0.341,631.0,7538.0
0.341,1555.0,76743.0
0.341,232.0,2160.0
0.341,109.0,504.5
0.341,475.0,11466.0
0.341,253.0,3601.0
0.341,432.0,9685.0
0.341,70.0,991.5
0.341,199.5,3215.0
0.341,82.0,1389.0
0.341,38.0,55.0
0.341,102.0,104.0
0.341,278.0,6004.0
0.341,3500.0,219860.0
0.341,104.0,209.0
0.341,155.0,806.5
0.341,831.0,12219.0
0.341,622.0,4294.0
0.341,3500.0,198819.0
0.341,374.0,3936.0
0.341,124.0,2541.0
0.341,310.0,6667.0
0.341,63.0,696.0
0.342,294.0,2462.0
0.342,173.33333333333334,679.3333333333334
0.342,120.5,468.5
0.342,1218.0,81329.0
0.342,68.0,954.0
0.342,396.0,7920.0
0.342,356.0,7522.0
0.342,505.0,9855.0
0.342,350.0,7891.0
0.342,461.5,7430.5
0.342,380.0,7332.0
0.342,133.0,138.0
0.342,60.0,510.0
0.342,370.5,11073.0
0.342,195.0,4854.0
0.342,201.0,384.0
0.342,135.0,1665.5
0.342,527.0,9632.0
0.342,1954.5,142805.5
0.342,499.0,4051.0
0.342,98.0,1091.0
0.342,85.0,372.5
0.342,3500.0,175248.0
0.342,3500.0,125319.0
0.342,93.5,102.5
0.342,672.0,28721.5
0.342,136.5,195.0
0.342,311.0,3284.0
0.342,66.0,617.0
0.342,1047.0,14867.0
0.342,333.0,3886.0
0.342,103.0,732.0
0.342,140.0,237.0
0.342,278.0,4848.0
0.342,1865.75,67247.75
0.342,1787.0,39895.0
0.342,381.0,7491.0
0.342,1071.0,15145.0
0.342,305.5,3168.0
0.342,66.0,570.0
0.342,86.0,629.0
0.342,135.0,139.0
0.342,290.3333333333333,4863.0
0.342,230.0,4730.0
0.343,150.0,1527.0
0.343,183.5,1487.5
0.343,1384.3333333333333,55510.666666666664
0.343,1780.0,70639.0
0.343,615.3333333333334,17551.666666666668
0.343,207.0,3845.0
0.343,1306.0,64681.666666666664
0.343,200.0,1982.0
0.343,69.0,97.0
0.343,79.0,655.0
0.343,1344.0,46536.0
0.343,746.5,12865.0
0.343,1177.0,80971.0
0.343,183.5,3157.0
0.343,312.0,3135.5
0.343,487.0,1587.0
0.343,461.0,12267.0
0.343,502.0,6433.0
0.343,481.0,7875.0
0.343,1295.3333333333333,70439.66666666667
0.343,303.0,4280.0
0.343,398.0,9913.0
0.343,368.0,7510.0
0.343,974.25,55034.0
0.343,742.0,38420.5
0.343,213.0,1022.5
0.343,66.0,521.0
0.343,253.0,4418.0
0.343,90.0,136.0
0.343,60.0,438.0
0.343,367.5,3496.0
0.343,145.0,843.3333333333334
0.343,158.0,2112.6666666666665
0.343,368.0,19750.5
0.343,200.0,4462.0
0.343,83.5,85.5
0.343,3500.0,132881.0
0.343,225.0,2389.0
0.343,360.0,2619.0
0.343,276.0,5586.0
0.343,1675.0,35763.0
0.343,479.0,3691.0
0.343,136.0,1722.0
0.343,1955.5,86030.0
0.343,276.0,8464.0
0.343,439.0,6046.0
0.343,409.5,3852.5
0.343,97.0,100.0
0.343,220.0,2548.0
0.343,193.5,773.5
0.344,92.0,1212.0
0.344,341.0,6363.0
0.344,446.5,7128.0
0.344,262.0,1503.0
0.344,348.0,4585.0
0.344,169.0,1358.0
0.344,358.0,4789.0
0.344,304.0,784.0
0.344,231.33333333333334,4168.333333333333
0.344,154.0,216.0
0.344,276.0,5422.0
0.344,676.0,47970.0
0.344,391.5,2352.0
0.344,129.66666666666666,1722.0
0.344,1798.0,72674.0
0.344,333.0,4132.333333333333
0.344,180.0,2269.0
0.344,3500.0,109770.0
0.344,260.0,501.0
0.344,126.0,1609.0
0.344,116.0,198.0
0.344,97.0,291.0
0.344,149.0,1364.0
0.344,1792.5,73446.0
0.344,268.0,2830.0
0.344,346.0,3238.3333333333335
0.344,68.0,635.0
0.344,114.0,1012.0
0.344,444.0,5574.0
0.344,172.0,410.0
0.344,400.0,3646.0
0.344,104.5,419.5
0.344,112.5,852.0
0.344,249.0,11791.0
0.344,95.0,1418.0
0.344,427.0,10736.0
0.345,253.0,4426.0
0.345,131.0,195.0
0.345,65.0,727.0
0.345,68.0,798.0
0.345,165.5,1515.0
0.345,232.0,476.0
0.345,166.0,188.0
0.345,170.0,1842.0
0.345,253.0,6014.0
0.345,92.0,108.0
0.345,77.0,899.0
0.345,164.0,1293.0
0.345,242.0,4501.0
0.345,267.0,2254.0
0.345,504.0,4232.0
0.345,190.0,1982.0
0.345,1842.5,55640.0
0.345,62.0,502.0
0.345,286.5,4727.0
0.345,77.0,1004.0
0.345,307.0,6014.0
0.345,514.0,6118.0
0.345,92.0,836.5
0.345,650.0,30746.5
0.345,352.0,5183.0
0.345,79.0,783.0
0.345,399.5,2792.5
0.345,176.0,2142.0
0.345,1536.0,32611.0
0.345,464.0,8297.0
0.345,374.0,11066.0
0.345,109.0,979.0
0.345,337.0,7628.0
0.345,851.0,37711.0
0.345,631.6666666666666,22116.0
0.345,383.0,4840.0
0.345,315.0,3650.0
0.345,67.0,611.0
0.345,1894.5,69140.5
0.345,65.0,532.0
0.345,108.0,921.0
0.345,77.0,990.0
0.345,229.0,9633.0
0.345,1844.0,131271.0
0.345,87.0,115.0
0.345,1232.0,89176.0
0.345,131.0,1103.0
0.345,163.0,1076.0
0.345,77.0,943.0
0.345,33.0,38.0
0.345,104.0,107.0
0.346,577.5,9641.0
0.346,1120.0,32887.0
0.346,538.5,9468.0
0.346,1834.5,114392.5
0.346,401.0,5381.0
0.346,1926.0,79094.0
0.346,272.0,2553.0
0.346,1854.0,54587.0
0.346,3500.0,270266.0
0.346,141.0,1800.5
0.346,714.0,4932.0
0.346,392.0,4184.0
0.346,210.0,2325.3333333333335
0.346,203.0,3596.0
0.346,1113.0,29507.0
0.346,1501.0,40677.0
0.346,340.5,7780.5
0.346,359.0,7104.0
0.346,103.0,107.0
0.346,114.0,781.0
0.346,3500.0,245206.0
0.346,2031.0,45582.0
0.346,197.0,1817.0
0.346,268.0,3000.5
0.346,107.0,742.0
0.346,157.0,303.0
0.346,85.0,102.0
0.346,1319.0,83346.0
0.346,132.5,576.5
0.346,384.6666666666667,4622.0
0.346,319.0,3586.0
0.346,250.5,3739.0
0.347,290.0,5403.0
0.347,78.0,841.0
0.347,3500.0,163608.0
0.347,221.0,3760.0
0.347,147.0,1256.0
0.347,733.0,33108.0
0.347,126.0,362.0
0.347,189.33333333333334,2584.0
0.347,355.5,6458.0
0.347,256.0,8448.0
0.347,228.0,2222.0
0.347,999.0,12563.0
0.347,83.0,88.0
0.347,117.5,129.5
0.347,250.0,2530.0
0.347,705.6666666666666,24162.666666666668
0.347,342.0,3696.0
0.347,302.0,5592.0
0.347,1177.0,23271.0
0.347,224.0,7580.0
0.347,71.0,96.0
0.347,140.0,234.0
0.347,228.0,4372.0
0.347,1406.0,29255.0
0.347,96.0,99.0
0.347,217.5,4305.5
0.347,136.0,1411.0
0.347,77.0,1068.0
0.347,242.5,4095.75
0.347,103.5,654.0
0.347,87.0,95.0
0.347,170.5,1343.0
0.347,456.0,6418.0
0.347,198.0,1899.0
0.347,325.0,6290.0
0.347,263.0,4316.0
0.347,404.5,7317.5
0.347,659.6666666666666,13025.0
0.347,3500.0,147876.0
0.347,108.0,109.0
0.347,85.0,87.0
0.347,435.0,5257.0
0.347,329.0,7632.0
0.347,203.0,2158.0
0.348,295.0,5854.0
0.348,77.0,875.0
0.348,2044.5,133786.5
0.348,369.0,11679.0
0.348,253.0,9281.0
0.348,296.0,4951.5
0.348,390.0,2274.0
0.348,82.0,95.0
0.348,337.0,4656.0
0.348,662.3333333333334,8271.0
0.348,324.0,3542.0
0.348,499.0,5639.5
0.348,466.0,10682.666666666666
0.348,231.0,2000.0
0.348,155.0,2866.0
0.348,926.0,59681.0
0.348,283.3333333333333,5216.333333333333
0.348,461.0,4890.0
0.348,161.0,1886.0
0.348,255.66666666666666,3351.0
0.348,1765.0,147755.0
0.348,490.0,5150.0
0.348,419.0,10996.0
0.348,235.5,2566.5
0.348,150.5,1552.5
0.348,1261.0,19034.0
0.348,333.0,9444.5
0.348,417.0,8855.0
0.348,64.0,402.0
0.348,186.33333333333334,1388.0
0.348,3500.0,181870.0
0.348,211.0,2712.0
0.348,62.0,455.0
0.348,1793.0,37335.0
0.348,350.0,5727.0
0.348,386.0,4615.0
0.348,68.0,687.0
0.348,415.0,3224.0
0.348,332.0,9711.0
0.348,113.0,603.0
0.349,175.0,2721.5
0.349,283.0,1808.0
0.349,211.0,2871.0
0.349,94.0,767.0
0.349,222.0,2004.5
0.349,201.0,3724.6666666666665
0.349,255.0,1771.0
0.349,56.0,69.0
0.349,106.0,111.0
0.349,1965.0,61742.0
0.349,156.5,1247.5
0.349,279.0,5713.0
0.349,96.0,2560.0
0.349,389.5,3537.5
0.349,353.5,11719.5
0.349,127.0,193.0
0.349,208.0,3631.0
0.349,3500.0,205346.0
0.349,78.5,355.5
0.349,217.0,1528.0
0.349,3500.0,248031.0
0.349,64.0,518.0
0.349,3500.0,166125.0
0.349,393.0,8395.0
0.349,249.0,4277.5
0.349,421.0,5096.0
0.349,301.0,3192.0
0.349,277.0,4846.5
0.349,76.0,84.0
0.349,284.0,1860.0
0.349,134.0,145.0
0.349,61.0,442.0
0.349,104.0,111.0
0.349,139.0,152.0
0.349,238.5,2243.0
0.349,169.0,250.0
0.349,869.0,26971.0
0.349,166.66666666666666,778.6666666666666
0.349,259.0,592.0
0.349,695.0,13806.0
0.349,279.0,5329.0
0.349,1252.0,38998.0
0.35,396.0,4719.0
0.35,367.0,5348.666666666667
0.35,298.5,4871.0
0.35,305.0,837.0
0.35,212.0,2644.0
0.35,74.0,1073.0
0.35,144.5,2187.0
0.35,174.0,1906.0
0.35,470.0,12462.0
0.35,1859.0,93167.5
0.35,379.0,3442.0
0.35,254.0,2651.0
0.35,249.0,2850.0
0.35,48.0,618.0
0.35,210.0,2728.5
0.35,249.0,4604.5
0.35,84.0,101.0
0.35,287.5,3032.0
0.35,257.0,4875.0
0.35,484.0,3888.0
0.35,330.0,5272.0
0.35,249.0,2844.0
0.35,518.0,2004.0
0.35,249.0,3763.0
0.35,164.0,221.0
0.35,86.0,106.0
0.35,157.0,308.0
0.35,266.0,1594.0
0.35,245.0,12228.0
0.35,325.5,4432.0
0.35,82.0,581.0
0.35,417.0,11586.0
0.35,61.0,488.0
0.35,140.0,1485.0
0.35,75.0,865.0
0.35,156.0,2247.0
0.35,397.0,6313.0
0.35,392.5,4561.5
0.35,1236.0,31785.0
0.35,977.0,21181.0
0.35,183.0,1105.0
0.35,1780.0,53637.5
0.35,617.0,4467.0
0.351,212.5,3537.0
0.351,385.0,11751.333333333334
0.351,3500.0,103375.0
0.351,100.0,105.0
0.351,265.0,7518.0
0.351,3500.0,141545.0
0.351,59.0,479.0
0.351,187.0,2263.0
0.351,173.0,2548.75
0.351,409.0,9642.0
0.351,87.0,104.0
0.351,83.0,99.0
0.351,316.0,5066.0
0.351,231.25,2380.75
0.351,1845.0,144860.0
0.351,3500.0,211930.0
0.351,226.0,2332.0
0.351,87.5,1005.5
0.351,63.0,563.0
0.351,338.0,7900.0
0.351,362.0,5714.0
0.351,360.0,4262.333333333333
0.351,549.5,21281.0
0.351,284.5,3072.0
0.351,405.3333333333333,10367.333333333334
0.351,387.0,4994.0
0.351,381.0,3223.0
0.351,261.0,4717.0
0.351,385.0,11150.0
0.351,63.0,82.0
0.351,110.0,892.0
0.351,258.0,7199.0
0.351,87.0,103.0
0.351,67.0,625.0
0.351,318.3333333333333,6145.333333333333
0.351,347.0,8075.0
0.351,224.0,6286.0
0.351,70.5,762.5
0.351,97.0,100.0
0.351,114.0,1335.0
0.351,98.0,107.5
0.351,58.0,59.0
0.351,1806.0,62320.5
0.351,61.0,443.0
0.351,200.0,2771.0
0.351,267.0,2647.0
0.351,207.0,2043.0
0.351,1518.0,55804.0
0.351,1234.3333333333333,51912.0
0.351,138.0,359.0
0.351,176.0,534.0
0.351,104.0,966.0
0.351,67.0,777.0
0.351,102.0,106.0
0.351,418.0,5679.0
0.351,279.0,2045.0
0.352,220.0,991.0
0.352,101.0,102.0
0.352,194.0,3344.0
0.352,486.0,9046.0
0.352,306.0,1774.0
0.352,364.0,6642.0
0.352,299.0,5362.0
0.352,273.0,8590.5
0.352,262.0,10198.0
0.352,496.0,2541.0
0.352,3500.0,151325.0
0.352,253.0,4751.0
0.352,137.0,1608.3333333333333
0.352,62.0,480.0
0.352,205.0,1141.0
0.352,239.0,3168.0
0.352,463.0,10181.0
0.352,231.0,525.0
0.352,1131.0,10653.0
0.352,182.0,202.0
0.352,530.0,8115.0
0.352,404.0,3887.0
0.352,184.0,4068.5
0.352,97.0,203.0
0.352,129.0,1766.0
0.352,396.5,8558.0
0.352,302.0,8333.0
0.352,91.0,96.0
0.352,3500.0,144930.0
0.352,345.0,6259.0
0.352,94.0,123.0
0.352,104.0,792.0
0.352,62.0,75.0
0.352,382.0,6915.0
0.352,81.0,751.0
0.352,86.5,353.0
0.352,96.0,2059.0
0.352,1651.0,27174.0
0.352,292.0,1922.0
0.352,3500.0,207540.0
0.353,352.0,6944.0
0.353,61.0,499.0
0.353,3500.0,90307.0
0.353,288.0,699.0
0.353,641.5,12882.5
0.353,1359.0,74460.33333333333
0.353,531.0,7021.0
0.353,3500.0,114465.0
0.353,353.5,13095.0
0.353,452.0,9601.333333333334
0.353,173.0,1963.0
0.353,279.0,2316.0
0.353,95.5,1223.0
0.353,156.0,183.0
0.353,913.0,23694.5
0.353,95.0,160.0
0.353,941.5,18157.0
0.353,612.0,36525.0
0.353,84.0,362.5
0.353,432.0,6426.0
0.353,837.3333333333334,44966.333333333336
0.353,66.0,794.0
0.353,1948.0,109282.0
0.353,75.0,103.0
0.353,354.0,5169.0
0.353,319.0,6003.0
0.353,104.0,108.0
0.353,766.0,10617.0
0.353,213.0,2378.0
0.353,315.6666666666667,2801.3333333333335
0.353,167.0,201.0
0.353,1384.0,28811.0
0.353,100.0,103.0
0.353,129.66666666666666,886.0
0.353,268.0,4908.0
0.353,335.0,10086.0
0.353,31.0,39.0
0.353,322.0,6106.0
0.353,3500.0,227532.0
0.353,248.66666666666666,4202.333333333333
0.353,93.0,103.0
0.353,57.0,383.0
0.353,373.0,4340.0
0.353,511.0,24227.0
0.353,371.0,3834.0
0.353,224.33333333333334,2765.0
0.353,65.0,741.0
0.353,329.0,6460.0
0.353,1159.0,63418.0
0.353,252.5,4342.0
0.353,240.5,2247.5
0.354,53.5,304.5
0.354,286.0,4542.0
0.354,701.0,25248.0
0.354,233.0,2210.0
0.354,233.0,3955.0
0.354,352.0,1342.0
0.354,239.0,3436.3333333333335
0.354,297.0,5694.0
0.354,181.0,4579.0
0.354,335.5,5203.5
0.354,319.0,6239.0
0.354,93.0,153.0
0.354,301.0,4169.0
0.354,250.5,1318.5
0.354,409.0,6690.0
0.354,437.0,4424.5
0.354,267.0,3988.0
0.354,258.0,2452.5
0.354,719.0,9082.0
0.354,589.0,5235.0
0.354,87.5,95.0
0.354,410.0,10385.0
0.354,214.5,2732.5
0.354,1093.0,11379.0
0.354,206.0,1609.0
0.354,837.5,27312.0
0.354,233.0,3139.0
0.354,182.0,1959.0
0.354,183.0,1561.0
0.354,348.0,2984.0
0.354,168.0,684.0
0.354,59.0,533.0
0.354,90.0,658.0
0.354,1928.5,69861.0
0.354,3500.0,171459.0
0.354,505.0,12734.0
0.354,84.0,92.0
0.354,292.0,5712.0
0.354,3500.0,110641.0
0.354,144.5,1629.5
0.354,73.0,964.0
0.354,63.0,697.0
0.354,201.0,934.0
0.354,553.0,8567.0
0.354,535.0,1929.0
0.355,79.0,1106.0
0.355,730.0,12076.0
0.355,152.0,2663.0
0.355,354.0,3085.0
0.355,64.0,543.0
0.355,334.0,3927.0
0.355,164.0,959.0
0.355,252.0,3029.0
0.355,112.0,114.0
0.355,1001.0,18435.25
0.355,151.0,160.0
0.355,487.0,4052.0
0.355,256.5,4563.0
0.355,178.0,2107.0
0.355,64.0,650.0
0.355,312.0,2933.0
0.355,233.0,357.0
0.355,973.0,30058.0
0.355,450.8,8038.0
0.355,206.5,795.5
0.355,395.5,3285.5
0.355,94.0,145.0
0.355,1074.0,20412.0
0.355,398.0,4857.0
0.355,259.0,2708.0
0.355,176.0,2571.0
0.355,530.0,7182.5
0.355,328.0,3987.0
0.355,78.0,460.0
0.355,260.0,2131.0
0.355,256.0,6434.0
0.355,199.66666666666666,3029.3333333333335
0.355,732.5,18701.0
0.355,300.0,7791.0
0.355,255.0,3984.0
0.355,650.0,14527.0
0.355,255.0,2914.0
0.355,554.0,6830.0
0.355,74.0,649.0
0.355,904.3333333333334,27412.0
0.355,99.0,2309.0
0.355,482.0,8238.0
0.355,249.5,5751.5
0.355,365.0,5053.0
0.355,1019.0,28846.0
0.355,1597.0,78807.0
0.355,248.0,5106.0
0.356,384.0,5588.0
0.356,97.0,983.0
0.356,247.5,2954.5
0.356,95.0,98.0
0.356,74.0,82.0
0.356,311.3333333333333,3561.6666666666665
0.356,66.0,824.0
0.356,48.0,49.0
0.356,2238.5,69232.5
0.356,435.5,2081.0
0.356,278.0,3689.0
0.356,183.0,3116.0
0.356,3500.0,222351.0
0.356,389.0,3488.0
0.356,648.0,20313.0
0.356,62.0,445.0
0.356,151.0,3564.0
0.356,245.0,2393.0
0.356,102.0,110.0
0.356,200.0,2896.0
0.356,195.0,1859.0
0.356,387.0,3873.5
0.356,2031.0,75909.0
0.356,45.0,57.0
0.356,839.0,8286.0
0.356,76.0,88.0
0.356,150.0,3912.0
0.356,88.66666666666667,1084.3333333333333
0.356,205.5,2346.5
0.356,110.0,140.0
0.356,152.0,244.0
0.356,77.0,99.0
0.356,161.0,1926.0
0.356,361.0,4724.0
0.356,637.0,19894.5
0.356,169.0,266.0
0.356,611.0,32640.0
0.356,327.0,6746.0
0.356,223.0,6754.0
0.356,59.0,429.0
0.356,192.0,2216.0
0.356,3500.0,204708.0
0.356,91.5,881.0
0.356,210.5,2971.0
0.356,388.0,5278.0
0.356,278.0,2504.0
0.356,3500.0,169283.0
0.356,251.0,2052.0
0.356,215.5,4144.0
0.356,90.0,2472.0
0.356,290.0,1651.0
0.356,60.0,567.0
0.356,2005.0,112033.0
0.356,160.0,1235.0
0.357,643.0,8935.0
0.357,258.0,1412.0
0.357,199.0,2647.3333333333335
0.357,368.0,2116.0
0.357,87.0,1036.0
0.357,87.0,1008.0
0.357,196.0,1770.0
0.357,469.0,7287.0
0.357,305.0,6173.0
0.357,293.0,4763.0
0.357,253.0,1887.0
0.357,103.0,110.0
0.357,330.0,5644.0
0.357,66.0,253.5
0.357,115.0,1896.0
0.357,98.0,105.0
0.357,271.0,1727.0
0.357,877.5,55607.0
0.357,177.0,4450.0
0.357,117.0,1551.0
0.357,120.0,144.0
0.357,572.0,13304.0
0.357,265.0,5139.0
0.357,327.0,2933.5
0.357,147.0,2535.5
0.357,93.0,106.0
0.357,1182.0,49689.0
0.357,90.0,96.0
0.357,211.0,3975.0
0.357,1888.5,134381.5
0.357,92.0,1311.0
0.357,346.0,5135.5
0.357,107.0,1996.0
0.357,297.0,4570.0
0.357,60.0,61.0
0.357,307.0,2351.0
0.357,214.0,543.0
0.357,3500.0,83213.0
0.357,86.0,1483.0
0.357,569.0,5903.0
0.357,75.0,85.0
0.357,63.0,479.0
0.357,61.0,494.0
0.357,142.0,2031.0
0.358,1035.0,22325.0
0.358,117.5,1111.0
0.358,673.0,44005.0
0.358,666.6666666666666,30827.0
0.358,589.0,19404.0
0.358,93.0,589.0
0.358,226.0,2653.0
0.358,89.0,879.5
0.358,303.0,801.0
0.358,372.6666666666667,13502.333333333334
0.358,208.0,4025.0
0.358,277.5,7286.0
0.358,61.0,420.0
0.358,178.0,2184.0
0.358,603.0,8929.0
0.358,578.0,5553.0
0.358,62.0,341.0
0.358,64.0,578.0
0.358,156.66666666666666,1817.6666666666667
0.358,169.0,341.0
0.358,229.0,3262.0
0.358,252.0,6314.0
0.358,165.0,1143.0
0.358,276.0,4376.0
0.358,1517.0,36640.0
0.358,169.0,4121.0
0.358,144.0,1430.0
0.358,163.0,1532.0
0.358,64.0,501.0
0.358,141.5,198.0
0.358,254.0,4715.5
0.358,320.0,5495.0
0.358,1051.0,21695.0
0.358,160.0,3390.0
0.358,316.0,3140.0
0.358,136.66666666666666,1787.0
0.358,47.0,48.0
0.358,469.5,7355.5
0.358,62.5,533.0
0.358,142.5,2181.0
0.358,161.0,1459.0
0.358,246.0,487.0
0.359,318.0,3245.0
0.359,627.5,23233.0
0.359,100.0,110.0
0.359,519.0,8347.0
0.359,191.0,1493.0
0.359,353.5,6820.5
0.359,268.0,6364.0
0.359,258.0,1681.0
0.359,202.0,3996.0
0.359,374.0,10695.5
0.359,160.0,2803.0
0.359,102.0,704.0
0.359,1834.5,75990.5
0.359,405.0,6333.0
0.359,336.5,5139.0
0.359,163.0,1850.0
0.359,79.0,1261.0
0.359,84.0,94.0
0.359,191.0,3054.0
0.359,135.0,2335.0
0.359,3500.0,202939.0
0.359,293.0,2162.0
0.359,97.0,110.0
0.359,86.0,95.0
0.359,3500.0,101288.0
0.359,344.0,3638.0
0.359,116.0,314.0
0.359,248.0,2837.0
0.359,1127.5,25810.5
0.359,1854.0,62910.5
0.359,137.5,914.0
0.359,268.0,3559.0
0.359,98.0,100.0
0.359,254.5,2862.5
0.359,249.0,4015.0
0.359,1182.0,63460.0
0.359,1177.0,21832.0
0.359,3500.0,97488.0
0.36,722.0,5839.0
0.36,79.0,102.0
0.36,317.0,2884.0
0.36,152.0,2488.0
0.36,258.0,3910.0
0.36,154.0,191.0
0.36,178.0,530.0
0.36,104.0,112.5
0.36,1831.0,70380.5
0.36,77.0,1457.0
0.36,144.0,1521.5
0.36,409.3333333333333,18540.666666666668
0.36,56.0,57.0
0.36,275.5,4157.5
0.36,110.0,567.0
0.36,64.0,671.0
0.36,192.0,2838.0
0.36,942.0,34380.0
0.36,591.3333333333334,7625.0
0.36,78.0,1198.0
0.36,155.5,940.5
0.36,282.5,2289.0
0.36,762.0,22808.333333333332
0.36,75.0,81.0
0.36,96.0,97.0
0.36,94.5,523.5
0.36,135.0,878.0
0.36,75.0,1049.0
0.36,153.33333333333334,2144.6666666666665
0.36,93.0,99.5
0.36,504.0,5922.0
0.36,169.0,2389.5
0.36,251.0,2789.0
0.36,450.0,4993.5
0.36,208.0,2091.0
0.36,242.0,400.0
0.36,1052.0,35576.0
0.36,1295.6666666666667,38888.666666666664
0.36,337.0,8710.0
0.36,347.6666666666667,3099.3333333333335
0.36,327.0,2645.0
0.361,718.0,21827.5
0.361,91.0,635.0
0.361,90.0,106.0
0.361,219.0,2159.0
0.361,70.0,988.0
0.361,3500.0,157218.0
0.361,303.5,1707.5
0.361,194.0,4271.0
0.361,139.0,153.0
0.361,105.0,113.0
0.361,155.0,781.0
0.361,280.0,5092.0
0.361,1808.5,91966.5
0.361,202.0,1492.0
0.361,264.0,4374.0
0.361,2043.0,98447.0
0.361,103.0,106.0
0.361,244.0,2138.0
0.361,196.5,2927.0
0.361,337.0,3921.0
0.361,373.0,3303.0
0.361,328.0,8451.0
0.361,448.0,8028.0
0.361,99.0,440.0
0.361,367.0,6561.5
0.361,98.0,106.0
0.361,248.0,1800.0
0.361,278.0,3351.5
0.361,3500.0,173863.0
0.361,239.0,3283.0
0.361,108.0,134.0
0.361,178.0,491.0
0.361,1803.5,147696.5
0.361,311.0,3686.0
0.361,73.0,993.0
0.361,411.0,5169.333333333333
0.361,415.0,6739.0
0.361,85.5,140.5
0.361,92.0,98.0
0.361,1819.5,76002.5
0.361,404.0,10488.0
0.362,330.0,5604.0
0.362,166.0,2537.0
0.362,751.0,13707.5
0.362,3500.0,123636.0
0.362,356.0,6332.0
0.362,281.0,7380.0
0.362,529.0,5705.0
0.362,91.0,471.0
0.362,294.0,7427.0
0.362,166.0,1786.0
0.362,256.0,4726.0
0.362,165.0,256.0
0.362,326.5,5954.0
0.362,957.0,9195.0
0.362,2091.0,122045.0
0.362,700.0,9863.0
0.362,195.0,328.0
0.362,65.0,572.0
0.362,147.0,219.0
0.362,62.0,704.0
0.362,3500.0,146281.0
0.362,297.0,2763.0
0.362,183.5,3868.0
0.362,67.0,489.0
0.362,1944.5,50179.5
0.362,295.0,8752.0
0.362,190.33333333333334,3939.0
0.362,849.3333333333334,26317.333333333332
0.362,153.66666666666666,1297.6666666666667
0.362,148.0,1405.0
0.362,1857.0,88048.5
0.362,214.0,4493.0
0.362,45.0,46.0
0.362,177.0,1080.5
0.362,114.0,1478.0
0.362,133.5,2329.0
0.362,229.0,1391.0
0.362,91.0,102.0
0.362,103.0,123.0
0.362,61.0,495.0
0.362,256.0,598.0
0.362,91.0,102.0
0.362,51.0,64.0
0.363,269.0,16077.0
0.363,380.5,6494.5
0.363,215.0,2006.0
0.363,274.0,3795.0
0.363,238.0,4747.0
0.363,254.0,3847.0
0.363,279.0,9668.0
0.363,114.0,1376.0
0.363,99.0,102.0
0.363,644.0,8352.0
0.363,3500.0,246874.0
0.363,433.0,7571.0
0.363,285.0,10496.0
0.363,64.0,616.0
0.363,610.0,8421.0
0.363,159.0,1590.3333333333333
0.363,580.0,9433.0
0.363,271.0,3922.0
0.363,3500.0,291273.0
0.363,236.0,1806.0
0.363,757.0,19800.0
0.363,59.0,514.0
0.363,218.0,3410.0
0.363,64.0,654.0
0.363,530.0,31339.0
0.363,92.0,181.0
0.363,77.0,1081.0
0.363,72.0,896.0
0.363,661.0,6704.0
0.363,1104.0,22649.0
0.363,132.5,2563.0
0.363,313.0,3086.0
0.363,173.0,2135.0
0.363,64.0,443.0
0.363,306.0,2682.0
0.363,65.0,544.0
0.363,567.0,31493.0
0.363,1007.0,27731.0
0.363,211.0,2506.0
0.363,88.0,642.0
0.363,326.5,5704.0
0.363,355.0,10139.0
0.363,1179.5,49418.5
0.363,373.0,5415.0
0.363,332.0,3577.0
0.363,300.0,4596.0
0.363,62.0,86.0
0.363,77.0,106.0
0.364,3500.0,83603.0
0.364,386.0,2271.0
0.364,3500.0,141630.0
0.364,406.0,6010.0
0.364,321.6666666666667,5350.666666666667
0.364,86.0,194.0
0.364,482.0,16665.0
0.364,321.0,10026.0
0.364,237.0,2004.0
0.364,717.0,14919.0
0.364,424.0,5188.0
0.364,346.0,7378.666666666667
0.364,105.0,586.0
0.364,317.0,7638.0
0.364,632.5,16042.0
0.364,78.5,349.0
0.364,435.0,6630.75
0.364,368.0,2270.0
0.364,226.0,1198.5
0.364,190.0,1601.0
0.364,99.0,105.0
0.364,91.0,95.0
0.364,246.0,3241.0
0.364,3500.0,122819.0
0.364,221.0,2072.5
0.364,134.33333333333334,2196.6666666666665
0.364,275.0,2952.0
0.364,63.0,599.0
0.364,65.0,760.0
0.364,279.0,3678.0
0.364,231.5,4622.0
0.364,66.0,77.0
0.364,210.0,1798.0
0.364,225.0,6130.0
0.364,421.0,8674.0
0.364,81.0,107.0
0.364,283.0,2288.0
0.364,589.0,4317.0
0.364,1164.0,10583.0
0.364,415.0,8514.0
0.364,1197.0,104148.0
0.364,357.0,3333.0
0.364,426.0,14048.666666666666
0.365,168.5,2204.5
0.365,329.0,5110.0
0.365,252.0,4454.666666666667
0.365,136.5,2448.0
0.365,77.0,944.0
0.365,261.0,3286.0
0.365,61.0,455.0
0.365,335.0,8909.0
0.365,88.0,443.0
0.365,80.0,81.0
0.365,368.0,4980.0
0.365,87.0,88.0
0.365,804.0,27161.0
0.365,382.0,2019.5
0.365,275.0,4603.0
0.365,3500.0,108301.0
0.365,84.0,100.0
0.365,197.66666666666666,3327.3333333333335
0.365,136.0,1160.0
0.365,208.0,3613.0
0.365,269.0,6461.0
0.365,250.0,2274.0
0.365,3500.0,166609.0
0.365,210.0,3347.0
0.365,241.0,6387.0
0.365,3500.0,140723.0
0.365,387.0,692.0
0.365,305.0,3082.5
0.365,95.0,498.0
0.365,454.0,8835.0
0.365,108.0,1297.0
0.365,3500.0,142708.0
0.365,109.0,730.0
0.365,326.0,13127.5
0.365,98.0,150.0
0.365,78.0,88.0
0.365,220.0,6257.0
0.365,951.75,34105.75
0.365,61.0,542.0
0.365,201.0,3000.0
0.365,293.0,3838.0
0.365,240.0,4843.0
0.365,3500.0,190741.0
0.365,157.0,704.0
0.365,250.0,4050.0
0.365,167.33333333333334,5621.666666666667
0.365,182.0,516.0
0.365,131.0,1376.0
0.365,164.0,2508.5
0.366,312.0,2826.0
0.366,320.3333333333333,17295.333333333332
0.366,635.0,29302.0
0.366,311.0,4885.0
0.366,138.0,1246.0
0.366,221.0,1472.5
0.366,327.0,4803.0
0.366,1277.0,33238.0
0.366,3500.0,116883.0
0.366,70.0,661.0
0.366,503.0,6336.333333333333
0.366,253.0,3357.0
0.366,104.0,979.0
0.366,253.0,5107.0
0.366,619.5,10934.0
0.366,410.5,9294.5
0.366,89.0,107.0
0.366,109.0,112.0
0.366,3500.0,206709.0
0.366,166.0,1300.0
0.366,313.5,2545.5
0.366,222.66666666666666,4436.666666666667
0.366,227.0,764.0
0.366,89.0,97.0
0.366,447.0,6670.0
0.366,300.0,7532.0
0.366,305.0,2803.0
0.366,127.0,2322.0
0.366,80.0,99.0
0.366,91.0,133.0
0.366,199.0,2360.0
0.366,673.0,14867.0
0.366,1219.0,51450.0
0.366,256.0,3874.0
0.366,92.0,96.0
0.366,183.0,1879.5
0.366,638.0,28533.0
0.366,127.0,1112.0
0.366,154.0,293.0
0.367,210.5,1863.5
0.367,167.0,2216.0
0.367,190.0,3886.5
0.367,401.0,938.0
0.367,662.5,54592.5
0.367,233.5,2664.0
0.367,422.0,7264.0
0.367,115.0,119.0
0.367,1898.0,80861.0
0.367,303.0,6663.0
0.367,149.0,409.0
0.367,285.0,5206.0
0.367,66.0,72.0
0.367,164.0,1095.0
0.367,204.0,625.0
0.367,64.0,65.0
0.367,707.5,25759.5
0.367,463.0,3638.0
0.367,223.0,2237.0
0.367,65.0,688.0
0.367,115.0,2270.0
0.367,1921.5,56181.5
0.367,794.0,16145.5
0.367,186.0,4889.0
0.367,105.0,152.0
0.367,302.0,5691.0
0.367,175.5,2314.5
0.367,87.0,97.0
0.367,117.5,160.5
0.367,165.0,2693.0
0.367,88.0,110.0
0.367,87.0,101.0
0.367,85.0,98.0
0.367,104.0,107.0
0.367,204.0,1440.0
0.367,155.0,273.0
0.367,442.5,2702.0
0.367,43.0,44.0
0.367,207.0,2835.0
0.367,63.0,501.0
0.367,831.0,15832.0
0.367,383.0,2385.0
0.368,252.0,3263.0
0.368,142.0,1436.0
0.368,171.0,1980.5
0.368,391.0,4177.0
0.368,708.0,14191.5
0.368,69.0,81.0
0.368,719.0,7270.5
0.368,109.5,493.5
0.368,330.0,8669.0
0.368,237.0,1383.0
0.368,202.5,2201.5
0.368,371.6666666666667,3954.6666666666665
0.368,175.5,1651.25
0.368,292.0,5463.0
0.368,321.0,6992.0
0.368,196.0,552.0
0.368,766.0,8767.0
0.368,62.0,555.0
0.368,673.0,10689.0
0.368,80.0,1077.0
0.368,718.0,11740.0
0.368,602.0,6107.0
0.368,249.0,3505.0
0.368,352.0,7894.0
0.368,253.0,4404.0
0.368,936.0,41034.5
0.368,265.0,4960.0
0.368,159.0,201.0
0.368,334.0,3616.0
0.368,313.0,4422.0
0.368,371.0,6434.0
0.368,309.0,8173.0
0.368,90.0,1861.0
0.368,389.0,8952.0
0.368,246.0,5385.0
0.368,88.0,140.0
0.368,85.0,1325.0
0.368,396.0,4781.0
0.369,388.0,4405.0
0.369,115.0,1652.0
0.369,98.0,108.0
0.369,3500.0,103260.0
0.369,841.0,4924.0
0.369,318.0,6577.0
0.369,112.0,130.0
0.369,534.0,8779.0
0.369,60.0,509.0
0.369,3500.0,172055.0
0.369,189.66666666666666,5199.666666666667
0.369,105.5,665.0
0.369,92.0,97.0
0.369,1193.0,54956.0
0.369,1034.0,40839.0
0.369,273.0,5062.0
0.369,99.0,100.0
0.369,289.0,10154.0
0.369,906.0,13234.0
0.369,151.0,196.0
0.369,164.0,1453.0
0.369,180.0,2379.0
0.369,226.0,1460.0
0.369,267.0,9190.0
0.369,232.0,3607.0
0.369,64.0,524.0
0.369,256.0,1833.5
0.369,1200.0,10088.0
0.369,88.0,96.0
0.369,369.0,3122.0
0.369,3500.0,175958.0
0.369,546.0,10009.0
0.369,79.0,111.0
0.369,280.0,4058.5
0.369,102.0,109.0
0.369,175.0,2626.0
0.369,169.0,196.0
0.369,304.0,4894.0
0.369,210.0,3178.0
0.369,280.0,7890.0
0.369,1177.0,40454.0
0.369,287.0,3370.6666666666665
0.369,359.0,3250.5
0.369,92.0,155.0
0.369,231.0,4592.0
0.369,346.0,5298.0
0.369,166.0,3166.5
0.369,425.0,3194.0
0.369,46.0,47.0
0.369,430.0,9584.0
0.369,933.0,48306.0
0.369,373.5,6909.5
0.369,1554.0,70357.0
0.369,94.0,2338.0
0.369,343.0,7062.0
0.37,164.0,1988.0
0.37,260.0,4604.333333333333
0.37,872.5,18129.5
0.37,243.0,5132.0
0.37,141.0,181.0
0.37,248.0,2676.0
0.37,269.0,2247.0
0.37,65.0,710.0
0.37,3500.0,220350.0
0.37,576.0,7178.0
0.37,94.0,112.0
0.37,73.0,93.0
0.37,104.0,1359.0
0.37,285.0,7498.0
0.37,65.0,417.0
0.37,122.0,1239.5
0.37,207.0,6856.0
0.37,344.0,9883.0
0.37,247.0,1731.0
0.37,77.0,1060.0
0.37,327.0,4618.0
0.37,259.0,9690.0
0.37,182.0,4574.5
0.37,589.0,45050.0
0.37,85.0,98.0
0.37,228.0,2613.0
0.37,224.0,2293.0
0.37,290.5,12813.5
0.37,3500.0,103215.0
0.37,214.0,5636.0
0.37,393.0,4617.0
0.37,462.0,8976.0
0.37,172.0,1714.0
0.37,181.0,4091.0
0.37,163.0,315.0
0.37,976.25,31484.5
0.37,737.5,23436.5
0.37,219.0,3313.0
0.37,215.66666666666666,4555.666666666667
0.37,420.0,4671.0
0.37,181.0,1686.0
0.37,272.0,3257.0
0.37,689.0,18786.0
0.37,113.0,1654.0
0.37,350.0,2589.0
0.37,56.5,329.5
0.37,357.0,5617.0
0.37,119.0,299.0
0.37,220.0,7579.0
0.37,1036.0,25257.5
0.37,437.0,9652.0
0.37,78.0,81.0
0.37,135.0,140.0
0.371,114.0,152.0
0.371,332.5,4972.0
0.371,921.5,20515.0
0.371,318.0,3454.0
0.371,176.0,389.0
0.371,97.5,110.5
0.371,146.0,3669.0
0.371,149.0,347.0
0.371,1765.0,89706.0
0.371,124.0,1606.0
0.371,172.0,247.0
0.371,259.0,5493.0
0.371,486.0,5493.0
0.371,313.0,743.0
0.371,231.5,2215.0
0.371,143.0,188.0
0.371,175.0,256.0
0.371,236.0,3095.0
0.371,255.0,4184.0
0.371,187.5,1618.5
0.371,72.0,821.0
0.371,421.0,6682.0
0.371,271.0,4418.0
0.371,201.5,2265.5
0.371,116.5,2550.5
0.371,203.0,3656.0
0.371,211.0,3111.0
0.371,97.0,109.0
0.371,481.0,12561.0
0.371,177.0,1127.0
0.371,234.0,3172.0
0.371,503.0,6401.0
0.371,444.5,5563.5
0.371,286.5,2336.5
0.371,175.0,2109.0
0.371,59.0,529.0
0.371,307.0,2363.0
0.371,85.0,100.0
0.371,66.0,792.0
0.371,99.0,104.0
0.371,87.0,92.0
0.372,3500.0,136708.0
0.372,140.5,488.0
0.372,447.0,10891.0
0.372,112.0,944.0
0.372,309.0,1790.5
0.372,92.0,147.0
0.372,640.6666666666666,35966.0
0.372,673.0,9081.0
0.372,365.0,4799.0
0.372,124.0,1609.5
0.372,211.0,2240.0
0.372,77.0,103.0
0.372,88.0,1060.0
0.372,107.0,1149.0
0.372,148.0,208.0
0.372,1869.0,32246.0
0.372,420.3333333333333,6754.666666666667
0.372,85.5,704.0
0.372,411.0,6885.5
0.372,78.0,259.5
0.372,114.0,1506.0
0.372,3500.0,149226.0
0.372,132.0,156.0
0.372,3500.0,145554.0
0.372,81.0,98.0
0.372,1006.0,14927.0
0.372,706.0,36908.0
0.372,250.0,3733.0
0.372,370.0,16922.0
0.372,415.0,856.0
0.372,329.0,2405.0
0.372,186.0,1780.0
0.372,71.0,933.0
0.372,53.0,62.0
0.372,841.3333333333334,19195.666666666668
0.372,62.0,557.0
0.372,107.5,229.0
0.372,141.0,165.0
0.372,225.0,2645.0
0.372,78.5,93.5
0.372,117.5,2031.0
0.372,106.0,134.0
0.372,102.0,106.0
0.372,840.0,33035.0
0.373,563.0,8993.0
0.373,323.0,6317.0
0.373,175.5,3961.5
0.373,111.0,838.0
0.373,189.0,2872.0
0.373,535.0,6290.0
0.373,87.5,597.5
0.373,64.0,72.0
0.373,82.5,699.5
0.373,454.0,3694.0
0.373,246.0,2644.0
0.373,211.0,1584.0
0.373,304.0,3743.0
0.373,134.0,159.0
0.373,121.0,1521.0
0.373,363.0,4445.0
0.373,448.0,6966.0
0.373,379.0,8049.0
0.373,1392.0,75083.0
0.373,706.0,4469.0
0.373,299.0,2522.0
0.373,88.0,91.0
0.373,433.0,3933.0
0.373,192.33333333333334,1919.6666666666667
0.373,253.0,1499.5
0.373,69.0,90.0
0.373,258.0,3339.0
0.373,88.0,115.0
0.373,325.0,5433.0
0.373,433.3333333333333,6931.0
0.373,579.0,9946.0
0.373,74.0,413.0
0.373,205.33333333333334,2865.0
0.373,115.0,118.0
0.373,81.0,1184.0
0.373,449.0,7643.0
0.373,1864.5,97061.0
0.373,1765.0,64806.0
0.373,297.0,4983.0
0.373,220.0,293.0
0.373,226.5,5626.5
0.373,589.0,9413.0
0.373,351.0,7336.0
0.373,813.0,38755.5
0.373,61.0,544.0
0.373,255.0,3647.5
0.373,37.0,51.0
0.374,152.5,1198.0
0.374,417.5,4227.0
0.374,99.0,107.0
0.374,89.0,104.0
0.374,93.0,96.0
0.374,151.0,1586.0
0.374,210.5,5155.0
0.374,62.0,604.0
0.374,404.0,3376.0
0.374,85.0,666.0
0.374,107.0,989.0
0.374,351.0,4935.0
0.374,111.5,636.0
0.374,96.0,107.0
0.374,423.0,4024.0
0.374,233.0,2482.0
0.374,220.0,1497.0
0.374,134.0,1604.0
0.374,140.0,683.0
0.374,81.0,84.0
0.374,135.5,1441.0
0.374,1179.5,35737.5
0.374,190.0,852.0
0.374,166.0,963.5
0.374,89.0,103.0
0.374,162.0,1267.0
0.374,404.0,4060.0
0.374,571.0,5476.0
0.374,331.5,4019.0
0.374,268.0,585.0
0.374,474.0,4043.0
0.374,109.0,963.0
0.374,218.0,5989.0
0.374,271.0,4201.0
0.374,174.0,4181.0
0.374,272.0,4457.0
0.374,156.0,2561.0
0.374,181.0,1943.0
0.375,266.0,4470.0
0.375,114.0,3855.0
0.375,1483.0,36871.0
0.375,325.0,8061.0
0.375,362.0,3070.0
0.375,424.5,9664.5
0.375,1060.0,19888.0
0.375,1479.0,56924.0
0.375,219.0,2947.0
0.375,158.0,173.0
0.375,235.0,4165.0
0.375,120.0,1118.0
0.375,394.0,7192.0
0.375,153.0,1134.5
0.375,654.0,24004.0
0.375,96.0,169.0
0.375,61.0,662.0
0.375,66.0,573.0
0.375,161.0,1544.0
0.375,261.0,2798.0
0.375,104.0,998.0
0.375,186.0,1204.5
0.375,143.0,154.0
0.375,104.0,111.0
0.375,63.0,805.0
0.375,57.0,784.0
0.375,254.0,3129.5
0.375,512.0,6374.0
0.375,226.0,4955.0
0.375,111.5,1080.0
0.375,127.0,684.0
0.375,340.0,5851.0
0.375,146.0,1025.0
0.375,262.0,3134.0
0.375,138.0,1209.6666666666667
0.375,195.66666666666666,1789.3333333333333
0.375,92.0,113.0
0.375,204.0,2701.0
0.375,277.0,3824.0
0.375,410.6666666666667,8986.0
0.375,161.0,5549.0
0.375,61.0,472.0
0.375,79.0,92.0
0.375,1036.0,79096.5
0.376,305.0,2587.0
0.376,226.0,2531.0
0.376,324.0,4903.0
0.376,94.0,1970.0
0.376,108.0,888.0
0.376,219.0,2683.5
0.376,159.0,1407.0
0.376,112.0,1380.0
0.376,534.0,10499.0
0.376,143.0,156.0
0.376,197.0,6992.0
0.376,1796.5,46997.5
0.376,222.0,1849.0
0.376,81.0,1578.0
0.376,375.0,9906.0
0.376,444.0,5649.0
0.376,37.0,54.0
0.376,1014.0,58487.0
0.376,241.5,6266.0
0.376,122.0,204.0
0.376,105.0,1005.0
0.376,86.0,104.0
0.376,91.0,651.0
0.376,376.0,12029.0
0.376,369.0,3432.0
0.376,183.0,2194.3333333333335
0.376,1879.5,62754.5
0.376,184.5,654.5
0.376,71.0,807.0
0.376,81.0,144.0
0.376,84.0,685.0
0.376,369.0,10052.0
0.376,173.5,1980.0
0.376,274.5,7965.5
0.376,390.0,10898.0
0.376,84.0,1422.0
0.376,89.0,96.0
0.376,523.0,8624.0
0.376,583.0,6598.0
0.376,81.5,491.0
0.376,824.0,27341.5
0.376,274.0,6333.0
0.376,62.0,486.0
0.376,195.0,671.0
0.376,114.33333333333333,1134.6666666666667
0.376,92.0,706.0
0.377,213.0,1772.0
0.377,265.0,6280.0
0.377,294.0,5278.0
0.377,218.0,5538.0
0.377,250.0,6511.0
0.377,174.0,3011.0
0.377,230.0,6213.0
0.377,702.0,48360.0
0.377,1103.0,50669.0
0.377,157.5,654.0
0.377,249.0,399.0
0.377,589.0,59235.0
0.377,322.0,5484.0
0.377,606.0,6379.0
0.377,86.0,190.0
0.377,299.0,4886.0
0.377,253.5,741.5
0.377,148.0,1874.0
0.377,92.5,482.5
0.377,150.2,3047.2
0.377,298.0,3703.0
0.377,175.5,1174.0
0.377,276.0,8969.5
0.377,87.0,104.0
0.377,375.5,3400.0
0.377,413.0,10579.0
0.377,575.0,23071.0
0.377,1765.0,61755.0
0.377,366.6666666666667,6623.333333333333
0.377,1790.0,64585.0
0.377,163.0,2364.0
0.377,300.0,5390.0
0.377,119.5,162.0
0.377,64.0,585.0
0.377,260.0,3540.0
0.377,183.0,3650.0
0.377,238.0,1703.0
0.377,493.0,5746.0
0.377,290.0,5268.0
0.377,265.5,3201.0
0.377,512.0,16972.0
0.377,185.0,2452.0
0.377,712.6666666666666,20835.666666666668
0.378,275.5,3425.5
0.378,184.0,2737.0
0.378,113.0,1245.0
0.378,124.0,895.5
0.378,62.0,444.0
0.378,178.5,1517.0
0.378,110.0,1758.0
0.378,209.0,2957.0
0.378,245.0,3222.0
0.378,72.0,825.0
0.378,206.0,1760.0
0.378,62.5,602.0
0.378,344.5,5521.0
0.378,334.5,11643.5
0.378,464.0,8428.0
0.378,95.0,98.0
0.378,261.0,2930.0
0.378,96.0,712.0
0.378,218.0,4184.0
0.378,96.0,2122.0
0.378,169.5,971.5
0.378,135.0,155.0
0.378,335.0,10135.0
0.378,249.0,2437.0
0.378,476.0,5442.0
0.378,399.0,6383.0
0.378,267.0,2559.0
0.378,335.0,7323.0
0.378,1936.0,147984.0
0.378,951.0,42775.5
0.378,407.0,3107.0
0.378,1333.0,8136.0
0.378,217.0,2864.0
0.378,214.5,2932.5
0.378,482.0,7176.0
0.378,299.0,3762.0
0.378,254.33333333333334,4177.333333333333
0.378,1639.0,46897.0
0.378,287.0,1724.0
0.378,879.5,18617.5
0.379,67.0,928.0
0.379,313.0,4453.0
0.379,332.0,7270.0
0.379,174.33333333333334,1080.6666666666667
0.379,67.0,662.0
0.379,95.0,114.0
0.379,334.0,7509.0
0.379,72.5,1013.5
0.379,57.0,480.0
0.379,137.0,157.0
0.379,666.5,28667.0
0.379,312.0,2571.0
0.379,1129.0,67219.0
0.379,270.0,2611.0
0.379,1128.0,36595.0
0.379,66.0,791.0
0.379,155.0,1546.5
0.379,89.0,97.0
0.379,310.5,12418.0
0.379,327.0,4683.0
0.379,3500.0,154580.0
0.379,53.0,54.0
0.379,168.0,199.0
0.379,172.33333333333334,2892.3333333333335
0.379,276.0,4812.0
0.379,203.0,3728.0
0.379,194.5,3333.0
0.379,158.0,3102.0
0.379,3500.0,227494.0
0.379,142.0,1653.0
0.379,294.0,4030.0
0.379,136.0,2223.0
0.379,173.0,1461.5
0.379,105.0,186.5
0.379,347.0,8296.0
0.379,259.5,1653.0
0.379,130.5,1219.0
0.379,210.0,3773.0
0.379,111.0,168.0
0.379,352.5,10603.0
0.38,106.0,166.0
0.38,93.0,154.0
0.38,527.0,9510.5
0.38,57.0,68.0
0.38,3500.0,228958.0
0.38,99.0,104.0
0.38,239.0,6821.0
0.38,56.0,64.0
0.38,76.33333333333333,848.3333333333334
0.38,97.0,106.0
0.38,99.0,840.0
0.38,276.0,3382.0
0.38,233.0,4523.0
0.38,257.0,8110.5
0.38,155.0,280.0
0.38,191.5,3511.0
0.38,64.0,592.0
0.38,424.0,5220.0
0.38,99.0,218.0
0.38,88.0,106.0
0.38,126.0,1239.5
0.38,203.0,1993.0
0.38,395.0,8647.0
0.38,298.0,4513.0
0.38,121.0,133.0
0.38,279.0,4088.0
0.38,265.0,2935.0
0.38,234.0,3163.0
0.38,123.0,1344.0
0.38,278.0,3152.0
0.38,247.0,2693.0
0.38,90.0,1203.0
0.38,89.0,92.0
0.38,254.0,3291.0
0.38,72.5,746.5
0.38,228.0,858.0
0.38,83.0,95.0
0.38,83.0,1331.0
0.38,191.0,273.0
0.38,110.0,198.0
0.38,74.75,366.75
0.381,80.0,82.0
0.381,73.0,483.5
0.381,230.5,2538.5
0.381,1295.3333333333333,75223.0
0.381,486.0,1876.0
0.381,383.0,7186.0
0.381,186.66666666666666,3112.0
0.381,71.0,692.0
0.381,243.0,5348.0
0.381,147.0,250.0
0.381,340.5,2978.0
0.381,254.0,6269.5
0.381,371.0,3912.0
0.381,162.75,2062.0
0.381,301.0,4361.0
0.381,256.5,3627.0
0.381,83.0,935.0
0.381,66.0,618.0
0.381,118.0,176.0
0.381,169.0,2034.5
0.381,3500.0,150585.0
0.381,576.0,23385.0
0.381,263.0,1384.0
0.381,3500.0,136520.0
0.381,100.0,927.0
0.381,244.0,14938.0
0.381,206.75,1011.5
0.381,170.0,1725.5
0.381,210.5,752.5
0.381,30.0,42.0
0.381,92.0,1924.0
0.381,230.0,2424.0
0.381,232.0,1379.0
0.381,76.0,1107.0
0.381,2015.0,41943.0
0.381,242.5,2520.5
0.381,71.0,72.0
0.381,91.0,781.0
0.381,105.0,111.0
0.382,593.0,9892.5
0.382,302.0,3010.0
0.382,329.5,2942.5
0.382,63.0,448.0
0.382,1177.0,63158.0
0.382,191.0,4140.0
0.382,263.0,3697.0
0.382,250.0,370.0
0.382,125.0,1962.6666666666667
0.382,133.0,2545.5
0.382,3500.0,152309.0
0.382,84.5,439.0
0.382,1150.0,15248.0
0.382,105.0,112.0
0.382,88.0,98.0
0.382,200.0,3630.3333333333335
0.382,3500.0,263946.0
0.382,61.0,460.0
0.382,89.0,652.0
0.382,217.5,4345.5
0.382,264.5,3539.5
0.382,137.0,796.0
0.382,165.5,2572.0
0.382,120.0,1397.0
0.382,264.0,6582.0
0.382,223.0,1907.0
0.382,152.0,1088.0
0.382,688.0,11120.5
0.382,134.0,1965.0
0.382,252.0,2363.0
0.382,457.0,15322.5
0.382,233.0,783.0
0.382,619.5,29167.5
0.382,307.0,3663.0
0.382,240.0,5609.0
0.383,445.0,4709.0
0.383,299.0,3009.0
0.383,330.0,5727.0
0.383,152.0,309.0
0.383,94.0,96.0
0.383,65.0,671.0
0.383,210.0,2551.0
0.383,416.0,5141.0
0.383,413.0,6148.0
0.383,113.0,1348.0
0.383,219.0,3847.0
0.383,220.0,6393.0
0.383,172.0,311.0
0.383,127.0,1060.0
0.383,161.0,1246.0
0.383,185.0,2310.0
0.383,65.0,726.0
0.383,347.0,6159.0
0.383,437.0,18837.0
0.383,340.0,1530.0
0.383,100.0,103.0
0.383,344.0,4035.0
0.383,109.0,138.0
0.383,3500.0,195365.0
0.383,357.0,3996.0
0.383,131.5,257.0
0.383,52.0,53.0
0.383,65.0,715.0
0.383,253.0,3657.0
0.383,94.5,510.0
0.383,64.0,588.0
0.383,98.0,99.0
0.383,872.5,27217.0
0.383,194.0,1505.0
0.383,81.0,99.0
0.383,694.0,13226.0
0.383,64.0,779.0
0.383,144.0,1191.0
0.383,627.5,37426.5
0.383,145.8,1052.6
0.384,111.0,1333.0
0.384,124.0,1149.3333333333333
0.384,130.0,2485.0
0.384,172.0,1791.0
0.384,414.0,4602.0
0.384,272.0,1255.0
0.384,341.0,5717.5
0.384,91.0,717.0
0.384,226.0,3809.5
0.384,63.0,606.0
0.384,268.0,4337.0
0.384,269.0,9418.0
0.384,76.0,87.0
0.384,117.0,969.0
0.384,178.0,3908.0
0.384,576.0,12334.0
0.384,148.0,1198.5
0.384,171.0,1022.0
0.384,86.0,96.0
0.384,189.0,1052.0
0.384,286.0,2976.5
0.384,364.0,8903.0
0.384,327.0,3403.0
0.384,1257.0,94418.0
0.384,230.0,3317.0
0.384,315.0,3131.0
0.384,86.0,828.0
0.384,126.0,156.0
0.384,200.0,2227.0
0.384,512.0,10529.0
0.384,114.0,123.5
0.384,89.33333333333333,97.33333333333333
0.384,84.0,240.0
0.384,164.0,2673.0
0.384,62.0,652.0
0.384,186.0,1414.0
0.384,148.0,1500.6666666666667
0.384,377.0,1562.0
0.384,269.0,5255.0
0.384,3500.0,76640.0
0.384,881.5,68584.0
0.384,130.5,1978.0
0.384,303.0,4722.0
0.385,1407.0,23357.0
0.385,164.0,1031.0
0.385,120.0,2166.0
0.385,59.0,484.0
0.385,164.0,1382.0
0.385,2296.5,159339.0
0.385,199.0,1748.0
0.385,568.0,10501.0
0.385,420.0,10926.0
0.385,231.0,1689.0
0.385,88.0,410.0
0.385,324.5,3370.5
0.385,177.0,1367.0
0.385,406.0,9448.0
0.385,80.66666666666667,453.6666666666667
0.385,246.0,2502.0
0.385,1765.0,45110.0
0.385,174.33333333333334,2145.6666666666665
0.385,149.0,258.0
0.385,207.0,3646.0
0.385,249.5,4453.5
0.385,965.5,28225.0
0.385,3500.0,96212.0
0.385,218.0,2027.0
0.385,254.0,1633.0
0.385,66.0,924.0
0.385,295.0,4768.0
0.385,138.5,1212.0
0.385,65.0,560.5
0.385,261.0,2567.0
0.385,273.0,8389.0
0.385,88.0,184.0
0.385,1923.5,98847.0
0.385,106.0,1090.0
0.385,170.0,2157.0
0.385,695.0,32985.0
0.385,309.0,3610.0
0.385,143.5,1125.5
0.385,586.0,4630.0
0.385,32.0,45.0
0.385,285.5,5083.5
0.385,70.0,955.0
0.385,111.0,115.0
0.385,272.0,4530.0
0.385,62.0,282.0
0.386,159.0,1238.0
0.386,360.0,7273.0
0.386,67.0,516.0
0.386,93.5,583.5
0.386,270.5,7974.0
0.386,373.0,6943.0
0.386,117.5,979.0
0.386,461.0,4780.0
0.386,117.0,145.0
0.386,359.0,3286.0
0.386,337.0,4092.0
0.386,212.0,594.0
0.386,86.0,699.0
0.386,142.0,1296.0
0.386,1765.0,107492.0
0.386,410.0,6590.0
0.386,135.0,1603.0
0.386,276.5,4317.5
0.386,764.0,62316.0
0.386,193.5,1077.5
0.386,166.0,1765.0
0.386,80.0,94.0
0.386,157.33333333333334,3402.0
0.386,350.0,5274.0
0.386,250.0,2829.0
0.386,332.0,3598.0
0.386,312.0,5271.0
0.386,62.0,530.0
0.386,328.0,741.0
0.386,327.0,4701.0
0.386,283.0,2549.0
0.386,238.0,3184.0
0.386,110.0,112.0
0.386,78.0,145.0
0.386,337.0,3258.0
0.386,120.0,411.5
0.386,95.0,97.0
0.386,247.5,2238.5
0.386,126.66666666666667,384.0
0.387,132.0,984.0
0.387,229.0,321.0
0.387,215.5,1717.0
0.387,471.0,6080.0
0.387,83.0,1078.0
0.387,236.0,1782.0
0.387,203.0,3062.6666666666665
0.387,85.0,829.0
0.387,242.0,2684.0
0.387,121.0,2690.0
0.387,250.0,3501.0
0.387,452.0,8292.0
0.387,81.0,89.0
0.387,92.5,129.5
0.387,98.5,976.0
0.387,296.0,5342.0
0.387,68.0,76.0
0.387,3500.0,119791.0
0.387,278.0,5255.0
0.387,236.0,2083.0
0.387,71.0,836.0
0.387,589.0,40519.0
0.387,164.0,2271.0
0.387,110.0,116.0
0.387,80.0,100.0
0.387,423.0,9466.0
0.387,301.0,3571.0
0.387,603.0,6569.0
0.387,457.0,26360.0
0.387,249.0,4883.5
0.387,81.0,94.0
0.387,297.0,5731.0
0.387,293.0,1729.0
0.387,185.5,2704.0
0.387,146.5,642.0
0.387,76.0,812.0
0.387,339.0,4010.0
0.387,673.0,15799.0
0.387,94.0,144.0
0.387,166.0,1764.0
0.388,112.0,1182.0
0.388,196.0,2691.0
0.388,80.0,473.0
0.388,156.5,2123.0
0.388,259.5,2443.5
0.388,92.0,98.0
0.388,930.0,42018.0
0.388,114.0,2553.0
0.388,79.0,1422.0
0.388,932.0,35928.0
0.388,95.0,105.0
0.388,133.5,445.0
0.388,216.0,4388.0
0.388,310.0,2897.0
0.388,168.0,1994.3333333333333
0.388,491.0,5086.0
0.388,312.0,6953.0
0.388,48.0,49.0
0.388,251.0,4008.0
0.388,520.0,11735.0
0.388,345.0,5054.0
0.388,410.0,5311.0
0.388,65.0,398.0
0.388,73.0,907.0
0.388,266.0,2383.0
0.388,97.0,98.0
0.388,441.0,2405.0
0.388,696.0,12771.0
0.388,156.0,3097.0
0.388,341.0,8172.0
0.388,107.0,111.0
0.388,346.0,5869.0
0.388,216.5,1792.0
0.388,567.0,7570.0
0.388,109.0,116.0
0.388,237.0,3545.0
0.388,1086.0,44833.0
0.388,102.0,751.0
0.389,210.0,3197.0
0.389,532.0,16906.0
0.389,346.0,4686.0
0.389,375.0,4737.0
0.389,402.0,3731.0
0.389,1791.0,115722.0
0.389,308.5,2104.5
0.389,3500.0,190523.0
0.389,83.0,1346.0
0.389,589.0,16190.0
0.389,70.0,79.0
0.389,137.0,409.0
0.389,181.0,2226.0
0.389,96.0,101.0
0.389,176.0,603.0
0.389,419.0,4122.0
0.389,1796.0,104810.0
0.389,258.0,4139.0
0.389,191.0,1658.0
0.389,312.0,7428.0
0.389,200.0,2379.0
0.389,293.5,2950.5
0.389,496.0,15264.0
0.389,102.0,195.0
0.389,101.0,115.0
0.389,234.0,8312.0
0.389,523.0,4211.0
0.389,251.0,2162.5
0.389,93.0,1892.5
0.389,504.0,5935.0
0.389,128.0,1506.5
0.389,257.0,1700.0
0.389,60.0,733.0
0.389,234.0,2086.0
0.389,351.0,7564.0
0.389,286.0,3354.0
0.389,235.0,1319.0
0.389,140.0,1432.0
0.389,78.0,1207.0
0.39,905.0,34531.666666666664
0.39,67.0,148.0
0.39,3500.0,149688.0
0.39,66.0,85.0
0.39,96.0,100.0
0.39,1708.0,102606.0
0.39,1132.0,28143.0
0.39,63.0,527.0
0.39,589.0,20638.0
0.39,601.0,13919.0
0.39,174.0,3179.0
0.39,238.0,5240.0
0.39,1026.0,11488.0
0.39,66.0,555.0
0.39,858.0,46274.0
0.39,384.5,4837.0
0.39,94.5,1220.5
0.39,85.5,628.5
0.39,312.0,5454.0
0.39,100.0,132.0
0.39,1199.0,43530.0
0.39,129.0,150.0
0.39,164.5,1154.5
0.39,161.0,1828.0
0.39,92.0,114.0
0.39,306.0,3671.0
0.39,615.5,8526.5
0.39,196.0,2219.0
0.39,328.0,4676.0
0.39,85.5,449.5
0.39,165.0,217.0
0.39,206.0,1361.0
0.39,152.66666666666666,2291.6666666666665
0.39,127.0,1833.0
0.39,216.0,2039.0
0.39,440.0,1612.0
0.39,92.0,1185.0
0.39,88.0,100.0
0.39,248.5,5234.5
0.391,179.0,1574.6666666666667
0.391,180.0,300.0
0.391,287.0,3539.0
0.391,173.0,2394.5
0.391,67.0,741.0
0.391,256.0,3494.0
0.391,277.5,4756.0
0.391,258.0,4452.0
0.391,293.0,5803.5
0.391,496.6666666666667,8407.666666666666
0.391,164.0,1347.0
0.391,354.0,4398.0
0.391,215.0,1412.0
0.391,107.0,1090.0
0.391,59.0,447.0
0.391,502.0,7304.0
0.391,3500.0,183086.0
0.391,1177.0,71351.0
0.391,313.0,4290.0
0.391,321.5,2913.0
0.391,64.0,709.0
0.391,79.0,1105.0
0.391,70.0,111.0
0.391,216.0,1820.0
0.391,173.0,1815.5
0.391,229.0,1802.0
0.391,136.0,272.0
0.391,399.0,9431.0
0.391,303.0,7725.0
0.391,428.0,13588.0
0.391,257.0,3955.0
0.391,288.0,2635.0
0.391,3500.0,118026.0
0.391,77.0,1029.0
0.391,70.0,79.0
0.391,144.0,341.0
0.391,105.0,757.0
0.391,889.0,17897.0
0.391,139.0,966.5
0.391,185.0,2385.0
0.391,89.0,90.0
0.391,262.0,5614.0
0.391,115.0,1608.0
0.391,440.0,10738.0
0.391,253.0,7033.0
0.391,3500.0,131261.0
0.392,136.0,2051.0
0.392,306.0,5597.0
0.392,86.0,97.0
0.392,102.0,109.0
0.392,155.0,1934.0
0.392,186.0,411.0
0.392,212.0,3906.0
0.392,3500.0,147202.0
0.392,80.0,485.0
0.392,225.0,2041.0
0.392,55.0,56.0
0.392,68.0,748.0
0.392,368.0,6052.0
0.392,173.0,1742.0
0.392,405.0,2299.0
0.392,227.0,5109.0
0.392,3500.0,170862.0
0.392,372.0,9722.0
0.392,211.0,1278.0
0.392,431.0,3430.0
0.392,272.0,4261.0
0.392,93.0,94.0
0.392,61.0,724.0
0.392,245.0,3827.0
0.392,270.0,2326.5
0.392,266.0,3855.0
0.392,3500.0,196248.0
0.392,61.0,536.0
0.392,240.5,3358.0
0.392,142.0,167.0
0.392,178.66666666666666,2762.6666666666665
0.392,227.5,1720.5
0.392,166.0,2537.0
0.392,137.5,2224.5
0.392,3500.0,126446.0
0.392,241.0,2751.5
0.392,313.0,3347.0
0.392,82.0,1037.0
0.392,276.0,8919.0
0.392,228.0,3812.0
0.392,390.0,4551.0
0.392,514.0,19686.0
0.392,218.5,1649.0
0.392,77.0,1139.0
0.393,225.0,4730.0
0.393,268.0,2988.0
0.393,400.0,5402.0
0.393,66.0,796.0
0.393,65.0,510.0
0.393,60.0,465.0
0.393,201.0,2859.3333333333335
0.393,3500.0,135683.0
0.393,237.0,2220.5
0.393,263.0,2720.0
0.393,349.0,5795.5
0.393,1151.0,45392.0
0.393,67.0,795.0
0.393,155.0,315.0
0.393,438.0,6733.0
0.393,258.0,678.0
0.393,216.5,2498.0
0.393,106.0,167.0
0.393,75.0,97.0
0.393,172.5,1842.5
0.393,187.0,255.0
0.393,554.0,4402.0
0.393,140.5,1666.5
0.393,675.5,13919.0
0.393,212.0,1597.0
0.393,83.0,1243.0
0.393,133.0,163.0
0.393,390.0,945.0
0.393,114.0,736.0
0.393,142.0,1355.3333333333333
0.393,429.0,6838.0
0.393,203.0,3226.0
0.393,1177.0,94303.0
0.393,96.0,122.0
0.393,146.0,1671.0
0.393,75.0,1004.0
0.393,167.0,2294.0
0.393,223.0,4522.0
0.393,103.0,111.0
0.393,66.0,508.0
0.393,351.0,4294.0
0.393,86.0,161.0
0.393,215.0,2033.0
0.393,98.0,102.0
0.393,101.0,110.0
0.393,139.0,2893.0
0.394,310.0,6196.0
0.394,3500.0,244332.0
0.394,1261.0,23531.0
0.394,106.0,1003.0
0.394,305.25,5848.75
0.394,198.0,2396.0
0.394,179.0,3688.0
0.394,67.0,656.0
0.394,79.0,1129.0
0.394,230.0,2310.0
0.394,253.0,6991.0
0.394,841.0,10667.0
0.394,161.0,4090.0
0.394,304.0,2002.0
0.394,134.66666666666666,1973.3333333333333
0.394,265.0,1171.0
0.394,782.5,22244.5
0.394,114.5,497.5
0.394,284.0,4261.0
0.394,1790.0,98178.5
0.394,146.0,537.0
0.394,1252.0,51715.333333333336
0.394,59.0,97.0
0.394,81.0,139.0
0.394,1833.5,90441.25
0.394,94.0,156.0
0.394,81.0,89.0
0.394,216.0,3775.0
0.394,907.0,34655.0
0.394,214.0,2262.0
0.394,890.0,50483.0
0.394,117.0,154.0
0.394,76.0,91.0
0.394,67.0,712.0
0.394,375.0,1181.0
0.394,291.0,6520.0
0.394,1298.25,52118.75
0.394,102.0,733.0
0.395,1205.0,45039.0
0.395,202.0,2061.5
0.395,65.0,837.0
0.395,238.0,1756.0
0.395,54.0,68.0
0.395,55.0,56.0
0.395,83.0,95.0
0.395,170.0,1927.0
0.395,111.0,128.0
0.395,217.0,3823.0
0.395,84.0,103.0
0.395,372.0,5620.0
0.395,96.0,105.0
0.395,72.0,1003.0
0.395,71.0,766.0
0.395,93.0,94.0
0.395,295.0,8002.0
0.395,267.0,4508.0
0.395,252.0,2518.0
0.395,332.0,4824.0
0.395,248.0,584.0
0.395,262.0,6475.0
0.395,51.0,59.0
0.395,243.0,5822.0
0.395,209.5,2507.0
0.395,536.5,18739.0
0.395,111.5,1074.5
0.395,69.0,724.0
0.395,41.0,42.0
0.395,197.5,2407.5
0.395,268.0,8885.0
0.395,298.5,8670.0
0.395,303.0,8219.0
0.395,166.0,5199.0
0.395,99.0,182.0
0.395,361.0,2581.0
0.395,267.0,2903.0
0.395,66.0,624.5
0.395,74.0,891.0
0.395,165.0,1149.0
0.395,266.3333333333333,2817.6666666666665
0.395,158.0,2281.5
0.395,185.0,3650.0
0.396,181.5,2384.5
0.396,251.0,6829.5
0.396,138.5,1135.25
0.396,320.0,3311.0
0.396,237.0,2194.0
0.396,262.0,3472.6666666666665
0.396,557.0,6909.0
0.396,3500.0,61460.0
0.396,235.5,4647.0
0.396,225.0,3980.3333333333335
0.396,84.0,545.0
0.396,1786.5,53109.0
0.396,312.0,2460.0
0.396,127.0,1312.0
0.396,88.0,1538.0
0.396,128.0,1617.5
0.396,279.0,2239.0
0.396,642.5,19037.5
0.396,275.0,4274.0
0.396,240.0,1987.0
0.396,98.0,115.0
0.396,63.0,542.0
0.396,83.5,1409.5
0.396,200.0,259.0
0.396,61.0,623.0
0.396,421.0,3078.0
0.396,214.0,2781.0
0.396,94.0,95.0
0.396,161.0,1045.0
0.396,76.33333333333333,590.6666666666666
0.396,384.0,2643.0
0.396,283.0,4468.0
0.396,236.0,4982.0
0.396,197.5,1333.5
0.396,183.0,263.0
0.396,153.5,2606.0
0.396,71.0,89.0
0.396,174.0,2280.5
0.397,71.0,99.0
0.397,401.0,10436.0
0.397,278.0,4263.0
0.397,125.0,139.0
0.397,202.0,2093.0
0.397,232.0,370.0
0.397,131.0,1628.5
0.397,207.0,1880.0
0.397,533.5,27892.0
0.397,204.5,4852.5
0.397,62.0,549.0
0.397,203.0,2924.0
0.397,203.0,3327.5
0.397,1449.0,87517.0
0.397,122.0,1308.0
0.397,112.0,274.0
0.397,135.5,1738.0
0.397,173.0,3454.0
0.397,419.0,16202.0
0.397,200.0,2491.0
0.397,262.3333333333333,3524.6666666666665
0.397,92.0,104.0
0.397,274.0,9600.0
0.397,353.0,4192.0
0.397,202.0,2935.0
0.397,336.0,6454.0
0.397,285.3333333333333,1993.6666666666667
0.397,179.0,1894.0
0.397,81.0,95.0
0.397,143.5,1159.0
0.397,343.0,4550.0
0.398,83.0,141.0
0.398,113.0,132.0
0.398,3500.0,107534.0
0.398,76.0,99.0
0.398,94.0,97.0
0.398,293.0,3482.0
0.398,220.0,3859.0
0.398,356.5,5304.5
0.398,60.0,61.0
0.398,103.0,3489.0
0.398,62.0,472.0
0.398,288.0,3636.0
0.398,470.0,3223.0
0.398,343.0,2718.0
0.398,67.0,510.0
0.398,183.5,2167.0
0.398,74.0,900.0
0.398,184.0,4050.0
0.398,640.6666666666666,21255.666666666668
0.398,598.0,2847.0
0.398,263.0,5218.0
0.398,160.0,1890.0
0.398,174.5,1602.5
0.398,247.0,2250.0
0.398,91.5,845.5
0.398,251.0,3047.0
0.398,353.5,14736.0
0.398,621.6666666666666,13168.666666666666
0.398,203.0,258.0
0.398,140.0,865.0
0.398,65.0,459.0
0.398,269.0,1558.0
0.398,224.0,5259.0
0.398,269.0,1773.0
0.398,67.0,549.0
0.398,84.5,941.5
0.398,349.0,4703.0
0.398,100.0,101.0
0.398,73.0,550.0
0.398,350.0,5713.0
0.398,341.0,6979.0
0.398,230.0,3111.0
0.398,95.0,96.0
0.398,96.0,103.0
0.398,103.0,164.0
0.398,51.0,63.0
0.398,343.0,12650.0
0.399,607.0,20505.0
0.399,222.0,498.0
0.399,101.0,138.0
0.399,66.0,304.0
0.399,72.0,165.0
0.399,184.0,1658.0
0.399,99.0,103.0
0.399,373.0,3038.0
0.399,68.0,603.0
0.399,1788.5,77504.0
0.399,73.0,81.0
0.399,68.0,90.0
0.399,196.0,1917.0
0.399,104.0,659.0
0.399,75.0,90.0
0.399,96.0,201.0
0.399,125.0,203.0
0.399,66.0,670.0
0.399,180.0,1785.5
0.399,271.5,2642.5
0.399,105.0,171.0
0.399,361.0,2609.0
0.399,184.0,3214.0
0.399,93.0,103.0
0.399,125.0,198.0
0.399,164.0,377.0
0.399,3500.0,224956.0
0.399,734.5,39980.0
0.399,160.0,197.0
0.399,453.0,6375.0
0.399,1526.0,108099.0
0.399,268.0,2866.0
0.399,457.0,7704.0
0.399,276.5,3531.5
0.399,165.5,2219.5
0.399,370.0,2472.0
0.399,62.0,457.0
0.399,296.0,9969.0
0.399,237.0,3502.0
0.399,104.0,2489.0
0.399,88.0,1099.0
0.399,63.0,532.0
0.4,211.0,1484.0
0.4,306.0,1187.0
0.4,673.0,12207.0
0.4,119.0,1504.0
0.4,216.0,1397.0
0.4,52.0,69.0
0.4,216.0,1626.0
0.4,178.0,1342.0
0.4,257.0,1685.0
0.4,165.0,1671.0
0.4,251.0,1803.0
0.4,45.0,47.0
0.4,136.0,1002.0
0.4,1108.0,42666.0
0.4,252.0,4571.0
0.4,171.0,2665.0
0.4,502.0,7020.0
0.4,96.0,826.0
0.4,3500.0,183451.0
0.4,251.0,671.0
0.4,132.0,1395.0
0.4,132.0,144.0
0.4,459.0,5264.0
