evolution rate,arithmetic mean length lived,arithmetic mean species population time
0.05,199.0,2369.0
0.057,105.0,161.0
0.065,96.0,151.0
0.073,1870.6666666666667,102053.33333333333
0.079,212.0,2230.0
0.085,3528.6666666666665,220122.33333333334
0.089,88.0,102.0
0.097,139.0,2277.0
0.103,103.0,477.0
0.108,4001.0,286178.0
0.12,3016.8571428571427,209754.7142857143
0.132,3344.8333333333335,225014.33333333334
0.143,3556.8,236826.6
0.144,303.0,549.0
0.151,79.0,89.0
0.152,70.0,100.0
0.155,3716.0,219182.5
0.159,728.0,38512.0
0.167,2633.0,141452.33333333334
0.171,101.0,223.0
0.174,263.0,1966.0
0.178,3498.714285714286,228325.85714285713
0.188,93.0,97.0
0.19,3360.6666666666665,227355.66666666666
0.196,88.5,89.5
0.202,4001.0,264021.5
0.205,70.0,81.0
0.213,974.5,25676.75
0.214,93.0,97.0
0.224,88.0,103.0
0.225,4001.0,255459.0
0.237,2689.0,189197.0
0.239,318.0,15721.0
0.248,3905.0,245912.0
0.26,1286.75,89334.75
0.267,212.0,658.0
0.278,91.0,95.0
0.285,81.0,89.0
0.289,352.0,736.0
0.295,4001.0,267250.0
0.3,437.0,6179.0
0.303,70.0,75.0
0.307,1687.5,105623.5
0.317,221.0,838.0
0.322,90.0,140.0
0.34,43.0,58.0
0.342,1142.75,71846.75
0.347,174.0,374.0
0.353,1117.0,32254.0
0.368,170.0,675.0
0.371,97.0,103.0
0.374,56.0,72.0
0.383,95.0,106.0
0.387,149.0,185.0
0.393,95.0,158.0
0.397,133.0,165.0
