{"frame_count": 389926, "start_time": 1770851553.479977, "elapsed_seconds": 256.85515041599865, "amnt_of_species": 373, "amnt_of_medium_species": 93, "amnt_of_big_species": 7, "final": true}