{"frame_count": 324000, "start_time": 1770867233.999101, "elapsed_seconds": 208.6485173330002, "amnt_of_species": 311, "amnt_of_medium_species": 101, "amnt_of_big_species": 7, "final": false}