{"frame_count": 503000, "start_time": 1770873938.741933, "elapsed_seconds": 331.4827977909881, "amnt_of_species": 478, "amnt_of_medium_species": 108, "amnt_of_big_species": 16, "final": false}