evolution rate,arithmetic mean length lived,arithmetic mean species population time
0.05,3749.285714285714,233540.2857142857
0.062,2845.0,188870.2
0.073,4001.0,255492.5
0.075,105.0,146.0
0.085,485.0,4240.0
0.097,4001.0,295985.0
0.108,4001.0,281214.8333333333
0.116,693.0,45617.0
0.12,3018.75,213315.75
0.132,4001.0,293713.6666666667
0.134,240.0,13602.0
0.135,74.0,115.0
0.143,3058.5714285714284,203527.0
0.155,3254.3333333333335,172369.33333333334
0.167,3699.8,232552.6
0.178,2336.6666666666665,126554.66666666667
0.19,2377.5,153269.75
0.192,97.0,102.0
0.202,1182.0,16765.0
0.213,2127.5,50396.5
0.225,4001.0,285364.3333333333
0.237,4001.0,264857.0
0.248,2516.8,133509.2
0.26,804.0,7862.0
0.264,956.0,6897.0
0.272,937.3333333333334,22528.666666666668
0.286,28.0,30.0
0.307,1272.0,39730.0
0.325,95.0,111.0
0.327,102.5,105.0
0.33,1075.0,18573.0
0.335,147.0,185.0
0.342,2345.0,60410.0
0.343,128.0,240.0
0.348,96.0,106.0
0.365,269.0,2687.0
0.388,1362.0,33722.0
0.395,105.0,163.0
