{"frame_count": 2012000, "start_time": 1770875542.044982, "elapsed_seconds": 1330.8905109159823, "amnt_of_species": 199, "amnt_of_medium_species": 50, "amnt_of_big_species": 5, "final": false}