{"frame_count": 22746100, "start_time": 1771177646.9924648, "elapsed_seconds": 20081.042819085036, "amnt_of_species": 21367, "amnt_of_small_species": 15970, "amnt_of_medium_species": 4819, "amnt_of_big_species": 578, "final": true}