evolution rate,arithmetic mean length lived,arithmetic mean species population time
0.05,325.0,22774.0
0.053,100.0,106.0
0.055,193.0,210.0
0.059,62.0,87.0
0.062,1584.0,103623.0
0.064,496.0,10292.0
0.073,2997.0,190453.0
0.085,2710.0,156260.5
0.097,3232.6,220643.8
0.108,2691.6666666666665,181162.0
0.115,119.0,191.0
0.12,3855.4,272604.0
0.121,248.0,2040.0
0.132,4001.0,283472.0
0.138,102.0,112.0
0.143,2751.5,181718.0
0.145,98.0,118.0
0.148,95.0,110.0
0.155,2509.0,147828.5
0.167,3209.8,228566.4
0.182,79.0,141.0
0.185,603.0,11595.0
0.19,4001.0,245060.0
0.202,4001.0,262716.5
0.204,55.0,73.0
0.213,2043.0,147688.5
0.225,4001.0,279674.0
0.231,839.0,16906.0
0.237,96.0,478.0
0.248,2405.3333333333335,132487.33333333334
0.26,1824.3333333333333,104962.0
0.272,419.0,2289.0
0.283,1069.0,28512.0
0.288,248.0,895.0
0.295,111.0,1058.0
0.299,109.0,162.0
0.301,371.0,2023.0
0.314,122.0,217.0
0.318,2184.0,142618.5
0.323,246.0,962.0
0.328,92.0,101.0
0.329,149.0,327.0
0.342,2510.0,145298.5
0.352,92.0,135.0
0.353,3896.0,207325.0
0.365,124.0,1427.0
0.377,310.0,5602.0
0.393,124.0,153.0
