{"frame_count": 1022000, "start_time": 1770866134.642328, "elapsed_seconds": 680.0830605000083, "amnt_of_species": 982, "amnt_of_medium_species": 280, "amnt_of_big_species": 24, "final": false}