{"frame_count": 817000, "start_time": 1770868442.392113, "elapsed_seconds": 570.1443163749937, "amnt_of_species": 787, "amnt_of_medium_species": 220, "amnt_of_big_species": 11, "final": false}