{"frame_count": 16852000, "start_time": 1771867978.237504, "elapsed_seconds": 13755.669804988, "amnt_of_species": 14178, "amnt_of_small_species": 9407, "amnt_of_medium_species": 3126, "amnt_of_big_species": 1645, "final": false}