{"frame_count": 15779000, "start_time": 1771867978.237504, "elapsed_seconds": 12819.199420681995, "amnt_of_species": 13278, "amnt_of_small_species": 8824, "amnt_of_medium_species": 2925, "amnt_of_big_species": 1529, "final": false}