{"frame_count": 253000, "start_time": 1770867572.650677, "elapsed_seconds": 186.69256795902038, "amnt_of_species": 240, "amnt_of_medium_species": 59, "amnt_of_big_species": 5, "final": false}