{"frame_count": 57712350, "start_time": 1770967688.1938019, "elapsed_seconds": 51764.121766038166, "amnt_of_species": 164267, "amnt_of_small_species": 122729, "amnt_of_medium_species": 36998, "amnt_of_big_species": 4540, "final": true}