{"frame_count": 57710000, "start_time": 1770967688.1938019, "elapsed_seconds": 51751.320813371174, "amnt_of_species": 164265, "amnt_of_small_species": 122728, "amnt_of_medium_species": 36997, "amnt_of_big_species": 4540, "final": false}