{"frame_count": 342954, "start_time": 1770850746.238355, "elapsed_seconds": 205.6882595839852, "amnt_of_species": 330, "amnt_of_medium_species": 86, "amnt_of_big_species": 3, "final": true}