evolution rate,arithmetic mean length lived,arithmetic mean species population time
0.05,2184.5714285714284,137090.2857142857
0.062,3144.375,220817.875
0.073,3362.875,212137.625
0.079,143.0,162.0
0.085,4001.0,281687.4285714286
0.097,3702.1666666666665,248879.33333333334
0.105,51.0,60.0
0.108,3214.222222222222,210053.88888888888
0.111,352.0,1391.0
0.12,4001.0,272134.125
0.129,519.0,15749.0
0.132,4001.0,279996.5714285714
0.136,149.0,484.0
0.138,125.0,148.0
0.139,419.0,2573.0
0.141,180.5,673.5
0.143,4001.0,261764.0
0.149,74.0,97.0
0.154,2247.0,79358.0
0.155,3635.25,228923.125
0.167,4001.0,273902.8333333333
0.178,2654.5,153565.25
0.19,3549.714285714286,225178.14285714287
0.202,3116.1428571428573,203338.2857142857
0.213,3535.0,210137.66666666666
0.225,3452.0,201876.0
0.237,2385.3333333333335,73236.0
0.248,2427.8333333333335,144217.0
0.255,53.0,69.0
0.26,2071.8571428571427,92184.28571428571
0.266,345.0,558.0
0.272,549.5,8055.5
0.281,41.0,43.0
0.283,1596.6666666666667,41432.666666666664
0.284,152.0,186.0
0.286,37.0,51.0
0.295,1521.75,44536.0
0.307,970.5,19232.0
0.318,1558.0,35328.333333333336
0.33,1707.75,58873.25
0.342,1093.0,28973.0
0.353,2360.0,32144.0
0.355,92.0,112.0
0.358,195.0,438.0
0.361,101.0,169.0
0.365,1160.0,24448.0
0.377,1360.0,23974.0
0.397,76.0,104.0
