{"frame_count": 136409, "start_time": 1770867456.77105, "elapsed_seconds": 104.65689762501279, "amnt_of_species": 132, "amnt_of_medium_species": 34, "amnt_of_big_species": 2, "final": true}