evolution rate,arithmetic mean length lived,arithmetic mean species population time
0.05,2843.0,181586.875
0.055,1340.0,68551.0
0.056,130.0,377.0
0.062,3104.75,193031.75
0.073,3282.0,223845.0
0.084,206.0,263.0
0.085,3570.0,246095.5
0.092,4001.0,283185.0
0.097,3886.8571428571427,249558.0
0.104,520.0,24233.0
0.108,3591.5,257903.2142857143
0.115,107.0,154.0
0.117,107.0,110.0
0.12,4001.0,255889.4
0.121,164.0,209.0
0.132,3888.75,277787.6666666667
0.136,86.0,89.0
0.143,3191.4166666666665,209592.33333333334
0.155,3279.5,205590.5
0.166,179.0,193.0
0.167,3047.5714285714284,161754.2857142857
0.178,3655.3333333333335,225558.0
0.19,2802.4,175056.6
0.195,136.0,390.0
0.202,3213.0,190154.85714285713
0.207,159.0,466.0
0.209,155.0,252.0
0.213,2022.25,107330.875
0.216,76.0,82.0
0.225,3382.4,181645.0
0.237,2940.8333333333335,141881.5
0.248,3022.0,176602.5
0.258,128.0,142.0
0.26,3306.0,206765.75
0.267,281.0,1102.0
0.272,1818.6666666666667,64383.333333333336
0.282,82.0,95.0
0.286,272.0,525.0
0.295,2253.5,83618.5
0.303,4001.0,242358.0
0.307,2579.4,139009.6
0.318,4001.0,270669.0
0.33,545.0,7862.0
0.334,97.0,99.0
0.342,1715.5,80566.0
0.353,2732.5,130252.5
0.357,132.0,300.0
0.365,216.0,2334.0
0.377,1155.0,65119.0
0.387,88.0,99.0
