{"frame_count": 347229, "start_time": 1770850746.233412, "elapsed_seconds": 205.69419624999864, "amnt_of_species": 336, "amnt_of_medium_species": 90, "amnt_of_big_species": 2, "final": true}