evolution rate,arithmetic mean length lived,arithmetic mean species population time
0.05,4001.0,227204.0
0.059,315.0,6778.0
0.062,2445.875,154732.875
0.072,101.0,171.0
0.073,2469.5,168881.5
0.075,201.0,1969.0
0.085,3077.5,209224.0
0.089,137.0,200.0
0.095,92.0,103.0
0.097,3322.25,240111.75
0.108,3960.0,247528.66666666666
0.117,112.0,115.0
0.12,3000.6666666666665,207306.33333333334
0.132,3312.8,219168.0
0.133,315.0,2143.0
0.143,2586.6666666666665,128641.33333333333
0.147,436.0,3104.0
0.155,4001.0,287153.2
0.157,100.0,405.0
0.162,110.0,139.0
0.163,92.0,189.0
0.164,100.0,159.0
0.167,4001.0,250347.5
0.178,3393.714285714286,222587.85714285713
0.19,1899.6,105970.8
0.195,103.0,157.0
0.198,94.0,95.0
0.199,80.0,103.0
0.202,2822.8,171075.0
0.207,92.0,103.0
0.213,1815.25,101240.5
0.225,3292.3333333333335,205824.5
0.232,104.0,165.0
0.237,2577.8571428571427,141483.14285714287
0.24,88.0,99.0
0.248,2189.5,147317.0
0.26,2608.0,169261.5
0.265,437.0,2507.0
0.272,1209.4,30789.2
0.277,105.0,280.0
0.283,746.3333333333334,14761.333333333334
0.287,80.0,89.0
0.295,1217.0,30910.5
0.307,2240.6666666666665,114321.0
0.31,121.0,210.0
0.312,315.0,925.0
0.315,207.0,685.0
0.318,1310.0,53499.0
0.32,158.0,253.0
0.328,144.0,208.0
0.329,515.0,2152.0
0.33,789.0,13774.0
0.333,84.0,93.0
0.342,1703.6666666666667,87238.0
0.344,101.0,148.0
0.345,115.0,148.5
0.351,74.0,101.0
0.353,1074.5,18073.0
0.355,106.0,216.0
0.36,85.0,97.0
0.364,146.0,368.0
0.365,159.5,1220.0
0.378,182.0,252.0
0.393,192.5,593.0
0.395,280.0,2348.0
