evolution rate,arithmetic mean length lived,arithmetic mean species population time
0.05,2713.0,166479.33333333334
0.056,140.0,1470.0
0.062,4001.0,297831.3333333333
0.073,3571.3333333333335,238351.22222222222
0.075,126.0,668.0
0.085,3742.5,247761.16666666666
0.091,60.0,93.0
0.097,3014.0,209323.2857142857
0.108,4001.0,287945.6666666667
0.12,4001.0,270028.0
0.132,4001.0,297015.6666666667
0.143,4001.0,286505.5
0.144,374.0,452.0
0.155,2764.0,158107.0
0.167,2289.3333333333335,131569.0
0.178,2338.1666666666665,119231.16666666667
0.184,100.0,150.0
0.19,2368.4285714285716,126483.57142857143
0.195,104.0,106.0
0.201,492.0,5140.0
0.202,2152.3333333333335,102801.33333333333
0.213,2169.0,22465.0
0.225,1031.0,16564.0
0.237,2044.0,38662.0
0.242,91.0,101.0
0.248,1316.3333333333333,38672.0
0.26,2099.6666666666665,77791.33333333333
0.272,1986.0,59228.0
0.277,274.0,645.0
0.278,1455.0,51905.0
0.292,491.0,1440.0
0.295,1493.0,19487.0
0.297,700.0,2644.0
0.302,65.0,92.0
0.307,1621.5,41206.0
0.327,450.5,2045.0
0.342,1175.0,43793.0
0.353,1025.0,36671.0
0.36,119.0,150.0
0.362,84.0,90.0
0.378,89.0,98.0
0.394,214.0,409.0
