{"frame_count": 702407, "start_time": 1770867780.1585011, "elapsed_seconds": 543.0641146249836, "amnt_of_species": 675, "amnt_of_medium_species": 176, "amnt_of_big_species": 8, "final": true}