evolution rate,arithmetic mean length lived,arithmetic mean species population time
0.05,3159.5714285714284,208275.7142857143
0.062,3223.8333333333335,198671.83333333334
0.073,3000.625,208658.25
0.085,3277.0,224963.5
0.092,96.0,108.0
0.097,3092.0,204761.33333333334
0.108,3649.0,243631.0
0.109,230.0,567.0
0.113,360.0,657.0
0.119,83.0,88.0
0.12,4001.0,285762.0
0.132,4001.0,276012.5
0.143,4001.0,270387.0
0.15,165.0,196.0
0.155,3204.375,166575.75
0.167,2214.0,125171.33333333333
0.178,2532.5,158710.0
0.189,270.0,384.0
0.19,2247.25,95147.75
0.193,94.0,100.0
0.202,2351.25,138974.5
0.213,2006.6666666666667,103154.66666666667
0.225,2997.0,189965.33333333334
0.236,75.0,99.0
0.237,1075.0,17830.333333333332
0.248,2574.5,153544.0
0.252,130.0,140.0
0.26,1119.0,18881.0
0.272,4001.0,292729.0
0.283,1112.0,26099.0
0.287,86.0,184.0
0.299,514.0,4830.0
0.3,90.0,95.0
0.301,233.0,400.0
0.302,4001.0,283105.0
0.312,214.0,342.0
0.353,446.0,11420.0
0.359,78.0,87.0
0.369,86.0,88.0
