{"frame_count": 1774000, "start_time": 1770875542.03914, "elapsed_seconds": 1195.9819828329782, "amnt_of_species": 904, "amnt_of_medium_species": 205, "amnt_of_big_species": 23, "final": false}