{"frame_count": 3891200, "start_time": 1771260624.851899, "elapsed_seconds": 2513.5692567480073, "amnt_of_species": 3726, "amnt_of_small_species": 1541, "amnt_of_medium_species": 2017, "amnt_of_big_species": 168, "final": true}