{"frame_count": 17557213, "start_time": 1770852138.446841, "elapsed_seconds": 13868.368823458004, "amnt_of_species": 16818, "amnt_of_medium_species": 4411, "amnt_of_big_species": 297, "final": true}