{"frame_count": 3826650, "start_time": 1771260624.822269, "elapsed_seconds": 2514.398089334012, "amnt_of_species": 3676, "amnt_of_small_species": 1436, "amnt_of_medium_species": 2059, "amnt_of_big_species": 181, "final": true}