evolution rate,arithmetic mean length lived,arithmetic mean species population time
0.097,4001.0,223592.0
0.108,4001.0,206390.0
0.12,4001.0,277723.0
0.129,239.0,441.0
0.132,4001.0,252244.0
0.143,2028.6666666666667,126221.33333333333
0.19,1356.0,26351.0
0.212,103.0,112.0
0.213,4001.0,255932.0
0.219,178.0,452.0
0.225,695.0,13977.0
0.234,86.0,89.0
0.248,1113.0,18932.0
0.294,91.0,105.0
0.295,4001.0,263270.0
0.318,4001.0,276131.0
0.359,76.0,97.0
