evolution rate,arithmetic mean length lived,arithmetic mean species population time
0.05,3240.0,92071.0
0.073,4001.0,289034.0
0.086,75.0,88.0
0.108,1334.0,12076.0
0.132,2043.0,145679.5
0.153,63.0,69.0
0.155,4001.0,288811.0
0.167,4001.0,267146.0
0.178,3527.0,109030.0
0.213,2641.0,125244.33333333333
0.272,1110.6666666666667,30107.333333333332
0.318,1837.0,39569.0
