{"frame_count": 141705, "start_time": 1770867456.780004, "elapsed_seconds": 104.64618029200938, "amnt_of_species": 136, "amnt_of_medium_species": 35, "amnt_of_big_species": 5, "final": true}