{"frame_count": 410637, "start_time": 1770851553.4840078, "elapsed_seconds": 256.8509037499898, "amnt_of_species": 394, "amnt_of_medium_species": 87, "amnt_of_big_species": 5, "final": true}