evolution rate,arithmetic mean length lived,arithmetic mean species population time
0.05,1815.3333333333333,122392.66666666667
0.073,1895.0,81137.0
0.085,4001.0,288457.6666666667
0.132,3572.5,147750.0
0.167,2237.6666666666665,90388.66666666667
0.19,1059.0,36685.0
0.213,4001.0,277930.0
0.248,3232.0,136130.0
0.26,4001.0,220740.0
0.307,232.0,2040.0
0.365,76.0,85.0
