evolution rate,arithmetic mean length lived,arithmetic mean species population time
0.05,3147.6666666666665,207972.33333333334
0.062,4001.0,290384.75
0.064,127.0,240.0
0.073,4001.0,298558.5
0.081,397.0,638.0
0.085,3872.6666666666665,254493.0
0.092,73.0,86.0
0.097,3491.8,236601.1
0.103,227.0,1345.0
0.108,4001.0,293467.0
0.119,154.0,453.0
0.12,4001.0,284551.4
0.124,81.0,111.0
0.132,3779.3333333333335,260356.0
0.136,158.0,223.0
0.143,365.0,19438.0
0.155,2449.777777777778,105818.66666666667
0.167,2708.5,92615.5
0.178,2978.25,176217.0
0.188,93.0,102.0
0.19,1535.75,36408.25
0.202,3819.0,97799.0
0.213,1612.25,33627.75
0.216,159.0,227.0
0.225,2835.0,162243.0
0.237,1256.8333333333333,19929.333333333332
0.248,3061.6666666666665,192970.0
0.255,256.0,366.0
0.259,271.0,550.0
0.26,1702.0,37994.0
0.268,267.0,907.0
0.27,93.0,99.0
0.272,1046.0,28220.0
0.283,1533.0,20048.0
0.287,354.0,605.0
0.288,301.0,751.0
0.295,2043.0,29749.0
0.306,195.0,273.0
0.318,961.5,18811.5
0.32,742.0,2824.0
0.33,1014.0,26185.0
0.339,85.0,106.0
0.352,89.0,146.0
0.365,757.0,11387.0
0.38,243.0,1685.0
0.386,167.0,310.0
0.396,115.0,117.0
