{"frame_count": 701079, "start_time": 1770867780.116148, "elapsed_seconds": 543.1056564580067, "amnt_of_species": 671, "amnt_of_medium_species": 179, "amnt_of_big_species": 10, "final": true}