evolution rate,arithmetic mean length lived,arithmetic mean species population time
0.05,776.5,44396.5
0.058,133.5,348.5
0.06,81.0,105.0
0.062,1878.3333333333333,120682.0
0.063,149.0,258.0
0.073,2250.0,154404.0
0.097,2826.0,195048.66666666666
0.098,139.0,154.0
0.108,534.5,24656.5
0.112,141.0,239.0
0.114,141.0,248.0
0.12,4001.0,261297.0
0.124,234.0,5767.0
0.127,87.0,106.0
0.132,2323.5,162104.0
0.135,235.0,564.0
0.136,107.0,318.0
0.143,2046.0,119709.5
0.155,3112.0,220628.5
0.165,87.0,91.0
0.167,4001.0,288463.0
0.173,235.0,711.0
0.178,66.0,159.0
0.18,235.0,5696.0
0.19,2357.0,137328.0
0.202,4001.0,272183.3333333333
0.207,762.0,9702.0
0.213,2086.0,137985.0
0.225,2152.5,138380.5
0.23,109.0,208.0
0.237,4001.0,293166.0
0.241,48.0,51.0
0.248,4001.0,268170.6666666667
0.257,81.0,97.0
0.26,3524.6,207894.8
0.272,2059.0,142703.5
0.282,72.0,95.0
0.283,2626.5,174153.5
0.291,77.0,110.0
0.299,1068.0,19056.0
0.301,67.0,95.0
0.307,852.0,8187.5
0.323,106.0,110.0
0.33,2047.0,131177.0
0.334,4001.0,279740.0
0.354,707.0,23599.0
0.359,82.0,90.0
0.363,172.0,449.0
0.366,695.0,28017.0
0.37,82.0,233.0
0.372,81.0,93.0
0.373,606.0,5982.0
0.377,3079.0,165380.5
0.381,236.0,2229.0
0.388,1725.0,34241.0
0.389,137.0,160.0
0.39,235.0,649.0
0.395,80.0,148.0
