{"frame_count": 1803000, "start_time": 1770875542.044982, "elapsed_seconds": 1195.5459338329965, "amnt_of_species": 937, "amnt_of_medium_species": 227, "amnt_of_big_species": 23, "final": false}