{"frame_count": 272000, "start_time": 1770867572.622667, "elapsed_seconds": 185.10193345800508, "amnt_of_species": 262, "amnt_of_medium_species": 67, "amnt_of_big_species": 1, "final": false}