evolution rate,geometric mean length lived,geometric mean species population time
0.062,80.0,209.0
0.085,4001.0,287862.0
0.097,565.0000000000001,26591.000000000015
0.142,84.303024856763,91.84770002564028
0.143,4001.0,287208.00000000006
0.155,4001.0,246280.10833195603
0.202,4001.0,249709.0
0.217,362.0,1242.0000000000002
0.237,2389.0,23310.0
0.248,2083.0,89039.00000000003
0.295,4001.0,292537.99999999994
