{"frame_count": 1744000, "start_time": 1770875542.070158, "elapsed_seconds": 1196.8061274999927, "amnt_of_species": 890, "amnt_of_medium_species": 196, "amnt_of_big_species": 22, "final": false}