evolution rate,geometric mean length lived,geometric mean species population time
0.062,4001.0,282451.00000000006
0.097,4001.0,261367.0000000001
0.132,4001.0,289291.99999999994
0.143,68.0,157.0
0.19,4001.0,280503.0
0.26,3647.372341837339,192128.16103840683
0.388,389.0,5468.000000000002
