evolution rate,geometric mean length lived,geometric mean species population time
0.05,1569.3606167268729,63470.931281557525
0.062,2677.972251663688,149309.81288001206
0.069,173.0,186.0
0.073,3006.425183425355,167103.6682609659
0.081,398.0,3561.999999999999
0.085,3128.3531525072376,187703.23672338307
0.092,548.0,7077.999999999999
0.097,3317.622305426774,210228.43882967782
0.099,300.00000000000006,2367.0
0.103,286.0,1031.0000000000002
0.108,3626.7690241307314,218086.34126849019
0.117,119.0,225.99999999999997
0.12,2240.21326173013,113340.12725601165
0.123,78.0,86.0
0.127,628.0,5528.000000000001
0.132,4001.0,282960.6648463499
0.143,3373.8408089623717,199062.7824794581
0.146,547.0,28577.0
0.155,2876.022431762896,164734.4195894861
0.157,95.0,102.0
0.16,87.0,93.0
0.163,108.0,191.0
0.167,1878.3484440215614,42044.47039385011
0.169,99.0,241.0
0.176,95.49869109050657,118.56643707221701
0.178,2162.0378983551427,86692.09938534579
0.179,107.0,138.0
0.19,2547.499130284731,90099.20816800649
0.192,4001.0,286051.0
0.202,1667.0146275112193,53002.56894284963
0.213,2498.2277024948526,113301.89584754253
0.219,102.0,129.0
0.224,124.70765814495917,145.3272169966796
0.225,2175.7580542764854,69103.18790666327
0.231,612.0,4795.0
0.236,104.0,229.0
0.237,2477.648808538541,100057.53805712546
0.248,2161.079750644222,118786.97195472871
0.256,91.0,104.0
0.26,2310.2670841268546,99487.02915455864
0.261,1050.0,6954.999999999998
0.272,1797.53279760749,61340.4518500903
0.28,286.54144551879403,1337.4483167584458
0.283,1665.6381775677667,29829.95402902808
0.295,1325.5675549871103,34265.62866598141
0.303,100.0,215.0
0.307,691.8362933720067,8136.256694739323
0.316,84.0,302.0
0.318,1994.9704131394294,66464.40932440003
0.327,99.0,194.0
0.33,1336.8858614225453,28574.56638121418
0.342,1068.7184616390048,15951.373886694557
0.364,71.0,83.0
0.397,81.0,90.0
