{"frame_count": 211000, "start_time": 1770877083.4092631, "elapsed_seconds": 136.69488399999682, "amnt_of_species": 200, "amnt_of_medium_species": 36, "amnt_of_big_species": 6, "final": false}