{"frame_count": 75039000, "start_time": 1770878489.853912, "elapsed_seconds": 52104.984935582994, "amnt_of_species": 70808, "amnt_of_medium_species": 16141, "amnt_of_big_species": 1972, "final": false}