{"frame_count": 177905000, "start_time": 1770878489.853912, "elapsed_seconds": 134136.29123937388, "amnt_of_species": 166829, "amnt_of_small_species": 124492, "amnt_of_medium_species": 37838, "amnt_of_big_species": 4499, "final": false}