{"frame_count": 169285000, "start_time": 1770878489.853912, "elapsed_seconds": 124188.21965629086, "amnt_of_species": 158808, "amnt_of_small_species": 118510, "amnt_of_medium_species": 36012, "amnt_of_big_species": 4286, "final": false}