{"frame_count": 178040250, "start_time": 1770878489.853912, "elapsed_seconds": 134203.34745604085, "amnt_of_species": 166925, "amnt_of_small_species": 124571, "amnt_of_medium_species": 37854, "amnt_of_big_species": 4500, "final": true}