{"frame_count": 176119000, "start_time": 1770878489.853912, "elapsed_seconds": 132772.45235629086, "amnt_of_species": 165229, "amnt_of_small_species": 123291, "amnt_of_medium_species": 37480, "amnt_of_big_species": 4458, "final": false}