{"frame_count": 178030000, "start_time": 1770878489.853912, "elapsed_seconds": 134197.72443058187, "amnt_of_species": 166942, "amnt_of_small_species": 124582, "amnt_of_medium_species": 37857, "amnt_of_big_species": 4503, "final": false}