{"frame_count": 119551000, "start_time": 1770878489.853912, "elapsed_seconds": 81961.25050979093, "amnt_of_species": 259, "amnt_of_medium_species": 61, "amnt_of_big_species": 9, "final": false}