{"frame_count": 160872000, "start_time": 1770878489.853912, "elapsed_seconds": 116269.41892145589, "amnt_of_species": 151314, "amnt_of_small_species": 112906, "amnt_of_medium_species": 34311, "amnt_of_big_species": 4097, "final": false}