{"frame_count": 155812, "start_time": 1770867126.8237598, "elapsed_seconds": 93.65693670802284, "amnt_of_species": 148, "amnt_of_medium_species": 40, "amnt_of_big_species": 3, "final": true}