{"frame_count": 17559000, "start_time": 1771867978.2671423, "elapsed_seconds": 13756.099313179002, "amnt_of_species": 14730, "amnt_of_small_species": 9856, "amnt_of_medium_species": 3201, "amnt_of_big_species": 1673, "final": false}