{"frame_count": 16453000, "start_time": 1771867978.2671423, "elapsed_seconds": 12819.844137643006, "amnt_of_species": 13799, "amnt_of_small_species": 9239, "amnt_of_medium_species": 3005, "amnt_of_big_species": 1555, "final": false}