evolution rate,arithmetic mean length lived,arithmetic mean species population time
0.05,1613.0,82206.5
0.073,4001.0,269465.0
0.085,4001.0,258561.0
0.106,362.0,514.0
0.108,4001.0,266552.0
0.12,4001.0,282481.0
0.178,4001.0,268733.0
0.19,3058.6666666666665,195198.66666666666
0.225,1134.0,16627.0
0.318,58.0,153.0
