{"frame_count": 22523000, "start_time": 1771177647.004101, "elapsed_seconds": 19916.909490207967, "amnt_of_species": 21271, "amnt_of_small_species": 15842, "amnt_of_medium_species": 4860, "amnt_of_big_species": 569, "final": false}