{"frame_count": 22757450, "start_time": 1771177647.004101, "elapsed_seconds": 20054.964644957967, "amnt_of_species": 21475, "amnt_of_small_species": 15992, "amnt_of_medium_species": 4908, "amnt_of_big_species": 575, "final": true}