{"frame_count": 402812, "start_time": 1770851553.447861, "elapsed_seconds": 256.8963302919874, "amnt_of_species": 384, "amnt_of_medium_species": 85, "amnt_of_big_species": 15, "final": true}