evolution rate,geometric mean length lived,geometric mean species population time
0.073,1134.0000000000002,37247.000000000015
0.106,140.0,174.0
0.113,229.0,607.0
0.155,4001.0,286293.00000000006
0.166,80.0,91.0
0.167,4001.0,264776.9999999999
0.202,536.0000000000001,13048.999999999998
0.242,139.0,164.0
0.248,56.00000000000001,86.0
0.283,819.8585243808838,19913.661566874132
0.318,509.9656851200873,4707.701349915902
0.322,214.0,742.0
0.326,67.0,96.0
