{"frame_count": 16039000, "start_time": 1771867978.2691498, "elapsed_seconds": 12819.634175930005, "amnt_of_species": 13470, "amnt_of_small_species": 8928, "amnt_of_medium_species": 2994, "amnt_of_big_species": 1548, "final": false}