{"frame_count": 17103000, "start_time": 1771867978.2691498, "elapsed_seconds": 13755.436388243004, "amnt_of_species": 14352, "amnt_of_small_species": 9502, "amnt_of_medium_species": 3199, "amnt_of_big_species": 1651, "final": false}