{"frame_count": 209000, "start_time": 1770877083.3668811, "elapsed_seconds": 136.43203391699353, "amnt_of_species": 199, "amnt_of_medium_species": 43, "amnt_of_big_species": 5, "final": false}