evolution rate,arithmetic mean length lived,arithmetic mean species population time
0.05,1131.0,59417.0
0.062,3008.6666666666665,176352.66666666666
0.072,79.0,104.0
0.073,419.6666666666667,12214.333333333334
0.083,87.0,137.0
0.084,96.0,140.0
0.085,4001.0,285256.3333333333
0.097,1244.0,110441.0
0.105,94.0,105.0
0.108,3247.2,232552.4
0.12,4001.0,273418.0
0.132,4001.0,274267.25
0.143,4001.0,283292.6
0.146,168.0,206.0
0.149,173.0,570.0
0.159,295.0,2394.0
0.16,100.0,310.0
0.161,108.0,109.0
0.162,93.0,189.0
0.167,2767.6666666666665,203514.66666666666
0.178,2181.6666666666665,124269.66666666667
0.181,371.0,990.0
0.19,4001.0,265160.0
0.193,95.0,96.0
0.202,2308.0,140574.5
0.213,2424.75,139334.75
0.225,3069.0,180097.0
0.228,128.0,512.0
0.232,205.0,313.0
0.237,2675.0,134590.33333333334
0.239,344.0,1421.0
0.26,4001.0,263940.0
0.272,2395.0,123719.66666666667
0.278,140.0,209.0
0.283,2201.6666666666665,130010.0
0.287,92.0,103.0
0.298,166.0,463.0
0.306,99.0,111.0
0.307,2564.5,130056.0
0.309,94.0,152.0
0.313,96.0,104.0
0.318,91.0,113.0
0.329,88.0,100.0
0.33,1732.0,66876.0
0.333,96.0,99.0
0.342,65.0,607.0
0.353,566.0,13824.0
0.378,134.0,150.0
0.388,989.5,39770.5
0.39,84.0,97.0
