{"frame_count": 22115050, "start_time": 1771177646.99774, "elapsed_seconds": 20081.10234916705, "amnt_of_species": 20836, "amnt_of_small_species": 15551, "amnt_of_medium_species": 4694, "amnt_of_big_species": 591, "final": true}