evolution rate,arithmetic mean length lived,arithmetic mean species population time
0.062,1296.0,38582.0
0.073,1075.0,65320.0
0.085,4001.0,253847.0
0.097,1599.0,84725.0
0.126,162.0,343.0
0.143,4001.0,300883.0
0.148,172.0,697.0
0.178,4001.0,258263.0
0.225,414.0,4504.0
0.235,125.0,158.0
0.237,2825.6666666666665,167830.33333333334
0.248,4001.0,293308.0
0.318,69.0,194.0
0.342,106.0,164.0
0.352,248.0,648.0
0.371,203.0,359.0
0.389,94.0,232.0
