evolution rate,arithmetic mean length lived,arithmetic mean species population time
0.05,1132.0,54460.0
0.073,2724.0,167637.0
0.085,1344.5,81410.5
0.097,3502.6666666666665,247031.0
0.108,4001.0,284241.0
0.12,4001.0,285710.0
0.132,2414.3333333333335,182301.33333333334
0.143,2439.75,153645.75
0.155,2720.6666666666665,190682.66666666666
0.161,60.0,96.0
0.167,4001.0,259276.33333333334
0.173,128.0,200.0
0.178,4001.0,293392.5
0.19,4001.0,274168.0
0.192,134.0,209.0
0.202,2023.6666666666667,110324.33333333333
0.208,136.0,301.0
0.209,74.0,88.0
0.213,4001.0,277041.0
0.223,438.0,3839.0
0.225,4001.0,299537.0
0.236,1259.0,40454.0
0.237,2872.5,165521.5
0.242,193.0,361.0
0.247,96.0,109.0
0.248,1223.0,32158.0
0.258,104.0,111.0
0.26,4001.0,284299.5
0.272,2391.6666666666665,95225.33333333333
0.287,461.0,3762.0
0.307,1070.0,23454.666666666668
0.318,1045.6666666666667,19419.666666666668
0.32,93.0,94.0
0.322,88.0,93.0
0.33,533.0,15368.333333333334
0.334,170.0,680.0
0.336,104.0,155.0
0.353,590.0,7382.0
0.372,103.0,105.0
0.38,94.0,104.0
0.388,189.0,422.0
0.391,91.0,110.0
