evolution rate,arithmetic mean length lived,arithmetic mean species population time
0.061,475.0,14870.0
0.097,4001.0,287069.0
0.107,418.0,7706.0
0.12,1415.0,96171.33333333333
0.143,4001.0,310347.0
0.178,2058.5,142909.5
0.182,93.0,98.0
0.19,4001.0,303315.0
0.206,97.0,147.0
0.216,75.0,230.0
0.217,102.0,110.0
0.225,4001.0,282917.0
0.247,76.0,173.0
0.272,2689.6666666666665,180225.0
0.351,96.0,204.0
