evolution rate,arithmetic mean length lived,arithmetic mean species population time
0.05,2907.6,182900.0
0.062,4001.0,264247.1666666667
0.073,3034.6666666666665,198155.83333333334
0.079,195.0,243.0
0.082,137.0,143.0
0.085,4001.0,277550.5
0.097,4001.0,296085.5
0.108,3176.1111111111113,219829.44444444444
0.12,3495.0,244421.8
0.132,3919.6,273340.1
0.139,288.0,593.0
0.143,3385.4,230283.0
0.148,277.0,541.0
0.154,696.0,7295.0
0.155,4001.0,275361.375
0.159,152.0,321.0
0.16,50.0,67.0
0.167,3270.1428571428573,216784.14285714287
0.173,97.0,196.0
0.178,3278.125,202874.25
0.183,377.0,23858.0
0.19,3040.0,215884.25
0.202,2528.1428571428573,149801.0
0.205,108.0,164.0
0.213,2068.8,125713.8
0.225,2755.0,158508.5
0.237,1961.8,103532.6
0.248,2349.0,131646.5
0.26,3301.5,174803.5
0.268,96.0,100.0
0.272,2613.25,145658.0
0.283,1531.0,44005.333333333336
0.295,2327.0,125584.66666666667
0.305,88.0,92.0
0.307,1170.0,18759.0
0.313,96.5,99.5
0.315,90.0,142.0
0.318,1883.0,41414.0
0.33,2808.5,166915.5
0.342,1130.75,34778.0
0.353,1341.0,53499.0
0.364,84.0,97.0
0.365,1020.0,22276.0
0.379,87.0,98.0
0.388,229.0,501.0
0.394,111.0,113.0
0.397,85.0,99.0
