evolution rate,arithmetic mean length lived,arithmetic mean species population time
0.05,4001.0,234160.0
0.085,4001.0,292563.0
0.097,4001.0,245012.0
0.12,4001.0,284007.0
0.132,4001.0,286652.0
0.137,86.0,106.0
0.155,4001.0,283561.0
0.167,4001.0,289399.0
0.26,2292.6666666666665,66520.33333333333
0.272,1323.0,31117.0
0.355,369.0,1667.0
0.357,353.0,1180.0
0.388,80.0,95.0
