{"frame_count": 3792700, "start_time": 1771260624.8221529, "elapsed_seconds": 2514.6007441659967, "amnt_of_species": 3609, "amnt_of_small_species": 1581, "amnt_of_medium_species": 1851, "amnt_of_big_species": 177, "final": true}