{"frame_count": 757000, "start_time": 1770877755.96189, "elapsed_seconds": 459.65479083399987, "amnt_of_species": 710, "amnt_of_medium_species": 166, "amnt_of_big_species": 16, "final": false}