{"frame_count": 21618000, "start_time": 1771177646.993165, "elapsed_seconds": 19917.643661625043, "amnt_of_species": 20385, "amnt_of_small_species": 15301, "amnt_of_medium_species": 4529, "amnt_of_big_species": 555, "final": false}