{"frame_count": 21840250, "start_time": 1771177646.993165, "elapsed_seconds": 20055.686204792044, "amnt_of_species": 20578, "amnt_of_small_species": 15442, "amnt_of_medium_species": 4576, "amnt_of_big_species": 560, "final": true}