evolution rate,arithmetic mean length lived,arithmetic mean species population time
0.05,67.0,107.0
0.085,2247.0,177897.0
0.12,4001.0,272255.0
0.155,234.0,1161.0
0.178,3200.3333333333335,212827.33333333334
0.193,159.0,433.0
0.197,62.0,85.0
0.237,295.0,2733.0
0.295,784.0,4963.0
0.307,4001.0,223613.0
0.357,265.0,1089.0
