evolution rate,arithmetic mean length lived,arithmetic mean species population time
0.05,2814.0,158114.0
0.056,78.0,90.0
0.062,4001.0,313951.0
0.066,386.0,2633.0
0.073,4001.0,284504.0
0.078,757.0,14553.0
0.085,4001.0,299687.0
0.097,4001.0,286472.0
0.108,4001.0,265773.0
0.12,4001.0,334648.0
0.143,2701.3333333333335,166983.33333333334
0.155,2185.0,30288.0
0.178,2661.0,140675.0
0.19,1470.0,53870.0
0.202,1540.0,40729.0
0.248,4001.0,269438.0
0.259,356.0,2473.0
0.26,4001.0,282615.0
0.353,1588.0,32526.0
