{"frame_count": 179515500, "start_time": 1770878489.8660731, "elapsed_seconds": 134204.06057720672, "amnt_of_species": 168170, "amnt_of_small_species": 125764, "amnt_of_medium_species": 37688, "amnt_of_big_species": 4718, "final": true}