{"frame_count": 179506000, "start_time": 1770878489.8660731, "elapsed_seconds": 134198.4397493317, "amnt_of_species": 168166, "amnt_of_small_species": 125761, "amnt_of_medium_species": 37687, "amnt_of_big_species": 4718, "final": false}