{"frame_count": 170364000, "start_time": 1770878489.8660731, "elapsed_seconds": 124188.21953537376, "amnt_of_species": 159639, "amnt_of_small_species": 119404, "amnt_of_medium_species": 35721, "amnt_of_big_species": 4514, "final": false}