{"frame_count": 177495000, "start_time": 1770878489.8660731, "elapsed_seconds": 132772.70044191575, "amnt_of_species": 166356, "amnt_of_small_species": 124413, "amnt_of_medium_species": 37269, "amnt_of_big_species": 4674, "final": false}