{"frame_count": 161900000, "start_time": 1770878489.8660731, "elapsed_seconds": 116268.25528370697, "amnt_of_species": 151930, "amnt_of_small_species": 113691, "amnt_of_medium_species": 33943, "amnt_of_big_species": 4296, "final": false}