{"frame_count": 120370000, "start_time": 1770878489.8660731, "elapsed_seconds": 81960.65265733292, "amnt_of_species": 266, "amnt_of_medium_species": 45, "amnt_of_big_species": 7, "final": false}