{"frame_count": 179391000, "start_time": 1770878489.8660731, "elapsed_seconds": 134136.04557058171, "amnt_of_species": 168084, "amnt_of_small_species": 125702, "amnt_of_medium_species": 37667, "amnt_of_big_species": 4715, "final": false}