{"frame_count": 75588000, "start_time": 1770878489.8660731, "elapsed_seconds": 52105.09378545801, "amnt_of_species": 71314, "amnt_of_medium_species": 15871, "amnt_of_big_species": 1973, "final": false}