{"frame_count": 148000, "start_time": 1770873822.2942631, "elapsed_seconds": 90.36377162500867, "amnt_of_species": 140, "amnt_of_medium_species": 30, "amnt_of_big_species": 3, "final": false}