evolution rate,arithmetic mean length lived,arithmetic mean species population time
0.05,2312.0,86686.0
0.051,274.0,944.0
0.053,270.0,3157.0
0.058,102.0,308.0
0.062,3631.0,267042.25
0.073,2937.3333333333335,193674.22222222222
0.074,471.0,8878.0
0.085,3252.6,208922.6
0.097,4001.0,285868.0
0.107,359.0,5151.0
0.108,4001.0,286759.28571428574
0.113,258.0,771.0
0.118,389.0,16361.0
0.12,3450.1428571428573,245531.2857142857
0.122,109.0,155.0
0.128,102.0,112.0
0.13,83.0,107.0
0.132,4001.0,292411.6
0.143,3357.25,237629.0
0.149,96.0,257.0
0.153,173.0,317.0
0.155,3699.4444444444443,246250.33333333334
0.167,3666.9,239181.1
0.168,343.0,6110.0
0.178,4001.0,274434.5
0.179,88.0,99.0
0.19,4001.0,283354.0
0.202,2570.0,156117.6
0.206,89.0,103.0
0.213,3052.3333333333335,204963.0
0.225,3999.1666666666665,256939.0
0.237,2712.0,132214.75
0.248,2693.75,155300.0
0.26,1437.75,40807.5
0.261,276.0,655.0
0.266,396.0,3845.0
0.272,2435.0,121985.66666666667
0.283,4001.0,289870.5
0.295,1958.5,97410.5
0.307,882.0,14872.0
0.33,2949.0,180484.5
0.344,146.0,280.0
0.353,1314.0,28463.0
0.362,298.0,685.0
0.365,1084.0,27376.0
0.376,93.0,103.0
0.388,822.0,31404.0
0.393,471.0,15718.0
