{"frame_count": 706252, "start_time": 1770867780.133429, "elapsed_seconds": 543.0881244579796, "amnt_of_species": 669, "amnt_of_medium_species": 201, "amnt_of_big_species": 12, "final": true}