evolution rate,arithmetic mean length lived,arithmetic mean species population time
0.05,2940.0,192098.6
0.062,3166.6666666666665,219336.5
0.073,3046.5,195608.5
0.085,3700.6666666666665,246609.16666666666
0.093,152.0,598.0
0.097,3631.125,264600.375
0.108,4001.0,271600.6666666667
0.12,4001.0,275770.6
0.143,4001.0,283231.6
0.155,4001.0,266316.3333333333
0.165,89.0,107.0
0.167,3209.0,179356.5
0.178,3109.0,200041.66666666666
0.189,98.0,104.0
0.19,2181.0,112726.66666666667
0.202,2713.0,94450.5
0.213,2586.5,158759.0
0.225,3008.2,170501.8
0.237,2537.0,156499.5
0.246,272.0,1562.0
0.248,2838.8,188436.4
0.26,4001.0,297792.5
0.272,2106.3333333333335,96727.0
0.28,82.0,103.0
0.283,2864.3333333333335,160367.66666666666
0.295,37.0,57.0
0.307,1173.0,31284.0
0.311,88.0,90.0
0.312,104.0,105.0
0.318,59.0,357.0
0.327,92.0,110.0
0.33,1500.5,41210.0
0.366,95.0,104.0
