{"frame_count": 320000, "start_time": 1770867234.007825, "elapsed_seconds": 208.61320379099925, "amnt_of_species": 302, "amnt_of_medium_species": 82, "amnt_of_big_species": 2, "final": false}