{"frame_count": 767000, "start_time": 1770877755.9520068, "elapsed_seconds": 459.7784632079711, "amnt_of_species": 723, "amnt_of_medium_species": 184, "amnt_of_big_species": 23, "final": false}