{"frame_count": 281963, "start_time": 1770851193.8647249, "elapsed_seconds": 166.78323579201242, "amnt_of_species": 271, "amnt_of_medium_species": 77, "amnt_of_big_species": 5, "final": true}