{"frame_count": 149621, "start_time": 1770867126.820528, "elapsed_seconds": 93.67293587501626, "amnt_of_species": 143, "amnt_of_medium_species": 42, "amnt_of_big_species": 4, "final": true}