evolution rate,arithmetic mean length lived,arithmetic mean species population time
0.05,4001.0,233910.0
0.097,2133.0,155385.5
0.143,4001.0,282305.0
0.155,4001.0,285236.0
0.167,4001.0,272589.0
0.202,2162.0,31029.0
0.213,4001.0,315092.0
0.248,806.6666666666666,11374.666666666666
0.283,4001.0,272030.0
0.307,3428.5,181186.0
0.329,257.0,605.0
0.353,943.0,11567.0
0.379,246.0,448.0
0.388,54.0,293.0
0.396,76.0,98.0
