{"frame_count": 159613, "start_time": 1770871943.277434, "elapsed_seconds": 93.61996045801789, "amnt_of_species": 153, "amnt_of_medium_species": 43, "amnt_of_big_species": 5, "final": true}