{"frame_count": 179749000, "start_time": 1770878489.8761978, "elapsed_seconds": 136069.80147325102, "amnt_of_species": 168528, "amnt_of_small_species": 125775, "amnt_of_medium_species": 38131, "amnt_of_big_species": 4622, "final": false}