{"frame_count": 179750000, "start_time": 1770878489.8761978, "elapsed_seconds": 136070.56599512603, "amnt_of_species": 168529, "amnt_of_small_species": 125776, "amnt_of_medium_species": 38131, "amnt_of_big_species": 4622, "final": false}