{"frame_count": 1029000, "start_time": 1770866134.657977, "elapsed_seconds": 679.8653306250053, "amnt_of_species": 987, "amnt_of_medium_species": 259, "amnt_of_big_species": 21, "final": false}