{"frame_count": 742000, "start_time": 1770877755.983128, "elapsed_seconds": 459.3675142909924, "amnt_of_species": 701, "amnt_of_medium_species": 159, "amnt_of_big_species": 20, "final": false}