{"frame_count": 15926000, "start_time": 1771867978.2633152, "elapsed_seconds": 12819.258534307002, "amnt_of_species": 13385, "amnt_of_small_species": 8881, "amnt_of_medium_species": 2932, "amnt_of_big_species": 1572, "final": false}