{"frame_count": 17010000, "start_time": 1771867978.2633152, "elapsed_seconds": 13755.91990452, "amnt_of_species": 14283, "amnt_of_small_species": 9471, "amnt_of_medium_species": 3136, "amnt_of_big_species": 1676, "final": false}