evolution rate,arithmetic mean length lived,arithmetic mean species population time
0.05,4001.0,261093.0
0.062,4001.0,281178.4
0.073,4001.0,286147.875
0.085,4001.0,270875.5
0.097,4001.0,275727.8
0.108,4001.0,271269.5
0.114,108.0,110.0
0.132,4001.0,293015.3333333333
0.135,677.0,5112.0
0.143,4001.0,284138.2
0.155,4001.0,234503.33333333334
0.164,85.0,91.0
0.167,2866.8,175232.2
0.178,2192.25,100124.75
0.185,81.0,86.0
0.19,3408.0,187133.5
0.196,197.0,695.0
0.202,2557.0,130004.75
0.213,3039.6666666666665,167168.66666666666
0.225,2092.6666666666665,109505.33333333333
0.237,2511.0,141672.5
0.245,138.0,153.0
0.247,142.0,156.0
0.248,2401.25,98585.0
0.26,1073.0,17933.0
0.27,116.0,160.0
0.272,2903.5,158099.5
0.294,72.0,82.0
0.295,1566.0,54006.0
0.296,337.0,1169.0
0.307,2063.5,82051.0
0.315,120.5,151.0
0.33,3112.0,174374.0
0.351,411.0,1209.0
0.362,98.0,118.0
0.39,99.0,240.0
