{"frame_count": 143895, "start_time": 1770867456.812059, "elapsed_seconds": 104.61534258397296, "amnt_of_species": 137, "amnt_of_medium_species": 40, "amnt_of_big_species": 2, "final": true}