{"frame_count": 264445, "start_time": 1770851193.821729, "elapsed_seconds": 166.82405245801783, "amnt_of_species": 257, "amnt_of_medium_species": 68, "amnt_of_big_species": 4, "final": true}