{"frame_count": 41920, "start_time": 1770871388.5761101, "elapsed_seconds": 28.494670665997546, "amnt_of_species": 40, "amnt_of_medium_species": 10, "amnt_of_big_species": 1, "final": true}