evolution rate,arithmetic mean length lived,arithmetic mean species population time
0.05,3491.4,231382.2
0.053,373.0,5298.0
0.062,4001.0,281804.8
0.065,107.0,117.0
0.073,4001.0,270401.8
0.085,4001.0,268888.2
0.097,4001.0,307065.0
0.12,4001.0,286739.25
0.132,3204.6666666666665,232771.66666666666
0.143,3583.6,245745.6
0.155,3403.2,225897.4
0.167,3492.5,211305.25
0.178,1578.0,27258.5
0.19,2377.0,52586.0
0.191,99.0,102.0
0.198,82.0,93.0
0.199,92.0,111.0
0.202,2727.0,147829.5
0.213,3010.6666666666665,161833.66666666666
0.217,167.0,218.0
0.231,167.0,713.0
0.237,2114.25,101972.0
0.24,82.0,92.0
0.244,186.0,263.0
0.247,2488.0,73333.0
0.248,548.6666666666666,4757.0
0.25,91.0,94.0
0.288,106.0,118.0
0.29,80.0,93.0
0.291,130.0,139.0
0.295,1122.0,20581.0
0.304,103.0,108.0
0.307,2850.5,166322.5
0.311,88.0,97.0
0.33,2406.0,119234.0
0.342,722.3333333333334,6166.333333333333
0.353,456.0,4185.0
0.357,84.0,96.0
0.367,113.0,115.0
0.368,101.0,112.0
0.379,86.0,108.0
0.384,93.0,105.0
0.396,114.5,157.5
