evolution rate,arithmetic mean length lived,arithmetic mean species population time
0.053,887.0,16607.0
0.054,586.0,4514.0
0.058,125.0,144.0
0.06,864.0,66613.0
0.062,1205.0,56821.5
0.063,744.0,45052.0
0.068,926.0,72196.0
0.073,322.0,16212.0
0.076,86.0,111.0
0.08,530.0,16958.0
0.085,381.0,16325.0
0.087,81.0,97.0
0.108,2137.0,181805.0
0.109,385.0,2912.0
0.12,1726.0,78717.0
0.13,550.0,859.0
0.132,2330.5,138254.0
0.135,123.0,143.0
0.148,97.0,163.0
0.155,325.0,5953.0
0.167,2523.0,120686.0
0.172,4001.0,320611.0
0.173,137.0,338.0
0.178,4001.0,281195.0
0.185,146.0,157.0
0.19,1630.0,103650.0
0.194,128.0,137.5
0.195,4001.0,291204.0
0.196,380.0,6569.0
0.197,93.0,101.0
0.2,106.0,165.0
0.202,4001.0,246698.0
0.21,877.0,145948.0
0.213,1337.6666666666667,34678.333333333336
0.216,1762.0,93854.0
0.225,2197.5,143759.5
0.23,173.0,227.0
0.232,369.0,15838.0
0.237,673.0,33655.0
0.241,882.0,17158.0
0.242,219.0,407.0
0.243,4001.0,327282.0
0.25,135.0,205.0
0.26,83.0,700.0
0.263,87.0,92.0
0.268,515.0,4557.0
0.282,237.0,312.0
0.283,2329.0,131195.5
0.284,75.0,100.0
0.287,385.0,1993.0
0.292,309.0,732.0
0.303,176.0,377.0
0.307,825.5,18758.5
0.345,74.0,92.0
0.356,88.0,98.0
0.358,171.0,370.0
0.375,93.0,139.0
0.382,4001.0,213643.0
0.388,3439.0,181683.0
0.392,143.0,147.0
