evolution rate,arithmetic mean length lived,arithmetic mean species population time
0.05,1682.25,67796.25
0.052,1171.5,23325.5
0.056,491.0,1162.0
0.057,4001.0,367464.0
0.062,494.0,9534.0
0.067,726.0,5180.0
0.068,60.0,93.0
0.069,1927.0,133711.33333333334
0.071,1579.0,68843.0
0.073,1670.5,131296.0
0.076,1585.0,80979.0
0.08,4001.0,225498.0
0.082,1519.0,240482.5
0.083,1125.0,10207.0
0.085,1048.0,159500.0
0.087,1968.0,59347.0
0.088,2807.0,142115.0
0.09,1850.0,67021.0
0.097,517.3333333333334,24353.666666666668
0.098,114.0,357.0
0.099,145.0,211.0
0.101,204.0,461.0
0.107,537.0,3867.0
0.108,1629.25,105604.25
0.111,325.0,632.0
0.114,193.5,1249.0
0.123,959.0,44957.0
0.125,214.0,1239.0
0.126,2679.0,142901.0
0.128,64.0,106.0
0.141,434.0,8287.0
0.142,442.5,18734.5
0.144,315.5,3763.0
0.148,85.5,183.5
0.153,272.0,452.0
0.154,256.0,6727.0
0.164,85.0,153.0
0.167,103.0,148.0
0.183,606.5,24423.0
0.185,196.0,238.0
0.188,74.0,82.0
0.19,954.0,13674.0
0.196,56.0,105.0
0.203,427.0,21620.0
0.207,57.0,108.0
0.213,82.0,150.0
0.214,101.0,107.0
0.216,1062.0,73394.0
0.225,71.0,107.0
0.233,310.0,20033.0
0.238,100.0,105.0
0.239,61.0,88.0
0.24,121.0,228.0
0.243,99.5,350.5
0.246,137.0,763.0
0.251,398.0,22774.0
0.26,59.0,156.0
0.277,79.0,124.0
0.288,94.0,105.0
0.289,380.0,2866.0
0.29,123.0,267.0
0.296,96.0,116.0
0.297,72.0,100.0
0.299,52.0,98.0
0.3,114.0,147.0
0.301,174.0,1237.0
0.307,125.0,150.0
0.321,58.0,108.0
0.327,55.0,96.0
0.329,98.0,256.0
0.331,127.0,449.0
0.337,141.0,670.0
0.338,73.0,100.0
0.339,68.0,90.0
0.356,166.0,1039.5
0.365,64.0,94.0
0.377,77.5,118.5
0.378,68.0,95.0
0.382,182.0,795.0
0.391,59.0,92.0
0.394,89.0,95.0
