evolution rate,arithmetic mean length lived,arithmetic mean species population time
0.05,1224.75,58994.5
0.062,350.3333333333333,12487.0
0.067,102.0,108.0
0.081,73.0,83.0
0.084,89.0,95.0
0.085,2767.6666666666665,198124.33333333334
0.088,177.0,765.0
0.091,110.0,113.0
0.094,69.0,129.0
0.097,3766.3333333333335,283747.6666666667
0.099,115.0,320.0
0.108,2679.6666666666665,189553.33333333334
0.109,115.0,252.0
0.12,2694.6666666666665,194336.66666666666
0.132,4001.0,299870.25
0.143,3109.25,205829.0
0.153,219.0,432.0
0.155,4001.0,284083.0
0.166,93.0,94.0
0.167,1287.0,30375.0
0.174,102.0,342.0
0.175,146.0,513.0
0.178,3018.6,183740.0
0.187,226.0,345.0
0.19,2051.714285714286,113023.71428571429
0.202,4001.0,271366.5
0.205,72.0,119.0
0.212,257.0,337.0
0.213,1837.5,117277.0
0.215,128.0,327.0
0.225,1481.3333333333333,49250.666666666664
0.228,83.0,94.0
0.229,78.0,94.0
0.237,3391.3333333333335,215393.0
0.248,878.0,25495.0
0.252,120.0,191.0
0.257,37.0,46.0
0.26,866.0,21390.0
0.272,1286.0,35791.0
0.274,99.0,101.0
0.283,4001.0,283632.0
0.307,2160.0,136650.5
0.316,653.0,9743.0
0.319,358.0,6024.0
0.328,4001.0,246061.0
0.33,87.0,91.0
0.337,138.0,215.0
0.353,729.5,7971.0
0.354,85.0,124.5
0.365,1484.0,37137.0
0.395,122.0,256.0
0.4,322.0,1858.0
