{"frame_count": 158300, "start_time": 1770851837.283791, "elapsed_seconds": 137.7373232920072, "amnt_of_species": 153, "amnt_of_medium_species": 41, "amnt_of_big_species": 1, "final": true}