evolution rate,arithmetic mean length lived,arithmetic mean species population time
0.05,1004.0,59602.0
0.054,96.0,100.0
0.059,111.0,205.0
0.061,113.0,173.0
0.062,4001.0,228283.0
0.065,100.0,197.0
0.069,126.0,269.0
0.073,4001.0,268646.0
0.085,2160.0,114897.33333333333
0.097,2641.0,152716.5
0.108,4001.0,254835.0
0.111,658.0,6722.0
0.116,118.0,459.0
0.12,2871.0,191205.5
0.124,83.0,101.0
0.126,78.0,111.0
0.132,4001.0,280584.5
0.134,83.0,85.0
0.135,95.0,104.0
0.139,93.0,104.0
0.143,3427.5,218962.5
0.149,93.0,94.0
0.155,4001.0,270201.6666666667
0.156,73.0,98.0
0.167,3182.222222222222,208418.77777777778
0.169,227.0,1242.0
0.187,306.0,2429.0
0.19,3071.0,190213.0
0.197,87.0,96.0
0.202,4001.0,263290.0
0.211,148.0,166.0
0.213,3803.5,240022.0
0.217,93.0,104.0
0.222,101.0,202.0
0.225,2060.4,115276.0
0.233,274.0,2631.0
0.237,2028.0,121514.6
0.248,4001.0,276496.5
0.252,85.0,99.0
0.256,154.0,212.0
0.26,999.5,35924.0
0.267,73.0,333.0
0.27,75.0,85.0
0.272,2284.5,149313.0
0.283,1765.6666666666667,97427.66666666667
0.292,114.0,120.0
0.293,130.0,260.0
0.295,1193.4,68076.4
0.299,89.0,108.0
0.312,572.0,18739.0
0.318,1062.0,28850.0
0.32,100.0,192.0
0.323,156.0,303.0
0.327,214.0,325.0
0.328,110.0,164.0
0.33,1300.0,33573.0
0.335,87.0,105.0
0.341,105.0,110.0
0.342,2478.0,94036.0
0.347,207.33333333333334,1102.3333333333333
0.367,192.0,865.0
0.376,227.0,419.0
0.377,785.0,17818.0
0.388,147.5,1628.5
