{"frame_count": 143275, "start_time": 1770867456.769058, "elapsed_seconds": 104.65841720800381, "amnt_of_species": 139, "amnt_of_medium_species": 31, "amnt_of_big_species": 3, "final": true}