evolution rate,geometric mean length lived,geometric mean species population time
0.05,2328.319781165584,113152.45214620016
0.062,4001.0,278227.99999999994
0.066,99.0,150.0
0.073,1899.711030657031,137654.0361195414
0.074,92.0,160.0
0.085,4001.0,277445.4431987117
0.087,124.0,268.0
0.088,449.0,13630.000000000002
0.097,4001.0,265111.99999999994
0.108,589.9889829479869,7298.309119241255
0.12,4001.0,282614.87223848636
0.132,4001.0,288690.3375049961
0.143,4001.0,286654.8204722886
0.145,95.0,158.0
0.155,4001.0,282807.9382748957
0.167,2504.7091647534653,65825.26669904198
0.171,103.0,108.0
0.178,1732.3595286827967,52153.00143341329
0.19,2519.4216884392995,86830.83605127613
0.197,104.0,111.00000000000001
0.202,4001.0,254513.54178510827
0.213,2216.87416975506,92013.61028708547
0.221,511.00000000000006,8144.999999999997
0.237,3137.269149854107,166787.35517056615
0.248,2044.4887001931672,67381.60917919106
0.26,1665.6721635672945,56545.71964280913
0.266,81.0,97.0
0.272,1586.9999999999998,48455.000000000015
0.283,459.8064810330538,5344.882599271941
0.307,1274.9999999999995,16186.999999999998
0.318,1675.9999999999998,19235.000000000004
0.33,2336.1001690852213,140692.6980230318
0.36,200.0,225.99999999999997
0.365,616.9278726074873,7176.323501626723
