evolution rate,arithmetic mean length lived,arithmetic mean species population time
0.05,2023.3333333333333,133604.66666666666
0.052,350.0,1010.0
0.06,87.0,108.0
0.062,2989.4285714285716,172509.42857142858
0.073,2545.25,160577.5
0.085,3203.8571428571427,201446.85714285713
0.089,471.0,1716.0
0.097,4001.0,293850.3333333333
0.098,247.0,343.0
0.102,416.0,499.0
0.108,4001.0,276311.71428571426
0.114,209.0,327.0
0.119,248.0,762.0
0.12,3891.3333333333335,231011.66666666666
0.126,119.0,152.0
0.129,99.0,108.0
0.132,4001.0,275932.5
0.143,4001.0,271598.28571428574
0.155,3114.6666666666665,207283.66666666666
0.167,3503.5,244275.0
0.178,1996.5,102756.75
0.19,3457.5,230745.5
0.2,365.0,3389.0
0.202,2130.0,98813.66666666667
0.213,2849.5,174185.5
0.214,661.0,9149.0
0.216,525.0,9958.0
0.225,1508.0,13630.0
0.226,181.0,211.0
0.237,2151.2,116016.4
0.241,423.0,2544.0
0.248,3034.3333333333335,183913.0
0.26,4001.0,253622.0
0.261,1114.0,29679.0
0.272,4001.0,260010.0
0.283,3053.0,186220.0
0.286,220.0,249.0
0.295,1303.5,37200.0
0.307,1741.0,26533.0
0.311,97.0,98.0
0.318,1723.5,47169.5
0.327,329.0,752.0
0.33,1186.0,22169.0
0.332,130.0,146.0
0.335,379.0,561.0
0.339,4001.0,272348.0
0.342,1148.0,29529.0
0.362,336.0,1016.0
0.365,1104.0,27020.0
