{"frame_count": 179900000, "start_time": 1770878489.8536892, "elapsed_seconds": 136082.17806183104, "amnt_of_species": 168727, "amnt_of_small_species": 126352, "amnt_of_medium_species": 37905, "amnt_of_big_species": 4470, "final": true}