evolution rate,length lived,species population time,population
0.350604,50,135,2
0.268881,3500,103644,29
0.318134,1335,38731,29
0.323081,601,18806,31
0.391454,3500,143084,40
0.267131,46,48,1
0.23533,691,5346,7
0.32195,3500,42979,12
0.206424,3500,228206,65
0.145801,117,151,1
0.296035,99,2489,25
0.358084,107,108,1
0.286127,3500,146365,41
0.082996,999,33184,33
0.162695,3500,72135,20
0.164094,3500,198169,56
0.238501,3500,213461,60
0.256942,134,388,2
0.070332,741,23822,32
0.208823,3500,184402,52
0.085732,166,285,1
0.145608,379,6748,17
0.132797,344,2770,8
0.233338,3500,159903,45
0.301486,199,425,2
0.205196,99,2666,26
0.282062,118,216,1
0.077679,199,2968,14
0.166866,3500,197550,56
0.302967,3500,85587,24
0.203004,3500,75046,21
0.247794,3500,132866,37
0.301049,86,296,3
0.184593,3500,119374,34
0.14232,1299,25407,19
0.386873,96,115,1
0.051804,613,14554,23
0.131905,3500,148297,42
0.165756,1200,39626,33
0.389468,100,2038,20
0.327432,3500,191347,54
0.18799,199,456,2
0.196045,100,1081,10
0.337523,3500,136245,38
0.199441,3500,205825,58
0.344195,91,94,1
0.265434,415,9464,22
0.306918,3500,204537,58
0.215802,3500,222651,63
0.122876,943,12311,13
0.275684,220,448,2
0.101511,559,41465,74
0.23928,3500,165137,47
0.227481,1056,91602,86
0.380033,3500,185796,53
0.239482,3500,91750,26
0.15484,95,99,1
0.155117,276,8590,31
0.295777,3500,274318,78
0.06195,199,814,4
0.268343,100,1790,17
0.162307,1169,40645,34
0.226194,102,2613,25
0.296243,3500,166914,47
0.196145,124,132,1
0.068923,132,2879,21
0.327705,84,97,1
0.321143,300,4613,15
0.12484,3500,76645,21
0.395876,87,106,1
0.213213,72,869,12
0.304435,79,142,1
0.311504,3500,153917,43
0.322316,1501,22491,14
0.256661,154,364,2
0.164343,404,12570,31
0.224707,1553,41878,26
0.29552,1232,69112,56
0.396434,149,3265,21
0.106769,118,306,2
0.39657,601,6558,10
0.152747,2033,81220,39
0.375012,1501,78567,52
0.188091,481,4583,9
0.146958,3500,121345,34
0.188715,217,331,1
0.372742,3500,126718,36
0.326051,399,3324,8
0.245349,742,11885,16
0.17446,3500,195726,55
0.156841,106,113,1
0.215363,258,1785,6
0.303868,168,213,1
0.216858,134,140,1
0.272878,370,6092,16
0.194506,3500,105274,30
0.291336,3500,63047,18
0.174275,3500,191353,54
0.296434,79,95,1
0.116745,101,5762,57
0.243753,1701,130060,76
0.388397,3500,210452,60
0.161705,3500,185954,53
0.305802,96,114,1
0.103511,149,252,1
0.071461,87,91,1
0.056399,533,28188,52
0.239028,3500,106120,30
0.394067,127,269,2
0.377626,142,1407,9
0.39308,82,103,1
0.055504,1559,129678,83
0.382533,3500,94081,26
0.222172,3500,204903,58
0.176401,3500,142436,40
0.279685,159,742,4
0.173011,260,6022,23
0.252999,3500,70484,20
0.062734,712,18376,25
0.286669,90,98,1
0.084195,306,9456,30
0.125419,149,837,5
0.395369,501,4692,9
0.285336,160,688,4
0.107514,200,627,3
0.137402,67,170,2
0.052663,66,91,1
0.184967,501,9218,18
0.153677,3500,124310,35
0.136246,1105,35171,31
0.222688,3500,128843,36
0.319016,1115,25040,22
0.3963,64,751,11
0.142016,1406,53243,37
0.31559,473,12071,25
0.177015,3500,135793,38
0.323023,99,145,1
0.064364,104,106,1
0.053354,160,181,1
0.287328,95,96,1
0.100612,140,145,1
0.105452,756,29453,38
0.318894,103,132,1
0.374645,91,243,2
0.068646,80,91,1
0.097719,574,43190,75
0.184103,3500,211072,60
0.350762,3500,151131,43
0.212679,3500,189569,54
0.338581,124,149,1
0.148774,125,1970,15
0.173563,133,324,2
0.292249,93,102,1
0.08742,599,36921,61
0.237889,1999,60040,30
0.145389,140,202,1
0.222662,648,13031,20
0.143431,2046,46561,22
0.124319,3500,225000,64
0.104949,199,400,2
0.242449,1099,22242,20
0.249595,3500,201285,57
0.192372,78,83,1
0.147894,312,6848,21
0.359052,3500,71222,20
0.087212,1110,87647,78
0.113148,68,707,10
0.157505,1557,65374,41
0.30715,1489,23935,16
0.159032,124,154,1
0.125274,1525,60611,39
0.330221,933,19712,21
0.169952,3500,78953,22
0.306246,3500,147366,42
0.265419,109,173,1
0.326341,148,192,1
0.079589,3500,102060,29
0.371053,81,99,1
0.298196,62,89,1
0.153292,65,81,1
0.375447,3500,36786,10
0.103444,133,318,2
0.282371,3500,59058,16
0.354585,104,110,1
0.285257,202,716,3
0.22117,3500,83907,23
0.223949,3500,246529,70
0.200583,1399,46154,32
0.307156,299,6466,21
0.254504,174,319,1
0.051366,501,13090,26
0.315187,3500,51016,14
0.20954,138,459,3
0.172859,1211,29482,24
0.05944,549,7661,13
0.314705,399,4910,12
0.318351,899,23234,25
0.144343,3500,199236,56
0.062069,1356,67379,49
0.346803,314,2467,7
0.363433,3500,184750,52
0.134979,93,107,1
0.126801,65,462,7
0.086564,349,17077,48
0.161488,165,3224,19
0.370243,441,1266,2
0.126491,199,913,4
0.080916,841,34486,41
0.214318,79,90,1
0.266531,224,2323,10
0.316572,133,155,1
0.321399,437,7471,17
0.365361,199,334,1
0.228267,3500,159895,45
0.183385,999,40284,40
0.200272,3500,156691,44
0.066653,64,86,1
0.064488,119,1021,8
0.142175,90,240,2
0.337044,423,5508,13
0.220196,199,290,1
0.081657,700,23746,33
0.231351,108,222,2
0.291729,3500,193771,55
0.106077,199,602,3
0.350435,99,1649,16
0.111152,1360,60596,44
0.2552,588,3978,6
0.217296,1840,67109,36
0.166417,793,22424,28
0.277808,3500,180638,51
0.120903,113,679,6
0.19998,3500,67052,19
0.162708,445,4171,9
0.066258,392,19744,50
0.204376,1942,74363,38
0.32236,75,187,2
0.243884,44,49,1
0.197032,421,4006,9
0.149161,3500,195051,55
0.304907,100,157,1
0.254217,301,6372,21
0.111531,3500,197131,56
0.082801,89,100,1
0.054029,559,27515,49
0.301851,93,98,1
0.340449,3500,75672,21
0.050637,101,113,1
0.315881,3500,136612,39
0.342085,110,146,1
0.208618,440,9253,21
0.153155,3500,114870,32
0.264768,3500,119323,34
0.342328,3500,90706,25
0.352878,1561,51385,32
0.214815,461,4657,10
0.168028,3500,107510,30
0.365959,1057,23209,21
0.323606,3500,117741,33
0.208736,3500,122028,34
0.289173,1012,50804,50
0.099158,3500,66606,19
0.216998,99,118,1
0.323895,3500,205938,58
0.223667,399,2023,5
0.3453,217,5267,24
0.18808,1327,88885,66
0.389554,252,5099,20
0.228352,3500,117979,33
0.270415,1185,70613,59
0.170823,596,5813,9
0.321385,3500,61804,17
0.238799,199,1717,8
0.066706,751,36737,48
0.088625,340,4461,13
0.168605,3500,235775,67
0.190492,137,170,1
0.318727,592,14078,23
0.055084,100,155,1
0.376619,63,224,3
0.288862,3500,72996,20
0.256828,1156,27832,24
0.138481,66,644,9
0.30622,3500,145993,41
0.336672,100,102,1
0.179377,3500,62646,17
0.329668,90,138,1
0.356383,338,2426,7
0.12665,256,6389,24
0.236753,3500,204185,58
0.136943,3500,70241,20
0.305873,1092,79684,72
0.157904,3500,161387,46
0.305599,1476,46074,31
0.296438,76,143,1
0.35863,3500,107605,30
0.142903,3500,108959,31
0.282737,107,171,1
0.060633,929,21213,22
0.307062,299,3607,12
0.285205,100,102,1
0.0683,150,1939,12
0.253084,3500,166883,47
0.302079,1681,45835,27
0.148819,3500,79146,22
0.237917,3500,156658,44
0.269352,1042,54134,51
0.130209,3500,67986,19
0.219303,3500,131157,37
0.32036,99,190,1
0.209708,67,514,7
0.103548,153,246,1
0.132789,442,17702,40
0.25676,3500,119995,34
0.339873,110,115,1
0.219871,400,4004,10
0.210336,1683,136539,81
0.132209,893,78856,88
0.296373,3500,166714,47
0.265537,3500,77861,22
0.173873,3500,239353,68
0.351697,153,857,5
0.269277,66,96,1
0.336422,3500,66152,18
0.182126,199,2976,14
0.154493,42,753,17
0.270026,110,182,1
0.092347,92,115,1
0.17661,3500,141299,40
0.187886,3500,113832,32
0.300652,3500,77396,22
0.142097,1555,89777,57
0.235951,469,9431,20
0.07237,1538,42328,27
0.124352,43,44,1
0.170561,3500,53111,15
0.272816,3500,141310,40
0.255384,82,89,1
0.363622,93,108,1
0.16197,3500,187368,53
0.290086,157,173,1
0.259245,253,4180,16
0.199883,3500,125262,35
0.16346,1153,44508,38
0.317337,155,182,1
0.26159,1210,16010,13
0.344493,110,1522,13
0.313556,3500,92684,26
0.310087,1210,62128,51
0.207729,110,1285,11
0.177074,251,1474,5
0.255662,3500,39396,11
0.197661,3500,118119,33
0.106396,64,156,2
0.160211,107,151,1
0.078158,71,929,13
0.330384,74,94,1
0.398232,82,1385,16
0.177958,189,623,3
0.084999,466,23444,50
0.205966,3500,171385,48
0.232574,199,833,4
0.08758,101,2787,27
0.093522,3500,114943,32
0.251062,75,94,1
0.357829,100,112,1
0.37194,1622,67569,41
0.354133,716,12823,17
0.259011,3500,128145,36
0.262059,3500,260868,74
0.142594,2082,87469,42
0.286348,208,267,1
0.153837,3500,96761,27
0.206637,3500,107804,30
0.305917,101,218,2
0.070102,3500,208237,59
0.145486,129,204,1
0.298596,1152,28443,24
0.398855,62,457,7
0.14003,117,140,1
0.145631,534,5462,10
0.122436,100,106,1
0.398784,370,2958,7
0.332942,3500,169117,48
0.36682,99,105,1
0.308765,98,247,2
0.209365,3500,208336,59
0.079187,1034,54140,52
0.172176,3500,221653,63
0.129999,3500,254508,72
0.352456,93,195,2
0.179593,159,1762,11
0.150464,97,99,1
0.242774,345,3065,8
0.126226,3500,134838,38
0.216108,1781,93336,52
0.136076,3500,216492,61
0.320481,199,1102,5
0.056374,1002,35402,35
0.168285,3500,104588,29
0.154731,399,1838,4
0.06022,3500,85134,24
0.23255,3500,132017,37
0.140335,61,135,2
0.236045,142,239,1
0.111494,278,1026,3
0.290792,601,17519,29
0.144665,3500,225128,64
0.19626,3500,104815,29
0.147981,3500,94248,26
0.158968,45,52,1
0.084691,670,20042,29
0.243425,215,459,2
0.257132,3500,101023,28
0.250943,3500,110966,31
0.18859,182,250,1
0.055694,997,47726,47
0.082567,81,96,1
0.126798,99,3578,36
0.201272,3500,208571,59
0.354623,87,116,1
0.051002,1499,97636,65
0.096024,441,19675,44
0.165216,85,86,1
0.282657,3500,62578,17
0.07004,1055,65725,62
0.241299,3500,166562,47
0.161506,3500,56550,16
0.068519,198,259,1
0.061166,99,2464,24
0.122014,3500,115635,33
0.233193,158,243,1
0.257916,299,9324,31
0.194151,93,100,1
0.143397,779,17750,22
0.174883,158,288,1
0.37594,149,657,4
0.182069,151,1218,8
0.119628,1199,33284,27
0.392391,99,2226,22
0.259882,3500,122779,35
0.117368,1093,66510,60
0.159049,3500,217188,62
0.396077,91,95,1
0.068999,139,569,4
0.294743,3500,44881,12
0.340398,89,96,1
0.094846,551,16832,30
0.192468,3500,215131,61
0.20684,3500,150294,42
0.132042,3500,64405,18
0.112189,167,806,4
0.298396,657,12752,19
0.229757,3500,96660,27
0.151515,3500,99457,28
0.21294,1006,23339,23
0.169593,3500,137298,39
0.189144,3500,50895,14
0.124884,77,323,4
0.067512,40,50,1
0.216207,101,1546,15
0.13775,146,682,4
0.322182,233,6999,30
0.302854,3500,184553,52
0.213272,98,100,1
0.131781,3500,223852,63
0.070395,87,95,1
0.215759,87,92,1
0.357962,3500,55225,15
0.237798,89,99,1
0.386728,104,534,5
0.10099,176,416,2
0.269466,88,885,10
0.370334,170,560,3
0.328307,107,220,2
0.34825,417,11045,26
0.397521,296,2897,9
0.398174,665,44723,67
0.223591,3500,183425,52
0.208912,3500,153375,43
0.266724,3500,161994,46
0.191193,3500,167036,47
0.069115,150,417,2
0.071747,366,24602,67
0.256639,3500,82429,23
0.230763,1210,49958,41
0.093828,110,3772,34
0.170855,1720,54202,31
0.326268,93,191,2
0.315672,3500,54859,15
0.197071,140,175,1
0.076468,261,10692,40
0.205408,249,761,3
0.316233,310,5368,17
0.159083,3500,72062,20
0.150203,3500,135471,38
0.138117,92,169,1
0.082578,655,18286,27
0.157997,3500,90088,25
0.397754,88,136,1
0.14195,3500,106686,30
0.212448,106,112,1
0.190986,524,24745,47
0.339482,3500,62562,17
0.198567,3500,185455,52
0.078757,85,162,1
0.207022,3500,211399,60
0.054734,35,54,1
0.283065,982,27580,28
0.27165,3500,74572,21
0.398512,3500,125115,35
0.381389,1266,39464,31
0.397139,200,1086,5
0.185743,3500,68068,19
0.255199,3500,106161,30
0.107464,138,142,1
0.108775,140,1367,9
0.21416,81,101,1
0.320144,222,1934,8
0.052441,274,5293,19
0.087175,843,48376,57
0.199994,3500,93809,26
0.320679,121,203,1
0.261863,340,7213,21
0.358534,67,138,2
0.2649,3500,64089,18
0.276083,1301,60831,46
0.387606,82,98,1
0.23418,944,8166,8
0.175808,3500,204511,58
0.209112,3500,267582,76
0.192588,1701,95556,56
0.327562,1207,61356,50
0.363825,150,1950,13
0.283877,93,476,5
0.382664,401,21726,54
0.183451,3500,164867,47
0.344197,425,4023,9
0.119441,801,62977,78
0.218459,166,344,2
0.247694,97,101,1
0.062781,151,2598,17
0.121204,3500,163280,46
0.278469,61,75,1
0.220658,114,195,1
0.329607,107,111,1
0.20303,747,54424,72
0.328224,3500,132356,37
0.298105,46,65,1
0.129711,100,108,1
0.242067,3500,107860,30
0.206584,3500,206116,58
0.057602,145,539,3
0.143458,101,2451,24
0.247964,44,53,1
0.24217,3500,184996,52
0.108232,3500,137663,39
0.298822,1915,167085,87
0.084015,1640,55805,34
0.061748,1496,65795,43
0.145555,74,79,1
0.230266,601,22183,36
0.292827,3500,205464,58
0.264862,93,137,1
0.196403,139,435,3
0.393223,62,600,9
0.351989,3500,152731,43
0.151251,45,67,1
0.219444,501,6399,12
0.063596,1509,56547,37
0.170004,3500,148891,42
0.216849,81,90,1
0.202532,3500,203737,58
0.276006,3500,127173,36
0.335238,73,137,1
0.213227,91,110,1
0.137181,3500,123091,35
0.267468,86,90,1
0.189564,501,7320,14
0.125022,3500,155999,44
0.22601,3500,268081,76
0.205398,3500,162434,46
0.256515,3500,259933,74
0.300863,3500,83709,23
0.065587,62,66,1
0.136724,68,79,1
0.198157,3500,58730,16
0.128163,245,1925,7
0.340947,1230,29775,24
0.371344,164,2194,13
0.258306,160,191,1
0.297589,301,4809,15
0.212584,3500,161254,46
0.275426,118,295,2
0.084742,281,13807,49
0.298163,1450,78933,54
0.346871,3500,166067,47
0.269422,1200,23921,19
0.311635,201,6733,33
0.339482,199,386,1
0.256416,101,1435,14
0.251962,48,56,1
0.127302,937,62174,66
0.191686,3500,141667,40
0.341887,123,191,1
0.30202,130,1467,11
0.157251,3500,228448,65
0.198802,407,1268,3
0.306308,1,2,2
0.390263,144,387,2
0.158941,3500,97350,27
0.309303,94,173,1
0.142539,465,42481,91
0.247627,3500,252527,72
0.228352,83,146,1
0.374998,3500,165373,47
0.20292,3500,177028,50
0.340039,102,203,1
0.165278,155,718,4
0.277623,1907,42693,22
0.21403,2001,84775,42
0.325058,94,104,1
0.329604,82,1577,19
0.375076,147,162,1
0.311264,1344,37919,28
0.121519,62,136,2
0.138143,103,322,3
0.383903,64,832,13
0.204443,93,169,1
0.277616,97,2124,21
0.089536,3500,135580,38
0.197422,3500,188807,53
0.38701,73,144,1
0.190186,1457,126288,86
0.324243,491,13076,26
0.235028,3500,202263,57
0.282182,87,98,1
0.283762,3500,155161,44
0.186493,3500,174305,49
0.162581,90,98,1
0.219691,3500,225922,64
0.106707,98,144,1
0.180534,3500,178835,51
0.172318,1219,66785,54
0.378839,138,3991,28
0.325804,126,143,1
0.122094,259,3945,15
0.138433,84,275,3
0.24704,443,2089,4
0.373529,174,305,1
0.124201,3500,68258,19
0.310331,276,1109,4
0.204614,192,1785,9
0.076472,85,101,1
0.288035,3500,70444,20
0.08866,3500,122906,35
0.080008,105,106,1
0.113371,761,43661,57
0.284722,3500,198209,56
0.337041,60,62,1
0.064937,101,1836,18
0.223639,1101,59367,53
0.112744,1,2,2
0.238285,3500,124138,35
0.211845,3500,67998,19
0.1909,1801,110785,61
0.277374,93,96,1
0.076403,134,303,2
0.361108,63,664,10
0.112431,74,87,1
0.325363,70,516,7
0.17568,3500,90214,25
0.107188,53,59,1
0.297576,3500,106627,30
0.170568,3500,190433,54
0.229433,3500,217042,62
0.312453,77,146,1
0.27788,64,121,1
0.345948,101,1352,13
0.138383,128,147,1
0.215202,168,1497,8
0.3281,3500,122961,35
0.264711,1551,40243,25
0.066058,591,5463,9
0.119178,3500,79457,22
0.170615,3500,131267,37
0.195343,3500,82386,23
0.292049,1101,40310,36
0.111656,1,2,2
0.07264,1801,159457,88
0.150683,881,11810,13
0.082414,3500,215935,61
0.209586,3500,165884,47
0.261151,147,246,1
0.113687,738,48447,65
0.208273,3500,253692,72
0.119831,72,96,1
0.226005,3500,133986,38
0.066421,1317,89477,67
0.184975,107,111,1
0.298503,3500,85005,24
0.069265,1111,59214,53
0.157464,64,626,9
0.18759,134,264,1
0.075489,183,3863,21
0.065365,1242,34803,28
0.207896,152,1809,11
0.202198,3500,178074,50
0.116801,57,58,1
0.112052,99,3534,35
0.178234,109,137,1
0.296297,199,2738,13
0.279448,1249,54191,43
0.309868,151,1356,8
0.217179,3500,164527,47
0.344869,98,213,2
0.161608,3500,212106,60
0.060967,86,96,1
0.292838,1654,49410,29
0.131386,630,32636,51
0.188051,3500,179549,51
0.356598,87,90,1
0.256373,299,6571,21
0.183054,3500,205890,58
0.32526,95,97,1
0.07809,81,1266,15
0.200943,3500,227498,64
0.300939,3500,201187,57
0.266728,99,249,2
0.272444,199,378,1
0.180212,3500,98791,28
0.363191,1054,28890,27
0.225019,3500,44626,12
0.273383,79,94,1
0.075426,109,114,1
0.253531,3500,207006,59
0.34029,1101,24293,22
0.221802,1,2,2
0.280106,94,246,2
0.260823,337,2115,6
0.1707,3500,179248,51
0.209914,140,280,2
0.332285,3500,181865,51
0.072616,1043,38357,36
0.236333,3500,97501,27
0.268708,139,299,2
0.161929,3500,198862,56
0.062593,87,113,1
0.13343,199,436,2
0.073178,199,236,1
0.192275,458,12377,27
0.231961,3500,236030,67
0.34828,78,97,1
0.166854,209,476,2
0.0802,3500,136453,38
0.246897,3500,153682,43
0.221857,3500,205238,58
0.308461,3500,59070,16
0.38048,86,145,1
0.134348,61,578,9
0.110675,90,133,1
0.397805,1110,83366,75
0.305041,64,415,6
0.338922,196,393,2
0.381828,102,155,1
0.268181,3500,56179,16
0.061986,549,12357,22
0.08879,801,58165,72
0.293317,3500,138839,39
0.24117,87,95,1
0.137803,3500,58550,16
0.377992,3500,158112,45
0.089523,1554,46819,30
0.210746,3500,130928,37
0.188296,3500,100995,28
0.098262,149,613,4
0.20356,346,11430,33
0.148559,82,137,1
0.102449,3500,212575,60
0.254115,62,155,2
0.24207,435,8227,18
0.226776,901,24752,27
0.181294,3500,201856,57
0.160922,3500,114232,32
0.06641,332,614,1
0.221657,3500,97906,27
0.214571,80,101,1
0.313116,90,858,9
0.398279,199,1126,5
0.176108,3500,74698,21
0.211116,3500,95562,27
0.100067,151,243,1
0.166063,354,13957,39
0.212693,3500,111513,31
0.391913,53,67,1
0.387697,3500,123505,35
0.316002,168,332,1
0.306652,3500,59037,16
0.231123,140,227,1
0.213623,395,3125,7
0.188324,283,2944,10
0.159659,117,130,1
0.224097,3500,82848,23
0.339544,1194,66648,55
0.253054,115,710,6
0.172894,129,154,1
0.223909,3500,152066,43
0.219781,129,148,1
0.386878,74,956,12
0.223669,3500,227792,65
0.334464,127,158,1
0.301372,79,1175,14
0.086111,199,833,4
0.128032,195,3115,15
0.29276,3500,181459,51
0.295406,125,294,2
0.056566,123,2537,20
0.183904,3500,228601,65
0.206317,250,485,1
0.276368,535,9315,17
0.054116,3500,103187,29
0.102679,85,104,1
0.330565,147,2876,19
0.366577,113,159,1
0.234096,3500,117267,33
0.381697,1427,67617,47
0.079518,373,8131,21
0.053592,92,95,1
0.330681,767,5155,6
0.171178,97,98,1
0.16695,943,15755,16
0.111669,3500,170290,48
0.171809,3500,158205,45
0.186914,1095,21630,19
0.152925,999,13291,13
0.196104,3500,68350,19
0.18209,3500,66317,18
0.262958,79,496,6
0.147363,3500,85354,24
0.136208,3500,226567,64
0.168987,3500,126362,36
0.087481,3500,111338,31
0.255283,305,527,1
0.364853,155,166,1
0.358112,65,97,1
0.188721,65,678,10
0.259965,3500,263704,75
0.285652,99,208,2
0.063029,205,4580,22
0.267212,3500,56145,16
0.256845,3500,124108,35
0.157196,3500,221172,63
0.380206,98,159,1
0.281157,41,48,1
0.166737,77,100,1
0.359133,301,1988,6
0.21988,3500,161747,46
0.133183,103,127,1
0.357682,152,154,1
0.347837,44,61,1
0.191134,301,6522,21
0.214576,1598,51443,32
0.119333,601,36660,60
0.163503,3500,65512,18
0.29255,98,100,1
0.181556,3500,148635,42
0.153361,97,111,1
0.159649,701,23340,33
0.222103,3500,163072,46
0.092254,86,183,2
0.370803,244,3132,12
0.367282,127,146,1
0.303236,3500,92140,26
0.217398,3500,239772,68
0.203316,1056,20139,19
0.255475,46,51,1
0.164407,1632,29765,18
0.060926,101,103,1
0.257235,292,10945,37
0.195374,3500,113055,32
0.143513,153,435,2
0.083659,134,191,1
0.189024,566,15222,26
0.05662,1840,58338,31
0.16139,758,8909,11
0.20272,3500,128093,36
0.282944,54,61,1
0.091963,797,17085,21
0.228062,94,96,1
0.274116,1474,52524,35
0.056413,473,15505,32
0.243369,150,157,1
0.065296,941,56560,60
0.150305,3500,115102,32
0.137815,1593,111236,69
0.119671,499,17794,35
0.274979,74,196,2
0.155098,1401,76389,54
0.096746,99,1693,17
0.374993,98,209,2
0.399967,120,1395,11
0.053101,1228,43395,35
0.355723,143,1987,13
0.188025,458,3221,7
0.107004,245,377,1
0.248335,3500,211625,60
0.250986,3500,186377,53
0.098622,104,297,2
0.113795,3500,121396,34
0.177451,3500,161919,46
0.102062,84,101,1
0.109443,148,158,1
0.12681,3500,183174,52
0.184687,1107,88138,79
0.218823,60,462,7
0.310887,3500,150718,43
0.113063,46,68,1
0.110487,91,143,1
0.06693,559,32586,58
0.217723,110,111,1
0.32461,3500,106308,30
0.21055,65,68,1
0.175678,922,50306,54
0.142971,3500,162719,46
0.171771,1059,28489,26
0.198191,3500,191900,54
0.123367,143,166,1
0.245166,701,20111,28
0.242616,3500,127243,36
0.091766,192,232,1
0.1081,584,22451,38
0.065081,199,1121,5
0.291099,1050,41929,39
0.257609,3500,81863,23
0.169907,199,3375,16
0.053002,99,2768,27
0.182836,3500,216879,61
0.142918,3500,63905,18
0.154579,3500,73840,21
0.05732,3500,107807,30
0.264362,3500,102501,29
0.239037,3500,99779,28
0.076853,87,100,1
0.071431,80,125,1
0.257199,67,178,2
0.151055,127,187,1
0.335879,65,544,8
0.156642,1647,196519,119
0.180702,3500,129332,36
0.375713,87,138,1
0.073355,3500,101749,29
0.234674,144,265,1
0.148886,1101,65332,59
0.092288,1,2,2
0.248968,3500,63437,18
0.338902,80,91,1
0.07151,801,17274,21
0.249281,3500,110506,31
0.222344,205,750,3
0.215023,258,4253,16
0.362603,3500,238018,68
0.184874,3500,111966,31
0.182182,3500,126987,36
0.121329,1085,48452,44
0.145171,3500,218756,62
0.309958,3500,82863,23
0.160043,3500,153463,43
0.317107,3500,201333,57
0.179778,3500,93815,26
0.237218,199,408,2
0.119006,101,1380,13
0.154204,3500,114626,32
0.251625,3500,106259,30
0.336707,67,95,1
0.184412,1401,91269,65
0.226605,435,11229,25
0.283178,1532,77758,50
0.168383,285,408,1
0.361257,54,69,1
0.338871,3500,83537,23
0.167145,3500,243305,69
0.12093,90,99,1
0.244823,3500,105938,30
0.219374,184,414,2
0.18505,79,82,1
0.066124,3500,75486,21
0.199604,3500,78566,22
0.292772,81,86,1
0.326742,3500,177480,50
0.323911,3500,133986,38
0.381115,93,257,2
0.19747,139,3388,24
0.184722,99,114,1
0.22893,212,808,3
0.336657,49,91,1
0.364147,1201,51615,42
0.221529,101,1241,12
0.10354,118,201,1
0.095987,78,89,1
0.220599,3500,47057,13
0.295311,197,739,3
0.184438,519,10082,19
0.052684,1604,68678,42
0.143279,998,29540,29
0.242757,3500,66077,18
0.183128,116,159,1
0.385696,107,1014,9
0.228454,3500,76675,21
0.276101,96,101,1
0.151162,246,5454,22
0.12382,3500,91885,26
0.312217,108,151,1
0.098275,59,101,1
0.144954,3500,121068,34
0.213847,3500,122192,34
0.175876,293,1087,3
0.139906,387,4225,10
0.151549,90,96,1
0.379342,540,4010,7
0.1859,112,160,1
0.202286,3500,87099,24
0.084661,155,928,5
0.250349,1165,27248,23
0.178694,65,545,8
0.258915,3500,83801,23
0.20352,82,146,1
0.129328,65,635,9
0.068812,164,748,4
0.323013,3500,91952,26
0.368622,87,108,1
0.244644,88,1137,12
0.147336,3500,160155,45
0.325082,1840,109973,59
0.294389,846,21158,25
0.19384,149,1084,7
0.26672,378,3705,9
0.190037,540,18014,33
0.353568,1540,43341,28
0.145637,3500,140390,40
0.108648,1140,77264,67
0.081796,40,769,19
0.070597,297,955,3
0.085972,3500,180040,51
0.193231,3500,102664,29
0.227584,3500,106060,30
0.397614,260,1974,7
0.167891,50,545,10
0.259659,199,409,2
0.057605,140,5877,41
0.092691,3500,189031,54
0.164406,129,167,1
0.228052,3500,154491,44
0.146255,88,94,1
0.397405,86,87,1
0.128896,1216,24224,19
0.318811,135,762,5
0.307472,91,211,2
0.299978,82,99,1
0.269961,254,4214,16
0.165626,3500,181907,51
0.126017,85,88,1
0.120469,3500,65520,18
0.139988,144,162,1
0.094895,619,30499,49
0.1963,3500,229781,65
0.076335,101,117,1
0.158955,3500,88882,25
0.393641,1606,54192,33
0.184384,1464,45751,31
0.317845,901,35433,39
0.069604,3500,86539,24
0.30959,95,99,1
0.308558,301,5884,19
0.090989,199,639,3
0.274637,181,206,1
0.134669,87,551,6
0.294387,1098,8374,7
0.174756,3500,146104,41
0.361995,1703,65054,38
0.143745,169,405,2
0.385046,1401,118154,84
0.105168,357,11076,31
0.37191,3500,175299,50
0.291113,199,920,4
0.191806,101,1516,15
0.218212,3500,205579,58
0.386966,3500,81839,23
0.1799,77,85,1
0.282791,105,1567,14
0.162013,1460,60474,41
0.110014,717,12994,18
0.147749,1770,45112,25
0.26382,3500,63902,18
0.263391,199,590,2
0.286887,3500,125191,35
0.303366,146,423,2
0.200142,564,6431,11
0.353538,3500,149086,42
0.103829,127,700,5
0.376445,292,3123,10
0.197976,3500,183400,52
0.158874,3500,221536,63
0.177368,3500,235317,67
0.160344,184,281,1
0.227658,94,402,4
0.16756,3500,147204,42
0.206246,58,73,1
0.133504,3500,60542,17
0.130583,3500,152521,43
0.281885,3500,257201,73
0.215207,99,157,1
0.212875,3500,138546,39
0.193789,3500,195424,55
0.335559,88,395,4
0.31258,98,143,1
0.290453,61,606,9
0.210379,180,1154,6
0.358411,3500,140037,40
0.290529,140,324,2
0.340222,146,3275,22
0.395579,94,95,1
0.186594,3500,105660,30
0.276995,3500,197324,56
0.129277,1301,109212,83
0.37075,202,2102,10
0.256751,3500,129041,36
0.07088,151,229,1
0.192814,88,132,1
0.226729,167,1562,9
0.133977,141,246,1
0.382164,179,350,1
0.189464,210,1858,8
0.385489,120,205,1
0.123287,62,92,1
0.059772,353,25743,72
0.219049,3500,66941,19
0.180009,94,103,1
0.099482,224,3228,14
0.283495,2081,101338,48
0.226316,3500,63634,18
0.241455,3500,63484,18
0.210373,3500,171839,49
0.211079,333,2023,6
0.088411,919,60657,66
0.166412,3500,132538,37
0.380357,86,135,1
0.112034,796,60668,76
0.223957,3500,128852,36
0.303125,261,2955,11
0.221114,260,1599,6
0.330683,3500,86200,24
0.219365,3500,73052,20
0.184194,3500,187929,53
0.10822,3500,134217,38
0.262888,3500,171355,48
0.135799,101,148,1
0.319723,3500,80639,23
0.120099,1946,90038,46
0.073726,3500,78632,22
0.25939,73,96,1
0.251069,309,2017,6
0.198881,3500,68184,19
0.388999,40,50,1
0.267507,399,3152,7
0.303334,3500,113577,32
0.141979,3500,190251,54
0.168736,3500,110111,31
0.17465,3500,137340,39
0.163258,144,355,2
0.333273,104,113,1
0.208226,3500,56778,16
0.215537,69,100,1
0.19233,1801,31910,17
0.169653,901,30472,33
0.227943,3500,190462,54
0.077712,3500,65930,18
0.104033,3500,117758,33
0.36953,3500,112122,32
0.077566,3500,89359,25
0.292755,3500,298042,85
0.164212,3500,84054,24
0.091828,1457,46649,32
0.107434,501,13208,26
0.309403,3500,98261,28
0.344129,79,86,1
0.225388,3500,62011,17
0.096646,97,102,1
0.375211,315,4701,14
0.267337,341,1478,4
0.199192,314,2368,7
0.215587,3500,134469,38
0.238726,147,173,1
0.319875,363,11238,30
0.245418,98,165,1
0.07977,768,48219,62
0.135029,3500,252817,72
0.311718,97,145,1
0.189295,47,53,1
0.064263,342,3092,9
0.326512,3500,124481,35
0.189806,3500,170868,48
0.210261,3500,190570,54
0.30081,3500,234837,67
0.257238,3500,140331,40
0.243066,3500,228257,65
0.212775,1142,44557,39
0.134391,42,912,21
0.255096,89,99,1
0.08902,525,37349,71
0.223952,3500,188989,53
0.068646,342,4878,14
0.085534,514,24951,48
0.316159,3500,109511,31
0.189255,98,105,1
0.217498,64,586,9
0.13513,3500,66478,18
0.398639,97,151,1
0.261262,63,627,9
0.24961,108,162,1
0.08354,174,1217,6
0.092167,142,4378,30
0.216018,96,100,1
0.250151,104,105,1
0.206268,3500,229198,65
0.119153,3500,62076,17
0.052803,1242,47834,38
0.309862,142,2160,15
0.151263,87,97,1
0.304107,642,25569,39
0.349443,58,184,3
0.080744,1308,26818,20
0.380643,222,1908,8
0.380941,122,153,1
0.351236,789,75092,95
0.166469,3500,218291,62
0.321132,1101,18578,16
0.172324,1,2,2
0.154957,27,29,1
0.309356,90,150,1
0.326661,91,100,1
0.225536,501,15749,31
0.105061,89,91,1
0.22716,150,267,1
0.294677,3500,126800,36
0.232862,1210,31074,25
0.374068,201,3745,18
0.11911,3500,85284,24
0.202769,211,290,1
0.355581,184,920,5
0.18694,109,111,1
0.260649,3500,36767,10
0.260255,3500,193892,55
0.058582,150,242,1
0.325607,541,17007,31
0.355113,3500,167339,47
0.090042,199,364,1
0.264229,455,4492,9
0.389434,73,82,1
0.32556,103,323,3
0.212651,55,1186,21
0.158376,3500,143165,40
0.3276,3500,56038,16
0.203323,3500,202205,57
0.146634,1351,84643,62
0.186617,255,2157,8
0.177349,3500,156865,44
0.233244,95,145,1
0.269297,655,4712,7
0.279845,199,2578,12
0.277606,947,21267,22
0.151554,3500,203315,58
0.333187,91,93,1
0.283917,3500,103207,29
0.334471,3500,93843,26
0.129911,181,206,1
0.053572,1181,78459,66
0.180874,86,636,7
0.289741,1207,30085,24
0.110479,95,97,1
0.383963,299,4213,14
0.080621,82,89,1
0.051407,571,12533,21
0.210346,3500,175425,50
0.098244,1899,146170,76
0.114653,3500,245120,70
0.06574,81,242,2
0.190574,3500,132364,37
0.288264,3500,97940,27
0.178933,3500,180845,51
0.303038,3500,111092,31
0.24136,156,977,6
0.266957,521,6393,12
0.177578,3500,107411,30
0.181536,3500,67570,19
0.231179,3500,194678,55
0.315617,1127,60020,53
0.099451,62,705,11
0.260605,82,147,1
0.173822,417,22268,53
0.092232,142,248,1
0.161293,3500,190731,54
0.079569,145,160,1
0.392604,248,3719,14
0.351113,263,1034,3
0.356844,87,91,1
0.088155,737,12190,16
0.316909,291,1041,3
0.204091,799,17030,21
0.126549,3500,87377,24
0.272432,1544,74358,48
0.088185,503,24736,49
0.189331,3500,193240,55
0.155282,1336,41959,31
0.261686,244,4671,19
0.349494,3500,145977,41
0.121082,1499,55966,37
0.284818,513,9203,17
0.112209,3500,141121,40
0.062664,160,238,1
0.256197,599,8598,14
0.082365,92,95,1
0.367678,198,230,1
0.065448,407,15578,38
0.057065,3500,76633,21
0.139644,1489,86569,58
0.116697,632,20202,31
0.34666,3500,121848,34
0.104126,199,491,2
0.119644,1459,94871,65
0.271293,557,9668,17
0.340236,85,96,1
0.092676,3500,149499,42
0.050677,146,1368,9
0.28924,3500,107399,30
0.176725,1045,38919,37
0.297409,3500,166397,47
0.168715,3500,95762,27
0.288869,1521,32852,21
0.108193,453,17708,39
0.272839,55,74,1
0.106406,105,265,2
0.052228,439,1722,3
0.144114,3500,164451,46
0.387684,88,91,1
0.318909,3500,150759,43
0.071626,96,158,1
0.144675,203,3045,15
0.11553,3500,126415,36
0.218712,121,133,1
0.212836,236,4310,18
0.164773,84,256,3
0.071,185,729,3
0.293632,3500,228914,65
0.248252,3500,225147,64
0.294091,3500,67426,19
0.376275,1179,26972,22
0.170136,82,1375,16
0.279052,93,190,2
0.391966,201,5806,28
0.281676,3500,143511,41
0.289623,81,110,1
0.315634,568,16782,29
0.277082,2065,50764,24
0.124326,98,100,1
0.377072,257,13675,53
0.142798,93,107,1
0.276883,3500,167150,47
0.247625,3500,112212,32
0.328296,3500,62196,17
0.222678,172,436,2
0.054158,797,30557,38
0.125374,3500,38818,11
0.091407,97,106,1
0.164749,616,20895,33
0.243368,3500,108883,31
0.099057,1345,48267,35
0.3074,301,6291,20
0.32332,60,85,1
0.330717,3500,207211,59
0.126607,3500,202208,57
0.295233,1213,62164,51
0.2967,124,1086,8
0.171402,3500,118534,33
0.239826,3500,238503,68
0.057217,1101,54249,49
0.337607,1,2,2
0.172685,106,128,1
0.302202,3500,165465,47
0.176054,3500,107513,30
0.117068,3500,287829,82
0.382054,79,171,2
0.259542,3500,215210,61
0.233013,3500,208788,59
0.378609,1055,35573,33
0.240798,203,924,4
0.217329,106,216,2
0.076438,756,72138,95
0.173942,3500,194885,55
0.336494,1701,91371,53
0.142515,3500,315139,90
0.135424,86,189,2
0.143282,399,2038,5
0.051642,752,13303,17
0.372897,3500,47202,13
0.248522,3500,138170,39
0.266811,3500,173741,49
0.161625,3500,133431,38
0.325361,68,105,1
0.084786,47,1082,23
0.267441,3500,114002,32
0.05689,1104,72978,66
0.134937,47,952,20
0.313578,84,136,1
0.384489,592,21948,37
0.134341,153,451,2
0.121967,498,13121,26
0.367771,3500,68984,19
0.282941,192,216,1
0.3566,118,281,2
0.299701,3500,86266,24
0.173164,1250,40656,32
0.219473,301,4642,15
0.206009,1640,61358,37
0.116096,881,27534,31
0.391922,155,170,1
0.225697,87,93,1
0.224567,114,188,1
0.183486,1398,65931,47
0.236296,340,2011,5
0.336361,148,551,3
0.07769,92,109,1
0.256673,83,89,1
0.229566,3500,132244,37
0.265176,624,14107,22
0.050809,80,90,1
0.270973,1340,43825,32
0.391164,240,1550,6
0.208182,3500,206192,58
0.23853,1140,35741,31
0.204002,40,805,20
0.07075,199,321,1
0.26155,63,1254,19
0.214486,1097,23596,21
0.133883,3500,65713,18
0.181407,3500,83187,23
0.139445,126,170,1
0.210531,815,11393,13
0.06072,186,320,1
0.186462,3500,136608,39
0.368262,1213,28490,23
0.260749,114,1054,9
0.245384,105,112,1
0.123566,330,17540,53
0.147131,3500,148108,42
0.293806,1782,84794,47
0.252054,963,34729,36
0.111294,3500,86191,24
0.306728,90,94,1
0.348602,331,5916,17
0.062311,3500,140181,40
0.293416,3500,171960,49
0.333507,150,305,2
0.311778,94,266,2
0.270978,102,225,2
0.281631,83,90,1
0.098854,183,2441,13
0.08176,65,96,1
0.399207,90,102,1
0.174365,101,199,1
0.095517,501,28089,56
0.202812,3500,57276,16
0.157701,124,297,2
0.097511,135,147,1
0.34263,129,185,1
0.310123,233,2198,9
0.206354,3500,156526,44
0.102612,64,80,1
0.373299,150,2413,16
0.183243,3500,190155,54
0.380167,3500,170296,48
0.353305,86,144,1
0.205144,1,2,2
0.181809,3500,109451,31
0.254842,114,142,1
0.309115,401,18271,45
0.284189,1293,28559,22
0.082933,198,616,3
0.348285,282,3697,13
0.380625,82,106,1
0.391828,196,1139,5
0.120351,157,193,1
0.298387,3500,131489,37
0.217806,3500,173610,49
0.363303,99,107,1
0.216064,60,587,9
0.35506,142,182,1
0.12256,86,178,2
0.206431,191,3540,18
0.340621,1423,53970,37
0.138052,349,9574,27
0.22251,1601,48574,30
0.16721,256,874,3
0.264929,3500,118185,33
0.12943,3500,108699,31
0.246855,3500,65081,18
0.2615,1039,18764,18
0.329256,3500,60013,17
0.359108,1216,49668,40
0.292912,116,1552,13
0.273009,3500,127527,36
0.143283,90,111,1
0.23845,3500,133244,38
0.263825,1148,48768,42
0.312851,62,636,10
0.172463,3500,239501,68
0.166804,1053,81216,77
0.207912,3500,151876,43
0.395395,205,639,3
0.110206,648,25739,39
0.246078,3500,77827,22
0.21445,130,237,1
0.37109,41,53,1
0.302123,3500,174633,49
0.161066,72,102,1
0.077962,138,431,3
0.264688,64,774,12
0.251631,3500,97145,27
0.220542,3500,260692,74
0.310666,101,104,1
0.220171,700,10053,14
0.200448,3500,61666,17
0.187065,3500,147406,42
0.21252,58,62,1
0.29711,3500,254246,72
0.17537,398,8439,21
0.096221,3500,91201,26
0.070771,3500,72695,20
0.21234,229,263,1
0.179036,3500,216945,61
0.366259,1314,53260,40
0.200971,230,3936,17
0.202581,3500,166263,47
0.089733,89,104,1
0.361592,98,159,1
0.220841,74,93,1
0.340891,100,165,1
0.059933,953,40850,42
0.059717,304,5514,18
0.101485,1840,174129,94
0.25482,99,111,1
0.393875,204,1752,8
0.180141,3500,112626,32
0.097063,3500,135620,38
0.33797,127,150,1
0.091562,199,3622,18
0.167592,3500,116077,33
0.111815,1042,68421,65
0.181005,3500,177611,50
0.194811,3500,199926,57
0.326568,3500,159768,45
0.195592,3500,156469,44
0.24565,3500,180652,51
0.13197,102,438,4
0.068006,745,54626,73
0.279595,110,248,2
0.097958,132,263,1
0.129992,85,90,1
0.297244,853,10270,12
0.129776,3500,229244,65
0.224227,146,985,6
0.131534,62,154,2
0.241817,78,95,1
0.281508,350,7947,22
0.186569,220,540,2
0.333979,401,8913,22
0.14661,3500,235867,67
0.203063,3500,90269,25
0.066816,144,224,1
0.165506,61,432,7
0.065426,3500,79416,22
0.348559,66,97,1
0.149502,65,642,9
0.249411,236,1252,5
0.088806,3500,136118,38
0.222966,3500,61940,17
0.30547,105,111,1
0.267958,3500,231112,66
0.075619,1156,67899,58
0.304253,60,61,1
0.160907,88,142,1
0.242832,3500,182232,52
0.333022,1901,91789,48
0.285164,3500,246816,70
0.17537,3500,224331,64
0.217328,97,99,1
0.071157,701,35423,50
0.223791,3500,184570,52
0.086531,3500,96195,27
0.205271,309,4770,15
0.293356,3500,170752,48
0.225482,3500,222827,63
0.110236,154,750,4
0.247443,3500,36691,10
0.08518,1101,35707,32
0.180059,1,2,2
0.319315,3500,74804,21
0.172727,144,288,2
0.277501,1058,44473,42
0.202504,3500,84700,24
0.327432,3500,172984,49
0.297502,53,61,1
0.312063,3500,144966,41
0.079747,3500,103177,29
0.192361,98,100,1
0.160003,63,578,9
0.293029,3500,169401,48
0.260742,99,272,2
0.097326,3500,201955,57
0.382088,93,97,1
0.052828,110,3783,34
0.200069,3500,153648,43
0.269761,126,449,3
0.295455,195,410,2
0.058687,101,2787,27
0.069577,73,141,1
0.055759,111,137,1
0.173184,179,2287,12
0.182538,799,28812,36
0.199684,1835,52406,28
0.299378,123,138,1
0.313936,184,464,2
0.121527,1296,30727,23
0.278907,212,1788,8
0.353042,79,94,1
0.176517,535,22044,41
0.280758,87,95,1
0.244718,276,881,3
0.131637,3500,200867,57
0.266718,90,147,1
0.29039,3500,75543,21
0.322472,84,156,1
0.3691,79,98,1
0.084259,322,14372,44
0.112744,3500,164437,46
0.172691,124,183,1
0.096278,549,36772,66
0.084158,162,870,5
0.247373,494,15086,30
0.347813,255,808,3
0.090971,728,30790,42
0.261904,3500,141309,40
0.227131,138,146,1
0.354794,110,116,1
0.361705,60,519,8
0.124876,3500,165149,47
0.285801,199,400,2
0.288912,3500,106791,30
0.127256,199,3408,17
0.076944,384,2621,6
0.128075,3500,217537,62
0.180905,1450,44489,30
0.224842,397,10679,26
0.228558,3500,238909,68
0.073191,3500,117268,33
0.286401,3500,116942,33
0.255278,3500,190981,54
0.12583,118,318,2
0.286362,838,21109,25
0.175225,3500,182401,52
0.088038,854,17060,19
0.110244,1103,30451,27
0.219082,64,569,8
0.173122,82,271,3
0.203764,199,1152,5
0.0589,1011,32551,32
0.197424,3500,71772,20
0.212028,1013,18935,18
0.170999,3500,142559,40
0.051048,1255,39506,31
0.355071,418,19954,47
0.130027,199,1272,6
0.366821,55,66,1
0.370432,1,2,2
0.228616,3500,139005,39
0.168169,3500,272089,77
0.195666,3500,141442,40
0.337994,111,151,1
0.133252,3500,193407,55
0.164566,3500,190533,54
0.067841,1001,106106,106
0.207224,3500,231469,66
0.068019,300,496,1
0.122404,3500,90620,25
0.291168,1101,25048,22
0.21913,1,2,2
0.210124,85,94,1
0.241754,3500,228557,65
0.331673,91,97,1
0.240782,397,3579,9
0.231841,3500,225958,64
0.136622,104,156,1
0.387581,90,1009,11
0.186992,1101,17059,15
0.354691,1,2,2
0.250827,3500,133263,38
0.23798,3500,208371,59
0.318155,207,466,2
0.184318,748,22119,29
0.051187,1859,64044,34
0.19408,3500,146167,41
0.069233,3500,151452,43
0.087024,1103,36803,33
0.336024,64,464,7
0.236554,3500,174961,49
0.170391,498,9967,20
0.083441,84,89,1
0.105893,3500,52699,15
0.22904,114,148,1
0.145846,414,4563,11
0.200993,3500,199936,57
0.362656,261,1091,4
0.31461,674,17755,26
0.232311,3500,143600,41
0.252561,3500,111779,31
0.380522,73,186,2
0.29733,3500,120379,34
0.07065,3500,167254,47
0.285074,3500,150917,43
0.1109,88,110,1
0.098678,199,583,2
0.131926,3500,119441,34
0.232993,3500,94861,27
0.265146,3500,103911,29
0.098908,180,780,4
0.38178,301,3565,11
0.119624,86,106,1
0.119701,3500,218666,62
0.172366,72,93,1
0.382563,401,5624,14
0.303884,1660,74216,44
0.316268,1144,12721,11
0.120813,65,690,10
0.248723,3500,143339,40
0.26954,50,56,1
0.274351,3500,91834,26
0.113166,1253,51822,41
0.294047,91,98,1
0.102582,3500,123849,35
0.2872,3500,82429,23
0.124714,3500,168849,48
0.133151,1414,93457,66
0.223635,365,1897,5
0.291973,3500,55658,15
0.166827,244,914,3
0.263581,422,5317,12
0.111447,3500,120331,34
0.31726,153,207,1
0.239033,765,34283,44
0.132036,111,112,1
0.21656,3500,150377,42
0.14887,3500,102552,29
0.17518,3500,266209,76
0.260667,3500,102144,29
0.309932,325,1424,4
0.103044,828,12680,15
0.208124,3500,46594,13
0.244703,3500,150935,43
0.153306,3500,256042,73
0.109796,1589,20215,12
0.063197,965,28889,29
0.089605,148,482,3
0.377281,93,148,1
0.082746,3500,41761,11
0.170371,3500,163917,46
0.147858,142,173,1
0.36726,85,201,2
0.382712,128,182,1
0.254122,880,15169,17
0.147143,3500,145092,41
0.125813,121,127,1
0.240604,301,4102,13
0.344133,254,1518,5
0.295331,204,789,3
0.250321,3500,80608,23
0.215424,3500,105316,30
0.247135,171,360,2
0.16444,86,106,1
0.349631,201,3298,16
0.389467,3500,97909,27
0.222589,3500,120493,34
0.356892,3500,163625,46
0.297891,3500,152252,43
0.121926,3500,200548,57
0.092185,82,98,1
0.246017,76,249,3
0.172336,3500,188974,53
0.063508,91,194,2
0.374447,125,2225,17
0.261563,97,160,1
0.344094,63,424,6
0.141005,3500,90561,25
0.35927,105,203,1
0.103921,3500,102972,29
0.213508,1043,48785,46
0.235795,86,100,1
0.316816,342,3709,10
0.149654,3500,131262,37
0.06558,39,44,1
0.264328,3500,95676,27
0.215262,3500,172792,49
0.255973,3500,77179,22
0.260496,356,2242,6
0.350464,472,21205,44
0.235539,89,108,1
0.089155,439,8848,20
0.141376,3500,145729,41
0.104343,44,50,1
0.272998,344,3038,8
0.284247,3500,78506,22
0.177464,99,103,1
0.247993,539,16360,30
0.240708,3500,190860,54
0.115818,109,110,1
0.149112,687,24576,35
0.179381,3500,196126,56
0.284259,3500,95577,27
0.091076,230,296,1
0.160683,111,112,1
0.096716,935,52651,56
0.230104,3500,119745,34
0.196339,241,918,3
0.106657,494,26019,52
0.359979,74,253,3
0.113346,3500,157875,45
0.059798,3500,196019,56
0.294824,1314,84214,64
0.213205,301,1994,6
0.193725,3500,179098,51
0.122934,3500,139091,39
0.09973,3500,144344,41
0.386591,399,6207,15
0.107052,3500,154165,44
0.256255,241,1015,4
0.156105,3500,162283,46
0.257813,1140,22620,19
0.140703,47,90,1
0.087464,124,589,4
0.245054,316,4565,14
0.122893,3500,104742,29
0.256508,3500,181222,51
0.1354,94,161,1
0.269248,201,2983,14
0.240502,3500,227577,65
0.179997,95,98,1
0.286368,41,51,1
0.222093,101,1093,10
0.117643,3500,72101,20
0.150574,298,1467,4
0.092264,205,8310,40
0.231537,3500,106879,30
0.272368,3500,157955,45
0.161883,199,256,1
0.376943,1,2,2
0.291278,3500,122637,35
0.164874,3500,188775,53
0.118889,88,127,1
0.216272,288,7389,25
0.289938,3500,121764,34
0.088076,291,21371,73
0.162982,92,171,1
0.393945,1,2,2
0.210106,3500,212292,60
0.22502,3500,224644,64
0.364979,161,335,2
0.134831,57,63,1
0.066951,3500,35686,10
0.359905,1050,44335,42
0.258465,3500,147181,42
0.263334,3500,88959,25
0.144792,3500,100336,28
0.207375,1830,159881,87
0.289018,3500,206503,59
0.250782,3500,163059,46
0.38946,79,241,3
0.057387,79,156,1
0.27769,3500,108865,31
0.074136,1001,102510,102
0.109324,159,192,1
0.065747,199,1884,9
0.342901,1161,49320,42
0.098939,63,538,8
0.194657,1553,62097,39
0.138528,536,20403,38
0.279093,3500,215462,61
0.284289,3500,202061,57
0.376885,121,148,1
0.328328,175,1402,8
0.09784,3500,93980,26
0.290813,1204,39084,32
0.132022,104,1879,18
0.147128,3500,84959,24
0.270303,249,315,1
0.133534,841,25309,30
0.074402,3500,139971,39
0.323083,3500,165339,47
0.242269,3500,96003,27
0.242834,249,963,3
0.332586,165,1447,8
0.151089,3500,75807,21
0.146273,197,221,1
0.234049,946,25620,27
0.274155,3500,219792,62
0.14662,1462,94299,64
0.054567,401,18114,45
0.301419,86,104,1
0.350021,84,90,1
0.236342,704,7098,10
0.125678,3500,124200,35
0.333844,3500,85231,24
0.237311,3500,149994,42
0.392161,153,289,1
0.378006,3500,106109,30
0.168829,1504,35068,23
0.380003,93,143,1
0.246595,246,542,2
0.108441,6,27,4
0.292128,1561,36736,23
0.133433,3500,82951,23
0.38076,192,427,2
0.292613,506,6888,13
0.20486,3500,118958,33
0.293365,3500,78989,22
0.229449,158,165,1
0.313123,64,123,1
0.061493,3500,160989,45
0.212794,1906,59975,31
0.344766,132,192,1
0.146907,199,1872,9
0.2094,3500,106007,30
0.27337,84,98,1
0.13655,209,4343,20
0.171979,1440,31526,21
0.109116,1551,37879,24
0.301412,558,8624,15
0.079446,104,211,2
0.181926,53,139,2
0.12317,3500,210360,60
0.318733,113,145,1
0.312346,57,93,1
0.374645,327,4198,12
0.093929,199,808,4
0.144292,3500,97193,27
0.112103,3500,157199,44
0.202317,199,293,1
0.258001,101,1652,16
0.367208,108,163,1
0.052294,151,6451,42
0.377349,3500,140033,40
0.056954,152,1157,7
0.226901,152,558,3
0.123993,77,1147,14
0.328753,3500,139712,39
0.236458,3500,201754,57
0.170552,1899,58875,31
0.104377,448,2084,4
0.350492,102,159,1
0.07049,750,44778,59
0.271334,3500,169675,48
0.306348,3500,81601,23
0.109948,96,213,2
0.223251,406,3610,8
0.223366,3500,82630,23
0.157823,214,456,2
0.119211,379,13680,36
0.367564,138,329,2
0.232655,298,2727,9
0.329162,376,10935,29
0.118431,435,13500,31
0.104221,578,5098,8
0.165679,3500,204747,58
0.203977,3500,170563,48
0.278158,1430,31518,22
0.306258,386,1258,3
0.188934,3500,179784,51
0.294722,3500,151223,43
0.157434,93,124,1
0.184814,698,28920,41
0.084507,3500,66951,19
0.209564,123,145,1
0.365279,498,7451,14
0.184588,3500,229604,65
0.113827,113,398,3
0.170301,1040,50008,48
0.159735,3500,213029,60
0.15469,1598,42774,26
0.273384,645,27557,42
0.394616,169,716,4
0.149776,647,14430,22
0.169325,3500,200395,57
0.098073,3500,84250,24
0.388413,125,148,1
0.26912,255,5816,22
0.356671,62,92,1
0.288424,158,924,5
0.33861,101,1657,16
0.239921,104,105,1
0.369201,195,2912,14
0.299167,94,98,1
0.078421,559,45916,82
0.22474,3500,174842,49
0.33527,1001,82379,82
0.347907,3500,230517,65
0.28858,43,137,3
0.364799,201,9638,47
0.280135,140,377,2
0.187158,895,73204,81
0.228779,3500,142260,40
0.198489,82,94,1
0.300149,63,670,10
0.232393,3500,78329,22
0.360149,1795,74592,41
0.275564,3500,90794,25
0.21288,3500,175970,50
0.28016,107,129,1
0.18291,3500,187763,53
0.340995,3500,194410,55
0.175135,1201,74333,61
0.374681,101,1502,14
0.304438,93,109,1
0.22682,105,2514,23
0.278336,3500,271533,77
0.29363,88,96,1
0.205328,201,2423,12
0.052424,86,177,2
0.286236,1151,30147,26
0.257747,74,1732,23
0.185662,3500,125572,35
0.242939,82,89,1
0.30474,145,3841,26
0.369248,1849,121279,65
0.266972,65,128,1
0.369606,102,161,1
0.202739,3500,48650,13
0.212569,491,3072,6
0.39351,3500,131146,37
0.196687,3500,131097,37
0.181332,97,335,3
0.189829,3500,136827,39
0.275407,3500,110069,31
0.161987,3500,84035,24
0.340984,141,202,1
0.059706,75,1015,13
0.258921,3500,213097,60
0.395755,2030,148562,73
0.200638,1130,22514,19
0.3696,657,10453,15
0.362905,1206,17568,14
0.308972,108,685,6
0.337236,1152,44028,38
0.320604,66,157,2
0.255309,3500,85464,24
0.363178,147,872,5
0.297343,224,775,3
0.229532,1501,35259,23
0.252709,199,2469,12
0.290663,85,95,1
0.185093,3500,115178,32
0.057222,92,231,2
0.249326,418,2615,6
0.158784,3500,231703,66
0.050444,49,74,1
0.359406,80,152,1
0.143568,91,96,1
0.077205,98,1774,18
0.239054,97,152,1
0.297495,242,3723,15
0.32565,113,148,1
0.250804,401,8617,21
0.205068,3500,193938,55
0.356112,129,151,1
0.319324,240,9150,38
0.179204,3500,161929,46
0.188962,3500,64729,18
0.08464,3500,178765,51
0.152771,3500,178236,50
0.370951,399,4134,10
0.119683,3500,74048,21
0.148013,3500,131592,37
0.147917,3500,185306,52
0.301211,399,2205,5
0.266132,1268,37933,29
0.161032,308,7347,23
0.200853,3500,151626,43
0.227762,142,300,2
0.252325,1969,140801,71
0.077661,3500,76909,21
0.359874,85,89,1
0.150703,89,96,1
0.160244,179,1027,5
0.324265,97,110,1
0.238315,701,8707,12
0.18731,3500,107400,30
0.221325,3500,218814,62
0.255816,3500,95858,27
0.305803,1145,41100,35
0.19537,58,483,8
0.300997,1358,29970,22
0.394136,648,19703,30
0.382367,3500,83334,23
0.285082,1700,34993,20
0.231524,3500,154870,44
0.256934,3500,175910,50
0.387587,71,233,3
0.128874,1401,71308,50
0.378504,301,5222,17
0.22293,104,107,1
0.31224,284,9839,34
0.205728,401,10921,27
0.160188,3500,195305,55
0.325107,3500,56526,16
0.357089,80,90,1
0.267949,1601,57985,36
0.24359,563,14968,26
0.258002,3500,194950,55
0.220768,89,146,1
0.374667,3500,104985,29
0.143061,3500,166311,47
0.125129,1162,22919,19
0.302675,65,590,9
0.270846,3500,177186,50
0.235908,153,1075,7
0.123961,103,115,1
0.21484,3500,193433,55
0.227491,3500,147601,42
0.151053,3500,171812,49
0.372527,90,142,1
0.164177,99,961,9
0.128575,3500,165965,47
0.266481,199,1024,5
0.3363,95,97,1
0.292271,3500,61680,17
0.282665,108,161,1
0.221559,128,305,2
0.379537,190,1775,9
0.257955,84,119,1
0.095797,258,9069,35
0.068089,44,49,1
0.185961,399,9277,23
0.137962,172,258,1
0.25508,97,155,1
0.349662,445,3566,8
0.157519,3500,210981,60
0.289469,3500,82272,23
0.344748,1232,19296,15
0.126925,158,1698,10
0.182277,3500,102917,29
0.280688,3500,212013,60
0.193885,91,94,1
0.276322,887,11961,13
0.211198,3500,157506,45
0.117851,3500,70782,20
0.15719,1150,56830,49
0.305453,64,533,8
0.122618,1069,28249,26
0.210212,3500,52849,15
0.06664,77,204,2
0.110958,3500,201392,57
0.17212,3500,127858,36
0.277529,3500,190427,54
0.334932,193,726,3
0.143119,460,8368,18
0.153328,77,191,2
0.055434,553,28883,52
0.236347,3500,64578,18
0.310216,3500,153296,43
0.331551,1075,61474,57
0.383185,3500,198682,56
0.09494,3500,180843,51
0.383855,3500,222329,63
0.107537,80,110,1
0.203566,102,103,1
0.14484,1601,196568,122
0.17743,501,5795,11
0.215953,216,445,2
0.21722,350,1037,2
0.272011,951,22723,23
0.237594,3500,119229,34
0.315991,3500,109782,31
0.184295,3500,98953,28
0.232043,81,82,1
0.178617,289,4127,14
0.367377,99,107,1
0.093378,3500,146700,41
0.263545,3500,129027,36
0.235921,3500,182349,52
0.11881,268,690,2
0.236813,101,196,1
0.225071,3500,111345,31
0.353759,77,139,1
0.332662,102,103,1
0.075536,60,535,8
0.196981,3500,223049,63
0.164621,3500,203689,58
0.368294,82,88,1
0.382572,148,319,2
0.174661,3500,116849,33
0.071471,1441,68648,47
0.157302,110,213,1
0.109227,650,26004,40
0.060993,98,146,1
0.18464,140,264,1
0.353311,249,2018,8
0.284976,3500,118557,33
0.202245,56,96,1
0.385707,1201,37278,31
0.097056,219,2289,10
0.182344,121,198,1
0.332484,187,2741,14
0.180554,113,125,1
0.125192,3500,101292,28
0.168667,3500,204993,58
0.079363,164,259,1
0.311767,3500,66846,19
0.237096,3500,240297,68
0.192568,128,407,3
0.29241,3500,47729,13
0.140714,3500,195176,55
0.335254,132,162,1
0.344801,449,17257,38
0.217118,147,630,4
0.187886,779,21885,28
0.12586,49,58,1
0.36169,301,3611,11
0.118359,3500,73902,21
0.135451,3500,125696,35
0.262864,3500,203738,58
0.18119,3500,110431,31
0.339017,411,5223,12
0.154288,652,20883,32
0.159692,1856,68653,36
0.220809,199,209,1
0.302311,399,6545,16
0.189961,3500,100792,28
0.140545,1625,122790,75
0.253384,644,19770,30
0.274834,80,87,1
0.254643,158,389,2
0.361974,158,1617,10
0.255297,158,217,1
0.175348,699,17348,24
0.301633,3500,88527,25
0.265733,86,94,1
0.340529,95,256,2
0.218006,706,21272,30
0.361605,82,95,1
0.170845,3500,212365,60
0.119482,87,153,1
0.232657,3500,98143,28
0.268349,3500,124084,35
0.299181,141,156,1
0.208376,1163,54426,46
0.29177,64,329,5
0.224937,170,235,1
0.216367,306,6594,21
0.13602,147,824,5
0.104542,665,46740,70
0.194225,178,360,2
0.237737,74,173,2
0.228432,3500,194614,55
0.393747,199,295,1
0.292568,83,103,1
0.173428,199,4868,24
0.22964,411,4520,10
0.092316,727,67715,93
0.295059,3500,183076,52
0.177283,3500,202985,57
0.216972,3500,201672,57
0.190341,3500,110456,31
0.211025,3500,170039,48
0.204636,199,421,2
0.337393,93,102,1
0.250207,171,198,1
0.240083,3500,198138,56
0.372591,1019,24356,23
0.115741,3500,175128,50
0.170031,148,202,1
0.134591,550,9610,17
0.25578,409,3922,9
0.205823,3500,183698,52
0.334825,106,196,1
0.157533,101,1585,15
0.156261,97,103,1
0.383304,301,5181,17
0.172622,450,3767,8
0.214147,617,29729,48
0.285407,3500,71104,20
0.251575,1001,23709,23
0.195416,3500,78095,22
0.276722,1101,52881,48
0.218528,1,2,2
0.237676,3500,146317,41
0.099136,101,120,1
0.10663,852,28344,33
0.208742,3500,74440,21
0.1597,47,54,1
0.265613,801,28267,35
0.305514,3500,84993,24
0.255942,3500,115134,32
0.157135,103,107,1
0.143046,95,929,9
0.250753,3500,145320,41
0.38043,102,103,1
0.393222,85,103,1
0.356164,473,6673,14
0.395278,3500,109235,31
0.112719,1801,180090,99
0.169465,51,60,1
0.093752,150,313,2
0.193678,461,25006,54
0.394268,3500,187489,53
0.262702,89,94,1
0.172732,601,22851,38
0.310496,3500,134260,38
0.145543,96,292,3
0.35801,3500,59084,16
0.210353,1101,33846,30
0.362034,3500,72614,20
0.234367,1366,46951,34
0.302718,293,1180,4
0.376361,484,4973,10
0.08668,1864,108883,58
0.257752,1121,15884,14
0.356672,62,591,9
0.221127,3500,185630,53
0.216756,3500,155467,44
0.096539,132,1007,7
0.189954,3500,55472,15
0.310676,95,183,1
0.349788,158,218,1
0.280248,3500,163111,46
0.115457,345,5375,15
0.192403,3500,40611,11
0.105437,146,157,1
0.326018,519,10239,19
0.211591,3500,174284,49
0.395128,99,153,1
0.126732,1541,100321,65
0.056224,893,66113,74
0.106785,3500,186132,53
0.09612,1066,41137,38
0.222795,3500,102304,29
0.157447,1099,37750,34
0.214031,3500,48177,13
0.190336,1199,54346,45
0.320149,99,1462,14
0.256441,3500,119860,34
0.254385,3500,137198,39
0.215699,3500,133251,38
0.31271,1077,13689,12
0.202745,3500,64278,18
0.227594,3500,205244,58
0.242428,3500,123474,35
0.054218,1260,64902,51
0.219989,3500,137680,39
0.179524,3500,59910,17
0.215714,3500,84185,24
0.160028,83,204,2
0.270013,59,415,7
0.283884,3500,125467,35
0.071165,3500,82039,23
0.119019,3500,186105,53
0.13871,3500,106053,30
0.326609,3500,127111,36
0.212918,3500,134306,38
0.280788,1363,30122,22
0.35906,266,1891,7
0.202516,3500,75577,21
0.352798,58,61,1
0.242661,104,107,1
0.342437,88,321,3
0.316513,94,99,1
0.055032,101,2363,23
0.209555,3500,71921,20
0.164887,3500,93064,26
0.153522,3500,169653,48
0.184108,106,170,1
0.211419,501,8687,17
0.228863,158,228,1
0.206062,379,9285,24
0.12403,99,105,1
0.198484,3500,47981,13
0.16071,109,156,1
0.13591,3500,189929,54
0.161056,3500,211369,60
0.199808,110,113,1
0.0911,74,1916,25
0.067239,148,319,2
0.327862,623,11543,18
0.300429,3500,146150,41
0.214047,3500,208903,59
0.169367,3500,210122,60
0.054314,113,193,1
0.083794,447,10655,23
0.202179,199,1461,7
0.187867,3500,176687,50
0.317948,1131,20716,18
0.207501,80,1685,21
0.389303,3500,123520,35
0.169198,1475,123120,83
0.207369,3500,191447,54
0.38573,3500,187988,53
0.290565,210,1780,8
0.061598,3500,72386,20
0.130615,3500,117919,33
0.277456,139,151,1
0.156142,83,117,1
0.130906,3500,122317,34
0.340036,3500,198140,56
0.27787,1694,42808,25
0.199144,3500,198852,56
0.050366,1063,55913,52
0.104099,3500,123742,35
0.237284,3500,225184,64
0.395521,92,159,1
0.050469,199,450,2
0.213893,3500,78768,22
0.10841,89,96,1
0.120958,53,140,2
0.307426,120,136,1
0.386664,65,609,9
0.132141,87,152,1
0.115958,3500,278017,79
0.053111,1301,39699,30
0.123026,259,12964,50
0.211847,3500,170814,48
0.277548,112,151,1
0.373759,3500,261739,74
0.128146,3500,198441,56
0.060871,1801,122868,68
0.199259,98,103,1
0.086147,672,14977,22
0.171601,211,1452,6
0.323339,199,966,4
0.100865,849,37044,43
0.064622,90,154,1
0.302663,84,104,1
0.095048,305,552,1
0.226761,3500,216505,61
0.280204,198,2481,12
0.194442,101,1115,11
0.197395,94,98,1
0.27239,601,20241,33
0.256788,3500,186706,53
0.305547,3500,177565,50
0.115577,106,130,1
0.054167,501,37821,75
0.256702,3500,173574,49
0.215631,145,440,3
0.167843,3500,103540,29
0.172686,1027,75868,73
0.076026,3500,132071,37
0.286562,3500,166244,47
0.160567,3500,193746,55
0.175128,86,94,1
0.220049,949,21839,23
0.164008,3500,195934,55
0.20065,153,343,2
0.217581,301,4675,15
0.151851,3500,139330,39
0.113461,113,114,1
0.180175,63,644,10
0.155001,1602,74839,46
0.251786,65,197,3
0.119607,701,40924,58
0.220574,3500,139677,39
0.207359,199,2080,10
0.268706,66,147,2
0.149121,3500,74974,21
0.209453,93,102,1
0.337866,3500,170837,48
0.276178,3500,166746,47
0.196055,3500,172395,49
0.131329,3500,121168,34
0.383071,1045,57257,54
0.111206,295,2646,8
0.228543,3500,78276,22
0.277364,3500,212639,60
0.247929,101,105,1
0.373058,92,103,1
0.314663,3500,184014,52
0.374655,146,208,1
0.208701,401,15051,37
0.355956,170,426,2
0.107299,531,20091,37
0.072154,1551,99523,64
0.344473,1001,51740,51
0.089075,3500,173271,49
0.245251,3500,83463,23
0.117635,2001,183384,91
0.296304,1096,16511,15
0.226225,3500,83051,23
0.348008,284,3711,13
0.137884,660,6735,10
0.214641,3500,85904,24
0.052879,110,219,1
0.188746,274,2495,9
0.151513,3500,132649,37
0.27,105,251,2
0.34562,333,5484,16
0.29796,3500,164059,46
0.275129,3500,235439,67
0.226491,3500,151746,43
0.069464,3500,92138,26
0.309025,1101,8759,7
0.055392,1,2,2
0.279324,98,101,1
0.288113,452,8322,18
0.379817,79,107,1
0.343931,68,82,1
0.326774,203,1904,9
0.195044,198,450,2
0.202566,769,28558,37
0.239655,3500,65466,18
0.234333,101,108,1
0.194547,3500,271745,77
0.112302,3500,118510,33
0.190032,136,142,1
0.102119,58,459,7
0.111016,100,311,3
0.202667,76,226,2
0.286177,3500,171017,48
0.124385,3500,80437,22
0.313198,104,114,1
0.373866,301,5156,17
0.353476,111,133,1
0.186636,542,30112,55
0.060198,431,2837,6
0.133041,51,52,1
0.313615,206,3037,14
0.241856,59,100,1
0.26749,391,6251,15
0.285003,3500,171270,48
0.195251,3500,123024,35
0.236517,3500,210863,60
0.269426,88,159,1
0.217354,3500,189819,54
0.290603,3500,132866,37
0.115397,1060,75742,71
0.298323,3500,164955,47
0.09848,1003,49791,49
0.24295,3500,114952,32
0.193523,3500,180208,51
0.223199,3500,205562,58
0.197163,199,644,3
0.314743,3500,251439,71
0.295493,3500,173585,49
0.137658,3500,262794,75
0.332802,75,136,1
0.184679,140,3489,24
0.351355,1579,107111,67
0.267308,3500,127438,36
0.092013,3500,79176,22
0.288382,3500,156426,44
0.336893,1697,54347,32
0.078201,3500,268750,76
0.399598,111,116,1
0.375408,106,1013,9
0.183717,54,55,1
0.228676,957,30927,32
0.229316,3500,167201,47
0.273101,1061,10655,10
0.217141,3500,73174,20
0.346378,121,248,2
0.245923,3500,51551,14
0.385839,131,278,2
0.148888,63,580,9
0.284464,1260,39330,31
0.072408,74,85,1
0.191761,104,109,1
0.080996,1877,47941,25
0.393829,72,114,1
0.166828,61,421,6
0.16991,3500,128029,36
0.114929,77,92,1
0.367874,512,11713,22
0.134878,86,89,1
0.112599,3500,60313,17
0.354017,91,134,1
0.391758,3500,146515,41
0.1177,93,141,1
0.334619,801,64656,80
0.244779,3500,190625,54
0.399154,104,352,3
0.243659,394,7232,18
0.100583,1530,57172,37
0.34358,1281,45995,35
0.205503,1657,29553,17
0.214003,1299,35915,27
0.130623,3500,83432,23
0.247641,1461,89650,61
0.27745,458,10139,22
0.254881,3500,230993,65
0.187845,110,130,1
0.343349,133,214,1
0.354194,375,5654,15
0.13848,3500,175139,50
0.147071,3500,88173,25
0.231806,3500,92830,26
0.169572,87,88,1
0.226508,3500,168547,48
0.056948,3500,104276,29
0.146555,3500,80302,22
0.129411,100,106,1
0.178921,529,14225,26
0.158527,190,539,2
0.200926,499,8005,16
0.292918,3500,79083,22
0.202429,3500,173047,49
0.257699,1468,83483,56
0.214527,399,14747,36
0.312578,3500,135800,38
0.370169,3500,105757,30
0.13636,3500,168612,48
0.153899,179,428,2
0.238677,564,12607,22
0.082504,152,180,1
0.175448,3500,128436,36
0.261975,3500,178152,50
0.123876,3500,177582,50
0.261205,3500,107736,30
0.314571,453,13954,30
0.335244,256,5234,20
0.140756,90,151,1
0.220125,199,944,4
0.234917,80,262,3
0.202929,2034,49606,24
0.227242,1101,38341,34
0.1542,3500,113756,32
0.22614,199,393,1
0.349397,534,13119,24
0.190026,3500,82738,23
0.318051,3500,185943,53
0.153391,3500,151166,43
0.190425,3500,104302,29
0.142709,1017,29768,29
0.243371,3500,58745,16
0.363106,3500,190056,54
0.295267,88,146,1
0.286311,399,1877,4
0.068904,3500,120732,34
0.343656,99,106,1
0.14923,3500,185726,53
0.279911,1768,16000,9
0.226624,3500,52864,15
0.199595,3500,188652,53
0.15804,99,156,1
0.216478,402,15712,39
0.296353,1602,44188,27
0.188299,544,16885,31
0.164938,3500,188792,53
0.276726,42,47,1
0.224004,400,8497,21
0.167437,1451,86953,59
0.299088,402,6104,15
0.178516,154,256,1
0.19261,302,11675,38
0.231491,1502,44134,29
0.264724,3500,191742,54
0.344429,1215,33543,27
0.289946,125,2150,17
0.36556,3500,199922,57
0.147772,120,158,1
0.143102,589,11229,19
0.195101,3500,219806,62
0.261656,1523,35334,23
0.353731,111,149,1
0.236746,217,5389,24
0.065787,199,1591,7
0.241433,1550,70664,45
0.144562,95,111,1
0.360657,128,139,1
0.298441,102,1898,18
0.149213,85,136,1
0.316366,1002,51116,51
0.365429,3500,72261,20
0.192278,51,84,1
0.194304,50,56,1
0.240017,102,1506,14
0.240637,75,89,1
0.064888,89,2313,25
0.201502,3500,217556,62
0.197556,3500,70092,20
0.203771,1050,9558,9
0.346471,396,5705,14
0.291374,66,146,2
0.252,93,109,1
0.372302,63,545,8
0.186777,3500,180400,51
0.228492,3500,131142,37
0.193049,3500,109111,31
0.14165,3500,221316,63
0.199563,3500,218709,62
0.26953,108,110,1
0.14712,299,4091,13
0.277677,90,176,1
0.34542,201,4846,24
0.121475,95,98,1
0.08032,1101,25297,22
0.325653,1,2,2
0.123601,93,96,1
0.370051,301,2868,9
0.07516,3500,170471,48
0.398706,102,161,1
0.236601,901,19784,21
0.215923,3500,258886,73
0.184996,3500,140378,40
0.263113,1147,21729,18
0.384331,58,59,1
0.072777,1903,72529,38
0.249378,199,275,1
0.339338,87,97,1
0.220785,1974,65173,33
0.163418,107,110,1
0.340857,110,134,1
0.171958,91,107,1
0.236328,3500,94616,27
0.299849,1360,54007,39
0.11026,3500,104490,29
0.137993,3500,153086,43
0.122669,81,86,1
0.309683,3500,81544,23
0.119637,146,167,1
0.309568,303,4261,14
0.064715,45,51,1
0.212555,342,1940,5
0.273712,3500,169867,48
0.050482,1001,56292,56
0.32752,90,154,1
0.344763,88,89,1
0.385211,401,6504,16
0.189956,3500,258587,73
0.308076,3500,195627,55
0.177709,3500,208915,59
0.123868,78,80,1
0.080553,387,10529,27
0.191701,33,55,1
0.170875,76,89,1
0.096965,3500,82515,23
0.112444,76,253,3
0.097541,254,585,2
0.349241,233,2331,10
0.380526,97,119,1
0.216752,185,809,4
0.106308,3500,155925,44
0.069858,90,108,1
0.13899,3500,93156,26
0.218839,3500,126317,36
0.265107,3500,113796,32
0.189931,3500,254896,72
0.112865,3500,106020,30
0.369958,30,42,1
0.200095,3500,142441,40
0.204636,3500,203763,58
0.054095,104,110,1
0.06423,629,17970,28
0.294053,599,5938,9
0.387783,750,5930,7
0.086507,2001,129680,64
0.266133,3500,190284,54
0.376413,167,422,2
0.368785,272,2140,7
0.147682,1578,89903,56
0.342872,3500,83726,23
0.152911,143,260,1
0.300144,601,14957,24
0.344683,101,124,1
0.205968,3500,144426,41
0.369299,1201,55543,46
0.342242,101,1635,16
0.164477,3500,89049,25
0.258317,88,93,1
0.184331,798,7965,9
0.397501,73,83,1
0.090117,140,997,7
0.162032,101,2766,27
0.329837,3500,149242,42
0.397041,94,164,1
0.29814,62,477,7
0.153779,3500,125560,35
0.208002,3500,201115,57
0.139738,1953,98181,50
0.25968,1029,18650,18
0.175453,3500,75575,21
0.195737,63,87,1
0.376309,801,23366,29
0.196724,3500,148945,42
0.385673,100,108,1
0.381405,1058,54948,51
0.224022,3500,168532,48
0.363901,198,218,1
0.370103,401,4516,11
0.323944,63,88,1
0.088434,444,6476,14
0.173292,96,199,2
0.120702,3500,180261,51
0.233241,3500,132927,37
0.274066,79,99,1
0.272588,92,93,1
0.20236,163,3144,19
0.36978,3500,71052,20
0.081262,49,85,1
0.175637,1206,60428,50
0.10575,120,1158,9
0.320296,83,110,1
0.34936,136,3099,22
0.178056,3500,122573,35
0.226909,1901,39188,20
0.186909,3500,198516,56
0.152997,1757,99700,56
0.155208,333,680,2
0.24488,653,7700,11
0.136952,117,142,1
0.382452,91,151,1
0.286896,301,6099,20
0.360857,184,555,3
0.313323,3500,140960,40
0.219129,93,106,1
0.352005,102,149,1
0.154295,64,532,8
0.25241,2000,60814,30
0.226503,3500,233361,66
0.180923,3500,97966,27
0.200721,3500,243385,69
0.050051,84,89,1
0.220235,74,90,1
0.258149,64,658,10
0.08458,3500,116560,33
0.183601,1705,85195,49
0.332822,890,12046,13
0.209126,3500,129463,36
0.135004,3500,79177,22
0.137844,98,117,1
0.259031,179,491,2
0.090528,152,450,2
0.39427,52,87,1
0.279204,399,3929,9
0.095007,3500,162530,46
0.242573,3500,137584,39
0.258267,3500,70277,20
0.14854,100,105,1
0.305397,439,4111,9
0.196613,87,90,1
0.378243,707,13504,19
0.258591,3500,146110,41
0.308904,3500,156994,44
0.153649,88,94,1
0.056002,114,1351,11
0.056292,3500,82636,23
0.266138,81,145,1
0.25587,129,269,2
0.296057,60,490,8
0.093519,96,160,1
0.305363,115,2221,19
0.166497,3500,87204,24
0.07063,1290,66003,51
0.394393,322,9872,30
0.278912,83,156,1
0.290953,3500,98602,28
0.099742,140,316,2
0.118466,153,9879,64
0.371811,176,565,3
0.178096,97,794,8
0.301764,3500,110379,31
0.260583,3500,200602,57
0.113483,3500,84329,24
0.184273,3500,106016,30
0.170775,3500,283228,80
0.065929,1553,103023,66
0.195337,453,8274,18
0.360683,3500,103457,29
0.132312,1004,60716,60
0.246205,3500,184927,52
0.286618,98,102,1
0.211612,62,446,7
0.338525,49,52,1
0.142064,53,898,16
0.059849,95,99,1
0.050018,753,14991,19
0.171127,1765,40529,22
0.07504,3500,81524,23
0.367876,3500,190439,54
0.31314,193,427,2
0.284696,243,4309,17
0.394403,137,251,1
0.171416,391,8069,20
0.23411,44,45,1
0.300437,1178,42235,35
0.187276,79,725,9
0.333397,3500,140875,40
0.250537,82,162,1
0.311964,99,189,1
0.274723,3500,79951,22
0.306196,3500,173547,49
0.253841,3500,131371,37
0.355439,85,98,1
0.289282,202,3959,19
0.269049,3500,118404,33
0.137077,463,15504,33
0.333996,252,3952,15
0.363991,114,148,1
0.091582,3500,260851,74
0.227561,3500,188778,53
0.354913,87,104,1
0.343083,316,6199,19
0.132406,54,139,2
0.347374,401,4997,12
0.377022,175,3173,18
0.263973,94,153,1
0.120384,3500,41590,11
0.212573,80,129,1
0.343755,3500,227733,65
0.069642,411,6503,15
0.167845,1,2,2
0.221012,367,2481,6
0.090998,3500,247818,70
0.379833,3500,123656,35
0.345657,3500,139632,39
0.399685,86,109,1
0.356335,91,99,1
0.170531,3500,218444,62
0.338817,2045,195641,95
0.358577,1301,59952,46
0.105468,401,26245,65
0.16114,3500,203083,58
0.275394,67,98,1
0.107057,77,1590,20
0.24648,3500,93737,26
0.325398,103,217,2
0.289944,165,216,1
0.320217,301,1261,4
0.183314,3500,67553,19
0.209879,3500,256708,73
0.341875,201,986,4
0.070839,247,7973,32
0.181327,156,957,6
0.091074,351,7168,20
0.249996,3500,140532,40
0.328967,1490,32820,22
0.261135,545,5774,10
0.230074,154,298,1
0.306037,3500,147028,42
0.284371,3500,125210,35
0.280697,1838,113640,61
0.086624,155,349,2
0.276061,159,797,5
0.393101,101,1400,13
0.092602,199,1599,8
0.238185,1,2,2
0.184031,199,324,1
0.168614,100,102,1
0.103174,286,465,1
0.264151,582,11369,19
0.051921,3500,42144,12
0.05034,1401,122201,87
0.247847,301,3405,11
0.246103,3500,157756,45
0.25641,3500,146678,41
0.18455,3500,165807,47
0.150862,55,90,1
0.168,105,192,1
0.279986,1337,55434,41
0.270958,244,7630,31
0.104446,3500,96356,27
0.340213,89,137,1
0.26959,3500,34502,9
0.068836,130,162,1
0.313587,1947,56655,29
0.359446,115,157,1
0.149173,547,11733,21
0.232014,62,114,1
0.055625,647,31082,48
0.32559,3500,80162,22
0.209749,199,467,2
0.075904,247,6040,24
0.341517,131,389,2
0.383287,3500,64020,18
0.120688,135,239,1
0.238014,476,2782,5
0.257256,3500,79297,22
0.235273,95,185,1
0.215765,3500,66294,18
0.107275,99,103,1
0.229207,3500,179912,51
0.181817,75,93,1
0.097206,150,188,1
0.126907,495,16573,33
0.149485,125,524,4
0.153832,595,15921,26
0.162653,3500,156362,44
0.095679,1549,89627,57
0.186059,147,164,1
0.12657,3500,190633,54
0.226476,59,122,2
0.091363,920,35109,38
0.168425,3500,53230,15
0.084413,303,622,2
0.081109,66,635,9
0.250113,3500,225038,64
0.357153,72,77,1
0.147696,451,24706,54
0.22501,91,97,1
0.14558,553,7683,13
0.241275,3500,125452,35
0.182814,65,104,1
0.255158,3500,92877,26
0.081707,3500,138941,39
0.272905,3500,177646,50
0.166255,3500,108577,31
0.269247,3500,187568,53
0.231305,1515,17794,11
0.300634,495,10550,21
0.218051,3500,116070,33
0.077416,110,168,1
0.280669,3500,111342,31
0.124483,94,2830,30
0.12819,76,237,3
0.328409,2013,149623,74
0.181168,564,16283,28
0.240509,1672,35442,21
0.196307,3500,181475,51
0.249281,126,143,1
0.073811,929,30675,33
0.283539,3500,148772,42
0.348462,1307,19995,15
0.344666,207,905,4
0.351119,3500,141187,40
0.360503,1102,42346,38
0.077968,7,35,5
0.144705,567,3012,5
0.364173,100,105,1
0.334558,622,26280,42
0.252106,3500,130381,37
0.261212,3500,166827,47
0.174559,3500,214859,61
0.345039,155,393,2
0.163526,311,3617,11
0.288159,1979,78898,39
0.30889,3500,93576,26
0.109857,1327,75837,57
0.111688,245,8888,36
0.238331,3500,201973,57
0.064519,1556,157428,101
0.158033,3500,104769,29
0.346539,1007,79372,78
0.29109,3500,176070,50
0.129108,199,1233,6
0.158776,83,99,1
0.221327,3500,78067,22
0.358474,99,129,1
0.141376,126,2280,18
0.256989,3500,173792,49
0.182106,199,938,4
0.251671,1107,29954,27
0.055923,66,652,9
0.343919,95,250,2
0.376481,171,1442,8
0.347746,121,235,1
0.192266,3500,79220,22
0.258771,3500,156894,44
0.228983,1094,13159,12
0.201364,3500,172572,49
0.138562,98,112,1
0.120409,87,94,1
0.203799,3500,134840,38
0.208874,199,1790,8
0.340116,3500,147079,42
0.257756,77,99,1
0.101338,95,205,2
0.106022,1241,37421,30
0.188005,146,1805,12
0.328439,3500,143747,41
0.347399,149,371,2
0.093395,753,19158,25
0.3501,3500,127710,36
0.155739,146,153,1
0.1053,1233,80401,65
0.397178,201,5072,25
0.22959,67,71,1
0.25748,498,5807,11
0.39854,1541,49305,31
0.342538,3500,137709,39
0.363339,103,163,1
0.254478,171,5151,30
0.318098,3500,116642,33
0.283805,3500,196075,56
0.104151,99,144,1
0.30666,102,157,1
0.250615,79,107,1
0.382235,200,4623,23
0.119546,142,350,2
0.394972,243,2931,12
0.237122,3500,202457,57
0.324062,3500,103581,29
0.38036,93,104,1
0.219038,1501,30172,20
0.078527,449,8723,19
0.07451,1461,69306,47
0.150649,3500,104265,29
0.187429,3500,140116,40
0.099856,82,94,1
0.097306,748,33596,44
0.134446,3500,216339,61
0.123698,3500,86066,24
0.138347,199,1998,10
0.248524,1193,51211,42
0.315903,103,632,6
0.320139,95,105,1
0.089283,257,1695,6
0.323572,3500,87711,25
0.242082,1604,101574,63
0.119063,73,94,1
0.068737,884,46252,52
0.222895,3500,147362,42
0.188813,199,835,4
0.309255,3500,62309,17
0.364047,56,80,1
0.140811,3500,178330,50
0.272169,529,23294,44
0.259472,93,376,4
0.298096,3500,103682,29
0.371212,3500,163947,46
0.332965,91,110,1
0.302756,205,3490,17
0.101835,3500,99897,28
0.35296,1001,36755,36
0.243737,3500,186437,53
0.142349,3500,145647,41
0.360951,3500,102258,29
0.10755,3500,214652,61
0.371149,91,98,1
0.248771,253,6599,26
0.369455,98,109,1
0.130231,92,109,1
0.320881,1461,45777,31
0.088617,554,41691,75
0.238884,53,55,1
0.258445,443,4271,9
0.375436,3500,154097,44
0.199416,90,107,1
0.285946,3500,171618,49
0.217242,98,157,1
0.222881,61,560,9
0.374072,97,115,1
0.178919,3500,67408,19
0.135223,1757,32066,18
0.088025,1497,94810,63
0.34064,602,8481,14
0.275825,60,70,1
0.111984,3500,108086,30
0.156432,3500,235164,67
0.345283,3500,173050,49
0.150099,1115,36456,32
0.195069,62,627,10
0.334774,1191,36651,30
0.158188,97,727,7
0.207045,3500,178712,51
0.1609,139,236,1
0.169113,744,37230,50
0.254221,3500,183654,52
0.399876,98,117,1
0.080498,540,22347,41
0.181506,199,230,1
0.283534,100,147,1
0.377185,110,113,1
0.190899,1255,66112,52
0.192614,156,3355,21
0.315654,3500,186195,53
0.228876,3500,136085,38
0.073611,1097,39858,36
0.388009,66,450,6
0.150762,3500,132244,37
0.206702,135,209,1
0.370147,151,629,4
0.166773,3500,201504,57
0.325794,1156,22870,19
0.206681,78,1302,16
0.151923,3500,205778,58
0.227079,3500,74611,21
0.06813,1009,29529,29
0.117548,3500,71089,20
0.213766,90,96,1
0.147615,3500,219079,62
0.37923,3500,181186,51
0.17011,122,306,2
0.16445,3500,169039,48
0.133156,74,82,1
0.152427,224,3252,14
0.112078,199,1393,7
0.056528,153,172,1
0.240898,3500,219697,62
0.399891,124,182,1
0.378584,301,2006,6
0.121467,3500,198008,56
0.289817,399,3732,9
0.313173,191,209,1
0.16857,3500,44831,12
0.382399,3500,112467,32
0.376223,3500,79855,22
0.353254,93,107,1
0.330926,107,111,1
0.196503,3500,119434,34
0.197854,3500,218046,62
0.182154,94,106,1
0.287797,445,6970,15
0.218046,3500,172721,49
0.115412,138,247,1
0.252408,3500,83896,23
0.394873,96,105,1
0.326952,674,26373,39
0.32693,3500,79052,22
0.261605,399,1478,3
0.132928,250,9031,36
0.24408,3500,114027,32
0.174951,3500,105122,30
0.220596,3500,158445,45
0.292989,3500,177636,50
0.232452,267,2860,10
0.314997,300,3633,12
0.231771,3500,94399,26
0.269276,3500,231772,66
0.203217,3500,131874,37
0.376543,191,343,1
0.130984,3500,143391,40
0.271241,3500,132765,37
0.08881,3500,125886,35
0.136845,60,158,2
0.22598,3500,120837,34
0.296445,3500,107695,30
0.091365,81,153,1
0.073661,360,22188,61
0.35916,88,91,1
0.184672,3500,142452,40
0.265034,3500,83863,23
0.197652,96,101,1
0.334537,84,1322,15
0.139683,202,708,3
0.250622,527,20101,38
0.260788,3500,154373,44
0.168215,3500,162022,46
0.24443,3500,168360,48
0.09847,1156,77721,67
0.150775,61,441,7
0.093238,1401,130448,93
0.130984,41,46,1
0.152081,601,7347,12
0.228042,3500,209056,59
0.156206,98,100,1
0.141235,420,3086,7
0.088922,199,385,1
0.130664,1099,75531,68
0.152506,3500,212925,60
0.1651,97,101,1
0.224363,3500,62695,17
0.062579,107,108,1
0.128148,885,20800,23
0.169109,3500,69214,19
0.257314,340,2286,6
0.123741,162,174,1
0.291264,399,8657,21
0.237914,3500,112469,32
0.200779,105,126,1
0.137323,3500,122968,35
0.241845,3500,163334,46
0.294533,96,102,1
0.356644,91,102,1
0.387564,113,483,4
0.197585,3500,33342,9
0.282272,3500,104401,29
0.372886,176,195,1
0.053336,106,205,1
0.128052,3500,97276,27
0.165868,3500,189086,54
0.2937,3500,179232,51
0.225586,3500,133865,38
0.276475,3500,119396,34
0.156531,3500,172414,49
0.218377,3500,139383,39
0.298449,76,83,1
0.378772,1401,78741,56
0.262862,301,9134,30
0.112617,3500,82478,23
0.202128,399,1673,4
0.166976,301,4546,15
0.314648,234,410,1
0.261036,445,10261,23
0.336966,92,99,1
0.055646,78,93,1
0.247671,3500,142810,40
0.186561,1901,92586,48
0.288668,3500,79681,22
0.262872,1901,51137,26
0.252835,53,60,1
0.285672,701,8620,12
0.192153,3500,130143,37
0.135107,399,4807,12
0.192617,3500,93052,26
0.367989,66,96,1
0.22213,3500,81511,23
0.283385,3500,190547,54
0.244094,1048,73927,70
0.134819,3500,176875,50
0.243338,3500,197580,56
0.211031,3500,116498,33
0.20841,3500,58955,16
0.377215,119,328,2
0.064292,3500,137153,39
0.262382,248,2665,10
0.161862,253,2994,11
0.112974,145,385,2
0.123065,109,155,1
0.12443,706,27323,38
0.069978,3500,126106,36
0.10515,146,203,1
0.259307,1247,41327,33
0.284757,156,2470,15
0.366092,56,95,1
0.081548,99,1351,13
0.258585,3500,89224,25
0.280392,95,98,1
0.211887,81,152,1
0.216851,3500,87785,25
0.2932,3500,148036,42
0.25262,3500,112171,32
0.262799,1099,27739,25
0.246989,3500,224494,64
0.162422,1294,34066,26
0.276739,278,4877,17
0.224681,3500,191324,54
0.08126,1456,98201,67
0.351456,389,5234,13
0.357342,137,240,1
0.053089,58,187,3
0.108339,3500,109218,31
0.239076,177,424,2
0.36184,601,14652,24
0.222556,3500,139617,39
0.197497,3500,200263,57
0.298319,1717,65481,38
0.315172,182,283,1
0.142719,3500,64083,18
0.285178,44,45,1
0.288402,3500,100051,28
0.308588,81,86,1
0.232583,3500,158034,45
0.373008,112,115,1
0.323135,72,88,1
0.33099,3500,172627,49
0.12998,3500,146651,41
0.154946,143,403,2
0.328164,201,1632,8
0.137636,3500,164113,46
0.061739,199,298,1
0.072448,709,69709,98
0.322771,3500,152988,43
0.230216,3500,141018,40
0.372255,51,67,1
0.256964,301,4411,14
0.197995,3500,163063,46
0.294529,67,93,1
0.371881,101,2449,24
0.132286,3500,116791,33
0.25018,121,250,2
0.217972,3500,73763,21
0.085483,105,143,1
0.057465,101,1455,14
0.182353,1854,108543,58
0.308155,116,303,2
0.159746,3500,41786,11
0.185102,1299,27297,21
0.352625,199,2102,10
0.168191,3500,216169,61
0.385362,114,310,2
0.236585,229,823,3
0.300604,99,1565,15
0.201536,199,805,4
0.248274,3500,117058,33
0.164104,80,102,1
0.106209,408,18871,46
0.22505,3500,138171,39
0.130133,3500,130366,37
0.359896,185,211,1
0.06618,199,3071,15
0.156022,1456,72255,49
0.122647,465,5190,11
0.351667,83,101,1
0.115468,552,21435,38
0.308467,143,268,1
0.367758,92,393,4
0.339804,3500,65230,18
0.3063,1094,22434,20
0.180622,3500,165785,47
0.210303,3500,61845,17
0.071286,87,92,1
0.185927,722,28979,40
0.083472,239,1362,5
0.226032,3500,224688,64
0.215594,3500,98711,28
0.291863,3500,184915,52
0.352312,1437,88831,61
0.316657,353,6490,18
0.131713,224,1017,4
0.22205,1050,87956,83
0.36412,3500,91499,26
0.384861,534,4426,8
0.289782,88,706,8
0.289748,88,196,2
0.094186,143,2627,18
0.271473,104,132,1
0.214237,545,9945,18
0.144525,3500,217961,62
0.331852,81,140,1
0.228271,130,206,1
0.368687,3500,52683,15
0.365985,3500,86670,24
0.142533,3500,63444,18
0.339683,79,144,1
0.371736,322,4209,13
0.238504,187,349,1
0.157246,96,99,1
0.397167,3500,164227,46
0.152698,1216,81203,66
0.300549,124,668,5
0.234212,213,1475,6
0.291065,412,3042,7
0.25131,630,16558,26
0.160138,1690,111773,66
0.165568,613,15057,24
0.18769,3500,199946,57
0.339179,99,142,1
0.335778,85,618,7
0.387338,141,654,4
0.347038,277,8668,31
0.081716,150,483,3
0.274415,393,6749,17
0.103363,190,480,2
0.169992,1230,36587,29
0.255512,130,1820,14
0.148546,3500,198536,56
0.050575,87,103,1
0.245073,63,627,9
0.267362,3500,117187,33
0.059062,1345,93817,69
0.148334,61,96,1
0.263822,3500,136482,38
0.066456,3500,104494,29
0.092792,3500,149952,42
0.182084,3500,77828,22
0.392674,90,146,1
0.114364,493,19702,39
0.236065,3500,66787,19
0.131037,3500,117302,33
0.051399,1101,49493,44
0.258655,1,2,2
0.205644,85,131,1
0.249012,3500,75339,21
0.224554,3500,126218,36
0.291338,79,97,1
0.218586,3500,71508,20
0.28842,46,56,1
0.285344,99,158,1
0.134298,175,201,1
0.211239,901,9286,10
0.280187,94,135,1
0.095171,114,215,1
0.222554,95,105,1
0.267065,3500,128813,36
0.267797,3500,241304,68
0.059141,79,152,1
0.256932,80,1164,14
0.291318,3500,186951,53
0.267393,3500,224726,64
0.105693,3500,156493,44
0.251973,3500,195320,55
0.301171,176,406,2
0.152429,79,1266,16
0.205166,3500,218918,62
0.177328,3500,176065,50
0.211222,3500,197433,56
0.325065,3500,198402,56
0.204621,3500,129058,36
0.313492,112,116,1
0.328805,301,4039,13
0.126868,3500,121169,34
0.089122,199,521,2
0.261025,615,11566,18
0.351103,3500,61708,17
0.075837,90,236,2
0.220199,1210,46254,38
0.157882,142,3351,23
0.242819,92,95,1
0.361381,328,2982,9
0.267261,3500,121479,34
0.235916,66,154,2
0.110614,3500,163934,46
0.09359,92,93,1
0.26526,205,8037,39
0.347085,3500,131778,37
0.073835,142,1121,7
0.382523,108,225,2
0.372408,256,1968,7
0.096647,3500,181115,51
0.330755,3500,188740,53
0.202023,1275,33394,26
0.348954,332,3945,11
0.16194,3500,114931,32
0.398729,3500,154716,44
0.207094,141,2186,15
0.238488,3500,61737,17
0.233303,1267,69148,54
0.275484,176,6191,35
0.183966,79,102,1
0.285743,1432,42080,29
0.188208,332,6830,20
0.318097,104,109,1
0.225591,3500,254760,72
0.118912,1635,79842,48
0.129234,253,564,2
0.090087,132,5305,40
0.191225,100,102,1
0.190863,138,2325,16
0.191471,3500,117158,33
0.327694,1565,31100,19
0.102947,2089,231200,110
0.381477,170,293,1
0.160812,432,5124,11
0.055759,1785,88467,49
0.109929,1261,84047,66
0.390623,210,2439,11
0.178358,3500,118194,33
0.142769,3500,192372,54
0.327719,1015,7633,7
0.351281,3500,210314,60
0.177932,132,195,1
0.07635,288,14407,50
0.308244,3500,97856,27
0.366513,3500,180830,51
0.163782,470,6320,13
0.213832,132,1948,14
0.311277,1299,18269,14
0.303963,232,3699,15
0.175358,137,161,1
0.113326,696,45856,65
0.232152,3500,175247,50
0.226576,163,199,1
0.148393,58,85,1
0.246545,3500,111387,31
0.358269,94,97,1
0.213282,79,86,1
0.063795,1958,94098,48
0.260155,86,90,1
0.361703,237,749,3
0.333682,3500,146390,41
0.250103,1016,22714,22
0.213103,1937,88186,45
0.283735,95,98,1
0.131804,3500,133487,38
0.173905,3500,216341,61
0.249597,3500,91038,26
0.162904,3500,72607,20
0.306767,3500,210226,60
0.146379,361,2052,5
0.174093,956,21530,22
0.141048,3500,144279,41
0.272127,3500,137130,39
0.130712,95,106,1
0.301126,1818,101880,56
0.233703,94,110,1
0.361361,61,405,6
0.061288,199,817,4
0.296032,338,3403,10
0.194318,3500,192959,55
0.278186,92,239,2
0.291326,280,2361,8
0.281545,83,88,1
0.339155,207,4187,20
0.171672,80,102,1
0.090645,3500,191957,54
0.123711,3500,92703,26
0.320643,1280,57270,44
0.206236,180,2289,12
0.260777,3500,216415,61
0.317987,1280,64319,50
0.088528,180,7564,42
0.278491,209,723,3
0.293136,178,881,4
0.36313,3500,174549,49
0.306051,130,279,2
0.303557,261,6412,24
0.253324,193,2863,14
0.239571,180,2667,14
0.255056,3500,109626,31
0.118698,3500,169917,48
0.235718,3500,139501,39
0.358081,90,94,1
0.332919,71,155,2
0.305312,87,93,1
0.271012,191,631,3
0.322651,1,2,2
0.359521,244,910,3
0.103456,660,27157,41
0.148687,3500,91317,26
0.175995,1059,71815,67
0.252314,3500,98140,28
0.306754,132,251,1
0.265043,1260,86539,68
0.20795,187,4625,24
0.14739,86,152,1
0.100287,601,31192,51
0.170931,310,4850,15
0.222623,109,258,2
0.058892,146,196,1
0.193618,641,8447,13
0.266648,1970,42936,21
0.056834,901,45651,50
0.155731,3500,197144,56
0.125599,102,170,1
0.267232,66,752,11
0.286487,3500,73372,20
0.077182,195,2269,11
0.110466,101,102,1
0.232572,465,5783,12
0.181735,3500,85791,24
0.326086,90,195,2
0.19883,510,14575,28
0.170333,3500,74016,21
0.310765,1010,50021,49
0.21955,3500,129183,36
0.185706,3500,97528,27
0.235905,3500,84354,24
0.050488,89,93,1
0.301028,152,1052,6
0.254038,3500,183524,52
0.165694,156,261,1
0.067049,199,738,3
0.236723,248,690,2
0.082707,437,7709,17
0.214524,3500,94142,26
0.325821,65,71,1
0.250152,310,3995,12
0.244333,3500,107654,30
0.230181,3500,151040,43
0.206653,3500,84489,24
0.23004,2091,136428,65
0.194536,139,156,1
0.374202,392,2934,7
0.202588,3500,92206,26
0.39502,94,99,1
0.142559,107,1378,12
0.392598,138,146,1
0.274974,557,7839,14
0.144189,3500,165362,47
0.185375,3500,161630,46
0.096964,81,160,1
0.307893,204,243,1
0.254089,114,115,1
0.317939,194,3837,19
0.299202,149,157,1
0.382853,321,5728,17
0.374125,99,110,1
0.30414,1001,34023,33
0.357317,771,19163,24
0.148748,3500,130263,37
0.058726,94,107,1
0.359537,62,490,7
0.144758,58,121,2
0.09767,759,41886,55
0.319515,3500,68671,19
0.295063,91,96,1
0.385219,78,89,1
0.327615,3500,191967,54
0.217937,3500,83017,23
0.250514,100,148,1
0.238864,60,451,7
0.346863,167,549,3
0.327422,79,101,1
0.385987,301,2513,8
0.164414,1356,19855,14
0.092372,447,15462,34
0.399019,3500,166876,47
0.136044,3500,125344,35
0.107745,121,241,1
0.079582,87,93,1
0.141922,3500,145319,41
0.189767,55,63,1
0.116997,3500,242033,69
0.172832,337,1182,3
0.292585,1201,55260,46
0.125645,101,1158,11
0.105477,96,207,2
0.279897,3500,170048,48
0.125912,101,144,1
0.208967,3500,191825,54
0.084557,1701,22795,13
0.067175,131,161,1
0.085937,101,1049,10
0.288885,3500,160516,45
0.355151,1611,65989,40
0.213063,3500,144331,41
0.365736,95,96,1
0.126753,162,184,1
0.340632,208,1374,6
0.330675,3500,148267,42
0.258786,1811,80752,44
0.105717,785,61205,77
0.323747,3500,142182,40
0.155442,136,468,3
0.090729,71,368,5
0.24458,3500,119380,34
0.153083,93,281,3
0.110322,66,73,1
0.13586,101,2326,23
0.362647,86,89,1
0.113649,78,1473,18
0.277826,136,295,2
0.106091,90,178,1
0.257397,168,397,2
0.378477,556,11800,21
0.167881,95,142,1
0.178529,1857,189064,101
0.282007,3500,140038,40
0.335269,60,93,1
0.146164,501,10676,21
0.184572,131,150,1
0.365626,42,72,1
0.225026,95,96,1
0.135167,142,4143,29
0.171073,1452,95190,65
0.257204,401,5582,13
0.086851,80,144,1
0.247136,359,6078,16
0.362745,3500,134389,38
0.198068,3500,189697,54
0.277666,3500,197721,56
0.27639,3500,113434,32
0.343711,1317,76006,57
0.24576,268,3937,14
0.213141,114,246,2
0.259608,48,51,1
0.228903,54,59,1
0.237297,199,546,2
0.247844,501,3165,6
0.257042,131,195,1
0.177325,1273,21847,17
0.359836,242,2383,9
0.053422,151,383,2
0.066006,119,273,2
0.311881,93,97,1
0.062381,1712,179734,104
0.358704,1349,56981,42
0.27957,3500,198063,56
0.210528,3500,142326,40
0.184341,3500,163074,46
0.081974,3500,214085,61
0.117091,97,200,2
0.065642,580,24761,42
0.1176,147,255,1
0.13681,65,147,2
0.223523,3500,203915,58
0.078149,3500,147870,42
0.245293,198,1856,9
0.156769,3500,56590,16
0.1418,1055,46925,44
0.186786,3500,155314,44
0.089123,133,206,1
0.070637,854,63676,74
0.348552,3500,188672,53
0.377314,90,98,1
0.102499,1157,45138,39
0.244617,69,570,8
0.167035,3500,84938,24
0.257576,131,198,1
0.186758,1248,25621,20
0.359128,130,285,2
0.36618,203,7057,34
0.115786,51,106,2
0.081309,103,4242,41
0.39953,89,95,1
0.160202,3500,251672,71
0.32983,1303,25753,19
0.189849,276,7380,26
0.122236,3500,154505,44
0.275819,307,1925,6
0.052112,85,86,1
0.25586,303,2889,9
0.177481,3500,215391,61
0.271106,3500,147154,42
0.356468,1000,18364,18
0.296036,3500,116896,33
0.33947,3500,134439,38
0.313714,144,1042,7
0.305128,76,92,1
0.277724,503,7503,14
0.159204,1652,125167,75
0.197286,3500,232075,66
0.196125,3500,228781,65
0.091911,135,143,1
0.1795,103,1177,11
0.194441,199,866,4
0.224543,3500,211846,60
0.284957,108,153,1
0.370875,114,372,3
0.255219,3500,205881,58
0.211372,79,98,1
0.063806,255,8208,32
0.153777,192,522,2
0.38585,442,3154,7
0.321164,3500,88283,25
0.330366,3500,56999,16
0.068975,91,250,2
0.39386,101,929,9
0.285529,3500,225101,64
0.071073,58,174,3
0.3417,3500,100782,28
0.332843,105,114,1
0.356121,73,1157,15
0.052236,90,111,1
0.183815,101,5839,57
0.280927,1701,51688,30
0.076276,601,28004,46
0.341044,3500,58839,16
0.152247,3500,181691,51
0.249365,1061,59694,56
0.399172,3500,168265,48
0.241187,3500,130808,37
0.188485,1114,103129,92
0.110789,65,695,10
0.393657,88,102,1
0.337185,401,14392,35
0.322827,158,199,1
0.091969,32,41,1
0.144697,687,15040,21
0.120628,2001,104111,52
0.398138,3500,116632,33
0.336859,3500,54655,15
0.111381,448,6489,14
0.260772,3500,119000,34
0.33137,3500,192246,54
0.287637,97,193,1
0.263816,101,3667,36
0.234468,100,254,2
0.059095,105,539,5
0.310907,3500,92974,26
0.180469,101,105,1
0.138805,450,12652,28
0.183972,141,216,1
0.190294,3500,243521,69
0.38869,1001,56623,56
0.091962,3500,166030,47
0.331989,1101,68011,61
0.23902,1,2,2
0.231122,88,93,1
0.117702,830,17697,21
0.337303,74,83,1
0.356286,3500,205842,58
0.39854,3500,119061,34
0.114374,155,503,3
0.114757,101,5412,53
0.176686,1594,54084,33
0.160018,3500,120009,34
0.264874,1560,71943,46
0.115324,580,39211,67
0.22929,103,105,1
0.354086,1456,41285,28
0.248258,104,106,1
0.153537,3500,240958,68
0.241226,1276,16626,13
0.294982,255,3795,14
0.136851,1545,79251,51
0.38062,1334,39784,29
0.08418,84,234,2
0.09049,111,146,1
0.352821,101,1444,14
0.131736,3500,265090,75
0.313046,102,146,1
0.296152,3500,128552,36
0.151632,348,2263,6
0.258942,3500,71857,20
0.097031,3500,200572,57
0.158192,3500,98638,28
0.185291,1593,84194,52
0.209036,137,193,1
0.060006,139,252,1
0.32828,1101,38797,35
0.290901,1,2,2
0.17249,3500,65946,18
0.233941,3500,205916,58
0.187141,3500,133788,38
0.076522,1250,20268,16
0.056265,260,14956,57
0.077261,199,1384,6
0.24251,1101,35891,32
0.100629,1,2,2
0.333967,259,3366,12
0.303617,833,20035,24
0.330935,195,1002,5
0.28404,154,246,1
0.360025,3500,60965,17
0.189862,94,98,1
0.12642,60,401,6
0.072978,192,213,1
0.169949,195,3547,18
0.179194,3500,199755,57
0.261529,1259,52743,41
0.389905,162,1100,6
0.360928,104,106,1
0.248902,295,2533,8
0.196873,163,407,2
0.175852,595,16465,27
0.20339,1795,57711,32
0.351912,998,46380,46
0.191406,3500,156697,44
0.384548,100,107,1
0.261451,127,395,3
0.110239,1795,156589,87
0.305069,94,139,1
0.056881,795,28040,35
0.21512,3500,98696,28
0.251164,134,162,1
0.125407,99,100,1
0.175459,3500,108891,31
0.232447,3500,193450,55
0.251137,83,98,1
0.1398,3500,186742,53
0.093347,98,210,2
0.341246,59,99,1
0.121755,1401,65311,46
0.312071,334,2860,8
0.230117,104,166,1
0.173137,199,268,1
0.093565,3500,210928,60
0.302538,83,87,1
0.225979,145,1223,8
0.297434,3500,122356,34
0.121653,96,101,1
0.391228,235,3486,14
0.242581,713,11429,16
0.225226,3500,203982,58
0.102571,44,48,1
0.219469,600,4363,7
0.175218,3500,165340,47
0.28075,92,98,1
0.233488,406,11027,27
0.324484,105,240,2
0.226292,3500,150145,42
0.126625,1301,36017,27
0.361428,201,5818,28
0.172054,3500,76895,21
0.317454,3500,186098,53
0.341764,96,103,1
0.075894,248,9982,40
0.284525,3500,60849,17
0.148428,93,147,1
0.383923,144,668,4
0.273436,401,5424,13
0.131516,1496,121207,81
0.17543,651,12581,19
0.093991,3500,79379,22
0.370184,3500,151739,43
0.161979,3500,212125,60
0.145244,3500,292603,83
0.135655,3500,251513,71
0.108384,137,149,1
0.268975,301,3247,10
0.203488,1501,40892,27
0.236201,199,570,2
0.228177,586,27642,47
0.216878,3500,75913,21
0.05558,1218,50247,41
0.102576,100,104,1
0.132844,59,423,7
0.162264,93,96,1
0.321378,151,612,4
0.302574,111,249,2
0.36254,59,496,8
0.060777,101,149,1
0.222694,3500,57118,16
0.28659,101,191,1
0.220127,3500,162726,46
0.128159,94,96,1
0.297903,3500,87386,24
0.197362,3500,228958,65
0.221175,3500,140654,40
0.152351,1075,15717,14
0.16643,3500,196008,56
0.059552,1040,51298,49
0.394286,59,183,3
0.083346,373,2847,7
0.165319,3500,104730,29
0.263918,1498,73424,49
0.307918,399,8160,20
0.13876,132,222,1
0.128263,91,94,1
0.051268,94,107,1
0.299763,3500,152381,43
0.091619,85,190,2
0.245082,205,5436,26
0.242658,3500,65560,18
0.228547,3500,98256,28
0.267228,599,16395,27
0.115438,108,111,1
0.05298,489,25209,51
0.231752,3500,122572,35
0.171108,1016,17708,17
0.115897,3500,80327,22
0.341088,76,100,1
0.345408,3500,189675,54
0.330884,1443,53636,37
0.127431,493,16980,34
0.286465,3500,82619,23
0.281203,99,156,1
0.358459,99,1239,12
0.199566,143,175,1
0.122311,199,6056,30
0.263189,100,239,2
0.390539,1814,70340,38
0.134517,199,3926,19
0.176016,299,4387,14
0.314017,3500,110350,31
0.230023,3500,230851,65
0.328025,3500,93537,26
0.326228,999,14292,14
0.064977,88,99,1
0.271544,3500,129195,36
0.180434,1196,25542,21
0.078742,99,5997,60
0.259548,1130,21315,18
0.093847,67,739,11
0.060023,3500,128936,36
0.36738,54,80,1
0.333456,599,9771,16
0.204692,1629,70240,43
0.230777,3500,71915,20
0.268325,105,159,1
0.219194,3500,129991,37
0.091293,148,746,5
0.195855,3500,113156,32
0.074998,3500,106658,30
0.07893,3500,219933,62
0.214077,103,126,1
0.296815,999,13785,13
0.162587,1999,29871,14
0.307529,80,299,3
0.078716,1401,87922,62
0.316879,84,87,1
0.128905,3500,135597,38
0.179562,3500,208802,59
0.104937,659,21866,33
0.314252,2006,98188,48
0.171321,1485,48069,32
0.307216,86,145,1
0.194841,301,4192,13
0.229825,72,88,1
0.274612,601,32386,53
0.115515,190,446,2
0.068807,3500,60218,17
0.219,192,2560,13
0.279055,94,157,1
0.137753,145,314,2
0.195871,101,1286,12
0.265134,3500,148657,42
0.295525,3500,228642,65
0.198397,1101,53652,48
0.395766,1,2,2
0.152234,1801,154732,85
0.213272,836,23863,28
0.124994,46,50,1
0.05295,3500,116584,33
0.235308,1125,30671,27
0.388074,70,732,10
0.153075,100,116,1
0.265,3500,106083,30
0.306149,128,204,1
0.231769,285,5768,20
0.160297,3500,76426,21
0.055808,78,85,1
0.164457,3500,78713,22
0.086789,180,283,1
0.344183,92,95,1
0.275963,3500,240832,68
0.345229,157,526,3
0.391473,1470,101191,68
0.055118,78,92,1
0.260417,3500,131748,37
0.315129,94,105,1
0.255251,501,9430,18
0.249518,3500,62603,17
0.352137,125,195,1
0.146303,62,461,7
0.293417,89,98,1
0.162768,200,5270,26
0.342292,86,99,1
0.261024,3500,116871,33
0.345625,58,158,2
0.211388,159,166,1
0.298026,61,602,9
0.130579,3500,75657,21
0.09721,3500,220472,62
0.257876,100,153,1
0.254358,3500,100237,28
0.132657,3500,110308,31
0.241597,3500,158871,45
0.1535,54,62,1
0.295242,101,677,6
0.318018,3500,71765,20
0.132474,1250,82322,65
0.212888,150,2369,15
0.156813,1794,140810,78
0.358273,3500,126843,36
0.15228,101,154,1
0.091274,1882,54541,28
0.168734,3500,138472,39
0.182435,160,249,1
0.164232,1561,106657,68
0.115255,1699,106390,62
0.28425,81,98,1
0.180166,801,57418,71
0.261404,3500,154111,44
0.210783,3500,130592,37
0.187513,223,2343,10
0.067194,1301,45943,35
0.376747,233,2937,12
0.268012,253,825,3
0.163276,155,1226,7
0.16927,177,207,1
0.353005,96,148,1
0.061148,202,7219,35
0.165405,3500,79402,22
0.088555,3500,209529,59
0.239698,3500,86164,24
0.198492,1601,123110,76
0.324661,1354,37704,27
0.231379,104,299,2
0.069123,1601,109833,68
0.139516,752,26829,35
0.364275,3500,75522,21
0.371361,3500,98254,28
0.195713,3500,168296,48
0.331501,113,299,2
0.231205,3500,144058,41
0.052074,88,98,1
0.217924,3500,202966,57
0.12185,3500,162471,46
0.29061,3500,137392,39
0.05909,1101,38059,34
0.266258,1,2,2
0.369123,66,85,1
0.198137,3500,188749,53
0.054963,91,94,1
0.211198,3500,172907,49
0.147743,199,2111,10
0.177734,873,10664,12
0.267164,692,5170,7
0.09859,763,11930,15
0.268684,1626,73929,45
0.244928,526,7400,14
0.15619,3500,82798,23
0.203003,95,96,1
0.182943,63,688,10
0.16157,3500,242843,69
0.170892,3500,201683,57
0.172222,3500,150972,43
0.399333,81,94,1
0.159451,704,17807,25
0.15434,3500,169180,48
0.377963,1226,40342,32
0.111693,126,2928,23
0.215404,3500,165349,47
0.139461,187,281,1
0.191138,622,17552,28
0.120747,147,261,1
0.37161,88,103,1
0.109672,895,16039,17
0.132002,3500,101855,29
0.216511,142,150,1
0.347833,1976,83236,42
0.39334,160,220,1
0.26632,101,105,1
0.147648,147,2808,19
0.350989,3500,79807,22
0.309012,77,83,1
0.327015,426,12902,30
0.312375,3500,60744,17
0.130804,80,127,1
0.346343,98,147,1
0.270132,3500,95695,27
0.099132,3500,60831,17
0.057324,88,97,1
0.265725,1308,44850,34
0.367245,226,882,3
0.377063,89,91,1
0.095544,3500,125518,35
0.120402,113,247,2
0.201141,3500,209762,59
0.264609,88,159,1
0.339711,116,1241,10
0.082243,41,45,1
0.373383,3500,236463,67
0.083286,262,2810,10
0.341705,75,196,2
0.310477,173,350,2
0.318919,301,2461,8
0.295404,1761,50629,28
0.395628,1601,91611,57
0.059857,511,18656,36
0.130562,3500,158697,45
0.196321,3500,222459,63
0.198731,53,61,1
0.117918,516,30776,59
0.240553,3500,229374,65
0.126829,1320,29701,22
0.288809,199,495,2
0.341308,98,331,3
0.301969,186,395,2
0.163026,41,67,1
0.111019,483,29715,61
0.266974,3500,117091,33
0.296293,56,80,1
0.118249,101,1597,15
0.279481,1133,15309,13
0.239444,56,284,5
0.133202,88,102,1
0.259089,3500,215932,61
0.10607,97,101,1
0.13696,101,105,1
0.375336,64,608,9
0.369999,85,102,1
0.177482,194,248,1
0.173272,560,5164,9
0.081431,628,37375,59
0.178372,3500,115729,33
0.341234,92,184,2
0.08481,268,1188,4
0.159577,159,489,3
0.220117,749,25651,34
0.308562,3500,209991,59
0.264249,1249,17107,13
0.287383,149,1046,7
0.178456,57,68,1
0.337525,449,6253,13
0.131802,3500,101223,28
0.16037,3500,81123,23
0.310669,1006,20564,20
0.273571,3500,73864,21
0.071665,134,150,1
0.08055,199,444,2
0.315088,149,6120,41
0.170087,1749,77077,44
0.236524,93,99,1
0.114936,491,5050,10
0.252036,185,352,1
0.078999,619,34545,55
0.234334,3500,121968,34
0.237749,106,107,1
0.374894,168,1749,10
0.119135,81,95,1
0.27242,93,150,1
0.157495,113,119,1
0.365888,244,1118,4
0.18363,112,164,1
0.279509,91,102,1
0.063548,76,205,2
0.155343,3500,141799,40
0.115997,99,139,1
0.088367,801,41980,52
0.228562,3500,131585,37
0.11009,3500,69877,19
0.130738,3500,98946,28
0.37269,1202,81593,67
0.104386,149,4242,28
0.258447,185,621,3
0.296868,295,2945,9
0.249882,3500,135211,38
0.06558,3500,151171,43
0.120069,292,483,1
0.166164,128,3469,27
0.282977,3500,86428,24
0.140347,3500,81205,23
0.155336,90,100,1
0.073082,101,1805,17
0.387472,87,91,1
0.053362,3500,42946,12
0.096901,3500,193873,55
0.187534,104,106,1
0.323255,237,3831,16
0.277049,98,253,2
0.289312,398,3796,9
0.273391,1667,82759,49
0.068412,647,35822,55
0.240332,3500,174584,49
0.109455,58,104,1
0.147078,898,40314,44
0.189961,3500,114031,32
0.164198,3500,127142,36
0.105212,999,40425,40
0.188737,3500,118844,33
0.222295,3500,218862,62
0.363328,92,106,1
0.247564,646,6805,10
0.185497,3500,142195,40
0.059389,1452,54963,37
0.102392,353,22733,64
0.149517,3500,96428,27
0.218782,3500,139222,39
0.282316,1344,60531,45
0.372564,277,2798,10
0.266189,3500,188793,53
0.347019,1139,76806,67
0.224154,65,589,9
0.274958,1798,79002,43
0.153249,773,26936,34
0.222433,3500,191737,54
0.301265,3500,158201,45
0.178561,3500,174802,49
0.182055,73,142,1
0.12545,1523,45145,29
0.23681,426,6037,14
0.172736,3500,171851,49
0.307567,3500,105086,30
0.208636,3500,127258,36
0.291329,3500,188676,53
0.369629,3500,133610,38
0.305263,100,150,1
0.074852,66,553,8
0.231084,93,98,1
0.151288,123,152,1
0.235623,3500,84010,24
0.35886,82,131,1
0.285157,3500,201806,57
0.20003,164,249,1
0.320473,301,9054,30
0.283852,345,4096,11
0.206605,88,92,1
0.128277,113,125,1
0.277167,333,3802,11
0.077748,3500,176130,50
0.123287,1085,21119,19
0.183334,3500,60096,17
0.056584,3500,139334,39
0.218491,3500,167948,47
0.127949,3500,212910,60
0.182029,365,847,2
0.266201,227,3859,17
0.151846,2098,128210,61
0.314381,3500,120427,34
0.216543,3500,168896,48
0.162587,1145,65079,56
0.089442,1599,107787,67
0.062815,494,2211,4
0.114823,3500,201286,57
0.376852,139,197,1
0.144549,592,20502,34
0.124998,3500,213112,60
0.058467,80,100,1
0.166623,61,685,11
0.178367,1478,138656,93
0.284842,399,5983,14
0.190542,3500,113646,32
0.29445,3500,136656,39
0.052156,1022,64789,63
0.097459,3500,178404,50
0.262648,145,154,1
0.249001,442,6516,14
0.238541,3500,130126,37
0.254776,62,193,3
0.096745,87,93,1
0.063429,454,29123,64
0.340712,3500,188003,53
0.268122,89,201,2
0.094031,3500,81202,23
0.059589,199,1707,8
0.224069,276,18360,66
0.098025,1589,79041,49
0.337813,1092,54234,49
0.179053,3500,195788,55
0.285708,81,96,1
0.239323,3500,78295,22
0.222361,199,1035,5
0.220649,3500,274772,78
0.128473,1728,44241,25
0.207745,3500,135771,38
0.050528,1153,46129,40
0.111253,53,753,14
0.331308,38,53,1
0.345635,3500,115075,32
0.162842,3500,213060,60
0.217747,102,611,5
0.230647,1199,25561,21
0.219235,450,6679,14
0.118045,91,98,1
0.188001,500,15858,31
0.324877,1550,54619,35
0.148143,450,8180,18
0.185677,1650,77079,46
0.199086,3500,72671,20
0.217344,1791,111617,62
0.064273,891,73652,82
0.244626,3500,156093,44
0.166177,3500,114474,32
0.171911,3500,228445,65
0.21178,99,108,1
0.078139,112,113,1
0.129581,3500,89313,25
0.345869,1391,55318,39
0.236119,291,3886,13
0.183363,3500,151842,43
0.175995,3500,204234,58
0.375843,451,8359,18
0.227205,1216,31283,25
0.18835,122,1037,8
0.280423,83,101,1
0.068096,448,37710,84
0.170212,3500,262612,75
0.284258,157,311,1
0.271469,111,162,1
0.232286,252,3291,13
0.21909,3500,103947,29
0.200233,3500,73904,21
0.241725,3500,54019,15
0.292119,78,246,3
0.219064,3500,90915,25
0.136678,1416,79289,55
0.361479,913,37108,40
0.20427,3500,103632,29
0.10801,50,54,1
0.194227,95,103,1
0.305571,61,592,9
0.195676,3500,144362,41
0.335212,206,684,3
0.320531,228,2989,13
0.176264,67,71,1
0.214883,3500,78897,22
0.238041,94,102,1
0.058642,103,2755,26
0.056359,142,153,1
0.283461,491,8975,18
0.313264,3500,150028,42
0.131261,3500,126356,36
0.085499,1415,69196,48
0.06239,220,506,2
0.177612,301,4447,14
0.287412,107,190,1
0.349335,3500,165465,47
0.096525,3500,116342,33
0.211461,771,15552,20
0.103479,692,7929,11
0.22006,91,101,1
0.326876,495,5807,11
0.283003,543,7740,14
0.167506,92,97,1
0.232888,3500,143208,40
0.164039,3500,83153,23
0.150489,87,111,1
0.18979,3500,257860,73
0.358887,3500,120232,34
0.221828,3500,128742,36
0.275275,1269,37528,29
0.192033,208,2877,13
0.157179,1796,58204,32
0.364364,97,108,1
0.199129,206,5187,25
0.299097,3500,210476,60
0.318923,306,3113,10
0.178949,901,27023,29
0.16576,125,229,1
0.347944,3500,129705,37
0.153126,3500,161594,46
0.212959,56,60,1
0.39771,59,104,1
0.386614,85,88,1
0.059394,101,1502,14
0.058915,3500,57762,16
0.316367,100,157,1
0.149772,3500,79283,22
0.070115,88,91,1
0.334225,59,489,8
0.171928,3500,129222,36
0.342129,90,98,1
0.289571,3500,191661,54
0.265445,115,187,1
0.379054,67,824,12
0.25187,1101,35739,32
0.392251,1,2,2
0.265789,114,306,2
0.215827,701,36767,52
0.306146,273,818,2
0.267716,3500,203668,58
0.255115,138,147,1
0.368874,189,4262,22
0.075634,146,388,2
0.085791,301,16679,55
0.256274,3500,81056,23
0.354917,3500,139204,39
0.36903,199,754,3
0.15929,261,11119,42
0.327938,81,82,1
0.195846,634,22353,35
0.280858,3500,182264,52
0.398169,98,140,1
0.164369,142,5239,36
0.088622,3500,99012,28
0.123635,1183,97657,82
0.391709,90,1896,21
0.196802,344,2777,8
0.215254,152,4810,31
0.392102,1039,20150,19
0.152508,74,80,1
0.136591,801,34070,42
0.37993,3500,154908,44
0.22464,3500,191697,54
0.225344,1001,27176,27
0.082598,1359,29881,21
0.257083,3500,67509,19
0.233595,3500,69194,19
0.286014,106,218,2
0.33224,62,730,11
0.369454,75,86,1
0.242679,74,1054,14
0.304288,90,255,2
0.101751,3500,36500,10
0.34093,109,110,1
0.173954,3500,106567,30
0.245287,3500,191993,54
0.220311,1785,103862,58
0.089047,737,36902,50
0.158388,3500,189691,54
0.296078,1617,60516,37
0.32464,199,284,1
0.299492,397,5898,14
0.270654,3500,117256,33
0.216081,1132,17385,15
0.092716,65,789,12
0.058501,436,7722,17
0.162762,3500,225730,64
0.190039,1249,22003,17
0.125528,151,1625,10
0.198902,101,107,1
0.13285,3500,174869,49
0.209469,97,98,1
0.331895,143,1961,13
0.136171,143,334,2
0.072298,342,13728,40
0.202046,3500,182033,52
0.201643,3500,125584,35
0.234911,40,43,1
0.185276,3500,191200,54
0.132726,3500,198447,56
0.333265,3500,122278,34
0.205354,100,371,3
0.245595,720,34896,48
0.223916,3500,192104,54
0.319833,3500,163272,46
0.277713,1017,13663,13
0.108204,110,187,1
0.365692,105,145,1
0.365206,57,78,1
0.286714,3500,79913,22
0.124449,3500,239221,68
0.225021,3500,128760,36
0.062406,1082,46606,43
0.159301,3500,90665,25
0.148195,1830,96660,52
0.313048,90,247,2
0.242951,199,660,3
0.161885,101,3221,31
0.21028,1851,109950,59
0.324179,1584,140344,88
0.082823,616,34792,56
0.391372,3500,113547,32
0.209284,3500,117325,33
0.092706,69,90,1
0.105197,344,16259,47
0.218864,3500,209301,59
0.14031,166,425,2
0.377284,121,173,1
0.100094,189,513,2
0.336746,488,16192,33
0.268473,3500,155512,44
0.35575,118,400,3
0.136885,3500,111152,31
0.153988,1163,28006,24
0.365022,99,198,2
0.383481,354,4210,11
0.24339,91,98,1
0.156117,3500,122858,35
0.302233,3500,131918,37
0.066227,3500,168051,48
0.074056,3500,84758,24
0.248081,92,98,1
0.254392,498,20306,40
0.060347,3500,61680,17
0.134484,3500,82553,23
0.204421,3500,107104,30
0.294758,239,1107,4
0.138025,557,5961,10
0.208906,3500,86570,24
0.064106,1141,56179,49
0.385584,66,728,11
0.371287,82,96,1
0.22329,98,946,9
0.308101,137,195,1
0.090764,1288,61854,48
0.121609,198,4953,25
0.149437,199,516,2
0.211854,3500,159098,45
0.316485,129,296,2
0.320709,298,4025,13
0.308973,191,218,1
0.224684,554,5867,10
0.162417,1998,88508,44
0.120563,1298,66218,51
0.340116,198,1703,8
0.171482,3500,87010,24
0.357106,120,130,1
0.21998,3500,127278,36
0.1785,3500,59178,16
0.352726,87,102,1
0.179926,198,3825,19
0.084612,85,157,1
0.185473,698,13633,19
0.147662,3500,205249,58
0.069713,57,80,1
0.280573,56,387,6
0.345269,112,164,1
0.295667,3500,117594,33
0.242154,3500,179627,51
0.205068,2001,96728,48
0.294273,103,106,1
0.380322,3500,134250,38
0.057789,104,116,1
0.083135,62,632,10
0.145905,3500,240924,68
0.198385,101,108,1
0.29075,199,1084,5
0.110539,461,26863,58
0.143236,3500,75271,21
0.228753,3500,161196,46
0.195407,3500,215849,61
0.100308,88,146,1
0.35652,1201,54333,45
0.157226,101,1336,13
0.256435,3500,131447,37
0.297223,201,309,1
0.369183,61,588,9
0.241307,1101,26168,23
0.052454,1,2,2
0.168641,93,94,1
0.251775,537,16795,31
0.268661,3500,163141,46
0.239098,147,206,1
0.314323,3500,95027,27
0.060258,141,271,1
0.132253,3500,149324,42
0.344629,3500,80499,22
0.37891,302,1071,3
0.198871,701,24558,35
0.246043,3500,185483,52
0.173374,98,103,1
0.170371,1498,130679,87
0.233692,647,11664,18
0.391173,88,97,1
0.303283,901,13238,14
0.287409,3500,183192,52
0.247701,153,173,1
0.17848,199,350,1
0.33539,401,17124,42
0.241568,3500,112228,32
0.315723,3500,187379,53
0.251698,3500,107819,30
0.36919,154,241,1
0.12069,3500,117364,33
0.129941,3500,147142,42
0.11128,87,92,1
0.068565,647,28370,43
0.233583,3500,69241,19
0.334308,74,96,1
0.150771,116,121,1
0.298773,123,258,2
0.271074,3500,135578,38
0.192738,3500,159911,45
0.129244,84,194,2
0.142519,446,3242,7
0.181308,3500,136070,38
0.314503,1741,84679,48
0.254412,1045,18069,17
0.15049,3500,112068,32
0.2121,3500,61602,17
0.175587,3500,179199,51
0.307268,31,38,1
0.058927,101,1622,16
0.081317,1501,59765,39
0.187521,1255,71942,57
0.198712,155,2572,16
0.241747,3500,113395,32
0.392566,103,104,1
0.386749,100,138,1
0.062776,613,47545,77
0.075833,1821,103535,56
0.15833,848,24618,29
0.114724,3500,99547,28
0.231336,3500,82387,23
0.348086,199,333,1
0.059001,644,37972,58
0.125268,3500,151368,43
0.282162,112,309,2
0.183473,3500,79611,22
0.380666,89,107,1
0.157468,152,1102,7
0.221605,3500,85854,24
0.061467,85,103,1
0.209123,3500,155709,44
0.381375,3500,47059,13
0.258832,112,279,2
0.375263,1201,40693,33
0.057307,101,2659,26
0.181209,126,223,1
0.321343,3500,149715,42
0.214233,1463,85776,58
0.13104,489,11818,24
0.263042,399,3612,9
0.154299,957,29997,31
0.222677,3500,198228,56
0.124319,3500,148681,42
0.315454,3500,116184,33
0.094074,3500,115382,32
0.17674,1101,20564,18
0.215545,65,88,1
0.371164,135,358,2
0.154678,251,2544,10
0.083516,935,51072,54
0.275871,37,81,2
0.132919,138,9996,72
0.117115,3500,60724,17
0.054077,199,1928,9
0.342903,107,303,2
0.08963,127,150,1
0.22897,86,87,1
0.164484,3500,99692,28
0.224723,3500,156321,44
0.192211,199,384,1
0.339435,424,41453,97
0.196498,3500,197492,56
0.165775,1159,52729,45
0.078694,69,714,10
0.082952,3500,75243,21
0.129229,199,439,2
0.280082,105,161,1
0.313468,261,1529,5
0.137682,115,143,1
0.114388,3500,109049,31
0.26136,3500,105358,30
0.200693,1461,48191,32
0.196554,501,9564,19
0.313362,199,432,2
0.343844,97,112,1
0.187276,297,3892,13
0.370931,44,46,1
0.220563,38,39,1
0.305636,101,1832,18
0.204874,3500,103648,29
0.134948,138,249,1
0.149351,58,456,7
0.186393,3500,147711,42
0.331122,185,1223,6
0.397825,155,537,3
0.278899,3500,109996,31
0.168459,3500,123604,35
0.165148,218,387,1
0.084106,344,11466,33
0.304258,99,125,1
0.331781,91,101,1
0.195442,222,1981,8
0.204381,3500,199858,57
0.204416,3500,102897,29
0.224547,3500,206436,58
0.100497,314,1622,5
0.088818,170,3892,22
0.127427,412,2288,5
0.206707,3500,128517,36
0.25017,87,96,1
0.359482,3500,86605,24
0.319611,1625,33576,20
0.209247,1646,69939,42
0.27532,170,240,1
0.110975,3500,218329,62
0.231316,72,149,2
0.386081,169,547,3
0.303844,282,2307,8
0.093598,1700,120022,70
0.296324,3500,111397,31
0.098655,2049,101587,49
0.344879,3500,78303,22
0.241793,3500,137367,39
0.212099,36,51,1
0.284019,3500,79127,22
0.214113,3500,242615,69
0.355214,80,92,1
0.238052,124,3643,29
0.375352,131,137,1
0.226437,3500,227456,64
0.321994,49,57,1
0.200613,3500,183298,52
0.386258,147,308,2
0.353855,3500,123509,35
0.381024,1262,41294,32
0.37587,201,8952,44
0.17281,3500,121778,34
0.301411,139,249,1
0.37304,62,352,5
0.392895,151,249,1
0.180904,3500,262867,75
0.28984,255,668,2
0.155114,3500,74386,21
0.146373,108,275,2
0.094899,1835,100156,54
0.165499,3500,166641,47
0.166132,105,108,1
0.205025,142,502,3
0.131325,103,165,1
0.350593,3500,121126,34
0.344011,95,98,1
0.321859,701,10477,14
0.200982,3500,73198,20
0.258149,1103,18275,16
0.272028,65,801,12
0.344034,1214,33808,27
0.133465,130,802,6
0.254921,90,91,1
0.145726,1385,22589,16
0.261368,401,4553,11
0.393421,3500,182247,52
0.086012,2079,126250,60
0.269855,3500,182954,52
0.108501,53,86,1
0.192137,101,148,1
0.156348,63,688,10
0.371739,3500,139802,39
0.169321,3500,131770,37
0.221408,1796,47781,26
0.171827,283,1042,3
0.060255,1550,101793,65
0.21761,3500,138858,39
0.189213,88,97,1
0.350914,201,2575,12
0.284058,3500,95564,27
0.368348,3500,154301,44
0.124058,3500,177967,50
0.30425,1301,62225,47
0.273688,239,3506,14
0.174291,3500,128731,36
0.367595,113,114,1
0.206569,3500,133460,38
0.071794,1344,37263,27
0.318743,257,3331,12
0.057574,1947,97338,49
0.113475,89,105,1
0.280796,3500,126308,36
0.151537,245,531,2
0.057227,100,298,2
0.396751,105,136,1
0.264021,3500,169050,48
0.071653,1201,17343,14
0.34289,101,1202,11
0.268729,84,97,1
0.140798,119,222,1
0.342202,3500,188145,53
0.285493,95,103,1
0.179102,533,12853,24
0.226017,3500,197780,56
0.292389,131,142,1
0.09554,60,507,8
0.367111,125,239,1
0.378503,3500,197070,56
0.235022,3500,134175,38
0.355047,76,95,1
0.372015,61,496,8
0.384147,95,104,1
0.092531,315,8124,25
0.302686,145,163,1
0.078554,345,1842,5
0.364714,3500,85259,24
0.300214,3500,138451,39
0.325662,1269,39897,31
0.394955,241,6592,27
0.29461,3500,103877,29
0.316477,52,94,1
0.343517,3500,88822,25
0.194714,3500,138856,39
0.333836,95,142,1
0.252502,202,8018,39
0.178124,3500,105495,30
0.087084,353,3174,8
0.158106,191,513,2
0.327689,843,48908,58
0.394898,3500,82749,23
0.275593,3500,201102,57
0.349159,3500,268393,76
0.27575,3500,90827,25
0.155978,3500,151381,43
0.354297,88,142,1
0.358388,120,197,1
0.223637,701,27059,38
0.370547,1701,47216,27
0.160057,3500,108949,31
0.100652,104,105,1
0.220733,199,2093,10
0.377759,1508,46540,30
0.055323,501,31845,63
0.070345,131,310,2
0.281307,443,9022,20
0.288707,3500,177281,50
0.157988,100,168,1
0.050954,1,2,2
0.242343,61,81,1
0.305451,501,6328,12
0.102628,3500,223598,63
0.057556,1265,60950,48
0.281404,284,1886,6
0.276107,1377,35849,26
0.197685,1661,117536,70
0.33771,874,12360,14
0.168177,3500,104118,29
0.238015,3500,77224,22
0.095886,125,185,1
0.256004,3500,172445,49
0.362544,115,234,2
0.305924,1231,21091,17
0.295231,159,2092,13
0.158506,1713,162469,94
0.132302,3500,218312,62
0.216664,3500,186086,53
0.342834,1547,50874,32
0.144698,454,13386,29
0.212283,117,118,1
0.288994,501,6789,13
0.249641,1548,50803,32
0.080588,526,30588,58
0.20919,199,289,1
0.348264,499,4727,9
0.289372,3500,144447,41
0.274399,158,285,1
0.051112,3500,123224,35
0.077648,3500,133006,38
0.270286,1393,38394,27
0.361987,299,4663,15
0.075979,1693,124863,73
0.147417,634,10477,16
0.120145,3500,171568,49
0.098202,170,322,1
0.310691,3500,142388,40
0.296816,102,106,1
0.146819,540,2926,5
0.193491,3500,51669,14
0.134783,93,114,1
0.202013,150,3268,21
0.274717,3500,113872,32
0.183783,96,249,2
0.1245,167,559,3
0.374819,69,814,11
0.233298,3500,109723,31
0.285354,1601,94295,58
0.369947,801,18883,23
0.231083,3500,185045,52
0.070487,128,828,6
0.194443,3500,48512,13
0.065083,1901,159094,83
0.238703,96,107,1
0.18423,64,478,7
0.212833,3500,192264,54
0.395942,288,2288,7
0.338191,301,3357,11
0.339449,1901,88533,46
0.294641,100,101,1
0.193122,301,4282,14
0.288769,259,1499,5
0.279813,3500,168470,48
0.197625,1955,43529,22
0.335975,142,442,3
0.368597,3500,192131,54
0.17363,3500,136808,39
0.089283,378,12277,32
0.243814,64,557,8
0.279422,3500,154590,44
0.18942,3500,172058,49
0.378211,3500,115848,33
0.185055,183,1394,7
0.28567,61,465,7
0.115668,1640,122349,74
0.167666,108,147,1
0.299228,66,612,9
0.209635,213,1397,6
0.071479,90,94,1
0.160254,3500,242265,69
0.378212,1280,63078,49
0.334816,252,4510,17
0.110272,141,336,2
0.249286,301,2358,7
0.112347,123,144,1
0.10013,456,11132,24
0.065681,1601,82585,51
0.252809,335,2906,8
0.170562,3500,57009,16
0.252214,103,109,1
0.064715,160,2395,14
0.123092,100,125,1
0.386842,356,5767,16
0.269474,142,168,1
0.22406,3500,108120,30
0.215072,3500,162246,46
0.120332,3500,188764,53
0.31919,3500,160619,45
0.264027,135,202,1
0.243978,827,28297,34
0.214405,55,58,1
0.154563,89,441,4
0.187619,1122,29064,25
0.287378,3500,102724,29
0.347455,152,211,1
0.362773,160,173,1
0.332427,63,612,9
0.386709,83,102,1
0.172671,293,14023,47
0.198792,3500,132766,37
0.200285,1397,28082,20
0.38591,339,1644,4
0.395814,94,103,1
0.257346,3500,119884,34
0.217324,3500,63184,18
0.196206,1024,35038,34
0.124739,3500,81791,23
0.308951,94,100,1
0.299004,348,12433,35
0.119145,103,115,1
0.07357,704,26988,38
0.200747,3500,170074,48
0.073937,91,140,1
0.225499,66,846,12
0.295899,809,22415,27
0.330874,3500,193134,55
0.289212,97,117,1
0.268935,200,1453,7
0.261974,3500,111647,31
0.164713,1199,51880,43
0.099135,99,1777,17
0.222961,3500,96071,27
0.125135,2018,71158,35
0.358612,3500,163412,46
0.207684,999,16670,16
0.136841,3500,84400,24
0.273511,105,134,1
0.256614,161,167,1
0.269372,3500,148352,42
0.076625,153,654,4
0.35011,87,97,1
0.328788,1358,49462,36
0.080719,377,14244,37
0.184937,3500,171001,48
0.144035,1158,88326,76
0.396066,59,434,7
0.166249,126,146,1
0.367482,59,62,1
0.394092,345,2446,7
0.121619,69,86,1
0.323955,3500,67771,19
0.075284,3500,144011,41
0.062614,1750,67883,38
0.298828,1171,34778,29
0.257755,72,822,11
0.392282,3500,101306,28
0.296711,106,114,1
0.185783,3500,121664,34
0.161619,86,193,2
0.084042,93,149,1
0.211414,501,8884,17
0.201204,114,116,1
0.124856,226,689,3
0.159037,199,1646,8
0.305057,1,2,2
0.160388,132,1080,8
0.334953,3500,99773,28
0.055373,1099,111163,101
0.283295,3500,79740,22
0.201092,102,109,1
0.207991,3500,90225,25
0.054647,113,210,1
0.286932,92,99,1
0.378067,66,92,1
0.236053,64,487,7
0.207137,1257,12114,9
0.118626,157,3592,22
0.208358,3500,219814,62
0.227356,3500,191019,54
0.19898,2001,77133,38
0.293426,3500,85862,24
0.363638,40,66,1
0.211864,48,60,1
0.255874,1182,24784,20
0.250106,82,1506,18
0.274445,3500,84252,24
0.25232,1161,40107,34
0.29124,78,1455,18
0.104299,3500,90173,25
0.186379,3500,201187,57
0.153236,142,1559,10
0.399441,3500,127477,36
0.368404,187,473,2
0.170895,688,12924,18
0.338991,239,1222,5
0.075879,1836,89038,48
0.278169,941,47499,50
0.066118,3500,157808,45
0.154041,3500,193114,55
0.076734,176,202,1
0.210638,3500,65290,18
0.236,3500,231960,66
0.192573,91,139,1
0.160853,884,29578,33
0.062221,3500,139893,39
0.192389,199,409,2
0.280276,301,2698,8
0.248121,3500,164878,47
0.210422,3500,201580,57
0.142313,111,200,1
0.13361,159,3824,24
0.102424,70,206,2
0.242827,96,102,1
0.17656,499,10712,21
0.280354,3500,178337,50
0.365614,87,105,1
0.306462,99,1603,16
0.230746,3500,89742,25
0.160573,1049,24739,23
0.170282,3500,145087,41
0.223956,3500,59728,17
0.375631,107,112,1
0.210573,246,263,1
0.153742,983,34533,35
0.272708,3500,138422,39
0.171632,158,261,1
0.146412,64,93,1
0.247544,3500,189527,54
0.347024,122,260,2
0.105094,89,202,2
0.382855,3500,161607,46
0.362203,131,362,2
0.212312,3500,87887,25
0.269267,3500,165931,47
0.263715,102,235,2
0.390599,113,114,1
0.064088,405,20807,51
0.115604,3500,170910,48
0.269878,3500,171049,48
0.108252,3500,193785,55
0.276496,3500,172427,49
0.257352,40,45,1
0.192538,3500,197919,56
0.311021,3500,189565,54
0.369338,1601,71167,44
0.151946,562,41447,73
0.222034,3500,179348,51
0.133503,199,468,2
0.257127,342,8721,25
0.30569,105,155,1
0.302697,858,24247,28
0.263664,3500,118433,33
0.349497,217,1199,5
0.277105,65,694,10
0.344499,1357,90906,66
0.237897,301,4593,15
0.194226,1452,95434,65
0.094963,3500,144122,41
0.133774,165,814,4
0.08054,452,7167,15
0.102765,210,422,2
0.16173,258,3403,13
0.229218,733,23210,31
0.198529,3500,225945,64
0.246485,153,582,3
