evolution rate,arithmetic mean length lived,arithmetic mean species population time
0.05,3249.4444444444443,217199.66666666666
0.053,1039.0,54158.0
0.058,520.0,8679.0
0.062,3219.8,211542.0
0.073,3721.6428571428573,258198.92857142858
0.081,81.0,85.0
0.085,3444.8571428571427,248220.85714285713
0.092,713.0,6600.0
0.095,85.0,88.0
0.097,4001.0,279229.77777777775
0.106,107.0,192.0
0.108,2429.5,154786.75
0.109,99.0,280.0
0.114,82.0,83.0
0.12,3048.5714285714284,180227.0
0.123,175.0,203.0
0.132,4001.0,291350.44444444444
0.143,4001.0,283408.4
0.145,205.0,464.0
0.152,104.0,105.0
0.155,2637.3333333333335,165177.88888888888
0.158,963.0,17874.0
0.167,3011.230769230769,175232.07692307694
0.17,100.0,111.0
0.178,2497.875,125809.25
0.186,360.0,1838.0
0.19,2240.5555555555557,113720.22222222222
0.195,84.0,98.0
0.202,2610.5,176657.0
0.213,1978.5714285714287,69022.42857142857
0.219,169.0,277.0
0.225,1373.3333333333333,38470.0
0.228,95.0,101.0
0.237,2108.0,114213.33333333333
0.24,101.0,165.0
0.245,400.0,3221.0
0.248,1039.4,14015.2
0.251,79.0,88.0
0.26,2422.5,146938.0
0.261,162.0,201.0
0.264,48.0,53.0
0.269,98.0,162.0
0.272,1972.5,91667.75
0.274,224.0,561.0
0.283,1763.3333333333333,93248.33333333333
0.295,3338.5,185404.0
0.298,97.0,103.0
0.307,991.5,22944.25
0.318,978.6666666666666,21907.0
0.326,52.0,66.0
0.33,3088.0,91901.0
0.331,477.0,8481.0
0.335,48.0,68.0
0.338,277.0,446.0
0.342,417.0,6339.0
0.349,118.0,145.0
0.353,109.0,1006.0
0.355,75.0,96.0
0.377,440.0,8160.0
0.386,85.0,188.0
0.388,1840.0,96719.0
0.391,1115.0,42366.0
