evolution rate,geometric mean length lived,geometric mean species population time
0.05,65.0,608.0
0.05,3499.999999999999,104275.00000000003
0.05,3499.999999999999,187215.0
0.05,1065.9999999999998,92592.99999999996
0.05,3499.999999999999,107435.99999999997
0.05,3499.999999999999,162091.99999999997
0.05,784.7853209636377,59579.71859618002
0.05,1014.0,48195.99999999999
0.05,1261.0,80665.00000000001
0.05,801.9999999999998,43032.00000000001
0.05,1363.6993803621092,71194.14098786499
0.05,1920.0000000000002,158423.00000000006
0.05,3499.999999999999,206583.0000000001
0.05,1178.0,70739.99999999997
0.05,2450.7141816213493,107603.89626309997
0.05,1128.0,91459.00000000001
0.05,3499.999999999999,75546.00000000001
0.05,1946.0215826141286,77860.5249661213
0.05,1141.2764783346759,40654.6609996935
0.05,3499.999999999999,131127.6100674453
0.05,1158.0,55646.99999999998
0.05,3499.999999999999,135054.0
0.05,1362.4199094408448,70296.00452645561
0.05,210.39961977151953,4802.791375856336
0.05,1078.4155043395842,54812.471226902395
0.05,1108.0000000000002,40640.999999999985
0.05,1798.9999999999998,57353.00000000001
0.05,1785.2270815622635,65462.83809462131
0.05,1410.6693446729466,146663.9720722167
0.05,1261.0,88937.99999999999
0.05,3499.999999999999,86241.99999999997
0.05,388.0,24308.0
0.05,3499.999999999999,162086.0
0.05,1538.0,119914.00000000001
0.05,2025.3394777172546,119086.74697043333
0.05,1878.874130962476,90925.12507552575
0.05,1235.0,112116.00000000001
0.05,2488.27249311646,102409.20403948067
0.05,64.0,616.0000000000001
0.05,190.0,288.0
0.05,1135.0,33577.00000000001
0.05,1401.0000000000002,56413.00000000002
0.05,2247.331751210754,148434.3866359813
0.05,3499.999999999999,222955.9999999999
0.05,1109.0,62195.99999999999
0.05,322.99999999999994,5192.000000000001
0.05,3499.999999999999,218940.0
0.05,480.62459362791657,6327.514836015791
0.05,1924.0000000000002,69556.0
0.05,1954.0982575090738,90291.78311452265
0.05,1434.5962839431097,95566.91114462122
0.05,67.0,706.9999999999999
0.05,3499.999999999999,207695.00000000006
0.05,290.0,1557.0000000000002
0.05,1925.9999999999998,55413.999999999985
0.05,3499.999999999999,228939.00000000003
0.05,3499.999999999999,192024.0
0.05,1283.8808355918397,89207.94937672319
0.05,2026.2033461624717,88757.27287383268
0.05,1127.9317355230323,53449.23907783907
0.051,170.5639861546932,1634.1609768060716
0.051,1803.6787418979961,70652.57804545733
0.051,2294.340863951998,89354.42724342203
0.051,3499.999999999999,142267.99999999994
0.051,1524.3364623848397,108548.64813707086
0.051,1120.3624413554753,54859.23328848114
0.051,1624.5512320668545,60710.05837560978
0.051,307.2328107478106,7344.217793611517
0.051,93.0,110.00000000000001
0.051,1522.0,88352.99999999999
0.051,3499.999999999999,150525.99999999994
0.051,224.63971153827634,6464.2595863718225
0.051,2492.457265750822,135050.09598767603
0.051,1225.9999999999998,64751.0
0.051,772.1464194077025,31141.937561385454
0.051,97.0,798.9999999999999
0.051,738.9181280764466,12494.749017087137
0.051,1393.0,72712.99999999997
0.051,1177.6693084223602,75579.21428541049
0.051,1228.3024871748814,38660.332965457004
0.051,1644.9587176257517,70687.93407137698
0.051,1227.9999999999998,141671.0
0.051,918.4225606985054,34401.726090415876
0.051,1059.2809828468428,29597.054449653348
0.051,772.2499595338286,40707.41288758106
0.051,1541.9999999999995,169990.0000000001
0.051,1142.6104306813086,38821.87337542226
0.051,2104.162541250081,127008.24834631801
0.051,2522.333229977339,132552.9000492313
0.051,425.8321265475399,3285.409563509548
0.051,1716.0000000000005,74832.00000000003
0.051,1128.0471168359559,67112.45103223783
0.051,1108.108772072071,68549.05730497015
0.051,609.3291918228482,15159.364231044674
0.051,1939.189754465102,100618.47499683019
0.051,3499.999999999999,182077.00000000006
0.051,1585.9999999999995,83247.00000000001
0.051,350.99999999999994,6842.000000000003
0.051,1083.0,65542.0
0.051,999.0,87106.0
0.051,1373.643330708521,123375.42080981935
0.051,1067.5204916066016,67016.77991369022
0.051,1274.8056057339834,105657.21583952429
0.051,1649.1235014186766,69751.75400408648
0.051,1904.5232949518304,113843.7328760365
0.051,1701.1464009105662,99926.50439365032
0.051,1183.5830495584805,55355.52620660485
0.051,1083.9999999999998,10239.999999999998
0.051,1206.9972809221526,41657.35124067118
0.051,637.1812928829596,13787.81048607791
0.051,3499.999999999999,159039.0
0.051,3499.999999999999,186741.12186660978
0.051,2855.156357251697,125283.14206487148
0.051,601.0,20163.999999999996
0.051,1786.0000000000002,120765.99999999999
0.051,1956.7830743339946,79126.72423397793
0.051,3499.999999999999,127212.00000000001
0.051,1493.780439020407,88884.31672685569
0.051,1103.6303729057115,11229.701687934546
0.051,1509.6860600800424,85892.26574028654
0.051,3499.999999999999,76419.00000000004
0.051,783.1551570410554,58514.89175415093
0.051,1175.0000000000002,21915.999999999993
0.051,1016.2076559443941,77117.61104961699
0.051,2824.780049181779,59748.55006262803
0.051,1378.2417262682866,61018.584274753244
0.051,1355.9999999999998,78578.00000000003
0.051,1410.9571219565814,79881.18008016658
0.051,791.7738377638852,25706.223858608377
0.051,3499.999999999999,105457.00000000004
0.051,1961.2496016570656,80731.98003269832
0.051,1370.0,64999.000000000015
0.051,370.2975254806324,15256.745960280077
0.051,1385.9927849740054,109843.51136503242
0.051,1075.9535305950715,53033.65476751534
0.051,1978.1304304822772,115781.41328814394
0.051,1156.1202359616407,76271.08605493956
0.051,472.6181036012949,17125.66347087191
0.051,446.9934886869387,16625.998202280025
0.051,101.0,980.9999999999999
0.052,564.3580423808985,4518.273010786313
0.052,1564.0000000000005,76185.99999999999
0.052,248.02697634058757,2157.3927889662427
0.052,2215.964801164495,88891.71798879807
0.052,1398.7494414654825,27756.82834907474
0.052,297.1783975998255,9929.463177835947
0.052,1260.7008270505678,99803.13773273808
0.052,1928.8597668052496,86185.9019561784
0.052,1613.9999999999998,93315.99999999999
0.052,1085.9999999999998,52813.00000000002
0.052,3499.999999999999,103663.99999999999
0.052,3499.999999999999,195342.99999999997
0.052,1901.4468175576194,97796.81780098987
0.052,269.0,1686.0
0.052,130.0,1711.0
0.052,661.6971168540207,14296.225763576456
0.052,1352.5785195000724,20360.309140492172
0.052,1387.9999999999998,59094.000000000015
0.052,1435.0,142042.99999999997
0.052,1636.0302061005466,114231.57046959395
0.052,1576.365647281569,74929.07791203899
0.052,442.7188724235731,3635.0708383744054
0.052,1292.0000000000002,30209.000000000007
0.052,1121.0,54493.00000000001
0.052,1366.0000000000002,92921.99999999999
0.052,3499.999999999999,70262.00000000003
0.052,3499.999999999999,89638.00000000001
0.052,3499.999999999999,135549.00000000003
0.052,1497.254236180091,52588.73091629182
0.052,2073.16183642281,132450.02835786788
0.052,968.4148028388918,23926.044523082208
0.052,2229.7681216806145,102493.69705487545
0.052,455.99999999999994,22805.999999999996
0.052,462.0000000000001,8781.310209757994
0.052,302.9851481508623,4884.797846380133
0.052,1347.8156714806107,73994.55628521435
0.052,733.0436549074004,24992.856579430874
0.052,1548.9999999999998,53639.999999999985
0.052,2565.2425524929195,117526.44846085568
0.052,1227.9999999999998,110915.00000000006
0.052,92.0,95.0
0.052,75.1997340420829,266.7976761517986
0.052,891.2860882940162,33233.62556789644
0.052,1125.9999999999998,105344.99999999999
0.052,1130.6488460419282,33191.94611296023
0.052,809.0117428072352,5849.159939683648
0.052,1278.6269611171736,68476.90284735117
0.052,3499.999999999999,104206.99999999997
0.052,600.416522091123,7439.751474343746
0.052,1183.9999999999998,139366.0
0.052,1846.9653682055696,128833.04742792484
0.052,3499.999999999999,224102.0000000001
0.052,1449.3445608859333,75590.40011299065
0.052,1896.8394766031206,67029.65566075963
0.052,1442.9999999999995,95971.99999999999
0.052,1259.0000000000002,85065.00000000001
0.052,3499.999999999999,152597.99999999994
0.052,1180.9999999999998,66504.00000000001
0.052,3499.999999999999,115867.99767639463
0.052,2079.903843931253,79545.81049935942
0.052,365.92706600107925,15850.170003302183
0.052,1388.9999999999998,97353.00000000001
0.052,288.99999999999994,955.0000000000001
0.052,3499.999999999999,78893.72579616203
0.052,1105.0000000000002,57965.00000000002
0.052,1466.270779903903,82723.26953765796
0.052,1317.50445919549,54232.7994944019
0.052,1239.4788869080194,66960.76711335094
0.052,1261.0,73760.99999999999
0.052,631.730073787596,12955.949038391767
0.052,2500.3199590487347,77538.25203089994
0.052,1169.4510771238872,36211.62295051281
0.052,1131.0,43544.0
0.052,3499.999999999999,256605.99999999994
0.052,1906.043021550143,59616.07953396466
0.052,1047.9999999999998,49434.999999999985
0.052,2000.0783666084335,90923.39520627286
0.052,1168.5777883089822,53167.83870273701
0.052,576.07527589692,9211.030445690421
0.052,3499.999999999999,98023.99999999999
0.052,1236.0000000000002,61909.99999999999
0.053,1695.9245266225735,157114.59102196712
0.053,2297.609522708261,122296.21565416262
0.053,1615.0000000000002,117551.00000000003
0.053,1407.9999999999998,127965.99999999996
0.053,3499.999999999999,149334.9999999999
0.053,1294.9999999999998,134950.0
0.053,450.94345543537946,8217.421128310267
0.053,1155.9519886223645,40289.68073837269
0.053,1408.3874930973402,56531.28128404276
0.053,1134.0000000000002,58710.0
0.053,1212.5481433741095,61671.56660893254
0.053,767.0806417910507,17456.231097761807
0.053,1872.6985876002573,60070.08551683607
0.053,998.8880669076451,21104.069518467848
0.053,313.2969837071529,5627.248794926343
0.053,1075.1734743751822,88817.1558765535
0.053,311.53169983165435,2359.8792341982244
0.053,1994.7376263508881,65086.42092077777
0.053,481.17980007477445,8664.740619314582
0.053,2416.55224719211,89385.99329664689
0.053,772.5810609742979,29735.61723614169
0.053,911.6126827557625,46900.64948611915
0.053,1782.0000000000005,199344.00000000006
0.053,1433.0000000000002,89324.99999999999
0.053,1140.69452527835,65727.65494067168
0.053,1148.6587831031463,87590.57250640624
0.053,897.1017882051733,18451.937803501158
0.053,1853.4931620297286,98126.62484760025
0.053,1183.0000000000002,26245.999999999985
0.053,2000.1249960939938,59270.05761765382
0.053,611.6465047865935,22818.537161879387
0.053,1640.866946551812,86453.0829890557
0.053,2259.080627679285,127760.1251067867
0.053,312.3695694621065,6759.690457681747
0.053,3499.999999999999,175061.51809292645
0.053,2036.0737631897223,121784.38828937906
0.053,1382.0,78264.99999999997
0.053,3499.999999999999,197507.99999999994
0.053,1384.275984043645,66883.35452113624
0.053,93.0,105.0
0.053,1970.1522783785017,101921.56152649938
0.053,1122.253726128555,97677.23533580777
0.053,439.1252668658454,18455.91785850815
0.053,1368.3194071560922,72696.72361943142
0.053,1416.0,44771.0
0.053,2085.0000000000005,148392.99999999997
0.053,3499.999999999999,92032.99999999996
0.053,1441.1770212082727,36613.00785783882
0.053,358.54747408451885,4846.324154441053
0.053,1682.9999999999998,91714.99999999997
0.053,1329.6781565476665,89507.82685329816
0.053,1294.1137191350792,71026.23484156442
0.053,688.2078560293529,21469.08932378321
0.053,719.4362871600142,21420.025843276377
0.053,1289.7608281265893,85355.3549891187
0.053,2601.0574772580476,71693.80337239757
0.053,1273.3365619505314,96877.63540157245
0.053,1426.2846840655618,96580.28239759918
0.053,318.39912060180063,10855.0727312165
0.053,1244.0,96954.99999999996
0.053,522.8223291643136,16977.379318697855
0.053,759.1895793340805,47373.087776968605
0.053,2008.7390918518415,80876.72776299028
0.053,991.7156850630126,6816.147298877861
0.053,1146.5981470123259,71822.07880878645
0.053,356.93136595149497,7372.621853859047
0.053,1060.0,73334.00000000003
0.053,878.4785284306445,22058.945560611133
0.053,1140.4035710783282,15010.28563088106
0.053,843.8740537417592,43449.79555387832
0.053,3499.999999999999,104138.00000000003
0.053,771.0000000000001,25034.999999999993
0.053,3499.999999999999,152058.99999999997
0.053,84.0,98.0
0.053,2621.699555754389,136755.77156485242
0.053,758.9643261264723,24078.4325062163
0.053,566.2474351723497,16321.879673439464
0.053,2091.650066335188,132956.06098632741
0.054,892.9364944112501,21426.725033519124
0.054,1399.4129759173425,50723.05315990828
0.054,3499.999999999999,155709.99999999997
0.054,551.7498866898194,13986.343139854285
0.054,68.0,564.0
0.054,566.3772267828756,15948.68978202816
0.054,1468.9636766669705,54541.545183894654
0.054,1564.9999999999998,80258.0
0.054,1149.9226160909727,29305.434418099077
0.054,983.2451860339269,55248.83726807028
0.054,288.6866813692658,6692.555565701343
0.054,3499.999999999999,158707.9999999999
0.054,1090.9999999999998,53880.99999999999
0.054,2105.262989429811,91987.55269019704
0.054,410.9860556259423,7814.140934648726
0.054,598.2340679031912,13597.513375613946
0.054,1942.6142582819846,84643.36298721879
0.054,1410.0,153429.99999999997
0.054,1720.0,162581.0
0.054,3499.999999999999,159257.99999999997
0.054,1021.0000000000002,59339.999999999985
0.054,1354.0,81777.00000000003
0.054,553.1407001916755,18497.075011435656
0.054,1176.0,75634.00000000001
0.054,391.84105210728814,14405.825883262125
0.054,1518.7247940295179,172713.33995380902
0.054,1308.5791560309008,38288.10190008974
0.054,1067.9999999999998,127579.99999999997
0.054,1338.0,24749.999999999996
0.054,3499.999999999999,234465.0
0.054,1378.6145403514415,85068.61953421935
0.054,457.0,20066.99999999999
0.054,161.0,1848.9999999999998
0.054,1221.6098309879771,54745.60423716464
0.054,2130.410414058206,76266.2916459318
0.054,1208.276123596055,38461.04300709558
0.054,810.6675389293093,27166.704634051923
0.054,1214.9999999999998,69325.0
0.054,1513.7299423444401,66237.9284727023
0.054,1107.0000000000002,33406.000000000015
0.054,1279.7352984541055,70348.98088494029
0.054,718.0000000000001,17560.000000000004
0.054,1007.4720839804942,8615.062971331085
0.054,346.73765298853834,2612.584926849269
0.054,139.0,857.0000000000002
0.054,1215.624046015128,21117.239983432482
0.054,1560.8699602213665,65770.47979348054
0.054,1128.8866196390138,67624.30885413909
0.054,411.6323581221339,16912.03370395742
0.054,3499.999999999999,129604.3626696261
0.054,1510.9999999999998,26344.0
0.054,1046.3758701953477,20107.701472868037
0.054,1319.2895815551642,65906.3062233046
0.054,111.00000000000001,2292.9999999999995
0.054,1424.9894736453316,82973.73078270015
0.054,1339.0339801513624,90171.84469112291
0.054,912.3803558652081,26788.704322299644
0.054,950.0203375886365,21726.141289842828
0.054,3499.999999999999,202896.2419366116
0.054,766.8115805072324,16948.35679350657
0.054,824.5309334423354,34324.25032566286
0.054,986.8423009309552,45690.12779761841
0.054,1239.193822848878,35357.393982934394
0.054,1284.3647834715975,80161.66379247788
0.054,1599.0,103649.99999999996
0.054,1937.9112466777212,41496.72089454778
0.054,3499.999999999999,136017.66123926692
0.054,3499.999999999999,142366.1237233072
0.054,1277.4474548880669,37355.776019244986
0.054,1012.9579304583394,51985.822284296184
0.054,220.00000000000003,2805.999999999999
0.054,1035.9999999999998,32603.000000000007
0.054,1503.5921316010042,101061.37112456313
0.054,3499.999999999999,173814.30707510826
0.054,3499.999999999999,175009.99999999997
0.054,2178.033829612986,106205.23760822973
0.054,272.0,1131.9999999999998
0.054,1721.7159952009013,91297.97199451158
0.055,810.5997779422346,48684.35980887496
0.055,1245.0,11331.999999999998
0.055,1565.9999999999995,93366.00000000001
0.055,1367.0000000000002,137477.99999999994
0.055,831.8826842415167,47479.608008897696
0.055,511.4841151003616,4618.699817048083
0.055,258.47020796076816,3590.3271126994605
0.055,2631.1706682393215,120057.3207112806
0.055,471.7346642606818,8714.928163502651
0.055,861.2691554921983,25798.28620789755
0.055,2277.572658740216,118140.03485077353
0.055,1397.0,24863.000000000004
0.055,1884.133616258448,101868.02954396346
0.055,1193.0272419354053,79637.22795903942
0.055,2248.8886144049025,93772.52740541873
0.055,1937.9112466777212,67114.73465640766
0.055,3499.999999999999,147742.00000000003
0.055,534.9620050462053,15780.273263808178
0.055,317.25384158430614,2177.6891421871946
0.055,3499.999999999999,162740.0
0.055,2405.312306813483,76776.13010422298
0.055,1830.9999999999995,130909.99999999997
0.055,1170.3883970716727,76378.93137508535
0.055,973.5452636142232,27296.68680551419
0.055,2266.715685744465,162106.49498400738
0.055,95.0,792.0000000000001
0.055,1295.818660152724,59086.24865398035
0.055,3499.999999999999,80544.99999999999
0.055,3499.999999999999,163137.90242365975
0.055,1327.9999999999998,43692.99999999999
0.055,1453.308292038723,66844.43212283403
0.055,1216.8356503653238,50741.421619816705
0.055,1211.663319573552,94583.9127441871
0.055,1061.6477245279377,71482.54575665279
0.055,2219.12144778063,85470.2574934696
0.055,2415.4709685690696,86728.09518835292
0.055,82.0,128.0
0.055,2427.5729410604645,97252.69542778224
0.055,393.2899693610301,14684.219625162243
0.055,1511.787022037165,95510.47965014097
0.055,1340.9999999999995,105617.99999999996
0.055,455.97143814128145,8683.456319103092
0.055,536.0000000000001,40152.999999999985
0.055,1138.0,60610.000000000015
0.055,203.73512215619573,5799.761201980648
0.055,1295.8298499417272,71698.82845625862
0.055,1033.061554146507,25607.054882316133
0.055,809.0117428072352,23827.479409287072
0.055,1014.0,106999.00000000003
0.055,398.9300070062729,8214.795604635872
0.055,1090.5347312213398,40940.25183117465
0.055,1080.0,65788.00000000003
0.055,1649.675418247357,51099.428004971356
0.055,1069.9874805650795,25574.583510455934
0.055,1948.8593645372382,75043.03957491179
0.055,775.8865896508328,6880.119839072568
0.055,127.98437404620925,609.992622906212
0.055,1767.3418664338972,127498.27095981136
0.055,1598.0,150596.00000000006
0.055,1267.0,50795.000000000015
0.055,1983.2337229887958,123304.14948411101
0.055,744.4246100176966,44144.41199064724
0.055,1011.9999999999999,45286.000000000015
0.055,2803.12151874992,110547.81905804081
0.055,3499.999999999999,109493.99999999996
0.055,3499.999999999999,177450.00000000006
0.055,1687.94107537471,67074.19376414508
0.055,244.0,1121.0
0.055,968.9999999999998,39920.00000000001
0.055,579.6550698475775,4801.044157264126
0.055,281.0,2891.9999999999995
0.055,96.0,2145.0000000000005
0.055,661.0175542031301,14472.264085281364
0.055,1067.9999999999998,14608.000000000007
0.055,1778.9999999999995,75014.0
0.055,178.0,217.0
0.055,1350.0,129080.00000000001
0.055,1104.5267999745874,24402.613156398173
0.055,352.30668458035257,3600.583286080186
0.055,1535.9283430791222,90451.56189413104
0.055,1001.9999999999998,60163.99999999998
0.055,1182.5383714704567,42871.27681793487
0.055,614.5291303980033,15266.890343112958
0.056,1178.4973483211577,48169.00216944502
0.056,1182.560274465786,16891.90959945648
0.056,1481.716059785037,53521.45526798457
0.056,1163.0,102415.99999999996
0.056,1252.838499385171,54468.0515729009
0.056,1541.806083786155,79718.42123373992
0.056,1685.9810200592417,87376.13297691767
0.056,1291.0,75833.0
0.056,2523.1924223094843,144115.52818832535
0.056,424.76517223390573,13626.814908655055
0.056,634.8543139965263,28823.06793177994
0.056,863.5029291038016,29097.107963896673
0.056,1542.9999999999998,84978.99999999999
0.056,2074.8493921246436,110111.136244251
0.056,3499.999999999999,166691.0
0.056,1328.9666928384427,92715.28626680725
0.056,3499.999999999999,135226.99999999994
0.056,283.0,961.0000000000001
0.056,2269.03063002684,92103.03317480917
0.056,1768.4262560545517,79111.90524829389
0.056,1225.0000000000002,82590.99999999996
0.056,1017.9999999999998,123054.99999999997
0.056,1524.9999999999998,163068.0000000001
0.056,3499.999999999999,130989.00000000003
0.056,1292.5365252994798,51813.6617496106
0.056,43.0,67.0
0.056,2065.550774006778,106531.77253758618
0.056,1509.897512158685,73292.65275514404
0.056,487.69150084864094,5032.084061301045
0.056,1379.0000000000002,101704.99999999997
0.056,1021.8791052776744,63955.840552763024
0.056,1527.0000000000002,173229.00000000003
0.056,849.9946943152097,32320.666378398226
0.056,589.8251112949473,18738.72769507357
0.056,664.6924100664909,29460.178767278365
0.056,1045.0513439818576,48218.108429469365
0.056,962.0956007553846,24162.009366436658
0.056,1366.3707985805481,61426.62210072528
0.056,1296.6289742466781,85551.8225868384
0.056,814.4636302821494,25269.7972054895
0.056,1387.0273969896914,79941.36898377456
0.056,66.0,708.0000000000001
0.056,482.9250847547759,12105.349431255749
0.056,1010.0,47722.00000000001
0.056,815.4753215150045,7364.901221333521
0.056,648.0740698407859,4843.497806337893
0.056,3499.999999999999,126311.99999999999
0.056,93.0,1919.0000000000002
0.056,1992.2349259060795,96085.48586024847
0.056,1721.449899670237,91912.66927888831
0.056,2106.6561181170505,76724.1888063993
0.056,745.5607387518426,26962.71561906719
0.056,1433.0000000000002,59307.99999999999
0.056,248.53967305675368,4542.0715990117815
0.056,111.00000000000001,143.0
0.056,59.0,388.0
0.056,2394.6786033796902,125283.30045355044
0.056,3499.999999999999,79391.0
0.056,1886.6637220236146,108082.15038571358
0.056,1349.2160258488123,101531.20762225529
0.056,1165.9999999999998,103361.99999999997
0.056,545.0,7081.999999999999
0.056,1202.0000000000002,42551.0
0.056,3499.999999999999,145779.16181128524
0.056,2405.312306813483,53643.62554099812
0.056,3499.999999999999,79586.00000000003
0.056,1334.9999999999998,66861.0
0.056,2251.9991119003575,172169.80434443196
0.056,303.0,6615.000000000001
0.056,524.0,17973.000000000004
0.056,1669.0000000000002,51365.00000000002
0.056,695.0000000000001,19882.999999999993
0.056,1097.0000000000002,114608.99999999999
0.056,1508.28020799902,63418.57788317741
0.056,79.76841480184999,275.02727137504024
0.056,475.0969331261239,9774.941772149836
0.056,3499.999999999999,144840.00000000006
0.056,1710.1182048402375,90235.09245273324
0.056,833.1884540726664,21426.78954019944
0.056,1078.0,43191.00000000002
0.056,1192.9999999999998,44874.0
0.056,1360.6380548872621,78924.58394340311
0.057,867.8123572385412,32642.793358387247
0.057,234.4866733953126,10102.795652689412
0.057,1961.6170450284687,69689.81568263903
0.057,61.0,401.99999999999994
0.057,163.3278910657944,2462.253439433074
0.057,1208.276123596055,14248.861785997773
0.057,63.0,563.0
0.057,2343.7589036698787,140676.2546084212
0.057,1267.7539193392379,55970.32901457703
0.057,1473.0000000000002,89746.00000000001
0.057,1026.0,50931.000000000015
0.057,871.9181076354149,25033.94254988109
0.057,635.645900748402,15670.261117133532
0.057,1472.71382570679,83890.50031985526
0.057,1209.6280420029952,52994.38581585789
0.057,3499.999999999999,136443.00000000006
0.057,1454.4913324491588,110732.7245296074
0.057,2498.358922982202,119086.15122899748
0.057,518.0846537060183,25321.621822635254
0.057,3499.999999999999,133502.0
0.057,1149.2317066176977,44590.58197487224
0.057,3499.999999999999,108197.00000000004
0.057,2624.749964277776,155297.7396511072
0.057,3499.999999999999,106951.8337009703
0.057,1149.9999999999998,130958.00000000004
0.057,458.2575694955839,6171.914856833332
0.057,663.5302115592901,12948.593336653134
0.057,2108.3168642308015,68500.00252554739
0.057,1034.9999999999998,47727.000000000015
0.057,2281.3373270956663,62739.85852709587
0.057,1014.0,43345.99999999998
0.057,659.0,38522.0
0.057,1065.4135347366298,39651.3060440637
0.057,788.0000000000001,49581.999999999985
0.057,573.9999999999999,31313.999999999993
0.057,1136.1249931235554,46721.20392284427
0.057,64.0,558.0
0.057,2686.6164393102777,104201.36755765698
0.057,626.8763833484239,23155.25935937665
0.057,3499.999999999999,176148.00000000006
0.057,3499.999999999999,132562.99999999997
0.057,799.1788354828277,22105.04490928023
0.057,785.4807445125563,24432.05721997228
0.057,2141.2613105363853,118545.71697872512
0.057,962.0550070467061,36451.18672280747
0.057,895.272474907548,57574.14021966947
0.057,1251.0,62291.99999999997
0.057,169.0,511.00000000000006
0.057,483.3404147462946,10997.808805307148
0.057,61.0,496.0
0.057,1191.0000000000002,53622.99999999999
0.057,975.0000000000002,16260.000000000005
0.057,1810.084140854138,67735.16566528454
0.057,690.9305319639594,40963.36021373244
0.057,28.999999999999996,34.00000000000001
0.057,1502.497920131672,43210.44748669009
0.057,1461.5348097120363,52635.10307769902
0.057,1178.9999999999998,53315.999999999985
0.057,521.6360746550132,8854.40272625443
0.057,465.8325879540846,6824.103237788833
0.057,3499.999999999999,69748.00000000003
0.057,1979.8989873223327,107238.85223182867
0.057,1120.9371079592288,17159.35383398804
0.057,1119.9999999999998,59924.0
0.057,1222.0,118456.0
0.057,1911.5899154362353,76410.00273101685
0.057,1125.7978205381644,49477.14965019794
0.057,2074.8493921246436,72418.82628156852
0.057,1870.828693386971,90847.54870110696
0.057,278.70952620963635,7209.616841413968
0.057,1779.382018356585,120704.70396442461
0.057,794.0,50024.999999999985
0.058,1520.4703219727764,148751.93396053708
0.058,1315.4314881437194,82786.27277514063
0.058,2382.6455884163715,138904.19686964105
0.058,2000.1249960939938,61996.86092053372
0.058,3499.999999999999,161347.77104751088
0.058,1168.0000000000002,78098.99999999997
0.058,2416.195356340211,75273.03430844279
0.058,84.0,843.0
0.058,1198.5966366095718,83822.30748508236
0.058,1180.0,37058.00000000001
0.058,1171.0,96741.0
0.058,371.80640123591206,14982.17414129205
0.058,94.0,786.0
0.058,1276.5375043452505,67557.38085509236
0.058,2616.486193351686,108201.77221284312
0.058,2842.222869649018,111584.93319637406
0.058,1987.8380215701675,96600.92899656812
0.058,3499.999999999999,142592.99999999997
0.058,1078.0,66838.00000000001
0.058,860.2876927859746,23984.221705742624
0.058,1637.9823492109513,127469.05778636222
0.058,1339.8625952522334,72808.72445836829
0.058,912.3803558652081,26386.428520356458
0.058,1050.670262261191,80511.4878759547
0.058,2237.185732119709,105811.81506807257
0.058,317.89306378088844,6452.537640339655
0.058,1934.0480858215205,61672.354645084524
0.058,2349.361615418112,130892.44742917756
0.058,259.10615585122633,1791.9319183495786
0.058,710.0,13961.000000000007
0.058,748.331477354788,10027.523971549508
0.058,623.0243320248757,9759.538047713948
0.058,415.00000000000006,30949.0
0.058,1195.0,37503.0
0.058,3499.999999999999,95799.99999999997
0.058,1924.5608404036689,89086.65010087885
0.058,219.98181743044128,907.8061467075443
0.058,993.0707632455352,57170.06361251249
0.058,3499.999999999999,93839.0
0.058,1015.2521519334227,47090.02033114284
0.058,3499.999999999999,90864.8448521209
0.058,1000.9999999999998,37646.99999999999
0.058,3499.999999999999,142130.04576795158
0.058,2237.577365904733,80490.67335846303
0.058,1040.4796970628502,79770.91077579594
0.058,1278.9339310535165,106291.25039249468
0.058,214.41082062246767,5697.013691400085
0.058,1149.4034564303001,21237.573719504137
0.058,1105.0000000000002,103006.00000000004
0.058,1376.3444336357084,49364.060702093826
0.058,1047.479832741423,63797.80499358891
0.058,1604.188245807055,52388.30312455989
0.058,666.7083320313312,5221.597456717627
0.058,1074.9999999999998,50134.00000000001
0.058,1178.2520052975478,49034.59120466787
0.058,1010.9995054400372,37028.70636411701
0.058,446.5422712353221,3616.0475660588318
0.058,3499.999999999999,153040.40515171151
0.058,1259.9999999999995,84557.0
0.058,1618.0000000000002,118667.0
0.058,1238.4871518565014,59298.33939498646
0.058,648.768080868905,16422.68703834382
0.058,282.52433523503777,7278.886728064946
0.058,1239.8709610278,71819.98607630056
0.058,3499.999999999999,58552.99999999997
0.058,120.22894826122368,872.0063073166383
0.058,1689.0,95932.00000000001
0.058,515.6568626518996,20389.651787119863
0.058,702.4955515873393,3973.495186860052
0.058,1094.9999999999998,56369.999999999985
0.058,1721.7467874225879,66755.22963783435
0.058,146.0,2658.0
0.058,148.0,206.99999999999997
0.058,3499.999999999999,94254.06720136799
0.058,1047.0000000000002,61210.99999999998
0.058,3499.999999999999,127695.00000000004
0.058,1093.745123200024,54736.77466656854
0.059,1021.0000000000002,54052.0
0.059,476.9696007084728,8789.819110766728
0.059,62.0,476.0
0.059,1168.961077196328,67179.37475148155
0.059,76.0,621.0
0.059,1175.0000000000002,46689.99999999998
0.059,354.96478698597696,8416.358713838188
0.059,1445.3095966644562,106306.8400737013
0.059,3499.999999999999,226997.00000000006
0.059,1789.0947431592326,121061.07392138898
0.059,1237.2408819627647,77537.23028326451
0.059,1405.4369955046523,28961.32683491268
0.059,1666.072027254524,52428.94271297107
0.059,3499.999999999999,227169.0
0.059,1210.0,102476.00000000003
0.059,3499.999999999999,87952.99999999999
0.059,1202.0000000000002,89655.00000000001
0.059,1958.570907575215,110002.94725142594
0.059,476.00998025351674,9160.204110870389
0.059,1833.382617591549,83597.28924441183
0.059,2607.3883664503624,117575.5348445718
0.059,1964.1923141736931,87116.4601660234
0.059,1130.0,35167.99999999999
0.059,1596.567511320905,83704.12162138316
0.059,3499.999999999999,144374.7752483098
0.059,1369.040905159521,90511.24105877682
0.059,97.0,176.0
0.059,3499.999999999999,135166.00000000006
0.059,87.0,97.0
0.059,2195.3359651770834,123521.21594689711
0.059,897.4205980297768,25397.763187228666
0.059,3499.999999999999,103581.00000000004
0.059,2221.6651130763817,113356.52198604641
0.059,1188.9999999999998,51264.999999999985
0.059,567.0115056034286,10876.17506620207
0.059,66.0,811.9999999999999
0.059,1449.8814013184467,47361.22409906445
0.059,1202.138095228664,59868.61645302989
0.059,1576.9740010539172,66056.89229747334
0.059,1949.6153466773897,85280.23569385812
0.059,515.751878329105,2646.169306752688
0.059,1601.0000000000005,153075.00000000006
0.059,726.269135266835,13816.348136654911
0.059,302.0,20924.999999999996
0.059,443.6336584087524,10834.807541265294
0.059,3499.999999999999,80510.00000000001
0.059,3499.999999999999,255269.0
0.059,1399.9999999999995,162029.00000000003
0.059,139.0,264.0
0.059,1009.0,71633.00000000001
0.059,111.00000000000001,977.9999999999999
0.059,1725.9064285180698,148915.15770733348
0.059,1833.9999999999995,104250.0
0.059,1261.0,34601.0
0.059,3499.999999999999,193964.99999999994
0.059,620.0000000000001,52627.0
0.059,639.0687676270311,20287.240491755078
0.059,1429.8685254246284,84975.38829567068
0.059,1934.0,49869.000000000015
0.059,1908.795431679361,75550.51829074376
0.059,2183.3460559425753,133134.3806084664
0.059,2099.785692416105,86051.84349868243
0.059,1899.2235255493229,149155.25652822305
0.059,2425.5927110708417,74270.44480814696
0.059,1822.0,80059.99999999999
0.059,1216.8220905292603,35933.9313741205
0.059,1271.0000000000002,68892.00000000003
0.059,497.0,11237.000000000002
0.059,3499.999999999999,227508.0
0.059,873.9347035474557,24626.746402061544
0.059,202.93841430345316,3496.5859062805825
0.059,1443.790843578113,80495.92402724498
0.059,1224.1385127328122,29055.47500158687
0.059,1968.3636814930644,70434.94135239252
0.059,1351.422213817725,73351.0839047386
0.059,3499.999999999999,163763.99999999994
0.059,494.15323039729407,12855.724936617762
0.059,303.76964957019646,7662.312314177749
0.059,1616.0000000000005,125093.99999999999
0.059,979.3360695959182,30140.244466017204
0.06,1510.0000000000002,92518.0
0.06,1157.4462688264393,38291.08395269474
0.06,673.1593228710678,16324.770854763326
0.06,1305.2848760798145,67787.17562076123
0.06,2554.9792638333483,91816.53996953597
0.06,1294.9517365523707,81818.96395701918
0.06,546.7430840897761,7283.568493533921
0.06,1274.0,39500.999999999985
0.06,2234.054609896544,67199.61205245164
0.06,678.8092515574607,56888.93881942249
0.06,1010.0,24944.0
0.06,1039.2292810508484,53023.659758407804
0.06,940.9105406772627,19027.67574976518
0.06,96.0,1842.9999999999995
0.06,3499.999999999999,64087.99999999998
0.06,2165.330834084102,87428.71839352456
0.06,1076.0000000000002,94759.00000000004
0.06,2243.4348664492136,108744.6525627812
0.06,1512.2790809931082,82809.97950509828
0.06,329.956057680413,2252.4164801386087
0.06,2154.212257593361,78041.0933144935
0.06,1433.711486066337,111640.28357599018
0.06,1975.683545822643,94410.24351721225
0.06,1343.0052473049657,36092.646274067796
0.06,328.0,17697.0
0.06,1749.7471269308005,34470.1254451247
0.06,124.74373731775074,1873.8249651448236
0.06,1212.672679696657,58284.264419192594
0.06,1285.0,64014.0
0.06,1610.7395755018067,100207.570133592
0.06,1469.6067501205887,65129.517992996065
0.06,1414.5669532675895,98841.87387037497
0.06,3499.999999999999,143004.99999999994
0.06,823.2658521935209,18802.022396529712
0.06,2405.9404922647695,140969.23964852444
0.06,1140.0,111521.00000000003
0.06,3499.999999999999,149620.00000000003
0.06,208.0,8661.999999999998
0.06,3499.999999999999,242278.00000000006
0.06,1638.1762643873642,70741.39433268287
0.06,1425.1292067925397,105725.22951512583
0.06,1669.0000000000002,95206.00000000001
0.06,1973.9340506492915,68869.24556252132
0.06,956.0,53533.99999999999
0.06,577.8927236088027,8581.569087293996
0.06,1057.3996406278943,42674.764439888815
0.06,3499.999999999999,111224.99999999997
0.06,2046.826812409882,61632.659264386755
0.06,2293.8863268459745,118896.8091462255
0.06,1047.9999999999998,63122.000000000015
0.06,917.2594879731134,17663.567338014902
0.06,3499.999999999999,72223.0
0.06,1610.3987013040853,55957.763362395766
0.06,3499.999999999999,104358.00000000004
0.06,1076.0000000000002,44731.000000000015
0.06,1626.9123678921062,86770.36786532825
0.06,1328.5992623812494,46768.11548480439
0.06,794.1777820998788,12398.946755337982
0.06,251.81453318008008,1511.8731104489643
0.06,1566.9157603393999,65304.36432582435
0.06,726.3443284150134,9102.959751730925
0.06,2507.8875572880047,133925.89633823623
0.06,372.6422572523647,8090.742644471056
0.06,2010.6703965964402,85740.25142698405
0.06,614.2478459851711,8485.01255611507
0.06,551.007728236812,17515.18386743756
0.06,1883.8789770046264,51945.47137142946
0.06,3499.999999999999,75749.99999999997
0.06,1168.0000000000002,54525.0
0.06,1217.5155029813786,61371.12272070638
0.06,2061.0,112716.99999999999
0.06,1558.0,87815.00000000003
0.06,3499.999999999999,243288.00000000006
0.06,1894.0696924875813,74172.9939802891
0.06,733.742586073775,13631.782842603743
0.06,3499.999999999999,107475.00000000003
0.06,1187.9206197645522,61298.629514066
0.06,484.25200051213,8666.932098499443
0.06,1217.0000000000002,66316.99999999999
0.061,2248.8886144049025,79148.57326572605
0.061,1487.6334367032437,79777.72804619896
0.061,1219.0000000000002,101196.99999999997
0.061,1465.9999999999998,138965.0
0.061,992.182543737951,64119.25981795587
0.061,64.0,633.0
0.061,1159.0,39420.999999999985
0.061,503.758870889635,9592.428889494044
0.061,1217.9999999999998,86372.00000000003
0.061,1246.4148351585184,70552.59373935974
0.061,1906.9609330030858,75488.39335950927
0.061,1550.4123772623802,73909.4047601911
0.061,1318.0,96592.99999999996
0.061,1379.0000000000002,78681.99999999999
0.061,752.2669189788169,6592.054181544649
0.061,3499.999999999999,148840.00000000003
0.061,1807.0023537735267,84787.9052887629
0.061,693.7360826149364,25763.790214980298
0.061,1878.2971010998235,110169.78896231033
0.061,2022.745658751985,83211.96076286149
0.061,124.0,1316.0000000000002
0.061,1898.8791172717583,79157.36462345981
0.061,677.1274441215952,24105.478699648153
0.061,607.9498334566761,16550.63261630806
0.061,3499.999999999999,128184.00000000001
0.061,396.79843749692367,4066.640628331941
0.061,736.5016271581383,28392.142399886357
0.061,1240.9999999999998,121418.99999999999
0.061,3499.999999999999,136876.65344024164
0.061,2014.9441679609884,130470.80174506473
0.061,375.18851558615347,17114.691096849274
0.061,2701.3885318480197,184136.69348611642
0.061,64.0,505.0
0.061,1308.6328744151278,106202.68233900686
0.061,861.9999999999998,45474.000000000015
0.061,1234.6011501695596,90078.00992473132
0.061,2059.471739794395,125545.83416628357
0.061,2521.8049091870685,91728.5840618942
0.061,2056.8484817234003,101104.19209908464
0.061,1388.8353330929262,67205.88782774986
0.061,1628.046136409413,44428.994365157305
0.061,94.0,1077.0000000000002
0.061,1154.0,77669.00000000001
0.061,809.0117428072352,8544.491266307195
0.061,736.9277915871921,22604.936212893055
0.061,1024.0,61289.00000000002
0.061,747.0000000000001,34179.0
0.061,409.4345049488671,5890.706454600496
0.061,2092.4865590966165,120199.64058598517
0.061,910.0,50503.999999999985
0.061,2384.114091229696,51989.620954571306
0.061,107.0,1023.0
0.061,1253.6762007728432,58653.95466943311
0.061,3499.999999999999,213358.0
0.061,1155.9999999999998,50191.00000000001
0.061,1775.2145301728717,97510.6556181961
0.061,1113.8990079895032,66057.76590227676
0.061,95.0,2048.0
0.061,1459.0,58198.99999999999
0.061,2742.282752247531,119852.86434354933
0.061,2158.3558557383435,121095.944977526
0.061,859.3602271457529,36646.43464240415
0.061,1539.5012179274172,39586.362778108305
0.061,3499.999999999999,78131.0
0.061,254.79403446705734,5907.121126233996
0.061,601.3626990388249,21566.344689057263
0.061,1074.9999999999998,96023.99999999997
0.061,1998.3743393068278,74672.47267902677
0.061,616.0000000000001,23043.00000000001
0.061,2203.292990049213,135900.31408352221
0.061,2159.9768517278135,109189.02192070414
0.061,1541.3447521999258,91981.45784461216
0.061,1559.322929992373,87632.32294650192
0.061,187.0,2294.0
0.061,129.4990347454374,2197.0871625859536
0.062,1167.7306311795426,73868.27481792757
0.062,2178.0409432442284,97239.57561981617
0.062,2722.8962805483193,114142.80432327518
0.062,1195.5868851739715,87865.0390030074
0.062,1778.9999999999995,88480.00000000003
0.062,1395.8208706592525,51518.565335392785
0.062,2062.1590627301275,85187.98785626997
0.062,2303.4756347745465,81397.77535657834
0.062,1778.0000000000005,92915.99999999999
0.062,1344.8903301013058,41915.71970037017
0.062,1526.2453931134405,74183.3281067923
0.062,1074.9999999999998,62923.99999999998
0.062,644.5188005982258,19048.841705881994
0.062,1328.943891848773,54351.97280979537
0.062,2796.8715057746895,120200.68414651646
0.062,2328.043572516534,54375.76231971406
0.062,1041.0,72639.00000000001
0.062,1894.0627217953345,68983.795173744
0.062,1539.3528745265928,66224.84110662795
0.062,1066.2510847065862,26187.463606369438
0.062,572.4619903318039,8339.62887990151
0.062,2084.6710112045935,105199.14753350442
0.062,1667.3630201257065,58726.324266526964
0.062,3499.999999999999,114552.00000000004
0.062,1476.428799502367,103044.63828846213
0.062,1763.5348797838856,87924.93670158258
0.062,977.4968030638257,20326.16159042332
0.062,2391.4430789797193,78946.0992576581
0.062,647.196457906335,19477.750755078996
0.062,1283.9274622747716,73128.90929348234
0.062,1577.0000000000002,123136.00000000001
0.062,1008.9232512860661,26016.235308554435
0.062,2625.259233657621,61534.84308967006
0.062,1173.1035759897757,65097.87316034219
0.062,1327.0000000000002,119483.0
0.062,1246.7690243184584,57302.818360007404
0.062,3499.999999999999,196307.9999999999
0.062,987.5605688427182,67888.57226817046
0.062,3499.999999999999,137839.0
0.062,3499.999999999999,130973.00000000004
0.062,1885.5952687083832,110707.92862017451
0.062,696.9822470291748,9677.03410981859
0.062,2155.1653750987657,62305.815480389094
0.062,597.9009988866463,19847.95452047041
0.062,295.83103285490523,8437.160659842863
0.062,308.9012787283342,5892.687332618282
0.062,92.0,104.0
0.062,505.8141818498539,9695.44064951423
0.062,493.9919027012837,23357.439235831924
0.062,274.4169695222279,2198.3366156362745
0.062,263.6076630145641,6253.878396643159
0.062,3499.999999999999,247594.00000000006
0.062,2258.5373726890894,89508.2623964738
0.062,3499.999999999999,70452.00000000001
0.062,1867.0000000000005,122772.00000000004
0.062,94.0,1377.9999999999998
0.062,2315.1644477314985,74048.83479334896
0.062,1031.368023549305,49796.87165876991
0.062,1372.0000000000002,124887.99999999999
0.062,1796.9999999999995,116697.00000000003
0.062,1064.0000000000002,25583.0
0.062,1060.4099663746617,54205.672561416744
0.062,1807.8637434188472,67143.89739074226
0.062,1134.3360681946435,30187.593880498043
0.062,1080.5239527234378,32184.98220004239
0.062,1499.0,161626.00000000006
0.062,664.8054835733063,18409.14995784487
0.062,2693.3880279768478,101546.06437143
0.062,1375.0000000000002,55839.00000000001
0.062,530.9056120156783,25213.150797509315
0.062,2099.0324002389693,120186.84065627329
0.062,1267.0,93690.99999999997
0.062,579.6550698475775,3192.85483540984
0.062,1021.0000000000002,47786.999999999985
0.062,738.9282244404826,30666.723166183478
0.062,1114.7312348873093,39475.73942258481
0.062,1087.5313770838504,21805.520560953442
0.062,1597.847104449763,39620.05757396048
0.062,751.2223031807116,16849.382060876684
0.062,1361.9999999999998,104505.99999999997
0.062,1343.1674619909993,75104.69602977292
0.062,2000.8891046878575,115976.40240728515
0.063,3499.999999999999,112646.99999999996
0.063,1493.1510305391078,46931.472830074264
0.063,169.8084116138005,3005.8268127573106
0.063,1383.0,74878.00000000001
0.063,325.07690487745634,5147.258755318096
0.063,1188.3714747880601,40976.31069662214
0.063,1009.0,45426.99999999998
0.063,2141.2613105363853,86794.88858222014
0.063,1136.8699180443168,45051.50048867621
0.063,1363.2333677829365,77457.21979161043
0.063,3499.999999999999,140586.0
0.063,1372.2499772271813,53732.67300255965
0.063,527.0,21909.999999999993
0.063,2078.175353485081,87618.53724702408
0.063,514.1003490730964,13543.717787137914
0.063,2385.5816900705795,130400.87018498003
0.063,263.0,12767.000000000004
0.063,862.882379006548,32626.39996996296
0.063,1937.9112466777212,46559.077761484914
0.063,1371.4783569251458,29075.84538425427
0.063,747.5861154408902,16308.03234605573
0.063,3499.999999999999,186487.99999999997
0.063,3499.999999999999,149914.45528700695
0.063,2367.848560008708,65971.3347594756
0.063,1251.0,129690.00000000003
0.063,245.15709249377227,1977.489317290993
0.063,3499.999999999999,154967.00000000006
0.063,1124.6767000241825,66510.53370615578
0.063,80.0,92.0
0.063,2038.2590610616699,134133.12879374725
0.063,697.4955196988722,10759.507795433765
0.063,348.0,25208.0
0.063,2612.4700955226263,114990.93091196365
0.063,1156.9999999999998,86612.99999999997
0.063,1065.0,49679.00000000002
0.063,958.8090666962133,27183.909321032257
0.063,1042.9999999999998,84168.0
0.063,1104.1630314405572,54385.5043187061
0.063,486.55934889795304,23199.15860543223
0.063,1399.576364476051,97557.54946184329
0.063,3499.999999999999,151303.99999999994
0.063,3499.999999999999,98766.0
0.063,3499.999999999999,145757.00000000003
0.063,3499.999999999999,157959.99999999997
0.063,329.0,988.9999999999999
0.063,1225.9999999999998,101245.99999999997
0.063,442.0813237460558,12074.685380943914
0.063,1617.5537085364433,102068.80206017906
0.063,1486.1022845013053,82969.07312366458
0.063,2057.0610102765545,87183.06849383083
0.063,1567.0000000000002,109067.00000000006
0.063,3499.999999999999,115966.4632555464
0.063,2681.515256583721,193075.43354694432
0.063,1975.4228084687686,128138.9058757896
0.063,3499.999999999999,119128.00000000004
0.063,3499.999999999999,208332.9999999999
0.063,2174.0821169234496,88927.43657667923
0.063,1021.0000000000002,45811.999999999985
0.063,2025.3394777172546,65040.77353476049
0.063,88.0,594.9999999999999
0.063,1919.128112520001,75569.60808515226
0.063,1168.6783133095264,67391.54593864133
0.063,708.4704961607309,20364.070505268843
0.063,2560.3710668573017,102006.55978906453
0.063,2445.5702267764814,115123.88139380059
0.063,1414.0,55527.00000000002
0.063,993.4787365615834,32628.07668251378
0.063,2120.731006044849,118192.54814073515
0.063,1874.7469169520994,95128.26885824368
0.063,947.361468922342,42075.628100091984
0.063,2359.02522241709,142239.54037819436
0.063,3499.999999999999,89716.19551353753
0.063,3499.999999999999,108806.99999999994
0.063,687.5579975536609,41350.80642502633
0.063,3499.999999999999,129685.00000000001
0.063,1005.0000000000001,75838.00000000001
0.063,2464.954360632262,71374.59099707683
0.063,910.2462900882401,18087.418241526684
0.064,991.7156850630126,39934.12730985869
0.064,1445.1065704646144,82118.39751237236
0.064,1377.9999999999998,48681.999999999985
0.064,367.0,2159.0
0.064,731.9351918894214,28049.315973835543
0.064,591.6079783099615,12679.10406929449
0.064,2189.7488440458183,119161.57986112808
0.064,2682.650529901647,147454.3198578069
0.064,1952.858406516901,84080.19938989094
0.064,1271.3912408244926,59799.84251856816
0.064,1958.0000000000002,41946.00000000001
0.064,138.0,1818.0
0.064,3499.999999999999,172757.51298279339
0.064,36.0,531.0
0.064,1982.9999999999998,81250.99999999997
0.064,1905.9999999999995,145956.00000000003
0.064,1403.6658860090374,85786.59914663479
0.064,328.03963175201864,7348.131463168032
0.064,1001.9999999999998,115822.99999999999
0.064,1065.0,37966.99999999999
0.064,2404.845654978852,94787.2667394633
0.064,3499.999999999999,205551.00000000012
0.064,1503.9999999999998,109800.99999999997
0.064,1591.2728455239276,92212.12055494454
0.064,3499.999999999999,277297.0000000001
0.064,2230.1345250903587,123373.52189996034
0.064,1470.81306281598,58927.77428007198
0.064,1819.9309638507852,68961.68723247453
0.064,1726.3523666447923,67870.94800281567
0.064,3499.999999999999,86177.99999999999
0.064,1089.3226736543752,18615.491772948444
0.064,3499.999999999999,122144.99999999999
0.064,2175.3160689885967,140187.0075113953
0.064,2646.4126662332915,112334.02387522667
0.064,1734.0000000000005,71597.00000000001
0.064,405.35416613129814,2663.760687449231
0.064,979.9863943689329,32635.971634856876
0.064,1333.9168265034307,67761.34500625191
0.064,1066.4231189836487,62328.42933588927
0.064,1228.8966144090957,66530.18422179359
0.064,2473.248088514101,124778.82591462255
0.064,1277.9999999999998,88755.99999999997
0.064,2033.898854315608,110582.62976210382
0.064,3499.999999999999,127027.06900499591
0.064,2301.1953415562093,101963.18719518329
0.064,3499.999999999999,98858.99999999997
0.064,2169.8716538727836,144546.07892308114
0.064,1238.6960543262576,76516.3456842871
0.064,1396.0,73176.0
0.064,2318.2077170221783,73692.87527718609
0.064,1886.6637220236146,51581.14139877091
0.064,805.570939320273,62422.8041819267
0.064,1676.3528685528736,90906.54609244078
0.064,3499.999999999999,152293.47122578826
0.064,1232.9999999999998,68229.00000000001
0.064,2475.5807399477,62172.336275871145
0.064,2173.706511928415,104864.04398076584
0.064,1202.0000000000002,42872.000000000015
0.064,1180.0,53787.0
0.064,579.6550698475775,3645.279824649954
0.064,1040.5624792022484,27671.74590136221
0.064,842.6010644609091,28366.791329702413
0.064,3499.999999999999,74969.00000000001
0.064,2806.236100777219,111588.81050338323
0.064,3499.999999999999,132732.00000000003
0.064,876.0,65446.000000000015
0.064,1165.1652243351589,48778.64221152531
0.064,428.485705712571,4383.651902238588
0.064,555.7197490384898,24016.883679064027
0.064,739.1376611800374,14192.502415070501
0.064,660.0695725188614,30025.40253183949
0.064,1673.263366791788,66803.96584742652
0.064,1071.985009763075,24073.259235639587
0.064,748.8165038016971,8473.371224935998
0.064,1149.0,87516.00000000001
0.064,1456.9637977046284,66051.16833536941
0.064,260.95976701399775,5845.0617618636
0.064,71.0,1082.0000000000002
0.065,1606.9999999999998,72508.99999999999
0.065,2010.4946267506245,57865.35952386437
0.065,1990.4773296875292,78252.22801939894
0.065,3499.999999999999,130005.19629614805
0.065,277.6760702689376,6340.477111385228
0.065,3499.999999999999,122757.70897177907
0.065,498.0224905569881,7313.436020278994
0.065,1321.190372353659,52475.52959237289
0.065,1321.0,112505.00000000004
0.065,628.0,37657.99999999999
0.065,3499.999999999999,62289.00000000002
0.065,3499.999999999999,169461.00000000003
0.065,1294.211394727865,64994.98219178171
0.065,2084.1065231892535,58674.163121428515
0.065,3499.999999999999,148373.04391296962
0.065,2206.540453752247,134034.88675374034
0.065,1004.4033305485489,14448.947802820285
0.065,3499.999999999999,187751.0
0.065,3499.999999999999,175282.59974110368
0.065,1286.9343417595164,75141.69208901275
0.065,1822.8709268015293,81124.2429117642
0.065,1042.0000000000002,77570.99999999999
0.065,2522.9748818060807,117056.1017059918
0.065,1274.9999999999995,112029.00000000001
0.065,3499.999999999999,132615.00000000003
0.065,712.3903424387503,8854.693670590754
0.065,679.7058187186572,13383.525432411292
0.065,1622.3982033358625,46527.87543718624
0.065,195.0,1198.0
0.065,2004.4241438653253,72021.51669398701
0.065,1669.4991118079581,59912.96707194101
0.065,462.04407293047336,3900.9487616788506
0.065,3499.999999999999,234039.99999999997
0.065,65.0,869.0000000000001
0.065,723.6030848939877,37943.21188986999
0.065,1947.8192583749021,87861.69325384925
0.065,3499.999999999999,168358.0
0.065,986.8494887868618,21811.073233495455
0.065,1113.0000000000002,47525.000000000015
0.065,972.2376252748089,66186.47011285611
0.065,3499.999999999999,130098.00000000004
0.065,2075.7631489147934,83282.77080422004
0.065,1928.8597668052496,87068.26190983718
0.065,2107.4866547620177,179782.83624973765
0.065,2494.427588520561,149601.33212726843
0.065,1761.449206018263,37873.827230116534
0.065,1890.8432451197682,81283.3744940278
0.065,1752.9571907148036,100100.49483170756
0.065,815.4835475936892,14578.406651950025
0.065,209.0,981.9999999999999
0.065,103.0,104.0
0.065,648.0740698407859,13449.372513243872
0.065,3499.999999999999,240822.00000000006
0.065,1887.5910574062377,57539.29083678388
0.065,2348.210498228374,102676.48613734721
0.065,2130.6102412219834,121327.61465964784
0.065,996.8966847171275,42589.50511569721
0.065,1069.9999999999998,15775.999999999996
0.065,1585.2960778382437,93151.39303622545
0.065,2412.5712424714015,107771.68153091047
0.065,682.2042180111954,23679.811952029366
0.065,2166.4487069856973,99114.5650749677
0.065,1083.9999999999998,72263.00000000003
0.065,91.0,359.0
0.065,542.2176684690382,3718.2455540214137
0.065,2365.8502992243884,100768.51035653171
0.065,1348.1839637082169,83991.30321646408
0.065,2445.7105307047273,146941.8178327735
0.065,1969.2638218379984,104616.27637227398
0.065,1145.0,63787.00000000002
0.065,991.7156850630126,5587.528344447126
0.065,1895.0000000000002,138809.99999999997
0.065,3499.999999999999,125558.99999999994
0.065,3499.999999999999,95256.0
0.065,1932.0656242342725,34368.10866175488
0.065,2248.1103175778535,120141.51735349445
0.065,1021.0000000000002,44796.0
0.065,2033.9616515558982,56633.397920308475
0.066,1373.2115641808439,86232.36726427032
0.066,1315.7629291206376,35384.740161122405
0.066,3499.999999999999,87857.99999999999
0.066,3499.999999999999,146309.99999999994
0.066,1494.4072762096396,67112.92602228309
0.066,2153.485546735803,115106.9913602124
0.066,1373.3750518846143,55929.75523105741
0.066,1163.229122624277,18588.970516825353
0.066,3499.999999999999,99615.23153112677
0.066,1522.9999999999998,79034.99999999999
0.066,242.0,13516.999999999998
0.066,1172.0,49023.99999999999
0.066,3499.999999999999,185005.99999999994
0.066,3499.999999999999,215826.00000000003
0.066,2039.9754900488385,73995.43965677884
0.066,2323.8975881049487,136127.7936719758
0.066,329.2719240992162,7963.844800094991
0.066,3499.999999999999,117925.92037376683
0.066,1224.0000000000002,84795.99999999999
0.066,3499.999999999999,249367.99999999997
0.066,3499.999999999999,81375.99999999997
0.066,2099.2535703788485,60083.3562779083
0.066,3499.999999999999,249230.9999999999
0.066,1139.0000000000002,41481.0
0.066,998.7492177719091,12667.247451597368
0.066,1542.5355749544317,130474.65275677107
0.066,3499.999999999999,53843.00000000001
0.066,282.40042492885874,5103.022633694661
0.066,57.99999999999999,102.0
0.066,178.91338686638292,339.75579465257096
0.066,1764.4443884690722,75137.81116056017
0.066,1123.818751537663,38074.83561712103
0.066,2033.9616515558982,147372.01975951882
0.066,1188.0,67683.99999999999
0.066,1339.472657429035,48425.798496256124
0.066,160.31219541881399,973.7330229585518
0.066,2572.644553761751,163320.05301248236
0.066,1423.5464395692275,74115.59133451071
0.066,901.1104260855047,22531.45601154084
0.066,1210.0,147015.99999999997
0.066,1510.8892384676337,28261.05019348176
0.066,1240.9999999999998,80192.00000000001
0.066,854.4379192708669,26987.08675069079
0.066,1423.7905675365373,95138.61188121466
0.066,1960.0000000000005,198536.9999999999
0.066,1142.0849042764196,36628.48624836106
0.066,384.00000000000006,4169.000000000001
0.066,3499.999999999999,140700.00000000003
0.066,753.0129113902443,39323.720946544156
0.066,258.0,1367.9999999999998
0.066,144.0,359.99999999999994
0.066,1514.3865544147905,43911.30133066418
0.066,2404.606315488276,106863.15822795901
0.066,407.0,11664.0
0.066,1959.4642124825864,65793.447120515
0.066,3499.999999999999,102947.25120176838
0.066,2502.9982021567653,137465.68953742602
0.066,1780.9999999999995,135370.99999999997
0.066,1639.132993903786,84638.2712542896
0.066,1652.0000000000002,136250.99999999994
0.066,1937.00800204852,92710.76411614785
0.066,3499.999999999999,199640.99999999997
0.066,1607.3473669799878,49297.97157203544
0.066,1241.4982883596736,58669.81178596022
0.066,2945.6569056478243,143939.8769540786
0.066,2499.499949989998,121453.60680523235
0.066,860.9999999999998,42284.0
0.066,785.9090878608516,32042.26900086157
0.066,1289.0000000000002,110074.00000000003
0.066,1017.9999999999998,83269.00000000003
0.066,306.1992815145065,2300.3456262048962
0.066,1406.0000000000005,84718.99999999997
0.066,1395.9491394746444,88990.91190115994
0.066,771.0018244146196,14102.472599035915
0.066,2217.543686153668,124545.25522877212
0.067,1272.7922061357854,34480.15484303981
0.067,855.2777326693357,28739.49935193723
0.067,2059.6116138728676,131883.85937634678
0.067,1063.9177599795955,36444.949375736556
0.067,1055.4708988631214,48848.88725748166
0.067,596.0872419369499,5775.274538928863
0.067,434.43986925695475,3407.446257830048
0.067,3499.999999999999,156672.00000000006
0.067,1903.2866310674276,83682.8006522248
0.067,1115.9964157648535,32600.1933736596
0.067,1611.423711395614,73093.74223240731
0.067,3499.999999999999,146012.99999999994
0.067,1090.9999999999998,34179.0
0.067,942.9355940669124,34842.01683459632
0.067,3499.999999999999,190262.9999999999
0.067,244.0,709.0
0.067,1483.8328746863644,90726.14836418444
0.067,1938.8140705080516,121621.75228140732
0.067,2073.017761500852,92877.52476430233
0.067,1105.0000000000002,67918.0
0.067,1277.0000000000002,95769.0
0.067,1274.5685583673173,63769.090176985264
0.067,1818.8440109173625,77193.9351380766
0.067,1498.2950310269337,57021.83286250976
0.067,1215.4416476591593,47287.476451018905
0.067,2381.9109974975972,86349.26250987902
0.067,3499.999999999999,203087.1718696186
0.067,1801.2495662733688,31273.845526254023
0.067,2505.534405766889,126507.64470682268
0.067,1085.652296139106,40986.96710045717
0.067,748.331477354788,40880.314223352034
0.067,883.4591105421914,14796.943366790316
0.067,1925.2272593125206,85988.52675211962
0.067,1615.2551300361831,64071.49480461808
0.067,1972.1580019791545,84726.70888921908
0.067,3499.999999999999,192647.6710863644
0.067,1444.599536025296,77510.91519727276
0.067,1965.705980048898,77183.92159640504
0.067,1315.6062832097339,48470.0999269207
0.067,117.0,376.99999999999994
0.067,1694.9606242103712,40714.46202221594
0.067,3499.999999999999,92009.0
0.067,2053.655277791285,110763.74735444809
0.067,1314.55217586569,59059.14035637856
0.067,1188.0,50873.99999999999
0.067,1388.9999999999998,106639.00000000001
0.067,83.0,98.0
0.067,1145.0,42648.999999999985
0.067,3499.999999999999,206822.00000000003
0.067,3499.999999999999,122384.48659041715
0.067,401.7013816257045,7330.475496173494
0.067,965.0719811858144,48991.55528164201
0.067,1892.2209173349706,88617.5221556098
0.067,934.4024828734134,60164.10133958618
0.067,3499.999999999999,185446.00000000003
0.067,1186.0,62714.0
0.067,588.5303730479847,20519.48595847371
0.067,2002.0,98377.99999999997
0.067,1084.6369985622161,16815.644360709597
0.067,300.58276730378276,6137.15658917059
0.067,3499.999999999999,133343.84316495463
0.067,110.00000000000001,139.0
0.067,1556.0000000000005,146147.99999999994
0.067,1010.4412981405385,33466.67244250687
0.067,2221.1037426210046,108001.56113972217
0.067,1917.9416049504741,58377.885213495014
0.067,1408.0990907653188,44374.63079588557
0.067,3499.999999999999,123497.00000000004
0.067,238.45957852120537,2987.775942009921
0.067,687.9928367065606,14774.462573864073
0.067,1686.9999999999998,63317.99999999997
0.067,1077.1722239270746,56680.11206763796
0.067,563.7528761593209,13574.991705498422
0.067,1746.649207249936,51819.955894669816
0.067,2006.240264773887,135315.00488859316
0.067,1220.9819818490364,68280.47782492446
0.067,2199.318076131781,123700.37819667323
0.068,700.9368408633165,24044.755348071834
0.068,1098.9999999999998,82420.0
0.068,1194.5567969490014,96906.13274273048
0.068,1109.6079601042975,37593.73652279512
0.068,284.29737951659,9058.72099139829
0.068,2079.903843931253,124756.0182115477
0.068,1181.6852372776768,53199.88434197952
0.068,763.6744675214782,28978.7833033238
0.068,1318.0,59507.00000000003
0.068,1010.4719082122772,19503.925369594337
0.068,3499.999999999999,185882.9999999999
0.068,1302.543316844748,98781.7067504661
0.068,1471.0,96853.00000000001
0.068,1591.3655765426824,65498.686907364856
0.068,1109.0,32892.00000000001
0.068,1527.9999999999998,33651.00000000001
0.068,892.3757053338461,41713.42682461315
0.068,62.0,531.0
0.068,1233.495034444809,54107.742810063704
0.068,541.0,33522.99999999999
0.068,1891.2958520548814,161825.47333470083
0.068,2244.0574089682004,96046.05482843793
0.068,753.6908441354836,16569.57336128524
0.068,389.02956185873586,8955.257282736215
0.068,1388.9999999999998,74796.99999999999
0.068,3499.999999999999,94653.00000000001
0.068,863.9347087149865,24959.816055891555
0.068,1421.9999999999998,52598.99999999998
0.068,2354.119829212335,109606.68759819504
0.068,769.2489843997195,33299.34774135973
0.068,1974.5885647394996,106727.96685030592
0.068,240.78520602408688,5321.28818940359
0.068,1531.8896724899414,82441.14593030806
0.068,3027.3291468505145,152576.6996297698
0.068,3499.999999999999,301726.0000000002
0.068,950.1754062078267,15444.132594416507
0.068,927.9008567729635,39700.63266498404
0.068,1058.4734290477013,25002.99482062098
0.068,3499.999999999999,177719.28401836427
0.068,1330.9999999999998,64263.000000000015
0.068,1941.714041181309,80404.47841251406
0.068,2774.2429555713966,136672.58698560082
0.068,1360.0000000000002,22443.000000000004
0.068,1007.8408195352037,37922.291350351785
0.068,1740.7806514486615,64733.59724415242
0.068,3499.999999999999,122736.6305224321
0.068,1375.0000000000002,108616.00000000001
0.068,1079.6517957193425,90550.79511522804
0.068,626.0990336999411,5230.42388339607
0.068,502.71661997590644,24091.561593221813
0.068,1345.0,49782.00000000001
0.068,1310.728804902067,58777.28811369235
0.068,3499.999999999999,92278.00000000001
0.068,2106.4615791822584,71350.5934436977
0.068,1016.0000000000002,44890.999999999985
0.068,374.1269837902634,7420.061994350183
0.068,476.9696007084728,7425.181815955754
0.068,2358.532435281866,130766.44250976271
0.068,682.7415101646994,15936.056567130861
0.068,1461.940015304677,68089.96773637769
0.068,94.0,145.0
0.068,3499.999999999999,146691.99999999997
0.068,241.65522471921102,5551.495122553801
0.068,3499.999999999999,154752.339613978
0.068,2346.380190847169,120153.12058369516
0.068,3499.999999999999,103270.0
0.068,1502.2422650130488,71565.62731773531
0.068,1114.553203598466,30714.830920602755
0.068,1969.977066908173,208099.1494808059
0.068,1136.0,118577.00000000001
0.068,2542.706314209276,103724.427211365
0.068,1253.1595980762727,85224.96200186234
0.068,1897.0,59843.999999999985
0.068,246.99392705084873,5138.883147143939
0.068,1885.0223442267009,97651.86714332338
0.068,1129.2408820622604,62979.99777801407
0.068,2128.9668856043763,104396.12437250729
0.068,1090.8297271421675,39573.64618195931
0.068,840.9999999999999,39857.0
0.068,2462.5209356873997,131605.60207298835
0.068,1555.2697515222237,99457.1293673812
0.069,1251.2242005332214,126052.27281568554
0.069,356.735195908674,3498.2302668635193
0.069,1519.8684153570662,27287.618877432305
0.069,2642.3297845126845,106951.10746905961
0.069,1251.0,62468.99999999999
0.069,1985.1952045076064,131403.8071176022
0.069,308.0,4616.0
0.069,3499.999999999999,90527.66139142225
0.069,1405.9167827435592,49751.43505467959
0.069,3499.999999999999,124720.00000000003
0.069,982.8529900244488,38576.53058531835
0.069,1490.3187578501452,106120.1422680916
0.069,3499.999999999999,191333.7718752234
0.069,141.0,4420.0
0.069,1594.722598446373,36821.95906462003
0.069,1491.7592540902222,90409.11696391714
0.069,1578.9999999999998,120977.00000000001
0.069,664.5439426824522,18610.896486608635
0.069,1025.6314174206743,20912.085465943
0.069,2338.1616710569865,136321.63731411102
0.069,2927.4559845407493,165512.55459593734
0.069,973.5157955081244,31780.353293879147
0.069,1380.0000000000002,69917.99999999997
0.069,1379.0000000000002,54925.000000000015
0.069,1065.4872994762272,35105.94751197027
0.069,1884.807682497076,124994.32891135507
0.069,850.4986772476487,34646.70460520019
0.069,1409.6045753325966,43841.00365810404
0.069,3499.999999999999,284535.0
0.069,2295.865849739483,56246.08790840482
0.069,1356.8345514468595,64811.25750978756
0.069,3499.999999999999,147957.0
0.069,453.2562164574972,3573.986745192832
0.069,766.8040382911823,22089.355500690213
0.069,595.499662667127,22515.631340893793
0.069,1076.0000000000002,34373.000000000015
0.069,2251.9991119003575,126576.65451417177
0.069,1242.0000000000002,45806.99999999999
0.069,1279.511125155062,29876.161282249188
0.069,446.45153208051636,7867.260655349502
0.069,2314.843407230822,139984.81260479643
0.069,273.0,1118.9999999999998
0.069,2033.101079631802,92868.66616356667
0.069,66.0,624.0
0.069,1728.3043403448587,59350.36527284466
0.069,1311.0000000000002,43948.0
0.069,1122.617477148828,54469.202986641925
0.069,1846.03704890102,75175.04671348588
0.069,426.99999999999994,19300.0
0.069,1274.9999999999995,49494.0
0.069,1501.1182119434695,65767.40842345399
0.069,877.0,32268.99999999999
0.069,3499.999999999999,223171.99999999997
0.069,2400.9373169660216,178749.2792712742
0.069,2028.0926345500554,88455.68353747131
0.069,1915.202339179858,96013.06918331483
0.069,3499.999999999999,242210.0
0.069,1433.632920166673,82899.16334922823
0.069,710.8688228414928,33003.26927321575
0.069,710.7853506470306,10441.481165014507
0.069,3499.999999999999,147409.99999999997
0.069,1671.0,33917.00000000001
0.069,2140.11557881599,87783.37860616612
0.069,2531.5015307125527,140907.59900019583
0.069,916.7945483112669,46364.654220722274
0.069,773.0803403301134,17415.052093396083
0.069,3499.999999999999,97302.32548094627
0.069,1289.483572646718,75105.33764913656
0.069,3499.999999999999,129851.89854514333
0.069,698.0000000000001,27664.00000000001
0.069,1193.755136945997,78101.67466357938
0.069,2104.162541250081,115912.05978240575
0.069,483.5673113151092,15243.600126369074
0.069,1982.548864467153,97871.65665298607
0.069,3499.999999999999,159914.0000000001
0.069,1745.0,117397.99999999996
0.069,1348.0,89727.0
0.07,1038.0,28192.000000000015
0.07,1423.7057280210686,120615.91225870656
0.07,2371.672162868584,149772.6048112987
0.07,801.9999999999998,18786.000000000004
0.07,995.2386648437649,23208.464619616705
0.07,3499.999999999999,218074.9999999999
0.07,3499.999999999999,204555.0000000001
0.07,542.2176684690382,11712.646498550188
0.07,986.6421338824539,21205.07536940129
0.07,2034.5848202019959,91853.14252613536
0.07,3499.999999999999,188111.66651752352
0.07,349.9491626842914,9511.909446145744
0.07,2051.097267318154,161943.7813872456
0.07,693.1717037769096,25800.82873255278
0.07,2021.8803129760179,112587.85722714511
0.07,3499.999999999999,148484.86027201565
0.07,705.5040751122563,17323.401831049232
0.07,1069.9999999999998,64848.00000000002
0.07,1168.0000000000002,64540.00000000001
0.07,1981.943641199471,66243.99566228435
0.07,1652.8711565117735,70728.64413775857
0.07,2270.572615002656,132257.0361190663
0.07,1107.0000000000002,85414.99999999997
0.07,1142.4640038093105,41297.15631856508
0.07,497.09556425299155,5774.707092138962
0.07,1750.9997144488632,100031.60588034165
0.07,454.42271070007047,9364.941003551488
0.07,1785.6371411907849,132176.9297873119
0.07,1729.1758141536889,41048.2335202541
0.07,3499.999999999999,108603.99999999996
0.07,1217.9999999999998,83313.00000000003
0.07,2622.2935067388603,100380.0409047252
0.07,1232.9416011001883,41265.728570047315
0.07,407.0,15664.999999999998
0.07,2574.103602629772,100664.54755736383
0.07,917.9999999999998,56674.0
0.07,2005.3677966896744,96584.02011720164
0.07,3499.999999999999,138682.00000000003
0.07,2104.162541250081,132614.0085699848
0.07,64.0,556.0
0.07,2071.4729059294987,103777.73658641822
0.07,1017.0,61334.99999999999
0.07,924.1212041718338,46943.99654907963
0.07,1126.9999999999998,52311.00000000002
0.07,384.00000000000006,4190.0
0.07,2247.7013561640797,102979.43252102032
0.07,946.7502310535764,25322.531330812886
0.07,1575.9999999999995,78200.99999999999
0.07,918.9999999999998,55252.00000000002
0.07,392.4283374069716,3177.461880180469
0.07,1206.283767466835,45284.5948292243
0.07,1617.2883619234824,86736.58581298235
0.07,3499.999999999999,119982.78833687941
0.07,938.0059964792297,29350.80397185759
0.07,1741.0,27725.000000000007
0.07,1276.0,57793.000000000015
0.07,1981.6659657974647,74349.68406119823
0.07,3499.999999999999,303421.6397556378
0.07,2464.2443060703217,160039.81345277815
0.07,2033.101079631802,80735.83957574233
0.07,3499.999999999999,178828.00000000006
0.07,2348.950791624904,187484.06827845128
0.07,2500.199992000639,117521.49999042737
0.07,1310.0477090549032,99172.51954548698
0.07,1021.0000000000002,130365.00000000006
0.07,480.62459362791657,12699.661215953754
0.07,3499.999999999999,118364.00000000001
0.07,668.6137521951035,14994.815693203958
0.07,1269.5500032502152,41108.81919989695
0.07,1703.9999999999995,65828.00000000003
0.07,3499.999999999999,152449.99999999994
0.07,2055.358849446977,63778.7333677927
0.07,877.0,20095.0
0.07,2288.2307575941727,90825.50323560004
0.07,1172.9999999999998,34298.99999999999
0.07,3499.999999999999,105554.61022617629
0.07,1185.0,78675.00000000001
0.07,62.0,678.9999999999999
0.07,1678.468760195316,89817.60025361604
0.071,1252.0,23609.0
0.071,3499.999999999999,114095.00000000004
0.071,1005.0000000000001,34585.000000000015
0.071,1386.4162464867306,76139.32106919408
0.071,1315.9027319676782,82204.22692295087
0.071,1280.1601462317128,78484.51988131163
0.071,861.8074265346094,42881.553591790595
0.071,3499.999999999999,236483.9999999999
0.071,1038.0,34670.99999999998
0.071,73.0,88.0
0.071,673.0,61685.00000000002
0.071,1581.9292019556372,70569.07930531613
0.071,1114.411503888936,45957.1991313657
0.071,614.8170459575759,3356.6036405867158
0.071,1816.0,92984.0
0.071,1329.781937010726,74300.33875427485
0.071,1946.2218513412045,71181.19096574659
0.071,2434.2349927646674,97026.18139450815
0.071,507.70069923134827,31015.105029646456
0.071,1046.0,36154.99999999999
0.071,1746.9974241537966,39530.81625769949
0.071,1440.8543838895664,73357.75060471763
0.071,3499.999999999999,119591.35098325457
0.071,875.309598633198,68357.40579173817
0.071,1092.0000000000002,68582.99999999999
0.071,2346.6606836420997,92577.9202484728
0.071,59.0,902.9999999999999
0.071,3499.999999999999,137213.74566711608
0.071,2833.4304128425297,141089.24496286732
0.071,284.759547688923,6097.444710696441
0.071,1712.0953987585328,87528.51561648688
0.071,1733.3882651667896,95214.0267965988
0.071,2743.3216926696464,108081.24897101177
0.071,2105.4165078299834,60707.57443416264
0.071,2114.9468078417476,122088.1437937362
0.071,1941.5200230747039,112831.74612669973
0.071,3499.999999999999,160634.1223339549
0.071,3499.999999999999,87966.99999999997
0.071,591.6079783099615,4299.21155562273
0.071,1298.9777191038309,29335.30402236181
0.071,1317.4338759310476,56035.39827829369
0.071,1888.2552976221298,130436.29433169671
0.071,1339.0,127369.99999999996
0.071,3499.999999999999,157084.00000000006
0.071,1320.0,66680.0
0.071,2377.498685593748,99281.25305413909
0.071,546.2222625541365,20344.119025738164
0.071,1053.9999999999998,33014.0
0.071,2430.4567663551675,158226.38721690574
0.071,350.99999999999994,4972.000000000001
0.071,60.0,420.0
0.071,3499.999999999999,250544.0000000001
0.071,1103.0,60537.99999999998
0.071,2375.296361909215,84923.27960535888
0.071,1290.2836897364853,102125.53698267638
0.071,2554.6499801994287,106181.8761258517
0.071,542.1825553006638,9611.47913132441
0.071,1373.959870839364,63277.93494862482
0.071,1148.1521497442016,82190.56820514376
0.071,1096.6047601574599,43964.03489217069
0.071,1296.0000000000005,97877.99999999997
0.071,1025.8374078032837,17643.109050216124
0.071,591.4101791481104,14638.289517563177
0.071,2204.8685568744822,101943.5707544753
0.071,494.00000000000006,29642.000000000015
0.071,2206.3006832195742,70219.23020516081
0.071,734.8065722322359,31854.455051606288
0.071,436.5432395536552,7063.037306994774
0.071,324.8780607632824,2396.3036361773234
0.071,774.8458658095697,27466.596723973173
0.071,1091.5503312215176,28046.541546315955
0.071,1911.0000000000002,112258.99999999994
0.071,1083.0,27695.999999999985
0.071,3499.999999999999,264860.0
0.071,3499.999999999999,127893.00000000003
0.071,1174.5376892581874,18692.191327135224
0.071,2633.527821274384,145704.13475644068
0.071,3499.999999999999,155739.5271599347
0.072,933.5053764766157,61796.31440614438
0.072,1819.0000000000002,64281.000000000015
0.072,2319.726359917718,135742.25511388778
0.072,2196.92967570653,71229.50210411413
0.072,1921.5878850575627,105915.92990669527
0.072,1908.795431679361,116358.4982070498
0.072,1095.9543786125407,70001.08902724301
0.072,1250.0000000000002,21018.999999999993
0.072,1641.450234149907,61530.38192296526
0.072,101.0,736.0
0.072,1012.0978213591804,62267.96470898981
0.072,1230.0000000000002,94003.00000000001
0.072,462.0606020859168,6552.488992741612
0.072,1876.432785899884,92278.15780020753
0.072,2413.0510075057755,125367.437211501
0.072,2656.7614764097816,117889.23806357486
0.072,1816.1652331275225,88698.92501299518
0.072,1437.4441081432,104102.64982953
0.072,1107.0591673438237,69635.7214725316
0.072,1154.6662029820125,57741.0695712903
0.072,1080.0,109701.0
0.072,1719.4377443820783,58210.20296616587
0.072,661.1911117883062,18784.102371292134
0.072,1714.9999999999995,137266.99999999997
0.072,1796.0,75652.99999999997
0.072,666.5509243511818,20902.902133830336
0.072,594.9999999999999,23118.999999999993
0.072,1327.1786235135132,62107.74952212539
0.072,3499.999999999999,264764.00000000006
0.072,297.0,367.0
0.072,1824.79925232928,101845.13734978848
0.072,3499.999999999999,132389.0
0.072,3499.999999999999,147968.99999999994
0.072,1937.00800204852,109395.30130677456
0.072,1465.1334410216703,116487.89042213782
0.072,2295.865849739483,154048.54279090092
0.072,974.0,87596.00000000004
0.072,1571.0,85371.99999999999
0.072,450.85252577755404,8852.750533026448
0.072,1060.9999999999998,62317.00000000001
0.072,1985.1952045076064,82029.98476167115
0.072,719.7221686178632,22955.919171316145
0.072,1810.0000000000002,75334.00000000004
0.072,1941.5200230747039,61766.17171235398
0.072,2365.120548931572,77975.49155488423
0.072,1910.8661769456248,110381.56155003824
0.072,1427.5767139671323,69824.88102632361
0.072,1333.3133120490459,34793.033115182705
0.072,1453.0,57897.000000000015
0.072,855.2937262423825,25169.7570467682
0.072,1311.0000000000002,100583.99999999996
0.072,2140.6384122516897,95687.22202691727
0.072,2317.447648863758,102342.46957381096
0.072,1003.9920318408907,51345.31036034354
0.072,1160.0000000000002,111959.00000000001
0.072,1170.9188699478714,33539.67294116031
0.072,1916.1158628851229,46839.746199141606
0.072,548.7075723917067,19726.97419778309
0.072,3499.999999999999,114262.00000000001
0.072,2325.0260142770853,95467.26950588857
0.072,3499.999999999999,317562.9999999999
0.072,3499.999999999999,98149.0
0.072,1443.0869689661806,73018.19225371168
0.072,3499.999999999999,144029.88314929657
0.072,1436.0,118638.00000000001
0.072,3499.999999999999,180492.99999999997
0.072,518.4796463396106,13664.625292387125
0.072,1361.0,71923.99999999997
0.072,1754.3293261838005,71012.6838710416
0.072,2067.9580320889363,103826.05568591766
0.072,2526.178256097086,109315.65550932678
0.072,1145.0,58876.99999999998
0.072,673.4983296193095,8272.520172232884
0.072,1979.0000000000002,149191.0
0.072,2348.6166140943483,142952.3346573954
0.072,1499.8599749290597,90126.70251736087
0.072,1754.2858759648184,86866.52061735473
0.072,2150.232545563386,73619.12805786284
0.072,3499.999999999999,166358.089568669
0.072,2266.715685744465,180873.57017541293
0.072,3499.999999999999,72924.00000000003
0.072,59.0,519.0
0.072,2013.1058022683571,72022.16406915592
0.073,1118.6382656176959,28323.204935033744
0.073,1118.0000000000002,40058.0
0.073,1811.0000000000002,80678.00000000001
0.073,570.7172257351847,13711.90749436378
0.073,2265.9435120938037,98233.81043714026
0.073,1043.7717679039117,24608.194226941403
0.073,3499.999999999999,151847.5825820089
0.073,1290.447652557571,41700.791035847506
0.073,594.0241380712603,6488.508934537898
0.073,3499.999999999999,204694.0
0.073,3499.999999999999,158936.99999999994
0.073,994.9999999999999,26282.000000000004
0.073,492.8147418810634,6374.588028196269
0.073,3499.999999999999,195238.99999999994
0.073,1436.0,78044.99999999999
0.073,468.8208613105862,20042.523543705764
0.073,1302.0000000000002,96078.0
0.073,1973.702105182036,122361.39533365908
0.073,66.0,598.0
0.073,1468.0000000000002,113488.00000000006
0.073,497.26351163140856,17862.011252935652
0.073,3499.999999999999,152784.00000000003
0.073,564.3580423808985,3368.1627039084674
0.073,1791.0,88937.99999999999
0.073,595.9759892283391,5568.5854079566225
0.073,1070.1901700165254,75616.90256814282
0.073,1640.7026029366848,83059.28609861524
0.073,2049.3901531919196,87649.8719679612
0.073,1907.8784028338912,151597.0736590914
0.073,420.02645336027655,9136.458229455044
0.073,1886.6637220236146,85029.40006256655
0.073,3499.999999999999,110382.00000000004
0.073,3499.999999999999,78211.0
0.073,3499.999999999999,245780.00000000003
0.073,3499.999999999999,110266.00000000003
0.073,576.6281297335397,4934.355885016806
0.073,1970.0885923036835,99453.6837227198
0.073,93.0,1235.0
0.073,2270.572615002656,129541.3314120246
0.073,1786.7212119185904,88924.44978979678
0.073,985.3344609826656,37130.61661217061
0.073,1320.294123436737,36646.93565598717
0.073,1200.0,40710.000000000015
0.073,1578.0000000000002,118930.00000000004
0.073,1933.3908037435165,116807.28559469228
0.073,695.1208319489917,9972.759397343025
0.073,2558.6624451887487,108083.71457630921
0.073,2319.726359917718,96248.07811029018
0.073,3499.999999999999,173579.98822444948
0.073,3499.999999999999,213033.0
0.073,3499.999999999999,248274.99999999994
0.073,816.9720319342096,14417.087801398044
0.073,2165.6407827707712,116386.51831720026
0.073,3499.999999999999,105970.70614089539
0.073,2372.2612714688544,144359.63892312403
0.073,1086.9999999999998,97673.99999999999
0.073,3499.999999999999,152526.00000000006
0.073,3499.999999999999,69999.99999999997
0.073,3499.999999999999,74731.00000000001
0.073,3499.999999999999,118410.07241984358
0.073,1390.0,122570.0
0.073,2036.749590557305,105953.76071119729
0.073,1164.0,51303.0
0.073,1118.8390350828934,66021.08655875055
0.073,3499.999999999999,147384.99999999994
0.073,1823.1681217046332,145058.6502074248
0.073,3499.999999999999,212302.00000000006
0.073,1497.4917155197443,66872.32362950913
0.073,3499.999999999999,126225.46351271607
0.073,322.0,4915.999999999999
0.073,626.1612543782734,16606.439327321525
0.073,1159.310139695155,22498.201972602164
0.073,3499.999999999999,129212.19092124818
0.073,3499.999999999999,77941.00000000001
0.073,1471.0,73118.0
0.073,853.571320980268,58194.17084210412
0.073,3499.999999999999,90584.00000000004
0.073,3499.999999999999,109807.00000000004
0.073,3499.999999999999,133245.96324091777
0.074,2092.4865590966165,90013.23815972847
0.074,336.0,8371.311127893883
0.074,1148.4755112757086,51909.7407814757
0.074,3499.999999999999,136360.88328036017
0.074,452.4849260873981,4542.1735173628995
0.074,1308.1647864161073,73303.37023238144
0.074,3499.999999999999,190909.33072010914
0.074,422.41512705641753,8856.809938833761
0.074,927.6285735499885,24288.65472495483
0.074,1269.1091363629848,87358.98804358939
0.074,1739.0000000000005,60966.99999999997
0.074,693.2257929419533,6367.559893711249
0.074,3499.999999999999,162596.7293613251
0.074,1931.1901679128905,51434.54138455976
0.074,313.0,944.9999999999999
0.074,2051.097267318154,74197.04802753271
0.074,1439.4443372357262,28676.83601794311
0.074,469.57427527495577,5963.073871754401
0.074,1534.0092719639053,51904.42354509885
0.074,397.6164753578207,8883.384233054212
0.074,778.2033406283853,27868.365319302808
0.074,851.9135665806336,25929.14116882238
0.074,3499.999999999999,149187.0
0.074,1506.0,109594.15875857622
0.074,359.32854006071847,11105.448193319517
0.074,1317.0,56409.99999999998
0.074,3499.999999999999,149183.00000000003
0.074,1447.886258273678,67152.45948886054
0.074,757.6278769950325,30088.108847184118
0.074,429.4403334573966,2871.2081080966586
0.074,3499.999999999999,129667.99999999996
0.074,3499.999999999999,240782.8305589914
0.074,2187.837570767985,109788.17048142225
0.074,3499.999999999999,211526.00000000006
0.074,1155.117833096104,38925.86755825467
0.074,1956.7830743339946,110952.20446210164
0.074,76.0,80.0
0.074,1471.0,137261.99999999994
0.074,1518.9999999999998,73133.00000000003
0.074,2592.8675325704526,144344.09296025208
0.074,3499.999999999999,149010.0
0.074,3499.999999999999,79079.00000000001
0.074,1579.097216509713,109564.52431033028
0.074,851.3440094050136,37414.38765025654
0.074,3499.999999999999,167469.83210118784
0.074,3499.999999999999,147272.00000000003
0.074,2385.5816900705795,165433.6156982613
0.074,2140.772059621764,110109.23002354712
0.074,2129.221136614461,84478.7534239885
0.074,1907.8784028338912,65940.64304357363
0.074,2241.8742159184576,121865.44806055565
0.074,1236.0000000000002,147036.0
0.074,1262.7604681807234,37582.59256624
0.074,3499.999999999999,162714.0
0.074,1254.4999003587047,54199.90381910284
0.074,1340.0,55942.99999999997
0.074,95.0,158.0
0.074,3499.999999999999,173342.970639135
0.074,509.99999999999994,25829.000000000004
0.074,1905.1246678367263,104300.03569510416
0.074,1985.1952045076064,104068.66247338823
0.074,2384.114091229696,77443.24851786625
0.074,1442.0673161595846,74108.38543457739
0.074,1758.6240968261816,43597.11002064504
0.074,1772.5248315037377,76485.97671393793
0.074,2997.5305173154125,188437.4141759779
0.074,558.121850495033,4472.848756665042
0.074,2865.7164318831497,142002.50284161567
0.074,1974.8680999345283,81010.00039478535
0.074,291.0,7538.000000000001
0.074,1700.9999999999998,145203.99999999994
0.074,1095.6267132339783,44932.108215339256
0.074,563.4358881008558,6340.701853895985
0.074,418.0,13601.0
0.074,201.64820852167273,3622.817963961202
0.075,1093.0158044136726,42217.45743570948
0.075,1302.0000000000002,64538.99999999998
0.075,1562.9999999999998,145706.00000000003
0.075,907.2270550873077,22461.6441414685
0.075,3499.999999999999,123993.0
0.075,1799.4374120818989,83468.14575633027
0.075,2247.331751210754,106953.73892950172
0.075,3499.999999999999,200257.00000000003
0.075,1035.9999999999998,26451.000000000004
0.075,3499.999999999999,245011.9952267643
0.075,598.6688923253892,7498.533753272129
0.075,2211.815034106708,94921.82911061106
0.075,345.9161748169634,8779.937585199566
0.075,3499.999999999999,101217.99999999996
0.075,619.0907309740338,28037.252641853313
0.075,1380.9999999999998,44670.000000000015
0.075,126.0,1379.0000000000002
0.075,981.1340377338869,52198.976043596864
0.075,2361.465024482592,82482.56976310589
0.075,936.9999999999999,36329.99999999999
0.075,2116.536113909004,85863.19900502951
0.075,1262.7984386166236,64403.894704074766
0.075,3499.999999999999,159143.5669387864
0.075,367.0,4267.000000000001
0.075,2377.4655835366034,147128.8839752352
0.075,1442.9999999999995,50742.000000000015
0.075,1471.0,34609.0
0.075,1480.9237101393092,90404.07380509247
0.075,3499.999999999999,79019.99999999999
0.075,1509.453088422738,49516.161464890334
0.075,1010.9999999999998,37963.0
0.075,931.5939827997786,25753.85472677224
0.075,1594.2588452687253,30282.659242339032
0.075,281.0,17692.999999999996
0.075,1574.437832027845,78674.58936452745
0.075,340.440890610984,2265.4032753573915
0.075,2309.0537906169684,54592.82284542419
0.075,63.0,444.00000000000006
0.075,433.71816596227893,11784.409703771966
0.075,1614.8947334114382,129774.9195376363
0.075,3499.999999999999,196387.09131457692
0.075,788.1192803123141,57618.687437323686
0.075,189.26172354705005,4477.867349531472
0.075,1935.2002480363624,136683.13345837523
0.075,3499.999999999999,206073.67914413512
0.075,3499.999999999999,126227.29682996465
0.075,1161.49023458245,35499.104780930815
0.075,3499.999999999999,80378.55408005297
0.075,941.8892725544399,23830.50784735818
0.075,988.4605192482555,28425.855695141945
0.075,677.5579413559601,8295.15145528216
0.075,600.1760961035327,5509.144773263982
0.075,896.9999999999999,32432.999999999985
0.075,1042.9999999999998,19860.999999999993
0.075,3499.999999999999,214522.99999999994
0.075,3499.999999999999,131942.29680811224
0.075,2374.552589436586,158464.5796384794
0.075,1961.0,52541.99999999997
0.075,1471.0,77157.00000000003
0.075,1165.432966755274,63431.101866513396
0.075,1306.5987540048468,66242.95182192735
0.075,2286.7006800191402,67774.61279122147
0.075,1186.1703081766968,57704.19710904923
0.075,3499.999999999999,121510.99999999999
0.075,1085.9999999999998,35275.000000000015
0.075,2021.8803129760179,86595.48330022763
0.075,3499.999999999999,102773.12314941482
0.075,1794.551425115536,112319.02266986367
0.075,781.1671088076284,33253.98030357578
0.075,3499.999999999999,76792.99999999997
0.075,2313.6398082074193,174402.26308907973
0.075,3499.999999999999,90357.00000000004
0.075,1964.783626441597,40270.82053581432
0.075,1308.5029614028394,53086.23927158526
0.075,1416.156770982648,17241.56315419226
0.075,1198.8994953706501,63329.8654664606
0.075,1180.9187101574778,77532.02980704172
0.075,1697.5182008903612,87169.48724864567
0.076,2341.526750982656,116470.7754992324
0.076,1601.0000000000005,47320.00000000001
0.076,3499.999999999999,225484.165878671
0.076,2312.113156620483,75712.49236238841
0.076,2028.792744466521,117805.41169657707
0.076,3499.999999999999,117758.96197317638
0.076,1123.9999999999998,33906.000000000015
0.076,2297.389823255948,125201.80730324941
0.076,3499.999999999999,192768.99999999997
0.076,1609.9999999999998,55147.0
0.076,1077.0736968818192,11540.259903326263
0.076,3499.999999999999,141517.00000000006
0.076,1236.0784764730756,103408.80282161661
0.076,2009.2832747441544,108133.53547088688
0.076,2232.4874019801323,129222.71073615504
0.076,49.0,70.0
0.076,3499.999999999999,214149.00000000006
0.076,2022.967569084778,102435.17448853342
0.076,381.5953244947494,3717.6170511543473
0.076,1773.837647587851,63950.69528941805
0.076,3499.999999999999,97963.00000000004
0.076,1460.0042710195855,79638.8228100316
0.076,1259.2382226610903,55898.24330936064
0.076,1312.0000000000002,118278.99999999997
0.076,2545.9772190654016,191738.65505421694
0.076,3499.999999999999,223527.0000000001
0.076,2572.6673190876268,106579.43187605646
0.076,2298.247766591109,124062.91558949256
0.076,1147.3601490994547,57597.19698098149
0.076,1285.0,108044.0
0.076,1724.8188310660344,27611.015301868225
0.076,3499.999999999999,97781.00000000003
0.076,1555.4124327014574,68510.4679784356
0.076,1295.1509564525677,62452.28501824416
0.076,3499.999999999999,156408.84482670616
0.076,2619.9160861184314,77536.80427229167
0.076,1465.9999999999998,78625.99999999999
0.076,2369.1919238231344,73412.38292725016
0.076,3499.999999999999,189206.00000000006
0.076,1240.9999999999998,77107.00000000004
0.076,230.04347415216975,6530.805463340643
0.076,1444.60551635691,65314.23997142063
0.076,476.9696007084728,12733.879534533062
0.076,1169.0000000000002,32985.0
0.076,607.9402894673889,16543.266164625475
0.076,1379.0000000000002,88949.99999999997
0.076,2757.697442481564,161665.31573814657
0.076,1230.9999999999998,17093.999999999993
0.076,3499.999999999999,152708.00000000003
0.076,2695.0756149020863,144559.16573987543
0.076,1964.8155129680752,79523.25759172597
0.076,1069.2632977896512,42419.63044393483
0.076,1225.9999999999998,71175.00000000003
0.076,1264.360261233792,56455.26792211592
0.076,1897.761839641634,71209.82312855437
0.076,3499.999999999999,105543.0
0.076,525.8326730053963,3225.019999937986
0.076,2114.1192019372984,89923.5677672989
0.076,2159.1665058535887,179208.5142201674
0.076,2831.098368189703,144993.03772148717
0.076,3499.999999999999,158642.2428237
0.076,1123.348195017058,67070.16245702356
0.076,3499.999999999999,118597.99999999999
0.076,2450.107672624589,162027.62317173777
0.076,700.8750960302225,23712.564493250145
0.076,2325.4031908466964,94798.47960278689
0.076,3499.999999999999,223186.99999999994
0.076,464.18017180566125,17074.887115540125
0.076,348.6258739680691,9986.63096344308
0.076,498.4977432245807,2808.074785328909
0.076,641.051331920779,13398.767020493218
0.076,1609.7308038535036,55742.37776840609
0.076,3499.999999999999,193370.6394595621
0.076,3499.999999999999,185607.00000000006
0.076,1600.5390761651572,64706.79115635776
0.076,1065.9999999999998,32285.99999999999
0.076,1326.5519213359125,28883.866084719346
0.076,436.00000000000006,6552.999999999999
0.076,2067.2445428637607,102086.0949150275
0.076,940.7475017917816,27913.31892658158
0.076,198.3708647962195,5120.211714372755
0.077,3499.999999999999,128409.51093874453
0.077,3499.999999999999,123351.75781074222
0.077,374.0,10047.0
0.077,1891.2958520548814,69276.6744582908
0.077,3499.999999999999,179292.99999999997
0.077,1225.9999999999998,51640.0
0.077,305.55686868404706,4304.729259779296
0.077,3499.999999999999,82197.0
0.077,1391.9999999999998,139169.00000000006
0.077,1128.5743218769421,86502.29754174163
0.077,3024.2337142276037,212300.3574184825
0.077,3499.999999999999,248913.59469502655
0.077,2101.2394799198646,68948.83276796626
0.077,1048.1448724611137,28080.86657264749
0.077,847.4340147545338,27949.058133068946
0.077,3499.999999999999,197098.0
0.077,1201.1069894060229,97026.82248739264
0.077,702.5227032100257,11116.872437803431
0.077,1721.0572979271356,80454.79113469007
0.077,763.648454393713,22955.2991929929
0.077,1083.4560071470064,23531.476595992783
0.077,973.0453716571794,34142.275149683424
0.077,2153.26707188638,99891.24405648954
0.077,1164.0,120331.99999999994
0.077,612.6108642857718,8199.303434311547
0.077,412.5259566158006,16567.65960268204
0.077,1009.0,35276.0
0.077,1330.9999999999998,136324.0
0.077,3499.999999999999,133941.64144400897
0.077,1155.6745371131192,36768.499736824655
0.077,1994.0164671424554,74132.1911247975
0.077,1050.9999999999998,37601.0
0.077,1602.9405559376476,79157.56846227324
0.077,1716.0000000000005,80784.00000000001
0.077,3499.999999999999,177175.7542329086
0.077,2577.5934533172763,178163.60837374136
0.077,897.4205980297768,27923.873970737943
0.077,813.5875521002745,18897.873563556906
0.077,1371.0000000000005,145430.0
0.077,3499.999999999999,84042.6399632948
0.077,3499.999999999999,262628.0
0.077,3499.999999999999,135420.67638390773
0.077,3499.999999999999,313236.0000000003
0.077,1164.0,36222.99999999999
0.077,2913.6874384099506,159907.71734881646
0.077,1177.0000000000002,50127.000000000015
0.077,469.57427527495577,5972.024782266065
0.077,114.99999999999999,1267.9999999999998
0.077,1132.3744963571019,62769.57254912605
0.077,2832.944198768767,183723.53675689962
0.077,1895.7328397243075,84048.79785772997
0.077,1922.4983745116663,47356.5714975229
0.077,348.5414678117214,3625.5424928252273
0.077,1290.0,25634.999999999996
0.077,1016.0000000000002,60759.000000000015
0.077,979.4940898481864,38174.357831283356
0.077,1917.9416049504741,138056.03672060123
0.077,3499.999999999999,215326.00000000012
0.077,542.8106314193622,7204.701158364689
0.077,1455.163221085525,55169.87166923626
0.077,1012.1001042497701,14246.16624983115
0.077,1038.0,51534.99999999998
0.077,3499.999999999999,146102.45286441967
0.077,3499.999999999999,206778.2683528422
0.077,2180.0309105711935,94305.68903725164
0.077,2632.4893162176368,127606.77706924507
0.077,778.1503400294978,21618.917260054746
0.077,3499.999999999999,247167.74724870556
0.077,1469.4262534139812,59218.360399341
0.077,2524.897881698282,92479.46145575464
0.078,2204.087112616015,135559.133982185
0.078,284.6393715057432,5297.952519009691
0.078,204.79257799051217,4787.402322763357
0.078,1901.4468175576194,106491.48553757711
0.078,3499.999999999999,234548.83758611977
0.078,3499.999999999999,111784.47230931527
0.078,1626.5587882711684,79663.90587955207
0.078,1959.6913994213871,115924.75800292664
0.078,1806.1007723823159,112169.35142898886
0.078,166.0,2288.0000000000005
0.078,1125.0000000000002,68765.00000000001
0.078,916.9460180403204,37605.34951306797
0.078,2024.8254485524328,79440.071831764
0.078,2817.418645478182,102734.97018550718
0.078,1587.2700852691557,68369.27635748805
0.078,1588.0,144437.0
0.078,1913.1492247967658,53848.89662134539
0.078,839.1102430551065,39010.107228768284
0.078,991.7156850630126,74125.53913463297
0.078,1729.8644463716735,77515.11659639921
0.078,3499.999999999999,154965.2213268628
0.078,945.7404869606537,13390.909835727058
0.078,1313.5889768112402,84971.98644259176
0.078,3499.999999999999,125241.99999999996
0.078,1033.379352267984,38997.33144755932
0.078,1225.9999999999998,42756.0
0.078,3499.999999999999,212171.33682238983
0.078,1136.9999999999998,68850.99999999997
0.078,791.6300661556442,21459.484264125455
0.078,1763.4539971317654,130305.64972786105
0.078,407.2324815226655,12643.49004845576
0.078,1100.7551953091115,49330.02024122837
0.078,945.8551159808804,46779.27991768181
0.078,480.62459362791657,12796.085495181722
0.078,528.0000000000001,16096.0
0.078,3499.999999999999,168580.9666807022
0.078,3499.999999999999,85680.0
0.078,2097.4985101305792,127445.50139177137
0.078,267.35369830993545,5999.869165240191
0.078,2104.162541250081,60409.54278919847
0.078,1212.005666122773,65558.61148126243
0.078,1964.8155129680752,137469.188562383
0.078,480.62459362791657,9287.724479117584
0.078,2035.6817039999153,111152.01482654286
0.078,2272.113553500353,87619.5905034942
0.078,1175.7737877670172,43055.52345518516
0.078,1403.744991086344,43187.42654986517
0.078,1937.00800204852,108932.34950188125
0.078,1287.7292667334589,24995.024885562965
0.078,275.80246554372934,4823.301877345019
0.078,2049.6156328746815,68327.64413328517
0.078,922.0872584116894,25399.041761037268
0.078,3499.999999999999,202802.00000000006
0.078,1847.0,158621.99999999997
0.078,2707.315071765619,131483.2929808549
0.078,1171.4878501537203,54583.27820528678
0.078,1660.0000000000005,35427.99999999999
0.078,2246.5529150233688,105595.15405547735
0.078,1029.4794801257576,63611.149588731714
0.078,1261.3272138732902,51257.767620207276
0.078,1169.0000000000002,60000.999999999985
0.078,1647.5334434889774,73382.69365768024
0.078,2125.6763629489787,97448.0417966415
0.078,2147.1435572502864,55551.45885954164
0.078,1940.7697905146804,117288.9057876803
0.078,1397.4357824782278,66413.32331936629
0.078,1803.9401343286747,74111.52715762488
0.078,2552.155951347801,103278.76354798212
0.078,1575.9999999999995,149611.0
0.078,3499.999999999999,123758.99999999997
0.078,421.4925859371669,8738.192032680447
0.078,1338.6560424545207,39424.6982486867
0.078,2639.128644079329,201603.22526189897
0.078,2080.7450588671363,65547.98706291443
0.078,1783.360021339525,32033.693174582408
0.078,1935.2002480363624,89651.67802110565
0.078,3499.999999999999,119745.54388035208
0.078,2039.9754900488385,94911.04483673123
0.078,3499.999999999999,121453.02955875575
0.078,1230.0000000000002,43242.99999999999
0.078,677.8377386956263,35768.09304394069
0.078,1372.0000000000002,52944.99999999999
0.078,2065.550774006778,104798.74481595661
0.078,2376.0260941328065,83328.68185684932
0.078,2020.1485093923168,85215.1096461185
0.078,1178.8044791228103,40968.54043043271
0.079,295.4318872430665,8659.580763524295
0.079,3499.999999999999,116699.99999999997
0.079,2045.1243683142472,65347.36557820076
0.079,99.0,148.0
0.079,1175.0000000000002,111954.00000000001
0.079,1166.9999999999998,53307.99999999999
0.079,1275.9707256708286,62552.387699197425
0.079,1778.2076642151974,58522.226848425125
0.079,1263.9999999999998,46499.999999999985
0.079,811.9999999999999,32656.0
0.079,63.99218702310463,602.7287947327554
0.079,3499.999999999999,221051.99999999994
0.079,505.4700782440044,10217.469843361412
0.079,210.34257771549724,6994.710001136574
0.079,3499.999999999999,165619.68374504134
0.079,2418.6770064517204,115993.13347955231
0.079,3499.999999999999,166443.42318637893
0.079,3499.999999999999,201881.9999999999
0.079,1035.9999999999998,14094.0
0.079,515.0,21455.999999999993
0.079,367.1777338095628,5588.365252670849
0.079,3499.999999999999,113169.52886709393
0.079,1948.717526990507,112018.99614351135
0.079,106.0,1019.9999999999998
0.079,715.645035643464,18574.723035150975
0.079,1773.3744027115154,104456.71888723916
0.079,1885.7359306117069,95442.02127993722
0.079,324.87132641849706,7184.53467139022
0.079,80.0,1670.0000000000002
0.079,1848.127786978776,71709.81307562062
0.079,3499.999999999999,199862.00000000006
0.079,3499.999999999999,128299.35756659115
0.079,3499.999999999999,198655.9999999999
0.079,269.2935201596949,2421.87860967473
0.079,851.3176720673123,26133.684374575783
0.079,1689.9999999999995,108368.00000000003
0.079,2269.03063002684,84510.62802985193
0.079,3499.999999999999,108289.99999999997
0.079,758.0352875183886,17891.30730142766
0.079,2329.1629397704232,116604.46889377777
0.079,617.0115262461298,12561.222392550542
0.079,1021.2737145349429,14231.04662349189
0.079,2699.720845294068,117770.05766702209
0.079,1952.0511399864408,68131.10883259225
0.079,1890.426450246568,135560.57553209495
0.079,1163.7989057943842,61535.31996934952
0.079,3499.999999999999,258943.0000000001
0.079,621.0,14575.999999999996
0.079,2144.527920079381,90259.81151099305
0.079,3499.999999999999,128072.78853839327
0.079,3499.999999999999,78935.99999999999
0.079,367.7338971028594,3527.881763408083
0.079,2715.7176523012654,139161.21792987746
0.079,1342.7136701471393,93542.9855467528
0.079,971.1199719911026,35983.48871357529
0.079,1468.0579007654972,57369.936098970866
0.079,115.99999999999999,144.0
0.079,1127.7127293774777,89481.9934009072
0.079,1162.0,52038.0
0.079,409.0,5589.999999999998
0.079,903.1334342166723,34096.400425851425
0.079,2661.4903928499853,144180.81105406926
0.079,2355.395210648646,102153.06813177049
0.079,1788.5415124490485,122680.39561391673
0.079,1351.9999999999998,12753.999999999996
0.079,3499.999999999999,116070.16359082129
0.079,3499.999999999999,155437.0
0.079,903.5883489405787,11684.819990895434
0.079,1891.2958520548814,129000.51758035693
0.079,2658.9471600616653,152522.70751924132
0.079,2378.2346393911603,88262.22084221538
0.079,1800.5321471886728,92647.97001901864
0.079,1353.393548695083,58845.39500589535
0.079,1458.893732562207,49936.964853347265
0.079,474.1880362756235,15538.103768598417
0.079,298.54213155833736,6641.525749517559
0.079,1944.885695682846,89541.34630632769
0.079,1914.2883795290616,113327.71029187873
0.079,1134.248649988176,54969.479477251705
0.079,1135.0251795665038,62237.01643687014
0.079,1871.763873996931,61038.912998184984
0.08,1067.9999999999998,46613.99999999998
0.08,3499.999999999999,124162.99999999999
0.08,1988.7181801351346,89793.5148215059
0.08,2145.3437952924924,95231.53994344521
0.08,3499.999999999999,120012.00000000001
0.08,2088.016402057461,93602.83133720225
0.08,2596.343582810257,175460.50176606697
0.08,787.0832230456953,17445.22398824389
0.08,1191.0000000000002,62823.99999999999
0.08,1215.4456102308122,54450.56941759142
0.08,455.13075044430906,10333.119567681393
0.08,2464.2443060703217,169030.6644635818
0.08,1850.4045644482012,105557.21072002554
0.08,2262.0786900547905,116794.42657935356
0.08,3499.999999999999,112174.00000000003
0.08,1500.6428355800344,106950.3265843217
0.08,1398.421391069925,28433.269701071567
0.08,244.0,7953.999999999998
0.08,1576.097295306561,87011.20026755764
0.08,1611.0000000000002,127144.00000000003
0.08,1135.3866084496542,28890.618826106263
0.08,1553.0226829187643,93061.42454552586
0.08,1944.2222095223585,87563.90256264275
0.08,3499.999999999999,239766.0
0.08,3499.999999999999,82835.99999999997
0.08,831.0191506497843,38342.46175779599
0.08,3499.999999999999,283670.9416736229
0.08,1444.4097076897317,16317.668807647118
0.08,2068.093676943366,73046.408726546
0.08,912.6883367283708,8417.931634314928
0.08,2695.6376744835334,145307.5546975562
0.08,2598.9270720944605,142230.21504802475
0.08,3499.999999999999,50957.00000000002
0.08,609.0976933136425,4032.7682799784056
0.08,1285.0,55510.00000000002
0.08,3499.999999999999,213377.99999999997
0.08,1430.3740769463075,79845.95714248782
0.08,494.9747468305832,2535.189933713055
0.08,3499.999999999999,211403.00000000006
0.08,2334.416415295266,64072.68590436959
0.08,1139.1912546457452,90906.12534364215
0.08,2042.0000000000005,141765.99999999997
0.08,1406.2310693747906,56371.35943379186
0.08,1698.9999999999998,108437.99999999999
0.08,1416.0205836818643,102682.10156025302
0.08,1937.00800204852,95466.29517269431
0.08,3499.999999999999,103235.99999999999
0.08,3499.999999999999,117317.99999999996
0.08,3499.999999999999,131158.2582493378
0.08,272.76913315109533,4210.20474561511
0.08,757.8588259036111,24666.08655624153
0.08,1965.705980048898,64341.97656273857
0.08,1155.0000000000002,108199.0
0.08,1267.4778104566565,35974.337130793654
0.08,748.6437712251771,11584.998067212506
0.08,257.8953276040495,940.4233089412445
0.08,1569.9999999999998,101512.99999999997
0.08,2109.1467469097543,83153.96341726591
0.08,2301.955690277292,80100.98336475024
0.08,3499.999999999999,101797.54763254373
0.08,1227.9335835335864,75702.53904274663
0.08,3499.999999999999,140938.47008535318
0.08,2492.457265750822,155716.9710087211
0.08,3499.999999999999,160573.6599259044
0.08,2700.265418361662,104869.40270525705
0.08,3499.999999999999,79100.00000000003
0.08,1192.9999999999998,96429.00000000004
0.08,1496.0,60191.999999999985
0.08,2323.1444208227776,55109.62650934955
0.08,3499.999999999999,68648.91672852525
0.08,1632.5462355976374,53565.163211490515
0.08,770.3186402595252,13542.734408514814
0.08,1433.9999999999998,52216.999999999985
0.08,2762.3326440120754,134888.0902114215
0.08,1166.9999999999998,67536.00000000003
0.08,2595.294744409088,115188.98815353225
0.08,2100.833168054998,118322.7506019024
0.08,3499.999999999999,115247.00000000004
0.08,3499.999999999999,147192.11286509785
0.081,2259.6481906233794,140042.1519997425
0.081,1362.8277543380602,39301.89265511991
0.081,1170.0,31737.999999999993
0.081,3499.999999999999,134649.27645152388
0.081,1613.1924869649001,101884.68431516098
0.081,365.53248829618406,7617.718162284553
0.081,3499.999999999999,110846.99999999999
0.081,2377.332540204416,106037.90720702166
0.081,92.0,101.0
0.081,1842.629550015179,117115.88166446677
0.081,1402.0000000000002,56524.00000000002
0.081,545.9999999999999,47157.0
0.081,3020.889169447489,192314.33004013685
0.081,2054.8186432804964,105002.60870306398
0.081,3499.999999999999,112503.00000000001
0.081,3499.999999999999,217081.21912620257
0.081,3499.999999999999,238769.0000000001
0.081,326.83381468627084,2241.03080214632
0.081,3499.999999999999,120933.0
0.081,2499.499949989998,81320.13979328857
0.081,639.4489886306304,19868.100095198835
0.081,594.9530363327755,10158.809822292364
0.081,2317.110269279388,116963.27899815387
0.081,3499.999999999999,161706.99999999997
0.081,2990.741954620976,148889.47805255532
0.081,1277.0000000000002,67466.99999999999
0.081,1113.9999999999998,93477.0
0.081,1558.1221632528498,58671.341793712214
0.081,1112.803867393289,26810.949472439766
0.081,1044.0000000000002,95719.00000000001
0.081,732.2950225148334,13564.271451132197
0.081,1688.0,101895.99999999999
0.081,1025.1920322341634,13668.637340237734
0.081,3499.999999999999,79904.00000000003
0.081,1731.5606774746939,105730.36724446352
0.081,2159.9768517278135,75226.7721359889
0.081,3499.999999999999,119376.99999999996
0.081,3499.999999999999,140878.60093002065
0.081,119.0,185.0
0.081,1597.278446257192,117268.53500158145
0.081,2607.9928381187515,118646.39425898067
0.081,1074.6352869694906,87726.62520580624
0.081,134.0,343.0
0.081,465.00000000000006,23708.0
0.081,3499.999999999999,180327.99999999997
0.081,280.44250747702273,6413.463962633611
0.081,1803.393597919821,142798.87923783634
0.081,495.53996106385546,4514.945648069235
0.081,3499.999999999999,154395.0
0.081,1709.1304581432191,86766.78422801183
0.081,562.1709712297467,16935.004545346
0.081,1908.795431679361,105816.12737196531
0.081,1033.438573453668,44635.60105148488
0.081,353.69695409238966,5119.59580727483
0.081,2027.0668464557345,130096.00532299216
0.081,1930.6734576307824,46221.7240807826
0.081,384.00000000000006,1873.0
0.081,3499.999999999999,188077.68112520932
0.081,882.8452261294963,26606.737733049624
0.081,3499.999999999999,139761.99999999994
0.081,1186.9999999999998,58034.00000000003
0.081,107.36852425175638,420.24992563949377
0.081,3499.999999999999,116644.99999999999
0.081,1471.9332412619658,61043.59840912736
0.081,71.0,88.0
0.081,1463.6139281778417,97431.47816171813
0.081,3499.999999999999,182370.21275416666
0.081,2476.5813109956507,105607.84464444607
0.081,1292.3831173968183,34290.07838422537
0.081,2735.5006826806075,143128.38214013737
0.081,2827.6160890968818,137311.05915966572
0.081,1327.9999999999998,111588.00000000001
0.081,3499.999999999999,142582.00000000006
0.081,3499.999999999999,179055.9999999999
0.081,3499.999999999999,109196.16590796586
0.081,3499.999999999999,210638.0
0.081,3499.999999999999,112888.61102874819
0.081,1650.9720626627093,91257.74084602311
0.082,112.00000000000001,113.99999999999999
0.082,610.8842360410949,9758.378022478762
0.082,2851.029381204553,104505.97867926156
0.082,1050.9999999999998,61835.0
0.082,1136.0,45875.99999999999
0.082,648.7287568776336,26718.091548611777
0.082,3499.999999999999,172153.61276487922
0.082,54.0,416.0
0.082,2147.7895613863107,148789.37385445245
0.082,1159.5759226567243,46232.6414270474
0.082,2756.623154315793,131485.8191024904
0.082,2378.9703655153007,111637.73951939365
0.082,3499.999999999999,107618.0
0.082,1484.0,43528.0
0.082,1086.9999999999998,79261.00000000003
0.082,3499.999999999999,150875.5138980478
0.082,3499.999999999999,169328.99286460585
0.082,3499.999999999999,154674.00000000006
0.082,2336.301777527995,104948.99432748914
0.082,1334.582530652926,69094.78220473333
0.082,1296.9911633074867,44448.93513757869
0.082,2337.049633461764,77448.96313746802
0.082,3499.999999999999,207237.67709564796
0.082,1400.9536037999262,44537.58320789307
0.082,2068.0909070928183,98320.86706289767
0.082,913.0000000000001,55863.000000000015
0.082,3499.999999999999,82556.0
0.082,1302.8814220795382,73508.49689661729
0.082,3499.999999999999,111787.00000000001
0.082,553.5089811881857,11557.991249145747
0.082,1501.7958833391156,32010.640396131457
0.082,3499.999999999999,244272.85394001528
0.082,2396.1018896603264,121565.5539560941
0.082,1844.7657254991689,76437.7794174304
0.082,3499.999999999999,200305.50063590374
0.082,641.8607541121725,6637.381788671105
0.082,1540.8035699500067,61373.62342006133
0.082,2007.1123536065438,112579.44558399642
0.082,984.6671986485082,16514.3422501722
0.082,1339.5227378845734,54223.58725187484
0.082,3499.999999999999,96541.99999999996
0.082,1345.668607050042,73092.87552833033
0.082,1968.3749642789098,100426.5939978051
0.082,2934.5742712089564,188738.52303603702
0.082,1210.9913294487287,45189.664282886624
0.082,2594.081706258829,142871.19258528258
0.082,1804.0061735235881,58376.835881257364
0.082,535.3970430376248,18017.591997586653
0.082,3499.999999999999,67245.99999999999
0.082,1456.9999999999998,63262.99999999998
0.082,2763.349141937188,121559.89048548331
0.082,2457.122133089007,101062.18314932342
0.082,1003.9999999999998,61346.000000000015
0.082,515.751878329105,3757.612273771737
0.082,2193.577182448583,157686.39188912514
0.082,1597.7337708104346,57621.966489577775
0.082,2242.654676939809,129508.11071126009
0.082,1178.9999999999998,29322.000000000007
0.082,136.0,1956.9999999999998
0.082,3499.999999999999,104350.99999999997
0.082,1578.0000000000002,99137.99999999997
0.082,3499.999999999999,173789.63669102083
0.082,225.0,391.0
0.082,1638.927772782379,74269.28546573644
0.082,1549.2774294240653,39254.35088889123
0.082,684.0760491346894,15108.969376907458
0.082,1334.1289293018121,52121.91703113001
0.082,1391.1356590233438,60202.48721405212
0.082,2579.475259797871,107317.11984562485
0.082,2176.9244359876157,87746.2483984358
0.082,1521.0000000000002,67600.99999999997
0.082,937.185475942638,29053.440718453294
0.082,637.1812928829596,15102.315252967015
0.082,2172.0542221654287,121269.21708430084
0.082,1917.028951268081,82010.7067644219
0.082,1064.0000000000002,49447.999999999985
0.082,1632.0232841476252,46847.261093899586
0.082,1978.1304304822772,105580.32589455292
0.082,3499.999999999999,242244.0000000001
0.083,3499.999999999999,136662.014312683
0.083,1479.0,106037.00000000003
0.083,410.0707256071811,3313.3916158522516
0.083,2290.5239575258756,175606.93726615704
0.083,2567.8785017987125,145879.67910233425
0.083,2549.6347035356252,120600.88956270317
0.083,103.22790320451152,515.7586644933849
0.083,1214.0000000000002,84836.0
0.083,1733.6224452001939,65426.364088438495
0.083,999.8104820414713,70458.25836621282
0.083,1959.4642124825864,116330.1303618284
0.083,601.6408788074922,8468.425930492807
0.083,689.0535227207488,14507.558936773285
0.083,3499.999999999999,256193.99999999997
0.083,1131.0,41587.999999999985
0.083,2053.4193961617584,101701.65677379294
0.083,3499.999999999999,78534.00000000001
0.083,3499.999999999999,206413.53874201182
0.083,1899.605222144854,86600.65819611304
0.083,2107.4866547620177,111446.55434781284
0.083,63.0,673.9999999999999
0.083,1935.2002480363624,95496.57385477242
0.083,1294.0512080525891,53465.14785992268
0.083,2570.9556163049097,125762.09885604285
0.083,2578.7593916455244,220751.9245306822
0.083,3499.999999999999,116353.00000000001
0.083,3499.999999999999,219703.89477140285
0.083,1296.0000000000005,98129.00000000004
0.083,450.55521304275226,7304.042031642479
0.083,3499.999999999999,197941.00000000006
0.083,1914.2883795290616,105311.87837086558
0.083,997.4099641726463,24674.507940330965
0.083,2195.3359651770834,105406.3510467942
0.083,1164.3563760891402,48777.387569103856
0.083,1071.0,32620.999999999996
0.083,3499.999999999999,189860.4742435876
0.083,415.27581196115915,5837.888659438445
0.083,1000.0000000000002,90842.99999999996
0.083,886.3012456254284,20340.75392251922
0.083,877.765344497036,11186.273240002674
0.083,1098.7819685744475,47555.48223123347
0.083,1366.0830867849872,69656.34370967226
0.083,1264.378898906495,33400.30413035187
0.083,1008.2550693625773,57462.813305910626
0.083,1431.124033758081,79292.90381868988
0.083,867.9691393220082,14778.744669999798
0.083,231.24878378058554,2388.442588801331
0.083,1077.1332322419541,62147.69183163603
0.083,1297.0,121421.99999999999
0.083,2063.0075133164196,145008.35345593034
0.083,1536.9059828109202,155395.37830965247
0.083,3499.999999999999,209600.0
0.083,2572.050224480341,128343.34759557196
0.083,1178.3893916712223,54315.06929845466
0.083,391.85328887225126,7496.914098480789
0.083,441.3343403815298,12941.024998044011
0.083,582.6662852782886,4755.964676067306
0.083,1265.0667966554176,37635.91359326886
0.083,1092.0000000000002,93164.99999999999
0.083,433.83176462771826,10292.415897154566
0.083,951.9398956946155,48011.511187124524
0.083,3499.999999999999,110905.0628871378
0.083,3499.999999999999,136615.65043581207
0.083,649.8076638513893,16474.681180526684
0.083,908.8454214001413,22137.16594327286
0.083,381.0,16527.0
0.083,1203.9584710445786,49257.79392136844
0.083,3499.999999999999,215611.552306457
0.083,3499.999999999999,229461.00000000006
0.083,2702.3641844035546,118208.95348320453
0.083,1990.8740874551193,74439.5942242434
0.083,2337.413099988959,91256.75148721869
0.083,1006.0000000000002,53899.0
0.083,2304.449483702805,125855.29703717296
0.083,2886.7358086760937,185702.19851606624
0.083,799.4788272140557,14287.067826702738
0.083,3499.999999999999,176372.0
0.083,651.2511036458977,31704.207607193082
0.083,2202.4985811573183,95179.26848846866
0.083,987.7283396279163,34397.77469854445
0.083,2167.0625587545746,93534.86714549412
0.084,3499.999999999999,101314.97673098488
0.084,462.0606020859168,9936.743480637915
0.084,1705.432496465339,84353.2356048065
0.084,1321.0,97535.00000000001
0.084,576.6281297335397,12585.387320221815
0.084,3499.999999999999,92043.99999999999
0.084,1796.4153141297281,60576.12899840477
0.084,1348.0,27499.00000000001
0.084,2438.036918758915,104744.3657748714
0.084,3499.999999999999,171041.00000000006
0.084,1931.5796644197717,76414.56687045998
0.084,2168.9445132587234,105658.26314430745
0.084,1414.3586826122466,57700.34986608815
0.084,3499.999999999999,299003.0000000002
0.084,2244.2147847298393,90347.5647485863
0.084,3499.999999999999,136599.6061963576
0.084,1266.0058220280694,58577.06862644865
0.084,1217.0000000000002,24201.99999999999
0.084,3499.999999999999,175962.29513027903
0.084,3499.999999999999,129880.54273446805
0.084,77.0,117.0
0.084,1442.9999999999995,39732.999999999985
0.084,313.4868418291269,8311.059559406373
0.084,1437.7065069060516,84757.70529574285
0.084,114.99999999999999,1414.0
0.084,1872.2839965620167,62683.614118547725
0.084,1299.581086350521,108497.1439854525
0.084,95.18403227432634,315.8322339470751
0.084,3499.999999999999,121855.1878353856
0.084,3499.999999999999,286068.634465577
0.084,2569.5788799612005,144019.7606646234
0.084,3499.999999999999,126955.99999999994
0.084,1044.4147879847812,15819.88449371806
0.084,1157.182022320604,19187.479652081372
0.084,581.1798416881464,24667.655411653748
0.084,1715.6631370988887,93780.16396338827
0.084,379.0,7787.999999999996
0.084,3499.999999999999,243898.0000000001
0.084,2919.322026247558,81031.07386201485
0.084,1986.9574731231662,111280.55943425157
0.084,1906.9609330030858,102483.27412802532
0.084,1094.2029062290044,79727.50868426787
0.084,1951.019990485912,81170.10609736093
0.084,94.0,138.0
0.084,1780.5220839542767,58292.31163268357
0.084,1622.34398325386,52422.8042458623
0.084,684.8357467305573,3981.2882337253604
0.084,1159.310139695155,13823.28217175646
0.084,1935.6162752910243,84364.70533215987
0.084,582.3298034619213,21921.36227518719
0.084,3499.999999999999,153183.5048234632
0.084,2526.2826217752563,83775.58161886994
0.084,2348.950791624904,81882.0761033227
0.084,2138.808079281543,115266.32172495143
0.084,1396.0,119138.00000000003
0.084,1121.5695432360287,26754.73056240483
0.084,961.4663381034593,21341.626839839853
0.084,2484.544649754788,134361.2906121187
0.084,3499.999999999999,179139.55438428442
0.084,1025.0,79214.00000000001
0.084,2867.6244471022587,153263.86217198134
0.084,2775.9617431993543,124934.56331576996
0.084,1003.795276593858,28932.531696339065
0.084,1636.4136881435638,66936.9905622387
0.084,975.967212564029,31757.626831991092
0.084,1789.6278239818885,52860.78583408153
0.084,1001.4968796756184,43712.537881024466
0.084,1096.0,43978.000000000015
0.084,3499.999999999999,241562.0
0.084,63.0,681.0
0.084,561.2486080160911,15495.301158738419
0.084,1474.3730871119433,58669.7767508962
0.084,3499.999999999999,132969.3282704465
0.084,1522.9999999999998,79041.99999999996
0.084,1980.7826735914266,156482.7364599686
0.084,1160.0000000000002,28497.000000000007
0.084,3499.999999999999,126929.58317114251
0.084,1197.0000000000002,83262.00000000003
0.084,3499.999999999999,96882.00000000003
0.084,1200.0,39828.99999999999
0.084,2298.151431041914,74379.8019626296
0.084,1383.5557039876273,24297.934396443965
0.085,3499.999999999999,101376.99999999999
0.085,1930.1894263739496,84822.09943254758
0.085,212.56998847438462,1912.5049019545017
0.085,3499.999999999999,248071.0000000001
0.085,78.0,149.0
0.085,1892.2209173349706,68524.06073052001
0.085,573.9999999999999,26226.999999999993
0.085,1294.9999999999998,27358.00000000001
0.085,324.27149119217995,5446.704875426977
0.085,881.0590546750923,23450.751258014894
0.085,2040.8331631958547,88575.48193490118
0.085,282.202055272459,6813.4031144502205
0.085,3499.999999999999,161646.83162748505
0.085,3499.999999999999,178882.99999999994
0.085,94.0,106.0
0.085,1246.0,114759.99999999997
0.085,2595.294744409088,123878.41027513173
0.085,2496.394803522454,130381.6673228703
0.085,1808.037610228282,82360.11179569883
0.085,3499.999999999999,119954.00000000001
0.085,696.112298566303,15842.76388114992
0.085,980.6510603983995,22709.859685345175
0.085,500.9957294257941,10253.920629269252
0.085,1223.8610308259229,28435.34717278182
0.085,811.4759311786111,19805.18245060354
0.085,950.0461658082171,16223.992694125855
0.085,222.00000000000003,1130.0
0.085,2709.0573738090775,125024.86746300111
0.085,2464.539396374465,119620.13200580874
0.085,2147.442047124943,56952.89791857675
0.085,3499.999999999999,78128.0
0.085,105.0,1186.0
0.085,1644.1158315696086,98734.26366615195
0.085,2186.54979362465,102077.13271835173
0.085,2084.929138212042,136814.9690843298
0.085,2816.6478125789217,109751.56426430444
0.085,2413.051007505774,121032.94692187943
0.085,1529.6491477494235,87048.2712321077
0.085,2270.572615002656,171977.14071061893
0.085,1578.993258363616,76930.46099813205
0.085,1702.0,85819.00000000003
0.085,726.0081417618343,16818.86925897954
0.085,1090.9999999999998,93268.0
0.085,2094.158542231223,86515.38144746287
0.085,770.5561142577885,18580.378925360597
0.085,3499.999999999999,217602.00000000006
0.085,2036.5411854416304,114881.7799435576
0.085,3499.999999999999,127636.99999999994
0.085,1075.499883774982,27231.879883695143
0.085,1144.0,121620.0
0.085,2704.59892942396,179227.66357485706
0.085,3499.999999999999,289066.00000000006
0.085,1053.7901768116924,42452.45448559881
0.085,1159.310139695155,29928.941260926673
0.085,1285.4066926563873,41022.51940301132
0.085,1092.2126969024962,34885.491687844915
0.085,2141.1376979886913,80597.57874490091
0.085,2344.141633946208,114167.88911948934
0.085,582.2844677775563,18109.582722307397
0.085,2429.5964580888253,109898.79828737225
0.085,881.1190446049951,37782.6332325401
0.085,1456.0,123960.00000000003
0.085,1135.0,67182.0
0.085,1579.9204147276364,38699.88351552782
0.085,2001.8741219167598,108029.18038196905
0.085,2508.133509711163,104464.7045967894
0.085,1298.1163276070447,69256.77220315716
0.085,1610.587255155885,70886.18863663009
0.085,2114.439670349873,121845.76387982293
0.085,2069.0000000000005,159341.00000000006
0.085,1046.0,59405.00000000001
0.085,1683.9655001272913,97606.62119560897
0.085,3499.999999999999,101147.99999999999
0.085,1706.458320616123,140159.8598743592
0.085,603.5942345649104,22897.674991142645
0.085,3499.999999999999,151220.99999999997
0.085,3499.999999999999,153951.36437199893
0.085,1334.9434716625963,53242.43574896166
0.085,1230.9999999999998,62325.999999999985
0.085,1405.4369955046523,25370.692343026974
0.085,829.5734974285182,28600.092235304095
0.085,728.2996307658215,11891.323258238523
0.085,2233.4556111607403,82827.09371622927
0.085,1169.9025600450666,66736.34260281274
0.085,921.75174734152,19767.215780669194
0.086,141.0,2784.0
0.086,2030.2021201840698,85564.10370033994
0.086,1040.6578677916616,9697.892139972064
0.086,707.5478782386392,18797.66059912776
0.086,1922.4983745116663,77826.0623313296
0.086,2661.8909335791313,152648.92000848035
0.086,3499.999999999999,95247.00000000003
0.086,2146.1593603458246,108204.84642565693
0.086,1985.0000000000002,88696.00000000001
0.086,3499.999999999999,166663.99999999997
0.086,1783.6759795433697,75531.19190109473
0.086,1121.0147054124848,26254.10490365287
0.086,3499.999999999999,200600.99999999994
0.086,1208.9999999999998,99692.99999999999
0.086,3499.999999999999,111771.0
0.086,3499.999999999999,123817.99999999996
0.086,3499.999999999999,171358.00000000003
0.086,3499.999999999999,180050.99999999994
0.086,1205.061624575216,35238.76508197624
0.086,3499.999999999999,181289.023859692
0.086,3499.999999999999,69766.99999999997
0.086,905.8548448841015,56097.35055241023
0.086,3499.999999999999,197961.37532357156
0.086,3499.999999999999,126629.00000000001
0.086,777.8656666493358,12612.93582364717
0.086,3499.999999999999,141810.99999999994
0.086,3499.999999999999,165709.99999999997
0.086,1798.0000000000005,104831.99999999997
0.086,1050.0,17433.999999999993
0.086,1191.0843673778043,93111.88887536632
0.086,1815.0702269079975,69154.05617052926
0.086,814.2448498450982,29246.299950372195
0.086,3499.999999999999,145830.99999999994
0.086,2218.1473464730816,90453.28971985844
0.086,3499.999999999999,225001.00000000006
0.086,836.6600265340754,25391.366721781633
0.086,1232.0000000000002,41367.99999999999
0.086,2642.4420523447616,120706.15671124647
0.086,722.1495689952325,18257.19370549593
0.086,3499.999999999999,66753.0
0.086,3499.999999999999,140828.12101076078
0.086,3499.999999999999,191985.0
0.086,3499.999999999999,77445.00000000003
0.086,2039.1174561559708,148366.72246497864
0.086,108.0,115.99999999999999
0.086,3499.999999999999,151231.00000000003
0.086,2283.6374493338462,112022.43411031556
0.086,1214.0000000000002,18874.999999999996
0.086,2091.6333774236346,69505.21702882361
0.086,490.79200097566434,8826.98769156881
0.086,2009.588787441074,109323.6485198839
0.086,1997.4984355438173,110687.1896427043
0.086,3499.999999999999,167737.00000000003
0.086,3499.999999999999,134374.99999999994
0.086,1460.0828492238886,48916.9331659899
0.086,709.3739108058339,20165.245145677294
0.086,1863.0,131351.00000000006
0.086,1155.9999999999998,70618.00000000001
0.086,2114.6145865654225,72753.57861288424
0.086,2051.950291795589,153703.723168959
0.086,2127.322260495574,163840.75661751567
0.086,1060.9999999999998,55970.00000000003
0.086,3499.999999999999,250158.99999999997
0.086,1231.267016874354,38641.58540558841
0.086,2225.703291390031,94507.6286337889
0.086,3499.999999999999,256698.99999999988
0.086,2192.5237723755918,96234.40215250979
0.086,1907.8784028338912,110928.28147050686
0.086,1050.0,27182.999999999993
0.086,3499.999999999999,186234.99999999994
0.086,916.9999999999998,28943.99999999999
0.086,3499.999999999999,213527.29661567864
0.086,799.8200115915864,11192.817630703943
0.086,60.926184846911255,517.818501021352
0.086,1408.4526727608168,49654.54449236362
0.087,1876.432785899884,91939.12733434005
0.087,1303.0,29839.00000000001
0.087,3499.999999999999,199259.99999999997
0.087,3499.999999999999,87055.00000000001
0.087,1549.8157949670212,78729.27420000802
0.087,3499.999999999999,177342.0000000001
0.087,450.55521304275226,5157.20137283779
0.087,1090.972955015397,41537.83449619016
0.087,3499.999999999999,139193.99999999997
0.087,470.861221959314,10567.160773552678
0.087,1774.085649553003,56449.53233229527
0.087,62.0,570.0000000000001
0.087,1940.6184581210186,81163.5320325576
0.087,3499.999999999999,226913.91199137885
0.087,3499.999999999999,143042.99999999997
0.087,3499.999999999999,90761.99999999997
0.087,2722.8457526941347,106597.49997068863
0.087,2622.498808388671,199867.25464667802
0.087,291.74210053689524,3306.974364115925
0.087,828.251169633946,15848.506491149254
0.087,491.4264950122245,15340.11929549442
0.087,3499.999999999999,147467.4727287343
0.087,91.0,1084.9999999999998
0.087,2398.233654031758,127771.2383286095
0.087,1736.77308158254,67693.50401197145
0.087,3499.999999999999,138994.99999999997
0.087,465.8325879540846,9964.335803253518
0.087,699.9999999999999,17173.21082383839
0.087,631.6644678941501,12894.802906597684
0.087,609.048438139365,22470.707465498268
0.087,1596.245595138793,42373.57903222241
0.087,1649.0906585145644,53280.78312112165
0.087,1460.9999999999995,73780.99999999996
0.087,1000.9999999999998,54863.00000000002
0.087,3499.999999999999,122375.99999999997
0.087,1682.4517772999013,67542.72621332873
0.087,1436.0,77568.0
0.087,3499.999999999999,143827.40104345026
0.087,1100.0000000000002,94104.00000000001
0.087,1432.6426630531425,110306.72401988915
0.087,1484.0,95157.0
0.087,2148.6041980783707,124628.93203425917
0.087,1164.9911208748713,52859.23726417168
0.087,1189.2153667619973,44610.71741810962
0.087,2510.079308404476,138633.4193588199
0.087,1418.9080079149542,89739.32642075299
0.087,220.25353690267306,2060.4157491855426
0.087,1913.0316063874286,77592.67284794647
0.087,2677.1039680163613,103406.7278408932
0.087,1766.50853970181,95323.38644764968
0.087,3499.999999999999,232167.65998734612
0.087,508.9204259999788,12650.608364817868
0.087,2471.912280482978,95897.87835804181
0.087,422.4926034855521,3389.289010987408
0.087,3499.999999999999,90719.88315689121
0.087,3499.999999999999,130071.724102512
0.087,1418.5043433467852,39968.4962072567
0.087,1288.0,28287.999999999993
0.087,1372.3751577162654,67866.6352336575
0.087,3499.999999999999,169237.00000000006
0.087,1522.0,103255.99999999997
0.087,1016.0000000000002,56879.0
0.087,3499.999999999999,191727.72926992073
0.087,707.1226905521933,11129.0810832945
0.087,920.3260291874832,28008.57218781423
0.087,1313.5177291544426,46851.00596788521
0.087,3499.999999999999,88498.99999999999
0.087,1420.1789073194834,56811.134177541695
0.087,3499.999999999999,173809.35430810385
0.087,1701.7273248744914,112929.21914305564
0.087,893.0827742146417,27804.73850884381
0.087,673.0211821971321,15470.488504270157
0.087,1020.7976370268584,31113.319919075257
0.087,1906.9609330030858,97126.97874432214
0.087,993.772609805684,36929.59191488582
0.087,709.2857990395335,7780.047782124936
0.087,3499.999999999999,61072.99999999998
0.088,1430.0,32114.0
0.088,1015.7464942610611,42436.514535142145
0.088,3499.999999999999,179392.0
0.088,1709.8820068374082,88480.28669622449
0.088,1599.0,123720.99999999996
0.088,3499.999999999999,96742.2909176747
0.088,3499.999999999999,184592.1245692785
0.088,2052.802961806125,74465.25659661692
0.088,3499.999999999999,250880.00000000003
0.088,1693.074127142695,92129.81693241338
0.088,1048.1448724611137,36504.47519560088
0.088,350.0,11378.999999999998
0.088,2727.2951513307767,107506.79335460663
0.088,1639.412045512169,25611.857100358975
0.088,1538.0,55681.99999999999
0.088,2497.0498533566442,130990.72408510851
0.088,3499.999999999999,227533.95621313315
0.088,1511.50979110666,77286.87908276034
0.088,3499.999999999999,153139.41164181088
0.088,2688.2079141760555,99759.20007905751
0.088,726.9800547470336,5572.06101904852
0.088,1704.9999999999998,140360.99999999997
0.088,1932.4243365100976,87569.7369999061
0.088,2570.6030420895404,190722.28147230198
0.088,1429.7636168262227,45702.05492097704
0.088,1350.8563589410767,51947.15702515416
0.088,3499.999999999999,190195.00000000003
0.088,1348.9999999999998,69237.00000000001
0.088,1178.0,70320.0
0.088,3499.999999999999,251153.00000000006
0.088,1232.7606049516617,84826.23894469025
0.088,3499.999999999999,90861.99999999997
0.088,1271.4833856562973,39265.542756977135
0.088,675.2123645762034,9920.574757935616
0.088,2395.8334959289714,104876.54709511007
0.088,3499.999999999999,200632.07133854163
0.088,3499.999999999999,176055.9999999999
0.088,2061.969398862177,115235.06519317922
0.088,1764.9999999999998,76547.00000000003
0.088,2341.9009372729665,160048.46203572216
0.088,3499.999999999999,217622.00000000006
0.088,1417.677052372185,67644.98321955248
0.088,3499.999999999999,125916.00000000003
0.088,1750.6230459468004,74344.8070686859
0.088,540.9397217483667,16558.103370471683
0.088,3499.999999999999,68354.99999999999
0.088,3499.999999999999,124505.7380525091
0.088,1714.9999999999995,144050.99999999994
0.088,2317.447648863758,79460.67135810129
0.088,2101.666005815386,77832.50342883753
0.088,3499.999999999999,172917.00000000006
0.088,515.820705284307,34066.73151331075
0.088,1112.0252141132169,30077.556384374817
0.088,2166.4487069856973,121777.99450229091
0.088,2797.2616104163258,116352.49532695039
0.088,3499.999999999999,86326.81703850784
0.088,252.74854590743115,2321.793294412356
0.088,1874.1143550701622,80168.2690536811
0.088,3499.999999999999,166118.00000000003
0.088,2433.2186514205146,106749.22498415015
0.088,3499.999999999999,93524.00000000001
0.088,3499.999999999999,261729.00000000003
0.088,842.6199918432591,15025.13383142103
0.088,1900.526242912736,74336.20383097325
0.088,2680.9472592660336,119836.70437648977
0.088,1387.289803898234,46504.79652680999
0.088,1073.0,66068.0
0.088,3499.999999999999,221863.0
0.088,3499.999999999999,161190.0
0.088,2593.9823266149733,98601.60879927734
0.088,1250.0000000000002,91046.99999999999
0.088,1007.9999999999998,21467.000000000007
0.088,3499.999999999999,209503.00000000006
0.088,69.0941386804988,906.9200626295574
0.088,2362.928591652728,108558.55008902402
0.088,3499.999999999999,127448.72383422735
0.088,1170.0,110748.99999999997
0.088,2155.760692837214,110678.65420611079
0.088,1427.9999999999998,51453.999999999985
0.088,1231.139923469733,23991.03884023071
0.088,1888.5179374313605,89963.09064833203
0.089,1549.9999999999998,105227.00000000001
0.089,2142.89523775662,165069.25323936017
0.089,1670.0000000000002,76784.00000000001
0.089,1367.0000000000002,51056.999999999985
0.089,1878.2971010998235,118981.11577893357
0.089,1972.4460079482608,87797.6375162866
0.089,833.4947242970858,20755.48435122488
0.089,2265.1710752170575,134157.88708085712
0.089,2073.16183642281,141945.42016211728
0.089,1118.1349167219462,50860.427197521065
0.089,1051.8485953658599,19964.806425882314
0.089,2568.960300524693,115566.69696686116
0.089,826.1355820929152,15209.169931327617
0.089,296.0,3801.0
0.089,3499.999999999999,115343.00000000003
0.089,929.277772352265,41257.48655992588
0.089,1310.4384525257149,32495.81250908159
0.089,1276.8766807484956,40385.82460502224
0.089,356.99999999999994,625.0000000000001
0.089,84.0,99.0
0.089,1760.406801556109,68917.51806715051
0.089,1213.791040049841,44210.76840284637
0.089,3499.999999999999,200615.51149898645
0.089,3499.999999999999,140882.85254238325
0.089,3499.999999999999,192066.00000000003
0.089,36.0,597.0
0.089,567.4504383644443,3570.669685087099
0.089,1142.8278645401176,86667.70145571382
0.089,805.8875922614994,13439.185215913647
0.089,1080.9999999999998,20044.000000000007
0.089,1140.0,78564.7217967454
0.089,1338.8360616595298,75702.64139381134
0.089,1117.4914675182617,35322.83545311574
0.089,3499.999999999999,116959.96446647885
0.089,1140.0,78625.00000000003
0.089,1494.9297642364336,92007.68617892746
0.089,1291.8623821828749,45109.162049659244
0.089,1428.635012870677,109102.4476077416
0.089,1491.0,86120.00000000004
0.089,907.448473828005,17764.139895935925
0.089,941.4690152327454,21216.007053627407
0.089,628.8879073412048,13419.63960022772
0.089,3499.999999999999,92257.99999999997
0.089,2363.653862769626,63063.48486834031
0.089,2519.1200631486468,111256.74208943908
0.089,1348.478470652537,47091.117434348314
0.089,2598.3223891801053,136900.58028534034
0.089,1843.3611571071751,70758.53285567214
0.089,1294.9999999999998,48583.0
0.089,1795.3661675434212,93249.07541919906
0.089,1276.831625548177,73910.11094566158
0.089,187.8608163274754,4263.571302573496
0.089,3499.999999999999,181573.87980654047
0.089,3499.999999999999,151795.99999999997
0.089,1982.548864467153,100657.72918161823
0.089,1949.9777325066223,88546.76719587848
0.089,1248.8522798466206,31619.756380143674
0.089,1046.0,8798.999999999998
0.089,3499.999999999999,170579.0
0.089,292.1882954534627,9375.533264833526
0.089,409.0,7009.0
0.089,2072.317543235109,93693.6334336544
0.089,1959.4642124825864,136075.2090206001
0.089,1665.8871492878923,47354.95514997457
0.089,1237.0,30700.999999999993
0.089,2498.799711861676,74891.46223035039
0.089,3499.999999999999,225832.00000000006
0.089,3499.999999999999,155608.0
0.089,2424.9140863033363,96678.86782151455
0.089,3499.999999999999,115167.47163153316
0.089,1100.1900803272215,23282.646476207152
0.089,1412.3395484089506,58187.00159829509
0.089,3499.999999999999,88575.0
0.089,1038.0,67752.00000000001
0.089,634.4288770224761,10089.18064066652
0.089,3499.999999999999,131315.0
0.089,1882.0201911775541,85704.6696510756
0.089,1088.0739250947552,52521.1149380811
0.089,1924.178797406805,98827.35562646193
0.089,1137.9988505779356,41031.569572497036
0.089,312.00000000000006,3235.999999999999
0.089,1335.1068503808092,38475.15570923308
0.089,1556.0000000000005,68793.99999999999
0.09,2456.629933317746,99928.60915521899
0.09,3499.999999999999,172699.62936845003
0.09,218.53832615813639,2171.730876513017
0.09,1004.9980099482784,67457.62009587942
0.09,3499.999999999999,173251.99999999994
0.09,1923.0740778511233,116363.36480571158
0.09,1480.8791307868441,61644.00428265514
0.09,650.7687761409577,13106.12055491631
0.09,1862.60234588507,88810.22056500126
0.09,2780.460480507798,87106.82480927018
0.09,1813.4347140760578,82900.43095079847
0.09,3499.999999999999,71005.99999999996
0.09,3499.999999999999,130513.00000000001
0.09,108.0,960.0000000000001
0.09,3499.999999999999,82443.0
0.09,163.0,3733.0000000000005
0.09,3499.999999999999,93049.00000000003
0.09,1528.2748443915445,90008.08693667475
0.09,2310.584486319235,92794.97580038758
0.09,3499.999999999999,129242.02347533869
0.09,487.8524367060187,9060.259930046152
0.09,1199.1330201441374,67774.39880958002
0.09,1783.919266708572,85169.88177488053
0.09,2018.4152199188354,64752.95069724622
0.09,269.8666337285883,7719.248538556071
0.09,3499.999999999999,198258.0998521876
0.09,762.2335600063799,7824.464837929812
0.09,1599.0,104355.99999999997
0.09,1144.4728043951066,38401.968660473634
0.09,309.45112699746306,6133.7500764214365
0.09,1512.0,87774.99999999999
0.09,3499.999999999999,189228.3806369585
0.09,821.3616742945827,56264.291135675056
0.09,1934.2957374713926,101631.23346196288
0.09,1516.7033328901205,82481.52079708519
0.09,333.773640355314,4250.4724374833795
0.09,3499.999999999999,91019.99999999999
0.09,2352.5550614551985,133595.18473428194
0.09,1621.8994131209872,55057.06758836543
0.09,1001.9999999999998,14483.000000000004
0.09,3499.999999999999,147164.0
0.09,2014.9441679609884,114320.90753226198
0.09,1955.8885448818398,82217.91169812084
0.09,1380.5183808990016,32972.32101323776
0.09,122.0,947.0000000000001
0.09,3499.999999999999,112340.00000000001
0.09,2587.566424268177,133866.90635104704
0.09,577.0,11260.999999999998
0.09,3499.999999999999,132178.00000000003
0.09,83.0,88.0
0.09,1444.4097076897317,38930.15991158412
0.09,1081.211204016346,38170.29523809348
0.09,1281.9999999999998,36359.00000000001
0.09,3499.999999999999,76152.00000000001
0.09,1022.9858259037611,26923.11859722049
0.09,1033.061554146507,8477.336696241511
0.09,3499.999999999999,149914.99999999994
0.09,1363.9999999999998,99557.99999999999
0.09,1896.8394766031206,86441.5632378314
0.09,2576.7227247028336,68339.25622217437
0.09,658.9725594940694,13394.492427618292
0.09,476.9696007084728,13487.279785041912
0.09,1193.5241933031773,37730.587220450216
0.09,708.0731993646086,11269.45110463499
0.09,3499.999999999999,153907.0
0.09,2498.358922982202,99252.35669302849
0.09,3499.999999999999,86789.95584743666
0.09,225.73878709694526,2628.6095183575662
0.09,2166.8055210164125,128428.8233747087
0.09,1460.0000000000002,72639.99999999997
0.09,891.727731240808,12251.494032321494
0.09,3499.999999999999,121702.71988743718
0.09,3499.999999999999,204784.1263867881
0.09,1916.1158628851229,98699.66854047687
0.09,1756.4954799276406,65833.44309139762
0.09,3499.999999999999,103870.99999999999
0.09,3499.999999999999,199060.00000000003
0.09,1355.0000000000005,140899.99999999994
0.09,1191.0505547366072,35786.73583953635
0.09,1276.8766807484956,53244.61519230309
0.091,1231.554449522511,45218.050444462504
0.091,614.8170459575759,14590.010623711009
0.091,2411.3115799468956,92112.44973275487
0.091,552.423750394568,17924.431873841913
0.091,1917.9416049504741,88672.33568030114
0.091,1881.0901094843914,55837.95426052068
0.091,3499.999999999999,280697.9999999999
0.091,1881.0254515782394,100843.33536915676
0.091,2253.601718374277,107646.34312438231
0.091,3499.999999999999,122376.99999999996
0.091,64.0,564.0
0.091,1681.5478459612316,49959.31744245321
0.091,3499.999999999999,190786.01134000393
0.091,3499.999999999999,240804.99999999997
0.091,3499.999999999999,140579.99999999997
0.091,993.9999999999998,22514.999999999996
0.091,3499.999999999999,96476.99999999996
0.091,1266.0000000000002,107896.0
0.091,96.33275663033837,408.58781185933583
0.091,1384.0000000000002,54615.99999999997
0.091,3499.999999999999,242592.0
0.091,3499.999999999999,93605.99999999997
0.091,2371.672162868584,116775.2749086399
0.091,1624.5560917644725,77681.2534792074
0.091,1265.0000000000005,55460.0
0.091,1202.6690590351564,71806.86903011757
0.091,903.4710649453975,21989.226280557257
0.091,1460.9999999999995,73288.99999999997
0.091,2105.73141620801,82218.74181924075
0.091,2022.9999999999998,90379.99999999997
0.091,1731.7501528603693,89966.57584882803
0.091,3499.999999999999,128006.05855192957
0.091,1250.443521315537,67367.09395543199
0.091,1200.8388181476794,33064.14566826982
0.091,3499.999999999999,183128.00000000006
0.091,3499.999999999999,114751.19502645714
0.091,1571.5432844396341,85006.40197847737
0.091,1102.9768809907123,45736.014386913965
0.091,1270.0,84941.99999999996
0.091,2343.015325287593,106644.10390746282
0.091,2349.690618694807,61398.812418832655
0.091,3499.999999999999,96546.00000000003
0.091,1125.0949344875269,50099.11499653596
0.091,1989.5979493354937,143260.37133834328
0.091,2556.2668092356876,100958.67179197633
0.091,2758.770894299779,117398.6160981464
0.091,3499.999999999999,218825.32909518777
0.091,1870.0,204224.99999999997
0.091,3499.999999999999,142120.0
0.091,337.5411086075294,2561.241105401833
0.091,1637.0,90724.99999999997
0.091,1144.801997251078,29933.206056003957
0.091,1917.9416049504741,116460.26371685747
0.091,3499.999999999999,136347.99735236302
0.091,676.202873180929,23182.068915215445
0.091,469.276038169434,14029.080511565962
0.091,1990.4773296875292,64725.754649907336
0.091,458.2575694955839,11180.659864247722
0.091,1067.0000000000002,32934.00000000001
0.091,1948.717526990507,95592.61735092307
0.091,1125.1356442712413,40220.15898996236
0.091,3499.999999999999,184682.0
0.091,216.66564102321342,7501.876032033587
0.091,3499.999999999999,204271.00779112044
0.091,3499.999999999999,158558.62392503276
0.091,2367.171307700395,49428.648484456884
0.091,2666.0940610826456,113684.15219532869
0.091,1959.4642124825864,83048.9681934701
0.091,3499.999999999999,87969.00000000003
0.091,3499.999999999999,144463.0
0.091,1085.9999999999998,61216.0
0.091,1896.8394766031206,112569.41117372872
0.091,166.0,1240.0
0.091,3499.999999999999,176999.99999999997
0.091,1017.9999999999998,28004.000000000015
0.091,3499.999999999999,247370.9999999999
0.091,1864.363478823454,71409.77747234127
0.091,3499.999999999999,197961.3210655051
0.092,417.60891012095794,8654.497678260503
0.092,66.0,648.9999999999999
0.092,1746.9606626739687,70898.90509402024
0.092,3499.999999999999,157350.6370975345
0.092,3499.999999999999,191637.99999999997
0.092,1776.210569218525,48429.36613151827
0.092,3499.999999999999,192774.00000000006
0.092,3499.999999999999,265909.99999999994
0.092,3499.999999999999,167941.09032977175
0.092,588.6425061104574,4993.275277811146
0.092,1158.5908240960478,41290.659329582486
0.092,1875.499933351105,77619.55383793444
0.092,61.0,495.0
0.092,682.6933808198702,20393.85547670745
0.092,1245.190748439772,56636.78896265218
0.092,3499.999999999999,196240.99999999997
0.092,1283.0,121565.00000000003
0.092,3499.999999999999,174016.2352770568
0.092,1214.0000000000002,42740.0
0.092,2141.2613105363853,68004.5500830643
0.092,1363.9999999999998,78367.0
0.092,2958.158206046836,157532.41398399684
0.092,71.0,349.0
0.092,110.03216690117277,2522.4844168279906
0.092,1885.7359306117069,114604.87808117071
0.092,926.8649978906611,22211.847519658928
0.092,2075.692655476721,80785.690007575
0.092,1147.637573452525,74682.27757641036
0.092,1917.9416049504741,113509.20597907466
0.092,1991.7367396162135,112299.07106517207
0.092,256.4858670570369,5705.167131644789
0.092,203.21148900670747,2417.342675203271
0.092,1879.2285651298516,108733.32782546474
0.092,625.4268463661048,7516.402487439592
0.092,986.0,49233.00000000002
0.092,1040.808399133522,18489.517138584488
0.092,2505.7932875638403,107455.28431864105
0.092,2049.3901531919196,109250.22691051959
0.092,211.0,4389.0
0.092,1068.1760154581266,39809.89181095573
0.092,900.9999999999998,51225.000000000015
0.092,3499.999999999999,200238.0
0.092,3499.999999999999,254787.0
0.092,1930.6734576307824,133249.6887613626
0.092,1871.763873996931,94907.2604177362
0.092,1471.0,124479.00000000001
0.092,3499.999999999999,206454.32166961877
0.092,1121.7040607932202,63124.36049577057
0.092,1195.0,97085.0
0.092,128.2575533838066,145.4922678357857
0.092,906.7303899175323,24953.162525018743
0.092,3499.999999999999,130598.25542479508
0.092,1895.9166648352448,57983.64579775923
0.092,3499.999999999999,188262.0
0.092,3499.999999999999,218640.08456950777
0.092,2175.119965197887,92157.47365417409
0.092,3499.999999999999,192729.6806851503
0.092,2114.9024614706464,142313.77431700993
0.092,1571.068108008052,32511.99447896112
0.092,641.9875388198745,14128.432149392938
0.092,2584.3294377885522,96950.9666271008
0.092,2708.934118679819,106855.71279011335
0.092,1964.8155129680752,82766.92651053314
0.092,2772.119132382944,108223.0125370681
0.092,226.65588568484694,4889.684398482163
0.092,3499.999999999999,167358.41364325295
0.092,3499.999999999999,201825.9999999999
0.092,3499.999999999999,122443.00000000003
0.092,3499.999999999999,68742.0
0.092,291.0927687181528,4612.18689994237
0.092,559.6403430413136,8677.340895565769
0.092,1307.9999999999998,63508.99999999998
0.092,3499.999999999999,129625.00000000003
0.092,1672.6189082968915,104326.5064385494
0.092,3499.999999999999,177266.99544754514
0.092,1139.0000000000002,9385.000000000004
0.092,3499.999999999999,70993.00000000003
0.092,2463.1941235108984,126882.26064121489
0.092,2333.2209752202475,128519.32242045407
0.092,1055.5264175808154,28573.46682861084
0.092,3499.999999999999,136663.5073565726
0.092,2645.8339869177303,169365.94313086531
0.092,1917.9416049504741,70254.2431031749
0.092,1896.8394766031206,56882.700032611
0.092,1013.5651545258753,41175.516113570106
0.092,3499.999999999999,175465.99999999997
0.092,2561.5139970160785,64820.76768108806
0.093,740.0000000000001,19362.000000000004
0.093,2519.722206910912,123402.52484045866
0.093,3499.999999999999,134905.93123358223
0.093,1882.5166236340124,64772.07052642182
0.093,1093.1510873600175,21993.977757631586
0.093,257.23141332271217,11076.317709419494
0.093,1369.854006819705,93343.20676942695
0.093,2815.0234142926774,147670.0902090515
0.093,2340.4059476936895,151951.42139512883
0.093,2572.216198010583,122714.88726216789
0.093,2214.3847904101945,99474.34394857803
0.093,3499.999999999999,200818.99999999997
0.093,1048.1448724611137,18680.371762768293
0.093,1026.5666306833227,36381.392961513986
0.093,1631.3583297362968,106486.36211271376
0.093,628.8879073412048,9198.191126520473
0.093,3499.999999999999,143528.9827874496
0.093,1695.5987651473788,78769.83553375455
0.093,1293.775096374946,30917.94803993307
0.093,355.21120477822774,1734.8475437340308
0.093,1410.3162765847949,72634.85997783706
0.093,3499.999999999999,332731.00000000006
0.093,1270.8697454358473,36842.82406670499
0.093,36.0,657.0
0.093,1128.2155628782589,60057.39332988073
0.093,983.5948374665817,23583.510499825195
0.093,991.7156850630126,13378.580530086134
0.093,1932.7234643822103,89091.2616541571
0.093,2983.3935544133897,145065.02325616087
0.093,1275.8015916854345,49471.612176034985
0.093,61.0,594.9999999999999
0.093,2633.009562757034,147106.47481356087
0.093,3499.999999999999,200918.32752638555
0.093,3499.999999999999,270015.9999999999
0.093,933.1989106947501,30888.053873445482
0.093,1951.8000472647059,64272.80262645032
0.093,1887.5443318096661,88362.74294589408
0.093,2621.699555754389,149105.74879664902
0.093,2004.49494885869,114942.55222501363
0.093,71.0,171.0
0.093,3499.999999999999,174595.00000000003
0.093,1033.061554146507,8669.980950586218
0.093,2085.7852238425694,87191.37801411329
0.093,3499.999999999999,72081.49511490454
0.093,3499.999999999999,98366.99999999999
0.093,82.365041127896,548.4231942578651
0.093,297.0,7943.000000000002
0.093,1306.0,42201.0
0.093,1131.8501259757518,34098.57588843522
0.093,3499.999999999999,156727.4053511902
0.093,1190.7374744840763,47689.86280149569
0.093,198.96131142429758,1643.708876265853
0.093,2798.1028997845647,168690.65679454443
0.093,2645.255093110651,141728.86624235834
0.093,1266.8089832330684,49729.28440064263
0.093,3499.999999999999,55506.000000000015
0.093,1016.0000000000002,29405.000000000007
0.093,2236.4033625444226,84897.16577130242
0.093,1220.5784231989253,32233.96981818021
0.093,3499.999999999999,165272.99999999994
0.093,3499.999999999999,122550.00000000004
0.093,469.57427527495577,9320.07617994617
0.093,1005.0000000000001,73685.00000000003
0.093,3499.999999999999,165310.0
0.093,1316.0000000000002,84930.0
0.093,1913.6563492952653,80916.44585487268
0.093,2116.601048851672,163502.51415498185
0.093,1401.5598909987111,27795.78050335608
0.093,1263.9999999999998,33722.00000000001
0.093,2146.9746155928347,85152.7123232138
0.093,2369.4923159024306,129231.19601126462
0.093,2326.1556267799456,130568.02234850613
0.093,294.13432305666066,8906.821655338117
0.093,3499.999999999999,224183.99999999997
0.093,3499.999999999999,207311.99999999994
0.093,1286.9503104817682,13443.97150859865
0.093,3499.999999999999,93579.00000000001
0.093,2073.16183642281,101371.50304696092
0.093,1768.0792468044779,89030.4492891603
0.093,867.6008472725957,20751.614638822968
0.093,3499.999999999999,154878.00000000003
0.093,811.1719916269298,21967.888746987046
0.094,2234.054609896544,101013.62036874035
0.094,3499.999999999999,266034.0000000001
0.094,1435.0,124350.00000000004
0.094,1273.9848384839313,70929.7755158799
0.094,3499.999999999999,163289.28954466063
0.094,1592.9999999999998,102124.00000000001
0.094,1006.0000000000002,94847.99999999999
0.094,1662.3499402877435,83188.40997191398
0.094,702.4955515873393,19970.54235618051
0.094,349.0,11310.000000000002
0.094,2449.659816713206,106558.33898053381
0.094,1921.5878850575627,139968.95015681157
0.094,650.7779959402437,10388.218037757972
0.094,1147.0,65980.00000000001
0.094,2034.11667870587,120021.32141403665
0.094,525.0,1819.0000000000002
0.094,2056.4045305496697,105651.99390127597
0.094,115.99999999999999,1613.0
0.094,176.0,250.0
0.094,3499.999999999999,136406.94039894018
0.094,514.3042100931849,14185.326492126695
0.094,3499.999999999999,137631.2637012391
0.094,1993.5775351839866,120643.791266436
0.094,1615.0000000000002,60498.99999999998
0.094,3499.999999999999,197106.77524202623
0.094,1985.1952045076064,80510.6415016053
0.094,1183.537071662734,72662.1059975556
0.094,2068.8982858950017,109985.32011961093
0.094,3499.999999999999,187431.99999999997
0.094,2138.808079281543,87479.02964711026
0.094,1524.196233075687,72970.69226386782
0.094,2014.0754702840702,125680.81722363201
0.094,3499.999999999999,166882.00000000003
0.094,2214.174866370147,120051.78920999508
0.094,1019.9999999999998,26550.0
0.094,65.0,556.0
0.094,2542.500734269105,113971.18069188784
0.094,3499.999999999999,67966.00000000001
0.094,3499.999999999999,198428.00000000003
0.094,3499.999999999999,107453.99999999997
0.094,887.5990499779194,17521.040452377656
0.094,1865.8297835862534,97360.74311973677
0.094,36.0,449.0
0.094,2149.418526020467,156332.8658344111
0.094,1770.4544674449903,48931.4253542239
0.094,323.6909871916158,1527.5322618308471
0.094,1648.3226296346807,94719.45870084655
0.094,573.5852159879994,13288.197469935485
0.094,315.99999999999994,8245.999999999996
0.094,3499.999999999999,131563.73808918634
0.094,3499.999999999999,293345.9999999999
0.094,447.1548892938829,7920.239125776718
0.094,3499.999999999999,86421.00000000003
0.094,3499.999999999999,178880.79555111556
0.094,563.0,4752.999999999999
0.094,97.0,503.0
0.094,3499.999999999999,126469.00000000003
0.094,3499.999999999999,230358.00000000003
0.094,3499.999999999999,288842.00000000006
0.094,2027.686840795424,139243.68827810496
0.094,3499.999999999999,283928.0
0.094,1021.4531383447797,15818.139720382607
0.094,820.4754719063816,37705.29421712552
0.094,2743.321692669645,183318.60274846354
0.094,2907.777379593918,164507.21987628375
0.094,3499.999999999999,116340.00000000003
0.094,2204.087112616015,103475.60467569153
0.094,1101.1375999456081,42579.2851832423
0.094,2567.722247176073,119035.4239328492
0.094,3499.999999999999,178333.03398417233
0.094,762.8660251098465,23857.49867762259
0.094,66.0,826.0
0.094,1812.5305514666504,82857.311083573
0.094,3499.999999999999,167130.0
0.094,1862.3909364040617,53770.69899117922
0.094,494.9747468305832,13538.180084486985
0.094,355.0,8408.000000000002
0.094,2157.52904463521,100084.80496970439
0.094,3499.999999999999,123967.99999999996
0.094,2226.993488989135,48632.531560674484
0.094,1640.9999999999995,102055.0
0.094,426.3326107000733,4450.2220383254735
0.094,1853.5208334129854,92176.96884557568
0.094,1482.5382544892127,77398.83820277717
0.094,2098.332671432249,104337.78537040157
0.094,3499.999999999999,224875.99999999994
0.094,1819.8615701982167,97129.33566488726
0.095,2549.0064051603745,147016.92698942125
0.095,2018.4152199188354,129418.73386028786
0.095,2764.125664906626,118158.22452032517
0.095,1543.6787299021041,58629.28595307181
0.095,1468.354180707093,82768.16882111138
0.095,2030.517175499877,53263.69301879099
0.095,487.3210093719798,5325.7443508828455
0.095,3499.999999999999,191093.0000000001
0.095,1032.5958507964442,19327.161535996212
0.095,3499.999999999999,95632.0
0.095,484.25200051213,9797.895692443355
0.095,2707.8589328102007,132391.46878858918
0.095,653.3316124023343,14323.802877525326
0.095,1350.0,82514.99999999999
0.095,1359.411637437314,40211.560651136155
0.095,701.0,25659.999999999996
0.095,2089.138578457638,112384.53546640658
0.095,3499.999999999999,175872.64740430776
0.095,992.8867004850048,39960.03993991998
0.095,935.7181514959011,27819.70071516734
0.095,1421.9999999999998,92052.0
0.095,3499.999999999999,137872.38430882376
0.095,1749.7500595425183,113651.63914664429
0.095,2629.479262667504,148574.81282000933
0.095,1916.1158628851229,94016.96251209138
0.095,3499.999999999999,147612.00000000006
0.095,2403.1930878248218,104243.87907801074
0.095,1337.458687718738,36831.9594021941
0.095,1939.7164741270822,88881.23575873593
0.095,3499.999999999999,257462.0000000001
0.095,3499.999999999999,165561.61321393316
0.095,3499.999999999999,141349.8304066899
0.095,1108.3771921146697,61424.491906730495
0.095,2073.339161624482,59351.95171127176
0.095,3499.999999999999,154910.25876939212
0.095,3499.999999999999,109653.00000000004
0.095,1102.0,33723.000000000015
0.095,1155.6745371131196,18041.39540316657
0.095,1900.2583895451241,103602.54756523314
0.095,1389.1803338659818,93256.33790794063
0.095,1767.4392200078735,97538.10330797006
0.095,3499.999999999999,190033.00000000003
0.095,345.0,8330.000000000002
0.095,3499.999999999999,216072.00000000006
0.095,981.5454260670247,40911.700259006015
0.095,3499.999999999999,156846.93790444237
0.095,2400.91319755634,146988.1373671493
0.095,1477.176360493221,73012.54904466766
0.095,1113.9999999999998,25901.0
0.095,838.7490685538792,5913.202685516541
0.095,517.0,6347.0
0.095,2026.1361302218418,56096.38038104151
0.095,3499.999999999999,126046.99999999999
0.095,2026.2033461624717,60998.35865004894
0.095,3499.999999999999,252794.99999999988
0.095,3499.999999999999,122047.99999999996
0.095,1424.7189196469596,67901.37421289794
0.095,1831.5022452251274,137445.3371927959
0.095,1321.4665518402874,67131.89098955384
0.095,2914.3523836250306,151775.13755961455
0.095,736.0,29279.99999999999
0.095,1105.0000000000002,86899.00000000003
0.095,1059.8514279268777,34363.69075769094
0.095,3499.999999999999,289739.00000000006
0.095,1375.8013345974205,58627.48889598996
0.095,3499.999999999999,93447.00000000001
0.095,67.0,558.0
0.095,1568.0352134297516,28078.12109881281
0.095,1979.0000000000002,70328.00000000001
0.095,2064.5986596211524,98634.7147784539
0.095,3499.999999999999,232801.99999999994
0.095,106.0,107.0
0.095,2651.0270128548727,149783.2033192442
0.095,2568.341423049402,98884.68572917639
0.095,1184.4162636650399,46108.18368188368
0.095,3499.999999999999,223196.79273013602
0.095,88.0,247.00000000000003
0.095,3499.999999999999,224739.0000000001
0.095,2296.1922373564503,122696.19038776252
0.096,272.0,1606.0000000000002
0.096,76.36753236814712,1093.831796941376
0.096,1510.9999999999998,152702.99999999994
0.096,1946.671903655038,100181.26094201322
0.096,2154.2980295214493,134518.57786937835
0.096,2186.54979362465,161916.25148514265
0.096,1326.838347350573,43642.16722391316
0.096,1984.5855441553997,151038.84257897155
0.096,3499.999999999999,261996.00000000006
0.096,1980.7826735914266,106504.30368769146
0.096,628.1633752120849,20086.897432451045
0.096,806.8457101577725,4964.69938666985
0.096,3499.999999999999,168739.99999999997
0.096,3499.999999999999,134309.99999999997
0.096,2818.5645525874006,179589.9550518441
0.096,1307.9266034453153,84748.04552318595
0.096,3499.999999999999,155400.9768309066
0.096,1544.65963444131,56487.064143848955
0.096,3499.999999999999,228703.59503077334
0.096,44.0,49.0
0.096,1088.4141241118589,37315.114099134305
0.096,3499.999999999999,136234.59373038
0.096,3499.999999999999,146007.0
0.096,1409.0896660664466,91123.8750815603
0.096,3499.999999999999,167872.58918596565
0.096,1813.2668938616223,130035.06719927523
0.096,647.8437424890091,16262.972973774285
0.096,3499.999999999999,142383.00000000003
0.096,360.44417043420185,9165.841587110266
0.096,3499.999999999999,162207.99999999994
0.096,1881.6536605727033,67904.71771818757
0.096,2167.2563300172874,114325.5498128043
0.096,3499.999999999999,128439.00000000003
0.096,1316.5302882957158,93335.86407699884
0.096,2117.427684715584,100544.66231481406
0.096,1991.3563217063893,87763.78525337207
0.096,1567.1932244291502,41202.643270116496
0.096,984.6319109189992,31057.38173124063
0.096,354.0952339513989,6418.244368609352
0.096,1391.0,117484.99999999999
0.096,140.9467984737504,1586.3669184649557
0.096,2122.3807386988783,135315.69896726683
0.096,1476.9999999999998,130879.99999999997
0.096,1041.0,78326.0
0.096,1875.0,117410.99999999999
0.096,3499.999999999999,140011.0
0.096,1932.4854462582634,53995.33179822118
0.096,3499.999999999999,158976.00000000006
0.096,1022.0000000000001,70627.99999999999
0.096,1011.9999999999999,58729.99999999997
0.096,1392.4174143387186,24043.15952867016
0.096,2381.072181273597,77384.15858580262
0.096,561.2486080160911,3268.5623751123358
0.096,558.121850495033,4836.883087278418
0.096,3499.999999999999,214082.99999999994
0.096,3499.999999999999,144195.0
0.096,1859.8654050264215,82970.83332642942
0.096,3499.999999999999,132754.99999999997
0.096,1197.9148550710936,43666.0889936344
0.096,1456.9999999999998,85095.00000000004
0.096,3499.999999999999,232147.9866554854
0.096,680.8524488003741,20148.597290895443
0.096,1279.5675050578614,99830.12907935157
0.096,2345.98681271442,130626.03933365237
0.096,1906.043021550143,150653.8517263997
0.096,2589.2181716144996,158626.93282209398
0.096,3499.999999999999,266435.99999999994
0.096,673.0,32310.000000000004
0.096,2185.371262451678,106061.06515949832
0.096,3499.999999999999,153238.0
0.096,2234.054609896544,189563.76948668231
0.096,783.6636524815791,24687.34871050912
0.096,3499.999999999999,107853.00000000001
0.096,3499.999999999999,91125.55741846513
0.096,1823.391749808738,72677.44220129424
0.096,3499.999999999999,117877.41882321719
0.096,3499.999999999999,162305.91919477688
0.096,3499.999999999999,179093.99999999997
0.096,2427.6885899662893,157147.49248482837
0.096,3499.999999999999,163008.0
0.096,1292.0501547848887,59439.093800068666
0.096,966.5495611757763,27615.69670751651
0.096,644.0,15822.0
0.097,1465.0,75230.0
0.097,291.6436181369309,7127.645052890893
0.097,457.90719583775933,12470.83557745831
0.097,3499.999999999999,164093.69220848122
0.097,3499.999999999999,170552.19916494767
0.097,2200.908903157966,146729.16166870174
0.097,628.4884397028381,23708.779301300474
0.097,3499.999999999999,241910.8145577623
0.097,2718.4831508031048,80659.29569906554
0.097,2453.0574074983556,101149.15927322734
0.097,1296.7373807614986,45410.068216944914
0.097,2546.6644851648593,72431.86795879282
0.097,631.0,16715.0
0.097,1258.5437013488815,24197.99435888906
0.097,1689.0,29171.000000000004
0.097,2052.096803631219,88791.8406526151
0.097,65.0,578.9999999999999
0.097,3499.999999999999,200471.00000000003
0.097,2781.123021598399,85531.71940009946
0.097,3499.999999999999,87767.0
0.097,3499.999999999999,144403.18760246618
0.097,2384.6678861943237,102175.76216217673
0.097,484.25200051213,14706.288314867223
0.097,1045.10034886273,13284.820763454692
0.097,1313.5177291544426,29889.008128523157
0.097,84.0,94.0
0.097,3499.999999999999,172087.97972258256
0.097,3499.999999999999,146076.63587993808
0.097,3499.999999999999,196432.00000000006
0.097,2605.762844159077,147711.5249396606
0.097,1225.0000000000002,34211.99999999999
0.097,1276.4115729614684,28491.87744485598
0.097,126.33289357883004,297.4390693906905
0.097,384.00000000000006,19535.999999999996
0.097,2434.2349927646674,108829.4760071921
0.097,2109.9763031844686,53307.17803448238
0.097,628.6681813451105,19802.581956000806
0.097,2408.132136250032,74058.86372385609
0.097,3499.999999999999,166880.00000000006
0.097,3499.999999999999,136451.85333390013
0.097,3499.999999999999,200141.04609000127
0.097,746.785343579539,13023.143932472647
0.097,3499.999999999999,118982.66285472011
0.097,78.0,85.0
0.097,1128.0,79620.99999999997
0.097,62.0,642.0
0.097,3499.999999999999,192140.63209014374
0.097,726.9800547470336,23907.862827948466
0.097,1813.4243870823088,100458.4237629035
0.097,465.8325879540846,12340.1503232335
0.097,3499.999999999999,214463.23192566118
0.097,3499.999999999999,107283.81506546082
0.097,3499.999999999999,119118.0
0.097,2479.2414433424083,104710.86317133058
0.097,2304.449483702805,149172.75781414524
0.097,354.96478698597696,9129.960678995281
0.097,1196.0000000000002,42917.0
0.097,1346.5701686673297,63135.55924341438
0.097,3499.999999999999,167095.99999999997
0.097,2061.2067557479495,93827.86114605624
0.097,2946.127890673972,180332.14828179902
0.097,801.7950081997141,24908.555001998113
0.097,3499.999999999999,80032.00000000001
0.097,2241.8742159184576,73328.07985349133
0.097,1162.0,68665.99999999997
0.097,3499.999999999999,154760.01742052112
0.097,3499.999999999999,158864.90624112036
0.097,1054.931751346977,38220.84911406337
0.097,2491.79979875494,74066.499045696
0.097,3499.999999999999,288876.9999999999
0.097,2100.833168054998,97127.16386778728
0.097,3499.999999999999,136953.00000000003
0.097,1637.2600244358025,92137.39102353701
0.097,2433.640726194568,115263.76139640786
0.097,2100.833168054998,139424.46422705016
0.097,3499.999999999999,132819.99999999997
0.097,3499.999999999999,95050.00000000003
0.097,2184.9485119791725,94895.66354686605
0.097,1952.7293797948857,114866.75192105345
0.097,3499.999999999999,137147.00000000003
0.098,2255.1094631353353,102330.47806188732
0.098,3499.999999999999,213361.0
0.098,2106.6561181170505,88972.49456995125
0.098,793.0000000000001,28921.000000000004
0.098,1995.745474753732,71320.65791199626
0.098,473.2863826479693,9532.209502523534
0.098,3499.999999999999,106486.99999999997
0.098,2052.802961806125,94141.78057589514
0.098,2641.7448100006504,133931.5941347855
0.098,2006.240264773887,81920.96171310492
0.098,3499.999999999999,195222.4446932268
0.098,1506.0,93944.0
0.098,2078.232287562133,115588.97296777763
0.098,2300.311465862443,142878.5235446004
0.098,1899.1121361924293,99185.81276870263
0.098,1456.3960723522298,77178.50330081845
0.098,2168.063652202121,87985.24323998885
0.098,940.6152604003241,48443.771108394285
0.098,1361.5228327618565,46155.28814920291
0.098,1894.9934036824504,112569.95905657957
0.098,1200.7372735115705,69218.17073572516
0.098,3499.999999999999,155416.85748978454
0.098,1520.6658987915584,83097.77312002535
0.098,1742.0977034495295,106447.80329696496
0.098,1333.0,142055.99999999994
0.098,3499.999999999999,260295.00000000003
0.098,1315.880176203517,49263.556310056716
0.098,1757.1835030190737,83676.21553735051
0.098,980.535275575071,27014.35067205668
0.098,2306.5125189341593,109662.19059457091
0.098,2228.564560428977,144416.66491094432
0.098,591.6079783099615,4787.592401197078
0.098,3499.999999999999,148321.88733629294
0.098,3499.999999999999,198655.9999999999
0.098,88.0,96.0
0.098,3499.999999999999,104068.91703097515
0.098,1664.7352337157745,113807.73856598296
0.098,1995.0,186356.99999999997
0.098,3499.999999999999,185107.2411082192
0.098,1650.1515081955351,53206.67927995505
0.098,3499.999999999999,276577.0
0.098,1088.5874696632661,21875.551698002582
0.098,3499.999999999999,109474.0
0.098,2565.259925804226,119874.9358549622
0.098,2222.273610516941,58904.5402834111
0.098,325.17995018143415,7882.756180423187
0.098,1008.5736954066776,36146.94674628898
0.098,66.0,614.0
0.098,2528.7351184255313,161283.29240027687
0.098,1052.0,27468.999999999993
0.098,3499.999999999999,203884.99999999997
0.098,3499.999999999999,193495.00000000006
0.098,1277.9999999999998,118722.00000000004
0.098,334.0,715.0
0.098,1750.9997144488632,102458.11351474322
0.098,1545.0071751629064,66784.05985559238
0.098,641.7652412419197,7220.053187323167
0.098,2401.778196071311,139195.29495907604
0.098,3499.999999999999,165258.1264146762
0.098,3499.999999999999,151910.00000000003
0.098,898.8335330853472,27849.027250180636
0.098,496.17655699875024,16690.104007206908
0.098,3499.999999999999,203783.55756782726
0.098,104.1633332799983,952.6468390752157
0.098,281.0,16462.999999999996
0.098,3499.999999999999,160816.99999999994
0.098,1897.761839641634,66484.4225063285
0.098,253.63574381659473,1998.3710469495134
0.098,698.0573538748091,11307.193081482626
0.098,3499.999999999999,195219.99999999994
0.098,1693.7216634266297,81054.49201629372
0.098,2822.6387596239315,132215.92808206048
0.098,1467.0000000000005,64721.99999999998
0.098,2164.0240294414484,102047.42038875853
0.098,3499.999999999999,210030.2599912689
0.098,2292.0514828423898,101552.65201854658
0.098,2654.9952918978965,182900.94638902237
0.098,3499.999999999999,124058.31548106726
0.099,475.1244226014481,6279.3827008716235
0.099,820.6253712870447,27593.206663959892
0.099,3499.999999999999,220521.36230752163
0.099,111.71392035015153,1749.8459932234034
0.099,1464.7561786760243,62687.779961248874
0.099,2487.569094517778,62341.08949962292
0.099,61.0,551.0
0.099,1671.9999999999995,100449.00000000004
0.099,3499.999999999999,126011.00000000003
0.099,1625.2673626206863,57748.011619448844
0.099,2084.565139618916,143115.34472569957
0.099,1760.5593951867731,84239.2114398174
0.099,3499.999999999999,122599.0
0.099,2172.095762161512,81226.12104489542
0.099,1993.1131427994742,58938.814104119876
0.099,3499.999999999999,122675.0
0.099,3499.999999999999,255822.24849492658
0.099,3499.999999999999,141392.99999999997
0.099,3499.999999999999,288547.45696332166
0.099,1896.0000000000005,71565.99999999997
0.099,1892.2209173349706,79247.96929890382
0.099,551.8151864528558,4111.917435941533
0.099,3499.999999999999,223095.00000000006
0.099,3499.999999999999,143850.1328084198
0.099,2919.3278328056044,138513.22862884507
0.099,1165.1695155641514,63829.7206949866
0.099,2498.3589229822032,107833.54962682973
0.099,3499.999999999999,132471.0
0.099,3499.999999999999,135670.61092218902
0.099,3499.999999999999,195879.50667693655
0.099,752.8190205185497,12531.186860218962
0.099,487.220689215883,10523.663335550033
0.099,1079.7949423685927,12012.634693947286
0.099,1351.9999999999998,70913.99999999999
0.099,1481.6816409724502,67757.7242996323
0.099,74.6993975879324,240.53066332590527
0.099,1117.201661964178,34417.270797739664
0.099,907.448473828005,18999.089125658622
0.099,63.0,761.0000000000002
0.099,2409.0731119191323,168501.24154483507
0.099,110.00000000000001,112.00000000000001
0.099,3499.999999999999,209343.00000000003
0.099,3499.999999999999,168623.0
0.099,3499.999999999999,191249.0000000001
0.099,3499.999999999999,213809.78354135246
0.099,61.0,545.0
0.099,1263.0,88251.00000000001
0.099,3499.999999999999,162926.60421659306
0.099,1495.4305385942703,29991.862331976004
0.099,1100.9584000342682,37175.261825242684
0.099,1890.3703340880068,78409.32648607557
0.099,3499.999999999999,170502.28512484345
0.099,315.99999999999994,11722.999999999995
0.099,1229.0,37099.99999999999
0.099,1247.995192298432,77323.80216983646
0.099,1069.9874805650795,20406.398075250407
0.099,681.0,3997.999999999999
0.099,860.0531786117275,35666.10526773146
0.099,3499.999999999999,133703.8810955015
0.099,690.2260499285723,16480.488463634818
0.099,2317.447648863758,108318.74183267837
0.099,2250.9296569828693,88400.82916048467
0.099,3499.999999999999,116471.48003696017
0.099,263.6361128525453,5336.841762690739
0.099,1276.5540450918118,53956.798722783686
0.099,3499.999999999999,162135.93707133533
0.099,900.6466546056421,9883.81954617456
0.099,2064.703368525367,125050.74107337395
0.099,3499.999999999999,296047.0
0.099,1846.9763122208344,123000.53079508984
0.099,2191.3466179497937,55211.988824892025
0.099,3499.999999999999,128951.8338217802
0.099,2158.3558557383435,84457.10092703867
0.099,3499.999999999999,141267.62511456292
0.099,603.3241251599342,9881.200736752593
0.099,794.6281390418627,17950.129379909566
0.099,2331.053328385831,92948.39112009299
0.099,3499.999999999999,145639.16445813954
0.099,2575.3595696307293,145466.08500786577
0.1,3499.999999999999,274601.0000000001
0.1,1679.7961888997647,75375.89501225732
0.1,3499.999999999999,161553.99999999997
0.1,3499.999999999999,100561.43420814964
0.1,3499.999999999999,112793.99999999999
0.1,3499.999999999999,179779.47712683995
0.1,3499.999999999999,338099.9999999999
0.1,1136.0633785137165,45592.49884575312
0.1,1125.0000000000002,68540.0
0.1,2637.802115398348,179310.4285701197
0.1,2832.944198768767,91817.74650473219
0.1,1310.915710486376,71196.68003495668
0.1,1355.0589436277576,54939.61136245002
0.1,1367.0000000000002,82959.00000000004
0.1,1087.4048440649783,35764.07075367534
0.1,3499.999999999999,194901.61305936766
0.1,1091.934176226822,18445.728236128456
0.1,444.1261082170244,7896.9523235232955
0.1,3499.999999999999,96192.99999999997
0.1,3499.999999999999,276624.0
0.1,618.8836658477023,7752.9803225613805
0.1,67.0,573.0
0.1,642.2564232870492,42388.32386858237
0.1,538.9805191284745,12161.16635031361
0.1,3499.999999999999,139157.99999999994
0.1,3499.999999999999,277205.0
0.1,995.2929217069716,45475.658928706034
0.1,742.060243629545,21168.18507787032
0.1,3499.999999999999,95132.90374523417
0.1,3499.999999999999,156318.99999999997
0.1,2783.2331309220144,177396.63480364892
0.1,1238.0000000000002,101459.99999999999
0.1,1419.0,77249.0
0.1,3499.999999999999,197280.0
0.1,2791.117686164214,208279.07221832103
0.1,1861.0000000000002,82835.99999999997
0.1,2039.9754900488385,82433.24474991874
0.1,637.1812928829596,8498.612121987924
0.1,1327.9999999999998,46986.00000000001
0.1,3499.999999999999,97710.73771597462
0.1,3499.999999999999,102579.00000000001
0.1,3499.999999999999,142154.00000000003
0.1,1420.6331173344474,54048.02103965683
0.1,1869.893045069691,83263.72018472392
0.1,2614.551055228499,160475.9355923252
0.1,2312.113156620483,129283.03155430137
0.1,2351.00036705767,98768.72507073128
0.1,3499.999999999999,103353.00000000004
0.1,3499.999999999999,38473.000000000015
0.1,1354.8068242197285,22742.340539738987
0.1,2376.7429495761207,87507.99537714374
0.1,1420.5307808780885,16556.437278142454
0.1,3499.999999999999,171963.0
0.1,360.58162154561427,2153.3033752079705
0.1,3499.999999999999,98234.00000000004
0.1,1315.880176203517,43837.06817967233
0.1,1029.0,53307.000000000015
0.1,3499.999999999999,94507.0
0.1,2351.9073092723397,121466.56956402016
0.1,102.0,826.0
0.1,2465.883202200377,124002.9210820214
0.1,3499.999999999999,203070.88988823583
0.1,3499.999999999999,128015.00000000001
0.1,3499.999999999999,78284.00000000003
0.1,1330.6870405921902,107380.80310278921
0.1,1907.9829236472324,69098.79986855098
0.1,2567.102772544751,154368.214767691
0.1,3499.999999999999,127892.79200554601
0.1,1863.063310175084,78177.21041640968
0.1,747.5015880214028,8180.770194588628
0.1,3499.999999999999,83440.00000000001
0.1,471.92660210794395,9045.32209874517
0.1,3499.999999999999,82850.00000000003
0.1,3499.999999999999,131610.0
0.1,1180.9837226037064,21083.553875245387
0.1,1911.5438786488792,113826.28733293555
0.1,2408.8360626672816,94986.12277722622
0.1,3499.999999999999,107332.0
0.1,2524.5791728523777,132299.27467677218
0.1,2261.3049329977594,173486.5824062484
0.1,454.42271070007047,6159.391041328682
0.1,1241.4153213167622,65774.07197368884
0.1,1207.0000000000002,18658.0
0.1,3499.999999999999,248249.5390690585
0.101,1625.2436399972673,52916.06694226286
0.101,2635.880762281441,99711.84514389663
0.101,1072.0,62834.0
0.101,2212.0126581916297,183263.9166666477
0.101,1640.5791660264374,28998.393334803917
0.101,3499.999999999999,106757.0
0.101,3499.999999999999,163061.9999999999
0.101,3499.999999999999,86146.00000000004
0.101,1448.2420377823591,82180.75271010846
0.101,3499.999999999999,130220.24905427068
0.101,1042.03646769199,25423.22906320123
0.101,1173.00714446273,43734.267984011596
0.101,2804.160481602191,142698.41899840473
0.101,3499.999999999999,187096.11219905122
0.101,2545.8602573011503,181642.2175349259
0.101,2374.552589436586,139260.63472496448
0.101,3499.999999999999,138380.6842417251
0.101,1144.0,24853.000000000007
0.101,3499.999999999999,125810.44181804104
0.101,3499.999999999999,257973.99999999997
0.101,1126.9999999999998,54313.000000000015
0.101,1268.6358256152594,44839.54507251218
0.101,3499.999999999999,95707.00000000003
0.101,1259.0000000000002,20036.999999999996
0.101,2343.7589036698787,83170.14018119287
0.101,3499.999999999999,112662.00000000003
0.101,676.2823316201109,24722.30360088383
0.101,2152.9625092425526,98650.25142416215
0.101,1003.9999999999998,40938.000000000015
0.101,1947.8192934664132,66559.95733171707
0.101,3499.999999999999,145915.0
0.101,3499.999999999999,159758.5190748839
0.101,469.57427527495577,8554.10533019088
0.101,3499.999999999999,134991.0
0.101,1954.0982575090738,94521.98781236038
0.101,3499.999999999999,101136.27898039363
0.101,3499.999999999999,177643.99999999994
0.101,1964.600466524018,95580.27888311262
0.101,3499.999999999999,246900.28428958976
0.101,686.3547876211741,23049.938928238982
0.101,2467.6577158925115,144228.31029741955
0.101,1115.0000000000002,16564.0
0.101,3499.999999999999,227013.77755546028
0.101,168.0,206.99999999999997
0.101,648.9204961477483,7462.667096382173
0.101,276.33675108461415,7379.56665394385
0.101,1902.3251445737671,90342.03890840396
0.101,3499.999999999999,129876.02574749617
0.101,3499.999999999999,180241.00000000006
0.101,350.99999999999994,13112.0
0.101,3499.999999999999,110804.74618896066
0.101,2739.680222266429,165280.15857438088
0.101,1296.9911633074867,21632.04124536277
0.101,237.1834732859775,5453.564797451299
0.101,1083.9999999999998,70301.00000000003
0.101,2238.556821439851,103806.50865254222
0.101,2406.1848995262126,130941.61778443473
0.101,1276.876680748496,45796.82641492295
0.101,2532.192725682625,188044.6339994844
0.101,2450.7141816213493,105176.01417623697
0.101,3499.999999999999,156037.66294799885
0.101,665.0877077298485,9928.012468004152
0.101,1044.0000000000002,35957.999999999985
0.101,330.5591988027813,2202.37362957659
0.101,2365.8502992243884,145077.33275743027
0.101,2447.8562049270786,180028.45639509326
0.101,2598.3223891801053,105521.61881067202
0.101,3499.999999999999,242416.8250967742
0.101,1111.0,37915.00000000001
0.101,1392.5637293942045,53918.78167087394
0.101,292.09587467131405,2009.9582085207637
0.101,892.2599636427018,19496.212986615214
0.101,2653.39543398728,99092.87061152958
0.101,1501.9999999999995,52454.99999999997
0.101,560.3840775055822,6908.848097965094
0.101,704.6637495997647,13316.176478253814
0.101,3499.999999999999,128671.09650189511
0.101,1085.1766225524864,14742.894948042744
0.102,3499.999999999999,133609.35543591247
0.102,3499.999999999999,206338.42648425917
0.102,3499.999999999999,140427.47414946972
0.102,1251.4649491351945,37782.52941762965
0.102,3499.999999999999,240141.7752287176
0.102,1567.4820573135755,32798.08619416687
0.102,63.0,531.0
0.102,3499.999999999999,169482.89693063434
0.102,1992.2349259060795,105859.51159437679
0.102,3499.999999999999,81803.0
0.102,2571.283726079251,109461.83330732222
0.102,3499.999999999999,97548.99999999997
0.102,2077.3781552716873,61180.00612128118
0.102,3499.999999999999,247386.00000000006
0.102,1052.7026049117162,25252.251238929577
0.102,1211.9999999999998,64812.0
0.102,3499.999999999999,122690.62465336717
0.102,1675.5437456480108,39853.886781153145
0.102,3076.066817474418,158048.83490687783
0.102,3499.999999999999,219764.99999999997
0.102,1116.0,56132.99999999999
0.102,2606.1614227650534,114561.02428746736
0.102,810.9999999999998,28727.00000000001
0.102,3499.999999999999,201681.5582793827
0.102,2119.079989051853,86395.48729534433
0.102,3499.999999999999,189286.0
0.102,3499.999999999999,178818.30746878232
0.102,2283.3545264851955,87460.29426263641
0.102,2297.954348991938,105853.49767449794
0.102,3499.999999999999,182771.20228307307
0.102,1341.0331837803267,53123.048999469174
0.102,2216.7543842293394,69433.18433573384
0.102,1381.1227316933132,41987.895922515585
0.102,106.95793565696749,572.7756978084876
0.102,2686.9092203875484,142272.20654396396
0.102,1476.0000000000002,33511.000000000015
0.102,2686.6164393102777,118438.57685799352
0.102,3499.999999999999,183745.45314473048
0.102,3499.999999999999,208761.1314253686
0.102,684.8656208952798,19040.71353799402
0.102,1755.0000000000005,78975.0
0.102,3499.999999999999,144454.69467107925
0.102,2158.63865264598,128109.52872077716
0.102,798.1227975693964,7211.2117567022
0.102,3499.999999999999,116865.90131000575
0.102,1980.9211371522576,89324.60702402896
0.102,2333.3055552248597,95869.84381166895
0.102,3499.999999999999,202151.0
0.102,3499.999999999999,181079.99999999994
0.102,3499.999999999999,128256.0
0.102,3499.999999999999,165557.20944736895
0.102,1405.4369955046523,54152.26199632765
0.102,3499.999999999999,163965.99999999997
0.102,3499.999999999999,154516.00000000003
0.102,1193.371054612781,19292.64540090507
0.102,1318.077052233433,38646.03981159654
0.102,1290.4291183000717,73767.07519766172
0.102,3499.999999999999,72006.99999999999
0.102,2593.4747615229976,207025.02455000035
0.102,3499.999999999999,136548.30287118178
0.102,3499.999999999999,164136.24784306483
0.102,3499.999999999999,207575.00000000006
0.102,3499.999999999999,213995.82804248112
0.102,1711.0,168399.00000000006
0.102,3499.999999999999,133957.0
0.102,1064.9552207587772,32014.32072336305
0.102,1521.0000000000002,42925.999999999985
0.102,2743.665862409562,114552.50269332259
0.102,438.07761869330875,8973.163321816897
0.102,3499.999999999999,125242.54565442207
0.102,473.2863826479693,10601.013725111385
0.102,1705.425113937313,85478.98299905358
0.102,3499.999999999999,274674.00000000006
0.102,535.893646164983,35528.55036446042
0.102,2642.3297845126845,190680.7986849072
0.102,854.1746457939713,24356.18209005329
0.102,3499.999999999999,185593.2504699457
0.102,2723.4469168182422,118398.9208899533
0.102,3499.999999999999,170959.8881609367
0.102,1562.7098518910318,72929.07010848718
0.102,907.448473828005,11342.801382501339
0.103,1062.0,56438.99999999998
0.103,2809.861063785754,175115.57552056396
0.103,3499.999999999999,160788.16814422613
0.103,3499.999999999999,85611.99999999999
0.103,3499.999999999999,107173.93425642262
0.103,3499.999999999999,185692.87410937442
0.103,3499.999999999999,234187.0
0.103,1042.0000000000002,69276.99999999997
0.103,1298.8221370486635,40741.107341060226
0.103,79.0,95.0
0.103,2249.115800723281,130539.3069604288
0.103,2021.0145966815774,117537.6415621821
0.103,3499.999999999999,241380.00000000006
0.103,2364.88855785521,99826.77499388428
0.103,3499.999999999999,184114.1190484858
0.103,2467.2255449816603,98234.97204133465
0.103,3499.999999999999,119656.0
0.103,1045.2134003389294,29764.083975055917
0.103,569.0000000000001,19714.0
0.103,2519.7633522632163,90940.73782126608
0.103,3499.999999999999,251311.00000000006
0.103,355.0,10468.000000000005
0.103,1787.864352675955,88882.54177095622
0.103,3499.999999999999,71435.99999999999
0.103,759.7095012678486,21994.539298044394
0.103,3499.999999999999,76476.99999999997
0.103,1467.0000000000005,147085.99999999994
0.103,1495.4932296737418,32032.54891512693
0.103,2004.0,194095.99999999997
0.103,585.6620185738528,10710.642137612474
0.103,3499.999999999999,188443.00000000003
0.103,1748.0527523186754,90000.2089757417
0.103,3499.999999999999,278352.99999999994
0.103,2470.5750271625025,128281.37210736354
0.103,3499.999999999999,151547.2173053666
0.103,1110.0,131797.00000000006
0.103,558.5875864855318,7605.815535405176
0.103,2345.6342425877056,100765.80152015854
0.103,1418.9016879262638,61051.74445501129
0.103,3499.999999999999,195991.47621771717
0.103,1269.1918688677451,36132.118509713764
0.103,391.99999999999994,13404.000000000005
0.103,3499.999999999999,64967.999999999985
0.103,1581.0,88722.00000000003
0.103,83.0,104.0
0.103,3499.999999999999,98029.00000000001
0.103,3499.999999999999,106101.99999999997
0.103,2123.3750044841713,73373.42489310523
0.103,1620.9047773441484,71912.94114986886
0.103,1487.2793954062565,49148.23676389622
0.103,1768.1419424269134,140917.24799516337
0.103,3499.999999999999,211148.0
0.103,1367.0000000000002,96938.0
0.103,3499.999999999999,243021.0
0.103,465.8325879540846,12006.820145234124
0.103,3499.999999999999,165063.20507611622
0.103,797.7299622125014,11979.8277042498
0.103,61.0,535.0
0.103,3499.999999999999,137393.8926187384
0.103,3499.999999999999,95141.99999999999
0.103,3499.999999999999,131579.8652226092
0.103,3499.999999999999,127008.44590813642
0.103,3499.999999999999,300454.99999999994
0.103,3499.999999999999,258688.00000000012
0.103,3499.999999999999,131393.00000000006
0.103,628.8879073412048,15105.635637072666
0.103,1027.0,66867.0
0.103,3499.999999999999,202133.02964137247
0.103,736.0,63052.0
0.103,2393.966325347376,113540.36034596991
0.103,3499.999999999999,128464.81758212273
0.103,3499.999999999999,130154.60389475286
0.103,765.8732392323789,21978.574944998607
0.103,1268.2982111319197,47837.32559220213
0.103,2761.3150226775006,105462.47403527505
0.103,3499.999999999999,188627.59320682636
0.103,3499.999999999999,222676.4815264514
0.103,3499.999999999999,135693.27715915698
0.103,501.8416084782129,6538.46465158297
0.103,780.3845206050668,11362.856155034267
0.104,3499.999999999999,141880.00000000006
0.104,3499.999999999999,138114.99999999997
0.104,3499.999999999999,157580.00000000006
0.104,2009.2107848741502,98316.34725983039
0.104,603.3241251599342,3588.6849959281753
0.104,2329.549422595227,92117.00636774022
0.104,753.377057237763,10982.28272431861
0.104,1517.0000000000002,19008.000000000004
0.104,112.00000000000001,142.0
0.104,1870.1597111598776,95450.17977786163
0.104,141.0,1200.0
0.104,2135.4890099470913,89548.36715867968
0.104,842.1012209921106,21304.065600614056
0.104,40.0,57.99999999999999
0.104,2657.3366428798918,100022.7736839243
0.104,3499.999999999999,135223.6308760871
0.104,3499.999999999999,159011.10923768807
0.104,160.9077052896718,2940.8966733689285
0.104,800.3248680580739,11881.185813593309
0.104,2797.613121546992,95246.16511837547
0.104,1046.6613587975814,41637.418027538646
0.104,609.0976933136425,10359.458238730444
0.104,3499.999999999999,215237.0
0.104,2569.061259904281,97506.43041514105
0.104,3499.999999999999,246767.99999999997
0.104,1930.6734576307824,135105.43982756577
0.104,927.9008567729635,28313.241566447334
0.104,924.1212041718338,26896.437496441813
0.104,3499.999999999999,144602.59590002365
0.104,3499.999999999999,139349.99999999997
0.104,886.2434774257808,41402.68451962612
0.104,3499.999999999999,175735.1667201159
0.104,3499.999999999999,161688.95798414922
0.104,3499.999999999999,273711.0000000001
0.104,2565.1510676761322,140261.4477752173
0.104,3499.999999999999,188238.75593511542
0.104,1935.786440784116,103542.35404753518
0.104,717.71684264425,20156.191154046785
0.104,1971.0403344427023,146187.2093139478
0.104,190.21040980976832,1684.4761797069148
0.104,881.9447349264111,16993.09460430024
0.104,2021.0145966815774,55656.50208196706
0.104,3499.999999999999,127310.98661152546
0.104,3499.999999999999,131420.01767615165
0.104,3499.999999999999,122856.69993940093
0.104,3499.999999999999,100284.94292763998
0.104,2457.798281205989,144989.11756455057
0.104,3499.999999999999,85423.00000000003
0.104,1991.3563217063893,90609.44233356697
0.104,3499.999999999999,110225.22255568477
0.104,2789.8867463328384,129046.38328190333
0.104,1613.0,100061.00000000003
0.104,1569.9999999999998,59156.000000000015
0.104,652.0927848090332,39160.83502684794
0.104,3499.999999999999,72648.0
0.104,3499.999999999999,161898.00000000006
0.104,1176.0,56618.99999999999
0.104,81.0,1819.0000000000002
0.104,2317.447648863758,111052.73444956708
0.104,2225.421308426789,97964.61519344627
0.104,628.7010272425223,21299.568015572815
0.104,1708.6121223904202,75907.9127100969
0.104,3499.999999999999,242471.0000000001
0.104,332.9729718760969,1849.7297099846771
0.104,284.9684193029115,5524.721802950807
0.104,1130.6791020669614,35342.31226775904
0.104,3499.999999999999,115630.00000000001
0.104,3499.999999999999,249408.99999999997
0.104,1094.9999999999998,40495.00000000001
0.104,1757.5447821223052,100442.87177592872
0.104,3499.999999999999,296040.9999999998
0.104,1240.9999999999998,107275.00000000003
0.104,1596.0,76568.99999999997
0.104,2686.0505975834926,166469.18579283275
0.104,1198.0,51388.00000000002
0.104,3499.999999999999,243987.99999999997
0.104,1740.2212692581063,64420.86479184689
0.104,381.26106541318904,4612.880336622662
0.104,3499.999999999999,115351.99999999997
0.104,1047.0000000000002,28813.999999999993
0.104,1325.1036183879467,33232.28790255327
0.104,3499.999999999999,168136.4976648437
0.105,3499.999999999999,144267.77594740497
0.105,2117.8259704581965,81133.41140477057
0.105,3499.999999999999,136366.69458759992
0.105,3499.999999999999,159618.79261911957
0.105,1074.9999999999998,44585.99999999999
0.105,1029.8058069364338,39721.631386437264
0.105,2284.4036420913003,88261.49262277408
0.105,3499.999999999999,212498.00000000006
0.105,3499.999999999999,136076.59865678588
0.105,684.8357467305573,8096.9217607681
0.105,2079.903843931253,71924.73148368369
0.105,3499.999999999999,112363.04298122223
0.105,3499.999999999999,190075.99999999994
0.105,1049.0,48349.999999999985
0.105,1535.7607235503838,55184.40725422356
0.105,853.2291603080615,9596.987964981512
0.105,501.99601592044525,13236.227105939215
0.105,656.524180818955,50034.27467246827
0.105,590.3861304617551,12013.494547965078
0.105,434.3132510066899,11606.339991573566
0.105,1268.2137043889725,76601.91440166488
0.105,3499.999999999999,109206.33597003418
0.105,3499.999999999999,149087.88812635918
0.105,3499.999999999999,131121.32373492885
0.105,2024.6446341974377,112872.41995635806
0.105,2607.388366450361,157994.83815562166
0.105,1201.0,95964.00000000001
0.105,3499.999999999999,214535.0000000001
0.105,152.9901957643038,941.0170030344826
0.105,3499.999999999999,190933.00000000003
0.105,1765.9999999999995,139180.00000000003
0.105,3499.999999999999,197231.00000000003
0.105,1017.5244336084575,13712.782565132551
0.105,818.1521001919126,8675.087938497098
0.105,3499.999999999999,247810.08348733516
0.105,1551.9748728318286,61351.16052277973
0.105,3499.999999999999,214256.0
0.105,3499.999999999999,118956.37153301359
0.105,3499.999999999999,149752.21700529178
0.105,3499.999999999999,157581.54796659423
0.105,292.85332421864234,1192.2229758786389
0.105,3499.999999999999,214754.99999999997
0.105,1642.0000000000002,55948.99999999999
0.105,3499.999999999999,71531.99999999999
0.105,3499.999999999999,187048.48536676262
0.105,1521.0000000000002,97874.99999999997
0.105,576.8264039509636,13148.28592405085
0.105,3499.999999999999,128116.96084674793
0.105,2826.3144221337952,176443.50857986716
0.105,3499.999999999999,153339.69309347137
0.105,576.6281297335397,2985.4979484166456
0.105,458.0,23905.0
0.105,2611.560943910705,94199.2099801529
0.105,1843.676994291981,79493.43181574052
0.105,2433.5159748807905,66803.7227705163
0.105,3499.999999999999,200332.29500020042
0.105,3499.999999999999,193293.99999999997
0.105,3499.999999999999,188739.01681056083
0.105,1227.1963982997995,30356.09633994464
0.105,2792.6963721288776,126751.76488603583
0.105,3499.999999999999,140873.00000000006
0.105,3499.999999999999,224326.00000000003
0.105,3499.999999999999,93787.47713440617
0.105,1434.9968065643693,34340.88136674731
0.105,2311.0603626906845,120817.89624472035
0.105,3499.999999999999,237280.05223364208
0.105,3499.999999999999,192758.67777013348
0.105,818.5090894263058,10296.41136140985
0.105,757.6278769950325,19502.370240563072
0.105,3499.999999999999,214293.07730667683
0.105,3499.999999999999,242728.58776007406
0.105,2283.5952747790084,145289.5017961722
0.105,121.87032714935089,773.8723913664346
0.105,2040.6867764881777,98182.42634383154
0.105,1312.9649750760643,32806.054115532366
0.105,2428.3812258355306,97116.57914344118
0.105,3499.999999999999,172110.327522784
0.105,3499.999999999999,213376.88048557588
0.105,2563.3796305940505,86991.90794309192
0.105,3499.999999999999,297642.0000000001
0.105,2122.3807386988783,88169.15018304304
0.105,1147.7891792485239,67679.14143220194
0.106,3499.999999999999,180996.75292115042
0.106,1083.9999999999998,63992.00000000002
0.106,1639.4273481523282,58187.54934422493
0.106,2218.3327072375773,139866.40540172602
0.106,3499.999999999999,126946.0
0.106,3499.999999999999,109767.35509248634
0.106,2373.815494093844,68306.32405568319
0.106,3499.999999999999,255102.0000000001
0.106,764.5259969418961,7178.325710080309
0.106,3499.999999999999,241907.9999999999
0.106,1601.80778740034,80761.177124053
0.106,1372.3318053479743,29086.10085555254
0.106,99.0,111.00000000000001
0.106,1480.2925386557886,74730.37464110559
0.106,605.5667116624702,15615.04131264273
0.106,3499.999999999999,156676.3087787279
0.106,582.6662852782886,5609.917646454357
0.106,2091.650066335188,96249.18083807259
0.106,2756.2099629044537,131068.27237761611
0.106,446.6542286825459,11782.662517444858
0.106,1883.0000000000002,197637.9999999999
0.106,2702.0362691866294,81569.04926502453
0.106,1858.0706883173616,77034.44508884866
0.106,3499.999999999999,165368.14463324123
0.106,3499.999999999999,165834.00000000006
0.106,484.25200051213,8596.42065048006
0.106,3499.999999999999,172760.12418379434
0.106,3499.999999999999,147618.00000000003
0.106,685.1218869661077,5725.887704103181
0.106,3499.999999999999,191496.00000000006
0.106,387.5745089656956,8139.287438099235
0.106,1500.0,19350.0
0.106,2412.349539150116,108050.1518098707
0.106,2459.1685216956325,73994.44474014924
0.106,55.00000000000001,104.0
0.106,2429.765313468248,86995.79281205736
0.106,1616.0000000000005,96414.99999999997
0.106,3499.999999999999,138481.99999999994
0.106,713.9213036422617,4836.27968239322
0.106,1718.3949331551767,95506.92316538906
0.106,1724.228037614136,94338.91948753779
0.106,83.0,2104.0
0.106,3499.999999999999,114181.0
0.106,3499.999999999999,118949.99999999997
0.106,3499.999999999999,252663.27327096838
0.106,3499.999999999999,181277.00000000006
0.106,3499.999999999999,145702.18426296837
0.106,1225.9999999999998,52259.0
0.106,3499.999999999999,159357.49755955877
0.106,2682.650529901647,138330.54958853332
0.106,2382.5117657725946,84490.33347336108
0.106,3499.999999999999,209777.5636048813
0.106,3499.999999999999,69532.0
0.106,576.6281297335397,3509.786318282069
0.106,922.0872584116894,19464.463992388075
0.106,2255.881202545914,160748.03457585402
0.106,2874.559478818495,161462.00145808698
0.106,3499.999999999999,205235.00000000003
0.106,3499.999999999999,187062.35511411924
0.106,1012.9999999999999,42895.999999999985
0.106,2334.416415295266,97980.7841568948
0.106,3499.999999999999,228254.00000000003
0.106,3499.999999999999,191121.9348583516
0.106,2216.2549099662833,84862.31656625272
0.106,339.00000000000006,914.0
0.106,3499.999999999999,104339.63266180306
0.106,611.9640512317696,8704.992590462096
0.106,3499.999999999999,114642.72104237584
0.106,832.8481684715267,33130.42623257327
0.106,3499.999999999999,153689.0
0.106,3499.999999999999,240434.0
0.106,3499.999999999999,196435.99999999994
0.106,454.42271070007047,11522.496778042509
0.106,2105.8252539087857,56122.06111681929
0.106,3499.999999999999,178702.5121535789
0.106,652.1714647552434,21599.507098630827
0.106,3499.999999999999,192945.99999999994
0.106,3499.999999999999,101880.56988454668
0.106,585.4639186149733,24072.779399147086
0.106,3499.999999999999,185972.00000000003
0.106,3499.999999999999,222802.99999999997
0.106,3499.999999999999,245850.99999999994
0.107,1527.6001507600834,24790.672117564667
0.107,2206.4677654568172,131862.41888422938
0.107,3499.999999999999,209342.0000000001
0.107,3499.999999999999,126738.99999999999
0.107,1863.063310175084,52880.11703026245
0.107,1116.9999999999998,37150.0
0.107,3499.999999999999,127650.99999999997
0.107,1262.2202660391727,31099.891253829166
0.107,3499.999999999999,181895.00000000006
0.107,905.0000000000001,15144.999999999996
0.107,3499.999999999999,194116.50810273716
0.107,1436.8246681823273,47931.66450544557
0.107,3499.999999999999,118649.61951055727
0.107,1868.6174336074935,98793.73698186335
0.107,1847.39636817446,80920.52137183031
0.107,3499.999999999999,146267.99999999997
0.107,3499.999999999999,236911.55401541755
0.107,1852.9705880018707,67706.09632817416
0.107,3499.999999999999,164724.30815152937
0.107,1266.9096258218265,44689.02294747559
0.107,1342.8034054462348,86951.8286224018
0.107,2564.621879216215,110120.0688801445
0.107,2241.093483101496,108636.02225781279
0.107,2432.7967444897654,87191.18248997431
0.107,978.710886830222,9836.097142667915
0.107,1506.0,62126.00000000002
0.107,2384.6678861943237,110329.94957195406
0.107,2678.6728596510625,128752.11945340186
0.107,904.2009368772278,29858.25539140771
0.107,1346.4098665914914,56039.753321730976
0.107,3499.999999999999,143417.99999999997
0.107,3499.999999999999,192651.97564520335
0.107,2021.1665320379377,115794.08887014203
0.107,1051.6653460107925,32374.98886486294
0.107,3499.999999999999,127752.38900310242
0.107,3499.999999999999,125158.99999999997
0.107,1172.9722929379025,71056.27558491928
0.107,877.4964387392123,14159.955437782992
0.107,1523.318745371434,82146.74427510804
0.107,3499.999999999999,166099.63995708516
0.107,1281.9999999999998,107602.00000000001
0.107,1652.002954810655,70330.33457112045
0.107,1975.4746265138413,77162.32671453086
0.107,807.3681279411284,29378.07068701125
0.107,3499.999999999999,109255.01008649447
0.107,1281.9945255196471,44749.24371410209
0.107,1892.207808530333,65093.675807774205
0.107,1879.4883170620558,51028.13675388392
0.107,106.0,238.0
0.107,1993.7297937156136,90714.62024492459
0.107,3499.999999999999,133795.9601400972
0.107,3499.999999999999,249245.99999999997
0.107,1495.0,41902.99999999998
0.107,3499.999999999999,184749.723339441
0.107,3499.999999999999,99284.99999999996
0.107,1904.4544608450137,63458.72896980638
0.107,2698.63070945896,118429.34116720958
0.107,1319.6519488293522,25128.922115280762
0.107,3499.999999999999,232642.99999999997
0.107,1312.6109959040048,25570.357467118873
0.107,3499.999999999999,138005.99999999997
0.107,2317.447648863758,106207.42722961234
0.107,1512.487603204179,103359.66782182279
0.107,2514.6078118197133,86005.85868288242
0.107,2415.152969376529,99673.69615634345
0.107,3499.999999999999,122166.99999999996
0.107,1100.5598575270683,82806.01688283282
0.107,271.03136349876553,5896.112617649021
0.107,3499.999999999999,227034.00000000006
0.107,511.4274142045965,6179.240487309101
0.107,983.0271260992021,19116.45024145881
0.107,1497.0,82606.0
0.107,2499.666622212342,184038.88056932093
0.107,2133.8931557132837,86076.61791683035
0.107,409.8780306383839,2212.7415122422226
0.107,503.4159533785468,18113.10547544414
0.108,3499.999999999999,185003.47548086758
0.108,1101.8573801314162,21163.822541296766
0.108,702.0,19107.000000000007
0.108,3499.999999999999,203625.95031085802
0.108,3499.999999999999,114683.99999999999
0.108,1561.6209455412286,54455.70794871164
0.108,1623.4223110454036,59223.76051889987
0.108,2338.5439111281366,94997.6775147613
0.108,653.4523701081816,7883.3857574014455
0.108,1155.6745371131192,36782.50459744146
0.108,3499.999999999999,162714.03757820022
0.108,3499.999999999999,151554.557305282
0.108,1878.068416175107,80388.0031221893
0.108,1083.0,47741.00000000001
0.108,64.0,652.0
0.108,2060.3678609091667,103369.36913377157
0.108,2488.5041332365918,116969.1448874667
0.108,3499.999999999999,101012.00000000003
0.108,3499.999999999999,294176.9999999999
0.108,1722.9807921271965,77725.26535236246
0.108,611.5520808684191,21725.29823560911
0.108,1315.9357887070328,62726.64283221286
0.108,1169.0000000000002,44004.0
0.108,1293.4295496856414,78438.75397404021
0.108,3499.999999999999,217531.0000000001
0.108,561.2486080160911,4574.196650779239
0.108,1949.6153466773897,105330.784531399
0.108,1570.1496875414405,33353.733483802585
0.108,3499.999999999999,160741.99999999997
0.108,2118.253997989854,92170.61238811431
0.108,775.8865896508328,21793.989767823616
0.108,3499.999999999999,171673.47813217976
0.108,1430.7884267810773,79278.41623040252
0.108,3499.999999999999,241390.0000000001
0.108,3499.999999999999,96815.00000000004
0.108,3499.999999999999,155014.60979210964
0.108,542.3593609966074,5260.583229386618
0.108,1971.927990571664,53782.251644943244
0.108,3499.999999999999,132316.99999999997
0.108,3499.999999999999,201997.99999999997
0.108,2500.199992000639,128100.1562489288
0.108,3499.999999999999,137950.74234217385
0.108,1094.3929553013122,26224.144407347972
0.108,701.2553149050991,20891.220593855636
0.108,3499.999999999999,159654.99999999997
0.108,1464.6945073973618,67638.75352192706
0.108,1310.4804367774157,45892.26508332204
0.108,1033.4074704587733,35904.43855569951
0.108,3499.999999999999,178141.99999999994
0.108,3499.999999999999,240036.00000000006
0.108,3499.999999999999,255523.0
0.108,1487.428646021043,40530.64072823993
0.108,3499.999999999999,243746.99999999997
0.108,3499.999999999999,92668.99999999999
0.108,3499.999999999999,48463.0
0.108,348.31020656879986,8090.326816637261
0.108,3499.999999999999,202305.00000000003
0.108,3499.999999999999,230741.69523516984
0.108,1781.712659213039,62130.94991226193
0.108,2505.534405766889,108684.10092170181
0.108,2716.82452735853,111161.51747134145
0.108,594.5586598477898,3692.507278259584
0.108,3499.999999999999,125085.42140473449
0.108,3499.999999999999,186081.00000000003
0.108,1671.7189204747697,49111.651658554714
0.108,735.0121678949516,13185.123188507276
0.108,107.0,109.00000000000001
0.108,3499.999999999999,135080.99999999997
0.108,1987.8380215701675,82551.83298994637
0.108,3499.999999999999,168427.8943470267
0.108,1889.4443627691182,75256.36185732072
0.108,494.9747468305832,14100.01333332703
0.108,1186.9999999999998,32584.999999999996
0.108,1484.0420913996647,42684.63427956913
0.108,1478.776706331899,75826.46988510541
0.108,3499.999999999999,204453.0000000001
0.108,2682.0830133774352,149472.61172437074
0.108,3499.999999999999,164136.99999999997
0.108,3499.999999999999,170602.00000000006
0.108,3499.999999999999,142237.00000000003
0.108,938.0248061442483,15735.204167684484
0.109,3499.999999999999,239042.0
0.109,1303.9818739874454,25246.658019523933
0.109,1271.0000000000002,25627.000000000004
0.109,3499.999999999999,162180.56445517758
0.109,2545.860257301149,140658.67911314935
0.109,3499.999999999999,127771.00000000004
0.109,1952.0000000000002,39027.999999999985
0.109,3499.999999999999,176965.1012318531
0.109,1076.3363786474931,38641.07793527503
0.109,3499.999999999999,135459.59314560448
0.109,1739.0000000000005,68894.0
0.109,2458.4740575065275,88979.15530848195
0.109,93.0,140.0
0.109,2388.9684687949907,124317.01686918653
0.109,1300.9246711474111,49498.7681058832
0.109,2295.865849739483,165373.27698875652
0.109,3499.999999999999,132609.0
0.109,1637.9476503857911,41054.44879409444
0.109,2690.412268561244,105605.76150366182
0.109,2462.8235828008465,99178.96579416428
0.109,2575.748360737365,95523.82877894951
0.109,2466.373856494591,121065.14373675031
0.109,3499.999999999999,169746.0
0.109,3499.999999999999,178881.0
0.109,1450.0,41116.0
0.109,3499.999999999999,207876.9999999999
0.109,2156.7336414124024,109690.30285307822
0.109,3499.999999999999,184727.12554197345
0.109,2384.8480035423636,58822.25946017374
0.109,712.5384192765092,11192.879556571772
0.109,3499.999999999999,177451.0
0.109,3499.999999999999,235293.00000000003
0.109,3499.999999999999,117960.00000000001
0.109,1147.0,12334.999999999996
0.109,855.6135808192269,14002.268919222352
0.109,2325.0260142770853,113058.07968841797
0.109,507.71453132454906,8528.981137921615
0.109,3499.999999999999,193577.6458736907
0.109,2352.6452783541154,79865.39601574956
0.109,911.4088776843965,28579.09885844937
0.109,3499.999999999999,94676.99999999997
0.109,559.5782067314904,8277.057452860221
0.109,640.5986297142161,8461.75074792512
0.109,873.0000000000002,38459.0
0.109,871.3393735246024,29208.065743294104
0.109,2240.3364458852657,83770.70584788773
0.109,3499.999999999999,179084.2981168366
0.109,2091.650066335188,60644.445829770724
0.109,3499.999999999999,209620.05785775732
0.109,3499.999999999999,158399.00000000006
0.109,771.9287531890491,41089.22532732882
0.109,3499.999999999999,223768.18387938416
0.109,2058.0,191339.0
0.109,3499.999999999999,125153.17361074057
0.109,3499.999999999999,285323.0000000001
0.109,1663.9421402297505,27377.176060566057
0.109,709.9295739719539,7817.9278584545655
0.109,3499.999999999999,162543.43028557024
0.109,1824.1260192665618,111133.70725322512
0.109,2226.2075374951005,113089.25205341136
0.109,487.8524367060187,8110.532904809644
0.109,1090.972955015397,58737.49386234081
0.109,2619.828238644663,124747.07697577533
0.109,3499.999999999999,210600.99999999997
0.109,3499.999999999999,206552.61272857332
0.109,816.900354245205,23604.99891744855
0.109,750.6663706334525,18776.615243435124
0.109,3499.999999999999,124025.99999999996
0.109,3499.999999999999,246625.37304417105
0.109,171.04646321283846,2440.1357561302907
0.109,1136.0,18152.999999999996
0.109,1486.3849343265126,25795.819697596733
0.109,3499.999999999999,145594.37515920732
0.109,1002.9999999999999,62269.00000000003
0.109,2517.6377817311204,138901.39378710362
0.11,332.46954747765994,7627.914393856296
0.11,268.5665653055123,8011.656944727472
0.11,2968.470098488088,181713.9077323
0.11,1980.2966150859352,97027.82962771799
0.11,835.2910318192221,25608.258630050812
0.11,3499.999999999999,213379.99999999997
0.11,3499.999999999999,143994.1897367296
0.11,3499.999999999999,281005.0
0.11,1074.7092630102336,15353.779306737482
0.11,840.2863119170071,34214.060101674986
0.11,3499.999999999999,118624.98080084148
0.11,3499.999999999999,132974.00000000006
0.11,3499.999999999999,190022.00000000003
0.11,3499.999999999999,140454.99999999997
0.11,3499.999999999999,165287.12287410654
0.11,2320.4849362830773,101251.03455038613
0.11,2420.740387715497,125782.20452774479
0.11,148.58667504187582,2150.395312494891
0.11,1701.371511589131,33155.846169842545
0.11,1749.4793723023943,53111.552431978285
0.11,3499.999999999999,199274.13289235515
0.11,874.862494077926,17461.4471331711
0.11,3499.999999999999,228055.45726423652
0.11,2304.9945770001286,73898.99217851351
0.11,3499.999999999999,141017.65466748356
0.11,1198.9228498948546,66481.5191387802
0.11,3499.999999999999,129383.00000000004
0.11,3499.999999999999,159007.5927306618
0.11,606.7890902117473,29395.91468214588
0.11,3499.999999999999,210271.99999999988
0.11,1041.0,13247.999999999996
0.11,1702.0,91738.0
0.11,1507.1628976325019,50778.05195160602
0.11,3499.999999999999,247094.44678519113
0.11,2670.374704996073,150791.0974803775
0.11,789.9984039747909,26448.921879339112
0.11,3499.999999999999,131835.0
0.11,3499.999999999999,123021.99999999996
0.11,1155.5985462088465,22184.789203415923
0.11,3499.999999999999,175600.8323300321
0.11,1153.9464752260897,18157.03059965509
0.11,3499.999999999999,274542.00000000006
0.11,89.15060977743642,139.24302326482155
0.11,1566.8301222745406,64345.14198989749
0.11,561.2486080160911,7767.416558933865
0.11,3499.999999999999,174385.90808892783
0.11,879.4884877018003,13212.693442292533
0.11,2386.3151510225966,102457.63983227416
0.11,1016.0000000000002,83838.00000000003
0.11,60.0,417.0
0.11,3499.999999999999,128228.00000000004
0.11,1114.3717800833142,28437.943174085343
0.11,2396.1018896603255,88550.89380149593
0.11,1989.5979493354937,113419.93402837086
0.11,736.5459931328118,9000.832183748344
0.11,664.1791745627299,22099.90644499478
0.11,1063.453503202666,26521.31066673834
0.11,2431.8384930691436,116069.91076733022
0.11,3499.999999999999,238809.99999999994
0.11,1137.9806676741039,14521.7767507974
0.11,794.8952799053451,22098.72946311251
0.11,3499.999999999999,102979.22932612964
0.11,1883.8789770046264,63154.78278008716
0.11,3499.999999999999,195184.99999999994
0.11,1902.1904561708236,93217.56447532553
0.11,667.5822046759484,15729.729018644912
0.11,1650.9999999999998,137117.00000000003
0.11,3499.999999999999,189978.36117038378
0.11,3499.999999999999,215554.00000000003
0.11,211.5795481964667,2099.6266955485917
0.11,3499.999999999999,92167.99999999996
0.11,1158.0,53361.999999999985
0.11,3499.999999999999,157899.99999999997
0.11,3499.999999999999,253264.99999999997
0.11,1286.6196019025986,58991.918556697274
0.11,3499.999999999999,225833.7242469417
0.11,1966.5960439297141,63228.56300755221
0.11,3499.999999999999,241003.50702596197
0.11,1029.5975528739598,33298.590164288245
0.111,3499.999999999999,226774.14299033303
0.111,3499.999999999999,99322.0
0.111,2519.027590162521,144493.35182976414
0.111,2394.6786033796902,88959.71993688772
0.111,3499.999999999999,90875.99999999997
0.111,1211.0000000000002,31662.0
0.111,3499.999999999999,170073.99999999994
0.111,1979.3074815168459,53939.20852148923
0.111,469.57427527495577,9222.742596429764
0.111,2408.132136250032,120715.58632268522
0.111,576.6281297335397,14545.822218080357
0.111,1719.451553200652,110560.8207410276
0.111,525.8326730053963,14633.512223659767
0.111,631.6644678941501,3118.5637719950514
0.111,210.0,4003.0
0.111,3499.999999999999,145285.42216616232
0.111,2322.3910092833203,109331.17406302736
0.111,3499.999999999999,144692.98381746095
0.111,2000.9997501249218,136626.4960137674
0.111,1469.7958900279232,75282.66375196881
0.111,1208.276123596055,31526.267779294783
0.111,3499.999999999999,118475.51230034564
0.111,1085.3922296094481,15345.041887207188
0.111,2145.3115791408723,108168.3324463037
0.111,2293.577990825688,98191.43750857297
0.111,295.8528418442694,6445.37674744657
0.111,3499.999999999999,170468.57518909467
0.111,2135.532720423642,89284.42755598537
0.111,1292.3207333825962,47682.147275407995
0.111,3499.999999999999,135288.92440994567
0.111,2079.903843931253,86840.24933174712
0.111,3499.999999999999,133195.99999999994
0.111,76.0,1208.9999999999998
0.111,3499.999999999999,229133.0773808093
0.111,3499.999999999999,162313.97488822055
0.111,484.25200051213,10193.14975853882
0.111,3499.999999999999,150589.29631285215
0.111,2532.891082130162,107972.86158164145
0.111,2708.934118679819,184639.57940426434
0.111,1914.2883795290616,111243.7479951121
0.111,2038.2590610616699,73676.15690303067
0.111,3499.999999999999,215432.99999999994
0.111,1911.5438786488792,88370.49724879907
0.111,1733.1237298346273,63881.897184398156
0.111,606.2023308960378,9296.305680499923
0.111,1890.3703340880068,44315.56661039096
0.111,3499.999999999999,145158.76676935508
0.111,3499.999999999999,198254.99999999997
0.111,1659.1266698082616,32658.089406016792
0.111,942.8679653058534,20658.97848394253
0.111,828.6388782514615,9532.219711910806
0.111,3499.999999999999,116366.39773300372
0.111,1286.946084030087,55887.43202236366
0.111,2251.2218904408337,95444.38263721969
0.111,1131.9999999999998,14146.000000000007
0.111,3499.999999999999,113697.00000000003
0.111,3499.999999999999,194372.7481073641
0.111,2586.219078035662,123908.55432113231
0.111,3499.999999999999,175820.99999999997
0.111,307.2328107478106,1958.687826071322
0.111,2018.4152199188354,107969.34175033205
0.111,313.0495168499706,2008.877547288535
0.111,3499.999999999999,154298.00000000003
0.111,2014.0754702840702,101170.91346824933
0.111,2386.3151510225966,69616.32552785307
0.111,3499.999999999999,157616.6596461174
0.111,2177.728174038257,106740.78779922881
0.111,3499.999999999999,161777.056104999
0.111,491.4264950122245,11921.186979491602
0.111,3499.999999999999,148205.99999999994
0.111,380.0,5643.000000000002
0.111,3499.999999999999,119213.99999999997
0.111,2002.7481119701501,93196.09360912077
0.111,2801.1711400260065,114487.68221919014
0.111,1572.7841555661732,65198.50838784575
0.111,766.9999999999999,38713.99999999998
0.111,3499.999999999999,262924.99999999994
0.111,1453.0,43202.00000000001
0.111,2371.602833528413,59772.99433690767
0.111,3499.999999999999,217061.91809893594
0.111,912.3803558652081,23222.138753703388
0.111,545.9999999999999,15478.999999999993
0.112,2007.9840636817814,91693.78440221562
0.112,3499.999999999999,90154.99999999999
0.112,1766.4929615797807,39369.35989757503
0.112,3499.999999999999,163692.29655667988
0.112,3499.999999999999,126198.50152834613
0.112,3499.999999999999,106900.0
0.112,1097.9999999999998,21755.999999999993
0.112,1796.3852593472257,59623.72371799669
0.112,3499.999999999999,168839.3255583545
0.112,3499.999999999999,76005.99999999999
0.112,2263.6254107073455,175784.27028605255
0.112,661.6118393942894,15370.295280138464
0.112,3499.999999999999,217068.99999999997
0.112,505.99999999999994,15772.000000000005
0.112,2221.485989152306,104202.23790782993
0.112,3499.999999999999,203783.9999999999
0.112,130.0,294.0
0.112,3499.999999999999,100983.99999999997
0.112,3499.999999999999,157661.0
0.112,2063.0075133164196,121156.33433708704
0.112,1230.2495803056245,45844.5248290422
0.112,3499.999999999999,123245.99999999999
0.112,3499.999999999999,89938.00000000003
0.112,3499.999999999999,137966.0
0.112,80.0,83.0
0.112,131.0,1205.9999999999998
0.112,2133.072900770154,54035.559662133564
0.112,1198.7946229605616,48075.604858071194
0.112,2661.688463289417,148929.42839074612
0.112,827.1427717105288,22126.45150875705
0.112,3499.999999999999,243673.99999999997
0.112,3499.999999999999,238995.76547294727
0.112,3499.999999999999,105722.0
0.112,3499.999999999999,162388.72104613678
0.112,2403.1930878248218,84266.69740059356
0.112,877.8752758792103,11653.797664280939
0.112,3499.999999999999,258734.00000000012
0.112,922.0872584116894,20068.871326139644
0.112,2370.1265788982664,89674.36148643609
0.112,2763.473420017812,123914.7438918018
0.112,101.0,814.0
0.112,3499.999999999999,197654.9999999999
0.112,662.1684112561297,7461.28865477923
0.112,3499.999999999999,208443.00000000003
0.112,2056.21010599598,88900.14960617339
0.112,3499.999999999999,141614.99999999997
0.112,2009.0836809102175,44722.2831830297
0.112,3499.999999999999,113492.39532232992
0.112,3499.999999999999,129366.00000000001
0.112,1575.0151504909927,54987.76941553316
0.112,2011.4671262538689,100987.57321571805
0.112,3499.999999999999,130078.01288457631
0.112,2513.315618472017,143753.1544076303
0.112,304.42240390615143,5292.956829599124
0.112,1657.4071201273398,85259.57662497133
0.112,3499.999999999999,140338.51727689672
0.112,2952.055750227801,91011.73640180835
0.112,857.854768643888,30346.864312885886
0.112,840.9999999999999,39836.00000000002
0.112,1626.1018168565543,44467.01473927999
0.112,77.0,104.0
0.112,3499.999999999999,145099.43817364468
0.112,115.99999999999999,132.0
0.112,1196.0000000000002,25345.000000000004
0.112,3499.999999999999,147095.91311113985
0.112,952.9781663042987,24301.768267482097
0.112,3499.999999999999,196279.00000000003
0.112,2061.9999999999995,125673.00000000003
0.112,3499.999999999999,328080.9999999999
0.112,900.6738871990838,23278.89550290841
0.112,3499.999999999999,112480.63762265936
0.112,1489.9325825689027,53560.361727670366
0.112,3499.999999999999,218339.99999999997
0.112,1625.736407846012,73620.9182979096
0.113,1108.3771921146697,39397.1309615307
0.113,1580.1110854973942,75519.38369030887
0.113,3499.999999999999,106166.00000000001
0.113,2317.447648863758,124405.37144734408
0.113,3499.999999999999,99180.83719309764
0.113,3499.999999999999,131918.00000000003
0.113,2729.4892754881757,122183.10014762783
0.113,891.3472948295743,6982.571875748931
0.113,3499.999999999999,164323.00000000006
0.113,2468.5664286939855,166996.43709835716
0.113,1574.336685718782,68378.64473649647
0.113,763.4890418564269,21562.80261194859
0.113,1814.8275227127283,87670.96754302684
0.113,1278.9999999999998,24456.000000000007
0.113,200.03499693803582,3714.3844712145788
0.113,2835.993656665363,147959.29580926202
0.113,3499.999999999999,198612.00000000006
0.113,3499.999999999999,80629.00000000003
0.113,690.475762338598,27273.87395314767
0.113,3499.999999999999,123535.9228321868
0.113,469.57427527495577,4151.867049894542
0.113,3499.999999999999,207910.0
0.113,3499.999999999999,110774.95277297696
0.113,439.3085476063492,8743.957913896884
0.113,3499.999999999999,196167.87515798822
0.113,1029.2211411736457,16759.733687051834
0.113,3499.999999999999,165938.99999999997
0.113,1696.1721610732795,50691.52325586598
0.113,1285.9999999999998,108919.0
0.113,1727.8599480281957,82050.42318598973
0.113,206.0,1222.0
0.113,2654.5548815606576,155111.00399331914
0.113,3499.999999999999,182110.7676772574
0.113,71.0,3847.999999999999
0.113,3499.999999999999,233672.00000000006
0.113,1182.8778466096996,44582.42128911351
0.113,3499.999999999999,106873.27190181843
0.113,3499.999999999999,241706.0000000001
0.113,3499.999999999999,162281.83229184957
0.113,3499.999999999999,205164.00000000003
0.113,1406.0533418046418,77856.22343782161
0.113,1289.0000000000002,12926.999999999995
0.113,3499.999999999999,188995.94786582963
0.113,3499.999999999999,268881.00000000006
0.113,532.4471804789654,5653.661380026222
0.113,1163.0,16875.000000000004
0.113,266.77331200852905,2555.7229896841322
0.113,3499.999999999999,200723.37684485086
0.113,2100.925517969092,48707.23344118008
0.113,1187.6018445467976,49414.30408340313
0.113,1166.323105186717,27209.258168648426
0.113,948.0395781884444,20107.491779819935
0.113,81.36007959082951,495.4622841843432
0.113,773.6278174936574,6546.848096603433
0.113,1188.9999999999998,29009.999999999996
0.113,1193.2822550951987,46337.16077365
0.113,1565.1650518148708,19996.022142218164
0.113,1581.755113819017,41111.997552088484
0.113,894.8433503391767,28756.318048587524
0.113,1078.4236261616104,48617.46799462453
0.113,3499.999999999999,173966.57473424857
0.113,964.6139291634835,25647.329526324444
0.113,3499.999999999999,223066.69470810748
0.113,2273.6534476476404,137757.73645062555
0.113,1886.6637220236146,125311.8848713083
0.113,2791.366400391187,152317.64659759175
0.113,3499.999999999999,219626.34158725123
0.113,3499.999999999999,230475.3151120526
0.113,3499.999999999999,123754.0
0.113,3499.999999999999,213790.99999999988
0.113,2583.4789075025938,114736.21584883463
0.113,1866.7087292109072,109053.86587816759
0.113,3499.999999999999,195079.83039258563
0.113,3499.999999999999,178205.94799276485
0.113,3499.999999999999,236332.39589611912
0.113,714.8426400264606,5307.735863812366
0.114,3499.999999999999,147010.3335653653
0.114,3499.999999999999,236114.99999999997
0.114,409.2383877282147,4066.2247147475946
0.114,3499.999999999999,137817.99999999997
0.114,588.6425061104574,5444.232728309841
0.114,1854.6770869876918,103890.79972274437
0.114,3499.999999999999,181172.0
0.114,2353.0031621378557,135277.09342766687
0.114,3499.999999999999,98234.00000000004
0.114,3499.999999999999,208554.3878344447
0.114,552.05434515091,13652.656884284463
0.114,3499.999999999999,184197.3712787454
0.114,3499.999999999999,144850.0
0.114,1405.0000000000002,76038.99999999999
0.114,3499.999999999999,101694.99999999997
0.114,3499.999999999999,245255.1101852927
0.114,258.7836934584558,2953.7494815911527
0.114,3499.999999999999,132607.57827892035
0.114,227.0,337.99999999999994
0.114,2606.7624747750087,135029.41842687927
0.114,3499.999999999999,192698.42189286344
0.114,1222.3002904360285,66408.1226281846
0.114,3499.999999999999,104446.0
0.114,307.7872641939559,4346.317981924472
0.114,1401.0000000000002,115220.99999999999
0.114,3499.999999999999,264342.2616665751
0.114,3499.999999999999,112834.99999999999
0.114,3499.999999999999,120499.00838596142
0.114,82.0,152.0
0.114,1919.7656106931386,112265.1455795609
0.114,3499.999999999999,274455.5476028858
0.114,2897.0795740002704,147973.25617154522
0.114,3499.999999999999,184881.97516645942
0.114,2634.704817105395,126023.13089517622
0.114,3499.999999999999,48033.00000000001
0.114,2548.7251715318384,125343.83770253728
0.114,3499.999999999999,80743.99999999999
0.114,2984.529220351287,96239.89231263129
0.114,3499.999999999999,206824.56570485048
0.114,1702.5977009704598,115300.40328535602
0.114,476.9696007084728,3131.3910646867457
0.114,3499.999999999999,193126.1864716224
0.114,806.8457101577725,35404.77340698568
0.114,1128.0,76873.99999999997
0.114,1321.0,55454.999999999985
0.114,3499.999999999999,207235.84921050715
0.114,1495.6387945045503,58521.24118966284
0.114,2425.5927110708417,92134.29163997518
0.114,3499.999999999999,155594.49843423133
0.114,2726.472854191092,179416.01964161574
0.114,1147.2657633793208,55933.2765735237
0.114,1371.0000000000005,18680.0
0.114,3499.999999999999,306801.00000000023
0.114,1945.5069159066004,80278.50750179551
0.114,3499.999999999999,101192.99999999996
0.114,3499.999999999999,139573.99999999994
0.114,259.53536345342764,4628.416497177871
0.114,3499.999999999999,127779.59069428891
0.114,704.9822692805827,27017.569172669846
0.114,637.1812928829596,6543.0719849318475
0.114,2552.8415540334654,94901.96876250775
0.114,3499.999999999999,186709.00000000006
0.114,1967.4857051577278,70436.45164259765
0.114,1906.9609330030858,55864.4826880192
0.114,967.4687221029385,29986.486668143556
0.114,1085.9999999999998,43943.00000000001
0.114,3499.999999999999,285409.00000000006
0.114,3499.999999999999,119440.99999999999
0.114,2343.7589036698787,96752.08488891387
0.114,3499.999999999999,238348.00000000006
0.114,1560.9999999999998,44246.000000000015
0.114,1033.1989159885914,35602.90403885617
0.114,1279.0989793599072,64778.06920713643
0.114,1220.0,83587.00000000003
0.114,2529.600137289246,119126.86024591242
0.114,3499.999999999999,152010.21718621417
0.114,471.0,6547.999999999997
0.114,2449.659816713206,125510.06869145508
0.115,3499.999999999999,280901.00000000006
0.115,3499.999999999999,140761.9835751116
0.115,1434.5566744759324,56041.09900835376
0.115,2938.58629402572,147226.00493162047
0.115,1043.5654318031648,14707.702657849297
0.115,1390.1633047633122,31854.288498392583
0.115,69.0,734.9999999999999
0.115,1045.0,13830.000000000002
0.115,64.0,782.0000000000001
0.115,3499.999999999999,160852.99999999994
0.115,3499.999999999999,177817.8486306486
0.115,1673.6293000584144,65338.338944181734
0.115,907.448473828005,25621.053891018484
0.115,3499.999999999999,248080.00000000006
0.115,3499.999999999999,121854.99999999996
0.115,1993.1131427994742,176226.67026304497
0.115,1353.0000000000002,139106.99999999994
0.115,2311.3490742262384,110771.40379323457
0.115,669.3280212272605,4775.545204476659
0.115,3499.999999999999,119652.99999999997
0.115,866.5914546827929,11671.276948842551
0.115,3499.999999999999,231533.0000000001
0.115,2050.2438879313845,94089.28933730978
0.115,600.416522091123,4784.810341068912
0.115,3499.999999999999,128561.00000000001
0.115,3499.999999999999,214418.00000000003
0.115,1431.7182212322666,29424.196478029422
0.115,1789.9999999999995,142149.0
0.115,3499.999999999999,134802.0
0.115,3499.999999999999,252869.84001320208
0.115,3499.999999999999,123281.0
0.115,3499.999999999999,198147.99999999994
0.115,1643.8887860121706,36349.53663052965
0.115,3499.999999999999,167269.99999999997
0.115,3499.999999999999,157940.0000000001
0.115,930.8434387885706,34867.57793493133
0.115,3499.999999999999,112800.6897144286
0.115,2141.9615777623667,117135.68900860459
0.115,354.96478698597696,10248.861790462393
0.115,2503.581533264233,94788.36029695167
0.115,1940.6184581210186,171563.8954762919
0.115,3499.999999999999,55676.0
0.115,1763.267539550125,74304.64485639425
0.115,1987.8380215701675,43424.069040107264
0.115,389.229247002981,6225.5120433412185
0.115,1437.0,124795.00000000003
0.115,100.0,108.0
0.115,1675.5437456480108,39149.206500963955
0.115,1763.4026159870732,94870.14173706052
0.115,1344.0000000000002,78190.00000000001
0.115,1228.492635644528,38531.811254834334
0.115,3499.999999999999,179567.44361732126
0.115,3499.999999999999,179615.0238983365
0.115,3499.999999999999,79961.34842534857
0.115,980.7137657293853,26190.361599291122
0.115,75.0,1023.0
0.115,3499.999999999999,182810.63234943422
0.115,3499.999999999999,187637.27519338994
0.115,3499.999999999999,114308.00000000001
0.115,667.232963270474,17924.93605604542
0.115,2427.035228421705,196482.6243691792
0.115,599.190317662027,6623.862342877075
0.115,2429.9749485491407,92489.90428007371
0.115,3499.999999999999,148810.6641281414
0.115,3499.999999999999,296466.0
0.115,1005.552446609957,41113.78188932931
0.115,3499.999999999999,126658.99999999997
0.115,3499.999999999999,173181.12115932256
0.115,3499.999999999999,168318.0
0.115,476.9696007084728,12103.698608276723
0.115,1159.0,75730.00000000003
0.115,3499.999999999999,127149.2804305238
0.115,697.4955196988722,17671.358125509203
0.115,3499.999999999999,117616.03780947569
0.115,3499.999999999999,252673.99999999988
0.115,469.57427527495577,7710.087548141075
0.115,977.1195095390789,27086.857066947352
0.115,329.9751530499909,3452.5258553074673
0.115,1082.0000000000002,40036.999999999985
0.115,3499.999999999999,218163.6929922116
0.115,610.5428295306923,7503.981994800016
0.116,480.62459362791657,7201.764922572798
0.116,1092.4742559895863,27349.740181581245
0.116,3499.999999999999,89988.00000000001
0.116,522.4940191045251,20420.525997143162
0.116,3499.999999999999,145767.55719776888
0.116,1176.3978918716236,33245.026364856436
0.116,1747.0,123815.00000000001
0.116,1878.2971010998235,68596.20130881888
0.116,471.075519187808,9456.096000173548
0.116,3499.999999999999,275432.0000000001
0.116,2451.4245339354347,94952.42078419456
0.116,3499.999999999999,185937.28695987788
0.116,2225.421308426789,69510.21040825587
0.116,1814.4061182218825,54773.256311010184
0.116,1374.3885913379809,87147.2399677695
0.116,2112.4630174277604,105557.09848229062
0.116,2451.9632934832175,112290.7280860888
0.116,461.86361623319067,3506.041214817647
0.116,3499.999999999999,144187.99999999997
0.116,3499.999999999999,191305.99999999997
0.116,1773.2490039263557,64462.11203224082
0.116,3499.999999999999,184552.25308567757
0.116,1146.0,66658.0
0.116,1048.1448724611137,32012.999613779015
0.116,1134.0000000000002,8001.000000000002
0.116,3499.999999999999,228640.98366215976
0.116,950.8514570322411,15401.635222655977
0.116,570.6000330008542,18691.09266168569
0.116,1998.9160793307815,47778.617231745826
0.116,272.7636339397171,2960.62273854674
0.116,1704.0026337375714,65429.156345896095
0.116,36.0,786.0
0.116,3499.999999999999,161062.0
0.116,3499.999999999999,193299.2500373449
0.116,608.683730616941,17817.717497700844
0.116,3499.999999999999,131872.99999999997
0.116,398.95488466742705,13467.647901545393
0.116,3499.999999999999,110146.99999999996
0.116,3499.999999999999,130699.95828214855
0.116,3499.999999999999,179118.99999999997
0.116,1994.868416713242,111666.04055844375
0.116,3499.999999999999,97894.45507911414
0.116,3499.999999999999,258075.0
0.116,2663.7942160239772,110013.14804887811
0.116,1050.9999999999998,49987.00000000001
0.116,97.2111104761179,602.159447322717
0.116,912.3803558652081,22035.867302080136
0.116,1871.763873996931,62071.23444881696
0.116,927.7956812122229,24555.007466497023
0.116,1134.9008767288885,13800.56853901317
0.116,3499.999999999999,71509.00000000001
0.116,3499.999999999999,217469.92956755633
0.116,2033.101079631802,131013.81732473863
0.116,922.0872584116894,28856.449586651335
0.116,3499.999999999999,88617.99999999996
0.116,3499.999999999999,195613.00000000003
0.116,3499.999999999999,262487.00000000006
0.116,3499.999999999999,170764.1954274959
0.116,2791.2145727240168,80167.69810451835
0.116,545.4356057317856,9747.551077065458
0.116,3499.999999999999,197743.99999999997
0.116,3499.999999999999,244636.0
0.116,3499.999999999999,156830.2534111996
0.116,2344.502010537577,133326.75367400228
0.116,1254.9900398011132,72569.25416455646
0.116,3499.999999999999,153727.0809974612
0.116,3499.999999999999,149483.40565183925
0.116,3499.999999999999,188424.99999999994
0.116,3499.999999999999,223731.99999999997
0.116,3499.999999999999,168724.7156761569
0.116,3499.999999999999,119655.7622515522
0.116,267.9938366444769,4955.934019306312
0.116,2070.2128185588663,74313.6591948844
0.116,3499.999999999999,184377.21703073833
0.116,3499.999999999999,44194.000000000015
0.116,2129.7887219158624,112134.41541293202
0.116,2513.315618472017,153627.79021251257
0.116,623.2976816898969,22301.117214166643
0.116,3499.999999999999,275867.0
0.116,1491.7697392789385,25015.34892000429
0.116,1941.5200230747039,77660.06338524324
0.117,2600.7394346567808,160493.47214090428
0.117,3499.999999999999,165583.7954632034
0.117,3499.999999999999,194530.99999999997
0.117,370.8112727520564,2770.2133491845
0.117,2374.552589436586,87096.35133574766
0.117,853.4347752667711,27332.25885792676
0.117,3499.999999999999,232174.00000000006
0.117,3499.999999999999,186309.0
0.117,2902.939943644556,142697.24263390223
0.117,1441.0000000000005,39135.00000000001
0.117,1611.521020650987,96818.34981035363
0.117,1013.5651545258753,18210.626267581592
0.117,1247.6660577197804,41075.57982516891
0.117,2252.7760652137617,78819.0784137952
0.117,3499.999999999999,256269.43734876224
0.117,1067.0000000000002,16298.999999999998
0.117,3499.999999999999,215038.00000000012
0.117,2780.5949936719826,119048.46453146126
0.117,3499.999999999999,252311.00000000012
0.117,3499.999999999999,176709.86928394783
0.117,1210.41480493259,41721.85499231788
0.117,1058.3190992912034,29749.5280625575
0.117,3499.999999999999,215699.99999999994
0.117,1152.0,41233.99999999999
0.117,3499.999999999999,188349.0
0.117,2356.32819807693,193228.05426294584
0.117,1939.2601807924098,66061.61913497673
0.117,3499.999999999999,269633.63206395437
0.117,3499.999999999999,176140.15345741017
0.117,3499.999999999999,106787.99999999997
0.117,2740.9819053005604,155705.58934968465
0.117,2537.025817763784,150078.0650394988
0.117,3499.999999999999,204717.26851304507
0.117,2347.4697377696866,135014.78389349504
0.117,3499.999999999999,107735.99999999994
0.117,3499.999999999999,172901.85275828317
0.117,3499.999999999999,130148.04216081453
0.117,3499.999999999999,207078.99999999994
0.117,3499.999999999999,93031.00000000003
0.117,3499.999999999999,87953.99999999997
0.117,1777.8291120546573,42198.79641747864
0.117,3499.999999999999,232712.0
0.117,3499.999999999999,127089.20947126341
0.117,2124.8529360875777,63473.51897445112
0.117,3499.999999999999,184327.46699284957
0.117,2034.6181916554542,73197.18065942406
0.117,2522.9748818060807,156463.42471376556
0.117,3499.999999999999,170652.29930910005
0.117,2017.5480167768,105168.56971548105
0.117,395.00000000000006,7965.999999999998
0.117,3499.999999999999,171925.99999999994
0.117,829.9970968108644,12206.416509552651
0.117,1214.0000000000002,43073.99999999999
0.117,2759.8435113963073,140969.009205812
0.117,3499.999999999999,245471.70899171015
0.117,1015.0,40374.99999999999
0.117,2029.900870183862,50379.80460886571
0.117,3499.999999999999,114949.18278961354
0.117,2461.8473795991813,118543.0859883952
0.117,2109.1467469097543,114852.29782638226
0.117,1212.5175201067857,32045.79060711369
0.117,1320.3704025764891,43039.136190216464
0.117,94.0,97.0
0.117,3499.999999999999,214278.00000000003
0.117,3499.999999999999,95430.00000000003
0.117,3499.999999999999,154244.40887074498
0.117,1092.0000000000002,41736.999999999985
0.117,405.99999999999994,10076.000000000002
0.117,3499.999999999999,193280.99999999994
0.117,2471.335671251479,103843.58019637036
0.117,719.8755571965937,16425.75457276737
0.117,579.6550698475775,4529.980132406765
0.117,3499.999999999999,282819.99999999994
0.117,3499.999999999999,191759.0
0.117,2459.1494625013597,93605.35058703563
0.117,2777.230328432178,163987.27306796712
0.117,3499.999999999999,111508.00000000004
0.117,90.0,96.0
0.117,933.9999999999998,11159.000000000004
0.117,2783.7601586056817,176329.73271402542
0.118,1618.34357948766,49288.03432174958
0.118,435.19191168954416,12942.38366762475
0.118,2567.796023736346,118918.19695122512
0.118,1000.9999999999998,37072.0
0.118,3499.999999999999,97763.99999999999
0.118,2752.5810122545936,137956.8285667312
0.118,2126.4994709616085,28468.401008837838
0.118,65.0,691.0000000000001
0.118,2241.8742159184576,89670.48228932418
0.118,450.55521304275226,9690.06037132896
0.118,3499.999999999999,177354.65970760392
0.118,1862.4324980136728,53666.7722342277
0.118,3499.999999999999,152564.99999999997
0.118,118.0,1236.0000000000002
0.118,3499.999999999999,191038.00000000012
0.118,465.8325879540846,9744.180724925
0.118,3499.999999999999,220411.00000000012
0.118,3499.999999999999,243672.63881896943
0.118,3499.999999999999,201761.99999999994
0.118,3499.999999999999,205208.19664915922
0.118,3499.999999999999,112669.99999999999
0.118,3499.999999999999,165132.0777468751
0.118,3499.999999999999,202250.79330531668
0.118,3499.999999999999,185760.71291045373
0.118,3499.999999999999,206624.0590702043
0.118,1260.7882455035815,47065.74212736902
0.118,1040.0,21399.999999999993
0.118,912.3803558652081,26590.16619898727
0.118,469.57427527495577,8564.45444847481
0.118,3499.999999999999,177695.48512198124
0.118,2020.1485093923168,69344.61925052296
0.118,3499.999999999999,131393.1751445212
0.118,611.9640512317696,17075.91119091453
0.118,608.2284828321234,4094.8610649850707
0.118,3499.999999999999,203757.9999999999
0.118,3499.999999999999,165958.29174825823
0.118,3499.999999999999,74279.00000000001
0.118,3499.999999999999,227237.91307790167
0.118,3499.999999999999,131777.00000000006
0.118,2108.791942686172,104963.23948514005
0.118,650.4907956856941,5709.656525946853
0.118,3499.999999999999,228596.99999999997
0.118,3499.999999999999,139766.0
0.118,3499.999999999999,110737.99999999999
0.118,1292.0501547848887,34802.996096315204
0.118,1402.838289525146,48875.30710873468
0.118,3499.999999999999,116123.0
0.118,2019.2820506308678,127648.55301960933
0.118,1118.0000000000002,18972.999999999996
0.118,3499.999999999999,222729.0
0.118,3499.999999999999,160409.28788570818
0.118,1605.5874239557436,85342.32497675563
0.118,1193.9999999999998,89033.99999999999
0.118,841.3123972951666,21697.036172391614
0.118,1577.0196574245074,56240.54070957164
0.118,627.8534860936903,14784.772402712199
0.118,1261.1421361013386,46934.38921111472
0.118,1906.9609330030858,71922.21196542837
0.118,3499.999999999999,134758.35677402085
0.118,3499.999999999999,151051.00000000006
0.118,3499.999999999999,162004.00000000003
0.118,3499.999999999999,137214.99999999997
0.118,2572.050224480341,100556.81270291729
0.118,3499.999999999999,126660.24702328666
0.118,320.0,2667.0
0.118,440.6007262817436,3596.8209574567377
0.118,3499.999999999999,138344.12176887033
0.118,513.9649793517063,2798.4674377237266
0.118,3499.999999999999,215374.11916244728
0.118,3499.999999999999,144775.0
0.118,3499.999999999999,102324.59800514966
0.118,3499.999999999999,156554.99999999997
0.118,3499.999999999999,84243.00000000001
0.118,3499.999999999999,157806.23408086735
0.118,3499.999999999999,237542.99999999988
0.118,3499.999999999999,113356.99999999997
0.118,737.1354416817142,10027.48307643031
0.118,271.0,9849.999999999998
0.118,1041.0,19269.999999999996
0.118,293.00000000000006,2031.9999999999998
0.118,370.1414993247662,12978.089345293882
0.118,3499.999999999999,122747.0
0.119,2023.0030751079469,74895.80982750715
0.119,2212.8036514792716,151854.8388165488
0.119,3499.999999999999,156249.0
0.119,2322.3910092833203,69317.25903409623
0.119,1355.2428386717813,32054.518751866868
0.119,3499.999999999999,122214.99999999997
0.119,3499.999999999999,211017.79337922548
0.119,373.0,10543.000000000002
0.119,3499.999999999999,111556.99999999994
0.119,2123.2051243344335,78450.54187193354
0.119,784.8566748139431,27038.571337997866
0.119,3499.999999999999,146971.00000000003
0.119,66.0,796.0000000000001
0.119,715.0,13162.999999999995
0.119,2685.7959714021467,115179.94035421277
0.119,3499.999999999999,166197.99999999997
0.119,3499.999999999999,172004.99999999994
0.119,2535.739960632144,99169.17236827537
0.119,2028.792744466521,64794.8487921686
0.119,1097.7917130068915,40033.606537525266
0.119,3499.999999999999,154941.00000000006
0.119,501.99601592044525,13038.257475598493
0.119,3499.999999999999,187681.80096109485
0.119,3499.999999999999,96561.45521376528
0.119,1771.426689752597,60088.36329986484
0.119,1767.5566102836938,63426.12831681024
0.119,568.3575912356127,14306.48092498715
0.119,1245.0,108536.99999999997
0.119,3499.999999999999,92206.8641154225
0.119,3084.9659208408307,138407.52017337905
0.119,2457.798281205989,102655.15563743717
0.119,136.0,150.0
0.119,3499.999999999999,142493.00000000003
0.119,3499.999999999999,138705.08278358087
0.119,2604.419321077156,94224.5762208566
0.119,136.0,2482.0
0.119,211.0,5132.000000000001
0.119,1129.441229637791,48533.15505285445
0.119,1954.993606127652,104936.88588861396
0.119,1923.4084329647721,85249.59483188171
0.119,3499.999999999999,124636.99999999994
0.119,1995.745474753732,108525.36190679113
0.119,936.2754382117904,11428.758771583874
0.119,3499.999999999999,173296.92326710775
0.119,552.0,8650.000000000004
0.119,3499.999999999999,257348.84235216596
0.119,3499.999999999999,235412.24488118695
0.119,3499.999999999999,167048.61005707277
0.119,850.3863751882685,48385.337917403085
0.119,2512.0220950225003,119265.54465345883
0.119,3499.999999999999,207791.0
0.119,454.42271070007047,9943.148193605486
0.119,3499.999999999999,259160.58354232804
0.119,3499.999999999999,127078.97868648461
0.119,3499.999999999999,193459.0
0.119,3499.999999999999,158079.99999999994
0.119,3499.999999999999,131548.99999999994
0.119,2386.8201146966476,110030.46340526886
0.119,752.9940238806681,30295.601066821564
0.119,3499.999999999999,182555.37415412412
0.119,3499.999999999999,167237.33570886625
0.119,3499.999999999999,159419.2325699188
0.119,3499.999999999999,149963.0
0.119,3499.999999999999,182393.42892337398
0.119,3499.999999999999,161218.26415763196
0.119,2514.1598994495157,166210.63890437334
0.119,1170.7996291711631,41296.92296971063
0.119,3499.999999999999,208539.70977250356
0.119,3499.999999999999,95651.00000000001
0.119,859.9999999999998,7116.000000000003
0.119,3499.999999999999,135384.40534316582
0.119,3499.999999999999,181350.00000000003
0.119,3499.999999999999,192241.91236564418
0.119,3499.999999999999,109783.60829377032
0.119,3499.999999999999,213783.59387474047
0.119,3499.999999999999,130979.22296685068
0.119,3499.999999999999,184872.99999999994
0.119,155.37052487521564,1439.3665273306867
0.119,1360.6983501129116,26836.40892518968
0.119,3499.999999999999,117462.99999999999
0.119,965.0947131869746,31331.79407412104
0.119,1073.5422823620022,28455.624619778882
0.12,3499.999999999999,167097.80782557727
0.12,3499.999999999999,244704.0000000001
0.12,383.40579025361626,2917.0125128288364
0.12,2244.2147847298393,57831.83385472055
0.12,2677.312084909042,147707.2570492053
0.12,2400.2083242918725,111597.99664868544
0.12,3499.999999999999,89654.92921195127
0.12,3499.999999999999,130102.42734092244
0.12,2654.4721494443716,111886.2303132285
0.12,3499.999999999999,141989.55860540277
0.12,236.06778687487204,4416.169833690728
0.12,504.7608314922374,11979.927601431826
0.12,66.0,699.0000000000001
0.12,2177.728174038257,54296.92754659327
0.12,378.49203626938606,7608.818720685899
0.12,1561.8898808814918,71495.67777845036
0.12,1996.6221475281702,95676.29478611727
0.12,2158.3558557383435,118374.90353955945
0.12,3499.999999999999,125332.0
0.12,1225.9999999999998,44198.999999999985
0.12,3499.999999999999,248626.01066797628
0.12,3499.999999999999,154143.54372464571
0.12,3499.999999999999,213752.99999999997
0.12,3499.999999999999,122092.72229334558
0.12,1256.036930770696,34496.18588775418
0.12,3499.999999999999,206751.99999999994
0.12,2066.397831977182,68249.77937693277
0.12,1619.0000000000005,45481.999999999985
0.12,3499.999999999999,247186.00000000012
0.12,1131.9999999999998,21128.999999999993
0.12,1357.9999999999995,45432.0
0.12,952.8170782688157,29483.46960015908
0.12,3499.999999999999,160991.99999999997
0.12,2022.4077247608416,112001.63038473835
0.12,3499.999999999999,212442.28947222017
0.12,3499.999999999999,68164.0
0.12,3499.999999999999,100963.51862925533
0.12,3499.999999999999,249532.00000000003
0.12,2085.7852238425694,94242.56969650177
0.12,3499.999999999999,324939.00000000006
0.12,3499.999999999999,97721.51657132627
0.12,3499.999999999999,224203.5668515663
0.12,2864.8050892868014,168559.07813120354
0.12,3499.999999999999,118779.85024826389
0.12,2341.1535618152,88624.16329647346
0.12,3499.999999999999,230649.6598573
0.12,1084.759373822993,38686.9511573353
0.12,511.00000000000006,24861.0
0.12,3499.999999999999,157117.00000000006
0.12,3499.999999999999,173896.09193497416
0.12,3499.999999999999,118952.35360746563
0.12,939.1485505499115,32750.77122756043
0.12,90.92854337335444,977.4891303743484
0.12,2400.361635320367,61883.664879762524
0.12,2535.739960632144,121855.32698475817
0.12,2017.5480167768,111372.09391943752
0.12,301.66206257996714,2118.749631268404
0.12,203.64675298172568,650.9377850455448
0.12,320.2472048147189,1848.23289942453
0.12,3499.999999999999,228436.97156108514
0.12,3499.999999999999,196594.0000000001
0.12,3499.999999999999,161687.43680323474
0.12,56.00000000000001,89.0
0.12,3499.999999999999,139445.00000000006
0.12,2394.6786033796902,100329.66644628221
0.12,859.5152012304393,9622.319996102024
0.12,3499.999999999999,226811.2863263202
0.12,471.42667524168127,12656.44555302853
0.12,1421.0,48134.999999999985
0.12,2055.342977482966,63269.011949418324
0.12,2319.726359917718,71386.32664462083
0.12,134.0,340.0
0.12,3499.999999999999,165621.68222343724
0.12,1336.9999999999995,65599.00000000001
0.12,930.1575698482415,17990.754874485418
0.12,3499.999999999999,147998.61908815225
0.12,1931.474291374698,88053.47631730646
0.12,3499.999999999999,224756.06055677336
0.121,71.0,87.0
0.121,349.8999857102026,1971.4309523795143
0.121,2534.46923129851,81391.11081913965
0.121,3499.999999999999,146750.80919708754
0.121,2118.253997989854,121900.90647735144
0.121,2338.5439111281366,110175.87885535871
0.121,3499.999999999999,190990.3291682629
0.121,3499.999999999999,146367.99999999997
0.121,1292.2308425147878,44683.45992212936
0.121,585.6620185738528,3056.6849690473505
0.121,2397.2901368003004,121009.0008635721
0.121,296.8655121621551,4182.293169775394
0.121,1436.0,57571.99999999998
0.121,3499.999999999999,86707.0
0.121,3499.999999999999,179210.2416604587
0.121,826.9715930542345,38955.40637770461
0.121,3499.999999999999,104055.99999999997
0.121,3499.999999999999,257678.783183054
0.121,3499.999999999999,106616.00000000001
0.121,68.0,628.0
0.121,3499.999999999999,266736.0000000001
0.121,2685.484517356491,104411.90968721996
0.121,1192.9999999999998,39626.00000000001
0.121,176.0,1927.1515249196157
0.121,1913.3739833080206,76006.86169024474
0.121,3499.999999999999,92671.99999999999
0.121,3499.999999999999,173920.36867486226
0.121,246.99171977717654,4779.045784509253
0.121,3499.999999999999,129682.18035504501
0.121,3499.999999999999,186472.23627661026
0.121,158.0,2654.0000000000005
0.121,3499.999999999999,123548.25682234639
0.121,2394.6786033796902,102191.61732764928
0.121,3499.999999999999,236466.7662078668
0.121,354.96478698597696,13150.520788166528
0.121,476.9696007084728,8396.309903761297
0.121,311.17840542042757,3938.6012745643607
0.121,3499.999999999999,193750.68963490162
0.121,3499.999999999999,238668.96694585148
0.121,3499.999999999999,154720.0
0.121,2066.397831977182,92799.44827422198
0.121,1765.6684286694376,162939.37015344086
0.121,2585.108955866339,92459.30632416467
0.121,1850.6829715980323,49650.68247967467
0.121,127.27136362905837,143.17821063276352
0.121,1659.3893820357657,57753.179288145715
0.121,2420.0433705771347,92290.64199856
0.121,1562.1861149388267,65673.16785025115
0.121,3499.999999999999,162296.28774867274
0.121,3499.999999999999,101202.81692169196
0.121,1728.7346377650654,51897.92039755743
0.121,806.0,17021.0
0.121,76.0,1090.9999999999998
0.121,3499.999999999999,186143.99999999994
0.121,1228.2100797502028,32252.478230362412
0.121,3499.999999999999,201872.5943028946
0.121,3499.999999999999,171126.90104130324
0.121,3499.999999999999,204355.66089541043
0.121,3499.999999999999,186519.5210158981
0.121,3499.999999999999,183330.0
0.121,803.9999999999998,17824.999999999996
0.121,3499.999999999999,224242.2593544398
0.121,3499.999999999999,154171.13310691674
0.121,719.7221686178632,20676.63633186017
0.121,398.8734135035826,8625.362311230752
0.121,3499.999999999999,226719.0000000001
0.121,2171.289939183617,64475.97831750983
0.121,1962.1416870348578,95367.46190394295
0.121,3499.999999999999,44633.000000000015
0.121,3499.999999999999,175880.99999999997
0.121,2540.1775146153536,118991.2200648764
0.121,3499.999999999999,147596.99999999997
0.121,1268.4267621156173,33201.23767420378
0.121,3499.999999999999,157916.99999999997
0.121,3499.999999999999,209615.39637873147
0.121,3499.999999999999,187989.7257723077
0.121,759.934207678533,16226.874930189111
0.121,3499.999999999999,238029.23557201956
0.121,3499.999999999999,161818.0
0.121,1643.0972304141847,52211.27275648077
0.122,2060.461113440387,87552.83470567928
0.122,1080.5821050356747,39458.948056942354
0.122,431.11019472983935,2696.971635001006
0.122,2077.3781552716873,93287.04657668181
0.122,3499.999999999999,192613.0000000001
0.122,656.1249880929699,25405.788710449426
0.122,1064.0000000000002,74194.99999999997
0.122,2285.1695779525867,56428.06838799287
0.122,3499.999999999999,134391.00000000003
0.122,2104.9940617493435,86221.25080860287
0.122,3499.999999999999,119368.00000000003
0.122,3499.999999999999,289171.00000000006
0.122,600.416522091123,14216.787049119077
0.122,3499.999999999999,124399.00000000003
0.122,3499.999999999999,276099.9999999999
0.122,3499.999999999999,103061.00000000001
0.122,1895.8407142426104,50617.31653045551
0.122,3499.999999999999,146654.8646346402
0.122,1121.0,49370.99999999998
0.122,3499.999999999999,114940.00000000006
0.122,2694.5133207871017,147752.19530666867
0.122,2449.0154416616765,122780.9608987552
0.122,2801.521782442301,121502.54382558439
0.122,3499.999999999999,159815.37606876253
0.122,3499.999999999999,160280.99999999994
0.122,771.0000000000001,13481.000000000004
0.122,2281.147083616306,77103.80117457142
0.122,3499.999999999999,216260.0
0.122,1938.8140705080516,124905.74477981387
0.122,2301.041522335901,98095.29034118155
0.122,3499.999999999999,105078.99999999996
0.122,2849.1774611750875,142190.9135400895
0.122,3499.999999999999,156831.2776457555
0.122,772.0292793176316,23235.17973268129
0.122,3499.999999999999,174485.43925497046
0.122,3499.999999999999,145095.99999999997
0.122,343.0,1277.0000000000002
0.122,950.0461658082171,28719.885189884582
0.122,2638.2295100265264,102783.46419347645
0.122,3499.999999999999,206194.99999999994
0.122,643.3583760238146,13021.717244664771
0.122,3499.999999999999,227627.44507616872
0.122,3499.999999999999,209037.04905352878
0.122,458.2575694955839,12066.155145695753
0.122,279.0,4514.000000000001
0.122,3499.999999999999,160373.2376531228
0.122,354.96478698597696,8712.40770395876
0.122,1465.0326055568191,31884.86048745224
0.122,3499.999999999999,206474.90634941583
0.122,2467.2255449816603,135453.85107967356
0.122,3499.999999999999,192284.0
0.122,3499.999999999999,148030.87449582943
0.122,1928.6838752236417,49233.76720526429
0.122,3499.999999999999,266062.9999999999
0.122,1784.2282597863093,80403.2355664043
0.122,2682.650529901647,185614.33264075362
0.122,3499.999999999999,189873.00531422606
0.122,2741.513412399922,152679.1624478633
0.122,3499.999999999999,208469.99999999994
0.122,2349.690618694807,154462.62464204055
0.122,1059.178787229233,18993.97505976374
0.122,3499.999999999999,297954.00000000006
0.122,3499.999999999999,123055.81195945192
0.122,3499.999999999999,118175.88491735519
0.122,3499.999999999999,163930.95223294458
0.122,469.64465418361226,3564.013164211132
0.122,702.4955515873393,33486.09076915368
0.122,1245.0,56993.000000000015
0.122,767.2075158657746,11948.53306437805
0.122,2776.4626837129663,138130.4668745112
0.122,1999.9374980467735,46288.99842421743
0.122,724.1567683477757,12955.672911347418
0.122,3499.999999999999,142141.3577816112
0.122,2031.3788420676228,99516.14593622478
0.122,3499.999999999999,188859.99999999997
0.122,1356.12781542108,47081.53679971431
0.122,1224.8299083566028,65478.616268999926
0.122,3499.999999999999,215174.2504971262
0.122,3499.999999999999,251980.39087794122
0.122,2005.3677966896744,87127.72920259085
0.123,1163.9725082664108,49109.81783716978
0.123,3499.999999999999,257114.9999999999
0.123,3499.999999999999,254816.9999999999
0.123,36.0,666.0
0.123,3499.999999999999,131911.29655946826
0.123,2092.4865590966165,95939.59136873578
0.123,429.83975158847903,5507.043319178051
0.123,321.55561046133266,8216.596535659817
0.123,171.32957425711558,753.8511703566259
0.123,3499.999999999999,184290.97592123164
0.123,3499.999999999999,161397.99999999997
0.123,3499.999999999999,207462.0
0.123,1384.9187701811252,13665.747253626494
0.123,2057.4781406220086,104733.56902776824
0.123,3499.999999999999,193318.06861532354
0.123,3499.999999999999,108772.99999999999
0.123,3499.999999999999,234835.34834432421
0.123,2298.2816402664575,70080.56668800376
0.123,1052.0,23861.000000000004
0.123,3499.999999999999,166306.21257186984
0.123,1475.0694212274989,45558.96443219296
0.123,2030.517175499877,76801.48958190852
0.123,2528.4296029545503,99423.31306345077
0.123,1686.745367204409,91689.61574499459
0.123,3499.999999999999,168609.74628055657
0.123,3499.999999999999,114052.99999999996
0.123,1477.6444233287327,43775.17380028105
0.123,3499.999999999999,122760.36468665286
0.123,3499.999999999999,280686.00000000006
0.123,3499.999999999999,218191.0
0.123,2230.1345250903587,114921.57940091146
0.123,458.2575694955839,10515.655471724052
0.123,1378.8879930720286,57954.26761415623
0.123,3499.999999999999,160901.41797060217
0.123,3499.999999999999,170193.00602262103
0.123,3499.999999999999,153793.90874214075
0.123,3499.999999999999,238540.00000000006
0.123,1001.4977556081805,15799.430671358996
0.123,3499.999999999999,157623.38028033785
0.123,3499.999999999999,232381.49983163463
0.123,2793.0890059997446,126078.14465985596
0.123,1395.371279522643,22123.230975375624
0.123,3499.999999999999,264564.0
0.123,3499.999999999999,183256.07017343066
0.123,1050.3252456731188,38703.015072482995
0.123,642.9817438978024,9559.537160194253
0.123,3499.999999999999,155039.81424137467
0.123,2742.575191731715,142047.7728838326
0.123,440.0118562074782,13750.148911117958
0.123,2621.699555754389,129476.59181045988
0.123,3499.999999999999,160395.7410874741
0.123,2306.5125189341593,136614.99771254978
0.123,494.0850129279373,15437.028340972876
0.123,3499.999999999999,177185.54325223377
0.123,3499.999999999999,252633.9999999999
0.123,3499.999999999999,164173.00000000006
0.123,3499.999999999999,189117.74352496915
0.123,3499.999999999999,225384.99999999994
0.123,3499.999999999999,208868.99999999997
0.123,3499.999999999999,119280.2329977603
0.123,2363.472022258779,99645.99219737842
0.123,2317.447648863758,76901.06564717158
0.123,1343.0000000000002,79138.99999999999
0.123,2004.49494885869,92909.11130777212
0.123,2158.4088513855895,85529.20993416385
0.123,497.0,21012.000000000007
0.123,2014.9441679609884,65848.36007828894
0.123,3499.999999999999,168092.00000000003
0.123,62.0,648.0
0.123,1929.766825292631,43906.613624828766
0.123,1042.0000000000002,12826.999999999995
0.123,3499.999999999999,102801.67751549577
0.123,3499.999999999999,222209.0
0.123,3499.999999999999,119358.0
0.123,2579.435908164303,84842.74095045602
0.123,3499.999999999999,291907.99999999994
0.123,1927.952281567155,79974.34980042043
0.123,3499.999999999999,262335.64643410564
0.123,945.500420828507,21127.61222530704
0.123,259.0,578.9999999999999
0.123,3499.999999999999,146082.97483646695
0.123,1842.0177141348968,94805.29132862414
0.124,3499.999999999999,275188.9999999999
0.124,2323.5142934254814,106278.45049532395
0.124,1885.7359306117069,44315.293026222906
0.124,3499.999999999999,167727.00000000006
0.124,1495.0,48403.999999999985
0.124,2513.315618472017,127672.27505930339
0.124,3499.999999999999,164631.6732391681
0.124,3499.999999999999,137530.00000000003
0.124,67.0,684.9999999999999
0.124,1016.0000000000002,57282.000000000015
0.124,1596.7622023360805,81262.90743411014
0.124,3499.999999999999,290844.9999999999
0.124,3499.999999999999,258242.99999999994
0.124,448.30346864596083,6674.325359165523
0.124,2214.3847904101945,111192.93439782946
0.124,3499.999999999999,222397.88706730114
0.124,750.8272353881691,9228.123210283276
0.124,3499.999999999999,67132.00000000001
0.124,1709.8069843585886,33947.106935164455
0.124,3499.999999999999,126560.87640736371
0.124,354.96478698597696,12819.558728755066
0.124,2199.318076131781,92825.12392666117
0.124,3499.999999999999,174112.00000000003
0.124,3499.999999999999,162442.0
0.124,3499.999999999999,174599.4074388569
0.124,1007.4720839804942,33542.63603236932
0.124,3499.999999999999,250053.00000000012
0.124,1247.224117791185,48477.52004795624
0.124,469.57427527495577,9370.136231667073
0.124,3499.999999999999,134125.0
0.124,3499.999999999999,177224.00000000003
0.124,2215.1749366585022,50772.766144853646
0.124,2106.22229040486,76804.0757057812
0.124,3499.999999999999,231957.99999999994
0.124,771.3624310270757,11878.816776093481
0.124,1131.9999999999998,116662.00000000001
0.124,3499.999999999999,165714.0000000001
0.124,1085.9999999999998,83371.00000000003
0.124,3499.999999999999,243598.99999999997
0.124,1108.3771921146697,55750.71592365425
0.124,1913.9787762124045,60544.172002832944
0.124,2500.3199590487347,108551.73793168303
0.124,3499.999999999999,120762.29820602885
0.124,1465.946793031725,33055.771054386256
0.124,573.5852159879994,4329.434720607298
0.124,1122.6877148993049,19737.98704714499
0.124,3499.999999999999,197718.46544013039
0.124,3499.999999999999,158297.99999999994
0.124,2300.2708543278936,76288.66902562513
0.124,77.0,1499.0
0.124,1544.7140088495632,79669.87772938577
0.124,1606.187887481811,57886.32182459096
0.124,2101.666005815386,68959.72061283312
0.124,3499.999999999999,117667.11066775229
0.124,3499.999999999999,177854.00000000006
0.124,3499.999999999999,262461.0000000001
0.124,3499.999999999999,155696.93944968865
0.124,246.51571957990836,749.9759996159877
0.124,3499.999999999999,239420.71975035395
0.124,2158.3558557383435,143137.1763973288
0.124,3499.999999999999,182914.17826948242
0.124,1191.0000000000002,40697.0
0.124,926.0129588726068,24519.681380474758
0.124,3499.999999999999,125901.74999975179
0.124,3499.999999999999,182131.35942455905
0.124,3499.999999999999,157372.82998027338
0.124,3499.999999999999,155929.3297811545
0.124,1112.0,26684.999999999993
0.124,3499.999999999999,129560.00000000001
0.124,3499.999999999999,227797.09182735402
0.124,3499.999999999999,138984.8586717272
0.124,664.0783086353596,14886.167270321796
0.124,3499.999999999999,167076.08638616206
0.124,1814.8099995759114,96877.58337725887
0.124,3499.999999999999,260614.2082888038
0.124,3499.999999999999,154447.45144542336
0.124,2140.443879198892,77331.33477446255
0.124,3499.999999999999,181821.1120804275
0.124,3499.999999999999,208058.0000000001
0.124,3499.999999999999,209164.45461884764
0.124,3499.999999999999,189333.0
0.124,3499.999999999999,128923.93261919994
0.125,2099.999999999999,59550.14106616377
0.125,3499.999999999999,139736.70467973774
0.125,2113.071884191491,66904.22440596849
0.125,1339.0,38092.999999999985
0.125,600.416522091123,11759.38127624069
0.125,538.9805191284745,3159.405007275895
0.125,1968.3749642789098,53886.03485134156
0.125,3499.999999999999,177818.66909428724
0.125,3499.999999999999,132485.34311009658
0.125,302.1840610056764,3269.873694492054
0.125,3499.999999999999,165995.60987032417
0.125,2738.851743872538,103596.55688686432
0.125,3499.999999999999,237517.0000000001
0.125,3499.999999999999,178883.14902888756
0.125,3499.999999999999,111436.00000000003
0.125,3499.999999999999,104400.99455434947
0.125,3499.999999999999,75587.00000000003
0.125,3499.999999999999,114371.2029140203
0.125,2343.7589036698787,109125.45910522628
0.125,1833.2861301195046,49088.20550127915
0.125,3499.999999999999,277846.9623812272
0.125,3499.999999999999,178929.99999999994
0.125,86.0,107.0
0.125,3499.999999999999,120434.99999999997
0.125,374.77616271453223,6263.226687678283
0.125,496.0231818262395,11640.676022443658
0.125,3499.999999999999,234641.99999999997
0.125,3499.999999999999,114705.00000000004
0.125,1053.0,38236.0
0.125,3499.999999999999,125365.6101514899
0.125,3499.999999999999,258182.47062688047
0.125,2773.4529636434368,156996.92721741187
0.125,1703.00374020571,68442.44320451333
0.125,1896.6932325304977,79669.8598632834
0.125,2850.907855408625,119725.84805164169
0.125,3499.999999999999,220622.78156165098
0.125,1848.966649597367,79335.34992496774
0.125,1342.8052454049625,48969.83965110528
0.125,926.8649978906611,25792.16792878069
0.125,93.24162160752032,326.5731158561586
0.125,1486.0000000000002,61985.0
0.125,2030.517175499877,25066.797242567718
0.125,3499.999999999999,183041.29688406384
0.125,707.243920001152,20439.602498124605
0.125,462.0606020859168,11486.32125617249
0.125,3499.999999999999,65414.29051820403
0.125,3499.999999999999,271693.7841688691
0.125,3499.999999999999,110503.00000000001
0.125,2338.1616710569865,108124.97685548883
0.125,3499.999999999999,130275.8945229713
0.125,3499.999999999999,221508.54020146452
0.125,3499.999999999999,145540.7828582765
0.125,2225.663649191485,126428.39002062533
0.125,3499.999999999999,75108.99999999999
0.125,1475.0694212274989,65569.16388286006
0.125,3499.999999999999,189720.99999999994
0.125,3499.999999999999,137125.99999999997
0.125,630.8864651907176,18371.330091667143
0.125,3499.999999999999,212037.99999999997
0.125,3499.999999999999,174013.0000000001
0.125,3499.999999999999,115431.2390083378
0.125,3499.999999999999,103869.0
0.125,90.44389754624169,556.4596030689486
0.125,3499.999999999999,99186.04942228524
0.125,3499.999999999999,193674.13683039867
0.125,2014.9441679609884,102747.47471349362
0.125,310.8267905066131,2624.668346670743
0.125,74.69350473713057,518.7534862106643
0.125,3499.999999999999,100084.99999999997
0.125,3499.999999999999,200635.70753607783
0.125,551.8151864528558,12273.851473763245
0.125,3499.999999999999,123719.49019057679
0.125,3499.999999999999,252292.99999999997
0.125,3499.999999999999,158748.650263508
0.125,3499.999999999999,74575.00000000001
0.125,89.0,377.99999999999994
0.125,3499.999999999999,237668.00000000003
0.125,1117.7559233482239,15414.020525485865
0.126,667.4163510883391,12263.36032974394
0.126,1477.0043621853793,34373.50011490437
0.126,3499.999999999999,98209.0
0.126,2203.180661035262,55690.300902320225
0.126,875.1332165728971,7394.473188933941
0.126,3499.999999999999,155015.69923500592
0.126,3499.999999999999,141074.00000000006
0.126,3499.999999999999,169860.0
0.126,1881.0901094843914,114688.09875484026
0.126,3499.999999999999,117324.46224892742
0.126,3499.999999999999,233515.55901172129
0.126,3499.999999999999,110546.99999999996
0.126,1573.0543537970964,46716.18498978702
0.126,2837.520325094771,94308.33598836361
0.126,3499.999999999999,118666.00000000001
0.126,1413.5413048263863,29014.435467988864
0.126,3499.999999999999,145038.99999999997
0.126,3499.999999999999,132215.61017897993
0.126,3499.999999999999,181465.24264715624
0.126,927.9008567729635,46031.94916576965
0.126,1339.1102956974564,32487.26116856946
0.126,3499.999999999999,187524.42217748606
0.126,585.6620185738528,3630.4097564875506
0.126,3499.999999999999,223270.42566406957
0.126,3499.999999999999,148024.5496801122
0.126,3499.999999999999,193535.0000000001
0.126,1468.6281145041016,36702.52017162689
0.126,3499.999999999999,177891.4681062586
0.126,2692.6112178985736,181232.2333252133
0.126,2369.4923159024306,140029.97278036954
0.126,3499.999999999999,139724.3475235443
0.126,1050.9999999999998,56829.99999999997
0.126,3499.999999999999,291519.0000000001
0.126,133.0,241.0
0.126,3499.999999999999,167397.06272925675
0.126,573.023559725078,4836.2351059476
0.126,3499.999999999999,155716.94873801465
0.126,458.2575694955839,9856.517843538864
0.126,3499.999999999999,247990.0000000001
0.126,1787.2034815499187,61999.13316206976
0.126,3499.999999999999,153520.99375086985
0.126,2253.105739252691,89819.4975564098
0.126,2955.9970937091357,154431.95424240956
0.126,3499.999999999999,140291.98707338911
0.126,3499.999999999999,153671.21939744713
0.126,1477.0043621853793,38327.45669279602
0.126,3499.999999999999,191093.29860044803
0.126,3499.999999999999,169083.18462224444
0.126,3499.999999999999,193405.26280624862
0.126,1567.1932244291509,55697.62839387159
0.126,1993.1131427994742,71925.5825836677
0.126,3499.999999999999,157406.9999999999
0.126,3499.999999999999,176067.3678521807
0.126,1391.9999999999998,71222.0
0.126,3499.999999999999,136976.2188017027
0.126,97.0,2957.999999999999
0.126,1100.9725505162448,36810.96356772362
0.126,2180.4627234755308,71331.93260379264
0.126,231.0,1270.0
0.126,3499.999999999999,124802.99999999996
0.126,3499.999999999999,174300.77006288563
0.126,67.0,640.0
0.126,912.3803558652081,26359.628600775388
0.126,1291.8623821828749,47766.27945816225
0.126,2050.7037044752396,70446.86223845552
0.126,1005.7335631269348,13553.744316608594
0.126,2027.0668464557345,100535.52936648818
0.126,2337.049633461764,105924.98826230457
0.126,3499.999999999999,259644.0
0.126,3499.999999999999,234634.92260730744
0.126,1864.6138395044968,52187.28341857876
0.126,1651.9413940714678,52942.46097177969
0.126,702.4955515873393,22945.83495974815
0.127,3499.999999999999,213542.99999999997
0.127,1934.2957374713926,80669.82874656424
0.127,3499.999999999999,235900.95667461792
0.127,2502.2989429722415,147605.13725815917
0.127,3499.999999999999,170156.14331999706
0.127,2178.5316155612704,126575.87997719008
0.127,3499.999999999999,302080.00000000023
0.127,2337.797011073781,82754.57271465514
0.127,3499.999999999999,127624.0
0.127,3499.999999999999,116564.00000000003
0.127,1897.761839641634,71152.29188156906
0.127,3499.999999999999,175195.94491651704
0.127,3499.999999999999,157767.99999999997
0.127,3499.999999999999,88648.0
0.127,613.827054673254,12679.101721469677
0.127,3499.999999999999,145452.00000000003
0.127,2353.3827847592743,84758.10848317995
0.127,3499.999999999999,176831.34193967836
0.127,1100.9999999999998,35353.0
0.127,3499.999999999999,198598.471074696
0.127,3499.999999999999,163967.65971373743
0.127,3499.999999999999,227696.0000000001
0.127,3499.999999999999,115596.00000000003
0.127,322.68572920490874,3469.9562699934654
0.127,2919.916091731931,156962.88338736547
0.127,395.4414963076568,5759.8042809348
0.127,3499.999999999999,160326.74809748118
0.127,987.6839954111196,25001.180659240334
0.127,92.0,98.0
0.127,2648.74747976503,114440.39864088187
0.127,3499.999999999999,100266.99999999996
0.127,3499.999999999999,193120.93095667684
0.127,2427.737342925057,97206.654548839
0.127,3499.999999999999,207647.00000000006
0.127,3499.999999999999,133859.73535757497
0.127,484.25200051213,7872.976628950452
0.127,816.8828711663843,10938.474455531159
0.127,3499.999999999999,91026.00000000003
0.127,3499.999999999999,220665.99999999994
0.127,378.81393849751623,9318.12475769669
0.127,3499.999999999999,123750.99999999997
0.127,917.2594879731138,23629.132127971952
0.127,1460.0828492238886,24216.00850044115
0.127,2656.7614764097825,138304.83273030334
0.127,3499.999999999999,210920.86359580467
0.127,1843.254715187715,116382.89496821749
0.127,3499.999999999999,125658.00000000001
0.127,99.76973488989535,826.4175699971534
0.127,3499.999999999999,175299.7417495846
0.127,773.6278174936574,8525.777266619158
0.127,522.4940191045251,3883.618673350924
0.127,3499.999999999999,215706.00000000003
0.127,1140.1810526024187,40363.872800934834
0.127,3499.999999999999,185179.07273771524
0.127,3499.999999999999,209285.9999999999
0.127,3499.999999999999,192742.00000000006
0.127,531.4094453010977,7025.1356605730225
0.127,1544.9017368547363,36935.680657186575
0.127,3499.999999999999,224653.62816567204
0.127,348.0,3664.000000000001
0.127,3499.999999999999,136709.99999999997
0.127,86.87922651589389,108.76580344942981
0.127,2135.532720423642,116664.71793134378
0.127,3499.999999999999,251232.00000000006
0.127,967.808137645512,35700.162421549954
0.127,3499.999999999999,295678.0
0.127,3499.999999999999,141311.94868800018
0.127,3499.999999999999,185205.00000000003
0.127,591.6079783099615,5030.056858525558
0.127,3499.999999999999,137903.00000000003
0.127,3499.999999999999,166430.13676915618
0.127,1951.1030523091397,66480.33701438163
0.127,3499.999999999999,194186.00000000003
0.127,2518.3327818221314,183316.14851943622
0.127,3499.999999999999,158156.0
0.127,3499.999999999999,112166.99999999996
0.127,1103.2018086048718,18845.70064680655
0.127,2316.354895088402,119776.08484167451
0.127,3499.999999999999,135768.99999999997
0.127,858.0,31389.999999999996
0.127,1596.0,80763.99999999999
0.128,3499.999999999999,179357.1381490015
0.128,1947.8192934664132,95386.09768724164
0.128,1977.24555885201,48844.8862522987
0.128,1375.2250852207192,32716.29415783745
0.128,2210.868786005541,109304.39524998219
0.128,3499.999999999999,135052.00000000003
0.128,1461.6856707240447,50930.764180404745
0.128,1697.774499459851,29304.894375839012
0.128,3499.999999999999,155460.81223434213
0.128,3499.999999999999,84434.00000000001
0.128,3499.999999999999,103853.05621223614
0.128,3499.999999999999,168158.6900486835
0.128,1266.9964482980997,34138.54765510684
0.128,3499.999999999999,90033.99999999999
0.128,3499.999999999999,35340.0
0.128,1365.0000000000002,29478.000000000007
0.128,3499.999999999999,158338.99999999997
0.128,3499.999999999999,124268.47012687383
0.128,1316.4030957472878,45466.12691113227
0.128,2338.9100025439193,63553.60182554566
0.128,152.0,1907.0
0.128,3499.999999999999,180134.0
0.128,469.57427527495577,10569.397759569838
0.128,3499.999999999999,152338.18965052726
0.128,3499.999999999999,144281.0
0.128,3499.999999999999,142481.99999999994
0.128,1125.0000000000002,66219.99999999999
0.128,3499.999999999999,124046.8201607764
0.128,1783.6759795433697,92933.89505449563
0.128,1915.202339179858,41462.51280373636
0.128,3499.999999999999,108232.23669627256
0.128,1136.4418154925484,17623.65909792855
0.128,3499.999999999999,284728.0
0.128,1287.0518013148858,37312.53312260426
0.128,3499.999999999999,192801.6139559004
0.128,2992.0245559195255,139562.5037062715
0.128,555.9780843895508,11827.035856957273
0.128,1208.7493536709756,25253.68282053135
0.128,3499.999999999999,176213.0651228791
0.128,3499.999999999999,178156.04607720766
0.128,3499.999999999999,147983.98399093485
0.128,1051.6653460107925,36086.80264307159
0.128,417.97971559724914,4563.711098230684
0.128,114.23659658795862,168.76611034209446
0.128,1838.0066630035406,56788.64465278524
0.128,3499.999999999999,151047.8952385633
0.128,3499.999999999999,299471.99999999994
0.128,3499.999999999999,227428.00000000006
0.128,2408.8360626672816,76724.99906431492
0.128,1675.5437456480108,51960.82010390479
0.128,1276.876680748496,43540.72747298225
0.128,187.0,202.0
0.128,685.0794658018052,17236.708326733937
0.128,3499.999999999999,136758.00000000003
0.128,2512.7673987060566,59049.7936575565
0.128,3499.999999999999,102951.0
0.128,3499.999999999999,191275.8764733216
0.128,3499.999999999999,173070.7457717797
0.128,579.6550698475775,4486.0584035431375
0.128,1785.7123801193616,70324.77634662487
0.128,1267.0,30148.999999999996
0.128,3499.999999999999,202059.81507009972
0.128,3499.999999999999,95344.00000000004
0.128,3499.999999999999,206387.0000000001
0.128,1657.407120127339,59274.10088487019
0.128,3499.999999999999,173863.00000000003
0.128,1444.299137990465,58624.37429090391
0.128,2269.31519511466,143887.6437306112
0.128,3499.999999999999,246446.99999999997
0.128,708.6938346072008,16957.835601190804
0.128,3499.999999999999,225296.99999999988
0.128,3499.999999999999,153114.81070650954
0.128,3499.999999999999,146284.9159653859
0.128,1056.6141996912106,13375.016265553388
0.128,2317.447648863758,125629.70817502844
0.128,2115.6242068103847,104524.8724272082
0.128,933.6431828084958,18502.09174765998
0.128,517.0,15842.999999999995
0.128,1648.9433087269645,61724.15879859401
0.128,3499.999999999999,198066.99999999997
0.128,717.1932911929149,18897.548678635125
0.128,1225.9999999999998,64972.000000000015
0.129,3499.999999999999,140289.0
0.129,3499.999999999999,171566.77265717863
0.129,667.5027704018894,23342.276342114543
0.129,3499.999999999999,212472.00000000006
0.129,2622.969868330771,127882.31451919742
0.129,2703.525958112181,149545.31966777137
0.129,3499.999999999999,198217.99999999994
0.129,3499.999999999999,146424.71684756954
0.129,3499.999999999999,178393.64221854988
0.129,1993.9909728983232,76037.60883931056
0.129,579.6550698475775,5296.943175077492
0.129,1437.0,39086.0
0.129,1147.0,64522.0
0.129,3499.999999999999,146586.74256562223
0.129,3499.999999999999,252588.00000000006
0.129,1213.8815071973622,32721.070875838745
0.129,3499.999999999999,232943.6714970746
0.129,3499.999999999999,203469.42723662432
0.129,3499.999999999999,114990.00000000001
0.129,3499.999999999999,250054.00000000003
0.129,3499.999999999999,191820.89212776587
0.129,2727.6120087581044,97410.56662678208
0.129,453.7840896285369,12847.444337299157
0.129,1113.645365455269,47005.83045750815
0.129,3499.999999999999,214810.56459196267
0.129,3499.999999999999,123438.99999999997
0.129,2306.5125189341593,113666.87479208704
0.129,3499.999999999999,215608.86824989374
0.129,3499.999999999999,156569.00000000003
0.129,3499.999999999999,237897.99999999994
0.129,2109.9763031844686,59682.39358470809
0.129,359.1991091302984,7162.917701607351
0.129,1462.4159966945651,55616.45351629706
0.129,2340.036281610486,89864.58620295938
0.129,3499.999999999999,262430.4431444644
0.129,1734.2897090769275,64795.53566461708
0.129,3499.999999999999,254299.9999999999
0.129,2425.5927110708417,127371.13375879175
0.129,573.5852159879994,3289.8849523957524
0.129,679.7058187186572,17444.598247021913
0.129,3499.999999999999,213652.2888807888
0.129,3499.999999999999,107503.99999999997
0.129,3499.999999999999,205669.00000000006
0.129,3499.999999999999,220210.0000000001
0.129,1372.3330343241769,29650.70306689581
0.129,1446.1091571802426,47871.37853932772
0.129,3499.999999999999,187884.0
0.129,3499.999999999999,142207.00000000003
0.129,1675.5437456480108,28602.337532508143
0.129,2305.2181460292236,164565.47555699747
0.129,426.2088689832721,7904.309963557858
0.129,2005.5075288633166,81587.52887275173
0.129,1206.8339173729764,39989.20614029015
0.129,3499.999999999999,291286.5010603823
0.129,1518.8004154940827,22131.903418145583
0.129,759.934207678533,34178.11826300563
0.129,3499.999999999999,151194.2585021528
0.129,628.8879073412048,4173.65499292886
0.129,69.0,82.0
0.129,1172.9215187478997,41075.07852946065
0.129,528.0000000000001,4992.999999999999
0.129,2575.748360737365,134893.73555815237
0.129,3499.999999999999,110154.1209624043
0.129,3499.999999999999,233781.9999999999
0.129,1205.9999999999998,52510.99999999999
0.129,2518.476445322181,81517.11477889724
0.129,2228.564560428977,79077.69607164842
0.129,3499.999999999999,196403.59058581392
0.129,1061.825839132329,37377.119147935744
0.129,3499.999999999999,233581.99999999997
0.129,71.0,76.0
0.129,1144.0,24537.000000000004
0.129,3499.999999999999,206693.00000000003
0.129,3499.999999999999,220658.26540603465
0.129,761.1662611020241,19348.862109478487
0.129,3499.999999999999,92322.99999999999
0.129,347.27510708370676,5392.430249896608
0.129,3499.999999999999,245294.00000000006
0.129,3499.999999999999,108211.00000000003
0.129,264.0,1422.9999999999998
0.129,3499.999999999999,147286.99999999997
0.13,3499.999999999999,138123.99999999994
0.13,3499.999999999999,142428.06568580508
0.13,1177.0000000000002,47686.0
0.13,3499.999999999999,92999.99999999997
0.13,3499.999999999999,139162.84837556322
0.13,129.0,287.0
0.13,3499.999999999999,161718.0
0.13,3499.999999999999,231617.30571173725
0.13,1844.7415363515074,146813.62484495854
0.13,3499.999999999999,223320.00000000006
0.13,487.8524367060187,8281.47378188206
0.13,709.6635978268798,19549.530602551888
0.13,3499.999999999999,154228.99999999994
0.13,2194.2917744981382,61938.04329955451
0.13,3499.999999999999,262123.99999999997
0.13,1908.795431679361,69464.3904745446
0.13,3499.999999999999,239768.09031437032
0.13,3499.999999999999,107149.00000000003
0.13,2605.091169229975,70536.64544050845
0.13,922.0872584116894,20603.561658023533
0.13,1857.6867335479355,36729.29664450438
0.13,315.99999999999994,4689.000000000001
0.13,3499.999999999999,159923.56265103645
0.13,3499.999999999999,209500.9637400267
0.13,3499.999999999999,244840.00000000006
0.13,3499.999999999999,110334.64330843692
0.13,1946.9206455323235,92006.1764774518
0.13,1005.552446609957,8383.377515024275
0.13,218.00000000000003,1415.0000000000005
0.13,1977.24555885201,85884.41756220977
0.13,3499.999999999999,262013.90553174843
0.13,3499.999999999999,191018.99999999997
0.13,2318.96728710177,91258.18595353705
0.13,3499.999999999999,158553.00000000003
0.13,3499.999999999999,185050.78658303522
0.13,3499.999999999999,212446.50126561287
0.13,1062.0,48045.00000000001
0.13,442.7188724235731,5274.665487023797
0.13,176.0,7147.000000000003
0.13,1238.7865340114304,19819.387491707937
0.13,3499.999999999999,138226.09184319925
0.13,2298.2816402664575,80571.33716607155
0.13,3499.999999999999,195274.01785695914
0.13,3499.999999999999,159596.0746321788
0.13,3499.999999999999,263466.99999999994
0.13,659.791324238665,5971.538758636056
0.13,3499.999999999999,83289.00000000001
0.13,3499.999999999999,113318.00000000006
0.13,1108.3771921146697,43034.28558719195
0.13,1401.949917886964,25630.043023275386
0.13,3499.999999999999,147440.40255031548
0.13,3499.999999999999,186211.9999999999
0.13,1875.499933351105,64760.19191602195
0.13,3499.999999999999,234310.0
0.13,1527.572964578013,39994.81719911383
0.13,3499.999999999999,161245.0
0.13,3499.999999999999,123518.408020829
0.13,3499.999999999999,130243.99999999996
0.13,3499.999999999999,193980.0
0.13,3499.999999999999,133399.99999999994
0.13,2342.2712746420434,127246.95315692286
0.13,1756.9860557215588,45623.20878675676
0.13,1202.2510985628749,21175.250946376607
0.13,3499.999999999999,141812.54719841256
0.13,3499.999999999999,285274.9999999999
0.13,754.052141511159,13119.639132143962
0.13,808.9191864755652,22680.93987409149
0.13,3499.999999999999,144202.0
0.13,59.0,73.0
0.13,3499.999999999999,134737.4084729256
0.13,3499.999999999999,220291.00000000003
0.13,3499.999999999999,129024.02462332357
0.13,3499.999999999999,81092.99999999997
0.13,163.0,3287.9999999999995
0.131,3499.999999999999,190752.78583286802
0.131,548.6346689738081,4697.522751408447
0.131,1303.6241789718388,64989.64285176523
0.131,2324.5704666705715,125773.10317286183
0.131,1141.9909793967297,23415.62633087572
0.131,277.99999999999994,3074.9999999999995
0.131,875.0239993417441,28348.715876253664
0.131,3499.999999999999,100768.10936005495
0.131,2655.045036528429,103775.26754830185
0.131,2056.0,90511.00000000001
0.131,1620.9047773441484,33067.66836016916
0.131,108.0,755.0000000000001
0.131,2472.0436889343196,128048.6003437757
0.131,3499.999999999999,154526.00000000006
0.131,3499.999999999999,166152.31614633682
0.131,3499.999999999999,128007.00000000004
0.131,3499.999999999999,189630.00000000003
0.131,2021.8803129760179,52659.942878814465
0.131,3499.999999999999,225385.7216307841
0.131,571.0,3532.999999999999
0.131,3499.999999999999,257172.00000000006
0.131,3499.999999999999,183813.00000000003
0.131,2700.6856969006685,100437.8212880846
0.131,1300.0,18525.99999999999
0.131,2336.6642891095835,111702.57619231527
0.131,3499.999999999999,166278.00000000003
0.131,3499.999999999999,240780.1958218326
0.131,701.6342767537471,29674.908069407946
0.131,3499.999999999999,127445.86846798917
0.131,1121.0,48125.999999999985
0.131,3499.999999999999,169694.99999999997
0.131,2107.4866547620177,81428.72079309607
0.131,908.8576596272704,15359.954539096083
0.131,3499.999999999999,179627.86260561546
0.131,3499.999999999999,101863.64666553028
0.131,2631.8343740855075,133644.69374619654
0.131,2281.147083616306,92045.62168316236
0.131,195.4251774976807,3643.409392313745
0.131,2652.8153300260765,97869.34610383814
0.131,2725.9295155958803,114564.20467088977
0.131,3499.999999999999,84668.0
0.131,1296.0000000000005,91798.00000000001
0.131,3499.999999999999,195266.0
0.131,3499.999999999999,280834.0000000001
0.131,3499.999999999999,113325.47725877796
0.131,3499.999999999999,90921.02786484541
0.131,3499.999999999999,100023.99999999997
0.131,3499.999999999999,159759.19759437945
0.131,1922.4983745116663,81859.35934271652
0.131,3499.999999999999,213284.57935584552
0.131,892.3215073015834,24681.49825050216
0.131,3499.999999999999,230460.99999999997
0.131,1281.0000000000002,68184.00000000003
0.131,3499.999999999999,143281.177218084
0.131,1773.9999999999998,90988.99999999997
0.131,1984.3134832984429,83079.87449436843
0.131,3499.999999999999,115904.99999999997
0.131,3499.999999999999,181215.99999999997
0.131,3499.999999999999,144219.0
0.131,3499.999999999999,184787.25066681422
0.131,3499.999999999999,66158.00000000001
0.131,2155.110205998755,119315.58894377545
0.131,1727.2413069916138,62050.26809110716
0.131,2176.9244359876157,87304.43834078537
0.131,940.9105406772627,25241.658478651272
0.131,1185.0604142159677,22114.955609229757
0.131,3499.999999999999,105830.97701523884
0.131,555.978084389551,12564.888427786413
0.131,1949.6153466773897,96018.9526083262
0.131,2516.2472056616375,139283.14254783306
0.131,3499.999999999999,199617.00000000003
0.131,3499.999999999999,72492.0
0.131,1281.6099127689542,20293.955029358625
0.131,2659.182574313219,88775.94256440258
0.131,3499.999999999999,281321.0000000001
0.131,169.0,3058.0
0.131,3499.999999999999,154570.48007947698
0.131,3499.999999999999,182572.00000000006
0.131,3499.999999999999,243244.91801885597
0.131,3499.999999999999,142640.9861996193
0.131,2409.539577912499,49947.48793850515
0.132,3499.999999999999,124021.00000000004
0.132,3499.999999999999,173946.99999999997
0.132,2379.705864177336,144863.58962831207
0.132,2560.1650447970924,126424.81404223845
0.132,3499.999999999999,129836.99999999997
0.132,1986.0,34076.000000000015
0.132,3499.999999999999,238854.00000000003
0.132,1050.9999999999998,34815.00000000001
0.132,775.0086714256951,14867.507222899934
0.132,465.8325879540846,11279.952570822272
0.132,3499.999999999999,173117.0
0.132,2369.4923159024306,145790.2779736887
0.132,3499.999999999999,205276.2451830207
0.132,3499.999999999999,137503.41219402518
0.132,3499.999999999999,167198.00000000006
0.132,1034.9999999999998,29843.99999999999
0.132,3499.999999999999,124826.99999999996
0.132,3499.999999999999,113777.48576058446
0.132,1213.8780828402823,39957.025114490214
0.132,3499.999999999999,126219.00000000006
0.132,3499.999999999999,124320.99999999999
0.132,3499.999999999999,239640.00000000006
0.132,3499.999999999999,184365.6383444812
0.132,236.0,2822.9999999999995
0.132,881.4760348415604,15539.95994203332
0.132,3499.999999999999,213860.34974955022
0.132,2709.7970403703666,173727.59055486837
0.132,3499.999999999999,243825.58581904403
0.132,3499.999999999999,142747.82688363417
0.132,1064.6888820557556,35254.7279523765
0.132,1187.7946095473967,26426.17646955518
0.132,3499.999999999999,205279.85848105018
0.132,1218.7608042781826,43084.95287397737
0.132,3499.999999999999,100156.01231578666
0.132,2174.1992912924593,48417.86642616032
0.132,1170.0778863088747,34847.97194903086
0.132,3499.999999999999,257499.00000000006
0.132,3499.999999999999,185151.86715234615
0.132,41.0,648.9999999999999
0.132,486.2770262909333,3668.8035931240597
0.132,491.76161438419086,5225.841941890405
0.132,3499.999999999999,215661.03286237948
0.132,3499.999999999999,210518.92896839473
0.132,3499.999999999999,96002.30283696324
0.132,3499.999999999999,302172.9999999999
0.132,3499.999999999999,220048.99999999994
0.132,3499.999999999999,270302.0000000001
0.132,3499.999999999999,192073.99999999994
0.132,2621.699555754389,119097.21249446152
0.132,1164.0,33530.99999999999
0.132,2603.7544378604402,111674.06029132221
0.132,3499.999999999999,174525.0107921499
0.132,3499.999999999999,205183.0
0.132,1772.8508115461946,73146.11267866527
0.132,1360.7332345674859,40869.29608844128
0.132,3499.999999999999,257588.00000000006
0.132,3499.999999999999,167101.034616785
0.132,3499.999999999999,260657.00000000003
0.132,3499.999999999999,215281.22797536707
0.132,3499.999999999999,202032.31741481362
0.132,2027.9299790673247,61012.003892676716
0.132,2058.7617637793846,30755.89171199562
0.132,3499.999999999999,158268.99999999994
0.132,704.3114851398519,17908.81198542739
0.132,2081.585933849477,161359.88641542854
0.132,1358.0637979675168,37046.72655146131
0.132,1277.0000000000002,126071.0
0.132,314.6439245110585,1318.2981580416713
0.132,3499.999999999999,162634.20109685964
0.132,3499.999999999999,82988.62533481409
0.132,1139.0000000000002,34038.99999999999
0.132,3499.999999999999,240009.0941110358
0.132,3499.999999999999,121578.99999999997
0.132,3499.999999999999,179339.99999999994
0.132,3499.999999999999,155997.10553522658
0.132,3499.999999999999,193964.99999999994
0.132,354.96478698597696,9119.793418712945
0.132,3499.999999999999,96626.99999999999
0.132,3499.999999999999,90067.0
0.132,3499.999999999999,168221.56496715872
0.132,96.0,97.0
0.133,3499.999999999999,184783.64909022627
0.133,3499.999999999999,239581.8841443791
0.133,3499.999999999999,82409.99999999999
0.133,3499.999999999999,118478.97925370562
0.133,2034.8218595248086,66670.57934351555
0.133,3499.999999999999,237145.80826993348
0.133,3499.999999999999,132769.17333469863
0.133,241.92354164074237,3379.9284016085307
0.133,3499.999999999999,146706.99999999994
0.133,3499.999999999999,165502.17096763407
0.133,2373.0781698039355,54919.54644750808
0.133,3499.999999999999,157245.2955645046
0.133,2672.623443582258,133377.64721562547
0.133,465.8325879540846,4731.319266335765
0.133,3499.999999999999,178180.9999999999
0.133,3499.999999999999,132306.00000000003
0.133,3499.999999999999,96980.99999999997
0.133,3499.999999999999,234092.99999999997
0.133,299.8666073634726,5014.810171544026
0.133,1342.5721582097551,21714.01648705279
0.133,785.5496711418045,10083.357219471289
0.133,1280.0344911795391,56953.039205884124
0.133,3499.999999999999,221883.00000000003
0.133,3499.999999999999,86503.0
0.133,261.4192035792321,5531.563974139683
0.133,558.121850495033,3521.488463703948
0.133,936.2754382117904,34708.95980300854
0.133,1058.0,38779.000000000015
0.133,3499.999999999999,88399.00000000003
0.133,3499.999999999999,144008.00000000003
0.133,3499.999999999999,186742.46865670383
0.133,3499.999999999999,198563.99999999994
0.133,3499.999999999999,92318.38383550699
0.133,1292.0501547848887,52958.954393217195
0.133,559.0,13157.0
0.133,1501.9999999999995,68467.99999999999
0.133,2273.272850839292,119132.97257098282
0.133,931.5939827997786,27734.692605379125
0.133,3499.999999999999,186101.0000000001
0.133,3499.999999999999,152693.00000000003
0.133,3499.999999999999,218154.99999999997
0.133,3499.999999999999,183537.81775949878
0.133,3499.999999999999,111669.99999999999
0.133,3499.999999999999,114187.94387999283
0.133,3499.999999999999,169505.9580716437
0.133,2145.3247438474227,75452.67640708924
0.133,582.6662852782886,3871.511591097203
0.133,3499.999999999999,180300.00000000006
0.133,3499.999999999999,244416.0
0.133,1027.0,15047.999999999993
0.133,1626.1018168565543,68460.92485035169
0.133,3499.999999999999,240783.00000000003
0.133,514.8725609201732,15920.634462516613
0.133,3499.999999999999,110205.00000000004
0.133,110.00000000000001,113.99999999999999
0.133,750.6663706334525,5534.896566332564
0.133,2241.8742159184576,93335.91456668751
0.133,1949.6153466773897,63713.00702368393
0.133,3499.999999999999,130036.99999999999
0.133,3499.999999999999,171200.19635055366
0.133,3499.999999999999,159724.00000000006
0.133,337.0,2190.9999999999995
0.133,3499.999999999999,123933.99999999999
0.133,310.6079738117325,2305.6898787172922
0.133,1230.2495803056245,24096.262346072475
0.133,3499.999999999999,197957.9999999999
0.133,3499.999999999999,283730.9999999999
0.133,3499.999999999999,245223.99999999988
0.133,2289.2247840085365,92486.4535473095
0.133,927.9008567729635,18195.145643824893
0.133,760.3195793563947,10725.481426909959
0.133,3499.999999999999,106938.31370935302
0.133,3499.999999999999,147399.99999999997
0.133,1715.6631370988887,68903.20623164067
0.133,3499.999999999999,174748.99999999994
0.133,3499.999999999999,183717.8001848911
0.133,3499.999999999999,168645.39397801526
0.133,3499.999999999999,238895.3571545501
0.133,3499.999999999999,168354.0
0.133,506.75631065237843,10125.23865224767
0.133,3499.999999999999,245930.2846296081
0.133,3499.999999999999,156052.0
0.133,3499.999999999999,165871.74158065615
0.133,1521.5230518074702,51435.72221118763
0.134,591.6079783099615,5647.265001750849
0.134,819.6915357723125,14148.10610812473
0.134,3499.999999999999,300743.0716059808
0.134,2317.447648863758,88435.45180447392
0.134,3499.999999999999,250529.0000000001
0.134,3499.999999999999,114385.99999999999
0.134,1329.0,10101.0
0.134,2204.021569766165,89548.20466351112
0.134,3499.999999999999,120535.00000000003
0.134,3499.999999999999,172525.26863332238
0.134,3499.999999999999,176012.3262956319
0.134,450.55521304275226,8489.953474548614
0.134,2537.6436700263507,117697.4908818714
0.134,3499.999999999999,149039.0
0.134,3499.999999999999,138903.20750559474
0.134,545.4356057317856,3849.5290621061686
0.134,1179.0245146501502,45025.22083353628
0.134,2844.0601193220127,122224.8937075431
0.134,1930.6734576307824,101356.35269680925
0.134,3499.999999999999,224826.92970371663
0.134,3499.999999999999,97668.0
0.134,99.0,793.0000000000001
0.134,2183.9628252871257,83183.62198596964
0.134,3499.999999999999,95832.99999999999
0.134,3499.999999999999,204799.30526005215
0.134,1077.961038256949,13707.423900937772
0.134,544.0,12320.000000000004
0.134,3499.999999999999,140497.99999999994
0.134,2125.97123664493,71879.1508341005
0.134,2479.90558520202,77559.03038647093
0.134,3499.999999999999,176747.00000000006
0.134,3499.999999999999,150344.88365754252
0.134,1757.9817974029202,31313.212147590348
0.134,3499.999999999999,136147.06143725623
0.134,139.0,1380.9999999999998
0.134,2178.099924418458,86931.1175646694
0.134,596.5160691547942,14048.64835974409
0.134,3499.999999999999,132731.37453895368
0.134,1739.9438481020536,61827.16547971222
0.134,1372.0000000000002,46438.000000000015
0.134,3499.999999999999,100690.99999999997
0.134,3499.999999999999,152974.99999999994
0.134,2737.784173193805,96221.43270113807
0.134,3499.999999999999,183223.41555703082
0.134,3499.999999999999,227826.99999999994
0.134,1070.8702632210202,32427.135275537024
0.134,1259.0000000000002,73274.99999999997
0.134,2559.0222503101245,96973.02315780305
0.134,3499.999999999999,143073.00000000006
0.134,3499.999999999999,163192.1524719583
0.134,3499.999999999999,268560.00000000006
0.134,263.7043799408724,3298.69064933346
0.134,3499.999999999999,142615.0
0.134,3499.999999999999,181796.00000000006
0.134,3499.999999999999,249941.55487033364
0.134,1618.118909510947,77758.55755852883
0.134,3499.999999999999,242499.00000000003
0.134,2768.9199281232786,96226.54129209401
0.134,1152.0,17164.0
0.134,1709.4772862846498,79026.07424615278
0.134,3499.999999999999,154155.99999999997
0.134,511.76436198713213,10120.348253370243
0.134,3499.999999999999,186021.1463032922
0.134,3499.999999999999,131877.0
0.134,2222.4351634012974,98819.1711875144
0.134,3499.999999999999,138881.93287872485
0.134,3499.999999999999,298605.0
0.134,1578.9999999999998,64179.99999999997
0.134,3499.999999999999,283817.9999999999
0.134,573.5852159879994,13627.218901888966
0.134,3499.999999999999,170608.07647939757
0.134,3499.999999999999,87289.00000000003
0.134,3499.999999999999,146826.99999999994
0.134,2341.9009372729665,87659.57956778025
0.134,3499.999999999999,97333.00000000001
0.134,3499.999999999999,112804.8231459985
0.134,3499.999999999999,239340.0
0.134,2250.8501422613217,100630.51394722964
0.134,3499.999999999999,281687.0000000001
0.135,3499.999999999999,109280.99999999997
0.135,3499.999999999999,73458.00000000001
0.135,1738.1075562784356,25649.40860081985
0.135,2295.865849739483,149049.4745378192
0.135,2675.824417626351,91516.10767827752
0.135,302.9224323156012,6278.211608412064
0.135,2473.9044285560462,109585.18641652173
0.135,67.0,759.9999999999998
0.135,1979.0149064623033,90791.2883706361
0.135,441.54758072568757,2270.564167510833
0.135,3499.999999999999,160280.78958190832
0.135,3499.999999999999,144541.78455793246
0.135,655.5957999786272,24566.73305375736
0.135,3499.999999999999,181217.47952115437
0.135,187.0,2685.0
0.135,3499.999999999999,122567.0
0.135,2745.3960394768737,84691.22899399661
0.135,1551.7150630943675,34352.60184572151
0.135,1969.2602126617255,95265.63013583225
0.135,628.1692884788823,14146.976149385066
0.135,2127.952790674095,113017.8519339356
0.135,3499.999999999999,146742.99999999997
0.135,3499.999999999999,205931.63411190602
0.135,1965.705980048898,69326.00542365038
0.135,3499.999999999999,149102.0
0.135,3499.999999999999,152298.00000000006
0.135,1084.0678779043697,35386.50665128524
0.135,416.0588900624526,11414.817125122941
0.135,2080.5175926971438,66406.58704145934
0.135,2831.9262525083777,156027.1029565882
0.135,574.4272495129343,6810.57334960085
0.135,2445.3818012850857,88835.20641197881
0.135,2892.818519969235,127302.28786323307
0.135,3499.999999999999,147465.42796705102
0.135,2336.71768378946,79380.71651635143
0.135,2715.3814489698634,151678.0713016343
0.135,2052.802961806125,84900.56376726837
0.135,3499.999999999999,138461.07714291467
0.135,3499.999999999999,136218.0000000001
0.135,3499.999999999999,128706.99999999994
0.135,274.0,6723.000000000002
0.135,3499.999999999999,238382.99999999994
0.135,2904.9819708283517,182684.00721398956
0.135,1363.647575665388,43942.594394820895
0.135,3499.999999999999,166068.36529444935
0.135,3499.999999999999,89006.00000000001
0.135,1277.0120736271008,26229.128243682397
0.135,3499.999999999999,116855.00000000001
0.135,3499.999999999999,198359.40781076683
0.135,3499.999999999999,236746.99999999988
0.135,67.0,627.0
0.135,1459.0,73744.99999999997
0.135,1203.4965155238422,33643.239307027456
0.135,309.2587913059223,2568.1168197728075
0.135,1147.0,49534.999999999985
0.135,94.0,618.0000000000001
0.135,1503.0,46301.999999999985
0.135,3499.999999999999,177242.00000000006
0.135,212.0,3972.9999999999995
0.135,2438.7236897582716,81091.33866464361
0.135,865.9670855167747,16953.894391828202
0.135,3499.999999999999,79781.99999999997
0.135,3499.999999999999,128028.97675916963
0.135,1924.0000000000002,87598.99999999999
0.135,764.6287756153248,15542.478892709261
0.135,3499.999999999999,297828.0
0.135,3499.999999999999,121752.0
0.135,3499.999999999999,208356.9999999999
0.135,2133.072900770154,76637.22309687379
0.135,2448.298137824123,124971.83738803353
0.135,3499.999999999999,269708.20030544116
0.135,1330.9999999999998,56244.000000000015
0.135,3499.999999999999,220679.0
0.135,722.9550470119149,27236.999100488283
0.135,1689.9704139422083,51993.240906871746
0.135,3499.999999999999,119923.2446525693
0.135,173.0,373.0
0.135,449.02973891430486,4431.906167273055
0.135,2759.8435113963073,142693.36987474977
0.135,1938.8140705080516,67227.35907352006
0.135,488.8251221040098,13724.156294650678
0.136,3499.999999999999,161608.30888873155
0.136,2171.611478906166,96582.19930081342
0.136,3499.999999999999,188716.00000000003
0.136,3499.999999999999,131652.00000000006
0.136,1372.3751577162654,87374.64526056554
0.136,3499.999999999999,135837.17352376168
0.136,161.0,2839.0
0.136,3499.999999999999,244114.06242779212
0.136,3499.999999999999,206023.69969738933
0.136,607.9523007605119,14512.447209206302
0.136,3499.999999999999,199886.12999131795
0.136,3499.999999999999,152695.4655744564
0.136,3499.999999999999,189276.00000000006
0.136,3499.999999999999,206683.39047925448
0.136,3499.999999999999,183842.0
0.136,86.0,101.0
0.136,3499.999999999999,149522.71692225977
0.136,3064.1273467496176,144545.36992433204
0.136,2869.7392037329337,137279.75147995108
0.136,1448.0810127847467,71869.19466638475
0.136,3499.999999999999,176454.0
0.136,1007.3882173306869,33676.806355359324
0.136,3499.999999999999,175626.0066562381
0.136,3499.999999999999,133910.4695124333
0.136,3499.999999999999,161290.99999999997
0.136,2535.104755204609,116706.96595644088
0.136,1442.8333237072125,61591.668178415195
0.136,3499.999999999999,249131.9999999999
0.136,924.7854398217429,19366.51443663043
0.136,2798.7249490537374,118931.39473353303
0.136,3499.999999999999,147984.00000000006
0.136,3499.999999999999,167233.55866393057
0.136,3499.999999999999,97701.00000000003
0.136,2572.644553761751,73274.81548936166
0.136,782.6237921249261,13083.728444140073
0.136,3499.999999999999,161616.07534219383
0.136,1872.929833310022,68676.22945810681
0.136,484.25200051213,10650.799547451823
0.136,841.0961716115064,11132.696953915829
0.136,3499.999999999999,113843.99999999996
0.136,3499.999999999999,281269.0000000001
0.136,3499.999999999999,193887.9656602374
0.136,3499.999999999999,262955.0
0.136,3499.999999999999,165974.00000000006
0.136,3499.999999999999,137185.0
0.136,3499.999999999999,123856.00000000004
0.136,1578.9999999999998,67024.99999999997
0.136,3499.999999999999,167782.86150855807
0.136,2287.4699847754196,87227.80817540595
0.136,3499.999999999999,287561.0000000001
0.136,3499.999999999999,287976.00000000006
0.136,3499.999999999999,71255.99999999997
0.136,2211.6152860562993,60247.86171288508
0.136,3499.999999999999,166593.48347988754
0.136,1066.40890038789,15806.358777056465
0.136,1980.7826735914266,89182.84606357885
0.136,3499.999999999999,112898.99999999997
0.136,3499.999999999999,141596.99999999997
0.136,2546.490108949139,91277.87782368538
0.136,2052.802961806125,75239.12979294751
0.136,1173.8558412761486,19287.03139249268
0.136,3499.999999999999,205115.00000000006
0.136,3499.999999999999,162593.99999999997
0.136,3499.999999999999,225281.9999999999
0.136,3499.999999999999,210379.0
0.136,3499.999999999999,97540.99999999996
0.136,2068.2833852198924,54324.39028256144
0.136,3499.999999999999,127342.51073384723
0.136,3499.999999999999,170701.62658861795
0.136,839.0,21250.99999999999
0.136,1409.9645385611655,23923.770062429547
0.136,3499.999999999999,122083.22243453443
0.136,838.7490685538792,17254.976325686446
0.136,895.2653238007155,8482.98107978557
0.136,3499.999999999999,225228.99224788984
0.136,3499.999999999999,140067.00000000003
0.136,3499.999999999999,240487.0000000001
0.137,1025.3518522376203,12664.357650219676
0.137,95.3362470417207,1176.323084870819
0.137,3499.999999999999,230677.0000000001
0.137,450.1679126460564,9754.302141461518
0.137,2265.1710752170575,47217.06661790841
0.137,3499.999999999999,134273.99999999997
0.137,3499.999999999999,166591.06749162753
0.137,3499.999999999999,118823.00000000004
0.137,2288.7377179317677,103216.58605994971
0.137,3499.999999999999,180755.11270712872
0.137,3499.999999999999,211355.59478773357
0.137,1385.0000000000002,20182.0
0.137,803.9999999999998,22811.999999999993
0.137,3499.999999999999,220342.99999999997
0.137,3499.999999999999,145413.99999999997
0.137,2299.3334873380677,124801.0549937371
0.137,1050.9999999999998,10782.999999999998
0.137,3499.999999999999,156024.78603709428
0.137,3499.999999999999,162086.80866745452
0.137,3499.999999999999,206354.99999999994
0.137,1029.2211411736457,22424.376047551334
0.137,1329.143333128523,22114.605083518887
0.137,3499.999999999999,165971.20797294934
0.137,3499.999999999999,174727.99999999997
0.137,1303.7752873865952,34551.45920218132
0.137,3499.999999999999,165497.99999999997
0.137,2049.3901531919196,53999.306014059075
0.137,1754.1766903122075,65102.96607280217
0.137,3499.999999999999,188725.3592392923
0.137,575.7859447674189,7370.7379557679915
0.137,3499.999999999999,284632.00000000006
0.137,3499.999999999999,157902.4698163543
0.137,77.89736837660179,1264.4303065017073
0.137,367.32002395731166,7497.47850947237
0.137,3499.999999999999,211517.53256103548
0.137,3499.999999999999,149197.92978067917
0.137,3499.999999999999,127869.32380363949
0.137,3499.999999999999,134523.99999999994
0.137,1562.1360176173519,34673.89664455059
0.137,1087.5313770838504,15785.777763284656
0.137,2343.7589036698787,62293.94148594539
0.137,3499.999999999999,93709.00000000004
0.137,3499.999999999999,191642.8147883453
0.137,3499.999999999999,290337.0
0.137,1392.4257626577264,47103.135813932786
0.137,2743.6353293471625,90096.17541494526
0.137,1497.2486569375474,48758.91392150074
0.137,3499.999999999999,190439.1741443777
0.137,1939.7164741270822,66707.09546967248
0.137,1768.0,19136.999999999996
0.137,1412.0,67676.99999999997
0.137,3499.999999999999,159639.67141392414
0.137,3499.999999999999,148599.97769029037
0.137,3499.999999999999,166109.83036533388
0.137,85.0,1385.0000000000002
0.137,3499.999999999999,135187.0
0.137,1401.2477738174757,49416.2539761806
0.137,1034.0,16112.000000000005
0.137,3499.999999999999,226926.28078298902
0.137,2343.7589036698787,102226.24378344676
0.137,3011.4206746615914,139670.02377158272
0.137,121.38368918433811,928.7039356005768
0.137,1737.9585725787604,53547.85513911835
0.137,3499.999999999999,97289.00000000003
0.137,2693.708675317328,122336.22264119417
0.137,824.0145629781066,29357.496725708752
0.137,2269.03063002684,61927.67659132704
0.137,3499.999999999999,200872.00000000006
0.137,3499.999999999999,207473.45101561447
0.137,3499.999999999999,80160.99999999999
0.137,1066.40890038789,24466.96669760628
0.137,3499.999999999999,218873.36656158467
0.137,1738.8626027768157,47287.91447106604
0.137,572.8535281149109,10339.682724353377
0.137,3499.999999999999,102818.99999999996
0.137,271.0,853.9999999999999
0.137,2434.5972458522356,115685.27328556144
0.137,1829.829731981236,50512.0803003179
0.137,3499.999999999999,284045.0
0.137,3499.999999999999,123882.43611585947
0.138,3499.999999999999,143126.31344375492
0.138,2069.7825972792407,147114.0947020374
0.138,3499.999999999999,203451.00000000006
0.138,970.2589403346034,28066.35010220323
0.138,1820.5507053965575,46143.03017519379
0.138,3499.999999999999,174438.07532724083
0.138,1883.8789770046264,64813.051463420525
0.138,1675.9285100156994,44895.34952566933
0.138,2779.9616984479976,128552.27125372701
0.138,2807.0049192231413,112613.63108340513
0.138,653.3425849242689,7572.62909416839
0.138,1533.9999999999998,106819.99999999999
0.138,3499.999999999999,291305.99999999994
0.138,3499.999999999999,90132.00000000001
0.138,3499.999999999999,118434.00000000001
0.138,3499.999999999999,189782.0
0.138,3499.999999999999,130958.19250432553
0.138,2606.1614227650534,139864.21483411593
0.138,120.0,1344.0000000000002
0.138,2536.7288228719344,88178.2173762685
0.138,2902.939943644556,69328.54684402334
0.138,3499.999999999999,123778.66097999286
0.138,476.9696007084728,8557.01197848875
0.138,3499.999999999999,163114.1188432198
0.138,2493.114386072792,148808.79158356253
0.138,3499.999999999999,116442.61684623892
0.138,2306.753934722041,115269.92137668304
0.138,3499.999999999999,158712.69535886642
0.138,3499.999999999999,304887.9999999998
0.138,1885.7359306117069,60800.624996787636
0.138,67.0,792.0000000000001
0.138,2587.566424268177,70229.95261282747
0.138,1728.8724649319856,32718.969360296178
0.138,2630.657609036576,109042.964796621
0.138,3499.999999999999,91356.0
0.138,3499.999999999999,191186.75269449913
0.138,3499.999999999999,215118.25108065578
0.138,3499.999999999999,123262.32924898465
0.138,3499.999999999999,89578.00000000001
0.138,2216.7543842293394,101813.72831794345
0.138,3499.999999999999,115385.99999999997
0.138,3499.999999999999,178731.12331096677
0.138,3499.999999999999,208418.32564340407
0.138,238.69700111020003,4780.867612508111
0.138,3499.999999999999,90388.99999999997
0.138,515.6240275463753,8418.843174912021
0.138,3499.999999999999,159939.38767546415
0.138,3499.999999999999,265171.0000000001
0.138,1219.3618448791358,39114.31516916149
0.138,1000.4998750624609,28271.03719356614
0.138,3499.999999999999,208079.4215077161
0.138,674.5368781616019,12983.174727315349
0.138,1343.9175967584004,42588.59572302031
0.138,3499.999999999999,103251.0
0.138,3499.999999999999,174715.69325621548
0.138,3499.999999999999,218977.67719564476
0.138,1724.006681498573,65317.214022232154
0.138,130.23056476879765,1329.6255111872665
0.138,3499.999999999999,134130.0045627376
0.138,3499.999999999999,193215.72802181498
0.138,926.8649978906611,25090.59709949611
0.138,1169.8290473398238,23885.406255703492
0.138,3499.999999999999,110354.0
0.138,3499.999999999999,177002.38881438872
0.138,3499.999999999999,213278.00000000003
0.138,3499.999999999999,219297.99999999994
0.138,687.386354243376,20999.512041949925
0.138,3499.999999999999,192365.99999999994
0.138,1420.5307808780885,38283.77050918647
0.138,2317.447648863758,76656.94703041017
0.138,3499.999999999999,231385.23886367516
0.138,3499.999999999999,189187.40214634844
0.138,2063.8556151048942,68135.34435225229
0.138,3499.999999999999,95930.99999999996
0.138,2901.477764244746,154738.2271868873
0.138,3499.999999999999,142524.33560796495
0.138,3499.999999999999,204564.6022165126
0.138,3499.999999999999,158650.99999999994
0.138,3499.999999999999,115655.82070955186
0.138,2193.741096848031,101820.85709224804
0.139,795.7967040574399,10999.413501633193
0.139,3499.999999999999,229984.46022938157
0.139,2295.865849739483,108019.79963876997
0.139,3499.999999999999,157280.10829408778
0.139,3499.999999999999,267526.79948558426
0.139,1123.0000000000002,15056.000000000005
0.139,3499.999999999999,125418.37228213821
0.139,3067.539406121645,112797.73338512282
0.139,3499.999999999999,126716.99999999996
0.139,2000.9997501249218,97039.9734490895
0.139,1556.6180317338417,44661.60133863441
0.139,3499.999999999999,114360.58696071821
0.139,1977.9863981004792,93382.77387527561
0.139,3499.999999999999,299429.0
0.139,3499.999999999999,150390.22905095931
0.139,3499.999999999999,182972.89913595418
0.139,3499.999999999999,270512.00000000006
0.139,3499.999999999999,208322.68832750793
0.139,3499.999999999999,194346.01241488932
0.139,1123.0000000000002,53332.00000000001
0.139,2496.697819120287,48564.683505609304
0.139,1083.0494742515646,39124.825993482315
0.139,3499.999999999999,136682.0
0.139,3499.999999999999,87055.00000000001
0.139,3499.999999999999,231251.99999999994
0.139,2444.2039861419785,80663.49308385668
0.139,3499.999999999999,87345.0
0.139,200.0,5301.0
0.139,3499.999999999999,165385.53521246967
0.139,105.88200980336558,460.3509530781922
0.139,3499.999999999999,246417.0
0.139,1659.7563919623663,44922.205742189886
0.139,63.0,622.0
0.139,3499.999999999999,219883.99999999997
0.139,1215.0731347687793,17007.656765169606
0.139,61.0,394.00000000000006
0.139,2772.6749780475325,101297.2728325471
0.139,2630.494250136275,116053.0067856926
0.139,1878.3554729932448,30896.554935339198
0.139,3499.999999999999,170517.45826161033
0.139,3499.999999999999,183601.27525700897
0.139,676.3593042486615,9923.903890044548
0.139,677.0,8590.000000000002
0.139,171.0,1725.0000000000005
0.139,3499.999999999999,188908.73390079135
0.139,3499.999999999999,294423.0000000001
0.139,3499.999999999999,250440.99999999994
0.139,2727.0157600195225,111647.01334406192
0.139,1252.6266898673982,34756.242211930665
0.139,3499.999999999999,179905.84109750303
0.139,3499.999999999999,202670.5832405938
0.139,1674.0880162047588,52856.49085300926
0.139,3499.999999999999,198366.99999999997
0.139,735.8292126957851,10456.730150308884
0.139,1055.5264175808154,24597.54753611983
0.139,3499.999999999999,122187.92175564522
0.139,3499.999999999999,230052.0000000001
0.139,2236.7074868702844,72689.67062989506
0.139,1691.4304329400113,55673.283195112825
0.139,3499.999999999999,199263.24548696872
0.139,3499.999999999999,107065.91223547953
0.139,444.7066448795206,10561.833931661684
0.139,3499.999999999999,90830.00000000001
0.139,3499.999999999999,267574.00000000006
0.139,2260.559419820157,99879.30720845282
0.139,3499.999999999999,96476.16035062748
0.139,2411.1200716679373,81734.45438736345
0.139,494.9747468305832,3877.8041466788914
0.139,1347.707067195717,27954.674248888045
0.139,2163.7838056175747,78524.57901191866
0.139,2135.532720423642,48606.570543497524
0.139,3499.999999999999,270693.0
0.139,1869.893045069691,54118.65053749955
0.139,378.84343637610976,6844.681610629058
0.139,3499.999999999999,139507.2675956347
0.139,3499.999999999999,245784.32506773074
0.139,3499.999999999999,158726.66649306286
0.139,1928.8597668052496,101140.1099218307
0.139,3499.999999999999,134105.00000000003
0.139,3499.999999999999,179945.00000000003
0.139,3499.999999999999,208870.53588766413
0.139,3499.999999999999,111977.70851379303
0.139,3499.999999999999,131269.0
0.14,3499.999999999999,294257.9999999999
0.14,3499.999999999999,187185.7687993402
0.14,2480.5693715252646,59287.31523725006
0.14,1702.7349287638895,53421.336019508075
0.14,2465.883202200377,88920.27617179364
0.14,3499.999999999999,137883.00000000003
0.14,838.4827107108608,10616.699007101908
0.14,3499.999999999999,188844.45418385993
0.14,2169.124257573909,57284.333349086715
0.14,1743.8028422298923,60696.87288197272
0.14,935.7894140537617,18841.19710745944
0.14,3499.999999999999,200812.24205373265
0.14,1289.4110245241347,56218.2750512306
0.14,1016.0000000000002,35613.000000000015
0.14,3499.999999999999,223919.00000000006
0.14,3499.999999999999,120950.49991628807
0.14,1112.5437566120602,41332.77003606807
0.14,606.217782649107,11407.604656543806
0.14,908.8291029948808,16557.641692392102
0.14,3499.999999999999,190261.0
0.14,3499.999999999999,112598.99999999997
0.14,2141.0445595479305,88369.25610872755
0.14,3499.999999999999,137688.0
0.14,993.2883883792688,35298.99921868843
0.14,1992.765529437386,45500.553732690285
0.14,3499.999999999999,183378.62643176274
0.14,216.43936795324458,1233.9096401276715
0.14,2387.048386606355,83386.72905205001
0.14,3499.999999999999,186468.1036566387
0.14,3499.999999999999,267225.0
0.14,1914.2883795290616,101801.57761056551
0.14,1779.7335916056802,34095.630868067645
0.14,2135.507359490075,55276.141406742725
0.14,542.2176684690382,12391.240615854416
0.14,994.9999999999999,15591.000000000005
0.14,561.2486080160911,4643.585575823923
0.14,694.982014155762,23956.380861891474
0.14,671.9374970932935,21529.361184206093
0.14,3499.999999999999,160420.99999999997
0.14,3499.999999999999,271260.0
0.14,2207.2607458114226,76557.88754269542
0.14,3499.999999999999,159152.0
0.14,3499.999999999999,96549.17498352852
0.14,1911.5438786488792,74805.65689839241
0.14,1381.7326208635177,21884.731448110546
0.14,3499.999999999999,234779.5874325535
0.14,1975.4746265138413,66649.11303235775
0.14,2318.96728710177,66546.4962937409
0.14,3499.999999999999,245697.00000000006
0.14,3499.999999999999,152982.82613853912
0.14,1885.9660055951445,48996.504841513364
0.14,3499.999999999999,176349.00000000006
0.14,2621.699555754389,109382.05912394752
0.14,2662.6428027765646,91255.12558388358
0.14,1983.4800366429813,66523.527097917
0.14,2383.2309061017404,112392.80347430306
0.14,1125.153888413711,38384.988692366685
0.14,3499.999999999999,204590.99999999994
0.14,1111.1807363777395,9311.957576624436
0.14,3499.999999999999,171189.0
0.14,3499.999999999999,77112.00000000003
0.14,573.851011611126,14789.016975606874
0.14,1779.7697777959183,74264.35871326005
0.14,3499.999999999999,222350.1208972013
0.14,597.4947698515862,11127.346134636055
0.14,2745.2224700134243,112243.9613003793
0.14,1663.16173278769,61839.12536113363
0.14,3499.999999999999,201776.12072542188
0.14,3499.999999999999,128652.93979193302
0.14,1711.5782190715095,35399.97615818405
0.14,1027.0,12011.0
0.14,3499.999999999999,136754.99999999994
0.14,3499.999999999999,128772.68758563757
0.14,3499.999999999999,142527.99999999997
0.14,3499.999999999999,188062.99999999997
0.14,1872.6985876002573,51574.86034881727
0.14,3499.999999999999,147748.58777666872
0.14,1733.835320691249,66300.24402362306
0.14,3499.999999999999,136146.87045466912
0.14,3499.999999999999,152410.99999999994
0.14,3499.999999999999,191350.5563723292
0.14,3499.999999999999,171163.33770115612
0.14,3499.999999999999,195987.6496517064
0.14,3499.999999999999,149354.408122534
0.141,3499.999999999999,185526.00000000006
0.141,3499.999999999999,87875.99999999997
0.141,3499.999999999999,90580.36187827916
0.141,3499.999999999999,173439.0
0.141,3499.999999999999,197987.0507968169
0.141,3499.999999999999,270788.0000000001
0.141,1292.0501547848887,30302.531408801075
0.141,3499.999999999999,129515.0400223851
0.141,3499.999999999999,152143.99999999997
0.141,3499.999999999999,87722.00000000001
0.141,3499.999999999999,141086.25397606962
0.141,1031.0000000000002,24234.999999999993
0.141,2687.747408266977,91607.00379516558
0.141,564.5463244063578,6582.496764231355
0.141,3499.999999999999,137211.0
0.141,907.448473828005,25130.7213925603
0.141,384.00000000000006,5231.000000000001
0.141,2071.4729059294987,39802.28463292025
0.141,265.495762678051,3523.148449895349
0.141,2395.829710142187,116351.19750135795
0.141,545.4356057317856,3143.71181885363
0.141,2693.9507918937634,109180.28172606404
0.141,926.8649978906611,21536.736590537028
0.141,1693.7760024456034,70086.08931957686
0.141,1128.716084761797,9038.063509402884
0.141,2262.0786900547905,53993.20757280493
0.141,3499.999999999999,184058.47039422832
0.141,3499.999999999999,129005.55172549744
0.141,3499.999999999999,189547.99999999994
0.141,3499.999999999999,117772.0
0.141,3499.999999999999,79586.00000000003
0.141,1480.3197688167897,37621.2531241492
0.141,3499.999999999999,115728.29227116417
0.141,3499.999999999999,228679.00000000003
0.141,708.0000000000001,10118.999999999996
0.141,3499.999999999999,213161.00000000012
0.141,1292.0501547848887,41022.25812706727
0.141,3499.999999999999,163016.00000000003
0.141,3499.999999999999,201254.00000000006
0.141,3499.999999999999,117551.00000000003
0.141,3499.999999999999,170767.00000000003
0.141,3499.999999999999,163765.0000000001
0.141,2636.52571957196,78990.2675742556
0.141,1547.0000000000005,39545.99999999999
0.141,2149.418526020467,89027.36756750707
0.141,868.459421822192,11105.403983553862
0.141,3499.999999999999,123869.99999999996
0.141,3499.999999999999,185874.270036906
0.141,3499.999999999999,185535.99999999994
0.141,3499.999999999999,121398.7719130634
0.141,95.0,992.9999999999998
0.141,775.1174293097251,14300.637453240523
0.141,287.8124389250749,4819.62301430309
0.141,1359.0000000000002,24661.999999999996
0.141,2129.7887219158624,113889.41662858754
0.141,3499.999999999999,65494.99999999999
0.141,3499.999999999999,123889.00000000003
0.141,3499.999999999999,174578.44827862288
0.141,2194.7360374981176,56058.71722566211
0.141,2781.123021598399,136540.1526002693
0.141,535.0,20916.0
0.141,281.7744453301392,1848.5717444744755
0.141,1415.3181825025176,39529.42985071342
0.141,1509.897512158685,48791.60317035968
0.141,3499.999999999999,141519.99999999997
0.141,2742.044507637845,116242.25162686696
0.141,3499.999999999999,149868.99999999994
0.141,1082.0000000000002,29724.99999999999
0.141,1974.5885647394996,47229.007241313055
0.141,1497.8317662541408,58752.57526270658
0.141,3499.999999999999,141150.5578593297
0.141,3499.999999999999,156261.26240273748
0.141,3499.999999999999,147825.9379737683
0.141,1877.3651749193598,119593.13625789744
0.141,1992.2349259060795,112840.3755399635
0.141,946.6110086521664,52650.20509366912
0.141,3499.999999999999,169710.3399207014
0.142,600.416522091123,5128.136503643404
0.142,907.448473828005,24812.223855087785
0.142,2315.1644477314985,74615.67560236274
0.142,885.8487455542285,17142.564568931914
0.142,1851.1933652338075,71278.53312877924
0.142,2557.7745552072647,108757.2129846211
0.142,298.70554062487685,1952.4876440069984
0.142,1080.5821050356747,19610.32910865736
0.142,3499.999999999999,126029.63490870918
0.142,3499.999999999999,234890.99999999988
0.142,2659.7599044603885,97951.96730387592
0.142,2239.531200943626,150300.07928141617
0.142,1489.710498388076,31990.40156144394
0.142,311.0,405.0
0.142,3499.999999999999,156975.50140054795
0.142,1252.0,104941.00000000003
0.142,2212.8693005771647,121879.40412640214
0.142,3499.999999999999,152748.00000000003
0.142,3499.999999999999,184116.81016409126
0.142,984.6319109189992,6927.679481615759
0.142,1199.8263637654827,43566.26539791002
0.142,773.6278174936574,11621.07761784595
0.142,2347.4697377696866,82783.95558735363
0.142,2057.0325113420245,74488.60542549951
0.142,2112.990083110596,92774.86299672064
0.142,1476.0000000000002,37054.99999999999
0.142,3499.999999999999,90802.0
0.142,3499.999999999999,147681.34927635512
0.142,2128.1447319202707,110953.69657654494
0.142,3499.999999999999,136008.01691076884
0.142,1821.0,103201.99999999997
0.142,3499.999999999999,221792.34319741526
0.142,2485.20596057914,93316.32850481005
0.142,3499.999999999999,193530.9999999999
0.142,3499.999999999999,145170.8706492705
0.142,1646.0,72894.00000000003
0.142,2747.457705543908,175006.9012158652
0.142,1761.779214317163,52674.9955102039
0.142,72.0,1053.0
0.142,2071.4729059294987,73780.55970240392
0.142,3499.999999999999,213028.9999999999
0.142,1281.9945255196467,35343.534549945914
0.142,2848.713916465828,165038.81016268217
0.142,1017.9999999999998,26778.999999999996
0.142,2421.26000256065,82090.91472264157
0.142,957.3371752912003,21055.946110319128
0.142,2634.183179969653,94610.4484226858
0.142,3499.999999999999,124101.99999999996
0.142,162.84017103179934,1647.0442786892097
0.142,558.121850495033,4465.870575822817
0.142,617.6568626672904,4961.221825316824
0.142,1502.6988449487394,38685.63018533958
0.142,3499.999999999999,158411.94942617163
0.142,3499.999999999999,104328.00000000004
0.142,631.0,6848.999999999996
0.142,1904.5734666411452,78980.37045374078
0.142,2583.4789075025938,99342.44509617476
0.142,62.0,749.9999999999999
0.142,1991.9741245470598,76707.86697658178
0.142,759.934207678533,17410.412401778427
0.142,3499.999999999999,101388.00000000003
0.142,3499.999999999999,125841.57033746835
0.142,373.36149837114976,4603.696543876232
0.142,3499.999999999999,235053.00000000006
0.142,964.6403474870826,23852.088210469123
0.142,3499.999999999999,176502.27481536884
0.142,2426.314076948819,134860.1060618002
0.142,3499.999999999999,202074.92452058452
0.142,2197.7260975835907,60144.721813306285
0.142,1276.0867339698789,63555.44708282531
0.142,3499.999999999999,279437.99999999994
0.142,623.2976816898969,12349.789593349355
0.142,2556.980344613272,83402.41471183053
0.142,2445.5702267764814,79539.66458483641
0.142,2669.8116317533904,88632.79388995568
0.142,1875.7687395927746,93866.07084828228
0.142,3499.999999999999,191429.99999999994
0.142,3499.999999999999,188003.99999999994
0.142,3499.999999999999,141871.81984453436
0.142,3499.999999999999,109879.99999999997
0.142,1743.3523032868904,66959.70577603958
0.142,465.8325879540846,8584.977111210024
0.142,542.2176684690382,4341.876898301011
0.142,2504.8837865722867,80226.63495478059
0.143,3499.999999999999,221572.8804028146
0.143,3499.999999999999,131919.07095019778
0.143,2269.03063002684,39641.053063711624
0.143,1038.9999999999998,41685.00000000002
0.143,2320.8834524809727,88455.13588254784
0.143,3499.999999999999,269453.0000000001
0.143,545.4356057317856,10337.351111382452
0.143,2090.699612398906,76831.48345824277
0.143,738.9181280764466,7636.533441293895
0.143,1285.4876438199292,32501.037993306658
0.143,3499.999999999999,150775.6254041083
0.143,186.0,2865.999999999999
0.143,3499.999999999999,224775.0
0.143,2361.990685841076,64343.06079135496
0.143,3499.999999999999,186570.52185688648
0.143,671.0365116742904,18487.148617350373
0.143,2443.406024319866,74313.38821392108
0.143,1094.3929553013122,16525.243557517795
0.143,3499.999999999999,115991.00000000001
0.143,3499.999999999999,107107.0
0.143,897.4205980297768,21821.67693993366
0.143,2029.2063052567585,70180.58809196843
0.143,1561.9280214367586,69523.2121186434
0.143,2295.1034835057,193205.90317068464
0.143,671.9374970932935,13350.26966019788
0.143,3499.999999999999,111173.65013347358
0.143,2535.739960632144,90624.0358551216
0.143,3499.999999999999,125540.99999999996
0.143,3499.999999999999,163445.97486545035
0.143,3499.999999999999,254775.90167706803
0.143,2142.731403480832,73829.66433265252
0.143,1343.5910213939474,39413.46402109142
0.143,2407.4277980594484,82905.24627161937
0.143,3499.999999999999,146214.99999999997
0.143,1539.5544810106585,38301.03617397316
0.143,1356.6187214980066,32364.836249104097
0.143,3499.999999999999,91752.99999999996
0.143,1330.9999999999998,98583.99999999999
0.143,486.00000000000006,8231.000000000004
0.143,3499.999999999999,95842.28516434754
0.143,2110.8464902124847,71791.31331267304
0.143,1156.20593303254,32346.136604280626
0.143,1008.2677745354201,15787.019699976863
0.143,3499.999999999999,107772.87629641133
0.143,926.8649978906611,23386.12660212348
0.143,3499.999999999999,186871.1763916522
0.143,2385.5816900705795,103030.54149619912
0.143,355.2463933666322,2276.324010328934
0.143,3499.999999999999,235320.00000000006
0.143,36.0,597.0
0.143,999.0,8170.0
0.143,3499.999999999999,145676.72526148416
0.143,1391.9999999999998,38065.99999999999
0.143,1899.605222144854,67666.73287517285
0.143,1917.9416049504741,74726.23480411679
0.143,2744.750315432531,154576.0216345834
0.143,2690.412268561244,132977.17299570187
0.143,932.6521244733481,20859.61334656693
0.143,876.8937857410313,23221.859437903426
0.143,591.6079783099615,4212.480623100835
0.143,3499.999999999999,276426.9999999999
0.143,1117.293891815002,39056.15206973477
0.143,2074.3059564929054,73774.67693998893
0.143,473.2863826479693,10125.493173174329
0.143,62.0,600.0
0.143,1694.0366607669266,53823.4091319777
0.143,3499.999999999999,126562.99999999997
0.143,1123.9999999999998,21427.999999999993
0.143,3499.999999999999,107489.69116407465
0.143,3499.999999999999,96988.99999999997
0.143,3499.999999999999,218539.0000000001
0.143,3499.999999999999,182870.09656037256
0.143,3499.999999999999,176036.00000000006
0.143,1261.8081037132174,33136.26500602867
0.143,1067.9999999999998,46662.99999999999
0.143,229.99999999999997,4335.000000000001
0.143,1668.2396261232213,59528.47491512546
0.143,3499.999999999999,135442.99999999997
0.143,3499.999999999999,148329.0
0.143,1193.9999999999998,20380.999999999993
0.143,2088.8324723075984,108584.69721560736
0.143,2557.7745552072647,155189.88818476035
0.143,458.5825988848683,3432.2951504787575
0.143,1906.4992703820803,75539.25076280975
0.143,3499.999999999999,204602.99999999994
0.143,912.7855473379979,18021.611684941905
0.143,3499.999999999999,110145.99999999999
0.143,34.00000000000001,608.0
0.144,3499.999999999999,218896.04991867728
0.144,1063.0000000000002,40710.000000000015
0.144,3499.999999999999,165637.6117009661
0.144,3499.999999999999,168615.58315885277
0.144,996.7481727877756,26216.143124330658
0.144,3499.999999999999,150176.35657909926
0.144,1683.145149916098,25952.37252282181
0.144,1698.9843991554387,61924.242330391324
0.144,542.2176684690382,4646.970841311575
0.144,3499.999999999999,237809.00000000012
0.144,86.0,233.0
0.144,3017.6241776279903,84648.47472795448
0.144,3499.999999999999,189072.00000000006
0.144,1646.0,29195.999999999993
0.144,1044.5691212925653,21700.6760530408
0.144,2767.9095576109416,106276.3044994451
0.144,3499.999999999999,111018.0
0.144,935.0,26889.999999999985
0.144,2577.5934533172763,110906.38201385074
0.144,3499.999999999999,261316.0
0.144,3499.999999999999,335343.00000000023
0.144,2194.011849329408,87626.5365773618
0.144,257.17503766889973,3314.673739600927
0.144,891.3472948295743,18853.5815165183
0.144,142.2673539502299,1884.32242463969
0.144,3499.999999999999,106042.0
0.144,3499.999999999999,300406.0000000001
0.144,1953.2024984624609,49765.463988593554
0.144,2241.8742159184576,79306.35279723811
0.144,1092.4742559895863,38264.73543616889
0.144,3499.999999999999,174277.27009643457
0.144,2351.3832258260654,52956.65706824432
0.144,1750.9997144488632,67930.61973808275
0.144,3499.999999999999,158602.0869408723
0.144,2635.3552306177908,81848.03331969448
0.144,2952.055750227801,120117.7019045944
0.144,1185.4729962672498,17631.52337429771
0.144,458.2575694955839,8367.293469216916
0.144,2102.498513673672,88341.17880694146
0.144,3499.999999999999,198786.99999999994
0.144,3499.999999999999,145460.7106032117
0.144,109.00000000000001,875.0000000000002
0.144,3499.999999999999,239920.75486293383
0.144,2069.7825972792407,35468.8150210858
0.144,3499.999999999999,153171.4915340733
0.144,3499.999999999999,154745.1984392407
0.144,3499.999999999999,148609.27053855016
0.144,3499.999999999999,291208.0
0.144,2812.639281823739,111492.08390665332
0.144,3499.999999999999,167889.00000000003
0.144,3499.999999999999,259094.0
0.144,3041.523438087677,157305.20919825736
0.144,1888.5179374313605,65925.25840677456
0.144,457.68411327823895,4086.8264702918386
0.144,2197.610685946192,70933.62439922785
0.144,2573.284117797208,108953.89410637176
0.144,3499.999999999999,125655.00000000004
0.144,1236.083062920042,19975.23178674695
0.144,2577.240081704791,98844.75696209213
0.144,47.0,1143.0000000000002
0.144,3499.999999999999,84403.96825979213
0.144,1795.8119711619688,72213.45732182075
0.144,3499.999999999999,124099.93927073463
0.144,1952.306328422873,98988.2474640298
0.144,2707.8589328102007,120930.73969012177
0.144,1960.3571103245447,57685.619767841636
0.144,2640.57408314226,105548.63788915351
0.144,1826.087323527646,46911.83465358763
0.144,3499.999999999999,179153.99999999994
0.144,1142.0,26102.999999999985
0.144,3000.7092391909828,121849.53921848451
0.144,1021.0000000000002,38503.00000000001
0.144,3499.999999999999,190462.99999999997
0.144,3499.999999999999,137952.3808387972
0.144,551.8151864528558,4623.0751670289765
0.144,3499.999999999999,197492.99999999994
0.144,146.0,1897.9999999999998
0.144,3499.999999999999,219953.2102674105
0.145,3499.999999999999,175086.99999999997
0.145,2018.4152199188354,82155.75578132065
0.145,3499.999999999999,188444.46211019298
0.145,944.7221813845589,9474.861898729714
0.145,3499.999999999999,161555.00000000003
0.145,2037.933490958086,80087.91235437765
0.145,3499.999999999999,94704.39266475444
0.145,2532.560744709854,101695.8637865449
0.145,3000.9903952449727,121911.10585511492
0.145,1164.7807307740577,22933.130441498306
0.145,2847.1192806547665,127916.01422086974
0.145,1270.9336425594363,27877.485711573154
0.145,1075.2885847678012,26809.408347164328
0.145,3499.999999999999,152302.99999999997
0.145,3499.999999999999,184081.1854207625
0.145,963.4288553909208,24311.813681890602
0.145,1942.4211695716244,46719.63452339923
0.145,3499.999999999999,93649.99999999999
0.145,3499.999999999999,137096.00000000006
0.145,3499.999999999999,254943.00000000003
0.145,1072.440208123511,29390.602171442493
0.145,3499.999999999999,124317.99999999999
0.145,3499.999999999999,192306.11009273733
0.145,1966.1426578009139,69859.95611205211
0.145,3499.999999999999,94346.00000000001
0.145,1056.0,23033.00000000001
0.145,3499.999999999999,162268.67563538387
0.145,3499.999999999999,136191.29920813593
0.145,3499.999999999999,165801.68810660523
0.145,476.99999999999994,1242.0000000000002
0.145,3499.999999999999,135398.99999999994
0.145,3499.999999999999,270996.0000000001
0.145,3499.999999999999,114521.3524169701
0.145,3499.999999999999,127843.04211112022
0.145,1702.0107119678678,89446.36625798617
0.145,932.175949056829,24401.592079206635
0.145,2040.8331631958547,60918.19843035412
0.145,487.8678099649535,17625.679135851762
0.145,2502.476369214452,101438.8979359976
0.145,3499.999999999999,197250.66853406394
0.145,2378.909535050733,76050.16659326824
0.145,2269.03063002684,92012.18972505769
0.145,3499.999999999999,209743.00000000003
0.145,772.2427544634666,15363.329404496486
0.145,1457.982137654105,22413.114098803795
0.145,3499.999999999999,132876.40963692538
0.145,1266.4523256856305,31154.4705091417
0.145,2276.3192661259322,70799.08870945613
0.145,1065.5252746094773,13639.483225130363
0.145,3499.999999999999,173983.97836643152
0.145,1050.9999999999998,17170.999999999996
0.145,286.34681710693854,2647.6130815441056
0.145,1440.4846619615123,21961.21011053773
0.145,1094.3929553013122,10093.988093336375
0.145,2572.216198010583,124492.54754967267
0.145,2155.8973211441503,71742.12820121505
0.145,3499.999999999999,17262.999999999996
0.145,3499.999999999999,169391.0
0.145,1089.6237882865812,14381.773221685844
0.145,2288.2307575941727,47218.03354651695
0.145,3499.999999999999,214042.13394250104
0.145,1950.230774685445,90167.73916043459
0.145,2682.650529901647,103959.68114403692
0.145,3499.999999999999,159646.92927952943
0.145,543.1374642573247,6553.424731733317
0.145,2309.0537906169684,82305.02189797738
0.145,811.1719916269298,11563.974273579135
0.145,1869.893045069691,65091.343018868494
0.145,1927.0443689754522,67462.39833418318
0.145,1665.994464319271,50182.40389086527
0.145,1726.5320282972784,89130.19507458384
0.145,1388.5070418785476,23804.730022366486
0.145,1715.6631370988887,42014.71025724208
0.145,3499.999999999999,83947.99999999999
0.145,1232.1760374417984,43573.380988202334
0.145,1159.310139695155,48558.052843992846
0.145,3499.999999999999,210058.0000000001
0.145,87.0,90.0
0.145,3499.999999999999,192314.0
0.145,3499.999999999999,220807.9999999999
0.145,3499.999999999999,222111.78388370125
0.145,3499.999999999999,163229.30969957577
0.146,1630.6312924337944,30282.680814464395
0.146,3499.999999999999,95487.99999999997
0.146,1542.3911195009193,61690.810181499466
0.146,2186.54979362465,68768.33183959028
0.146,3499.999999999999,186510.6578590082
0.146,1199.0646372699398,28146.709857778103
0.146,3499.999999999999,52296.00000000003
0.146,3499.999999999999,96340.99999999996
0.146,3499.999999999999,85691.99999999996
0.146,3499.999999999999,199281.99999999994
0.146,1281.0000000000002,69436.00000000003
0.146,2204.087112616015,55792.1474492603
0.146,3499.999999999999,141240.49861495104
0.146,275.85503439306666,3700.487805681841
0.146,1852.055135606626,111851.73215119139
0.146,3499.999999999999,129227.00000000004
0.146,917.5096729735332,22871.618132523985
0.146,1085.9999999999998,14434.0
0.146,1960.3571103245447,97225.073473873
0.146,3499.999999999999,111742.8930676971
0.146,1060.9999999999998,54514.00000000001
0.146,3499.999999999999,176015.24205306763
0.146,1878.2971010998235,72873.68935356579
0.146,2873.5708082404885,160056.3563801235
0.146,3499.999999999999,206123.90737854745
0.146,1885.7359306117069,62178.609151379365
0.146,1902.3669467271552,52687.36053362326
0.146,3499.999999999999,170458.65192474093
0.146,1436.0,18675.99999999999
0.146,2012.2561448466627,96286.94347929595
0.146,1036.8736239425796,18457.281410259788
0.146,1893.6086258544512,69454.7956904819
0.146,1274.9999999999995,22280.000000000004
0.146,1145.6439237389598,64722.89581747714
0.146,3499.999999999999,125281.55603280154
0.146,3499.999999999999,122784.99999999997
0.146,3499.999999999999,157824.0
0.146,3499.999999999999,263196.9999999999
0.146,1804.9247851450173,79225.74107640338
0.146,3499.999999999999,134052.6356747947
0.146,771.0000000000001,38833.00000000001
0.146,3499.999999999999,136685.99999999994
0.146,3499.999999999999,155736.00703305483
0.146,3499.999999999999,163674.67628805633
0.146,2269.03063002684,73249.69583554601
0.146,673.9999999999999,13293.999999999996
0.146,1457.5664650368435,77282.92227264699
0.146,3499.999999999999,140474.87836568072
0.146,3499.999999999999,163505.75221074026
0.146,1654.0,79546.99999999999
0.146,3499.999999999999,154751.2684751704
0.146,2166.6652253057982,67845.96075694454
0.146,487.6319169629173,4475.357929286969
0.146,581.9999999999999,8772.999999999998
0.146,3499.999999999999,70796.00000000001
0.146,158.0,2149.9999999999995
0.146,3499.999999999999,164230.68332704893
0.146,1509.897512158685,56857.77017330189
0.146,3499.999999999999,161237.38461343342
0.146,1502.9266089988414,49812.21177088167
0.146,1955.8885448818398,73458.06416588988
0.146,1085.9999999999998,40653.99999999999
0.146,799.9895831976967,42336.768106995514
0.146,2257.432169523594,76113.37359492086
0.146,1310.915710486376,28611.68259645001
0.146,62.0,526.0000000000001
0.146,2546.490108949139,88520.2069284272
0.146,3499.999999999999,168368.99999999994
0.146,3499.999999999999,227005.86305644189
0.146,3499.999999999999,280310.99999999994
0.146,1013.5651545258753,28470.095050343254
0.146,3499.999999999999,250911.00000000006
0.146,131.0,1210.0
0.146,3499.999999999999,209160.00000000003
0.146,1751.0000000000002,19547.000000000007
0.146,3499.999999999999,133640.38635083332
0.146,3499.999999999999,167900.99999999994
0.146,1506.0,98678.00000000003
0.146,3499.999999999999,167289.265740513
0.147,1086.6092654578315,23296.990234674577
0.147,3499.999999999999,133944.95251781613
0.147,3499.999999999999,216188.99999999994
0.147,3499.999999999999,146724.16866351644
0.147,3499.999999999999,188225.1084181461
0.147,654.0,8294.0
0.147,3499.999999999999,187202.99999999994
0.147,3499.999999999999,257373.99999999997
0.147,1724.6648643570882,45718.01087611502
0.147,318.3959798741184,2022.930053165458
0.147,601.0,19904.999999999993
0.147,1047.0000000000002,79043.0
0.147,422.4926034855521,12983.449387585719
0.147,2935.99606129148,122839.28823993115
0.147,3499.999999999999,176629.99999999997
0.147,1948.717526990507,153463.0896111504
0.147,1310.915710486376,24647.061082408996
0.147,1210.0,49560.99999999999
0.147,2060.461113440387,60397.998725123296
0.147,120.0,928.0000000000001
0.147,3499.999999999999,207691.00000000003
0.147,3499.999999999999,201656.99999999997
0.147,3499.999999999999,137458.61083613496
0.147,3499.999999999999,158641.9818956266
0.147,3499.999999999999,204971.00000000006
0.147,3499.999999999999,148436.75822887511
0.147,2117.427684715584,77135.64780955687
0.147,3499.999999999999,142825.35783606494
0.147,3499.999999999999,87543.99999999997
0.147,3499.999999999999,256884.0
0.147,3499.999999999999,138647.41634448155
0.147,2369.4923159024306,69275.26087337133
0.147,473.2863826479693,11530.173242410543
0.147,3499.999999999999,137094.00000000006
0.147,1353.4784815430203,37866.409732109525
0.147,1927.952281567155,36034.229421482
0.147,1917.9416049504741,105458.07579317957
0.147,3499.999999999999,145558.45790609348
0.147,3499.999999999999,130901.99999999997
0.147,2698.085145757891,83590.7314003824
0.147,3499.999999999999,209714.40542795352
0.147,3499.999999999999,184061.978849517
0.147,3499.999999999999,188352.3973380748
0.147,2208.6366728523326,83447.94678086294
0.147,3499.999999999999,137148.85680064894
0.147,3499.999999999999,113529.7993171836
0.147,3499.999999999999,153967.35523480302
0.147,2353.8266716136936,79850.40678669084
0.147,699.9999999999999,6663.655753413438
0.147,1746.5994253468884,59518.96612927052
0.147,2100.46280994545,65538.54116805237
0.147,1811.5198862815191,65621.39901563311
0.147,405.99999999999994,2032.9999999999998
0.147,1092.0000000000002,33655.00000000001
0.147,642.6507605223851,16267.22145911834
0.147,3499.999999999999,205673.0
0.147,942.8679653058534,21151.072029568622
0.147,3499.999999999999,134331.35359295044
0.147,1948.717526990507,52427.39279231803
0.147,2610.362980006878,64838.550178880825
0.147,3499.999999999999,178649.53227758536
0.147,319.1343800431833,3526.431659688864
0.147,511.0042495909501,11043.868435214265
0.147,306.8957477711283,4411.187595194745
0.147,3499.999999999999,132387.0
0.147,2089.976076418101,76488.02886726787
0.147,114.2628548566856,849.8458683784962
0.147,3499.999999999999,104523.0
0.147,666.612512045479,14947.668595469653
0.147,3499.999999999999,180473.111807409
0.147,1009.5746992151855,12373.216634021917
0.147,1334.9157276772196,26114.939345133473
0.147,262.69754471635247,603.2743985948683
0.147,1305.0,97290.99999999999
0.147,3499.999999999999,168254.6494421154
0.147,2457.798281205989,83941.26395821641
0.147,83.0,136.0
0.147,2538.8203895617,96270.7980970749
0.147,3499.999999999999,115453.99999999997
0.147,688.9625942451289,7693.793950533376
0.147,1576.129230804118,53598.797411258216
0.147,338.088745745847,3752.0710281123415
0.147,1069.8130677833394,24617.920687986632
0.148,2249.809188348675,59494.01960229228
0.148,665.0,23093.000000000004
0.148,153.0,1112.0
0.148,3499.999999999999,219691.0000000001
0.148,2590.9063312529565,91521.29622370857
0.148,3083.6393385737983,105182.24234507131
0.148,1857.9999999999995,81419.0
0.148,1239.5563722558163,44877.4711297328
0.148,837.7718728240054,9315.799048826335
0.148,812.1116248571873,15851.71958129715
0.148,528.1607273422205,9063.090355647026
0.148,1611.7856766451832,40905.88460658833
0.148,146.0,4265.999999999999
0.148,2371.672162868584,127476.30076370794
0.148,3499.999999999999,168866.62593893442
0.148,2593.368002752688,152664.75515849522
0.148,3499.999999999999,152800.00000000006
0.148,3499.999999999999,189281.0484834655
0.148,1896.8394766031206,36032.27865400686
0.148,784.8566748139431,15833.947391601381
0.148,3499.999999999999,178107.092196454
0.148,3499.999999999999,124725.27455389066
0.148,1505.530567683541,45856.97954566966
0.148,641.1822937303999,14297.386384065168
0.148,620.6708832303432,12277.561155546244
0.148,1988.7181801351346,52639.57484630743
0.148,2130.6102412219834,72780.4660880926
0.148,3499.999999999999,240977.66919364125
0.148,3499.999999999999,161644.4909330349
0.148,3499.999999999999,231225.00000000006
0.148,2323.5142934254814,54961.83298118922
0.148,112.00000000000001,1412.0
0.148,3499.999999999999,114992.99999999999
0.148,1507.9531895617017,55250.8650222291
0.148,462.0606020859168,7596.442391014358
0.148,2240.3124782047703,108006.22276054289
0.148,1846.2188170243792,37695.22468912803
0.148,769.09037180295,17170.025742554964
0.148,3499.999999999999,176021.99999999994
0.148,578.0,19872.0
0.148,3499.999999999999,178202.99999999994
0.148,2266.959144818542,94612.38852590205
0.148,3499.999999999999,142768.9853994908
0.148,1956.5856226174053,68727.08393203896
0.148,3499.999999999999,118796.77932082172
0.148,759.934207678533,11513.938248922475
0.148,1032.0,6153.000000000002
0.148,3499.999999999999,137845.00000000006
0.148,3499.999999999999,141255.99999999997
0.148,1011.9999999999999,31148.0
0.148,2943.5578115296025,114495.70179225723
0.148,1799.965894415515,70526.47905182623
0.148,1200.9153895037884,53196.71512072034
0.148,3499.999999999999,201309.8327355125
0.148,1058.0711332326216,13949.163762259215
0.148,3499.999999999999,183187.0
0.148,2506.778382255785,95929.62951891814
0.148,3499.999999999999,128568.82359265801
0.148,2717.9305012349587,198216.99809886006
0.148,2491.084101350254,109138.3769899479
0.148,3499.999999999999,125822.99999999999
0.148,1786.0000000000002,44866.99999999999
0.148,3499.999999999999,242208.99999999997
0.148,2440.7816854098096,114963.84818034325
0.148,137.0,657.0
0.148,3499.999999999999,201096.49287575466
0.148,1119.1621866378443,25016.762860130417
0.148,2022.745658751985,65059.82375475669
0.148,3499.999999999999,150666.0
0.148,2343.394973110593,75998.47100435644
0.148,1759.6203788441144,52422.39144252192
0.148,809.1575866294523,19409.489122591564
0.148,1577.0196574245074,50567.9918024692
0.148,3499.999999999999,176703.4619120242
0.148,3499.999999999999,133771.99999999997
0.148,300.3545733532802,1312.282210974398
0.148,1045.9742613733522,42147.39080102553
0.148,570.5260730238364,5663.999999999998
0.148,3499.999999999999,172263.8657263908
0.148,3499.999999999999,99514.00000000003
0.148,1955.8885448818398,49146.462649920184
0.148,2532.883732033509,59505.77677839358
0.148,3499.999999999999,253634.00000000012
0.148,3499.999999999999,189598.99999999994
0.148,3499.999999999999,116404.00000000001
0.149,480.99999999999994,977.9999999999999
0.149,3499.999999999999,195766.00000000003
0.149,3499.999999999999,121316.00000000003
0.149,1767.1063962606418,59275.198217829005
0.149,3499.999999999999,197698.57140100937
0.149,3499.999999999999,244459.00000000006
0.149,375.0,5295.999999999999
0.149,2642.914500129141,137703.98368299322
0.149,3499.999999999999,240339.0000000001
0.149,3499.999999999999,109575.34471312424
0.149,2557.7745552072647,82331.71946534759
0.149,2071.2999257106085,88214.68233691703
0.149,1996.6221475281702,86688.39284471713
0.149,556.210430131645,12013.114594019702
0.149,3499.999999999999,221717.17567658133
0.149,957.0,39546.99999999999
0.149,101.0,586.0
0.149,745.9892760623304,28743.91161620142
0.149,3499.999999999999,128220.32510487568
0.149,2487.8476909343453,137193.98364636878
0.149,1480.6074889014294,68396.8823608059
0.149,484.25200051213,9889.316407113289
0.149,1522.169504358828,41272.57382330305
0.149,3499.999999999999,174038.17883683008
0.149,1316.2110825802374,38561.31436879683
0.149,3499.999999999999,86564.2770431314
0.149,1179.6331331025813,20640.820867199018
0.149,1002.9999999999999,14119.999999999996
0.149,1949.6153466773897,71118.22793067894
0.149,653.2523385178246,6082.651282020048
0.149,2611.560943910705,154992.29332422698
0.149,2132.8178007757797,55909.299231922705
0.149,1907.9766224737461,42845.14984242866
0.149,3499.999999999999,221600.31155212768
0.149,3499.999999999999,123347.00000000004
0.149,658.7867636800243,6386.463027372817
0.149,3499.999999999999,141029.51159243233
0.149,1348.5745615083067,38181.898656466874
0.149,3499.999999999999,112781.82957817275
0.149,2716.82452735853,93555.13691560474
0.149,3499.999999999999,121363.00000000001
0.149,724.4694610540876,10006.688163423501
0.149,1906.9609330030858,77749.79084216242
0.149,1248.2451682261778,18588.011136213587
0.149,2942.141297188155,94464.33732298971
0.149,3499.999999999999,55692.00000000001
0.149,3058.985863743975,138279.91984522427
0.149,887.6227430579875,17275.727174828946
0.149,1645.0000000000002,38222.00000000001
0.149,1239.5563722558163,48057.171213045825
0.149,3499.999999999999,215809.32455526572
0.149,1044.4147879847812,16184.105781413817
0.149,3499.999999999999,247325.2911326132
0.149,705.883739921022,7101.200216274641
0.149,1542.1408490274946,52143.21432792464
0.149,1226.3890084308487,31238.73688227487
0.149,3499.999999999999,162610.52881040642
0.149,3499.999999999999,154614.00651434765
0.149,1080.9999999999998,61987.0
0.149,3499.999999999999,96743.87320135579
0.149,3499.999999999999,140041.00300626244
0.149,3499.999999999999,141917.99999999997
0.149,3499.999999999999,149541.97965454383
0.149,3499.999999999999,165552.9322331682
0.149,784.8566748139431,42169.70685219425
0.149,1788.587464841499,52677.40150262875
0.149,1490.469774106238,42580.66847478307
0.149,2748.498771162941,114402.90205361658
0.149,1744.5939019995953,51771.9349771413
0.149,1780.5044820968244,61812.69152603814
0.149,916.0,10374.000000000004
0.149,462.0606020859168,11163.673364981614
0.149,1230.249580305625,37524.32777172956
0.149,3499.999999999999,167756.39801182703
0.149,3499.999999999999,186856.35771361916
0.149,1048.1448724611137,11018.629309226777
0.149,1174.41195866229,16333.490618159803
0.149,1310.915710486376,38256.692747805595
0.149,3499.999999999999,206017.07368808056
0.149,2060.461113440387,134538.495576545
0.149,3499.999999999999,129630.69456867209
0.149,3499.999999999999,228729.74609350672
0.149,3499.999999999999,162246.2033823905
0.149,3499.999999999999,261865.99999999994
0.149,1307.9999999999998,34622.00000000001
0.149,3499.999999999999,151414.4689090181
0.149,3499.999999999999,130035.75160700998
0.149,3499.999999999999,139200.24341932742
0.15,3499.999999999999,80412.99999999997
0.15,3499.999999999999,131380.99999999994
0.15,2067.2445428637607,68365.48043420742
0.15,3499.999999999999,153368.6451006203
0.15,3499.999999999999,77078.99999999999
0.15,1192.0570456148478,27724.027593407136
0.15,3499.999999999999,123944.99999999999
0.15,3499.999999999999,144719.72125111343
0.15,1591.3152253147064,52567.57945262893
0.15,2557.6061559980817,162184.1415623983
0.15,3499.999999999999,145726.6700915684
0.15,1266.4523256856312,48716.17701395908
0.15,2041.6904760516472,62670.374508215595
0.15,3499.999999999999,101755.00000000003
0.15,2475.9153842867545,75110.73257365415
0.15,3499.999999999999,182110.9999999999
0.15,2085.7852238425694,121748.72187830143
0.15,3499.999999999999,208971.99999999997
0.15,1350.3428484503347,42815.057179953736
0.15,1292.7593448694263,27850.500247733948
0.15,3499.999999999999,161665.0
0.15,2369.4923159024306,117472.40778785909
0.15,2473.248088514101,113093.8907055459
0.15,163.0,2491.0
0.15,446.0,11711.000000000004
0.15,1887.5910574062377,67405.71383792323
0.15,702.3104726543668,16018.900274363401
0.15,3499.999999999999,125031.39492143573
0.15,3499.999999999999,168365.2240925124
0.15,3499.999999999999,305277.99999999994
0.15,3499.999999999999,183552.99999999994
0.15,938.3856291322621,18248.612948785893
0.15,3499.999999999999,89744.46262026422
0.15,522.4940191045251,11032.39566005498
0.15,1870.0,53206.000000000015
0.15,3499.999999999999,106635.99999999994
0.15,2900.6291873948644,125321.69875943489
0.15,3499.999999999999,150129.41665443187
0.15,3499.999999999999,206973.1750734861
0.15,1136.0200921862893,17909.103126130023
0.15,3499.999999999999,191866.0
0.15,473.2863826479693,12107.435897001476
0.15,3499.999999999999,200740.99999999997
0.15,1665.2999907355725,29957.22771170091
0.15,2506.491571898856,139020.766272525
0.15,488.99999999999994,7751.000000000002
0.15,1964.0,100061.00000000003
0.15,1393.9999999999998,53674.999999999985
0.15,3499.999999999999,239574.00000000003
0.15,3499.999999999999,126333.46975366419
0.15,636.7844078665462,15431.790431935402
0.15,2020.1504642356388,53956.25151142715
0.15,3499.999999999999,113698.00000000003
0.15,1720.1728017460973,71984.40148981777
0.15,3499.999999999999,160330.0
0.15,3499.999999999999,87375.65116209438
0.15,3499.999999999999,128417.69037013558
0.15,1065.0,24185.000000000004
0.15,3499.999999999999,101270.00000000001
0.15,919.8543569304746,26082.343481124786
0.15,2186.54979362465,43629.319637143075
0.15,2483.220970948171,133364.90391713713
0.15,3499.999999999999,289820.0
0.15,3499.999999999999,148143.99999999997
0.15,3499.999999999999,205657.7131181808
0.15,3499.999999999999,163952.99999999994
0.15,2450.7141816213493,102525.35656119419
0.15,3499.999999999999,170761.41830050488
0.15,3499.999999999999,196840.00000000006
0.15,3499.999999999999,158100.00000000006
0.15,1431.7182212322666,37277.40884132213
0.15,961.3714162590854,14342.09440772163
0.15,1624.8787286225029,55805.704539471706
0.15,3499.999999999999,150659.99999999994
0.15,949.5159121852469,16103.613595627567
0.15,3499.999999999999,201299.99999999994
0.15,1191.9161388201649,24557.373458518727
0.15,2110.451014014124,97775.75278179653
0.15,3131.58287867365,130741.64811035266
0.15,2283.6374493338462,80286.80447620267
0.15,3499.999999999999,126090.99999999999
0.15,3499.999999999999,194800.9549514579
0.151,597.4947698515862,5118.988962676126
0.151,3499.999999999999,188628.01292440476
0.151,480.62459362791657,10403.541896873394
0.151,3499.999999999999,92374.99999999997
0.151,3499.999999999999,212773.99999999997
0.151,340.8078637590395,1280.1562404644205
0.151,1683.072939194256,63698.76289176306
0.151,3499.999999999999,178458.27203018626
0.151,3499.999999999999,183484.00000000003
0.151,3499.999999999999,120131.78438698062
0.151,1913.3739833080206,67645.5777490295
0.151,3499.999999999999,61588.99999999998
0.151,2152.3860296145863,108340.00830168088
0.151,3499.999999999999,172905.16074521714
0.151,3499.999999999999,182669.60402704836
0.151,3499.999999999999,96961.00000000001
0.151,3499.999999999999,234247.99000302286
0.151,1230.249580305625,37314.96035019781
0.151,1577.0196574245074,51422.29343485635
0.151,1487.763735136598,56251.32466303362
0.151,1316.2110825802374,21178.528714636046
0.151,3499.999999999999,224786.1391176562
0.151,3499.999999999999,134860.99999999994
0.151,1200.7497657713704,19812.051988625513
0.151,536.4301561053088,6191.216039539288
0.151,412.0,2787.0
0.151,3499.999999999999,223967.0
0.151,3499.999999999999,189353.00000000006
0.151,2682.117814911272,115850.69820028952
0.151,3499.999999999999,172939.00000000003
0.151,3499.999999999999,107826.83617263376
0.151,3499.999999999999,156379.07269534367
0.151,2393.966325347376,62691.60772485694
0.151,3499.999999999999,259364.28754167378
0.151,3499.999999999999,229979.59371213787
0.151,2754.6728994033797,126660.01128178793
0.151,3499.999999999999,119433.23773316409
0.151,1319.9532408853365,43663.869637223026
0.151,2424.5703713806465,125137.55672133758
0.151,1993.1131427994742,60376.59369325165
0.151,1190.7060243308388,30829.013797131767
0.151,1050.9999999999998,35798.000000000015
0.151,1991.1697545142038,42386.76298898028
0.151,2084.1065231892535,46230.31255572476
0.151,3499.999999999999,251820.99999999997
0.151,1281.9945255196471,32255.90079579209
0.151,1551.9748728318286,59100.541850459034
0.151,782.2964947527005,12472.877246936634
0.151,2076.535576386785,85214.3308135433
0.151,726.9800547470336,19374.04216987255
0.151,3499.999999999999,153733.79420749872
0.151,114.99999999999999,157.0
0.151,3499.999999999999,157298.7337075542
0.151,3499.999999999999,97180.99999999996
0.151,2142.89523775662,47998.186465740546
0.151,721.2170773138151,9712.289009703887
0.151,3499.999999999999,143454.20810837168
0.151,1017.5244336084575,46965.486337424605
0.151,2433.2186514205146,96959.7455625351
0.151,3499.999999999999,125835.00000000003
0.151,172.18594600024707,1297.4112686422918
0.151,1107.0000000000002,18097.000000000007
0.151,3499.999999999999,235659.82486500606
0.151,2198.5222309542373,60657.90426646804
0.151,3499.999999999999,138089.99999999997
0.151,3499.999999999999,141938.00000000003
0.151,3499.999999999999,128588.13645900623
0.151,3499.999999999999,174756.02427956532
0.151,3499.999999999999,168501.4221423664
0.151,873.4987120768981,18127.539822049763
0.151,3499.999999999999,152485.00000000003
0.151,1055.5264175808154,40090.22967730616
0.151,1721.222314861312,60667.54818492549
0.151,1191.0000000000002,32239.00000000001
0.151,1896.9429139105537,74303.75828809179
0.151,2441.4669133193092,129013.02713765865
0.151,3499.999999999999,301041.99999999977
0.151,201.44362438455238,1277.0629142746393
0.151,1062.8061401564817,46442.99896238478
0.151,3499.999999999999,161623.0
0.151,110.00000000000001,1052.0
0.151,1850.0815644584009,45261.06045841362
0.151,3499.999999999999,116327.00000000001
0.151,1949.6153466773897,109749.25965581724
0.151,1117.2111073354206,28405.41735991642
0.151,2107.2886853164296,37818.468521752955
0.151,3499.999999999999,120074.62886561632
0.151,3499.999999999999,121226.59796008047
0.152,3499.999999999999,156809.59312933218
0.152,3499.999999999999,194316.69133144474
0.152,2079.0622886291785,77663.91991137197
0.152,3499.999999999999,274058.9999999999
0.152,3499.999999999999,246144.0000000001
0.152,3499.999999999999,214325.0
0.152,3499.999999999999,101131.20233206612
0.152,3499.999999999999,133632.5572986064
0.152,2187.3602368917295,81000.27364555132
0.152,2220.706698150495,82740.30661222096
0.152,3499.999999999999,147669.8919075924
0.152,1841.18851852351,98816.14316160524
0.152,2719.654289012143,119361.60900386026
0.152,3499.999999999999,158121.00000000003
0.152,3499.999999999999,137431.00000000003
0.152,1065.9999999999998,10022.999999999998
0.152,3499.999999999999,242286.99999999988
0.152,2224.634801489899,87525.84332641421
0.152,1108.3771921146697,38138.89715238236
0.152,2270.572615002656,76971.62100410774
0.152,3499.999999999999,57561.999999999985
0.152,3499.999999999999,282666.0
0.152,1137.1235126530858,15964.530593940997
0.152,689.9275324264134,7876.382989672352
0.152,525.8326730053963,16216.048069736355
0.152,3499.999999999999,83911.00000000003
0.152,2630.5807196392248,102391.01112094586
0.152,603.3241251599342,3079.890744815472
0.152,3499.999999999999,200420.09019057945
0.152,3499.999999999999,223044.0
0.152,3499.999999999999,217815.99999999994
0.152,3499.999999999999,180311.64520629277
0.152,1102.0435563080073,14505.187003275756
0.152,1433.3527130472808,52071.157198587425
0.152,242.0,309.0
0.152,3499.999999999999,110298.00000000003
0.152,3499.999999999999,116616.40165945783
0.152,3499.999999999999,172451.00000000006
0.152,1471.0,33257.99999999999
0.152,1134.9008767288885,21880.36747863253
0.152,898.5598311738045,22686.8259271939
0.152,1980.17514312615,79061.36777246832
0.152,3499.999999999999,197087.99999999994
0.152,3499.999999999999,79851.99999999999
0.152,3499.999999999999,123224.99999999997
0.152,597.4947698515862,11370.138961332003
0.152,590.1148871360317,14832.272883068168
0.152,3499.999999999999,173644.71672354438
0.152,1823.5380555102495,49110.289987295626
0.152,2919.3220262475593,120001.1333847144
0.152,1718.7204542915058,45679.26124621542
0.152,515.751878329105,11486.983328968488
0.152,469.57427527495577,7464.177784592218
0.152,371.00000000000006,7332.000000000002
0.152,3499.999999999999,263654.99999999994
0.152,3499.999999999999,173305.18839607778
0.152,1603.0,73437.00000000003
0.152,2305.9862960847527,125795.21240759475
0.152,288.99999999999994,1026.0
0.152,3499.999999999999,126157.76749768529
0.152,2453.7357973027133,125169.17165720434
0.152,3499.999999999999,258067.99999999988
0.152,3499.999999999999,151999.55060169045
0.152,3499.999999999999,222548.99999999988
0.152,3499.999999999999,142615.55196050683
0.152,3499.999999999999,259148.00000000006
0.152,1913.3739833080206,42423.205913744925
0.152,3499.999999999999,150741.4676560276
0.152,1917.9416049504741,76243.04959797971
0.152,3499.999999999999,144027.00000000003
0.152,1296.7373807614986,35292.681744582434
0.152,2442.1302176583454,62694.942220246114
0.152,1084.4026005132964,27326.041425716965
0.152,3499.999999999999,179672.88248369592
0.152,3499.999999999999,273035.99999999994
0.152,1478.4116164070044,30564.19001414778
0.152,2073.747247885159,67132.0477657707
0.152,3499.999999999999,270982.9999999999
0.152,487.8524367060187,15630.361608101077
0.152,3499.999999999999,252435.41543927634
0.152,2617.607721309317,105919.9408234216
0.152,67.0,634.0
0.152,465.8325879540846,7720.891723110745
0.153,89.0,97.0
0.153,3499.999999999999,122400.53948410519
0.153,2010.0947951628943,75216.43821669326
0.153,3499.999999999999,117706.00000000004
0.153,2041.8772060816618,77799.4369222352
0.153,266.42071991494964,5502.866889176951
0.153,3499.999999999999,128404.84490859378
0.153,3499.999999999999,264283.99999999994
0.153,561.0,15070.000000000002
0.153,3499.999999999999,47349.6407589329
0.153,3499.999999999999,138766.66104987406
0.153,3499.999999999999,124194.00000000006
0.153,3499.999999999999,177606.00000000003
0.153,1204.9208811536407,28196.6096218896
0.153,3499.999999999999,139195.0494400413
0.153,2006.240264773887,67168.34075663923
0.153,3499.999999999999,279393.00000000006
0.153,157.0,936.9999999999999
0.153,2589.6728596673993,90556.91410674561
0.153,3499.999999999999,200872.00000000006
0.153,3499.999999999999,156006.13958431256
0.153,3499.999999999999,166359.56162637996
0.153,1987.8380215701675,87139.66706385792
0.153,1751.9954441824755,34137.78101003553
0.153,3499.999999999999,101359.00000000004
0.153,281.0,12716.000000000002
0.153,3499.999999999999,180731.68350988723
0.153,375.16796238484966,17240.69093743055
0.153,1038.9999999999998,47033.00000000002
0.153,1191.789379759557,18961.230776969842
0.153,1795.9922163799074,69153.67887846673
0.153,3499.999999999999,122957.29297199092
0.153,709.14663061014,7104.514029989276
0.153,1281.9945255196471,45553.55946905795
0.153,2040.1742319236832,48885.59781994553
0.153,3499.999999999999,250619.0
0.153,2483.8829867009276,66180.84246776627
0.153,1287.5223468636223,30843.633632825953
0.153,302.0,12008.999999999998
0.153,854.0609946532106,13694.92194134404
0.153,697.4955196988722,17545.218037972627
0.153,3499.999999999999,158567.00000000003
0.153,3499.999999999999,197765.60610985922
0.153,3499.999999999999,118623.1752483468
0.153,1080.5821050356747,33021.779355186496
0.153,1532.2616046157848,48524.82217947541
0.153,1223.3239920306407,20309.39439132911
0.153,1536.5152370105568,26875.239624326816
0.153,3499.999999999999,169399.61983428407
0.153,3499.999999999999,144817.00000000006
0.153,2499.824208033414,102764.65595291252
0.153,1917.9416049504741,74226.00873009406
0.153,476.76941243401234,3314.879996747905
0.153,109.00000000000001,1057.0000000000002
0.153,991.241930104525,20428.6398724032
0.153,1778.2094944008743,55392.29316397232
0.153,1236.0700902326084,30248.70747312608
0.153,926.8649978906611,20534.065038172706
0.153,3499.999999999999,127218.00000000003
0.153,1905.1246678367263,82761.67801585463
0.153,2475.5807399477,113212.91734603442
0.153,1667.2001495631462,51360.41392576676
0.153,1705.6384866008511,68904.69235623315
0.153,2271.343214928118,93093.46620466979
0.153,2223.6951267984173,79359.70153776306
0.153,3499.999999999999,187212.07020915093
0.153,3499.999999999999,280748.00000000006
0.153,2313.6398082074193,81999.15024386522
0.153,3499.999999999999,159212.73234889228
0.153,3499.999999999999,177888.2663499761
0.153,1430.459288139031,30534.488892831632
0.153,1471.0,91994.99999999997
0.153,2689.051877521146,147011.49504035394
0.153,3499.999999999999,133815.9547438197
0.153,1586.8927058034963,50910.74130815158
0.153,2500.199992000639,90374.59809039261
0.153,2611.008909814834,104084.4285380202
0.153,2386.8201146966476,134547.9574144078
0.153,858.8144157888966,13081.704725019554
0.153,1236.8866044979625,26570.18873938881
0.153,3499.999999999999,146485.02751199534
0.153,3499.999999999999,144163.95306733233
0.154,2500.9729546279277,111652.15194151642
0.154,1261.0,16711.999999999996
0.154,2309.819392062532,87123.87674490691
0.154,3499.999999999999,131809.4387932821
0.154,3499.999999999999,198272.0714018591
0.154,3499.999999999999,127409.61016344097
0.154,3499.999999999999,173454.99999999994
0.154,3499.999999999999,142316.57296243828
0.154,480.62459362791657,10873.636190345893
0.154,3499.999999999999,162340.81649418923
0.154,2560.268729927747,89818.20046516847
0.154,2580.6627506361606,107113.2592585051
0.154,1465.0,43184.0
0.154,3499.999999999999,102548.99999999997
0.154,1503.0,38422.99999999999
0.154,2072.317543235109,88277.61460302383
0.154,96.0,755.0000000000001
0.154,1190.5880899790654,30481.67260830677
0.154,72.20803279414278,709.1833331374899
0.154,3499.999999999999,117301.00000000004
0.154,1765.9275183313728,40030.42592828611
0.154,3499.999999999999,139810.0
0.154,2109.9763031844686,66868.85669726972
0.154,762.2335600063799,12932.758406465346
0.154,3499.999999999999,71211.00000000003
0.154,3499.999999999999,82690.99999999996
0.154,1694.1074346097412,62239.16038958111
0.154,1094.8691719079993,14962.493840724155
0.154,3499.999999999999,86739.99999999997
0.154,892.0397532144411,29483.444354062318
0.154,3499.999999999999,146943.0373272489
0.154,1538.0,57561.000000000015
0.154,177.05427809648938,2020.1285458012535
0.154,1385.627561084801,28499.29278421638
0.154,1669.0919948670694,58638.6226362624
0.154,1533.4261494171033,45312.53633157253
0.154,1325.5135064274364,33520.67126113503
0.154,41.0,46.0
0.154,3499.999999999999,127659.00000000001
0.154,1080.1742119581843,15519.98995599843
0.154,3499.999999999999,106598.59571307687
0.154,1363.9999999999998,42165.00000000001
0.154,3499.999999999999,108909.65237255377
0.154,3499.999999999999,136413.99999999997
0.154,1182.1866955290463,42246.242725139135
0.154,1980.7826735914266,47224.60356636145
0.154,3499.999999999999,164550.0
0.154,3499.999999999999,87190.99999999996
0.154,3499.999999999999,177941.1329288425
0.154,1976.6535316383238,47135.13480924226
0.154,699.9999999999999,2120.0000000000005
0.154,3499.999999999999,160663.00000000003
0.154,3499.999999999999,171896.99999999997
0.154,2899.6432930371047,177970.90486558154
0.154,3499.999999999999,172282.0
0.154,3499.999999999999,223626.74583331923
0.154,3499.999999999999,143722.57438551527
0.154,972.1481425036922,23610.282643596456
0.154,2082.426469290092,71609.46908754457
0.154,1493.3634939593096,34621.22193090533
0.154,2639.128644079329,181554.53663293575
0.154,289.15360828681764,1894.286081878632
0.154,3499.999999999999,224493.99999999997
0.154,2448.2769856007994,73058.85416831922
0.154,2175.925532026598,40737.70597942915
0.154,1036.8736239425796,20033.514170642393
0.154,1814.8099995759114,50770.00464483635
0.154,3499.999999999999,284911.0
0.154,3499.999999999999,246735.5770779722
0.154,3499.999999999999,231049.00000000003
0.154,1949.6153466773897,65655.16045978412
0.154,375.0,5611.999999999999
0.154,624.1546954875213,9490.121185587452
0.154,2177.1274571839963,86336.24730616463
0.154,108.0,155.0
0.155,3499.999999999999,106874.99999999996
0.155,3499.999999999999,83899.00000000003
0.155,1754.4309235480061,73762.32240076334
0.155,2317.447648863758,96814.98868111684
0.155,3499.999999999999,165336.0
0.155,551.8151864528558,3656.566695685995
0.155,3499.999999999999,146195.00000000003
0.155,606.8049370190188,7469.486473338859
0.155,3499.999999999999,230722.99999999994
0.155,3499.999999999999,131147.80671909658
0.155,3499.999999999999,250466.0
0.155,2407.5326663649557,118367.7662152303
0.155,3499.999999999999,228403.00000000003
0.155,2043.4040227032926,108461.85149627498
0.155,3499.999999999999,119772.96249154065
0.155,1877.461259402112,49275.466563459035
0.155,2172.9012862990344,96624.57559027108
0.155,3499.999999999999,208839.74861601423
0.155,3499.999999999999,157053.99999999994
0.155,2432.5287680119977,100705.24532257787
0.155,2348.420301156231,78143.91514122806
0.155,3499.999999999999,220069.7575156569
0.155,3499.999999999999,214555.00000000003
0.155,1121.0,9261.0
0.155,1401.2494424619763,27166.378521989263
0.155,3499.999999999999,106586.00000000003
0.155,438.74821936960615,12967.955120218454
0.155,3499.999999999999,116472.00000000003
0.155,1841.643537811629,64586.50304549317
0.155,2053.655277791285,61812.668604421175
0.155,1217.2103351516528,20589.691498417364
0.155,263.3968957638505,803.1695053778539
0.155,398.8721599710865,3753.657416440664
0.155,2370.9459925345,66053.09233107929
0.155,1012.9999999999999,35175.99999999999
0.155,2657.066990551611,100729.55397411312
0.155,3499.999999999999,93640.99999999996
0.155,3499.999999999999,153596.65377865508
0.155,484.25200051213,9521.264621887161
0.155,3499.999999999999,168223.99397826692
0.155,2347.871376374779,76190.86757610785
0.155,1908.4817361638059,50186.424406431055
0.155,1114.4780279195186,19177.910451003412
0.155,3499.999999999999,157687.77812836197
0.155,3499.999999999999,211213.99999999988
0.155,3499.999999999999,196992.99999999997
0.155,3499.999999999999,172223.88007097054
0.155,349.28498393145964,5189.496892763306
0.155,3499.999999999999,153219.99999999997
0.155,2374.0221135564893,81814.75383972503
0.155,1497.9999999999998,81009.99999999999
0.155,767.2075158657746,17586.065603034484
0.155,1173.734868884843,42631.060696242654
0.155,3499.999999999999,83463.99999999997
0.155,3499.999999999999,126747.6505699416
0.155,1450.257584044774,25908.052174060016
0.155,1987.8380215701675,44553.39910713886
0.155,563.0,4938.0
0.155,3499.999999999999,162170.71898333737
0.155,3499.999999999999,201560.90518472262
0.155,3499.999999999999,226080.00000000012
0.155,3499.999999999999,185401.99999999997
0.155,1494.322589001451,36301.79098887545
0.155,2815.0234142926774,132572.15213636874
0.155,3499.999999999999,137217.93644418364
0.155,2349.690618694807,53268.54589362322
0.155,190.0,2985.0
0.155,1040.310866142798,36145.50160024034
0.155,1097.2322461082006,36907.87049979709
0.155,446.6542286825459,10999.624129941893
0.155,3499.999999999999,97073.00000000004
0.155,3499.999999999999,160134.22465232105
0.155,2018.2084895563619,69085.97832177948
0.155,3499.999999999999,202881.0
0.155,258.185979479909,5830.195537029611
0.155,3499.999999999999,187208.0000000001
0.155,682.4105612402774,16801.743576214132
0.155,3499.999999999999,109278.22064158293
0.155,2579.435908164303,139864.54997146805
0.156,1979.8989873223327,64967.654721407314
0.156,3499.999999999999,158859.2426473023
0.156,1192.9999999999998,47954.999999999985
0.156,2240.3124782047703,89111.61954537683
0.156,3499.999999999999,234781.0
0.156,322.08694478354755,4189.003461445216
0.156,3499.999999999999,168976.00000000003
0.156,3499.999999999999,194634.59425216893
0.156,2515.2534107728084,77114.4964206865
0.156,583.0108641287455,15564.55112358233
0.156,2869.2965476569975,141963.15618738678
0.156,3499.999999999999,175901.54018927075
0.156,1835.4530926573314,64489.54707699747
0.156,3499.999999999999,167104.1213734718
0.156,1049.0,24825.99999999999
0.156,609.0976933136425,17495.983882022756
0.156,3499.999999999999,212331.5978746452
0.156,897.4205980297768,29165.48590061547
0.156,1932.4854462582634,29462.027085725105
0.156,570.5260730238364,15704.71903600952
0.156,2878.384890342392,145706.79972582133
0.156,996.9831251365671,31316.492069617532
0.156,2039.9754900488385,63749.136825528876
0.156,1980.7826735914266,24052.353647824148
0.156,1983.4313701260246,55975.846585826686
0.156,1352.3050938548738,37996.53117605161
0.156,3499.999999999999,114685.00000000003
0.156,2111.9686933395024,46389.180288171454
0.156,2172.9012862990344,80694.98125658126
0.156,3004.6673157897294,147460.38885027586
0.156,2055.2185108722856,67813.78582768052
0.156,3499.999999999999,163864.02388871092
0.156,1316.8368422063008,31105.12393215906
0.156,3499.999999999999,137411.99999999997
0.156,3499.999999999999,188694.0
0.156,1408.7228258248676,42754.52502367442
0.156,594.5586598477898,12065.11533305836
0.156,2400.361635320367,95537.00991128273
0.156,1217.9999999999998,32813.0
0.156,3499.999999999999,141329.4735046149
0.156,1355.5441711725957,80285.97571182653
0.156,3499.999999999999,121986.99999999997
0.156,98.0,1021.0000000000002
0.156,2900.6291873948644,129873.54696762546
0.156,3499.999999999999,123382.0244930354
0.156,788.7362867625754,18413.98577087734
0.156,2293.445145202961,77559.4768015985
0.156,1774.827067725505,66142.91145783628
0.156,1962.4464776938012,53478.5768015366
0.156,1971.410170341225,60157.584772657196
0.156,3499.999999999999,217262.0000000001
0.156,3499.999999999999,158483.00000000003
0.156,3499.999999999999,258947.9999999999
0.156,2633.009562757034,126495.11634723455
0.156,924.7388598116029,26097.721520603955
0.156,855.2777326693357,12396.121167526562
0.156,986.7201786887736,19610.346533233314
0.156,741.0000000000001,25932.999999999993
0.156,2368.6494041964083,111697.89104992092
0.156,3499.999999999999,208562.11441678484
0.156,3499.999999999999,193933.50008256856
0.156,3499.999999999999,75749.04153189005
0.156,1572.5567198642177,55810.147741931156
0.156,1949.6153466773897,75123.09671465897
0.156,1509.1102955026527,38855.71996732882
0.156,3499.999999999999,115311.99999999997
0.156,2727.8440133201034,92794.38480676294
0.156,3499.999999999999,178704.87183793413
0.156,3499.999999999999,205568.65615166136
0.156,1014.3963722332605,30128.659196851102
0.156,1271.0000000000002,14829.000000000002
0.156,2009.7263495311995,100185.74581246583
0.156,487.9959016221346,5942.995456838242
0.156,3499.999999999999,223017.99999999994
0.156,2167.577942774833,79993.99506460404
0.156,1085.9999999999998,18943.999999999996
0.156,873.1427272134123,13638.223686361298
0.156,3499.999999999999,143807.2589704168
0.156,1245.0,50916.99999999998
0.156,3499.999999999999,67514.49829069145
0.156,3499.999999999999,194790.57787788397
0.156,3499.999999999999,165829.77514229034
0.156,1727.0762649041703,48979.54694111846
0.156,2454.994908345025,177614.01493125482
0.156,476.9696007084728,11626.248664122064
0.156,3499.999999999999,180509.0
0.156,3499.999999999999,137064.99999999997
0.157,3499.999999999999,247364.0
0.157,3499.999999999999,97695.389082597
0.157,3499.999999999999,202899.1434241004
0.157,1458.0000000000005,138444.00000000003
0.157,2000.1249960939938,56591.85807163427
0.157,1130.886388185028,32781.11393484282
0.157,1002.9999999999999,19599.000000000007
0.157,1121.0147054124848,18047.77739725958
0.157,736.5459931328118,18811.689849665287
0.157,3499.999999999999,210107.00000000003
0.157,1922.0672364755753,80312.61239761919
0.157,1066.536450385077,15863.28534698913
0.157,1078.5128650136726,22282.50544709909
0.157,3499.999999999999,83979.99313527001
0.157,405.0,3019.9999999999995
0.157,3499.999999999999,148060.62356345795
0.157,3499.999999999999,104998.70637298355
0.157,1191.9999999999998,29634.000000000007
0.157,3499.999999999999,176927.11075345892
0.157,3499.999999999999,221987.60536703203
0.157,3499.999999999999,148199.99999999994
0.157,1254.992031847215,17452.16903424901
0.157,2343.7589036698787,82093.64472220973
0.157,3499.999999999999,200979.99999999997
0.157,2777.4226064409822,90809.01243211336
0.157,2899.6432930371047,86548.01550813366
0.157,852.0000000000001,10227.0
0.157,709.9295739719539,27296.94744838697
0.157,1093.0,31334.000000000004
0.157,3500.000000000001,146624.06559338825
0.157,3499.999999999999,170884.08319169199
0.157,3499.999999999999,161840.00000000006
0.157,3499.999999999999,247729.4753839358
0.157,3499.999999999999,142833.9838553836
0.157,1412.3900245908894,24211.10245609845
0.157,3499.999999999999,96228.82890308191
0.157,814.060040203884,21615.664931880216
0.157,2868.1209194887556,122061.63958750473
0.157,1050.9999999999998,16544.0
0.157,1343.9431276099765,39154.36383743688
0.157,3499.999999999999,189213.563493741
0.157,476.9696007084728,12814.335566075992
0.157,751.0000000000001,23731.99999999999
0.157,687.386354243376,3171.427123551792
0.157,3499.999999999999,132552.27738155666
0.157,3499.999999999999,353293.0000000001
0.157,1736.3409127904938,50827.567231702225
0.157,1208.9999999999998,23527.000000000007
0.157,1509.4701056993474,32276.800491994254
0.157,3499.999999999999,217513.99999999994
0.157,57.99999999999999,492.0
0.157,3499.999999999999,125466.49350324571
0.157,3499.999999999999,214331.2599546241
0.157,476.9696007084728,8399.457125314708
0.157,3499.999999999999,153867.50775017808
0.157,1009.8310340489041,31795.70631756146
0.157,2253.552750658391,61357.75134406411
0.157,3499.999999999999,179746.71592549322
0.157,1483.0000000000002,60861.000000000015
0.157,1606.213673237142,46630.21831187531
0.157,2541.4425434671994,99174.80731514847
0.157,1421.0,44869.999999999985
0.157,3499.999999999999,118829.99999999997
0.157,2413.9560761362686,113429.09070035316
0.157,3499.999999999999,201136.28040301378
0.157,3499.999999999999,148751.73392602848
0.157,3499.999999999999,136360.341522013
0.157,3499.999999999999,170551.99999999994
0.157,3499.999999999999,223929.95179519863
0.157,3499.999999999999,183553.93701852325
0.157,3499.999999999999,144541.264274692
0.157,3499.999999999999,146052.19859901184
0.157,3499.999999999999,169109.05019669622
0.157,3499.999999999999,130732.65189204921
0.157,1838.7495751189178,43543.49131615421
0.157,3499.999999999999,173002.0
0.157,2539.675755723937,118363.69903376998
0.157,3499.999999999999,114081.00000000001
0.157,3499.999999999999,111003.47098627138
0.157,1460.3262859916335,38343.905999299735
0.157,1657.0,31308.00000000001
0.157,3499.999999999999,65376.0
0.157,1670.4781281236474,64786.25556205202
0.157,2692.6112178985736,158077.9228542882
0.157,784.7529210093601,11503.851433924701
0.157,2272.640325577443,82315.99619136225
0.158,1420.6331173344465,33008.96683600427
0.158,3499.999999999999,216460.0
0.158,415.67368974851496,8486.262274068837
0.158,3499.999999999999,149383.3970091724
0.158,2786.252382089603,172771.13129803576
0.158,287.0,1359.0000000000002
0.158,424.20042432793485,4848.366219666168
0.158,2084.4152857401114,73002.31254237455
0.158,3499.999999999999,158062.99999999997
0.158,2714.845923561915,112850.5643613563
0.158,3499.999999999999,176529.00000000006
0.158,1979.589555573051,54685.99337394322
0.158,3499.999999999999,172030.00000000003
0.158,3499.999999999999,222913.99999999994
0.158,1780.399533679163,57845.31585477163
0.158,3499.999999999999,113551.0
0.158,2302.1697137210504,64535.0035102825
0.158,2711.0883423451905,168821.55013302292
0.158,3499.999999999999,160213.47965856557
0.158,3499.999999999999,169035.5243897273
0.158,791.8420934724097,24210.009443986062
0.158,3499.999999999999,143426.99999999997
0.158,2755.185539771602,89508.0588979542
0.158,3499.999999999999,136203.99999999997
0.158,3499.999999999999,215242.09878181363
0.158,1080.5821050356747,14351.169028388673
0.158,3499.999999999999,146792.19066421757
0.158,3499.999999999999,158350.99999999997
0.158,1345.5639163666958,20072.406368760567
0.158,1303.3462117775748,37139.67272612559
0.158,1249.8767939281051,23795.355345108856
0.158,2079.0622886291785,40163.57689499281
0.158,1757.9131170652677,55588.13059932832
0.158,3499.999999999999,269778.0
0.158,3499.999999999999,169704.77079423895
0.158,1240.9524567847075,20629.331108884744
0.158,1254.0,34770.0
0.158,2197.2762435124705,59183.74081261813
0.158,65.0,434.99999999999994
0.158,2524.5791728523777,130835.1537278877
0.158,415.00000000000006,1654.0
0.158,3499.999999999999,92945.0
0.158,3499.999999999999,124163.47987267267
0.158,3499.999999999999,200126.99999999994
0.158,1356.6187214980066,40833.05614695983
0.158,1172.9999999999998,38319.999999999985
0.158,3499.999999999999,220269.92716664707
0.158,2415.6763339016507,98708.97222569535
0.158,1468.0000000000002,72729.00000000001
0.158,3094.516062150013,132218.839853553
0.158,1330.0000000000002,32600.99999999999
0.158,931.5939827997786,37733.607174774384
0.158,2478.576945469963,142952.07969943012
0.158,3499.999999999999,146680.82319103606
0.158,1793.5727566292449,66408.87370563005
0.158,3499.999999999999,109959.00000000001
0.158,351.1808650823674,2712.6874128804448
0.158,2847.622928158755,141047.75793586692
0.158,1366.0000000000002,71637.99999999997
0.158,1189.0040705851209,28392.217403526996
0.158,1027.0,18381.000000000004
0.158,3499.999999999999,221276.9999999999
0.158,3499.999999999999,187351.99999999994
0.158,292.0,1297.0
0.158,1296.9911633074867,36367.91096373409
0.158,3499.999999999999,201453.0
0.158,1401.5598909987111,24608.209786806783
0.158,3499.999999999999,106938.91514122185
0.158,3499.999999999999,129716.00000000003
0.158,3499.999999999999,119364.00000000001
0.158,3499.999999999999,190520.67269721677
0.158,694.1259118269213,16164.885196172429
0.158,3499.999999999999,109725.0183321926
0.158,3499.999999999999,188047.81893885054
0.158,2596.4352677258057,96692.39302047138
0.158,163.0,1567.0000000000002
0.159,1028.6654059324726,16443.65033446884
0.159,419.00000000000006,4096.999999999999
0.159,3499.999999999999,149289.5418641239
0.159,506.45236696060573,7975.61270373631
0.159,2919.322026247558,157177.2095361966
0.159,3499.999999999999,140831.1973285749
0.159,1381.069586668001,59206.43578757978
0.159,760.2271258493702,19157.450992342758
0.159,450.55521304275226,6133.112912705911
0.159,1432.569751331338,37704.21748287003
0.159,3499.999999999999,189682.94273602992
0.159,2683.217806410395,104035.53617316716
0.159,1306.7071318666108,62582.99056244125
0.159,1998.7770857260812,52810.0681145797
0.159,2373.0781698039355,82396.22101771423
0.159,3499.999999999999,176886.70470269947
0.159,2864.40920709892,129675.79487376829
0.159,3499.999999999999,101758.85791418848
0.159,3499.999999999999,91312.99999999997
0.159,737.1892399440011,17374.934369326063
0.159,1309.1729916030672,24833.096818283826
0.159,365.2167641301603,3772.644798759571
0.159,578.9999999999999,8578.0
0.159,1205.9999999999998,41931.000000000015
0.159,2384.8480035423636,81227.224007718
0.159,1363.0,32292.99999999999
0.159,1904.5504095569938,53269.80716145091
0.159,3499.999999999999,222374.99999999994
0.159,631.0,12890.000000000004
0.159,3499.999999999999,124285.99999999994
0.159,1474.2794850366738,77833.85172918015
0.159,2325.78113807629,126950.22782108127
0.159,3499.999999999999,129357.0
0.159,3499.999999999999,177696.99999999997
0.159,3499.999999999999,223354.00000000003
0.159,3499.999999999999,149525.61999515758
0.159,2491.6724838063037,99152.10143325519
0.159,523.6495602988821,5895.333194737943
0.159,3499.999999999999,149926.07615088185
0.159,1051.6653460107925,23415.219345545316
0.159,2504.3961347997642,94013.01268973347
0.159,3499.999999999999,125368.99999999996
0.159,1962.1416870348578,49304.142097799435
0.159,1241.591445482762,33775.60520392727
0.159,1933.5501167809032,72055.73724532689
0.159,3499.999999999999,214455.00000000006
0.159,1947.8985602231244,44178.41708596765
0.159,1774.8848434185281,73306.6333650245
0.159,3499.999999999999,81650.0
0.159,1397.4977638622538,35291.79522211924
0.159,3499.999999999999,231657.00000000003
0.159,1057.082281130165,24848.6904761419
0.159,3499.999999999999,126936.99999999997
0.159,1671.9999999999995,87304.00000000001
0.159,2376.0198759234722,85837.95530846302
0.159,3499.999999999999,161139.66726362283
0.159,3499.999999999999,154121.81768977418
0.159,658.5295422747099,10933.03317220043
0.159,3499.999999999999,183883.00000000003
0.159,3499.999999999999,229592.00000000006
0.159,1498.999666444259,47860.21022728586
0.159,3499.999999999999,180481.0577041259
0.159,206.6228448163465,2748.055312398205
0.159,1182.0,81847.00000000004
0.159,1065.665298797844,13665.902001359527
0.159,1139.5381323838944,27455.500331982672
0.159,1108.3771921146697,39588.16035129695
0.159,2039.9754900488385,44393.802900855444
0.159,951.5370662963321,16549.75832276731
0.159,2394.6786033796902,111824.92370038987
0.159,3499.999999999999,168677.51792623114
0.159,763.2987956040947,17963.406595891236
0.159,3049.433980374388,142144.84066466228
0.159,825.3253903764258,9701.685626735183
0.159,1073.5422823620022,29123.880938572678
0.159,3499.999999999999,126118.00000000006
0.159,997.4099641726463,11499.342652261186
0.159,2919.8010748328306,134361.32407638856
0.159,1515.4000984312343,48580.35891857353
0.159,3499.999999999999,163540.61317299746
0.159,1969.2638218379984,51402.41706379187
0.159,3499.999999999999,121861.68106665193
0.159,3499.999999999999,129787.01250209528
0.159,3499.999999999999,219671.99999999997
0.159,3499.999999999999,69263.00000000001
0.16,1055.5264175808154,14294.5701265373
0.16,2269.03063002684,52243.285692996
0.16,3499.999999999999,142735.20279097673
0.16,1084.0678779043697,20824.979378487275
0.16,1185.0,47306.999999999985
0.16,3499.999999999999,177483.9999999999
0.16,1091.6838348164606,21528.402069836924
0.16,3499.999999999999,181382.9120672617
0.16,2395.805647463837,76904.7855786229
0.16,2524.5791728523777,95803.41866551533
0.16,1914.2883795290616,82348.59146336382
0.16,1583.0000000000002,27899.999999999993
0.16,1446.0747648211163,39885.40333044248
0.16,3499.999999999999,137301.4723154854
0.16,236.0,646.0
0.16,2054.0000000000005,40968.999999999985
0.16,1915.202339179858,86969.91663788116
0.16,2653.898891199212,132711.39690197434
0.16,380.5428529413824,7838.511751338545
0.16,3499.999999999999,138238.6305286612
0.16,3499.999999999999,221226.00000000012
0.16,3499.999999999999,239073.00000000006
0.16,3499.999999999999,188633.31177710908
0.16,1040.6578677916616,28853.86747744245
0.16,3499.999999999999,98578.99999999997
0.16,2555.275506664241,90916.13749778454
0.16,1192.9999999999998,19388.99999999999
0.16,3499.999999999999,146146.99999999997
0.16,2094.6555583358704,101066.72088987156
0.16,3499.999999999999,122044.99999999996
0.16,3499.999999999999,240645.00000000006
0.16,2498.358922982202,107229.73442486372
0.16,3499.999999999999,123556.45114683406
0.16,1975.4746265138413,36296.24269810859
0.16,3499.999999999999,167589.61164105602
0.16,2195.166907018579,73899.56659107046
0.16,1097.4397477766145,29666.998870799172
0.16,3499.999999999999,243997.00000000006
0.16,922.0872584116894,25166.987223247637
0.16,1227.7784338857978,44074.75160214385
0.16,3499.999999999999,98494.00000000004
0.16,2770.433413207686,134435.5479526818
0.16,469.57427527495577,10406.583108782634
0.16,3499.999999999999,257738.99999999988
0.16,1330.8587453219816,29913.889917561693
0.16,1264.3675592127654,22800.989384333345
0.16,1102.0,6709.000000000004
0.16,404.49227433907805,2187.3728534477154
0.16,1535.9999999999995,43417.000000000015
0.16,573.201417391233,7645.7846145057265
0.16,1754.045379715582,52921.12888279023
0.16,2242.654676939809,42684.55183084392
0.16,594.5586598477898,3528.675105475141
0.16,1097.9999999999998,36692.0
0.16,3499.999999999999,121051.13104799973
0.16,892.732226130265,9294.348943182551
0.16,1871.668751656794,52757.7496911332
0.16,3499.999999999999,221880.00000000006
0.16,3499.999999999999,205974.99999999994
0.16,3499.999999999999,192129.34615773812
0.16,3499.999999999999,67914.96864462209
0.16,3499.999999999999,124973.99999999996
0.16,2092.4865590966165,134645.7961393522
0.16,2637.0556591440795,87190.06931706324
0.16,3499.999999999999,135869.18727952996
0.16,329.2729632312839,2685.0071565060707
0.16,1269.8878955238436,37887.44629822831
0.16,2637.110379929343,61081.71246319083
0.16,2295.865849739483,103498.77250479833
0.16,3499.999999999999,181984.46560627097
0.16,1040.0,15641.999999999993
0.16,1598.6107732965017,54617.247719092346
0.16,3499.999999999999,162782.0670403453
0.16,480.62459362791657,11159.845429037094
0.16,3499.999999999999,182864.45062066743
0.16,3499.999999999999,177433.78820896227
0.16,881.4897869367226,17226.453709042544
0.16,937.3242181229059,30031.516533018385
0.16,3499.999999999999,115398.64360706192
0.16,1003.9999999999998,18661.000000000007
0.16,63.0,543.0
0.16,1414.9204924659193,45629.21529020633
0.16,2548.7251715318384,68042.95455078357
0.16,582.6662852782886,5494.822290120034
0.16,3499.999999999999,179881.9999999999
0.161,1160.3975063022813,32418.123309807026
0.161,2254.48165148183,82010.04733714346
0.161,2150.232545563386,56496.063243380035
0.161,3499.999999999999,149384.99999999997
0.161,1949.6153466773897,78487.47573976371
0.161,2499.499949989998,112041.30198279566
0.161,2493.7711601774813,80206.51443586427
0.161,520.1471268960158,8847.68310305027
0.161,1880.1595676963161,77262.6690193913
0.161,2407.4277980594484,105284.10631619397
0.161,642.5298628037195,19156.529059253033
0.161,1016.0000000000002,39707.99999999999
0.161,3499.999999999999,115335.99999999997
0.161,2096.9842507123403,85644.2449696804
0.161,1276.8766807484956,36926.79500455484
0.161,3499.999999999999,186726.9999999999
0.161,3499.999999999999,157070.59516026545
0.161,2186.54979362465,82269.03579111645
0.161,296.8655121621551,6578.065844309765
0.161,1881.0901094843914,49971.18772853011
0.161,894.099674086063,7318.422359547149
0.161,1787.2034815499187,64859.70601080735
0.161,2425.6083073794266,102942.4248200836
0.161,2080.543135315428,53071.28895723977
0.161,3499.999999999999,231527.11121162464
0.161,3499.999999999999,146348.15001993522
0.161,3499.999999999999,203617.3306720232
0.161,3499.999999999999,110216.72544128678
0.161,210.15232570685484,2770.4479782157973
0.161,3499.999999999999,140219.05782829734
0.161,1946.325700817943,68076.89873899173
0.161,3499.999999999999,146987.99999999994
0.161,2645.250779356839,93069.53295404151
0.161,3499.999999999999,141270.76906367808
0.161,1204.1705901146115,50108.95424156259
0.161,3499.999999999999,116888.92524529435
0.161,3499.999999999999,190743.0000000001
0.161,2336.4352654243853,55107.18162896752
0.161,3499.999999999999,111353.47224042894
0.161,2181.7424229271423,69286.07082235215
0.161,3499.999999999999,181015.52376799067
0.161,3499.999999999999,240568.00000000003
0.161,61.0,647.0
0.161,3499.999999999999,133428.12161002867
0.161,361.43205304828274,2013.3622940612383
0.161,558.4210691792238,6862.76983726662
0.161,2873.5747652911464,135506.70493480284
0.161,327.52404491884255,2019.2696699549567
0.161,1114.6748404803977,6833.898594506652
0.161,1839.411293471678,63977.593417745324
0.161,2331.053328385831,89524.59489986913
0.161,3499.999999999999,164120.99999999997
0.161,1050.9999999999998,36459.0
0.161,3499.999999999999,182358.03760733994
0.161,912.3803558652081,29227.771881518827
0.161,3499.999999999999,131824.7098612396
0.161,3499.999999999999,126134.98953067574
0.161,3499.999999999999,149294.43753888318
0.161,2020.1485093923168,54780.68654188262
0.161,544.0,3366.0000000000005
0.161,2317.447648863758,96741.55232205249
0.161,3499.999999999999,133119.0420638611
0.161,1792.896807528188,70848.09628369144
0.161,395.7410769682622,3414.6994011186416
0.161,1715.6631370988887,79913.24228186466
0.161,1401.2494424619763,35698.13780857484
0.161,3499.999999999999,125786.99999999997
0.161,1523.8345094251845,56774.07891130137
0.161,3499.999999999999,153946.65146169806
0.161,2597.0474180141728,86079.09196604803
0.161,2993.179084714354,114884.02483917239
0.161,3499.999999999999,144969.36624680404
0.161,958.2143914361378,25140.85166366833
0.161,3499.999999999999,105340.00000000001
0.161,2092.788840988746,57694.85953136251
0.161,64.0,556.0
0.161,3499.999999999999,179850.00000000003
0.161,2832.944198768767,122017.15910555572
0.161,1514.2453010499312,51032.34405929058
0.161,34.00000000000001,54.0
0.161,2230.2060342689833,63481.426238887536
0.161,3499.999999999999,89607.99999999997
0.161,3499.999999999999,140237.8861791634
0.161,3499.999999999999,148728.99999999997
0.161,1226.9149557791563,31859.71669938688
0.162,1949.6153466773897,46718.94187586013
0.162,3499.999999999999,135876.98970009582
0.162,3499.999999999999,89796.99999999997
0.162,2208.8458524759026,91429.53126315371
0.162,3499.999999999999,136372.8603236545
0.162,1963.924642138796,66200.02972809
0.162,3499.999999999999,136698.62149959372
0.162,892.6993337894396,10305.091758696297
0.162,3499.999999999999,94076.99999999999
0.162,3499.999999999999,177576.57462895784
0.162,2058.5873144094485,89854.51539823094
0.162,3499.999999999999,123585.99999999997
0.162,2111.052835161631,82539.77776770365
0.162,1077.0736968818192,25898.54292755392
0.162,1389.1688007096845,35427.538758768635
0.162,1121.0,12076.0
0.162,997.4099641726463,21580.25067436775
0.162,1468.8293826130146,61264.17473791062
0.162,2908.504417125301,93470.42702053569
0.162,3499.999999999999,99122.99999999999
0.162,2557.7745552072647,67910.31686758291
0.162,972.9424944017305,10633.336444827883
0.162,373.42469120292515,8190.202805791807
0.162,3499.999999999999,152908.00000000003
0.162,2305.2181460292236,53193.125032850345
0.162,3499.999999999999,195631.99999999997
0.162,1480.3197688167897,23545.108145974056
0.162,3499.999999999999,255195.9999999999
0.162,1488.090884050752,47873.26440982788
0.162,2696.4464658974607,82166.03673278335
0.162,2669.248202022379,109533.50577518916
0.162,3499.999999999999,107577.1319798032
0.162,96.15612304996495,308.44772652752687
0.162,2410.945377285045,89565.63448007875
0.162,321.4539631440037,3233.4368448232885
0.162,3499.999999999999,268632.9999999999
0.162,3499.999999999999,217483.03838230704
0.162,3499.999999999999,82525.48842630381
0.162,3499.999999999999,163514.59659973034
0.162,3499.999999999999,225488.68413006584
0.162,3499.999999999999,130081.45683378547
0.162,1193.176393313653,17545.683629630013
0.162,3499.999999999999,185649.88684079493
0.162,3499.999999999999,215039.0000000001
0.162,1339.0,33664.00000000001
0.162,727.2957253694998,12888.39777243514
0.162,2186.54979362465,65129.674266036396
0.162,3499.999999999999,168885.91077706873
0.162,506.39236484785073,6403.660508124548
0.162,274.5760368276882,6108.333324238292
0.162,1277.106103657797,21020.91330080595
0.162,829.0646064573205,16963.56942920328
0.162,1297.9681848317225,29499.288112497925
0.162,1671.2270940838653,42668.07823185854
0.162,545.4356057317856,3210.399975080987
0.162,1122.0013368975992,14534.20131964601
0.162,3499.999999999999,105990.26201894379
0.162,3499.999999999999,236329.423250557
0.162,3499.999999999999,162597.00000000003
0.162,3499.999999999999,178540.54777556838
0.162,3499.999999999999,86184.99999999999
0.162,2204.8809491670977,83118.735433114
0.162,1205.7760986186447,52590.82011149858
0.162,1950.5127530985274,77734.6682118088
0.162,3499.999999999999,181058.4874784941
0.162,1935.2002480363624,50328.168255957826
0.162,269.0,2679.0
0.162,3499.999999999999,175826.638743163
0.162,1544.9271548482798,62174.922624903265
0.162,3499.999999999999,86223.0
0.162,2340.9870056704667,96239.01510852887
0.162,3499.999999999999,152764.99999999997
0.162,458.2575694955839,13206.791889024373
0.162,1419.0,24686.999999999996
0.162,3499.999999999999,233221.00000000006
0.162,3499.999999999999,133655.00000000006
0.162,322.99999999999994,2974.0
0.162,3499.999999999999,143207.00000000003
0.162,342.6287542552765,6323.451676893219
0.163,2679.712629704236,107585.63901581372
0.163,3499.999999999999,189497.1798629203
0.163,884.1998867323067,14901.404163523885
0.163,1097.7917130068915,17042.25575109662
0.163,519.0592281793079,9362.627485259973
0.163,3499.999999999999,193494.06806615306
0.163,3499.999999999999,270294.00000000006
0.163,2666.1770383828593,182463.24758701408
0.163,1090.3565183186076,34462.68639262087
0.163,331.74011936226145,5409.34671711594
0.163,2312.4583668618234,57984.92085346582
0.163,2126.5567947923028,83193.1747827567
0.163,630.9341343018001,8835.528746360289
0.163,3499.999999999999,179445.99999999997
0.163,2361.990685841076,32313.40822321285
0.163,2643.5161274992424,67169.6219721404
0.163,603.6569657194894,4480.046472267183
0.163,3499.999999999999,134498.26608547792
0.163,458.2575694955839,11654.707889947307
0.163,3499.999999999999,215960.06880902764
0.163,1799.8971134607648,42062.30919760286
0.163,3499.999999999999,163828.99662397214
0.163,2109.1467469097543,59792.63887804252
0.163,1953.2024984624609,116819.67606529304
0.163,56.99999999999999,501.99999999999994
0.163,3499.999999999999,148568.0
0.163,2232.4874019801323,130350.08252394789
0.163,3499.999999999999,181068.0
0.163,3499.999999999999,112789.00000000006
0.163,1326.0000000000002,39339.000000000015
0.163,3499.999999999999,204928.11811706075
0.163,1393.395134195609,25146.470229437764
0.163,3499.999999999999,234486.00000000012
0.163,1796.1830640957378,61079.41543390686
0.163,2048.587985111558,60181.05737701869
0.163,2222.5649185635157,62506.556590359505
0.163,1389.8405244116666,48553.78495587098
0.163,1353.4866087257758,43417.60075130819
0.163,3499.999999999999,156118.8911695186
0.163,3499.999999999999,115018.00000000003
0.163,396.50977289343075,2633.413754046258
0.163,3499.999999999999,138805.86097135817
0.163,75.0,78.0
0.163,354.96478698597696,10024.268851143206
0.163,1878.2971010998235,65074.197897476995
0.163,606.0499038514187,14084.738283824723
0.163,588.300192251496,16618.15945443886
0.163,3499.999999999999,179086.91398312722
0.163,3499.999999999999,209160.00000000003
0.163,866.4982332111609,17175.187015382122
0.163,3499.999999999999,174320.52778430886
0.163,692.825215317154,12053.24527504436
0.163,3499.999999999999,151045.99999999997
0.163,3499.999999999999,134405.90703040356
0.163,1681.8815724385668,70395.06334749162
0.163,830.9748066753938,21261.66364596827
0.163,3499.999999999999,231727.99999999994
0.163,2179.201902088011,62754.47267022312
0.163,3499.999999999999,176126.80853648568
0.163,1656.022253720878,37646.229293133765
0.163,3499.999999999999,190755.0
0.163,2061.507442882441,88258.43767257842
0.163,1569.9651093710759,51440.38664933325
0.163,1114.1326967499651,27806.11266091617
0.163,1285.0,32789.000000000015
0.163,1405.2280713666046,19250.183248767975
0.163,3499.999999999999,155845.41738209702
0.163,740.0000000000001,18337.999999999993
0.163,3499.999999999999,132268.41699624006
0.163,3499.999999999999,125650.84022003195
0.163,3499.999999999999,151562.25512139223
0.163,3499.999999999999,230905.4525124948
0.163,3499.999999999999,175245.2051869038
0.163,1607.9999999999998,78532.00000000003
0.163,1846.572665840926,46705.322122484904
0.163,482.9581898662096,11183.192945479013
0.163,3499.999999999999,197024.8944423013
0.163,3499.999999999999,154077.63562568062
0.163,278.7735473146861,4894.188183497212
0.163,3499.999999999999,290435.98785274534
0.163,2239.5897686252197,60887.5679721668
0.163,2822.16579733872,117914.49340253323
0.163,3499.999999999999,54912.000000000015
0.163,3499.999999999999,119055.7580633209
0.164,3499.999999999999,199666.63594441488
0.164,453.9731515151923,8423.148932192105
0.164,79.81227975693966,253.2350686615106
0.164,387.80149561341307,2863.441984744933
0.164,3499.999999999999,151622.99999999994
0.164,3499.999999999999,258464.00000000003
0.164,3499.999999999999,125132.23328639388
0.164,3499.999999999999,165981.0047806676
0.164,2830.929060319261,147944.0868173634
0.164,3499.999999999999,221232.00000000003
0.164,2731.6798777731606,88396.31618598884
0.164,670.9992548431034,23397.370749723144
0.164,3499.999999999999,160651.95812998983
0.164,821.8880702382776,12596.124403958544
0.164,1712.8019678135124,60357.930214806845
0.164,2538.405011025625,96511.08995343486
0.164,614.0578148676229,2494.005212504576
0.164,3499.999999999999,187578.85100405104
0.164,3499.999999999999,163629.66738385387
0.164,1412.8506644369743,52076.263921291444
0.164,1883.3600034510362,49106.36966918936
0.164,3171.583217419875,131300.02451002065
0.164,65.0,179.0
0.164,384.00000000000006,2901.0000000000005
0.164,1189.1391844523498,27623.258189431603
0.164,3499.999999999999,235728.5755482351
0.164,2431.8384930691445,95576.7787410158
0.164,3499.999999999999,186352.99999999994
0.164,3499.999999999999,178185.4345478328
0.164,634.0480082531208,13691.687470276162
0.164,1482.4553956190389,71358.08490283354
0.164,3499.999999999999,135745.6461997379
0.164,3499.999999999999,208072.24470841844
0.164,3499.999999999999,218609.0
0.164,3499.999999999999,186790.473265372
0.164,1721.1719073167992,43251.56412269135
0.164,2851.362038617183,124912.6002928479
0.164,487.8524367060187,13144.978052473118
0.164,1751.0000000000002,52485.99999999999
0.164,3499.999999999999,98231.37622979742
0.164,621.9191314859385,8541.480091454523
0.164,3499.999999999999,127599.00000000003
0.164,3499.999999999999,178871.79632351216
0.164,1282.6350425945623,29189.019155195376
0.164,1388.9999999999998,61367.999999999985
0.164,1937.9112466777212,102175.15777330614
0.164,2796.8715057746895,154694.36544515108
0.164,1752.2272593587975,68639.66890207535
0.164,108.0,1463.0
0.164,1861.4035639307456,69180.97051108096
0.164,2395.0991628740553,101105.83124627387
0.164,712.4441322769126,8708.968567753098
0.164,768.0469987152316,11459.04387090202
0.164,3499.999999999999,121709.97362582906
0.164,1926.1360284258221,67830.60517200184
0.164,67.0,819.9999999999999
0.164,1266.916694257175,21081.514943147056
0.164,3499.999999999999,202626.57618387576
0.164,3499.999999999999,109832.28377849564
0.164,3499.999999999999,204410.61412754477
0.164,101.0,104.0
0.164,1837.5032631225629,42006.97678526969
0.164,3499.999999999999,171235.57113812535
0.164,3499.999999999999,132281.99999999997
0.164,3499.999999999999,171053.42957900406
0.164,3499.999999999999,230767.804665209
0.164,1306.190543926587,14416.866873784227
0.164,567.9999999999999,2261.0
0.164,1002.9999999999999,18228.999999999996
0.164,3499.999999999999,152354.04910123607
0.164,613.0,3611.999999999999
0.164,3499.999999999999,230521.94023129347
0.164,3499.999999999999,153492.00000000003
0.164,3499.999999999999,149208.07441935074
0.164,280.3408639495855,3747.841778944251
0.164,1176.0,30190.999999999993
0.164,3499.999999999999,144148.1109247914
0.164,699.0654194493939,7318.111169591008
0.164,3499.999999999999,217086.00000000006
0.164,3499.999999999999,152173.3148485635
0.164,1938.7510357561832,51398.91320555228
0.164,3499.999999999999,286245.0
0.164,3499.999999999999,84140.0
0.164,1213.8780828402823,29695.416312959816
0.165,199.48199283452922,3645.4296343833958
0.165,3499.999999999999,128435.80623399164
0.165,3499.999999999999,172440.10827530816
0.165,2342.2712746420434,100854.81561283454
0.165,953.9392014169455,19804.25014990469
0.165,3499.999999999999,265186.4733069922
0.165,1422.5514532760344,44495.76085437456
0.165,2135.532720423642,101599.86868101751
0.165,1320.5797881531337,16969.0248767139
0.165,2592.7532420119187,98543.58231016633
0.165,3499.999999999999,141349.0
0.165,3499.999999999999,154426.99999999994
0.165,2444.6251961494477,98660.61245297622
0.165,3499.999999999999,118776.99999999997
0.165,1669.7055667950387,55705.042463565056
0.165,2289.4597186797905,88979.95757727105
0.165,3499.999999999999,197083.00000000006
0.165,2890.0005239755733,113014.1986171631
0.165,3499.999999999999,199513.0000000001
0.165,1903.2866310674276,68106.73869742993
0.165,1185.4729962672498,27575.088672296868
0.165,3499.999999999999,103067.0
0.165,2513.315618472017,91862.8284599777
0.165,119.0,191.0
0.165,161.87031846512195,2710.366026941748
0.165,3499.999999999999,160902.82078493485
0.165,3499.999999999999,152571.0
0.165,3499.999999999999,159703.95172318057
0.165,3499.999999999999,150870.7040791541
0.165,3499.999999999999,174992.61584480634
0.165,2250.8008836742065,75565.34355167192
0.165,190.0,2487.0
0.165,1480.3197688167897,27797.990236937567
0.165,3499.999999999999,246516.00000000003
0.165,1267.4778104566565,54662.22915322795
0.165,3499.999999999999,218164.12809517822
0.165,2319.649034963159,87860.52644093522
0.165,1085.9999999999998,10022.000000000004
0.165,2481.934729198172,104660.69907085472
0.165,3499.999999999999,140227.18383601445
0.165,628.5504592571756,17016.453020818386
0.165,3499.999999999999,141378.70386499618
0.165,1372.5390588226444,38638.482160675885
0.165,3499.999999999999,97103.31411440088
0.165,473.2863826479693,12588.63916394461
0.165,2847.622928158755,149966.8105591825
0.165,1722.4589748871028,41102.86687701336
0.165,3499.999999999999,205846.02032101573
0.165,2350.5273161786617,63400.669052717305
0.165,3499.999999999999,178308.00000000003
0.165,257.0,470.0
0.165,2401.778196071311,91786.41756401664
0.165,1149.9999999999998,27487.0
0.165,3499.999999999999,264710.00000000006
0.165,2418.6245805411045,60473.8621272619
0.165,2364.390348036467,109976.10430222478
0.165,94.0,768.0000000000001
0.165,3499.999999999999,169785.0
0.165,1833.3619391707682,61714.175154497534
0.165,3499.999999999999,153499.00000000003
0.165,1179.6331331025813,40331.72637463384
0.165,469.57427527495577,10717.846938634642
0.165,2129.7887219158624,47249.18913589948
0.165,2100.833168054998,76095.4551533796
0.165,1155.9999999999998,39008.99999999999
0.165,3499.999999999999,150194.34488688307
0.165,2391.4430789797193,93102.91064193429
0.165,1436.0,71197.00000000003
0.165,1949.6153466773897,72194.31726251036
0.165,2257.432169523594,140934.86021918073
0.165,3499.999999999999,191183.68914737465
0.165,1765.9269622252452,58382.96673524957
0.165,331.0,3902.9999999999995
0.165,3499.999999999999,155460.0
0.165,3499.999999999999,131816.00000000003
0.165,2586.581445706103,62699.97316737085
0.165,3499.999999999999,236584.81939465168
0.165,1315.880176203517,33108.08921662905
0.165,3499.999999999999,128334.00000000001
0.165,812.2026496291081,14893.115094841278
0.165,2799.9999999999995,95108.44760108393
0.165,3499.999999999999,149331.416841869
0.165,2706.774743413841,97331.41115200962
0.165,1071.44761887831,17153.478072974
0.165,958.9999999999998,43161.99999999999
0.166,3499.999999999999,130752.39361194831
0.166,2525.538231175825,102852.42544976066
0.166,1179.9262688829333,29589.321553560512
0.166,3499.999999999999,150912.14551519704
0.166,2792.6963721288776,101424.91640648921
0.166,3499.999999999999,111606.99999999997
0.166,99.0,145.0
0.166,2064.703368525367,55926.63086580489
0.166,1605.7055415217278,49255.1847506913
0.166,1372.6707462649565,45159.75226770512
0.166,2862.979790437819,141130.30973161818
0.166,3499.999999999999,147460.61695245947
0.166,1592.9999999999998,27300.999999999993
0.166,2967.3582370897702,93866.49431401798
0.166,1518.7165634179405,30803.553366454333
0.166,2752.5810122545936,94447.6493353666
0.166,342.00000000000006,625.0000000000001
0.166,3499.999999999999,111863.00000000001
0.166,1042.0000000000002,10176.999999999998
0.166,494.9747468305832,9467.813950432273
0.166,1939.9659894133213,61949.580505147154
0.166,1783.5243129546882,75463.09655663006
0.166,2850.907855408625,87643.34413378418
0.166,2011.4671262538689,49918.51815709278
0.166,2513.68583201208,91712.96140091012
0.166,1169.337846817591,41010.14539111025
0.166,3499.999999999999,197973.00000000003
0.166,1615.7915458334653,26116.347619468364
0.166,3499.999999999999,173411.0
0.166,589.1836841885012,17685.987300473636
0.166,1644.4256331884872,29594.238471624914
0.166,2660.9138134574096,114412.65249674689
0.166,3499.999999999999,158607.87693238945
0.166,2372.387973482015,87107.49110705606
0.166,1584.1401453154324,21849.953775694827
0.166,677.1262806892079,16142.309562141352
0.166,3499.999999999999,149882.9999999999
0.166,1597.8160306968389,22572.60589892466
0.166,1515.0000000000005,34131.000000000015
0.166,3499.999999999999,137496.99999999997
0.166,1385.5321735275995,42228.68643186847
0.166,1208.276123596055,20724.70046988993
0.166,3499.999999999999,153446.7192415661
0.166,3499.999999999999,139167.0
0.166,3499.999999999999,110006.39106433766
0.166,1980.7826735914266,45841.59748525351
0.166,2042.1724901560274,88321.41116241374
0.166,764.3940761402963,6975.477924153973
0.166,591.6079783099615,9675.071059170577
0.166,2357.063401930591,95363.75284638867
0.166,2734.9592085063114,83896.77077129496
0.166,1990.4773296875292,35841.824660583356
0.166,3499.999999999999,135100.1812285979
0.166,3159.23408203477,100487.26556172613
0.166,701.0,9587.000000000002
0.166,1127.4760279595425,38653.25276012771
0.166,469.57427527495577,12177.978280486457
0.166,3499.999999999999,191094.10072527104
0.166,1586.6071095583038,51604.74079047377
0.166,3499.999999999999,94347.0
0.166,187.0,3613.000000000001
0.166,60.0,644.0
0.166,3499.999999999999,135968.00000000003
0.166,1335.9723347863355,28245.932627283095
0.166,1161.4368682401655,35727.68186715624
0.166,2426.9955586440296,90575.41093715493
0.166,2149.702197051942,91825.62334806859
0.166,1250.0000000000002,34840.99999999999
0.166,2150.232545563386,51948.60180024101
0.166,3499.999999999999,118942.99999999996
0.166,1807.0652358548539,69323.98860984153
0.166,1029.1799634864171,17803.314931076427
0.166,1742.4512978149653,53000.93533910345
0.166,3499.999999999999,249048.99999999988
0.166,1072.2434655376908,12687.443190369238
0.166,3499.999999999999,208338.18625014473
0.166,2128.5167982483545,79662.53363631364
0.166,3499.999999999999,92923.54618179392
0.166,2588.918693199923,64866.010945640905
0.166,407.95220308266505,2150.7798585629344
0.166,2505.4644926843953,92500.58494941726
0.166,2502.9298982703895,81914.84388972777
0.166,3499.999999999999,80518.99999999999
0.166,3499.999999999999,160194.0
0.167,3499.999999999999,132028.0
0.167,2393.253623213758,73406.59811064697
0.167,1419.0,33497.0
0.167,3499.999999999999,118524.29029528079
0.167,1033.061554146507,13891.388809044938
0.167,3499.999999999999,84106.99999999999
0.167,1330.9999999999998,21896.999999999996
0.167,3499.999999999999,158520.58504946722
0.167,878.9831788679699,12376.752694905284
0.167,1302.4423211797132,27415.70535295418
0.167,1113.9999999999998,31525.000000000007
0.167,1029.2211411736457,29242.57029852656
0.167,3499.999999999999,250649.00000000003
0.167,86.0,1486.0000000000002
0.167,917.2594879731134,20732.45847038786
0.167,3499.999999999999,202645.99999999997
0.167,271.2787987856243,1743.2156647004463
0.167,3499.999999999999,156128.99999999994
0.167,3499.999999999999,189654.9999999999
0.167,3499.999999999999,200455.41062041704
0.167,856.0605430704938,18112.59737344721
0.167,3499.999999999999,239241.9164402424
0.167,1817.1948898363185,92779.88794473895
0.167,1056.0,42999.999999999985
0.167,3499.999999999999,132194.58406455236
0.167,3499.999999999999,179786.70151211572
0.167,2913.519830315684,101625.16448719359
0.167,375.0,3364.0
0.167,1316.2110825802374,42533.43656011045
0.167,957.6011695899288,16729.38540413246
0.167,3499.999999999999,156375.00000000006
0.167,1127.4138548022192,37564.05771478899
0.167,3499.999999999999,185336.15041595785
0.167,3499.999999999999,196782.89967372667
0.167,3499.999999999999,146268.12869521513
0.167,3499.999999999999,119395.79382951597
0.167,2221.566436968369,68232.67071211447
0.167,1414.6148664825268,33177.494301830244
0.167,3499.999999999999,175873.22890366224
0.167,2370.2193771066673,76889.83356389547
0.167,3499.999999999999,171672.99999999994
0.167,3499.999999999999,187010.37921068934
0.167,63.0,68.0
0.167,3499.999999999999,154800.82806335625
0.167,3499.999999999999,171039.14584679142
0.167,3499.999999999999,147754.99999999994
0.167,3499.999999999999,177937.8202474404
0.167,63.0,603.0
0.167,124.86654557002677,710.2052636697023
0.167,851.1756575466663,24352.596740388894
0.167,2592.7532420119196,105941.52901166333
0.167,2424.2194675067244,49007.91179099872
0.167,1824.2027417760482,34020.67787444278
0.167,3499.999999999999,218853.00000000006
0.167,61.18823416311342,996.5962070969362
0.167,2579.435908164303,80064.17750755159
0.167,885.4377448471461,25901.04569317619
0.167,1067.0000000000002,46620.00000000001
0.167,3499.999999999999,174136.41951828983
0.167,3499.999999999999,165843.7374178171
0.167,2345.2446466374604,131315.03554804123
0.167,64.0,517.0
0.167,712.0,14006.000000000005
0.167,3499.999999999999,144916.71315621262
0.167,1254.760534922899,32921.59851829799
0.167,1459.5435490606783,53279.17816671975
0.167,294.37730890814254,3162.6972665748444
0.167,619.5530647168167,20225.82843791571
0.167,3499.999999999999,216509.00000000006
0.167,1677.9666534385808,65166.09829131891
0.167,2121.5560327269222,110130.49732022459
0.167,603.3241251599342,7124.598655362979
0.167,1044.9880382090505,9121.903310165042
0.167,1696.0566753012622,50651.79270510274
0.167,1016.0000000000002,17500.000000000007
0.167,149.0,1161.0
0.167,538.9805191284745,3151.5163017189047
0.167,3499.999999999999,105785.99999999999
0.167,2390.724448306052,99805.44216721546
0.167,3499.999999999999,155547.54777788292
0.167,2884.210249564081,127833.66748148898
0.167,494.9747468305832,10348.408573302466
0.167,3499.999999999999,162483.52352161738
0.167,1948.717526990507,62050.504703829734
0.167,2387.536662357435,106484.30692241475
0.167,1563.7960936129841,30734.772398905476
0.167,1438.8854253794943,20753.710287391157
0.168,1093.1537680104593,23529.9636404842
0.168,3499.999999999999,187788.07787589487
0.168,3499.999999999999,83895.0
0.168,789.3034904268445,8110.69664085644
0.168,3138.8822771847254,159830.96030933128
0.168,1016.0000000000002,45157.00000000001
0.168,3499.999999999999,149356.25637095337
0.168,2418.3672177731823,66393.22631112301
0.168,588.6425061104574,4630.308197085806
0.168,3499.999999999999,210962.73855825816
0.168,3499.999999999999,134405.3690147831
0.168,3499.999999999999,173812.17976203794
0.168,3499.999999999999,118981.90074124718
0.168,1455.4894147440289,24641.90505073951
0.168,3499.999999999999,96203.38471176576
0.168,1961.2496016570656,86025.15248460766
0.168,3499.999999999999,306557.0000000001
0.168,3499.999999999999,158254.00000000003
0.168,3499.999999999999,150919.7094384958
0.168,3499.999999999999,251305.99999999994
0.168,3499.999999999999,155187.21106791438
0.168,1285.30152104477,37456.12385178157
0.168,3499.999999999999,114192.00000000003
0.168,3499.999999999999,154933.52912781667
0.168,3499.999999999999,194593.99999999994
0.168,1096.0,62911.00000000002
0.168,2772.6749780475325,71888.09244831302
0.168,3499.999999999999,153163.00000000006
0.168,2043.4040227032926,145370.5759980334
0.168,3499.999999999999,174474.7766909745
0.168,476.9696007084728,10169.052168220987
0.168,1599.2204535871358,49269.609023348414
0.168,2727.6120087581044,208162.968169417
0.168,3499.999999999999,128943.96571060449
0.168,1995.745474753732,42021.44059881813
0.168,126.0,157.0
0.168,1049.4579212498172,26790.777447484685
0.168,3499.999999999999,103789.13630048187
0.168,3499.999999999999,174629.1491990074
0.168,1172.9999999999998,34348.99999999999
0.168,3499.999999999999,216543.69971901743
0.168,1271.9844149824978,32426.19550546427
0.168,779.0,25811.0
0.168,544.4336624578964,11186.277959643998
0.168,3499.999999999999,163113.70478289065
0.168,551.8151864528558,16845.32947139948
0.168,1430.531795972494,19175.181204158445
0.168,678.58992694592,13898.456872394201
0.168,3499.999999999999,165250.63734218988
0.168,3499.999999999999,134208.6016133094
0.168,2170.7764203405736,81029.44324825711
0.168,3499.999999999999,133823.0
0.168,267.69645219047516,2385.6383340608227
0.168,3499.999999999999,135898.80988441355
0.168,1728.1958714354832,30688.938960987132
0.168,3499.999999999999,230672.84991086402
0.168,1097.2693379476161,14239.658001511134
0.168,3499.999999999999,199339.83446867802
0.168,1980.7826735914266,72168.49096385481
0.168,883.4591105421914,37543.94688894603
0.168,3499.999999999999,283011.9999999999
0.168,3499.999999999999,160141.59808194602
0.168,3499.999999999999,224366.99999999997
0.168,1866.5938256956365,36199.51161879871
0.168,3499.999999999999,185335.00000000006
0.168,1992.0090879933277,61705.88653618364
0.168,3499.999999999999,185408.1898045522
0.168,3499.999999999999,159420.98200676095
0.168,1488.7723172596454,50818.62653718652
0.168,3499.999999999999,240947.99999999994
0.168,3499.999999999999,175513.80711986343
0.168,1016.0000000000002,15194.999999999998
0.168,520.9057193614609,5047.812698474032
0.168,106.0,567.9999999999999
0.168,3499.999999999999,113912.53676395754
0.168,1460.0646789268683,36386.04689576327
0.168,2215.7342057358696,60988.18461077691
0.168,1245.190748439772,15678.456397235033
0.168,1320.0,25178.999999999996
0.168,3499.999999999999,125250.99999999996
0.168,3499.999999999999,184630.99999999997
0.168,3499.999999999999,109627.6516714647
0.168,1746.226918526165,41907.19135360313
0.168,2572.644553761751,120290.53309383914
0.168,1978.1304304822772,84751.87757212228
0.168,769.09037180295,24430.665566046293
0.168,3499.999999999999,155325.59047368844
0.168,2103.7084192746797,80896.1776467591
0.168,1660.0000000000005,48683.00000000001
0.168,3499.999999999999,174639.1919072004
0.169,594.0750168834949,20913.18009339573
0.169,653.0568841443896,11285.501808293604
0.169,2834.7011260604154,123540.23032506678
0.169,1025.0,56199.999999999985
0.169,3499.999999999999,98091.99999999999
0.169,1310.6905436063087,19768.30387638314
0.169,2562.7162836821385,85255.2878184194
0.169,2241.8742159184576,72284.56067515392
0.169,1168.0000000000002,31017.000000000015
0.169,3005.785512524617,124053.86101126896
0.169,3499.999999999999,100108.0
0.169,2428.321845342374,139104.7245187061
0.169,1065.9999999999998,26444.999999999993
0.169,1540.8602715137208,30411.692744922886
0.169,1628.7244268009736,38542.81309379367
0.169,2077.538384748403,60235.71748912954
0.169,1909.7120201747696,54748.40582153969
0.169,1090.0,63408.99999999999
0.169,3499.999999999999,246916.9999999999
0.169,1833.3048664083058,44126.04830769405
0.169,3499.999999999999,189446.99999999994
0.169,1508.9999999999998,47566.00000000001
0.169,1262.8669393915127,23726.55636491646
0.169,3499.999999999999,124618.46434322899
0.169,85.0,1793.9999999999998
0.169,3499.999999999999,139361.42890975272
0.169,3499.999999999999,164129.61003426524
0.169,3499.999999999999,248704.0000000001
0.169,3499.999999999999,161082.1382265053
0.169,3499.999999999999,211794.58983883413
0.169,3499.999999999999,103688.99999999999
0.169,3499.999999999999,247192.00000000006
0.169,2604.9662659578103,99966.84720563347
0.169,1069.9999999999998,24015.999999999993
0.169,1242.73274162571,27214.050261561177
0.169,3499.999999999999,164444.15477489072
0.169,1061.1717196166783,38711.890021920364
0.169,82.0,87.0
0.169,2024.4752406487955,45765.52152002641
0.169,1650.4449937375734,42525.22196414478
0.169,3499.999999999999,135717.2041987003
0.169,1274.0,48394.000000000015
0.169,2530.903896111021,97201.54350056424
0.169,1984.6604837370617,91390.41025750987
0.169,1354.0,47956.0
0.169,3499.999999999999,107199.40806739569
0.169,3499.999999999999,175062.33428097583
0.169,1329.8799522301954,15347.497620777725
0.169,1524.46712001276,51961.41303890804
0.169,1343.5910213939474,32077.009699838225
0.169,390.1133627918235,9028.951030938397
0.169,3499.999999999999,226056.0
0.169,1125.1038182755988,30520.758397539594
0.169,1665.983193192536,52065.83505524524
0.169,3499.999999999999,170484.3008256186
0.169,3499.999999999999,276115.00000000006
0.169,3499.999999999999,99978.99999999999
0.169,2100.007348541315,90382.23304157308
0.169,1723.2974870755154,52091.805923813685
0.169,621.50674213318,10375.005940592355
0.169,3499.999999999999,215411.99999999994
0.169,1823.0,36364.0
0.169,3499.999999999999,165441.67918418813
0.169,197.0,2301.0
0.169,3499.999999999999,230125.00000000006
0.169,2870.2601538271624,77935.56913468115
0.169,1121.0,46224.00000000002
0.169,1566.365219225708,28783.537378161152
0.169,1055.5264175808154,14574.618595112946
0.169,411.19576055918276,12189.412685570565
0.169,1846.3477462276708,68750.22535963067
0.169,1918.5485949117297,112612.36534702177
0.169,1568.6566734425298,26659.717115419
0.169,3499.999999999999,186211.3290327932
0.169,707.7496201091897,18360.389596593574
0.169,1278.4756548327387,36349.896451021705
0.169,3499.999999999999,154953.59098775344
0.169,3499.999999999999,139591.1724689481
0.169,2810.8739910093045,145728.50167628936
0.169,3499.999999999999,200265.0
0.169,3499.999999999999,187090.50002605698
0.169,3499.999999999999,131331.99618012353
0.169,850.0770403066942,6057.040285363722
0.169,3499.999999999999,163840.0
0.169,3499.999999999999,123717.51137167275
0.169,781.3685775128653,23781.210777569395
0.17,2767.403957159199,95216.56116546661
0.17,1049.0,16072.999999999993
0.17,2549.0064051603745,102545.05774167058
0.17,1692.8528079688983,54002.40128980414
0.17,112.99999999999999,181.0
0.17,3499.999999999999,151807.4850130914
0.17,3499.999999999999,264626.00000000006
0.17,1457.982137654105,20372.48519843732
0.17,1470.0956683872428,30412.65803647504
0.17,1026.9193487902232,25531.191141018833
0.17,3499.999999999999,185456.64115905913
0.17,1053.7831781338193,30195.380472857807
0.17,2308.287681141156,99698.81792078055
0.17,109.00000000000001,596.0
0.17,3499.999999999999,236444.00000000006
0.17,2238.852267601732,92086.87465748312
0.17,64.0,499.0
0.17,2168.671700838734,96945.18395666618
0.17,1266.4523256856312,33880.22870421638
0.17,3499.999999999999,261458.99999999997
0.17,3499.999999999999,224456.00000000003
0.17,1593.2680695866618,65871.5223365252
0.17,100.0,109.00000000000001
0.17,3499.999999999999,177506.886593715
0.17,752.6975452929003,19224.532498349887
0.17,1801.228585110096,46550.385212002315
0.17,1023.366991846034,15048.75715798483
0.17,924.1212041718338,33456.32442453895
0.17,462.0606020859168,9016.125886432597
0.17,1680.7797755789704,82207.09502483012
0.17,1202.6561534067414,15693.77102795965
0.17,2730.24916934435,120318.57636974656
0.17,2199.7186960510226,81845.6419678124
0.17,3499.999999999999,235807.19383640535
0.17,3499.999999999999,149183.02863031422
0.17,1561.1639352147301,48903.018284412385
0.17,1857.28802753612,55528.147171425204
0.17,2662.6428027765646,89877.45535952918
0.17,1961.0,22580.00000000001
0.17,2100.833168054998,96011.30126188278
0.17,2323.5142934254814,117648.81199227086
0.17,3499.999999999999,232432.00000000012
0.17,3499.999999999999,271089.2724454437
0.17,1286.3174424573235,21164.29337668883
0.17,931.5939827997786,23713.94453793237
0.17,854.2037015567062,21190.88896631987
0.17,692.593335436693,10177.868838000262
0.17,3499.999999999999,151770.71169438885
0.17,829.7633234305508,11859.240968346672
0.17,1645.1362467874972,40692.730057976994
0.17,3499.999999999999,129434.493347021
0.17,2759.8435113963073,104669.83198869918
0.17,3499.999999999999,95641.43257474116
0.17,3499.999999999999,139027.31219656713
0.17,3499.999999999999,176013.10684150775
0.17,1989.5979493354937,56963.804200562285
0.17,65.0,453.0
0.17,3499.999999999999,127255.99999999994
0.17,1541.9999999999995,53012.99999999998
0.17,1630.8800467461936,55213.98613853212
0.17,3499.999999999999,233818.65946925635
0.17,2127.322260495574,54330.471422582
0.17,2442.397902770368,65070.235651854055
0.17,1471.0,37516.999999999985
0.17,2744.6938309466746,109401.51081832204
0.17,2004.0,104132.00000000004
0.17,3499.999999999999,250183.00000000003
0.17,3499.999999999999,225657.31616767944
0.17,1562.1861149388267,48639.17901954564
0.17,3499.999999999999,290726.00000000006
0.17,3499.999999999999,241997.99999999994
0.17,2877.0281844966526,104098.76229398458
0.17,3499.999999999999,108249.54876118415
0.17,3499.999999999999,183528.99999999994
0.17,3499.999999999999,254392.99999999997
0.17,3499.999999999999,107615.00000000006
0.17,3499.999999999999,116118.99999999999
0.17,1144.0,35194.99999999999
0.17,2022.730486815809,84599.71327818345
0.17,3499.999999999999,193315.65730690316
0.17,2852.4159566559283,130958.76107796066
0.17,3499.999999999999,166855.77465583867
0.17,880.3066717766098,18443.290756887764
0.171,1292.0501547848887,32720.717057488655
0.171,3499.999999999999,112133.99999999997
0.171,3499.999999999999,110548.0
0.171,1570.1496875414405,73613.79766277806
0.171,2297.389823255948,94876.08468945164
0.171,3499.999999999999,152857.81792240794
0.171,3499.999999999999,244974.49553059955
0.171,3499.999999999999,152508.76905935604
0.171,1379.0000000000002,21780.0
0.171,912.3803558652081,28056.79865960586
0.171,597.4947698515862,10198.902637048754
0.171,2661.8909335791313,114289.35485267316
0.171,2476.287543884999,70340.06944835925
0.171,3499.999999999999,129516.00000000001
0.171,2923.6278171870117,81162.64801990056
0.171,2430.6377763870946,87452.75605719925
0.171,2445.5702267764814,99736.72506393868
0.171,3499.999999999999,153807.79821333653
0.171,3499.999999999999,245527.0
0.171,386.0254918823002,4278.709309079324
0.171,2186.54979362465,83358.77308957948
0.171,2634.7694008093163,90704.77563262016
0.171,3499.999999999999,167284.00000000003
0.171,1989.5979493354937,70008.41644402476
0.171,3499.999999999999,146156.99999999994
0.171,1213.8780828402823,19434.248763458814
0.171,2056.21010599598,52799.731192497566
0.171,1714.5666384855574,50059.08213107872
0.171,449.0548061994156,2670.7835013062295
0.171,3499.999999999999,126027.31837185145
0.171,1737.5045149374587,43424.55059072286
0.171,2935.540018137421,109422.81943443915
0.171,2513.315618472017,88475.25966884804
0.171,1073.0796801729123,19757.726817627583
0.171,3499.999999999999,179792.0000000001
0.171,2999.8794656233413,150424.9644723423
0.171,2731.3435195678344,122368.67656284003
0.171,2258.6188436075263,78538.55095041892
0.171,1222.101993070989,18896.994067574582
0.171,2651.0734941148917,64227.02014461067
0.171,2394.6786033796902,72652.22378293701
0.171,2298.06816312225,81580.50557812063
0.171,3499.999999999999,101979.0
0.171,1261.8081037132174,76355.88861669319
0.171,3499.999999999999,110559.99999999994
0.171,1722.598717241358,77315.86696112271
0.171,3499.999999999999,87557.0
0.171,3499.999999999999,196683.00000000003
0.171,3499.999999999999,161729.24168239554
0.171,1701.0117391605665,40726.63784648729
0.171,3499.999999999999,143791.46288983923
0.171,888.3851063908377,14113.856391420188
0.171,3499.999999999999,157222.7743712723
0.171,3499.999999999999,265567.0000000001
0.171,1810.2651531443098,52078.00592506369
0.171,558.121850495033,4706.226513885621
0.171,1113.9999999999998,23055.999999999993
0.171,3499.999999999999,108084.99999999997
0.171,2336.301777527995,43239.63421976333
0.171,1554.0,49351.999999999985
0.171,845.7525128975732,19911.970243173604
0.171,2668.6844152759663,88420.45301909352
0.171,2973.361408784847,112706.29109406093
0.171,1401.0000000000002,25901.0
0.171,1867.770855062907,65047.53255284941
0.171,1929.766825292631,22749.53821509352
0.171,982.6913108013784,12153.132772566983
0.171,3499.999999999999,176256.69724935485
0.171,3499.999999999999,197625.08038202033
0.171,970.0449902964184,16018.112603996786
0.171,3499.999999999999,178918.0
0.171,1049.0,40993.999999999985
0.171,3499.999999999999,181302.17664704274
0.171,2124.029190006577,90459.58097957341
0.171,1742.747034015445,49218.12607461639
0.171,2624.7499642777752,120266.18111145319
0.171,63.0,501.99999999999994
0.171,2477.2468797756087,69869.8716905687
0.171,1939.9999999999998,110605.0
0.171,1347.642807008365,44977.941013488504
0.171,3499.999999999999,122768.85865723444
0.171,361.65518685792335,3206.8696813668753
0.171,933.2624636679955,16453.19100639467
0.171,2144.6572192900057,72403.0014696191
0.171,1965.705980048898,43633.44199120671
0.171,390.40747943654964,5382.543450823227
0.171,1717.6119095430472,35181.199821817936
0.171,1817.6908428002819,61917.32697718787
0.172,1862.0000000000005,134626.00000000003
0.172,3499.999999999999,118631.76757513138
0.172,3499.999999999999,158608.99999999994
0.172,570.5260730238364,5317.3814984445125
0.172,3499.999999999999,229189.99999999997
0.172,726.9800547470336,12243.714142367091
0.172,1867.5509825972554,61705.621986294354
0.172,3499.999999999999,193154.0
0.172,86.97125962063559,276.9115382211438
0.172,2209.9442066833044,87063.50198077089
0.172,1401.2494424619763,55834.643922926545
0.172,2562.758054519586,87591.8062202483
0.172,573.5852159879994,11618.551716974021
0.172,3499.999999999999,252123.99999999994
0.172,681.4860809597619,6845.719184953489
0.172,2384.8480035423636,72490.12843139401
0.172,341.16955932468795,8034.881931603034
0.172,1493.6023820790545,41581.87218008061
0.172,1161.0,13444.000000000005
0.172,2971.5011866960926,120045.49457441956
0.172,1526.7612779999367,56398.58721634793
0.172,324.0,758.0
0.172,746.8011910395272,19394.54808298812
0.172,609.0,5759.0
0.172,1917.9416049504741,53050.5717594071
0.172,3499.999999999999,124830.1194423846
0.172,3499.999999999999,108334.99999999997
0.172,3499.999999999999,276705.0000000001
0.172,3499.999999999999,114822.40460816
0.172,3499.999999999999,129983.85522056192
0.172,2598.881276342613,91938.16349701543
0.172,1219.213350463057,39028.864590291254
0.172,1340.9999999999995,18346.0
0.172,1213.8442949831447,47653.270132026984
0.172,3499.999999999999,251850.0
0.172,1511.6864919269547,50223.31520512319
0.172,2229.3496809607946,56098.17408793267
0.172,1401.5598909987111,27071.394865268296
0.172,3499.999999999999,221969.0
0.172,3499.999999999999,140167.1707072276
0.172,1883.8789770046264,37134.752591070275
0.172,2850.907855408625,113375.26572116201
0.172,3499.999999999999,241113.0
0.172,2654.5548815606576,58511.70826128633
0.172,1767.0000000000002,34079.999999999985
0.172,3499.999999999999,167424.00000000006
0.172,1911.1491484839387,79607.96376190626
0.172,2337.049633461764,70979.66558810776
0.172,3499.999999999999,192178.82077718593
0.172,2343.015325287593,72385.63594331735
0.172,3499.999999999999,180217.177419357
0.172,3499.999999999999,246757.00000000006
0.172,3499.999999999999,188017.50582060174
0.172,2666.1770383828593,148077.83665694206
0.172,3499.999999999999,241273.99999999994
0.172,840.9999999999999,36404.0
0.172,2956.7828453070592,143293.270650986
0.172,1576.9675586531202,44021.49808720402
0.172,3499.999999999999,169285.66240429966
0.172,1160.4947220905399,24052.47658766142
0.172,409.8780306383839,4844.5773809487255
0.172,844.9836207041823,18604.7765401215
0.172,674.5368781616019,18083.58692295308
0.172,2621.699555754389,124126.46483071374
0.172,980.7137657293853,9754.271646850848
0.172,3499.999999999999,142807.54178126107
0.172,194.39907407186897,1194.7208879064603
0.172,2352.3392612461325,54719.363802953674
0.172,721.6519425394923,9404.676976459294
0.172,3499.999999999999,198798.47051725522
0.172,141.0,1321.0
0.172,3499.999999999999,227478.9999999999
0.172,1261.0,13815.999999999995
0.172,2347.2499997486143,76571.79596554214
0.172,3499.999999999999,231939.29133288297
0.172,3499.999999999999,146301.73546475795
0.172,1913.3739833080206,59165.41302146045
0.172,1589.8186976769746,56735.19094205579
0.172,3499.999999999999,234399.99999999994
0.172,1133.948508584258,38153.28237669113
0.172,1729.6198490543404,36947.14482666337
0.172,1980.7826735914266,48739.10987082138
0.172,1961.4938620090816,75531.41993055161
0.173,1192.9999999999998,25237.999999999993
0.173,3499.999999999999,106187.18116608995
0.173,1564.37709972931,63963.20906923908
0.173,2524.5791728523777,75973.15011239171
0.173,3499.999999999999,197071.99999999997
0.173,3499.999999999999,188239.17836359152
0.173,204.99999999999997,399.0
0.173,1483.6130478309422,39345.77270690886
0.173,3499.999999999999,170269.53637486126
0.173,1458.039959484565,34104.9660051177
0.173,87.0,2141.0
0.173,1311.4849341653853,49775.016719920255
0.173,3499.999999999999,206954.3987213874
0.173,411.00000000000006,4037.0000000000005
0.173,1427.2546640456867,26842.07646306508
0.173,3499.999999999999,135212.7831715334
0.173,3499.999999999999,252202.00000000006
0.173,2551.4844385133597,106540.83822342055
0.173,2283.6374493338462,90434.30418264965
0.173,564.3580423808985,5155.32734169228
0.173,3499.999999999999,69059.00000000001
0.173,3499.999999999999,104526.99999999997
0.173,2808.7922654960116,92748.85398033228
0.173,1891.0000000000005,53117.00000000001
0.173,3499.999999999999,243219.91326953258
0.173,1036.1627289500304,15058.085620582126
0.173,2320.1293067413294,88835.23713031893
0.173,3499.999999999999,96241.00000000003
0.173,3499.999999999999,212722.00000000006
0.173,840.6842451241725,8972.91062030599
0.173,1025.0,20974.00000000001
0.173,3499.999999999999,159484.88645619145
0.173,3499.999999999999,108475.99999999997
0.173,1675.5437456480108,31963.08868663558
0.173,1136.4499184910053,23557.56222742293
0.173,1391.0,37628.0
0.173,2126.4228044747156,58775.9890913352
0.173,3499.999999999999,122014.30600138662
0.173,1607.768645702798,42426.075117869696
0.173,80.0,563.0
0.173,427.8480842046412,8206.787568107778
0.173,2328.4114756631825,42060.23965694919
0.173,3499.999999999999,218795.9999999999
0.173,2659.759904460391,100308.9851627874
0.173,3499.999999999999,198971.90747764625
0.173,1387.0946141862123,46782.59025935748
0.173,2599.499463753785,120376.27438349991
0.173,2607.9928381187515,82035.04918761276
0.173,3499.999999999999,145161.0
0.173,3499.999999999999,157804.6532140292
0.173,3499.999999999999,161167.52068267358
0.173,850.0,34995.00000000001
0.173,113.99999999999999,1000.0000000000002
0.173,3499.999999999999,167475.13322878716
0.173,2766.3919240928735,109727.48674027037
0.173,3499.999999999999,199529.76512408207
0.173,3499.999999999999,171172.64464861207
0.173,709.9295739719539,12058.458939682136
0.173,477.22531366221557,13231.707939642569
0.173,2450.7141816213493,145388.83119070737
0.173,1190.5880899790654,59004.15297248153
0.173,2071.4729059294987,41725.67505745113
0.173,1399.4015299175692,41589.13266527456
0.173,3499.999999999999,219611.5558235084
0.173,1333.8665600426452,30525.365452357793
0.173,2160.022738965471,69706.35490748816
0.173,3499.999999999999,119091.00000000003
0.173,977.9329610023931,29255.01168105817
0.173,3499.999999999999,104736.89694452944
0.173,945.500420828507,12802.069081691367
0.173,2506.184687240614,90984.9949549921
0.173,66.0,726.0
0.173,1852.9705880018707,75074.27375606111
0.173,2579.435908164303,86277.57516234842
0.173,745.9892760623304,5200.062499624402
0.173,3499.999999999999,193115.0
0.173,3499.999999999999,203632.20157430889
0.173,3499.999999999999,57466.99999999999
0.173,3499.999999999999,259843.63499420177
0.173,1456.829169005527,25413.354933112165
0.173,214.0,3065.9999999999995
0.173,353.3001556750294,2219.36116934581
0.173,876.0984300341868,19134.24738044559
0.173,1163.7263737265382,31457.458372775636
0.173,211.0,3407.999999999999
0.173,2157.5449010391417,94497.2393776665
0.173,2730.24916934435,149282.17915430697
0.174,489.27920678394867,7346.7939731818415
0.174,590.3066999450369,8668.138035356847
0.174,1407.0000000000002,71699.00000000001
0.174,1244.0,21593.0
0.174,302.0,5438.000000000001
0.174,1299.8788405078378,50392.37463148566
0.174,3499.999999999999,188562.99999999994
0.174,1300.7828177301449,28652.39746735448
0.174,2150.232545563386,69628.86484784885
0.174,3499.999999999999,108295.8205804189
0.174,1866.0859106702499,59337.33214214258
0.174,3499.999999999999,116870.58001053995
0.174,1998.3743393068278,93007.13826368382
0.174,3499.999999999999,129535.99999999994
0.174,3499.999999999999,94603.24474350762
0.174,3499.999999999999,210591.0
0.174,508.4741881354451,21320.58294231187
0.174,1668.2396261232213,69588.55706346862
0.174,3499.999999999999,228268.04250584514
0.174,3499.999999999999,84848.59262423647
0.174,469.57427527495577,8141.824979695889
0.174,3499.999999999999,151431.44680019407
0.174,101.0,442.0
0.174,1809.4448294168349,56743.64604999355
0.174,3499.999999999999,195195.00000000006
0.174,3499.999999999999,222773.99999999994
0.174,3499.999999999999,111661.4018602521
0.174,1618.0878263077545,62629.534213647414
0.174,2337.049633461764,101646.6327006846
0.174,3499.999999999999,123342.80358649683
0.174,3499.999999999999,137474.30960001214
0.174,3499.999999999999,73858.99999999999
0.174,907.448473828005,27469.736150504163
0.174,1917.9416049504741,39497.374912771105
0.174,2473.459116298468,84255.90916962437
0.174,2537.7155080899042,101644.75598868831
0.174,3499.999999999999,124884.38618244501
0.174,357.0042016559469,4383.180352210026
0.174,1830.8718113047753,61150.94920479603
0.174,1235.6219173641218,27030.463533999886
0.174,3499.999999999999,146861.18253502587
0.174,1097.0244652289637,17690.5583298275
0.174,3499.999999999999,280748.99999999994
0.174,1348.0997498879249,55918.80216008968
0.174,641.0,4806.999999999999
0.174,3499.999999999999,78106.0
0.174,3499.999999999999,136680.41663605647
0.174,2705.693114928808,135270.93337639543
0.174,2752.0580061343157,125766.55800490674
0.174,2001.7608581686436,67850.4749215687
0.174,1939.4778691198724,93194.11855500161
0.174,3499.999999999999,208898.85368282895
0.174,3499.999999999999,97382.29510542455
0.174,1799.2663450155894,77821.00050853257
0.174,3499.999999999999,285133.99999999994
0.174,1632.0232841476252,24136.16999442952
0.174,1010.7029412391474,22702.203523046464
0.174,1532.4590644735345,43313.50725586336
0.174,2708.394758948026,72251.20854638744
0.174,1263.0,38058.00000000001
0.174,3499.999999999999,157016.48289908931
0.174,3499.999999999999,270395.9999999999
0.174,2548.7251715318384,83226.96529971519
0.174,3499.999999999999,190748.25989769874
0.174,3499.999999999999,216594.00000000006
0.174,3499.999999999999,137366.86984426138
0.174,3499.999999999999,233659.9999999999
0.174,1287.0518013148858,44936.16928384128
0.174,937.5296093574045,19560.117644408394
0.174,645.7739542595381,5150.100581542072
0.174,3499.999999999999,76458.99999999999
0.174,2278.839269023288,97156.27683682283
0.174,3499.999999999999,180933.02762348286
0.174,1409.2822762937008,29724.776977510708
0.174,1980.7826735914266,64153.46771609467
0.174,3499.999999999999,161557.28735033906
0.174,997.4099641726463,16353.33438260747
0.174,1980.7826735914266,47029.89428012783
0.174,3499.999999999999,73310.99999999999
0.174,2766.554223011493,112568.35890456814
0.174,1390.0,36722.99999999999
0.174,3499.999999999999,136460.83643302205
0.174,1663.7638984080425,79669.12745147961
0.174,574.6094325713772,6887.839283839306
0.175,3499.999999999999,214272.00000000006
0.175,3499.999999999999,75758.00000000001
0.175,674.5015066632059,9197.954209575568
0.175,1130.0,32085.000000000007
0.175,1366.0000000000002,40652.999999999985
0.175,3499.999999999999,100314.56943036744
0.175,3499.999999999999,152973.37233535657
0.175,1211.0000000000002,15019.999999999993
0.175,3499.999999999999,129476.43768269195
0.175,2678.6190471957752,91606.99067210966
0.175,3499.999999999999,207873.0
0.175,3499.999999999999,117102.47911978638
0.175,3499.999999999999,264937.00000000006
0.175,2670.681885250801,126238.16362955997
0.175,1382.389236069205,35339.806960423535
0.175,1606.9999999999998,42432.0
0.175,2105.0741720767446,55004.31669390506
0.175,953.8827502996517,25203.23403123836
0.175,2022.9999999999998,48458.99999999999
0.175,3499.999999999999,112139.00000000001
0.175,3499.999999999999,105105.04007420386
0.175,2315.59927448598,72756.43203868641
0.175,3499.999999999999,94956.00000000003
0.175,1097.2693379476161,45408.89323689799
0.175,3499.999999999999,133175.1021827268
0.175,1109.9549540409282,46199.225166662705
0.175,1501.2395299411469,59711.727971394444
0.175,2146.7149732308894,78729.65400665102
0.175,120.29962593458055,1836.8440325732618
0.175,2055.0000000000005,53000.0
0.175,1471.969420044408,44859.32767466362
0.175,3499.999999999999,216908.00000000003
0.175,1730.1653286153537,53151.96162803283
0.175,1800.708525736853,74925.78731038564
0.175,1562.1861149388267,36788.01919200756
0.175,1356.8345514468595,51730.61689174025
0.175,2503.8741819493703,62800.62378701718
0.175,3499.999999999999,265116.99999999994
0.175,3499.999999999999,91905.62737939389
0.175,1777.5997611101914,39417.433144739545
0.175,533.7861802048071,5751.383964509603
0.175,3499.999999999999,129756.99999999994
0.175,2079.903843931253,96510.63580766627
0.175,1949.6153466773897,65543.0512335213
0.175,2510.7272380430645,86613.9485430821
0.175,654.8940255486991,17383.955239064184
0.175,3499.999999999999,123685.84806274319
0.175,3499.999999999999,118976.00000000003
0.175,3499.999999999999,122475.81534327507
0.175,3499.999999999999,146146.00000000003
0.175,1006.0000000000002,15932.999999999998
0.175,1274.324109751697,46200.67741125992
0.175,3499.999999999999,140453.3835496729
0.175,152.0,3611.0
0.175,1776.111318875317,49540.59398989381
0.175,2438.7236897582716,75216.39645480037
0.175,1401.0000000000002,32502.00000000001
0.175,1972.8152473052307,49471.6879437118
0.175,3499.999999999999,280507.0
0.175,3499.999999999999,129884.99999999997
0.175,126.0,2146.0
0.175,309.46503642070803,1012.5361404769826
0.175,3499.999999999999,107310.00000000001
0.175,2489.1664548658828,63585.19294444135
0.175,1419.7482171145696,50671.50579961086
0.175,2882.0241198661547,125474.29555586928
0.175,3499.999999999999,215608.34831703527
0.175,1164.7747112976135,40320.9529235018
0.175,3499.999999999999,144411.96648010996
0.175,1885.7359306117069,53333.948803740386
0.175,3499.999999999999,224919.99999999994
0.175,3499.999999999999,135117.00000000003
0.175,3499.999999999999,185986.0
0.175,3499.999999999999,123623.43984859831
0.175,3499.999999999999,126031.60644676145
0.175,3499.999999999999,211380.35404740486
0.175,1877.3651749193598,75734.13484684433
0.175,3499.999999999999,163875.86447091063
0.175,1038.9999999999998,21017.0
0.175,2660.1844100392855,82276.085673376
0.175,1891.0000000000005,88340.99999999997
0.175,1353.339203599748,29430.119520654345
0.175,310.0,5388.0
0.176,3499.999999999999,183163.18885699142
0.176,810.9192412881573,20931.8324544504
0.176,1131.0,14521.000000000004
0.176,3499.999999999999,148942.55257313128
0.176,3499.999999999999,223162.99999999997
0.176,3499.999999999999,150769.31795636064
0.176,1949.6153466773897,100746.05869213941
0.176,2660.339290817414,100996.31313102189
0.176,621.8346627540279,8781.493758610612
0.176,650.7435375079397,11012.64867871813
0.176,1750.4997858570302,60914.07791974292
0.176,3499.999999999999,119609.00000000001
0.176,3499.999999999999,125809.4948985377
0.176,2320.1293067413294,59644.44714304932
0.176,1917.9416049504741,80077.93527558012
0.176,2345.2446466374604,86150.45099781318
0.176,3499.999999999999,189027.51663540298
0.176,2529.373526712797,109311.04232252121
0.176,787.0832230456953,4046.518874291827
0.176,3499.999999999999,130632.28976022736
0.176,3499.999999999999,182122.3157447924
0.176,3499.999999999999,137652.00000000006
0.176,3499.999999999999,232157.61882824346
0.176,707.6191494402798,9239.696359198462
0.176,3499.999999999999,100513.9338413311
0.176,1077.0736968818192,18957.95342506956
0.176,2360.7325600979866,81239.13023507597
0.176,3499.999999999999,69115.49955890018
0.176,689.7616417109601,16249.538657851148
0.176,1568.4916612950074,39656.10418536706
0.176,2033.101079631802,55059.327956305446
0.176,2145.3437952924924,80332.63514910988
0.176,1466.419760614932,50307.69834938634
0.176,3499.999999999999,181828.30607700162
0.176,3499.999999999999,198574.78195342352
0.176,2021.8803129760179,61368.997832782
0.176,3499.999999999999,148851.0196538807
0.176,2742.575191731715,76744.92761625622
0.176,3499.999999999999,206359.3379420433
0.176,3499.999999999999,85615.0
0.176,1190.5877754474536,29543.084353179125
0.176,2689.442079212998,127137.66705018692
0.176,3499.999999999999,102999.43846934312
0.176,2758.8262971547288,126517.45635741192
0.176,3499.999999999999,114041.65406990549
0.176,3499.999999999999,108910.09434391288
0.176,3499.999999999999,161279.5520994399
0.176,1175.0000000000002,18424.999999999993
0.176,3499.999999999999,110462.00000000001
0.176,1897.680981321062,73395.5803929461
0.176,3499.999999999999,266082.0
0.176,2130.29112818495,90284.15938643135
0.176,3499.999999999999,102385.14722360864
0.176,2256.471053400986,52068.92514194925
0.176,3499.999999999999,244548.99999999988
0.176,2120.731006044849,78880.47139818578
0.176,2903.9087206040576,76117.63235434802
0.176,3499.999999999999,170826.1992328738
0.176,3499.999999999999,137900.00000000003
0.176,1176.452245825759,9413.059348665987
0.176,3499.999999999999,83242.00000000003
0.176,3499.999999999999,111745.99999999999
0.176,3499.999999999999,151690.5168822362
0.176,3499.999999999999,88134.99999999997
0.176,1500.888362659548,25242.62629064967
0.176,1386.7145185842971,32943.4555799782
0.176,324.03703492039295,6493.987218958779
0.176,2119.079989051853,63383.44168629531
0.176,2521.0489460333333,133763.07186519256
0.176,1853.9147768977944,71261.48610575
0.176,3499.999999999999,99448.0
0.176,1555.7957142432888,45898.59352553112
0.176,3499.999999999999,135821.99999999997
0.176,3499.999999999999,172375.00000000003
0.176,1775.76390562326,36067.889938826076
0.176,852.2718145976555,23913.172718465757
0.176,2769.6213638319073,97992.55560025311
0.176,1199.8263637654827,31450.84182751404
0.176,3499.999999999999,194951.41358040992
0.176,61.0,468.0
0.176,3499.999999999999,104026.570580784
0.176,2068.988747344538,48604.757868303204
0.176,2146.9746155928347,73015.7526154459
0.176,3499.999999999999,156311.0540682045
0.176,3499.999999999999,173150.99999999994
0.177,2068.511796717722,67770.80647056474
0.177,1964.558298691505,54403.501531350215
0.177,1364.007246123444,18504.658817720927
0.177,945.2022966932267,22249.908177415135
0.177,3499.999999999999,159457.00000000003
0.177,1366.0000000000002,42790.000000000015
0.177,666.7083320313312,14878.247208592817
0.177,3499.999999999999,168897.80493541056
0.177,3499.999999999999,122781.29307023928
0.177,656.1249880929699,6131.69079455251
0.177,2114.1192019372984,87647.20993277541
0.177,2336.301777527996,62385.19989844299
0.177,3499.999999999999,182601.00000000006
0.177,3499.999999999999,282460.99999999994
0.177,3499.999999999999,111195.10915299457
0.177,1204.8169985520624,26051.93117601842
0.177,3499.999999999999,137234.0
0.177,3499.999999999999,174771.00000000006
0.177,1967.4857051577278,81731.86228148727
0.177,3499.999999999999,69777.99999999999
0.177,3499.999999999999,292163.91497924586
0.177,3499.999999999999,178433.60524690247
0.177,3499.999999999999,218265.0000000001
0.177,594.5586598477898,13176.18241373426
0.177,1397.0,56953.00000000002
0.177,3499.999999999999,138127.6395440101
0.177,3499.999999999999,161870.69732880426
0.177,3499.999999999999,107719.00000000003
0.177,3499.999999999999,91597.28126969705
0.177,3499.999999999999,126032.32499862813
0.177,3499.999999999999,131121.00000000006
0.177,1455.0,49290.99999999999
0.177,3499.999999999999,164794.3809247693
0.177,1519.8684153570662,22200.486481156207
0.177,3499.999999999999,99295.34925664944
0.177,3499.999999999999,127091.82389010664
0.177,1401.2494424619763,53618.82886636001
0.177,3499.999999999999,128468.76256896074
0.177,1979.0149064623033,38879.09597714433
0.177,3499.999999999999,76181.00000000001
0.177,3499.999999999999,145277.60668495554
0.177,503.0,7157.000000000002
0.177,148.0,206.0
0.177,3499.999999999999,195070.15582165073
0.177,2798.240529764905,135179.50835562783
0.177,128.0,233.0
0.177,852.5528967925446,28412.108527721484
0.177,2557.6356269023154,127210.30272741275
0.177,3499.999999999999,87959.00000000003
0.177,3499.999999999999,153419.99999999997
0.177,445.9789918181399,11533.06112375865
0.177,750.6663706334525,21884.119539063016
0.177,891.2910710951079,13807.660844841655
0.177,1285.9999999999998,7508.000000000003
0.177,1498.999666444259,45203.40371034021
0.177,3499.999999999999,133936.19652598785
0.177,2877.03554163645,60810.452196651735
0.177,1826.5218476091227,94042.67692570668
0.177,1374.002456739523,49690.69983933793
0.177,3499.999999999999,142783.04448060677
0.177,2673.184742246738,94870.02305767796
0.177,3499.999999999999,78525.99999999999
0.177,111.00000000000001,976.0
0.177,2179.201902088011,117913.98143973199
0.177,3499.999999999999,103301.99999999996
0.177,3499.999999999999,117960.72580312482
0.177,1685.588603909716,63279.64303639793
0.177,3499.999999999999,170883.0409841771
0.177,3499.999999999999,138245.85193053712
0.177,3499.999999999999,198708.0
0.177,2068.0909070928183,51478.38439578306
0.177,202.99999999999997,1879.0
0.177,2669.248202022379,103615.51281437119
0.177,2377.498685593748,96195.91983031297
0.177,1279.511125155062,9999.855397215679
0.177,3499.999999999999,200758.08158079226
0.177,1636.306817195357,57269.8124233003
0.177,2726.472854191092,85707.66214444883
0.177,2622.375696842132,115221.66165733256
0.177,696.5665197446064,18469.96399472884
0.177,1530.791455542628,36421.13043655685
0.177,861.1361945950982,18765.30919660869
0.177,709.9295739719539,5268.545434937428
0.177,3499.999999999999,212961.00000000006
0.177,2829.888161662237,156160.28946141634
0.177,3499.999999999999,130182.99999999997
0.177,63.0,681.0
0.178,3499.999999999999,160072.0598649221
0.178,2646.4126662332915,110567.14195456084
0.178,1421.4219529857623,38563.49180681637
0.178,1133.0000000000002,24509.000000000007
0.178,1604.9922118191098,39317.00777017496
0.178,285.6151256498857,5678.137018424267
0.178,3499.999999999999,237384.210829178
0.178,454.42271070007047,13085.928320146038
0.178,3499.999999999999,182787.9605663349
0.178,3499.999999999999,229299.07806181858
0.178,3499.999999999999,119662.64117418735
0.178,70.2922470831599,204.52383724153034
0.178,3499.999999999999,159208.3288776062
0.178,3499.999999999999,78463.44250668584
0.178,3499.999999999999,185449.48754580037
0.178,3499.999999999999,177411.57155740474
0.178,2089.976076418101,51404.944723246204
0.178,734.9627451152597,7623.74475082883
0.178,1414.9204924659193,26179.93643995341
0.178,3499.999999999999,122115.00000000003
0.178,3499.999999999999,140123.0
0.178,1794.480620429439,58314.61381476161
0.178,2797.61312154699,76553.65256268118
0.178,674.139736280175,10635.25389144698
0.178,2357.79814742766,80841.29671612175
0.178,1589.7785907962163,31101.448372786956
0.178,3499.999999999999,195063.00000000006
0.178,3499.999999999999,136383.58440163342
0.178,1696.9003494613926,37422.20067983101
0.178,1632.2015542993104,32872.88052760614
0.178,3499.999999999999,99904.41079583735
0.178,3499.999999999999,200467.0000000001
0.178,62.0,653.0
0.178,3499.999999999999,154000.99791235122
0.178,1686.7965883036466,44541.23642575518
0.178,2396.1018896603255,102089.92117192505
0.178,3499.999999999999,221465.0
0.178,2473.2480885141017,96038.25281714268
0.178,1975.4746265138413,46760.126090505815
0.178,2471.912280482978,70932.69038022301
0.178,3499.999999999999,217177.99999999997
0.178,1869.893045069691,85881.01318102857
0.178,873.249105353106,27544.052261786026
0.178,3499.999999999999,87673.00000000003
0.178,2124.8529360875777,58586.8571012305
0.178,1641.6806790824178,47376.56163736115
0.178,3499.999999999999,121011.99999999994
0.178,2241.892657710024,82841.90618246289
0.178,3499.999999999999,204117.0
0.178,2609.4627336993317,122451.72428882644
0.178,2659.7599044603885,114333.21297021753
0.178,770.4444317680069,19923.69093666373
0.178,2484.753508901839,145467.51905494224
0.178,3499.999999999999,186047.6647261735
0.178,3499.999999999999,162564.79773923996
0.178,584.8692096722547,4176.014909204938
0.178,3499.999999999999,271742.0
0.178,1401.2494424619763,35338.69131702531
0.178,3499.999999999999,129150.99999999997
0.178,1936.1140414528666,75914.45682131773
0.178,3499.999999999999,146200.3275201529
0.178,2694.2569013913635,113759.97962853003
0.178,1352.5785195000724,39731.415287910844
0.178,1506.0,32580.999999999993
0.178,984.9410324839337,16319.937316070871
0.178,1454.0,20593.00000000001
0.178,227.99999999999997,488.99999999999994
0.178,2294.7056678678737,98528.12754254114
0.178,3499.999999999999,242313.2054800149
0.178,1917.9416049504741,59124.388724112796
0.178,1280.1856216806718,32527.35298062608
0.178,3499.999999999999,94310.99999999999
0.178,3499.999999999999,197176.41180678786
0.178,3499.999999999999,213059.9999999999
0.178,658.0029904643885,23502.223569060876
0.178,115.99999999999999,350.0
0.178,2151.1408737662246,72766.0490223566
0.178,2174.1655582683215,63258.81736246538
0.178,1938.9115503292044,55154.68751611239
0.178,2754.159972670524,80390.17526981425
0.178,526.7629441749482,10749.476840795995
0.178,1287.0518013148858,36160.799762720526
0.178,3499.999999999999,190401.34086712726
0.178,1643.0972304141847,52986.19228658784
0.179,3499.999999999999,119718.76387421547
0.179,2026.2033461624717,79512.51442383138
0.179,3499.999999999999,252150.4811774113
0.179,3499.999999999999,140642.08459774763
0.179,3499.999999999999,144492.6800419386
0.179,65.0,636.0
0.179,1477.0043621853793,56185.237022496905
0.179,3499.999999999999,250860.0
0.179,2502.277923794873,133067.00823172298
0.179,1488.9999999999998,30679.999999999996
0.179,1746.6602972269977,57693.34978352749
0.179,1113.9999999999998,18483.000000000004
0.179,2026.2033461624717,59599.0309988342
0.179,522.0,3596.999999999999
0.179,634.569944616775,16096.847294460045
0.179,3499.999999999999,146570.99999999997
0.179,3499.999999999999,86032.99999999999
0.179,3499.999999999999,118112.16914018632
0.179,3499.999999999999,290031.00000000006
0.179,2074.639711281554,50959.91954587306
0.179,2411.0954384008455,105954.23838906379
0.179,2606.7624747750087,105644.23129753002
0.179,1261.0,20389.0
0.179,2443.520292683613,77605.63517051889
0.179,65.0,569.0000000000001
0.179,3499.999999999999,179833.77609336903
0.179,179.80992280889433,1075.829282442251
0.179,3499.999999999999,272974.0
0.179,1155.9999999999998,49345.000000000015
0.179,2572.050224480341,112448.02986659492
0.179,3499.999999999999,106734.99999999997
0.179,793.0585910835476,14020.477681626366
0.179,3499.999999999999,139803.99999999997
0.179,383.1354110380502,5123.277661022936
0.179,3499.999999999999,77879.05295173098
0.179,1948.717526990507,104048.70509525819
0.179,853.9999999999999,21882.000000000004
0.179,2166.760937384127,68964.04510744277
0.179,61.0,655.9999999999999
0.179,2579.435908164303,75782.69436376267
0.179,469.57427527495577,9722.44881704193
0.179,3499.999999999999,162534.2211074331
0.179,1762.1884364515922,74342.7806332531
0.179,85.0,90.0
0.179,1494.4584552148583,29194.653914481325
0.179,3499.999999999999,167426.9118244642
0.179,1526.4591446120205,30770.845734506383
0.179,3499.999999999999,147429.13514856884
0.179,787.3661148052112,13889.10374373546
0.179,2619.3987642464645,130525.96851850071
0.179,2169.455722392377,87240.44844848114
0.179,3499.999999999999,174467.79615201626
0.179,3499.999999999999,115725.17157040641
0.179,1100.454451578983,13054.740365093445
0.179,3499.999999999999,230914.0
0.179,1091.2158356622217,20795.624491704977
0.179,3499.999999999999,239931.0
0.179,461.93637553830564,7194.72648585482
0.179,3499.999999999999,129561.99999999999
0.179,1890.3703340880068,63274.79513992912
0.179,1076.0000000000002,49458.000000000015
0.179,3499.999999999999,107340.99999999996
0.179,3499.999999999999,157302.116069683
0.179,2703.525958112181,96446.6335408829
0.179,3499.999999999999,111932.07713609174
0.179,3499.999999999999,145797.00000000006
0.179,112.99999999999999,1057.0000000000002
0.179,2405.0220773880437,77242.88738376954
0.179,3499.999999999999,193439.00000000006
0.179,3499.999999999999,138534.00000000003
0.179,3499.999999999999,111778.1007532335
0.179,3499.999999999999,104179.49626006075
0.179,1979.3074815168459,60544.147415917505
0.179,2808.7922654960093,120418.64726130225
0.179,3499.999999999999,128717.1811788496
0.179,343.0,14227.999999999996
0.179,700.1666269998665,15578.488881647829
0.179,3499.999999999999,143655.09679437065
0.179,1530.3270122779081,42161.268125282826
0.179,3499.999999999999,100857.03465797515
0.179,1085.9999999999998,25138.999999999996
0.179,2170.946356940964,66264.26936108284
0.179,1169.0000000000002,16753.0
0.179,3499.999999999999,177618.99999999997
0.179,1759.0433731057985,55169.45595699582
0.179,583.3064027476519,5930.6821328645165
0.179,2466.373856494591,66642.14465336484
0.18,3499.999999999999,169032.867025913
0.18,3499.999999999999,203883.65082075621
0.18,1524.46712001276,40565.14365807174
0.18,3499.999999999999,181634.9999999999
0.18,3499.999999999999,154199.99999999997
0.18,1907.8784028338912,46923.11239677097
0.18,1184.1865080855302,40552.895403088936
0.18,25.0,347.0
0.18,2348.210498228374,86539.94674365484
0.18,1929.766825292631,35751.44606865573
0.18,3499.999999999999,61081.999999999985
0.18,1643.7761404765545,47804.928720791955
0.18,1136.0,39362.99999999999
0.18,875.0000000000002,7667.999999999999
0.18,798.1227975693964,4933.951256346178
0.18,2003.6217207846387,80751.15758922593
0.18,2305.9862960847527,61420.19090146432
0.18,2658.604993371004,69401.15887184441
0.18,3499.999999999999,165718.1907567123
0.18,3499.999999999999,145405.92023710726
0.18,2260.1166863077533,57616.90177160423
0.18,684.8357467305573,17285.040584274022
0.18,3499.999999999999,106036.0532837771
0.18,2471.243834728245,143530.23906737502
0.18,3499.999999999999,149850.74974787416
0.18,3499.999999999999,193278.95124200848
0.18,3499.999999999999,174648.68507134175
0.18,2795.304630653601,158520.185249464
0.18,3499.999999999999,190287.2679766041
0.18,2278.3568599788923,107350.76605501001
0.18,3499.999999999999,116374.00000000004
0.18,1213.8780828402823,74684.74573164181
0.18,2287.4658467395743,53008.30284021552
0.18,1271.3264500973364,33871.663923119384
0.18,3499.999999999999,254654.25128397142
0.18,3499.999999999999,174894.00000000003
0.18,3499.999999999999,195045.13454326405
0.18,2555.900727023586,119247.9352693141
0.18,1240.257231383877,25838.262441580708
0.18,266.22359023948275,4333.624349202408
0.18,3499.999999999999,243415.00000000006
0.18,1303.0,17839.0
0.18,2559.9184359165756,88127.90007561492
0.18,1245.536029185828,35035.39632999747
0.18,2057.0610102765545,61742.41258648712
0.18,1788.19952496246,58535.81470302729
0.18,1971.927990571664,52929.69768475919
0.18,1518.3798572526605,37899.065276983034
0.18,1157.7602442020282,26507.0319208944
0.18,3499.999999999999,163733.4065154163
0.18,1060.0,25284.999999999993
0.18,3499.999999999999,135316.96062151444
0.18,322.329024445519,3041.935568022439
0.18,1933.3908037435165,31954.102193615126
0.18,1244.167593212426,57936.85928664068
0.18,2589.8271128814513,130183.80947512366
0.18,3499.999999999999,145970.719743706
0.18,2320.8834524809727,118998.52805812347
0.18,1089.2658077806357,9291.269934729055
0.18,3499.999999999999,125622.99999999996
0.18,1973.702105182036,112922.8267712069
0.18,2923.1500221438273,168992.19511623684
0.18,1945.0000000000002,42143.999999999985
0.18,2440.7816854098096,108954.15843516153
0.18,3499.999999999999,40847.999999999985
0.18,3499.999999999999,121460.17136222335
0.18,3499.999999999999,107768.00000000006
0.18,3499.999999999999,160001.1878580904
0.18,1261.142136101338,36468.800763385465
0.18,2563.3796305940505,132412.44267072694
0.18,472.0,9573.000000000004
0.18,3499.999999999999,207455.00000000003
0.18,2018.9999999999998,68235.00000000001
0.18,3499.999999999999,169066.00000000006
0.18,3499.999999999999,99317.11300677244
0.18,3499.999999999999,109699.20803199957
0.18,3499.999999999999,182366.81986482366
0.18,1392.2194510923919,38775.408005590325
0.18,3499.999999999999,124340.02079781069
0.18,1954.0982575090738,44338.559313536556
0.18,3499.999999999999,168289.58898280072
0.18,1917.9416049504741,62571.6781379563
0.18,782.6237921249261,25143.364929937263
0.18,3499.999999999999,163837.20634122958
0.18,677.2751602435379,9055.565198075903
0.18,2106.4967150520733,76659.29325198002
0.18,1077.3773712121483,17527.223225599646
0.18,3499.999999999999,193144.20211334326
0.18,3499.999999999999,107903.18664316155
0.181,2586.219078035662,81493.3813122827
0.181,3499.999999999999,219304.44831785784
0.181,3499.999999999999,182037.53149291992
0.181,3499.999999999999,64737.00000000002
0.181,3499.999999999999,168979.34010404945
0.181,2981.1170210062623,107414.14851180714
0.181,3499.999999999999,190808.0
0.181,607.864591252444,14053.269371077795
0.181,1034.8825035828177,20650.548177705892
0.181,3499.999999999999,97166.01010641531
0.181,2062.6034155689604,59784.91583837117
0.181,2186.0464117251536,77642.19061358292
0.181,2389.9790794063447,95568.41031428744
0.181,1346.0000000000002,18606.000000000004
0.181,1484.8632477697035,77205.76323039738
0.181,3499.999999999999,160959.46641934424
0.181,3499.999999999999,162887.84975559104
0.181,3499.999999999999,215763.63435838776
0.181,3499.999999999999,123348.2191683366
0.181,2250.7439437077037,61713.253286701714
0.181,3499.999999999999,85088.99999999997
0.181,3499.999999999999,258671.00000000006
0.181,3499.999999999999,163775.99999999994
0.181,3499.999999999999,160659.9999999999
0.181,1884.807682497076,59335.3318689632
0.181,1501.573238259601,61357.19823150418
0.181,382.31793052379845,2479.558025132705
0.181,3499.999999999999,162933.21506678744
0.181,1000.0000000000002,16293.0
0.181,3499.999999999999,181121.34817537153
0.181,1650.298705642247,46481.94559446064
0.181,2400.138334393454,99306.50776359423
0.181,1242.0000000000002,41787.999999999985
0.181,3499.999999999999,138379.05519734608
0.181,3499.999999999999,128044.70936356572
0.181,3499.999999999999,233140.0
0.181,2181.489360005114,65083.22764820142
0.181,3499.999999999999,181256.58912160958
0.181,922.0872584116894,18160.28167726488
0.181,1503.0,94782.99999999997
0.181,1873.2210996412857,47751.29933637952
0.181,1116.1049549628515,24667.838638341484
0.181,3499.999999999999,192318.40071090436
0.181,3499.999999999999,80275.99999999999
0.181,1872.5508764235801,81973.83826814475
0.181,3499.999999999999,132369.00000000003
0.181,167.56192885020153,776.2989115025218
0.181,3499.999999999999,166618.1913207559
0.181,2065.550774006778,36894.078224018565
0.181,1174.115680580929,18763.641975465533
0.181,2302.7157879338915,59275.52052913577
0.181,64.0,691.0000000000001
0.181,504.0000000000001,11918.94668164935
0.181,62.99206299209449,552.9556944276819
0.181,3499.999999999999,102866.99999999996
0.181,494.9747468305832,11231.954861020415
0.181,3499.999999999999,199345.00000000006
0.181,686.5429548498788,7076.184324796127
0.181,2876.0412107710067,92531.2298917284
0.181,2262.0552481514824,60212.09043766715
0.181,3499.999999999999,151711.99999999997
0.181,2249.3166649170666,56466.080613444225
0.181,3499.999999999999,171360.27450880292
0.181,237.2349323450263,687.9085885063531
0.181,1354.8068242197292,38021.43598604099
0.181,3499.999999999999,238156.0
0.181,2271.343214928118,73932.26893583074
0.181,3499.999999999999,196936.05132885138
0.181,2817.5975044378497,112209.11067494996
0.181,150.0,200.99999999999997
0.181,1715.6631370988887,23927.4052082544
0.181,3499.999999999999,156325.78205465665
0.181,1261.0,82048.0
0.181,68.0,608.0
0.181,1530.1960658686849,35476.92121647536
0.181,1320.8868616524396,40799.63061676244
0.181,3499.999999999999,153243.00000000006
0.181,1907.810483703727,48419.91992826995
0.181,1120.4534796233177,28044.279131402174
0.181,3499.999999999999,99467.80820949055
0.181,539.8488146764544,7766.675242694661
0.182,2200.908903157966,110506.54810462597
0.182,1296.9911633074867,39040.528543366585
0.182,1879.4076214282854,56029.878604410376
0.182,3499.999999999999,138957.20327089523
0.182,140.0,3729.999999999999
0.182,327.00000000000006,9893.000000000002
0.182,1876.3799130795487,80457.60165820499
0.182,2100.833168054998,31006.96776532654
0.182,2175.925532026598,60684.70668665383
0.182,3499.999999999999,227458.00000000003
0.182,3499.999999999999,163358.00000000003
0.182,3499.999999999999,90852.99999999997
0.182,3499.999999999999,143896.344790269
0.182,1209.762084718889,33471.27524363477
0.182,3499.999999999999,112330.0
0.182,3499.999999999999,175740.0
0.182,64.0,666.0
0.182,587.4156812746362,7292.633978203531
0.182,1885.7359306117069,38001.09103696891
0.182,206.47841801232332,3148.8621436263165
0.182,2962.2902990987754,76068.71280666458
0.182,1796.7983208614562,82792.26793480112
0.182,2756.623154315793,120600.15765968015
0.182,1514.100392972672,47020.91577160104
0.182,3499.999999999999,85197.99999999999
0.182,682.7339010519819,6182.985429948562
0.182,3499.999999999999,95745.8023727411
0.182,3499.999999999999,107121.86266584422
0.182,3499.999999999999,124190.00000000006
0.182,1733.653499372248,46666.97049184775
0.182,3499.999999999999,186018.68325520435
0.182,3499.999999999999,130285.99999999999
0.182,2173.0386882004473,87764.66948016336
0.182,2479.105508626472,86759.53289396681
0.182,3499.999999999999,65934.00000000004
0.182,1692.4537492079435,68558.18949446415
0.182,3499.999999999999,191517.5751778411
0.182,556.2337638079873,10199.22634320859
0.182,3499.999999999999,80292.00000000003
0.182,2400.361635320367,66330.09975222906
0.182,62.0,482.0
0.182,484.25200051213,8413.13294795702
0.182,3499.999999999999,106964.00000000006
0.182,163.0,1585.9999999999995
0.182,2360.7325600979866,69065.60887164944
0.182,124.0,270.0
0.182,603.3241251599342,6148.113369156429
0.182,2100.833168054998,36233.408340922055
0.182,3499.999999999999,61551.0
0.182,3499.999999999999,115461.00000000001
0.182,1001.4977556081805,25773.195165301546
0.182,1475.3149447248109,41341.07292022891
0.182,3499.999999999999,151318.7004596806
0.182,2343.7589036698787,118093.37094274044
0.182,2885.995586382744,108079.33343528569
0.182,2868.1209194887556,119984.03383417924
0.182,2003.6635340952016,59373.01524499294
0.182,1101.7068575623916,37110.678085963365
0.182,2426.3021313038157,80760.04145311544
0.182,3499.999999999999,130725.99999999997
0.182,3499.999999999999,103400.19141181518
0.182,3499.999999999999,55772.99999999998
0.182,1590.0676042584769,29176.869821647102
0.182,3499.999999999999,151538.27476682104
0.182,1851.6080005257043,78448.29290836555
0.182,1566.8916963564109,48789.40463280023
0.182,2693.0773936219457,91875.42042017577
0.182,1324.2249690573158,26934.784682564907
0.182,3499.999999999999,187694.00000000003
0.182,3499.999999999999,145617.18956908898
0.182,1983.4313701260246,61241.014785844265
0.182,842.9934268122398,22239.477777485172
0.182,3499.999999999999,121737.99999999997
0.182,2025.9999999999998,62480.99999999999
0.182,3499.999999999999,161994.23278602114
0.182,666.0,8239.000000000004
0.182,3499.999999999999,110769.14749931777
0.182,1572.9999999999998,55061.000000000015
0.182,390.4654164859036,7168.780611670347
0.182,1044.4147879847812,17148.949534170504
0.182,1074.9999999999998,16558.000000000007
0.182,2947.332955774355,154332.49691944948
0.182,895.2653238007155,9655.50371549822
0.183,650.7687761409577,6403.27353780861
0.183,3499.999999999999,124872.07606186412
0.183,3499.999999999999,193528.9316264456
0.183,3499.999999999999,124043.38975883425
0.183,2769.6213638319073,122736.00680232528
0.183,3499.999999999999,134675.7833057451
0.183,3499.999999999999,156880.00000000003
0.183,3499.999999999999,32550.99999999999
0.183,2014.0511050765679,74613.53885151382
0.183,2150.232545563386,80817.15019721993
0.183,3499.999999999999,163854.92883952978
0.183,2712.757506156509,90853.38159360888
0.183,2358.532435281866,83008.1025569067
0.183,1380.785572333202,46865.38402491844
0.183,3499.999999999999,113585.59151582561
0.183,1932.0000000000005,32922.99999999999
0.183,3499.999999999999,196068.9859615741
0.183,2558.8865599815863,117354.03460056648
0.183,2641.159576306268,88757.30786885838
0.183,978.0107361373903,26478.8659122705
0.183,3499.999999999999,139961.2104983301
0.183,3499.999999999999,127308.55597327305
0.183,3499.999999999999,154615.39944261702
0.183,3499.999999999999,210862.9589852139
0.183,889.9993800340316,22803.139225733343
0.183,700.9510881262349,13462.298167037947
0.183,1972.866298976248,70176.84442634373
0.183,3499.999999999999,185924.53299658975
0.183,1243.593892177034,44470.98927902003
0.183,2070.6279240848653,73089.33699247785
0.183,2106.6561181170505,56001.83524671313
0.183,3499.999999999999,165707.34787656326
0.183,3499.999999999999,138100.35685206557
0.183,2390.711191256694,60591.039964668
0.183,2590.4173278374674,82227.03370302658
0.183,1289.0426680292626,27183.588725552785
0.183,1496.4025387848794,36826.09227179503
0.183,1995.745474753732,58585.58968722599
0.183,3499.999999999999,161001.2196258153
0.183,1870.2189302048262,36888.78281452013
0.183,2804.43902769198,118960.1765062567
0.183,3499.999999999999,147630.00000000006
0.183,1885.7359306117069,47727.80159403949
0.183,3499.999999999999,159506.5211833045
0.183,722.2473504296732,18884.338433300356
0.183,1069.9874805650795,17654.566631173337
0.183,3499.999999999999,134205.7723439789
0.183,3499.999999999999,114361.4214652464
0.183,2410.2426825855864,100845.02095049479
0.183,1427.438484124288,30160.130935338948
0.183,724.5688373094719,5786.51397648014
0.183,1269.0,9804.999999999996
0.183,3499.999999999999,248801.00000000006
0.183,943.0510489291196,14991.468323575404
0.183,3499.999999999999,112410.00000000003
0.183,1357.0278229894934,22324.36721208224
0.183,2684.918198377793,56030.47789453742
0.183,3499.999999999999,99635.00000000003
0.183,2740.9819053005604,99381.46276615064
0.183,304.0,1732.0
0.183,914.603739331958,28895.035905843746
0.183,3499.999999999999,194797.60129940012
0.183,1287.0518013148858,45839.38112721469
0.183,1572.0000000000002,81161.99999999997
0.183,3499.999999999999,115492.34554736856
0.183,3499.999999999999,137874.12330092976
0.183,1332.1111064772335,55957.24278411152
0.183,3499.999999999999,74291.00000000001
0.183,3499.999999999999,105875.00000000004
0.183,3499.999999999999,209638.99999999994
0.183,3499.999999999999,211370.73913860467
0.183,1296.0000000000005,22930.00000000001
0.183,2228.9714335378626,65026.89363145031
0.183,3499.999999999999,261166.00000000003
0.183,2067.2445428637607,45838.568989443826
0.183,3499.999999999999,156507.54954283283
0.183,90.0,98.0
0.183,1133.5464324393301,27166.49930858815
0.183,3499.999999999999,191917.99999999997
0.183,1679.5832816505404,53096.383021821704
0.183,103.72077901751413,925.872561425167
0.183,844.5070809154217,19112.416404696844
0.183,2180.9401642411012,144321.37513202956
0.183,1988.7181801351346,43443.881479444244
0.183,1265.5662407958803,18101.607682559254
0.184,2729.195222354191,105551.83262609012
0.184,3499.999999999999,202809.9999999999
0.184,3499.999999999999,130458.30690688145
0.184,3499.999999999999,191853.10808011433
0.184,1624.595638807844,62501.87167485227
0.184,3499.999999999999,91798.00000000001
0.184,3499.999999999999,115304.87091185697
0.184,590.6472186326856,19481.14607419008
0.184,3499.999999999999,160068.7693045938
0.184,3499.999999999999,137956.52308607954
0.184,3499.999999999999,102831.99999999994
0.184,572.2205479016746,9946.084135160854
0.184,3499.999999999999,239414.0
0.184,2317.447648863758,60131.76823482394
0.184,764.9811321474627,14522.849463034543
0.184,2467.2255449816603,82545.81703208781
0.184,1955.8885448818398,58071.59038634985
0.184,1357.9999999999995,55359.0
0.184,3499.999999999999,89862.24782966427
0.184,3499.999999999999,202469.20084107175
0.184,3499.999999999999,186093.1803855262
0.184,3499.999999999999,131721.00000000003
0.184,3499.999999999999,229214.0000000001
0.184,234.86379031259798,1290.6742424020088
0.184,2544.9596750927167,71795.9627631342
0.184,2733.3205267428248,105801.73594851553
0.184,3499.999999999999,193658.99999999994
0.184,953.0000000000001,20031.999999999996
0.184,3499.999999999999,113088.40978832664
0.184,3499.999999999999,162606.77066163486
0.184,1499.0,42422.99999999999
0.184,1997.8556945548607,70074.01220482717
0.184,3499.999999999999,200817.99999999997
0.184,3499.999999999999,199472.99999999997
0.184,1840.4842770668338,38627.18612558616
0.184,480.62459362791657,8362.097583740579
0.184,1460.0828492238886,53854.838679651235
0.184,1538.3911811411526,54000.859146718496
0.184,318.0,4555.0
0.184,2039.9754900488385,76265.07127119204
0.184,2922.7449728875636,91550.82358684705
0.184,2031.3788420676228,73784.20410223317
0.184,3499.999999999999,146685.37668596828
0.184,2248.343163969109,65538.76094277682
0.184,1155.9999999999998,20435.000000000007
0.184,3499.999999999999,224062.0000000001
0.184,886.5200991279573,10461.398962489247
0.184,455.99999999999994,3929.0
0.184,117.0,1464.0000000000005
0.184,3499.999999999999,98373.00000000003
0.184,2099.999999999999,64929.71325980118
0.184,160.0,192.0
0.184,1940.6184581210186,49780.571762485815
0.184,938.865533103399,18211.60426461651
0.184,3499.999999999999,153612.8724834358
0.184,3499.999999999999,223364.9999999999
0.184,2910.2146224200314,135366.52118602442
0.184,1309.1961348321909,52821.716589472286
0.184,1455.2698074303335,24891.672110179163
0.184,3499.999999999999,168242.62523213314
0.184,2049.736255892136,82451.91691340656
0.184,2610.9620993715007,81254.7434504893
0.184,1456.9999999999998,12277.0
0.184,2201.6393200599273,104338.50891029226
0.184,519.6036951369764,9331.307464658961
0.184,2037.7116521793716,79559.73250626102
0.184,3499.999999999999,110277.00000000001
0.184,2182.2321335209017,66485.3375288974
0.184,2394.6786033796902,65389.0981872965
0.184,3499.999999999999,202006.6818926617
0.184,2230.9190931093844,61333.038095303906
0.184,3499.999999999999,104419.19952767303
0.184,1257.1857460216452,45408.113812401425
0.184,3499.999999999999,192187.00000000006
0.184,3499.999999999999,132395.89999694098
0.184,3499.999999999999,160037.08476475065
0.184,2770.6407315588317,84834.41915029609
0.184,1699.1230194106358,49325.631524881734
0.184,679.7058187186572,10812.962360056568
0.184,858.0204088506522,20592.056518898666
0.184,468.41109242182466,7029.886397474327
0.185,2576.363685261667,92655.44429902073
0.185,3499.999999999999,181350.00000000003
0.185,2394.6786033796902,90069.83053817408
0.185,3499.999999999999,169516.84398607703
0.185,2557.7745552072647,81676.22800698757
0.185,591.6079783099615,11110.106615150007
0.185,3499.999999999999,164638.3943767058
0.185,3499.999999999999,108766.99999999999
0.185,3499.999999999999,66601.63988221316
0.185,1663.5162169386167,42258.15935706872
0.185,1191.2558828862973,46506.694089133256
0.185,3499.999999999999,153682.11852789106
0.185,1936.1043360315061,60195.89052418776
0.185,1317.0,22430.999999999993
0.185,3499.999999999999,186505.82930031978
0.185,3499.999999999999,192976.11516195472
0.185,1502.9266089988414,54324.406876001885
0.185,1988.7181801351346,75829.68857907831
0.185,2449.659816713206,99006.40280273485
0.185,3499.999999999999,178379.72426395895
0.185,2612.2124173525526,82077.44169463629
0.185,358.92296410116995,9785.462674502114
0.185,3499.999999999999,125815.00000000001
0.185,3499.999999999999,136629.99999999994
0.185,2091.6808201637823,88244.68805656841
0.185,1118.0000000000002,17031.000000000004
0.185,1310.915710486376,17651.039969361584
0.185,1348.0997498879249,40396.30855144575
0.185,3499.999999999999,152589.68638591756
0.185,2702.9232171427966,85763.1207654291
0.185,3499.999999999999,237724.41022652542
0.185,1917.9416049504741,57137.211263764024
0.185,3499.999999999999,232185.0
0.185,65.0,596.0
0.185,2612.2124173525513,117951.37235491868
0.185,3499.999999999999,131548.49531636617
0.185,3499.999999999999,87205.00000000001
0.185,512.4805465548744,4073.9749292867964
0.185,3499.999999999999,107931.00000000004
0.185,2109.710583755403,59152.297313516705
0.185,2888.1322981047974,129892.54519634358
0.185,1055.8362827767023,20928.06557909953
0.185,413.44890857275215,13012.91673684267
0.185,731.0,11476.000000000005
0.185,3499.999999999999,176411.93870838548
0.185,1316.2110825802374,19453.04949122382
0.185,3499.999999999999,158389.5057129733
0.185,1063.8123589222546,32708.449824735864
0.185,1450.9286681294848,43206.29572180425
0.185,3499.999999999999,147671.50254810668
0.185,3499.999999999999,144264.73942027547
0.185,63.0,740.0000000000001
0.185,2009.7263495311995,60878.10330488294
0.185,2158.3558557383435,53275.054640985596
0.185,1914.0185221374186,53445.22047913649
0.185,1629.6128571450672,33576.13579745216
0.185,2408.132136250032,61447.00635945345
0.185,984.6319109189992,26083.11660825829
0.185,3499.999999999999,95405.92723725294
0.185,3499.999999999999,178102.13280867814
0.185,3499.999999999999,167517.06680839555
0.185,2378.1877784727412,75068.06760438488
0.185,3499.999999999999,83795.0
0.185,1517.135649087103,36447.435587352404
0.185,3499.999999999999,98241.9932615376
0.185,1121.0,20490.000000000004
0.185,3499.999999999999,108818.13095711582
0.185,1871.763873996931,54019.84635298399
0.185,3499.999999999999,257226.00000000006
0.185,2160.753501656633,73647.13227379732
0.185,714.3306739692239,15189.05893020337
0.185,178.0,274.0
0.185,64.0,663.0
0.185,1343.5518501910774,48559.48776106983
0.185,3499.999999999999,191034.71263097716
0.185,2367.9104712805333,138146.40339871324
0.185,3499.999999999999,151760.87372903462
0.185,3499.999999999999,171093.0
0.185,1384.0000000000002,31297.999999999996
0.185,1010.9999999999998,41677.0
0.185,2044.4659950993866,88616.11158757223
0.185,3499.999999999999,67418.39214932377
0.185,614.2873920242869,9511.768289860716
0.185,3499.999999999999,156028.94357137714
0.185,456.2071486314733,8634.185978396119
0.185,1028.0,32734.999999999993
0.186,1016.0000000000002,20702.000000000007
0.186,3499.999999999999,112566.99999999999
0.186,3499.999999999999,170156.00000000003
0.186,1980.7826735914266,45801.102279312
0.186,2388.9684687949907,85374.94182921037
0.186,3499.999999999999,121122.99999999996
0.186,1017.0,29614.999999999996
0.186,585.0,5549.999999999998
0.186,3499.999999999999,131939.00000000006
0.186,3499.999999999999,150212.6902894692
0.186,1029.0,74367.99999999999
0.186,3499.999999999999,153870.75212658188
0.186,3499.999999999999,266075.99999999994
0.186,3499.999999999999,79640.99999999997
0.186,1734.5303204784334,43808.134743858995
0.186,3499.999999999999,88668.99999999999
0.186,3499.999999999999,175420.38418641314
0.186,3499.999999999999,200356.59103208964
0.186,2872.0716158545683,77269.74083168265
0.186,1908.795431679361,43643.14929058168
0.186,1271.0000000000002,19634.000000000004
0.186,1538.3742520273606,47154.35047334161
0.186,3499.999999999999,216729.4995657027
0.186,1825.5900262740827,48922.24323162813
0.186,3499.999999999999,126851.0
0.186,2271.412209026613,119880.04016982441
0.186,2554.897258208243,83200.69416777724
0.186,1330.9999999999998,52376.0
0.186,3499.999999999999,170906.14419982382
0.186,971.992638938908,16910.98105663384
0.186,1473.0000000000002,30460.000000000004
0.186,3499.999999999999,191084.63330141932
0.186,1272.0672152052346,33583.50741063239
0.186,1597.9418227741685,42486.2861186868
0.186,3499.999999999999,126206.34831101008
0.186,2787.2476502064087,136809.1731718695
0.186,3499.999999999999,129067.99999999999
0.186,3499.999999999999,231732.31977218884
0.186,1512.0,115489.00000000006
0.186,3499.999999999999,183717.0000000001
0.186,3499.999999999999,143071.05989682197
0.186,3499.999999999999,186846.4108297656
0.186,1272.9175283760985,33080.15637712765
0.186,2186.54979362465,76401.42972484216
0.186,2660.1844100392855,106326.33103977666
0.186,3499.999999999999,126977.00000000004
0.186,1774.0492719999213,68688.85456139535
0.186,1311.3901021435233,36325.235525733355
0.186,487.0,7081.999999999999
0.186,2641.159576306268,98103.53644961
0.186,3499.999999999999,164949.0
0.186,3499.999999999999,130155.82626221541
0.186,922.0872584116894,14136.1386606119
0.186,1367.0608486868898,32209.406404778703
0.186,1675.4103974847471,74220.72465288924
0.186,1691.2266072878576,68766.54640248904
0.186,885.1488785253767,15030.587666646266
0.186,3499.999999999999,195017.30700632703
0.186,1474.6694544880215,47823.564024443
0.186,3499.999999999999,167900.99999999994
0.186,83.13843876330611,286.5501701273269
0.186,329.5954638911337,4530.267514768261
0.186,3499.999999999999,229436.00000000006
0.186,3499.999999999999,170792.99999999994
0.186,2583.4789075025947,90192.65592831305
0.186,2882.4215911848237,141142.44603611456
0.186,1322.0000000000002,30651.999999999993
0.186,134.0,168.0
0.186,3499.999999999999,124123.0
0.186,3499.999999999999,169164.44541837915
0.186,3499.999999999999,169826.99999999994
0.186,617.4592519566369,16992.94716064722
0.186,2443.520292683613,104215.7490239131
0.186,3499.999999999999,146009.68879085986
0.186,127.0,2856.0
0.186,1893.145530591877,43063.72951800623
0.186,2000.9997501249218,89033.40943713211
0.186,3063.008983884331,140769.30688468312
0.186,3499.999999999999,170974.00000000006
0.186,1047.0000000000002,19511.999999999996
0.186,3499.999999999999,116176.99999999997
0.186,240.03749707077014,2333.641360620778
0.186,3499.999999999999,166009.67389375047
0.187,1346.2361605350268,32579.09582792077
0.187,2030.9999999999998,69808.0
0.187,2071.4729059294987,69030.49930284443
0.187,3499.999999999999,148446.61822352163
0.187,2371.753658813945,95541.97412383862
0.187,2242.8064366903227,57863.12005319137
0.187,1074.9999999999998,43886.00000000002
0.187,3499.999999999999,102417.99999999996
0.187,2044.3247811364486,62532.3597652383
0.187,1074.943719456977,29883.969749683525
0.187,731.9526132143964,7254.894875522351
0.187,3499.999999999999,187193.78867900508
0.187,1898.6837546047525,65851.13771226736
0.187,87.0,181.0
0.187,3499.999999999999,142696.98243645183
0.187,1885.522530438442,62310.077047666105
0.187,1317.2627902371362,45493.30356993922
0.187,1053.9999999999998,27976.000000000004
0.187,1746.109452298371,40133.773362660206
0.187,168.0,3018.9999999999995
0.187,3499.999999999999,209995.99999999997
0.187,1539.4615884822288,40134.64963138665
0.187,3499.999999999999,188173.99999999997
0.187,2341.4265453543435,72249.26088285184
0.187,3499.999999999999,95198.00000000001
0.187,2460.499160611249,85916.23737185693
0.187,2215.1749366585022,124138.86258944053
0.187,3499.999999999999,149808.9532627361
0.187,83.0,1401.0000000000002
0.187,1196.4530914331747,15860.965796571156
0.187,3499.999999999999,107720.70669203736
0.187,3499.999999999999,128285.91311207945
0.187,784.9999999999998,3076.0000000000005
0.187,2212.0126581916297,85578.9372859935
0.187,3499.999999999999,253387.0000000001
0.187,1583.4778132300376,44661.78628941655
0.187,684.7521927361748,14982.479659805469
0.187,2475.9153842867545,76573.588241834
0.187,3499.999999999999,142867.0
0.187,3499.999999999999,143515.00000000006
0.187,945.5588319475057,17382.410943601
0.187,2351.1688767876103,95274.22930433725
0.187,3499.999999999999,240027.24693667598
0.187,165.0,806.9999999999999
0.187,3499.999999999999,132513.66217194076
0.187,1142.0,23830.999999999993
0.187,965.0701086454536,10034.71917142617
0.187,872.0072997593333,8603.696320495943
0.187,405.32666831242017,8311.871045368607
0.187,604.1796134099703,21508.253989913203
0.187,3499.999999999999,121850.72773440462
0.187,3499.999999999999,120047.69671491708
0.187,1077.0000000000002,30959.000000000007
0.187,3499.999999999999,137024.99999999994
0.187,1028.0,30658.00000000001
0.187,3499.999999999999,122061.61169262025
0.187,1248.9999999999998,42794.0
0.187,2343.7589036698787,99744.77935443592
0.187,3499.999999999999,192953.18418089743
0.187,3499.999999999999,146330.0735801665
0.187,2682.117814911272,109056.77326679442
0.187,3499.999999999999,290372.9999999999
0.187,3499.999999999999,218100.00000000006
0.187,3499.999999999999,177733.28343335135
0.187,2088.0330167729344,61023.770683038274
0.187,2554.6499801994287,69158.09513906241
0.187,3499.999999999999,138283.0
0.187,3499.999999999999,96368.00000000003
0.187,1605.992216668562,62008.09876137151
0.187,3499.999999999999,85689.99999999999
0.187,2134.7130954767663,52588.57655422894
0.187,2046.8124167490053,33314.94700267987
0.187,1162.387867551715,29474.69542152611
0.187,1453.0,16347.000000000005
0.187,1101.1695549493777,13690.968233723303
0.187,93.0,104.0
0.187,3499.999999999999,229522.9999999999
0.187,3499.999999999999,184634.0
0.187,2336.6642891095835,97641.68527836869
0.187,2604.9584863270125,102287.0955316759
0.187,3499.999999999999,183296.55971948858
0.187,2834.7011260604154,89379.02237009205
0.187,1914.2883795290616,59203.725930046014
0.187,2406.0340812216273,78264.86514394567
0.188,1046.4129204095293,24702.550516090436
0.188,1897.761839641634,66064.72532297394
0.188,697.2916229137275,15302.59716432005
0.188,3499.999999999999,142634.122123705
0.188,1489.9325825689027,44149.166920240496
0.188,2692.6112178985736,84238.53745687504
0.188,3499.999999999999,129958.23795358262
0.188,3499.999999999999,103192.00000000003
0.188,803.0549856450577,19081.19194968453
0.188,87.0,1278.9999999999998
0.188,3499.999999999999,144516.36740175844
0.188,1964.6065119507668,69275.70303704648
0.188,1576.0803874754204,45321.22550134356
0.188,498.4977432245807,10607.093852700651
0.188,2071.4729059294987,56825.23257321518
0.188,3499.999999999999,122304.66875394603
0.188,433.0,10193.0
0.188,3499.999999999999,102741.00000000001
0.188,95.0,149.0
0.188,1718.9151347155778,41749.07717673693
0.188,671.5283680500406,14175.719032732251
0.188,3499.999999999999,190279.99999999994
0.188,3499.999999999999,134825.33387683495
0.188,1059.0000000000002,18348.0
0.188,3499.999999999999,210465.02540221464
0.188,3499.999999999999,153153.37114800978
0.188,3499.999999999999,116765.29221904946
0.188,1926.3100017055995,46822.60064387534
0.188,3499.999999999999,99288.99999999997
0.188,1673.0938475399253,50209.71402143089
0.188,3499.999999999999,69641.99999999999
0.188,903.0503861911579,42142.65930147268
0.188,2231.8276383289985,94652.48454736402
0.188,3499.999999999999,129380.66378327167
0.188,3499.999999999999,205524.00000000006
0.188,1481.4116479338795,44709.75882633184
0.188,3499.999999999999,151392.0000000001
0.188,3499.999999999999,140099.99999999994
0.188,2274.852061385979,62908.030261543885
0.188,1001.4977556081805,10250.501953241144
0.188,2490.381496879543,112585.27903771435
0.188,3499.999999999999,197141.678409209
0.188,771.2319784479253,9575.128897180857
0.188,620.4836822995428,13455.653384358558
0.188,1161.1608224426795,26544.75741517855
0.188,242.90734668153974,3445.760728753946
0.188,2692.6112178985736,105358.90909676677
0.188,1300.83073620067,22584.866915110953
0.188,108.0,112.00000000000001
0.188,2677.534210051744,70558.93885607776
0.188,3499.999999999999,102029.47260473315
0.188,2641.7448100006504,111831.97929146198
0.188,1121.0,43604.999999999985
0.188,1347.0619881802024,29716.32800330484
0.188,3499.999999999999,81720.0
0.188,3499.999999999999,213590.0
0.188,3499.999999999999,215609.00000000012
0.188,1685.6662183117496,43445.386498663174
0.188,2223.1879367486426,68760.26829706432
0.188,2574.103602629771,120804.88682515966
0.188,3499.999999999999,160670.69912401572
0.188,1949.6153466773897,56877.38124245878
0.188,87.0,94.0
0.188,2430.4567663551675,104495.27288147659
0.188,3499.999999999999,235135.9999999999
0.188,2450.7141816213493,93969.53082781675
0.188,3499.999999999999,232589.75380699817
0.188,3499.999999999999,106209.55658959349
0.188,430.69710934716056,2518.381226105373
0.188,1610.2389128709358,43775.01193008626
0.188,3499.999999999999,104681.18687233153
0.188,1900.5867805401472,46814.33671192238
0.188,2083.0,44547.99999999999
0.188,318.96081264004835,5409.584826952987
0.188,3499.999999999999,148828.90377880234
0.188,1937.9112466777212,47358.730926831195
0.188,2141.305765888571,73339.61736349818
0.188,3499.999999999999,174498.99999999997
0.188,1250.7997441637085,76574.68299640554
0.188,3499.999999999999,221982.3085856167
0.188,2634.704817105395,115688.01566691804
0.188,1846.930141275831,39370.15895477291
0.188,3499.999999999999,167335.99999999994
0.188,182.0,308.0
0.188,3499.999999999999,106598.00000000003
0.188,3499.999999999999,142238.93131751966
0.188,2497.5424434192155,85475.47768990397
0.189,1411.0412642845913,36365.82780108073
0.189,1456.0586761363327,15491.381762578363
0.189,3499.999999999999,165534.40589496802
0.189,3499.999999999999,141830.20611168866
0.189,3499.999999999999,242430.00000000006
0.189,3499.999999999999,109371.62346788129
0.189,1013.5651545258753,22584.771662253337
0.189,365.30378693322757,2784.2611946584248
0.189,3499.999999999999,165750.31740241114
0.189,2058.7617637793846,67083.94251234796
0.189,94.0,114.99999999999999
0.189,1976.3602910400725,47710.107073868516
0.189,1330.9999999999998,42742.99999999999
0.189,2485.20596057914,126915.15484624238
0.189,3499.999999999999,87336.99999999999
0.189,1014.0,9016.000000000002
0.189,3499.999999999999,103424.49378653009
0.189,1655.0,47805.000000000015
0.189,1114.4780279195186,15292.906195144435
0.189,2497.0498533566442,119667.75540955972
0.189,2457.844584183467,88247.93459339434
0.189,3499.999999999999,137838.00000000003
0.189,2071.4729059294987,71437.4588713792
0.189,1949.6153466773897,90669.91285977938
0.189,2086.7777629282336,59168.07639585431
0.189,2159.9768517278135,66168.88249018566
0.189,3499.999999999999,101826.55715976011
0.189,476.9696007084728,12856.217328592425
0.189,2962.7025585616943,127034.97822521554
0.189,799.1448701228375,12485.939367394136
0.189,639.526016241966,15638.833014161224
0.189,855.2777326693357,28504.374629168764
0.189,1806.0000000000002,55714.999999999985
0.189,3499.999999999999,140012.43198468848
0.189,2621.558789874776,95264.58849311304
0.189,3499.999999999999,114497.94977203742
0.189,2465.883202200377,149983.6486202825
0.189,865.9058082301483,27582.2319083512
0.189,1486.1022845013053,39197.802081239184
0.189,1572.137149879549,51735.76539471978
0.189,1573.884454038268,53754.39667425403
0.189,1710.1932058393568,71745.6863096485
0.189,3499.999999999999,170940.1296562957
0.189,362.3229416733862,2264.0224719121147
0.189,3499.999999999999,68895.84965729069
0.189,3499.999999999999,237069.0
0.189,3499.999999999999,141531.00000000003
0.189,1178.0,24104.999999999996
0.189,2870.713340886965,117682.73536495649
0.189,787.0957843208936,24437.492603119703
0.189,2718.4831508031048,90154.8867182953
0.189,3499.999999999999,238858.65904316615
0.189,1713.9999999999998,49297.00000000001
0.189,2051.3343056093463,47642.273767869076
0.189,1296.0000000000005,29958.999999999993
0.189,1504.5913765518862,25486.82268893826
0.189,2807.973687242842,90383.4538163886
0.189,1679.4654998738647,44939.79260245452
0.189,523.8725539390342,9121.616273553342
0.189,1532.9422689716657,37132.17246539718
0.189,2571.5861388823655,134974.2316596716
0.189,1478.813268303613,65764.98392793139
0.189,3499.999999999999,140949.98360734642
0.189,1015.7929805388645,29612.735332807624
0.189,700.9368408633165,9483.513925848543
0.189,1431.3527388858336,42007.33052714187
0.189,1557.2896056585316,34699.314158108806
0.189,1085.4358571560088,16985.146098871206
0.189,1970.5602368953541,54925.91155049438
0.189,3499.999999999999,136240.10827024403
0.189,641.8226041055698,13590.624845617818
0.189,3499.999999999999,245219.99999999997
0.189,289.46791057064917,4381.356797399397
0.189,3499.999999999999,221330.00000000006
0.189,3499.999999999999,144901.99999999997
0.189,1512.310581652669,25533.70887814432
0.189,2765.1941326067413,109824.75359683704
0.189,1843.7935602716393,60003.49006988895
0.189,3499.999999999999,197995.99999999997
0.189,3499.999999999999,172413.8295932268
0.189,2748.498771162941,70679.1057784336
0.189,3499.999999999999,141287.99999999994
0.189,3499.999999999999,90434.20546452538
0.189,3499.999999999999,115485.28269447375
0.189,3499.999999999999,157962.88421018404
0.189,935.4143466934855,9244.860464063264
0.189,980.7137657293853,20597.19244575536
0.189,1444.299137990465,29146.64677111244
0.189,562.9126519356041,9190.023979480251
0.189,1791.0304814192164,44224.96324384299
0.19,3499.999999999999,211560.0
0.19,1938.400884303092,42231.780562620756
0.19,2416.6508840796414,92677.97882209026
0.19,1988.7181801351346,42281.71649779609
0.19,3499.999999999999,156935.6768137825
0.19,572.5485608882019,9569.63738035865
0.19,3499.999999999999,154037.78606229456
0.19,1163.4704579884635,38179.13486589365
0.19,2081.585933849477,36884.28655945508
0.19,2186.8069610046086,70123.75966808996
0.19,2577.240081704791,120902.36426671788
0.19,3499.999999999999,105295.00000000003
0.19,726.8136018354087,9449.392408192403
0.19,3499.999999999999,148405.9999999999
0.19,917.2594879731138,23507.919278100635
0.19,3499.999999999999,109768.14349678255
0.19,2697.3224484686903,126539.1508184141
0.19,511.00000000000006,8949.999999999998
0.19,3499.999999999999,107833.94217035745
0.19,1155.9999999999998,75974.00000000003
0.19,1017.5244336084575,14930.636505371509
0.19,3499.999999999999,208500.00000000006
0.19,1118.3154972028583,25488.851288106
0.19,63.0,684.0
0.19,747.3048583057894,9020.892983306845
0.19,3499.999999999999,159190.0
0.19,2103.9241720999103,46618.13568101683
0.19,486.40723678826987,11862.145842974618
0.19,3499.999999999999,119299.51507144098
0.19,3499.999999999999,155302.31169828534
0.19,2336.6642891095835,71141.25872515893
0.19,933.2109612804079,32442.04975856673
0.19,1203.9999999999998,80580.00000000001
0.19,1750.9997144488632,47236.68251475755
0.19,3499.999999999999,200272.72542960008
0.19,1229.9754711833973,19053.77185832843
0.19,3499.999999999999,109824.00000000003
0.19,3499.999999999999,157363.52658732588
0.19,2552.1448057755274,78618.6039205628
0.19,3499.999999999999,263953.9999999999
0.19,2467.2255449816603,94470.04570179539
0.19,1265.3430151889352,37030.85638552609
0.19,839.6351790670574,21576.952073805547
0.19,2938.8977654691535,78782.66074993831
0.19,2487.8476909343453,73467.04939966396
0.19,3499.999999999999,183397.2648487431
0.19,3499.999999999999,123812.4522493598
0.19,1563.491181238622,46016.167164668994
0.19,3499.999999999999,132761.00000000003
0.19,1793.753216921687,40158.61542857065
0.19,1370.4826296090678,36648.33796530091
0.19,277.0676111203972,3237.9824246138583
0.19,3499.999999999999,163171.99999999994
0.19,2162.437565702322,96100.4312725605
0.19,620.9985918778741,5691.10421820116
0.19,3499.999999999999,103232.99999999997
0.19,2411.683344417353,119433.20690233316
0.19,3499.999999999999,118754.99999999997
0.19,3499.999999999999,189407.56113764583
0.19,3499.999999999999,150110.79337180735
0.19,3499.999999999999,180185.3803843005
0.19,548.9110642498143,6125.079964813003
0.19,2663.026795127801,85827.2561922137
0.19,3499.999999999999,191043.19403386998
0.19,3190.9699413317157,107289.60604949389
0.19,3499.999999999999,150381.81046987287
0.19,3499.999999999999,197411.99999999997
0.19,1090.972955015397,20510.333722727137
0.19,1747.9988558348655,46061.056783360946
0.19,2013.2063977645216,74720.4874448769
0.19,645.7631144622618,21976.390240437577
0.19,1506.0,29831.99999999999
0.19,3499.999999999999,141523.99999999997
0.19,3499.999999999999,236903.00000000003
0.19,3499.999999999999,180819.77559892263
0.19,3499.999999999999,138921.00000000006
0.19,3499.999999999999,246140.00000000006
0.19,1372.0000000000002,21048.999999999996
0.19,3499.999999999999,204985.5282574846
0.19,903.421102598167,16596.997768490877
0.19,3499.999999999999,212525.99999999997
0.19,1438.0041724556993,32735.979502681745
0.19,3499.999999999999,164890.0
0.19,3499.999999999999,171566.53916192395
0.19,3499.999999999999,187518.44037320706
0.19,669.1380904716195,14743.542802392873
0.19,3499.999999999999,139493.8701577692
0.191,1926.0931706402155,72032.04664631607
0.191,1361.4987237456928,31858.95731804216
0.191,940.9105406772627,27381.317711678617
0.191,3499.999999999999,233985.07201956285
0.191,3499.999999999999,157164.99999999997
0.191,1051.6653460107925,20284.311967626607
0.191,2545.860257301149,85618.09688833478
0.191,2262.0786900547905,52188.01960220375
0.191,3499.999999999999,166140.0
0.191,2439.4100741710295,72921.59626784
0.191,2341.3432764062177,82562.92202484845
0.191,3499.999999999999,100247.00000000004
0.191,3499.999999999999,163368.36359589332
0.191,2769.1889051324642,114806.76391400764
0.191,2212.9059633226448,82866.21172646391
0.191,3499.999999999999,194274.8899396286
0.191,3499.999999999999,200761.16731579343
0.191,2490.4838229100997,91973.26803344811
0.191,960.6898563011896,21127.828946676003
0.191,117.0,636.0
0.191,538.9128865471216,8041.736195109745
0.191,616.9687829789461,9520.227046797796
0.191,2269.03063002684,70069.5118578687
0.191,1225.9999999999998,65713.99999999997
0.191,1410.0,33191.99999999999
0.191,238.16380917343426,690.7300485717991
0.191,3499.999999999999,211592.99999999997
0.191,2343.7589036698787,74290.35325422138
0.191,1436.0,61895.99999999999
0.191,1124.6519461593443,11636.295802359102
0.191,2068.034416606128,46960.963880660696
0.191,241.97864256114084,4426.220082981449
0.191,2646.4126662332915,88009.32821013917
0.191,1551.231005652991,31619.64696263941
0.191,1575.9999999999995,50139.0
0.191,1934.2957374713926,62706.97548917502
0.191,3499.999999999999,156322.14877937164
0.191,36.0,518.0
0.191,677.1262806892079,17427.328309296292
0.191,3499.999999999999,109846.95525507159
0.191,1565.2475842498525,20281.64523214388
0.191,3499.999999999999,197137.1764026258
0.191,1017.8408519999575,27450.476644313487
0.191,3499.999999999999,146509.6950443894
0.191,2425.5927110708417,85797.40040350873
0.191,3499.999999999999,145702.99999999997
0.191,606.0,18935.999999999996
0.191,931.5939827997786,35485.20225083259
0.191,1039.9519219656265,19820.525724611853
0.191,386.89533468368415,1901.927443411025
0.191,556.1205880753231,6009.0112170373895
0.191,2070.6279240848653,61569.13726860235
0.191,2332.555296152167,71158.68230194887
0.191,1098.863048791795,31394.718664132022
0.191,1036.9999999999998,17548.000000000007
0.191,3499.999999999999,127690.07591821694
0.191,3499.999999999999,136545.05770623847
0.191,1870.3776868745028,59072.01731422814
0.191,3499.999999999999,93219.39121275752
0.191,871.5808509176425,18117.739456167517
0.191,2827.616089096883,113522.44420105414
0.191,3068.3909029302945,145649.9939869121
0.191,902.4623925725084,21567.422545896712
0.191,358.31517244657897,3700.6464792463285
0.191,3499.999999999999,214112.09191477738
0.191,3499.999999999999,83359.00000000001
0.191,2267.4875964379603,90651.37898013467
0.191,1393.7077059310625,29317.556320106884
0.191,2072.317543235109,51125.82998837284
0.191,2626.064274131082,76466.03223402123
0.191,3499.999999999999,138344.62221568273
0.191,3499.999999999999,105715.89113482332
0.191,3499.999999999999,151492.99999999997
0.191,3499.999999999999,177096.00306048695
0.191,3499.999999999999,141683.12787696355
0.191,3499.999999999999,105716.00000000006
0.191,1471.0,27833.999999999993
0.191,2617.607721309317,57466.9735028839
0.191,2544.6950614366033,69612.60523884655
0.191,3499.999999999999,122020.16305072418
0.191,1074.3389927526969,17852.752618541967
0.191,2368.7648082374517,93437.95342747925
0.191,2529.373526712797,98732.64532722329
0.191,2524.897881698282,88373.81337899057
0.191,3499.999999999999,174890.20032706342
0.192,3499.999999999999,125858.93476428278
0.192,3499.999999999999,194645.69429093468
0.192,2369.4923159024306,89081.08410947367
0.192,2849.0882222961545,94284.311893031
0.192,3499.999999999999,242993.2175967057
0.192,2729.7238247025816,137660.6779165207
0.192,527.0,14655.000000000007
0.192,3499.999999999999,194715.38931476363
0.192,2853.6286249770105,116490.89009690333
0.192,3499.999999999999,243215.00000000006
0.192,2141.756789564629,114674.60569335114
0.192,1760.69488745248,53573.43360915556
0.192,3499.999999999999,152870.83399720167
0.192,1228.0182933358994,16773.80157419308
0.192,2337.049633461764,54161.03771957803
0.192,2160.468823973655,83797.37644483274
0.192,1340.5295562758731,27303.225854883363
0.192,3499.999999999999,153965.0859643186
0.192,1594.95756283615,44806.76541654816
0.192,3499.999999999999,115202.46276013379
0.192,3499.999999999999,152509.37040121268
0.192,356.6169707838857,8373.563660756843
0.192,1619.103969345502,48290.36142010619
0.192,3499.999999999999,125090.00000000006
0.192,1774.3313754901692,43029.660028645376
0.192,1573.4048517754554,37410.514771915914
0.192,1713.3656177064418,63775.2532113735
0.192,3499.999999999999,74034.00000000003
0.192,3499.999999999999,249280.9999999999
0.192,848.8534968030075,22331.529399615192
0.192,908.151969661466,23236.15445808536
0.192,2013.1220509344207,77442.44329577751
0.192,3499.999999999999,29534.000000000004
0.192,2256.6568192793507,66629.80852441346
0.192,1050.9999999999998,43080.99999999999
0.192,2153.9070737374573,46475.4672034063
0.192,522.4940191045251,4008.763400351783
0.192,997.4099641726463,12743.69856584071
0.192,2256.6568192793507,97724.07349266607
0.192,1364.365490666937,23450.213119566986
0.192,3499.999999999999,193892.9904846577
0.192,3499.999999999999,144204.5648653329
0.192,3499.999999999999,178983.40204551522
0.192,3499.999999999999,141315.98676370617
0.192,316.80910797114757,2660.813258784702
0.192,3499.999999999999,172901.01745218286
0.192,2453.356279007519,75470.84595292335
0.192,3499.999999999999,192983.76116917192
0.192,2158.3558557383435,84220.33474761306
0.192,1068.5169016977904,16258.393147462886
0.192,2231.6237532824903,91229.87806975332
0.192,1080.074997396014,48278.63918960436
0.192,1117.7559233482239,22824.098647801096
0.192,3499.999999999999,163576.83735188792
0.192,3499.999999999999,175913.99999999997
0.192,3499.999999999999,279296.9999999999
0.192,1435.607227714681,27046.545961592597
0.192,480.62459362791657,14530.927706103279
0.192,2429.1973983190414,98335.4400407096
0.192,1325.2461866038016,38373.981628174675
0.192,356.0,8437.000000000004
0.192,1233.2232961154257,29991.775169390796
0.192,3499.999999999999,274373.0000000001
0.192,271.7646040234085,4419.6941070621615
0.192,1981.6659657974647,82398.69488044092
0.192,679.0810828880318,14349.151829414348
0.192,3499.999999999999,105190.07972878583
0.192,518.8184217099546,7583.929144007722
0.192,3499.999999999999,211472.9999999999
0.192,1991.7367396162135,57269.43685599065
0.192,3499.999999999999,133372.5675167123
0.192,1715.6631370988887,56931.33806613011
0.192,3499.999999999999,111139.8164565696
0.192,2282.7154217408947,77494.47788474377
0.192,3499.999999999999,224766.00000000003
0.192,1885.7359306117069,42736.63753736366
0.192,3499.999999999999,158492.57414150354
0.192,1291.8623821828749,19096.727076684587
0.192,1085.9999999999998,17485.000000000004
0.192,1006.0000000000002,49177.999999999985
0.192,3499.999999999999,87025.99999999999
0.192,3499.999999999999,158918.84887577046
0.192,2790.0689850750177,108467.6421879897
0.192,3499.999999999999,187648.0
0.193,1980.7826735914266,52949.36814542735
0.193,3499.999999999999,271240.0000000001
0.193,1984.3134832984429,65975.34424313375
0.193,2343.7589036698787,76043.89296785055
0.193,1532.8316989607613,44545.83880152481
0.193,3499.999999999999,152756.29766741736
0.193,695.1307034680249,7639.171481745785
0.193,3499.999999999999,156540.4585466646
0.193,3499.999999999999,179607.71451186098
0.193,1487.2793954062565,32240.984786448433
0.193,3499.999999999999,95169.00000000003
0.193,1612.0000000000005,76132.0
0.193,3499.999999999999,232691.00000000003
0.193,2383.2309061017404,66753.00563458129
0.193,2214.3847904101945,69537.20540832801
0.193,3499.999999999999,140750.1694776955
0.193,3499.999999999999,158591.03230098862
0.193,2422.829034470118,76217.23635742642
0.193,609.0976933136425,4457.338555685445
0.193,3499.999999999999,112123.85018362514
0.193,1295.0957493560081,17527.17330318839
0.193,3499.999999999999,210273.99999999997
0.193,3499.999999999999,116965.9651907341
0.193,3499.999999999999,77896.0
0.193,3499.999999999999,103779.99999999997
0.193,1957.6771950451885,45266.02139574452
0.193,3499.999999999999,148147.34757023657
0.193,2039.9999999999998,52027.0
0.193,3499.999999999999,203089.38085622175
0.193,2339.658094679648,55089.04758661198
0.193,1864.2692938521516,46312.14620377685
0.193,3499.999999999999,140651.99586568272
0.193,2941.7734918250803,131498.65100151088
0.193,2728.667790650688,128205.36812241524
0.193,1904.412643303812,47118.34885481517
0.193,3499.999999999999,212551.99999999994
0.193,2234.8378017207424,57669.26405807515
0.193,3499.999999999999,189866.99999999997
0.193,3499.999999999999,86579.00000000001
0.193,1271.6131487209464,22267.53502298806
0.193,3499.999999999999,150243.99999999997
0.193,3499.999999999999,217867.0000000001
0.193,1309.366565970725,18541.747439426916
0.193,3499.999999999999,146223.4005212572
0.193,3499.999999999999,151728.36336675577
0.193,3499.999999999999,149539.20322109514
0.193,3499.999999999999,153515.00000000006
0.193,3499.999999999999,167576.99932866677
0.193,821.2222598054682,6348.681595418063
0.193,2054.931941926172,59527.156232414476
0.193,802.4961059095552,22663.196530939767
0.193,2425.6137114338567,69379.0671283961
0.193,1575.9999999999995,129134.00000000001
0.193,3499.999999999999,113517.344009627
0.193,3499.999999999999,227984.9999999999
0.193,1097.9999999999998,8563.000000000002
0.193,2110.13618162252,56148.748770701466
0.193,2182.5443867193167,89987.37401435825
0.193,3499.999999999999,155239.00000000003
0.193,3499.999999999999,247188.0
0.193,3499.999999999999,210036.99999999994
0.193,3499.999999999999,185365.25831989123
0.193,3499.999999999999,192516.99999999997
0.193,1845.6936114154605,76929.92758504546
0.193,573.1654681992973,12446.394187738411
0.193,2343.7589036698787,93106.72416453001
0.193,3499.999999999999,238490.0
0.193,865.08970301637,34767.75046007388
0.193,1632.870350844162,49901.66724758081
0.193,476.9696007084728,4366.655012707094
0.193,3499.999999999999,114258.739490684
0.193,3499.999999999999,219328.70972273618
0.193,386.0,6071.000000000001
0.193,519.1338940966963,13432.183441272678
0.193,3499.999999999999,178167.99999999994
0.193,3499.999999999999,73164.99999999999
0.193,1962.1416870348578,71992.50544327516
0.193,2146.462825713408,57808.853876334775
0.193,1584.9168522095777,52451.44762536021
0.193,3499.999999999999,107082.76381362916
0.193,1030.0,18778.99999999999
0.193,1599.388307841908,39791.21015239836
0.194,2597.0474180141728,103984.28637697689
0.194,3499.999999999999,159476.00000000006
0.194,3499.999999999999,176115.66761370943
0.194,3499.999999999999,146981.99999999997
0.194,739.129119149155,17871.28684685155
0.194,2827.61074184708,105349.32757475303
0.194,3499.999999999999,239076.00000000006
0.194,3499.999999999999,144582.4876925716
0.194,1467.524177149087,41021.75613827785
0.194,585.0597742510918,9098.231780893539
0.194,3499.999999999999,137827.62570326752
0.194,2100.833168054998,76225.89166418457
0.194,3499.999999999999,69591.99999999999
0.194,3499.999999999999,98577.99999999997
0.194,1281.9945255196467,42919.177443155284
0.194,1635.6038617354513,24608.606587639282
0.194,3499.999999999999,147928.28528995186
0.194,997.9353370007376,16488.659557762723
0.194,1964.6846854359935,46686.87977329418
0.194,469.00000000000006,4864.0
0.194,1088.0000000000002,14636.000000000007
0.194,3499.999999999999,206058.14162911716
0.194,427.2165625723808,2767.916144841814
0.194,3499.999999999999,242853.00000000012
0.194,1607.9999999999998,40086.0
0.194,2460.499160611249,128648.48285955659
0.194,491.0,11033.999999999996
0.194,1607.3554568839736,26408.34531164438
0.194,3499.999999999999,191766.63448055828
0.194,1467.0522571257748,32695.89357144538
0.194,2342.6480742954113,52096.75981287128
0.194,2222.4351634012983,68543.37253687446
0.194,407.4037812145362,5705.065525615265
0.194,1065.0,15180.000000000004
0.194,2016.1402294431891,41968.65736326328
0.194,596.0,8184.000000000002
0.194,384.22649570273006,1977.0690428004784
0.194,3499.999999999999,181098.00000000006
0.194,3499.999999999999,161703.99999999994
0.194,2569.061259904281,70929.64509918625
0.194,3499.999999999999,180451.5492812407
0.194,2987.549240922122,138110.76386427006
0.194,3499.999999999999,127683.99999999994
0.194,3499.999999999999,144494.42890990645
0.194,1024.6378078633659,20674.44901630858
0.194,2895.6534171586286,99691.56848264691
0.194,2054.507240191672,55393.725511108176
0.194,3499.999999999999,124206.28963140318
0.194,906.1857822113616,22398.067632432132
0.194,1052.16484571425,30594.029723352458
0.194,645.3681120105019,5305.326757137584
0.194,741.8384073488671,8911.764190952033
0.194,829.5127890129351,10567.396453875921
0.194,1716.0000000000005,38715.000000000015
0.194,3499.999999999999,143648.10957684062
0.194,3499.999999999999,112182.09014692617
0.194,3499.999999999999,200844.03612504908
0.194,2238.2994451510185,75026.66663124078
0.194,1616.3374301504127,26363.47115531747
0.194,976.4497389802923,14537.626736768496
0.194,2368.7648082374526,54979.08181282773
0.194,3499.999999999999,90983.00000000003
0.194,3499.999999999999,172245.99999999997
0.194,987.570138691731,36454.44468589905
0.194,3499.999999999999,182173.99999999994
0.194,3499.999999999999,207838.70396054717
0.194,2722.3146211458634,99810.93046293073
0.194,110.00000000000001,115.99999999999999
0.194,3499.999999999999,78502.49267379989
0.194,3499.999999999999,139146.00000000003
0.194,2547.748878362715,121182.82160197162
0.194,3499.999999999999,136016.79130166245
0.194,2734.452798679635,73191.41725206158
0.194,1896.8394766031206,67723.21549513133
0.194,1187.9762128963125,25934.59953575358
0.194,3499.999999999999,117697.43522269293
0.194,957.6011695899288,28347.084506170995
0.194,1332.1683400283018,20855.96579143662
0.194,3499.999999999999,148924.3384272698
0.194,707.4602462329598,6599.183585868785
0.194,3499.999999999999,85047.99999999999
0.194,1202.289482612237,30754.707151914165
0.194,3499.999999999999,210790.37520049518
0.194,1418.6260959111107,36671.9374454091
0.195,2098.412884205662,51882.83340182013
0.195,3499.999999999999,61373.0
0.195,731.778655059028,19033.099117064452
0.195,3499.999999999999,128546.21852928215
0.195,3499.999999999999,148534.9273403398
0.195,3499.999999999999,159457.99999999994
0.195,2590.906331252958,103940.33141917075
0.195,3499.999999999999,200808.67961071795
0.195,3499.999999999999,157775.07322134264
0.195,3499.999999999999,295311.99999999994
0.195,2676.394591182416,81052.48216813825
0.195,3499.999999999999,197639.7790198117
0.195,3499.999999999999,132866.02578896174
0.195,1016.0000000000002,26020.999999999996
0.195,1920.6769639895192,67126.73461445895
0.195,1088.0000000000002,41203.0
0.195,2269.03063002684,75019.07907325975
0.195,3499.999999999999,120292.61160764036
0.195,1111.1240621897828,26616.815803018217
0.195,3499.999999999999,132728.00000000003
0.195,664.0783086353596,14556.416420259487
0.195,564.1613244454109,4033.2721207476197
0.195,1754.4827462691956,56341.35900128167
0.195,253.06916050755768,6902.678320767962
0.195,2249.6666419716503,90292.47460890634
0.195,1946.9206455323235,59404.79253393615
0.195,1109.2231515795193,20444.950476829235
0.195,465.8325879540846,7658.911672032787
0.195,2365.120548931572,84810.01945982584
0.195,526.8491245128913,7962.418979179634
0.195,3499.999999999999,169056.7799291115
0.195,3499.999999999999,206772.00000000003
0.195,3499.999999999999,125070.69181866711
0.195,3499.999999999999,94183.00000000004
0.195,877.4964387392123,14215.575964413125
0.195,3499.999999999999,254246.99999999997
0.195,1805.8522487457712,76915.92934161483
0.195,709.0,3077.0
0.195,926.8649978906611,10024.74902537387
0.195,3499.999999999999,150835.00000000006
0.195,3499.999999999999,212767.15539528168
0.195,839.8486280695016,9151.578662809532
0.195,2711.6260966793507,84520.90797998634
0.195,3499.999999999999,204404.00000000006
0.195,2291.28784747792,119476.42104616293
0.195,269.6367927416435,3672.130580466877
0.195,1321.853210772313,21804.264129323987
0.195,3499.999999999999,186221.99999999997
0.195,1418.9767222021683,45237.081808315874
0.195,1154.0,15785.000000000002
0.195,1902.0000000000002,41460.99999999999
0.195,1204.8155177475423,18114.081456961427
0.195,3499.999999999999,271834.99999999994
0.195,3499.999999999999,223018.80516225536
0.195,3499.999999999999,189165.7014154522
0.195,1320.8868616524396,25535.673534820336
0.195,2055.358849446977,49013.00184644886
0.195,1118.9999999999998,9804.000000000002
0.195,1785.9241658074175,66964.88881699614
0.195,1050.9062335048238,10785.815999725675
0.195,2766.3919240928735,92860.14231032455
0.195,1917.9416049504741,91458.80480850385
0.195,1949.6153466773897,28194.597408014193
0.195,3499.999999999999,216228.00000000006
0.195,436.04583868423265,6672.99375595596
0.195,3499.999999999999,157760.28977001042
0.195,3499.999999999999,120160.99999999997
0.195,1026.1996364936879,37183.22540247225
0.195,1401.2494424619763,33492.5127155309
0.195,3499.999999999999,195131.67108666457
0.195,3499.999999999999,91213.00000000001
0.195,82.0,1638.0
0.195,587.5282467612312,16098.220345032041
0.195,3499.999999999999,151358.00000000003
0.195,1639.882997800068,33032.34302062793
0.195,2181.7424229271423,45732.32001549887
0.195,3499.999999999999,114768.99999999996
0.195,1603.0,41890.99999999999
0.195,1421.3483159849698,40702.86598213992
0.195,1269.8832211178549,41132.87253256383
0.195,1958.2789845709258,66760.52438410239
0.195,3499.999999999999,249400.00000000006
0.195,2738.775182054011,136686.07320502773
0.195,3499.999999999999,160279.14886222727
0.195,3499.999999999999,129450.0
0.196,1298.0,23556.99999999999
0.196,1477.7647656008837,35125.4007025839
0.196,3499.999999999999,137601.4006212981
0.196,3499.999999999999,118013.32863706541
0.196,3499.999999999999,157306.0
0.196,3499.999999999999,198408.1018012746
0.196,1435.7604256978248,19429.320729248364
0.196,1696.0566753012622,44556.890859122606
0.196,3499.999999999999,156155.35159857813
0.196,3499.999999999999,151888.8746946266
0.196,765.4672697426073,19998.629661844134
0.196,2155.280877505943,55550.85884682463
0.196,1356.8580148807494,22882.5914055443
0.196,3499.999999999999,132327.4362791545
0.196,3499.999999999999,228535.00000000003
0.196,2780.0667651270396,118048.32961638882
0.196,2642.3297845126845,71145.26948723466
0.196,2791.366400391186,167126.61761051472
0.196,3499.999999999999,116495.00000000004
0.196,2632.4221651604753,97964.7801515685
0.196,3499.999999999999,172090.0
0.196,3499.999999999999,44782.00000000001
0.196,3499.999999999999,167185.25010707305
0.196,576.6281297335397,4657.399059561035
0.196,2370.575835836672,74451.59537463247
0.196,3499.999999999999,85584.11037102617
0.196,1373.4743597714742,40314.88606341867
0.196,807.8873479415327,14268.075098211333
0.196,2424.5703713806465,72822.89074412295
0.196,1080.0,11759.999999999996
0.196,159.0,1002.9999999999999
0.196,1932.6924973035393,43027.74621148549
0.196,1147.170431975999,12954.219389835882
0.196,3499.999999999999,138120.83148460987
0.196,3499.999999999999,234646.57049273065
0.196,3499.999999999999,184013.37588489213
0.196,499.9999999999999,10160.999999999998
0.196,3499.999999999999,126660.99999999999
0.196,3499.999999999999,167760.6241539434
0.196,3499.999999999999,147879.41253343594
0.196,65.0,466.0000000000001
0.196,61.0,480.99999999999994
0.196,2333.3055552248597,68043.7243340902
0.196,2228.9429820297396,58188.03497195188
0.196,2214.3847904101945,120099.33328707532
0.196,3499.999999999999,183003.9000315111
0.196,896.8179786075767,15179.973583356368
0.196,2191.891229452599,62060.31659838144
0.196,2671.4997841186323,93765.53024572923
0.196,3499.999999999999,123974.77348341332
0.196,3499.999999999999,246150.99999999994
0.196,3499.999999999999,131311.6616705375
0.196,3499.999999999999,80714.99999999997
0.196,1207.3262052439713,32759.05661932578
0.196,3499.999999999999,82932.0
0.196,2720.691505267999,77656.5052181822
0.196,3499.999999999999,158813.0
0.196,3499.999999999999,153948.99999999997
0.196,3499.999999999999,101309.00000000003
0.196,3499.999999999999,111759.4616799849
0.196,2913.6874384099506,122758.82126289739
0.196,3499.999999999999,84349.0
0.196,3499.999999999999,161135.27265960816
0.196,2513.315618472017,55287.53149182016
0.196,3499.999999999999,214685.00000000003
0.196,3499.999999999999,116903.12695272105
0.196,3499.999999999999,167867.04695978892
0.196,2212.0126581916297,55856.100830616546
0.196,2795.304630653601,125989.82036836166
0.196,2236.417599754198,78207.3401028155
0.196,3499.999999999999,122027.62444627033
0.196,3499.999999999999,177097.4080103942
0.196,3499.999999999999,210393.52697267086
0.196,2582.234756451965,69388.40545057991
0.196,3499.999999999999,164019.00000000003
0.196,1688.9345754054534,42927.120669804994
0.196,3499.999999999999,168412.99999999997
0.196,3499.999999999999,63161.00000000002
0.196,3499.999999999999,172678.0
0.196,3499.999999999999,140250.99999999997
0.196,3499.999999999999,285732.3935433293
0.196,1482.5382544892127,25561.635421443367
0.196,3499.999999999999,127282.49685640213
0.197,403.3286501105519,6304.5621576759795
0.197,1371.0000000000005,27811.000000000015
0.197,1745.9617286640253,48656.66704428397
0.197,1832.6647328700453,45579.60014780295
0.197,714.3054668949229,10653.82653772129
0.197,184.0,211.0
0.197,1079.583252926795,10959.397063707476
0.197,332.32514199199557,1692.3214824612962
0.197,1929.766825292631,36244.52758693372
0.197,3499.999999999999,150581.99999999994
0.197,3499.999999999999,200288.04838047782
0.197,3499.999999999999,229146.0000000001
0.197,3499.999999999999,149637.73667732088
0.197,2394.6786033796902,50646.11234234364
0.197,3499.999999999999,98952.00000000001
0.197,405.1073931687744,8583.714347530446
0.197,3499.999999999999,277376.00000000006
0.197,709.9295739719539,10320.48370959424
0.197,1243.593892177034,20789.80216477897
0.197,1077.0000000000002,17083.999999999996
0.197,234.0,404.0
0.197,2151.7360952108115,52816.42313065505
0.197,1475.7271983254882,33846.014709591684
0.197,2524.5791728523777,41062.300629652986
0.197,3499.999999999999,159441.05567092053
0.197,2651.602135355968,93120.52451114896
0.197,141.0,3765.999999999999
0.197,377.4824499231719,3824.1338888694777
0.197,3499.999999999999,218985.00000000003
0.197,65.0,575.0
0.197,3499.999999999999,159970.14722753744
0.197,2129.7887219158624,62043.63703072217
0.197,1105.2149112276759,9727.809311453428
0.197,1441.0000000000005,44291.0
0.197,1016.0000000000002,26948.000000000015
0.197,1562.444981094071,36800.50086286247
0.197,3499.999999999999,152635.8579069806
0.197,3499.999999999999,175318.85222421662
0.197,1799.5668039861134,67445.76033093547
0.197,2784.441106991627,127570.77395987094
0.197,3499.999999999999,193486.79250565582
0.197,2382.5117657725946,94702.17813250412
0.197,1150.2737166777276,31914.283301806263
0.197,2225.3587853716344,45807.30461032361
0.197,465.8325879540846,7651.075283906181
0.197,2138.808079281543,43074.253725398456
0.197,3499.999999999999,130447.14721161929
0.197,1014.0,22479.999999999993
0.197,2221.4875690470753,72763.82890280666
0.197,1356.8345514468595,33339.092489148534
0.197,2163.12647622013,77521.19103947781
0.197,1924.6555857652102,61199.68076226742
0.197,3499.999999999999,94420.0
0.197,1475.4660280738422,48668.858051119336
0.197,3499.999999999999,80493.44708111332
0.197,902.4623925725084,21540.938303915445
0.197,2465.427146857423,88028.50701127699
0.197,1555.441848828001,38115.09720621235
0.197,1342.179680204492,54181.20407577232
0.197,84.0,88.0
0.197,292.8015326788735,7704.381300290468
0.197,2828.2897333249666,111611.58210776423
0.197,3499.999999999999,224811.00000000006
0.197,3499.999999999999,176681.00000000003
0.197,1296.0431957354956,29134.51858802098
0.197,3499.999999999999,138067.82962981996
0.197,1917.9416049504741,58106.32709094595
0.197,583.3462852829146,7676.82157441992
0.197,1213.8780828402823,17122.58193147283
0.197,1337.9871644232298,35540.63720715168
0.197,1280.237477970396,24225.586308694365
0.197,3499.999999999999,175577.00000000006
0.197,3499.999999999999,292155.9999999999
0.197,2464.954360632262,118852.82581411352
0.197,3499.999999999999,106800.0087491697
0.197,1013.5651545258753,32965.87898544948
0.197,2063.673046087748,57042.6898188769
0.197,3499.999999999999,143757.00000000003
0.197,1168.3321445547922,27711.83212997654
0.197,3499.999999999999,116254.00000000001
0.197,1915.3296225494928,44909.58757081747
0.197,2282.8709994215606,51617.819684678696
0.197,3499.999999999999,115665.83805184721
0.197,120.0,129.0
0.197,3499.999999999999,165705.12490867628
0.198,1762.1214841751541,63597.994780111345
0.198,2212.0126581916297,83166.56110480943
0.198,3499.999999999999,239080.10271036782
0.198,1296.9139545585476,31159.386995799345
0.198,2742.282752247531,90479.16474160242
0.198,2393.2533046638787,82108.26969859243
0.198,704.9822692805827,4737.585777587566
0.198,1628.6614805988095,27704.413807775956
0.198,1858.3423143979055,39848.674811492216
0.198,1580.458865549523,39326.076255562184
0.198,3499.999999999999,157175.6205459358
0.198,2314.4023790629694,62211.37526870698
0.198,853.6361941471972,8349.718450403638
0.198,3499.999999999999,134224.00000000003
0.198,3499.999999999999,113572.99999999999
0.198,383.36014398995627,5329.314214793494
0.198,782.6237921249261,54937.026939942814
0.198,1802.124579130247,86948.9657384483
0.198,1080.3437169271583,27850.766650330446
0.198,105.0,106.0
0.198,3499.999999999999,123263.64380465145
0.198,2101.238322243067,84860.4464118351
0.198,2341.526750982656,71549.92099131427
0.198,3499.999999999999,185833.04417406497
0.198,2426.3021313038157,91556.27862664794
0.198,93.0,104.0
0.198,896.1304657557072,11125.231260909763
0.198,2622.887188784669,90988.00273024573
0.198,3499.999999999999,142611.01281808497
0.198,1758.492058076768,53265.53264528371
0.198,2467.2255449816603,52005.262501566605
0.198,2719.654289012143,105867.89492548321
0.198,303.0,749.9999999999999
0.198,1810.9389829588401,53855.974162575476
0.198,2588.437623036667,129494.14865751403
0.198,2796.871505774687,93475.28591034625
0.198,1160.0000000000002,43380.000000000015
0.198,2855.156357251697,141092.43497292706
0.198,2331.4158788169902,73344.08379685444
0.198,1716.0464449152394,49072.31026056644
0.198,3499.999999999999,168364.99999999997
0.198,385.0,6444.000000000003
0.198,463.2493928760188,5698.833038438657
0.198,2112.4630174277604,70908.32159909018
0.198,488.99999999999994,7755.999999999999
0.198,3499.999999999999,164155.6419956378
0.198,1172.0,51516.999999999985
0.198,88.0,102.0
0.198,3499.999999999999,218640.00000000006
0.198,323.27372942976865,2651.439487554312
0.198,1659.0,49956.000000000015
0.198,3499.999999999999,135067.99999999997
0.198,65.0,591.0
0.198,229.99999999999997,3194.9999999999995
0.198,1082.0000000000002,31350.99999999999
0.198,2723.9070843135887,112900.74610270867
0.198,80.0,618.0000000000001
0.198,3499.999999999999,198644.45339349398
0.198,581.9407186303429,18150.91859934366
0.198,3499.999999999999,202302.99999999994
0.198,2039.9668391380094,62051.95966145471
0.198,1564.306135575527,54036.231840848566
0.198,3499.999999999999,159433.99968639057
0.198,364.8119378980382,8481.07871302902
0.198,1287.0518013148858,33525.73098894879
0.198,2411.647662607982,87886.23942950604
0.198,1188.6702654647336,37765.039388301986
0.198,757.5961985121097,12662.628479111281
0.198,2676.6583644537077,117906.937047826
0.198,2400.2083242918725,83482.07960993785
0.198,3499.999999999999,115954.1554149743
0.198,127.0,1730.0
0.198,516.0,8089.000000000003
0.198,3499.999999999999,207068.99999999997
0.198,514.9524249870079,7391.299073911162
0.198,443.64398049108394,2285.87239968426
0.198,3499.999999999999,131177.99999999997
0.198,3499.999999999999,160041.28047475766
0.198,1771.7550978154165,45227.37288045537
0.198,3499.999999999999,110026.66504079818
0.198,1497.0,26241.000000000004
0.199,1786.310779414478,45817.52733834859
0.199,3499.999999999999,123385.46138614156
0.199,1805.2491835548565,65077.702683135736
0.199,3499.999999999999,159190.6498717679
0.199,3499.999999999999,140645.3124445003
0.199,96.0,99.0
0.199,3499.999999999999,151496.8846511373
0.199,3499.999999999999,266173.0000000001
0.199,1628.7641654376305,41487.0344701508
0.199,3499.999999999999,108445.99999999996
0.199,2704.0682359366842,92363.76670163339
0.199,1413.0000000000005,27607.999999999993
0.199,1021.4531383447797,13332.34732473409
0.199,1594.051442080838,34549.477564791065
0.199,257.0,2578.0000000000005
0.199,2361.990685841076,96800.6309070349
0.199,1506.0,62298.0
0.199,1194.7687031735986,23205.86617545218
0.199,1330.9999999999998,60206.99999999999
0.199,733.0,5051.000000000001
0.199,1194.2703715238463,17492.654716521207
0.199,1670.1246432207365,51630.88385900071
0.199,1602.535780395024,56500.610599248204
0.199,2682.650529901647,81523.88539896454
0.199,3499.999999999999,212000.63584574455
0.199,2397.5234870805452,77877.59126453579
0.199,3499.999999999999,120235.99999999997
0.199,892.3215073015834,17269.997115087648
0.199,2394.6786033796902,60651.02159320185
0.199,1594.685963915747,40779.29854019668
0.199,357.9567012922093,6363.032924635862
0.199,1363.647575665388,14715.0373572963
0.199,3499.999999999999,81731.795954818
0.199,759.934207678533,18670.27948371422
0.199,1397.4977638622538,29584.988186578674
0.199,3499.999999999999,280473.0
0.199,1190.4553750561172,24340.35096295861
0.199,3499.999999999999,57944.000000000015
0.199,2796.7717650932113,77022.16053449178
0.199,1973.702105182036,51343.11030703143
0.199,1170.7633754913277,31904.609416063864
0.199,3499.999999999999,95096.06201625812
0.199,3499.999999999999,101335.76704309699
0.199,2066.1231082930144,35747.46075524414
0.199,2079.903843931253,67425.93148040296
0.199,3499.999999999999,165421.72400467843
0.199,2013.640095746514,43747.673907522054
0.199,3499.999999999999,141837.98997095245
0.199,62.0,455.99999999999994
0.199,797.7067130217723,23711.669785150083
0.199,1294.0,60284.00000000003
0.199,3499.999999999999,94643.0
0.199,2071.4729059294987,65754.39868176119
0.199,1894.0696924875813,75592.38628327592
0.199,684.9999999999999,11797.999999999998
0.199,2525.0248456097984,79993.49766966708
0.199,2548.7251715318384,94049.69426850892
0.199,3499.999999999999,218442.99999999997
0.199,3499.999999999999,104456.00000000001
0.199,3499.999999999999,93730.99999999999
0.199,3499.999999999999,160270.52252245942
0.199,3499.999999999999,290764.00000000006
0.199,3499.999999999999,81466.0
0.199,1230.0845999051562,25991.673573223557
0.199,3499.999999999999,169660.3720436803
0.199,3499.999999999999,234314.94420971093
0.199,2109.0419633613105,60175.392359233716
0.199,2956.7828453070592,119587.7502485305
0.199,2581.275734685494,132070.72447243764
0.199,2597.0474180141728,79788.41174670664
0.199,3499.999999999999,113557.49935545617
0.199,3499.999999999999,122724.56161960181
0.199,3499.999999999999,218076.00000000003
0.199,1328.7101883422383,23732.849988231086
0.199,2322.3910092833203,111214.8971136511
0.199,671.6849895903707,18740.780611641992
0.199,2490.4838229100997,129129.42573457016
0.199,3499.999999999999,77427.99999999997
0.199,3499.999999999999,215869.44792165485
0.199,3499.999999999999,225211.0
0.199,1872.6985876002573,51381.26823074728
0.199,3499.999999999999,224129.78930967662
0.199,3499.999999999999,100552.99999999996
0.199,142.0,248.0
0.199,2101.666005815386,90782.30360593417
0.199,2534.5507468289406,99438.74174218148
0.2,1949.6153466773897,67739.51199263244
0.2,3499.999999999999,115166.67478051108
0.2,660.7338027557644,15053.703200091348
0.2,3499.999999999999,179854.00000000003
0.2,2006.4097686971345,56829.340037479116
0.2,1891.0000000000005,72096.0
0.2,2402.408349955568,76540.9351744256
0.2,1636.1495178119299,50525.451628977644
0.2,1005.552446609957,12313.889980997144
0.2,880.8332471513984,19140.755229391532
0.2,1949.6153466773897,99712.70910972179
0.2,3499.999999999999,221746.0000000001
0.2,3499.999999999999,131595.24061302526
0.2,2182.1122567150987,62511.56274163816
0.2,2909.9331316971984,121148.31017879018
0.2,1760.8371318916986,37863.03192654454
0.2,1512.6850324567502,27357.697340350485
0.2,1892.2209173349706,58365.91546442154
0.2,3499.999999999999,147069.52020388175
0.2,3499.999999999999,140743.26494010288
0.2,3499.999999999999,172623.91963745918
0.2,3499.999999999999,90114.0
0.2,3499.999999999999,81922.00000000004
0.2,3499.999999999999,177049.3951415819
0.2,3499.999999999999,242508.99999999997
0.2,795.9271323431561,9365.212223970151
0.2,1917.9416049504741,54739.85336114813
0.2,2036.0,44640.0
0.2,2486.8797209311597,96575.44805589467
0.2,868.8313990642831,11394.697012207036
0.2,2759.8435113963073,108442.84919972868
0.2,3499.999999999999,115445.68823247698
0.2,3499.999999999999,134657.00000000003
0.2,1347.9497873950784,25639.560607841115
0.2,3499.999999999999,146549.78559313942
0.2,1793.1608213924367,66998.35378606601
0.2,1395.8208706592525,34661.89763348586
0.2,3499.999999999999,106835.94866387625
0.2,1320.0,24481.000000000007
0.2,3499.999999999999,235900.73745994215
0.2,2411.647662607983,96913.29880951002
0.2,1016.0000000000002,35012.0
0.2,3499.999999999999,130587.00000000003
0.2,3499.999999999999,109926.99999999997
0.2,1622.0,46249.999999999985
0.2,175.0,2963.9999999999995
0.2,3499.999999999999,83603.07548768769
0.2,1486.884540786381,35876.8392353633
0.2,3499.999999999999,187773.00000000003
0.2,3499.999999999999,150499.83260935967
0.2,676.198176767132,9041.526211264518
0.2,1196.0000000000002,24580.999999999993
0.2,3499.999999999999,176073.68713410856
0.2,669.8848840615209,12381.19309944127
0.2,3499.999999999999,204524.3236229784
0.2,2558.319761093205,123613.05755461281
0.2,2014.0754702840702,38477.13045433614
0.2,1359.6383248795225,37696.68230849494
0.2,1021.4531383447797,31758.450914546815
0.2,3499.999999999999,231138.99999999988
0.2,2773.702554805155,84846.1707528296
0.2,3499.999999999999,144345.50927651665
0.2,1311.1467533694306,37182.0966330251
0.2,2369.4923159024306,124421.4914498349
0.2,3499.999999999999,157299.99999999997
0.2,2343.7589036698787,63330.14274218812
0.2,1130.6791020669614,32778.586371866506
0.2,1980.7826735914266,33140.71332967955
0.2,71.0,1042.0000000000002
0.2,1885.7359306117069,60172.47109767054
0.2,1301.4726274493823,60697.79110478402
0.2,3499.999999999999,125102.13035756016
0.2,1527.9999999999998,51631.00000000001
0.2,2261.320823783772,60947.540777128816
0.2,2214.3847904101945,71088.40712802617
0.2,2272.250612010831,68778.21256599075
0.2,1259.489764552838,41282.53950951091
0.2,790.1518841336771,14048.126387529403
0.2,3499.999999999999,171004.0
0.2,3499.999999999999,249626.00000000003
0.2,3499.999999999999,170662.06581135717
0.2,3499.999999999999,217573.99999999994
0.2,1735.0000000000005,19376.999999999996
0.2,3499.999999999999,213009.00000000006
0.2,2322.3910092833203,77211.53806912542
0.2,2769.4597685744293,124103.72145479746
0.201,1179.6331331025813,15727.16874903392
0.201,2904.5446381895667,106306.01092656825
0.201,2317.447648863758,75828.9513834532
0.201,1572.137149879549,43326.0676019006
0.201,252.0,6515.940607464128
0.201,98.0,734.0
0.201,678.0625154457666,13074.326473074192
0.201,1888.5179374313605,76033.23535796699
0.201,1467.2477636718343,33333.29716664706
0.201,3499.999999999999,110453.00000000004
0.201,1113.1037687475502,8073.757489545993
0.201,1658.613879117138,43251.77813685811
0.201,3003.576185981773,142530.30334011943
0.201,3499.999999999999,166217.00000000003
0.201,3499.999999999999,269355.0
0.201,2560.8915148537767,121386.60026543916
0.201,3499.999999999999,163958.00000000003
0.201,2100.833168054998,42118.87405902489
0.201,768.1498279009347,6857.596708568977
0.201,2377.498685593748,86888.44137743529
0.201,794.6231811368202,26339.59092317115
0.201,3499.999999999999,126011.63935955548
0.201,2909.225476137868,73240.80468683716
0.201,2082.257933872082,66683.28996635375
0.201,3499.999999999999,128084.33838686133
0.201,1022.9054271060158,29282.28105721077
0.201,1382.389236069205,34156.6729058906
0.201,2312.5743231299607,56110.232168473536
0.201,2359.9996409077307,97185.8479605112
0.201,3499.999999999999,253038.99999999988
0.201,214.22418164156915,4090.556319133131
0.201,556.0137205839709,5482.953371422189
0.201,3499.999999999999,143465.94104533494
0.201,3499.999999999999,169708.00000000006
0.201,2823.2440075253503,72648.76118475072
0.201,1897.761839641634,57151.75640345622
0.201,2801.1711400260065,89277.67216350681
0.201,633.5717169720374,10552.765885846831
0.201,2757.697442481564,123805.51969202659
0.201,3499.999999999999,126401.95735035115
0.201,893.2697901879701,18355.97509730351
0.201,2059.863946138592,73962.00642955293
0.201,3499.999999999999,229311.34473898137
0.201,2010.0947951628943,60213.86389796131
0.201,1874.5666165810164,66628.48039689938
0.201,2699.0051204263027,48574.54258877737
0.201,2100.833168054998,54522.46186664723
0.201,2452.141920852053,122913.07868571187
0.201,454.42271070007047,8769.140892926742
0.201,3499.999999999999,185872.2224743956
0.201,2891.9608801742233,147823.05814258635
0.201,2859.1579831712506,149123.60023378942
0.201,3499.999999999999,206499.85989494112
0.201,3499.999999999999,82563.48374432852
0.201,1992.2349259060795,41074.438279786635
0.201,2572.644553761751,103931.70497976066
0.201,3499.999999999999,223929.08197686158
0.201,2526.8179568729975,117598.08238173847
0.201,3499.999999999999,191608.20117266785
0.201,3499.999999999999,149828.9626567831
0.201,3499.999999999999,77520.00000000001
0.201,1230.249580305625,32810.057821437214
0.201,2585.912511808439,105224.59436788737
0.201,3499.999999999999,120983.46542909862
0.201,3499.999999999999,130147.37286630116
0.201,2382.1056407884844,71022.51964117914
0.201,3499.999999999999,212629.99999999997
0.201,3499.999999999999,217945.99999999997
0.201,2195.3359651770834,47530.65816922799
0.201,2263.6254107073455,81611.16886186603
0.201,1200.833044182246,19432.21284362642
0.201,246.63535837344978,1980.1681746760803
0.201,1869.893045069691,34052.12228334675
0.201,3499.999999999999,253183.00000000003
0.201,1546.1241864740362,61519.12831794679
0.201,1917.028951268081,42997.19311769083
0.201,1858.6034145766628,44901.96829094128
0.201,2199.318076131781,88616.60991033228
0.201,3499.999999999999,147723.75350179287
0.201,3499.999999999999,189438.19935535695
0.201,3499.999999999999,129783.05091278555
0.201,1014.0,10809.999999999995
0.201,2007.7801674405605,77363.32981482499
0.201,2314.760940093433,53768.98251947106
0.201,1854.0,33255.0
0.201,3499.999999999999,85917.57002969239
0.202,3499.999999999999,270102.00000000006
0.202,833.1587189698998,7128.474812850633
0.202,1149.5272158651508,30981.853834834335
0.202,3499.999999999999,288137.00000000006
0.202,3499.999999999999,137096.97915096403
0.202,3499.999999999999,72688.99999999997
0.202,1812.1439119287352,55909.977895756594
0.202,63.0,789.0
0.202,2716.4515502411964,103346.87940604691
0.202,3499.999999999999,106125.73250630597
0.202,3499.999999999999,88912.00000000001
0.202,922.8373942705218,12617.577839967571
0.202,3499.999999999999,212985.00000000003
0.202,1909.7120201747696,53518.770258667166
0.202,1890.7927164508358,40173.97362251071
0.202,1468.0000000000002,28748.000000000015
0.202,3499.999999999999,92467.00000000003
0.202,1894.9934036824504,44207.90890779612
0.202,1062.8061401564817,11984.144382161803
0.202,3499.999999999999,178867.58343534474
0.202,530.855912654272,23492.34445516242
0.202,1584.7691450937439,45061.193680111
0.202,2560.803569611617,93341.41519530301
0.202,3499.999999999999,145260.2265177912
0.202,3499.999999999999,93455.22999276179
0.202,533.3704153775311,7765.391941170772
0.202,451.00000000000006,3232.999999999999
0.202,1818.6084036936911,48790.68473455697
0.202,2343.7589036698787,52098.76148498082
0.202,3499.999999999999,153666.0
0.202,2689.051877521146,82815.72014418516
0.202,1827.9411816007387,41885.30292058218
0.202,2604.359683947673,125127.30062442424
0.202,687.4798234039147,8573.186708376754
0.202,1592.4794914168128,59252.40364852648
0.202,1921.296814071422,73316.36968105518
0.202,458.2575694955839,9537.390209066632
0.202,1111.5148658308854,34472.909479336195
0.202,3499.999999999999,162129.06463678865
0.202,1582.1095853743132,52558.036924225016
0.202,3499.999999999999,142029.5514615303
0.202,465.8325879540846,9942.108931207702
0.202,690.1200286651908,10093.666842870454
0.202,435.86392802257257,7728.259734192954
0.202,3499.999999999999,121220.15862801486
0.202,3499.999999999999,151985.0
0.202,66.0,736.1215932167729
0.202,1049.0,17050.0
0.202,2525.538231175825,75728.8091880047
0.202,3499.999999999999,142110.00000000003
0.202,1029.889922843507,26401.464609803246
0.202,3499.999999999999,178281.71020465624
0.202,2450.7141816213493,87568.15532486686
0.202,3499.999999999999,135696.54213079187
0.202,606.5101267943035,10260.675244916689
0.202,91.0,105.0
0.202,1285.6929933178355,24100.795843677024
0.202,2621.7811212009647,76675.21197637338
0.202,491.4264950122245,8726.380693047946
0.202,2365.8502992243884,92372.48520121
0.202,907.448473828005,16104.496241280995
0.202,3499.999999999999,207171.82750557564
0.202,1100.9999999999998,15216.0
0.202,3499.999999999999,98943.73685079822
0.202,3499.999999999999,182250.00000000003
0.202,3499.999999999999,125360.00000000001
0.202,3115.7652456934006,148847.97650521414
0.202,3499.999999999999,99304.04366389115
0.202,143.0,1370.0
0.202,603.3241251599342,4619.193869064167
0.202,1191.0000000000002,39022.99999999999
0.202,936.2754382117904,20785.05900665875
0.202,3054.2047462900127,132219.5002858803
0.202,2318.2995876149757,64303.73959701344
0.202,1333.6749390088335,64915.020318204406
0.202,2600.7394346567808,89683.27191349711
0.202,2369.4923159024306,73690.10727929753
0.202,3499.999999999999,247277.00000000006
0.202,745.9467266880646,21410.306262464364
0.202,1885.7359306117069,57410.39862254919
0.202,3499.999999999999,200950.00000000003
0.202,3499.999999999999,123563.04375469206
0.202,3499.999999999999,119624.00000000004
0.202,2468.5664286939855,114220.40670201104
0.202,2668.120270985856,115814.8752465507
0.202,1916.1158628851229,57747.73886482483
0.203,2862.75105945999,109907.14588906197
0.203,3499.999999999999,233016.99999999997
0.203,917.2594879731134,21647.07342496439
0.203,1175.0000000000002,22811.000000000007
0.203,3499.999999999999,134806.7425984324
0.203,1021.4531383447797,16603.09297020428
0.203,3499.999999999999,162692.99999999997
0.203,386.9134270091954,8863.317832504934
0.203,2565.8629255648666,67477.66509642787
0.203,873.4987120768981,49718.7781426696
0.203,158.40454538932903,2351.1958659371617
0.203,3499.999999999999,240431.0
0.203,3499.999999999999,134368.12595692583
0.203,321.4109518980335,5549.373928651774
0.203,535.0835959859226,7463.427536455114
0.203,991.7156850630126,24022.338853658708
0.203,3499.999999999999,125869.54499291007
0.203,2158.3558557383435,42520.63516693981
0.203,1710.4959062381668,40817.28816902962
0.203,3499.999999999999,135831.99999999997
0.203,3499.999999999999,230993.7418589518
0.203,1979.0149064623033,62677.63459161489
0.203,3499.999999999999,277479.80035490874
0.203,3499.999999999999,101136.0434266637
0.203,2353.3827847592743,85035.25687938226
0.203,1017.8882684937254,27225.67675660445
0.203,3499.999999999999,251859.52488837903
0.203,3499.999999999999,230007.85732013592
0.203,3499.999999999999,152157.00000000003
0.203,1374.5397908899113,39959.212371169066
0.203,1970.1522783785017,48068.17325424383
0.203,1452.874849496196,46252.969971139115
0.203,1725.0000000000005,40174.00000000001
0.203,1852.9705880018707,25493.04336480836
0.203,2262.012786433878,83921.76773280438
0.203,1238.2906554978258,20871.15764108947
0.203,1029.0,41501.99999999999
0.203,3499.999999999999,178562.99999999994
0.203,2374.552589436586,125030.54715548514
0.203,3499.999999999999,170231.6603989499
0.203,3499.999999999999,71416.99999999997
0.203,3499.999999999999,209742.00000000006
0.203,1639.7583599612992,43616.95379808898
0.203,3499.999999999999,130725.0
0.203,1110.7572205180104,25733.466951130777
0.203,757.6278769950325,15933.240724974945
0.203,3499.999999999999,132201.37287486836
0.203,1016.0000000000002,43591.0
0.203,3499.999999999999,136530.99999999994
0.203,3499.999999999999,225253.34375289344
0.203,3499.999999999999,168887.32935303348
0.203,915.0814622844732,11562.704584634683
0.203,1244.7955870272458,42942.64924572538
0.203,2419.345951699732,75983.563185223
0.203,3499.999999999999,109540.91898464241
0.203,1417.2043787321509,30422.442309308553
0.203,2050.7037044752396,70876.67951220063
0.203,1759.6495514359597,75460.0963593163
0.203,3499.999999999999,122538.00000000006
0.203,2222.7072903472967,80419.19220070718
0.203,2612.8135478531276,110287.9297107385
0.203,3499.999999999999,101900.00000000003
0.203,150.0,702.0
0.203,3499.999999999999,151341.08820969722
0.203,3499.999999999999,221891.2050623006
0.203,2861.150993726775,109554.8461685984
0.203,3499.999999999999,88990.3313175089
0.203,1992.0000000000002,80039.00000000003
0.203,1285.9999999999998,14970.000000000004
0.203,1371.0000000000005,76962.00000000001
0.203,3499.999999999999,199590.0
0.203,514.8737709380815,8132.460882168445
0.203,1688.423304512974,46258.81965558795
0.203,907.2375653598126,20856.382284566997
0.203,1387.9999999999998,18869.000000000004
0.204,3499.999999999999,41064.00000000001
0.204,1865.127774334358,85060.62535843639
0.204,2324.270399659595,69954.64345205383
0.204,79.0,86.0
0.204,3499.999999999999,127530.99999999997
0.204,1680.51501610494,30312.07903501521
0.204,1026.0,9004.0
0.204,1406.7208749624908,30319.287660258662
0.204,2350.1063805708873,103919.98555138466
0.204,2427.7561656805647,65674.10052676781
0.204,3499.999999999999,182299.89822612697
0.204,2631.1706682393215,78012.22730098653
0.204,2507.4585555329295,52565.890133381356
0.204,2041.6904760516472,94577.79913383478
0.204,743.6396977031283,19919.652205799182
0.204,2297.3070147768126,63014.318333590985
0.204,1930.031037006258,59956.34978909136
0.204,3499.999999999999,191227.47367467897
0.204,3499.999999999999,146081.16819988558
0.204,3499.999999999999,101434.94013837657
0.204,2166.4487069856973,63533.26427943078
0.204,3499.999999999999,113770.97400479615
0.204,2322.3910092833203,110172.56573212774
0.204,2596.343582810257,88371.43092651603
0.204,3499.999999999999,212482.99999999994
0.204,3499.999999999999,141416.45673707096
0.204,606.217782649107,5718.365150985027
0.204,1656.502339267892,39639.65722606592
0.204,738.9181280764466,4311.157849116637
0.204,3499.999999999999,206902.93624306054
0.204,1371.7340664356755,29454.83733862686
0.204,1484.9999999999998,46065.999999999985
0.204,1755.9795453224162,52642.07099402772
0.204,3499.999999999999,112576.99999999997
0.204,3499.999999999999,122880.64418703676
0.204,1050.9999999999998,43248.0
0.204,1954.0982575090738,106925.5450301751
0.204,2853.6286249770105,143647.87663131286
0.204,67.0,606.0
0.204,2323.5142934254814,87603.64196973985
0.204,535.7238094391548,4981.59572827824
0.204,1744.100131812892,84935.67179699626
0.204,2061.3102629153136,65153.896406891894
0.204,3499.999999999999,183377.50089048807
0.204,2272.883630985097,62416.5542945139
0.204,1368.025286515483,38389.93745316663
0.204,3499.999999999999,171171.45063648897
0.204,3499.999999999999,183990.17030809005
0.204,1303.4080204073214,56913.583129798644
0.204,2633.009562757034,82996.85703091747
0.204,3499.999999999999,203160.63383933416
0.204,3499.999999999999,88965.99999999999
0.204,3499.999999999999,127866.45876656933
0.204,465.8325879540846,10204.007301055794
0.204,1919.9165364470734,74840.52514394755
0.204,3499.999999999999,167925.14644328892
0.204,465.8325879540846,10630.202443980077
0.204,733.2525163464179,19628.162479618248
0.204,2041.6904760516472,90848.14213840589
0.204,2857.690425011407,82514.35006846947
0.204,3499.999999999999,148770.99035094178
0.204,3499.999999999999,133935.15297336996
0.204,327.3621847434428,1321.2494087037467
0.204,421.0,3758.0000000000005
0.204,3499.999999999999,139225.17233244854
0.204,3499.999999999999,93064.00000000001
0.204,3499.999999999999,76083.96677355877
0.204,3499.999999999999,83811.00000000001
0.204,734.166193719106,23480.82100353392
0.204,1033.9505843835968,15475.768537656893
0.204,200.99999999999997,1028.0
0.204,3499.999999999999,163406.00000000006
0.204,3499.999999999999,196644.68474052713
0.204,1043.7162245445647,27798.9454018027
0.204,1746.4221857285033,41757.01413973328
0.204,1060.0,17712.000000000004
0.204,2214.3847904101945,91959.74721583353
0.204,2479.8185417485697,53592.73190461555
0.204,1355.9999999999998,37267.00000000001
0.204,3499.999999999999,194578.0000000001
0.204,1102.1920723256314,23542.04935622954
0.204,917.2594879731134,26294.10524785162
0.205,2184.9485119791725,79274.26190132585
0.205,2976.127557423613,141171.72925576795
0.205,2073.747247885159,57908.1722283963
0.205,3499.999999999999,144843.28779964015
0.205,2467.2255449816603,92151.26998163768
0.205,1067.9999999999998,21608.999999999996
0.205,3499.999999999999,129681.72469550215
0.205,2641.1921550311636,96721.15093310343
0.205,1042.9999999999998,12926.999999999995
0.205,3499.999999999999,146182.68077990646
0.205,2564.4358689527626,92690.51232258242
0.205,2328.796740984646,89514.61176826847
0.205,3499.999999999999,143530.028342504
0.205,2366.5795996094307,90656.25721490908
0.205,3499.999999999999,188272.9999999999
0.205,1245.1083490377343,30898.96096687825
0.205,746.2359557113625,19722.48315707434
0.205,2021.0145966815774,111900.450343151
0.205,1597.8160306968389,54598.43292357068
0.205,302.06903089901374,2713.009859795923
0.205,2558.3985548795463,88130.22534000149
0.205,3499.999999999999,161201.34633661536
0.205,3499.999999999999,143755.7016284844
0.205,1097.7917130068915,15222.102563244182
0.205,1047.9999999999998,66807.99999999999
0.205,3499.999999999999,171467.00000000003
0.205,3499.999999999999,112854.99999999996
0.205,2813.5977551360434,113309.93595114375
0.205,384.8038461346249,6642.524369545059
0.205,639.9218702310461,13098.909801964435
0.205,792.5187992900071,22983.656662395846
0.205,3499.999999999999,175494.00000000003
0.205,1494.8054249666823,34881.29987766991
0.205,701.0,16627.000000000004
0.205,2798.729604419561,116555.69027881874
0.205,3499.999999999999,146192.50213331735
0.205,1021.0000000000002,37713.00000000001
0.205,2320.4849362830773,114634.47660144116
0.205,3499.999999999999,159387.82960125906
0.205,1801.1566639862153,83063.67987105506
0.205,1911.113446705076,50759.82812926341
0.205,2392.1747427811374,135977.2573337174
0.205,2342.2712746420434,56493.91323499787
0.205,1763.8894698528215,48078.972713052244
0.205,3499.999999999999,115879.99110286465
0.205,1117.8103595869916,30165.94412578529
0.205,1237.9565661197173,31763.44036920019
0.205,491.4264950122245,4947.625693198709
0.205,2100.833168054998,69700.170839102
0.205,1949.6153466773897,50298.30767530853
0.205,1343.8749941865872,38242.2766058717
0.205,3499.999999999999,147627.82621172746
0.205,135.0,144.0
0.205,3499.999999999999,200987.99999999997
0.205,311.6309527492739,7643.219852281022
0.205,1052.3092034953554,12768.980057368664
0.205,3499.999999999999,162230.23269415603
0.205,3499.999999999999,158616.80777616147
0.205,3499.999999999999,186410.28735631984
0.205,865.4584581182393,15023.571868554482
0.205,724.5688373094719,13570.181428411337
0.205,3499.999999999999,194775.70922987282
0.205,500.72558385406876,7705.441977791611
0.205,3499.999999999999,124913.99999999997
0.205,907.448473828005,22323.650469729666
0.205,3499.999999999999,117967.86546767723
0.205,715.9636862299653,17859.076823845073
0.205,680.5033336090895,9344.844679263264
0.205,1311.4849341653853,38562.943094524504
0.205,2682.650529901647,120787.37404016335
0.205,2339.290334386972,123290.50016295433
0.205,580.8364657973877,6090.751021015392
0.205,3499.999999999999,82257.0
0.205,309.19896506941933,4370.808163257683
0.205,2175.3160689885967,55169.71136411715
0.205,3499.999999999999,253091.99999999997
0.205,3499.999999999999,112361.48512724455
0.205,2543.3377287657017,104572.65077690975
0.205,3499.999999999999,180988.32868611984
0.205,3499.999999999999,193773.93877366863
0.205,2158.3558557383435,84769.21576846161
0.205,1128.0904219077472,11833.871555834974
0.205,1824.7607117304167,58432.0940821916
0.206,1987.5393046778797,56391.973713768915
0.206,2262.1564245334775,60159.632312171256
0.206,3499.999999999999,236219.3633976689
0.206,1158.723824431879,25074.42880561854
0.206,1768.9923723183142,36491.210521667395
0.206,1349.9562857358553,34946.95535401646
0.206,2217.536665110945,73450.25098468538
0.206,3499.999999999999,251157.00000000006
0.206,1611.2249998060483,34582.02362499916
0.206,1180.0,9867.000000000004
0.206,3499.999999999999,155543.73482078925
0.206,1960.6599564054459,63377.369546725844
0.206,3499.999999999999,154231.9027456927
0.206,1006.0000000000002,25227.999999999993
0.206,2437.167397673296,90279.18590951113
0.206,3499.999999999999,194495.0
0.206,3499.999999999999,180025.29469981638
0.206,2598.881276342613,132177.04944238608
0.206,3499.999999999999,219704.99999999997
0.206,3499.999999999999,167700.85612482723
0.206,1000.0000000000002,14450.999999999993
0.206,3499.999999999999,185440.99999999994
0.206,3499.999999999999,43006.0
0.206,1035.9999999999998,36231.0
0.206,3499.999999999999,213030.67729085404
0.206,2029.0,89395.0
0.206,3499.999999999999,104173.39295616714
0.206,3499.999999999999,186244.72230643206
0.206,3499.999999999999,146721.08848677043
0.206,3499.999999999999,86548.10638598623
0.206,1158.723824431879,33405.97424141009
0.206,2413.7520682679115,125177.2942547017
0.206,2401.0701246281333,100916.51119378599
0.206,3499.999999999999,311768.00000000023
0.206,103.69185117452577,1398.4999106185167
0.206,972.1481425036922,26353.757857488854
0.206,3499.999999999999,96519.42035155412
0.206,3499.999999999999,98337.78813044899
0.206,3499.999999999999,114298.99999999997
0.206,771.2626950747289,14631.77198670716
0.206,3499.999999999999,182849.17402345047
0.206,993.1417384429103,30926.702933333097
0.206,2503.697266044758,74314.83095587311
0.206,1212.435565298214,28097.727043303712
0.206,2085.7852238425694,59687.07736185447
0.206,3499.999999999999,67472.00000000001
0.206,259.0,459.99999999999994
0.206,3499.999999999999,224625.99999999997
0.206,1408.7032359559003,31386.04275814609
0.206,773.5569400618492,21520.990002177652
0.206,3499.999999999999,230409.00000000012
0.206,3499.999999999999,185265.14503003523
0.206,297.2944668169927,2764.992224220531
0.206,3499.999999999999,143317.90055676922
0.206,2633.009562757034,82641.36357477272
0.206,3499.999999999999,205272.87698086174
0.206,2629.9905063100946,72291.66112813241
0.206,1203.7662935138617,26310.137950860262
0.206,1385.3203657794163,32558.909689012315
0.206,3499.999999999999,140079.9969553112
0.206,1450.232622210932,42748.47273061136
0.206,1969.5779304896125,64718.23073682709
0.206,1896.8394766031206,68357.08470963339
0.206,3499.999999999999,260318.00000000003
0.206,2294.9704790052037,84882.08509931237
0.206,3499.999999999999,105094.00000000006
0.206,2214.3847904101945,55120.26850442587
0.206,1204.0008820720313,26818.199163151257
0.206,3499.999999999999,125429.04295257936
0.206,3499.999999999999,99904.00000000003
0.206,1786.0000000000002,65936.0
0.206,2557.7745552072647,123371.7816128693
0.206,3499.999999999999,162565.7183076984
0.206,3499.999999999999,115111.99999999997
0.206,1436.5381088650813,51671.732205999964
0.206,2884.1959566347605,111436.70032557372
0.206,112.99999999999999,648.9999999999999
0.206,1372.6888436596657,33444.834054366314
0.206,3499.999999999999,261334.00000000006
0.206,72.0,886.9999999999998
0.206,997.4099641726463,36043.685323905825
0.206,1269.5983616876642,11488.348619362143
0.206,2410.2426825855855,81457.18548812924
0.206,1085.9999999999998,20469.000000000007
0.206,1296.669965719882,19806.908491735903
0.206,3499.999999999999,112365.99999999996
0.207,3499.999999999999,183809.50150176446
0.207,3499.999999999999,130789.83389392302
0.207,658.8551471827042,16318.172605218515
0.207,855.9999999999999,7729.000000000002
0.207,3499.999999999999,145471.00000000003
0.207,1323.2856834410325,43501.23972946059
0.207,2853.3392181319423,112808.30098258071
0.207,1713.9282488786612,44278.15754833837
0.207,3499.999999999999,123073.00000000004
0.207,2400.2083242918725,112153.6084484133
0.207,3499.999999999999,129025.99999999997
0.207,1856.9903537775601,71002.49958639896
0.207,3499.999999999999,148684.99999999994
0.207,1180.9999999999998,64287.000000000015
0.207,744.4929961816482,24425.17809194464
0.207,882.5465395344811,6236.684879322805
0.207,3499.999999999999,104761.99999999999
0.207,2360.9683791497764,116509.12663250417
0.207,3499.999999999999,158461.72121731917
0.207,3499.999999999999,99275.00000000004
0.207,1111.4095154202562,40601.3259976298
0.207,3499.999999999999,131059.20733775254
0.207,1901.2226664051088,74603.83290323862
0.207,1782.694589659149,58656.81748100558
0.207,3499.999999999999,126575.39018188059
0.207,1437.3708325133216,45618.30624058993
0.207,3499.999999999999,100937.00000000003
0.207,3499.999999999999,214459.00000000012
0.207,1774.3269285666563,51612.67935406423
0.207,1932.922280473709,62656.28929861849
0.207,2295.865849739483,53954.585347308566
0.207,3499.999999999999,270627.2566206147
0.207,1143.3384237822322,52362.64042058825
0.207,3499.999999999999,135697.44662299295
0.207,2318.96728710177,49065.82840026088
0.207,2579.5889851714514,86613.96970882596
0.207,3499.999999999999,90414.53821270217
0.207,1121.0,31594.0
0.207,2347.2175609278934,89383.22125391771
0.207,3499.999999999999,195836.687814107
0.207,2050.1013766733245,65567.49942188128
0.207,3499.999999999999,141098.99999999997
0.207,3499.999999999999,206025.0
0.207,1912.4591498905274,71199.55363624127
0.207,1333.9472565195028,22014.557845020277
0.207,515.2904133852492,5121.912526065485
0.207,3499.999999999999,128691.84933009541
0.207,2737.685989184299,84157.37906412757
0.207,1034.9999999999998,35627.999999999985
0.207,3499.999999999999,93527.50076849054
0.207,1092.1925463230639,20859.4536616939
0.207,1085.9999999999998,38681.000000000015
0.207,1351.9999999999998,18694.999999999996
0.207,3499.999999999999,150780.88556577716
0.207,2500.199992000639,93760.56036521969
0.207,3499.999999999999,156829.99999999994
0.207,1121.0,26238.999999999993
0.207,2056.7000324217806,76069.83899866874
0.207,2674.566515710494,110192.02203264897
0.207,3499.999999999999,106218.00000000006
0.207,712.3903424387503,12336.008430606724
0.207,1661.8393628928757,60695.55033045399
0.207,3499.999999999999,124999.14278506069
0.207,3499.999999999999,152661.99999999997
0.207,2394.6786033796902,68637.01088390358
0.207,629.8936418158229,14893.16890389685
0.207,2352.6452783541154,64155.554583661
0.207,2424.9140863033363,75637.92494584587
0.207,3499.999999999999,52758.00000000001
0.207,1062.8061401564817,34541.08482820596
0.207,1499.0735019261092,25389.691703809633
0.207,712.8621349841993,16096.31554921934
0.207,517.5988038055842,4959.327609903611
0.207,783.4047352247364,15935.316049721587
0.207,2376.7429495761207,66474.46613912194
0.207,3499.999999999999,191325.24260735078
0.207,3499.999999999999,79930.0
0.207,1786.0000000000002,98658.00000000001
0.207,844.3599822772948,30109.440236946357
0.207,3499.999999999999,186742.4298867292
0.207,1980.7826735914266,42227.55685568371
0.207,3499.999999999999,110886.84615488083
0.207,1097.3365312611395,28794.415684006053
0.207,3499.999999999999,102620.31449474324
0.207,1232.0000000000002,30773.0
0.207,609.0976933136425,32073.00500420876
0.207,3499.999999999999,145520.72151102687
0.207,3499.999999999999,212737.1304358619
0.208,3499.999999999999,77449.1183681261
0.208,527.6599283629561,8412.964697417909
0.208,2249.2856681224257,69241.53293795299
0.208,1580.3330431885038,43955.364982764346
0.208,453.9479780223742,14524.833443106965
0.208,3499.999999999999,138382.0
0.208,64.0,746.0
0.208,2166.7495264255544,79722.82248560077
0.208,3499.999999999999,231361.96624337358
0.208,985.638879103295,21974.81007881525
0.208,1662.0,35712.999999999985
0.208,1892.2209173349706,45052.72173798163
0.208,1659.776122611919,49536.33185441232
0.208,1724.207644107867,60759.69884717997
0.208,692.4863043423469,18134.258032271748
0.208,3499.999999999999,117284.00000000004
0.208,1949.6153466773897,88627.26023069878
0.208,3499.999999999999,200633.0
0.208,3499.999999999999,166933.48154279892
0.208,2655.8982584861583,92553.75167073318
0.208,3499.999999999999,147556.57165886243
0.208,2369.4923159024306,114223.54106960013
0.208,1572.9999999999998,33828.99999999999
0.208,3499.999999999999,74748.0
0.208,1149.7060493882773,31769.536446098806
0.208,3499.999999999999,99704.88552723978
0.208,3499.999999999999,116816.00000000003
0.208,3499.999999999999,175200.9372397253
0.208,2690.412268561244,102752.72804800163
0.208,3499.999999999999,178230.5932745554
0.208,3499.999999999999,154199.83257079183
0.208,1109.1590713993735,18292.022064583332
0.208,1743.8299778435294,55688.08230774278
0.208,3499.999999999999,161443.2412149856
0.208,2524.5791728523777,57273.99657785371
0.208,3499.999999999999,170276.0996587602
0.208,3499.999999999999,147679.99999999994
0.208,1026.0,16907.999999999996
0.208,3499.999999999999,166924.13988396045
0.208,3499.999999999999,213306.90612196355
0.208,3499.999999999999,108186.99999999997
0.208,697.4955196988722,16413.55025580999
0.208,3499.999999999999,82965.41038288179
0.208,1769.5505269348828,40654.005130393845
0.208,3499.999999999999,205092.06392372967
0.208,2568.428875546248,111236.15519693284
0.208,3499.999999999999,285185.0
0.208,354.90843889656946,9420.180783827875
0.208,642.8122392695767,9735.703860289581
0.208,64.0,716.0000000000001
0.208,3499.999999999999,210867.24784944608
0.208,139.0,288.0
0.208,3499.999999999999,190805.00000000003
0.208,3499.999999999999,172674.8969711578
0.208,2100.833168054998,70495.50203381771
0.208,1063.0000000000002,28139.999999999996
0.208,1165.9999999999998,36289.999999999985
0.208,369.54269986552015,5166.471469115633
0.208,3499.999999999999,135632.99999999994
0.208,3499.999999999999,106648.0
0.208,3499.999999999999,106458.83078287572
0.208,3499.999999999999,188039.16993468258
0.208,465.8325879540846,10286.564052199352
0.208,645.3630550261995,11975.205917795436
0.208,948.4197383015603,26448.289075098983
0.208,1140.0,29925.00000000001
0.208,2203.292990049213,49181.78351788396
0.208,2888.520107928526,114071.47790417109
0.208,2494.427588520561,102264.97820097361
0.208,2572.644553761751,53592.6806569703
0.208,3499.999999999999,141130.7235154698
0.208,3499.999999999999,165393.89178449215
0.208,2924.4351633080614,108430.13179716047
0.208,3499.999999999999,224361.00000000012
0.208,750.1789202762818,20240.252525920765
0.208,3499.999999999999,132929.17597352358
0.208,310.77162032592355,5210.645065632471
0.208,2518.476445322181,64118.818545632406
0.208,73.0,747.0000000000001
0.208,3499.999999999999,178059.1074840037
0.208,2567.722247176072,68894.0347547153
0.208,2889.3363290360858,124154.41229483388
0.208,524.0,15931.000000000004
0.209,3499.999999999999,256352.79627887835
0.209,3499.999999999999,192201.00000000003
0.209,1754.8725161250927,79517.35357044122
0.209,1462.0000000000002,35388.000000000015
0.209,3499.999999999999,153071.6864870836
0.209,1980.7826735914266,60761.26381997002
0.209,761.0857058827646,19582.011518751657
0.209,671.0,7632.000000000002
0.209,3499.999999999999,140015.0
0.209,3499.999999999999,183831.99999999997
0.209,948.6429377240372,29244.111355396133
0.209,1437.5875625505387,50924.14521619385
0.209,3017.098124597825,99687.83256781644
0.209,1638.0953468449536,51886.38707845887
0.209,1689.0,73640.99999999997
0.209,2310.584486319235,89535.65706594061
0.209,3499.999999999999,140924.94292389994
0.209,3499.999999999999,110278.04998275946
0.209,1977.2207034999628,71668.97759405914
0.209,3499.999999999999,111383.0
0.209,3499.999999999999,161607.94688028976
0.209,2688.2079141760555,86714.95753610341
0.209,487.1506076928385,9130.079044614602
0.209,3499.999999999999,220256.9570547092
0.209,3499.999999999999,175570.99999999997
0.209,3499.999999999999,148398.7322386052
0.209,3499.999999999999,148062.34558478437
0.209,3499.999999999999,170968.72186163178
0.209,1103.0,24870.000000000007
0.209,2214.5819128261915,70528.4456213301
0.209,2350.4299801717652,86723.11218051812
0.209,1363.0976680435413,33740.77438606042
0.209,2811.8387668475966,108178.3759460293
0.209,3499.999999999999,169054.8013247576
0.209,2414.4527220280966,68881.20521410347
0.209,1735.9004204314767,56542.319356729466
0.209,610.8092992088447,7111.637293900755
0.209,1108.4259109205273,34566.06196835272
0.209,3499.999999999999,207711.00000000012
0.209,1786.0000000000002,64207.00000000003
0.209,168.0,2488.9999999999995
0.209,3499.999999999999,227229.5138504917
0.209,592.6966476226715,10750.884804056923
0.209,3499.999999999999,76128.99999999999
0.209,752.6254651856292,16807.619961028122
0.209,1835.0000000000002,16844.999999999996
0.209,1481.8710079749746,37362.51231188852
0.209,3499.999999999999,177234.4937138366
0.209,3499.999999999999,111487.8875752878
0.209,1436.0,43863.00000000001
0.209,893.15375851829,27547.418756298095
0.209,1278.9999999999998,44367.00000000002
0.209,1156.9343967370999,35792.62718372965
0.209,3499.999999999999,192693.82420514955
0.209,2957.744043179698,100334.39707929072
0.209,3499.999999999999,200339.54513275714
0.209,2041.6904760516472,75702.13565019151
0.209,1321.0,46716.00000000002
0.209,1196.0000000000002,29078.99999999999
0.209,3499.999999999999,147344.16578286138
0.209,2148.6041980783707,86085.22101963844
0.209,3499.999999999999,236321.99999999988
0.209,3499.999999999999,99896.95309167342
0.209,3499.999999999999,97593.46685101415
0.209,1084.8419451647499,22838.772511874067
0.209,1214.9999999999998,8315.0
0.209,3499.999999999999,138428.94446482608
0.209,923.6485587053037,27274.623531661542
0.209,3499.999999999999,208017.45348888394
0.209,2369.4923159024306,110217.00829949521
0.209,3499.999999999999,212866.9999999999
0.209,2040.9710102037145,66037.43417481781
0.209,2905.8443377215026,83267.76859127986
0.209,682.2756041366274,5918.933180903464
0.209,3499.999999999999,204994.18526387526
0.209,1949.6153466773897,79821.60748819838
0.209,1276.051349321333,45664.28046162306
0.209,1044.4147879847812,13983.740656196358
0.209,3499.999999999999,182975.11760345998
0.209,3499.999999999999,90781.67823960962
0.209,2872.389421460916,92928.08900508584
0.209,740.6089231341948,17671.96697472853
0.209,2365.120548931572,45237.87115007388
0.209,1324.3916092425509,47868.50211409272
0.21,2186.54979362465,85628.36368867505
0.21,3499.999999999999,130094.27556583726
0.21,3499.999999999999,260191.00000000003
0.21,1751.0000000000002,63258.99999999999
0.21,1356.8345514468595,68922.1722814944
0.21,3499.999999999999,169606.85847021185
0.21,1627.5736508832508,27603.971661153748
0.21,1833.9999999999995,19500.99999999999
0.21,1509.772303797731,40928.14086418481
0.21,3499.999999999999,154761.1545640573
0.21,851.1756575466663,21461.736975370844
0.21,2405.312306813483,88556.79796548781
0.21,3499.999999999999,192337.0
0.21,3499.999999999999,211539.0000000001
0.21,2039.103730365925,73792.19832569415
0.21,1391.8574963116416,28864.823058651167
0.21,3499.999999999999,113167.00000000006
0.21,3499.999999999999,162605.99999999994
0.21,554.9774770204642,3831.8183673029175
0.21,3499.999999999999,127600.94835272644
0.21,3499.999999999999,142297.16073063444
0.21,1732.4515716646938,40282.39647857757
0.21,1549.7654128297902,49238.180419181415
0.21,2466.3444617542086,97145.3066189948
0.21,1040.6578677916616,31329.487253317722
0.21,3499.999999999999,143488.37121523122
0.21,1990.0642704832621,40404.96454365814
0.21,2129.7887219158624,80874.32383024911
0.21,3499.999999999999,271112.00000000006
0.21,1176.691392379637,42546.11528907179
0.21,3010.1847783579474,159244.8721208185
0.21,2874.5904887355928,112020.91130892781
0.21,462.0606020859168,7249.104496418851
0.21,516.362381426512,11393.665481227134
0.21,1259.3121003901897,15467.671246704702
0.21,175.71614022196906,2676.495436764714
0.21,286.36515151114315,5136.435729180304
0.21,320.22023671217283,6468.582534064169
0.21,1090.957836032172,21191.124934745683
0.21,2565.894655514011,117538.46387006331
0.21,2299.6738899243956,84682.84946788219
0.21,3499.999999999999,217132.00000000006
0.21,2052.802961806125,69376.54538819299
0.21,626.7914469093862,11751.625100279918
0.21,3499.999999999999,178534.9999999999
0.21,3499.999999999999,80741.00000000001
0.21,3499.999999999999,126934.70012569448
0.21,3499.999999999999,68453.0
0.21,480.62459362791657,11637.107243640918
0.21,1933.7136259132344,75142.8003520402
0.21,2035.5476474423274,62935.445439565316
0.21,2397.5234870805452,53155.080061146145
0.21,3499.999999999999,157020.00624761166
0.21,559.1511423577707,3574.6784470774437
0.21,1789.0525580576832,52823.98172459592
0.21,2783.9444618087628,74021.49660257026
0.21,469.57427527495577,10350.49868363839
0.21,3499.999999999999,212086.00000000006
0.21,3499.999999999999,231633.02169595764
0.21,3499.999999999999,206983.23062509202
0.21,1425.2903891630144,44427.440557625516
0.21,2092.4037976544428,81310.88972162789
0.21,1050.9999999999998,22286.999999999996
0.21,1332.103599574748,39601.235132253125
0.21,59.0,426.99999999999994
0.21,2675.426408570444,105499.43349679693
0.21,3499.999999999999,167338.34274946095
0.21,3499.999999999999,131472.53188404028
0.21,3499.999999999999,164180.6611691148
0.21,3499.999999999999,177071.99999999994
0.21,1170.5118538485633,30590.868931758065
0.21,96.0,2101.0
0.21,756.7316437602319,15657.610306498691
0.21,3499.999999999999,137043.99999999997
0.21,1645.2445259383835,49607.425520539975
0.21,1405.4369955046523,25720.882823521755
0.21,1949.6153466773897,83513.98028474036
0.21,3500.000000000001,163915.82120292692
0.21,3499.999999999999,161847.03021371757
0.21,3499.999999999999,202260.0000000001
0.21,2863.1484391286863,89194.98957251874
0.21,3499.999999999999,175399.95789700365
0.21,3499.999999999999,137441.58307497308
0.21,3499.999999999999,151726.00000000003
0.211,170.23513150933329,2435.3490509575836
0.211,782.6237921249261,25454.489191496275
0.211,3499.999999999999,102866.2823037753
0.211,1389.7313238842228,35422.142075123455
0.211,1949.6153466773897,49581.62804910708
0.211,1426.262005571969,38664.259238690625
0.211,1591.8015522442768,45178.367036792384
0.211,2276.730111365859,112814.21169338548
0.211,1830.8718113047753,38310.26844054638
0.211,3499.999999999999,252623.0
0.211,1210.0227462467935,21509.04684158375
0.211,3499.999999999999,185274.72037490696
0.211,1598.9014570365418,36230.085144606644
0.211,1025.3518522376203,19132.015429281615
0.211,1650.4437129294004,34486.65770908183
0.211,2023.6106344848065,83781.59726336086
0.211,575.917521278395,12840.41802209087
0.211,3499.999999999999,144851.00000000003
0.211,320.35449115003837,1393.6581359860102
0.211,3499.999999999999,188132.99999999994
0.211,2495.129787089353,86071.87447337777
0.211,3499.999999999999,147434.00749487884
0.211,3499.999999999999,204377.93404837023
0.211,390.4275835998661,2318.982467611498
0.211,2329.549422595227,101525.83099007439
0.211,64.0,566.0
0.211,1257.0,36577.999999999985
0.211,1646.3992492101938,55990.69358703548
0.211,1506.0,29181.0
0.211,610.50227381663,6756.5005911662665
0.211,322.67320930005945,3930.9468325074045
0.211,1179.6331331025813,39583.981436621216
0.211,1590.782266122652,49018.419779152646
0.211,2332.555296152167,49550.88703202602
0.211,1113.8136793534507,27487.121026022647
0.211,2311.3315432044087,55854.84027271919
0.211,3499.999999999999,90027.00000000003
0.211,1222.0,27608.999999999993
0.211,3499.999999999999,93604.00000000003
0.211,2417.949906408966,111559.7989654506
0.211,2372.5323501147527,77723.92630000945
0.211,3499.999999999999,227443.7003211549
0.211,1878.2971010998235,72669.92397133769
0.211,2709.473156437802,93214.73771342833
0.211,1133.864130447119,30761.938635298186
0.211,2971.7290384695557,127005.72800754812
0.211,3499.999999999999,112955.00000000001
0.211,1264.0043007696863,34984.66438568048
0.211,2393.637399440441,101771.08214026224
0.211,876.0,15057.999999999998
0.211,454.42271070007047,8234.187755935614
0.211,1405.4369955046523,42468.62777576504
0.211,3499.999999999999,102135.99999999996
0.211,1121.0,42457.00000000001
0.211,3499.999999999999,159572.13688488907
0.211,2089.138578457638,66671.90568747833
0.211,3499.999999999999,175109.91600641946
0.211,1192.968176699953,26275.923274876117
0.211,3499.999999999999,155798.0
0.211,2568.428875546248,93506.30150331672
0.211,3499.999999999999,159968.97214772622
0.211,2133.108733613395,72214.19788889636
0.211,3499.999999999999,234722.87022784975
0.211,3499.999999999999,75178.99999999996
0.211,1050.9999999999998,17487.000000000007
0.211,3499.999999999999,208552.99999999997
0.211,3499.999999999999,148428.00000000003
0.211,1441.9999999999998,37316.99999999999
0.211,2700.6856969006685,116167.93225222435
0.211,699.428104320574,6892.436411887477
0.211,1146.4234186714793,19317.58691378671
0.211,1977.2207034999628,78972.34624233634
0.211,1314.9999999999998,14701.999999999998
0.211,588.6425061104574,4231.27262180068
0.211,176.9727477370519,2723.4198807674907
0.211,3499.999999999999,134431.8513285864
0.211,1852.9705880018707,45836.10703364762
0.211,1943.4618782369732,56675.167783796984
0.211,3499.999999999999,145628.01722218198
0.211,585.1051014876872,10627.390249657716
0.211,3499.999999999999,107866.00000000003
0.211,129.0,145.0
0.211,3499.999999999999,263689.87684778497
0.211,782.7720905770688,15039.107445949305
0.211,3499.999999999999,106626.62805948935
0.212,3499.999999999999,224990.72449547786
0.212,130.0,164.0
0.212,3499.999999999999,96262.77417850903
0.212,3499.999999999999,140709.19631637452
0.212,3499.999999999999,190748.35657486526
0.212,282.0,3346.999999999999
0.212,1050.9999999999998,12511.000000000002
0.212,1238.4679535415219,23960.00599009313
0.212,199.0,673.0
0.212,1577.8092006970503,52283.8699148882
0.212,3499.999999999999,84927.99999999997
0.212,819.7887617689443,8101.980509157703
0.212,3499.999999999999,172521.04718576255
0.212,1999.9999999999995,36972.99999999999
0.212,2164.360674654403,61496.57160479324
0.212,2331.4158788169902,101833.22330163184
0.212,288.32165707967243,2188.515647962796
0.212,1134.4645471888186,41266.776007304055
0.212,1879.2285651298516,51758.94792207431
0.212,63.0,711.0
0.212,2343.7589036698787,66919.54064057996
0.212,3499.999999999999,120215.14862890568
0.212,729.0887484994204,24514.199269934208
0.212,1542.1562826121092,52668.22009523388
0.212,3499.999999999999,138044.99999999997
0.212,2535.739960632144,111310.30284468818
0.212,3499.999999999999,189768.0000000001
0.212,2638.2785354228554,105994.35996618186
0.212,3499.999999999999,213996.0
0.212,505.42061691229014,3692.760485057216
0.212,3499.999999999999,205249.9999999999
0.212,65.0,576.0000000000001
0.212,1789.0,69386.00000000001
0.212,956.1505379090104,26296.8394540198
0.212,2456.4456126437194,62440.44313205781
0.212,2067.8079774824996,56461.78011572445
0.212,2986.7269879186197,124987.05629088833
0.212,3499.999999999999,198196.3020543018
0.212,1055.5264175808154,12067.634553308873
0.212,1735.4623991143426,49955.32948920753
0.212,3499.999999999999,125147.99999999996
0.212,2014.602959613473,60932.164528848094
0.212,1265.9868184632428,18871.167209698397
0.212,3026.5561787939378,139112.81706473185
0.212,1613.8993093614772,35673.47393363674
0.212,3499.999999999999,135365.00000000003
0.212,1439.1480820716374,40052.91267541425
0.212,1106.0000000000002,42950.999999999985
0.212,3499.999999999999,138342.559481889
0.212,3499.999999999999,281866.0
0.212,3499.999999999999,218964.76463337537
0.212,3499.999999999999,59552.00000000001
0.212,207.6872648960451,1536.0143228498875
0.212,3499.999999999999,220337.03736775633
0.212,585.6620185738528,4489.052572648264
0.212,2283.348605384577,93848.82403912548
0.212,3499.999999999999,162126.32359675586
0.212,1203.3120958421387,24641.198428647913
0.212,3499.999999999999,164815.42791636303
0.212,3499.999999999999,93716.88583458771
0.212,3499.999999999999,89071.00000000004
0.212,2266.000699500088,115190.16278361891
0.212,526.0000000000001,4523.0
0.212,3499.999999999999,120999.21808149536
0.212,3499.999999999999,182967.25706403743
0.212,3499.999999999999,150497.99999999994
0.212,68.0,822.0000000000001
0.212,3499.999999999999,134551.27272530718
0.212,1092.0000000000002,47676.999999999985
0.212,2554.6499801994287,90509.2519068862
0.212,305.54868679148336,5788.797198036911
0.212,3499.999999999999,175477.0635236537
0.212,1391.0,27775.000000000007
0.212,3499.999999999999,160028.91180033697
0.212,2160.7868937033095,42506.57840852404
0.212,2385.3830295084417,88764.91271723298
0.212,235.0,6042.000000000003
0.212,3499.999999999999,112808.97926850723
0.212,1557.1139749873894,55519.32720227725
0.212,1994.8452698501442,36269.387207736494
0.212,2451.699501099931,95159.13761925811
0.212,2100.833168054998,66729.42469405834
0.212,3499.999999999999,189551.18201425188
0.212,2931.2936016727467,89069.50793110362
0.212,444.00000000000006,1692.0000000000005
0.212,1166.3385426446803,23859.56017582324
0.212,346.21829180369826,3892.8305321263138
0.213,3499.999999999999,233371.0
0.213,3499.999999999999,140264.87930095245
0.213,2633.009562757034,111348.40702974134
0.213,1001.4977556081805,37692.2475146305
0.213,2736.8065891487886,120447.90261453997
0.213,3499.999999999999,205500.17874444783
0.213,3499.999999999999,136180.00000000003
0.213,3499.999999999999,121099.50350847855
0.213,3499.999999999999,130921.8084086833
0.213,1924.8495750225293,44656.408747036316
0.213,3499.999999999999,111665.12261221053
0.213,1188.9999999999998,14576.999999999995
0.213,1273.6206022609383,25633.15910094593
0.213,1375.2439245657044,29245.192587483565
0.213,2223.1445744812627,68898.41601670162
0.213,741.7677484302919,16221.146856239213
0.213,2410.9188227348623,80825.91696958014
0.213,1365.5672813889473,32085.504094528427
0.213,3499.999999999999,237046.0271360816
0.213,2198.5222309542373,82803.2467479386
0.213,3499.999999999999,210065.49710982994
0.213,3499.999999999999,186604.4151856909
0.213,630.6870810814336,8399.416584551136
0.213,2764.660001990285,120414.34443444463
0.213,3499.999999999999,131539.0
0.213,3499.999999999999,154426.00000000006
0.213,2315.7105867436026,73086.6393398977
0.213,3499.999999999999,165525.15765271787
0.213,332.6513901434439,4448.978821243579
0.213,3499.999999999999,155439.0
0.213,1139.0000000000002,39891.00000000002
0.213,3499.999999999999,157075.24743808113
0.213,1079.583252926795,21280.260853664357
0.213,1003.2060774193317,22862.68852904946
0.213,1254.1041296979768,31699.497431529795
0.213,3499.999999999999,205181.77153245243
0.213,138.0,1964.0
0.213,1366.0000000000002,29006.999999999993
0.213,3499.999999999999,142019.25570851302
0.213,3499.999999999999,117603.99999999996
0.213,3499.999999999999,205448.10147577428
0.213,2493.4431438783213,60189.208967132116
0.213,3499.999999999999,206397.00000000003
0.213,3499.999999999999,175001.21149009233
0.213,3499.999999999999,266252.2582383106
0.213,3499.999999999999,96789.22619796067
0.213,3499.999999999999,199586.00000000006
0.213,1591.6891980156463,30657.748052944815
0.213,418.5307635049065,3789.974142392003
0.213,2842.200400908752,94174.53997404584
0.213,3499.999999999999,140410.8290205191
0.213,589.9644162201464,4264.568345343616
0.213,1702.3513150933327,33226.43530383603
0.213,3499.999999999999,118459.99999999999
0.213,2569.061259904281,109675.1684932633
0.213,3499.999999999999,201529.00000000003
0.213,3499.999999999999,306599.0000000001
0.213,1098.9999999999998,33351.00000000001
0.213,1554.7682577836672,42975.85930227777
0.213,2348.210498228374,97082.53986176552
0.213,3499.999999999999,112589.54457645208
0.213,3499.999999999999,159310.99615233537
0.213,3499.999999999999,75257.0
0.213,3499.999999999999,120457.71382522587
0.213,114.99999999999999,150.0
0.213,1365.124584672175,48451.89788115625
0.213,3499.999999999999,192436.00000000003
0.213,2339.290334386972,81893.41798900178
0.213,45.0,49.0
0.213,1397.7816872437136,36084.33437554864
0.213,3499.999999999999,118623.70519170072
0.213,1048.1448724611137,14377.267400070816
0.213,2350.0879765279947,87680.50672993527
0.213,62.92853089020909,667.2713091389438
0.213,3499.999999999999,209161.99999999994
0.213,3499.999999999999,184652.63659097865
0.213,1727.717483891381,54563.254855467516
0.213,3499.999999999999,258521.0
0.213,1223.7358358460608,26106.670979538838
0.213,3499.999999999999,222866.70577275564
0.213,3499.999999999999,224470.9836236801
0.213,3499.999999999999,181540.00000000003
0.213,234.39336381887225,895.9736066258453
0.214,2129.235014761708,52593.37127753047
0.214,845.7227678146072,23867.994930450284
0.214,3499.999999999999,179755.9999999999
0.214,911.0,13462.000000000004
0.214,2755.0101503463834,126581.02285506506
0.214,1480.3197688167897,46257.02371554267
0.214,1873.6328348958868,31679.68437342774
0.214,3499.999999999999,216671.365240553
0.214,2411.647662607982,111940.97564093443
0.214,1366.6307784821206,34207.638850047166
0.214,2465.2114824171554,70587.36586365422
0.214,1769.5447135675283,56237.58938127728
0.214,1090.9999999999998,19956.000000000007
0.214,3499.999999999999,143508.18321614974
0.214,1228.1152972059413,21129.42559570515
0.214,3499.999999999999,222182.9999999999
0.214,3499.999999999999,222703.49473234595
0.214,106.0,112.00000000000001
0.214,990.4857013864655,18882.612626941143
0.214,1786.0918435546698,60935.030604577696
0.214,3499.999999999999,258153.00000000006
0.214,2041.0000000000005,87936.99999999999
0.214,2778.4808738729535,97958.81525448307
0.214,1305.3865684679336,25854.042519585728
0.214,3499.999999999999,156425.49888045754
0.214,1260.8322006482217,33960.203913493664
0.214,1933.3908037435165,72495.46385809255
0.214,3499.999999999999,288098.9999999998
0.214,1678.1400496762465,41830.691196997526
0.214,887.9335975561537,14740.470583261438
0.214,2001.8741219167598,61139.7795056541
0.214,1261.142136101338,48218.56749746381
0.214,3499.999999999999,176314.8826781511
0.214,1590.6062848798279,39140.825907262806
0.214,3499.999999999999,145769.08461587696
0.214,2317.447648863758,85179.21061441232
0.214,1100.9999999999998,21999.000000000007
0.214,488.41723091393953,4020.469172560169
0.214,2450.7141816213493,70111.36769454724
0.214,3499.999999999999,154503.76196390812
0.214,3499.999999999999,99927.98597990457
0.214,1860.8324789344535,33796.94666687593
0.214,3499.999999999999,154083.35742037738
0.214,1821.0,115770.00000000004
0.214,1600.3335443685394,32364.334822706503
0.214,3499.999999999999,113402.04255167018
0.214,3499.999999999999,203132.10637415235
0.214,1271.9844149824978,25744.65499398551
0.214,1067.9999999999998,26863.999999999993
0.214,1982.548864467153,65581.76217516573
0.214,2401.778196071311,63461.80348007981
0.214,928.0000000000001,33305.99999999999
0.214,2153.8125032754615,67550.25464645923
0.214,3499.999999999999,202684.0
0.214,516.4760827294347,4182.725360269411
0.214,2924.4351633080614,158076.24062402846
0.214,2348.210498228374,82895.20409208396
0.214,2653.017150340344,102359.79724481676
0.214,487.8524367060187,12816.085322749694
0.214,978.5280280477164,21115.054428673786
0.214,3499.999999999999,139548.99999999994
0.214,1918.8538245525635,57578.1964462243
0.214,253.71440637062767,1414.6218576001152
0.214,1016.0000000000002,24328.000000000007
0.214,2607.3632497386106,130736.58114660069
0.214,2224.4057066235696,74310.06061020623
0.214,1581.8424375773204,52250.0139058826
0.214,1178.0,52619.000000000015
0.214,1075.2621894405204,28169.154454479012
0.214,3499.999999999999,210224.94715296474
0.214,3499.999999999999,89993.1845474978
0.214,2060.0447272358133,57014.43866047699
0.214,3499.999999999999,112449.92043729337
0.214,1160.0641629488284,15043.563894548208
0.214,3499.999999999999,233625.86362387202
0.214,1211.9999999999998,34568.000000000015
0.214,3499.999999999999,149647.62002116843
0.214,1293.2938678454689,49664.311692853866
0.214,250.99999999999997,3283.0
0.214,2530.0116128969566,82781.07565545251
0.214,3499.999999999999,204241.0
0.214,2317.447648863758,78583.85609456827
0.214,1815.7643018850215,32951.656043361436
0.214,3499.999999999999,109270.5789450392
0.214,60.0,63.0
0.214,1260.5554331325538,30186.69375734944
0.214,1047.656432233392,23521.246650634832
0.215,1298.048798180833,19974.106192779484
0.215,1928.8597668052496,60624.45358104267
0.215,596.0,6589.999999999998
0.215,398.0,4061.9999999999995
0.215,1751.0000000000002,47552.99999999999
0.215,3499.999999999999,132683.00000000003
0.215,1751.0000000000002,68852.99999999999
0.215,3499.999999999999,112002.99999999997
0.215,441.104319704211,10659.668676158453
0.215,3499.999999999999,139619.00000000003
0.215,2370.120828431935,94420.41883728992
0.215,2836.2187702951874,94888.29108608468
0.215,3499.999999999999,97243.0
0.215,2845.4349476082807,99774.23178488569
0.215,2207.579345839078,87205.91228992977
0.215,3499.999999999999,140947.71523461843
0.215,3499.999999999999,206333.6060625732
0.215,3499.999999999999,200904.2215411754
0.215,3499.999999999999,139788.00000000003
0.215,3499.999999999999,164055.40413226257
0.215,3499.999999999999,154702.91292356196
0.215,191.8759687940701,1316.3686088845814
0.215,902.4623925725084,23050.818571156033
0.215,2600.7394346567808,100531.51766543475
0.215,937.2498326246077,20927.88841283936
0.215,1286.2538343499778,34218.68216464918
0.215,2380.6603898204876,85215.73517830526
0.215,813.0000000000001,12636.999999999998
0.215,3499.999999999999,159309.27454482994
0.215,3499.999999999999,104006.70449960238
0.215,3499.999999999999,72528.30687393718
0.215,1175.8597683405262,34477.76302482745
0.215,337.99999999999994,2275.0
0.215,1065.0,31433.999999999996
0.215,1336.9999999999995,19207.0
0.215,1647.8639024583927,36556.594871765694
0.215,1786.0000000000002,42048.999999999985
0.215,3499.999999999999,108978.08036940276
0.215,3499.999999999999,182041.43508827867
0.215,2383.3652594694117,79798.84560335876
0.215,3499.999999999999,163126.92631715693
0.215,1420.8089245215208,67463.17733400941
0.215,1552.629750528585,44263.83187660625
0.215,3499.999999999999,107454.41049762319
0.215,3499.999999999999,147016.6726659522
0.215,3499.999999999999,114700.64938787396
0.215,3499.999999999999,237507.33748665557
0.215,3499.999999999999,117293.00000000003
0.215,3499.999999999999,243834.99999999994
0.215,3499.999999999999,165310.61621081686
0.215,3499.999999999999,127466.18437844598
0.215,3499.999999999999,102621.99999999999
0.215,36.0,597.0
0.215,3499.999999999999,123975.4643790459
0.215,1531.5431921823276,45556.59626396777
0.215,3499.999999999999,77228.00000000003
0.215,1289.5382495620906,20593.87992869261
0.215,2379.6308539351603,61945.164401901
0.215,1085.9999999999998,37661.0
0.215,1949.6153466773897,61405.951649656905
0.215,3499.999999999999,55390.00000000002
0.215,1021.0000000000002,14964.000000000002
0.215,1263.3289357883007,26235.65865382456
0.215,1082.4318238867654,22154.531070049725
0.215,1085.9999999999998,42050.00000000001
0.215,1283.0,50302.999999999985
0.215,318.6769524141964,4790.86630996942
0.215,3499.999999999999,186896.04003295515
0.215,3499.999999999999,106100.86826694683
0.215,1211.5312940741173,15263.919478862854
0.215,1035.0516905734291,24124.16966749731
0.215,2129.7887219158624,54853.38562933009
0.215,3499.999999999999,136565.61421582595
0.215,1819.842195390794,54169.8923355406
0.215,70.21395872616782,76.74633541739956
0.215,3499.999999999999,149458.22050486752
0.215,2992.0245559195255,105273.65247172897
0.215,3499.999999999999,224463.13101264538
0.215,3499.999999999999,218060.3581213238
0.215,3499.999999999999,121099.20772655784
0.215,1017.8408519999575,32352.273644985144
0.215,2078.14781221655,73122.44696967732
0.215,935.8211074447331,10283.585299648586
0.216,291.36419487567355,1736.7697838417307
0.216,1920.6769639895192,42095.26039829189
0.216,1393.8522159827414,29532.26059752285
0.216,3499.999999999999,276671.0
0.216,3499.999999999999,173309.24657417028
0.216,3499.999999999999,146726.42917655577
0.216,2044.260257403641,44052.917338128704
0.216,103.0,108.0
0.216,2771.6586013161073,98122.24384718703
0.216,456.8221548301996,8711.650115626104
0.216,1341.0588698395218,31804.75955123694
0.216,1060.0,23469.0
0.216,1033.061554146507,13065.259333590933
0.216,1121.0,32839.0
0.216,3499.999999999999,111700.76839485033
0.216,1402.4977718342368,43190.40615692331
0.216,3499.999999999999,173244.82327959596
0.216,2897.0795740002704,94898.23301771698
0.216,1733.2619601492308,49066.09565566883
0.216,2631.8343740855075,73719.91686570272
0.216,2343.7589036698787,68041.37799520788
0.216,2450.3400888439014,91000.49626238248
0.216,3499.999999999999,116865.32248704064
0.216,719.7221686178632,14793.508373607656
0.216,2942.716915054284,70689.6071941395
0.216,2343.7589036698787,67667.48420950469
0.216,2030.1070098167525,84241.6213539597
0.216,3499.999999999999,197114.9999999999
0.216,1377.9967343938083,37328.30467621051
0.216,458.2575694955839,6991.279711183069
0.216,1913.4398871756212,56500.68804432083
0.216,2313.330931795103,59264.30850014202
0.216,70.0,106.0
0.216,3499.999999999999,147387.15753197452
0.216,867.4675786448735,31698.923688352574
0.216,3499.999999999999,272102.0000000001
0.216,717.4400507503117,8901.639213289893
0.216,3499.999999999999,283205.0
0.216,736.0,6598.0
0.216,3499.999999999999,71763.99999999997
0.216,704.9822692805827,15944.003355493882
0.216,3499.999999999999,119799.1629844628
0.216,1292.0501547848887,41861.38275449484
0.216,3499.999999999999,121442.0
0.216,2583.4789075025938,93487.80139134942
0.216,1610.5390401974116,65896.48400332147
0.216,1506.0,52412.0
0.216,2359.2662662051625,75142.09005843801
0.216,1067.753624588648,20590.943599485963
0.216,3499.999999999999,146162.99999999994
0.216,3499.999999999999,127298.91034490445
0.216,2394.6786033796902,110940.97494494081
0.216,383.70872279698693,10338.64274592719
0.216,1978.1304304822772,32490.39139499553
0.216,1439.9999999999998,25247.99999999999
0.216,1471.0,33772.000000000015
0.216,1782.7509834186544,43336.87937933559
0.216,3499.999999999999,149989.00000000003
0.216,3499.999999999999,107942.00000000006
0.216,3499.999999999999,129319.00000000003
0.216,591.6079783099615,13845.49229893975
0.216,1517.0281846948626,23301.4498409527
0.216,3499.999999999999,219039.50789526547
0.216,1189.1173196955801,38316.920609568835
0.216,3499.999999999999,167883.11586636706
0.216,1855.9999999999995,61995.000000000015
0.216,942.1220401095152,24376.777566461187
0.216,87.0,2170.0
0.216,733.1684663158937,11012.15905261089
0.216,2722.912321505163,117223.23776203938
0.216,3499.999999999999,173242.9575043547
0.216,354.6000912236224,3356.3030224191048
0.216,3499.999999999999,130152.24983894934
0.216,926.8649978906611,27267.392053905598
0.216,3499.999999999999,233967.0000000001
0.216,3499.999999999999,77180.00000000001
0.216,2178.232984946332,82178.06262497358
0.216,1559.0000000000002,117436.99999999997
0.216,3499.999999999999,118911.00000000001
0.216,3499.999999999999,97110.99999999999
0.216,2565.8946555140124,112160.61390872496
0.216,1577.9043412032022,30806.678254868875
0.216,2562.7162836821385,101221.36811941005
0.216,2254.017948852539,52072.44458490243
0.216,3499.999999999999,208815.03032827887
0.217,2392.540496346983,78404.60009257427
0.217,3499.999999999999,99805.60959184606
0.217,1929.766825292631,81247.67218203851
0.217,3499.999999999999,241861.20258321712
0.217,1791.5769148870697,33260.90331417855
0.217,1858.628526629245,60961.53387998038
0.217,3068.894027716812,131032.26718832193
0.217,3499.999999999999,217162.9053162574
0.217,1017.5822737627302,15276.096425319221
0.217,3499.999999999999,152833.2679912303
0.217,2052.6438226659325,78619.13210283153
0.217,986.905020420841,18063.014480134585
0.217,3499.999999999999,165458.86904001233
0.217,1461.2775302823316,54371.72564390967
0.217,1877.3651749193598,60343.55430367028
0.217,682.2756041366274,10479.816458316433
0.217,3499.999999999999,85725.99999999997
0.217,3499.999999999999,186599.08384126704
0.217,641.0047544267479,12218.712691244255
0.217,3499.999999999999,181292.68385136116
0.217,3499.999999999999,78904.99999999997
0.217,642.1622827104502,12372.326108591771
0.217,3499.999999999999,115400.88576783109
0.217,3499.999999999999,130197.89328172714
0.217,1399.0,28051.000000000004
0.217,1281.9945255196471,34138.834130208736
0.217,1259.1663909110662,17136.47554195436
0.217,2492.486731673183,106425.32680325944
0.217,3499.999999999999,146799.67035385326
0.217,2838.5340540085044,99372.00357761623
0.217,689.0,8531.999999999998
0.217,1054.844673815951,31995.249623374722
0.217,3499.999999999999,161610.59322345708
0.217,1217.0000000000002,37019.999999999985
0.217,3499.999999999999,171457.0
0.217,1818.6084036936911,58932.82973509082
0.217,1710.1724245905395,46451.69087507322
0.217,1651.0520991268056,52428.30526867262
0.217,358.6390943553142,12296.488035207452
0.217,3499.999999999999,155237.0
0.217,3499.999999999999,78786.99999999997
0.217,931.5939827997786,21317.828163517876
0.217,3499.999999999999,76479.99999999997
0.217,3499.999999999999,81657.0
0.217,584.8491753916755,4836.249851801155
0.217,576.6281297335397,18305.0342802192
0.217,3499.999999999999,87225.00000000001
0.217,3499.999999999999,177732.02852609305
0.217,2313.8696482856444,61872.51251501898
0.217,3499.999999999999,174854.1583445885
0.217,597.4947698515862,4200.180948483053
0.217,2899.6432930371047,93689.40229862453
0.217,3499.999999999999,121521.75352932325
0.217,3499.999999999999,192574.00000000006
0.217,3499.999999999999,124739.78528568859
0.217,2569.061259904281,62388.54399209524
0.217,806.7422781123994,17520.289037192368
0.217,3499.999999999999,94778.99999999996
0.217,1754.4827462691967,59694.813643634065
0.217,3499.999999999999,263248.0000000001
0.217,3499.999999999999,80162.96371766708
0.217,2378.909535050733,50248.33725573297
0.217,3499.999999999999,103629.12758486389
0.217,2272.883630985097,80708.07691922781
0.217,3499.999999999999,169588.16450743255
0.217,2572.644553761751,85449.53088226989
0.217,3499.999999999999,151495.13214291743
0.217,3499.999999999999,141683.20352109487
0.217,3499.999999999999,243644.99999999988
0.217,746.5608044626115,6007.617572403742
0.217,2572.644553761751,85773.55285867548
0.217,3499.999999999999,161455.0
0.217,1016.0000000000002,8791.999999999998
0.217,3499.999999999999,146342.5936503124
0.217,3499.999999999999,161063.08025033202
0.217,476.9696007084728,9777.97525053117
0.217,408.232776734059,2826.145785340876
0.217,295.59079152789906,2063.335533160534
0.217,2835.485869070504,114855.63937819695
0.217,3499.999999999999,131215.0
0.217,2546.490108949139,95853.97173277815
0.217,3499.999999999999,190629.99999999994
0.217,3499.999999999999,140141.46939789085
0.217,2348.6166140943483,65989.1680202137
0.217,725.4907703859207,10672.263797959073
0.217,534.4950770165742,5814.776223610745
0.217,1969.5989877133222,43816.16113844148
0.218,1885.7359306117069,93824.8294642735
0.218,1493.0741471036968,27666.323689915265
0.218,3499.999999999999,132878.4559550568
0.218,654.0152903411356,6944.3529576195915
0.218,1611.0000000000002,36796.00000000001
0.218,816.4829861752816,9648.336251023995
0.218,1713.9282488786612,62966.541410167716
0.218,718.9084540379105,10045.591673448276
0.218,1532.9999999999998,22456.000000000004
0.218,2036.5411854416304,53114.381630590404
0.218,969.4801437296339,24583.179377197284
0.218,1568.4916612950074,46108.193435059766
0.218,689.9115885387055,7104.5827463687165
0.218,1273.7676397208402,19834.403873068622
0.218,1486.1022845013053,37393.202376902686
0.218,2521.6912515250824,78365.94388378414
0.218,2369.4923159024306,121480.98773535428
0.218,3499.999999999999,211731.00000000003
0.218,3499.999999999999,98654.99582900997
0.218,631.0,17313.000000000004
0.218,3499.999999999999,147663.99633955592
0.218,1833.9999999999995,38893.0
0.218,3499.999999999999,126040.98019295157
0.218,3499.999999999999,130867.03645685568
0.218,69.0,799.9999999999998
0.218,1013.1376421524354,24725.921256814305
0.218,1784.0017486426038,61922.01057883158
0.218,754.9532036150723,23354.96948361985
0.218,1185.987835170254,20781.533342632207
0.218,2786.252382089603,99325.24201862911
0.218,3499.999999999999,203847.00000000006
0.218,1472.5059011937217,34969.66925914486
0.218,1444.299137990465,64585.30860807275
0.218,3499.999999999999,257223.09029323174
0.218,609.0976933136425,21826.73807512244
0.218,3499.999999999999,130373.99999999997
0.218,503.6586145396503,4314.1627229394135
0.218,1205.4726886425226,39047.196591324
0.218,1751.9977186295296,29237.54760830456
0.218,202.99999999999997,1703.0
0.218,3499.999999999999,128946.28884927247
0.218,714.2134384200442,15380.16940440283
0.218,2682.0830133774352,95642.74531885042
0.218,1337.6661910626974,31302.674086118237
0.218,3499.999999999999,155269.60756813647
0.218,2378.0215085859245,83382.07198932179
0.218,389.0212142284496,5724.302777010151
0.218,1774.3269285666563,30534.841851749763
0.218,3499.999999999999,138421.00000000003
0.218,353.1404983930536,2899.8522080845783
0.218,2227.4680414194336,99986.8016523699
0.218,1882.949813457597,72286.90563303977
0.218,3499.999999999999,209437.0
0.218,1147.170431975999,10572.800196731238
0.218,2186.54979362465,56284.462749501305
0.218,3499.999999999999,155645.66725379045
0.218,3499.999999999999,81458.00000000003
0.218,1313.5177291544433,32067.261983582437
0.218,67.0,671.0
0.218,3499.999999999999,193533.21285478413
0.218,1642.1310215891588,38267.558273187664
0.218,2799.4790697554185,98328.06445473619
0.218,3499.999999999999,166988.0
0.218,3499.999999999999,145191.60762353626
0.218,913.1008881947976,14208.878069718552
0.218,1050.9999999999998,19548.0
0.218,643.0268405617933,10052.042003820463
0.218,1214.4084979939823,28511.99999999999
0.218,1044.0000000000002,22140.0
0.218,3499.999999999999,194993.51438958157
0.218,2425.139900445828,87113.29525309731
0.218,1475.0694212274989,29559.52863425363
0.218,3499.999999999999,215383.0
0.218,1298.1717564008732,27461.318297501963
0.218,2469.7694043145434,74665.17994882572
0.218,1678.4476400984672,42077.73343092652
0.218,1050.9999999999998,18355.000000000004
0.218,3499.999999999999,104061.99999999997
0.218,1656.0585738433283,42426.65301434937
0.218,3499.999999999999,157332.00000000003
0.218,1611.0000000000002,69250.0
0.218,3499.999999999999,174600.04161853978
0.218,1397.6503413703354,33757.33730080258
0.218,3499.999999999999,209222.2498827502
0.218,3499.999999999999,210006.00000000003
0.218,1001.4977556081805,10900.266529099803
0.218,295.2812218885583,1772.3983750838865
0.219,2309.5454098155337,63890.15271542247
0.219,1559.0020737979967,40134.09748342284
0.219,63.0,478.0
0.219,3499.999999999999,162947.99999999997
0.219,1306.378904886037,25324.498327912403
0.219,1917.9416049504741,39425.547821178094
0.219,3499.999999999999,147924.36653574018
0.219,3499.999999999999,137203.0
0.219,1042.9999999999998,22075.000000000007
0.219,1029.0,9744.000000000002
0.219,3499.999999999999,143297.99999999997
0.219,2484.049113846181,69328.16075015983
0.219,712.7818521707871,17968.088274239257
0.219,2747.457705543908,143138.82730527932
0.219,2668.145423323099,111914.6030149775
0.219,476.9696007084728,8872.814885931073
0.219,2796.871505774687,104448.64997512716
0.219,3499.999999999999,182896.17481012535
0.219,3499.999999999999,115104.99999999996
0.219,3499.999999999999,216342.99999999988
0.219,3499.999999999999,135328.99777948557
0.219,3499.999999999999,92863.52844815538
0.219,1239.8923008675954,42498.28254883938
0.219,3499.999999999999,178493.0000000001
0.219,3499.999999999999,124324.0365818292
0.219,3499.999999999999,187575.99999999994
0.219,746.9434117992101,18603.070068838453
0.219,397.4166579296847,6141.661420169624
0.219,2004.000575694752,64093.560978943446
0.219,1871.763873996931,77789.24201327586
0.219,3499.999999999999,195395.0
0.219,358.02812321331766,5629.292321706516
0.219,1957.1790787604414,81685.18346374863
0.219,902.4623925725084,15067.404019288102
0.219,2341.526750982656,67480.40767884468
0.219,1144.6242129612388,28445.611875568255
0.219,3499.999999999999,242782.9999999999
0.219,1125.9999999999998,25755.999999999993
0.219,722.1495689952325,4237.225035326776
0.219,2317.447648863758,77098.53737336473
0.219,2312.113156620483,88590.40045730329
0.219,1541.9235156516747,51023.74179919537
0.219,3499.999999999999,118347.98872815711
0.219,3499.999999999999,134923.83944276563
0.219,998.7492177719091,12139.677961132242
0.219,2104.9940617493435,100387.1252701261
0.219,2186.54979362465,63563.7992571243
0.219,3499.999999999999,178636.00000000003
0.219,1303.1250262140402,34362.464164402096
0.219,61.0,522.0
0.219,1967.4857051577278,87327.45871144997
0.219,1559.0000000000002,25148.000000000004
0.219,1041.0,24814.000000000007
0.219,2384.114091229696,82215.21183455038
0.219,1419.7239168232668,38553.1399499444
0.219,3499.999999999999,259626.9999999999
0.219,2513.315618472017,63827.136088660336
0.219,2184.147430921274,122500.90355585149
0.219,2271.6481126487392,87106.76778753221
0.219,3499.999999999999,148985.34040981423
0.219,3499.999999999999,174332.99999999997
0.219,2193.779096532904,64899.53389124986
0.219,2817.8948021126944,131689.99171400547
0.219,2100.833168054998,75047.61516530691
0.219,3500.000000000001,168361.4639587836
0.219,2612.2124173525513,129639.22259260603
0.219,2591.0441370797903,131268.97486012394
0.219,1980.7826735914266,70852.81349389031
0.219,1980.7826735914266,69132.00624891487
0.219,2944.9078315664474,103966.61828990784
0.219,1887.1501046895028,74745.28001526251
0.219,2589.2181716144996,59827.22644228407
0.219,733.7486856915939,7765.042960133465
0.219,2820.270770752764,87886.11905622853
0.219,3499.999999999999,256677.99999999994
0.219,3499.999999999999,136780.1261327224
0.219,1826.0000000000002,55171.99999999999
0.219,487.8524367060187,16859.05987889004
0.219,3499.999999999999,227621.00000000006
0.219,3499.999999999999,203975.20770917233
0.219,1188.9999999999998,18975.000000000007
0.219,1090.972955015397,22450.039198339644
0.219,357.96109068210995,5276.861063082582
0.219,3499.999999999999,54309.99999999999
0.219,3499.999999999999,100486.06112292394
0.22,3499.999999999999,118415.00000000003
0.22,2635.880762281441,98513.45410472978
0.22,90.0,1763.0000000000002
0.22,2898.8412528769272,100141.55008790418
0.22,2557.7745552072647,129476.12379631441
0.22,1219.3618448791358,26555.570966063413
0.22,1917.9416049504741,41860.48255813588
0.22,2646.990635931426,80274.46981996995
0.22,3499.999999999999,206602.1962419567
0.22,3499.999999999999,146047.28823227092
0.22,1680.9999999999998,34242.99999999999
0.22,3499.999999999999,165902.0
0.22,3499.999999999999,166098.94802496492
0.22,1988.5056382973225,66547.47918910036
0.22,3499.999999999999,115505.51458696679
0.22,3499.999999999999,189813.5828527838
0.22,3499.999999999999,97328.99999999996
0.22,1674.3655514850984,76489.33902185327
0.22,3499.999999999999,106042.92020458488
0.22,2446.9349425880564,94927.90261442063
0.22,3499.999999999999,134979.3379002876
0.22,3499.999999999999,144337.63586119868
0.22,1085.9999999999998,25292.999999999993
0.22,2855.888032895782,111218.38663858063
0.22,3499.999999999999,81683.99999999999
0.22,2594.995183039845,60982.70246553526
0.22,3499.999999999999,189446.00904277057
0.22,2725.0974911112826,152203.30735800162
0.22,257.01971617174866,5458.475440184289
0.22,3499.999999999999,206792.00000000006
0.22,3499.999999999999,108014.00000000006
0.22,1224.0000000000002,60978.00000000002
0.22,3499.999999999999,221877.0
0.22,2280.362105204838,56502.896053249606
0.22,3499.999999999999,188273.99999999997
0.22,3499.999999999999,274502.99999999994
0.22,369.4590640382233,3464.9098112360734
0.22,3499.999999999999,192939.71166662403
0.22,2343.7589036698787,111729.98859167786
0.22,1401.0000000000002,18460.000000000004
0.22,3499.999999999999,182639.3521338018
0.22,3499.999999999999,170208.00000000003
0.22,2219.5928911384603,63707.763750433594
0.22,1301.5375522819152,46777.91715115156
0.22,3499.999999999999,161288.01808565945
0.22,2044.6358431806743,69102.10881423794
0.22,250.66312054229277,3173.2062649629324
0.22,3499.999999999999,129755.83296181657
0.22,600.6077175910651,17265.728654357765
0.22,3499.999999999999,119293.99999999999
0.22,98.0,689.0
0.22,3499.999999999999,190327.99999999997
0.22,102.0,113.99999999999999
0.22,1276.876680748496,49618.33671531766
0.22,917.1846035342169,13943.19377166747
0.22,3499.999999999999,87747.00000000001
0.22,2430.6377763870946,77240.18265773325
0.22,1597.0100620575734,62001.31131166804
0.22,1883.8789770046264,70387.3733989272
0.22,2789.7296199913535,121726.38136084338
0.22,3499.999999999999,148171.08819199508
0.22,1049.0,8513.0
0.22,3499.999999999999,131505.2086573
0.22,2361.465024482592,151229.5590311713
0.22,3499.999999999999,186499.8291013084
0.22,707.8404991228506,16434.538390122776
0.22,3499.999999999999,130433.99999999997
0.22,473.2863826479693,10713.631737184176
0.22,3499.999999999999,149173.7693377246
0.22,3499.999999999999,116431.0
0.22,2362.928591652728,112517.20141829355
0.22,1852.9705880018707,42493.2405801205
0.22,2076.2153668414962,57658.80179058404
0.22,1686.0,48207.99999999998
0.22,569.1466660877091,6425.043054736286
0.22,2673.9797305474376,98755.23031820252
0.22,3499.999999999999,160744.7513575482
0.22,2751.534602139406,92785.03103841387
0.22,2615.2139303089066,94961.4856851539
0.22,2370.1265788982664,118417.22375144587
0.22,2506.184687240614,104512.56399449073
0.22,3499.999999999999,197352.77851603716
0.22,3499.999999999999,314301.0000000003
0.22,3499.999999999999,147867.0
0.221,1504.4103754827393,51548.93205488795
0.221,204.35263639111682,1788.4697369539133
0.221,3499.999999999999,131976.36811944778
0.221,3499.999999999999,237059.98634944714
0.221,3499.999999999999,192539.55636517965
0.221,1258.9291312832688,29977.82750641034
0.221,1673.8902577190256,58888.98347112172
0.221,3499.999999999999,212339.0000000001
0.221,1993.9909728983232,62653.91368462151
0.221,3499.999999999999,141527.81793430512
0.221,1033.65006253191,23351.003397975037
0.221,2011.183949790749,87083.4323071714
0.221,3499.999999999999,195932.99999999997
0.221,2317.447648863758,119244.54924146869
0.221,3499.999999999999,106128.19177767988
0.221,3499.999999999999,127054.87590305897
0.221,454.42271070007047,5679.737934095201
0.221,3499.999999999999,199276.9771298229
0.221,3499.999999999999,149965.00000000003
0.221,2327.289916402842,77510.643835304
0.221,3499.999999999999,149208.18643740102
0.221,514.0394323434973,7626.31941518581
0.221,1113.2988302102876,28541.20340123721
0.221,1322.0000000000002,19371.999999999993
0.221,1233.4567471280166,31181.83297024886
0.221,3499.999999999999,124001.7790761091
0.221,3499.999999999999,140633.50469927146
0.221,849.0,17676.000000000004
0.221,1885.7359306117069,51324.321943889336
0.221,2066.0000000000005,83218.00000000003
0.221,3499.999999999999,184933.00000000003
0.221,1980.7826735914266,88829.6304168829
0.221,3499.999999999999,166973.82359806617
0.221,1784.6430146031669,53789.518892596185
0.221,1599.9999999999998,24948.00000000001
0.221,3499.999999999999,106898.00000000004
0.221,2059.6116138728676,54048.26017551353
0.221,2886.8608931415743,142006.6659598457
0.221,279.61044329566806,3787.37494843064
0.221,2031.0400824020135,39115.247114472586
0.221,3499.999999999999,142831.00000000003
0.221,1096.8641314352358,33788.60327363388
0.221,1519.8155895493517,53416.353525919534
0.221,3499.999999999999,101363.99999999996
0.221,2649.8756436309613,83768.6872785625
0.221,1273.025328056467,35357.802111163925
0.221,2142.0095673694636,57871.814690267915
0.221,3499.999999999999,101260.00000000003
0.221,1016.0000000000002,22890.0
0.221,3499.999999999999,196791.00000000003
0.221,3499.999999999999,156140.24116799617
0.221,1277.106103657797,21764.763196506417
0.221,2658.027161361201,74959.36948571743
0.221,1146.0,24940.999999999993
0.221,3499.999999999999,121817.22761169694
0.221,1175.364569061634,43074.401132644496
0.221,3499.999999999999,218029.99999999997
0.221,2232.2387646410307,63338.29225471758
0.221,551.8151864528558,12425.893770670986
0.221,3499.999999999999,122951.30099300813
0.221,1130.6791020669614,30434.64593539594
0.221,952.3974269119117,12682.192975622
0.221,2022.1677739351333,70620.85675861596
0.221,1230.249580305625,38044.16612380481
0.221,838.6287150008368,17659.051318152713
0.221,1949.6153466773897,56541.197369705595
0.221,721.3924036195556,15952.693346266022
0.221,836.7365176684953,7260.075619440889
0.221,3499.999999999999,134805.00000000003
0.221,3499.999999999999,130388.09772368017
0.221,298.84444113953333,1148.9046957863825
0.221,483.0,4344.0
0.221,1200.1375844423467,23020.814196100473
0.221,3499.999999999999,191161.70892205375
0.221,2901.485564671846,93379.2996661451
0.221,618.8295403420881,14517.9879804331
0.221,1288.0217389469785,24171.621046177275
0.221,2630.5807196392248,68624.935104206
0.221,438.3491758860738,7347.6620771508
0.221,3499.999999999999,107558.99999999994
0.222,3499.999999999999,81465.00000000001
0.222,2453.7357973027133,129539.56891225676
0.222,1098.7684064773227,19784.658335865664
0.222,1420.7657196757325,32968.49298145288
0.222,3204.582675189701,131174.4778408943
0.222,3499.999999999999,215590.72697159922
0.222,1609.8281238895538,40318.843417930286
0.222,3499.999999999999,126828.99999999997
0.222,3499.999999999999,241574.9999999999
0.222,1801.7535610359605,41322.86414135385
0.222,1807.8658851558278,56440.54288964504
0.222,552.9999999999999,14712.000000000005
0.222,1011.0370913077326,33179.676188896134
0.222,2005.9999999999998,62052.999999999985
0.222,1704.8354759330887,38113.264777502336
0.222,1311.0285272982403,34837.722741390164
0.222,36.0,43.0
0.222,1444.299137990465,37277.25753056414
0.222,1981.6659657974647,69311.7115644968
0.222,3499.999999999999,91555.00000000003
0.222,3499.999999999999,163726.9025847615
0.222,1571.5161088583313,40470.24837023663
0.222,3499.999999999999,124754.00000000004
0.222,2537.4531887304433,107917.55390939806
0.222,3499.999999999999,176179.665625747
0.222,1058.636701150311,20801.422435661472
0.222,1986.9574731231662,56662.67095716543
0.222,1084.9999999999998,17019.000000000007
0.222,1828.3303672177112,42345.301716457725
0.222,91.0,93.0
0.222,1046.3594165376257,31372.85307549588
0.222,156.17298101784445,356.6580995855835
0.222,1560.5547367268819,35464.413868661155
0.222,3499.999999999999,155214.0
0.222,3499.999999999999,282354.99999999994
0.222,2612.2124173525513,84051.06579058086
0.222,2269.03063002684,77368.19977225784
0.222,1100.050979112279,23474.05792479887
0.222,3499.999999999999,130968.24666348482
0.222,775.4333753731854,14420.374637338264
0.222,2516.143396229314,77334.95323145046
0.222,337.1804479438713,2975.2672990638284
0.222,2030.9999999999998,32480.0
0.222,3499.999999999999,137326.0485122907
0.222,263.0,12091.000000000004
0.222,1285.30152104477,24719.46391004465
0.222,3499.999999999999,152609.75250754433
0.222,1432.569751331338,37213.87538149965
0.222,2116.601048851672,46598.975332082155
0.222,1997.1394469016939,60816.50931273525
0.222,1016.0000000000002,27954.000000000004
0.222,2240.3124782047703,110780.63781636213
0.222,3499.999999999999,118431.99999999994
0.222,3499.999999999999,37906.99999999999
0.222,2325.0260142770853,78070.01985030137
0.222,3499.999999999999,179012.712308372
0.222,1382.3742419160274,50322.53379683283
0.222,2586.2134482675633,83284.19509126563
0.222,1574.1664460913905,44090.54905532476
0.222,2902.455312593206,146391.59124904146
0.222,1581.8424375773204,37979.399484120695
0.222,303.7310713195636,2259.9980356053616
0.222,3499.999999999999,238145.9999999999
0.222,3499.999999999999,102217.0
0.222,3499.999999999999,166497.81208192752
0.222,757.5852489315912,8051.65234283795
0.222,3499.999999999999,237597.84604242537
0.222,2443.520292683613,81225.80040852621
0.222,2343.7589036698787,75837.35443382233
0.222,244.69981610127948,2665.089116708858
0.222,1845.3996857049692,108454.25168705927
0.222,1198.7993058896827,46114.16852868624
0.222,3499.999999999999,147135.74618309137
0.222,3499.999999999999,203365.99999999994
0.222,1246.6976377614583,15941.071670373984
0.222,3499.999999999999,115403.72812435473
0.222,1355.0000000000005,36287.00000000001
0.222,2904.8768516044724,160678.91173727985
0.222,1671.3556747421799,44679.7141686807
0.222,3499.999999999999,221773.99999999994
0.223,1959.3024728811067,75921.39772930476
0.223,1143.0000000000002,48304.00000000001
0.223,3499.999999999999,117398.85840160455
0.223,890.590815133415,29803.49744576968
0.223,3499.999999999999,154058.21761918458
0.223,1121.0,32063.999999999993
0.223,694.982014155762,6903.50563119927
0.223,3499.999999999999,200053.02419059828
0.223,3499.999999999999,169667.4604608153
0.223,1238.0000000000002,14663.000000000002
0.223,3499.999999999999,140710.094725679
0.223,3499.999999999999,227109.99999999994
0.223,1965.3768862917843,60739.78743998357
0.223,1114.3079515162303,20461.99375950969
0.223,1260.575868453118,45240.63648942596
0.223,1770.8537488149989,71460.57654169446
0.223,1408.4096962385506,39629.99844178949
0.223,3499.999999999999,161079.38392951817
0.223,3499.999999999999,170220.65252782917
0.223,2094.158542231223,70828.99903994128
0.223,639.9218702310461,18601.713469462975
0.223,3499.999999999999,193862.46130626142
0.223,3499.999999999999,172883.00000000006
0.223,2720.691505267999,68701.30032373113
0.223,387.60030959739953,1974.345461159216
0.223,2549.3048074202084,78540.19814038822
0.223,3499.999999999999,210864.00000000003
0.223,3499.999999999999,137240.86146620693
0.223,1600.3828581644448,44795.7416464491
0.223,701.0,17255.00000000001
0.223,1901.2226664051088,76543.5297526446
0.223,2350.4299801717652,104020.98044176753
0.223,1939.9659894133213,58632.595328988384
0.223,2555.275506664241,69630.62872179315
0.223,106.0,200.99999999999997
0.223,3499.999999999999,165717.00000000006
0.223,84.0,87.0
0.223,859.7975907278476,12270.530986918613
0.223,1062.0,25257.000000000004
0.223,1971.0403344427023,88448.61287776082
0.223,561.2486080160911,3211.263147112052
0.223,1530.8318387902525,49170.68047038705
0.223,3499.999999999999,171156.97881477108
0.223,254.0,773.0
0.223,2060.0,131009.99999999994
0.223,1814.0204366309213,57568.9349527908
0.223,3499.999999999999,248327.0
0.223,411.00000000000006,6306.000000000002
0.223,3499.999999999999,264440.0
0.223,2071.0,43324.999999999985
0.223,2235.2669362809525,99239.85736350948
0.223,3499.999999999999,203365.0
0.223,3499.999999999999,125360.8123851594
0.223,1517.6504427756283,32832.904994661396
0.223,529.3335432409324,10069.539413498514
0.223,1702.0,52862.999999999985
0.223,2353.8266716136936,53966.95655676722
0.223,1051.0407795593637,27133.706444615927
0.223,737.3378165031687,19697.619016573994
0.223,3499.999999999999,76043.99999999999
0.223,1049.0,33252.00000000001
0.223,681.632656465456,14064.386098476109
0.223,1822.4982853215529,52888.87956839321
0.223,1287.0518013148858,44175.25761487386
0.223,2501.3867511081307,74415.90586710275
0.223,583.1552109001514,8725.341712506164
0.223,1005.552446609957,11537.910079879555
0.223,2403.899909361997,79948.63092617386
0.223,3499.999999999999,225092.0
0.223,701.0,18090.000000000007
0.223,1213.6550229497332,26711.71622359647
0.223,1263.479279212309,42555.3884239668
0.223,3499.999999999999,188489.39715310346
0.223,3499.999999999999,229581.00000000003
0.223,1679.7629224618674,44717.48548794979
0.223,3499.999999999999,95509.00000000004
0.223,3499.999999999999,127235.7375700711
0.223,2400.2083242918725,126673.5088722184
0.223,1243.621049230403,34942.69492394929
0.223,2410.616126265005,60892.46938329768
0.223,2024.4752406487955,42661.65491398569
0.223,2313.854455363109,101195.69234251289
0.223,3499.999999999999,162554.9379809793
0.223,2369.4923159024306,86253.53368850147
0.223,3499.999999999999,183765.30336274035
0.224,3499.999999999999,132010.99999999994
0.224,1675.5437456480108,49887.224753037386
0.224,3499.999999999999,258512.99999999997
0.224,2564.6247245853488,99569.31110426883
0.224,1016.0000000000002,17092.999999999996
0.224,958.2143914361378,25287.711556558723
0.224,2521.1108662651077,110034.38294914915
0.224,2606.434345998379,76810.04102980283
0.224,2387.536662357435,92544.88498287498
0.224,2214.3847904101945,41293.54677186254
0.224,2380.351735788991,149247.58052847735
0.224,330.93247132375774,1660.502328984358
0.224,3499.999999999999,178914.0000000001
0.224,1986.0765342755542,43887.70328919022
0.224,3499.999999999999,234405.99999999994
0.224,1369.8719566148297,18164.464666703734
0.224,3499.999999999999,141300.67976116663
0.224,2101.6290558126952,91597.89386467518
0.224,3499.999999999999,104978.00000000001
0.224,1751.0000000000002,59865.99999999997
0.224,588.9921349964145,7285.400039813761
0.224,1687.3648047162173,26776.895097829107
0.224,3499.999999999999,181049.00000000006
0.224,1157.252667369668,22209.25741673665
0.224,2803.467961313763,82039.40744053194
0.224,3499.999999999999,189468.08791456147
0.224,1482.5653442597393,38079.98765756101
0.224,1892.2209173349706,68442.48180041394
0.224,235.0,5980.000000000002
0.224,1803.953221339675,53941.19163458741
0.224,1050.9999999999998,26468.999999999993
0.224,2882.9358564953877,73502.85894946696
0.224,1191.3590229925949,40942.96555722509
0.224,3499.999999999999,100391.00000000001
0.224,3499.999999999999,104508.0
0.224,3500.000000000001,194467.4274433524
0.224,317.0,4330.0
0.224,2429.8175786325596,81809.28348577429
0.224,408.0424231807051,3917.7618738485103
0.224,2079.265704197787,51699.23034828755
0.224,1193.9999999999998,38401.99999999998
0.224,2332.1663748540755,77754.7887914307
0.224,3499.999999999999,185843.66178054066
0.224,3500.000000000001,147529.54525959227
0.224,768.1934482910804,8904.770239389103
0.224,3499.999999999999,151008.47577340895
0.224,3499.999999999999,134731.00000000003
0.224,1651.0324117322739,30352.333656019156
0.224,526.0000000000001,6113.000000000002
0.224,2342.2712746420434,88996.40687145162
0.224,3499.999999999999,128049.94085121628
0.224,2928.770378552478,105971.03673052245
0.224,1887.5910574062377,66175.18900615248
0.224,1129.4815815303816,19627.935482594898
0.224,3499.999999999999,170089.61182244695
0.224,1007.0,19573.0
0.224,3499.999999999999,151230.00000000003
0.224,3499.999999999999,146411.81695819495
0.224,3499.999999999999,275253.9999999999
0.224,3499.999999999999,160566.39127679486
0.224,3499.999999999999,146182.06357142443
0.224,1381.6745709685945,23237.20206806397
0.224,2535.739960632144,136397.85072774568
0.224,567.0000000000001,4970.0
0.224,1775.918492301734,55227.65884026182
0.224,3499.999999999999,91073.02182864035
0.224,2573.4749290934224,92921.48837600063
0.224,2035.3647018799147,42193.33982510347
0.224,64.0,509.99999999999994
0.224,3499.999999999999,164640.99999999994
0.224,2303.4756347745465,107911.49336377477
0.224,3499.999999999999,113202.0
0.224,2604.1821352160323,63813.24175696969
0.224,1248.797821907133,21825.022611672135
0.224,2568.960300524693,119882.9461495202
0.224,1680.9999999999998,28206.999999999993
0.224,3499.999999999999,107432.65193589362
0.224,432.78167802598387,8765.88734470624
0.224,3499.999999999999,237801.00000000012
0.224,465.8325879540846,8108.619857904303
0.224,3499.999999999999,149949.99999999997
0.224,1575.1139891923117,52403.226408692935
0.224,569.1139891227567,10025.850706923398
0.225,3499.999999999999,99383.00000000001
0.225,3499.999999999999,125405.71681984338
0.225,2450.7141816213493,99247.54058413739
0.225,109.67223896684155,378.9247946492813
0.225,2081.3157355833223,73924.33506359042
0.225,3499.999999999999,165076.49504924135
0.225,1112.0,28398.999999999996
0.225,2425.0655266416065,88806.81892335639
0.225,2331.053328385831,105435.81125069527
0.225,2355.287144431304,50777.57245268402
0.225,3499.999999999999,190862.4172958102
0.225,1408.063586009018,30632.729881739833
0.225,2773.1814506062533,131560.70329821584
0.225,3499.999999999999,109858.0
0.225,3499.999999999999,130305.00000000001
0.225,665.2037365458201,7748.671355144981
0.225,2493.892539785946,97084.67142654391
0.225,1261.0,11049.000000000004
0.225,3499.999999999999,145885.77730850317
0.225,3499.999999999999,134123.0705686919
0.225,65.0,567.0000000000001
0.225,2378.1877784727412,45026.15976422819
0.225,3499.999999999999,121325.63214463068
0.225,2380.351735788991,110653.26049343769
0.225,1609.478486964023,58708.995562860764
0.225,3499.999999999999,135341.7523382936
0.225,2817.1273644499747,118244.91025554243
0.225,2896.1975280542406,91834.92705564378
0.225,3499.999999999999,101775.00000000003
0.225,861.0126434599348,9984.439249590774
0.225,522.4940191045251,3963.003785009547
0.225,3499.999999999999,223940.845657955
0.225,3499.999999999999,203910.62801400927
0.225,704.0,21494.000000000007
0.225,1762.3601149815158,75912.43133458795
0.225,1372.4116985813223,30581.163513327527
0.225,1478.813268303613,42893.227017228855
0.225,1725.3748013472948,61647.67052907619
0.225,2101.666005815386,79288.97700815667
0.225,299.7198692112353,2207.4584933810193
0.225,2664.727867087524,68435.82947293666
0.225,1885.7359306117069,67607.47694597101
0.225,2400.2083242918725,51157.80292389421
0.225,1079.0,17502.999999999996
0.225,614.2385976893315,11766.166026790479
0.225,1226.484202965594,35602.477848317605
0.225,1294.7972814305717,32258.962475566386
0.225,1339.0,81278.00000000001
0.225,1925.2272593125206,80814.11559869967
0.225,3499.999999999999,166941.42981009922
0.225,3499.999999999999,144430.99999999994
0.225,3499.999999999999,158501.1776360037
0.225,1688.6449492944153,37788.85054008295
0.225,1109.776554086452,23871.42289433122
0.225,3499.999999999999,170503.00000000003
0.225,1213.8780828402823,9732.984126155763
0.225,631.0,16330.999999999998
0.225,1880.1595676963161,71365.05580464433
0.225,505.0,12038.000000000002
0.225,3499.999999999999,115686.29568196581
0.225,2425.7375549375274,77350.42941798529
0.225,3499.999999999999,144724.99999999997
0.225,3499.999999999999,205637.99693754435
0.225,1917.9416049504741,51808.06923636509
0.225,3499.999999999999,173281.6928348139
0.225,1980.7826735914266,61380.06639781354
0.225,3499.999999999999,198704.99999999994
0.225,2775.715199145734,86469.02608365436
0.225,124.0,150.0
0.225,1401.2494424619763,45971.84305637525
0.225,2353.3827847592743,121071.44054095513
0.225,2504.0663553893523,93081.00319758976
0.225,1581.755113819017,18298.63820271186
0.225,1050.9999999999998,22654.000000000004
0.225,2390.398561006512,87334.76666820758
0.225,1481.0468580028373,68315.71785582713
0.225,3499.999999999999,108118.0
0.225,1806.1773357101983,85952.6072920798
0.225,1372.039957385308,84025.78442108884
0.225,2450.7141816213493,84527.30796612415
0.225,2290.524977687465,111636.41540985333
0.225,1156.2871615649808,22175.110281574707
0.225,968.0654600494515,17493.05444115457
0.225,2654.336075179629,83561.53756364227
0.225,829.2337656819541,14159.552125391849
0.225,2885.39025565165,77262.88999753601
0.225,1779.2957909552456,63579.814658650845
0.225,1169.0000000000002,61300.999999999985
0.226,1248.9757464469274,27689.105089513094
0.226,3499.999999999999,183817.64257002107
0.226,3499.999999999999,202494.0000000001
0.226,870.0662723074432,14862.305748930345
0.226,3499.999999999999,114279.30737014471
0.226,992.6589799620672,26368.74139219817
0.226,1530.0,56511.999999999985
0.226,3499.999999999999,59069.00000000003
0.226,2337.797011073781,51887.91327559456
0.226,2060.4651445940303,57858.89298783784
0.226,1302.4837810890392,32066.08473137935
0.226,3499.999999999999,343451.9999999999
0.226,1025.7182382065403,26133.441188060824
0.226,2376.0198759234722,132395.9687762544
0.226,2280.6485910272477,79386.01295689908
0.226,2376.0198759234722,103805.12586226896
0.226,1885.7359306117069,56523.50618990301
0.226,2513.315618472017,81918.00052675391
0.226,3499.999999999999,91471.13768834405
0.226,3499.999999999999,185684.26353172166
0.226,67.0,634.9999999999999
0.226,3499.999999999999,120969.68815368583
0.226,2056.21010599598,79446.2164486139
0.226,3499.999999999999,164369.4132191644
0.226,1616.8497147230476,37030.881909563
0.226,579.1269290924055,4815.9671925792845
0.226,3499.999999999999,162700.0
0.226,2471.335671251479,125075.9640858307
0.226,1339.1102956974564,15653.124184323588
0.226,1310.915710486376,24384.626632368185
0.226,3499.999999999999,103659.90604748331
0.226,3499.999999999999,295228.0000000001
0.226,3499.999999999999,156929.3587246416
0.226,3499.999999999999,156884.18765446066
0.226,3499.999999999999,334264.9999999998
0.226,1631.6954410714861,39592.89097330199
0.226,75.0,83.0
0.226,3499.999999999999,226614.00000000003
0.226,286.7368131231147,2070.4999396281087
0.226,1917.9416049504741,56046.903072337554
0.226,2369.4923159024306,98060.98278892784
0.226,911.0,20347.999999999996
0.226,2030.9999999999998,106700.00000000003
0.226,3499.999999999999,150227.13799329835
0.226,536.902707701511,6831.360314417232
0.226,424.0,5322.000000000001
0.226,2371.672162868584,81588.5678916787
0.226,3499.999999999999,229840.75883968011
0.226,1135.9907570046507,14843.935057793811
0.226,2407.4883177286656,95367.40905571464
0.226,3499.999999999999,189783.58522351235
0.226,998.6886743570049,26409.13407828074
0.226,1571.6275828178013,38084.125936431716
0.226,2121.8702587645957,79631.89631925234
0.226,1471.0,40481.00000000001
0.226,2158.3558557383435,50056.6878648598
0.226,1362.143724496484,31192.779000492093
0.226,3499.999999999999,169896.83215514652
0.226,1304.3217519012253,45121.00559471288
0.226,2600.7394346567808,107722.03486688029
0.226,1301.8763389018386,36485.20253706792
0.226,3499.999999999999,183973.00000000003
0.226,2142.0095673694627,68779.97373529804
0.226,1419.1835549995099,57849.1440889296
0.226,445.709007365249,3559.3356290046677
0.226,2394.6786033796902,100718.27918547117
0.226,1092.088852064557,19872.144569373064
0.226,2531.923942886501,108009.6516027897
0.226,617.6568626672904,8914.68720707575
0.226,3499.999999999999,116225.99999999997
0.226,2214.3847904101945,55386.653067323
0.226,847.0537173048708,9369.08917664892
0.226,1163.2407317490215,37186.57394813346
0.226,3499.999999999999,80491.99999999997
0.226,1130.0,12152.000000000002
0.226,1862.3633013139788,44105.90502006194
0.226,2565.8946555140124,94033.64030740874
0.226,3499.999999999999,199854.00000000003
0.226,2159.1665058535887,76158.12929687813
0.226,3499.999999999999,297955.00000000006
0.226,3499.999999999999,211976.99999999994
0.226,1592.9799119888492,41818.505855661584
0.226,721.0690138571163,5375.637414157762
0.226,3499.999999999999,181222.45916552396
0.226,3499.999999999999,88740.29099005704
0.226,3499.999999999999,150922.55564030193
0.227,3499.999999999999,198623.0000000001
0.227,2375.296361909215,102104.09852316389
0.227,940.9105406772627,29542.763810814064
0.227,2133.5123998247677,45021.863555966105
0.227,469.57427527495577,9314.062969510136
0.227,1145.0,22709.000000000004
0.227,3499.999999999999,167472.1076779795
0.227,789.0486866516264,13761.252148430682
0.227,2198.5222309542373,64989.187092931104
0.227,3499.999999999999,182668.0000000001
0.227,469.57427527495577,11669.464769217137
0.227,444.00000000000006,4218.000000000001
0.227,1586.7196321639096,56047.21276989678
0.227,3499.999999999999,141380.69037177594
0.227,3499.999999999999,122935.99999999999
0.227,1045.0,15291.999999999993
0.227,3499.999999999999,265588.9999999999
0.227,3499.999999999999,67936.00000000001
0.227,643.8641160990417,10249.198017406048
0.227,3499.999999999999,252562.00000000003
0.227,3499.999999999999,180536.1938171955
0.227,2600.1016952167847,58536.48123661996
0.227,2383.9496126911768,73154.62449801767
0.227,2015.739581821081,65085.790433147966
0.227,1249.1030642532478,33113.98812717439
0.227,1263.6599952434765,36059.02054461268
0.227,2193.6092980061985,91083.68128727132
0.227,3499.999999999999,123011.99999999994
0.227,2262.9862044328765,68715.54662303034
0.227,3499.999999999999,136010.01242562782
0.227,1927.7514047653137,49492.71044975327
0.227,3499.999999999999,135601.45795676392
0.227,2119.905658278217,72784.0567638271
0.227,830.0991406634413,10690.442505440888
0.227,1949.6153466773897,82370.72926713713
0.227,3499.999999999999,238514.52650564178
0.227,2241.8742159184576,37428.69973696653
0.227,423.5544893314931,6118.993786098431
0.227,3499.999999999999,190436.0000000001
0.227,3499.999999999999,172738.28768399902
0.227,3499.999999999999,177638.31972202225
0.227,3499.999999999999,137102.00000000006
0.227,1654.7914597452254,49840.32473755295
0.227,3499.999999999999,131149.26641045316
0.227,2659.182574313219,105932.647912907
0.227,3499.999999999999,116436.45223985727
0.227,1258.488326295401,26981.803049778086
0.227,1870.6415824486517,70453.94447492156
0.227,348.41911731991485,7906.315108338191
0.227,1700.9715360698003,47865.32189066994
0.227,1118.3508007791606,23889.417796815855
0.227,505.4700782440044,4336.099629851695
0.227,3499.999999999999,123297.61611432886
0.227,3499.999999999999,110885.00000000001
0.227,2579.435908164303,74057.08460011162
0.227,2513.315618472017,85788.37042927921
0.227,3499.999999999999,205986.99999999988
0.227,3499.999999999999,168838.00000000006
0.227,1033.0961638705937,26145.19926875067
0.227,3499.999999999999,234084.99999999994
0.227,812.8370306075473,8997.14705718729
0.227,3499.999999999999,137555.7922699004
0.227,1978.267027704501,59856.92628174603
0.227,2682.650529901647,110371.53603579925
0.227,383.40579025361626,2317.025679616003
0.227,3499.999999999999,218514.05220717497
0.227,3499.999999999999,132274.00000000003
0.227,62.0,616.0000000000001
0.227,1211.6457913465797,38668.892409733926
0.227,2128.1849167892756,73308.53116662815
0.227,1814.2983040768222,53713.11871046372
0.227,1085.9999999999998,27915.999999999996
0.227,1266.2906191412987,39958.451202330136
0.227,3499.999999999999,83893.1179060595
0.227,2642.3297845126845,66261.12151240451
0.227,2094.4082612163893,44541.015447152444
0.227,2754.1476501573025,140750.82668970784
0.227,554.9774770204642,11668.652364347827
0.227,3499.999999999999,122137.02378067031
0.227,64.0,340.0
0.227,1894.0696924875813,64333.25691273527
0.227,1902.3669467271552,55739.876426127856
0.227,2429.073466815397,62268.550995829195
0.227,2318.96728710177,76835.50302669941
0.227,3499.999999999999,106670.0
0.227,3499.999999999999,247747.99999999994
0.228,480.62459362791657,10479.419067868226
0.228,3499.999999999999,110535.99999999999
0.228,1908.795431679361,29468.246910870028
0.228,302.0,4193.0
0.228,3499.999999999999,220378.00000000006
0.228,2310.584486319235,56166.13155624901
0.228,933.1202524314386,19743.638221805857
0.228,2177.728174038257,55806.40402319433
0.228,3499.999999999999,178145.65673908524
0.228,3499.999999999999,124995.03083537909
0.228,2099.7530283361048,77625.62046321681
0.228,558.121850495033,11835.44777353185
0.228,3499.999999999999,162351.0535689934
0.228,480.62459362791657,10268.420131646353
0.228,283.4007762868691,5956.69446925054
0.228,1932.675104181888,61790.406286072015
0.228,3499.999999999999,137209.69813938058
0.228,3499.999999999999,201876.91361322132
0.228,2670.9374222762767,84547.56255837926
0.228,1885.7359306117069,60133.2231964993
0.228,2301.476509710953,57971.18760154357
0.228,3499.999999999999,237358.71884976124
0.228,756.8322139021304,14850.59867480096
0.228,1702.3455755823236,33619.636672202
0.228,324.5550800711645,1986.1895679919382
0.228,2028.792744466521,77704.09458323287
0.228,3499.999999999999,115962.22150447717
0.228,3499.999999999999,59182.62224673728
0.228,3499.999999999999,111311.00000000001
0.228,311.8509259245513,1545.180571972091
0.228,3499.999999999999,222862.4236314852
0.228,1866.1578592086314,46040.53805031936
0.228,1186.9252336032016,43246.78576581481
0.228,450.55521304275226,8182.49760158841
0.228,3499.999999999999,74742.99999999997
0.228,2302.90714361644,59070.29639702487
0.228,157.0,2908.0
0.228,1957.2251820832257,49043.119207950425
0.228,3499.999999999999,177287.0
0.228,2904.5446381895667,121269.21907277765
0.228,3499.999999999999,153594.02953240072
0.228,2224.634801489899,76467.0503942711
0.228,768.1933350400793,8706.6791602769
0.228,1605.5874239557436,60786.65384575445
0.228,2010.6813906830287,85885.00618780075
0.228,1080.5821050356747,13785.381607104777
0.228,2815.207685403862,88506.85555882961
0.228,1265.0000000000005,18808.000000000007
0.228,2760.3788171569877,78513.00264916444
0.228,2083.0,123875.00000000003
0.228,2449.285610132065,65341.859538889825
0.228,2320.1293067413294,71820.977687581
0.228,425.47534726632125,3383.6717653568635
0.228,3499.999999999999,171088.0000000001
0.228,1917.9416049504741,97019.7693050236
0.228,1366.0000000000002,38373.0
0.228,1016.0000000000002,18772.999999999993
0.228,3499.999999999999,168826.00000000006
0.228,1044.4147879847812,25852.05765204749
0.228,851.6302014372201,15616.122181899067
0.228,1292.0501547848887,37996.244874809265
0.228,3499.999999999999,103886.99999999994
0.228,1053.0,48082.000000000015
0.228,3499.999999999999,164039.09342287894
0.228,2954.4244598992213,110308.08699637269
0.228,3499.999999999999,225052.0000000001
0.228,3499.999999999999,142669.0
0.228,413.8997463154574,2790.1326133357893
0.228,1162.0,33637.0
0.228,2394.6786033796902,77628.96521514174
0.228,2680.9472592660336,117014.91350926718
0.228,931.7590208824321,17918.8115194603
0.228,3499.999999999999,124251.88031575218
0.228,3499.999999999999,126048.27501794705
0.228,240.0,5571.999999999998
0.228,3499.999999999999,199764.7733610707
0.228,3499.999999999999,244626.99999999994
0.228,1077.5476068494736,30703.201378845624
0.228,1887.5910574062377,44072.896387689354
0.228,3499.999999999999,148564.8993044865
0.228,3499.999999999999,99668.81500750374
0.228,3499.999999999999,181909.9999999999
0.228,3499.999999999999,244337.95598924038
0.228,3499.999999999999,275095.9999999999
0.228,113.99999999999999,1301.0000000000002
0.228,2571.283726079251,109581.09713814697
0.229,3499.999999999999,218606.0
0.229,3499.999999999999,122274.00000000003
0.229,943.9265359856041,21344.852848422262
0.229,1795.0881798974713,38132.58302871609
0.229,740.595454499766,18028.257434641815
0.229,2652.7512589779462,113748.0433403604
0.229,1874.5666165810164,51354.735361016115
0.229,1385.7205134544006,33041.07095245221
0.229,59.0,555.0
0.229,1749.333079203707,55108.89206114566
0.229,2053.790687337072,67376.04311793807
0.229,3499.999999999999,165734.71326519162
0.229,2755.697894147959,90433.86703301525
0.229,739.9770266704229,14913.73819670978
0.229,3499.999999999999,100955.0746569978
0.229,1722.0956498607457,63715.189623326856
0.229,820.8486257096395,27571.78375726846
0.229,1612.0000000000005,65119.999999999985
0.229,2795.304630653601,77831.36887720645
0.229,892.3215073015834,21179.257255316366
0.229,590.2812888784465,7906.376603729422
0.229,1958.570907575215,61958.12198574131
0.229,3499.999999999999,187474.39333237935
0.229,3499.999999999999,247335.00000000003
0.229,765.9766528434287,13845.26722934423
0.229,3499.999999999999,229523.76181563424
0.229,1785.6371411907849,55112.05317351186
0.229,636.9474075620374,11555.366934892205
0.229,1050.9999999999998,14618.000000000004
0.229,1329.0,47819.00000000001
0.229,3499.999999999999,298491.0
0.229,3499.999999999999,216198.74773232255
0.229,422.4926034855521,3661.8850336950763
0.229,897.4205980297768,21922.206216826344
0.229,2184.147430921274,59822.153296249686
0.229,1584.779929107056,58875.374608310514
0.229,2262.278891571923,96929.12842934471
0.229,2829.37818000375,113160.30072383481
0.229,927.9008567729635,19615.59573400717
0.229,3499.999999999999,215654.99999999997
0.229,1090.10435673515,23234.66169122197
0.229,1613.173715770947,31342.992575903572
0.229,3499.999999999999,64680.073794662676
0.229,3499.999999999999,120116.99999999999
0.229,2685.1443164195107,107692.15644604765
0.229,3499.999999999999,74366.00000000001
0.229,3499.999999999999,165879.01943776655
0.229,3499.999999999999,129008.99999999999
0.229,1410.8365623348852,42595.50902181445
0.229,1178.2309370175158,14402.228253576408
0.229,1289.0846419826933,17205.957351945177
0.229,3499.999999999999,205939.00000000003
0.229,3499.999999999999,95031.29221998405
0.229,1357.0278229894934,15822.459277540338
0.229,3499.999999999999,112994.94014772426
0.229,3499.999999999999,179661.99999999994
0.229,3499.999999999999,163246.0
0.229,1554.3565937089152,29582.12786698789
0.229,1961.2496016570656,54183.625201715666
0.229,2288.9673267632184,96806.12500769578
0.229,769.6777578557069,13428.236015501448
0.229,2285.1695779525867,97588.91273090399
0.229,1789.3788612946184,55570.01511014432
0.229,3499.999999999999,161374.00000000006
0.229,453.9999999999999,6847.0
0.229,2129.7887219158624,83265.89156431345
0.229,1937.9112466777212,89057.88971225405
0.229,1121.0,25789.999999999985
0.229,3499.999999999999,244890.00000000006
0.229,3499.999999999999,152631.1896304217
0.229,3499.999999999999,141851.16446473036
0.229,3499.999999999999,65360.000000000015
0.229,81.0,1254.0
0.229,3499.999999999999,141531.99999999994
0.229,1388.873714560139,40950.786761066964
0.229,1424.878088550262,41934.350458436995
0.229,3499.999999999999,308409.9999999999
0.229,2567.102772544751,120296.03409191911
0.229,1103.3612282475763,16863.63306052407
0.229,2083.9525745423202,61358.556521868704
0.23,611.9640512317696,5569.386142116563
0.23,3499.999999999999,138558.9665840734
0.23,2671.4228418578746,135708.52723392143
0.23,1254.0667548555812,28824.18454653612
0.23,1287.0518013148858,34872.73487777038
0.23,3499.999999999999,129662.83117204123
0.23,500.5535440881913,4519.262807069462
0.23,180.0,799.9999999999998
0.23,2156.8832089910156,83604.43583142608
0.23,3499.999999999999,150363.85142712988
0.23,1765.9999999999995,103498.00000000004
0.23,965.12849669911,19442.023405396758
0.23,664.0783086353596,11161.61063646282
0.23,1640.0000000000002,47370.0
0.23,793.7253933193771,19269.00389226179
0.23,1870.3520074757084,57534.895213067866
0.23,1356.8345514468595,27011.02441596763
0.23,1248.8522798466206,21404.573325885427
0.23,540.0,2785.0
0.23,3499.999999999999,258788.99999999994
0.23,257.3829831204852,4035.239150285891
0.23,434.92622168842104,8020.5431593377825
0.23,927.8620587134707,31751.243707924245
0.23,757.6278769950325,21136.24659205129
0.23,3499.999999999999,63170.00000000003
0.23,1810.143604490931,67745.19737181537
0.23,3499.999999999999,128532.42513467169
0.23,1269.7999842494885,25674.290272566446
0.23,1109.7109343458485,20921.80116059149
0.23,1935.2002480363624,67379.03400910401
0.23,1159.310139695155,17640.766394916063
0.23,3499.999999999999,112323.00000000003
0.23,2423.8373391783316,120599.12124682551
0.23,3499.999999999999,139603.46537804714
0.23,3499.999999999999,100663.85561858834
0.23,2593.9823266149733,135890.83253207017
0.23,1931.9373460643203,53710.63810626422
0.23,1425.0,19263.999999999996
0.23,3499.999999999999,184385.0
0.23,1162.662891813444,18025.7711346838
0.23,1938.8140705080516,51077.19858214622
0.23,2829.888161662237,96201.784653033
0.23,3499.999999999999,203094.9999999999
0.23,3499.999999999999,178184.01354696383
0.23,1743.9896788685421,53272.0123798604
0.23,3499.999999999999,156124.99999999997
0.23,2598.3223891801053,100389.30410257491
0.23,3499.999999999999,113286.00000000003
0.23,1969.2638218379984,68022.5675199047
0.23,3499.999999999999,215888.7261530811
0.23,2567.102772544751,73416.57836126325
0.23,2577.8660052680452,68601.20053704685
0.23,757.0000000000001,2667.0
0.23,753.6762441960152,14072.591085809054
0.23,1242.1802394703586,31343.601133339216
0.23,3499.999999999999,83317.29582745707
0.23,3499.999999999999,198386.99999999997
0.23,1971.876384803165,61984.51442277672
0.23,2642.3297845126845,88980.7156954251
0.23,2826.825509743875,66974.18136559532
0.23,897.4205980297768,17522.475799818527
0.23,3499.999999999999,150467.0960177008
0.23,3499.999999999999,169863.00000000006
0.23,3499.999999999999,188445.2693375762
0.23,2626.5264458119314,75799.94419460268
0.23,3499.999999999999,212268.9999999999
0.23,494.8583321051814,9088.783612541825
0.23,1050.9999999999998,45702.00000000001
0.23,3499.999999999999,262542.99999999994
0.23,3499.999999999999,114533.99999999994
0.23,1885.7359306117069,35078.449338589635
0.23,2406.8919332067594,80184.80534977184
0.23,1227.5457263575674,43791.800570760475
0.23,3499.999999999999,90513.00000000003
0.23,463.2493928760188,6750.2473288021065
0.23,1564.803529804143,52348.72753321024
0.231,3499.999999999999,143835.96135528843
0.231,3499.999999999999,59298.99999999999
0.231,1158.723824431879,19182.397067698123
0.231,3499.999999999999,215048.06705272553
0.231,3499.999999999999,60874.00000000002
0.231,3499.999999999999,161616.3078900146
0.231,3499.999999999999,82623.48202539033
0.231,911.0,10465.000000000004
0.231,370.3823650073218,4065.392536444287
0.231,1010.9999999999998,35035.999999999985
0.231,1379.486565491421,35841.32769804654
0.231,3499.999999999999,128332.74798351356
0.231,1114.6195559252128,30203.071595602607
0.231,2402.3946386886564,63838.07147776315
0.231,607.3430982289336,9318.464354266554
0.231,1207.9999999999998,45008.99999999999
0.231,3499.999999999999,161517.93180846554
0.231,666.0,23103.000000000007
0.231,3499.999999999999,156148.30581213487
0.231,3499.999999999999,111238.00000000003
0.231,1888.5179374313605,83033.46646383012
0.231,3499.999999999999,163477.99999999994
0.231,1096.0,29038.0
0.231,439.99827823017705,4873.252611349961
0.231,1854.852226792755,58760.46397407758
0.231,1176.6610579849485,23756.771350168186
0.231,631.0,10943.000000000002
0.231,2598.9270720944605,74644.44710222736
0.231,3499.999999999999,139961.6767808312
0.231,1907.8784028338912,85097.56574661811
0.231,1306.7071318666108,32072.407952289766
0.231,1587.1444767766168,52386.99261962379
0.231,1036.8736239425796,9700.042227300486
0.231,3499.999999999999,99270.99999999997
0.231,1962.0,48802.99999999999
0.231,1430.3608054862598,40988.721813853
0.231,2339.658094679648,75607.62702267547
0.231,993.2883883792688,13981.208029206078
0.231,2842.5784128514856,69649.20010548134
0.231,3499.999999999999,126805.16771143243
0.231,382.125633790773,9467.569645901736
0.231,2011.4671262538689,101005.6547179414
0.231,3499.999999999999,127913.63605182989
0.231,1728.8724649319856,49640.312710538004
0.231,2535.9413101270798,59489.46498695485
0.231,1023.0,26795.999999999996
0.231,3499.999999999999,118413.00000000006
0.231,999.8499887483124,11655.417195450356
0.231,806.8457101577725,23870.568908176436
0.231,2541.4425434671994,80096.40724288923
0.231,2776.9024712643322,117901.24426697544
0.231,151.2249979335427,736.9111208280142
0.231,300.22658110167396,4951.990306937202
0.231,3499.999999999999,198675.00000000003
0.231,619.6850637768497,14576.470297009959
0.231,1170.2333100711153,25917.815725867018
0.231,484.25200051213,4781.968004911786
0.231,2339.658094679648,49786.19525531148
0.231,1457.27159798791,34681.401231028256
0.231,3499.999999999999,85628.99999999999
0.231,3499.999999999999,151318.00000000003
0.231,182.0,3629.9999999999995
0.231,863.4234187233975,7749.47482091529
0.231,3499.999999999999,152376.50877021707
0.231,3499.999999999999,217165.99999999994
0.231,367.33363581354763,2658.914064049456
0.231,3499.999999999999,116428.95632101147
0.231,916.0473539460966,18172.641763941265
0.231,3499.999999999999,127347.2126275248
0.231,3499.999999999999,97079.99999999999
0.231,1047.9999999999998,60519.99999999999
0.231,66.0,648.9999999999999
0.231,465.8325879540846,11137.336485892849
0.231,1506.0,19233.999999999996
0.231,2178.5316155612704,63945.03483461404
0.231,603.697648514689,8047.285652182121
0.231,3499.999999999999,132434.1654942732
0.231,1509.9947019774604,44478.39245071704
0.231,2268.259244442751,64445.320078342396
0.231,1367.9999999999998,36061.999999999985
0.231,3499.999999999999,270441.0
0.231,1274.0101132272089,31382.829943880733
0.231,2059.6116138728676,53210.78728040019
0.231,1908.795431679361,33926.432615292746
0.231,2219.12144778063,56260.45565048333
0.231,1407.6170905674649,40027.94513558527
0.232,386.0,10704.999999999996
0.232,1880.1595676963161,74399.47702101133
0.232,2850.907855408625,91388.6935548118
0.232,2425.5927110708417,72791.74369391077
0.232,3499.999999999999,184353.83377087195
0.232,892.3215073015838,25294.879013234753
0.232,1195.0,35866.99999999999
0.232,3499.999999999999,138470.99999999997
0.232,1436.0540116192954,32387.779826275135
0.232,1630.9109540366433,44749.881067780116
0.232,1203.9999999999998,11074.000000000002
0.232,1695.1401122031186,35342.68640044217
0.232,3499.999999999999,136714.29453425863
0.232,2407.4277980594484,97607.12750083486
0.232,3499.999999999999,133616.28305831135
0.232,2695.5518915428056,136454.93526435745
0.232,3499.999999999999,288758.99999999994
0.232,1261.0,60624.000000000015
0.232,3499.999999999999,147593.74115941583
0.232,3499.999999999999,129905.00000000004
0.232,2320.4849362830773,68380.08170817031
0.232,1379.505003453746,24163.787912252552
0.232,1002.9615676805147,22511.883430210168
0.232,3499.999999999999,107587.08627182052
0.232,3499.999999999999,155779.46767144895
0.232,907.448473828005,32829.72528673163
0.232,2834.7011260604154,107140.50027715812
0.232,1931.4743708323772,50762.375296775084
0.232,1042.0000000000002,47292.00000000002
0.232,3499.999999999999,126962.17286656686
0.232,1085.4358571560088,17372.01951414975
0.232,1586.6006935791393,32021.774432994294
0.232,66.0,796.0000000000001
0.232,534.9733587921668,12064.314190343472
0.232,1449.6405855655842,24657.203594312483
0.232,3499.999999999999,78544.00000000003
0.232,3499.999999999999,146580.00000000003
0.232,3499.999999999999,154880.05677620333
0.232,3499.999999999999,87807.0
0.232,3499.999999999999,118291.99999999999
0.232,787.4642849044013,31208.44371320045
0.232,676.6920512153855,14204.651517862536
0.232,2796.871505774687,124658.9778489538
0.232,2279.8026230356,57282.22390934209
0.232,929.8862928001876,27022.30797577966
0.232,2675.9859456518684,59789.43886305713
0.232,3499.999999999999,113307.93718447087
0.232,3499.999999999999,58370.99999999999
0.232,3499.999999999999,125170.29857880564
0.232,65.0,648.0
0.232,3499.999999999999,158633.93029235583
0.232,3499.999999999999,125810.99999999994
0.232,3499.999999999999,122011.99999999999
0.232,1907.8784028338912,113449.65809556236
0.232,2450.7141816213493,134716.83480545407
0.232,3499.999999999999,211787.87699016207
0.232,2003.0,134597.99999999997
0.232,3499.999999999999,166156.00000000003
0.232,3499.999999999999,198623.94638109484
0.232,1085.0470424660318,29604.99294940823
0.232,3499.999999999999,166281.0444638835
0.232,1098.556923099466,15951.244686204942
0.232,1809.924602335289,80401.35109639907
0.232,3499.999999999999,213408.13876232563
0.232,3499.999999999999,102687.48974436954
0.232,2218.2199024554193,85457.32972476342
0.232,3499.999999999999,159959.8502624956
0.232,543.4997700091509,7846.227437437692
0.232,3499.999999999999,102448.00000000004
0.232,2212.8036514792716,65682.26450876976
0.232,749.5118411339475,5888.04721448461
0.232,1689.3226484927259,34952.91457160169
0.232,3499.999999999999,115897.0
0.232,3499.999999999999,177448.96502656766
0.232,3499.999999999999,231155.49983506766
0.232,3499.999999999999,224129.99999999997
0.232,1155.5535470068014,38166.488022871585
0.232,306.6219170248598,6326.383010852251
0.232,2177.728174038257,67964.95943499116
0.232,2068.0909070928183,46258.201348517636
0.232,3499.999999999999,136050.05170490657
0.232,3499.999999999999,234211.0
0.232,1877.0000000000002,52735.0
0.232,1357.7856973764308,22396.032952288686
0.232,357.2897983430257,2357.002121339733
0.232,1704.4060549059313,52405.18581209308
0.232,3499.999999999999,183941.85973749112
0.233,66.0,780.0000000000001
0.233,1025.0,29031.0
0.233,3499.999999999999,71576.00000000003
0.233,1306.0,34935.00000000001
0.233,932.5528196882235,12842.262607257973
0.233,3499.999999999999,288124.0
0.233,1548.3862567202018,46693.09049527563
0.233,525.8326730053963,3712.42441000487
0.233,1818.6084036936911,67380.75912449582
0.233,3499.999999999999,104356.55554875315
0.233,2088.3007446246816,39427.254811868384
0.233,3499.999999999999,115456.38657086059
0.233,1941.5200230747039,55952.883804143654
0.233,1965.705980048898,42425.141249028246
0.233,2016.6804407243103,71196.30805034768
0.233,3499.999999999999,281496.00000000006
0.233,2189.476080744707,77936.00010037328
0.233,3499.999999999999,68411.00000000001
0.233,2099.999999999999,48407.15777651069
0.233,3499.999999999999,136299.16293226794
0.233,1866.369557979656,28801.158887707887
0.233,876.0,13420.999999999998
0.233,2387.536662357435,85292.33689738698
0.233,3499.999999999999,119078.0
0.233,2579.435908164303,83256.71125550287
0.233,602.0,16177.999999999995
0.233,1892.2097984684322,53701.84669667951
0.233,1073.0,17236.000000000007
0.233,3499.999999999999,71467.00000000001
0.233,101.0,103.0
0.233,3499.999999999999,115678.99999999997
0.233,3499.999999999999,156703.88920508642
0.233,1006.1958653026497,33254.70925426295
0.233,585.6620185738528,5157.203893584197
0.233,1310.0576323200437,27874.216473293018
0.233,603.3241251599342,3710.6713678255064
0.233,1552.4979871162477,30011.964514173353
0.233,1225.9999999999998,61415.00000000001
0.233,3499.999999999999,179919.99999999997
0.233,2039.1174561559708,39051.716351525436
0.233,1005.0000000000001,24316.99999999999
0.233,2528.09638762836,100382.13872209785
0.233,3499.999999999999,121690.64931548682
0.233,1100.4866228984824,24334.892785452703
0.233,3499.999999999999,148947.9960556704
0.233,2673.184742246738,111003.9352683331
0.233,1217.9053459337877,52168.5713880546
0.233,1549.9999999999998,27522.000000000004
0.233,1539.3447732965885,32593.985635223715
0.233,421.80911232211383,5757.935220487411
0.233,81.0,1765.9999999999995
0.233,1018.9999999999998,24315.000000000004
0.233,2666.42568755191,116359.8895870223
0.233,356.03089753559317,4512.721684305381
0.233,712.7382193079758,15106.92984229093
0.233,458.2575694955839,11001.787309342062
0.233,3499.999999999999,127254.00000000001
0.233,1334.481649632234,34523.21137847818
0.233,3499.999999999999,121667.00000000003
0.233,1197.833840759043,36211.79548850145
0.233,3499.999999999999,211068.00000000003
0.233,3499.999999999999,103791.63031506902
0.233,1946.0635768170594,52323.307804770455
0.233,292.0895453149263,1130.043833629993
0.233,822.7402275475924,13172.662600252897
0.233,3499.999999999999,179999.750055382
0.233,2044.260257403641,70189.49350864417
0.233,3499.999999999999,218290.00000000006
0.233,1720.0902471077295,61993.994963624486
0.233,3499.999999999999,81365.42282812766
0.233,2317.447648863758,79463.36739950368
0.233,1470.0985601274724,28326.13454940473
0.233,774.012624235733,17475.900970587056
0.233,1264.3675592127654,11578.783811907939
0.233,3499.999999999999,186081.50581129754
0.233,2387.536662357435,79795.76026108282
0.233,3499.999999999999,208021.6442104041
0.233,3499.999999999999,201572.99999999994
0.233,2885.549562787572,117093.20929717319
0.233,818.8032811119699,8248.669377807702
0.234,1139.0000000000002,19386.000000000007
0.234,292.67760319675494,4052.711959866475
0.234,1949.7895893942118,50743.17501807255
0.234,3499.999999999999,190530.7243333736
0.234,1133.0000000000002,25526.000000000007
0.234,1274.9999999999995,20899.000000000004
0.234,3499.999999999999,133024.4981197073
0.234,430.0,8093.000000000002
0.234,2483.220970948171,70126.12846194272
0.234,3499.999999999999,193204.0
0.234,265.0830058679733,2924.3534328121145
0.234,3499.999999999999,210682.00000000003
0.234,1015.5562265359455,28188.75189133126
0.234,3499.999999999999,76987.0
0.234,3499.999999999999,116987.69481828899
0.234,3499.999999999999,153425.8256943726
0.234,1279.1732535579265,44678.459776398304
0.234,591.6079783099615,3509.8133853525596
0.234,1254.0667548555812,38257.08869485589
0.234,3499.999999999999,161442.00000000003
0.234,1304.2991718564472,40092.95115650487
0.234,775.9999999999999,38685.99999999999
0.234,1164.7747112976135,26161.083569799383
0.234,3499.999999999999,257735.99999999997
0.234,89.0,100.0
0.234,719.7221686178632,5072.59844655577
0.234,1724.448503095947,49933.755820120416
0.234,1170.0,18543.999999999996
0.234,1330.9999999999998,21161.000000000007
0.234,1384.5663581063927,24960.015624995096
0.234,501.7268292557099,4153.725779734255
0.234,3499.999999999999,56234.0
0.234,2478.576945469963,69406.7538958535
0.234,774.8027246753327,18970.822623252414
0.234,2815.0234142926774,85162.68881705916
0.234,1833.311588570459,62967.29875108417
0.234,2505.534405766889,68620.05206376531
0.234,699.0000000000001,41047.99999999999
0.234,576.6281297335397,7423.046813809006
0.234,3499.999999999999,184028.90279790288
0.234,2343.7589036698787,76953.73830592234
0.234,3499.999999999999,152946.00000000006
0.234,3499.999999999999,127484.99999999994
0.234,614.8170459575759,15314.366196483621
0.234,1246.0,30262.0
0.234,3499.999999999999,96708.59126261741
0.234,3499.999999999999,192631.00000000006
0.234,2271.5476517950037,103220.8987988465
0.234,1980.7826735914266,26313.211035523585
0.234,892.0686091903747,32494.57693814012
0.234,2635.880762281441,110749.33964631316
0.234,3499.999999999999,119546.44820319838
0.234,96.0,115.99999999999999
0.234,3499.999999999999,188984.0
0.234,1840.2913842254402,38819.63000672186
0.234,3499.999999999999,183667.78745332555
0.234,1101.1695549493777,23553.988753852806
0.234,582.512878321745,13245.32353981896
0.234,3499.999999999999,198026.99999999994
0.234,855.6481653440613,16810.35468874154
0.234,1201.0,38097.0
0.234,3499.999999999999,187573.05902501024
0.234,1902.3669467271552,59653.35922645097
0.234,1356.8345514468595,42860.11068581132
0.234,2468.5015697787185,67878.06326052622
0.234,1344.0000000000002,48261.00000000001
0.234,2190.3942511723276,83912.50993358412
0.234,64.0,464.00000000000006
0.234,1919.0000000000002,57470.00000000003
0.234,3499.999999999999,114430.06015897763
0.234,3499.999999999999,72596.41332049402
0.234,3499.999999999999,202261.9999999999
0.234,2935.99606129148,139192.59659498374
0.234,1786.0000000000002,25518.00000000001
0.234,3499.999999999999,87219.94204882278
0.234,1480.3197688167897,24895.364575556185
0.234,3499.999999999999,145676.52985982335
0.234,1897.761839641634,86091.13485138869
0.234,1456.627007600736,37418.55753362708
0.234,1463.7967233095624,46748.73555962391
0.234,1121.0,49468.00000000001
0.234,2506.834631431381,90867.05674562538
0.234,860.5891042106657,20312.958620320172
0.234,1391.7362722854652,34356.98654630461
0.235,96.0,789.0
0.235,2658.604993371004,97461.16622687837
0.235,3499.999999999999,130403.99999999997
0.235,1155.9999999999998,30725.00000000001
0.235,1913.6907345760776,71945.00761067998
0.235,476.94137514982583,9603.498995428567
0.235,711.0,14716.000000000005
0.235,154.0,4848.999999999999
0.235,356.99999999999994,684.9999999999999
0.235,339.00000000000006,4765.999999999999
0.235,1713.3656177064418,33323.735938303995
0.235,979.2854537876075,39350.0385768553
0.235,1503.3712116440174,44654.85501040175
0.235,2362.928591652728,78487.57659849888
0.235,3499.999999999999,116435.07148192078
0.235,830.5520935029044,14431.649578911776
0.235,465.8325879540846,6785.183858968008
0.235,1750.9997144488632,37444.76865998774
0.235,752.9940238806681,18639.949517099027
0.235,3499.999999999999,141550.19645341366
0.235,907.448473828005,23736.860858101416
0.235,881.9447349264111,19147.947719313204
0.235,3499.999999999999,83512.99999999999
0.235,1158.723824431879,15483.002265540927
0.235,3105.887293830837,137663.67437352097
0.235,1107.0000000000002,33637.999999999985
0.235,1957.6771950451885,38534.70552631747
0.235,971.8556320265195,24671.410905485067
0.235,3499.999999999999,109553.00000000004
0.235,65.0,465.00000000000006
0.235,3499.999999999999,112659.51517736967
0.235,1290.9694111540143,30136.44990576255
0.235,3499.999999999999,162558.9370043985
0.235,3499.999999999999,61807.00000000001
0.235,3499.999999999999,147158.88927278572
0.235,1291.3392737128227,33049.89932967689
0.235,62.0,578.0
0.235,166.66133324799725,262.8307440159922
0.235,1576.7470326210487,56812.01742873754
0.235,556.0,5719.999999999998
0.235,2168.8706738761534,32407.361663671436
0.235,3499.999999999999,145264.58513347292
0.235,2590.9063312529565,96584.72439745396
0.235,3499.999999999999,268957.9999999999
0.235,225.99999999999997,730.0000000000001
0.235,3499.999999999999,86928.0
0.235,2579.435908164303,83369.9597075792
0.235,3047.275112195836,125776.94148342092
0.235,1179.0893444115695,27364.476740592938
0.235,1159.0,49830.00000000001
0.235,242.5047851155164,2173.5860250273254
0.235,3499.999999999999,103074.99999999997
0.235,1982.548864467153,72485.91283828876
0.235,584.5446574800269,18072.524583147548
0.235,2152.7280970629013,64985.824928002694
0.235,1680.9999999999998,41718.999999999985
0.235,3499.999999999999,188303.00000000003
0.235,2059.4055217402592,73061.55389414195
0.235,1274.8435533792579,31288.231485060704
0.235,1122.567584054519,25976.580481423418
0.235,3499.999999999999,137635.92884127318
0.235,1178.7705459503136,19090.644776958154
0.235,393.0,2279.0000000000005
0.235,1578.6069808536893,54073.73765516863
0.235,410.989050949049,5543.39733376564
0.235,2388.252780175532,68176.31541651214
0.235,3499.999999999999,159096.5306975611
0.235,3499.999999999999,58266.999999999985
0.235,3499.999999999999,181088.30331636543
0.235,3499.999999999999,133044.63796034767
0.235,3499.999999999999,59174.00000000002
0.235,2481.229533920632,82226.86630293046
0.235,2010.5969262883098,54425.71079921697
0.235,3499.999999999999,239187.0
0.235,2038.867274532505,60725.67159391114
0.235,3499.999999999999,124749.0
0.235,3499.999999999999,147536.208609671
0.236,1887.5910574062377,78026.09086709391
0.236,1718.2183078254589,28212.05922564166
0.236,491.0,8187.000000000002
0.236,1019.9577119466682,17216.522609104275
0.236,1972.8152473052307,110601.15970910981
0.236,1316.0000000000002,46086.99999999999
0.236,1914.0000000000005,124153.00000000004
0.236,345.08694556589643,1813.563618955784
0.236,3499.999999999999,106935.41482595941
0.236,1942.1335509810128,79472.5542093277
0.236,673.731316093528,7839.996431606728
0.236,1593.3484935017962,45223.795481127294
0.236,2567.8785017987125,88897.09480629842
0.236,2484.544649754788,78766.19491525981
0.236,3499.999999999999,232618.0000000001
0.236,1494.0000000000002,29123.0
0.236,3499.999999999999,166786.25568373423
0.236,1920.6769639895192,69246.26392809943
0.236,1572.8586938524404,33392.166932512395
0.236,3499.999999999999,158556.00000000003
0.236,525.9039836319935,7204.35410012584
0.236,1013.9830876942988,26317.15567794092
0.236,3499.999999999999,185440.0
0.236,2601.0574772580476,66488.88707896986
0.236,3499.999999999999,172916.00000000003
0.236,585.6620185738528,4630.246213755809
0.236,1164.0,18602.999999999993
0.236,1102.2504252664182,26544.269927801743
0.236,3499.999999999999,120947.0
0.236,1597.8818325081415,54168.24534229918
0.236,1234.8618278692518,24405.475434646454
0.236,838.7490685538792,10255.800310068444
0.236,64.0,587.0000000000001
0.236,2153.485546735803,72926.5537647296
0.236,3499.999999999999,168089.51929254833
0.236,1924.3180610283737,43967.40961212066
0.236,3499.999999999999,126475.29844202787
0.236,1275.5022540160405,25238.768591197157
0.236,457.65816937972386,7687.818090980038
0.236,3499.999999999999,237283.0
0.236,3499.999999999999,161774.00000000006
0.236,3499.999999999999,138326.8997592297
0.236,1261.9429464123962,19075.992031870835
0.236,3499.999999999999,97065.0
0.236,1368.557331704329,34644.30386809828
0.236,3499.999999999999,89309.99999999999
0.236,3499.999999999999,86305.99999999999
0.236,3499.999999999999,173877.99999999994
0.236,1080.849729074783,36041.89060277073
0.236,3499.999999999999,262641.00000000006
0.236,3499.999999999999,178518.99999999994
0.236,3499.999999999999,140646.89064741656
0.236,1107.9873645488924,17393.95527187533
0.236,931.5939827997786,27923.117546580488
0.236,1583.5502072887602,33366.67466813929
0.236,734.9999999999999,12957.000000000002
0.236,1323.2949707627483,24656.11005045209
0.236,3499.999999999999,190138.9975256184
0.236,3499.999999999999,128841.26299477083
0.236,1512.5115875264373,43139.226558869566
0.236,938.8342764331358,26597.547212410922
0.236,3499.999999999999,152262.0
0.236,3499.999999999999,208536.585374342
0.236,3499.999999999999,42838.000000000015
0.236,2758.23427283238,85919.43589423824
0.236,535.0,9528.999999999998
0.236,2364.390348036467,61116.34962945084
0.236,1819.6153439669608,57020.22419282479
0.236,1996.6221475281702,66170.9527814131
0.236,66.0,695.0000000000001
0.236,3499.999999999999,67407.99999999999
0.236,108.0,165.0
0.236,3499.999999999999,185686.99999999997
0.236,3499.999999999999,80604.0097017512
0.236,3128.142601548123,175639.49357256535
0.236,1316.6317008199262,34316.92069847014
0.236,3499.999999999999,101133.51467243688
0.236,920.3260291874832,14779.60841835805
0.236,825.7384573822392,24277.647703185743
0.236,1658.338808485637,51084.38878796553
0.236,1509.0069582344543,36929.11631761583
0.236,1192.7791077982545,28676.06353738253
0.236,883.030828737412,13729.266078225539
0.236,918.422785970456,17129.983188600887
0.236,3499.999999999999,113507.00000000004
0.237,3499.999999999999,99307.0
0.237,3499.999999999999,115619.82762484993
0.237,629.7428046432925,6835.179002776734
0.237,119.44979596638731,1293.5154995175023
0.237,1980.7826735914266,41822.325951577615
0.237,3499.999999999999,212798.99999999997
0.237,3499.999999999999,182944.99999999997
0.237,3499.999999999999,125342.49579578916
0.237,1393.4733581952692,27720.389517465297
0.237,3499.999999999999,238283.64597680623
0.237,2679.925372095275,60614.27363253644
0.237,2644.0961639855987,100938.95630421703
0.237,1128.6518506607788,18774.092041960383
0.237,3499.999999999999,200945.40727272167
0.237,820.0963358045201,19373.63184846867
0.237,1908.9567356188538,72686.29296960625
0.237,1213.0000000000002,73816.00000000001
0.237,2023.6106344848065,125118.26098535728
0.237,356.53330840189403,3636.208602376933
0.237,1310.915710486376,22387.567174661912
0.237,3499.999999999999,181783.00000000006
0.237,2344.502010537577,63479.23286162735
0.237,467.6020919572637,5882.769332743355
0.237,2683.8405317753136,104680.08377910289
0.237,3499.999999999999,106749.31016170542
0.237,3499.999999999999,176189.0
0.237,1016.0000000000002,28241.000000000007
0.237,1142.336282425572,25509.708623043087
0.237,870.3486513814232,12838.306610463582
0.237,829.8598979666069,9262.443861676467
0.237,1980.7826735914266,49801.63561571046
0.237,2004.7898894459515,70756.7076052628
0.237,3499.999999999999,172557.39156582093
0.237,1818.6084036936911,47223.473770272605
0.237,551.0,15891.999999999993
0.237,3499.999999999999,120684.70583715235
0.237,2186.010680071367,71726.55318338686
0.237,986.4076236526154,18927.09391322397
0.237,526.0000000000001,9758.999999999998
0.237,1010.0,29547.999999999996
0.237,1506.5968272899026,17501.483422841622
0.237,2559.9819098389526,92536.13201341646
0.237,2041.6904760516472,57279.439836646416
0.237,620.4836822995428,15033.2592939788
0.237,334.245418816773,1259.653920725848
0.237,609.0976933136425,5615.799141707258
0.237,879.3482262031094,27866.963538356897
0.237,746.5745001668298,15883.72432624155
0.237,320.5089702332837,4883.1498031496
0.237,2776.3635319411837,77173.39227632752
0.237,222.00000000000003,7753.000000000003
0.237,1575.9999999999995,151666.00000000003
0.237,3499.999999999999,152235.99999999997
0.237,1320.591155505746,38122.44504225823
0.237,1094.0,25292.000000000004
0.237,2373.8480101099167,85072.94444773473
0.237,1219.631091765047,25238.626468173745
0.237,651.3082134024432,10871.931531466367
0.237,255.591705521136,3744.244034474346
0.237,3499.999999999999,177559.00000000003
0.237,2392.9061828663494,152143.9505238379
0.237,1247.9983974348684,26982.732441322547
0.237,2416.55224719211,89540.45936320111
0.237,389.0,4534.0
0.237,2041.6904760516472,55224.066420356976
0.237,3499.999999999999,159365.0
0.237,3499.999999999999,112527.0
0.237,1207.1589730270782,34950.083956448085
0.237,2490.4838229100997,70031.08722083672
0.237,1261.0,22433.000000000007
0.237,3499.999999999999,97132.99999999997
0.237,52.0,412.0
0.237,1947.8192934664132,77579.37979901621
0.237,1887.5910574062377,49473.29097604077
0.237,953.1177347829257,22109.19073034963
0.237,1225.875197562949,33223.0113626083
0.237,2834.7011260604154,99361.29643029248
0.237,2186.54979362465,86218.64816267994
0.237,2186.54979362465,97357.41731886695
0.237,573.5852159879994,14079.424206976653
0.237,3499.999999999999,306424.99999999977
0.237,1213.8780828402823,13787.594423974038
0.237,2454.2819723902953,95088.68189747931
0.237,3499.999999999999,220027.99999999997
0.237,1541.0000000000002,111852.00000000001
0.237,3499.999999999999,210457.00000000006
0.237,1310.915710486376,32068.777650543536
0.237,472.0,5642.000000000002
0.237,753.4908593308425,9130.150325124165
0.238,3499.999999999999,167267.98854845302
0.238,1258.4561970922946,21636.883324545626
0.238,2081.3157355833223,61510.29641661804
0.238,458.2575694955839,9375.310394861597
0.238,1178.935112718253,19299.364497309227
0.238,3499.999999999999,255383.30358306502
0.238,1596.8897893602286,47112.55133304706
0.238,1152.0,28679.000000000015
0.238,3499.999999999999,231864.00000000003
0.238,3499.999999999999,136348.00000000003
0.238,2587.9994290613604,100552.98091008431
0.238,2409.822223970739,71404.01077231152
0.238,747.9856346197836,9540.268817234362
0.238,57.99999999999999,445.0
0.238,2407.4277980594484,64415.86717014229
0.238,1112.7856936535445,32300.349765908108
0.238,1832.9999999999995,14941.000000000002
0.238,1917.9416049504741,53685.27975152968
0.238,2041.0000000000005,74407.0
0.238,1047.0000000000002,62020.00000000001
0.238,3499.999999999999,80356.0
0.238,1130.6791020669614,31222.26029361255
0.238,1090.0,35793.000000000015
0.238,3499.999999999999,109984.99999999994
0.238,476.9696007084728,11088.424595045048
0.238,1085.9999999999998,9389.999999999998
0.238,1318.2341708029578,35202.358249243865
0.238,1262.426235468829,30496.35988113993
0.238,406.5710355472744,8241.825388162182
0.238,1792.9736022483244,48171.25629304173
0.238,61.0,498.00000000000006
0.238,2102.498513673672,134769.80609914075
0.238,3499.999999999999,103101.07372396084
0.238,3499.999999999999,137558.0
0.238,1288.0,43879.999999999985
0.238,3499.999999999999,75895.0
0.238,2031.271215557504,50603.40964144665
0.238,3499.999999999999,135356.6110834636
0.238,3499.999999999999,106354.0
0.238,3499.999999999999,125795.494315178
0.238,1659.1113935727453,58129.545384496654
0.238,1366.0000000000002,28641.000000000007
0.238,1778.2094944008743,51808.75129417565
0.238,3499.999999999999,190878.37930656233
0.238,1523.728322241206,62474.77859104423
0.238,1876.432785899884,39119.37682274604
0.238,1710.1549054294064,31460.061181060497
0.238,1383.2003935085186,25440.329901858157
0.238,1924.79053916211,56816.189341608864
0.238,1259.0000000000002,41468.99999999999
0.238,2596.4352677258057,71453.05123256282
0.238,1695.1539033541078,29649.75840514611
0.238,3499.999999999999,88421.99999999999
0.238,3499.999999999999,135578.99999999994
0.238,2467.792535850613,62764.11171999486
0.238,3499.999999999999,109648.30687090721
0.238,3499.999999999999,254796.0
0.238,1268.7616009321846,31693.067996014524
0.238,3499.999999999999,119813.57479851777
0.238,3499.999999999999,119951.43142065762
0.238,777.8416018135882,20544.67587459748
0.238,2697.539250910377,131031.0289697165
0.238,1016.0000000000002,23861.000000000004
0.238,3499.999999999999,90356.0
0.238,2443.520292683613,63351.925464716966
0.238,3499.999999999999,132513.0
0.238,3499.999999999999,183818.73816344177
0.238,1191.0000000000002,38669.99999999999
0.238,3499.999999999999,94970.51632480472
0.238,2686.6164393102777,117849.22093989752
0.238,1263.3289357883007,31344.772642340224
0.238,1714.730923057471,36306.67166408185
0.238,1003.9999999999998,18602.000000000004
0.238,3499.999999999999,144050.0
0.238,636.1940457172685,6870.616366709565
0.238,3499.999999999999,231993.99999999997
0.238,3499.999999999999,104484.99999999997
0.238,3499.999999999999,117117.00000000006
0.239,1261.0,37919.999999999985
0.239,377.99999999999994,5635.0
0.239,3499.999999999999,316188.0000000001
0.239,3499.999999999999,240914.00000000003
0.239,2630.0686338269293,92648.07621339036
0.239,358.6502474556514,2096.66401695646
0.239,299.1454495726118,1863.2345531360243
0.239,3499.999999999999,152963.69886021977
0.239,1929.766825292631,59723.4393266161
0.239,3499.999999999999,126327.32569005013
0.239,2501.3169590058797,53707.79053141903
0.239,264.8395740821224,3841.4164054421385
0.239,1727.5315508396386,60260.45524631211
0.239,1200.154573377946,35403.70843569921
0.239,2635.940670003144,87340.2413648282
0.239,634.4288770224761,11427.06471496508
0.239,1972.26659055871,63063.43872343201
0.239,3499.999999999999,89358.00000000001
0.239,3499.999999999999,133641.99999999997
0.239,481.59124515412134,8844.259973847053
0.239,350.99999999999994,4076.0
0.239,748.0,13944.999999999996
0.239,3499.999999999999,96194.28842712022
0.239,1016.0000000000002,24704.000000000004
0.239,1863.68219767217,79315.11858112128
0.239,562.6864030927745,7894.94278894488
0.239,1979.8989873223327,50573.922381005796
0.239,2071.4729059294987,120036.13977465288
0.239,1644.0000000000005,63609.0
0.239,2369.4923159024306,80875.98163397828
0.239,65.0,659.0
0.239,3499.999999999999,158277.13477315655
0.239,3499.999999999999,221946.6927485066
0.239,1593.7668304749657,40732.55681342282
0.239,3499.999999999999,142566.13459373874
0.239,954.4535447352163,24078.823522605064
0.239,2555.7795351808727,136917.5649349833
0.239,3499.999999999999,102670.69530046373
0.239,990.0,23009.999999999996
0.239,3499.999999999999,73858.00000000001
0.239,3499.999999999999,182242.0000000001
0.239,3499.999999999999,186792.0
0.239,2121.654804526358,62084.289974747364
0.239,64.0,778.0000000000001
0.239,2856.157815193257,116822.15318729299
0.239,1067.405130996662,16446.988850891277
0.239,1919.7656106931386,95687.93670050574
0.239,3499.999999999999,149458.9808074443
0.239,1980.7826735914266,58990.55521013512
0.239,3499.999999999999,131936.0
0.239,2922.672070856344,145583.70816657745
0.239,3499.999999999999,166464.99999999994
0.239,1994.868416713242,73358.40749361999
0.239,1821.0,78308.99999999999
0.239,3499.999999999999,111504.99999999997
0.239,262.9068276024797,3254.26981057195
0.239,1046.0,13671.999999999995
0.239,1185.0,30747.000000000007
0.239,1868.4684859102426,34439.42258555127
0.239,3499.999999999999,145304.86580290413
0.239,797.0000000000001,10968.999999999996
0.239,3499.999999999999,188308.8438071883
0.239,135.0,1785.0000000000005
0.239,1433.047801017119,36250.27591619134
0.239,469.57427527495577,13930.145871454471
0.239,3499.999999999999,182929.00000000006
0.239,469.57427527495577,9703.436092436528
0.239,1001.0559512726334,16752.308207655016
0.239,2986.7269879186197,93153.70773502775
0.239,2374.2763588780886,68769.14031608713
0.239,253.27455458454565,3145.5266649640716
0.239,1830.1639270841285,59652.64227173849
0.239,1855.9999999999995,88827.00000000001
0.239,2249.7102156264227,90584.15700000439
0.239,1517.7778781263787,35364.52977605353
0.239,620.4836822995428,5464.2117455311
0.239,3499.999999999999,152193.00000000003
0.239,1142.584788976293,26322.38157918086
0.239,1278.7465184210396,22923.909995677077
0.24,98.83319280484669,366.9332364340957
0.24,1228.764706000579,31148.775776011968
0.24,3499.999999999999,192305.99999999997
0.24,3499.999999999999,134574.7989706839
0.24,1526.8836474177572,43904.32468952974
0.24,3499.999999999999,128907.00000000001
0.24,1314.0,39324.0
0.24,3499.999999999999,148788.94425998194
0.24,1592.4748035683326,42325.25061945882
0.24,3499.999999999999,137511.28959107326
0.24,1751.0000000000002,64472.99999999999
0.24,817.5556563721161,16969.5417857835
0.24,644.6829615848318,11604.196692980417
0.24,2219.3971543078865,80211.63679028508
0.24,2376.0198759234722,75108.00242686474
0.24,3499.999999999999,289859.0000000001
0.24,1079.0,24007.999999999993
0.24,3499.999999999999,93988.0
0.24,414.65447603362054,7327.588033040848
0.24,2827.14185577386,111074.37850208
0.24,259.6728711282717,2569.700955364262
0.24,3499.999999999999,53994.11251238416
0.24,275.99999999999994,1439.9999999999998
0.24,187.0,2595.0
0.24,1651.1394001846295,38553.4739082829
0.24,626.0990336999411,11252.228890313241
0.24,184.51558199783562,1749.817990535016
0.24,2652.7512589779462,73594.98295783451
0.24,3499.999999999999,153251.26593334295
0.24,237.35205918634875,2457.6769519202476
0.24,686.3121464954943,14444.0226477973
0.24,1497.890516693393,59478.103264983154
0.24,327.432435778742,1318.641725412934
0.24,1174.0,23347.000000000007
0.24,3499.999999999999,145596.69273533678
0.24,3499.999999999999,261378.00000000003
0.24,2151.046257057248,49844.59327750603
0.24,369.1828815099638,5795.507225429025
0.24,2513.315618472017,68554.86197268165
0.24,3499.999999999999,211174.18333925196
0.24,3499.999999999999,183597.99999999994
0.24,1528.5634744695785,25731.960000589963
0.24,2811.92827885091,99066.66554455782
0.24,1582.4294820670125,33956.47796167887
0.24,692.4593850905626,6122.81405891115
0.24,2179.3347608846148,45341.61232245718
0.24,382.34800901796257,7369.9084119139525
0.24,1276.876680748496,36051.02346950154
0.24,3499.999999999999,163492.93834291428
0.24,3499.999999999999,89994.31523962888
0.24,1974.5885647394996,64656.92423863044
0.24,1626.0000000000002,38780.0
0.24,3499.999999999999,143915.99999999994
0.24,3499.999999999999,148895.00000000006
0.24,772.9105116961139,13419.084679535466
0.24,3499.999999999999,155444.00000000003
0.24,980.7137657293853,12176.47343412049
0.24,3499.999999999999,171637.17783161072
0.24,3499.999999999999,46667.00000000002
0.24,3499.999999999999,253370.9999999999
0.24,197.65596823583596,3600.3339453588515
0.24,3499.999999999999,205319.94685124955
0.24,1368.9999999999998,40227.99999999999
0.24,2499.8799564721944,94061.79628782214
0.24,3499.999999999999,226788.00000000012
0.24,3499.999999999999,109514.00000000001
0.24,2417.2512788328318,102639.28730914663
0.24,1824.0000000000002,30131.0
0.24,1243.4830115445889,24690.602422784254
0.24,518.5065091201844,4771.8198834406985
0.24,1874.5666165810164,56608.56002408118
0.24,2284.623256612874,48989.971397139925
0.24,1093.0,13866.000000000002
0.24,1016.0000000000002,23727.000000000007
0.24,3499.999999999999,94324.00000000003
0.24,2448.57101183527,72320.03781110737
0.24,1980.7826735914266,51381.021515730856
0.24,1713.4372229628748,36211.7092083633
0.24,1156.3961259015007,31426.89564688181
0.24,3499.999999999999,100531.0
0.24,2186.190837790646,53077.13015794385
0.24,1057.0000000000002,30812.0
0.24,747.0000000000001,15293.0
0.241,2101.0632182214886,51754.20539959636
0.241,3499.999999999999,189115.0000000001
0.241,910.9766915626988,17020.047248756466
0.241,201.46266037990185,3299.1161574236694
0.241,2536.3359398943976,57444.0830721494
0.241,2058.7617637793846,24367.899478617364
0.241,3499.999999999999,132125.99999999994
0.241,728.6158109731082,12689.760281423758
0.241,3499.999999999999,185051.01266947985
0.241,3499.999999999999,186281.0
0.241,3499.999999999999,179733.00000000003
0.241,1277.0000000000002,23201.000000000004
0.241,1025.3518522376203,10405.610191835389
0.241,3499.999999999999,86956.9512977542
0.241,3499.999999999999,136117.57623466552
0.241,1205.0,28671.999999999996
0.241,3499.999999999999,144021.92724653106
0.241,1348.1301718693344,58403.983077085875
0.241,1584.456669543254,59956.31381637106
0.241,118.0,1172.9999999999998
0.241,1589.1995183361912,54233.37756312998
0.241,1503.9120293999156,28246.369529008298
0.241,94.0,98.0
0.241,1196.983162673688,17874.240039714157
0.241,498.0321274777361,9052.380681345654
0.241,792.0227269466453,17050.157535929102
0.241,3499.999999999999,107114.00000000003
0.241,2635.3552306177908,104546.04114059742
0.241,594.5586598477898,9937.780838798968
0.241,2102.4428242190747,77597.53858998114
0.241,2343.7589036698787,76854.79386693513
0.241,2042.5474290698858,65719.39602583092
0.241,516.5249267944384,8799.838180330364
0.241,723.3927065722237,14340.0255739726
0.241,1816.0215292879961,70267.5956663565
0.241,1693.8554290342158,58162.00414295706
0.241,3499.999999999999,82292.0
0.241,1044.8054953489855,14165.934843419553
0.241,3499.999999999999,109780.86711262581
0.241,3499.999999999999,201120.99999999997
0.241,1885.0000000000005,38624.00000000001
0.241,2585.3417705618126,86355.85596937418
0.241,2309.899331149447,101140.54414223773
0.241,3499.999999999999,93715.42455754013
0.241,816.7992180376953,18001.45067493742
0.241,1203.9999999999998,38143.00000000001
0.241,3499.999999999999,208444.0
0.241,197.0,2747.9999999999995
0.241,2569.061259904281,78150.98020357463
0.241,1978.1304304822772,36931.09053358699
0.241,1471.0,32647.000000000015
0.241,3499.999999999999,192914.8974724139
0.241,2252.7760652137617,94810.60237125382
0.241,290.3756188112218,1077.0450315562484
0.241,3499.999999999999,95219.03155926768
0.241,2241.8742159184576,131648.49997626257
0.241,3499.999999999999,122325.99999999996
0.241,980.5148655106286,19318.399883162474
0.241,2239.922121352304,78932.21194098984
0.241,1372.1231723136232,31562.603219633183
0.241,1917.9416049504741,36402.58974303888
0.241,3499.999999999999,136201.73361949675
0.241,62.0,602.0
0.241,863.5884239330913,9243.103216388072
0.241,1043.1548303104385,9167.404212752921
0.241,3499.999999999999,169766.19177563002
0.241,2019.2820506308678,72393.58717455567
0.241,1358.12370570578,23493.748061984497
0.241,630.8365646500312,16172.094073303526
0.241,3499.999999999999,119703.99999999996
0.241,1172.8171212938528,10224.288728317482
0.241,459.85006005224386,5556.705522474671
0.241,3499.999999999999,179854.2072534718
0.241,874.3194708573134,19421.913425904222
0.241,774.4542604507141,16835.157960647037
0.242,304.0,5053.999999999999
0.242,1994.868416713242,81597.71290912514
0.242,1159.310139695155,39912.0284876627
0.242,71.0,846.9999999999999
0.242,3499.999999999999,72529.00000000003
0.242,851.1756575466663,19633.048795334864
0.242,810.4270479197987,19006.875598056617
0.242,3499.999999999999,171458.00000000003
0.242,3499.999999999999,108126.00000000003
0.242,1431.590025111938,48310.288759228104
0.242,1288.0,31370.000000000004
0.242,2214.3847904101945,92129.02827013863
0.242,807.8787037668465,18395.13340533306
0.242,3499.999999999999,161451.49016339725
0.242,2246.5529150233688,54421.839366195614
0.242,1016.0000000000002,18941.99999999999
0.242,60.0,562.0
0.242,1806.892971361665,76202.4793679943
0.242,2100.833168054998,42874.614353950776
0.242,1655.9999999999998,54853.00000000001
0.242,1018.9999999999998,28447.000000000004
0.242,726.0827262697063,15522.870766452857
0.242,3499.999999999999,172168.0
0.242,3499.999999999999,126075.00000000004
0.242,494.00000000000006,11749.999999999998
0.242,3499.999999999999,150965.31795084596
0.242,1764.9999999999998,108729.99999999997
0.242,3499.999999999999,135884.90654115667
0.242,411.21648799628645,9044.650241993888
0.242,1190.5880899790654,54488.20973384976
0.242,2388.5141824992374,71919.6982196116
0.242,2374.5706592161346,72083.7432387358
0.242,3499.999999999999,233931.99999999997
0.242,282.1852813873488,3434.9615200077787
0.242,115.99999999999999,1251.0
0.242,2619.828238644663,96098.08389348871
0.242,3499.999999999999,187768.2723581833
0.242,1260.5554331325538,45775.69433662363
0.242,1821.0,35691.0
0.242,3499.999999999999,243888.7617952086
0.242,1751.9954441824743,44703.77987524561
0.242,1000.3897720573939,13230.197726133523
0.242,1523.855344573302,40193.21752013707
0.242,3499.999999999999,191774.99999999994
0.242,1401.0000000000002,25097.000000000004
0.242,565.8701897862463,5247.33421978415
0.242,1530.5657275620292,56836.24725897332
0.242,473.2863826479693,13250.551686627992
0.242,121.0,1530.9999999999998
0.242,3499.999999999999,170195.43133935294
0.242,3499.999999999999,129402.5494146078
0.242,1166.9999999999998,17857.000000000004
0.242,1379.0000000000002,36579.0
0.242,507.0,4871.0
0.242,1995.9999999999998,62277.00000000001
0.242,1429.110802766516,42170.568440121984
0.242,588.074825171083,7232.117255686608
0.242,3499.999999999999,130867.33902697035
0.242,3499.999999999999,159918.84131507768
0.242,545.4356057317856,3959.6344528251598
0.242,3499.999999999999,90972.00000000001
0.242,1274.0,30700.999999999993
0.242,2214.5819128261915,104011.0535158351
0.242,1016.0000000000002,14659.999999999995
0.242,3499.999999999999,175006.37636383422
0.242,2114.6084593960622,64870.967519638485
0.242,3499.999999999999,94412.99999999997
0.242,2633.009562757034,101091.12706075287
0.242,984.6319109189992,42785.741246354526
0.242,2572.644553761751,60228.60283121298
0.242,3499.999999999999,189098.73954157077
0.242,3499.999999999999,144140.99999999997
0.242,2000.6029974843905,67412.97468420037
0.242,1050.9999999999998,27688.999999999985
0.242,1576.5355098207874,53549.77033286016
0.242,1153.0169122783932,20365.494690775362
0.242,1199.3748371547567,45980.432088008936
0.242,2247.7013561640797,60385.06466353716
0.242,1568.90697042538,30129.96279319426
0.242,1285.9999999999998,33579.0
0.242,730.0000000000001,52524.0
0.242,525.8326730053963,3458.533793387018
0.242,3499.999999999999,103018.35123384821
0.242,395.00000000000006,9795.999999999998
0.243,287.26990792632637,1826.050930286447
0.243,3499.999999999999,250452.99999999997
0.243,850.8142140492273,32632.007343813522
0.243,3499.999999999999,193694.0000000001
0.243,2214.3847904101945,60113.43377315925
0.243,635.7082512191499,13311.329643219759
0.243,1914.0984432603477,46606.705067772986
0.243,1160.7811029279685,25983.16249706857
0.243,1506.0,20527.999999999996
0.243,1630.0000000000005,50718.999999999985
0.243,3499.999999999999,181053.99999999997
0.243,1665.2999907355725,42849.05176806156
0.243,2572.644553761751,86894.48562480818
0.243,2765.1941326067413,181497.48801065524
0.243,2031.8050656708692,47390.98171483128
0.243,2612.2124173525526,75125.42449002428
0.243,1191.0000000000002,36979.99999999999
0.243,2328.345386824724,86750.6676314861
0.243,3499.999999999999,161009.00000000006
0.243,2928.736866923131,111281.4060235858
0.243,1709.0869966018126,60022.0474159109
0.243,3499.999999999999,162301.99999999994
0.243,92.0,204.0
0.243,3499.999999999999,142776.30818871877
0.243,2535.739960632144,75022.77521885764
0.243,2115.2787773841214,48261.812966048914
0.243,926.8649978906611,11196.309565161213
0.243,2041.6904760516472,87883.6190709054
0.243,1929.766825292631,63891.3924719128
0.243,3499.999999999999,132931.0
0.243,3499.999999999999,191358.63168929704
0.243,2507.4842387761955,140868.96092189176
0.243,3499.999999999999,147401.74552222918
0.243,2549.6347035356252,76304.13167809416
0.243,2369.105411500492,77336.22552370193
0.243,297.3886346180701,5173.408934155507
0.243,321.0,4159.0
0.243,59.0,194.0
0.243,101.0,613.0
0.243,461.4182316346221,3692.2851727089837
0.243,631.9018911191831,12776.82022257494
0.243,3499.999999999999,188026.02769829502
0.243,1498.999666444259,49474.66851834379
0.243,3499.999999999999,180237.95142328198
0.243,3499.999999999999,119225.39563504768
0.243,2215.1749366585022,65543.71187230702
0.243,834.9922155325761,32908.16069001729
0.243,3499.999999999999,172590.28859208178
0.243,1261.0,20488.000000000004
0.243,3499.999999999999,87017.99999999996
0.243,3499.999999999999,193960.69769414634
0.243,65.0,453.9999999999999
0.243,222.64770378335368,5091.907108343592
0.243,259.92058718694676,3183.184243956144
0.243,480.62459362791657,11343.551692481498
0.243,1927.952281567155,23451.253868396878
0.243,1153.395855723437,29753.394276956027
0.243,3499.999999999999,82543.99999999999
0.243,882.0170066387611,25912.48189579685
0.243,786.9853874119897,16845.99299536836
0.243,3499.999999999999,192962.0
0.243,3499.999999999999,62182.00000000001
0.243,1185.0,32641.999999999996
0.243,1021.4531383447797,26419.519700939134
0.243,292.99829351038886,1971.737812184977
0.243,3499.999999999999,249548.99999999988
0.243,220.0456654516851,3847.4052155034437
0.243,1050.9999999999998,19220.0
0.243,620.6012204784951,16467.64200901236
0.243,550.8615401147399,4188.4570060574315
0.243,636.1652195257601,11663.070477385048
0.243,2129.7887219158624,76140.40998050907
0.243,907.448473828005,22011.31442024699
0.243,783.4834881411457,16374.375010895195
0.243,2102.498513673672,62238.51363906439
0.243,1121.0,44989.00000000001
0.243,2394.6786033796902,86679.70753434362
0.243,1030.525376342951,14364.97833286221
0.243,1217.9999999999998,73361.99999999999
0.244,1223.1454932300571,39732.97207860699
0.244,1883.8789770046264,55911.18883550947
0.244,2373.0781698039355,54272.415230944025
0.244,558.2848735188874,13086.33424607517
0.244,100.0,782.0000000000001
0.244,3499.999999999999,281657.0
0.244,1652.271164185831,47147.36320304668
0.244,455.99999999999994,6631.0
0.244,1110.8672287901918,33362.568681083285
0.244,2783.944461808762,66494.73053161845
0.244,1321.5521177766695,27819.35072930353
0.244,1589.654050414743,55526.04288079603
0.244,3499.999999999999,149411.10420752777
0.244,3499.999999999999,145179.00000000006
0.244,386.50485119853283,5410.064509781746
0.244,993.2883883792688,10630.03569707772
0.244,558.5391660394104,3323.4936437429815
0.244,2083.266665599965,45662.063586745615
0.244,3499.999999999999,155784.00000000006
0.244,929.7021376326475,25055.10136355778
0.244,3499.999999999999,206791.0
0.244,135.0,151.0
0.244,1986.0765342755542,45111.78901351619
0.244,2479.2414433424083,53143.13981884991
0.244,1185.0,20431.0
0.244,1276.2789412936306,38374.74143614318
0.244,3499.999999999999,85848.00000000003
0.244,64.0,479.0
0.244,2944.0269835221734,93950.37445523217
0.244,1193.2953642785083,21455.749997399802
0.244,2096.301426309613,85535.39805213574
0.244,1134.7108078620806,36929.514485551896
0.244,1976.4943665318376,44404.93434282378
0.244,2396.5600347164254,63272.0785576071
0.244,3499.999999999999,179017.46346097087
0.244,1240.9201126954563,35779.364060825836
0.244,1471.0,75323.00000000003
0.244,907.448473828005,21960.239749770128
0.244,63.0,527.0
0.244,597.4947698515862,3145.181711761659
0.244,1366.0000000000002,30900.00000000001
0.244,3499.999999999999,134109.99999999997
0.244,3499.999999999999,103453.0
0.244,782.0000000000001,24161.0
0.244,3499.999999999999,163520.03355726867
0.244,383.00000000000006,8751.000000000002
0.244,3499.999999999999,149824.4692645286
0.244,1052.0,41862.999999999985
0.244,1903.2866310674276,53006.80449715867
0.244,3499.999999999999,116783.00000000004
0.244,3499.999999999999,143042.94009841938
0.244,2548.7251715318384,61721.497332776984
0.244,1211.06660954297,39719.71828007003
0.244,2033.9616515558982,48304.89229881382
0.244,302.0,3287.9999999999995
0.244,3499.999999999999,220889.42896843218
0.244,3499.999999999999,240581.9999999999
0.244,3499.999999999999,290001.9999999999
0.244,165.4236984231703,1565.4424294748117
0.244,3499.999999999999,126463.00000000006
0.244,1326.2607209685464,32825.09428458215
0.244,2114.0381706641406,49614.11862470114
0.244,3499.999999999999,132689.3232630267
0.244,3499.999999999999,138631.99999999997
0.244,1500.0,29418.00000000001
0.244,2169.8198056925635,64062.025441277874
0.244,1506.0,45223.0
0.244,2408.132136250032,66505.74284238258
0.244,3499.999999999999,78007.00000000001
0.244,1066.4089003878898,16047.314640049564
0.244,912.7897907622576,19527.99855784739
0.244,1917.9416049504741,52031.70185569563
0.244,3499.999999999999,161429.25640434644
0.244,524.0457995251942,4285.7571093098595
0.244,1065.9999999999998,32092.0
0.244,1876.432785899884,42409.97267153091
0.244,3499.999999999999,91770.2578943745
0.244,2288.2307575941727,42658.407330794726
0.244,1287.208516564024,37604.0013876371
0.244,1306.6060228836068,33698.387867324585
0.244,1627.342747695771,59832.79748458663
0.244,2597.7174246904433,112607.05324247247
0.245,3499.999999999999,103221.03795254139
0.245,2290.5239575258756,128140.22209283082
0.245,3499.999999999999,103575.99999999997
0.245,1785.6371411907849,28038.5110161007
0.245,2270.248399156247,60148.055955684365
0.245,3499.999999999999,126194.74092449334
0.245,623.2976816898969,13121.12121733505
0.245,895.2653238007155,8369.123251571818
0.245,3499.999999999999,97784.00000000001
0.245,783.709592392525,9225.288722979261
0.245,63.0,587.0000000000001
0.245,2061.855242601973,50312.12984894395
0.245,1432.2242421439107,46073.54491271468
0.245,1023.0,19168.999999999993
0.245,484.25200051213,8286.857667415316
0.245,3499.999999999999,261571.99999999994
0.245,465.8325879540846,7678.9110556119895
0.245,2338.1616710569865,32284.99143565009
0.245,938.6971665444444,13842.981640298174
0.245,3499.999999999999,168565.8543229391
0.245,1125.9999999999998,21458.000000000007
0.245,91.0,972.9999999999999
0.245,3499.999999999999,138973.00000000006
0.245,65.0,495.0
0.245,245.00000000000003,313.0
0.245,337.0,3628.000000000001
0.245,3499.999999999999,100246.00000000003
0.245,2006.240264773887,35873.654316224885
0.245,2336.6642891095835,112938.83970981814
0.245,473.2863826479693,9355.184926018299
0.245,1786.0000000000002,85961.99999999997
0.245,64.0,640.0
0.245,764.5259969418961,18013.983179741237
0.245,1963.924642138796,74802.54372011684
0.245,3499.999999999999,141531.00000000003
0.245,3499.999999999999,215379.99999999997
0.245,3499.999999999999,137888.4433663678
0.245,796.3931376189336,30197.30200822762
0.245,1284.4801502623466,17884.048272751363
0.245,462.0606020859168,6283.85932369591
0.245,1575.277753286702,37599.35823920402
0.245,462.5071733973834,8336.836465397095
0.245,1669.1315106965058,56879.529410852185
0.245,3499.999999999999,201822.00000000006
0.245,112.00000000000001,1354.0
0.245,2047.206432129117,69597.5494969515
0.245,1954.0982575090738,36496.508106940884
0.245,3499.999999999999,223361.0
0.245,2098.0,123466.00000000001
0.245,1013.5651545258753,25824.598795492075
0.245,171.0,2713.0000000000005
0.245,3499.999999999999,137269.00000000003
0.245,163.0,1094.9999999999998
0.245,656.1249880929699,10093.00762904695
0.245,3499.999999999999,234941.00000000003
0.245,2205.965467234154,67555.33315976134
0.245,814.5373308960532,15896.95661519213
0.245,3499.999999999999,128788.00000000006
0.245,3499.999999999999,90886.00000000003
0.245,1281.8553282748755,44619.467327733946
0.245,3499.999999999999,117201.00000000003
0.245,2280.8669690675893,58106.66819094878
0.245,1303.0,10195.999999999998
0.245,573.0584612410848,5894.984987258239
0.245,605.3916822545871,13138.56823028922
0.245,3499.999999999999,151490.99999999994
0.245,2488.3510092348615,98946.20318775688
0.245,3499.999999999999,139902.29081398202
0.245,469.57427527495577,7063.82587554365
0.245,1213.8780828402823,49322.34383116847
0.245,1853.0374934984459,49350.735107647015
0.245,2612.2124173525513,81382.14620079474
0.245,2267.881610298484,75991.41391275363
0.246,1362.7979314788545,40324.6949367569
0.246,3499.999999999999,116996.99999999996
0.246,1259.9999999999995,30383.999999999993
0.246,2401.778196071311,61531.306963821466
0.246,3499.999999999999,137094.00000000006
0.246,2673.184742246738,112627.6152800009
0.246,3000.7092391909828,90113.75494614938
0.246,1491.253393843951,25266.403061186204
0.246,1044.7483807703022,24247.85883727312
0.246,488.99999999999994,8028.000000000003
0.246,3499.999999999999,183787.00000000006
0.246,1314.4556182616345,32269.46653357851
0.246,1305.9220936199258,25095.878356383597
0.246,2329.549422595227,59082.1336441624
0.246,828.8224400642713,13084.503041453925
0.246,3499.999999999999,206001.20270522693
0.246,2577.2207394750394,81436.10490102638
0.246,3499.999999999999,145425.8723508304
0.246,1949.6153466773897,63472.91831954791
0.246,551.8151864528558,3279.329199699231
0.246,1003.101169275838,23662.181511082144
0.246,1085.9999999999998,9945.0
0.246,3499.999999999999,190525.00000000006
0.246,2308.287681141156,68446.41488216781
0.246,648.5553176098397,13600.731745020195
0.246,2586.581445706103,84305.99687742557
0.246,1786.0000000000002,79524.0
0.246,1179.6331331025813,16302.362952254547
0.246,3499.999999999999,182481.93920265918
0.246,3499.999999999999,127127.00000000001
0.246,1533.7889922256718,48633.9802500797
0.246,3499.999999999999,95040.79608252448
0.246,2245.7738087349762,64656.247153697346
0.246,1897.0,83303.00000000001
0.246,3499.999999999999,294372.0000000001
0.246,1277.2814881614777,41683.34967346074
0.246,1920.0110057287268,73250.56143766597
0.246,943.6609560641999,12405.18028889544
0.246,579.6550698475775,14589.761204351498
0.246,1818.6084036936911,59552.903767775344
0.246,2715.7176523012654,122429.26247052485
0.246,2066.0000000000005,38166.00000000002
0.246,3499.999999999999,257384.00000000006
0.246,3499.999999999999,111238.10530569102
0.246,1771.9999999999995,40652.999999999985
0.246,2455.2657081977545,57483.04655612648
0.246,423.25406081926735,3734.3083696984636
0.246,3499.999999999999,216484.37727004697
0.246,3499.999999999999,181243.99999999994
0.246,3499.999999999999,101259.00000000003
0.246,3499.999999999999,134300.46529097232
0.246,2232.647956814313,72348.8688796745
0.246,1040.3926728490255,27410.196316234254
0.246,3065.6165949884016,170453.145564174
0.246,1177.285012220915,38546.169226007405
0.246,1676.99522956984,49541.598187785574
0.246,3499.999999999999,247179.00000000003
0.246,2013.1220509344207,43968.27989358622
0.246,2155.110205998755,101220.03651451625
0.246,1836.8223900917915,53611.611611836226
0.246,3499.999999999999,158484.9613338755
0.246,3499.999999999999,178875.72698816148
0.246,355.9915729339671,3579.0463813703213
0.246,3499.999999999999,180130.9999999999
0.246,3499.999999999999,53729.83741832835
0.246,3499.999999999999,118243.0
0.246,1186.3625078364537,23606.27238680431
0.246,271.76092434343826,1116.945835750329
0.246,3499.999999999999,94852.0
0.246,3499.999999999999,200720.67032699793
0.246,2120.731006044849,83181.07098372803
0.246,671.9374970932935,10121.482895307392
0.246,1232.0000000000002,89616.99999999996
0.246,1126.6631686925812,21064.446676184718
0.246,1757.9817974029202,40800.7104349912
0.246,3499.999999999999,134052.14644981222
0.246,3499.999999999999,163304.0
0.246,2913.6874384099506,101032.34303318783
0.246,386.0,18445.0
0.246,3499.999999999999,145112.0
0.246,3499.999999999999,168224.11163088374
0.246,3499.999999999999,167368.0000000001
0.246,2595.6694704834813,77255.4097458553
0.246,358.5749572962396,4042.6822778942196
0.246,3499.999999999999,232018.99999999997
0.246,1080.5821050356747,18239.37103318755
0.246,3499.999999999999,160018.0
0.247,3499.999999999999,97342.00000000003
0.247,440.00000000000006,3041.0
0.247,1950.5127530985274,57713.38964226585
0.247,3499.999999999999,109033.00000000001
0.247,224.89997776789576,1904.711001700783
0.247,3499.999999999999,255460.9999999999
0.247,2682.6731763272855,92525.21587414872
0.247,3499.999999999999,111988.05255505319
0.247,3499.999999999999,82459.00000000003
0.247,3499.999999999999,165802.00000000003
0.247,2041.6904760516472,57645.42233343424
0.247,3499.999999999999,255510.0
0.247,313.21877338371655,2128.097742116184
0.247,3499.999999999999,143561.00000000003
0.247,3499.999999999999,159820.99999999997
0.247,222.00000000000003,1482.0000000000005
0.247,1064.894360957931,18999.490282636536
0.247,1460.0828492238886,28919.563987823374
0.247,640.9787401053925,10234.940529724703
0.247,1076.1154457559355,23566.743791416255
0.247,1322.9171023896165,14973.884861287994
0.247,1284.3924616234708,37583.881942704946
0.247,3499.999999999999,142790.0
0.247,3499.999999999999,107834.99999999997
0.247,1214.9999999999998,33986.0
0.247,3499.999999999999,125698.00000000004
0.247,491.6845920591619,7589.855995570726
0.247,806.0,28624.00000000001
0.247,2376.57016418611,74513.1264109808
0.247,3499.999999999999,133476.63596102383
0.247,3499.999999999999,125573.0
0.247,2038.2590610616699,83972.17408761075
0.247,3499.999999999999,147873.99999999994
0.247,1926.1360284258221,29374.706364489844
0.247,1356.401489235396,28726.11094457444
0.247,3499.999999999999,228125.8840377391
0.247,1471.9035294474975,31033.749725097652
0.247,3499.999999999999,130706.6438348337
0.247,3499.999999999999,96760.99999999997
0.247,3499.999999999999,165689.99999999997
0.247,3499.999999999999,149414.23900017026
0.247,973.5945423265193,9227.720306039486
0.247,3499.999999999999,144391.0855848917
0.247,3499.999999999999,127310.72759983738
0.247,69.0,956.0
0.247,906.2946540722836,16725.87217456836
0.247,1356.9999999999998,20637.999999999996
0.247,1383.0,66601.99999999997
0.247,1624.5560917644725,41633.831951203625
0.247,2240.3124782047703,75711.40676278574
0.247,2413.9725575728635,86214.96965085944
0.247,3499.999999999999,169822.99999999997
0.247,306.4849099058549,7382.9536772216015
0.247,1060.0,31714.999999999996
0.247,3499.999999999999,181167.50527257283
0.247,1094.0,33170.00000000001
0.247,782.6263476270142,23566.492484033344
0.247,1140.8023492261927,30453.8995860957
0.247,3499.999999999999,158319.08066938742
0.247,569.1718763404921,13100.375700990046
0.247,484.25200051213,10574.735268554005
0.247,317.8836265050466,5137.495206810418
0.247,3499.999999999999,100043.00000000004
0.247,2018.3936515367216,74958.77997423583
0.247,1351.3693213999297,37542.84337627049
0.247,1419.8591479439078,34542.72185280136
0.247,1195.0,19031.999999999996
0.247,473.2863826479693,11554.525779970376
0.247,1352.3050938548738,41633.35272152916
0.247,3499.999999999999,166578.99999999994
0.247,3499.999999999999,78965.00000000001
0.247,2499.9459982503117,90149.39473600518
0.247,823.0128173036453,9230.567839399017
0.247,2721.7943393998335,87195.77822892142
0.247,458.2575694955839,8708.821389832267
0.247,2129.7887219158624,52400.63045422262
0.247,1372.9999999999998,74347.99999999999
0.247,61.0,90.0
0.247,603.5173036307839,13641.43480024865
0.247,1536.4578170894245,34203.05330764559
0.247,2443.520292683613,51073.57917061529
0.247,295.7296062283923,947.9240475903122
0.247,3499.999999999999,204802.83702624825
0.247,600.0,12412.999999999995
0.247,2142.89523775662,62630.69586073591
0.248,968.438763219549,17025.59033445652
0.248,3499.999999999999,133364.0
0.248,460.7559006675877,10707.569658890852
0.248,1531.7881940616408,43695.366205527236
0.248,2688.401011754012,97045.65478680635
0.248,1072.0260831071523,16861.68286429691
0.248,2615.7451869566275,98663.46314377373
0.248,3499.999999999999,140821.11483722884
0.248,2317.447648863758,94304.15312074321
0.248,36.0,549.0
0.248,1192.0570456148478,50703.91919763206
0.248,360.2970996275157,2197.911053705313
0.248,3499.999999999999,203408.00267442767
0.248,1994.9518521555005,53254.64999022
0.248,1969.2577103279052,55233.676880319115
0.248,3499.999999999999,111593.00000000003
0.248,1839.7097053056561,52538.68131699512
0.248,3499.999999999999,213862.75616619177
0.248,1575.9999999999995,79404.00000000001
0.248,1199.826363765482,30304.055062672192
0.248,1038.9999999999998,44147.999999999985
0.248,3499.999999999999,93237.67733593543
0.248,3499.999999999999,119809.07216066742
0.248,3499.999999999999,112970.41449866423
0.248,3499.999999999999,107518.0
0.248,168.0,260.0
0.248,3499.999999999999,132217.00000000006
0.248,3499.999999999999,214405.00000000012
0.248,1880.1595676963161,40196.403421201765
0.248,602.226701500357,4386.303683057068
0.248,3499.999999999999,104716.99999999999
0.248,782.335276596626,10709.09438220217
0.248,3499.999999999999,175683.0
0.248,792.1523667127167,13851.7151987712
0.248,609.0976933136425,26409.360840429275
0.248,3499.999999999999,154807.99999999994
0.248,1693.074127142695,56994.6096135415
0.248,1029.0,37305.99999999999
0.248,388.91772908932813,6858.026684112568
0.248,3499.999999999999,194688.5522828705
0.248,244.82646915723797,2939.4310674006274
0.248,3499.999999999999,155104.02561506917
0.248,1616.0000000000005,85197.0
0.248,1343.5910213939474,49062.736872032714
0.248,377.99999999999994,5046.000000000001
0.248,2081.3157355833223,66944.66617577522
0.248,274.9696936299067,3326.3655827060134
0.248,3499.999999999999,92304.00000000003
0.248,2257.432169523594,77245.84727349423
0.248,1704.5911650933676,55249.506232964355
0.248,573.9999999999999,6872.000000000001
0.248,546.7105508474745,10496.331178680628
0.248,3046.8427998359853,175841.7132210664
0.248,1373.9999999999998,47033.99999999999
0.248,3499.999999999999,102216.91216721434
0.248,963.4288553909208,15707.622249947473
0.248,1193.0733422552023,39699.49458116566
0.248,2270.924411299541,73536.54132713488
0.248,3499.999999999999,139698.99999999994
0.248,3499.999999999999,186844.99999999997
0.248,936.2754382117904,19268.53387470847
0.248,1885.7359306117069,66445.21623111781
0.248,292.82417932950824,4682.841445105739
0.248,254.24397731313127,3108.9248945576032
0.248,781.5119776741514,7087.522017865225
0.248,3499.999999999999,146798.49611003234
0.248,373.0,1664.0000000000005
0.248,572.5926954790078,8047.898365238669
0.248,3499.999999999999,149805.99999999997
0.248,669.5311191847874,14205.511400844105
0.248,1842.6408892041686,45108.939175804815
0.248,3499.999999999999,155689.0000000001
0.248,873.4987120768981,24022.620922788574
0.248,1594.051442080838,22391.819644682753
0.248,933.5416434203671,30583.933004111797
0.248,380.2749005653673,6838.728829248895
0.248,3499.999999999999,148371.99999999997
0.249,696.818484255405,20073.005156179275
0.249,1100.1928268021077,12018.141615752942
0.249,3499.999999999999,84321.00000000003
0.249,1232.9999999999998,21555.0
0.249,660.6574715514926,9954.319408726218
0.249,3499.999999999999,119995.71086288423
0.249,3499.999999999999,249731.99999999997
0.249,3499.999999999999,85036.67528778392
0.249,3499.999999999999,229585.0
0.249,587.0000000000001,13087.999999999995
0.249,1960.3571103245447,67389.73130974776
0.249,502.49776118904254,14235.982860343714
0.249,3499.999999999999,272023.0
0.249,1242.0000000000002,50264.99999999998
0.249,861.8003567921028,21918.2796511908
0.249,1069.9874805650795,14351.944266453389
0.249,2125.5815524803575,70111.55197271465
0.249,393.0,2242.0
0.249,1234.710202633255,38147.51210681619
0.249,1000.9999999999998,10877.999999999996
0.249,386.3754650595713,1100.3090474952933
0.249,34.00000000000001,551.0
0.249,3499.999999999999,70275.0
0.249,945.500420828507,18982.93155406956
0.249,3499.999999999999,210633.3310660971
0.249,1393.5770285535868,35093.30260732693
0.249,2011.4671262538689,93598.28275668305
0.249,1370.0,23705.000000000007
0.249,1220.519929757935,25829.23897887542
0.249,3499.999999999999,104738.99999999997
0.249,2814.50803101234,124924.86484509612
0.249,1137.9806676741039,38192.05645157118
0.249,3499.999999999999,90902.00000000001
0.249,322.88697712976904,3444.4532222110383
0.249,1551.9209620490897,45816.58969992964
0.249,1256.4712491736527,22537.406572185715
0.249,1325.2461866038016,32951.09645860907
0.249,2283.0863973406736,74067.75676654329
0.249,2713.501191286137,132615.589394155
0.249,3499.999999999999,155876.43506316145
0.249,90.0,859.0
0.249,61.0,569.0000000000001
0.249,1402.0000000000002,21507.000000000004
0.249,2158.3558557383435,76447.20121757244
0.249,2098.0,111653.0
0.249,993.0875035658778,26786.270327301587
0.249,746.6442670611652,13561.452799272027
0.249,2657.6305236055673,183447.06023809698
0.249,3499.999999999999,111240.00000000001
0.249,2235.4951786955703,54859.98014200745
0.249,2486.86549696601,84586.46764110669
0.249,3499.999999999999,97553.9517446628
0.249,2177.728174038257,85250.68075974521
0.249,636.7844078665462,20333.46798912767
0.249,3499.999999999999,146581.00000000003
0.249,1191.0000000000002,28151.999999999993
0.249,421.0,9603.000000000004
0.249,2253.552750658391,92786.37728136606
0.249,868.0044100662909,8480.118326620384
0.249,3499.999999999999,207960.9999999999
0.249,944.9999999999999,7684.0
0.249,1593.9999999999998,23937.999999999996
0.249,1017.0,33947.00000000001
0.249,1459.900537416416,46714.73685871085
0.249,1186.0,34522.000000000015
0.249,3499.999999999999,127858.0
0.249,2368.0368534257123,69186.52799024696
0.249,1064.090691623604,34461.99006151559
0.249,808.0,11285.999999999996
0.249,1901.4468175576194,49169.128302218254
0.249,1006.0000000000002,24931.999999999996
0.249,3499.999999999999,137891.00000000006
0.249,298.0,5100.999999999999
0.249,2639.1226461906986,100539.49587365933
0.249,90.0,606.0
0.25,1553.4090765172157,56064.624591684915
0.25,2085.026827113717,61445.47033152576
0.25,1390.3057217748903,52090.369781755224
0.25,3499.999999999999,256093.9999999999
0.25,1080.5821050356747,22494.114934939535
0.25,480.62459362791657,10516.818815592482
0.25,1027.0,14350.000000000004
0.25,86.0,94.0
0.25,611.0879487475443,5351.5487885893135
0.25,2523.1924223094843,80886.19419901028
0.25,72.0,99.0
0.25,3499.999999999999,94605.0
0.25,2477.2468797756087,82497.43919409587
0.25,714.0952253945673,11642.29407967081
0.25,1158.0,32629.000000000004
0.25,665.9969969902266,8474.220023105376
0.25,3499.999999999999,108674.00000000004
0.25,936.0202918047221,22403.005689862282
0.25,1382.7258312157055,29457.350989462047
0.25,1499.0,31735.000000000004
0.25,1150.995706760576,38095.753352525535
0.25,159.0,3149.999999999999
0.25,2100.833168054998,70747.83367708164
0.25,1503.9999999999998,26794.000000000007
0.25,736.0,13570.000000000002
0.25,2699.5655450936615,118652.5508276778
0.25,614.8170459575759,12715.103224118948
0.25,3499.999999999999,87010.99999999997
0.25,1224.0000000000002,68686.0
0.25,662.5407118686039,10614.223350140168
0.25,1978.2646428193182,51081.11298040329
0.25,795.9035387264469,18844.266280638807
0.25,1960.3571103245447,54340.16852200591
0.25,1905.7691683429198,34827.1004516363
0.25,36.0,782.0000000000001
0.25,3499.999999999999,151896.99999999994
0.25,1721.52627278035,47465.10827081948
0.25,1919.7656106931386,55256.19025955372
0.25,1004.3510409850187,30329.63016778251
0.25,3499.999999999999,123873.99999999996
0.25,3499.999999999999,124007.00000000004
0.25,1436.119632700945,29808.239127171873
0.25,966.6483679981781,19231.07280425417
0.25,934.4352065767569,16448.212312485008
0.25,2666.1770383828593,46596.49825898936
0.25,3499.999999999999,207331.61160057352
0.25,1204.514131811149,25263.996892005707
0.25,2158.3558557383435,125541.38766159938
0.25,1137.5957102591412,22537.262566691617
0.25,1126.9999999999998,25789.999999999985
0.25,3499.999999999999,115664.00000000001
0.25,3499.999999999999,192572.96165349893
0.25,800.3124389886738,6401.2044960304165
0.25,1309.9999999999998,25071.000000000004
0.25,1943.3218981939144,74262.61939899506
0.25,1036.035585715944,14138.894254920606
0.25,3499.999999999999,233339.0
0.25,1479.9999999999998,47466.00000000002
0.25,260.36128744496557,3555.264828391831
0.25,1567.3612482715096,41058.76198861705
0.25,1081.4566535633567,27907.667990626112
0.25,3499.999999999999,173798.2249132597
0.25,3499.999999999999,174722.05520115243
0.25,2313.5443425156373,145868.2952365034
0.25,1289.8427394778791,20765.818630421203
0.25,140.0,156.0
0.25,1949.6153466773897,46965.20020185159
0.25,1697.688428422601,28099.86103168484
0.25,3499.999999999999,73705.99999999999
0.25,346.0,3827.000000000001
0.25,61.0,532.0
0.25,1944.004905518056,43244.1288133448
0.25,1467.1400751121214,38151.262312012674
0.25,429.1013866209244,8916.164534148076
0.25,3499.999999999999,156780.2128777736
0.25,3499.999999999999,197119.99999999997
0.25,1581.1043526376689,30779.16379401874
0.25,458.2575694955839,7757.48490169333
0.25,1619.3150733135735,38172.82799421355
0.25,1902.3669467271552,60657.210024860186
0.25,1621.2649382503769,59231.52736507812
0.251,1397.4977638622538,18013.860219286704
0.251,1949.8356205946955,41788.29529006173
0.251,1624.0000000000002,43101.000000000015
0.251,189.16923639957952,1710.0000000000005
0.251,2296.996604658716,66358.35814729323
0.251,1459.2271927290828,35132.8312266461
0.251,1189.1446395433745,14017.954458260743
0.251,2094.158542231223,54869.0006469956
0.251,588.6425061104574,5661.117910801715
0.251,412.0,4973.0
0.251,1442.3610710496566,41081.504688528315
0.251,3499.999999999999,97110.00000000003
0.251,3499.999999999999,148940.4292124875
0.251,3499.999999999999,198835.0
0.251,968.0833304284489,25003.578595358038
0.251,1973.702105182036,62178.30515541571
0.251,2017.0000000000002,89236.00000000003
0.251,2601.9462744748394,120675.3675330413
0.251,175.3111519556015,1196.5475335313677
0.251,2090.813238909683,42452.70533193379
0.251,3499.999999999999,134894.20554642068
0.251,1929.766825292631,55949.66474430388
0.251,634.4288770224761,3700.3521454045426
0.251,3499.999999999999,248353.00000000012
0.251,2310.303010429585,71633.00754540466
0.251,483.0,6159.0
0.251,3499.999999999999,128672.99999999996
0.251,2288.2307575941727,60229.554066089506
0.251,1628.0000000000005,17801.999999999996
0.251,2162.9189561541716,74273.25978585081
0.251,708.1895286693507,16492.915533616408
0.251,1882.949813457597,29497.487757434537
0.251,1630.950643030009,40105.95476983437
0.251,1456.936201758254,27164.154338330685
0.251,1999.024691130283,55520.44294073363
0.251,1953.9753658997195,48108.35189267627
0.251,2066.0000000000005,63054.99999999997
0.251,3499.999999999999,241121.99999999988
0.251,3499.999999999999,146350.99999999994
0.251,824.9999999999998,11681.000000000004
0.251,1743.0,74795.0
0.251,254.2734748258261,1356.788856086311
0.251,3499.999999999999,87481.00000000001
0.251,2598.3223891801053,95567.68448458736
0.251,2427.96760068086,117634.0791651847
0.251,465.24495202682124,7413.139537017213
0.251,1062.0,13458.999999999995
0.251,3499.999999999999,97717.21029583279
0.251,1195.0,17209.999999999996
0.251,315.99999999999994,4833.0
0.251,93.0,726.9999999999999
0.251,3499.999999999999,121725.12069002028
0.251,495.8366666554622,8200.599978050386
0.251,61.0,616.0000000000001
0.251,1214.9999999999998,56787.999999999985
0.251,184.00543470234788,2188.9497481669155
0.251,3499.999999999999,139444.42637839634
0.251,561.0,7992.999999999998
0.251,1215.9999999999998,51132.99999999999
0.251,1193.2953642785087,48383.07512405875
0.251,1300.037567871703,25353.066855258618
0.251,1891.2958520548814,44661.03060835026
0.251,3499.999999999999,224608.0
0.251,1897.9506990480409,54266.824948142246
0.251,1026.4014809030623,23002.870081796318
0.251,1073.225700474439,24152.77563014866
0.251,3499.999999999999,87321.99999999997
0.251,3499.999999999999,188294.40812196195
0.251,1479.3899168827243,41928.127974040115
0.251,1257.7422381268348,26964.244201345373
0.251,3499.999999999999,133298.0
0.251,2134.7130954767663,65868.49205044855
0.252,885.4317108093583,10693.521854798202
0.252,3499.999999999999,198999.00000000006
0.252,161.0,188.0
0.252,96.0,542.0
0.252,3499.999999999999,239729.0
0.252,3499.999999999999,122063.50108857275
0.252,1662.0,32677.0
0.252,3499.999999999999,95592.72756857604
0.252,3499.999999999999,193235.00000000006
0.252,1417.0000000000005,32858.0
0.252,3499.999999999999,87157.82408940693
0.252,59.160797830996174,591.9797293826877
0.252,1049.5348413169036,28199.32433608372
0.252,288.2498915871435,3920.1311202560555
0.252,491.0,13554.999999999998
0.252,2089.138578457638,56816.12473585295
0.252,1100.0090908715254,32644.823111789116
0.252,1319.0,21285.0
0.252,3499.999999999999,212092.99999999988
0.252,1177.285012220915,44419.94999997184
0.252,695.0711760515959,12533.059516441988
0.252,3499.999999999999,73997.99999999999
0.252,1952.0000000000002,113855.99999999997
0.252,703.1524483111862,6655.722117663807
0.252,2435.672391763719,90269.65533334
0.252,3499.999999999999,125226.99999999996
0.252,3499.999999999999,112123.00000000003
0.252,3499.999999999999,165031.99999999997
0.252,96.12491872558333,284.4749549608893
0.252,1085.8589647117635,13849.374298497589
0.252,2692.303846151099,97286.79126685183
0.252,454.42271070007047,6579.513051890693
0.252,3499.999999999999,222789.95363772425
0.252,1180.9999999999998,9966.000000000002
0.252,3499.999999999999,98369.99999999999
0.252,3499.999999999999,175549.00000000006
0.252,3499.999999999999,98056.86625608538
0.252,3499.999999999999,120567.34094054405
0.252,3499.999999999999,241699.00000000006
0.252,3499.999999999999,86085.00000000001
0.252,989.9494936611663,21079.56047928894
0.252,1347.0000000000002,52725.000000000015
0.252,1050.9999999999998,24886.999999999996
0.252,343.33074432680803,5548.975040491712
0.252,930.4714917584654,37424.97994738022
0.252,1355.9999999999998,33787.00000000001
0.252,3499.999999999999,149667.0
0.252,751.0000000000001,17745.999999999993
0.252,3499.999999999999,138940.99999999997
0.252,667.7147957190928,11794.925300228464
0.252,1229.0,21296.000000000007
0.252,2101.666005815386,118139.81433030954
0.252,424.107688174347,10670.49847106192
0.252,2609.358432142099,106671.18990148284
0.252,1680.9999999999998,38994.99999999999
0.252,1117.3084732064474,35947.71673950101
0.252,3499.999999999999,147412.0
0.252,1902.0000000000002,65966.99999999997
0.252,1917.9416049504741,78518.69902131592
0.252,502.7126415756819,7673.862651885295
0.252,735.6031538812215,22022.955659947187
0.252,378.9749332079893,4607.4150019289555
0.252,1088.8860206705574,22045.099430221497
0.252,940.1510516932904,16694.063675450616
0.252,1025.9225035234874,18384.588591554668
0.252,1967.4857051577278,36072.30824330486
0.252,1523.7980675446986,32283.817156795107
0.252,2456.99282510651,95866.56729907164
0.252,3499.999999999999,153909.13569375928
0.252,2596.343582810257,95056.2177450797
0.252,3499.999999999999,133925.4611789707
0.252,2513.315618472017,90767.24034406034
0.252,146.0,2850.0
0.252,3499.999999999999,74414.012732818
0.252,3499.999999999999,210469.98381954624
0.252,1475.0000000000002,43724.000000000015
0.252,99.0,109.00000000000001
0.252,1260.4930025393996,33134.60947308578
0.253,2027.6434916737614,48427.07092372198
0.253,3499.999999999999,57415.999999999985
0.253,1840.0000000000002,104128.00000000001
0.253,361.92258450569665,7841.5597735673755
0.253,2676.9645219047507,129659.59235171528
0.253,2170.483817032507,34145.99614888984
0.253,403.7573528742232,8773.33266210737
0.253,820.5790638323647,6770.876309607198
0.253,462.7377365000113,8324.756650028468
0.253,747.8435835441637,16038.069547765303
0.253,249.61570463414353,1017.6423733316138
0.253,1618.0234856144705,63090.499855366514
0.253,857.0000000000002,21114.999999999996
0.253,3499.999999999999,155080.00000000003
0.253,339.0752128953103,5799.567225233278
0.253,158.0,1495.0
0.253,2022.8373153598109,71138.44780380889
0.253,194.89145833199166,754.7099299421726
0.253,2071.4729059294987,68022.54061706312
0.253,3499.999999999999,187227.99999999994
0.253,476.9696007084728,10277.408963352585
0.253,809.0117428072352,24813.936688885147
0.253,3499.999999999999,127864.99999999997
0.253,2180.809619803821,69316.02271978559
0.253,474.3344325737168,3568.06955208216
0.253,1393.9999999999998,30842.000000000015
0.253,3499.999999999999,138104.5243864226
0.253,2425.5927110708417,82613.96383178818
0.253,1625.0,85541.00000000003
0.253,2430.6377763870946,90247.52382198641
0.253,1115.6843189396993,27844.703032401252
0.253,277.0,1541.9999999999995
0.253,3499.999999999999,137725.99999999997
0.253,112.00000000000001,882.0
0.253,1283.0719032923232,31858.38117750064
0.253,505.8998089053059,5221.5080983675525
0.253,186.75447965899886,3052.3925213743373
0.253,706.8704418070921,13690.394145166283
0.253,927.9008567729635,19265.528645744456
0.253,1154.5475304204676,15198.222396056715
0.253,2226.2075374951005,70906.72761452191
0.253,178.9423920335984,3028.090658065519
0.253,3499.999999999999,179644.94044364293
0.253,954.4961188303771,12260.346649984791
0.253,3499.999999999999,176209.9999999999
0.253,3499.999999999999,130299.29834039779
0.253,1715.2958996728596,43176.32738560903
0.253,1501.9999999999995,18699.0
0.253,174.0,340.0
0.253,917.2594879731134,19204.467764365345
0.253,1024.0,37179.0
0.253,3499.999999999999,132166.0
0.253,1431.0000000000002,44721.99999999999
0.253,982.3235641304276,18257.171371896377
0.253,599.9519923181563,14228.961908125617
0.253,3499.999999999999,226890.00000000006
0.253,3499.999999999999,214051.07226547584
0.253,2264.39837484485,90149.2000241822
0.253,3499.999999999999,131572.50019665953
0.253,2105.0741720767455,84913.74224651602
0.253,2003.7705736725436,74210.15945688766
0.253,2243.612771337777,87883.85319049256
0.253,469.57427527495577,11959.061208974563
0.253,2112.4630174277604,40792.87693948543
0.253,1074.9999999999998,13604.000000000005
0.253,1562.8504344660296,25865.926837164607
0.253,59.0,532.0
0.253,971.7287807276884,34383.68721912011
0.253,3499.999999999999,261252.00000000006
0.253,1001.9999999999998,29061.000000000015
0.253,959.0093948322176,16996.234747160106
0.253,1174.0,17016.99999999999
0.253,1168.1130082316524,22717.970772056204
0.253,1491.430521345195,54289.840209748276
0.253,3499.999999999999,166709.83002524363
0.253,3499.999999999999,159233.99999999997
0.253,3499.999999999999,90775.52925761431
0.253,1133.864130447119,11246.360524476213
0.253,1322.1648913807992,52578.59190773373
0.253,650.0981316212668,14370.637117331245
0.254,946.0000000000002,15918.0
0.254,1110.9660128922021,25918.16957112746
0.254,3499.999999999999,247169.99999999997
0.254,2688.2079141760555,67179.3049608625
0.254,705.0276590318994,8818.938938443785
0.254,794.9034530020967,25439.871761731938
0.254,3499.999999999999,138944.99999999997
0.254,169.0,1745.9999999999998
0.254,512.4048108755863,8989.200609881369
0.254,1148.0,38573.0
0.254,2661.4903928499853,68878.99247172268
0.254,3499.999999999999,191131.99999999997
0.254,101.0,849.0
0.254,902.4623925725084,25053.663324816345
0.254,827.4019579382202,11345.353233813388
0.254,1205.0191827894944,20107.053740794287
0.254,1468.1195146797536,33690.07400214128
0.254,1680.9999999999998,82850.99999999999
0.254,3499.999999999999,83515.99999999999
0.254,545.0,12652.000000000002
0.254,809.921703362207,20082.773204935143
0.254,3499.999999999999,98124.20504136581
0.254,3499.999999999999,130347.0
0.254,2445.5702267764814,57530.62808947614
0.254,2251.510689173683,84042.41128842699
0.254,441.6897148685756,6145.024406682274
0.254,922.0872584116894,19133.36008085172
0.254,517.3761490356144,6751.233232451129
0.254,3007.6216687586766,101770.11926189337
0.254,3499.999999999999,145133.00000000003
0.254,2198.5222309542373,85416.83990876743
0.254,3499.999999999999,97762.60110083001
0.254,3499.999999999999,69690.99999999997
0.254,2589.2181716144996,76126.91951929776
0.254,2619.828238644663,110118.18342126782
0.254,3499.999999999999,199142.99999999997
0.254,1000.0000000000002,8300.999999999996
0.254,237.59419184820158,2402.963794983187
0.254,3499.999999999999,139916.95223238677
0.254,1267.9999999999998,32251.999999999985
0.254,746.8011910395272,25508.03370537392
0.254,281.6548154509148,1823.1528628666329
0.254,3499.999999999999,131753.99999999994
0.254,2569.061259904281,59135.15283425289
0.254,2869.113348951865,141308.56915605726
0.254,3499.999999999999,70872.99999999999
0.254,3499.999999999999,170981.95159723738
0.254,233.72632186972317,3266.7711167120565
0.254,3499.999999999999,185273.00000000006
0.254,988.180145520036,15761.381443261882
0.254,3499.999999999999,175974.43231397762
0.254,3499.999999999999,163213.0
0.254,1304.1372586268312,40444.784837584666
0.254,3499.999999999999,63639.999999999985
0.254,1087.9815865067465,11791.55976518593
0.254,311.0,13562.000000000004
0.254,3499.999999999999,146001.00000000003
0.254,857.2082594095788,13830.566329691632
0.254,71.0,110.00000000000001
0.254,588.6425061104574,8902.342669207912
0.254,3499.999999999999,117041.00000000003
0.254,2467.2255449816603,90700.45928894168
0.254,3499.999999999999,65763.00000000001
0.254,2262.9540820130296,79503.73918318027
0.254,3499.999999999999,135851.81793503783
0.254,771.0000000000001,29939.000000000004
0.254,1121.0,47226.99999999999
0.254,1599.4138477922152,37212.657689493775
0.254,3499.999999999999,129502.00000000001
0.254,1658.0613663954946,40620.320179986644
0.254,1883.0000000000002,115179.0
0.254,1987.8380215701675,72178.95004778053
0.254,253.0810146968753,4150.671632398785
0.254,838.7490685538792,20338.69821301254
0.254,3499.999999999999,169924.59940661964
0.254,103.0,165.0
0.254,1946.9206455323235,39754.35679268376
0.255,2666.1770383828593,49080.904413019955
0.255,466.08893597485246,6810.92188387535
0.255,1036.580918211405,27354.861798225185
0.255,3499.999999999999,101194.0
0.255,3499.999999999999,181914.0
0.255,430.69710934716056,5369.245757087304
0.255,374.0908980448468,2183.423000703254
0.255,1222.101993070989,29497.71299330904
0.255,1929.2278583269663,53008.61333956804
0.255,1147.7489678015759,24166.159516265932
0.255,2061.2067557479495,43413.79271213175
0.255,3499.999999999999,273135.99999999994
0.255,1154.0,19210.000000000004
0.255,1407.9999999999998,62132.99999999998
0.255,63.0,644.0
0.255,2004.49494885869,67408.7041709007
0.255,347.0,3829.0000000000005
0.255,3499.999999999999,128448.47226806555
0.255,3499.999999999999,181343.99999999997
0.255,168.0,877.9999999999998
0.255,1963.0333670113707,48476.15240507439
0.255,3499.999999999999,103230.0
0.255,283.0,7171.999999999998
0.255,1252.239930438451,60756.05974982039
0.255,1940.6184581210186,40215.973020679216
0.255,1896.9488925540745,75386.78735093313
0.255,3499.999999999999,163250.79177755924
0.255,398.0,5764.000000000002
0.255,2262.9862044328765,64849.5477427625
0.255,2656.87074304628,114717.47685722742
0.255,1434.8177584627251,25502.93171382459
0.255,931.5939827997786,32306.83030445353
0.255,3499.999999999999,85127.99999999997
0.255,1012.6697388586273,13682.899838849955
0.255,3499.999999999999,109441.00000000006
0.255,354.96478698597696,8488.420347744332
0.255,3499.999999999999,123397.99999999999
0.255,1148.1105371103945,31300.73989881177
0.255,3499.999999999999,69028.99999999999
0.255,1722.7884373886423,45544.39392504853
0.255,1052.6862453867554,21839.908192160074
0.255,160.0,622.0
0.255,1132.626151914214,18678.799854380362
0.255,64.0,480.99999999999994
0.255,213.0,1901.0000000000002
0.255,1200.0,27071.000000000004
0.255,3499.999999999999,98898.00000000003
0.255,83.0,99.0
0.255,2000.7084637672858,61602.97472900094
0.255,3499.999999999999,156981.63940728866
0.255,1028.0,31243.0
0.255,2369.4923159024306,84669.59217113537
0.255,2348.6166140943483,76675.81960435762
0.255,296.38906714779506,1966.192574483922
0.255,278.9336838748594,3753.5902813173416
0.255,728.3065769898867,8729.397482921948
0.255,773.6278174936574,23061.362839173235
0.255,3499.999999999999,209929.00000000003
0.255,247.00000000000003,7056.0
0.255,1188.0,22546.000000000004
0.255,1120.9371079592288,19083.869680963562
0.255,2082.612627065624,86521.77618238027
0.255,772.9159074569495,20503.126395747553
0.255,115.99999999999999,1088.0000000000002
0.255,1271.276642140156,35486.727595158685
0.255,573.0,14101.000000000002
0.255,371.0188674447703,4810.998337143757
0.255,2014.0754702840702,32575.24464988713
0.255,2378.2346393911603,89291.1925947907
0.255,1917.9416049504741,56089.08024740643
0.256,3499.999999999999,141353.00000000003
0.256,74.0,364.00000000000006
0.256,247.50735209258946,784.3762424301625
0.256,3499.999999999999,159303.99999999994
0.256,1532.481647524694,28882.00413752482
0.256,495.5539151778263,5049.323196218021
0.256,619.0,12608.000000000002
0.256,587.7498936320983,9796.530300217146
0.256,2100.833168054998,57038.68326846261
0.256,926.8649978906611,32083.037279989214
0.256,782.6237921249261,13865.079155922624
0.256,172.40069605427934,856.2359487898182
0.256,3499.999999999999,131678.0
0.256,960.5321441784234,25078.171125502762
0.256,1716.0000000000005,43317.99999999999
0.256,494.00000000000006,14535.000000000002
0.256,2602.402735934621,82290.55865650681
0.256,278.1168819039937,3206.122736265722
0.256,2376.7429495761207,36673.1990376962
0.256,844.784587927597,17932.050914493848
0.256,1459.9657530229947,22759.009139239788
0.256,1586.386459851445,48125.52121276194
0.256,1083.238308561908,23690.609501340536
0.256,1430.0,40828.000000000015
0.256,3499.999999999999,179684.00000000003
0.256,3499.999999999999,132724.2669974108
0.256,619.0,5940.999999999997
0.256,61.0,488.99999999999994
0.256,514.0632256833784,8341.422420666631
0.256,3499.999999999999,86052.00000000003
0.256,875.6420501551988,13815.734508161333
0.256,440.00000000000006,8706.0
0.256,3499.999999999999,134669.0
0.256,1001.4977556081805,15856.256023089187
0.256,912.3803558652081,20963.92065977425
0.256,1554.7104000135057,42846.250333109536
0.256,1659.0,62726.999999999985
0.256,654.9251865671378,6037.9797946001745
0.256,3499.999999999999,133560.13134914174
0.256,1359.9290164436643,43366.348255489655
0.256,1321.0,81923.99999999999
0.256,2658.9471600616653,144786.59223836995
0.256,103.0,131.0
0.256,1934.2957374713926,53286.485716361516
0.256,3499.999999999999,145728.14126310678
0.256,1156.9999999999998,17926.000000000004
0.256,1525.1808408988188,49918.515433873195
0.256,2070.0,39376.000000000015
0.256,1348.0779231576332,31165.572572229947
0.256,1603.4237070696818,28922.78899548733
0.256,314.6140492730736,1511.2561000704022
0.256,2019.2820506308678,85866.99626166043
0.256,3499.999999999999,106372.0
0.256,1307.718241824285,43224.28419303206
0.256,2694.5133207871017,86448.0465912815
0.256,796.416976212838,17236.275380719577
0.256,959.4269122762818,10368.958289047167
0.256,158.42979517754858,513.6866749293775
0.256,1441.94264210072,33010.15477454241
0.256,3499.999999999999,157600.00000000006
0.256,2064.0000000000005,157781.0
0.256,462.0606020859168,11424.36939178702
0.256,1163.0,17305.000000000004
0.256,1378.7080909315068,30702.89025482781
0.256,3499.999999999999,121779.00000000004
0.256,3499.999999999999,100486.99999999999
0.256,1251.3644553046888,32418.303456535188
0.256,1281.8373531770712,20597.893630174905
0.256,222.4480845083986,4134.466829232643
0.256,1643.0000000000002,45005.999999999985
0.256,1200.0,38204.00000000002
0.256,833.5552801555498,16011.619212689635
0.256,421.8948398900024,4378.9343513363865
0.256,1670.0302383758267,31556.33757702081
0.257,359.0,9844.000000000002
0.257,258.8938485100469,2724.4101544580667
0.257,3499.999999999999,178647.41914513352
0.257,1075.950742366954,16150.590608395725
0.257,2295.865849739483,51122.46727222777
0.257,1414.737745223818,33629.34833597921
0.257,2471.335671251479,66259.44806591734
0.257,505.4700782440044,4895.006026554004
0.257,1964.8155129680752,76066.93927061874
0.257,3499.999999999999,122003.00000000001
0.257,623.2976816898969,20037.114462916055
0.257,840.5391784631282,18588.332847681424
0.257,3499.999999999999,226315.0000000001
0.257,1228.5096662216374,28758.240836323766
0.257,2475.5807399477,73930.35655939994
0.257,1703.9999999999995,60252.00000000002
0.257,579.6550698475775,2605.2827101871308
0.257,1449.016217344268,44740.01786478055
0.257,2450.7141816213493,68945.7305784775
0.257,1155.0291719714749,30751.340670734862
0.257,1053.5770817633068,25446.700559050845
0.257,491.0,6852.999999999997
0.257,1016.0000000000002,14692.999999999998
0.257,1215.8747159787,36822.582977607875
0.257,817.8836327695791,8684.199642615622
0.257,2037.0,48864.00000000001
0.257,1172.9999999999998,22586.000000000007
0.257,1083.2567292443416,28258.36053025784
0.257,469.57427527495577,7159.397460680614
0.257,3499.999999999999,100401.00000000003
0.257,1524.0,62348.0
0.257,2024.1448403588845,51931.674334236355
0.257,1574.0,32202.0
0.257,1050.9999999999998,16965.999999999996
0.257,3499.999999999999,194436.4561187022
0.257,1946.9206455323235,53141.796883432515
0.257,952.6056180108949,15896.079957393955
0.257,3499.999999999999,142283.00000000003
0.257,1863.1879655995576,46542.62580414187
0.257,124.0,1593.9999999999998
0.257,2372.5323501147527,77633.84326694423
0.257,2394.6786033796902,72652.94652624917
0.257,758.0,8101.000000000004
0.257,559.0,19517.999999999996
0.257,780.0000000000001,15605.000000000002
0.257,2524.5791728523777,88143.04181272615
0.257,1221.0,55329.00000000001
0.257,1906.043021550143,77561.93919700562
0.257,1005.0000000000001,21509.999999999996
0.257,593.1795680904728,12445.982725361617
0.257,476.9696007084728,7249.252237300064
0.257,1078.0,15706.999999999993
0.257,1211.8154565859736,19037.875328658
0.257,3499.999999999999,182276.00000000006
0.257,2569.6931776153056,77367.52833797861
0.257,1355.0000000000005,22162.999999999996
0.257,715.462240670881,16774.92198047256
0.257,3499.999999999999,129517.00000000003
0.257,1302.2188756119303,40757.23678072398
0.257,631.0,17735.999999999996
0.257,3499.999999999999,111791.00000000003
0.257,3499.999999999999,120777.00000000004
0.257,1176.6962224805513,32265.491597060787
0.257,1161.0,19915.999999999996
0.257,3499.999999999999,166687.99999999997
0.257,476.9696007084728,9318.955091639838
0.257,1029.8058069364338,16992.38653044356
0.257,605.0875906239874,24836.0063232765
0.257,436.00000000000006,2600.0000000000005
0.257,2643.104235553339,128764.03893944921
0.257,228.3462283463425,3164.8781967083655
0.257,494.9747468305832,5018.917014655653
0.258,3499.999999999999,88952.00000000001
0.258,3499.999999999999,100391.00000000001
0.258,3499.999999999999,90229.99999999996
0.258,2513.315618472017,59922.86540518445
0.258,1378.7080909315068,35506.661684816274
0.258,118.0,801.9999999999998
0.258,731.778655059028,12791.172581120154
0.258,1098.9999999999998,24901.0
0.258,3499.999999999999,182045.99999999994
0.258,163.13867782140662,2540.621479355877
0.258,3499.999999999999,98907.0
0.258,3499.999999999999,139621.42943330723
0.258,1116.0,28894.000000000007
0.258,3499.999999999999,104084.00000000001
0.258,1191.0000000000002,28654.000000000007
0.258,626.0990336999411,12746.29640326947
0.258,3499.999999999999,234418.99999999997
0.258,1561.5372202104313,42852.98119065835
0.258,147.0,204.0
0.258,3499.999999999999,135834.0
0.258,1906.9609330030858,76264.41419167924
0.258,1809.1405350470013,41150.45784886649
0.258,613.2071521563456,10277.879951475063
0.258,706.9999999999999,19535.999999999996
0.258,1235.3137253345808,53043.46029436614
0.258,3499.999999999999,181181.58150896098
0.258,3499.999999999999,173069.00000000003
0.258,59.0,69.0
0.258,2308.287681141156,64186.04549646839
0.258,840.5730188389347,22722.307695302443
0.258,3499.999999999999,134122.00000000006
0.258,1777.3024936774598,63768.04216576362
0.258,3499.999999999999,196190.6096198287
0.258,2251.131426132529,66299.69101923378
0.258,586.5185419063921,5360.371815462057
0.258,394.16435242047817,8533.436473781763
0.258,3499.999999999999,169007.02172627594
0.258,936.2754382117904,20335.39407126061
0.258,278.2948077129719,2372.315324740791
0.258,75.0,89.0
0.258,3499.999999999999,96887.00000000003
0.258,1345.0,15526.000000000002
0.258,2432.7967444897654,70825.9807838903
0.258,3499.999999999999,126181.50941005585
0.258,1940.9999999999995,57093.99999999999
0.258,469.57427527495577,7081.301575275555
0.258,2693.5424012538074,104447.56234372014
0.258,3499.999999999999,162729.99999999994
0.258,1058.9287039267563,24442.40029129709
0.258,1642.7111736394802,47565.13201915872
0.258,869.5470403809082,13092.34249703999
0.258,416.1041187528328,5693.3648663808235
0.258,3499.999999999999,66436.99999999999
0.258,3499.999999999999,203493.99999999994
0.258,3499.999999999999,91399.0
0.258,476.9696007084728,18426.90079747542
0.258,1092.0000000000002,16549.000000000007
0.258,373.33630951194664,2836.7417929730573
0.258,498.74642855864136,6540.036926501254
0.258,3499.999999999999,99977.00000000001
0.258,1261.6776594256771,33784.30950504513
0.258,3499.999999999999,170518.99999999997
0.258,163.0,4273.0
0.258,1889.9999999999998,95986.99999999997
0.258,2666.1770383828593,76323.82131418737
0.258,529.6075888269913,7008.439029877496
0.258,1532.9266127248238,57722.89472990767
0.258,956.8103260312361,15262.426740200923
0.258,1159.0,23543.999999999993
0.258,1379.0000000000002,61794.999999999985
0.258,1350.8205927640684,42027.090458286955
0.258,2759.7864779331653,93674.4950713075
0.259,3499.999999999999,226804.75283379757
0.259,2053.0000000000005,103289.99999999999
0.259,3499.999999999999,204553.08274381986
0.259,2395.390457941054,82026.92867300022
0.259,1353.0000000000002,34244.0
0.259,154.0,2141.0
0.259,3499.999999999999,85615.99999999999
0.259,1069.0,32553.000000000007
0.259,3499.999999999999,80458.00000000004
0.259,2007.9840636817814,62115.32673986351
0.259,1949.6153466773897,46207.63308155914
0.259,1953.2024984624609,64988.53683535274
0.259,3499.999999999999,103760.00000000001
0.259,1772.0115013872985,64651.572751207495
0.259,1742.6092113182726,54977.255415450694
0.259,1105.0000000000002,29462.00000000001
0.259,3499.999999999999,283634.00000000006
0.259,3499.999999999999,193815.0000000001
0.259,3499.999999999999,67725.00000000001
0.259,66.0,639.0
0.259,3499.999999999999,144200.00000000006
0.259,209.65686251587377,3202.23687443637
0.259,2722.845752694134,82213.07312497728
0.259,2394.6786033796902,75954.68203004015
0.259,63.0,569.0000000000001
0.259,1051.2873099896092,29646.970848780147
0.259,348.0,7077.999999999999
0.259,1105.0000000000002,40768.0
0.259,3499.999999999999,287755.0000000001
0.259,885.0435017557048,36580.239474339156
0.259,64.0,548.0
0.259,65.0,786.9999999999999
0.259,937.8750854671606,18414.265920969006
0.259,3499.999999999999,188044.0
0.259,1389.3746794871424,45983.48168636212
0.259,414.70196824295044,9925.208354038721
0.259,292.3627817187012,3435.0432523808877
0.259,514.0,10361.000000000002
0.259,1596.0,57886.99999999998
0.259,379.90656746100086,2860.259079174472
0.259,3499.999999999999,195348.99999999994
0.259,991.8104476534237,11453.788652008172
0.259,3499.999999999999,168454.99999999997
0.259,752.9462132184476,15184.842442383124
0.259,1412.5257808565361,39649.85551208892
0.259,1524.5570111425013,47514.89250178219
0.259,375.7060020814147,6285.816176122236
0.259,2563.103587450184,136857.74962346855
0.259,3499.999999999999,166694.89007165164
0.259,1863.0,86300.99999999999
0.259,3499.999999999999,156618.99999999994
0.259,202.0,953.0000000000001
0.259,349.6641245538352,2991.8447486458917
0.259,1885.7359306117069,52448.368611425845
0.259,3499.999999999999,167954.00000000006
0.259,3499.999999999999,104618.98633613306
0.259,3499.999999999999,94012.0
0.259,1218.2988399848618,28839.794275541193
0.259,3499.999999999999,75353.0
0.259,1451.0,22167.0
0.259,2604.356601257917,82938.01603422807
0.259,3499.999999999999,129832.99999999997
0.259,3499.999999999999,174633.99999999997
0.259,3499.999999999999,143006.99999999994
0.259,1171.3222000892079,22607.895033223267
0.259,2241.8742159184576,100498.92133749498
0.259,1536.0579705400553,34905.80130099061
0.259,2355.313142662775,121620.62453794587
0.259,2581.275734685494,98287.55859051332
0.259,3499.999999999999,178507.37857969993
0.259,1041.0,29483.0
0.259,1025.0,4893.0
0.259,62.0,442.0
0.259,340.0,3368.0
0.259,2288.683051925096,57025.03702935992
0.26,726.4476820529445,9654.546259939167
0.26,1433.9999999999998,37289.999999999985
0.26,84.0,759.9999999999998
0.26,2093.3227175951633,58375.954536093035
0.26,1250.0000000000002,20878.0
0.26,485.6069914594559,11922.3346788136
0.26,1949.6153466773897,60148.0744579575
0.26,2492.4887161229035,82457.9688568667
0.26,3499.999999999999,230123.99999999997
0.26,3499.999999999999,37865.00000000001
0.26,1546.6107003463915,51857.72553301083
0.26,3499.999999999999,120522.99999999999
0.26,70.0,675.0000000000001
0.26,3499.999999999999,188243.99999999994
0.26,1917.9416049504741,40640.83611344629
0.26,3499.999999999999,138210.00000000003
0.26,771.0000000000001,6082.0
0.26,3499.999999999999,78238.00000000001
0.26,789.6815465921579,7348.656043335569
0.26,3499.999999999999,118502.00000000004
0.26,1534.7638254793471,28632.875527966087
0.26,3499.999999999999,191437.0
0.26,1468.3323874382118,57242.929659478454
0.26,2629.828891772239,87528.43423710945
0.26,1082.4943417865977,29358.476050367484
0.26,3499.999999999999,182903.0
0.26,1637.5664879865749,48005.45473600477
0.26,303.17378667054754,1701.8468628717353
0.26,3499.999999999999,290830.0
0.26,378.7509427156878,8085.505223791461
0.26,3499.999999999999,54569.99999999999
0.26,1343.0000000000002,34735.99999999999
0.26,1949.6153466773897,53860.9654202373
0.26,1921.5878850575627,16540.670119435898
0.26,287.0,446.0
0.26,77.0,1067.9999999999998
0.26,62.0,449.0
0.26,2467.2255449816603,108079.8997527256
0.26,115.99999999999999,1306.0
0.26,2533.1972264518326,77644.21825272383
0.26,873.0000000000002,9086.000000000002
0.26,2237.967828186991,66257.35038469316
0.26,65.0,616.0000000000001
0.26,1611.0000000000002,22315.000000000004
0.26,1854.6770869876918,59270.48784982974
0.26,2425.5927110708417,61034.5187905991
0.26,1980.7826735914266,69700.14364404137
0.26,3499.999999999999,92843.00000000001
0.26,781.5215927919076,18650.606424457103
0.26,504.52675201915963,10750.291845022188
0.26,2245.1018384597805,91931.04686442512
0.26,3499.999999999999,76168.22715542222
0.26,703.5686177778106,6157.558633161154
0.26,1917.9416049504741,45980.25803537864
0.26,516.1015713553401,9917.26368068012
0.26,2165.9199367668725,69488.29175346892
0.26,316.4885463962322,5574.5058973867835
0.26,3499.999999999999,131949.0
0.26,1597.8160306968389,41581.894647312845
0.26,3499.999999999999,151332.0
0.26,2271.343214928118,119278.64201104901
0.26,2264.998529953059,44704.672427954494
0.26,3499.999999999999,195538.00000000003
0.26,684.0,7202.999999999997
0.26,1366.0000000000002,29855.0
0.26,1386.9520539658176,35802.19325683831
0.26,336.1190265367315,1805.2401502293264
0.26,465.8325879540846,8012.96649188052
0.26,484.25200051213,6582.220294095302
0.26,1564.1291506777818,34332.11883936088
0.261,3499.999999999999,239124.99999999994
0.261,552.0414491384747,8930.619612566872
0.261,1154.2664337145038,18706.029509225096
0.261,895.2653238007155,24534.657120082193
0.261,658.6653171376188,5111.355691008013
0.261,1792.240617326711,47041.86307844922
0.261,1175.162615187967,31205.5645388179
0.261,186.0,274.0
0.261,1410.0,55171.99999999999
0.261,3499.999999999999,89207.00000000003
0.261,567.0100955518775,14380.180750692634
0.261,2450.7141816213493,58052.6405428728
0.261,726.9999999999999,18440.0
0.261,1541.0000000000002,24105.999999999993
0.261,1050.9999999999998,15949.000000000004
0.261,1374.754159840951,38446.03590748987
0.261,1541.0000000000002,78596.00000000001
0.261,708.3732511145012,8484.322578657218
0.261,2332.555296152167,70239.91005039719
0.261,3499.999999999999,179002.25084464223
0.261,3499.999999999999,196125.9999999999
0.261,2348.6166140943483,92078.5952977129
0.261,1040.0,11676.0
0.261,223.12776608929693,1646.0294651068675
0.261,3499.999999999999,136656.0
0.261,1516.8968323521544,57971.9709169871
0.261,1702.7349287638895,63802.51001447789
0.261,773.8675156882931,21140.31576776957
0.261,353.7128551274721,5330.794438922061
0.261,3499.999999999999,119409.00000000001
0.261,1163.8298844762494,39282.46109907064
0.261,2074.8493921246436,47967.24551191158
0.261,269.29537686339876,4701.489444846176
0.261,1261.0,45868.99999999999
0.261,59.0,1416.0
0.261,883.9536807038885,20387.257318256325
0.261,1360.0000000000002,34910.000000000015
0.261,3499.999999999999,157602.99999999997
0.261,1035.653064468867,14082.420537458636
0.261,1200.61195638995,26800.309533775493
0.261,2301.955690277292,77008.18550647715
0.261,1547.2556349873148,32004.788579211094
0.261,740.7963126938962,13460.785090052712
0.261,3499.999999999999,186017.0
0.261,785.4872764099186,14964.707528146988
0.261,2472.580364915638,73925.46005746888
0.261,1471.0,39618.000000000015
0.261,3499.999999999999,191840.08447402224
0.261,386.0,7276.000000000002
0.261,317.4745170170826,5277.64093660447
0.261,1901.2226664051088,57141.14825396698
0.261,3499.999999999999,117259.00000000001
0.261,1149.9999999999998,36058.0
0.261,3499.999999999999,117002.99999999997
0.261,3499.999999999999,177160.2952131204
0.261,469.57427527495577,9381.968130408459
0.261,3499.999999999999,132336.99999999994
0.261,286.73681312311464,2456.2312594704927
0.261,1764.834279448662,49207.455500824464
0.261,3499.999999999999,115164.99999999997
0.261,3499.999999999999,117264.0864118251
0.261,347.99712642491744,2455.4266431722212
0.261,1232.284463912452,37035.710834274505
0.261,3499.999999999999,99596.183883415
0.261,3499.999999999999,132730.15396481624
0.261,1044.8980811543292,27839.827675472414
0.261,1843.2657033096953,49826.36434892014
0.261,1895.9166648352448,38493.81688011727
0.262,1885.7359306117069,61267.697932923875
0.262,1883.8789770046264,34234.35626676802
0.262,1245.7096078898173,33654.58526459529
0.262,1016.0000000000002,33220.0
0.262,1000.9999999999998,15279.0
0.262,3499.999999999999,177916.99999999997
0.262,1217.0000000000002,15701.999999999998
0.262,1704.4060549059313,57805.44281466929
0.262,570.0000000000001,7782.000000000001
0.262,688.3574652751287,22595.23184213873
0.262,3499.999999999999,177672.60994593395
0.262,302.0,361.00000000000006
0.262,832.0,26394.0
0.262,150.0,1789.0
0.262,2643.104235553339,121448.25058435385
0.262,2619.828238644663,131712.87788215704
0.262,3499.999999999999,76570.0
0.262,1467.0000000000005,35072.000000000015
0.262,82.0,689.0
0.262,348.0,2183.9999999999995
0.262,3499.999999999999,163085.2446053903
0.262,1944.2222095223585,47625.324334853605
0.262,3499.999999999999,176939.00000000006
0.262,1904.2058712229618,61964.398012084326
0.262,96.0,134.0
0.262,1763.0000000000002,60574.000000000015
0.262,2315.1644477314985,60675.73634078827
0.262,1243.593892177034,55285.23877983434
0.262,1997.4984355438173,96797.23015148733
0.262,1083.236178006456,21512.677677712563
0.262,1173.734868884843,30095.8017725184
0.262,3499.999999999999,176002.0
0.262,653.5529307161472,8163.055101612734
0.262,3499.999999999999,158724.86752238925
0.262,1451.9999999999998,48278.00000000001
0.262,2546.6644851648593,143047.94353642422
0.262,171.0,2380.9999999999995
0.262,1702.7349287638895,53625.72825186312
0.262,1363.647575665388,53425.40659910418
0.262,2627.6269997516024,128892.1658189304
0.262,150.0,173.0
0.262,350.0,3956.0
0.262,87.0,2093.0000000000005
0.262,1560.6346285260456,41462.11491726713
0.262,2158.3558557383435,82576.1219905609
0.262,3499.999999999999,191970.0000000001
0.262,2046.826812409882,97473.30142146624
0.262,715.8131910363643,14996.592010732336
0.262,3499.999999999999,85056.78750105723
0.262,1749.600240054853,51581.548532396766
0.262,1186.9999999999998,29526.00000000001
0.262,109.00000000000001,786.9999999999999
0.262,302.41283830790786,1643.7465110789678
0.262,2574.516828940386,121541.61633571821
0.262,213.42914515126557,1619.9444434918134
0.262,2041.6904760516472,65133.23898747864
0.262,3499.999999999999,196622.99999999994
0.262,1481.38043729489,40067.0172086718
0.262,1023.0,13837.0
0.262,287.05299154647037,1476.466514244213
0.262,1471.0,51671.99999999998
0.262,857.3214099741122,10281.396549107521
0.262,438.8980280290361,9671.27923758144
0.262,1463.0,55748.00000000002
0.262,2124.8529360875777,43516.85787140425
0.262,970.3092290605092,16408.826557679262
0.262,170.99707599839243,738.7022404189661
0.262,3499.999999999999,210202.0
0.262,3499.999999999999,154551.69521554917
0.262,830.0000000000001,11489.999999999998
0.262,332.9264182968964,5774.093435336845
0.262,1559.9999999999998,51893.00000000001
0.262,488.98202430421225,5654.356550811596
0.262,1121.0,30927.999999999996
0.263,1513.0,18186.0
0.263,1330.9999999999998,32148.0
0.263,2475.5807399477,101821.41537024519
0.263,1263.3289357883007,37789.42256769743
0.263,445.2626989059735,8634.571891770574
0.263,3499.999999999999,181079.99999999994
0.263,64.0,759.9999999999998
0.263,2524.5791728523777,84640.83725956401
0.263,786.9999999999999,33628.0
0.263,1639.2959609864558,38901.105418767256
0.263,1683.7997136456338,42537.93640435719
0.263,524.8342595524801,9073.63824493792
0.263,3499.999999999999,83500.99999999997
0.263,3499.999999999999,87442.0
0.263,3499.999999999999,244038.99534295755
0.263,1222.4974437601088,22482.025309121953
0.263,323.9158732200538,3321.932218858198
0.263,576.6281297335397,3576.4781559517446
0.263,3499.999999999999,101618.21564212703
0.263,469.57427527495577,6766.352636391338
0.263,2132.252330283637,52231.105559809876
0.263,1158.1994646864591,11816.278940512539
0.263,1065.1065674382073,21129.657687714673
0.263,2696.7610910230387,132644.3901631886
0.263,1016.0000000000002,13533.000000000007
0.263,1526.7612779999367,42334.32620226759
0.263,1121.0,12097.999999999998
0.263,2708.5008706352824,90381.09940629132
0.263,2430.4567663551675,74984.65042274227
0.263,1917.9416049504741,61715.26528339649
0.263,290.8068629464551,5964.416501152119
0.263,440.00000000000006,11843.0
0.263,1140.0115726741478,21245.411571971417
0.263,1014.6287660721293,24205.109574982827
0.263,565.5963651122444,9308.57226670241
0.263,170.0,1495.0
0.263,1071.92350473343,18643.893906585068
0.263,1261.0,48171.00000000001
0.263,1453.775773632234,56677.47027699808
0.263,1327.1995042655496,39855.99797594963
0.263,3499.999999999999,179842.8985531538
0.263,501.0,11420.000000000002
0.263,3499.999999999999,138607.00000000003
0.263,2320.1293067413294,88520.70876354304
0.263,631.0,5861.999999999997
0.263,84.0,85.0
0.263,1186.0,18464.000000000004
0.263,1278.9999999999998,28645.999999999985
0.263,1485.9487865973908,36096.11907927887
0.263,1311.0000000000002,25932.999999999993
0.263,1121.0,24611.000000000015
0.263,294.0,6395.999999999999
0.263,376.99999999999994,7035.999999999997
0.263,174.0,373.0
0.263,1298.0,50195.999999999985
0.263,1062.0,11644.999999999998
0.263,1942.7618441898073,65706.73049582321
0.263,2094.429682060014,48015.66036160169
0.263,1057.3121514301645,12188.476779065075
0.263,2623.8330739587846,86997.58694354685
0.263,1379.0000000000002,22455.00000000001
0.263,808.4102334699443,8597.198303257492
0.263,315.99999999999994,12016.999999999996
0.263,199.09887933882501,2236.65557457675
0.263,3499.999999999999,191447.99999999994
0.264,561.2486080160911,3153.869369520557
0.264,469.89360497882916,6524.3277048290565
0.264,64.0,789.0
0.264,68.0,779.0
0.264,1732.715787427356,68181.12219669016
0.264,545.9999999999999,10429.0
0.264,3499.999999999999,128715.99999999999
0.264,2323.8975881049487,81125.87167482395
0.264,490.00000000000006,9078.999999999998
0.264,855.9999999999999,28828.99999999999
0.264,463.17432679666916,6535.234291689464
0.264,1567.0000000000002,47369.499047382786
0.264,3499.999999999999,150793.99149170358
0.264,1153.878676464731,20228.259959769155
0.264,3499.999999999999,117148.50453576574
0.264,232.38330404742936,4161.415023762949
0.264,1141.0924590058423,27113.224374832294
0.264,1061.9453967707163,14023.806416123574
0.264,1370.0,59937.00000000002
0.264,1526.0,75258.99999999999
0.264,1014.0,14424.0
0.264,581.4588720173522,5319.146823133551
0.264,732.8469877544984,12138.940897602253
0.264,1451.077186093145,37769.18483367097
0.264,1566.365219225708,20946.02663991431
0.264,3499.999999999999,184175.0340247016
0.264,3499.999999999999,92251.9541364843
0.264,2100.833168054998,63249.429783990956
0.264,3499.999999999999,271211.0000000001
0.264,1174.6994855441394,36461.38327455676
0.264,1693.074127142695,42549.137594080596
0.264,2315.92601503897,60651.09735183256
0.264,1578.3877695307724,44860.09607529927
0.264,861.3942186943211,16868.852243113644
0.264,3499.999999999999,94191.00000000001
0.264,687.9898255061624,10379.810017529222
0.264,1372.9949398501874,35001.61478537985
0.264,2379.630853935158,101107.10304685618
0.264,70.0,801.9999999999998
0.264,1356.8345514468595,40420.96632936921
0.264,3499.999999999999,144925.0
0.264,1618.0000000000002,114782.0
0.264,498.4977432245807,14467.726117120132
0.264,473.2863826479693,8264.717539033021
0.264,1003.9999999999998,14129.000000000005
0.264,1800.9999999999998,91744.99999999999
0.264,817.618492941543,19386.972120473074
0.264,480.62459362791657,11686.061697595129
0.264,1049.5521899949597,28682.04320206653
0.264,72.42927584892728,685.8811850459232
0.264,3499.999999999999,124433.99999999994
0.264,3499.999999999999,171842.99999999997
0.264,3499.999999999999,111065.00000000001
0.264,1454.1354819960895,59619.48973280467
0.264,3499.999999999999,81905.00000000003
0.264,1113.9999999999998,27601.000000000004
0.264,66.0,573.0
0.264,3499.999999999999,292854.0000000001
0.264,438.9988610463585,14948.59873031583
0.264,318.0,2700.0
0.264,2200.909512515677,58119.94052825014
0.264,1297.4975915199225,32515.792393850686
0.264,3499.999999999999,228213.00000000012
0.264,1005.0000000000001,26896.999999999993
0.264,1658.8150807538882,43697.92004458617
0.264,3499.999999999999,192559.00000000003
0.264,1419.8591479439078,25379.831677928825
0.264,74.0,77.0
0.264,1852.3094119701752,65544.02179612283
0.264,1424.7806848775006,24659.699470999236
0.265,488.0,9755.000000000002
0.265,2317.447648863758,104867.27963259525
0.265,488.71808647953577,4601.516153063542
0.265,1264.713406270369,51829.17877026413
0.265,1040.0,31715.999999999996
0.265,1700.9999999999998,43290.999999999985
0.265,1025.5028035066505,22514.64467851981
0.265,221.02488547672635,746.4536154376908
0.265,3499.999999999999,84093.00000000001
0.265,1492.754689627905,33343.85207247689
0.265,3499.999999999999,147082.99999999997
0.265,1200.833044182246,29000.04579306729
0.265,3499.999999999999,70537.00000000003
0.265,2528.04272115801,83146.87459550121
0.265,104.0,961.9999999999999
0.265,2158.3558557383435,34026.20090459705
0.265,940.9105406772627,29749.603510753815
0.265,3499.999999999999,167777.99999999994
0.265,1589.654050414743,38895.48765602508
0.265,3499.999999999999,157755.99999999994
0.265,1077.7164617644505,26119.806343965673
0.265,3499.999999999999,328194.00000000023
0.265,1163.0,17395.0
0.265,3499.999999999999,157564.86995520288
0.265,1013.5651545258753,12939.920878944667
0.265,193.0,2720.9999999999995
0.265,409.55951948404277,3807.922924640151
0.265,857.3214099741122,8773.03961007814
0.265,3499.999999999999,120071.00000000003
0.265,446.0,3647.999999999999
0.265,1403.9999999999998,25001.999999999993
0.265,1199.2597716925218,16311.842722390387
0.265,800.1153963746289,14477.161904403178
0.265,371.53734670958715,5471.955866050093
0.265,284.30969030266976,3361.290525973617
0.265,1493.6023820790545,45979.77311615826
0.265,593.0,12171.0
0.265,2103.3306920215855,37443.67156142678
0.265,3499.999999999999,125021.00000000003
0.265,1873.0,63252.00000000001
0.265,1000.0000000000002,12582.000000000002
0.265,3499.999999999999,144313.0
0.265,1639.5100378020888,49557.03373208162
0.265,1486.1022845013053,40584.450840192505
0.265,1817.6908428002819,40202.73189722311
0.265,1159.1496883491795,25224.15540706963
0.265,931.5939827997786,25551.49021328673
0.265,2404.606315488276,83409.38557371535
0.265,3499.999999999999,142033.99999999997
0.265,332.8242779606079,2125.9539035454177
0.265,3499.999999999999,65793.00000000001
0.265,3499.999999999999,221227.00000000006
0.265,3499.999999999999,74836.0
0.265,875.6424206503683,29099.68587348105
0.265,1750.9997144488632,131363.86173525808
0.265,3499.999999999999,189972.81960849033
0.265,1796.9999999999995,44613.000000000015
0.265,3499.999999999999,175834.0
0.265,908.6502889405855,13501.597475152226
0.265,3499.999999999999,220805.9999999999
0.265,3499.999999999999,123721.99999999999
0.265,2902.455312593206,101325.14863875028
0.265,3499.999999999999,208022.99999999994
0.265,518.0,7198.0
0.265,2923.6278171870117,73290.41393725309
0.265,276.9770037428536,1339.2841739977714
0.265,3499.999999999999,147312.0
0.265,3499.999999999999,105671.99999999999
0.265,830.0000000000001,6348.0
0.266,1885.7359306117069,71479.89745375967
0.266,1118.9999999999998,43466.99999999999
0.266,3499.999999999999,105139.99999999997
0.266,697.5509655594512,6784.392251478316
0.266,3499.999999999999,103179.0
0.266,181.49380154705008,702.9623033989802
0.266,1294.6295052240507,27384.09056709396
0.266,372.2687201471539,2634.9650851576753
0.266,87.0,966.0
0.266,2524.5791728523777,81785.49260107204
0.266,340.0,7187.000000000002
0.266,545.335337770915,6373.36526352978
0.266,3499.999999999999,86208.99999999999
0.266,3499.999999999999,130512.00000000003
0.266,883.4791184051315,17934.347214218265
0.266,3499.999999999999,134392.99999999997
0.266,1960.3571103245447,74818.93075953436
0.266,1462.94734781419,43056.32719565548
0.266,1060.0,30063.0
0.266,1645.6475928946634,52828.90953824432
0.266,1855.9999999999995,41716.00000000001
0.266,3499.999999999999,166607.78835936813
0.266,594.5586598477898,9563.640938471077
0.266,434.934477823959,3405.347559354257
0.266,917.2594879731138,23101.942215587613
0.266,1012.9999999999999,17932.999999999996
0.266,1910.4740561018268,58369.83623000083
0.266,3499.999999999999,83470.71753016143
0.266,265.6560800229466,3442.1469743947596
0.266,2887.840486326069,163498.53705526903
0.266,302.617830835009,4105.736420563704
0.266,3499.999999999999,107666.91261943008
0.266,3499.999999999999,109627.99999999997
0.266,480.62459362791657,9381.264733499429
0.266,711.0199372872306,22258.006896280956
0.266,561.0,10512.999999999996
0.266,3499.999999999999,238514.00000000003
0.266,369.14631245618585,2046.7085772038977
0.266,431.3084742965294,8212.850662224419
0.266,3499.999999999999,111417.00000000006
0.266,2524.5791728523777,60002.84891569734
0.266,1891.0000000000005,112056.0
0.266,3499.999999999999,162910.99999999994
0.266,583.8878316937252,5827.224896981408
0.266,1828.9999999999995,88750.99999999999
0.266,1923.0000000000005,29514.000000000004
0.266,3499.999999999999,106655.00000000004
0.266,1380.9999999999998,26764.999999999993
0.266,3499.999999999999,230570.9999999999
0.266,112.6232658024087,379.28353510269864
0.266,1016.0000000000002,32239.999999999985
0.266,3499.999999999999,129129.6107715035
0.266,3499.999999999999,121796.00000000003
0.266,3499.999999999999,148914.0
0.266,421.0,10339.0
0.266,484.0,8113.679559854457
0.266,2318.96728710177,67226.89203649001
0.266,3499.999999999999,198688.9999999999
0.266,3499.999999999999,102556.17438508432
0.266,3499.999999999999,148662.27282669928
0.266,3499.999999999999,155598.00000000003
0.266,2348.6166140943483,98130.51894288544
0.266,1261.0,61635.99999999999
0.266,1010.0,16160.000000000005
0.266,3499.999999999999,144833.99999999994
0.266,329.75293781860387,1669.4157660690762
0.266,2046.8124167490053,44180.07051722162
0.266,1036.4989146159294,18447.258387088306
0.266,935.4143466934855,14932.493227857161
0.267,462.0606020859168,6568.403458984537
0.267,629.0,14684.000000000005
0.267,3499.999999999999,197844.0000000001
0.267,1175.0053021640929,23022.99893712424
0.267,1616.9415573854237,21864.001577936273
0.267,672.2217769983414,11736.573122457665
0.267,1541.5900881881669,50681.485149904554
0.267,3499.999999999999,254060.0
0.267,107.02336193560731,135.7350360076572
0.267,3499.999999999999,156584.62527636858
0.267,3499.999999999999,162219.99999999997
0.267,1829.6528550114858,68987.8706088807
0.267,1386.9307569411917,62057.344732723686
0.267,1952.0000000000002,51495.00000000001
0.267,430.99999999999994,9711.000000000002
0.267,1797.5476037126587,43694.09072210975
0.267,3499.999999999999,160921.9082350194
0.267,2074.8493921246436,52709.67233819614
0.267,1754.6648873278064,59668.54571713908
0.267,3499.999999999999,89764.99999999997
0.267,408.3380952103294,15827.200131419335
0.267,1540.0000000000002,37668.000000000015
0.267,1714.9999999999995,57235.99999999999
0.267,1077.0000000000002,30326.999999999993
0.267,1142.0,13752.000000000007
0.267,175.0,580.0
0.267,655.9999999999999,9553.000000000002
0.267,1609.9999999999998,12003.000000000004
0.267,1342.5721582097551,50900.36518533047
0.267,3499.999999999999,219923.99999999994
0.267,3499.999999999999,128012.99999999999
0.267,900.9999999999998,16656.999999999996
0.267,91.0,895.0000000000001
0.267,2641.1171878581986,104503.57482880665
0.267,3499.999999999999,109989.921174624
0.267,1471.0,69195.0
0.267,109.00000000000001,111.00000000000001
0.267,2220.6980884397585,61660.45033893285
0.267,3499.999999999999,129130.99999999997
0.267,369.5713733502637,2594.665296333999
0.267,1291.4069846489135,36711.83181210112
0.267,2041.6904760516472,66156.7777102241
0.267,699.0000000000001,11883.999999999996
0.267,2448.57101183527,95624.46188083889
0.267,1611.0000000000002,77576.00000000003
0.267,1196.7141736152269,21799.30562722571
0.267,3499.999999999999,149416.00000000006
0.267,559.0110552837529,13775.413359359743
0.267,526.3846622694853,6811.717844106763
0.267,1191.0000000000002,13986.000000000004
0.267,293.5579310998174,3195.508380053471
0.267,1786.0000000000002,124710.99999999994
0.267,2830.907573912391,125031.34721192258
0.267,3499.999999999999,149992.99999999997
0.267,3499.999999999999,142475.5032488042
0.267,2322.835618088069,64402.5487096691
0.267,1336.9999999999995,45488.99999999998
0.267,1366.0000000000002,32061.000000000007
0.267,1503.9999999999998,15358.000000000007
0.267,322.0,2619.0
0.267,1914.0000000000005,70170.00000000001
0.267,393.6188424772929,5389.564986961759
0.267,1159.310139695155,26461.380651810294
0.267,2702.3641844035546,119424.99281135335
0.267,3499.999999999999,288845.0000000001
0.267,582.2801995099832,9879.432102985738
0.267,1625.1204013352783,52578.31251424508
0.267,465.8325879540846,10891.493286046682
0.267,3499.999999999999,163037.7871537762
0.267,364.00000000000006,2333.0
0.268,86.0,619.0
0.268,1207.220357123137,27910.028900684574
0.268,983.3412429060423,23957.20033726813
0.268,3499.999999999999,146207.00000000003
0.268,330.0,8379.999999999996
0.268,1390.0,60375.00000000002
0.268,682.716632286046,15512.980113440488
0.268,2078.0,47505.000000000015
0.268,2002.0,53695.000000000015
0.268,3499.999999999999,185021.99999999994
0.268,594.0,8171.999999999998
0.268,1310.8596226496043,37896.87654853401
0.268,1923.0000000000005,76988.00000000003
0.268,202.99999999999997,1826.0000000000002
0.268,1116.0,41297.999999999985
0.268,3499.999999999999,199863.99999999997
0.268,753.2927717693831,10547.23622566594
0.268,1270.5180045949767,48768.07357277915
0.268,415.00000000000006,14837.999999999995
0.268,3499.999999999999,113779.0
0.268,1085.9999999999998,14607.000000000002
0.268,1506.0,48189.99999999999
0.268,1143.4440694051805,16093.862480643324
0.268,726.0,16365.784307511814
0.268,126.0,1532.9999999999998
0.268,1444.299137990465,34204.66564666288
0.268,2460.499160611249,108358.46201155102
0.268,232.3956743227927,4432.571721987533
0.268,65.0,673.0
0.268,59.0,340.99999999999994
0.268,2315.759534292723,73592.68538030436
0.268,748.2815470539484,22514.744844528726
0.268,261.7632518135424,2365.0792798551174
0.268,1393.9999999999998,38373.99999999999
0.268,2066.397831977182,54678.54008658243
0.268,1650.4437129294004,40198.927190112474
0.268,305.1458667588338,3099.0609868151987
0.268,902.4623925725084,24101.93373688848
0.268,491.0,12227.000000000004
0.268,694.8720500099323,18152.724403455035
0.268,66.0,501.0
0.268,3499.999999999999,212778.00000000003
0.268,1274.0086341936615,14780.584223906715
0.268,260.54220184411713,1881.459813804443
0.268,1085.9999999999998,21160.0
0.268,3499.999999999999,207425.0
0.268,3499.999999999999,289573.99999999994
0.268,3499.999999999999,87373.99999999997
0.268,1366.0000000000002,40926.000000000015
0.268,1118.9999999999998,26728.999999999996
0.268,2269.03063002684,70964.5171053816
0.268,1116.8241440440959,20588.902184712562
0.268,1862.0109672031965,46922.267173370725
0.268,317.13088780501965,3022.214585366168
0.268,2014.0754702840702,65948.71607544764
0.268,346.11414302221164,1357.0681633580532
0.268,1327.9999999999998,18338.999999999993
0.268,312.00000000000006,5796.999999999999
0.268,1716.0000000000005,19573.0
0.268,621.2487424534556,14181.81899475521
0.268,446.6542286825459,9615.801110671953
0.268,3499.999999999999,84641.00000000001
0.268,1937.00800204852,72954.06993444571
0.268,999.4105202251989,24617.226805983235
0.268,1010.0,18492.999999999993
0.268,1401.0000000000002,22001.000000000004
0.268,1933.0143973886748,64774.58770445801
0.269,1289.3796958227626,35873.291973277286
0.269,729.3833011524188,11654.860616927179
0.269,2032.2401432901572,48106.513727352976
0.269,3499.999999999999,184050.0
0.269,2041.0000000000005,37055.999999999985
0.269,128.0,2014.9999999999995
0.269,2204.087112616015,49878.29727446599
0.269,2060.0,29899.00000000001
0.269,1994.868416713242,42773.98485060748
0.269,881.2935289867996,16704.203658607774
0.269,1877.3651749193598,88753.13988811887
0.269,1468.233632634806,72047.57730139162
0.269,633.0,11650.999999999996
0.269,473.2863826479693,12012.970282157534
0.269,1610.1701143500418,49181.53527266052
0.269,2343.394973110593,58811.86002839903
0.269,3499.999999999999,184965.00000000003
0.269,54.0,92.0
0.269,3499.999999999999,116234.80023211632
0.269,3499.999999999999,121271.00000000004
0.269,3499.999999999999,120665.00000000001
0.269,1907.8784028338912,39992.71136094676
0.269,1771.0000000000005,38243.999999999985
0.269,1629.0000000000002,93256.0
0.269,3499.999999999999,96050.99999999997
0.269,916.7850131866632,14271.918402695288
0.269,1449.4998232601367,41334.97187912997
0.269,2431.357645431869,90490.66703809844
0.269,578.9999999999999,14051.999999999998
0.269,293.00000000000006,532.0
0.269,1828.9247530604805,62689.250635095894
0.269,1043.8117646395829,38826.42582056711
0.269,2600.7394346567808,72459.35629895779
0.269,3499.999999999999,76861.99999999999
0.269,3499.999999999999,102524.99999999997
0.269,303.97368307141323,3498.78135927354
0.269,3499.999999999999,126173.99999999996
0.269,1626.1018168565543,31800.412950315622
0.269,788.5949495264699,17587.53517918805
0.269,1727.717483891381,51007.67812643832
0.269,225.99999999999997,3045.9999999999995
0.269,1885.7359306117069,51708.733111535425
0.269,3499.999999999999,201120.9969147925
0.269,1016.0000000000002,16530.000000000007
0.269,497.2846267481028,6224.334502579373
0.269,157.25139109082627,239.62470657259027
0.269,979.2854537876075,5988.0781558025765
0.269,123.0,1752.0
0.269,292.4722209031142,5793.421268991234
0.269,1593.7422237221501,30580.342285033403
0.269,476.9696007084728,8789.576781620379
0.269,1183.0934029061275,21946.29194192038
0.269,108.0,790.0000000000002
0.269,532.0,7813.0
0.269,3499.999999999999,111470.00000000004
0.269,3499.999999999999,219671.99999999997
0.269,109.00000000000001,1215.9999999999998
0.269,2301.309931905284,82103.94938176585
0.269,1899.0628804360508,72718.44084453693
0.269,1331.6212354494237,37705.16917840654
0.269,1215.3188881935473,52081.74397041635
0.269,1693.7711107604578,45042.571403579
0.269,1351.9999999999998,19248.999999999996
0.269,2711.6260966793507,87328.98654710258
0.269,1902.2020636695202,61879.2180752143
0.269,585.0,5851.999999999999
0.269,1490.1114052311661,31483.556374717256
0.269,691.1952256774215,14758.565478543209
0.269,653.2085929649903,9879.502346168534
0.269,1089.2658077806357,14915.852774816458
0.27,748.331477354788,12587.247832628062
0.27,606.217782649107,4540.294263591292
0.27,2348.6166140943483,101205.28556355153
0.27,3499.999999999999,112042.99999999999
0.27,3499.999999999999,123687.99999999997
0.27,1007.9999999999998,17581.0
0.27,476.9696007084728,10994.448326314512
0.27,186.33303518163387,2452.272415536251
0.27,97.0,100.0
0.27,3499.999999999999,122059.99999999997
0.27,3499.999999999999,183156.00000000003
0.27,281.0,3757.000000000001
0.27,483.81560719503966,7520.394781350858
0.27,3499.999999999999,162218.031673424
0.27,1474.8074450585066,23226.659165708705
0.27,1885.7359306117069,84747.88916545354
0.27,3499.999999999999,231825.0
0.27,3499.999999999999,122360.47094548137
0.27,1741.0,112445.00000000004
0.27,3499.999999999999,121859.44384412715
0.27,412.54090706256034,7763.050946631742
0.27,188.0,6458.0
0.27,1747.554291002142,62761.2204231243
0.27,434.99999999999994,26162.999999999993
0.27,475.0,8431.000000000004
0.27,1182.0,35427.0
0.27,1073.9999999999998,17406.999999999993
0.27,3499.999999999999,252897.00000000006
0.27,907.3076340614323,25704.583045903342
0.27,2066.0000000000005,79588.99999999999
0.27,838.0000000000002,37598.00000000002
0.27,2026.3390219171893,89319.50137285909
0.27,3499.999999999999,73966.99999999999
0.27,1446.798534696521,17180.885454481082
0.27,3499.999999999999,82684.99999999999
0.27,3499.999999999999,77808.57550819377
0.27,824.0,9279.000000000005
0.27,435.43082114154475,12421.2704664217
0.27,3499.999999999999,208404.99999999994
0.27,1001.9999999999998,34411.000000000015
0.27,3499.999999999999,202589.99999999994
0.27,1439.9999999999998,80728.00000000001
0.27,3499.999999999999,163236.00000000003
0.27,1575.9999999999995,59053.99999999997
0.27,275.0,7760.000000000001
0.27,1038.4836753748903,35577.43916175944
0.27,329.0,4592.000000000001
0.27,3499.999999999999,117130.99999999994
0.27,1062.0,18339.999999999996
0.27,1745.9999999999998,39426.000000000015
0.27,638.5828059069551,4080.3907901082225
0.27,3499.999999999999,72283.00000000001
0.27,1290.0,40101.99999999999
0.27,1247.9999999999998,16975.999999999993
0.27,3499.999999999999,121432.0
0.27,1383.3893161362782,40620.63545785564
0.27,3499.999999999999,177236.40249113608
0.27,2141.628677936073,50881.84350594947
0.27,596.0,11705.000000000002
0.27,1108.3771921146697,24586.7919013441
0.27,3499.999999999999,105249.00000000003
0.27,1207.549724000322,40357.23289417311
0.27,2276.4290823842257,58864.74511889206
0.27,2492.562341497749,68768.0538739248
0.27,1312.0000000000002,52832.99999999999
0.27,470.18100769146446,8683.194376084995
0.27,2392.22507733299,91782.79655839673
0.27,434.0,6671.000000000002
0.271,1543.9792799263334,33627.10441077222
0.271,480.8153099628985,4000.230144299813
0.271,687.6307148462756,9813.834367870695
0.271,3499.999999999999,196778.00000000003
0.271,1479.0,60686.99999999998
0.271,787.345540407768,19238.8858825037
0.271,893.3084573650918,11973.423069448436
0.271,1377.9999999999998,21461.000000000007
0.271,3499.999999999999,123324.99999999996
0.271,1276.6553959467683,26705.121793393853
0.271,1562.1866934478282,30004.45247321004
0.271,394.7556206059643,2387.1129005558164
0.271,852.5095385682645,10835.386888927727
0.271,1713.6000116713349,85210.96306227265
0.271,658.1830259938403,7564.218463049569
0.271,3499.999999999999,242960.9999999999
0.271,3499.999999999999,115536.00000000003
0.271,321.2008717298258,3736.832883606117
0.271,1269.4556122589343,29970.760568369464
0.271,140.0,179.0
0.271,209.966664020744,909.5674796297412
0.271,906.9178573608527,17723.184815376728
0.271,1423.8605971091408,22395.92520973402
0.271,2295.865849739483,93991.5795696614
0.271,3499.999999999999,118711.00000000001
0.271,3499.999999999999,210100.00000000006
0.271,2733.8669722845216,110479.98039830945
0.271,1997.2895634832084,76837.16877660702
0.271,3499.999999999999,114350.00000000004
0.271,3499.999999999999,123681.00000000004
0.271,1958.2382127733506,59100.41349867732
0.271,2718.4831508031048,99490.78399747556
0.271,1243.0,24984.999999999993
0.271,1329.1843363506807,61062.05577934627
0.271,690.9917126598594,7728.232320126798
0.271,3499.999999999999,154449.6420715401
0.271,57.99999999999999,433.0
0.271,1188.9999999999998,13429.999999999998
0.271,1994.0000000000002,65387.000000000015
0.271,693.67637938568,6792.56862876817
0.271,455.99999999999994,3271.999999999999
0.271,1372.9999999999998,22017.0
0.271,1851.0000000000002,105662.00000000001
0.271,140.0,1657.0
0.271,1186.1703081766968,18168.25657568717
0.271,596.0,18161.999999999996
0.271,3499.999999999999,128928.00000000004
0.271,3499.999999999999,140740.00000000003
0.271,3499.999999999999,210090.0
0.271,1821.0,120126.99999999997
0.271,3499.999999999999,140794.03468187133
0.271,1902.3669467271552,46930.609925719036
0.271,1867.0000000000005,63416.999999999985
0.271,177.0,404.0
0.271,1290.651385928826,29252.95964513678
0.271,1162.325255683623,47436.07268735472
0.271,2039.0,94698.00000000003
0.271,1266.0963628413124,28379.00909122798
0.271,1325.0,27638.0
0.271,2309.0537906169684,85835.53487595657
0.271,1072.0,29190.999999999993
0.271,2925.0602661262396,119072.66077881763
0.271,238.0,519.0
0.271,867.4675786448735,13283.86314292646
0.271,3499.999999999999,215033.88837111238
0.272,1296.8376922344603,23987.68521554342
0.272,2058.7617637793846,54796.759320237186
0.272,1949.6153466773897,42753.08176026615
0.272,3499.999999999999,130641.99999999999
0.272,385.3647622707609,3957.4567590815186
0.272,3499.999999999999,255669.99999999988
0.272,2490.4838229100997,68727.67701583085
0.272,2399.4791101403653,79782.46325477799
0.272,409.0,1166.9999999999998
0.272,2214.3847904101945,113665.99484014555
0.272,942.3587427301768,20901.697299501775
0.272,1824.784537020027,67923.13700330927
0.272,714.0018217136424,17191.96175850729
0.272,3499.999999999999,186659.0
0.272,3499.999999999999,82469.0
0.272,3499.999999999999,106080.00000000001
0.272,1236.0000000000002,28334.999999999993
0.272,846.9999999999999,31439.999999999996
0.272,3499.999999999999,102903.99999999996
0.272,515.5352975956822,4438.648884896746
0.272,1679.5832816505404,71505.52633188569
0.272,1535.9999999999995,36466.99999999999
0.272,3499.999999999999,131232.99999999994
0.272,731.9999999999999,34211.000000000015
0.272,85.0,89.0
0.272,3499.999999999999,207449.99999999994
0.272,74.0,99.0
0.272,985.705838473122,24907.46725381767
0.272,1213.045103538741,31517.7486393663
0.272,1259.0555984546513,47747.235501126124
0.272,244.146691331931,4332.19350892235
0.272,2326.1556267799456,96221.52247808181
0.272,68.0,675.0000000000001
0.272,1033.0,22764.999999999996
0.272,3499.999999999999,158908.00000000003
0.272,397.4279808971683,3063.206653165927
0.272,3499.999999999999,177206.0
0.272,3499.999999999999,111638.99999999999
0.272,131.0,1725.9999999999998
0.272,1121.0,23315.0
0.272,821.7008124543727,9489.965447377215
0.272,946.4333542026711,13424.80854053469
0.272,1304.2239071570493,30460.731737763614
0.272,1210.2435591034734,39401.31207979575
0.272,3499.999999999999,116205.99999999994
0.272,3499.999999999999,172603.00000000003
0.272,609.4611383821527,4374.208435490957
0.272,476.9696007084728,9111.19640881481
0.272,3499.999999999999,180194.0
0.272,1784.601987383801,56339.374205435306
0.272,1130.0,15723.999999999998
0.272,1211.8775009938618,31642.754070745923
0.272,206.96197579241922,2279.5627624163158
0.272,1396.6986074311094,34385.857209032925
0.272,1379.0000000000002,17987.0
0.272,234.93736070046825,3158.41464633947
0.272,1275.7287644576704,39674.31096430369
0.272,1041.0,23594.0
0.272,499.0,12058.000000000002
0.272,843.0,12196.999999999995
0.272,1438.1307311924052,26562.226845654346
0.272,980.5201946384205,20692.66387547053
0.272,77.76888838089432,778.8221876654517
0.272,421.0,2937.9999999999995
0.272,3499.999999999999,234432.99999999994
0.272,1524.46712001276,45635.894688282395
0.272,525.7427916896563,4988.137620166534
0.273,3499.999999999999,103284.00000000001
0.273,126.0,154.0
0.273,3499.999999999999,154694.4374934593
0.273,3499.999999999999,154740.0
0.273,1011.9999999999999,15259.000000000005
0.273,3499.999999999999,173686.9999999999
0.273,683.0,8148.999999999998
0.273,261.3713832843986,2771.2654149323193
0.273,369.0748740916875,3127.839053908908
0.273,818.4980636966814,12166.58571684011
0.273,334.0,3302.0000000000005
0.273,1050.9999999999998,18786.000000000004
0.273,3499.999999999999,129360.6467207087
0.273,3499.999999999999,182746.09625381796
0.273,1820.0,72730.0
0.273,974.5833230499109,21743.25369991893
0.273,149.0,1556.0000000000005
0.273,75.0,1069.0
0.273,626.5580579643039,4056.179483208306
0.273,480.62459362791657,8063.58772507623
0.273,89.0,1152.0
0.273,1099.313948982982,31355.733270514782
0.273,1646.0,23167.999999999993
0.273,225.99999999999997,6384.000000000001
0.273,302.7771457689632,5708.356681217458
0.273,3499.999999999999,195855.99999999994
0.273,1326.0000000000002,41660.000000000015
0.273,1712.0,26254.999999999996
0.273,3499.999999999999,63421.99999999999
0.273,1053.9999999999998,38064.999999999985
0.273,940.1139140655778,18540.454556500477
0.273,245.00000000000003,1418.0000000000002
0.273,1050.9999999999998,22169.0
0.273,104.0,204.99999999999997
0.273,3499.999999999999,280327.99999999994
0.273,3499.999999999999,228522.9999999999
0.273,1076.0000000000002,33133.99999999999
0.273,1575.9999999999995,52022.0
0.273,329.0,2641.0
0.273,3499.999999999999,145442.99999999997
0.273,302.0,5566.999999999999
0.273,1642.7111736394802,59862.64264965252
0.273,2228.9560558390363,55798.69200154636
0.273,3499.999999999999,195868.0000000001
0.273,1067.0000000000002,63849.000000000015
0.273,3499.999999999999,142523.02083523208
0.273,1050.9999999999998,9680.000000000002
0.273,131.0,1427.0000000000002
0.273,1430.0,20172.999999999996
0.273,544.0,13472.276459455543
0.273,644.5804837256554,5956.0240093538905
0.273,3499.999999999999,132547.51704757995
0.273,566.0008833915367,9157.796678240897
0.273,3499.999999999999,104320.00000000003
0.273,1656.502339267892,52369.58420686573
0.273,2171.795501222027,88380.77536096823
0.273,3499.999999999999,142012.28595442005
0.273,1182.0,20584.000000000004
0.273,393.0,9808.000000000002
0.273,1255.9999999999998,19951.000000000004
0.273,3499.999999999999,131985.0
0.273,1351.6656391282575,60127.82714351149
0.273,3499.999999999999,225736.99999999988
0.273,3499.999999999999,113007.99999999994
0.273,617.6568626672904,6742.259858534079
0.273,354.24285455037756,5756.594826805164
0.273,3499.999999999999,228616.99999999997
0.273,1215.3188881935473,31491.475544978835
0.273,3499.999999999999,196666.0
0.273,613.0,9180.0
0.273,3499.999999999999,153005.00000000003
0.273,3499.999999999999,128099.99999999996
0.273,915.0136611002043,25123.696782121875
0.273,231.0,1842.9999999999995
0.274,252.99999999999997,2228.0
0.274,3499.999999999999,180634.99999999994
0.274,60.0,571.0
0.274,1341.7790286068694,30667.886094743742
0.274,3499.999999999999,119721.87601948367
0.274,57.99999999999999,482.0
0.274,3499.999999999999,171116.35156816544
0.274,3499.999999999999,150421.3994604345
0.274,3499.999999999999,95352.99999999997
0.274,1035.499879285362,29549.143388599266
0.274,1171.0,79912.0
0.274,3499.999999999999,123742.00000000006
0.274,1819.6153439669608,62131.340642223426
0.274,1326.0000000000002,33792.0
0.274,1380.0000000000002,21641.0
0.274,469.57427527495577,11803.928922185192
0.274,3499.999999999999,154672.00000000006
0.274,59.0,447.0
0.274,1063.0000000000002,18955.999999999996
0.274,1995.9999999999998,57751.00000000001
0.274,1751.0000000000002,69918.99999999999
0.274,354.0,3087.0000000000005
0.274,3499.999999999999,206549.99999999994
0.274,3499.999999999999,243527.99999999994
0.274,438.99999999999994,3722.999999999999
0.274,3499.999999999999,165058.00000000006
0.274,3499.999999999999,116327.00000000001
0.274,2700.1257371713923,75058.24150285586
0.274,1250.0778618165962,26852.845484361682
0.274,3499.999999999999,87550.00000000001
0.274,355.3976502358884,6362.797849442841
0.274,3499.999999999999,171157.304059745
0.274,2047.6816158768434,82977.57738088044
0.274,1090.9999999999998,16564.999999999996
0.274,538.9805191284745,13409.401962802076
0.274,3499.999999999999,285580.00000000006
0.274,284.0,3406.000000000001
0.274,1224.0000000000002,35960.99999999999
0.274,3499.999999999999,130022.99999999996
0.274,68.08817812219681,208.4106523189254
0.274,1069.9999999999998,40179.000000000015
0.274,719.6804846596857,8110.952718392584
0.274,395.01898688544077,2787.4432729653886
0.274,1102.0,19038.000000000004
0.274,3499.999999999999,103392.00000000003
0.274,2196.132965009176,61182.38055192034
0.274,1575.9999999999995,34419.99999999999
0.274,3499.999999999999,122749.00000000004
0.274,524.4139586242915,2283.263891888101
0.274,2384.6678861943237,98319.91988780137
0.274,1716.0000000000005,69751.00000000001
0.274,2258.982071642004,101684.77666297935
0.274,3499.999999999999,256693.31269824711
0.274,465.8325879540846,10002.593413710269
0.274,794.331017824491,16440.77690370314
0.274,2063.650395789311,65392.0785106265
0.274,748.331477354788,24688.58325218358
0.274,62.0,666.0
0.274,3499.999999999999,103873.82439767967
0.274,3499.999999999999,148927.99999999994
0.274,1158.723824431879,25869.01975075258
0.274,517.0,14519.999999999996
0.274,621.0734093453274,10689.709806043813
0.274,817.618492941543,8257.811090113404
0.274,532.4133732354964,3463.2964066045524
0.274,1717.562225946996,64664.6469177711
0.274,3499.999999999999,98126.00000000003
0.274,86.0,763.9999999999998
0.275,3499.999999999999,85234.0
0.275,1526.7612779999367,19106.63711907462
0.275,1527.0000000000002,72589.00000000001
0.275,631.0,22316.999999999993
0.275,741.0000000000001,8324.999999999998
0.275,1434.5731072343435,43053.54863422994
0.275,1811.0000000000002,57040.0
0.275,127.0,1811.0000000000002
0.275,596.4245738444695,11535.108585794984
0.275,1012.9999999999999,15154.0
0.275,733.0,33362.000000000015
0.275,1218.717298267848,22099.143307225204
0.275,3499.999999999999,195322.0000000001
0.275,1646.0,48729.00000000002
0.275,1107.2637445523085,33557.673831778004
0.275,1029.8058069364338,17988.646419339068
0.275,3499.999999999999,137900.00000000003
0.275,1310.915710486376,60362.97949902738
0.275,2226.2075374951005,53758.52934186354
0.275,655.1387542805776,12760.134239456054
0.275,59.0,105.0
0.275,1891.0000000000005,85953.00000000001
0.275,3499.999999999999,93008.99999999997
0.275,2468.5015697787185,84243.14626128349
0.275,917.2594879731134,22401.78342467167
0.275,948.4197383015603,20499.80541371065
0.275,622.0065927762108,8204.901844692722
0.275,2158.3558557383435,93651.33713941305
0.275,2652.8153300260765,81542.72702018068
0.275,2114.1192019372984,100767.92447996538
0.275,322.99999999999994,2781.0000000000005
0.275,3499.999999999999,204300.99999999994
0.275,759.0,14278.999999999996
0.275,1680.9999999999998,59529.00000000002
0.275,3499.999999999999,171150.00000000006
0.275,68.0,872.0000000000001
0.275,3499.999999999999,134950.0
0.275,3499.999999999999,145255.00000000003
0.275,711.5251225360915,17995.046540645566
0.275,3499.999999999999,140149.00000000006
0.275,982.7473926327107,16071.63032311026
0.275,1436.0,44195.000000000015
0.275,3499.999999999999,136899.99999999997
0.275,1096.0,51786.0
0.275,3499.999999999999,247265.0
0.275,183.0,1757.0000000000005
0.275,68.0,484.0
0.275,1860.8324789344535,46030.69349551292
0.275,557.6046986889547,10804.972466415638
0.275,428.0,4311.999999999999
0.275,311.8204611631507,3654.1822614642533
0.275,3499.999999999999,134339.0
0.275,527.0,9350.000000000002
0.275,391.4931321979964,7005.664171609776
0.275,2193.55977345128,96811.93834018351
0.275,1125.9640313970956,34969.95782096397
0.275,1278.3802251286588,22657.529675584665
0.275,1929.766825292631,54104.27309372149
0.275,247.10429575178017,6047.463671261339
0.275,1090.6310100120938,26326.545082862664
0.275,1159.003553725564,30894.506383259515
0.275,2053.0000000000005,146459.9999999999
0.276,3499.999999999999,132565.09302225834
0.276,3499.999999999999,130480.99999999994
0.276,1981.6659657974647,46370.31095431646
0.276,154.0,2039.9999999999998
0.276,3499.999999999999,91432.0
0.276,3499.999999999999,169406.00000000006
0.276,1143.7657102746173,17845.807070569826
0.276,2058.7617637793846,54721.0170409871
0.276,1735.402382123833,44636.02489035046
0.276,316.9227035098622,7939.461127809622
0.276,3499.999999999999,96633.63317189307
0.276,2066.0000000000005,60075.999999999985
0.276,1366.0000000000002,34061.000000000015
0.276,166.0,1513.0
0.276,210.0,3106.9999999999995
0.276,918.5488555324639,20581.44703367574
0.276,3499.999999999999,128211.00000000001
0.276,3499.999999999999,167579.99999999994
0.276,1491.163974886733,59815.20589281625
0.276,631.0,10897.000000000004
0.276,761.0000000000002,18556.000000000007
0.276,1872.8888594266077,61265.70496186197
0.276,579.6550698475775,7745.356479852949
0.276,658.7867636800243,23591.69290237561
0.276,3499.999999999999,88523.00000000003
0.276,1630.7214491116408,47355.40745864257
0.276,1971.927990571664,34858.321488562826
0.276,1459.9657530229947,44773.32827699992
0.276,338.73883745446136,1270.8532566744284
0.276,1450.0,38264.00000000001
0.276,3499.999999999999,156597.99999999994
0.276,60.0,551.0
0.276,1499.753979824691,52397.03668147656
0.276,692.0708056261295,13103.295959414187
0.276,1573.4552755879597,53569.50879775925
0.276,2295.1034835057,104188.42762514461
0.276,3499.999999999999,110356.0
0.276,2102.498513673672,85366.45888169424
0.276,299.0,560.0
0.276,63.0,545.0
0.276,3499.999999999999,89570.25700532513
0.276,594.9156295876624,9209.510927072353
0.276,3499.999999999999,153373.55549116014
0.276,1017.9999999999998,13449.999999999996
0.276,1344.351289090479,31018.06591444091
0.276,3499.999999999999,104818.99999999999
0.276,3499.999999999999,215999.00000000006
0.276,135.3696317386574,842.1288392017198
0.276,2292.0514828423898,124817.52262803486
0.276,1611.0000000000002,59922.99999999998
0.276,2112.4630174277604,75904.34855790541
0.276,180.0,487.0
0.276,3499.999999999999,127023.00000000004
0.276,3499.999999999999,182747.99999999994
0.276,228.91046284519194,1685.5132749403076
0.276,1112.0,13757.999999999998
0.276,3499.999999999999,111638.00000000001
0.276,778.1388050984222,14457.03980765081
0.276,946.0000000000002,27497.000000000007
0.276,3499.999999999999,190320.99999999997
0.276,3499.999999999999,138234.99999999994
0.276,871.4929718592114,11693.662557128966
0.276,3499.999999999999,122013.81967629741
0.276,1503.662196106559,48139.104707088154
0.276,3499.999999999999,128619.99999999999
0.276,1617.0000000000005,43040.0
0.276,1928.8597668052496,61319.31946784798
0.277,325.3674845463203,6418.395827619234
0.277,488.99999999999994,6148.999999999998
0.277,691.9067890980575,17575.014030117756
0.277,466.00660652400785,7609.281525595972
0.277,771.0651430975898,11871.464486177216
0.277,2035.0000000000005,44570.00000000001
0.277,373.6816827193969,3393.3759001914304
0.277,2235.6207191739836,95290.78505291059
0.277,102.0,105.0
0.277,3499.999999999999,140050.00000000006
0.277,1147.0,15151.0
0.277,1669.0000000000002,23972.99999999999
0.277,143.0,2341.0
0.277,1250.7997441637085,39658.86786079504
0.277,1839.8258332004527,58683.8715800247
0.277,174.79988558348657,570.7100840181465
0.277,692.3670716716737,14943.06717760001
0.277,3499.999999999999,101375.00000000003
0.277,3499.999999999999,124687.3962916862
0.277,1063.249735480804,15870.087775434653
0.277,67.0,602.0
0.277,634.0,15118.000000000007
0.277,1094.9999999999998,24774.00000000001
0.277,1047.9999999999998,8279.000000000004
0.277,3499.999999999999,92701.99999999997
0.277,62.0,578.0
0.277,834.5657553482529,5563.136525378465
0.277,2262.8521825342455,74632.03139403353
0.277,2500.199992000639,85462.36324839137
0.277,3499.999999999999,149832.99999999997
0.277,1163.0,26636.0
0.277,3499.999999999999,103475.0
0.277,1559.5903167806775,41517.53133701545
0.277,3499.999999999999,145732.00000000003
0.277,3499.999999999999,208080.9999999999
0.277,455.4239782883637,15169.226611795344
0.277,162.77591959500643,1503.0701913084433
0.277,3499.999999999999,73794.0
0.277,665.3355383595617,18942.738325870534
0.277,1159.4093323757577,35312.845481495824
0.277,1141.0521460476725,9044.607233042241
0.277,1471.0,58521.99999999999
0.277,111.00000000000001,1292.0000000000002
0.277,242.0,3242.000000000001
0.277,1968.3749642789098,42976.85870326029
0.277,1085.9999999999998,20346.000000000007
0.277,2699.5655450936615,119689.38647864529
0.277,1988.951757687968,64444.82832275193
0.277,980.686954141401,25423.294534970762
0.277,1646.0,114654.0
0.277,308.71345937616644,1418.9538399821192
0.277,2011.0000000000002,61339.0
0.277,3499.999999999999,79236.99999999999
0.277,457.48879767705796,2836.594613264292
0.277,476.9696007084728,9114.829345632319
0.277,787.7664628555852,12285.452861005984
0.277,597.9866219239357,13089.542237985259
0.277,1555.1527256189343,72561.2269190647
0.277,231.0,7041.0
0.277,1607.9999999999998,57896.00000000003
0.277,63.0,681.0
0.278,413.7716761693579,5960.849771634915
0.278,1554.6523727187373,67638.98690843915
0.278,3499.999999999999,160729.00000000003
0.278,3499.999999999999,125100.00000000004
0.278,806.0,9838.999999999996
0.278,1325.0,32191.000000000007
0.278,3499.999999999999,95170.00000000004
0.278,246.83597792866422,1764.44495521963
0.278,1507.9999999999998,38264.00000000001
0.278,487.8524367060187,5308.53482610786
0.278,1271.9999999999998,18483.000000000004
0.278,321.05097161289245,1915.3085115825543
0.278,3499.999999999999,193242.00000000003
0.278,3499.999999999999,283715.00000000006
0.278,63.0,550.0
0.278,390.0019285462381,7221.400826507312
0.278,1225.9999999999998,38264.00000000001
0.278,1962.1416870348578,59364.81752688206
0.278,3499.999999999999,110411.00000000001
0.278,3499.999999999999,100832.00000000001
0.278,71.0,79.0
0.278,2137.989709984592,119509.1013270537
0.278,3499.999999999999,77628.99999999997
0.278,409.0,5463.000000000002
0.278,3499.999999999999,122776.99999999996
0.278,3499.999999999999,141875.99999999997
0.278,1016.0000000000002,11336.0
0.278,1403.9923879567957,33440.2475597699
0.278,596.0,4000.0
0.278,168.0,1375.0000000000002
0.278,327.00000000000006,4701.0
0.278,3499.999999999999,125477.47905500821
0.278,3499.999999999999,181265.0000000001
0.278,3499.999999999999,210740.99999999988
0.278,3499.999999999999,180588.99999999997
0.278,1512.0,12734.999999999995
0.278,1016.0000000000002,16695.999999999996
0.278,409.32024883384986,1847.4021928497102
0.278,1542.4812513408865,72830.46951920749
0.278,3499.999999999999,80158.63791257933
0.278,1038.9999999999998,26398.000000000007
0.278,476.9696007084728,8158.890488295575
0.278,975.5331875441246,25432.346844127467
0.278,1028.0,27887.999999999993
0.278,1961.0,67835.00000000001
0.278,3499.999999999999,129375.30193201489
0.278,367.0,5780.0
0.278,1238.9999999999998,37303.00000000001
0.278,1269.9621787980375,34113.02281935403
0.278,193.0,361.00000000000006
0.278,469.8425268108453,6706.32335933781
0.278,1223.1096207734063,18697.121361480036
0.278,250.5673562138532,2636.063732158235
0.278,1425.0998136711883,34736.789277618744
0.278,1541.0000000000002,66930.99999999997
0.278,3499.999999999999,167228.99999999994
0.278,552.9777880763384,12001.866805751859
0.278,3499.999999999999,145300.28117660325
0.278,3499.999999999999,89453.96189101964
0.278,582.6662852782886,10592.105881268377
0.279,1047.9999999999998,10637.999999999996
0.279,2759.8435113963073,139930.3382345592
0.279,1441.87378088375,42195.16206865427
0.279,3499.999999999999,110210.99999999994
0.279,3499.999999999999,170262.99999999994
0.279,66.0,563.0
0.279,3499.999999999999,77903.00000000003
0.279,1121.0,17177.999999999993
0.279,288.0,5954.000000000003
0.279,3499.999999999999,102687.99999999997
0.279,1005.2014723427337,36756.125747962054
0.279,525.8326730053963,10796.326875377574
0.279,1280.4483589743086,31578.073912130865
0.279,2400.2083242918725,78997.0541729247
0.279,3499.999999999999,240925.0000000001
0.279,1016.0000000000002,14745.999999999995
0.279,2113.7480022905597,67452.99291584018
0.279,1091.4432527156418,18929.23912193224
0.279,1057.8015094775435,21780.20016626042
0.279,3499.999999999999,126658.14423083894
0.279,993.4787365615834,35743.58265479272
0.279,3499.999999999999,109549.00000000004
0.279,1155.9999999999998,34185.0
0.279,492.0,7149.999999999997
0.279,3499.999999999999,118405.99999999997
0.279,1296.0000000000005,31952.0
0.279,2111.6344380597693,104786.40199949603
0.279,1567.0000000000002,24971.999999999993
0.279,883.4591105421914,24545.28172582258
0.279,3499.999999999999,67760.00000000003
0.279,258.64647687529015,3287.540570091872
0.279,568.8637798278248,13714.533604902499
0.279,759.2869003678114,23544.348867180466
0.279,75.0,85.0
0.279,2039.1174561559708,84173.0732716823
0.279,3499.999999999999,69441.94365079365
0.279,401.3726448077896,5814.088406620594
0.279,2619.828238644663,110522.73807683196
0.279,1083.9999999999998,11147.000000000002
0.279,3499.999999999999,114307.00000000001
0.279,3499.999999999999,199836.00000000003
0.279,222.00470731029785,1147.5658902458263
0.279,1630.8232257500586,36773.07726436345
0.279,3499.999999999999,160899.00000000003
0.279,2499.666622212342,115927.04110991697
0.279,3499.999999999999,98313.00000000003
0.279,61.0,408.0
0.279,2476.5813109956516,74719.26555610412
0.279,934.4993363694622,17506.06028281956
0.279,190.9346376861953,1091.2840127572917
0.279,3499.999999999999,140996.99999999997
0.279,1025.0,7484.000000000002
0.279,3499.999999999999,118549.00000000004
0.279,1541.4724209449969,49085.48713853503
0.279,3499.999999999999,144569.00000000006
0.279,1448.6683540410481,38828.50525065315
0.279,593.0,12622.000000000004
0.279,386.0,16961.0
0.279,104.0,641.0
0.279,1959.7047437858223,45299.1061090365
0.279,150.0,2448.0000000000005
0.279,83.0,88.0
0.279,410.94909218842463,3177.211095410217
0.279,469.57427527495577,11247.50505667813
0.279,526.0000000000001,5662.000000000003
0.279,688.2263261880385,12084.164654416294
0.279,305.0,5755.999999999998
0.279,636.0,19500.0
0.279,1929.1904134861345,60167.98227746826
0.279,3499.999999999999,158803.09678970365
0.279,2241.8742159184576,48942.52126729885
0.28,606.5578967542773,9438.866872138897
0.28,3499.999999999999,258324.00000000003
0.28,913.7237000319083,19299.978756465
0.28,599.0000000000001,6962.0
0.28,1059.0000000000002,17975.000000000004
0.28,1313.9611866413707,49008.58422766361
0.28,1014.0532530395037,16105.656335585956
0.28,1875.499933351105,76849.22276770268
0.28,734.166193719106,6914.207474468786
0.28,3499.999999999999,261042.0000000001
0.28,2033.101079631802,95776.97335476828
0.28,404.4292049605442,7050.807481964625
0.28,857.7367860372474,19638.096462727117
0.28,378.03703522274105,2327.675235078984
0.28,315.42203187345075,2778.746742680605
0.28,2443.520292683613,77986.50155128134
0.28,303.0,1702.0
0.28,209.0,4633.0
0.28,61.0,505.0
0.28,3499.999999999999,191088.00000000003
0.28,73.0,1144.0
0.28,3499.999999999999,155080.89496775554
0.28,2205.674500011278,64283.85620044899
0.28,1034.9999999999998,56734.99999999999
0.28,634.4288770224761,6534.32536686076
0.28,3499.999999999999,169968.0000000001
0.28,75.77598564189053,209.52326839756964
0.28,925.0000000000002,28575.99999999999
0.28,3499.999999999999,129377.00000000001
0.28,575.0,12834.999999999996
0.28,821.0000000000001,17240.000000000007
0.28,1251.0,41052.0
0.28,3499.999999999999,223052.1025119469
0.28,419.9978646905802,6552.646338545938
0.28,1297.0,17483.999999999996
0.28,246.0,4485.999999999999
0.28,677.0,8686.000000000004
0.28,1680.0,62214.00000000001
0.28,1503.0,51749.999999999985
0.28,3499.999999999999,88094.99999999999
0.28,1559.0000000000002,89258.00000000003
0.28,2437.3497606281667,82963.59718587286
0.28,1281.2103652406186,35080.1362882187
0.28,63.0,488.99999999999994
0.28,3499.999999999999,171024.44222807104
0.28,476.9696007084728,9261.357621860847
0.28,594.2072156988612,7750.697548447139
0.28,1874.5666165810164,99916.44969673417
0.28,793.3141108723936,13545.505525222421
0.28,66.0,704.0
0.28,260.44577170689485,3645.0237310612943
0.28,2322.3910092833203,148719.41141962612
0.28,3499.999999999999,214593.00000000003
0.28,477.006289266714,6803.389743355882
0.28,1909.7120201747696,64760.72294222783
0.28,1361.9999999999998,24995.99999999999
0.28,490.39812153378665,8803.443273197896
0.28,1712.0,55483.00000000003
0.28,3499.999999999999,90962.00000000001
0.28,1312.2499761859397,54795.00646044311
0.28,1913.0,49318.999999999985
0.28,599.0000000000001,9176.999999999998
0.28,288.2186669874108,962.3720694201384
0.28,297.0,5307.999999999999
0.281,1444.299137990465,41089.98568994639
0.281,2317.447648863758,92599.82801549071
0.281,3499.999999999999,230163.0
0.281,1074.9999999999998,21693.0
0.281,544.8642032653642,6087.923209108341
0.281,455.99999999999994,4909.0
0.281,221.0,1501.9999999999995
0.281,3499.999999999999,92474.00000000003
0.281,215.97016048703713,2767.601816463149
0.281,1284.0000000000002,47031.000000000015
0.281,304.0,4932.999999999999
0.281,480.21625436775287,5884.099947364591
0.281,3499.999999999999,104635.00000000001
0.281,73.23933369440222,1226.8056080732597
0.281,450.55521304275226,8768.889952553856
0.281,582.3453566043163,11822.894138166524
0.281,1309.4999045437155,49198.60077278624
0.281,97.0,731.9999999999999
0.281,1410.3401087570674,38312.83890333358
0.281,222.2363606613463,1080.4637893053145
0.281,3499.999999999999,146388.99999999997
0.281,1646.0,52887.000000000015
0.281,883.4591105421914,13511.948416124147
0.281,1303.9999999999998,25950.99999999999
0.281,465.8325879540846,10912.849307124148
0.281,3499.999999999999,117340.00000000003
0.281,115.99999999999999,252.0
0.281,486.42194384818777,3177.081847563246
0.281,453.0,5973.000000000002
0.281,1376.6976276991015,41034.31303976175
0.281,181.0,2462.0
0.281,113.99999999999999,1242.0000000000002
0.281,59.0,60.0
0.281,1870.0,27190.999999999993
0.281,3499.999999999999,75488.0
0.281,1121.0,18547.999999999993
0.281,1027.0,11154.0
0.281,1030.0,12625.000000000004
0.281,104.0,105.0
0.281,3499.999999999999,249387.00000000003
0.281,125.03999360204719,405.44790047551106
0.281,548.6346689738081,10928.846233706468
0.281,561.0,11626.000000000002
0.281,263.63231971820153,3168.9809087465333
0.281,2342.2712746420434,141465.83039206293
0.281,3499.999999999999,89422.00000000004
0.281,3499.999999999999,205803.00000000012
0.281,3499.999999999999,165364.99999999997
0.281,1716.9634995344945,55284.430872577606
0.281,126.0,200.0
0.281,1443.9999999999998,55019.99999999999
0.281,3499.999999999999,269668.0
0.281,462.0606020859168,8630.118307416189
0.281,178.9944133206397,1400.3895886502444
0.281,933.5416434203671,18452.7315051187
0.281,526.0000000000001,11748.999999999995
0.281,587.5508488633133,3933.471748976978
0.281,3499.999999999999,165470.00000000006
0.281,1288.0,61140.00000000002
0.281,84.99411744350311,100.1598722043913
0.281,3499.999999999999,205664.9999999999
0.282,3499.999999999999,83464.10851377975
0.282,1411.0,96035.0
0.282,920.3260291874832,17970.43772421807
0.282,1243.784547258889,18342.29909253473
0.282,62.0,492.0
0.282,3499.999999999999,170868.0000000001
0.282,69.0,819.0
0.282,816.7219917167746,6639.016374670196
0.282,3499.999999999999,172916.7199821108
0.282,57.99999999999999,476.99999999999994
0.282,2653.017150340344,161821.84980403612
0.282,3499.999999999999,282266.00000000006
0.282,3499.999999999999,61525.00000000002
0.282,781.0147245731032,10673.622580923495
0.282,3499.999999999999,149892.00000000003
0.282,123.0,236.0
0.282,1340.2128940722378,40092.25821149387
0.282,1131.9465535086015,27039.261528377592
0.282,650.7687761409577,10698.481107147874
0.282,108.0,576.0000000000001
0.282,445.6606103768081,12681.650088534758
0.282,2768.927282545429,93080.74198562767
0.282,1716.0000000000005,57365.0
0.282,3499.999999999999,192397.93065415218
0.282,3499.999999999999,107282.39549898208
0.282,92.52026804976302,98.12237257628863
0.282,458.2575694955839,10273.435647338234
0.282,3499.999999999999,112708.00000000001
0.282,3499.999999999999,175271.0
0.282,203.99264692630464,3011.9628151755137
0.282,3499.999999999999,177122.00000000003
0.282,3499.999999999999,144000.00000000006
0.282,1825.0,40755.000000000015
0.282,168.0,2790.0
0.282,3499.999999999999,199958.0
0.282,1271.0000000000002,18729.999999999996
0.282,1918.0,71025.99999999997
0.282,193.0,2056.9999999999995
0.282,1265.0000000000005,17476.000000000004
0.282,1390.0,21814.999999999993
0.282,63.0,610.0
0.282,1444.299137990465,60645.83629566008
0.282,817.618492941543,35168.06016828337
0.282,1000.9995004993757,19581.460313265703
0.282,3499.999999999999,109567.0
0.282,3499.999999999999,97990.00000000003
0.282,1912.4528303686561,61098.11450248328
0.282,100.1598722043913,1220.7219175553457
0.282,3499.999999999999,84682.00000000001
0.282,883.4591105421914,26821.33769967486
0.282,509.0,8891.999999999998
0.282,1013.5651545258753,24071.463358268174
0.282,976.4497389802923,9823.944026689995
0.282,1897.761839641634,76540.9110998817
0.282,1646.0,63588.0
0.282,2504.3961347997642,114003.45339506169
0.282,666.0,18261.000000000004
0.282,1016.0000000000002,12967.999999999998
0.282,483.0,10163.0
0.282,3499.999999999999,167034.00000000003
0.282,1388.7044321957062,30176.17603342079
0.282,3499.999999999999,216413.00000000006
0.282,761.3698181567219,15237.18858582514
0.282,952.0000000000001,45521.999999999985
0.283,1162.1067981343272,18771.907227330226
0.283,3499.999999999999,78732.0
0.283,3499.999999999999,106965.99999999996
0.283,779.0,9345.0
0.283,3499.999999999999,68079.99999999996
0.283,493.86639887800914,8426.196239884799
0.283,1233.5293098868349,24453.755067950544
0.283,296.2330163908135,1103.7499716874288
0.283,2565.1510676761322,72250.1984495545
0.283,3499.999999999999,131618.99999999997
0.283,110.00000000000001,1707.9999999999998
0.283,3499.999999999999,102099.99999999997
0.283,1783.208873215419,58793.39146217355
0.283,1527.9999999999998,38132.0
0.283,1210.1679228471678,36507.300504279396
0.283,3499.999999999999,158722.79317098725
0.283,1506.0,36416.0
0.283,539.4997683039354,9578.996815951028
0.283,3499.999999999999,157170.00000000003
0.283,1782.9999999999995,96773.0
0.283,1513.8535720707496,44223.426305069734
0.283,1255.0000000000002,61108.00000000001
0.283,225.0,4474.0
0.283,248.60209170479638,4921.74714913312
0.283,1750.0000000000005,27606.999999999993
0.283,1655.4781786541316,58124.06076660508
0.283,3499.999999999999,184859.00000000003
0.283,3499.999999999999,136938.00000000006
0.283,1306.0,46002.000000000015
0.283,359.51967835705585,3529.922311552794
0.283,731.4663355206444,14740.2116674083
0.283,788.0166023282769,13633.271363604368
0.283,1713.9999999999998,43510.0
0.283,1403.2134548955833,36352.06135833289
0.283,561.4604460126669,6732.5201043930865
0.283,3499.999999999999,62988.0
0.283,1810.0000000000002,28776.0
0.283,381.0,15680.999999999998
0.283,3499.999999999999,128244.00000000006
0.283,3499.999999999999,159630.0
0.283,2071.4729059294987,91228.27833517417
0.283,72.0,905.0000000000001
0.283,3499.999999999999,115324.5251973751
0.283,1313.0000000000002,15931.999999999996
0.283,73.0,79.0
0.283,469.57427527495577,9820.194193599225
0.283,61.0,641.0
0.283,1512.310581652669,27889.566575908724
0.283,1365.5515369256482,25745.862968640227
0.283,2068.936925089791,47365.61082684356
0.283,393.26327059617455,2479.966330416604
0.283,1347.7759457714028,32707.14116213766
0.283,1513.0,78015.00000000001
0.283,126.0,149.0
0.283,523.4262125648658,4824.976683881488
0.283,1918.0187896644356,76568.55196778267
0.283,1868.0203425016548,43786.753453527475
0.284,1186.50854080398,26738.999332962412
0.284,672.6128158160533,7360.192932253879
0.284,3499.999999999999,216305.00000000003
0.284,3499.999999999999,124323.00000000004
0.284,460.0864708267361,5238.225496407326
0.284,165.0,2723.9999999999995
0.284,453.9309927653794,5655.75101218157
0.284,1072.0,49736.999999999985
0.284,657.3169311102486,9931.095948814584
0.284,504.0,8996.999999999998
0.284,3499.999999999999,268027.0000000001
0.284,1207.6518538055575,36588.55968742142
0.284,98.0,202.0
0.284,1429.0,14402.000000000004
0.284,588.9999999999999,9583.000000000004
0.284,484.99999999999994,4593.000000000001
0.284,1440.6595711687055,57957.12979435753
0.284,471.0,5764.999999999998
0.284,65.0,381.99999999999994
0.284,89.36442245099556,1123.743298089025
0.284,3499.999999999999,219552.0
0.284,448.9810686432113,9267.575141319332
0.284,3499.999999999999,258062.9999999999
0.284,701.0,8360.0
0.284,3499.999999999999,142943.99999999997
0.284,1435.7924641117181,24085.56657004356
0.284,2140.443879198892,51599.74302261592
0.284,2127.322260495574,59815.00121207056
0.284,1664.9324310613931,52913.15627516471
0.284,1221.1208681285893,30187.17701487795
0.284,3499.999999999999,212502.0000000001
0.284,1414.0,12150.999999999998
0.284,331.99999999999994,8024.000000000001
0.284,3499.999999999999,87064.00000000003
0.284,1301.0000000000002,39943.999999999985
0.284,65.93178292750773,646.410086554967
0.284,1564.1291506777818,49601.33057691096
0.284,603.3241251599342,2995.1786257250164
0.284,1578.9999999999998,31374.000000000007
0.284,1286.7649357982991,34362.893024307494
0.284,3499.999999999999,116610.00000000001
0.284,1193.3587055030853,24721.525640623382
0.284,340.99999999999994,7433.000000000003
0.284,1100.4907995980705,22192.958342681577
0.284,1292.0000000000002,44849.00000000001
0.284,2079.903843931253,46201.42416636096
0.284,687.0,19958.0
0.284,3499.999999999999,120672.7909016775
0.284,1437.0,26120.0
0.284,551.8151864528558,7119.306426893001
0.284,439.9102181127418,5027.1520764743145
0.284,366.0983474423232,1727.406147957104
0.284,252.0,2283.0
0.284,3499.999999999999,189113.00000000003
0.284,339.89263010544965,1582.1504353252888
0.285,1716.0000000000005,59055.999999999985
0.285,996.1346057894934,17981.757203433433
0.285,3499.999999999999,192641.99999999997
0.285,476.99999999999994,6050.000000000001
0.285,348.27575281664383,5925.167001865853
0.285,1050.9999999999998,21741.99999999999
0.285,3499.999999999999,140399.93794870435
0.285,557.7197069513086,4330.567775269424
0.285,781.5931668199255,16069.491427593468
0.285,3499.999999999999,200344.0000000001
0.285,300.1866086286995,6032.37855244513
0.285,3499.999999999999,141507.00000000006
0.285,2092.0,41160.99999999999
0.285,170.2703732303421,2109.0604543255745
0.285,141.24800883552305,433.52969909799725
0.285,94.2019108086455,105.83005244258364
0.285,3499.999999999999,201347.76033284716
0.285,305.99999999999994,7280.999999999999
0.285,649.9999999999999,17024.0
0.285,1385.0000000000002,20339.999999999996
0.285,152.0,1038.9999999999998
0.285,1056.0,19778.999999999996
0.285,499.602842265734,6365.526294030997
0.285,1332.103599574748,27231.978848405408
0.285,1163.0,24558.000000000004
0.285,1396.0,28275.000000000007
0.285,3499.999999999999,125006.00000000004
0.285,636.1062541900337,9305.598077244187
0.285,3499.999999999999,117922.99999999999
0.285,3499.999999999999,111248.0549537833
0.285,105.45141061171255,416.3087796335792
0.285,716.0000000000001,13533.000000000007
0.285,380.05395355798345,4819.938220901436
0.285,1385.3670993639196,38585.880526430905
0.285,1895.9166648352448,47971.95780870319
0.285,1612.0000000000005,39217.99999999999
0.285,1584.9168522095777,36627.29332560323
0.285,1611.0000000000002,58587.000000000015
0.285,3499.999999999999,161744.4706195547
0.285,280.0,7133.999999999999
0.285,582.3950549240609,10188.637053109705
0.285,3499.999999999999,215434.00000000006
0.285,980.9999999999999,17279.000000000004
0.285,1303.02539949589,24925.049931635684
0.285,192.00000000000003,2533.82477689362
0.285,2467.2255449816603,103453.44748428716
0.285,1375.0000000000002,61619.999999999985
0.285,3499.999999999999,146121.99999999997
0.285,1208.0976781701056,31672.30094262177
0.285,3499.999999999999,124257.00000000001
0.285,3499.999999999999,173301.0
0.285,570.0000000000001,16788.999999999993
0.285,3499.999999999999,143072.27046845938
0.285,62.0,530.0
0.285,3499.999999999999,124370.00000000003
0.285,3499.999999999999,103654.0
0.285,931.5939827997786,24930.123793189647
0.286,1582.0,52897.000000000015
0.286,2000.1249960939938,29640.42104964097
0.286,575.5831825201288,7867.038197441267
0.286,3499.999999999999,173554.00000000006
0.286,88.0,185.0
0.286,3499.999999999999,143420.00000000003
0.286,3499.999999999999,230965.00000000006
0.286,359.81729412074486,2549.251419483154
0.286,596.4696136434779,12196.576527862235
0.286,361.00000000000006,2805.999999999999
0.286,476.9696007084728,12507.00259854455
0.286,1078.0,44605.0
0.286,526.0000000000001,3398.0000000000005
0.286,67.0,666.0
0.286,86.0,95.0
0.286,853.2291603080615,11559.172721263407
0.286,632.0,17179.000000000004
0.286,1212.435565298214,34559.743459695994
0.286,3499.999999999999,198780.9999999999
0.286,1225.9999999999998,62280.00000000001
0.286,277.99999999999994,7262.0
0.286,2269.03063002684,83840.83629115346
0.286,3499.999999999999,125382.73351622224
0.286,2151.504265472643,80622.32917090761
0.286,318.6552733769445,3069.668226905773
0.286,805.8699929055331,10456.907911656712
0.286,916.6184143563318,15393.584034585692
0.286,341.2697618560971,6197.690381491847
0.286,1261.0,49614.00000000002
0.286,3499.999999999999,214472.00000000003
0.286,3499.999999999999,149324.41036213728
0.286,1136.0,15828.999999999993
0.286,269.72207918522355,2398.922674868867
0.286,1190.5336469174435,37804.17141513934
0.286,386.0,15924.999999999995
0.286,3499.999999999999,137402.00000000006
0.286,806.7412125934061,19460.185136400338
0.286,524.0,8782.999999999996
0.286,1322.0000000000002,65258.00000000001
0.286,64.0,621.0
0.286,3499.999999999999,108107.00000000001
0.286,62.0,488.0
0.286,3499.999999999999,69474.00000000001
0.286,2186.54979362465,120588.58042949175
0.286,319.94530782619705,3467.1791127658807
0.286,454.36108988336576,14268.778434049627
0.286,944.7221813845589,14132.12340732985
0.286,480.62459362791657,5011.441309643363
0.286,377.99999999999994,7528.000000000003
0.286,3499.999999999999,235911.03298065567
0.286,3499.999999999999,191797.00000000006
0.286,3499.999999999999,112711.00000000001
0.286,501.99999999999994,8888.999999999998
0.286,1337.4465370076,37835.3544780738
0.286,965.9495608543273,17464.855425789345
0.286,75.0,824.9999999999998
0.286,1949.6153466773897,54283.630350226216
0.286,1121.0,24569.000000000007
0.286,3499.999999999999,129291.00000000001
0.286,1188.0,32328.99999999999
0.286,3499.999999999999,225029.99999999997
0.286,2163.7753333497735,49078.79543562046
0.286,1149.9999999999998,42315.99999999999
0.286,3499.999999999999,182674.99999999994
0.286,539.9925925417867,9463.16120543236
0.286,249.00000000000003,3094.0
0.286,290.0,1448.0000000000002
0.287,1458.0000000000005,57281.000000000015
0.287,526.0000000000001,8764.999999999996
0.287,60.0,576.0000000000001
0.287,3499.999999999999,166510.99999999994
0.287,1038.9999999999998,29263.000000000004
0.287,358.30300607378615,3558.5716727026957
0.287,86.0,225.0
0.287,309.5529033945571,1151.452126664413
0.287,1467.1400751121214,23998.668400559236
0.287,486.00000000000006,9887.000000000005
0.287,163.0,2330.9999999999995
0.287,1162.325255683623,34775.14582284308
0.287,1296.0000000000005,31383.0
0.287,542.9604037128307,10429.461347548115
0.287,995.2386648437649,29812.341974423947
0.287,2322.3910092833203,104118.5366781536
0.287,540.0,16667.000000000007
0.287,293.9387691339814,1705.2741715043946
0.287,658.7704132162155,10381.681368628715
0.287,3499.999999999999,128446.00000000003
0.287,1521.0193950111216,54026.61991092913
0.287,46.0,60.0
0.287,3499.999999999999,203551.99999999994
0.287,633.2898230668167,11373.047260958687
0.287,1183.9999999999998,31790.000000000004
0.287,3499.999999999999,177878.99999999997
0.287,3499.999999999999,85094.51933564334
0.287,493.4977203594765,4775.882117473169
0.287,94.69424480928078,391.7294985063034
0.287,3499.999999999999,102714.00000000003
0.287,1377.0,21967.999999999996
0.287,3499.999999999999,87454.00000000001
0.287,3499.999999999999,206833.9999999999
0.287,1000.9999999999998,20899.000000000004
0.287,2450.7141816213493,78322.19961160437
0.287,698.9937924258542,8537.97143165996
0.287,2490.4838229100997,94208.91658169054
0.287,1097.9999999999998,16474.999999999996
0.287,271.0,6956.0
0.287,407.0,5660.999999999998
0.287,3499.999999999999,140462.83486388848
0.287,223.0,3479.0
0.287,1818.0,72028.99999999996
0.287,1409.9645385611655,28810.652925610695
0.287,283.46428346442525,3329.380723197634
0.287,1191.0000000000002,30572.000000000007
0.287,744.4244889447131,22211.86167124512
0.287,1281.9999999999998,54123.0
0.287,154.2490348579402,816.5308925099238
0.287,3499.999999999999,148657.99999999997
0.287,361.99680002869167,6074.815654593413
0.287,421.0,5827.000000000003
0.287,268.7303481187043,1202.8823716390561
0.287,199.0,2076.0
0.287,1097.9999999999998,9576.000000000004
0.287,488.99999999999994,9676.000000000002
0.287,1028.10505299799,25257.27396216781
0.287,1005.0000000000001,55329.00000000001
0.287,3499.999999999999,158761.94478526645
0.287,1945.1221041363954,69435.33261963967
0.287,130.0,799.9999999999998
0.287,651.6225901547612,9029.892524277357
0.287,1471.0,19497.000000000007
0.287,451.2981276274033,6942.504591284039
0.288,3499.999999999999,47140.00000000001
0.288,701.7150418795368,20586.170940706772
0.288,447.3835043896903,4022.156138192549
0.288,1224.0000000000002,35042.0
0.288,563.2486129587893,12899.277809241872
0.288,2100.833168054998,57457.85378866846
0.288,2684.918198377793,97792.38662178036
0.288,3499.999999999999,249714.0000000001
0.288,3499.999999999999,247942.99999999988
0.288,1205.0,25298.0
0.288,596.0,25466.00000000001
0.288,1211.9999999999998,23324.999999999996
0.288,782.6237921249261,8565.764414224803
0.288,3499.999999999999,261525.0
0.288,507.25340086556594,12480.782647713087
0.288,794.3164885757499,8841.13061690904
0.288,1646.0,82435.0
0.288,1442.9999999999995,41803.99999999999
0.288,3499.999999999999,195741.00000000006
0.288,997.0098626568632,24037.453845662123
0.288,1559.9999999999998,66401.99999999997
0.288,102.0,103.0
0.288,736.0,15084.0
0.288,3499.999999999999,122863.00000000003
0.288,1263.3289357883007,30842.599112266806
0.288,794.3336830325147,10832.782052640025
0.288,1034.0,24419.000000000007
0.288,3499.999999999999,157587.0
0.288,825.6559215871722,9125.868198611068
0.288,1917.028951268081,44020.68981740291
0.288,555.0,3505.0000000000005
0.288,984.6319109189992,26209.402797469465
0.288,2226.2075374951005,77565.03475149095
0.288,1155.9999999999998,20817.000000000004
0.288,796.1990957040832,11467.917073296263
0.288,1763.0000000000002,97235.00000000001
0.288,3499.999999999999,141704.0
0.288,2452.855478824629,89613.47621870274
0.288,1581.0,51631.00000000001
0.288,797.7675099927297,12123.905022722673
0.288,2071.4729059294987,50787.175083873284
0.288,3499.999999999999,199379.00000000003
0.288,454.42271070007047,5523.540531217273
0.288,744.2212172372803,16767.874939684643
0.288,911.0,34009.00000000001
0.288,2028.0,54035.00000000002
0.288,1588.0,23544.999999999996
0.288,3499.999999999999,222446.99999999994
0.288,101.0,103.0
0.288,361.19970125397015,8974.02737146029
0.288,644.6782143054006,10761.944062296547
0.288,536.9960362894121,3868.1471714830673
0.288,285.2551419420643,2989.9849431883986
0.288,3499.999999999999,238746.00000000006
0.288,645.3681120105019,8300.42769982367
0.288,3499.999999999999,90492.5636502801
0.288,891.3472948295743,22195.214213879535
0.288,3499.999999999999,148444.0000000001
0.288,219.77260975835912,1392.077584044798
0.288,573.9999999999999,10165.0
0.288,644.3024729096063,10700.54908977697
0.288,2083.266665599965,41219.367292572555
0.288,1751.0000000000002,43826.00000000001
0.289,1334.9999999999998,61884.0
0.289,2113.7980304977823,93039.34385768491
0.289,1401.0000000000002,45852.000000000015
0.289,386.0,12031.000000000004
0.289,1433.0000000000002,114938.99999999999
0.289,151.89470036838023,1278.6555439210358
0.289,327.00000000000006,2339.0000000000005
0.289,63.0,687.0
0.289,3499.999999999999,231301.00000000003
0.289,3499.999999999999,140565.00000000003
0.289,3499.999999999999,182234.37805999396
0.289,178.16845961056072,3179.1082082873486
0.289,65.0,657.0
0.289,1630.0000000000005,92830.99999999996
0.289,2200.332440136155,57886.29256498039
0.289,522.2394087006455,6220.357787137325
0.289,1446.2731415607495,29867.137961311262
0.289,1857.0,85994.00000000001
0.289,2276.730111365859,69337.15610695323
0.289,720.0,12682.000000000002
0.289,284.94046155487615,3940.910883903176
0.289,1303.9999999999998,30952.00000000001
0.289,1475.919651140098,42172.279573888714
0.289,501.0,6944.000000000001
0.289,1056.0,43910.0
0.289,3499.999999999999,77288.99999999999
0.289,1191.0000000000002,29811.0
0.289,95.0,612.0
0.289,1372.9999999999998,16266.999999999998
0.289,3499.999999999999,163528.0
0.289,3499.999999999999,165974.00000000006
0.289,1978.1304304822772,47881.112769024076
0.289,147.0,350.99999999999994
0.289,176.08236708995025,1851.9584228594333
0.289,1193.7171623689183,33998.23520634136
0.289,1154.0,15874.0
0.289,955.157909982612,20263.176853249865
0.289,3499.999999999999,103200.0
0.289,280.0,1411.0
0.289,1778.9999999999995,42317.0
0.289,322.7057483219039,4691.369522857905
0.289,408.0,11384.999999999995
0.289,142.0,1421.9999999999998
0.289,70.0,889.0
0.289,86.0,98.0
0.289,2500.199992000639,93898.1734753131
0.289,390.4727993718888,1645.8796949159268
0.289,1247.1744064083423,17542.879153662314
0.289,3499.999999999999,144204.00000000003
0.289,3499.999999999999,134470.9394925163
0.289,273.32215424293736,4127.2433899638145
0.289,104.0,941.0
0.289,151.0,830.9999999999999
0.289,2425.5927110708417,41026.99745289682
0.289,2400.2083242918725,62360.28723474578
0.289,455.99999999999994,12422.000000000004
0.289,726.0,11397.000000000002
0.289,3499.999999999999,100017.67236343783
0.289,257.12253887981115,7335.166323949305
0.289,3499.999999999999,110907.99999999994
0.289,1260.80371192347,33858.117136072404
0.289,358.7255218129874,4006.2123009146667
0.289,387.2363619289903,3005.59212136311
0.29,819.9999999999999,19409.0
0.29,1221.0,68146.00000000001
0.29,398.5486168587215,3582.8452380754597
0.29,141.0,1866.0000000000005
0.29,1914.2883795290616,55924.23320886929
0.29,62.0,559.0
0.29,488.8027082586659,10065.122918012668
0.29,844.985206971104,14266.80272520792
0.29,640.7161579580332,5363.461515353965
0.29,3499.999999999999,111090.99999999999
0.29,1153.0,52064.0
0.29,3499.999999999999,210294.99999999988
0.29,1483.7452611550268,43866.14469041019
0.29,87.0,990.0
0.29,525.0687740591112,11375.630586580508
0.29,519.1338940966963,16954.46702199747
0.29,1121.0,12981.0
0.29,1598.891484777781,44087.821169934
0.29,602.4084992760312,10058.817326107486
0.29,1372.2773043375742,27179.49300483729
0.29,778.1619368743246,17981.468238161193
0.29,957.0,23740.0
0.29,202.06929504504137,3352.4349359830985
0.29,1721.9999999999995,25854.99999999999
0.29,527.3518749374084,8878.534338504298
0.29,1182.0,21207.999999999996
0.29,1317.5735273600485,25839.685853353563
0.29,1980.7826735914266,144328.4808483759
0.29,1611.0000000000002,41400.999999999985
0.29,1121.0,38092.999999999985
0.29,146.0,808.0
0.29,204.20577856662138,905.4137175899203
0.29,284.85785929126126,3564.6414967006144
0.29,165.0,1609.9999999999998
0.29,2102.498513673672,69788.49234651796
0.29,755.0000000000001,39148.999999999985
0.29,3499.999999999999,72483.00000000001
0.29,3499.999999999999,120521.0
0.29,2450.7141816213493,70433.07000266282
0.29,3499.999999999999,90576.00000000001
0.29,404.23724750750296,6906.52728888922
0.29,1392.9214128948613,30128.051989265077
0.29,1961.0,142945.99999999997
0.29,1506.0,24595.0
0.29,455.99999999999994,7242.0
0.29,2256.6568192793507,90705.55580558444
0.29,617.5039856618138,9510.475886574612
0.29,1185.0,38019.000000000015
0.29,691.0000000000001,10983.999999999998
0.29,63.0,545.0
0.29,183.0,2986.0000000000005
0.29,640.9718308335164,5279.73227651364
0.29,2030.9999999999998,140215.0
0.29,372.0,6365.000000000001
0.29,1038.901082826657,16762.13379485786
0.29,264.07953347429253,1862.01825984602
0.29,437.7819091739631,2409.0454541166296
0.29,791.4960517905316,16034.059093068106
0.29,922.0000000000002,15981.000000000004
0.29,154.0,1572.0000000000002
0.29,102.0,104.0
0.29,110.00000000000001,118.0
0.29,209.92617750056803,4944.609792491215
0.291,778.0990747533027,11185.780012156603
0.291,67.0,798.0
0.291,3499.999999999999,237313.99999999988
0.291,60.0,600.0
0.291,464.00000000000006,4499.0
0.291,956.0559304237674,27439.4297156392
0.291,3499.999999999999,137621.94720319865
0.291,1001.9999999999998,24803.99999999999
0.291,1056.0,16042.999999999998
0.291,1199.3748371547567,34370.63982529274
0.291,231.99999999999997,2276.9999999999995
0.291,59.0,61.0
0.291,2524.5791728523777,88783.93345082203
0.291,68.0,756.0
0.291,3499.999999999999,207435.0
0.291,577.0,6886.000000000003
0.291,580.9999999999999,8458.000000000002
0.291,2345.2446466374604,70714.882115108
0.291,2021.8803129760179,56977.99774474354
0.291,421.0,3624.0
0.291,1791.8576362945703,86662.94221935846
0.291,3499.999999999999,110004.0
0.291,846.8766143896055,15824.17795653221
0.291,3499.999999999999,109304.99999999997
0.291,575.2180365300649,10078.516673265505
0.291,160.0,3602.9999999999995
0.291,1611.0000000000002,49345.000000000015
0.291,3499.999999999999,156921.00000000003
0.291,2328.796740984646,105186.73052446566
0.291,63.0,720.0
0.291,2024.4752406487955,37955.24833274049
0.291,418.0,5624.999999999999
0.291,789.607497431477,15926.245320225356
0.291,3499.999999999999,161779.99999999997
0.291,1937.00800204852,63730.92693504465
0.291,262.0,529.0
0.291,170.0,778.0000000000001
0.291,2035.6817039999153,35681.47325994261
0.291,93.0,980.0000000000002
0.291,242.9449654364407,1527.9374077774958
0.291,275.0,1728.0
0.291,1050.9999999999998,28500.99999999999
0.291,3499.999999999999,217419.0
0.291,631.6644678941501,20866.508955740537
0.291,1398.0,58058.00000000001
0.291,1138.9064930888753,24762.966603377725
0.291,645.3681120105019,10309.475447373647
0.291,3499.999999999999,249196.0
0.291,3499.999999999999,192894.88777051616
0.291,492.8022143003613,4706.107210654946
0.291,569.6960151970144,9427.46255021518
0.291,139.0,211.0
0.291,1016.0000000000002,24278.999999999993
0.291,1012.9999999999999,11293.000000000002
0.291,1753.784192134082,48935.06092710489
0.291,597.4947698515862,9635.547052451147
0.291,1136.9999999999998,35153.0
0.291,1119.9999999999998,19932.000000000004
0.291,1915.9999999999995,82231.0
0.291,366.0,2056.9999999999995
0.291,393.0,6377.999999999999
0.291,122.0,1421.9999999999998
0.292,1931.5796644197717,47555.845276895256
0.292,924.1212041718338,20969.166888553296
0.292,801.314396561058,19489.577021788806
0.292,354.72806486095794,5595.45476257292
0.292,1225.9999999999998,39152.999999999985
0.292,325.0,3804.0000000000005
0.292,1148.0,23813.999999999993
0.292,730.0000000000001,11518.000000000002
0.292,3499.999999999999,226385.99999999997
0.292,1878.2971010998235,38008.25352472802
0.292,442.7188724235731,3441.5156544755105
0.292,379.0784687719429,3279.848099251344
0.292,1413.7163789105646,48315.2498906919
0.292,1201.0,26286.999999999996
0.292,447.9453091617324,3868.2581351300732
0.292,1258.0000000000002,76670.99999999999
0.292,2089.138578457638,54209.80506329092
0.292,158.0,204.0
0.292,1311.0000000000002,47597.99999999999
0.292,1141.0521460476725,14514.289166197572
0.292,648.6986973934817,9226.908853998719
0.292,806.8457101577725,20848.849944301484
0.292,866.4447105839438,16983.209730372004
0.292,443.229060419102,7329.8109798275145
0.292,141.321583785517,855.390371537828
0.292,2376.0198759234722,69889.82548996562
0.292,942.8679653058534,27289.618850398034
0.292,1538.0,60705.99999999999
0.292,2464.954360632262,84560.63770454908
0.292,1250.7997441637085,28945.757271144237
0.292,552.9999999999999,13046.999999999996
0.292,487.8524367060187,9108.32542238144
0.292,465.8325879540846,10878.277437168079
0.292,1999.9999999999995,100545.00000000001
0.292,714.8426400264606,11652.80936083655
0.292,666.0,4417.000000000001
0.292,532.480985576011,15723.114195349473
0.292,3499.999999999999,109948.99999999996
0.292,62.0,63.0
0.292,93.0,96.0
0.292,1017.0,16141.999999999996
0.292,196.93653800145873,2105.001662707182
0.292,800.7359115213953,32916.6867105424
0.292,1247.9999999999998,45020.0
0.292,171.1142494255211,3057.8270496009613
0.292,3499.999999999999,148147.99999999997
0.292,170.0,2290.0
0.292,277.2093072030591,4816.000830564714
0.292,3499.999999999999,42361.000000000015
0.292,204.99999999999997,1506.0
0.292,332.192715151913,6975.962155860652
0.292,248.36666442983045,1723.1947075127644
0.292,1224.0000000000002,34759.0
0.293,421.0,5080.0
0.293,1899.9999999999995,58840.00000000002
0.293,3499.999999999999,269577.0
0.293,1980.7826735914266,54360.354469043
0.293,3499.999999999999,133163.99999999997
0.293,594.0441110549756,8864.909520662475
0.293,583.1766456229192,16370.24346184259
0.293,139.0,187.0
0.293,1917.9416049504741,40085.347322930866
0.293,526.0000000000001,5270.0
0.293,454.42271070007047,8726.118037248869
0.293,680.9531040824061,22501.245797153795
0.293,480.99999999999994,8274.0
0.293,2186.54979362465,96487.87234673595
0.293,769.0,42830.999999999985
0.293,3499.999999999999,93449.0
0.293,732.3596006542961,8388.598350540458
0.293,1367.1137480107498,38564.566119690746
0.293,3499.999999999999,139499.99999999997
0.293,526.0000000000001,10141.999999999998
0.293,409.0,2149.9999999999995
0.293,386.0,4104.000000000001
0.293,268.80476186258306,3562.3697169159745
0.293,3499.999999999999,264892.0
0.293,190.7878402833891,1904.6309353782951
0.293,3499.999999999999,106969.99999999999
0.293,1940.6167663790798,79169.02410075907
0.293,3499.999999999999,137331.99999999997
0.293,1057.0000000000002,23812.000000000007
0.293,93.0,511.99999999999994
0.293,72.0,691.0000000000001
0.293,211.76401960673115,547.6641306494338
0.293,594.9999999999999,7067.999999999999
0.293,1155.9999999999998,39735.0
0.293,631.0,11022.000000000004
0.293,3499.999999999999,157531.99999999994
0.293,83.0,96.0
0.293,118.0,1863.9999999999998
0.293,962.9745583347465,17477.007838872196
0.293,1657.9999999999998,66300.0
0.293,1264.713406270369,40107.77742533237
0.293,305.0,5727.000000000001
0.293,1077.0000000000002,13194.0
0.293,3499.999999999999,153133.99999999997
0.293,532.4471804789654,12463.10418796217
0.293,358.97635130518177,5331.072738026971
0.293,3499.999999999999,204522.9999999999
0.293,859.3602271457529,14422.623755752633
0.293,725.0,20451.000000000004
0.293,1738.7251076579073,78350.38149237054
0.293,209.49463000277598,965.091187401481
0.293,2369.4923159024306,72604.17983062546
0.293,3499.999999999999,217384.88008368935
0.293,992.6388856181846,23933.57244233424
0.293,1609.3476939431077,36557.06136986394
0.293,106.0,113.99999999999999
0.293,397.5499968557415,7785.582894042038
0.294,790.0215186942696,20176.845392677216
0.294,3499.999999999999,102734.99999999999
0.294,3499.999999999999,63166.999999999985
0.294,2671.254256010984,113586.47862500495
0.294,670.459543895081,11005.728054063478
0.294,239.0,1569.9999999999998
0.294,1482.0000000000005,40869.999999999985
0.294,95.0,786.9999999999999
0.294,1962.1416870348578,80599.5621079916
0.294,571.8915981197835,11796.65689930838
0.294,331.0,3927.000000000001
0.294,272.0,4738.000000000001
0.294,1602.0,87407.0
0.294,1296.0000000000005,67278.99999999997
0.294,258.0,404.0
0.294,1800.1009202675427,70852.87863157857
0.294,558.4353140695886,10294.399933944662
0.294,671.9374970932935,5660.373309243834
0.294,1360.6167905868642,41030.529882466
0.294,868.0,12816.999999999993
0.294,175.57137866482927,2162.408350269533
0.294,3499.999999999999,108040.00000000001
0.294,436.7379076746144,8974.050089006634
0.294,1058.8668471531253,23692.70469997041
0.294,559.4733087595503,13890.367344878612
0.294,434.99999999999994,3088.9999999999995
0.294,498.6642156802511,8723.362310485563
0.294,135.0,279.0
0.294,71.0,883.9999999999998
0.294,141.0,1513.0
0.294,108.0,1487.0
0.294,119.0,1050.9999999999998
0.294,96.0,107.0
0.294,1188.9999999999998,41991.0
0.294,3499.999999999999,114511.99999999997
0.294,3499.999999999999,224642.00000000006
0.294,1984.3134832984429,37546.68842920771
0.294,3499.999999999999,254044.0000000001
0.294,728.5149277811677,11954.17215870677
0.294,203.99264692630464,2432.1114283683637
0.294,387.4230429206799,5178.987774565428
0.294,1016.0000000000002,17407.999999999993
0.294,280.0,2137.0000000000005
0.294,1118.0000000000002,18634.999999999993
0.294,65.0,806.9999999999999
0.294,3499.999999999999,82556.0
0.294,1100.9999999999998,28747.000000000004
0.294,489.9959183503471,8646.979472625108
0.294,313.0,5779.000000000001
0.294,3499.999999999999,208702.0
0.294,175.0,1565.9999999999995
0.294,243.00000000000003,8812.000000000004
0.294,116.92305161943047,1565.1980705329277
0.294,1124.8836846986949,20533.12327433957
0.294,64.0,652.0
0.294,267.73120849090424,2942.898231335906
0.294,2126.4994709616085,52755.27054238278
0.294,3499.999999999999,123526.00000000003
0.294,212.66525922009984,1609.297974606234
0.295,292.0,1991.0
0.295,1034.0,55640.0
0.295,297.5079830861687,4811.516185154114
0.295,3499.999999999999,78511.00000000003
0.295,1071.97014883811,26106.34217963137
0.295,626.0990336999411,10977.038535051244
0.295,1083.0,10211.0
0.295,1050.0,9891.859127585676
0.295,62.0,565.0000000000001
0.295,1122.0000000000002,16872.000000000007
0.295,257.0,18185.000000000007
0.295,3499.999999999999,204298.00000000006
0.295,2164.0240294414484,79993.37985108518
0.295,3499.999999999999,166770.99999999997
0.295,462.0,4889.0
0.295,129.0,1143.0000000000002
0.295,546.9405817819701,16680.416541561543
0.295,649.9999999999999,25193.0
0.295,637.0000000000001,3385.0
0.295,98.90399385262458,935.2352645190404
0.295,62.0,770.0
0.295,599.0000000000001,11821.999999999998
0.295,3499.999999999999,212897.99999999994
0.295,259.0,6589.999999999998
0.295,714.0,14647.999999999993
0.295,3499.999999999999,261260.9999999999
0.295,90.0,145.0
0.295,1401.2494424619763,47038.893907063735
0.295,3499.999999999999,136370.99999999994
0.295,3499.999999999999,72240.0
0.295,3499.999999999999,137406.0
0.295,729.3833011524188,7193.729144192179
0.295,1666.1156402931686,37806.067045594275
0.295,366.2130527438911,8646.904359364687
0.295,123.0,714.0
0.295,1611.0000000000002,26927.0
0.295,597.0259625845429,6976.306329283423
0.295,347.0,3340.9999999999995
0.295,1125.20641479963,16784.788473891324
0.295,1171.0,26489.000000000004
0.295,1194.2487178138397,26430.91977211538
0.295,3499.999999999999,147130.9999999999
0.295,501.22649570827764,7801.833246103122
0.295,920.3260291874832,18469.299066288353
0.295,3499.999999999999,230449.99999999994
0.295,49.59838707054898,117.3712060089697
0.295,61.0,562.0
0.295,1658.603485079962,49756.8809324861
0.295,94.0,98.0
0.295,3499.999999999999,219223.69301697292
0.295,172.15690517664402,1594.9288385379455
0.295,1155.9999999999998,24867.999999999996
0.295,1730.0,85998.99999999997
0.295,362.99999999999994,5425.999999999999
0.295,634.4288770224761,13880.79500605063
0.295,406.6152973020076,9547.211111104643
0.295,446.6542286825459,8783.824907180246
0.295,3499.999999999999,120988.00000000006
0.295,3499.999999999999,152762.07280604696
0.295,3499.999999999999,141116.56889961576
0.295,490.1428363242698,3477.940770053451
0.295,63.0,501.0
0.295,1748.9999999999995,52792.999999999985
0.296,223.0,2537.0000000000005
0.296,244.0,3264.0
0.296,108.0,109.00000000000001
0.296,68.0,137.0
0.296,247.00000000000003,2911.0000000000005
0.296,1164.2371721595773,30285.400306521577
0.296,1471.0,45775.999999999985
0.296,894.9511536651173,23426.30510623083
0.296,275.9710129705655,3669.269682102966
0.296,1311.0000000000002,72144.00000000001
0.296,1483.0000000000002,74822.99999999999
0.296,259.0,1763.0000000000002
0.296,62.0,529.0
0.296,60.0,586.0
0.296,247.00000000000003,1269.0
0.296,3499.999999999999,108441.00000000003
0.296,631.0,12644.999999999998
0.296,3499.999999999999,172891.47911334434
0.296,612.0490176448288,16044.260063960559
0.296,3499.999999999999,128224.99999999997
0.296,385.0,7482.000000000001
0.296,2438.5446479406514,81439.32597338952
0.296,173.0,1660.0000000000005
0.296,629.3377471596632,8965.895493479726
0.296,135.94116374373144,492.9695730975696
0.296,2596.343582810257,116080.2796257831
0.296,433.0,5449.0
0.296,1436.0,28299.0
0.296,3499.999999999999,193795.00000000006
0.296,3499.999999999999,95771.00000000003
0.296,897.217922246318,23099.927727159684
0.296,1198.0,37458.999999999985
0.296,1153.0,51174.999999999985
0.296,1476.0000000000002,39631.0
0.296,1200.0,47653.000000000015
0.296,1316.0000000000002,61826.00000000002
0.296,669.3280212272605,18990.086229398756
0.296,273.02380848563377,3977.7679670890807
0.296,249.54157970166017,3625.0565512830276
0.296,70.0,883.0000000000002
0.296,3499.999999999999,178752.70748220402
0.296,2011.4671262538689,47546.14634226417
0.296,3499.999999999999,101550.00000000003
0.296,279.61044329566806,3520.761281314027
0.296,1287.0,55879.99999999999
0.296,663.4576097988476,17025.91319136803
0.296,3499.999999999999,125906.0
0.296,281.54573340755854,3956.703173097523
0.296,362.52448193191043,4603.513440840592
0.296,1925.9999999999998,143642.00000000006
0.296,3499.999999999999,191047.00000000003
0.296,1135.0,29420.999999999985
0.296,143.0,165.0
0.296,1750.9997144488632,53290.33443317842
0.297,424.61394230524274,4271.821976627772
0.297,1207.0000000000002,57204.99999999999
0.297,1222.5747420914602,18800.977634155097
0.297,175.0,3041.0
0.297,1788.1764454326092,95533.180351122
0.297,103.0,739.0
0.297,553.2180490783607,4110.451253310833
0.297,1225.9999999999998,28032.00000000001
0.297,60.0,501.0
0.297,908.8454214001413,16933.13305327753
0.297,1041.0,13694.999999999993
0.297,521.0,8109.0
0.297,479.8958220280731,10598.921879134685
0.297,304.70543988166537,5186.453993970125
0.297,126.0,2125.0
0.297,82.0,89.0
0.297,338.3134004828179,3443.476902268189
0.297,637.9999999999999,14990.999999999996
0.297,3499.999999999999,220485.00000000003
0.297,184.41529220756067,737.2964125777365
0.297,3499.999999999999,88553.99999999996
0.297,2079.326342513611,58808.743098743034
0.297,1172.8171212938528,38634.080615435894
0.297,1361.551688332103,39882.93314188412
0.297,1170.827912205718,48615.92331736586
0.297,1064.0000000000002,19652.999999999996
0.297,1438.9676591518191,40815.85534441721
0.297,380.78865529319546,7055.343719479585
0.297,3499.999999999999,191716.99999999994
0.297,1409.9645385611655,27883.632098419308
0.297,1429.3267645993342,49792.00884680194
0.297,3499.999999999999,56635.99999999998
0.297,624.0,22360.999999999996
0.297,1261.0,44736.0
0.297,3499.999999999999,214917.0000000001
0.297,1266.2470580183697,23712.986347116363
0.297,3499.999999999999,238426.9999999999
0.297,333.00000000000006,6363.999999999997
0.297,2485.8669196423716,128441.75230980715
0.297,450.5785170200639,6746.935971239094
0.297,1979.0149064623033,73493.95709852614
0.297,416.3844377495393,1360.6645435227597
0.297,690.0811546477702,24634.903044258153
0.297,647.8271374371408,13820.999240286497
0.297,3499.999999999999,88992.99999999997
0.297,61.0,1311.0000000000002
0.297,884.4335485883515,13371.889282560232
0.298,586.5475257811595,4816.262451320526
0.298,1713.9999999999998,68307.00000000003
0.298,686.1257024183794,10855.072381266054
0.298,3499.999999999999,153000.0
0.298,3499.999999999999,75916.99999999996
0.298,787.0832230456953,18161.805251681344
0.298,460.6951269549092,9962.490250936256
0.298,572.4543649934028,8015.057205036032
0.298,113.99999999999999,775.9999999999999
0.298,254.99999999999997,5857.999999999997
0.298,1521.0000000000002,31866.000000000004
0.298,487.0,4047.0000000000005
0.298,1208.9999999999998,30743.00000000001
0.298,1486.738040140226,51335.15263442781
0.298,1232.9999999999998,14900.0
0.298,3499.999999999999,205709.00000000006
0.298,547.0,16680.0
0.298,3499.999999999999,250174.18877654028
0.298,287.48041202399867,2722.596162576192
0.298,3499.999999999999,149728.21012755085
0.298,3499.999999999999,150625.90174335885
0.298,2129.7887219158624,51677.86607436495
0.298,3499.999999999999,113299.00000000004
0.298,160.4057355583023,1296.4374261799142
0.298,343.4967248752163,2029.492547411791
0.298,496.4272353527755,10047.174229603066
0.298,224.00000000000003,2557.0000000000005
0.298,65.0,607.0
0.298,2024.4752406487955,44383.974089754505
0.298,1625.0,39156.00000000001
0.298,438.6311661028903,2922.3435711185734
0.298,861.3292053564656,5109.828470702319
0.298,1010.9401564880089,19392.894420379846
0.298,192.5114402601051,2695.048472916046
0.298,1348.9999999999998,25267.000000000004
0.298,385.0,5829.999999999997
0.298,414.325958636434,5705.958990388909
0.298,260.90611338180645,3071.2557692253504
0.298,1801.2495662733688,55421.39779904511
0.298,3499.999999999999,284856.99999999994
0.298,199.0,1823.0
0.298,2721.7943393998335,107397.50638773468
0.298,3499.999999999999,199175.99999999994
0.298,3499.999999999999,75133.00000000003
0.298,625.0000000000001,11099.999999999996
0.298,806.0,13080.000000000002
0.298,73.0,106.0
0.298,63.0,547.0
0.298,561.0,20528.999999999996
0.298,1769.0000000000005,74889.00000000003
0.298,64.0,598.0
0.298,3499.999999999999,157903.99999999994
0.298,367.0,6338.000000000002
0.299,567.0000000000001,14287.999999999995
0.299,3499.999999999999,252158.9999999999
0.299,259.7691282658507,5099.803329541247
0.299,1113.0000000000002,41330.999999999985
0.299,1988.7181801351346,30613.5675150741
0.299,76.0,227.0
0.299,299.0,4227.999999999999
0.299,3499.999999999999,116957.00000000001
0.299,1296.0000000000005,34560.000000000015
0.299,560.6977795568662,5107.855910262153
0.299,3499.999999999999,249277.00000000006
0.299,67.0,566.0
0.299,838.349569093943,9493.087485112525
0.299,3499.999999999999,223386.99999999988
0.299,600.0,10475.999999999998
0.299,1470.0,67990.99999999997
0.299,1524.0,47334.99999999999
0.299,1686.9999999999998,69908.00000000001
0.299,491.0,5678.0
0.299,2381.1761799581313,68900.99749640787
0.299,3499.999999999999,121362.00000000001
0.299,3499.999999999999,217542.0000000001
0.299,465.8325879540846,7520.590934228507
0.299,76.90903718029502,218.90180446949267
0.299,3499.999999999999,195019.00000000006
0.299,629.5140983329921,4502.72139933174
0.299,2021.0000000000005,73674.99999999997
0.299,1720.7556479639986,77436.5519893545
0.299,313.0,6882.000000000002
0.299,328.3291031876401,3140.3022147557713
0.299,453.8497387418568,2835.190871813695
0.299,718.6111605033698,7792.110112158326
0.299,813.9737669809379,14477.008342156792
0.299,373.0,8682.0
0.299,747.4108642507147,13690.67281034792
0.299,1698.9999999999998,64087.99999999998
0.299,1456.9999999999998,70955.0
0.299,3499.999999999999,69212.99999999997
0.299,252.29689120199788,3847.8696601281667
0.299,3499.999999999999,98494.00000000004
0.299,450.55521304275226,3139.9194257178
0.299,1465.0,30311.000000000007
0.299,1096.0,12097.000000000004
0.299,3499.999999999999,94744.00000000001
0.299,467.3863498220717,5800.986123065632
0.299,3499.999999999999,132022.4708146306
0.299,3499.999999999999,148976.58141466396
0.299,491.0,9015.0
0.299,3499.999999999999,104952.00000000001
0.299,301.0,5214.999999999999
0.299,312.00000000000006,1819.0000000000002
0.299,3499.999999999999,98460.99999999996
0.299,3499.999999999999,144382.6123118708
0.299,318.0,3221.0
0.299,150.94701056993478,953.3393939201295
0.299,488.99999999999994,3366.0000000000005
0.299,3499.999999999999,140623.0
0.299,2416.9195270012615,58253.56540161297
0.299,230.46509541844466,2884.0207295869513
0.299,866.0,20289.999999999996
0.299,1439.2691764829785,25603.652658608087
0.3,2000.9999999999998,79887.00000000003
0.3,124.0,1780.9999999999995
0.3,356.0,8570.0
0.3,3499.999999999999,108415.99999999996
0.3,120.0,277.0
0.3,478.7936515445573,5325.657745656902
0.3,945.5744285882524,19299.510330575744
0.3,1059.152048172284,21220.809897939693
0.3,704.0,21368.999999999993
0.3,98.0,111.00000000000001
0.3,1705.561486082188,61842.58961014009
0.3,476.9696007084728,8878.168504821248
0.3,1971.237680679746,66011.82431635141
0.3,3499.999999999999,195041.0
0.3,1893.145530591877,76821.17942338556
0.3,3499.999999999999,228246.99999999997
0.3,227.0,3560.000000000001
0.3,3499.999999999999,278418.00000000006
0.3,373.0,3497.999999999999
0.3,1429.0,30771.999999999993
0.3,639.2732562853962,9902.579752887865
0.3,3499.999999999999,97961.99999999999
0.3,3499.999999999999,140402.99999999994
0.3,3499.999999999999,159985.61155303929
0.3,1175.0000000000002,19790.000000000007
0.3,859.3602271457529,17664.110054004985
0.3,634.1060436219739,11990.380483209316
0.3,421.34903529037297,5099.056793045711
0.3,3499.999999999999,93126.99999999999
0.3,372.1182607720293,2982.324429031825
0.3,1569.9999999999998,17861.0
0.3,235.35895647908296,2874.0622455911644
0.3,147.0,4018.000000000001
0.3,1609.0,71737.00000000003
0.3,3499.999999999999,185046.99999999994
0.3,3499.999999999999,177611.00000000003
0.3,349.0,2681.9999999999995
0.3,1107.0000000000002,30437.999999999993
0.3,307.0,6578.999999999999
0.3,385.6099065117493,3658.87687685716
0.3,910.768905925098,20040.752081695937
0.3,3499.999999999999,74363.00000000003
0.3,1616.0000000000005,30281.000000000007
0.3,3499.999999999999,117740.00000000003
0.3,236.6685445934884,1583.5245498570591
0.3,610.559579402371,7802.447949201582
0.3,200.0,2811.9999999999995
0.3,538.0,6909.0
0.3,115.99999999999999,2320.0000000000005
0.3,386.0,7604.000000000002
0.3,671.9374970932935,5988.578378880919
0.3,326.0,9532.000000000002
0.3,1908.795431679361,61985.55920535043
0.3,1961.091168409657,33176.46398880398
0.3,57.99999999999999,786.0
0.301,732.8356586577413,6760.1786555727285
0.301,1791.0,38730.99999999999
0.301,3499.999999999999,143621.5733287795
0.301,499.9999999999999,8797.000000000004
0.301,3499.999999999999,167342.00000000003
0.301,666.7083320313312,20941.952535520657
0.301,1055.0,20709.000000000007
0.301,1150.2173707608486,42325.23688061296
0.301,1267.0,49759.00000000001
0.301,1373.4991809244004,45478.912289103835
0.301,3499.999999999999,141185.99999999997
0.301,158.96540504147436,846.2304650625618
0.301,459.0,11774.999999999996
0.301,526.0000000000001,12339.0
0.301,260.15380066414554,1716.8337135552765
0.301,3499.999999999999,147145.82118429325
0.301,3499.999999999999,87689.99999999997
0.301,1456.0,34723.00000000001
0.301,774.191334092009,21874.628565682484
0.301,313.0,6983.000000000001
0.301,3499.999999999999,116744.0
0.301,94.47221813845591,131.7383770964255
0.301,337.27639509695615,4892.778185046033
0.301,225.0,583.0
0.301,220.03922165727494,1707.7579633795467
0.301,245.3528071981244,2772.6665865191944
0.301,110.75648965184838,187.95744199153168
0.301,341.8771709254655,12305.174196247688
0.301,264.09467999185443,1559.5755832918128
0.301,63.0,657.0
0.301,303.0,719.0
0.301,256.0,4336.999999999999
0.301,54.99090833947008,212.4711745155093
0.301,3499.999999999999,158631.0
0.301,3499.999999999999,174643.00000000003
0.301,3499.999999999999,130067.0
0.301,176.86152775547313,743.5670783459957
0.301,246.0,5675.999999999998
0.301,973.909646733207,40482.65643457701
0.301,1014.2051074610107,17016.927601655938
0.301,3499.999999999999,108131.00000000004
0.301,2400.2083242918725,131789.61081966973
0.301,1961.0,74523.00000000003
0.301,65.0,543.0
0.301,3499.999999999999,173920.00000000006
0.301,93.0,102.0
0.301,69.0,755.0000000000001
0.301,1321.312983361626,30056.932677836572
0.301,1716.0000000000005,26802.999999999996
0.301,774.0692819577908,12484.768065198175
0.301,266.0,1949.9999999999995
0.301,65.0,734.0
0.301,36.0,647.0
0.302,758.5670702053974,9241.549274878105
0.302,3499.999999999999,185572.00000000003
0.302,350.99999999999994,606.0
0.302,302.55908513875437,2525.394226650564
0.302,3499.999999999999,124807.99999999994
0.302,1913.0,57645.00000000001
0.302,171.0,606.0
0.302,787.5015872983879,14514.16729311772
0.302,1202.499896049892,55197.68169044785
0.302,114.99999999999999,190.0
0.302,3499.999999999999,182555.99999999994
0.302,892.3215073015838,26137.893639263053
0.302,1980.7826735914266,93665.14227822433
0.302,149.78651474682226,1170.9654136651518
0.302,3499.999999999999,101761.0
0.302,1092.4742559895863,24279.517540511377
0.302,3499.999999999999,314437.0000000001
0.302,3499.999999999999,227483.0
0.302,704.0106533284848,11841.876962711609
0.302,2425.5927110708417,100758.47693866758
0.302,1263.3289357883007,21616.35630720404
0.302,1516.0000000000002,36556.000000000015
0.302,1301.0000000000002,42696.0
0.302,172.0,1635.0000000000005
0.302,1214.9999999999998,42458.999999999985
0.302,215.0,8373.0
0.302,295.58515663431507,3933.470335419217
0.302,1261.0,22579.0
0.302,3499.999999999999,112342.00000000003
0.302,709.5428105477499,10642.118022273578
0.302,72.0,90.0
0.302,60.0,517.0
0.302,3499.999999999999,189202.99999999994
0.302,3499.999999999999,105896.0
0.302,1097.0000000000002,41911.99999999999
0.302,480.62459362791657,4318.910973845144
0.302,104.0,144.0
0.302,3499.999999999999,268383.0
0.302,1386.1818062577504,39136.06901567911
0.302,1217.9999999999998,45542.999999999985
0.302,639.0,9919.0
0.302,1205.0,40872.00000000001
0.302,1905.1246678367263,75482.98765947201
0.302,1372.0000000000002,66416.99999999997
0.302,282.38980151556467,5126.808656464566
0.302,3499.999999999999,169403.0
0.302,933.5774810340503,11300.65865990337
0.302,701.0,24854.000000000004
0.302,148.0,238.0
0.302,982.8529900244488,27780.539771573927
0.302,3499.999999999999,121220.00000000004
0.303,144.0,148.0
0.303,84.0,175.0
0.303,3499.999999999999,212461.00000000006
0.303,354.96478698597696,10209.178615344132
0.303,2374.552589436586,67024.53966272352
0.303,3499.999999999999,129572.99999999999
0.303,1172.9999999999998,35268.999999999985
0.303,105.07140429250956,393.1030399271926
0.303,1255.9999999999998,48515.000000000015
0.303,325.85284487233525,2247.1924020767083
0.303,3499.999999999999,222903.00000000012
0.303,308.0,6018.000000000002
0.303,63.0,580.0
0.303,903.0503861911579,31476.35279062681
0.303,3499.999999999999,105829.99999999997
0.303,1805.0000000000005,123653.0
0.303,2625.166661375997,96017.71528212904
0.303,1301.0000000000002,14235.999999999996
0.303,383.00000000000006,4649.999999999999
0.303,925.8655409939396,18143.73280226536
0.303,271.0,6473.999999999999
0.303,3499.999999999999,166032.99652779865
0.303,301.17436809927904,3700.9728450773587
0.303,3499.999999999999,126236.99999999994
0.303,551.7961580148959,8930.235159277718
0.303,1156.9999999999998,17670.0
0.303,432.0,14907.999999999996
0.303,3499.999999999999,152855.99999999997
0.303,1961.0,66652.00000000003
0.303,3499.999999999999,150414.27370100218
0.303,3499.999999999999,167528.99999999994
0.303,1954.3071318319712,32091.124284640544
0.303,428.0,8216.000000000002
0.303,2400.2083242918725,69459.14871347044
0.303,548.0,22371.000000000004
0.303,311.0,7942.000000000002
0.303,3499.999999999999,98451.00000000003
0.303,509.99999999999994,7686.999999999997
0.303,63.0,468.0
0.303,77.0,184.0
0.303,1471.0,80700.00000000003
0.303,95.0,823.0
0.303,626.0990336999411,10128.34201634206
0.303,2071.4729059294987,56774.93196825517
0.303,745.9892760623304,12980.836683357506
0.303,1707.9999999999998,75528.00000000003
0.303,1121.0,46080.999999999985
0.303,429.45744804745925,3409.9525542141114
0.303,55.00000000000001,71.0
0.303,614.8170459575759,8231.274749393313
0.303,3499.999999999999,103888.00000000003
0.303,1310.915710486376,25049.618001079376
0.303,371.7579857918321,5374.826973959256
0.303,649.8099722226491,13288.656139730605
0.303,105.0,1097.9999999999998
0.303,473.56520142426,7744.773140641365
0.303,3499.999999999999,41667.00000000001
0.303,1085.9999999999998,13576.999999999998
0.303,1330.7892395116517,29601.99891899195
0.304,3499.999999999999,85819.00000000003
0.304,3499.999999999999,208634.00000000006
0.304,1007.9999999999998,20764.000000000004
0.304,666.0,22151.999999999996
0.304,1330.9999999999998,22737.000000000004
0.304,3499.999999999999,121067.13549101591
0.304,3499.999999999999,214542.99999999994
0.304,217.99770640995288,1010.6349489306217
0.304,62.49799996799897,598.7069399965229
0.304,1206.6482503198683,25463.783438444505
0.304,460.65713931296017,8345.165067270987
0.304,1421.901543708284,40326.49336354451
0.304,309.0,7520.999999999996
0.304,346.10691989615,5331.453272795325
0.304,199.0,2620.0
0.304,108.0,1207.9999999999998
0.304,1052.0,5963.0
0.304,100.0,106.0
0.304,361.424957632978,7089.209829028903
0.304,1172.9999999999998,24141.99999999999
0.304,515.751878329105,8435.45090673877
0.304,3499.999999999999,202417.0
0.304,1000.0000000000002,23763.000000000007
0.304,129.0,1782.0000000000005
0.304,1288.0217389469785,49211.05973254384
0.304,1336.9999999999995,20020.999999999996
0.304,1191.0000000000002,39920.00000000001
0.304,1882.0000000000005,128266.99999999999
0.304,526.0000000000001,11895.999999999996
0.304,1047.9999999999998,20403.99999999999
0.304,1191.0000000000002,44519.00000000001
0.304,89.0,96.0
0.304,734.166193719106,9711.59636723026
0.304,245.00000000000003,1804.0
0.304,85.0,653.0
0.304,71.0,736.0
0.304,3499.999999999999,102968.0
0.304,1349.073756323204,37450.97715681128
0.304,225.05110530721683,1028.0690638279123
0.304,614.3406245179564,8299.685749557619
0.304,3499.999999999999,215476.9999999999
0.304,541.0951710779085,11610.825885098551
0.304,3499.999999999999,74887.00000000003
0.304,1034.9999999999998,18759.000000000004
0.304,161.0,1675.9999999999998
0.304,375.0,7970.0
0.304,262.0,5228.999999999999
0.304,416.0,4742.0
0.304,483.5659210490334,11644.03808822352
0.305,3499.999999999999,216036.00000000006
0.305,3499.999999999999,189411.99999999994
0.305,1477.9999999999995,33044.000000000015
0.305,3499.999999999999,197407.99999999997
0.305,87.0,575.0
0.305,3499.999999999999,87119.00000000003
0.305,216.0,2923.9999999999995
0.305,699.8424801434874,15727.49585658329
0.305,487.8524367060187,10791.941993913792
0.305,649.6813681958253,14080.557306927822
0.305,876.0,28057.0
0.305,3499.999999999999,120135.99999999999
0.305,1017.9999999999998,24816.000000000004
0.305,3499.999999999999,166539.99999999994
0.305,3499.999999999999,149752.0
0.305,3499.999999999999,72340.0
0.305,3499.999999999999,188689.00000000003
0.305,535.7238094391548,3402.4238419103526
0.305,235.0,4471.999999999999
0.305,3499.999999999999,194469.0000000001
0.305,294.0,828.9999999999998
0.305,3499.999999999999,106746.00000000004
0.305,106.0,1285.0
0.305,162.4068964052943,664.7119676972877
0.305,128.0,687.0
0.305,3499.999999999999,242996.00000000006
0.305,3499.999999999999,98146.99999999999
0.305,1083.9999999999998,41765.99999999999
0.305,3499.999999999999,182046.99999999997
0.305,267.0,3620.000000000001
0.305,3499.999999999999,164851.00000000006
0.305,3499.999999999999,168410.00000000003
0.305,3499.999999999999,140477.0
0.305,100.0,687.0
0.305,591.5403621055794,12236.44597095088
0.305,3499.999999999999,96290.0
0.305,1022.650418347515,31812.88313323152
0.305,201.49441679609885,1411.7074767812203
0.305,170.0,2512.0
0.305,3499.999999999999,227335.0
0.305,3499.999999999999,74682.99999999999
0.305,100.0,110.00000000000001
0.305,448.00000000000006,9153.000000000002
0.305,3499.999999999999,164405.99999999994
0.305,226.2697505191536,1786.0851043553328
0.305,332.76418076469713,6319.285877375701
0.305,244.59734498934077,2058.7275281600246
0.305,160.91612722160573,2434.7997864300874
0.305,504.2097892066667,4887.80454178209
0.305,1201.4918944404951,24619.22991160677
0.305,3499.999999999999,128842.00000000006
0.305,66.0,655.0
0.306,471.17512667796876,9426.350301150498
0.306,580.0,3549.0
0.306,934.6571563947928,19502.04612341997
0.306,1042.9999999999998,19624.999999999993
0.306,762.9999999999999,16853.0
0.306,705.3070253442822,17835.203391046598
0.306,174.0,1903.0
0.306,190.60954855410577,1198.9457869311693
0.306,3499.999999999999,85078.00000000001
0.306,1131.8127053536725,20835.86523281431
0.306,1103.0,34331.99999999999
0.306,109.00000000000001,111.00000000000001
0.306,3499.999999999999,115654.99999999996
0.306,179.0,2777.0
0.306,444.00000000000006,2983.0
0.306,768.9876461946575,14257.012309737269
0.306,564.3580423808985,12053.773517036068
0.306,3499.999999999999,156009.0
0.306,462.0606020859168,2373.000000000001
0.306,781.4288195350873,13742.733352575826
0.306,359.56001804094467,3146.1256299869265
0.306,184.0,2386.9999999999995
0.306,1151.7378173872733,37236.72964963493
0.306,83.96427811873333,1014.6329385546283
0.306,122.0,1387.9999999999998
0.306,1186.0,57133.99999999999
0.306,64.0,150.0
0.306,3499.999999999999,155094.0000000001
0.306,3499.999999999999,170082.99999999994
0.306,313.0,5273.0
0.306,65.0,698.0000000000001
0.306,155.0,1385.0000000000002
0.306,423.393434053954,20653.675944005714
0.306,3499.999999999999,95870.00000000004
0.306,66.0,571.0
0.306,366.0,4979.000000000001
0.306,307.0,4061.0000000000005
0.306,1712.0,37186.00000000002
0.306,412.0,2168.0
0.306,2065.550774006778,48749.87630753539
0.306,368.00000000000006,4885.000000000001
0.306,1115.3698938020516,41145.34710024936
0.306,1165.0000000000002,22802.0
0.306,409.0,10284.000000000004
0.306,631.0,15589.000000000004
0.306,1949.9999999999995,73807.00000000001
0.306,1483.7452611550268,41421.27170911097
0.306,3499.999999999999,55761.999999999985
0.306,3499.999999999999,103898.00000000003
0.306,3499.999999999999,160540.99999999997
0.306,1229.0,8693.0
0.306,108.0,112.00000000000001
0.306,889.381807774366,17018.16291495647
0.306,104.0,110.00000000000001
0.306,986.8030516205524,13451.007922211784
0.307,72.0,83.0
0.307,3499.999999999999,85148.00000000003
0.307,103.0,1203.9999999999998
0.307,862.1571972726927,15842.680765149746
0.307,386.0,4302.000000000001
0.307,3499.999999999999,133395.00000000003
0.307,419.32684149717863,5890.106450650955
0.307,1330.0000000000002,25305.0
0.307,1086.9999999999998,12343.999999999996
0.307,3499.999999999999,249584.00000000006
0.307,206.99999999999997,3558.0
0.307,186.0036997760999,3216.7279228666252
0.307,596.0,6270.999999999999
0.307,419.00000000000006,4072.0
0.307,123.0,187.0
0.307,715.8669842268297,19539.83424481641
0.307,3499.999999999999,218225.90650516262
0.307,3499.999999999999,133821.00000000006
0.307,606.5735510322282,5457.584425982172
0.307,3499.999999999999,228945.99999999997
0.307,3499.999999999999,196822.00000000006
0.307,3499.999999999999,85673.00000000003
0.307,385.0,3633.0
0.307,480.0,10540.999999999998
0.307,3499.999999999999,176760.00000000006
0.307,1494.322589001451,32960.371736374575
0.307,1241.9594627034887,16992.98212916214
0.307,181.0,2158.0
0.307,100.0,145.0
0.307,1391.9999999999998,25427.0
0.307,611.9640512317696,4568.209714975879
0.307,3499.999999999999,203195.99999999994
0.307,100.0,112.00000000000001
0.307,259.0,2492.9999999999995
0.307,1609.0,53436.0
0.307,30.0,375.0
0.307,1178.9999999999998,25490.999999999996
0.307,294.0,1862.0000000000005
0.307,1301.2152012638032,47111.35032027845
0.307,182.73323529390413,823.8549403741808
0.307,1455.095185889913,61017.54977053732
0.307,1055.0,33366.0
0.307,3499.999999999999,182331.00000000003
0.307,130.0,1259.9999999999995
0.307,758.0131924973335,12179.322435997829
0.307,112.99999999999999,884.9999999999998
0.307,1435.0,35822.000000000015
0.308,2187.3499948567905,115422.74401087505
0.308,212.0,1327.0000000000002
0.308,3499.999999999999,101031.00000000001
0.308,3499.999999999999,104347.00000000003
0.308,1250.0000000000002,26218.0
0.308,359.0,1958.0000000000002
0.308,3499.999999999999,108493.00000000003
0.308,3499.999999999999,237990.0
0.308,3499.999999999999,121771.99999999996
0.308,3499.999999999999,152800.97492817248
0.308,92.0,103.0
0.308,1317.5969894044224,41319.20815691484
0.308,1380.9999999999998,25998.000000000007
0.308,3499.999999999999,107856.00000000004
0.308,92.0,100.0
0.308,173.0,2370.9999999999995
0.308,152.0,181.0
0.308,195.0282030886815,845.9621740952725
0.308,1751.0000000000002,69605.0
0.308,529.7975836810833,11432.922005959032
0.308,1398.0,78062.0
0.308,804.6738469715539,31081.21619242079
0.308,305.1999344691935,4593.705693663886
0.308,558.0,4935.0
0.308,62.0,531.0
0.308,3499.999999999999,169654.00000000003
0.308,1207.9999999999998,10901.0
0.308,3499.999999999999,128706.00000000004
0.308,2041.0000000000005,30082.00000000001
0.308,384.00000000000006,5016.0
0.308,337.0,11940.0
0.308,1992.2349259060795,50001.23510474516
0.308,62.0,491.0
0.308,806.8457101577725,12097.778308433335
0.308,3499.999999999999,108441.00000000003
0.308,3499.999999999999,126088.00000000001
0.308,1213.0000000000002,30348.000000000007
0.308,206.0,2330.9999999999995
0.308,3499.999999999999,211898.99999999994
0.308,1443.9999999999998,38170.0
0.308,228.88484131920777,1876.765755765954
0.308,3499.999999999999,180888.0
0.308,127.0,196.0
0.308,3499.999999999999,131616.0
0.308,116.4817582284883,1509.9986754961078
0.308,200.0,2676.0000000000005
0.308,266.05262637305424,5286.165718174187
0.308,801.9201955307024,11349.61893633438
0.308,1024.0,26169.99999999999
0.308,65.0,521.0
0.308,499.9999999999999,4060.000000000001
0.308,158.83954167649816,2643.893719497817
0.308,1576.7470326210487,59182.161222944014
0.309,95.0,659.9999999999999
0.309,129.0,1685.0000000000002
0.309,1034.0,13046.999999999996
0.309,3499.999999999999,124804.00000000001
0.309,1086.0478810807558,30164.143680867197
0.309,179.67470606626853,1385.2400513990344
0.309,490.58026866151073,6382.357244780331
0.309,215.0,2349.0
0.309,137.13957395413945,983.4999442159781
0.309,3499.999999999999,124418.99999999996
0.309,1294.6350837205052,30755.392242662085
0.309,100.0,112.00000000000001
0.309,299.0,5268.999999999999
0.309,1392.4798023669857,50662.89545614226
0.309,3499.999999999999,184678.00000000006
0.309,3499.999999999999,237909.99999999994
0.309,329.01671690052467,7532.692148229605
0.309,370.00000000000006,7822.000000000003
0.309,3499.999999999999,194059.15455860362
0.309,1456.0,57927.99999999997
0.309,418.0,2935.0
0.309,1951.4097468240752,42082.30093519127
0.309,391.99999999999994,9221.0
0.309,321.1546826178416,1192.3246792083437
0.309,225.0822072043901,3570.7842275892276
0.309,1573.0543537970964,36517.6590843389
0.309,1125.9999999999998,22165.000000000007
0.309,542.8498871695562,14609.679051916233
0.309,3499.999999999999,112190.99999999996
0.309,1094.9999999999998,15522.999999999993
0.309,94.0,436.00000000000006
0.309,3499.999999999999,100769.00000000001
0.309,830.056304574816,21027.53460058731
0.309,1016.0000000000002,6425.0
0.309,1057.0000000000002,17266.999999999996
0.309,400.3398556226947,13183.040772143582
0.309,59.396969619669996,171.665372163404
0.309,3499.999999999999,144534.00000000003
0.309,3499.999999999999,207099.00000000006
0.309,1121.0,32691.999999999996
0.309,227.99999999999997,7606.000000000003
0.309,3499.999999999999,162316.99999999994
0.309,1393.9999999999998,47482.999999999985
0.309,1155.9999999999998,54741.00000000001
0.309,445.9013343779091,6966.448880168431
0.309,1760.0000000000005,101003.00000000001
0.309,55.00000000000001,56.00000000000001
0.309,1108.3771921146697,44417.97667611619
0.309,129.0,1433.9999999999998
0.309,664.7382236162471,11920.63839284396
0.309,356.99999999999994,6124.0
0.309,640.6877372625577,18507.140809716402
0.309,384.00000000000006,4815.0
0.31,1225.9999999999998,55927.00000000001
0.31,59.0,577.0
0.31,151.04635050208927,1959.2613404035717
0.31,76.0,996.9999999999999
0.31,526.0000000000001,5203.000000000001
0.31,336.0,5943.999999999999
0.31,413.0,3327.9999999999995
0.31,750.0199997333405,11304.840467693473
0.31,66.0,564.0
0.31,3499.999999999999,149877.00000000006
0.31,249.00000000000003,3518.999999999999
0.31,852.4854588266843,12240.230863614343
0.31,3499.999999999999,72058.99999999999
0.31,153.0,189.0
0.31,2109.1467469097543,60557.9823640121
0.31,1050.9999999999998,30383.00000000001
0.31,709.7957452676088,25505.572332335538
0.31,1978.1304304822772,51014.17281501289
0.31,343.0,2902.0000000000005
0.31,299.0,9249.0
0.31,1848.9999999999998,71654.0
0.31,1135.1168477319834,27125.73580965718
0.31,526.0000000000001,11985.0
0.31,1980.7826735914266,48146.786071346454
0.31,357.95132657038107,8156.430852803791
0.31,93.0,99.0
0.31,266.6136734974404,4601.3683446561445
0.31,935.1622580798004,14229.23532900633
0.31,924.1212041718338,7081.866985477768
0.31,3499.999999999999,166684.99999999997
0.31,101.0,106.0
0.31,211.0,2923.9999999999995
0.31,3499.999999999999,97532.0
0.31,636.1304897581941,10481.349769948523
0.31,61.0,389.99999999999994
0.31,268.0,1802.9999999999998
0.31,1277.0000000000002,14163.999999999998
0.31,3499.999999999999,134255.99999999997
0.31,62.0,548.0
0.31,1034.9999999999998,30723.0
0.31,1925.9999999999998,111097.0
0.31,176.0,6781.999999999999
0.31,342.00000000000006,6895.999999999996
0.31,3499.999999999999,177653.0
0.31,1379.0000000000002,95950.99999999996
0.31,91.26765780755848,1310.7913777807676
0.31,748.9993324429603,12992.780148990438
0.31,635.2153773715991,14994.92780665029
0.31,1752.221179585096,61572.51726573411
0.31,1637.0,49695.99999999999
0.31,605.0,22298.999999999996
0.31,138.0,1590.9999999999998
0.31,253.49950690287346,3382.6658126394923
0.31,2012.0000000000005,118221.0
0.311,491.0,4643.999999999999
0.311,1630.1500357458162,38334.17531104181
0.311,277.0,1448.0000000000002
0.311,2660.9138134574096,111059.3376044492
0.311,122.62952336203546,1458.5081419039113
0.311,476.9696007084728,10909.34791818466
0.311,3499.999999999999,96414.00000000003
0.311,1524.0,35222.000000000015
0.311,353.0,9266.000000000002
0.311,164.6359620496081,1452.472030711779
0.311,275.86953438174356,3347.028234120531
0.311,3499.999999999999,283247.0
0.311,3499.999999999999,111568.0
0.311,761.9999999999999,12305.999999999995
0.311,61.0,187.0
0.311,170.0,401.0
0.311,585.8816957651204,10042.496516502679
0.311,1224.0000000000002,23174.999999999993
0.311,340.99999999999994,6117.000000000003
0.311,1034.9999999999998,22183.999999999996
0.311,114.99999999999999,1334.0000000000005
0.311,802.9999999999999,35374.0
0.311,1155.9999999999998,81868.0
0.311,136.44779221372548,2415.189433564166
0.311,1261.0,26959.999999999996
0.311,3499.999999999999,209867.0
0.311,3499.999999999999,206913.99999999994
0.311,128.0,144.0
0.311,3499.999999999999,151886.0
0.311,1283.0,81021.00000000004
0.311,673.9999999999999,11143.000000000005
0.311,344.0,3619.0000000000005
0.311,494.9747468305832,13872.636375253267
0.311,281.0,5916.999999999998
0.311,180.93092604637823,716.0614498770341
0.311,1214.0000000000002,40366.0
0.311,1514.0000000000005,21748.999999999993
0.311,114.99999999999999,1659.0
0.311,3499.999999999999,199896.9999999999
0.311,283.0,7380.999999999999
0.311,647.1926260324537,12418.125439618323
0.311,3499.999999999999,188466.0
0.311,149.0,277.0
0.311,420.4164601915582,4992.145931360581
0.311,1344.0000000000002,61488.0
0.311,88.85943956609225,182.2114156687226
0.311,1904.2058712229618,42674.61913128224
0.311,3499.999999999999,64917.99999999997
0.311,1272.28573834654,32658.481777326993
0.311,185.0,3338.0000000000005
0.311,629.0,8629.999999999996
0.311,1235.0,23821.000000000004
0.312,1224.4116954684805,32884.80886366833
0.312,620.0000000000001,9102.999999999996
0.312,1307.9999999999998,29227.0
0.312,780.5421192991447,9787.197351642604
0.312,162.0,1958.0000000000002
0.312,3499.999999999999,91404.00000000001
0.312,246.0,4354.0
0.312,3499.999999999999,255346.99999999994
0.312,855.2777326693357,7758.770456715416
0.312,1553.0163945746028,31956.69839004783
0.312,223.0,2325.0000000000005
0.312,1243.784547258889,70917.25926740261
0.312,3499.999999999999,148158.99999999994
0.312,1949.6153466773897,70290.42830286355
0.312,1036.9999999999998,20492.000000000004
0.312,241.9917353960668,3708.0502963147624
0.312,80.90117428072351,785.903301939876
0.312,1227.9999999999998,62144.00000000003
0.312,281.0,7386.000000000003
0.312,57.99999999999999,409.0
0.312,1146.0958037824555,25928.28729525354
0.312,46.0,64.0
0.312,170.0,1955.0000000000005
0.312,1403.9999999999998,48823.999999999985
0.312,440.8446584815523,2859.923695292523
0.312,469.00000000000006,6452.0
0.312,104.0,125.0
0.312,227.99999999999997,2987.9999999999995
0.312,1366.5456334086723,42190.27249041617
0.312,3499.999999999999,127033.0
0.312,62.0,497.0
0.312,3499.999999999999,110284.99999999999
0.312,288.99999999999994,8302.000000000002
0.312,239.05069447447872,3488.9464459711535
0.312,90.0,698.0000000000001
0.312,1038.2677881933923,17875.821659437082
0.312,617.6568626672904,3689.223495533985
0.312,67.0,717.0
0.312,2300.434741521697,79152.53865796089
0.312,3499.999999999999,84182.00000000004
0.312,1575.0000000000002,35884.0
0.312,92.0,736.0
0.312,944.7221813845589,13605.80479060317
0.312,449.72436002511574,10622.0133684721
0.313,3499.999999999999,136332.99999999997
0.313,445.47727214752496,9155.461703267616
0.313,935.4143466934855,16292.89449422662
0.313,1018.5060790808055,33126.883469620734
0.313,3499.999999999999,208910.99999999997
0.313,752.396172239067,11513.36666661842
0.313,359.0,10372.999999999998
0.313,750.2701249205783,12816.560869802825
0.313,3499.999999999999,144474.0
0.313,626.0990336999411,5478.555466544077
0.313,277.99999999999994,5960.0
0.313,318.9137814519781,5779.797747326462
0.313,3499.999999999999,139997.0
0.313,245.47912334860573,2758.0841176439862
0.313,3499.999999999999,131297.00000000006
0.313,159.0,2717.0
0.313,598.0,14397.000000000004
0.313,1575.9999999999995,56447.000000000015
0.313,3499.999999999999,131281.99999999994
0.313,3499.999999999999,152853.00000000003
0.313,151.0,2373.9999999999995
0.313,319.0,1006.0000000000002
0.313,425.3662356391871,5326.771138083838
0.313,1395.0,47804.0
0.313,90.46546302318913,400.78048854703496
0.313,3499.999999999999,116152.50585329618
0.313,98.0,1164.0
0.313,80.0,87.0
0.313,299.0,2833.9999999999995
0.313,1045.0,9190.000000000005
0.313,66.0,573.9999999999999
0.313,217.0,4864.0
0.313,2019.2820506308678,76720.95395001289
0.313,3499.999999999999,199247.0000000001
0.313,250.0,1762.0
0.313,526.9933585919276,9373.426321255209
0.313,64.0,673.9999999999999
0.313,1060.9999999999998,25723.999999999996
0.313,624.1761946286177,12131.466028517252
0.313,155.95191566633605,1158.7868656487267
0.313,284.0,428.0
0.313,36.0,636.0
0.313,433.0,11080.999999999998
0.314,492.0,11508.999999999996
0.314,3499.999999999999,147462.00000000003
0.314,182.4171044611771,4367.473525964412
0.314,218.00000000000003,3518.0
0.314,101.0,346.0
0.314,157.0,3103.0000000000005
0.314,422.04838360214836,4413.069884958542
0.314,62.0,551.0
0.314,68.0,775.9999999999999
0.314,418.5976588563294,2958.6106536683724
0.314,1210.0,15664.999999999998
0.314,283.0,5872.000000000002
0.314,3499.999999999999,147921.00000000003
0.314,70.0,729.0000000000001
0.314,1500.9999999999998,36568.999999999985
0.314,103.0,1149.9999999999998
0.314,3499.999999999999,131197.0
0.314,91.0,1969.0000000000002
0.314,3499.999999999999,183516.99999999997
0.314,204.0,3769.9999999999995
0.314,1559.9999999999998,51562.000000000015
0.314,141.0,1285.0
0.314,273.44469276254017,3390.1833283762094
0.314,113.99999999999999,1277.9999999999998
0.314,2423.4273250914703,121232.60665349069
0.314,227.2817634567279,3252.654761882977
0.314,3499.999999999999,97093.00000000001
0.314,963.0680142129111,23511.300623317296
0.314,234.0,1149.0
0.314,532.0,5764.999999999998
0.314,200.81334617001932,1459.461544543055
0.314,53.58947963124169,369.7251623474408
0.314,254.0,8693.0
0.314,3499.999999999999,136292.99999999997
0.314,243.00000000000003,4760.000000000001
0.314,1073.0,28203.99999999999
0.314,3499.999999999999,241013.00000000012
0.314,1028.10505299799,17072.53197390474
0.314,252.1963520751242,3357.5678697533426
0.314,1290.0,34269.99999999999
0.314,173.85338650713712,2627.8538772161587
0.314,109.00000000000001,118.0
0.314,1085.9999999999998,18091.999999999993
0.314,664.0,8931.999999999998
0.314,235.0,2747.9999999999995
0.314,176.4652940382329,876.3903239995292
0.314,755.3145040312677,17910.991932330275
0.314,2071.4729059294987,43959.418103519085
0.314,263.0,6262.0
0.314,1986.9574731231662,60265.207002050534
0.314,3499.999999999999,181230.9999999999
0.314,820.5865325738097,22400.80426353359
0.314,1041.0,25084.999999999993
0.314,1387.0,25901.0
0.315,1203.9999999999998,16035.0
0.315,551.1761497316621,7740.178462056388
0.315,1065.9999999999998,18001.0
0.315,68.19090848492928,409.0232267243512
0.315,1030.0,22652.00000000001
0.315,1602.654447922708,46866.87452681598
0.315,1361.0,40620.00000000001
0.315,2138.808079281543,93211.11131190318
0.315,68.0,756.0
0.315,92.0,135.0
0.315,1399.0,32047.999999999996
0.315,1961.0,53254.00000000001
0.315,2518.476445322181,100912.49169907358
0.315,1690.9748667558601,90885.51245935734
0.315,3499.999999999999,40257.00000000001
0.315,3499.999999999999,106230.37171637868
0.315,234.0,3776.0
0.315,66.0,523.0
0.315,1059.9528291391084,13364.260510780241
0.315,262.0,6148.999999999998
0.315,692.4593850905626,4500.785264817685
0.315,268.0,5721.000000000002
0.315,935.4143466934855,15590.334409498722
0.315,333.00000000000006,1325.0
0.315,1336.0000000000002,57267.99999999997
0.315,579.6550698475775,4616.480044362805
0.315,3499.999999999999,137872.99999999997
0.315,3499.999999999999,76036.00000000001
0.315,566.5161461038634,13474.966168657875
0.315,515.4318577658933,10571.790293039305
0.315,3499.999999999999,101000.99999999997
0.315,3499.999999999999,150517.00000000003
0.315,252.0,2528.9999999999995
0.315,129.0,1363.0
0.315,594.5586598477898,9321.096716588665
0.315,520.7207706969082,5806.725369574299
0.315,156.0,307.0
0.315,473.2863826479693,8408.18613019479
0.315,84.0,99.0
0.315,66.0,67.0
0.315,164.75436261295175,1982.7576755619937
0.315,1743.4305262900502,54639.89304528335
0.315,61.0,497.0
0.315,1958.0000000000002,81974.99999999997
0.315,769.0,9124.999999999998
0.315,1605.0,33653.000000000015
0.315,2246.5529150233688,68942.85851340953
0.316,3499.999999999999,109403.99999999997
0.316,148.0,448.00000000000006
0.316,95.66608594481119,377.59502115361636
0.316,338.080285656008,4308.309214835878
0.316,236.0,4800.000000000001
0.316,3499.999999999999,195777.00000000006
0.316,1135.8723975152907,22151.166168347238
0.316,147.0,2054.0000000000005
0.316,190.19989484749985,2509.776085629951
0.316,1421.0,16965.999999999996
0.316,131.0,287.0
0.316,452.50856345488097,3858.917983062093
0.316,60.0,620.0000000000001
0.316,1176.0,13259.999999999996
0.316,3499.999999999999,140361.9999999999
0.316,313.99999999999994,2860.999999999999
0.316,998.7492177719091,14413.364423339888
0.316,1188.0,16073.999999999998
0.316,1127.4760279595425,34501.09736524789
0.316,110.00000000000001,1000.0000000000002
0.316,192.0,3171.0
0.316,367.0,911.0
0.316,1303.3541345313633,50002.10042588213
0.316,1604.0,27353.999999999996
0.316,3499.999999999999,130637.99999999999
0.316,1160.81867662439,39377.003923610035
0.316,1667.0000000000002,78143.0
0.316,136.0,1363.9999999999998
0.316,421.0,10952.999999999998
0.316,454.79226026835596,13005.96294012865
0.316,386.0,7887.000000000004
0.316,3499.999999999999,144183.00000000003
0.316,3499.999999999999,194862.00000000003
0.316,140.0,165.0
0.316,473.49973600837416,6975.311104173059
0.316,274.0,3469.0000000000005
0.316,151.0,1613.9999999999998
0.316,468.3641560860206,6655.2966964349835
0.316,3499.999999999999,220246.99999999997
0.316,1136.9999999999998,58847.99999999998
0.316,479.2000564844141,3360.254478080472
0.316,87.0,828.9999999999998
0.316,208.0,3399.0
0.316,81.0,95.0
0.316,1294.0,38791.99999999999
0.316,1180.9999999999998,34780.0
0.316,81.0,1344.0000000000002
0.316,497.0,10058.999999999998
0.316,1068.1760154581266,28959.026502974866
0.317,384.00000000000006,4998.0
0.317,515.751878329105,2081.633973589017
0.317,86.16263691415206,446.1961452097048
0.317,1966.5960439297141,58158.945365266074
0.317,67.0,673.0
0.317,269.0,4149.999999999999
0.317,596.0,16758.999999999996
0.317,1092.0000000000002,19020.0
0.317,3499.999999999999,158242.99999999997
0.317,3499.999999999999,78666.00000000001
0.317,67.0,644.0
0.317,491.0,4322.000000000001
0.317,1428.0399154085292,33511.0444779031
0.317,1155.9999999999998,78628.00000000003
0.317,185.55861607589122,1974.9769618909486
0.317,3499.999999999999,60966.00000000002
0.317,86.0,748.0
0.317,272.2638135660918,4933.979488271482
0.317,3499.999999999999,126247.99999999996
0.317,55.00000000000001,444.00000000000006
0.317,3499.999999999999,120290.69446553208
0.317,54.0,66.0
0.317,177.0,1010.0
0.317,244.04249149298968,3466.5984064003474
0.317,1263.3289357883007,72455.98070552904
0.317,3499.999999999999,252288.0
0.317,1225.9999999999998,46855.99999999998
0.317,3499.999999999999,104396.99999999999
0.317,441.0,6735.999999999997
0.317,112.00000000000001,980.0000000000002
0.317,345.0,7400.000000000003
0.317,561.0,10140.999999999998
0.317,1075.0879033827887,43722.18658758958
0.317,802.6441157699865,6057.941308677694
0.317,3499.999999999999,91217.99999999996
0.317,252.99999999999997,627.0
0.317,63.0,592.0
0.317,349.0,5623.000000000001
0.317,494.9747468305832,12730.168734152741
0.317,63.0,545.9999999999999
0.317,1141.0000000000002,35396.0
0.317,3499.999999999999,227904.99999999997
0.317,3499.999999999999,150039.71137668847
0.317,1224.0000000000002,60636.0
0.317,3499.999999999999,156418.0
0.317,968.3429144678036,27851.085634136398
0.317,67.0,75.0
0.317,70.0,916.9999999999998
0.317,917.9999999999998,9322.999999999998
0.318,487.0,4821.000000000001
0.318,354.96478698597696,9940.368705435429
0.318,154.0,4536.999999999999
0.318,3499.999999999999,257561.0
0.318,101.0,547.0
0.318,281.0,7721.000000000001
0.318,422.0,17061.0
0.318,184.0,2262.9999999999995
0.318,66.0,698.0000000000001
0.318,78.0,993.9999999999998
0.318,467.0,5771.0
0.318,168.0,2068.0000000000005
0.318,473.2863826479693,5199.378424388824
0.318,95.0,106.0
0.318,3499.999999999999,74450.99999999999
0.318,1316.0000000000002,42913.000000000015
0.318,1108.3771921146697,41716.72218667235
0.318,3499.999999999999,165731.00000000003
0.318,59.0,60.0
0.318,3499.999999999999,132696.00000000003
0.318,466.0000000000001,9268.0
0.318,470.0,8197.999999999998
0.318,471.0,13995.000000000002
0.318,102.0,109.00000000000001
0.318,101.0,103.0
0.318,739.2657679578563,18024.257036390005
0.318,1183.0000000000002,17504.0
0.318,3499.999999999999,84207.00000000004
0.318,1211.0000000000002,27842.999999999996
0.318,3499.999999999999,98380.99999999997
0.318,123.0,2306.9999999999995
0.318,250.99999999999997,7970.0
0.318,101.0,162.0
0.318,107.0,1063.0000000000002
0.318,262.63663110845755,4153.766002075705
0.318,3499.999999999999,231147.9999999999
0.318,212.00357475875586,1710.2614613368114
0.318,1191.0000000000002,72208.0
0.318,1215.9999999999998,21107.000000000004
0.318,242.0,1359.0000000000002
0.318,480.0,9124.000000000002
0.318,3499.999999999999,68958.99999999999
0.318,231.99999999999997,2504.9999999999995
0.318,3499.999999999999,139890.00000000006
0.318,1007.9999999999998,39439.99999999999
0.318,216.0,5882.000000000001
0.318,216.0,1954.0000000000002
0.318,1005.7335631269348,29005.053559681608
0.318,1210.9913294487287,30346.595229119208
0.318,2322.3910092833203,105947.32101379443
0.318,370.00000000000006,4036.0000000000005
0.318,495.3791768723729,5696.703563956413
0.319,590.0,16107.999999999998
0.319,3499.999999999999,123551.0
0.319,211.0,2048.0
0.319,244.2219605281081,2042.1448157517566
0.319,199.0,3016.0
0.319,264.44281045246817,2703.7274270902385
0.319,1254.0,68225.99999999997
0.319,375.0,7295.000000000002
0.319,1214.9999999999998,24547.000000000007
0.319,3499.999999999999,125922.99999999999
0.319,3499.999999999999,145443.99999999997
0.319,1395.0,56854.00000000002
0.319,330.898776063013,4583.2433930569305
0.319,115.99999999999999,1280.0
0.319,63.0,718.0000000000001
0.319,114.99999999999999,133.0
0.319,367.4928570734403,4051.5100888434185
0.319,2071.4729059294987,69558.4746526259
0.319,247.00000000000003,6656.999999999998
0.319,63.0,472.0
0.319,919.0078900274301,18367.052088206012
0.319,243.00000000000003,5238.000000000001
0.319,245.00000000000003,977.9999999999999
0.319,225.0,781.0000000000001
0.319,465.8325879540846,7459.437378247776
0.319,476.9696007084728,9588.672692296881
0.319,3499.999999999999,169110.0
0.319,496.9467263251775,3261.9855248407134
0.319,596.0,11014.000000000002
0.319,107.30796801729123,347.7930419085465
0.319,1475.8997255911395,43932.31293706264
0.319,3499.999999999999,209913.00000000012
0.319,81.0,97.0
0.319,466.41183518431444,6212.282994197868
0.319,902.6527571552641,26152.891312434276
0.319,585.6620185738528,14708.517532368787
0.319,252.0,4771.0
0.319,1139.0000000000002,38169.000000000015
0.319,1872.6985876002573,36453.333866739806
0.319,1873.6328348958868,48704.46283452882
0.319,1330.7892395116517,26997.73931276467
0.319,422.4157085908918,1728.9308872153945
0.319,421.0,4329.000000000001
0.319,3499.999999999999,257887.9999999999
0.319,3499.999999999999,88705.05498560944
0.319,551.0,19434.999999999993
0.319,210.0,2182.9999999999995
0.32,264.0,5420.0
0.32,1346.0000000000002,45665.000000000015
0.32,3499.999999999999,110888.00000000006
0.32,63.0,483.0
0.32,101.0,132.0
0.32,102.0,104.0
0.32,1704.9999999999998,24861.999999999996
0.32,1009.2076099594177,21393.479380409353
0.32,1007.8548071296717,11246.187109645296
0.32,66.0,742.0
0.32,3499.999999999999,198074.00000000006
0.32,85.0,101.0
0.32,327.00000000000006,7316.0
0.32,299.0,4815.0
0.32,1396.0,44056.000000000015
0.32,813.0000000000001,13141.0
0.32,1410.0,44264.99999999999
0.32,3499.999999999999,74962.99999999997
0.32,68.0,91.0
0.32,600.416522091123,3049.2694206973565
0.32,1373.9999999999998,59662.999999999985
0.32,3499.999999999999,166875.8987091905
0.32,223.74986033515194,3993.509734556809
0.32,3499.999999999999,197331.00000000003
0.32,110.24971655292362,226.89204481426844
0.32,462.0606020859168,8719.253179028583
0.32,162.0,265.0
0.32,345.14322975364456,4148.596974794392
0.32,646.3797440521836,14325.86223376988
0.32,120.91319200153472,508.8054638071411
0.32,83.5224520712844,590.7689903845667
0.32,272.7618008446197,4085.266453978246
0.32,597.576773310342,8494.477617840905
0.32,1296.0000000000005,25904.999999999996
0.32,427.5885873126176,2880.8241876240904
0.32,421.0,9242.000000000002
0.32,278.5318653224438,1143.7949991147887
0.32,3499.999999999999,122304.00000000004
0.32,194.0,3252.9999999999995
0.32,1296.0000000000005,41776.99999999999
0.32,102.0,1017.9999999999998
0.32,3499.999999999999,187634.99999999994
0.32,284.0,2377.9999999999995
0.321,455.99999999999994,3371.000000000001
0.321,955.4953891167809,30547.297608037035
0.321,77.0,1188.0
0.321,311.07123329103626,6230.9307267509685
0.321,90.0,2054.0000000000005
0.321,513.4101674100348,14034.72094485673
0.321,65.0,513.0000000000001
0.321,594.5586598477898,13345.881949125724
0.321,3499.999999999999,133514.00000000006
0.321,3499.999999999999,209453.00000000006
0.321,1283.939250899356,34471.91052146662
0.321,75.0,87.0
0.321,1155.9999999999998,21157.000000000007
0.321,457.0,3449.0
0.321,1017.8408519999575,24444.85935733728
0.321,1015.4142012006724,40452.7136790599
0.321,313.99999999999994,2616.9999999999995
0.321,385.0,8831.0
0.321,487.8524367060187,11613.425506714198
0.321,1204.0830536138276,26566.160053722502
0.321,277.99999999999994,3334.000000000001
0.321,386.0,5394.000000000001
0.321,187.74983355518586,665.432190384565
0.321,80.0,1451.9999999999998
0.321,1171.3240371477054,18032.506980450602
0.321,459.99999999999994,6800.000000000002
0.321,274.66558136792185,4657.1102175295
0.321,406.84395042817096,1932.8429837935623
0.321,63.0,544.0
0.321,437.0,2832.0
0.321,3499.999999999999,297855.9999999999
0.321,290.97078891187687,3893.4128987303657
0.321,2063.0075133164196,54564.48009465498
0.321,405.99999999999994,7601.000000000001
0.321,386.129946315708,3924.8014607621753
0.321,231.0,2100.0
0.321,286.0,6996.999999999997
0.321,187.0,1729.0
0.321,125.0,946.0000000000002
0.321,492.0,8816.000000000002
0.321,953.9392014169455,20658.33553314497
0.321,3499.999999999999,85883.99999999999
0.321,113.99999999999999,743.0000000000001
0.321,1107.0000000000002,17389.0
0.321,104.0,168.0
0.322,386.0,3900.999999999999
0.322,157.0,2272.0000000000005
0.322,294.0,4098.0
0.322,368.00000000000006,6961.000000000002
0.322,156.0,1441.0000000000005
0.322,446.0,8768.000000000002
0.322,702.4955515873393,16022.608277056519
0.322,355.0,2710.0
0.322,100.0,115.99999999999999
0.322,766.0000000000002,11088.0
0.322,67.0,580.0
0.322,281.0,5602.999999999998
0.322,62.0,717.0
0.322,1401.0000000000002,25451.000000000004
0.322,420.554822309502,6382.24741617463
0.322,56.00000000000001,458.0
0.322,372.0645105354716,1548.128547634207
0.322,278.05195447384875,2516.9434428772306
0.322,3499.999999999999,100464.99999999999
0.322,1793.9999999999998,76339.00000000003
0.322,3499.999999999999,125995.99999999996
0.322,825.6081642423222,17101.56628866308
0.322,475.0,6071.000000000001
0.322,1835.0000000000002,59266.99999999999
0.322,65.0,815.0
0.322,91.0,95.0
0.322,1741.0,40062.00000000001
0.322,3499.999999999999,88012.00000000003
0.322,3499.999999999999,184626.99999999997
0.322,3499.999999999999,91466.99999999997
0.322,186.32230140270383,2701.7779331395827
0.322,201.11688143962456,4094.935896934164
0.322,150.04999166944327,831.9555276575786
0.322,101.0,103.0
0.322,94.0,234.0
0.322,538.9106984871144,14505.674023832831
0.322,422.7386899728957,6952.7139305453975
0.322,1100.0000000000002,24381.999999999996
0.322,591.6079783099615,4589.374685074208
0.322,1424.0000000000002,36278.0
0.322,3499.999999999999,210504.0000000001
0.322,606.217782649107,9642.444088507851
0.322,498.00000000000006,5289.0
0.322,3499.999999999999,193898.99999999997
0.322,112.00000000000001,1343.0000000000002
0.322,3499.999999999999,183791.00000000006
0.322,252.0,4725.0
0.322,3499.999999999999,100304.99999999997
0.322,305.0,5641.000000000002
0.322,926.0129588726068,10696.963120437498
0.323,657.2328354548333,21264.49435091275
0.323,156.13745281817506,825.0972359220766
0.323,817.3438054237936,17941.249444469584
0.323,61.0,578.0
0.323,612.0,13107.999999999996
0.323,254.0,1879.0
0.323,3499.999999999999,71832.0
0.323,62.0,495.0
0.323,626.2395707714422,10446.833012927887
0.323,1084.1047444597073,21265.231772147796
0.323,100.51523233934702,757.1245017329156
0.323,497.0,9108.999999999998
0.323,3499.999999999999,131612.00000000003
0.323,1713.9999999999998,93786.0
0.323,224.00000000000003,1406.0000000000005
0.323,84.0,91.0
0.323,3499.999999999999,68761.99999999999
0.323,451.00000000000006,5641.000000000002
0.323,757.6278769950325,13666.752723306294
0.323,607.0,12858.000000000002
0.323,96.0,1254.0
0.323,241.51438259056502,2465.503665511423
0.323,638.7634816516661,8984.802922425019
0.323,3499.999999999999,115576.99999999996
0.323,61.0,458.0
0.323,1979.0000000000002,21705.0
0.323,3499.999999999999,109906.00000000001
0.323,944.7221813845589,31068.668204478927
0.323,2030.9999999999998,76845.00000000004
0.323,271.0,5624.999999999999
0.323,1161.0,54430.999999999985
0.323,505.90117612039603,7341.500800245141
0.323,112.16641926408764,1263.6323655108108
0.323,212.0,302.0
0.323,181.0,2610.0
0.323,344.0,3006.0000000000005
0.323,159.0,434.0
0.323,1044.0000000000002,15231.000000000004
0.323,1294.9999999999998,47527.99999999999
0.323,337.09642537410565,5291.211014503199
0.323,386.0,9757.000000000004
0.323,1155.9999999999998,19002.999999999996
0.323,1066.40890038789,10148.467233653497
0.323,92.0,139.0
0.323,3499.999999999999,215827.99999999997
0.323,64.0,551.0
0.324,849.1171886141511,6607.257827571134
0.324,3499.999999999999,148269.0
0.324,992.9999999999998,11078.999999999996
0.324,1023.0,22239.999999999996
0.324,56.99999999999999,324.0
0.324,168.87273314540747,670.9366587093003
0.324,153.0,1203.9999999999998
0.324,84.0,92.0
0.324,547.0,8516.000000000004
0.324,359.0,1291.0
0.324,94.0,144.0
0.324,3499.999999999999,293785.99999999994
0.324,476.9696007084728,8167.26092395731
0.324,1879.2285651298516,51979.15951609836
0.324,3499.999999999999,152209.0
0.324,3499.999999999999,104699.0
0.324,150.0,2071.0
0.324,89.0,2359.0
0.324,82.0,93.0
0.324,206.0,576.0000000000001
0.324,3499.999999999999,94736.99999999997
0.324,3499.999999999999,198257.00000000003
0.324,80.0,919.9999999999999
0.324,552.8037626500022,4507.689430295748
0.324,351.99999999999994,5798.999999999999
0.324,340.0,7649.000000000003
0.324,66.0,525.0
0.324,172.0,267.0
0.324,78.0,97.0
0.324,115.99999999999999,1417.0000000000005
0.324,69.0,763.9999999999998
0.324,237.0,412.0
0.324,3499.999999999999,236352.99999999997
0.324,719.7221686178632,5109.141806605098
0.324,124.0,300.00000000000006
0.324,348.0,4976.000000000001
0.324,254.99999999999997,2771.999999999999
0.324,815.0,19434.000000000004
0.324,211.0,1837.0
0.324,1875.0,104637.99999999999
0.324,140.99645385611655,501.02694538317996
0.324,1140.0,29153.000000000007
0.324,92.0,1718.0000000000002
0.324,3499.999999999999,190148.00000000006
0.324,82.0,99.0
0.324,1612.0830001575357,64141.08475781124
0.324,1258.0000000000002,15071.000000000004
0.324,245.00000000000003,5271.0
0.324,143.0,165.0
0.324,3499.999999999999,182551.0
0.324,1261.0,24703.0
0.324,3499.999999999999,129023.00000000003
0.324,350.99999999999994,3325.000000000001
0.324,932.9148917931267,14711.865394078653
0.324,1958.9999999999995,77283.00000000001
0.325,463.3314148641337,8764.415325622122
0.325,61.0,558.0
0.325,417.0,4386.999999999999
0.325,3499.999999999999,55083.99999999999
0.325,1410.0,48110.0
0.325,329.56980981528454,4069.6192478864946
0.325,159.0,873.9999999999999
0.325,619.0,15090.999999999995
0.325,245.00000000000003,5478.000000000002
0.325,1897.0,86531.0
0.325,66.0,629.9999999999999
0.325,63.0,606.0
0.325,561.0,7198.0
0.325,75.52483035399683,659.1767592990518
0.325,132.0,2402.9999999999995
0.325,3499.999999999999,105363.9648266902
0.325,495.6813492557491,6840.079312405672
0.325,979.2854537876075,27176.091992779227
0.325,597.4947698515862,2936.391663249301
0.325,3499.999999999999,133503.00000000003
0.325,160.25292509030842,2725.878207110508
0.325,1191.0000000000002,43144.999999999985
0.325,322.0,3329.9999999999995
0.325,333.4051589282925,4650.412024756518
0.325,3499.999999999999,142690.99999999997
0.325,801.6320851862155,17983.190818094547
0.325,1261.0,32944.99999999999
0.325,3499.999999999999,195615.56465680338
0.325,3499.999999999999,263130.9999999999
0.325,3499.999999999999,188968.00000000006
0.325,3499.999999999999,147553.00000000003
0.325,3499.999999999999,94382.0
0.325,152.0,1439.9999999999998
0.325,3499.999999999999,168544.00000000006
0.325,3499.999999999999,120739.00000000001
0.325,1961.0,120824.99999999997
0.325,480.62459362791657,6770.389353648727
0.325,3499.999999999999,160568.00000000003
0.325,1372.2244714331543,34292.95472834036
0.325,1300.0,34342.99999999999
0.325,432.0,4662.0
0.325,89.0,96.0
0.325,1670.0000000000002,53509.0
0.325,421.0,6018.000000000002
0.325,3499.999999999999,185088.99999999994
0.325,3499.999999999999,194805.0
0.326,381.0,10471.0
0.326,925.5403708946707,25007.67107900776
0.326,334.0,4227.999999999999
0.326,3499.999999999999,56635.99999999998
0.326,1585.9760401721087,32932.777532422006
0.326,1225.9999999999998,11334.999999999996
0.326,84.0,1427.0000000000002
0.326,95.81231653602788,122.90240030202828
0.326,1189.7445488914057,25503.841798346843
0.326,1679.5832816505404,36897.01299563421
0.326,202.99999999999997,2292.0
0.326,716.0073498824182,10849.443158182175
0.326,606.0825026347486,3975.69956108356
0.326,99.8548947222919,929.6192769085632
0.326,76.0,100.0
0.326,3499.999999999999,88619.00000000004
0.326,66.0,646.0
0.326,1202.289482612237,30485.133836019162
0.326,80.0,516.0
0.326,1442.9999999999995,48536.999999999985
0.326,3499.999999999999,155354.99999999997
0.326,576.6281297335397,4189.336462973581
0.326,147.0,2984.000000000001
0.326,158.0,4278.0
0.326,476.9696007084728,7916.742259288223
0.326,1401.0000000000002,35082.00000000001
0.326,1143.0000000000002,29982.0
0.326,136.0,198.0
0.326,512.3475382979799,4566.195352807409
0.326,466.0000000000001,4502.000000000001
0.326,117.0,992.0
0.326,235.0,1935.0000000000005
0.326,356.99999999999994,4185.999999999999
0.326,73.0,1027.0
0.326,1120.9371079592288,17682.901345650265
0.326,3499.999999999999,176171.99999999997
0.326,102.0,109.00000000000001
0.326,3499.999999999999,228727.0000000001
0.326,647.0,14991.999999999996
0.326,3499.999999999999,125104.00000000004
0.327,1518.8004154940827,56462.21475296251
0.327,563.0,11677.000000000004
0.327,381.0,2065.0
0.327,1042.9999999999998,14211.999999999998
0.327,226.41554716935852,3512.274476745803
0.327,262.0,2728.9999999999995
0.327,3499.999999999999,180578.85306978776
0.327,270.4662640700315,4493.417296445992
0.327,386.0,5858.999999999999
0.327,1134.9841408583645,33206.58428685489
0.327,401.0,14352.999999999995
0.327,361.00000000000006,2863.0000000000005
0.327,344.0,6523.999999999996
0.327,78.0,1011.9999999999999
0.327,903.0503861911579,7052.316640650785
0.327,100.0,145.0
0.327,3499.999999999999,87044.00000000004
0.327,521.0,8352.000000000002
0.327,319.63095770123465,5187.5928957753085
0.327,114.99999999999999,1057.0000000000002
0.327,1967.0000000000005,46652.0
0.327,64.0,466.0000000000001
0.327,3499.999999999999,213907.00000000006
0.327,293.00000000000006,5670.999999999999
0.327,213.61934542106096,2236.4285392497836
0.327,62.0,672.0
0.327,3499.999999999999,247006.0
0.327,81.33265027035576,422.68073057569114
0.327,1163.0,44039.00000000001
0.327,139.0,1190.0
0.327,87.0,639.0
0.327,1506.0,52233.99999999998
0.327,3499.999999999999,155350.87052218275
0.327,3499.999999999999,201795.99999999994
0.327,3499.999999999999,212148.99999999997
0.327,176.0,3540.0
0.327,771.3624310270757,18395.022805095934
0.327,455.99999999999994,2742.0
0.328,1079.0,34205.0
0.328,555.083777460664,5015.517919417695
0.328,61.0,476.0
0.328,368.52591000303573,4161.842797184953
0.328,3499.999999999999,140600.00000000003
0.328,802.5820830295178,19429.210380249628
0.328,3499.999999999999,131800.0
0.328,177.0,2081.0
0.328,377.99999999999994,3845.0000000000005
0.328,421.0,1830.0000000000005
0.328,557.4701426518335,6474.959458992387
0.328,211.0,1869.0000000000005
0.328,3499.999999999999,198395.00000000003
0.328,1050.0,27355.0
0.328,682.2756041366274,14350.832623928125
0.328,1118.0000000000002,17638.0
0.328,1171.0,23629.000000000004
0.328,3499.999999999999,125393.99999999996
0.328,277.0,4138.000000000001
0.328,386.0,4078.0
0.328,178.85766282088753,1109.1311107352483
0.328,509.99999999999994,8156.999999999999
0.328,1188.9999999999998,54601.0
0.328,1106.7971810589324,16582.571332576874
0.328,70.59745037889117,440.7380174207803
0.328,211.0,1467.0000000000005
0.328,119.0,759.0
0.328,62.0,539.0
0.328,62.0,458.0
0.328,102.0,109.00000000000001
0.328,3499.999999999999,129581.0
0.328,558.121850495033,3458.5511417355106
0.328,445.37624543749513,4575.358128059486
0.328,788.1084950690482,15072.73236676084
0.328,1166.747677458557,40110.99820638453
0.328,1198.9999999999998,32986.00000000001
0.328,143.0,222.00000000000003
0.329,100.0,834.0000000000001
0.329,476.9696007084728,8871.3737380408
0.329,796.7948293004921,17528.58476888536
0.329,3499.999999999999,102198.00000000003
0.329,1956.7830743339946,73901.96441232128
0.329,265.34128966295464,2274.840433964545
0.329,1608.9343925326848,60761.05774562252
0.329,455.99999999999994,14936.000000000007
0.329,1048.1448724611137,36228.60700378775
0.329,227.99999999999997,7390.000000000002
0.329,180.8203528367313,843.9869667240126
0.329,639.7370338931735,6562.854139256206
0.329,305.0,2221.0
0.329,3499.999999999999,155844.99999999997
0.329,198.5749228880626,3041.3286570181795
0.329,1366.0000000000002,69396.99999999999
0.329,163.0,1773.9999999999998
0.329,195.0,1144.0
0.329,3499.999999999999,185203.00000000003
0.329,115.99999999999999,117.0
0.329,666.0,9301.0
0.329,245.65422854084966,6186.508546829945
0.329,1722.490195940022,58792.55706596153
0.329,3499.999999999999,140110.99999999994
0.329,358.9498572224259,3055.9615508052448
0.329,157.17506163510802,2237.670440435767
0.329,251.04581255221126,3447.2388951159146
0.329,1052.0,24960.000000000004
0.329,1100.0000000000002,39318.000000000015
0.329,2039.3453942239462,39963.314527093244
0.329,235.75882668722136,912.4423314527829
0.329,3499.999999999999,144243.00000000003
0.329,1085.9999999999998,16433.000000000007
0.33,525.0,6475.000000000002
0.33,62.0,553.9999999999999
0.33,1085.9999999999998,70942.0
0.33,322.99999999999994,2477.0
0.33,492.62155860254427,13826.36535753341
0.33,68.0,850.0
0.33,759.0,7819.0
0.33,1191.0000000000002,26208.00000000001
0.33,1480.9999999999998,29392.000000000015
0.33,481.87363181155195,10795.778121540066
0.33,246.0,4579.999999999999
0.33,451.99999999999994,6807.000000000002
0.33,1387.0,12755.000000000002
0.33,312.00000000000006,8768.000000000002
0.33,383.00000000000006,8423.999999999998
0.33,3499.999999999999,168272.99999999994
0.33,1940.1594087312762,83480.63313550502
0.33,559.3800139440092,10362.182588624852
0.33,526.0000000000001,8201.999999999996
0.33,310.7700114232389,1490.8973807744117
0.33,1671.2270940838653,75479.07514006774
0.33,65.0,629.9999999999999
0.33,3499.999999999999,195231.9999999999
0.33,484.0,25999.000000000007
0.33,1245.0,17381.000000000004
0.33,64.0,562.0
0.33,963.4318865389499,17124.928963356317
0.33,3499.999999999999,83350.00000000001
0.33,1225.9999999999998,32920.0
0.33,629.3965363743274,8281.25413207444
0.33,1012.6697388586273,37567.71733816148
0.33,509.90587366689545,5117.992086746519
0.33,3499.999999999999,146332.00000000003
0.33,1191.0000000000002,9281.000000000004
0.33,1017.9999999999998,17558.999999999996
0.331,3499.999999999999,157702.00000000006
0.331,335.8541350050644,3244.2638610322674
0.331,297.0,4598.0
0.331,3499.999999999999,95573.3394624254
0.331,1921.3429190007441,58178.30932516887
0.331,376.0,4422.999999999999
0.331,194.50021721055376,3086.232077375042
0.331,1010.348454742224,26187.363269332785
0.331,107.0,2026.9999999999995
0.331,185.0,254.0
0.331,229.0,5431.0
0.331,1100.0000000000002,25659.999999999996
0.331,425.0,9389.0
0.331,243.00000000000003,2427.9999999999995
0.331,1191.0000000000002,17576.000000000004
0.331,3499.999999999999,207327.00000000006
0.331,1180.2542099056457,27039.00364288595
0.331,117.0,839.0
0.331,787.8231478026001,25532.46921540038
0.331,172.0,1479.9999999999998
0.331,195.0769079107007,1197.249347462758
0.331,67.0,623.0
0.331,3499.999999999999,78322.99999999999
0.331,1185.0,89769.00000000003
0.331,233.0,3778.000000000001
0.331,959.4269122762818,21889.320683840328
0.331,759.934207678533,14939.374016336826
0.331,2374.552589436586,114167.25831428196
0.331,63.0,394.00000000000006
0.331,105.29957264870546,408.3748278236551
0.331,3499.999999999999,116853.99999999996
0.331,178.0,385.0
0.331,1817.827783188259,63959.67061508576
0.331,1291.0,50217.0
0.331,220.00000000000003,4899.999999999999
0.331,3499.999999999999,103403.99999999997
0.331,3499.999999999999,183714.0
0.331,2062.9999999999995,111686.99999999997
0.331,3499.999999999999,70717.99999999996
0.331,72.6636084983398,204.96829023046467
0.331,87.0,98.0
0.331,3499.999999999999,118062.00000000003
0.331,149.0,163.0
0.331,98.0,1223.0
0.331,411.00000000000006,14810.0
0.331,1191.0000000000002,50807.00000000001
0.332,304.1710045352778,4095.3937539631042
0.332,246.0,8448.999999999998
0.332,55.00000000000001,92.0
0.332,3499.999999999999,93387.99999999997
0.332,315.99999999999994,9449.0
0.332,198.0,5377.0
0.332,96.0,109.00000000000001
0.332,573.0,2979.9999999999995
0.332,1062.285326871439,51873.61501463291
0.332,84.0,102.0
0.332,112.99999999999999,113.99999999999999
0.332,199.0,3968.999999999999
0.332,3499.999999999999,144189.99999999997
0.332,512.3475382979799,2867.5302962654114
0.332,301.0481689032504,3318.20659392992
0.332,421.0,7869.000000000003
0.332,1075.8327007485877,18902.75376763925
0.332,927.9008567729635,13872.405811538243
0.332,1051.6653460107925,37117.38486208317
0.332,3499.999999999999,164986.0
0.332,541.3732538646511,16065.27201761614
0.332,561.2486080160911,6265.265836339269
0.332,165.77695859195873,812.62045260995
0.332,660.7657274263937,17558.348120151913
0.332,168.0,2562.0000000000005
0.332,62.0,565.0000000000001
0.332,419.00000000000006,7002.0
0.332,1122.0000000000002,38369.00000000001
0.332,272.0,4345.999999999999
0.332,786.0,8746.999999999996
0.332,632.9739331125728,16332.206066542267
0.332,64.0,516.0
0.332,1028.0,9691.000000000002
0.332,3499.999999999999,81405.0
0.332,164.59040069214242,2254.2000798509434
0.332,59.0,607.0
0.332,3499.999999999999,140831.00000000003
0.332,3499.999999999999,161007.2215523266
0.332,655.0,8373.0
0.332,344.0,4879.0
0.332,362.99999999999994,4989.000000000001
0.332,359.0,3307.0
0.332,108.0,110.00000000000001
0.332,1556.0000000000005,65308.00000000004
0.333,469.57427527495577,6584.607960995097
0.333,3499.999999999999,87409.00000000004
0.333,69.0,559.0
0.333,2039.0,110983.00000000004
0.333,3499.999999999999,116111.99999999997
0.333,1007.9999999999998,14877.000000000002
0.333,174.0,1435.0
0.333,1575.9999999999995,38618.999999999985
0.333,414.3404397352496,5255.5258538037815
0.333,1195.0,49248.00000000001
0.333,1191.0000000000002,69235.0
0.333,806.0,24201.99999999999
0.333,136.83932183404008,795.4784723674173
0.333,274.6634304016462,6031.094842563828
0.333,407.3616025434392,6725.841865200935
0.333,103.0,105.0
0.333,759.934207678533,24075.621944199072
0.333,259.484103559351,3972.069108160129
0.333,295.0,2970.9999999999995
0.333,752.7318682238812,15134.927327271453
0.333,69.0,822.0000000000001
0.333,1107.863759221833,13194.141523071043
0.333,501.99999999999994,14625.000000000004
0.333,62.0,479.0
0.333,574.3169856446873,6714.255580479489
0.333,644.0,12435.000000000002
0.333,278.55879092213195,2820.483114645433
0.333,259.0,5357.0
0.333,123.0,136.0
0.333,3499.999999999999,129815.1630126466
0.333,833.1188699668476,20208.05279460447
0.333,63.0,518.0
0.333,1213.8780828402823,18639.610886496528
0.333,156.0,5861.999999999997
0.333,117.0,1547.9999999999998
0.333,279.1075061692178,3161.236308788066
0.333,3499.999999999999,127971.99999999999
0.333,127.98437404620925,432.15737874066207
0.333,561.0,3299.0
0.333,166.08431593621356,1815.7345620987674
0.333,156.0,1010.9999999999998
0.333,736.0,6548.999999999996
0.333,326.0,1453.0
0.333,508.0000000000001,3799.999999999999
0.333,3499.999999999999,154639.0
0.333,545.0,12583.000000000002
0.333,61.0,545.9999999999999
0.333,83.70185183136631,621.8617209637524
0.333,1045.0,36646.0
0.334,104.0,277.99999999999994
0.334,66.0,621.0
0.334,1142.584788976293,14749.130686247236
0.334,386.99999999999994,3611.0
0.334,188.0,1974.9999999999995
0.334,3499.999999999999,88731.0
0.334,165.0,425.0
0.334,1180.9999999999998,26011.0
0.334,94.0,183.0
0.334,108.0,112.00000000000001
0.334,112.00000000000001,221.0
0.334,966.6954018717581,19614.300140458745
0.334,806.0,17060.0
0.334,168.99704139422084,670.4774418278365
0.334,3499.999999999999,139180.99999999997
0.334,1098.9999999999998,30251.00000000001
0.334,191.0,2885.0
0.334,1444.299137990465,27012.535016173497
0.334,1643.0000000000002,39426.000000000015
0.334,3499.999999999999,211099.46605095908
0.334,63.0,447.0
0.334,122.0,1230.9999999999998
0.334,112.00000000000001,1609.9999999999998
0.334,763.7670771912552,7302.188529929893
0.334,548.6346689738081,4994.333288838462
0.334,227.0,5920.999999999998
0.334,134.0,138.0
0.334,3499.999999999999,148631.56885399547
0.334,308.22718893699175,2949.2941528440324
0.334,119.0,136.0
0.334,1811.0000000000002,130731.99999999997
0.334,91.0,102.0
0.334,82.84926070883192,593.1863113727422
0.334,274.0,2935.999999999999
0.334,389.0,3209.0000000000005
0.334,290.0,3502.000000000001
0.334,1892.0000000000005,80580.99999999996
0.334,3499.999999999999,217163.0
0.334,462.0,4888.0
0.334,1817.0000000000002,47967.000000000015
0.335,3499.999999999999,178692.99999999997
0.335,3499.999999999999,148063.99999999997
0.335,218.00000000000003,578.9999999999999
0.335,752.9940238806681,14063.29339095221
0.335,3499.999999999999,176389.7779209442
0.335,532.4471804789654,4848.676314211952
0.335,112.42775458044159,334.5818285561844
0.335,876.0,26632.0
0.335,594.5586598477898,7552.02118641096
0.335,182.0,4238.0
0.335,331.0,5145.0
0.335,3499.999999999999,182949.99999999994
0.335,283.0,7388.999999999998
0.335,94.0,96.0
0.335,1125.6109452204169,20947.682401640526
0.335,148.0,895.9999999999999
0.335,1940.9999999999995,90832.00000000003
0.335,567.5112333689968,16492.28819782143
0.335,63.0,362.0
0.335,922.2255689363637,19247.428139884043
0.335,61.0,393.0
0.335,1016.1200716450784,16695.393077133584
0.335,3499.999999999999,225949.00000000003
0.335,215.0,1387.9999999999998
0.335,260.65302607105866,2529.8675854676667
0.335,3499.999999999999,214359.00000000012
0.335,395.71952454364794,2128.5722738903396
0.335,566.1695859016096,11553.987796427693
0.335,408.0,5770.0
0.335,105.0,838.0000000000002
0.335,1541.0000000000002,27599.000000000007
0.335,94.0,105.0
0.335,220.84383622822713,2994.9103492425265
0.335,227.0,2874.9999999999995
0.335,275.0,3819.9999999999995
0.335,1199.8599918323807,35703.48335947067
0.335,1316.0000000000002,32275.999999999993
0.335,3499.999999999999,160417.0
0.335,469.57427527495577,10493.101066891526
0.335,3499.999999999999,194965.0
0.335,658.9223306831069,12729.858236560423
0.335,141.7321417322126,427.2200837975668
0.335,1721.9999999999995,71824.00000000001
0.335,467.3301573266519,7109.348266223211
0.335,1229.6340919151514,43258.86362353961
0.336,3499.999999999999,184110.99999999994
0.336,160.64283051366144,2387.326240019079
0.336,709.0,13713.999999999993
0.336,262.0,1881.0000000000002
0.336,105.0,191.0
0.336,1800.9999999999998,61109.99999999998
0.336,156.0,2921.9999999999995
0.336,409.0,7262.999999999996
0.336,79.0,97.0
0.336,1401.0000000000002,51207.00000000001
0.336,68.0,725.0
0.336,720.4267018014053,14842.39035514804
0.336,587.0000000000001,11593.999999999998
0.336,563.1481910484563,15694.33321156454
0.336,3499.999999999999,147650.00000000006
0.336,1338.0,51980.999999999985
0.336,3499.999999999999,99657.00000000003
0.336,64.0,627.0
0.336,1143.0000000000002,18662.000000000004
0.336,1094.0,30934.999999999993
0.336,540.3147231012681,6978.045141728446
0.336,93.09672389509741,339.59093038536827
0.336,1263.0,34654.00000000001
0.336,54.0,63.0
0.336,3499.999999999999,198319.0
0.336,158.0,1995.9999999999998
0.336,261.0,4880.0
0.336,287.0,3169.0000000000005
0.336,135.0,1973.0
0.336,176.0,4440.000000000001
0.336,226.89204481426844,1051.9695813092699
0.336,1490.8051515875575,27087.48949238376
0.336,350.2173126631407,5501.083113718971
0.336,3499.999999999999,195886.0
0.336,57.99999999999999,208.0
0.336,106.95793565696749,1296.0462954694171
0.336,55.00000000000001,412.0
0.336,171.0,682.0
0.336,144.64582605441726,444.15425611668536
0.336,216.74870241826133,1739.149217289879
0.336,315.99999999999994,6771.000000000002
0.336,1053.328059058525,22632.844938274993
0.336,3499.999999999999,181583.00000000003
0.336,3499.999999999999,191533.0
0.336,359.99999999999994,3392.000000000001
0.336,700.7424633915087,26943.69293545338
0.336,271.0,5417.0
0.336,609.0839964922909,8015.327632278706
0.336,1172.0,23514.999999999993
0.336,455.2221371609515,6746.744968956235
0.336,296.0,7300.999999999999
0.337,544.3987509170094,5890.975471006478
0.337,201.32664724469285,867.6673036733094
0.337,112.00000000000001,1046.0
0.337,202.99999999999997,3861.0000000000005
0.337,330.0,1236.0000000000002
0.337,99.0,1100.0000000000002
0.337,3499.999999999999,212341.99999999997
0.337,580.9999999999999,7190.000000000001
0.337,3499.999999999999,68266.0
0.337,76.0,100.0
0.337,3499.999999999999,161047.99999999994
0.337,85.0,109.00000000000001
0.337,65.0,719.0
0.337,93.0,866.0
0.337,588.6425061104574,2853.4190018292097
0.337,1592.9999999999998,16555.000000000007
0.337,69.0,1032.0
0.337,198.0,359.0
0.337,68.0,614.0
0.337,180.08609052339384,2340.589669292762
0.337,3499.999999999999,81276.99999999999
0.337,3499.999999999999,129046.99999999996
0.337,465.00000000000006,6082.0
0.337,284.1302518212378,1687.7810877006527
0.337,771.0000000000001,21867.000000000004
0.337,3499.999999999999,121685.99999999997
0.337,3499.999999999999,191645.0
0.337,524.0,8216.000000000002
0.337,360.53293885579996,8716.144158973051
0.337,186.43030600095534,1021.3838195511348
0.337,65.0,606.0
0.337,374.0,2623.9999999999995
0.337,743.7580251667877,22974.270695715244
0.337,63.0,603.9999999999999
0.337,421.0,5968.000000000002
0.337,277.99999999999994,4363.0
0.337,112.00000000000001,1033.0
0.337,1411.0,50815.0
0.337,59.0,474.0
0.337,1085.9999999999998,26087.000000000007
0.337,202.0,1033.0
0.337,655.0,21375.000000000007
0.337,718.4483279958274,11269.142114642094
0.337,45.0,50.0
0.337,125.0,1755.9999999999998
0.338,34.00000000000001,583.9999999999999
0.338,212.97887219158616,731.0430903852385
0.338,1606.0000000000002,48510.0
0.338,526.0000000000001,8413.000000000002
0.338,67.0,840.9999999999999
0.338,3499.999999999999,181781.00000000003
0.338,217.0,1201.0
0.338,311.0,798.9999999999999
0.338,1751.0000000000002,31805.000000000007
0.338,1023.0,38518.99999999999
0.338,3499.999999999999,78962.0
0.338,521.4882549012968,11454.695543749727
0.338,107.0,588.0
0.338,1788.0000000000002,63680.00000000001
0.338,349.0,774.9999999999999
0.338,61.0,606.0
0.338,167.10475756243446,811.7727514520304
0.338,98.0,101.0
0.338,262.0,7717.000000000002
0.338,103.6243214694311,377.08089317810845
0.338,160.0,2915.9999999999995
0.338,65.0,550.0
0.338,1240.9999999999998,20231.000000000007
0.338,95.0,633.0
0.338,368.00000000000006,21741.99999999999
0.338,374.15504807499246,2857.297324395905
0.338,570.0000000000001,6581.999999999998
0.338,71.4142842854285,608.7659648830574
0.338,138.79481258317978,1580.3923563469925
0.338,1261.0,43283.0
0.338,249.00000000000003,1468.9999999999998
0.338,246.0,1564.9999999999998
0.338,607.1795451100111,13314.056669550411
0.338,287.0,10328.999999999998
0.338,177.0,401.0
0.338,1504.4759885089554,50774.61113588168
0.338,3499.999999999999,79476.99999999999
0.338,3499.999999999999,160497.99999999994
0.338,1042.9999999999998,8010.000000000002
0.338,430.0,2544.0
0.338,104.0,728.0
0.338,208.0,4110.999999999999
0.338,1574.0,92468.0
0.338,114.41153787970862,1474.2102970743354
0.338,1237.0,37682.00000000001
0.338,1005.0000000000001,14760.999999999998
0.338,242.0,1805.0000000000005
0.338,62.0,567.9999999999999
0.338,137.0,143.0
0.338,127.0,2791.0000000000005
0.338,315.0,465.00000000000006
0.338,617.6568626672904,13761.754321306566
0.338,142.0,2651.0
0.339,118.0,177.0
0.339,731.778655059028,13016.066072358415
0.339,1214.9999999999998,14097.000000000004
0.339,3499.999999999999,142797.00000000006
0.339,141.0,1407.0000000000002
0.339,633.0,20812.000000000007
0.339,386.0,31780.000000000007
0.339,611.0,13097.999999999996
0.339,460.76765552402287,6474.076188310997
0.339,3499.999999999999,134866.0
0.339,260.0,4980.0
0.339,1259.9944444321966,26803.53209933347
0.339,1517.0000000000002,61349.999999999985
0.339,59.0,457.0
0.339,62.0,532.0
0.339,1203.7441588643326,30133.847082641132
0.339,578.5075626126248,14262.257885762696
0.339,1111.3460660537962,22375.745089179578
0.339,1213.0000000000002,70431.00000000001
0.339,410.6482679861197,7289.6338728361425
0.339,63.0,553.9999999999999
0.339,453.0,6093.000000000002
0.339,3499.999999999999,276992.0
0.339,225.0,701.0
0.339,201.35689831576508,4191.847465945266
0.339,1202.289482612237,41158.3452534234
0.339,252.99999999999997,4802.000000000001
0.339,3499.999999999999,153714.00000000006
0.339,3499.999999999999,191538.00000000003
0.339,309.0,9887.999999999995
0.339,396.86269665968854,2548.216238862
0.339,264.35960357059093,1300.2718946435782
0.339,371.00000000000006,7684.0
0.339,3499.999999999999,139937.00000000003
0.339,526.0000000000001,4015.9999999999995
0.339,691.3356637697782,23934.164702366354
0.339,93.0,149.0
0.339,100.0,105.0
0.339,206.99999999999997,2148.0
0.339,809.0,11820.000000000002
0.339,73.0,806.9999999999999
0.339,1190.0,15045.999999999998
0.339,374.9693320793048,3030.2273842073305
0.339,346.0,4829.999999999999
0.339,44.0,45.0
0.339,192.58502119405796,1210.0594702460062
0.34,532.4471804789654,4637.075371395207
0.34,773.6278174936574,14028.5209127691
0.34,343.0,5135.999999999999
0.34,1183.0000000000002,43375.0
0.34,68.0,89.0
0.34,3499.999999999999,185377.00000000003
0.34,128.0,1444.9999999999998
0.34,259.0,3276.0000000000005
0.34,184.00543470234788,1463.5409116249537
0.34,237.0,2878.9999999999995
0.34,210.0,4854.0
0.34,600.416522091123,13519.515671798312
0.34,3499.999999999999,76934.00000000001
0.34,3499.999999999999,61357.00000000003
0.34,127.0,166.0
0.34,397.00000000000006,4510.0
0.34,255.75769783136536,4825.992644005999
0.34,97.36529155710468,306.52079864178876
0.34,214.21717951648972,3697.5397225722936
0.34,244.0,5226.000000000001
0.34,1336.9999999999995,42758.00000000001
0.34,1047.9999999999998,23662.000000000004
0.34,286.0,1669.0000000000002
0.34,1245.0,35122.99999999999
0.34,3499.999999999999,145849.00000000006
0.34,146.23269128344728,671.7648398063119
0.34,3499.999999999999,156860.99999999997
0.34,61.0,561.0
0.34,69.0,105.0
0.34,1830.9999999999995,38809.99999999999
0.34,3499.999999999999,114151.00000000003
0.34,112.00000000000001,918.9999999999998
0.34,184.0,1395.0
0.34,1134.0000000000002,16949.999999999993
0.34,389.99999999999994,5469.999999999998
0.34,71.82617907142215,233.20377355437455
0.34,217.0,3120.9999999999995
0.34,467.0,4714.999999999999
0.34,249.00000000000003,3155.0000000000005
0.34,470.0,7700.000000000002
0.341,111.00000000000001,1049.0
0.341,97.0,114.99999999999999
0.341,1084.9999999999998,25917.000000000015
0.341,116.63189958154673,1968.0815531882818
0.341,574.2009124254847,6909.515375586224
0.341,3499.999999999999,147096.00000000006
0.341,169.422548676379,770.0071428240133
0.341,1296.0000000000005,40329.99999999999
0.341,356.0,8084.0
0.341,1298.8456413292533,41071.39827179007
0.341,879.4884877018003,33554.29766810801
0.341,220.00000000000003,376.0
0.341,198.0,1512.0
0.341,215.0,4388.0
0.341,140.41367454774482,460.3216266915992
0.341,204.99999999999997,1401.0000000000002
0.341,193.0,509.99999999999994
0.341,177.17787672280082,488.5488716597348
0.341,1462.0000000000002,94104.00000000001
0.341,91.0,92.0
0.341,549.8090577646026,10389.618376052129
0.341,179.0,300.00000000000006
0.341,611.0,12543.000000000007
0.341,1120.9371079592288,24740.56480761909
0.341,143.0,1233.9999999999998
0.341,3499.999999999999,203735.0000000001
0.341,3499.999999999999,189615.00000000006
0.341,3499.999999999999,61387.999999999985
0.341,3499.999999999999,111491.00000000001
0.341,3499.999999999999,215696.99999999997
0.341,916.515138991168,22181.835383935213
0.341,231.0,2213.0000000000005
0.341,149.0,172.0
0.341,1073.0796801729123,26722.712867521528
0.341,267.0,3053.0
0.341,281.0,7291.000000000001
0.341,86.0,2296.0000000000005
0.341,62.0,621.0
0.341,171.0,2879.9999999999995
0.342,804.5837433107881,18784.194419777494
0.342,1689.0,46487.999999999985
0.342,3499.999999999999,135944.00000000003
0.342,1058.0,8514.999999999998
0.342,109.00000000000001,110.00000000000001
0.342,819.7560612767678,19637.56298525863
0.342,1714.9999999999995,37306.99999999999
0.342,1261.0,26727.999999999993
0.342,49.0,50.0
0.342,147.0,217.0
0.342,3499.999999999999,193185.0000000001
0.342,315.0,4302.000000000001
0.342,147.0,2384.0
0.342,101.0,103.0
0.342,231.0,2794.0000000000005
0.342,224.00000000000003,2557.0000000000005
0.342,3499.999999999999,300753.99999999977
0.342,95.0,2035.0000000000005
0.342,318.0,5793.0
0.342,191.34848616234999,1172.0984235253384
0.342,154.0,2303.0000000000005
0.342,578.54818295454,9709.254142311858
0.342,1046.0,66032.0
0.342,314.7617245686804,5134.301875714548
0.342,293.00000000000006,3598.0000000000005
0.342,1786.0000000000002,63956.999999999985
0.342,691.1656820184289,6074.4114941284615
0.342,3499.999999999999,169502.00000000006
0.342,64.0,618.0000000000001
0.342,1263.3289357883007,23815.51395624289
0.342,3499.999999999999,116876.00000000004
0.342,3499.999999999999,178393.99999999997
0.342,88.0,766.0000000000002
0.342,312.6915412990892,1398.8720456138942
0.342,672.0,19091.000000000004
0.342,1016.0000000000002,11487.999999999996
0.342,296.0,3400.000000000001
0.342,101.0,751.0000000000001
0.342,211.0,2172.9999999999995
0.342,405.99999999999994,7222.000000000001
0.342,140.0,2430.9999999999995
0.342,118.0,1543.9999999999998
0.342,247.00000000000003,2161.9999999999995
0.342,293.00000000000006,2900.0000000000005
0.343,110.72939989000213,1451.475111739778
0.343,66.0,594.9999999999999
0.343,1673.0152420106642,78053.44665035614
0.343,192.3018460649819,719.4060049791076
0.343,3499.999999999999,79576.0
0.343,220.59918404200863,534.1142199941881
0.343,791.5175298121956,10094.844922038175
0.343,596.0,14610.0
0.343,101.14346246792228,928.6360966492739
0.343,336.66600660001296,5327.873121612412
0.343,165.0,3266.9999999999995
0.343,380.89106054093736,4374.379956062343
0.343,147.0,1348.9999999999998
0.343,101.1632344283238,1093.1468336870398
0.343,264.0,1488.0000000000005
0.343,311.8509259245513,5045.101584705703
0.343,917.9999999999998,48618.00000000002
0.343,535.7238094391548,11444.796721654777
0.343,1350.3428484503354,34698.58682588864
0.343,508.0000000000001,9146.999999999996
0.343,377.99999999999994,8559.999999999996
0.343,64.0,628.0
0.343,380.0,4469.0
0.343,824.9999999999998,43429.000000000015
0.343,1294.0,31295.999999999985
0.343,102.0,166.0
0.343,694.059248541195,6106.2043304949675
0.343,3499.999999999999,233390.99999999994
0.343,430.778365287766,2384.703964856016
0.343,233.21663748540752,1908.695889868263
0.343,608.0,5589.000000000002
0.343,101.0,113.99999999999999
0.343,192.0,1385.0000000000002
0.343,712.3903424387503,27885.571699357355
0.343,629.4656464017713,8333.07122254454
0.343,3499.999999999999,157995.99999999997
0.343,108.0,737.0
0.343,1401.0000000000002,52995.00000000001
0.343,3499.999999999999,154571.0
0.343,367.0,3506.0
0.343,134.0,175.0
0.343,227.0,2426.0000000000005
0.344,272.0,4192.0
0.344,3499.999999999999,134092.99999999997
0.344,216.0,975.0000000000002
0.344,126.0,1499.0
0.344,3499.999999999999,149407.99999999997
0.344,79.87490219086342,110.90536506409417
0.344,79.0,416.0
0.344,1980.9999999999995,71673.00000000001
0.344,224.00000000000003,2526.999999999999
0.344,98.63062404750363,346.5977495599185
0.344,1358.12370570578,30929.645891927034
0.344,100.0,157.0
0.344,3499.999999999999,110992.99999999999
0.344,227.99999999999997,1489.9999999999998
0.344,99.91496384426108,374.6251459792842
0.344,223.26665671344662,2535.051478767246
0.344,59.0,71.0
0.344,301.0,13906.999999999996
0.344,286.0,3390.9999999999995
0.344,84.0,229.0
0.344,223.23306206742765,2457.0052909995943
0.344,426.6145801540309,2793.2482882837326
0.344,491.0,7486.000000000003
0.344,233.0,1372.0000000000002
0.344,221.0,1796.9999999999995
0.344,759.4168815611096,17961.595613975936
0.344,119.24079417230315,1034.1485243681495
0.344,49.0,50.0
0.344,343.0,2757.9999999999995
0.344,1205.0,54250.000000000015
0.344,3499.999999999999,179417.99999999997
0.344,3499.999999999999,151836.00000000003
0.344,1219.0000000000002,24763.999999999996
0.344,421.0,9632.999999999996
0.344,90.0,775.9999999999999
0.344,1510.6290080625354,39537.5591811128
0.344,61.0,586.0
0.344,3499.999999999999,133142.99999999994
0.344,873.4987120768981,13066.26075049783
0.344,152.499180325666,445.69496295111975
0.345,3499.999999999999,76620.99999999999
0.345,73.7563556583431,820.9799023118655
0.345,3499.999999999999,104890.00000000001
0.345,498.4977432245807,2664.591150627053
0.345,84.0,1505.0000000000005
0.345,65.0,610.0
0.345,97.0,158.0
0.345,3499.999999999999,76032.00000000004
0.345,105.0,1291.0
0.345,141.8590850104427,1981.9197763784491
0.345,278.7471972953271,1345.2858432318387
0.345,74.0,300.00000000000006
0.345,466.0000000000001,4930.999999999999
0.345,187.0,6182.000000000002
0.345,81.0,142.0
0.345,189.0,4220.0
0.345,639.2315699337761,6691.960250927974
0.345,1519.9999999999998,31172.999999999996
0.345,882.0,16559.999999999996
0.345,48.0,65.0
0.345,475.8802370344875,7564.115282040592
0.345,306.73115264022334,1000.9090867806129
0.345,3499.999999999999,139764.0
0.345,61.0,68.0
0.345,60.0,430.0
0.345,3499.999999999999,145066.5274761893
0.345,3499.999999999999,203653.99999999997
0.345,64.0,639.0
0.345,1090.0,21315.0
0.345,217.0,3336.9999999999995
0.345,64.0,744.0000000000001
0.345,245.5605831561735,1693.0386882762016
0.345,196.4281038955475,1015.1916075303224
0.345,78.0,89.0
0.345,386.0,7818.000000000001
0.345,521.0,6954.999999999998
0.345,281.0,5950.000000000001
0.345,224.35556836502505,3437.332671824196
0.345,296.0,7001.000000000002
0.346,3499.999999999999,173722.43879246002
0.346,285.29984227124976,5329.92701638587
0.346,1310.915710486376,17581.050736517434
0.346,1387.0,22156.000000000007
0.346,143.41896666759246,2132.797458738171
0.346,245.00000000000003,3339.0
0.346,1112.0,31187.00000000001
0.346,92.22255689363638,383.4592546803376
0.346,202.99999999999997,2170.9999999999995
0.346,69.0,99.0
0.346,3499.999999999999,71690.99999999999
0.346,246.0,3562.9999999999995
0.346,223.9196284384198,877.2365701451349
0.346,3499.999999999999,146759.0
0.346,125.0,147.0
0.346,1207.0000000000002,30489.999999999985
0.346,97.0,100.0
0.346,447.0,9229.000000000002
0.346,74.0,1009.0
0.346,521.641723806543,9713.58061399416
0.346,1155.9999999999998,19064.000000000007
0.346,298.5766233314323,5842.539345182021
0.346,68.0,622.0
0.346,155.0,426.99999999999994
0.346,3499.999999999999,125342.00000000003
0.346,2030.9999999999998,62793.99999999999
0.346,1144.1153787970861,41227.3966920057
0.346,455.99999999999994,2598.9999999999995
0.346,171.0,1773.9999999999998
0.346,237.823463939116,2583.346666632258
0.346,184.0,668.0239516664055
0.346,206.99999999999997,324.0
0.346,587.0000000000001,20799.999999999996
0.346,1925.0000000000005,114752.00000000001
0.346,124.32312534138926,365.21033726393216
0.346,1220.5576594327692,29961.41842436703
0.346,143.0,919.9999999999999
0.346,394.00000000000006,4553.000000000001
0.346,277.99999999999994,655.0
0.346,223.0,4061.9999999999995
0.346,200.79840636817812,1013.2324511186955
0.347,3499.999999999999,223516.0
0.347,281.0,8316.999999999998
0.347,1415.0000000000005,24830.000000000007
0.347,107.0,1154.0
0.347,81.0,98.0
0.347,109.00000000000001,770.0
0.347,73.0,759.0
0.347,534.1067309068479,10283.908109274407
0.347,104.0,209.0
0.347,430.6274491947767,8430.989265797938
0.347,455.99999999999994,2424.9999999999995
0.347,65.0,526.0000000000001
0.347,1219.0000000000002,24157.999999999996
0.347,63.0,751.0000000000001
0.347,156.0,2502.0
0.347,736.0,8355.000000000002
0.347,114.99999999999999,1372.0000000000002
0.347,3499.999999999999,129008.99999999999
0.347,1796.9999999999995,63306.99999999999
0.347,1330.9999999999998,38513.0
0.347,135.0,2433.0
0.347,322.99999999999994,5379.999999999999
0.347,157.0,2703.0
0.347,2155.110205998755,65675.0710696228
0.347,152.63027222671133,2169.0852910847
0.347,83.00602387778854,254.2380773999048
0.347,418.0,9721.0
0.347,443.00000000000006,5107.999999999999
0.347,408.4309172669993,5457.009210179249
0.347,65.0,531.0
0.347,3499.999999999999,170459.0
0.347,193.16314348239416,2247.5052836422874
0.347,106.0,893.0000000000001
0.347,3499.999999999999,175115.00000000006
0.347,89.0,94.0
0.347,214.17282740814719,1168.5657876217326
0.347,1575.9999999999995,111136.99999999994
0.347,318.1328955711321,1612.4625376860777
0.347,3499.999999999999,200579.0
0.347,916.515138991168,15622.120278630553
0.347,56.99999999999999,57.99999999999999
0.347,3499.999999999999,132251.0
0.347,538.0,10151.999999999996
0.347,606.217782649107,11480.967946998198
0.347,1693.0000000000002,51212.000000000015
0.347,1366.0000000000002,26888.00000000001
0.347,3499.999999999999,54490.00000000002
0.347,394.34883035201216,1683.3181517467222
0.347,3499.999999999999,81700.00000000001
0.347,280.0,1828.0
0.347,524.0,13014.999999999995
0.348,664.0,27190.999999999993
0.348,268.2088738278433,6139.210535565626
0.348,60.0,654.0
0.348,69.0,715.0
0.348,270.0,5190.0
0.348,73.0,852.9999999999998
0.348,351.99999999999994,3692.000000000001
0.348,3499.999999999999,246767.99999999997
0.348,273.33495934475707,4234.942148365194
0.348,64.0,663.0
0.348,305.96895267330643,5269.359353849386
0.348,182.0,1928.0
0.348,152.10522673465235,713.6175446273726
0.348,128.9961239727768,1609.8919218382334
0.348,60.0,620.0000000000001
0.348,580.9999999999999,13627.999999999996
0.348,236.0,3896.000000000001
0.348,3499.999999999999,167140.00000000003
0.348,263.0412114285626,2983.583297307001
0.348,1131.8127053536725,41692.822691681606
0.348,634.4288770224761,16798.059887975156
0.348,1053.0,26874.99999999999
0.348,268.0,3653.0
0.348,3499.999999999999,131990.00000000003
0.348,3499.999999999999,97562.0
0.348,220.00000000000003,5490.999999999997
0.348,3499.999999999999,225212.99999999997
0.348,1307.9082536630774,51739.02729081789
0.348,505.14366137903914,4955.256931199365
0.348,676.6207054073928,7654.435713732367
0.348,802.4961059095552,15287.791894187996
0.348,191.97916553626334,2440.1081943225386
0.349,61.0,479.0
0.349,113.99999999999999,1526.0
0.349,257.1964229922337,3334.455277852741
0.349,320.0,6778.000000000002
0.349,63.0,587.0000000000001
0.349,274.0,1336.0000000000002
0.349,429.0,10393.000000000002
0.349,132.0,1700.0
0.349,1604.0,103078.00000000004
0.349,421.0,7240.000000000002
0.349,465.8325879540846,7184.266629239202
0.349,480.83261120685233,9881.913579869031
0.349,127.216351150314,1389.887405511684
0.349,63.0,631.0
0.349,108.0,2219.0
0.349,258.0,603.0
0.349,501.0,6758.000000000003
0.349,1251.0,30760.000000000015
0.349,364.00000000000006,6659.999999999999
0.349,473.2863826479693,8920.717459935608
0.349,262.3299449167022,1188.9722452605863
0.349,3499.999999999999,52291.00000000002
0.349,400.0,5184.0
0.349,1716.9999999999998,92215.0
0.349,63.0,590.0
0.349,3499.999999999999,87546.99999999999
0.349,3499.999999999999,161531.00000000003
0.349,1713.9999999999998,77039.00000000001
0.349,3499.999999999999,94208.45439768134
0.349,266.0,2526.999999999999
0.349,65.0,566.0
0.349,317.0,3017.0000000000005
0.349,96.0,100.0
0.349,3499.999999999999,149850.99999999997
0.349,272.0,2426.0000000000005
0.349,404.059561680557,3983.152638904518
0.349,218.00000000000003,3743.999999999999
0.349,103.0,188.0
0.349,93.0,94.0
0.349,157.0,1497.9999999999998
0.349,173.0,2615.9999999999995
0.349,3499.999999999999,115599.00000000003
0.349,802.4961059095552,14639.140138683008
0.349,1628.0000000000005,42885.0
0.349,1198.0,42165.00000000001
0.35,107.0,971.9999999999999
0.35,182.0,3883.0
0.35,763.4166621184005,12072.955976064855
0.35,192.0,1752.0
0.35,206.0,3218.0
0.35,1180.0,15484.0
0.35,3499.999999999999,82499.00000000003
0.35,764.5259969418961,11158.839097325494
0.35,84.0,142.0
0.35,175.0,3055.0
0.35,391.19815950487293,5361.346565929121
0.35,85.0,101.0
0.35,241.0,1879.0
0.35,1225.9999999999998,36608.99999999999
0.35,198.69574731231668,657.6229922987791
0.35,244.0,5566.0
0.35,430.99999999999994,7664.999999999999
0.35,580.1424336346919,13207.43164645979
0.35,473.2863826479693,10134.494313975416
0.35,1224.0000000000002,33141.0
0.35,278.27145020644855,2386.293779064096
0.35,102.0,104.0
0.35,493.68783867460075,4232.399212166724
0.35,59.0,384.00000000000006
0.35,3499.999999999999,157588.74507400588
0.35,648.0,5104.000000000001
0.35,334.0,5686.999999999998
0.35,488.99999999999994,8930.000000000002
0.35,97.0,696.0
0.35,108.0,113.99999999999999
0.35,3499.999999999999,115356.00000000001
0.35,373.6375248820707,4839.3850849048995
0.35,110.17259187293362,201.42492397913423
0.35,284.0,4405.0
0.35,36.0,673.0
0.35,359.0,3774.999999999999
0.35,626.0990336999411,3353.1698435957587
0.35,98.0,104.0
0.35,78.0,619.0
0.35,80.0,88.0
0.35,57.99999999999999,511.00000000000006
0.351,292.0,7011.000000000002
0.351,476.9696007084728,8692.571311182899
0.351,65.0,614.0
0.351,305.0,9025.999999999998
0.351,1084.9999999999998,17916.99999999999
0.351,142.0,1757.0000000000005
0.351,349.0,4047.0000000000005
0.351,188.0,3151.0000000000005
0.351,309.0,4586.999999999999
0.351,396.00000000000006,6547.999999999997
0.351,3499.999999999999,220798.99999999994
0.351,84.3741666625514,278.1222752675521
0.351,104.0,105.0
0.351,1277.9999999999998,42073.0
0.351,902.4623925725084,31768.143827098545
0.351,348.0,3265.999999999999
0.351,191.83326093250878,2322.6637724819325
0.351,395.00000000000006,2370.0000000000005
0.351,446.0,10053.000000000004
0.351,305.0,1770.0
0.351,193.95875850293535,1227.993485324739
0.351,107.0,1892.0000000000005
0.351,127.0,2389.0
0.351,441.8834688014477,3720.729767129025
0.351,89.0,90.0
0.351,91.0,620.0000000000001
0.351,241.77065446872277,3192.730341308153
0.351,182.0,302.0
0.351,436.33403826495345,4816.613055136705
0.351,982.8529900244488,32715.78426386873
0.351,1608.2599292402956,71427.51749151023
0.351,3499.999999999999,104261.00000000001
0.351,60.481402100149765,166.31295800387895
0.351,251.5094431626773,2959.0322742410235
0.351,340.0,2098.0
0.352,421.0,11433.000000000004
0.352,638.0335146815354,3474.4460397158023
0.352,1047.0000000000002,20415.999999999996
0.352,202.99999999999997,3794.0
0.352,231.99999999999997,4240.000000000001
0.352,98.46826900072936,566.9708987240881
0.352,179.8388167220859,891.2642705729876
0.352,827.0374840356393,15137.340420298395
0.352,274.0,1788.0000000000002
0.352,310.0,6096.000000000001
0.352,3499.999999999999,139698.99999999994
0.352,3499.999999999999,275864.99999999994
0.352,141.0,2172.9999999999995
0.352,218.00000000000003,2594.0000000000005
0.352,537.5741809276186,8809.021739103613
0.352,63.0,684.9999999999999
0.352,3499.999999999999,99220.99999999999
0.352,92.36996581375688,458.0592462273371
0.352,256.0,4555.0
0.352,34.00000000000001,329.0
0.352,3499.999999999999,123828.61280818743
0.352,94.0,721.0
0.352,33.0,594.0
0.352,440.00000000000006,6304.0
0.352,277.607636782564,3744.8241614260082
0.352,81.0,110.00000000000001
0.352,78.0,92.0
0.352,112.00000000000001,1547.0000000000005
0.352,386.0,14530.000000000004
0.352,2304.2352310473852,98770.18466116182
0.352,321.0,3291.0000000000005
0.352,724.0974249000944,11540.75332015992
0.352,401.0,4609.999999999999
0.352,114.99999999999999,1661.0000000000002
0.352,1506.9999999999998,70707.0
0.352,62.0,710.0
0.352,734.0,13641.0
0.352,82.0,94.0
0.352,266.0,3185.0
0.352,164.0,245.00000000000003
0.352,777.0,11285.999999999996
0.353,476.9696007084728,9264.286265007144
0.353,86.0,96.0
0.353,65.0,636.0
0.353,1635.0000000000005,50175.99999999999
0.353,109.00000000000001,112.99999999999999
0.353,1646.0,84663.99999999999
0.353,367.66486501993404,6698.237641945238
0.353,499.7769502488084,5323.449257765116
0.353,339.1902121229325,5289.930056248381
0.353,284.0,1515.0000000000005
0.353,3499.999999999999,160795.00000000006
0.353,193.0,1530.0
0.353,400.0,2687.999999999999
0.353,217.0,3255.9999999999995
0.353,3499.999999999999,110145.0
0.353,1139.0000000000002,50377.000000000015
0.353,423.00000000000006,4274.999999999999
0.353,249.00000000000003,3705.9999999999995
0.353,204.0,2996.9999999999995
0.353,1905.1246678367263,44299.58645405166
0.353,112.99999999999999,1613.0
0.353,564.3580423808985,9304.993551851609
0.353,71.0,96.0
0.353,87.0,97.0
0.353,765.0,6984.999999999998
0.353,189.75148104986036,1570.1318678120397
0.353,1925.9999999999998,94378.99999999996
0.353,350.99999999999994,5439.000000000001
0.353,421.0,4313.0
0.353,287.0,2813.0000000000005
0.353,90.0,1617.0000000000005
0.353,110.00000000000001,960.0000000000001
0.353,1480.9999999999998,35642.00000000001
0.353,129.0,146.0
0.353,271.0,2148.0
0.354,1329.0,31395.999999999996
0.354,322.0,12941.000000000002
0.354,322.99999999999994,4771.0
0.354,2072.0,58880.999999999985
0.354,225.99999999999997,1488.9999999999998
0.354,521.0,4390.0
0.354,1017.8408519999575,19226.880090123832
0.354,438.0,11679.000000000004
0.354,305.0,10545.000000000002
0.354,377.99999999999994,3733.0000000000005
0.354,345.5546266511273,4954.2365708552925
0.354,238.0,5663.000000000001
0.354,187.0,2121.9999999999995
0.354,148.60914331170918,590.915422747285
0.354,95.0,106.0
0.354,1040.0,27439.000000000004
0.354,67.0,693.0
0.354,80.0,465.00000000000006
0.354,279.52299737273694,4501.323551465629
0.354,1330.9999999999998,39497.99999999999
0.354,101.0,899.0000000000002
0.354,3499.999999999999,127695.00000000004
0.354,3499.999999999999,252858.9999999999
0.354,117.0,1531.9999999999998
0.354,3499.999999999999,96385.0
0.354,105.0,168.0
0.354,1583.0000000000002,155045.99999999997
0.354,1090.0,68857.0
0.354,2450.7141816213493,102551.61679856639
0.354,136.0,143.0
0.354,105.0,231.0
0.354,594.9999999999999,14042.000000000002
0.354,496.6225931227857,4452.885356709738
0.354,195.40726700918776,1887.9899364138573
0.354,142.0,249.00000000000003
0.354,1607.9999999999998,62945.00000000003
0.354,1219.3618448791358,28505.402482395624
0.354,3499.999999999999,200119.0
0.354,370.00000000000006,4842.000000000001
0.354,3499.999999999999,205044.0000000001
0.354,368.99999999999994,1177.0000000000002
0.354,955.9539737874413,24418.80402476748
0.354,1995.9999999999998,91192.0
0.354,1190.0,75191.00000000001
0.355,98.0,649.9999999999999
0.355,162.0,675.0000000000001
0.355,1541.0000000000002,43592.000000000015
0.355,1652.0000000000002,16709.0
0.355,57.99999999999999,600.0
0.355,212.0,4205.0
0.355,3499.999999999999,117624.99999999996
0.355,3499.999999999999,181671.00000000006
0.355,113.251931550857,819.953657227041
0.355,103.15037566582102,400.06999387607163
0.355,62.0,640.0
0.355,353.0,6871.000000000001
0.355,1025.0,15034.000000000004
0.355,548.007299221461,9914.2120211341
0.355,310.1870403482389,6124.869386362458
0.355,3499.999999999999,157322.99999999994
0.355,145.0,304.0
0.355,152.99673199124223,1100.8305955050487
0.355,3499.999999999999,265195.0
0.355,36.0,531.0
0.355,137.8404875209022,2195.1749360814047
0.355,64.0,676.0
0.355,224.00000000000003,2176.0000000000005
0.355,71.0,1056.0
0.355,263.02091171615996,3102.6329141553306
0.355,1496.6629547095763,21778.926970812863
0.355,3499.999999999999,125166.99999999996
0.355,75.0,758.0
0.355,105.0,696.0
0.355,65.0,872.0000000000001
0.355,465.8325879540846,9582.198495126266
0.355,386.0,13113.999999999998
0.355,208.0,1371.0000000000005
0.355,236.0,4229.999999999999
0.355,1510.9999999999998,39274.000000000015
0.355,3499.999999999999,202610.99999999997
0.355,271.0,6911.000000000003
0.355,65.0,625.0000000000001
0.355,677.1565550151603,8969.615376369264
0.355,3499.999999999999,180693.00000000003
0.355,311.0,1221.0
0.356,62.0,540.0
0.356,88.0,526.0000000000001
0.356,191.17792759625783,2497.7950276193606
0.356,106.0,1045.0
0.356,1172.0,16244.000000000005
0.356,157.74029288675737,485.2195379413323
0.356,238.50780777531466,3957.256991602285
0.356,3499.999999999999,111758.99999999997
0.356,3499.999999999999,146808.99999999997
0.356,581.9999999999999,10308.999999999996
0.356,64.0,687.0
0.356,56.00000000000001,56.99999999999999
0.356,244.0,3409.9999999999995
0.356,428.0,4927.0
0.356,331.0,10041.999999999998
0.356,282.50309732815316,3532.7417114756627
0.356,689.431207612958,11148.650298990284
0.356,782.0000000000001,30686.99999999999
0.356,3499.999999999999,288052.0
0.356,1913.3739833080206,69466.41145186646
0.356,3499.999999999999,186852.0
0.356,561.0,10262.000000000005
0.356,208.5071757867869,3497.156389843461
0.356,219.0,1302.0000000000002
0.356,68.0,76.0
0.356,1486.0000000000002,67637.0
0.356,104.0,187.0
0.356,62.0,482.0
0.356,149.6262009141447,2532.4138682292837
0.356,211.0,2976.0
0.356,57.99999999999999,518.0
0.356,375.5476001787256,2218.8564622345452
0.356,1882.0000000000005,32438.0
0.356,273.0,1686.9999999999998
0.356,196.0,5976.999999999998
0.357,373.0,2819.0
0.357,212.0,1593.9999999999998
0.357,368.9173349139343,1946.0747673201045
0.357,362.0,3204.0000000000005
0.357,372.0,3108.9999999999995
0.357,1023.0,14904.999999999998
0.357,389.0,11132.0
0.357,483.39534149617293,6175.403415802877
0.357,1015.0,47773.000000000015
0.357,245.5605831561735,1482.1987046276893
0.357,74.0,447.0
0.357,606.4651680022522,15832.84484860506
0.357,515.751878329105,4122.941789547847
0.357,303.32673650957577,5045.242962292605
0.357,337.0,10095.999999999995
0.357,63.0,561.0
0.357,216.0,7340.999999999996
0.357,3499.999999999999,109272.99999999999
0.357,234.0,1778.0000000000005
0.357,609.0,12060.000000000002
0.357,3499.999999999999,253352.00000000006
0.357,194.0,286.0
0.357,95.0,99.0
0.357,1486.0000000000002,59058.00000000003
0.357,63.0,631.0
0.357,552.0,9391.0
0.357,3499.999999999999,149123.00000000006
0.357,307.0,2965.999999999999
0.358,79.0,823.0
0.358,3499.999999999999,83541.99999999997
0.358,138.89204440859814,583.9991438349889
0.358,105.0,1060.9999999999998
0.358,1361.0,26106.0
0.358,339.00000000000006,5823.999999999999
0.358,617.6568626672904,16850.286703792306
0.358,141.0,2108.0
0.358,3499.999999999999,162058.00000000003
0.358,3499.999999999999,278358.00000000006
0.358,3499.999999999999,152241.0
0.358,352.2499112845878,5064.205663280272
0.358,64.0,535.0
0.358,889.0,7989.000000000003
0.358,64.0,505.99999999999994
0.358,110.00000000000001,118.0
0.358,64.0,702.9999999999999
0.358,278.51032296846734,2966.955847329043
0.358,290.0,2625.0
0.358,423.00000000000006,3484.000000000001
0.358,3499.999999999999,125347.99999999999
0.358,70.0,808.0
0.358,1160.0000000000002,23299.000000000007
0.358,60.0,404.0
0.358,246.0,4391.0
0.358,580.0,13446.000000000004
0.358,34.00000000000001,639.0
0.358,806.0,10551.0
0.358,66.0,614.0
0.358,593.0,6298.0
0.358,673.0,5602.999999999998
0.358,355.8510924530091,5601.688495444924
0.358,82.0,85.0
0.358,3499.999999999999,106882.00000000004
0.358,68.0,784.9999999999998
0.358,411.00000000000006,4005.0000000000005
0.358,183.0,2730.9999999999995
0.358,212.57469275527603,3215.212590171916
0.358,189.0,4721.999999999999
0.358,111.00000000000001,637.0000000000001
0.358,2026.2033461624717,49116.16120993171
0.358,1131.0,46603.0
0.358,62.0,409.99999999999994
0.358,61.0,555.0
0.358,574.5293726172753,9620.94070244693
0.359,124.0,149.0
0.359,3499.999999999999,100021.99999999996
0.359,36.0,636.0
0.359,254.11369865802246,1265.562403926642
0.359,3499.999999999999,97235.00000000001
0.359,2066.0000000000005,127578.00000000001
0.359,109.00000000000001,269.0
0.359,3499.999999999999,108050.00000000004
0.359,65.8786763680024,198.33809518093088
0.359,304.0,1686.0
0.359,94.50925880568526,972.9779031406622
0.359,166.0,284.0
0.359,3499.999999999999,202725.99999999997
0.359,139.65672200076872,493.104451409638
0.359,1162.0,87753.00000000001
0.359,201.73081158128898,2855.6173901661996
0.359,1155.9999999999998,52022.0
0.359,867.4675786448735,28906.17567233686
0.359,81.82297965730655,309.68370961353463
0.359,285.0,418.0
0.359,177.43015171475344,563.7413053331005
0.359,316.9227035098622,4297.079706032926
0.359,236.0,6745.000000000003
0.359,1464.8993139461836,35502.80031208805
0.359,383.00000000000006,5035.0
0.359,1321.0,47854.00000000002
0.359,491.4264950122245,15421.48553155629
0.359,96.0,877.0
0.359,74.9933330370107,348.24560298731706
0.359,1093.0,30654.000000000015
0.359,102.29671388899139,740.5020211695961
0.359,110.00000000000001,1301.0000000000002
0.359,1206.7808417438523,27549.695678899996
0.359,832.4662155306963,26966.383072262397
0.359,3499.999999999999,223550.00000000006
0.359,268.8494002225038,3617.2184064554367
0.359,242.0,1974.9999999999995
0.359,169.0,356.99999999999994
0.36,623.7234964309105,4059.846302509492
0.36,289.74471522359124,2792.8275994053047
0.36,150.0,3102.0
0.36,61.0,499.0
0.36,65.0,591.0
0.36,1094.0,22358.0
0.36,224.00000000000003,4633.0
0.36,570.5260730238364,4451.049763819767
0.36,261.0,5953.000000000001
0.36,1312.0000000000002,20163.999999999996
0.36,235.0,1451.0
0.36,120.0,192.0
0.36,97.0,98.0
0.36,119.0,139.0
0.36,64.0,676.0
0.36,1191.0000000000002,29666.99999999999
0.36,278.8670203842731,897.892669582842
0.36,729.0000000000001,6492.999999999999
0.36,160.0,3950.0
0.36,60.0,437.0
0.36,191.64811504421326,842.5876808973655
0.36,286.5955338102811,2747.2486236232785
0.36,1381.1227316933132,39584.25767903194
0.36,67.0,544.0
0.36,215.0,4037.0000000000005
0.36,2322.3910092833203,79994.10220760028
0.36,421.0,16586.000000000004
0.36,3499.999999999999,100573.99999999997
0.36,105.0,153.0
0.36,71.0,855.0000000000001
0.36,133.0,2344.0000000000005
0.36,123.2720568498798,943.483969127192
0.36,1955.0000000000005,83999.00000000003
0.36,64.0,602.0
0.36,3499.999999999999,225334.99999999994
0.36,599.0000000000001,10296.0
0.36,1474.9128359868137,43394.07893795595
0.361,505.0,8583.999999999998
0.361,982.8529900244488,14461.027971759135
0.361,381.0,5135.999999999999
0.361,348.0,10188.999999999996
0.361,61.0,619.0
0.361,526.0000000000001,10133.0
0.361,2015.8124912798812,81163.22380240948
0.361,600.416522091123,4999.402064247284
0.361,260.0,3748.0000000000005
0.361,245.00000000000003,2291.0000000000005
0.361,1404.9911031746778,15445.420745321251
0.361,970.3092290605092,30251.743255554728
0.361,3499.999999999999,118957.00000000004
0.361,714.0,5877.999999999999
0.361,75.11990415329348,1129.3449428761792
0.361,3499.999999999999,168252.00000000003
0.361,64.0,588.9999999999999
0.361,386.0,9384.000000000002
0.361,112.99999999999999,252.99999999999997
0.361,455.99999999999994,5178.000000000001
0.361,65.0,588.0
0.361,513.5757003597424,10337.020847420212
0.361,65.0,398.0
0.361,315.32522893038544,2737.9811905855013
0.361,457.0,6457.000000000001
0.361,1379.0000000000002,36375.99999999999
0.361,238.0,494.00000000000006
0.361,227.38513583785553,3537.768223046842
0.361,176.05999443532104,2082.815050819093
0.361,3499.999999999999,187042.99999999997
0.361,588.9999999999999,10580.999999999996
0.361,1203.0,69597.00000000004
0.361,286.0,2967.000000000001
0.361,78.0,85.0
0.361,114.99999999999999,1123.9999999999998
0.361,227.99999999999997,4877.0
0.361,311.0,3378.999999999999
0.361,64.0,81.0
0.361,665.0,5501.999999999999
0.361,3499.999999999999,93131.0
0.362,61.0,677.0
0.362,1225.3570908106744,27946.75469531303
0.362,211.0,2551.0
0.362,758.0,7014.999999999999
0.362,418.0,1255.0000000000002
0.362,309.4058822970242,4089.7916817363703
0.362,204.99999999999997,286.0
0.362,416.94963724651444,4253.392058110796
0.362,56.99999999999999,429.0
0.362,458.0,10283.000000000004
0.362,840.9999999999999,16550.999999999996
0.362,283.0,3932.0
0.362,129.33676971379796,1489.3884651090866
0.362,467.0,3539.0
0.362,1326.0000000000002,42179.00000000002
0.362,291.0,5883.0
0.362,3499.999999999999,134527.0
0.362,476.33601585435457,7305.155029155776
0.362,943.7484247740615,18889.47669510037
0.362,274.0,2682.9999999999995
0.362,1225.3570908106744,40468.24959150075
0.362,396.00000000000006,5141.0
0.362,388.0,9556.000000000002
0.362,202.0,634.0
0.362,806.0,20602.999999999993
0.362,157.0,209.0
0.362,106.0,114.99999999999999
0.362,1050.9999999999998,20596.999999999993
0.362,50.0,51.0
0.362,274.0,5332.000000000001
0.362,1149.0,27494.999999999993
0.362,63.0,488.0
0.362,1250.0000000000002,40227.99999999999
0.362,736.5459931328118,2871.160915030713
0.362,421.0,9004.0
0.362,67.0,811.9999999999999
0.362,98.63569333664157,1062.143116533737
0.362,3499.999999999999,289728.0
0.362,85.89528508596965,839.2663462810839
0.362,176.0,3986.999999999999
0.363,3499.999999999999,218554.0
0.363,115.99999999999999,1967.0000000000005
0.363,61.0,443.00000000000006
0.363,852.6010291826788,22161.55739799988
0.363,1751.0000000000002,60613.00000000002
0.363,305.0,3362.9999999999995
0.363,215.0,4096.000000000001
0.363,56.00000000000001,580.0
0.363,105.0,117.0
0.363,1155.9999999999998,35232.99999999999
0.363,130.0,2926.0000000000005
0.363,206.99999999999997,2588.0000000000005
0.363,221.32329294495867,1091.7188282703569
0.363,383.00000000000006,6650.999999999999
0.363,564.3580423808985,3646.99259664727
0.363,529.7980747416889,12271.085526553878
0.363,247.00000000000003,2806.9999999999995
0.363,404.89998765127166,13931.290069480288
0.363,202.99999999999997,2229.9999999999995
0.363,459.0,11378.000000000004
0.363,79.0,1267.0
0.363,356.0,3034.0000000000005
0.363,141.0,148.0
0.363,68.0,890.0
0.363,3499.999999999999,86228.0
0.363,1373.9999999999998,36079.00000000001
0.363,98.0,981.9999999999999
0.363,102.0,676.0
0.363,526.0000000000001,5357.0
0.363,237.0,1322.9999999999998
0.363,221.0,2594.0000000000005
0.363,82.02438661763951,734.7550612278898
0.363,184.0,806.0
0.363,160.0,1415.0000000000005
0.363,1541.0000000000002,69294.0
0.363,63.0,620.0000000000001
0.363,218.00000000000003,2827.0
0.363,391.3216763142043,2927.770445190321
0.363,1038.0,20312.999999999993
0.363,166.0,2717.9999999999995
0.364,1539.0000000000002,27252.000000000004
0.364,3499.999999999999,193726.99999999994
0.364,195.57607215607945,2693.8275742890455
0.364,342.00000000000006,1828.0
0.364,54.0,321.0
0.364,421.0,12085.0
0.364,80.0,108.0
0.364,291.0,4545.0
0.364,232.10342522246412,966.4967666785028
0.364,290.0,4208.000000000001
0.364,450.0,3038.0
0.364,161.0,3303.999999999999
0.364,499.9999999999999,3708.0
0.364,64.0,781.0000000000001
0.364,193.0,2125.0
0.364,1294.9999999999998,58639.999999999985
0.364,3499.999999999999,81025.0
0.364,88.0,103.0
0.364,1162.325255683623,19347.511597102097
0.364,1036.580918211405,22895.06536352321
0.364,98.42767415150982,1546.250477801106
0.364,81.0246875958186,684.6400514138799
0.364,62.0,547.0
0.364,61.33514490078262,329.61644376456707
0.364,371.00000000000006,6068.000000000002
0.364,455.99999999999994,6264.000000000003
0.364,180.24427868867295,1346.699669562594
0.364,101.0,119.0
0.364,238.91002490477456,1988.8202533160206
0.364,318.0,4114.0
0.364,103.0,1006.0000000000002
0.364,1744.0000000000002,33172.00000000001
0.364,64.0,684.9999999999999
0.364,127.0,1607.9999999999998
0.365,174.0,1789.9999999999995
0.365,254.64681423493204,2016.5477926396882
0.365,1141.0000000000002,22794.000000000004
0.365,65.0,666.0
0.365,567.4504383644443,16563.072812736173
0.365,106.0,833.0
0.365,1959.4642124825864,66839.25921941387
0.365,86.0,2281.9999999999995
0.365,474.0,29846.999999999993
0.365,227.99999999999997,365.0
0.365,272.0,2845.9999999999995
0.365,3499.999999999999,90747.00000000001
0.365,3499.999999999999,83933.00000000004
0.365,262.4538054591703,1065.1704089017871
0.365,204.0,1942.9999999999995
0.365,1209.9289235322874,27311.711773523093
0.365,96.0,114.99999999999999
0.365,2320.8834524809727,135005.54904891877
0.365,3499.999999999999,247924.99999999994
0.365,82.0,1758.9999999999995
0.365,161.10865898517062,513.8093031466052
0.365,78.0,1131.9999999999998
0.365,238.0,9004.999999999996
0.366,64.0,606.0
0.366,417.0,4092.999999999999
0.366,67.0,665.0
0.366,315.99999999999994,3444.0
0.366,225.99999999999997,2884.0
0.366,726.9800547470336,7802.816030126559
0.366,3499.999999999999,123531.00000000004
0.366,168.98520645310938,958.7351041867613
0.366,3499.999999999999,146479.20492684274
0.366,3499.999999999999,86334.99999999999
0.366,3499.999999999999,127435.99999999999
0.366,137.0,1530.9999999999998
0.366,166.82325976913413,458.6283898757251
0.366,164.90906585145646,1655.1954567361524
0.366,240.0,534.0
0.366,194.0,1931.0000000000002
0.366,3499.999999999999,130266.99999999996
0.366,225.0,2531.0
0.366,1188.0,48159.0
0.366,61.0,67.0
0.366,366.0,5362.0
0.366,164.0,2618.0
0.366,82.66801074176153,384.36310957218564
0.366,3499.999999999999,104714.99999999999
0.366,3499.999999999999,203292.99999999994
0.366,85.0,101.0
0.366,212.4711745155093,792.6133988269438
0.366,93.0,858.0
0.366,213.0,1360.0000000000002
0.366,210.18563223969426,2160.0981459183754
0.366,79.0,104.0
0.366,1005.0000000000001,33506.0
0.366,1191.0000000000002,27763.0
0.366,243.14193385757216,4075.282198817648
0.366,523.8762843335951,7015.813014543712
0.366,110.00000000000001,1113.9999999999998
0.366,545.4356057317856,3043.0119947183903
0.366,129.0,137.0
0.367,229.0,5092.0
0.367,200.0,1718.0000000000002
0.367,121.86057606953939,447.82139296822334
0.367,214.55768455126469,942.6595355694442
0.367,1007.9999999999998,21024.00000000001
0.367,272.0,2475.0000000000005
0.367,122.0,288.0
0.367,198.7533791601412,930.6602110497746
0.367,122.0,1700.0
0.367,393.0,6624.999999999997
0.367,60.0,576.0000000000001
0.367,194.0,1524.0
0.367,418.0,5539.999999999999
0.367,480.0,10205.999999999998
0.367,196.0,5098.0
0.367,102.0,150.0
0.367,299.0,5526.0
0.367,200.0,2951.000000000001
0.367,217.0,488.99999999999994
0.367,396.00000000000006,9179.000000000002
0.367,155.80115532305913,2593.167946740049
0.367,208.0,3000.9999999999995
0.367,227.0,2742.0
0.367,1029.8058069364338,22756.52091159807
0.367,3499.999999999999,282991.00000000006
0.367,3499.999999999999,141077.43843719305
0.367,176.0,2067.0
0.367,97.0,784.9999999999998
0.367,195.0,1946.0
0.367,69.0,613.0
0.367,297.4411700163947,4444.006566083452
0.367,593.0,5463.000000000002
0.367,787.0832230456953,22220.84294080673
0.367,82.0,100.0
0.368,183.0,1999.9999999999995
0.368,65.0,567.9999999999999
0.368,3499.999999999999,64692.99999999999
0.368,152.0,1089.0
0.368,96.0,102.0
0.368,1281.9999999999998,23165.999999999993
0.368,478.0,9324.0
0.368,498.00000000000006,9228.000000000004
0.368,150.0,1630.0000000000005
0.368,94.0,1659.0
0.368,108.0,112.00000000000001
0.368,806.0,13778.999999999993
0.368,262.0,5744.999999999998
0.368,342.00000000000006,3569.0
0.368,217.0,4716.0
0.368,3499.999999999999,162250.00000000006
0.368,83.42661445845684,926.9832792451003
0.368,305.77137334003027,6177.583309002537
0.368,84.0,91.0
0.368,594.3105248941836,14722.737415304258
0.368,122.67844146385296,1565.0878569588353
0.368,152.0,3281.0
0.368,87.0,98.0
0.368,1370.2036744091015,41468.41836528008
0.368,260.0,2606.0
0.368,187.0,2497.0
0.368,75.0,125.0
0.368,110.00000000000001,115.99999999999999
0.368,302.0,1723.0
0.368,3499.999999999999,271132.00000000006
0.368,373.0,6840.000000000002
0.368,3499.999999999999,164916.0
0.368,225.99999999999997,2620.0
0.368,186.8198289426395,1290.4388807744426
0.368,430.0,12596.000000000002
0.368,100.0,157.0
0.368,131.59027319676787,474.5619032328659
0.369,287.0,7653.999999999999
0.369,229.0,1321.0
0.369,174.0,2317.0
0.369,109.00000000000001,130.0
0.369,89.0,158.0
0.369,106.0,1003.9999999999998
0.369,3499.999999999999,158483.00000000003
0.369,200.0,2615.9999999999995
0.369,3499.999999999999,107356.00000000001
0.369,106.0,197.0
0.369,726.7248447658851,11925.290939847131
0.369,1857.9999999999995,34825.99999999999
0.369,562.0,5556.999999999998
0.369,229.8151431041915,1698.6768380124577
0.369,169.0,501.0
0.369,183.0,1506.9999999999998
0.369,677.152124710541,10310.405132680282
0.369,1191.0000000000002,49567.99999999999
0.369,3499.999999999999,73438.99999999997
0.369,88.0,178.0
0.369,34.00000000000001,493.0
0.369,154.63505424062166,1583.7032550323306
0.369,82.0,459.99999999999994
0.369,87.72114910328068,322.64531609803356
0.369,109.00000000000001,157.0
0.369,66.0,880.0000000000001
0.369,560.0,6684.000000000002
0.369,388.11596205258036,5727.277363634487
0.369,292.0,5610.000000000002
0.369,206.99999999999997,5054.999999999999
0.369,227.99999999999997,2158.0
0.369,112.00892821556683,853.2315043409964
0.37,66.0,562.0
0.37,105.0,139.0
0.37,90.0,108.0
0.37,534.0,13999.999999999995
0.37,292.0,1230.0000000000002
0.37,3499.999999999999,122699.99999999997
0.37,1155.9999999999998,35613.000000000015
0.37,267.0,3928.0
0.37,3499.999999999999,155849.0
0.37,3499.999999999999,223589.0
0.37,1793.0000000000002,34679.0
0.37,249.00000000000003,1884.0000000000005
0.37,271.39638906956736,2416.32448152147
0.37,94.0,1045.0
0.37,3499.999999999999,267788.0
0.37,342.00000000000006,2410.0
0.37,579.6550698475775,5431.711332536
0.37,3499.999999999999,149252.99999999994
0.37,199.0,6898.0
0.37,163.0,1569.9999999999998
0.37,924.1212041718338,15673.770573796215
0.37,244.0,2206.9999999999995
0.37,3499.999999999999,73081.99999999997
0.37,149.0,1198.0
0.37,86.0,96.0
0.37,1155.9999999999998,46348.00000000002
0.37,139.0,1050.0
0.37,84.0,85.0
0.37,206.79216619591762,2176.1562443905536
0.37,229.0,2203.0000000000005
0.37,64.0,628.0
0.37,285.7411415949758,3149.0476338093085
0.37,161.15210206509875,1118.570516328765
0.37,84.0,302.0
0.37,350.99999999999994,7953.999999999998
0.37,64.0,696.0
0.371,133.0,1590.9999999999998
0.371,195.0,3390.9999999999995
0.371,538.9805191284745,3277.0932241851165
0.371,107.0,109.00000000000001
0.371,3499.999999999999,167481.99999999994
0.371,3499.999999999999,84704.99999999996
0.371,455.99999999999994,5428.999999999999
0.371,312.30754073509013,1788.317645162626
0.371,417.0,2833.9999999999995
0.371,104.0,708.0000000000001
0.371,1612.0000000000005,95989.0
0.371,66.0,82.0
0.371,159.0,2126.9999999999995
0.371,142.0,1340.9999999999995
0.371,421.0,5662.000000000003
0.371,1175.0000000000002,11536.999999999996
0.371,101.0,108.0
0.371,100.1598722043913,1065.3506465009536
0.371,93.0,1159.0
0.371,484.25200051213,7566.459608033341
0.371,176.41428513586987,2244.274493015504
0.371,573.5852159879994,4984.380603445126
0.371,420.0,7509.000000000002
0.371,3499.999999999999,65645.0
0.371,99.0,931.0
0.371,975.7048734120376,27627.354560290416
0.371,128.0,3106.0
0.371,657.0,23971.000000000007
0.371,90.0,883.0000000000002
0.371,492.11237160499115,13170.52578178637
0.371,520.0,2519.0
0.371,1980.9999999999995,111309.99999999997
0.371,3499.999999999999,133948.99999999994
0.371,3499.999999999999,136650.34430984792
0.371,3499.999999999999,164970.99999999994
0.372,98.0,100.0
0.372,76.0,855.9999999999999
0.372,133.2103599574748,1121.9318161100525
0.372,173.0,1486.0000000000002
0.372,1383.0,131064.00000000006
0.372,231.99999999999997,2595.0
0.372,113.99999999999999,181.0
0.372,97.0,98.0
0.372,135.0,1044.0000000000002
0.372,282.0,2172.0
0.372,193.33908037435162,1297.6378539484735
0.372,185.0,689.0
0.372,310.71530377501523,1691.4381454844865
0.372,163.0,2121.9999999999995
0.372,271.0,3276.0000000000005
0.372,413.82605041248917,6222.356466805805
0.372,490.00000000000006,7218.999999999997
0.372,162.13574559608995,1929.143333192223
0.372,98.0,102.0
0.372,109.00000000000001,888.0000000000001
0.372,141.0,200.0
0.372,72.0,100.0
0.372,108.0,189.0
0.372,285.0,3539.0
0.372,64.0,522.0
0.372,591.6079783099615,11958.82811984519
0.372,778.1285240884052,18777.643622137475
0.372,65.0,844.0
0.372,290.0,4609.000000000001
0.372,83.0,109.00000000000001
0.372,538.0,18471.000000000004
0.372,217.53160689885965,476.01470565519304
0.372,401.6192226475222,8243.196952639188
0.372,187.0,721.0
0.372,36.0,511.99999999999994
0.373,121.0,1135.0
0.373,337.0,5707.000000000001
0.373,236.0,3494.0000000000005
0.373,197.0,3116.9999999999995
0.373,91.0,1015.0
0.373,175.86074036009288,684.38585607828
0.373,305.0,3545.9999999999995
0.373,155.0,1764.9999999999998
0.373,104.0,963.0000000000002
0.373,199.0,4442.000000000001
0.373,2322.3910092833203,72126.13662189317
0.373,1049.0,18917.0
0.373,83.0,1503.9999999999998
0.373,64.0,522.0
0.373,1294.0,28502.000000000004
0.373,132.0340865079923,2514.047334478808
0.373,65.0,774.9999999999999
0.373,126.0,1366.0000000000002
0.373,90.0,98.0
0.373,243.00000000000003,2485.0
0.373,114.99999999999999,183.0
0.373,186.0,2358.0
0.373,68.0,859.0
0.373,92.0,102.0
0.373,844.985206971104,19503.103137706057
0.373,3499.999999999999,130424.00000000003
0.373,225.99999999999997,2588.0000000000005
0.373,359.99999999999994,16032.999999999996
0.373,3499.999999999999,96085.00000000003
0.373,743.0000000000001,12851.0
0.373,140.0,570.5462295029212
0.373,97.0,104.0
0.373,61.0,152.0
0.373,85.0,108.0
0.373,305.0,2114.0000000000005
0.373,92.0,102.0
0.373,313.0,3672.0
0.374,326.0,2402.9999999999995
0.374,3499.999999999999,196464.99999999997
0.374,261.0,6228.999999999998
0.374,1073.0,24044.99999999999
0.374,370.00000000000006,7310.000000000002
0.374,133.0,1355.0000000000005
0.374,109.00000000000001,211.0
0.374,3499.999999999999,209777.99999999997
0.374,420.5995720397253,8883.96555598906
0.374,206.99999999999997,2213.0000000000005
0.374,63.0,552.0
0.374,85.0,91.0
0.374,140.0,3056.0
0.374,178.0,3173.0000000000005
0.374,66.0,662.0
0.374,315.99999999999994,4117.999999999999
0.374,3499.999999999999,207606.0000000001
0.374,240.0,4910.0
0.374,977.4968030638257,35418.32762850329
0.374,377.99999999999994,6090.999999999997
0.374,158.22031701039606,966.2660087262421
0.374,3499.999999999999,93008.53018944012
0.374,213.0,1390.0
0.374,217.0,1482.0000000000005
0.374,69.0,699.9999999999999
0.374,293.99319720020736,2773.1487518703357
0.374,438.0,3820.9999999999995
0.374,375.0,3854.9999999999995
0.374,1023.0,14641.999999999998
0.374,75.0,307.0
0.374,82.0,1411.0
0.374,277.0,1446.0000000000002
0.374,108.09717850156866,474.1044188783732
0.374,3499.999999999999,220928.00000000003
0.374,341.40884581393027,3058.849783823979
0.374,250.0,3434.9999999999995
0.374,752.9940238806681,15911.98491703659
0.374,216.0,1384.0000000000002
0.374,508.9204259999788,9240.731572770632
0.374,3499.999999999999,182574.00000000006
0.374,1549.9999999999998,54182.99999999999
0.374,345.0,4082.999999999999
0.374,65.0,761.0000000000002
0.374,165.5475762432057,277.27964223866127
0.374,112.00000000000001,153.0
0.374,121.26829758844642,553.8546740797625
0.374,66.0,562.0
0.375,180.53254554234812,2549.433270356375
0.375,197.0,895.0000000000001
0.375,88.0,100.0
0.375,3499.999999999999,183763.99999999997
0.375,233.0,351.99999999999994
0.375,61.0,257.0
0.375,138.0,2422.9999999999995
0.375,206.99999999999997,233.0
0.375,320.0,3344.0
0.375,106.0,966.9999999999998
0.375,69.0,534.0
0.375,403.0,5135.999999999999
0.375,3499.999999999999,98107.0
0.375,105.0,330.0
0.375,3499.999999999999,137708.0
0.375,284.0,3630.9999999999995
0.375,221.0,636.0
0.375,93.0,689.0
0.375,49.0,56.00000000000001
0.375,71.0,517.0
0.375,112.8716084761797,859.6249182056093
0.375,383.00000000000006,6993.000000000001
0.375,257.0,4452.999999999999
0.375,175.0,2098.0
0.375,63.0,619.0
0.375,726.9800547470336,7173.675348104346
0.375,322.8223773954119,4950.3481873907585
0.375,3499.999999999999,204499.99999999994
0.375,3499.999999999999,160409.99999999994
0.375,318.3936424999302,2208.552939259434
0.375,285.0,4450.000000000001
0.375,3499.999999999999,82113.99999999999
0.375,140.19985734657507,1229.4144947901011
0.375,112.99999999999999,169.0
0.375,126.0,1666.0
0.375,83.0,1403.0
0.375,83.0,470.0
0.375,101.0,494.00000000000006
0.375,245.23575457402526,1316.269624532762
0.375,354.0,6901.000000000002
0.375,86.0,99.0
0.375,92.0,1034.0
0.376,248.0,2271.0
0.376,101.0,117.0
0.376,229.99999999999997,2752.0000000000005
0.376,3499.999999999999,113802.0
0.376,217.0,2663.0
0.376,89.0,509.0
0.376,130.0,933.0000000000002
0.376,143.0,177.0
0.376,86.08135686662936,651.3984955463129
0.376,200.99999999999997,3141.0
0.376,196.0,2249.0
0.376,348.0,12295.0
0.376,227.99999999999997,2394.9999999999995
0.376,588.6425061104574,5293.647135954568
0.376,362.99999999999994,4293.0
0.376,592.0,6379.999999999997
0.376,56.99999999999999,463.0
0.376,280.1606681888091,3793.536476692954
0.376,101.0,459.99999999999994
0.376,469.7765426242567,6525.96429656185
0.376,193.0,3088.0
0.376,61.0,547.0
0.376,386.0,5043.999999999998
0.376,114.51200810395387,1678.588692920335
0.376,488.2865351703594,5927.5969319719
0.376,1048.33200847823,22765.479019779046
0.376,386.0,12597.999999999998
0.376,62.48199740725323,541.4480584506698
0.376,112.00000000000001,552.9999999999999
0.376,86.97700845625815,114.23659658795862
0.376,277.99999999999994,5459.000000000001
0.376,66.0,505.99999999999994
0.376,164.0,3692.000000000001
0.376,229.82189109597195,2452.0327400896
0.376,126.22994890278613,1416.6686274496237
0.377,3499.999999999999,182810.00000000006
0.377,147.68886213929608,3065.0489392503996
0.377,234.0,641.0
0.377,356.99999999999994,2445.0
0.377,111.00000000000001,850.0
0.377,71.0,94.0
0.377,59.0,472.0
0.377,247.00000000000003,1499.0
0.377,299.0,2898.0
0.377,40.0,41.0
0.377,66.0,734.9999999999999
0.377,216.0,4231.999999999999
0.377,315.99999999999994,6558.000000000003
0.377,66.0,612.0
0.377,179.0,1703.9999999999995
0.377,112.00000000000001,736.0
0.377,961.2491872558331,21801.499352108785
0.377,331.99999999999994,2516.0000000000005
0.377,331.0,11408.999999999998
0.377,3499.999999999999,133334.0
0.377,124.0,137.0
0.377,190.0,1559.9999999999998
0.377,707.4602462329598,4870.020533837614
0.377,111.00000000000001,1224.0000000000002
0.377,335.0,10009.000000000002
0.377,198.27253970229967,1436.829843788053
0.377,3499.999999999999,221678.00000000006
0.377,273.0,4421.0
0.377,311.0,2244.0000000000005
0.377,62.0,493.0
0.377,321.0,4935.0
0.377,119.0,148.0
0.377,318.0,3261.0000000000005
0.377,281.0,5435.999999999999
0.377,844.9999999999998,23319.000000000004
0.377,1116.0,20976.0
0.377,66.0,148.0
0.377,113.24751652906124,391.42815432720215
0.377,3499.999999999999,171461.0
0.377,101.0,565.0000000000001
0.377,59.0,60.0
0.377,61.0,89.0
0.377,445.0,3257.0
0.378,179.46308812677887,1743.9082544675334
0.378,101.0,1050.0
0.378,130.0,1375.0000000000002
0.378,3499.999999999999,100163.99999999999
0.378,133.0,181.0
0.378,826.1355820929152,15483.182231053157
0.378,3499.999999999999,136280.0
0.378,247.30750089716244,7130.223558907533
0.378,104.0,902.9999999999999
0.378,192.0,2010.0000000000005
0.378,67.0,86.0
0.378,265.25078430983876,3064.0722968020577
0.378,461.00000000000006,2848.999999999999
0.378,1634.166454190025,61461.71144704642
0.378,197.0,4960.000000000001
0.378,302.40375509740323,2883.2908049756115
0.378,66.0,819.0
0.378,296.0,8144.999999999997
0.378,250.0,6551.000000000004
0.378,478.0,15005.000000000007
0.378,61.0,475.0
0.378,561.2486080160911,8464.63135641476
0.378,273.0,2330.9999999999995
0.378,57.99999999999999,459.99999999999994
0.378,2859.3186834731837,115969.65204534684
0.378,266.0,2957.999999999999
0.378,211.5939507641936,2046.4259087492023
0.378,77.0,87.0
0.378,66.0,577.0
0.378,61.0,664.0
0.378,281.0,3080.9999999999995
0.378,296.0,9125.999999999998
0.378,1116.0,78041.00000000003
0.378,262.0,590.0
0.378,3499.999999999999,103533.99999999994
0.378,64.0,521.0
0.378,177.65978723391515,2098.1799255545275
0.378,178.32554500127006,684.7846376781534
0.378,227.99999999999997,2576.9999999999995
0.378,65.0,484.0
0.379,138.0,254.0
0.379,453.9999999999999,14168.999999999996
0.379,349.0,10255.000000000002
0.379,65.0,542.0
0.379,60.0,473.00000000000006
0.379,68.0,775.9999999999999
0.379,223.0,3065.9999999999995
0.379,90.0,94.0
0.379,1573.1166517458262,49448.31486511951
0.379,109.00000000000001,1191.9999999999998
0.379,99.0,113.99999999999999
0.379,437.6841129851131,3907.435880008951
0.379,197.0,1862.0000000000005
0.379,110.00000000000001,112.99999999999999
0.379,214.53204888780607,770.4647947829934
0.379,1163.0,55461.99999999998
0.379,93.0,100.0
0.379,438.99999999999994,28797.000000000015
0.379,202.0,2440.0
0.379,340.0,6177.000000000003
0.379,174.0,1322.0000000000002
0.379,76.0,79.0
0.379,119.0,1100.9999999999998
0.379,247.00000000000003,5681.999999999999
0.379,207.47047982785406,1842.5807987711146
0.379,199.0,2469.0
0.379,636.0,10571.999999999996
0.379,3499.999999999999,163443.99999999997
0.379,239.0,2213.9999999999995
0.379,99.30256794262674,307.1904946446097
0.379,1211.0000000000002,50086.000000000015
0.379,218.78299751123257,992.7164751327537
0.379,383.00000000000006,1723.0
0.379,1211.9999999999998,64792.99999999997
0.379,117.0,1871.0
0.379,243.00000000000003,2231.0
0.379,178.0,515.0
0.379,133.8656042454521,1888.2634879698326
0.379,214.0,5649.0
0.379,105.0,571.0
0.379,1260.5554331325538,29288.266251179844
0.38,418.0,7077.999999999999
0.38,294.0,6103.000000000002
0.38,3499.999999999999,111183.99999999994
0.38,1242.0000000000002,27902.0
0.38,224.00000000000003,4633.0
0.38,120.34949106664308,1501.628782356012
0.38,59.0,60.0
0.38,1296.0000000000005,29537.000000000007
0.38,1175.0000000000002,39930.000000000015
0.38,1019.9999999999998,31499.00000000001
0.38,67.0,545.0
0.38,82.95782060782454,280.8273490954896
0.38,229.99999999999997,1712.0
0.38,117.0,516.0
0.38,1493.0,49662.00000000001
0.38,208.0,1653.0000000000005
0.38,241.0,3106.9999999999995
0.38,93.0,828.9999999999998
0.38,120.474063598768,1186.6608614090212
0.38,3499.999999999999,300966.00000000023
0.38,296.0,3966.9999999999995
0.38,63.0,567.9999999999999
0.38,147.0,3235.999999999999
0.38,386.0,9274.999999999996
0.38,150.13993472757338,1019.8823461556732
0.38,63.0,438.0
0.38,95.0,675.0000000000001
0.38,99.0,1125.9999999999998
0.38,116.6533325713415,1008.6287721456298
0.38,1948.9999999999998,52579.00000000001
0.38,363.4583882647365,3839.566511990644
0.38,63.0,618.0000000000001
0.38,473.2863826479693,8790.44299225016
0.38,299.2524018282894,3683.1114563640353
0.38,246.0,3424.0
0.38,1011.9999999999999,42829.00000000002
0.38,89.0,868.0
0.38,327.00000000000006,6624.999999999997
0.38,194.0,1053.9999999999998
0.38,631.6644678941501,7421.260270331446
0.38,288.99999999999994,2400.0000000000005
0.38,270.0,3407.0
0.38,162.0,2252.0
0.38,65.0,824.0
0.381,141.0,2689.999999999999
0.381,363.46526656614657,3037.6724642396857
0.381,3499.999999999999,139334.99999999997
0.381,3499.999999999999,129632.76820310514
0.381,100.0,690.0
0.381,176.0,3271.0
0.381,570.3043047356384,16235.297810634702
0.381,61.0,436.00000000000006
0.381,100.76209604806759,142.35518957874348
0.381,81.0,108.0
0.381,89.0,103.0
0.381,102.0,208.0
0.381,80.0,99.0
0.381,287.3743203558732,2300.085215812667
0.381,227.0,2422.0000000000005
0.381,83.0,88.0
0.381,3499.999999999999,89012.00000000001
0.381,1318.0,43792.00000000001
0.381,225.63011518906052,1744.017697676579
0.381,63.0,496.0
0.381,1448.0000000000002,52620.00000000001
0.381,3499.999999999999,63176.99999999998
0.381,75.0,1262.0
0.381,136.0,1224.0000000000002
0.381,63.0,612.0
0.381,302.5888299326332,3251.2692906002117
0.381,3499.999999999999,125876.00000000003
0.381,450.55521304275226,9244.52237814372
0.381,307.571129984594,6372.453373701531
0.381,223.4479805234319,972.0761287059775
0.381,62.0,627.0
0.381,383.00000000000006,7859.999999999998
0.381,315.0,2044.0000000000005
0.381,179.0,1929.9999999999998
0.381,1016.1200716450784,12681.726617460261
0.381,104.0,1029.0
0.382,76.0,107.0
0.382,505.4700782440044,14114.192856837413
0.382,198.0,420.0
0.382,159.0,297.0
0.382,193.0,457.0
0.382,140.36025078347504,498.57196070376847
0.382,3499.999999999999,239896.0000000001
0.382,1387.9999999999998,20561.0
0.382,1188.0,63724.999999999985
0.382,164.0,1907.0
0.382,145.23773614319387,1365.4713471911446
0.382,469.00000000000006,5760.999999999998
0.382,386.0,4918.0
0.382,374.0,1736.0
0.382,60.0,515.0
0.382,453.0,9004.0
0.382,409.0,6201.000000000002
0.382,180.0,2828.0000000000005
0.382,66.0,622.0
0.382,347.6636305396353,4985.889990763937
0.382,64.0,542.0
0.382,373.0,2869.0000000000005
0.382,625.3143209618663,24638.207645849576
0.382,271.0,2669.9999999999995
0.382,458.2575694955839,7306.227070109442
0.382,63.0,505.0
0.382,354.7971251292772,6442.807384983656
0.382,229.78250586152114,3871.2271956060667
0.382,95.0,103.0
0.382,198.0,5387.0
0.382,316.18665373478365,6421.4858093746525
0.382,1468.9999999999998,17692.999999999996
0.382,1085.9999999999998,13069.000000000005
0.382,1217.9999999999998,34531.000000000015
0.382,1406.0000000000005,60428.00000000001
0.382,48.0,49.0
0.383,462.81121571286405,7279.390675841533
0.383,120.0,161.0
0.383,116.3551097748771,1168.8016922507531
0.383,71.0,99.0
0.383,342.5915935921371,4044.5240758338928
0.383,75.09993342207434,227.39393131743864
0.383,243.90571949013412,3547.7964992372363
0.383,84.49852069711042,805.0304342073038
0.383,466.38181782741066,10164.059425249334
0.383,236.0,1276.0
0.383,195.44564461762764,2479.30554793071
0.383,112.00000000000001,1096.0
0.383,571.5745936348542,16606.176728376246
0.383,548.0,17825.999999999996
0.383,508.8369090386427,9233.559660282706
0.383,3499.999999999999,229907.9999999999
0.383,296.18068809427797,11503.638772145105
0.383,93.0,111.00000000000001
0.383,177.3393110308381,1296.6458353244873
0.383,134.0,1494.0000000000002
0.383,115.15207336387824,1171.2045081880449
0.383,337.99999999999994,4325.000000000001
0.383,1354.9586709564246,63312.01138014807
0.383,194.46336415890784,2083.8646789079185
0.383,3499.999999999999,105342.00000000003
0.383,114.99999999999999,1207.0000000000002
0.383,75.2994023880668,295.6991714563975
0.383,1073.9999999999998,24912.999999999993
0.383,501.0,6704.000000000004
0.383,330.0,2257.9999999999995
0.383,3499.999999999999,144589.99999999997
0.383,127.0,1590.9999999999998
0.383,215.0,5186.999999999999
0.383,210.99763031844697,3707.5138570206304
0.383,480.62459362791657,10104.69000019298
0.383,65.0,563.0
0.383,504.0,12420.999999999996
0.383,64.0,758.0
0.384,209.0,1507.9999999999998
0.384,87.0,904.0000000000001
0.384,378.77697923712316,7311.225889001109
0.384,349.685573050991,5974.263804018032
0.384,3499.999999999999,143261.99999999997
0.384,852.0000000000001,6588.999999999997
0.384,3499.999999999999,82214.00000000003
0.384,96.0,107.0
0.384,159.0,2144.0
0.384,163.98780442459739,418.61199218369273
0.384,62.0,667.9999999999999
0.384,182.0,359.99999999999994
0.384,61.0,430.0
0.384,526.0000000000001,11453.000000000004
0.384,123.596116443843,2088.8872635927487
0.384,105.0,117.0
0.384,92.0,627.0
0.384,63.968742366877905,206.4122089412349
0.384,447.0,3595.9999999999995
0.384,79.0,852.0000000000001
0.384,209.0,2068.0000000000005
0.384,349.0,3838.0000000000005
0.384,104.0,109.00000000000001
0.384,66.0,783.9999999999998
0.384,248.0,1042.9999999999998
0.384,3499.999999999999,150220.0
0.384,36.0,511.99999999999994
0.384,300.00000000000006,5438.000000000001
0.384,128.0,162.0
0.384,396.00000000000006,9351.000000000002
0.384,134.0,178.0
0.384,107.0,1557.0000000000002
0.384,612.0,13322.0
0.384,86.0,159.0
0.384,313.0,5727.999999999999
0.385,117.0,1830.0000000000005
0.385,66.0,761.9999999999999
0.385,96.0,97.0
0.385,197.0,2935.999999999999
0.385,113.71455491712572,1461.7267186447673
0.385,114.99999999999999,1406.0000000000005
0.385,66.0,450.0
0.385,70.0,690.0
0.385,468.2221694879472,9029.4116087373
0.385,3499.999999999999,257262.00000000003
0.385,61.0,788.0000000000001
0.385,70.0,782.0000000000001
0.385,128.0,3757.000000000001
0.385,230.47342580002578,1252.507884206722
0.385,142.96852800529211,1929.8481805572167
0.385,693.0,24819.999999999993
0.385,282.0,3784.9999999999995
0.385,115.99999999999999,1448.9999999999998
0.385,241.0,3701.0
0.385,224.4994432064365,1162.731267318463
0.385,275.99999999999994,558.0
0.385,107.0,113.99999999999999
0.385,62.0,619.0
0.385,66.0,571.9999999999999
0.385,67.0,651.0000000000001
0.385,196.0,2261.0
0.385,1247.0,27379.99999999999
0.385,3499.999999999999,200151.99999999994
0.385,3499.999999999999,131084.0
0.385,343.0,1232.0000000000002
0.385,136.0,1622.0
0.385,62.0,494.00000000000006
0.385,143.77760604489143,1430.2324985819612
0.385,225.10977359515212,3352.8238609005307
0.385,171.0,1237.0
0.385,386.99999999999994,5377.0
0.385,393.35988610939984,5565.34527230791
0.385,282.0,1998.0
0.385,190.0,1789.0
0.385,65.0,470.0
0.385,74.0,919.9999999999999
0.386,41.0,50.0
0.386,206.0,3283.0
0.386,211.0,675.0000000000001
0.386,129.0,1488.9999999999998
0.386,63.0,594.0
0.386,111.16492001128788,811.433674934367
0.386,59.0,539.0
0.386,86.0,611.0
0.386,3499.999999999999,146116.99999999997
0.386,520.4075326126631,3264.8390465687585
0.386,211.0,3569.0
0.386,455.99999999999994,4995.0
0.386,59.0,409.99999999999994
0.386,303.0,5989.000000000002
0.386,104.0,110.00000000000001
0.386,168.75425920550865,1494.0040160588594
0.386,176.0,7486.000000000003
0.386,121.98360545581524,1759.645418827327
0.386,155.0,1430.0
0.386,1085.9999999999998,23527.000000000007
0.386,64.0,503.0
0.386,217.78888860545663,5432.735774911201
0.386,75.0,1014.0
0.386,104.0,153.0
0.386,297.0,4470.000000000001
0.386,62.0,539.0
0.386,107.0,112.00000000000001
0.386,68.0,699.0000000000001
0.386,191.0,3629.9999999999995
0.386,241.0,3504.0
0.386,89.0,99.0
0.386,269.0,7533.000000000003
0.386,103.0,108.0
0.386,3499.999999999999,158271.00000000006
0.386,3499.999999999999,90671.99999999999
0.387,358.0,6307.000000000002
0.387,85.0,99.0
0.387,65.0,567.9999999999999
0.387,1107.0000000000002,33394.0
0.387,98.0,99.0
0.387,337.99999999999994,5146.0
0.387,690.0,9846.000000000002
0.387,112.99999999999999,1073.9999999999998
0.387,329.84845004941286,6129.611651646457
0.387,60.0,535.0
0.387,270.0,2249.9999999999995
0.387,687.9215071503432,18710.772832782728
0.387,118.0,980.0000000000002
0.387,90.0,687.0
0.387,370.4051835490427,5619.532364885892
0.387,236.0,1293.0
0.387,346.0,7980.000000000001
0.387,3499.999999999999,144762.0
0.387,83.0,96.0
0.387,714.8426400264606,18256.331997419413
0.387,321.6082875695244,2971.562434209377
0.387,96.0,111.00000000000001
0.387,290.0,1178.9999999999998
0.387,1190.5880899790654,29637.944260693934
0.387,223.0,1789.9999999999995
0.387,202.99999999999997,1276.0
0.387,422.0,3453.0
0.387,63.0,426.0
0.387,215.0,2615.0
0.387,229.0,3407.999999999999
0.387,420.1785334830897,3282.7427556846424
0.387,92.0,98.0
0.387,50.0,60.0
0.388,222.00000000000003,542.0
0.388,64.0,702.0
0.388,256.0,2558.0
0.388,43.0,44.0
0.388,3499.999999999999,80009.99999999997
0.388,307.0,6050.999999999997
0.388,296.85065443200847,1654.9112567305879
0.388,113.99999999999999,992.9999999999998
0.388,227.0,2638.9999999999995
0.388,154.3518547258132,1016.9472837609258
0.388,218.00000000000003,2534.0000000000005
0.388,151.0,6349.000000000001
0.388,161.0,1136.0
0.388,239.0,4420.0
0.388,333.00000000000006,3250.0
0.388,144.0,1988.0
0.388,213.0,1711.0
0.388,155.70885869318647,1557.1126249476074
0.388,1546.0,71977.00000000003
0.388,238.0,2010.0000000000005
0.388,65.0,616.0000000000001
0.388,270.0,9622.999999999998
0.388,526.9079616024036,3707.149848603371
0.388,36.0,545.9999999999999
0.388,106.0,151.0
0.388,246.0,2884.0
0.388,269.0,4469.0
0.388,1276.0,92380.0
0.388,359.99999999999994,5807.999999999997
0.388,135.6281681657612,1367.110822135499
0.388,202.93841430345316,1055.2459428967259
0.388,295.0,1503.0
0.388,135.31165347861426,281.15919780127626
0.388,200.99999999999997,2581.0
0.388,265.8270114190806,1799.9644440932711
0.388,165.35416535424804,1473.8846630588164
0.389,106.06601717798212,131.86356585501545
0.389,147.0,1934.0
0.389,225.0,2294.0
0.389,147.0,900.9999999999998
0.389,65.0,495.0
0.389,487.8524367060187,13599.192218657692
0.389,554.8405176264617,3872.6425086754384
0.389,90.23303164584463,270.67323473147474
0.389,61.0,544.0
0.389,519.1338940966963,4201.424758340913
0.389,106.0,1214.0000000000002
0.389,80.0,82.0
0.389,156.0,1438.0
0.389,142.0,162.0
0.389,200.04999375156197,641.5075993314499
0.389,56.00000000000001,545.9999999999999
0.389,499.0,5992.000000000003
0.389,265.0,5432.0
0.389,3499.999999999999,102499.00000000003
0.389,65.0,752.9999999999999
0.389,343.0,1919.0000000000002
0.389,128.4211820534292,1236.6842766041782
0.389,81.48619514985344,1002.265433904612
0.389,3499.999999999999,124057.00000000001
0.389,103.0,883.9999999999998
0.389,80.0,473.00000000000006
0.389,198.0,2940.0
0.389,222.00000000000003,3541.9999999999995
0.389,69.0,617.0
0.389,266.0,3220.0000000000005
0.389,70.09992867328754,770.8540717930987
0.389,386.0,12959.999999999995
0.389,200.0,4673.0
0.389,278.44029880748224,3625.2820579921768
0.39,3499.999999999999,89350.99999999997
0.39,176.0,1038.0
0.39,77.0,89.0
0.39,279.0,3310.000000000001
0.39,161.0,1757.0000000000005
0.39,122.0,648.9999999999999
0.39,603.3241251599342,5587.702747999397
0.39,426.0,5096.999999999999
0.39,781.0000000000001,6616.999999999999
0.39,61.0,714.0
0.39,206.69317500186025,2424.86247036669
0.39,102.88342918079665,345.69929129230223
0.39,419.61887469464483,7016.600458911704
0.39,122.32742946698423,583.9991438349889
0.39,94.0,153.0
0.39,136.6739899572337,719.9130553449148
0.39,428.0,4999.999999999999
0.39,1144.0,11361.999999999998
0.39,250.99999999999997,4597.0
0.39,191.0,426.0
0.39,120.0,1118.9999999999998
0.39,479.0,11268.999999999998
0.39,63.0,356.0
0.39,112.809574061779,376.497011940334
0.39,204.99999999999997,1387.0
0.39,202.99999999999997,1442.9999999999995
0.39,132.0,181.0
0.39,121.41166164266588,578.8681931558809
0.39,56.99999999999999,107.0
0.39,161.0,3104.0
0.39,3499.999999999999,249778.00000000012
0.39,218.00000000000003,2159.0
0.39,1193.9999999999998,41556.0
0.39,102.0,105.0
0.39,302.0,7662.999999999996
0.39,100.0,107.0
0.39,79.0,877.9999999999998
0.39,161.0,2778.0
0.391,281.0,6479.000000000002
0.391,82.51060537894507,651.9509183980034
0.391,63.0,629.9999999999999
0.391,136.0,1281.9999999999998
0.391,128.0,2251.0
0.391,111.00000000000001,155.0
0.391,260.0,4942.999999999999
0.391,67.0,777.0
0.391,308.0,5024.999999999999
0.391,61.0,530.0
0.391,107.0,936.0
0.391,260.0,4538.0
0.391,165.0,1147.0
0.391,63.0,459.0
0.391,397.00000000000006,3952.9999999999995
0.391,288.0,4611.000000000001
0.391,3499.999999999999,127357.99999999997
0.391,89.66604708583958,1267.4920118091477
0.391,148.0,1431.0000000000002
0.391,68.0,933.0000000000002
0.391,649.2303135251773,14926.184978084642
0.391,331.99999999999994,3310.999999999999
0.391,326.869157644497,5166.236664270317
0.391,88.0,930.0000000000001
0.391,86.0,565.0000000000001
0.391,189.0,247.00000000000003
0.391,102.0,107.0
0.391,139.0,1859.0000000000005
0.391,455.99999999999994,4468.0
0.391,74.1215218408257,894.7904782685164
0.391,123.0,147.0
0.391,132.74411474713295,917.4410062777881
0.391,155.69235886698544,1749.8647884648851
0.391,101.0,156.0
0.391,73.0,1247.9999999999998
0.392,127.89057822998532,182.2361105818493
0.392,180.7484439767048,659.9545438891985
0.392,1018.9999999999998,24367.000000000004
0.392,377.99999999999994,5478.999999999998
0.392,277.99999999999994,2753.0
0.392,189.0,1385.0000000000002
0.392,364.00000000000006,3839.999999999999
0.392,99.0,865.0
0.392,94.0,717.0
0.392,115.56816170554933,1349.1686328995347
0.392,272.0,3041.0
0.392,1122.4972160321825,15847.70399774049
0.392,540.0,5936.999999999997
0.392,197.3068675946177,1805.6411603638192
0.392,345.0,6752.000000000001
0.392,882.0,13887.0
0.392,70.0,832.0
0.392,313.0,4839.000000000001
0.392,109.95908329919817,1373.7674475689107
0.392,64.0,144.0
0.392,142.0,1721.0
0.392,155.23852614605693,391.59545451907377
0.392,64.0,657.0
0.392,264.0,5773.0
0.392,61.0,420.0
0.392,279.35461335012883,2691.0759929812466
0.392,353.6311637850941,4341.194536069535
0.392,78.0,95.0
0.392,297.0,6813.999999999997
0.392,199.0,2473.0
0.392,53.0,54.0
0.392,286.0,5644.000000000001
0.392,146.0,374.0
0.392,219.0,4504.0
0.393,159.0,1543.9999999999998
0.393,113.99999999999999,853.9999999999999
0.393,337.0,9014.0
0.393,757.6278769950325,15254.117313040442
0.393,938.1709637928446,16278.410667401264
0.393,73.0,895.0000000000001
0.393,3499.999999999999,164395.99999999997
0.393,200.0,1758.9999999999995
0.393,491.0,3045.9999999999995
0.393,3499.999999999999,57089.00000000001
0.393,278.82611068549517,3673.84975196319
0.393,60.0,535.0
0.393,112.99999999999999,114.99999999999999
0.393,1253.0,23165.999999999993
0.393,522.4940191045251,10479.684394102715
0.393,61.0,443.00000000000006
0.393,211.60340261914504,7024.29953803224
0.393,484.25200051213,7657.389633550068
0.393,186.0,3153.0000000000005
0.393,56.00000000000001,139.0
0.393,60.0,511.00000000000006
0.393,78.0,92.0
0.393,132.88961387475274,475.08072496905936
0.393,82.0,100.0
0.393,169.59952830123083,301.3171087077533
0.393,591.6079783099615,13040.00283742301
0.393,141.0,1657.0
0.393,1155.9999999999998,37493.00000000001
0.393,64.0,648.0
0.393,1218.1953866272847,30023.05340900555
0.393,346.0,3327.000000000001
0.393,54.0,62.0
0.393,36.0,662.0
0.393,636.9591823657149,11021.558646579888
0.393,291.0,3345.0000000000005
0.393,112.00000000000001,1506.0
0.393,380.8411742445925,6179.413078925862
0.393,340.99999999999994,3425.999999999999
0.393,525.0603105317468,4994.229896275408
0.394,229.4428033301546,3854.0072651721866
0.394,349.0,6283.999999999999
0.394,297.9865768788923,4221.651217237161
0.394,166.0,2325.0000000000005
0.394,3499.999999999999,118331.08343119324
0.394,65.0,838.0000000000002
0.394,381.99999999999994,6164.999999999998
0.394,62.0,1062.9078040921518
0.394,421.0,5820.000000000001
0.394,64.0,637.0000000000001
0.394,69.54135460285484,283.6300407220645
0.394,501.2993117888753,10401.549115396227
0.394,185.7417562100671,878.3922813868528
0.394,264.6809400013533,3099.682887006347
0.394,85.0,97.0
0.394,272.0,6224.000000000003
0.394,487.8524367060187,4455.055555209159
0.394,107.0,1499.0
0.394,200.3661625491609,1339.095550654344
0.394,199.0,2187.0
0.394,106.0,905.0000000000001
0.394,273.0,9493.000000000004
0.394,1297.0,50549.000000000015
0.394,3499.999999999999,135995.0
0.394,104.0,789.0
0.394,289.5582842883277,1654.7138725471548
0.394,3499.999999999999,167716.99999999997
0.394,3499.999999999999,221205.00000000003
0.394,296.0,9974.000000000002
0.394,1816.727827716634,64313.356140074044
0.394,154.5833108715168,764.2067783002188
0.394,97.0,98.0
0.394,267.0,6345.000000000003
0.394,45.0,50.0
0.394,81.0,1465.9999999999998
0.394,225.99999999999997,1112.0
0.395,1016.0000000000002,12455.999999999998
0.395,110.00000000000001,1263.9999999999998
0.395,246.0,7325.999999999999
0.395,248.0,6551.000000000004
0.395,248.0,3557.000000000001
0.395,471.0,5233.000000000001
0.395,258.0,1622.0
0.395,343.0,4961.0
0.395,62.0,326.0
0.395,186.0,1936.0000000000002
0.395,167.0,3535.0
0.395,828.251169633946,14464.892325904126
0.395,299.93332592427936,3280.2115785418473
0.395,102.0,117.0
0.395,268.0708861476755,3001.4696400263665
0.395,101.0,951.0
0.395,3499.999999999999,206261.0
0.395,63.0,448.00000000000006
0.395,79.0,89.0
0.395,76.0,124.0
0.395,97.0,968.0000000000001
0.395,86.0,104.0
0.395,226.57093227434976,2673.5137276391556
0.395,214.0,1801.9999999999995
0.395,117.20068259186888,474.0738339119762
0.395,180.0,1752.9999999999998
0.395,3499.999999999999,130297.00000000003
0.395,220.72969826554007,2072.3176952572067
0.395,242.0,5058.0
0.395,315.99999999999994,3433.9999999999995
0.395,1002.9999999999999,19469.999999999993
0.395,198.0,4685.0
0.395,60.0,549.0
0.395,67.0,605.0
0.395,304.0,1939.0000000000005
0.395,123.0,2180.9999999999995
0.395,108.0,886.9999999999998
0.395,429.0,2417.0
0.396,1009.2076099594177,27371.120437424543
0.396,85.0,93.0
0.396,111.00000000000001,527.0
0.396,325.620881253902,1945.1206478225008
0.396,83.0,1676.9999999999995
0.396,127.7497553813705,559.8714138085636
0.396,127.0,1125.0000000000002
0.396,545.9999999999999,10063.000000000002
0.396,182.55906263736918,1227.1287286173842
0.396,98.17331613019905,1120.8211275667493
0.396,83.0,97.0
0.396,111.00000000000001,1027.0
0.396,137.0468520380329,1278.4282302482113
0.396,54.0,459.0
0.396,68.0,711.0
0.396,219.0,2572.9999999999995
0.396,225.0,3929.0
0.396,333.70645783382736,2792.3466833471807
0.396,455.99999999999994,6003.999999999997
0.396,178.0,2758.9999999999995
0.396,299.0,2856.0
0.396,3499.999999999999,118377.0
0.396,488.99999999999994,6719.000000000001
0.396,451.00000000000006,2902.9999999999995
0.396,328.0,3879.9999999999995
0.396,106.0,929.0000000000001
0.396,77.0,89.0
0.396,61.0,648.9999999999999
0.396,3499.999999999999,113402.46940432998
0.396,473.2863826479693,8841.429748632283
0.396,73.0,1266.0000000000002
0.397,386.0,12206.000000000004
0.397,117.0,1931.0000000000002
0.397,84.0,88.0
0.397,150.0,1532.9999999999998
0.397,122.8394011764264,938.1015549089826
0.397,262.0,7212.0
0.397,60.44832503882965,577.2261255348723
0.397,63.0,581.9999999999999
0.397,315.99999999999994,5427.0
0.397,129.3483668238606,1691.361581685004
0.397,44.0,45.0
0.397,448.5666059795357,3978.594726784823
0.397,65.0,262.0
0.397,3499.999999999999,169473.99999999994
0.397,103.0,946.0000000000002
0.397,174.0,4664.999999999999
0.397,790.0000000000002,13617.999999999998
0.397,103.0,154.0
0.397,1250.0000000000002,27139.0
0.397,59.0,469.00000000000006
0.397,113.01327355669332,1342.8328265275616
0.397,271.2084069493422,6434.15884168242
0.397,199.28389737867488,2228.1755309212094
0.397,218.2803955852016,3716.3335249974466
0.397,93.0,96.0
0.397,110.56219968868201,997.9288551795662
0.397,211.88676221038446,929.3675268697527
0.397,124.0,1395.0
0.397,3499.999999999999,214603.00000000003
0.397,85.11756575466664,174.95427974188
0.397,75.0,85.0
0.397,283.0,2007.9999999999998
0.398,628.8306608300838,31878.736267298944
0.398,227.15633383201092,3942.863172873235
0.398,287.0,5600.000000000002
0.398,107.4709263010234,414.7505274258249
0.398,60.0,388.0
0.398,82.0,88.0
0.398,104.0,114.99999999999999
0.398,231.0,884.9999999999998
0.398,345.3186162522383,2415.666288900743
0.398,370.00000000000006,7743.000000000002
0.398,173.0,2438.9999999999995
0.398,342.00000000000006,4191.0
0.398,1103.0,17307.000000000004
0.398,167.0,2833.9999999999995
0.398,115.99999999999999,1554.0
0.398,3499.999999999999,185135.99999999997
0.398,246.0,3659.9999999999995
0.398,63.0,479.0
0.398,232.46505113672464,3040.6703208338786
0.398,118.0084742719776,1080.4739700705427
0.398,210.0,4998.0
0.398,64.0,567.9999999999999
0.398,428.0,16464.999999999996
0.398,82.0,85.0
0.398,225.0,2073.0000000000005
0.398,100.0,1057.0000000000002
0.398,82.0,1410.0
0.398,206.03397778036515,1933.978541763067
0.398,352.4656011584677,5810.608057682085
0.398,559.0,6117.999999999998
0.398,265.0,2502.9999999999995
0.398,231.99999999999997,2664.9999999999995
0.398,232.42848362453344,763.4945972303929
0.398,217.0,2350.0000000000005
0.398,115.99999999999999,188.0
0.398,328.43264149593904,5489.914389132132
0.398,3499.999999999999,131191.00000000006
0.398,98.0,678.0
0.398,231.99999999999997,3126.0
0.399,170.0,1412.0
0.399,103.24727599312244,942.6303623372206
0.399,211.0,1769.0000000000005
0.399,211.0,3192.0
0.399,1541.0000000000002,99419.99999999999
0.399,102.0,890.0
0.399,886.0000000000001,11675.0
0.399,321.0,4250.000000000001
0.399,99.0,117.0
0.399,113.99999999999999,157.0
0.399,109.00000000000001,1074.9999999999998
0.399,213.0,3221.999999999999
0.399,74.0,835.0
0.399,440.00000000000006,5505.000000000002
0.399,283.457139280764,1885.1314739191234
0.399,188.0,1639.0000000000005
0.399,231.99999999999997,5121.000000000001
0.399,3499.999999999999,156232.99999999997
0.399,131.0,162.0
0.399,294.78805945967343,4140.199270566573
0.399,632.0,8565.000000000002
0.399,523.0,4190.0
0.399,60.0,84.0
0.399,199.0,2208.0
0.399,62.0,655.9999999999999
0.399,65.0,80.0
0.399,65.0,646.0
0.399,815.4753215150045,31006.28065408684
0.399,65.0,553.9999999999999
0.399,69.0,78.0
0.399,147.0,1999.9999999999995
0.399,157.73395322504285,1534.1916438307176
0.399,190.0,1675.9999999999998
0.399,62.0,398.0
0.399,78.49203781276162,222.99775783626168
0.399,198.24056737167547,908.2466153014777
0.399,105.0,706.9999999999999
0.4,126.0,1812.9999999999995
0.4,80.0,784.9999999999998
0.4,94.0,98.0
0.4,3499.999999999999,199613.0000000001
0.4,84.0,1451.0
0.4,87.0,88.0
0.4,152.0,3155.0000000000005
0.4,138.9964028311524,1453.1895953384746
0.4,136.0,164.0
0.4,66.0,726.9999999999999
0.4,90.0,98.0
0.4,95.0,100.0
0.4,3499.999999999999,130182.99999999997
0.4,102.0,774.0000000000002
0.4,415.00000000000006,2996.9999999999995
0.4,86.0,144.0
0.4,122.0,1182.0
0.4,453.9999999999999,2301.0
0.4,273.0,3711.9999999999995
