evolution rate,arithmetic mean length lived,arithmetic mean species population time
0.05,2720.6666666666665,159927.0
0.061,100.0,108.0
0.062,2596.4,174627.8
0.063,3111.0,122233.0
0.073,3473.375,230326.125
0.085,3312.0,210250.66666666666
0.088,155.0,202.0
0.093,93.0,94.0
0.097,3583.0,228220.66666666666
0.101,252.0,363.0
0.108,3232.25,216929.75
0.12,3657.1111111111113,249859.44444444444
0.122,147.0,1508.0
0.128,81.0,96.0
0.132,2790.5,178130.5
0.137,87.5,91.5
0.139,92.0,145.0
0.143,3345.3333333333335,228226.0
0.148,541.0,5805.0
0.153,97.0,156.0
0.155,3276.4,220103.2
0.156,94.0,147.0
0.159,100.0,107.0
0.164,418.0,2331.0
0.167,2286.1666666666665,148415.16666666666
0.17,108.0,203.0
0.176,122.0,242.0
0.178,1410.4,75239.6
0.179,132.0,149.0
0.189,55.0,62.0
0.19,3806.75,237610.0
0.196,111.0,221.0
0.202,2903.5,187507.375
0.205,94.0,104.0
0.213,4001.0,261719.66666666666
0.217,94.0,95.0
0.218,105.0,109.0
0.224,148.0,215.0
0.225,3700.5,220318.0
0.228,81.0,83.0
0.236,91.0,135.0
0.237,1911.5,108535.25
0.24,68.0,108.0
0.248,2498.0,156582.5
0.26,2645.6666666666665,160912.83333333334
0.261,85.0,102.0
0.265,295.0,965.0
0.271,159.33333333333334,462.3333333333333
0.272,2577.285714285714,137410.57142857142
0.274,79.0,231.0
0.275,104.0,146.0
0.283,2682.75,147065.5
0.284,127.5,203.0
0.285,3322.0,211349.0
0.286,249.0,300.0
0.287,207.0,260.0
0.295,1600.1666666666667,66552.0
0.296,198.0,504.0
0.297,92.0,215.0
0.298,175.0,205.0
0.301,112.5,433.5
0.307,1690.0,37917.0
0.311,106.0,107.0
0.318,4001.0,291640.0
0.32,114.0,190.0
0.324,101.0,110.0
0.325,140.0,239.0
0.33,2143.5,125448.0
0.342,1143.0,27904.0
0.344,100.0,106.0
0.35,481.0,4780.0
0.355,139.0,196.0
0.362,79.0,92.0
0.364,150.0,206.0
0.365,607.0,12614.0
0.371,168.0,400.0
0.374,138.0,167.0
0.376,75.0,88.0
0.378,340.0,4930.0
0.379,155.0,320.0
0.38,126.5,340.5
0.388,62.0,288.0
0.392,89.0,95.0
0.395,93.0,115.0
0.396,295.0,1335.0
0.397,131.5,364.5
