{"frame_count": 202000, "start_time": 1770877083.358646, "elapsed_seconds": 137.00684995797928, "amnt_of_species": 193, "amnt_of_medium_species": 38, "amnt_of_big_species": 4, "final": false}