{"frame_count": 354727, "start_time": 1770850746.222356, "elapsed_seconds": 205.70526620800956, "amnt_of_species": 342, "amnt_of_medium_species": 90, "amnt_of_big_species": 5, "final": true}