{"frame_count": 3811200, "start_time": 1771260624.8493419, "elapsed_seconds": 2514.5949472889843, "amnt_of_species": 3659, "amnt_of_small_species": 1550, "amnt_of_medium_species": 1934, "amnt_of_big_species": 175, "final": true}