{"frame_count": 497000, "start_time": 1770873938.738902, "elapsed_seconds": 331.5096004999941, "amnt_of_species": 470, "amnt_of_medium_species": 91, "amnt_of_big_species": 13, "final": false}