{"frame_count": 170399, "start_time": 1770871943.272408, "elapsed_seconds": 93.62521633299184, "amnt_of_species": 164, "amnt_of_medium_species": 43, "amnt_of_big_species": 4, "final": true}