{"frame_count": 160059, "start_time": 1770871943.271887, "elapsed_seconds": 93.62591220898321, "amnt_of_species": 152, "amnt_of_medium_species": 39, "amnt_of_big_species": 4, "final": true}