evolution rate,arithmetic mean length lived,arithmetic mean species population time
0.062,2698.0,134123.0
0.085,4001.0,273803.0
0.12,4001.0,280188.0
0.132,3622.3333333333335,256959.66666666666
0.143,4001.0,241691.0
0.167,4001.0,246270.5
0.19,2586.5,141607.5
0.202,1056.0,22024.0
0.237,1477.0,48194.5
0.248,1213.5,38970.5
0.26,1644.0,35066.0
0.38,99.0,102.0
