{"frame_count": 16119000, "start_time": 1771867978.343883, "elapsed_seconds": 12819.089678254, "amnt_of_species": 13522, "amnt_of_small_species": 8875, "amnt_of_medium_species": 3025, "amnt_of_big_species": 1622, "final": false}