{"frame_count": 17303000, "start_time": 1771867978.343883, "elapsed_seconds": 13756.036219974005, "amnt_of_species": 14509, "amnt_of_small_species": 9519, "amnt_of_medium_species": 3248, "amnt_of_big_species": 1742, "final": false}