evolution rate,geometric mean length lived,geometric mean species population time
0.05,4001.0,271435.00000000006
0.085,4001.0,302019.99999999994
0.097,93.0,386.0
0.132,4001.0,280692.0
0.143,4001.0,280786.0000000001
0.22,87.0,97.0
0.225,4001.0,289844.0000000001
0.295,1128.9999999999998,50637.000000000015
0.342,56.99999999999999,463.0
0.351,2585.0,145238.00000000003
0.36,157.0,422.0
