evolution rate,arithmetic mean length lived,arithmetic mean species population time
0.05,177.0,3530.0
0.052,121.0,145.0
0.097,4001.0,229996.0
0.132,4001.0,288351.0
0.155,4001.0,279443.0
0.202,2696.3333333333335,184658.66666666666
0.213,883.0,12489.0
0.225,744.0,12763.0
0.262,259.0,4267.0
0.284,152.0,203.0
0.307,89.0,242.0
0.318,682.0,18189.0
0.327,106.0,226.0
0.33,1752.0,47289.0
0.355,121.0,294.0
0.375,77.0,97.0
