{"frame_count": 828000, "start_time": 1770868442.389154, "elapsed_seconds": 569.8111449170101, "amnt_of_species": 791, "amnt_of_medium_species": 199, "amnt_of_big_species": 14, "final": false}