{"frame_count": 21878100, "start_time": 1771177646.993165, "elapsed_seconds": 20081.06590675004, "amnt_of_species": 20614, "amnt_of_small_species": 15474, "amnt_of_medium_species": 4579, "amnt_of_big_species": 561, "final": true}