evolution rate,arithmetic mean length lived,arithmetic mean species population time
0.05,2614.1,150393.9
0.058,105.0,110.0
0.06,521.0,18971.0
0.062,3217.714285714286,217053.0
0.066,265.0,654.0
0.073,3491.3333333333335,267430.1111111111
0.084,70.0,90.0
0.085,3655.285714285714,259236.42857142858
0.086,211.0,268.0
0.097,4001.0,269716.0
0.108,3215.6666666666665,217654.11111111112
0.12,3511.5,250226.5
0.128,268.0,458.0
0.132,3516.6,235009.0
0.143,4001.0,274283.76923076925
0.152,290.0,549.0
0.155,3356.714285714286,220233.0
0.157,193.0,500.0
0.158,38.0,40.0
0.162,119.0,136.0
0.164,92.0,106.0
0.167,2930.0,166393.2
0.168,225.0,342.0
0.178,4001.0,285508.5
0.18,407.0,11474.5
0.189,151.0,199.0
0.19,2657.2,173307.8
0.191,118.0,151.0
0.197,97.0,151.0
0.202,4001.0,261653.25
0.213,2819.5,173582.0
0.215,83.0,98.0
0.225,2219.25,76299.75
0.237,2272.5,94814.25
0.248,2704.4,116382.8
0.251,589.0,4038.0
0.26,3032.3333333333335,179542.66666666666
0.266,115.0,139.0
0.272,1770.3333333333333,95807.33333333333
0.278,254.0,499.0
0.28,343.0,5438.0
0.283,1945.5,84113.0
0.293,2504.0,83542.0
0.295,1437.6,35610.0
0.307,2240.3333333333335,114236.66666666667
0.312,760.0,15303.0
0.318,1650.0,25516.0
0.329,91.0,97.0
0.33,138.0,150.0
0.342,4001.0,282307.0
0.352,80.0,99.0
0.353,951.6666666666666,25217.0
0.358,91.0,97.0
0.364,78.0,88.0
0.365,939.5,18411.0
0.377,2262.0,139461.0
0.392,525.0,1962.0
0.396,81.0,93.0
0.398,100.0,161.0
