{"frame_count": 17200000, "start_time": 1771867978.2162983, "elapsed_seconds": 13756.014362717004, "amnt_of_species": 14438, "amnt_of_small_species": 9623, "amnt_of_medium_species": 3142, "amnt_of_big_species": 1673, "final": false}