{"frame_count": 16124000, "start_time": 1771867978.2162983, "elapsed_seconds": 12819.357102779999, "amnt_of_species": 13535, "amnt_of_small_species": 9032, "amnt_of_medium_species": 2954, "amnt_of_big_species": 1549, "final": false}