{"frame_count": 172650, "start_time": 1770871943.285579, "elapsed_seconds": 93.61268479199498, "amnt_of_species": 165, "amnt_of_medium_species": 40, "amnt_of_big_species": 4, "final": true}