evolution rate,arithmetic mean length lived,arithmetic mean species population time
0.055,96.0,203.0
0.065,635.0,8928.0
0.079,73.0,109.0
0.085,125.0,1426.0
0.091,317.0,11337.0
0.095,89.0,100.0
0.102,92.0,97.0
0.111,100.0,102.0
0.114,144.0,501.0
0.123,486.0,2138.0
0.124,635.0,23272.0
0.136,161.0,236.0
0.14,93.0,97.0
0.143,2058.5,125842.0
0.149,219.0,577.0
0.155,1531.3333333333333,98824.0
0.158,751.0,11575.0
0.162,178.0,233.0
0.167,2201.0,137462.0
0.178,3503.0,219517.5
0.185,253.0,426.0
0.191,227.0,306.0
0.204,83.0,107.0
0.212,161.0,266.0
0.213,1594.0,42916.0
0.221,135.0,258.0
0.225,4001.0,261337.0
0.236,117.0,143.0
0.237,2543.5,154146.5
0.246,102.0,246.0
0.248,688.5,8171.0
0.25,165.0,537.0
0.256,1589.0,37625.0
0.26,329.0,7956.0
0.266,105.0,139.0
0.272,1055.0,27080.5
0.274,101.0,194.0
0.276,4001.0,324526.0
0.278,64.0,70.0
0.283,93.5,405.5
0.292,301.0,2738.0
0.293,94.0,101.0
0.294,179.0,247.0
0.299,87.0,88.0
0.307,1957.0,83533.0
0.316,99.0,100.0
0.325,195.0,547.5
0.327,93.0,116.0
0.33,2103.0,52478.0
0.338,129.5,232.5
0.343,795.0,13427.0
0.344,76.0,108.0
0.353,268.0,2830.0
0.357,79.0,81.0
0.358,91.0,150.0
0.364,69.0,98.0
0.365,65.0,211.0
0.377,88.33333333333333,103.33333333333333
0.38,99.0,102.0
0.382,86.0,191.0
0.388,326.0,2183.0
0.393,347.0,4556.0
