{"frame_count": 22363100, "start_time": 1771177646.993172, "elapsed_seconds": 20080.00639862506, "amnt_of_species": 21135, "amnt_of_small_species": 15845, "amnt_of_medium_species": 4713, "amnt_of_big_species": 577, "final": true}