{"frame_count": 1811000, "start_time": 1770875542.0555441, "elapsed_seconds": 1196.3916259590478, "amnt_of_species": 924, "amnt_of_medium_species": 204, "amnt_of_big_species": 21, "final": false}