{"frame_count": 2040000, "start_time": 1770875542.0555441, "elapsed_seconds": 1332.7725491670426, "amnt_of_species": 215, "amnt_of_medium_species": 41, "amnt_of_big_species": 9, "final": false}