{"frame_count": 351220, "start_time": 1770850746.224973, "elapsed_seconds": 205.70347295800457, "amnt_of_species": 341, "amnt_of_medium_species": 89, "amnt_of_big_species": 3, "final": true}