{"frame_count": 17247000, "start_time": 1771867978.2394423, "elapsed_seconds": 13755.365417565998, "amnt_of_species": 14458, "amnt_of_small_species": 9608, "amnt_of_medium_species": 3083, "amnt_of_big_species": 1767, "final": false}