{"frame_count": 16122000, "start_time": 1771867978.2394423, "elapsed_seconds": 12819.733191767002, "amnt_of_species": 13521, "amnt_of_small_species": 8994, "amnt_of_medium_species": 2881, "amnt_of_big_species": 1646, "final": false}