evolution rate,arithmetic mean length lived,arithmetic mean species population time
0.05,3504.6666666666665,252648.66666666666
0.062,4001.0,302771.5
0.063,4001.0,273297.0
0.071,131.0,146.0
0.073,3446.1428571428573,238753.0
0.075,4001.0,293296.0
0.084,362.0,522.0
0.085,3309.8,220882.2
0.09,391.0,448.0
0.097,4001.0,276611.0
0.106,80.0,118.0
0.108,4001.0,251574.0
0.12,4001.0,286478.3333333333
0.129,227.0,432.0
0.131,107.0,110.0
0.132,3647.8,251452.4
0.135,97.0,257.0
0.143,2679.5,177306.5
0.152,79.0,98.0
0.155,4001.0,293685.0
0.16,88.0,104.0
0.163,306.0,386.0
0.167,2774.5,149985.5
0.168,134.0,153.0
0.177,80.0,89.0
0.178,2611.6666666666665,182524.66666666666
0.186,329.0,991.0
0.19,3103.0,187117.66666666666
0.197,180.0,2140.0
0.202,1129.0,13667.0
0.213,1526.0,22077.0
0.235,93.0,103.0
0.236,109.0,115.0
0.237,1649.6666666666667,46054.333333333336
0.243,819.0,3352.0
0.248,1106.0,32375.333333333332
0.253,129.0,147.0
0.26,1302.0,45959.5
0.267,164.0,878.0
0.272,1505.25,23958.5
0.299,1734.0,77752.0
0.307,74.0,199.0
0.31,119.0,150.0
0.318,1308.0,10356.0
0.323,194.0,548.0
0.341,102.0,109.0
0.353,1854.0,100304.0
0.356,92.0,221.0
0.365,204.0,913.0
0.377,92.0,101.0
0.385,814.0,37388.0
0.388,280.0,1846.0
