evolution rate,arithmetic mean length lived,arithmetic mean species population time
0.05,727.0,38779.0
0.058,150.0,700.0
0.065,300.0,2388.0
0.081,93.0,181.0
0.098,399.0,7633.0
0.108,3289.0,228345.0
0.132,3980.3333333333335,271273.3333333333
0.135,380.0,4712.0
0.143,4001.0,289996.75
0.155,4001.0,276330.0
0.167,4001.0,244169.33333333334
0.178,2506.0,132155.2
0.19,2437.5,145297.5
0.202,4001.0,266893.0
0.205,241.0,670.0
0.206,338.0,10354.0
0.213,317.0,2472.0
0.214,91.0,107.0
0.216,120.0,140.0
0.225,4001.0,231831.0
0.237,2737.0,152153.5
0.243,81.0,94.0
0.248,1037.0,24452.0
0.251,184.0,1158.0
0.253,74.0,130.0
0.26,4001.0,274637.5
0.261,131.0,195.0
0.267,88.0,106.0
0.269,164.0,912.0
0.272,4001.0,267111.0
0.276,88.0,97.0
0.283,1781.3333333333333,59455.0
0.29,76.0,86.0
0.295,4001.0,252313.0
0.298,58.0,62.0
0.307,2676.0,147795.5
0.323,165.0,470.0
0.324,241.0,1322.0
0.335,157.0,893.0
0.342,1583.0,30980.0
0.346,99.0,200.0
0.349,171.0,196.0
0.351,95.0,140.0
0.353,248.66666666666666,4307.333333333333
0.365,67.0,103.0
0.373,107.0,210.0
0.374,86.0,94.0
0.382,84.0,143.0
0.385,140.0,151.0
