{"frame_count": 1761000, "start_time": 1770875542.0530891, "elapsed_seconds": 1194.6865454590006, "amnt_of_species": 877, "amnt_of_medium_species": 208, "amnt_of_big_species": 26, "final": false}