{"frame_count": 17570252, "start_time": 1770852138.447805, "elapsed_seconds": 13868.367267708993, "amnt_of_species": 16848, "amnt_of_medium_species": 4496, "amnt_of_big_species": 309, "final": true}