evolution rate,geometric mean length lived,geometric mean species population time
0.05,3249.8286592041827,204776.66364868684
0.062,3448.7249289358665,222095.65097547256
0.067,95.0,110.00000000000001
0.071,138.0,245.00000000000003
0.073,2585.034376016687,155626.6687752692
0.085,2999.063103433615,178036.2688615948
0.091,233.0,777.0
0.093,262.0,1065.9999999999998
0.096,73.0,269.0
0.097,3925.68192681765,278234.75927427714
0.099,87.0,97.0
0.108,2975.1333259677644,202462.1165799675
0.11,165.0,249.00000000000003
0.117,92.0,98.0
0.12,4001.0,285176.63948551565
0.121,134.0,180.0
0.125,121.0,145.0
0.129,104.0,105.0
0.132,4001.0,286519.30358033086
0.135,110.00000000000001,127.0
0.141,309.0,634.0
0.143,4001.0,285407.83660742687
0.149,260.0,601.0
0.155,3218.4394269676377,186669.54199848327
0.167,2969.0655033903217,143129.0566617581
0.168,213.0,275.99999999999994
0.171,169.0,697.0
0.178,2048.670056402446,79746.4695456796
0.19,3064.1413483771616,156317.4544174867
0.191,70.0,135.0
0.198,648.9999999999999,3361.9999999999995
0.199,218.00000000000003,254.0
0.202,2880.0727156086646,145562.86980389062
0.212,111.00000000000001,157.0
0.213,4001.0,254559.5007920564
0.221,92.0,99.0
0.225,781.9552416858654,7472.606506434015
0.232,103.0,112.00000000000001
0.233,97.0,100.0
0.237,1567.137544512094,38704.56921058507
0.248,1566.2669854272497,33444.83750580771
0.25,69.0,74.0
0.258,107.0,565.0000000000001
0.26,1214.9532918103334,34062.469093823056
0.263,108.0,109.00000000000001
0.264,107.0,160.0
0.272,1943.1469856429792,64355.74100541969
0.276,88.49858755935036,92.97849213662265
0.277,94.0,109.00000000000001
0.283,1337.1219487071733,26318.56266298857
0.291,89.0,284.0
0.295,2072.9384940224345,80809.7855089345
0.297,118.0,136.0
0.304,109.00000000000001,148.0
0.307,1998.2344796509278,87730.18953433211
0.318,384.2845955325722,4064.061636430822
0.327,104.0,105.0
0.33,1127.161930326218,23801.738478358304
0.332,81.44323176298937,136.71137480107498
0.333,187.0,421.0
0.334,581.9999999999999,13661.999999999998
0.342,206.83326618317471,910.7140056021977
0.357,149.0,676.0
0.361,122.0,277.99999999999994
0.365,515.0,6852.000000000003
0.366,148.0,172.0
0.369,114.99999999999999,175.0
0.37,103.0,114.99999999999999
0.377,2145.0000000000005,71827.99999999997
0.38,88.0,107.0
0.385,134.0,312.00000000000006
