{"frame_count": 3343000, "start_time": 1770872269.335456, "elapsed_seconds": 1329.8676236669999, "amnt_of_species": 3155, "amnt_of_medium_species": 713, "amnt_of_big_species": 81, "final": false}