evolution rate,arithmetic mean length lived,arithmetic mean species population time
0.05,3143.1428571428573,216329.2857142857
0.051,168.0,334.0
0.062,3332.0,229348.75
0.068,101.0,102.0
0.073,4001.0,294782.0
0.085,3308.875,222569.875
0.087,97.0,100.0
0.097,4001.0,296042.5
0.098,116.0,193.0
0.108,3923.8571428571427,289785.85714285716
0.117,92.0,97.0
0.12,3585.8333333333335,245306.0
0.132,4001.0,271082.25
0.142,153.0,491.0
0.143,3127.222222222222,187686.11111111112
0.147,207.0,289.0
0.155,3420.4,230151.0
0.162,115.0,136.0
0.165,111.0,378.0
0.167,3591.0,231708.57142857142
0.178,2846.714285714286,148948.85714285713
0.186,852.0,38755.0
0.19,3428.6,216019.4
0.196,104.0,106.0
0.198,91.0,98.0
0.202,4001.0,269188.0
0.213,2023.0,87959.5
0.216,96.0,110.0
0.225,1969.2,93420.8
0.236,90.0,107.0
0.237,2611.0,143919.0
0.239,95.0,99.0
0.248,2323.25,147023.25
0.26,1554.3333333333333,33758.0
0.272,2320.0,120763.0
0.283,1654.0,30161.666666666668
0.295,1097.6666666666667,21286.0
0.298,82.0,122.5
0.311,96.0,99.0
0.315,150.0,160.0
0.318,1272.0,16472.0
0.325,203.0,319.0
0.33,1514.0,33544.0
0.353,595.5,7448.5
0.36,74.0,90.0
0.365,3700.0,48539.0
0.366,96.0,102.0
0.371,51.0,71.0
0.377,75.0,93.0
0.383,87.0,97.0
0.393,256.0,508.0
