{"frame_count": 496000, "start_time": 1770873938.737802, "elapsed_seconds": 331.7567437920079, "amnt_of_species": 469, "amnt_of_medium_species": 87, "amnt_of_big_species": 17, "final": false}