{"frame_count": 350093, "start_time": 1770850746.224129, "elapsed_seconds": 205.70356649998575, "amnt_of_species": 338, "amnt_of_medium_species": 112, "amnt_of_big_species": 5, "final": true}