evolution rate,arithmetic mean length lived,arithmetic mean species population time
0.05,1852.0,107303.66666666667
0.062,4001.0,262521.0
0.066,127.0,524.0
0.073,4001.0,261240.0
0.085,2389.25,153895.0
0.097,4001.0,297458.0
0.105,109.0,113.0
0.108,2957.3333333333335,182987.33333333334
0.111,1307.0,52738.0
0.12,3296.0,229841.25
0.126,87.0,104.0
0.132,4001.0,261933.5
0.133,268.0,2011.0
0.139,105.0,166.0
0.143,4001.0,266490.0
0.147,339.0,1809.0
0.155,4001.0,256260.4
0.163,80.0,140.0
0.167,4001.0,275680.0
0.173,153.0,416.0
0.174,92.0,98.0
0.185,102.0,103.0
0.19,4001.0,272602.5
0.202,4001.0,265566.0
0.203,86.0,150.0
0.204,79.0,95.0
0.206,81.0,109.0
0.213,1892.0,107673.33333333333
0.225,2702.6666666666665,194963.0
0.237,1399.0,65960.0
0.248,4001.0,290366.0
0.26,1805.3333333333333,97777.66666666667
0.262,105.0,562.0
0.272,3945.0,222698.0
0.286,98.0,104.0
0.292,85.0,197.0
0.306,139.0,158.0
0.307,1554.0,49154.0
0.311,137.0,193.0
0.318,1112.0,30084.0
0.32,104.0,114.0
0.33,1145.0,54069.0
0.34,145.0,148.0
0.365,1129.0,26186.0
0.376,62.0,90.0
0.377,82.0,152.0
0.388,3448.0,234048.0
0.391,89.0,98.0
