{"frame_count": 137000, "start_time": 1770875429.6402822, "elapsed_seconds": 74.62630995799555, "amnt_of_species": 128, "amnt_of_medium_species": 33, "amnt_of_big_species": 3, "final": false}