evolution rate,geometric mean length lived,geometric mean species population time
0.05,3499.999999999999,175603.28442258693
0.05,67.0,863.0000000000002
0.05,1785.9241658074175,115027.21236193733
0.05,3499.999999999999,159682.9999999999
0.05,2510.7272380430645,131128.8911952324
0.05,1015.0,88228.99999999997
0.05,543.4246367779514,13085.362816076875
0.05,144.0,160.0
0.05,361.4719906161472,5185.612596405557
0.05,3499.999999999999,110930.99999999997
0.05,1484.0,84670.00000000001
0.05,1217.1758295332686,57597.4834519704
0.05,1189.9168756915813,27890.786722771412
0.05,1655.0,88748.00000000003
0.05,675.0000000000001,33105.000000000015
0.05,2270.572615002656,147295.01011914824
0.05,3499.999999999999,212867.2930512595
0.05,1888.5179374313605,136540.04326936477
0.05,291.8252901994617,6727.106658883892
0.05,821.3525430654001,31926.157410499633
0.05,1757.9999999999998,148634.9999999999
0.05,783.0000000000001,42807.00000000001
0.05,1689.9999999999995,76385.99999999999
0.05,62.0,494.00000000000006
0.05,1487.0,75005.0
0.05,3499.999999999999,216217.0
0.05,1065.9999999999998,74242.99999999999
0.05,1425.0,136231.00000000003
0.05,585.6620185738528,5140.819584463162
0.05,3499.999999999999,296115.9999999999
0.05,3499.999999999999,299659.9999999998
0.05,3499.999999999999,79354.00000000003
0.05,472.0762650250486,12114.116641340383
0.05,3499.999999999999,163832.85913698745
0.05,1219.0000000000002,51669.00000000003
0.05,477.179211617606,5822.334583309345
0.05,290.08964131798984,7660.040861509815
0.05,1510.9999999999998,74055.00000000003
0.05,2578.7593916455244,230496.04682944142
0.05,2298.151431041914,137371.92597470558
0.05,1633.9999999999995,68635.99999999999
0.05,111.00000000000001,1065.9999999999998
0.05,1750.6664128595396,113865.73127582094
0.05,1760.0000000000005,37385.00000000001
0.05,1041.0,132779.0
0.05,2051.0,93775.00000000001
0.05,1530.9999999999998,142011.0
0.05,90.0,98.0
0.05,707.0245112195139,11286.096039726797
0.05,3499.999999999999,49376.99999999998
0.05,656.1249880929699,14038.160207092671
0.05,3499.999999999999,66169.00000000003
0.051,1365.0000000000002,69250.0
0.051,333.85110521449616,4556.797631831734
0.051,1203.1178297029803,48099.28650378845
0.051,219.31712199461307,2410.3591018767315
0.051,1307.9999999999998,23411.999999999996
0.051,1600.5819944311663,69513.01174492242
0.051,662.6666408860035,11209.455546495872
0.051,2551.4701644346155,135815.67741612167
0.051,167.98809481626964,4071.041021655272
0.051,1789.9999999999995,188166.0
0.051,1307.119700642935,69643.75793611306
0.051,1289.8879796323401,32106.947456897855
0.051,782.5791209145316,22972.41608372934
0.051,673.0,19337.999999999993
0.051,912.3803558652081,10411.328941619022
0.051,117.0,1269.0
0.051,1847.0579308727704,162872.57111312507
0.051,283.74636561549124,5899.995847456165
0.051,1375.0000000000002,46508.0
0.051,2276.9523025073468,197368.69259500352
0.051,1852.764602878858,104311.56211073403
0.051,1121.0,47256.999999999985
0.051,19.874606914351798,91.6078599247903
0.051,3499.999999999999,280982.9999999999
0.051,594.9445352299657,20757.463669726116
0.051,370.2891259573353,6298.7830937434455
0.051,833.8722923805537,11702.49870754105
0.051,2340.036281610486,126305.03279715372
0.051,1299.283507133272,40459.543246006746
0.051,525.8326730053963,4445.777097426274
0.051,1844.5600676117583,60170.69617892806
0.051,2134.0727471616083,135358.81625862292
0.051,2518.3327818221314,168933.5869358134
0.051,1039.7925415079242,50586.40586624889
0.051,1276.0,49584.999999999985
0.051,811.5417426109392,15836.501854892069
0.051,1111.0,38204.99999999999
0.051,446.0,10676.000000000004
0.051,741.6481889657936,31012.590321015334
0.051,1799.5971561293545,70437.81192937022
0.051,1326.6499161421602,68220.4083101237
0.051,421.7929430075808,7427.332923026914
0.051,774.8122353189837,24095.587272361732
0.051,441.2425636767152,24482.993566963985
0.051,2003.4080912848112,61899.57633163882
0.051,488.7327409346203,10382.233302636396
0.051,1386.0000000000002,56076.00000000001
0.051,2017.6060263427094,105470.66475945892
0.051,893.3723003472212,29012.78991011775
0.051,1819.0000000000002,149370.00000000003
0.051,1086.6171810972062,20632.954285405212
0.051,3499.999999999999,178546.0
0.051,2139.6261355666793,68172.84042784196
0.051,188.71076398058563,1935.7714823264253
0.051,1599.0,181560.99999999994
0.051,3499.999999999999,154406.0
0.051,1412.4446891825535,106089.95863888347
0.051,1550.9999999999998,29286.000000000007
0.051,3499.999999999999,231134.00000000012
0.051,1335.2093468816042,75695.75408171852
0.051,1126.3494129265573,42110.45525757233
0.051,1089.6863839772086,29530.776100547188
0.051,311.58947350640716,7695.580290010626
0.051,79.0,92.0
0.051,428.84029661401934,10492.79752973439
0.051,591.8114231894392,9908.674256906297
0.051,2605.091169229975,95677.61927953681
0.051,1839.2107811780616,104219.97257581509
0.051,2403.122968139583,130138.1301886577
0.051,1190.871005098307,17120.52557325878
0.051,1502.0333105201566,96197.04127601937
0.051,1963.0,152281.0
0.051,1719.1275693729872,109482.13096085869
0.051,1120.3909434187603,19231.55463581681
0.051,1169.694200159754,10487.003611830234
0.051,1442.726585323775,152688.25416514534
0.051,1245.8579837744253,63242.61380970806
0.051,3499.999999999999,247225.99999999997
0.051,850.6058052722484,25778.111907550305
0.052,1238.9999999999998,89644.00000000001
0.052,1357.9999999999995,51030.99999999999
0.052,1986.9999999999998,178540.99999999997
0.052,1110.073420995206,29140.877989518434
0.052,2167.2563300172874,125407.97557173148
0.052,1093.0,75690.99999999997
0.052,1951.0000000000002,169789.99999999997
0.052,1433.0000000000002,80415.0
0.052,196.0,334.0
0.052,933.9394180834006,27733.681391877202
0.052,2675.3504443343486,132099.72632825543
0.052,967.808137645512,23184.05666675049
0.052,3499.999999999999,221401.9999999999
0.052,2785.080331309903,149337.3894851525
0.052,1120.4972110630176,40481.9137764014
0.052,138.26062346163494,478.66585422400874
0.052,1322.9999999999998,71272.99999999999
0.052,1073.0,64731.999999999985
0.052,1860.0000000000005,69447.0
0.052,3499.999999999999,203638.2162070763
0.052,1300.51526732299,121653.87162321426
0.052,858.0300996062779,31209.874533249746
0.052,2238.572379016954,118292.53425701956
0.052,3499.999999999999,187952.00000000006
0.052,3499.999999999999,130442.99999999999
0.052,893.9128315966495,37426.56237852379
0.052,2348.6166140943483,120190.88700895748
0.052,1537.448056059022,52515.805013023506
0.052,151.38031576133008,4317.123579421836
0.052,1861.0000000000002,73576.00000000003
0.052,3499.999999999999,181773.99999999994
0.052,3499.999999999999,221953.12528099262
0.052,1267.647427323544,45083.771270824276
0.052,1351.9891976527174,38130.61019717604
0.052,814.1023038879141,59567.707631912584
0.052,2180.1376103356406,157795.36464674742
0.052,1232.0000000000002,78748.99999999997
0.052,1472.0870199890724,56042.388004383414
0.052,1132.2856577038795,30679.987504524666
0.052,1865.0530352179253,84022.85100827462
0.052,330.45120668564675,9582.944850096967
0.052,355.2604678260726,9945.565242860754
0.052,2516.543615364687,188230.79819313088
0.052,2172.516705790521,153001.4500077286
0.052,1621.7376154413114,53438.07336903214
0.052,153.0,1904.0000000000002
0.052,1685.0000000000002,107998.00000000003
0.052,1448.8888846284935,56411.21461199008
0.052,3499.999999999999,97248.66089566475
0.052,3499.999999999999,214249.00000000006
0.052,1971.927990571664,98275.62888631139
0.052,1126.9999999999998,132959.0
0.052,1405.0000000000002,93604.00000000003
0.052,1508.9999999999998,106885.00000000001
0.052,1757.9999999999998,112453.99999999996
0.052,3499.999999999999,235763.99999999988
0.052,1041.9529739868303,55420.91273156734
0.052,648.0740698407859,13712.717454975867
0.052,2476.5813109956507,61689.05084222283
0.052,3499.999999999999,239175.00000000006
0.052,743.2342392705939,22034.225036043004
0.052,1673.9999999999995,67863.00000000003
0.052,1708.0484559012443,71232.14718565726
0.052,1368.9999999999998,15591.000000000005
0.052,789.0033463615631,10215.238765750932
0.052,1230.9605168323958,69469.78719164184
0.052,139.06113763377604,1167.3791157974347
0.052,3499.999999999999,109648.71689011072
0.052,585.1598072321782,13180.048406587892
0.052,846.9411060279205,25468.79212175112
0.052,2721.7943393998335,148177.64586879816
0.052,1386.1926273068975,77996.74723986888
0.052,688.1086620781405,24059.828838873895
0.052,1107.5305864850866,52206.700115981264
0.052,558.9666573174674,9158.480422240335
0.052,636.0083554188296,14045.172908105278
0.052,746.9329562350578,19944.68073143394
0.052,1739.9999999999998,109696.00000000004
0.052,795.4527012965638,47508.09400512717
0.052,2225.5329279345065,113280.87811665316
0.052,1680.9999999999998,184001.00000000006
0.052,1887.9896156539353,110625.60193937187
0.052,582.1614896229396,7182.317105224466
0.053,1589.1870600029652,148282.47331414366
0.053,406.4981549731756,4403.560956498243
0.053,475.7134756685703,7921.385639781291
0.053,1175.7976016304847,28766.21386279397
0.053,609.0372414746076,8683.797894201445
0.053,1402.4977718342368,64885.45180547021
0.053,547.0,26900.999999999993
0.053,2168.063652202121,147759.5707560089
0.053,1582.175085128065,57418.63828061408
0.053,1491.2663493679265,65473.800003987024
0.053,676.5265852336512,26264.74759436282
0.053,2331.012104276577,104609.03013849213
0.053,1419.4716481952928,87383.46343103336
0.053,781.7482155458206,14477.431897064005
0.053,1110.0,43080.99999999999
0.053,824.9727268219234,14007.72358379476
0.053,1946.9999999999995,165620.00000000003
0.053,1105.0000000000002,105791.99999999999
0.053,1522.0,99462.00000000003
0.053,1810.0000000000002,175034.0
0.053,91.0,95.0
0.053,1481.4087889573218,78788.55287413267
0.053,2311.0603626906845,91656.48967749088
0.053,261.0,513.0000000000001
0.053,446.1670090896457,13125.908768538662
0.053,2201.054866028015,98916.82989097116
0.053,1971.0403344427023,141667.6575651621
0.053,834.4105704028443,15479.06247160983
0.053,3111.671109129025,153439.16925148954
0.053,1883.0000000000002,116803.99999999997
0.053,502.44756199751464,5169.497694590095
0.053,2051.097267318154,101967.47246058419
0.053,619.7585942224489,15025.849960327043
0.053,1124.4305437500466,48520.97194719872
0.053,1419.2526202195295,32732.920309682093
0.053,647.0,23152.0
0.053,2313.330931795103,89148.295351061
0.053,784.6562926600411,11279.504778078104
0.053,1219.631091765047,43286.05641543243
0.053,609.3291918228482,18724.672106364553
0.053,3499.999999999999,149751.94344314863
0.053,1668.1261942670883,103695.61370665586
0.053,2264.39837484485,128588.36728102581
0.053,2332.9166294576407,186705.12350763168
0.053,426.0059511170226,8544.90781447272
0.053,3499.999999999999,222988.00000000006
0.053,1077.0125761976183,108732.28622368624
0.053,1272.988609532701,36260.367455391286
0.053,113.99999999999999,148.0
0.053,425.5937029609343,5236.177517999173
0.053,441.74653365929197,14368.675095498544
0.053,984.3724519292401,25713.810035042286
0.053,397.2125369122741,3239.2953589132944
0.053,956.7843070350369,42514.668257127334
0.053,1289.444066254911,70898.66530478554
0.053,1197.0000000000002,109433.0
0.053,3499.999999999999,242285.99999999997
0.053,2571.384173502408,111568.30489263273
0.053,304.58601902004045,5515.267715310077
0.053,1665.7782080075972,78566.94916815741
0.053,1997.0000000000002,68603.99999999999
0.053,2097.9886678790795,97283.95697291596
0.053,1334.9999999999998,105678.99999999996
0.053,3499.999999999999,133590.0
0.053,673.0,22367.0
0.053,606.4156990052286,14957.633435807951
0.053,1557.371279013702,89508.1781127033
0.053,1430.6582706197632,47925.75993879881
0.053,1220.8951397352089,69438.67744780246
0.053,68.0,563.0
0.053,1456.4398080897477,63079.04591008187
0.053,2517.8324983635775,122686.39122781067
0.053,258.3137626995511,4489.286246164304
0.053,1049.0382728327177,37261.69687789374
0.053,2023.9999999999998,107469.0
0.053,1876.733803673143,90074.44303536645
0.053,1748.0266016282474,101185.3112363648
0.053,1501.3694642259898,96839.29150951612
0.053,1721.7723426748375,122188.38539321162
0.053,169.0,356.99999999999994
0.053,1814.0000000000005,61438.0
0.054,1276.0,108531.99999999997
0.054,1217.0106819580508,71886.46461608754
0.054,687.6306213078029,11071.322693032598
0.054,1556.7885911946692,88407.58599787278
0.054,1648.0,86099.99999999997
0.054,1548.9859495602743,91227.30166402667
0.054,3499.999999999999,91277.00000000001
0.054,2007.9999999999998,150411.00000000003
0.054,794.0554136834531,36514.337458045135
0.054,98.0,117.0
0.054,1605.0,109525.00000000003
0.054,1487.0259551990723,92615.02091447722
0.054,1342.8793691169733,23675.10622996231
0.054,1416.0,107963.00000000006
0.054,1231.19372967864,119659.33807689224
0.054,1976.677357579202,86542.82003826745
0.054,1455.7751446530472,94742.42787459832
0.054,490.0589953269646,9808.080192287925
0.054,3499.999999999999,175347.00000000006
0.054,1065.2874535401925,26868.773266613665
0.054,1318.0,83924.00000000003
0.054,959.0093948322176,13171.501461955546
0.054,2507.8875572880047,130300.65065839076
0.054,1264.811036030824,57633.14543866562
0.054,3499.999999999999,164998.81810485796
0.054,1289.078740806782,94128.51442044535
0.054,1409.0000000000002,109598.99999999997
0.054,314.49960254346905,1834.3682836333605
0.054,1195.7666996534065,91248.33390259792
0.054,1583.9999999999995,81561.99999999997
0.054,63.92964883369844,654.6563984259222
0.054,2322.5471632964245,120581.47131540366
0.054,1621.0,59508.99999999998
0.054,2610.4597296261813,107777.26218920204
0.054,3499.999999999999,263120.99999999994
0.054,133.0,2123.0000000000005
0.054,3499.999999999999,294052.99999999994
0.054,1738.3777468145415,105414.67181323064
0.054,1116.7957172998856,51940.32897334539
0.054,1646.0,107028.0
0.054,2672.077843177477,165556.02672509386
0.054,706.5915094014468,22729.425986932547
0.054,2185.7492994394397,184989.46949488783
0.054,2414.091268601865,156297.0945082757
0.054,357.9161913074065,2163.1812221818127
0.054,3499.999999999999,279190.0
0.054,626.4765363045803,15811.930089905582
0.054,671.0,37597.000000000015
0.054,658.034150412645,23855.718622697903
0.054,1637.95962545896,116383.0919541208
0.054,370.1760934372098,9918.343962916257
0.054,348.83930610302093,3649.8750515556203
0.054,333.49781704419854,5112.586124951218
0.054,1965.0000000000002,122884.00000000001
0.054,2480.5241381611263,88297.23189885405
0.054,434.0,2760.000000000001
0.054,551.1041303736422,9233.734189832841
0.054,913.2554574527401,13242.869555272646
0.054,3499.999999999999,181311.00000000003
0.054,539.2136336575071,18985.80875221027
0.054,1974.9999999999995,149516.00000000006
0.054,2570.8151461514285,116526.65036925867
0.054,1290.478205937629,85795.33638257971
0.054,1003.7614563815117,25110.38606436618
0.054,3499.999999999999,196075.9999999999
0.054,713.0,4701.0
0.054,1359.2578857597257,74064.47412896417
0.054,1350.044350809373,51342.69098932349
0.054,1016.1200716450784,23554.182303786307
0.054,1263.5339330623456,97965.55214972247
0.054,1456.0,114154.0
0.054,810.9944512757163,23113.473343485188
0.054,1856.0442678421634,98915.53952353926
0.054,3499.999999999999,266839.99999999994
0.054,767.4574134133436,18807.79088251834
0.054,2377.6678423436942,116402.76443345306
0.054,191.0,355.0
0.054,549.4605634412898,9555.880991588841
0.055,3499.999999999999,157979.00000000006
0.055,1653.7036332471923,135312.76177195236
0.055,715.3888748049887,33849.71314620658
0.055,486.90011204174664,11567.316004356984
0.055,600.6634660841759,19380.50302552363
0.055,1751.4768054416252,176508.44832471895
0.055,428.98870330661924,8703.493151228347
0.055,1432.0000000000002,22785.999999999996
0.055,1256.6578092360085,57917.77267214375
0.055,1388.077807617426,73020.02156942984
0.055,1928.8989845359367,111117.62301455157
0.055,706.4826367039386,20298.20961127852
0.055,953.262817904905,17580.432816060016
0.055,1870.828693386971,93327.54708016275
0.055,1335.904188181173,51777.33851792695
0.055,2242.654676939809,186682.5927985788
0.055,66.0,577.0
0.055,2580.0494752445725,139649.77102104752
0.055,839.5794852872964,13683.170636327699
0.055,1682.5231053391217,141719.62856287762
0.055,1043.3066291914956,44015.321075962456
0.055,1149.9999999999998,43773.0
0.055,227.0,368.99999999999994
0.055,1664.0000000000005,149043.99999999997
0.055,1671.9999999999995,74109.00000000003
0.055,136.0,202.0
0.055,146.0,280.0
0.055,1524.0,110015.00000000001
0.055,270.2942840683095,1297.1225848006811
0.055,479.0,13311.000000000004
0.055,1785.0000000000005,142640.99999999997
0.055,1612.9139466129477,72976.62537781413
0.055,1075.68206219843,38011.904811872264
0.055,592.4525297439449,62177.415682866704
0.055,2269.8017534577766,143681.35917717367
0.055,207.70285479835042,4340.386114712944
0.055,561.1862435947625,2429.4995369417134
0.055,769.09037180295,5343.161798036814
0.055,3499.999999999999,160241.9468085682
0.055,378.2723886302038,2478.9070172154497
0.055,442.7188724235731,2894.8430009242297
0.055,1367.1971328232078,34362.11279883704
0.055,2104.9940617493435,141686.00360656646
0.055,1278.9999999999998,40640.999999999985
0.055,66.0,637.0000000000001
0.055,2459.979674712781,99472.51604840404
0.055,1879.2285651298516,96177.79997483826
0.055,1420.953201199814,81616.28381640516
0.055,2223.0609528305786,87386.33216928144
0.055,2942.6129453682765,126411.72776984652
0.055,1195.9663971759844,30975.806273988972
0.055,2304.9945770001286,109873.31497684045
0.055,2309.140955061362,160561.81973356538
0.055,401.4116787137617,3152.5414646051727
0.055,1937.9999999999995,77810.00000000003
0.055,409.91218571786806,8169.740509955008
0.055,1321.0,59144.999999999985
0.055,1669.47912903778,61746.3239702353
0.055,3499.999999999999,246254.00000000003
0.055,1129.8416516569919,66360.9203547869
0.055,287.6664735418433,3781.111741273986
0.055,1250.0000000000002,51940.0
0.055,2426.314076948819,106139.2149961549
0.055,1272.988609532701,85766.22441264396
0.055,358.5219658542556,3578.7321777411626
0.055,402.8163353192122,6906.547907601886
0.055,1596.0,152360.99999999994
0.055,663.0,12337.000000000004
0.055,358.3838724049954,12428.404362588142
0.055,1273.9328867722973,89834.15688367093
0.055,1145.722826518641,50422.40692659296
0.055,3499.999999999999,116425.99999999997
0.055,754.7684853289098,13099.703993544097
0.055,512.3706625835179,22115.214903616918
0.055,465.8325879540846,7305.597853700952
0.055,1845.8648379120802,81728.7401077381
0.055,2599.7115224578283,201882.1232798982
0.055,2319.726359917718,103003.84240078217
0.055,1564.9650487078795,133618.8777781725
0.056,3499.999999999999,111750.99999999996
0.056,1652.1955090121746,79924.0587557964
0.056,146.12665739008744,598.7545406925947
0.056,3499.999999999999,89798.99999999999
0.056,3499.999999999999,234016.99999999997
0.056,1734.3081528189725,78401.4801774606
0.056,1901.5844435111826,129463.64318337331
0.056,1972.8152473052307,81125.65472771232
0.056,3499.999999999999,134480.99999999994
0.056,1414.193763244627,124143.36099848442
0.056,2189.4617833859056,67385.97548039016
0.056,1330.9999999999998,149696.00000000003
0.056,1098.9999999999998,124354.99999999997
0.056,1304.6922226224974,52200.17694013792
0.056,1178.0,70282.0
0.056,1196.1286396458743,78760.928904248
0.056,1078.024775105875,37914.15850252278
0.056,1468.3323874382118,23614.410494441734
0.056,1941.2222166878255,99205.77775117233
0.056,587.865048394769,9030.22118214992
0.056,1817.6582059897607,73647.33641492385
0.056,310.9922084450259,4721.6168005639
0.056,132.0,365.0
0.056,254.50736728039917,743.9879031274635
0.056,1618.766143245735,148861.73549222157
0.056,2299.6738899243956,108362.49963894341
0.056,1221.8936123902117,100848.75258524522
0.056,486.84380366845704,14335.718407701876
0.056,1155.0000000000002,50076.00000000002
0.056,412.0,6307.999999999999
0.056,1721.5746486359435,64693.45921046438
0.056,3499.999999999999,185844.1680360188
0.056,1168.7392426588594,55491.36852434149
0.056,3499.999999999999,181413.21891471962
0.056,1398.0,83061.99999999997
0.056,1482.2972480595065,98360.46194093836
0.056,56.44466316668034,438.41532819918604
0.056,1516.232371251614,67396.20175871992
0.056,3499.999999999999,197541.00000000003
0.056,1183.0000000000002,126677.0
0.056,91.0,112.99999999999999
0.056,789.0,11471.0
0.056,1615.752673930735,92073.11853925731
0.056,276.3765547219952,5860.448788275518
0.056,43.0,759.0
0.056,3499.999999999999,183322.99999999994
0.056,1006.9848680252022,50167.654529447085
0.056,972.4762207617879,26545.587151720356
0.056,124.24974849069113,501.8416084782129
0.056,1666.1860640396678,80102.96927080788
0.056,1873.3397983281084,126940.50944438491
0.056,1593.3581438260462,94710.59747138919
0.056,1031.0000000000002,37048.999999999985
0.056,1769.0000000000005,77931.0
0.056,102.0,603.9999999999999
0.056,592.1836173303408,15313.953569190931
0.056,307.0,2367.0
0.056,1110.0,35077.999999999985
0.056,57.99999999999999,430.99999999999994
0.056,291.71047290078565,7726.837774924486
0.056,2198.363590265774,123847.1128509075
0.056,1225.8164868748106,30917.65035285572
0.056,1526.1724567721487,38438.78356365675
0.056,708.9139581077523,14023.337548529596
0.056,2278.0210755770445,134352.01170809116
0.056,1613.0,58724.00000000002
0.056,205.61371549582975,4437.019269735033
0.056,755.3145040312677,8711.65690325325
0.056,1281.0000000000002,21533.000000000007
0.056,1077.4918415771413,34557.91664383109
0.056,1933.8241091227221,112061.52882117985
0.056,252.99999999999997,3634.0000000000005
0.056,162.84962388657823,885.0728783552233
0.056,1210.0,120649.00000000004
0.056,699.9999999999999,7051.927396109522
0.056,1016.5025026821019,45284.95142291658
0.056,1100.9999999999998,79328.0
0.056,2011.3344768057384,94567.43634781319
0.056,1314.9999999999998,100696.99999999997
0.056,382.12238452805695,5851.066669813517
0.056,292.73879141651184,7802.166493993834
0.056,772.6583677303281,27159.857150625765
0.056,2191.3466179497937,125424.3880591011
0.056,543.9963235169886,4615.693447359778
0.056,3499.999999999999,165481.99999999997
0.056,1388.0779293061655,31003.956661265136
0.056,337.57221449639485,3588.840202628142
0.057,2151.046257057248,94121.29064138468
0.057,2574.00466200044,109376.67678714698
0.057,2262.096681112785,111304.60293490243
0.057,2901.0004475311093,125513.10075962947
0.057,2046.0,60403.999999999985
0.057,1451.9999999999998,58214.0
0.057,948.991542979403,29284.69066211253
0.057,3499.999999999999,210621.00000000006
0.057,3499.999999999999,287380.9999999999
0.057,1842.0000000000002,241648.0
0.057,3499.999999999999,174241.99999999997
0.057,1532.0447691471197,36950.3031954969
0.057,773.6474968761198,13603.808552720855
0.057,944.9999999999999,102795.0
0.057,930.8713740492262,17504.875442615456
0.057,724.5688373094719,10271.203386166586
0.057,1578.9289555122273,47184.27230708415
0.057,1551.733400971439,77120.8487071332
0.057,1044.44420037725,27581.6250694646
0.057,1360.5025963504447,53766.40235407915
0.057,2479.8185417485697,130360.32126379554
0.057,610.021311103145,34395.52194690468
0.057,705.3260400291053,18260.426566759117
0.057,3499.999999999999,120415.99999999996
0.057,1500.888362659548,36419.858476735186
0.057,1916.8307089170341,133931.24597107843
0.057,784.8566748139431,35439.72495660766
0.057,1442.5775542410188,59211.698506291854
0.057,3499.999999999999,297098.0
0.057,305.7848673695163,3898.9297512966964
0.057,2266.838606718632,107427.9728192558
0.057,1280.702151165524,71326.84016553652
0.057,1307.776739355766,42704.8077621244
0.057,871.9934909594656,15592.42794032194
0.057,1552.3646478839948,110311.80666184376
0.057,1262.970324716625,34346.05149999714
0.057,808.6311279811204,22374.62578902466
0.057,1038.0,38086.00000000002
0.057,467.99879558913443,8026.803880394684
0.057,1245.0,50445.99999999998
0.057,1752.9999999999998,40504.000000000015
0.057,3499.999999999999,104057.0
0.057,600.6746207390487,17731.59087617352
0.057,3499.999999999999,158994.00000000006
0.057,1389.9640283115239,57448.749333645195
0.057,1251.3824355487816,93204.86157384708
0.057,1849.6591066257015,49254.709019550035
0.057,2376.0260941328065,80527.56818009588
0.057,799.6296094952835,14530.63314051938
0.057,2096.165435932783,80111.66730515531
0.057,3499.999999999999,127675.99999999996
0.057,717.3137388897554,11981.965197746154
0.057,1113.9999999999998,90412.99999999997
0.057,149.0,302.0
0.057,714.2608739887025,11331.726989245617
0.057,1294.9613893857993,99950.77030218428
0.057,1858.19128909981,74547.33151882654
0.057,272.33480434421926,2885.206577564394
0.057,63.0,655.0
0.057,145.0,2664.9999999999995
0.057,744.535091228452,13821.95236749013
0.057,2316.412799596425,180145.3354373476
0.057,1176.0,122934.99999999994
0.057,773.6278174936574,11716.22857407622
0.057,878.9461682577929,23273.726030036138
0.057,2268.461247012533,136366.5354225515
0.057,1109.0,16401.000000000004
0.057,344.5046451219415,2928.520190667531
0.057,1661.286850607083,128423.76210032166
0.057,1259.2382226610903,34089.489807563594
0.057,2537.025817763784,165769.0821293284
0.057,1442.9999999999995,59846.0
0.058,982.8529900244488,22397.198262282716
0.058,169.0,212.0
0.058,2117.427684715584,94281.55329649591
0.058,3499.999999999999,186718.99999999997
0.058,1284.0000000000002,24393.999999999993
0.058,3499.999999999999,260027.00000000006
0.058,147.0,2000.9999999999998
0.058,506.8911685919108,17631.002626106492
0.058,747.5889984747738,10263.41438994571
0.058,1524.46712001276,75480.33496878507
0.058,2533.5745499195395,163227.87550538057
0.058,1769.0000000000005,115705.99999999997
0.058,818.0,8100.000000000003
0.058,1387.552150192025,23622.964176630547
0.058,2094.9940334043918,74225.41281798307
0.058,1124.2546503231868,47398.92642787354
0.058,3499.999999999999,159592.99999999997
0.058,758.4718781869344,21160.718296727682
0.058,3499.999999999999,162519.5639546206
0.058,121.0,183.0
0.058,2497.7045596932394,94997.31274811782
0.058,1245.6784111842037,39291.342786958856
0.058,2084.9460424672866,146020.7713443536
0.058,506.49675993466747,11001.641559619517
0.058,761.5641798299079,41087.02713752848
0.058,2005.3677966896744,119353.1139560254
0.058,1872.6985876002573,83662.19793909317
0.058,1219.0000000000002,27057.000000000004
0.058,1226.9999999999998,127375.00000000003
0.058,3499.999999999999,136053.99999999997
0.058,1530.1960658686849,12426.109004833337
0.058,436.53553928702866,7455.920694686101
0.058,1243.0,25158.999999999993
0.058,757.966142706555,9796.834811892886
0.058,120.41594578792294,461.597227028066
0.058,1540.610268692248,56371.413837156855
0.058,1336.4240027417306,51113.6370616449
0.058,1700.0,157984.00000000006
0.058,982.5663918439681,16832.405715499317
0.058,1708.3499238259258,46300.33850225691
0.058,1454.0,161065.00000000003
0.058,386.2872528590922,7199.722211159276
0.058,3499.999999999999,197337.99999999997
0.058,2017.0000000000002,136144.00000000006
0.058,1248.9999999999998,67999.00000000001
0.058,3499.999999999999,128223.99999999996
0.058,1962.4883361714985,101016.9712148137
0.058,610.9650584547094,7803.981217591
0.058,1441.0000000000005,55095.99999999999
0.058,1677.7628963355603,98651.17318015506
0.058,1548.9999999999998,113596.0
0.058,3499.999999999999,143376.0
0.058,1737.656180031021,129585.64797075334
0.058,1773.9999999999998,124070.99999999999
0.058,3499.999999999999,85614.00000000003
0.058,512.3475382979799,14177.31004104799
0.058,2696.850014368615,134869.58740946758
0.058,1132.3444705565528,35338.0571197682
0.058,1175.0000000000002,75559.00000000003
0.058,1085.7895909169413,25649.684824648277
0.058,261.2470095522626,3930.115774376118
0.058,442.8792160397685,12353.3792947517
0.058,2441.0155633980094,121451.4313925272
0.058,3499.999999999999,205591.0000000001
0.058,2612.2124173525513,137966.62995742165
0.058,986.1800299264395,44489.249829577326
0.058,2497.7045596932394,96179.44282389322
0.058,714.8426400264606,7786.458694425856
0.058,1258.0787971416773,45788.409888924354
0.058,1040.6578677916616,11097.387243826422
0.058,3499.999999999999,272710.00000000006
0.058,548.6346689738081,12650.861630734884
0.058,2187.9917370711773,191710.83604097477
0.058,601.63305120708,10316.113849420672
0.058,2424.149335333943,140572.79708393096
0.058,1385.0000000000002,119904.99999999997
0.058,3499.999999999999,184318.7702215918
0.058,434.7559541830699,2668.7509225729773
0.058,2561.016668549829,172142.00633330163
0.058,1316.2446581088188,103292.19320936123
0.058,1501.9999999999995,55908.000000000015
0.058,2104.14117352858,135331.85168076784
0.058,3499.999999999999,210465.91560630428
0.059,1584.6948166349919,58877.511819799736
0.059,1523.4565960341636,98356.01672495689
0.059,1342.8793691169733,47394.16921943036
0.059,3499.999999999999,130202.00000000001
0.059,404.7591876659503,3164.817688272107
0.059,1149.241209591666,72891.40985350612
0.059,62.0,523.0
0.059,1191.2947611930865,35585.181997231026
0.059,1905.9999999999995,114205.0
0.059,1497.9999999999998,97126.99999999997
0.059,3499.999999999999,105602.0
0.059,1063.249735480804,17678.112399235386
0.059,856.9093133567562,28391.01772979916
0.059,424.7428534412069,7416.971833393725
0.059,1827.4081676385667,114416.58731489035
0.059,2912.386587975597,101101.16232072959
0.059,97.0,771.0000000000001
0.059,1590.0000000000005,100758.00000000004
0.059,3499.999999999999,298162.0
0.059,1396.0,53218.00000000001
0.059,1313.990487027969,45306.50626565678
0.059,1646.0085054458261,95440.00006286679
0.059,1526.7612779999367,28258.23472901306
0.059,2049.1717455192897,140343.06245093877
0.059,953.067952298114,41794.42333758508
0.059,3499.999999999999,101638.99999999997
0.059,1248.8429925058601,59891.305025118
0.059,3499.999999999999,230424.00000000003
0.059,1583.2498223590615,99254.46041866332
0.059,3499.999999999999,154528.00000000003
0.059,1450.100686159413,58416.32747785502
0.059,1977.2207034999628,82131.82533489742
0.059,3499.999999999999,207350.00000000006
0.059,655.8077248558318,10322.740557638454
0.059,3499.999999999999,145568.00000000003
0.059,91.0,1177.0000000000002
0.059,1190.0106015712809,46205.75477450414
0.059,1539.9062783396696,45423.287952656035
0.059,3499.999999999999,168415.90158889393
0.059,1755.9999999999998,123598.99999999997
0.059,3499.999999999999,202450.00000000006
0.059,1080.9999999999998,29760.99999999999
0.059,1404.9911031746778,24469.428804122104
0.059,2048.3921161705994,154818.65832621208
0.059,1857.7868849132742,91711.10948577788
0.059,588.6425061104574,4815.4725624802395
0.059,292.0,459.99999999999994
0.059,1975.1926488320073,140132.15267025618
0.059,1166.1466460098407,20898.776040715882
0.059,3499.999999999999,131873.87132408004
0.059,3499.999999999999,174092.52173772425
0.059,2147.7895613863107,107079.87101224955
0.059,93.0,117.0
0.059,3499.999999999999,201816.0000000001
0.059,1246.3899871228107,53214.657229000375
0.059,1003.9999999999998,44802.99999999998
0.059,1215.9999999999998,72145.0
0.059,641.8895124902605,11909.776600582914
0.059,1792.6338164834444,104836.14971945506
0.059,1634.2842470023381,45493.26776568156
0.059,409.14300678369165,6169.606146262497
0.059,3499.999999999999,67720.0
0.059,1493.0,122567.99999999996
0.059,713.0,6843.999999999998
0.059,2304.2352310473852,195760.91493451904
0.059,1240.9479397316977,19853.78792622191
0.059,3499.999999999999,186014.0
0.059,1357.987580166691,30241.0618750674
0.059,2649.329366312697,156121.4085875885
0.059,3499.999999999999,138824.99999999997
0.059,1582.0,85762.00000000003
0.059,3499.999999999999,282421.00000000006
0.059,1830.9999999999995,71462.0
0.059,505.4700782440044,16625.311666251564
0.059,3499.999999999999,198903.00000000003
0.059,458.9117562233505,3895.6853055656334
0.059,3499.999999999999,162215.00000000003
0.059,3499.999999999999,137470.99999999997
0.059,3499.999999999999,79652.00000000003
0.059,2409.2403326414947,128064.61008365623
0.059,2000.7888722895914,118751.36408439514
0.059,1589.7678370991862,78507.97389104028
0.06,102.0,104.0
0.06,958.0443405019874,22342.281224049137
0.06,340.51138013288187,2924.4021611262697
0.06,1142.0,17152.0
0.06,1562.9999999999998,55823.00000000002
0.06,2337.797011073781,104915.74311967795
0.06,666.6220818424785,7166.981861285828
0.06,3499.999999999999,134919.0000000001
0.06,102.0,1213.0000000000002
0.06,1323.2550774510557,54948.50644012082
0.06,505.72020234478947,16115.53579348507
0.06,1418.0000000000002,86823.00000000003
0.06,1350.0,45800.000000000015
0.06,1393.9999999999998,65542.0
0.06,494.5725427073363,11992.873300423049
0.06,889.5953776985821,33245.37563631331
0.06,734.0217980414478,5585.720723416093
0.06,543.1528931541858,8197.243935057924
0.06,1993.480940686824,116614.18829859827
0.06,70.0,783.0000000000001
0.06,975.8069147398712,17906.8416054155
0.06,2455.707637321674,133492.4144661412
0.06,563.4880754336939,7225.902880818638
0.06,1009.2076099594177,42472.220156238625
0.06,760.5973474817529,20510.72951141054
0.06,552.9999999999999,5995.000000000003
0.06,2415.152969376529,102974.79398309425
0.06,977.4968030638257,40730.630108064885
0.06,1220.4090158639294,31428.329110485214
0.06,1827.0,79320.0
0.06,569.3972805926836,4664.191375359048
0.06,1463.8927050423918,65042.265226947486
0.06,1251.1837862799002,49092.32006922675
0.06,2435.9502017587743,143593.62765940765
0.06,1810.4198408104128,94962.87999529079
0.06,1085.9999999999998,70780.99999999999
0.06,358.342015398697,9685.470045382413
0.06,3499.999999999999,101274.00000000004
0.06,611.8455687508082,6000.036666554631
0.06,1554.2125174265714,101431.31331992222
0.06,3499.999999999999,139599.0
0.06,3499.999999999999,145919.99999999997
0.06,333.49662666959625,7631.400330214629
0.06,3499.999999999999,126754.00000000004
0.06,1572.9999999999998,22623.0
0.06,1400.9196979127676,104212.39976605473
0.06,1891.0000000000005,43139.00000000001
0.06,1215.9999999999998,39760.99999999999
0.06,2320.4509563679003,118838.0013880317
0.06,1750.0223056959787,54257.12256131832
0.06,1860.0892769220077,106911.43774791542
0.06,1035.9999999999998,22048.999999999996
0.06,2941.6694977417756,130760.10860843351
0.06,2014.9441679609884,124687.3083958428
0.06,1101.1695549493777,29675.598654628327
0.06,1050.661090073691,46265.89212646246
0.06,3499.999999999999,143881.0
0.06,77.36278174936577,272.306812254119
0.06,2555.2965710005637,144167.11834597692
0.06,3499.999999999999,129963.00000000003
0.06,1513.0,110132.00000000001
0.06,400.8542109883472,3463.238937020109
0.06,608.9707628037747,19981.795482220827
0.06,950.0461658082171,14205.796864190926
0.06,1804.7800472205442,90001.32900565423
0.06,1369.6714934611143,28080.86900364732
0.06,1441.655992253353,47451.61864467849
0.06,2214.379995647033,71363.27853836361
0.06,2165.6407827707712,119604.09300688659
0.06,1988.9999999999998,105330.99999999997
0.06,1901.3708020834283,108634.36637062901
0.06,1498.2079294944344,67578.21310895987
0.06,2012.3369499166884,61656.196963484545
0.06,1346.0000000000002,82553.00000000001
0.06,613.5792439661959,18409.044212845005
0.06,3499.999999999999,217334.06934026701
0.06,64.0,82.0
0.06,1368.3932183404006,27828.75236154148
0.06,815.1136514752819,7145.890015801835
0.06,85.0,98.0
0.06,2252.5403406501837,92054.93464035064
0.06,1999.33352793216,77441.23095933646
0.06,3499.999999999999,149895.00000000006
0.06,1248.5479036584832,26382.427080341473
0.06,2055.4535340432176,140651.42873989252
0.06,1662.6920941653627,86508.67506787973
0.06,1659.0,67955.00000000001
0.061,409.27252534222237,3151.613872288292
0.061,3499.999999999999,172489.0
0.061,1043.3443928164306,25346.817600192306
0.061,2563.103587450184,153010.8451450419
0.061,2671.8263815919863,127386.49466332403
0.061,765.024989571991,23478.44480823389
0.061,3499.999999999999,233814.0000000001
0.061,2157.5449010391417,82309.92848982438
0.061,3499.999999999999,127243.0
0.061,3499.999999999999,100710.48739828444
0.061,418.23417355608774,4341.121857052506
0.061,2613.809480432727,198863.03226592927
0.061,3499.999999999999,282775.0
0.061,2235.8114563640884,136002.70644369014
0.061,377.3975750394146,2139.142697551289
0.061,701.8333135438928,22488.34184638787
0.061,2072.0,109478.00000000004
0.061,2035.0000000000005,139069.0
0.061,83.0,848.0
0.061,2063.8556151048942,115561.34303909757
0.061,1941.5200230747039,106463.65368049324
0.061,197.89391097252084,1027.0170397807428
0.061,1537.4773868818443,75290.3456578878
0.061,692.4593850905626,6759.176429122115
0.061,311.6247743681493,4063.0515625573844
0.061,1003.2870170143104,13862.878815452383
0.061,1411.0,118771.99999999996
0.061,896.1643346270229,20246.288057284055
0.061,2606.1614227650534,119234.26856141163
0.061,1734.9236294430941,150984.16780907856
0.061,150.0,1976.0000000000002
0.061,2183.1851708145823,154824.99005893242
0.061,1215.6718977661524,28239.384803087745
0.061,639.2150070815057,6276.578259645052
0.061,1588.0,46746.000000000015
0.061,1034.9999999999998,49174.00000000002
0.061,3499.999999999999,119692.00000000003
0.061,1933.3908037435165,84282.78993365132
0.061,2485.457704327313,82693.35222374291
0.061,93.65895579174477,171.07892915259904
0.061,2605.762844159077,108334.63919725768
0.061,1145.0546034090833,30541.781518290598
0.061,422.2482418458133,6939.903211590041
0.061,1467.6103024985891,43370.223967602484
0.061,60.0,408.0
0.061,1685.0000000000002,91455.00000000003
0.061,3499.999999999999,211744.70410256681
0.061,1666.0,76943.0
0.061,1837.7975949489105,82847.27414345022
0.061,2067.72884467355,99972.76232042839
0.061,712.6785025213609,19596.855590062336
0.061,395.00000000000006,2602.9999999999995
0.061,3499.999999999999,221620.84949300252
0.061,3499.999999999999,196114.92570684163
0.061,1846.3019871108017,84605.3677113304
0.061,1541.0000000000002,68926.0
0.061,1459.319368273988,60387.60320081898
0.061,2174.5114393812682,104390.35382160555
0.061,2305.3118538078893,152761.14132658555
0.061,63.0,625.0000000000001
0.061,1172.7594015323189,49900.921744766056
0.061,1518.7165634179405,24511.830714983327
0.061,3499.999999999999,170779.99999999994
0.061,530.2617077032272,9770.253370847038
0.061,2467.1314290444075,100155.63528972423
0.061,1080.0,46941.999999999985
0.061,297.0,723.0
0.061,520.6419114900375,4937.367517209955
0.061,2691.0035302838237,228839.3970604711
0.061,103.0,988.0000000000001
0.061,2004.49494885869,63596.11992881329
0.061,474.0,14661.000000000004
0.061,1855.9999999999995,78372.99999999999
0.061,425.8896570709365,2398.218088498208
0.061,421.0,10793.000000000005
0.061,932.2424577329654,26852.29762981188
0.061,3499.999999999999,213542.04274100228
0.061,429.6661494695621,6622.121336852714
0.061,2364.2123424092006,170906.6660139387
0.061,2392.9061828663494,117488.94473523878
0.062,2314.33710762303,48532.444807738495
0.062,1123.0000000000002,22264.0
0.062,1680.9999999999998,89399.99999999997
0.062,252.99999999999997,12757.999999999996
0.062,1036.5326007727006,20505.27137761169
0.062,386.0,13257.000000000005
0.062,1097.5381896734864,38912.076777136244
0.062,1534.9999999999998,68099.99999999997
0.062,2634.482871456939,140451.93500981026
0.062,583.0,4649.999999999999
0.062,604.9173395251838,11270.425870563658
0.062,1578.6576576319512,45762.24885208333
0.062,545.0,7118.999999999998
0.062,325.66616182120265,4601.004512274209
0.062,1605.0,35898.99999999999
0.062,949.8806867701218,14169.727965271255
0.062,1451.9999999999998,101437.0
0.062,381.3554772125346,1440.5342758851666
0.062,2067.189781151959,159244.828536617
0.062,1618.3934690812143,32459.61993004243
0.062,2064.703368525367,164231.22773394833
0.062,3499.999999999999,204576.9999999999
0.062,3499.999999999999,284215.9999999998
0.062,1570.3517272198721,98656.96564195813
0.062,933.9538385220862,31462.94383487358
0.062,522.5515619544148,6087.445424087005
0.062,2595.294744409088,137254.5301103362
0.062,2568.5599078082646,83861.5945829794
0.062,972.111104761179,39176.783941513124
0.062,143.16424134538624,622.7800574841813
0.062,931.6651759081694,20758.64138136213
0.062,646.4982598584472,14563.580329026243
0.062,1692.0000000000005,200667.0
0.062,1703.0023487946223,136534.9739041246
0.062,1556.0000000000005,95048.00000000003
0.062,2179.369820374537,116019.86606051982
0.062,1924.381988430378,114055.97179687304
0.062,605.9331646312157,5632.600465149291
0.062,2427.6885899662893,165577.34691869363
0.062,1152.6090730146116,14625.45911224448
0.062,77.54998388136518,563.1926846115812
0.062,2457.844584183467,130367.50509617037
0.062,892.3284148787372,8117.455697446091
0.062,893.2328923634644,42849.62094348095
0.062,409.08474400884984,4669.999953658063
0.062,1707.6843137065653,90622.21951839096
0.062,62.0,780.0000000000001
0.062,1324.11242705607,45574.40829119868
0.062,1055.055448779826,23603.49791874078
0.062,2620.496136230694,124023.71456701343
0.062,3499.999999999999,168882.00000000003
0.062,1612.2450771818699,100085.72287103071
0.062,3499.999999999999,234475.75940993315
0.062,2014.9441679609884,103432.39159953716
0.062,910.108468332825,14521.573232643317
0.062,1738.6054496811514,86940.31106398744
0.062,3499.999999999999,174233.9999999999
0.062,694.196414454996,17907.91543276311
0.062,93.0,95.0
0.062,904.9861877399014,17673.29027091448
0.062,1094.4942515480336,40945.46364139609
0.062,508.7966194856251,18920.188212594505
0.062,1653.0392190398454,98069.52095719372
0.062,85.0,106.0
0.062,88.0,147.0
0.062,1534.7638254793471,55791.59816674906
0.062,3499.999999999999,258389.0000000001
0.062,1721.8269397843233,57939.58541169949
0.062,1659.1914649279393,67512.59768261432
0.062,602.5761565320967,25281.10114308431
0.062,3499.999999999999,194349.234919904
0.062,2757.697442481564,179827.14223931666
0.062,259.0,4861.0
0.062,542.8333077474152,6162.233036813846
0.062,253.3771891863985,3184.107410248593
0.062,1469.0677315903442,96706.4145907602
0.062,1621.0,173642.00000000006
0.062,365.7813554570545,3976.880687171793
0.062,407.7940656753111,6911.740012471538
0.062,1889.0,127712.99999999997
0.063,1476.0000000000002,133572.0
0.063,168.0,4542.0
0.063,1168.3321445547922,12573.363750405058
0.063,100.0,107.0
0.063,1952.0000000000002,118981.99999999997
0.063,3499.999999999999,117807.0
0.063,3499.999999999999,214700.0
0.063,2585.5366947695793,111211.21037017799
0.063,1558.0,139438.00000000006
0.063,2033.9616515558982,89454.13428120576
0.063,3499.999999999999,185301.00000000006
0.063,1472.5977047381273,71048.75805388862
0.063,1468.4440745224178,74885.67043166538
0.063,1186.147545628283,26501.45094141073
0.063,1185.0,19409.999999999993
0.063,644.9302287844787,14662.198504999176
0.063,931.5939827997786,27313.72284842354
0.063,3499.999999999999,119326.99999999997
0.063,3499.999999999999,290891.00000000006
0.063,1993.1131427994742,97576.74494468445
0.063,3499.999999999999,184438.0
0.063,638.3705820289653,13911.418906783018
0.063,91.48770409186145,993.9642850726576
0.063,2374.2938489983453,135172.12483096597
0.063,1447.0,59401.00000000001
0.063,1435.0,114633.00000000001
0.063,1151.1582533323117,18819.674231197696
0.063,1004.3556672841725,19929.708970253476
0.063,1889.9588468405568,119874.64317124072
0.063,736.5459931328118,20668.61874920528
0.063,491.59027655152005,10817.813272561149
0.063,2361.625496190135,102296.89930188056
0.063,1919.0000000000002,70980.99999999997
0.063,1659.0,97762.00000000003
0.063,1529.3658816646853,79554.85063778321
0.063,1126.73818939336,61051.958845112495
0.063,2427.035228421705,131252.98830883813
0.063,687.2117577573888,13049.773178105437
0.063,423.8035302696532,7887.219475252704
0.063,774.3827204056483,30922.855688230557
0.063,1151.7378173872733,9613.605359073148
0.063,1589.2425003921717,68458.74154046332
0.063,1527.572964578013,29294.10667916498
0.063,1096.0274070969754,51408.10705468418
0.063,1219.0000000000002,106697.00000000003
0.063,2026.0315427212524,64608.508391058036
0.063,2086.6240677227893,124223.81912499711
0.063,3499.999999999999,177000.74675266206
0.063,3499.999999999999,132970.00000000006
0.063,3499.999999999999,220449.9999999999
0.063,2497.7045596932394,90237.43059081872
0.063,1899.9999999999995,26405.000000000007
0.063,1824.3724948595338,122367.76488520166
0.063,1779.9401675337294,102169.22961440009
0.063,2007.9840636817814,97845.1508558293
0.063,86.0,132.0
0.063,737.8241417237556,10833.088971020357
0.063,917.5469298176095,20788.506003975323
0.063,1471.4571423564605,59190.89077973929
0.063,1516.0000000000002,82656.99999999999
0.063,3499.999999999999,194258.99999999997
0.063,2070.447520663329,87994.49986272366
0.063,842.9159475598977,22601.809899989028
0.063,1388.3267899341104,55884.0510874038
0.063,1506.0,38798.0
0.063,3499.999999999999,195430.00000000003
0.063,1632.5287133768888,98520.65529623722
0.063,3499.999999999999,135239.00000000006
0.063,304.5652639419013,6288.402022771764
0.063,454.4980343489794,2599.690061660162
0.063,1966.3303584017335,87903.4658996251
0.063,2080.1313942513834,73199.46095999256
0.063,1391.9748560947503,58515.56645884921
0.063,1492.1099155223112,93655.11066674364
0.063,2408.2151066713295,90102.78588922764
0.063,561.3234361756153,5210.538839697868
0.063,392.4515011374038,8323.942869183644
0.063,2051.882902209163,44620.3786659581
0.063,1278.3089271172303,34303.844784198984
0.064,1139.5704753048217,43314.459146962705
0.064,22.0,25.0
0.064,1940.220464193089,131672.85927521545
0.064,3499.999999999999,157706.6865291386
0.064,3499.999999999999,189757.99999999994
0.064,1341.9090878297236,44365.46190450404
0.064,1537.524740469764,61911.68267736339
0.064,473.2863826479693,10702.681533148601
0.064,112.99999999999999,216.0
0.064,1495.0,49971.0
0.064,1751.0000000000002,105884.00000000001
0.064,2662.8931634596233,130877.7241855924
0.064,566.6162722689845,11681.338193888576
0.064,2554.212207315594,207533.44606833867
0.064,922.0872584116894,28311.598197284395
0.064,156.0,362.99999999999994
0.064,656.2133947836185,14185.070216117816
0.064,1493.0,71970.00000000003
0.064,762.2934529686872,32923.01149706264
0.064,1460.3561209513246,93286.23646605114
0.064,1427.0117886001494,64455.491098123886
0.064,856.3322953153173,44758.243397166516
0.064,1434.503520009174,93694.18739610203
0.064,1243.5561720795806,12773.651077321903
0.064,1957.0783761132575,128981.0711866313
0.064,1522.0,101335.99999999999
0.064,1109.9549540409282,24670.983766360012
0.064,2088.3007446246816,88153.07340076123
0.064,1342.5721582097551,67088.46473127855
0.064,3499.999999999999,185896.99999999994
0.064,3499.999999999999,112858.0
0.064,1209.3309645244472,63973.899216556754
0.064,322.68572920490874,4214.215750264048
0.064,3499.999999999999,228979.99999999997
0.064,360.64248224522856,1152.31679671868
0.064,93.0,1163.0
0.064,3499.999999999999,122772.88158221255
0.064,886.1962016820709,41998.42441921354
0.064,50.0,351.99999999999994
0.064,1473.7782021824983,32467.05400335789
0.064,3499.999999999999,268134.9999999999
0.064,2180.9401642411012,83775.70320803039
0.064,2332.9166294576407,170672.49948366015
0.064,1780.9999999999995,117470.00000000003
0.064,928.9327565350782,15879.492681071648
0.064,1938.082164288444,113812.90511520774
0.064,65.0,645.0
0.064,3499.999999999999,106584.99999999999
0.064,336.4646370015293,5559.406468868995
0.064,3499.999999999999,155445.3683774463
0.064,1058.0,17099.000000000007
0.064,802.3198372747415,20672.179127692794
0.064,3499.999999999999,237204.0000000001
0.064,755.4914570188764,10119.172569700044
0.064,2039.1174561559708,98228.99938409221
0.064,814.2282264753865,33760.93837770622
0.064,939.6516741697484,33170.16989517183
0.064,2201.7038856304,137766.71619081302
0.064,194.0,254.99999999999997
0.064,1534.9999999999998,57730.999999999985
0.064,1204.9398325227696,57323.749633114516
0.064,1318.075708534355,37666.402124561166
0.064,1116.2437009900661,12910.443524526963
0.064,1538.847945704838,35866.61121433134
0.064,1511.9482917830335,47374.18588136991
0.064,570.0000000000001,7026.999999999996
0.064,2270.572615002656,74937.1324845033
0.064,1010.493443818415,10807.306139829661
0.064,1191.0000000000002,8980.999999999998
0.064,3499.999999999999,128423.00000000004
0.064,1596.2768247196313,53667.009532720054
0.064,3499.999999999999,146118.0000000001
0.064,2078.864178940687,62341.37350092576
0.064,3499.999999999999,106016.00000000001
0.064,1343.5910213939474,39636.2391949951
0.064,1438.9999999999998,30590.999999999996
0.064,494.9747468305832,12930.569979703134
0.064,161.0,2508.0
0.064,704.051786857305,33184.75245090429
0.064,200.0,1427.0000000000002
0.064,3499.999999999999,97143.50618028975
0.064,1825.0280098284418,91019.39643585535
0.064,3499.999999999999,150342.2648489171
0.064,372.82167318974365,12949.928957334098
0.064,1149.9999999999998,32699.000000000007
0.065,362.38101495525393,6918.992556723849
0.065,1993.9822448048083,118205.9521986425
0.065,1028.583803450293,32414.28489563428
0.065,1800.9999999999998,144007.00000000003
0.065,773.920076781076,18934.491950548978
0.065,1052.209190376407,27964.6197886627
0.065,374.41033252464354,5055.174195694714
0.065,1399.9999999999995,158317.0
0.065,3499.999999999999,258881.0000000001
0.065,2843.5887482530175,104097.4697776887
0.065,3499.999999999999,234854.6836849187
0.065,1674.3277617268513,63282.49987919151
0.065,614.8170459575759,4954.309437247537
0.065,513.6727607597115,6189.969569877857
0.065,3499.999999999999,233500.0000000001
0.065,3499.999999999999,239209.9999999999
0.065,2388.5141824992374,112607.406861183
0.065,1513.0,181010.99999999997
0.065,2030.517175499877,86503.74895922144
0.065,2465.6642107148327,127011.67058187995
0.065,2453.7357973027133,190160.26834095098
0.065,1344.8657925607301,77938.06143342286
0.065,1272.5260120050289,34769.17352935178
0.065,76.0,93.0
0.065,1371.0000000000005,66588.0
0.065,1383.0,57246.99999999999
0.065,1583.7550315626472,88764.46910785865
0.065,3499.999999999999,187641.80898190045
0.065,2027.0668464557345,127925.99101824453
0.065,3499.999999999999,292031.2310969496
0.065,1427.0000000000002,42693.000000000015
0.065,2031.1408569364214,88699.01751750661
0.065,3499.999999999999,133249.00000000003
0.065,364.71548479134634,6468.814991995618
0.065,90.0,895.9999999999999
0.065,1174.5227577495975,51188.66492499618
0.065,3499.999999999999,155997.0
0.065,1595.0,167195.00000000006
0.065,352.56063308316203,6643.976219102531
0.065,2093.2168751807794,138228.26776499284
0.065,3499.999999999999,65631.87678255134
0.065,1618.9987646690777,46730.07213775728
0.065,342.9047552925358,3556.7726616431423
0.065,1419.2440385401194,98991.36464826218
0.065,2079.0,216696.0000000001
0.065,1325.5187663703593,50885.77030958655
0.065,530.3557597207273,16884.76308028049
0.065,1852.9999999999998,138299.00000000003
0.065,3499.999999999999,127631.00000000001
0.065,2169.6773953747133,133657.80362926805
0.065,2230.511872352811,132070.2906625178
0.065,1594.1521257395725,107482.58925053856
0.065,1522.3325222040485,34921.21420964882
0.065,223.92285821564474,3122.9343426645128
0.065,2159.302186567313,102499.30812956748
0.065,3499.999999999999,156574.00000000006
0.065,1737.9997123129797,67188.41459656572
0.065,599.898072218417,15840.381929541196
0.065,2021.0000000000005,76794.99999999999
0.065,1228.9954227325557,64137.29272902832
0.065,642.6507605223851,19110.20340027807
0.065,481.7686166615671,14446.22358957523
0.065,489.70427434952137,13078.322219223219
0.065,1857.6319570809624,61077.75618977945
0.065,1994.4578882803114,56546.102553772085
0.065,1361.3170093699703,90106.25181972669
0.065,323.96600771261046,4205.913990072684
0.065,340.5935994701016,2842.9468865949643
0.065,393.3853073006159,2880.2246440165045
0.065,99.0,101.0
0.065,1666.7060185819598,133020.4323410891
0.065,494.9747468305832,10429.514274404153
0.065,262.67000204765446,1750.2712752795735
0.065,2504.3961347997642,119301.85245837549
0.065,2093.023512723243,153830.58377975057
0.065,2696.850014368615,182174.88605183744
0.065,1927.0,17406.000000000004
0.065,662.012639309807,9827.577989527137
0.065,3499.999999999999,157052.0
0.065,1697.1393643487868,94651.43197686848
0.065,1071.0,54566.99999999999
0.065,77.0,90.0
0.066,1253.0,97392.00000000001
0.066,1776.7449633085803,80659.42866960785
0.066,1256.7068679396682,37890.960382354606
0.066,2320.8834524809727,95702.0582589529
0.066,1250.4207291947778,86766.36352873157
0.066,2248.6989680055012,117190.53445097031
0.066,2540.4723970159566,147942.42067439624
0.066,1227.9999999999998,49677.99999999998
0.066,2149.8332028228,126079.74560262314
0.066,1126.7597151695493,41171.60840031964
0.066,2424.871130596428,227460.995777298
0.066,3499.999999999999,107375.00000000004
0.066,669.3280212272605,23561.53963560106
0.066,3499.999999999999,114359.99999999999
0.066,437.0,13301.999999999998
0.066,859.6947132558164,12884.657542984996
0.066,2067.0,172579.99999999997
0.066,973.483986144743,21716.998948713663
0.066,2006.9874342707021,152624.77554885953
0.066,3499.999999999999,293447.00000000006
0.066,962.2862177699451,28736.092273113165
0.066,895.9999999999999,22612.000000000007
0.066,999.2847442045736,21927.5772487523
0.066,1513.0,97954.99999999996
0.066,429.2202725553439,17288.474532600383
0.066,143.0,200.99999999999997
0.066,177.0,2181.9999999999995
0.066,3499.999999999999,173707.58396224384
0.066,82.0,815.9999999999999
0.066,2205.6547024677116,110684.19059329288
0.066,1095.2786624935425,46875.34272234384
0.066,334.74214954437343,1475.3355279211285
0.066,449.76994119216107,13204.794280866321
0.066,625.2359554600167,35045.86566201497
0.066,511.8222649685819,13225.122900326456
0.066,2020.1504642356388,118729.24788322105
0.066,673.0,20974.00000000001
0.066,437.3671977874824,3356.549764902209
0.066,648.9999999999999,2602.9999999999995
0.066,1571.0,85113.99999999999
0.066,1382.0,46866.999999999985
0.066,859.8232376482972,32454.84607882156
0.066,273.0,2596.0000000000005
0.066,1372.9999999999998,83620.00000000004
0.066,1797.7235601579107,71725.16322797624
0.066,2593.4747615229976,136554.39934115123
0.066,1975.4746265138413,55139.22306307917
0.066,923.69652198914,28517.025006915323
0.066,1742.4802176516077,63072.15099209364
0.066,539.0,2404.0000000000005
0.066,2052.8999578636535,77875.23091671368
0.066,1825.0,70966.00000000001
0.066,3499.999999999999,136153.00000000003
0.066,1421.9031546975036,60133.17982509913
0.066,882.9711082232604,15668.87335309485
0.066,2065.550774006778,61642.47618322937
0.066,1685.1958343171873,191385.9650026617
0.066,1050.0,49101.99999999998
0.066,480.46803307051454,9194.998230673886
0.066,1409.0000000000002,87960.0
0.066,1120.3763055116638,49903.206634555565
0.066,3499.999999999999,183645.00000000006
0.066,147.16996976285617,1713.313456434636
0.066,3499.999999999999,176095.00000000006
0.066,1245.6338578324794,68339.91297294246
0.066,2902.455312593206,117865.73590480738
0.066,609.2111917210767,13181.898526906929
0.066,93.91485505499116,151.3142425550219
0.066,113.99999999999999,114.99999999999999
0.066,67.0,796.0000000000001
0.066,79.0,1195.0
0.066,2165.6407827707712,155595.79662381636
0.066,141.0,214.0
0.066,3499.999999999999,255095.03726062574
0.066,1516.0000000000002,111433.00000000001
0.066,74.0,103.0
0.066,563.4500289964672,12177.632915401397
0.066,1996.6221475281702,49980.77274312591
0.066,344.2963741476564,3416.3961926318416
0.066,891.793714488798,9255.118785330014
0.066,1021.4260249943338,40701.87519005158
0.066,1090.5029975897066,22044.853686339116
0.066,1766.5104090269722,44472.33566583549
0.067,287.4647804514493,6355.435311605332
0.067,621.9405116247052,15514.230886511901
0.067,1652.7386363245703,105669.77018996494
0.067,1223.669172413036,57959.41111660695
0.067,1155.962728730521,35270.781272232576
0.067,138.52737835718443,1200.6197493804802
0.067,913.462335423082,17587.390706252536
0.067,1510.664423358146,99344.4528597345
0.067,3499.999999999999,196734.0
0.067,1370.8656336937163,65572.80786779159
0.067,2069.081406854622,95360.71059487198
0.067,3499.999999999999,161795.99999999997
0.067,3499.999999999999,92514.99999999999
0.067,1617.0000000000005,93938.00000000003
0.067,1743.2774637460532,39040.15791457151
0.067,101.09464056565727,341.7751677083469
0.067,138.0,3808.9999999999995
0.067,3499.999999999999,145402.99999999994
0.067,964.5662285530225,22334.55829127144
0.067,919.1057012172599,17844.726790839162
0.067,2344.8880570295887,82453.94320467637
0.067,1895.0000000000002,74305.0
0.067,2058.595084737014,120533.3249834461
0.067,3499.999999999999,358566.9999999998
0.067,2524.5791728523777,95773.74668978967
0.067,1960.0000000000005,167316.0
0.067,2288.2307575941727,136885.59127972525
0.067,2413.296500639737,211742.89607918373
0.067,490.12678934738307,21019.032402296754
0.067,1758.9999999999995,139119.00000000003
0.067,157.0,3834.000000000001
0.067,908.8454214001413,18762.811942776603
0.067,1487.921952201875,76830.69108663037
0.067,1097.9999999999998,10396.0
0.067,3499.999999999999,145683.81921476388
0.067,616.9523861592595,9802.077856007752
0.067,2035.4713394871424,88299.66374959754
0.067,3499.999999999999,121768.99999999996
0.067,1612.8546121706072,128053.24771359762
0.067,1147.0,127308.99999999997
0.067,1568.6235938002367,74436.80883595883
0.067,2250.4483057322273,149771.41436111936
0.067,1446.9702830397039,94343.69053625152
0.067,1406.5233734282551,58562.7198138884
0.067,1582.0,74584.99999999999
0.067,1545.9987063383978,82957.87228467231
0.067,1937.692592717774,166858.3398577842
0.067,1317.7821941006912,41735.74792255404
0.067,2288.2307575941727,137195.30171255872
0.067,3499.999999999999,218416.99999999997
0.067,812.0773223505404,14015.591696376321
0.067,1883.2936573991856,123318.21903109048
0.067,1158.723824431879,34808.84485149683
0.067,280.61361335473373,6982.167428528194
0.067,1032.0,59305.999999999985
0.067,1865.1170422991654,103318.56650002401
0.067,459.4670826076662,15982.84361432595
0.067,1409.1586142092028,68310.59758192721
0.067,1202.6400209817118,42154.191321803155
0.067,2534.2651794948365,98314.13269210073
0.067,2147.654780507101,120122.2921197548
0.067,542.2176684690382,3328.4914000189324
0.067,1537.1443162377225,53299.59100648101
0.067,1720.141055675388,82378.30667897192
0.067,3499.999999999999,146152.00000000006
0.067,3499.999999999999,265997.0
0.067,2064.2816810439094,63491.2840788193
0.067,1326.0000000000002,133279.99999999994
0.067,532.1005544067776,8890.85372728626
0.067,808.851036965398,14716.944927531667
0.067,1323.446960716827,41887.227318283956
0.067,2492.4887161229035,153734.85718600065
0.067,108.0,109.00000000000001
0.067,3499.999999999999,241817.00000000006
0.067,2523.245991794521,131759.3257332347
0.067,141.0,3961.9999999999995
0.067,1116.0,16917.0
0.067,2842.072975711946,170777.21573481712
0.067,170.0,215.0
0.067,376.0,6322.0
0.067,1517.0000000000002,84668.0
0.068,1119.1412858780939,43772.76788190982
0.068,1379.8550648528276,64032.77285890407
0.068,713.8418436172071,5879.058476299131
0.068,1574.1664460913905,29741.899485406124
0.068,2095.481468995486,114718.83264414982
0.068,448.0550441160211,5701.097975257926
0.068,933.31381611294,26859.677320718787
0.068,1751.5351217338296,72888.95465174849
0.068,2380.441135588108,34329.00900113488
0.068,3499.999999999999,216399.98114602512
0.068,3499.999999999999,104999.39982685621
0.068,722.1914328316252,11613.03647649183
0.068,1545.367576122299,65091.02302374682
0.068,1263.5165214590586,86922.2056266407
0.068,1602.3663750840508,117260.02797202462
0.068,1838.0,114926.00000000003
0.068,2629.755190783137,134971.98581591446
0.068,721.5335324053543,37044.88550106263
0.068,1197.0000000000002,62754.99999999999
0.068,3499.999999999999,104230.00000000001
0.068,1096.0,12195.999999999995
0.068,70.0,821.0000000000001
0.068,1106.9911005562926,37007.17222601206
0.068,391.0,4393.0
0.068,1172.2212896611488,25055.204283818057
0.068,384.9090801734872,9435.154052796384
0.068,145.0,2502.0
0.068,3499.999999999999,285695.0
0.068,2280.6485910272477,140276.78820775778
0.068,3499.999999999999,213704.99999999997
0.068,1182.560274465786,38184.11158360205
0.068,3499.999999999999,206206.99999999997
0.068,2627.826067838778,142899.49006801055
0.068,3499.999999999999,211791.0
0.068,1396.0716314000515,31388.09962390203
0.068,1989.5979493354937,153010.47905290665
0.068,1908.8986600834903,101250.80359689821
0.068,1391.2796268184193,115808.13585409276
0.068,839.8660607501652,20087.443515788662
0.068,2102.442924246713,74403.10530109427
0.068,2045.1161336217563,68392.49824359393
0.068,3499.999999999999,123757.99999999994
0.068,484.29949411495363,7540.410665209157
0.068,647.2338177064606,9575.641788743773
0.068,732.8356586577416,22909.152465135383
0.068,494.1989901889139,7453.542643879462
0.068,273.80650101851126,1709.8675387292435
0.068,2429.1973983190414,116308.12729985807
0.068,520.3594911212824,9658.992028156974
0.068,2193.722241309554,149094.23233661806
0.068,1377.992249439086,153346.65459136027
0.068,2008.855395492667,169837.32717515307
0.068,3499.999999999999,158028.95858987357
0.068,1033.0,53493.00000000001
0.068,2912.5987735663207,138001.54807601296
0.068,1089.659948900285,26718.744398479786
0.068,110.00000000000001,1622.9999999999998
0.068,3499.999999999999,183074.73812626372
0.068,1911.0000000000002,144252.0
0.068,1771.0760285836077,77098.96255339327
0.068,3499.999999999999,145076.00000000006
0.068,303.0331441084511,3093.6505940098095
0.068,1151.7378173872733,43688.558250416085
0.068,1942.9999999999995,116110.99999999999
0.068,1868.2044855957288,39526.62132032033
0.068,1194.1263900877657,20307.39195962301
0.068,2155.676758246887,109470.1684092016
0.068,1280.1284898953672,34600.565133006225
0.068,1575.9999999999995,158535.0
0.068,631.0,52973.000000000015
0.068,1254.0,94391.00000000001
0.068,3499.999999999999,108233.74767141715
0.068,464.60736111258495,8614.054794346272
0.068,1909.7120201747696,155663.31528333836
0.068,2046.5359867714624,112166.68161457521
0.068,3499.999999999999,177229.99999999997
0.068,115.49025932952095,1324.751674843252
0.068,865.2115405096812,17956.4437598193
0.068,3499.999999999999,245936.00000000006
0.068,2516.2472056616375,192216.37068678616
0.068,561.9163638834519,9359.476481085894
0.068,484.25200051213,11833.368751120703
0.068,1915.202339179858,53418.373262389774
0.068,1993.0,94233.0
0.069,2561.0544703305313,141051.4928492427
0.069,1707.6826403052764,100169.31397389119
0.069,932.8168068971873,22154.22061471969
0.069,696.5813516500291,9125.994988955259
0.069,67.0,806.0
0.069,803.9831369475438,10706.063026235997
0.069,501.4675105970181,7731.8548555821235
0.069,3499.999999999999,217651.00000000003
0.069,1776.0000000000002,151011.99999999997
0.069,2666.8333281253244,64644.50990610106
0.069,1028.0,53416.0
0.069,3499.999999999999,203479.9996068428
0.069,900.2272101243954,69397.09687973795
0.069,694.7463836630362,21219.011469347846
0.069,766.8188313807024,12256.97306642589
0.069,1385.8201412872934,40337.40068716653
0.069,25.0,28.000000000000004
0.069,1629.0000000000002,172387.0
0.069,3499.999999999999,109450.0
0.069,1292.0913280414818,35817.978390746735
0.069,317.63973303099215,2348.113923982395
0.069,443.23244466081235,2317.433925703169
0.069,2476.994146137612,92840.56220208926
0.069,2133.072900770154,110668.83245069496
0.069,3499.999999999999,203837.78771366208
0.069,972.9999999999999,7548.999999999998
0.069,97.0,107.0
0.069,1064.0000000000002,124179.99999999997
0.069,1376.8706060105899,63316.57538044914
0.069,2644.083155819859,131193.44766241792
0.069,2342.6480742954113,32945.32971454376
0.069,1201.0,39754.0
0.069,638.7299899018363,13177.566391409295
0.069,3499.999999999999,175617.0000000001
0.069,675.9089720222784,22249.54135897124
0.069,3499.999999999999,195610.9999999999
0.069,271.0,1885.0000000000005
0.069,1618.0271938382252,49494.94190318846
0.069,1993.0,80910.00000000001
0.069,1545.3910117829196,69256.21819822286
0.069,1962.6337567378105,69644.78509807344
0.069,2508.5852586667256,133582.39105510875
0.069,1122.4972160321825,18189.562391657466
0.069,841.2283615781837,16061.127421691204
0.069,1438.5610761426371,45914.71762577003
0.069,2137.989709984592,212184.73195307906
0.069,3499.999999999999,232386.3431658583
0.069,1866.0000000000005,266951.0000000001
0.069,3499.999999999999,248413.0
0.069,3499.999999999999,223421.9891774308
0.069,635.7645887512956,7640.486400691123
0.069,425.25123584720603,7330.99473049255
0.069,1985.0000000000002,68945.99999999999
0.069,1149.9999999999998,56315.00000000001
0.069,2139.762439191232,104893.0599336271
0.069,69.0,87.0
0.069,2467.792535850613,144949.5955496255
0.069,745.7450079300992,12400.10257740326
0.069,624.5102080831026,10266.85287709919
0.069,494.50604899149135,5265.642159359118
0.069,1117.5095038921722,45532.37783315297
0.069,2734.9592085063114,203885.83828470047
0.069,1377.9999999999998,53754.00000000001
0.069,1613.0,105713.00000000003
0.069,1441.7766817368079,43693.635692169206
0.069,1518.4636972940775,97948.67660157534
0.069,2248.1103175778535,71313.73770880338
0.069,1378.5753515858314,53268.582109907904
0.069,1446.3642563632593,18781.554961636986
0.069,1551.3091698961493,25525.456371924447
0.069,706.7436773021226,26487.203432951526
0.069,749.9999999999999,27963.000000000004
0.069,63.0,577.0
0.069,530.9585671217671,20777.562344991296
0.069,2017.7270466049627,96061.25662589997
0.069,2328.468242785523,116767.73611297358
0.07,2940.7254445647036,128280.909045181
0.07,576.6281297335397,6766.043452417371
0.07,760.3195793563947,13182.19549742056
0.07,3499.999999999999,203362.03350674888
0.07,687.386354243376,7174.171380724046
0.07,1451.4663722979585,71374.569431414
0.07,2135.532720423642,134302.5976517208
0.07,2054.0000000000005,162127.00000000003
0.07,1399.9214263664942,63895.79563633274
0.07,2078.0,164511.00000000003
0.07,677.7135423812415,9324.753994990582
0.07,1835.0000000000002,35819.000000000015
0.07,2089.9999999999995,118881.00000000001
0.07,3499.999999999999,298311.0
0.07,1024.0,32977.0
0.07,1145.4025493249085,24637.761850460363
0.07,573.2372981584504,4256.190550245607
0.07,1083.485822058857,38960.613040007476
0.07,858.4629748149347,30509.74081921711
0.07,1339.0518279406717,29157.77381552906
0.07,574.0501864958919,8582.980888985277
0.07,778.8837308887736,34143.57389761499
0.07,2594.995183039845,155289.28798214003
0.07,1010.3735833195543,23167.260662973913
0.07,1701.5055098353344,76696.11305666018
0.07,1977.24555885201,154135.75091457527
0.07,1482.0000000000005,69297.99999999999
0.07,2699.720845294068,121271.07032694739
0.07,1208.9999999999998,49411.99999999998
0.07,1230.0000000000002,96807.0
0.07,3499.999999999999,261569.00000000006
0.07,3499.999999999999,215180.00000000006
0.07,3499.999999999999,194730.72835071513
0.07,3499.999999999999,147713.00000000003
0.07,1883.6220427676033,125098.23269734872
0.07,2079.0622886291785,131633.45843667552
0.07,132.0,179.0
0.07,2314.843407230822,98782.15142423254
0.07,620.0000000000001,11320.0
0.07,1564.638296859693,105314.63609584377
0.07,1251.1282907839627,30608.622706681846
0.07,63.0,711.0
0.07,2418.6481305039138,156013.940684732
0.07,2002.7481119701501,78464.03998648046
0.07,961.4249627345846,17884.218908946146
0.07,1809.0000000000005,183409.0
0.07,3499.999999999999,88560.00000000003
0.07,3499.999999999999,204626.99999999994
0.07,690.5288657263685,18624.889858098384
0.07,2801.041279381966,146735.37213442856
0.07,1232.0000000000002,49484.00000000001
0.07,1596.0,55242.99999999999
0.07,3499.999999999999,115696.0
0.07,1426.0000000000002,84875.00000000001
0.07,1501.9999999999995,56644.000000000015
0.07,3499.999999999999,145970.00000000006
0.07,91.0,92.0
0.07,1287.0,81614.00000000001
0.07,2699.5655450936615,160816.4614378165
0.07,3499.999999999999,147051.64762082743
0.07,3499.999999999999,155418.00000000006
0.07,641.2384090614335,6118.723612164026
0.07,3499.999999999999,213685.0
0.07,208.0,3026.9999999999995
0.07,418.865133426023,4180.158848656352
0.07,3499.999999999999,122470.99999999996
0.07,1528.3520536839671,55346.856730983345
0.07,3499.999999999999,203229.0000000001
0.07,98.0,108.0
0.07,851.6302014372201,42021.89067617019
0.07,3499.999999999999,184148.97759151412
0.07,1348.9340235904792,79250.28176606062
0.07,1048.4037059350467,46727.71341029219
0.071,2301.1953415562093,192713.18548039199
0.071,1399.9999999999995,56675.999999999985
0.071,1057.7589752999793,32060.64703207527
0.071,3499.999999999999,301586.9999999999
0.071,3499.999999999999,112293.17306544993
0.071,1963.0333670113707,102910.76828009788
0.071,1875.0431995023473,76319.38987570588
0.071,1093.0,180039.0000000001
0.071,3499.999999999999,147905.3710451382
0.071,1600.5217178828325,30717.62311778379
0.071,318.0,2619.0
0.071,1317.0,29348.999999999996
0.071,550.2487938940905,11366.322055794271
0.071,907.448473828005,24729.133639651172
0.071,629.6557403611479,8260.83714593146
0.071,1238.2906554978258,40011.793019292396
0.071,1395.0084145379567,25972.123049931422
0.071,381.2101035739427,7058.665868362503
0.071,542.2176684690382,4274.597174003649
0.071,2634.1164506684345,96323.15074896695
0.071,2222.273610516941,70737.83300328045
0.071,1045.808299565452,38082.33088789258
0.071,227.9583295253762,2682.3914703115192
0.071,348.0,3753.999999999999
0.071,1180.9999999999998,54352.999999999985
0.071,381.94551597590856,3980.710884282151
0.071,1007.9999999999998,37698.00000000001
0.071,3499.999999999999,224969.91484863035
0.071,826.986946294738,6996.994509487827
0.071,1497.8584712849208,42625.76475560291
0.071,1604.0,47350.99999999999
0.071,1836.2842917152018,86020.49225620604
0.071,1034.9999999999998,93237.00000000003
0.071,2583.5053706156673,217269.403497133
0.071,627.6742785872303,7079.758752951966
0.071,1109.0,133178.99999999994
0.071,3499.999999999999,140895.99999999997
0.071,216.0,1229.0
0.071,770.1062427191994,6768.614063571603
0.071,461.00000000000006,13084.000000000004
0.071,1538.8970440570627,100734.80384382402
0.071,1024.0,87179.00000000001
0.071,1207.0000000000002,149867.0
0.071,2197.7260975835907,73420.92280814788
0.071,3499.999999999999,134437.68774045468
0.071,3499.999999999999,214237.00000000003
0.071,1246.4389313324698,27711.693793788938
0.071,1151.7378173872733,49215.44761556068
0.071,2233.6837271242757,79255.36764775489
0.071,1853.3367586443028,80858.23336871428
0.071,1828.9999999999995,134659.99999999994
0.071,388.0180408176918,7444.160933241572
0.071,1153.5879898284604,69458.01659089145
0.071,121.98360545581524,453.3111514180961
0.071,90.0,104.0
0.071,1025.0,42512.00000000001
0.071,1478.166431766058,83152.20829298517
0.071,1619.9999999999995,79348.00000000003
0.071,1930.6734576307824,143776.4451153249
0.071,1552.900511945308,27608.9306022526
0.071,85.0,108.0
0.071,92.0,102.0
0.071,681.175454637056,7870.565418062412
0.071,3499.999999999999,185861.00000000006
0.071,1185.5261243286411,49773.61292208421
0.071,3499.999999999999,187588.00000000003
0.071,719.4700962095276,20014.89630436457
0.071,747.4056318678689,12770.679429973658
0.071,3499.999999999999,84491.00000000001
0.071,2031.9999999999998,51183.99999999998
0.071,2368.8739628760213,121346.17753864711
0.071,2350.850909777138,95475.49745877211
0.071,712.8300717523285,23424.618314758827
0.071,358.7575783171695,9324.461700280612
0.071,776.6241046993068,20406.956779490676
0.071,295.1762185542731,7201.415902445852
0.071,556.8599464856492,11555.171353121506
0.071,1110.0,141670.00000000003
0.071,1612.2240453074053,51286.48874978695
0.071,665.3825967065866,17091.975748871162
0.071,1514.1968167976054,51925.7241933129
0.071,551.8151864528558,20900.543342219607
0.072,1026.0,28908.999999999996
0.072,3499.999999999999,180254.02653477664
0.072,1259.900970941172,19116.962402832116
0.072,573.5852159879994,4383.497233944603
0.072,2488.975692930728,135024.45478504998
0.072,1971.927990571664,62529.23588210554
0.072,2051.950291795589,153794.6432747252
0.072,1646.9434048852772,102019.90539255974
0.072,3499.999999999999,191079.99999999994
0.072,505.0,22900.000000000007
0.072,1026.0,20446.999999999993
0.072,1882.730583908771,91095.36959652264
0.072,3499.999999999999,178252.5301363209
0.072,2309.679143599975,76312.88552615796
0.072,658.7867636800243,5743.336834976687
0.072,3499.999999999999,202015.10496990077
0.072,522.4940191045251,17194.744313306895
0.072,2054.0000000000005,172015.0000000001
0.072,3499.999999999999,125820.60903921907
0.072,3499.999999999999,137273.99999999994
0.072,1940.6184581210186,144992.03223970608
0.072,3499.999999999999,198739.0000000001
0.072,3499.999999999999,91264.00000000001
0.072,87.0,1519.9999999999998
0.072,1388.9999999999998,165755.00000000006
0.072,1880.5361380207733,124478.40422573975
0.072,315.6184405258983,3876.931905514978
0.072,1090.9999999999998,87578.00000000001
0.072,1343.0000000000002,77296.99999999997
0.072,124.0,913.0000000000001
0.072,1621.0,98336.99999999997
0.072,3499.999999999999,210641.0000000001
0.072,3499.999999999999,268414.5054500596
0.072,3499.999999999999,225894.47496563534
0.072,1440.6595711687055,39050.56265919867
0.072,750.1602620486244,5375.562968255535
0.072,59.0,399.0
0.072,1479.9564260578081,95299.96590291335
0.072,3499.999999999999,177255.5789237094
0.072,1034.6173205586692,14237.871680837696
0.072,995.1159945952273,19067.924146636367
0.072,1548.3158954434316,37656.74038669991
0.072,252.0,1329.0
0.072,828.2673392035722,8244.465081252085
0.072,359.19632514823985,7515.165467240227
0.072,3499.999999999999,198522.4468441793
0.072,101.0,653.0
0.072,299.93999399879965,6145.180550642919
0.072,3499.999999999999,171816.8524912501
0.072,529.150262212918,5951.826358354213
0.072,3499.999999999999,154689.0
0.072,1939.4541553065426,75431.75089210818
0.072,2084.1065231892535,48657.63323467345
0.072,112.00000000000001,1057.0000000000002
0.072,2326.9078194032522,130496.77982233895
0.072,1630.0000000000005,89167.99999999996
0.072,330.4844928283323,4030.350108861513
0.072,2970.502993085156,101628.15232661658
0.072,1032.1293044554766,51790.663821767586
0.072,181.0,3351.0000000000005
0.072,219.93635443009416,903.8418003168475
0.072,1142.7305314169366,18990.546790720746
0.072,139.30541985149034,563.0603875251749
0.072,1082.273651247047,36025.31860871107
0.072,2266.715685744465,112227.36548631976
0.072,214.7370485035128,984.1697008138383
0.072,1418.8192273859277,107692.2381139885
0.072,2083.483412902029,95945.41793667099
0.072,299.84996248123826,5886.055810132963
0.072,3499.999999999999,154310.25310087812
0.072,594.5586598477898,4657.792717586303
0.072,1261.0,17330.000000000007
0.072,3499.999999999999,227900.0
0.072,748.1501076156412,12235.257661721575
0.072,374.40727889116835,2689.763897315733
0.072,3499.999999999999,92395.0
0.072,1297.6527169538247,72531.37748075956
0.072,1784.0,71093.00000000001
0.072,3499.999999999999,180103.0
0.072,2025.0000000000005,139798.00000000006
0.072,3499.999999999999,254068.9999999999
0.072,1764.3665426804123,81536.22901877803
0.072,3499.999999999999,166622.00000000006
0.072,1456.3653387800737,15532.709679898091
0.073,3499.999999999999,82273.00000000001
0.073,1081.2030336620408,17534.336143692468
0.073,1679.5907181985217,98231.79436289372
0.073,892.3215073015834,12608.632721428608
0.073,3499.999999999999,116951.5399684844
0.073,1889.1237429728378,72821.52141098639
0.073,2440.7816854098096,113533.9527984914
0.073,1238.2906554978258,16091.107993176744
0.073,2136.181090117582,103642.86258565415
0.073,993.5096178152584,40988.812497096194
0.073,1552.9999999999998,18605.0
0.073,661.9234295327556,17277.96735774255
0.073,1172.9999999999998,19090.000000000004
0.073,2100.833168054998,81040.11739873039
0.073,1903.0,135252.99999999994
0.073,634.7263582155715,18108.619858099006
0.073,1862.7079298810074,61270.56851839445
0.073,3499.999999999999,154147.35669814996
0.073,1327.9999999999998,90958.00000000003
0.073,944.437928082095,19075.905692784283
0.073,2740.4073488182034,124901.70225827998
0.073,835.3654309517223,11948.177081596827
0.073,60.0,536.0000000000001
0.073,366.4314396991612,7639.160359620685
0.073,3499.999999999999,270022.00000000006
0.073,3499.999999999999,246777.99999999994
0.073,1567.9226472782375,32211.870481718892
0.073,653.4523701081816,15093.434996712975
0.073,2277.9329895563405,92754.02122952128
0.073,107.0,196.0
0.073,411.49969623318066,4672.147257953244
0.073,2508.78244467148,113432.10428054098
0.073,2510.677199482243,86064.68684658068
0.073,1622.0,105341.00000000001
0.073,2437.1089429896238,58578.54096851507
0.073,1247.9999999999998,33179.0
0.073,3499.999999999999,165647.31879854522
0.073,3499.999999999999,152262.0
0.073,1904.9999999999998,203737.99999999994
0.073,859.5961646968267,12891.456820155088
0.073,1755.5958020706807,115767.41920630752
0.073,1343.7510699685004,46609.43608760352
0.073,1296.1481396815718,41966.14950171153
0.073,66.0,513.0000000000001
0.073,3499.999999999999,159641.06649919378
0.073,1995.6797578066225,103994.5452544103
0.073,1017.5244336084575,14957.64396476253
0.073,395.00000000000006,2200.0000000000005
0.073,1534.9999999999998,102118.00000000003
0.073,656.2869102192412,12315.852598652906
0.073,1350.3992002367302,43940.952561363505
0.073,3149.705401726976,144853.7967603098
0.073,1421.8579397806532,73160.95438351366
0.073,3499.999999999999,216392.99999999997
0.073,3499.999999999999,262355.5787628691
0.073,3499.999999999999,133716.99999999997
0.073,1673.3200530681509,97400.19855215902
0.073,700.2760815746811,21645.39610024008
0.073,191.128229207514,449.74993051694855
0.073,1089.9763893368647,15632.778611630292
0.073,1593.9999999999998,150186.00000000006
0.073,3499.999999999999,177922.99999999994
0.073,539.0273127630688,5972.449501969459
0.073,920.3260291874832,14185.812066991442
0.073,673.0,8316.000000000002
0.073,1441.6559556972427,89693.16831950081
0.073,2017.5480167768,185859.66665201992
0.073,1113.9999999999998,43233.0
0.073,2627.8318058810382,54257.83215352415
0.073,115.99999999999999,1019.9999999999998
0.073,1383.6545811726276,41220.944433624994
0.073,1012.8593207223411,36378.868543248034
0.073,1993.0334282817032,105852.95863927006
0.073,1361.4481402741594,45148.80237076664
0.073,1571.9414747375297,68270.922580554
0.073,2854.154196285816,115819.58035393977
0.073,550.4042190777786,16935.114413437364
0.073,1414.0,75379.0
0.073,3499.999999999999,168958.90157668525
0.073,1170.8083276373611,31749.19040743981
0.073,2820.6802175141347,133564.37058603886
0.073,2511.374125852219,115315.15160636959
0.073,1492.2761138609708,54096.30570565797
0.073,948.4197383015603,27475.87043207183
0.073,358.0,2842.0
0.073,469.30587040862804,4568.8176807572445
0.074,112.00000000000001,146.0
0.074,3499.999999999999,127313.00000000003
0.074,2528.7348615463825,113702.17495721005
0.074,1700.9726629196596,72347.27956184669
0.074,1764.0000000000005,29438.00000000001
0.074,2647.073856166465,137722.92129489558
0.074,1509.6031002228258,147878.08809171416
0.074,1798.1039517498793,68658.0734907541
0.074,2547.351565842453,133189.50759350372
0.074,1987.610913736961,108103.6441611989
0.074,1442.8004019960624,88708.50818833555
0.074,480.62459362791657,9365.353864109993
0.074,744.7370812251304,16642.35220332652
0.074,2548.7251715318384,113027.62057568057
0.074,1531.9999999999998,39510.99999999999
0.074,1073.0796801729123,22333.8298551771
0.074,1881.057149583712,52146.91490395188
0.074,77.0,98.0
0.074,93.67496997597597,1019.5057626124534
0.074,1435.7924641117181,70428.67118581751
0.074,199.0,5024.999999999999
0.074,2046.8124167490053,65392.984615056026
0.074,1527.4368509669594,70736.46458289059
0.074,1298.0,43177.00000000001
0.074,269.5737375932604,4546.4078127682305
0.074,554.716839567444,8103.513798962482
0.074,2277.498627881035,128822.8050230237
0.074,1810.690476033935,86087.02243660188
0.074,487.4298703184694,11254.331703467504
0.074,1304.3638296119686,44731.89751173093
0.074,1343.5518501910774,28832.10618836652
0.074,3499.999999999999,122465.93995883106
0.074,1032.251085367709,23710.567292738095
0.074,1269.0,132517.99999999997
0.074,2136.053894677292,97215.54933153764
0.074,3499.999999999999,100822.00000000004
0.074,1255.0000000000002,36390.00000000001
0.074,2667.48945639903,119123.86298722857
0.074,3499.999999999999,283573.99999999994
0.074,3499.999999999999,199532.9999999999
0.074,449.1302706342561,3311.6770675897724
0.074,805.7361166573031,17482.566384539696
0.074,1055.5264175808154,16362.899075502653
0.074,1649.0906585145644,86127.23123379736
0.074,3499.999999999999,203038.99999999994
0.074,1639.2943603880299,96047.09441206425
0.074,1116.1456047736199,16883.638188836503
0.074,240.3185386107364,1203.0876942268173
0.074,3499.999999999999,306541.9999999999
0.074,331.96385345395663,4092.4300849250926
0.074,2073.16183642281,56528.0058024339
0.074,3499.999999999999,240638.0
0.074,3499.999999999999,75268.0
0.074,433.35897360040894,14732.83896606489
0.074,641.0570098153609,12076.263485972073
0.074,3499.999999999999,173372.99999999994
0.074,1316.55191774924,49296.46697617116
0.074,1737.0162896208606,80696.55556530309
0.074,3499.999999999999,135113.24654525926
0.074,1463.0452319512826,59896.9359423597
0.074,1200.276136773778,34462.86279324271
0.074,3499.999999999999,132868.99999999997
0.074,734.166193719106,4679.040927369625
0.074,1430.9088021254186,21328.32241410469
0.074,889.381807774366,12693.93225127658
0.074,335.65905320726864,6653.877065290582
0.074,229.01902335673407,6857.998339563266
0.074,204.99999999999997,4796.999999999999
0.074,1748.8978898772164,71472.69391743188
0.074,2437.3497606281667,101399.37650494504
0.074,3499.999999999999,153262.0
0.074,3499.999999999999,243163.00000000012
0.074,571.0,32695.000000000004
0.074,3499.999999999999,186291.9999999999
0.074,3499.999999999999,95278.99999999999
0.074,66.0,712.0
0.074,519.1338940966963,11179.663367024965
0.075,2340.7817535569375,102782.88605707324
0.075,2138.9661498174823,61897.309753471905
0.075,1435.7753880934642,53509.40912361596
0.075,492.49365478146007,13119.573316232512
0.075,250.0,2771.999999999999
0.075,3499.999999999999,211259.00000000006
0.075,3499.999999999999,262634.0000000001
0.075,348.3719276864885,7150.298455309398
0.075,813.3265027035575,19019.833201161364
0.075,342.2747434445025,10462.29745323655
0.075,2298.91278651453,165490.28453658553
0.075,3499.999999999999,235531.00000000003
0.075,2091.0000000000005,128058.0
0.075,535.7238094391548,3879.9201022701473
0.075,724.4458706721502,27138.005194511436
0.075,71.0,827.0
0.075,124.0,152.0
0.075,77.65307463326872,224.3278850254689
0.075,2025.0000000000005,109114.99999999999
0.075,3499.999999999999,125571.8235312558
0.075,204.99999999999997,1778.9999999999995
0.075,106.0,749.9999999999999
0.075,1058.0357000209399,23384.401341719018
0.075,1399.0,48285.000000000015
0.075,63.0,511.99999999999994
0.075,2613.139873791681,120314.7812033085
0.075,522.4940191045251,4383.4242322640885
0.075,1925.9999999999998,49008.0
0.075,944.9999999999999,16076.0
0.075,3499.999999999999,172867.33922288512
0.075,651.809799847717,12520.512582987601
0.075,3499.999999999999,159378.99999999994
0.075,1040.7934473275666,27665.241911105717
0.075,2594.3207203428033,185855.86697223203
0.075,2204.283293173587,113378.9898738869
0.075,381.05725884225336,3983.4473992526205
0.075,1554.0,89312.00000000001
0.075,3499.999999999999,141570.99999999997
0.075,2262.2310713189845,92311.74821500284
0.075,3499.999999999999,97954.99999999996
0.075,476.9696007084728,10818.127934166796
0.075,1885.2739718154623,80936.33183203722
0.075,676.6283503207937,21176.863435431926
0.075,1844.0000000000005,133569.0
0.075,485.59001704727285,3149.5094739665346
0.075,2874.559478818495,118212.0501262533
0.075,529.150262212918,19314.231126296494
0.075,3499.999999999999,149154.99999999997
0.075,1493.1490213639095,48480.29795700519
0.075,1134.7445595566426,17195.001908609935
0.075,2248.8886144049025,102621.63704599536
0.075,1552.7388808362236,44752.178828654694
0.075,3499.999999999999,302468.99999999994
0.075,702.7578870423313,18160.85819290324
0.075,1931.1901679128905,47826.99283576769
0.075,3499.999999999999,148318.14623302157
0.075,1336.9999999999995,58340.00000000001
0.075,823.3099764017581,24703.59911297081
0.075,3499.999999999999,132523.0
0.075,661.4378277661475,4842.691297202414
0.075,1833.9999999999995,79891.00000000001
0.075,2059.6116138728676,98133.46218288636
0.075,894.7726087007021,22825.051650482164
0.075,579.7490254148432,12365.959287569716
0.075,127.0,222.00000000000003
0.075,311.3743727412389,6205.665153712375
0.075,882.3330395946936,10891.708670400942
0.075,2690.9625114100477,93636.96930641179
0.075,1987.8773984760332,61803.41419089723
0.075,1578.6069808536893,57480.06403963029
0.075,823.0704830956038,8422.632377238075
0.075,1585.9999999999995,80586.0
0.075,132.0,210.0
0.075,2338.1616710569865,77808.89409315618
0.075,1682.7183661639046,56939.48653829427
0.075,1701.8930307994929,89401.59112938042
0.075,3499.999999999999,150124.0
0.075,1092.6738476419143,30439.437031813883
0.075,2537.7155080899042,191939.5956596762
0.076,2678.6190471957752,94072.9868718964
0.076,96.0,153.0
0.076,2601.0574772580476,106431.28522666634
0.076,1397.0,90379.99999999997
0.076,3499.999999999999,272370.00000000006
0.076,3499.999999999999,177839.4934540694
0.076,3499.999999999999,81703.99999999996
0.076,883.765410578682,32685.616630263605
0.076,3499.999999999999,138474.9842679175
0.076,880.3830304539316,19828.195087982564
0.076,1107.0980083082075,86462.75695349993
0.076,2815.5386089261233,165139.97795882216
0.076,1372.1048606731224,25853.82535431529
0.076,2941.8752970888986,179473.33004153168
0.076,469.57427527495577,7745.9369994856015
0.076,1609.9999999999998,79720.0
0.076,525.8326730053963,12630.106294089532
0.076,325.99833318469956,2320.2265013128203
0.076,351.112517578055,3618.342161819415
0.076,512.3475382979799,16125.754555988999
0.076,2520.4166322257115,163313.8346925944
0.076,822.7431431025499,13791.33095158952
0.076,1915.4529490436464,48177.455349987125
0.076,813.0000000000001,43639.999999999985
0.076,88.0,101.0
0.076,1528.9999999999998,87674.99999999997
0.076,2594.3207203428033,191366.62693897283
0.076,1340.2611685787213,49724.18238644049
0.076,3499.999999999999,198236.0
0.076,2483.8829867009276,161984.3223435489
0.076,1112.5745773344165,15205.209781785717
0.076,808.0601856942558,18015.296219318425
0.076,1559.647396048222,63794.01121578733
0.076,2414.021540914662,74560.57699615801
0.076,673.0,24276.00000000001
0.076,79.0,1217.0000000000002
0.076,1739.9999999999998,38898.99999999999
0.076,3499.999999999999,166489.0000000001
0.076,2562.1361767823546,129650.26377434122
0.076,3499.999999999999,177497.56249593964
0.076,62.0,464.00000000000006
0.076,697.4955196988722,18170.02531643806
0.076,1643.0000000000002,158166.99999999997
0.076,1238.2906554978251,47797.57118596999
0.076,3499.999999999999,220667.00000000006
0.076,1792.1009644013432,77026.95892127951
0.076,469.57427527495577,10091.631979021035
0.076,993.9637820363474,40290.19509756682
0.076,810.733001671944,7620.859794012749
0.076,1176.4709941175772,48716.50166011513
0.076,2479.90558520202,72948.81504177208
0.076,1530.1960658686849,98307.6557242618
0.076,3499.999999999999,203638.00000000006
0.076,2237.9603829873836,77253.61539384228
0.076,2500.3199590487347,136673.3456309957
0.076,2315.803969087721,120689.17199269163
0.076,162.0,3106.9999999999995
0.076,1891.3068236807028,105492.36561890256
0.076,752.8601896655482,15464.751579557776
0.076,3023.0704726325175,100899.69442294908
0.076,1287.0518013148858,32621.731299055988
0.076,3499.999999999999,170218.90839445533
0.076,2469.919027012829,81637.73805661201
0.076,163.80476183554615,2404.367692346576
0.076,3499.999999999999,242232.83255165885
0.076,3499.999999999999,208663.99999999994
0.076,3499.999999999999,149573.00000000003
0.076,1931.724143208902,62637.77791127624
0.076,3499.999999999999,115720.00000000003
0.076,1918.0,80210.99999999999
0.076,3499.999999999999,132976.0
0.076,2017.1730559600185,83423.95059066296
0.076,2945.4396646331747,107662.30241589139
0.076,1257.381405938548,30736.818312896354
0.076,1758.3205020567057,63321.193166323654
0.076,285.83561709486094,1232.9014559160842
0.076,3499.999999999999,296792.9999999999
0.077,633.0134279776378,9847.31689344869
0.077,295.0,2445.0
0.077,1007.0,50844.0
0.077,2004.9570370746058,135707.50451700395
0.077,2537.009417645515,137496.36925688497
0.077,266.8932370817964,7444.757081329117
0.077,3499.999999999999,160819.99999999994
0.077,582.7035496088189,8872.166070309611
0.077,1549.9999999999998,92447.99999999997
0.077,817.618492941543,4801.996147437021
0.077,1337.0343159401555,23050.149943851447
0.077,1455.0,83049.00000000003
0.077,558.8623161215903,20301.844177684776
0.077,1092.716153729994,48518.68117678047
0.077,343.44140693865086,3113.9123301724476
0.077,724.5688373094719,5583.737099828391
0.077,3499.999999999999,284811.17188584263
0.077,3499.999999999999,215151.3299233668
0.077,980.3195541333116,35677.059001894944
0.077,1389.8399188395765,72910.5776002358
0.077,3499.999999999999,218156.75549934272
0.077,148.2430436816514,522.0134097894421
0.077,675.0000000000001,11263.999999999996
0.077,1788.5748516626297,42432.48665821981
0.077,3499.999999999999,108634.99999999999
0.077,2335.1659469939177,169181.62763137143
0.077,97.0,117.0
0.077,78.34538914320358,223.9196284384198
0.077,1565.9999999999995,79143.00000000001
0.077,275.1581363507174,7870.411043903611
0.077,3499.999999999999,239802.99999999997
0.077,484.25200051213,13170.51183515659
0.077,313.50080931665,3832.5158608230327
0.077,831.0331410243972,15018.772292105416
0.077,1664.9999999999995,82649.00000000001
0.077,2154.2980295214493,79969.8605725932
0.077,3499.999999999999,187120.00000000003
0.077,3499.999999999999,102048.00000000001
0.077,3499.999999999999,188721.0
0.077,3499.999999999999,116009.00000000001
0.077,1975.4746265138413,165760.8658731005
0.077,1559.0000000000002,57393.000000000015
0.077,3499.999999999999,135596.99999999994
0.077,1274.5886664919121,23503.36349388202
0.077,1615.8589047314745,104001.65246283352
0.077,1161.0,26238.000000000004
0.077,1521.463111613292,64572.74670478249
0.077,564.6966972976433,5578.27612336546
0.077,1140.1810526024187,30092.278294941327
0.077,943.9999999999998,28943.000000000007
0.077,982.8105336993601,32842.192932467515
0.077,1117.2313994871429,27893.257464842645
0.077,804.7619998163066,20761.170264874032
0.077,1128.9758206024937,24938.708060679255
0.077,3499.999999999999,107539.00000000001
0.077,529.150262212918,15580.68355368274
0.077,437.90842901547757,13049.827313863681
0.077,3499.999999999999,174999.99999999994
0.077,107.0,136.0
0.077,802.2156817215679,40447.218841349284
0.077,176.4652940382329,317.6554737447475
0.077,3499.999999999999,194014.0000000001
0.077,3499.999999999999,234579.99999999997
0.077,946.2124355487747,16368.406778327293
0.077,2416.9195270012615,132147.7154172557
0.077,469.57427527495577,10702.097925173368
0.077,3499.999999999999,109313.99999999999
0.077,1250.4803630306837,45529.384854117605
0.077,3499.999999999999,177701.28522889185
0.077,522.350457068815,21821.328396777324
0.077,2264.39837484485,65592.8318111057
0.077,2592.296279363144,153824.04388781363
0.077,3499.999999999999,202758.00000000003
0.077,1985.1952045076064,66767.10315716868
0.077,615.5869426859057,16067.18842828039
0.078,1097.1298920364895,89811.65897588134
0.078,1710.462410426806,93539.49771647097
0.078,3499.999999999999,221983.0000000001
0.078,2427.035228421705,85498.42282755865
0.078,1188.3714747880601,23237.70375850445
0.078,187.16520997995727,3904.8370668070797
0.078,3499.999999999999,254870.99999999997
0.078,551.8151864528558,4105.965416318067
0.078,3499.999999999999,255653.00000000012
0.078,1597.8160306968389,57855.92434886464
0.078,753.9925383638463,6638.445235189668
0.078,2221.4757657708005,90916.77718183224
0.078,1722.7884373886423,53728.4991042929
0.078,3499.999999999999,226745.4837477474
0.078,1909.4147026074231,63793.7872741448
0.078,1802.2208521710095,72990.89926148328
0.078,97.88258272031854,1067.0182753823854
0.078,3499.999999999999,160273.0
0.078,2856.1036385075454,170200.8694292004
0.078,1402.4977718342368,20867.67097689629
0.078,206.99999999999997,2067.0
0.078,3499.999999999999,143731.66934952096
0.078,64.0,739.0
0.078,1911.7923954772998,82361.38424128495
0.078,893.2486334017113,27963.8622318979
0.078,582.594427344212,9742.740113283457
0.078,927.535262769924,19627.32005225795
0.078,1405.894158769848,47705.28228191557
0.078,818.5972665794588,14757.732400335226
0.078,1387.362456944477,26915.834898536385
0.078,3499.999999999999,218630.48825358282
0.078,1189.3619911664393,29814.19623891001
0.078,142.0,186.0
0.078,3499.999999999999,216848.0
0.078,3499.999999999999,170273.13249229352
0.078,842.5178948201834,18344.32180747066
0.078,3499.999999999999,187737.8793684761
0.078,677.0,38373.0
0.078,82.0,106.0
0.078,1155.9999999999998,83385.99999999999
0.078,64.0,464.00000000000006
0.078,1767.9751129470112,103636.05381333268
0.078,3499.999999999999,79252.99999999997
0.078,1314.9999999999998,82207.0
0.078,1616.0774646924622,54780.54264486043
0.078,1955.0000000000005,123475.00000000003
0.078,771.3239717083843,9498.422147404593
0.078,1382.389236069205,29958.415779209685
0.078,766.7136602154161,19406.09833433745
0.078,1114.4780279195186,26450.25583394686
0.078,129.0,138.0
0.078,1615.0000000000002,128258.99999999997
0.078,1728.8724649319856,37344.20631101964
0.078,175.0,376.99999999999994
0.078,2521.8049091870685,111982.92860521194
0.078,3499.999999999999,262765.0000000001
0.078,1360.2937182829303,56642.61315476184
0.078,3499.999999999999,198144.99999999994
0.078,1306.9047402163633,52086.672959596865
0.078,951.0361119501785,14814.593073940012
0.078,319.2569498068915,2604.638938509521
0.078,3499.999999999999,175392.45581837316
0.078,132.0,150.0
0.078,1306.2595165822581,34769.60201493868
0.078,1509.8476744360669,64180.629320691434
0.078,747.6244838411395,12894.650580030253
0.078,3499.999999999999,145678.77231772646
0.078,3499.999999999999,170854.0
0.078,94.0,246.0
0.078,2923.448283696385,142106.39823954477
0.078,3499.999999999999,175077.3229404653
0.078,1983.4313701260246,114467.74445231284
0.078,3499.999999999999,199323.18832990815
0.078,1217.9999999999998,25142.999999999993
0.078,1670.1796310576897,82721.09307788427
0.078,469.57427527495577,8830.344953624406
0.078,62.0,632.0
0.078,3499.999999999999,176506.11731608614
0.078,3499.999999999999,273725.00000000006
0.078,1691.2251351569782,67877.32337005807
0.079,2182.5443867193167,150187.04824651164
0.079,2684.351640395502,91542.5160799087
0.079,57.99999999999999,445.0
0.079,597.4947698515862,5497.055575487663
0.079,1345.1765683359192,26964.59686329466
0.079,3499.999999999999,249866.00000000003
0.079,2032.9999999999998,122245.00000000004
0.079,3499.999999999999,217767.0000000001
0.079,503.811316580256,6032.324548096926
0.079,1506.9999999999998,91551.00000000001
0.079,3499.999999999999,136878.4945855265
0.079,770.5410388385953,18718.997961622874
0.079,141.0,354.0
0.079,349.84996784336005,13859.199435753859
0.079,3499.999999999999,264296.99999999994
0.079,456.1085397139588,8406.92339682003
0.079,1755.9999999999998,67857.99999999999
0.079,1191.5175198040522,29066.61646975787
0.079,1277.0120736271008,53229.302617603375
0.079,1982.2913733837538,75194.14315955706
0.079,1377.9999999999998,47172.0
0.079,190.0,2298.0
0.079,1142.0,19176.000000000004
0.079,256.0,5141.0
0.079,425.7323102608022,1308.5916093266076
0.079,2555.582125465742,140356.4052688725
0.079,863.0614114881976,45619.31380457185
0.079,3499.999999999999,138121.99999999997
0.079,1659.3974810153231,98354.85626037992
0.079,776.4927559224235,29884.707125886307
0.079,1025.3518522376205,89270.1864977321
0.079,2788.8990008261844,142797.70822096488
0.079,231.0,704.0
0.079,1145.1790253056506,23653.34576756533
0.079,984.9410324839337,35868.751143113244
0.079,894.2500420170758,35585.127971435846
0.079,236.0,533.0
0.079,1327.0810588030822,76394.7359377346
0.079,538.9805191284745,5920.775962658948
0.079,2470.6274506691616,134411.62478372175
0.079,867.6372672963206,31119.168924855272
0.079,3499.999999999999,271013.0
0.079,2580.794451326956,108850.88763074
0.079,1492.0713195423043,38563.8863028637
0.079,508.8675526382686,16810.924938020617
0.079,3499.999999999999,177128.00000000006
0.079,938.3677687735826,24291.738724729985
0.079,345.5604143995663,2520.651106361212
0.079,931.5939827997786,30034.673476579923
0.079,964.7324648275711,20808.393702064634
0.079,891.642592104345,19395.578935036458
0.079,2020.1504642356388,129369.38456702247
0.079,3499.999999999999,131612.00000000003
0.079,3499.999999999999,150397.33508700848
0.079,1533.3766660543654,84814.93950949918
0.079,551.2726715651316,15824.775248650067
0.079,488.99999999999994,2556.0
0.079,2371.602833528413,110115.80369774358
0.079,2654.5548815606576,168160.92488046255
0.079,1420.0044633860894,45610.44039986716
0.079,3499.999999999999,194247.99999999994
0.079,1330.0000000000002,26492.0
0.079,1603.133182240328,62561.858859851636
0.079,3499.999999999999,204071.00000000006
0.079,3499.999999999999,214368.0000000001
0.079,2005.9999999999998,92678.00000000003
0.079,2235.6207191739836,75455.47630225393
0.079,3499.999999999999,244698.0000000001
0.079,3499.999999999999,163928.99999999997
0.079,3499.999999999999,123679.85241339836
0.079,118.76447280226523,462.99892008513365
0.079,3499.999999999999,89008.00000000003
0.079,1066.40890038789,32378.26800715492
0.079,1060.0,55790.00000000001
0.079,3499.999999999999,186177.25785927786
0.08,1933.2951752939173,65042.67225153421
0.08,522.4940191045251,16464.104955933675
0.08,3499.999999999999,152025.0
0.08,2637.642715187326,116269.94132192372
0.08,1410.7977503640718,53779.6979790147
0.08,3499.999999999999,154914.25576649545
0.08,830.3613671167511,22615.475564312146
0.08,120.0,2004.9999999999998
0.08,62.0,469.00000000000006
0.08,2486.86549696601,144014.99570530842
0.08,143.0,3746.0
0.08,2678.6190471957752,101678.36901721034
0.08,856.8362210042364,9016.07526060835
0.08,2180.1376103356406,83624.47966953214
0.08,3499.999999999999,256080.00000000012
0.08,3499.999999999999,215890.99999999994
0.08,316.89430414571984,6260.327627209299
0.08,893.5052176059811,16895.35919273822
0.08,2700.740639158081,52750.49707822665
0.08,1997.0000000000002,34971.0
0.08,2280.7210195265284,143315.3330363667
0.08,1048.1448724611137,14306.699001060486
0.08,459.5530437283601,4985.420042483882
0.08,1447.2353981734025,38564.99136366344
0.08,1227.9999999999998,124311.99999999999
0.08,1073.5422823620022,26559.344358788036
0.08,3499.999999999999,208789.99999999997
0.08,2472.580364915638,130203.0718784641
0.08,3499.999999999999,206888.8347809035
0.08,1181.551170775815,34589.79385781711
0.08,3499.999999999999,259006.57945310976
0.08,1059.5862868715478,54468.355679909975
0.08,692.4593850905626,5301.3739728489245
0.08,3499.999999999999,232409.71124288236
0.08,2269.03063002684,71179.9239392682
0.08,3499.999999999999,169290.0
0.08,3499.999999999999,198599.00000000006
0.08,1159.0,47921.0
0.08,67.0,809.0
0.08,3499.999999999999,164376.99999999997
0.08,3499.999999999999,100534.99999999997
0.08,1401.2494424619767,57633.2925602001
0.08,3499.999999999999,248311.99999999988
0.08,2633.154002332563,161026.06049953518
0.08,390.6104837272245,3688.464167368223
0.08,989.132321409659,23174.49230075742
0.08,1239.220170304629,27009.593136504365
0.08,3499.999999999999,256060.0000000001
0.08,1086.9999999999998,51718.000000000015
0.08,1966.2030031091426,67077.51865159914
0.08,213.0,4251.000000000001
0.08,3499.999999999999,115873.00000000003
0.08,1955.3894301650178,82997.83132279105
0.08,2094.0000000000005,63009.0
0.08,1080.0,51912.99999999998
0.08,3499.999999999999,140283.99999999994
0.08,193.94220122494968,960.717926513581
0.08,539.1004020248113,7176.67499914849
0.08,1653.3184811160854,69100.23024563666
0.08,501.86397588617916,17952.240264950444
0.08,173.0,271.0
0.08,3499.999999999999,121506.94637756312
0.08,3499.999999999999,237204.99999999994
0.08,1427.183470301349,30667.296571362975
0.08,1267.4778104566565,65170.50641202657
0.08,1782.9999999999995,116459.00000000001
0.08,497.4660707650595,6775.409482695244
0.08,3499.999999999999,186111.73426197498
0.08,3499.999999999999,155798.0
0.08,152.4893438899912,1654.6709642705403
0.08,3499.999999999999,70569.0
0.08,1085.9999999999998,68896.99999999999
0.08,491.4264950122245,3072.404270274339
0.08,1697.0826550439579,41126.17140192871
0.08,210.0,2870.0000000000005
0.081,1985.1952045076064,57562.30756319625
0.081,1797.2658861988962,74147.68127664768
0.081,2066.5775007778243,113508.10815953297
0.081,558.121850495033,3263.97120085334
0.081,719.1657002956315,19436.804131459245
0.081,631.0,11729.000000000005
0.081,1987.1347958453807,77582.68122467642
0.081,507.81430938294613,14115.442742022238
0.081,3499.999999999999,206163.0
0.081,2019.2820506308678,70001.80227679855
0.081,3499.999999999999,151624.0
0.081,569.9122739510003,11761.776651509756
0.081,451.4864339047188,5654.009197021175
0.081,2659.044900499633,101384.52674891219
0.081,2018.9999999999998,123418.00000000003
0.081,743.7597790772207,23487.881072476473
0.081,3499.999999999999,222819.95591741594
0.081,3499.999999999999,283130.37857142783
0.081,1534.7638254793471,72598.07603511267
0.081,1891.0000000000005,170123.99999999997
0.081,1412.868005158302,56633.01682764219
0.081,1266.1493925114899,25361.994365730898
0.081,3499.999999999999,254766.99999999997
0.081,3499.999999999999,162053.59267880258
0.081,330.92748450378065,2908.9087300910633
0.081,2695.5518915428056,211824.24922090463
0.081,1764.9999999999998,52862.999999999985
0.081,484.25200051213,5912.705049298503
0.081,3499.999999999999,181793.99999999997
0.081,3499.999999999999,220640.99999999994
0.081,3499.999999999999,160065.0000000001
0.081,2336.6642891095835,88129.28053717449
0.081,1645.0000000000002,94775.0
0.081,350.9985754956849,7520.264888951722
0.081,1146.1955640695883,53657.54888342221
0.081,1486.1022845013053,64253.676112733025
0.081,93.0,104.0
0.081,3499.999999999999,116084.99999999997
0.081,3499.999999999999,192045.00000000006
0.081,689.2487721544786,9447.231459985333
0.081,2899.058354600841,182538.8345849516
0.081,477.40548802878243,20590.71149814887
0.081,3499.999999999999,182195.00000000003
0.081,383.35508475607725,7138.117354462085
0.081,1720.0,102305.99999999994
0.081,65.0,616.0000000000001
0.081,561.2486080160911,5262.721729295593
0.081,1086.0478810807558,37576.02384499987
0.081,2430.6377763870946,119424.71063393872
0.081,2200.908903157966,78449.53766594165
0.081,2542.074585906455,133935.72779886646
0.081,2310.303010429585,56796.80118633443
0.081,210.0,6635.000000000001
0.081,2268.259244442751,190281.4826513605
0.081,1510.9999999999998,85899.0
0.081,1348.0,61051.0
0.081,3499.999999999999,162307.78228127025
0.081,3499.999999999999,169168.4094977547
0.081,322.86869137000764,4220.057097596742
0.081,2100.833168054998,141313.92852794103
0.081,1380.9931239512753,63880.184638310835
0.081,2660.920893224749,147545.30210413344
0.081,318.0,12946.000000000004
0.081,301.1959495079573,2337.806664375821
0.081,1213.0000000000002,101969.99999999997
0.081,63.0,545.9999999999999
0.081,386.6315825612327,3770.2044299739046
0.081,1202.7535075816656,35881.21068191538
0.081,61.96773353931867,223.4681185314809
0.081,67.0,893.0000000000001
0.081,3499.999999999999,218963.00000000012
0.081,2607.9928381187515,144257.07917549595
0.081,1372.3751577162654,26823.81430087294
0.081,564.0,13053.0
0.081,537.3989253663196,12131.62313472849
0.081,1022.8150209491142,32061.278853533433
0.081,3499.999999999999,171949.42105165703
0.081,1014.0,71869.00000000001
0.081,473.2863826479693,12325.413096525412
0.081,3499.999999999999,189512.00000000006
0.081,535.7238094391548,15360.276950628202
0.081,917.7567432317094,13350.87632706863
0.082,1166.0595262250283,30672.365010888756
0.082,3499.999999999999,128051.00000000003
0.082,280.68487668558134,2247.7437576378675
0.082,1516.0000000000002,80055.0
0.082,3499.999999999999,99090.00000000001
0.082,3499.999999999999,174340.09532265575
0.082,2463.1941235108984,107954.30204577112
0.082,1613.9999999999998,37294.0
0.082,3499.999999999999,194736.10616226832
0.082,1825.0,77362.99999999997
0.082,465.8325879540846,12188.29286651745
0.082,673.0,58772.0
0.082,3499.999999999999,199543.29127785785
0.082,1799.23150261438,114354.66120801552
0.082,3499.999999999999,203759.99999999997
0.082,3499.999999999999,160539.99999999994
0.082,3499.999999999999,78440.0
0.082,1261.1421361013386,39842.95857196893
0.082,2194.5386758952322,53529.45955266128
0.082,547.003539309138,11081.418005307052
0.082,1087.6580344942981,48507.56328656386
0.082,3499.999999999999,203458.00000000006
0.082,2392.9061828663494,145099.0082667693
0.082,2708.5008706352824,130302.09251896574
0.082,3499.999999999999,201147.00000000003
0.082,369.2885051013638,3508.218778810695
0.082,445.5995960500862,4738.610766880944
0.082,1594.5936786529662,40429.90882997387
0.082,611.9640512317696,3970.552606376095
0.082,70.0,694.0
0.082,1300.6444556449696,47865.65493127611
0.082,2290.5239575258756,106374.0186981765
0.082,1904.6056320205057,58703.94167732095
0.082,3499.999999999999,258502.0
0.082,1921.5982856329877,65172.464815790874
0.082,2436.39077325457,88960.8704993381
0.082,817.1265609507057,17553.563287140754
0.082,484.25200051213,13892.522809050923
0.082,2565.242552492921,110765.39273983176
0.082,1907.906434810725,63308.9983756309
0.082,3499.999999999999,174762.0
0.082,1873.014906497779,103569.03271660837
0.082,2635.049647185514,121622.95061705631
0.082,1266.916694257175,28808.67580178958
0.082,1170.7633754913277,17489.79438799985
0.082,639.9218702310461,16477.24257878119
0.082,1259.0000000000002,84244.0
0.082,1929.766825292631,161536.57217484835
0.082,1423.9964930232188,41629.18235267109
0.082,1011.3726443544111,34474.032680499535
0.082,1389.7313238842228,30515.12604129415
0.082,1554.1397488152331,54846.691976946946
0.082,1779.9401675337294,88763.0294661015
0.082,673.9999999999999,4383.000000000001
0.082,3499.999999999999,267815.0
0.082,2377.498685593748,164257.2878626698
0.082,320.2472048147189,1194.9805502106806
0.082,2064.1521258910157,102431.75767254768
0.082,3499.999999999999,153493.75696750666
0.082,2354.0475206932415,70674.15176360647
0.082,2535.739960632144,89077.10190505124
0.082,1460.9999999999995,55664.00000000001
0.082,652.8116738084628,8828.99856857455
0.082,1172.8171212938528,12371.599411555486
0.082,3499.999999999999,231309.0
0.082,141.01772938180503,448.5576885975759
0.082,234.4290852001349,2425.0780539686293
0.082,1443.9999999999998,60696.00000000003
0.082,1097.9999999999998,41833.99999999998
0.082,3499.999999999999,147560.00000000003
0.082,2026.2033461624717,52571.75380372998
0.082,231.99999999999997,2942.0
0.082,1332.137283210897,20813.389520171397
0.082,2066.0000000000005,178888.99999999997
0.082,514.851987163512,13680.75494900587
0.082,3499.999999999999,206791.0
0.082,3499.999999999999,270512.00000000006
0.082,3499.999999999999,154222.10949795757
0.083,1261.9429464123962,31095.83346688106
0.083,1487.2407952059048,55316.85558196184
0.083,2018.0000000000002,73442.99999999997
0.083,683.8128398911504,25143.964226032454
0.083,371.7297186895956,5372.571859891701
0.083,689.9275324264134,10636.99520541398
0.083,1771.9999999999995,174872.00000000006
0.083,3499.999999999999,129304.84889979953
0.083,785.1234073380236,13331.831298290344
0.083,3499.999999999999,229921.1461610262
0.083,2578.207897548731,108362.69384476813
0.083,2514.605512174419,167370.72820476218
0.083,155.0,2333.0
0.083,421.3122357587066,9509.725548090231
0.083,3499.999999999999,173388.76862703654
0.083,117.0,204.0
0.083,3499.999999999999,189160.99999999997
0.083,957.6011695899288,35125.639922996415
0.083,112.00000000000001,134.0
0.083,3499.999999999999,203814.0
0.083,3499.999999999999,306001.00000000023
0.083,435.3929259875497,9812.670278777332
0.083,3499.999999999999,208086.0
0.083,3499.999999999999,225560.0
0.083,1266.4930150930124,58098.615027658045
0.083,579.6550698475775,4065.3309828352235
0.083,2577.4017925034505,145879.13450524714
0.083,1106.5236585581558,20898.100724122887
0.083,3499.999999999999,95675.0
0.083,394.8468057360981,10710.916394034637
0.083,1157.79963724299,13722.450619331818
0.083,1885.0884952601905,86335.50040107948
0.083,614.0,3979.0
0.083,945.4638783371346,50591.67258654159
0.083,217.27402053628043,937.0944456136746
0.083,1676.4545922869488,49596.51116762145
0.083,1372.0000000000002,34360.99999999999
0.083,1925.9999999999998,150143.00000000003
0.083,1500.9999999999998,42791.000000000015
0.083,313.70005977512744,2048.1229136924717
0.083,3499.999999999999,223436.0
0.083,1903.0,148779.99999999994
0.083,3499.999999999999,142931.99999999994
0.083,2717.9305012349587,129441.52344855026
0.083,1149.5272158651508,34908.58659621137
0.083,3499.999999999999,206370.81741370316
0.083,380.44447689511804,3924.8284038923275
0.083,3499.999999999999,217996.99999999994
0.083,3499.999999999999,198746.13406923524
0.083,3499.999999999999,299315.0000000001
0.083,3499.999999999999,139961.23272177906
0.083,538.9805191284745,19790.461313471198
0.083,1291.8800253893553,127932.09103270379
0.083,2965.5835674401756,181761.43693709586
0.083,476.9696007084728,10950.92105715314
0.083,2598.9270720944605,164539.5890550388
0.083,62.0,644.0
0.083,3499.999999999999,165216.43647046742
0.083,1329.4735800308326,51910.48005942537
0.083,87.3269717784832,1295.124704420389
0.083,3499.999999999999,127531.71482130344
0.083,3499.999999999999,186788.31425975234
0.083,2031.7088266859373,81585.30041959684
0.083,3499.999999999999,172680.57122907607
0.083,1004.8111058947445,20061.46733567766
0.083,153.0,307.0
0.083,1031.4423627741826,14813.713242155947
0.083,3499.999999999999,133661.9008244309
0.083,1149.5272158651508,32353.415761503566
0.083,2557.6356269023154,98820.10015680008
0.083,3499.999999999999,188554.22661059836
0.083,3499.999999999999,180343.00000000003
0.083,1534.3862910389837,59843.68705779699
0.083,3499.999999999999,109037.99999999999
0.083,653.4523701081816,4267.998711340012
0.083,3499.999999999999,128830.99999999997
0.083,3499.999999999999,290770.0
0.084,1314.0,27052.999999999993
0.084,118.0,1353.0000000000002
0.084,3499.999999999999,145206.00000000003
0.084,1113.9999999999998,28213.999999999993
0.084,3499.999999999999,91488.0
0.084,3499.999999999999,190274.99999999997
0.084,61.0,552.0
0.084,642.6507605223851,5553.14505483154
0.084,348.5670667174396,8921.475886869843
0.084,671.4670460179038,19103.02741927984
0.084,1423.3316270140747,33063.46412970726
0.084,101.0,106.0
0.084,2214.0628089376028,74036.6154575518
0.084,1975.129511348965,102752.89128792592
0.084,476.9696007084728,9449.355533580052
0.084,1172.0,22672.999999999996
0.084,1771.0000000000005,67013.99999999997
0.084,980.7137657293853,32706.76976743797
0.084,982.9999999999998,56758.99999999998
0.084,649.5794139122029,12849.556849727838
0.084,2732.7738626228975,94226.37706479602
0.084,1705.6176888016894,104126.92523532653
0.084,867.2062139997396,9337.98684806525
0.084,1269.0,42053.000000000015
0.084,1783.468299879381,87508.9885483106
0.084,1309.0,106107.0
0.084,1002.9999999999999,25564.999999999996
0.084,3499.999999999999,188361.41584995578
0.084,3499.999999999999,97980.00000000001
0.084,1079.583252926795,9595.510825380796
0.084,755.3145040312677,10613.57607029789
0.084,991.2913696631845,37900.3899812297
0.084,579.7802397721787,21571.173734513744
0.084,801.4779968915655,24049.491163718136
0.084,1567.5008584963596,63158.669848088335
0.084,3499.999999999999,310829.0000000002
0.084,877.4976258245355,22945.428490507195
0.084,1684.672015103681,78961.21954862868
0.084,318.8877400347016,2582.151508456454
0.084,1986.0,86709.99999999999
0.084,3499.999999999999,215826.99999999994
0.084,1167.7767212532112,13477.746839308309
0.084,3499.999999999999,106816.78313823165
0.084,3499.999999999999,129554.74687945636
0.084,3499.999999999999,212013.00000000006
0.084,295.0,608.0
0.084,3499.999999999999,253065.99999999988
0.084,2468.5015697787185,73440.0162445516
0.084,769.2002716113923,14204.235537435523
0.084,652.3726850778984,11102.565572165106
0.084,448.00000000000006,8630.999999999996
0.084,2200.1136334289636,99761.26992976785
0.084,3499.999999999999,194026.22884290662
0.084,1752.5800980269064,93141.63150814998
0.084,182.0,3034.0000000000005
0.084,2142.078429936682,41505.40650324967
0.084,2805.5498837869827,122364.86243419665
0.084,303.1039425675621,5131.184658536466
0.084,1908.795431679361,74049.63670403788
0.084,708.6578612367194,13483.646017609095
0.084,659.0620284970527,14150.68743609925
0.084,379.0,7111.0
0.084,3499.999999999999,176293.0
0.084,472.62458674935647,6636.3431195199655
0.084,1773.0000000000005,91085.00000000001
0.084,1067.0000000000002,24936.0
0.084,361.3308733003589,5297.818796448213
0.084,1947.8192934664132,77224.4267961893
0.084,2610.836256311393,83870.07033444791
0.084,3499.999999999999,183036.00755042705
0.084,881.4760348415604,22931.27763557889
0.084,456.3022708612342,7673.94864076413
0.084,1266.0000000000002,18112.000000000004
0.084,56.99999999999999,570.0000000000001
0.084,243.00000000000003,4274.000000000001
0.084,245.0938595722055,6510.677384112965
0.084,1587.1444767766168,55273.21990487403
0.085,2101.1296598939066,98521.91069757265
0.085,1391.5921963758426,39416.19745674052
0.085,1191.6375287812987,47857.10868826073
0.085,660.0918145913575,16009.184218743969
0.085,547.2830457514948,5770.465485125762
0.085,3499.999999999999,46452.000000000015
0.085,3499.999999999999,232277.0086180808
0.085,1516.2196151116023,58066.470238264854
0.085,3499.999999999999,202346.9999999999
0.085,1559.647396048222,30033.49405247415
0.085,1848.9676375538768,104014.03491023852
0.085,180.0,346.0
0.085,1077.0736968818192,14865.906092758472
0.085,137.9855064852827,1684.399002611911
0.085,3499.999999999999,169426.86902613766
0.085,1343.0000000000002,36837.99999999999
0.085,2110.045415888772,101353.2518790717
0.085,1005.552446609957,19559.240760430614
0.085,310.1005570415708,4154.952317930106
0.085,2058.7617637793846,110350.2527409883
0.085,3499.999999999999,130348.00000000003
0.085,1737.1953820955116,45239.25664744122
0.085,2319.453210411165,92200.94133710845
0.085,3499.999999999999,130833.63660941125
0.085,1923.8008225799167,72588.56534921752
0.085,357.3100325763433,3901.515941901865
0.085,2408.2151066713295,52453.61073367589
0.085,3499.999999999999,317381.00000000006
0.085,3499.999999999999,133631.53377852094
0.085,1789.9999999999995,102407.00000000001
0.085,1387.426097841286,49491.561934477395
0.085,62.0,79.0
0.085,3499.999999999999,230955.99999999994
0.085,1663.9695487986392,73746.65586282642
0.085,2348.210498228374,75237.83191781578
0.085,1136.0,11749.999999999998
0.085,1732.8412842466278,79128.4872778505
0.085,1320.0,41029.000000000015
0.085,3499.999999999999,249177.0000000001
0.085,113.15476127852509,194.4582217341298
0.085,925.0000000000002,41869.00000000001
0.085,1969.9999999999995,19000.999999999993
0.085,3499.999999999999,173208.08249616984
0.085,1971.32414605755,129984.88575890499
0.085,666.7083320313312,4599.890650874212
0.085,550.8636568766003,14230.166413699366
0.085,3499.999999999999,141462.99999999997
0.085,2487.187784354068,154212.6174601283
0.085,1583.2896263712228,38059.80214835128
0.085,1213.8780828402823,69563.74849014389
0.085,3499.999999999999,137800.00000000003
0.085,3499.999999999999,124753.64475637575
0.085,3499.999999999999,141226.1016110559
0.085,1059.274453059079,19367.50889385232
0.085,588.1872597129303,7215.6395795374665
0.085,1098.7164090954095,19558.463772890416
0.085,1062.5586002810805,39174.89934879624
0.085,1285.0,55805.999999999985
0.085,3499.999999999999,130429.0
0.085,1177.6564541387847,44631.72421104609
0.085,2064.703368525367,78102.17343966807
0.085,2314.843407230822,189307.08775954484
0.085,1041.6035714224486,18293.958018974467
0.085,1990.4773296875292,83392.93568402543
0.085,950.0461658082171,25945.858166047703
0.085,827.9999999999999,8606.0
0.085,572.729292922167,8900.593844746003
0.085,2066.0135104998,146135.2833220293
0.085,291.4481085888189,8050.791575988042
0.085,103.0,148.0
0.085,1813.0350113433356,58356.51259247269
0.085,3499.999999999999,77787.74046082069
0.085,81.0,1329.0
0.085,2941.197546907791,138436.95136212782
0.085,2255.881202545914,117029.61249188168
0.085,510.3920062069938,24864.771283886763
0.085,159.0,483.0
0.085,3499.999999999999,163280.99999999997
0.086,2661.322457106019,191856.86329285064
0.086,3499.999999999999,225431.0000000001
0.086,2445.7105307047273,110949.00630469843
0.086,1986.0765342755542,70051.24374341972
0.086,3499.999999999999,227876.00000000012
0.086,3499.999999999999,125933.00000000004
0.086,1977.2207034999628,109371.85197290621
0.086,3499.999999999999,259850.99999999994
0.086,1616.0421980901579,123878.8454375638
0.086,2545.9772190654016,62128.125225215044
0.086,3499.999999999999,220499.00000000003
0.086,3499.999999999999,204537.0
0.086,112.99999999999999,518.0
0.086,3499.999999999999,165471.0
0.086,2342.6480742954113,97461.52887165267
0.086,1482.5653442597393,46487.63332328286
0.086,596.9623657983125,20948.75581573251
0.086,908.8454214001413,24911.254645240177
0.086,3499.999999999999,156778.0
0.086,2186.54979362465,97345.8900827354
0.086,3499.999999999999,92588.99999999997
0.086,3499.999999999999,237650.00000000006
0.086,3499.999999999999,150226.0
0.086,89.0,119.0
0.086,713.0,30001.000000000004
0.086,577.0,1103.0
0.086,1978.6088297803562,66830.30850815089
0.086,1018.9999999999998,49108.99999999998
0.086,1210.9913294487287,60206.62292472481
0.086,3499.999999999999,276713.0000000001
0.086,1597.0000000000002,55483.00000000003
0.086,1528.9999999999998,49142.999999999985
0.086,3499.999999999999,289034.9999999999
0.086,2658.604993371004,145280.76090983342
0.086,2054.2485753241317,131225.28019601447
0.086,2618.130185029144,104524.60662799599
0.086,270.99630993797683,694.6797823457943
0.086,643.3649743462132,7936.817378234011
0.086,1098.9999999999998,113438.99999999999
0.086,2627.0354583088856,174719.98096313822
0.086,128.0,143.0
0.086,3071.596117775258,132308.69867841058
0.086,65.0,625.0000000000001
0.086,1550.3257722169233,138748.82272653704
0.086,3499.999999999999,169758.57328571062
0.086,404.7665994125503,7947.425054695388
0.086,515.751878329105,17247.134950478
0.086,93.0,150.0
0.086,1514.0000000000005,25526.000000000007
0.086,996.9954864491614,46210.417158904755
0.086,1375.0052305255576,65563.68446748663
0.086,3499.999999999999,201544.99999999994
0.086,286.0,783.9999999999998
0.086,2656.9719607101606,197248.49334785805
0.086,3499.999999999999,256547.9999999999
0.086,1532.0149453056904,42246.992619870274
0.086,1531.2539931122442,52292.77622119601
0.086,636.2113401783688,13813.404373301259
0.086,750.6663706334525,28564.422941834484
0.086,1254.2477357092362,29481.311035625295
0.086,790.0000000000002,4485.0
0.086,1307.0000000000005,80824.99999999997
0.086,3499.999999999999,120720.1007206339
0.086,3499.999999999999,141752.22255753167
0.086,184.9324200890693,4441.938315645548
0.086,346.4116048864414,2688.552584570367
0.086,2620.590754891348,165577.1879657698
0.086,1971.927990571664,167848.7732931045
0.086,1390.0,82569.00000000001
0.086,1198.0,49778.99999999999
0.086,2428.3812258355306,102750.10008797633
0.086,532.4471804789654,15839.131920657775
0.086,1684.0,44516.00000000002
0.086,3499.999999999999,105917.99999999996
0.086,3499.999999999999,124257.06906156868
0.086,1126.0275307469171,32436.19868295298
0.086,1902.6426808354663,57741.08275643213
0.086,3499.999999999999,319582.0000000001
0.086,1130.0,47177.99999999998
0.086,3499.999999999999,157179.99999999994
0.087,1034.8912986396203,10533.63057070068
0.087,787.7639240280045,22882.90860008841
0.087,1402.0000000000002,109145.99999999999
0.087,3499.999999999999,223288.00429042318
0.087,558.0,22695.999999999996
0.087,3499.999999999999,224266.00000000003
0.087,3499.999999999999,188000.00000000006
0.087,1956.9999999999998,109015.99999999999
0.087,1847.7694080202757,80851.41512748173
0.087,698.5699678629193,7648.65988261996
0.087,2219.12144778063,139070.39368607543
0.087,648.0740698407859,16698.945834992097
0.087,1788.0000000000002,129510.00000000006
0.087,608.0,10326.0
0.087,2601.3429945379658,54164.38811365931
0.087,443.1241361063512,11987.761425720822
0.087,2583.5053706156673,114050.88435430916
0.087,3499.999999999999,100935.0
0.087,1263.9999999999998,17443.999999999996
0.087,542.0,2356.9999999999995
0.087,785.9124985953579,12059.326921339272
0.087,840.4264571985354,16369.653080511403
0.087,384.05598550211397,10289.09033880061
0.087,375.0,3517.000000000001
0.087,569.0000000000001,2192.0
0.087,3499.999999999999,145246.00000000003
0.087,271.70101209807507,2391.9839832051434
0.087,474.3759116900643,5827.357916257326
0.087,3499.999999999999,181568.81869537657
0.087,3499.999999999999,129063.87992708838
0.087,400.8790341237615,2991.3279659709665
0.087,1429.0,37107.00000000001
0.087,1397.0,27567.000000000007
0.087,2505.534405766889,154706.34201294882
0.087,1219.0000000000002,22492.000000000007
0.087,728.6963905263503,12396.367181364312
0.087,1224.8299083566028,43518.42811825808
0.087,1639.7235893938089,66026.93036153032
0.087,540.5053191227631,5306.24631919778
0.087,2012.4763627556129,109182.52360492754
0.087,2740.950972587437,161955.4415814943
0.087,269.8652551254672,2672.389444547368
0.087,3499.999999999999,167697.1517110532
0.087,64.0,614.0
0.087,3499.999999999999,200199.00000000003
0.087,717.9364784238215,13058.348667731814
0.087,1522.9999999999998,159608.00000000006
0.087,3499.999999999999,190572.99999999994
0.087,658.7867636800243,4014.7745889402045
0.087,867.162774800278,15404.998188721807
0.087,1222.4974437601088,61682.57715108864
0.087,1238.226051083837,37051.95132607185
0.087,558.121850495033,3124.53196495091
0.087,1947.8192934664132,71457.07787896176
0.087,3499.999999999999,201397.0
0.087,81.91458966508958,662.5383007796604
0.087,1357.9948453510415,61428.721425730466
0.087,3499.999999999999,253470.00000000006
0.087,465.8325879540846,10604.879018640426
0.087,3499.999999999999,120060.42391229511
0.087,1955.430621406634,90345.65406673736
0.087,724.5688373094719,17581.140065422373
0.087,569.0000000000001,5638.000000000003
0.087,3499.999999999999,121291.00000000006
0.087,1232.9999999999998,45928.00000000001
0.087,2227.0109497090666,80144.97036082411
0.087,1470.1614119268963,64695.431591889625
0.087,2511.374125852219,100723.8245501034
0.087,299.45784344378086,2081.6174000041415
0.087,532.4471804789654,11791.070774106993
0.087,1887.9999999999995,60538.999999999985
0.087,2111.6344380597693,101586.45878757657
0.087,111.00000000000001,1029.0
0.087,476.9696007084728,15925.055667092658
0.087,3499.999999999999,110629.99999999997
0.087,3499.999999999999,155527.05533764855
0.087,427.35699362476794,4590.015141587223
0.087,3499.999999999999,191231.81359805178
0.088,1116.8397983784253,39949.659936259966
0.088,1225.0000000000002,42251.0
0.088,1384.9823103563451,49120.220256020824
0.088,543.1007432748341,6336.1732982410995
0.088,986.7560384916234,16072.883432655353
0.088,3499.999999999999,218857.9999999999
0.088,1962.8787265888495,66997.30628600105
0.088,347.0,890.0
0.088,3499.999999999999,174127.99999999994
0.088,1971.2992279940252,96911.09424835168
0.088,3499.999999999999,143217.1420605789
0.088,1342.657873463427,43882.028664222154
0.088,3499.999999999999,178071.99999999997
0.088,298.0,3870.9999999999995
0.088,1991.0,120285.00000000003
0.088,1702.977943550708,76396.59340453752
0.088,3499.999999999999,161770.7105133682
0.088,375.12531239573804,1955.8297471917133
0.088,2051.451084451407,100599.99603737828
0.088,1962.0,31750.0
0.088,669.3280212272605,5306.013757991962
0.088,3499.999999999999,126708.0
0.088,2653.9752844065238,99147.474778413
0.088,1654.9706946045908,54409.315525928105
0.088,1318.3489674589196,71311.84899439923
0.088,1346.0000000000002,37723.000000000015
0.088,1704.1913038153898,73539.70043452724
0.088,3499.999999999999,277526.01798029675
0.088,2813.4766978195958,90556.91635340825
0.088,3499.999999999999,173766.99999999997
0.088,3499.999999999999,168855.9999999999
0.088,967.8499649360907,29181.97611881278
0.088,764.1988280334571,19046.35471120828
0.088,3499.999999999999,224105.00000000006
0.088,480.42793424196304,12289.158026488227
0.088,2350.4299801717652,92369.9073684779
0.088,3499.999999999999,268272.0
0.088,68.94200461257273,76.91553809211764
0.088,1696.006719603531,67683.3808985446
0.088,839.2271330342105,13846.141017815122
0.088,2192.8781756262397,104296.85042307877
0.088,2138.0446954923746,95859.92679873097
0.088,3499.999999999999,280649.0
0.088,926.0129588726068,38337.36062902607
0.088,3499.999999999999,175780.0
0.088,1921.8761382220591,51974.18275640996
0.088,3499.999999999999,200267.69591474318
0.088,1894.0696924875813,49325.68641184835
0.088,3499.999999999999,184673.37575442877
0.088,2499.499949989998,70297.96574581657
0.088,3499.999999999999,149972.00000000006
0.088,1951.0000000000002,34169.00000000001
0.088,3499.999999999999,116060.7505238612
0.088,3499.999999999999,181523.44932817898
0.088,2048.7066813099245,102444.23932876982
0.088,3499.999999999999,206099.00000000003
0.088,887.6879224425304,30302.71942677589
0.088,697.1311153497729,12214.0479294847
0.088,1433.5247295641818,70926.90554743394
0.088,3499.999999999999,140381.1637471353
0.088,1639.0000000000005,148926.0
0.088,2058.7617637793846,91776.13954618051
0.088,3499.999999999999,198483.45253446183
0.088,3499.999999999999,236658.0000000001
0.088,3499.999999999999,211140.0
0.088,3499.999999999999,147738.00000000003
0.088,653.0,14457.999999999998
0.088,1842.9999999999995,107138.99999999999
0.088,2457.122133089007,97117.8031003822
0.088,2499.012943672545,111546.97003380666
0.088,1034.9999999999998,109517.99999999996
0.088,1242.3767544509194,16825.767382202815
0.088,1329.4735800308326,84913.28307750208
0.088,1482.0000000000005,73557.99999999999
0.088,770.0,13087.999999999995
0.088,1767.1818987713746,74268.0565159854
0.088,83.0,1403.9999999999998
0.088,3499.999999999999,253767.0000000001
0.089,3499.999999999999,241167.00000000006
0.089,2181.7424229271423,73222.1754388655
0.089,1193.5241933031773,21055.728911628765
0.089,1582.6559954709048,62245.47954671087
0.089,708.0000000000001,10570.999999999998
0.089,656.5028560486238,10446.368794944969
0.089,3499.999999999999,182545.99999999994
0.089,3499.999999999999,210395.23068739
0.089,3499.999999999999,211796.0
0.089,3499.999999999999,106815.99999999996
0.089,1993.1131427994742,136285.11894187133
0.089,254.5810650823301,2261.1829069988594
0.089,126.09520212918493,831.781221235488
0.089,367.699384301427,3572.40757950715
0.089,859.4249806743685,14165.623845385728
0.089,954.5105013764351,15922.685689052109
0.089,3499.999999999999,103087.03244346494
0.089,560.6239563994845,4598.630735347148
0.089,1977.2207034999628,92234.63628653667
0.089,2670.681885250801,78052.52794110932
0.089,547.7353375490758,11965.557655203544
0.089,881.4142045599219,33539.44860906332
0.089,3499.999999999999,268503.00000000006
0.089,3499.999999999999,238438.99999999994
0.089,673.0,16910.999999999996
0.089,2510.079308404476,94027.4953723858
0.089,3499.999999999999,125116.63766594054
0.089,3499.999999999999,184985.83622266873
0.089,1467.0000000000005,76172.99999999999
0.089,108.0,1053.0
0.089,1974.1340432711947,101976.59336667096
0.089,2544.602129999894,131511.9112324051
0.089,333.93113062426505,8699.621600966331
0.089,118.0,1536.9999999999998
0.089,3499.999999999999,246420.07190973713
0.089,1882.9734521761188,48274.44372641529
0.089,1937.00800204852,42218.49552032855
0.089,3499.999999999999,242560.99999999997
0.089,594.5586598477898,3225.987135746205
0.089,671.9374970932935,5177.491284396332
0.089,1389.855860386949,41062.85344687732
0.089,3499.999999999999,158494.00000000003
0.089,3499.999999999999,284100.0000000001
0.089,3499.999999999999,100594.00000000006
0.089,3499.999999999999,132330.00000000003
0.089,229.0,257.0
0.089,1868.3310734449606,116239.66061547151
0.089,1181.1386595691372,50211.66300701501
0.089,1506.9999999999998,66926.0
0.089,3499.999999999999,133883.00000000003
0.089,3499.999999999999,231405.00000000006
0.089,2668.145423323099,224970.1327109889
0.089,3499.999999999999,244451.9999999999
0.089,543.9333287669962,10075.326855737918
0.089,3499.999999999999,159123.86918372748
0.089,2933.6256452268394,242748.97485153296
0.089,2190.5478766737792,88119.25506380538
0.089,1396.2449641807127,28273.162539765508
0.089,328.0,1003.9999999999998
0.089,3499.999999999999,129291.64874422479
0.089,1130.6791020669614,46523.01440351947
0.089,1401.4909917655552,54315.81784342383
0.089,1155.6745371131196,38326.00803601508
0.089,3499.999999999999,187344.00000000003
0.089,155.26751108973184,460.10433599347874
0.089,1141.1349613433106,16954.734324075976
0.089,582.4637327765566,14676.411073556104
0.089,110.00000000000001,112.00000000000001
0.089,409.1747792814215,3641.5621647858757
0.089,473.96079363802215,2166.040090008255
0.089,1486.1022845013053,40384.422008987574
0.089,417.5008982026267,12296.439240690781
0.089,918.2842697117268,35386.94787630036
0.089,2129.356230906849,120955.27122984354
0.089,2439.262183530094,118380.82062564026
0.09,1102.0435563080073,15156.386277737845
0.09,3499.999999999999,121737.99999999997
0.09,3499.999999999999,318581.0000000002
0.09,3499.999999999999,179065.0
0.09,2433.5159748807905,129834.88902448374
0.09,1149.9999999999998,95981.99999999997
0.09,1082.5572163433028,41967.00243634183
0.09,1881.8210813545254,39264.349296400665
0.09,100.0,101.0
0.09,1646.9999999999995,94827.00000000004
0.09,694.982014155762,16744.400914932725
0.09,1163.0,107925.0
0.09,3499.999999999999,206582.30676899702
0.09,3499.999999999999,213539.00000000003
0.09,3499.999999999999,225532.99999999994
0.09,3499.999999999999,129381.00000000004
0.09,3499.999999999999,230531.0000000001
0.09,522.4940191045251,4067.0997037200855
0.09,2694.5133207871017,188108.63102643166
0.09,1486.1022845013053,60403.17342656759
0.09,1855.0,157435.00000000006
0.09,3499.999999999999,234912.5720773582
0.09,2533.5745499195395,130330.44970382018
0.09,202.99999999999997,242.0
0.09,3499.999999999999,204713.6991959071
0.09,1287.2413851919325,35896.334404547204
0.09,3499.999999999999,100645.13073456481
0.09,3499.999999999999,224971.00000000006
0.09,260.624250598443,4177.249812975039
0.09,3499.999999999999,232588.30503703307
0.09,272.0,6895.999999999996
0.09,3499.999999999999,291824.9999999999
0.09,1542.1487125006,27601.249323139895
0.09,3499.999999999999,136881.99999999997
0.09,3499.999999999999,139025.74552938034
0.09,334.08382181722,2339.9893162149265
0.09,1467.5723887995202,55242.15178605135
0.09,2259.75662406375,158081.3372602851
0.09,250.99999999999997,6342.999999999998
0.09,591.0,864.0
0.09,3499.999999999999,104861.99999999994
0.09,3499.999999999999,203919.00000000003
0.09,274.87708005145294,1364.731501349284
0.09,571.5628312382748,15303.003075463144
0.09,3499.999999999999,263050.0
0.09,1359.411637437314,19861.479552138113
0.09,3499.999999999999,209641.53670014915
0.09,473.2863826479693,10212.60133364658
0.09,3499.999999999999,120033.00000000001
0.09,1964.4384352253837,47949.16632322616
0.09,1920.9999999999998,43528.0
0.09,2232.4874019801323,108112.6525805375
0.09,112.99999999999999,1226.9999999999998
0.09,1329.4735800308326,43982.92204935911
0.09,804.6738469715539,25324.250038253842
0.09,109.00000000000001,942.0
0.09,2009.0,99329.99999999999
0.09,3499.999999999999,123413.00000000006
0.09,1317.0,72645.99999999999
0.09,348.5340729397916,1881.6094174934392
0.09,130.0,2261.0
0.09,2059.6116138728676,103469.52033811697
0.09,1235.6219173641218,27187.149411828945
0.09,681.1199048832589,17405.450345676323
0.09,3499.999999999999,97981.0
0.09,726.9800547470336,27072.341919383336
0.09,2007.1123536065438,102134.6962398185
0.09,1017.8408519999575,38070.547934065784
0.09,112.00000000000001,204.99999999999997
0.09,342.93451874683797,1609.32569398823
0.09,539.0,2610.0
0.09,1289.2582412401362,43192.09329617153
0.09,336.0446398917858,8519.697177717057
0.09,3499.999999999999,182607.99848856576
0.09,121.0,1633.0000000000002
0.09,3038.0890544737513,179887.2551906603
0.09,3499.999999999999,138650.20195914104
0.09,2237.185732119709,62747.93602980101
0.09,2905.9836815005588,96572.41928277738
0.09,1969.9999999999995,175648.00000000006
0.09,309.73537092169505,7710.2269746097645
0.091,1733.1878492846276,63777.36154152699
0.091,404.6652937922895,4021.1845269770947
0.091,1531.09182039515,79380.19546277961
0.091,3499.999999999999,179141.00000000006
0.091,136.0,983.9999999999998
0.091,931.3704955601718,12280.237782714143
0.091,1059.0000000000002,13773.999999999995
0.091,3499.999999999999,203331.70307160652
0.091,3499.999999999999,78473.99999999999
0.091,3499.999999999999,198149.0
0.091,1232.7218072469136,28291.918585982483
0.091,3499.999999999999,108137.00000000001
0.091,1030.0,33190.0
0.091,2694.5133207871017,169879.39114371262
0.091,943.6989141361914,11665.438563416254
0.091,300.5062395358872,8846.185618672043
0.091,3499.999999999999,177664.0000000001
0.091,3499.999999999999,138643.45021312762
0.091,604.9314010695758,29016.990798495965
0.091,3499.999999999999,263337.99999999994
0.091,3499.999999999999,195835.0
0.091,1318.8129473537838,29959.111893315192
0.091,871.6708094229151,16750.646912880704
0.091,1744.0672104214907,68931.0866535021
0.091,1971.927990571664,73405.97917063699
0.091,3499.999999999999,170591.99424357523
0.091,3499.999999999999,146091.00000000003
0.091,3499.999999999999,341759.0000000002
0.091,3499.999999999999,124776.00000000003
0.091,3499.999999999999,219160.92147095938
0.091,1315.299801046484,46227.687355196555
0.091,3499.999999999999,136157.3693488532
0.091,3499.999999999999,210565.00000000006
0.091,2483.344518990468,90679.066134362
0.091,106.0,948.0
0.091,478.0083681275883,7112.85807534496
0.091,1156.9999999999998,41709.0
0.091,104.0,111.00000000000001
0.091,43.0,550.0
0.091,3499.999999999999,148748.99999999997
0.091,3499.999999999999,236273.99999999994
0.091,1136.0,37514.0
0.091,914.4319049220625,18199.690099894913
0.091,269.6775852754544,820.5754078693805
0.091,1208.9999999999998,67268.0
0.091,579.6550698475775,5251.764751014653
0.091,1311.32273786023,50789.25941818707
0.091,1799.8971134607648,59742.28337794474
0.091,3499.999999999999,283223.0000000001
0.091,3499.999999999999,164234.05163372948
0.091,3499.999999999999,218590.0000000001
0.091,623.2976816898969,4826.240151505103
0.091,3499.999999999999,275905.0
0.091,1327.5671128630274,36567.79178883621
0.091,3499.999999999999,151995.99999999997
0.091,1241.12842837766,28993.156142253178
0.091,118.0,200.0
0.091,570.0000000000001,2284.0
0.091,3499.999999999999,190686.63728606288
0.091,3499.999999999999,168311.95229128146
0.091,1993.1131427994742,100544.69167489647
0.091,101.0,104.0
0.091,671.9374970932935,4569.797041445058
0.091,2259.75662406375,97382.3756641827
0.091,1270.2361985079783,60226.97186477168
0.091,1158.0,28093.999999999993
0.091,1483.6063545124061,33825.19306284041
0.091,252.99999999999997,5595.000000000003
0.091,114.99999999999999,200.99999999999997
0.091,597.4947698515862,15920.813295808735
0.091,3499.999999999999,149974.0
0.091,1119.0844472156693,42139.651896995994
0.091,2537.025817763784,162106.12190784153
0.091,1883.0000000000002,70704.00000000001
0.091,119.0,1094.9999999999998
0.091,3499.999999999999,62808.00000000001
0.091,64.0,501.99999999999994
0.091,3499.999999999999,160050.0085685779
0.092,1006.0000000000002,28974.999999999993
0.092,807.1228513514354,10689.790024388458
0.092,3499.999999999999,205278.00000000012
0.092,2414.6372758396883,93765.48856488291
0.092,2390.711191256694,62785.20875174341
0.092,657.0,1513.0
0.092,3499.999999999999,148199.5911735253
0.092,1080.9999999999998,45356.000000000015
0.092,1676.5554423402236,70642.15024490583
0.092,387.9432948254164,16695.209312853793
0.092,967.808137645512,42701.59927032999
0.092,3499.999999999999,158182.00000000003
0.092,1817.372935647886,93442.12335910778
0.092,412.94067370507344,2177.578471605558
0.092,3499.999999999999,164470.99999999997
0.092,3499.999999999999,264939.99999999994
0.092,1894.4918959940906,92150.05692384708
0.092,3499.999999999999,146706.57168647906
0.092,2400.2083242918725,108120.7684767363
0.092,103.0,109.00000000000001
0.092,3499.999999999999,240804.99999999997
0.092,1059.178787229233,12250.964579284013
0.092,591.6079783099615,13685.377013440293
0.092,120.0,1067.0000000000002
0.092,61.0,596.0
0.092,1887.3433679208442,95948.88426040292
0.092,267.0,1942.9999999999995
0.092,3499.999999999999,281226.0000000001
0.092,3499.999999999999,141640.0
0.092,1236.729558149234,45472.0065644788
0.092,3499.999999999999,305478.99999999994
0.092,3499.999999999999,190171.99933481266
0.092,509.0099979637786,6943.702251219512
0.092,532.4471804789654,12243.567127271366
0.092,326.5058327151527,1259.4717589194054
0.092,1442.9999999999995,33163.99999999999
0.092,1379.0918758029277,101845.03997070392
0.092,2812.960747560855,166037.59913291383
0.092,2768.0894926710384,100533.37721455358
0.092,2050.7037044752396,95775.11722561579
0.092,1029.0,66815.00000000001
0.092,2304.9945770001286,102115.85208967312
0.092,1086.9999999999998,33039.0
0.092,766.9222080867162,7140.998443606521
0.092,2335.1659469939177,90332.84263212357
0.092,536.9269898555716,3418.532683366776
0.092,1688.0606349369643,75356.52980106087
0.092,1800.9999999999998,94585.00000000001
0.092,473.7594326237737,16287.75331345609
0.092,1083.0,51005.999999999985
0.092,1130.0996463716276,19443.547230119002
0.092,663.1567475768394,12197.416524872937
0.092,2617.154943827361,97809.04246540803
0.092,3499.999999999999,204432.99999999997
0.092,530.0584873388973,8564.850261388112
0.092,3499.999999999999,155701.00000000003
0.092,519.1338940966963,13272.88536829878
0.092,3499.999999999999,168915.14883514744
0.092,1139.0000000000002,22496.000000000004
0.092,1234.2674593185238,60753.639489456364
0.092,1387.1952400696596,38132.50868107935
0.092,2517.8324983635775,140280.44670454058
0.092,1723.0,125452.00000000001
0.092,620.4836822995428,5496.841274768629
0.092,2272.482422106992,43866.99196076524
0.092,1156.9999999999998,52360.000000000015
0.092,3499.999999999999,208812.70824832487
0.092,1866.2063122816835,95051.43692759205
0.092,3499.999999999999,138009.99999999994
0.092,2223.8480163896097,143588.7258109077
0.093,1523.8818851866438,44801.10283240804
0.093,869.4826047713664,16261.857827443939
0.093,110.00000000000001,1158.0
0.093,897.5678275412195,36103.61688746412
0.093,2604.419321077156,151497.5032830574
0.093,3499.999999999999,121102.64300996908
0.093,1846.3477462276708,64917.881434932875
0.093,3499.999999999999,84171.99999999999
0.093,914.2662102443973,28857.786147299492
0.093,1885.2739718154623,69848.85048617194
0.093,421.60882343708136,3636.420217741619
0.093,3499.999999999999,117653.00000000001
0.093,1009.0,62184.0
0.093,1833.3048664083058,57886.06353207832
0.093,2942.1412971881564,76789.24369235171
0.093,3499.999999999999,104663.00000000003
0.093,249.63426521317695,4774.173312188848
0.093,81.0,102.0
0.093,163.0,239.0
0.093,3499.999999999999,121022.68098170687
0.093,67.0,560.0
0.093,1538.4059657169687,56327.21529963826
0.093,1646.0,78087.99999999997
0.093,462.0606020859168,11435.377912425978
0.093,3499.999999999999,181013.00000000006
0.093,1089.0,20220.0
0.093,386.5617673800657,2374.249355059405
0.093,898.3731575232083,29405.56833724989
0.093,3499.999999999999,211571.0000000001
0.093,1584.9999999999998,61000.99999999998
0.093,3499.999999999999,277233.99999999994
0.093,1360.7131396228185,49461.47154312263
0.093,1106.8446142074326,45025.30738373697
0.093,1003.8461037429989,56026.54455702224
0.093,951.9167211712553,22411.28988133339
0.093,2571.4328336202134,136530.11703727389
0.093,567.4504383644443,5715.580985341734
0.093,989.5988879429362,35452.48881315993
0.093,3499.999999999999,228498.99999999988
0.093,3499.999999999999,254263.99999999994
0.093,3499.999999999999,218232.6817596302
0.093,1973.0,89556.99999999999
0.093,3499.999999999999,229613.00000000006
0.093,1682.8948273733565,82008.51025350965
0.093,436.9497194035994,4599.262895487109
0.093,1493.4992467356656,32351.222032560083
0.093,192.43180610283736,1061.6256402329402
0.093,371.2207064598631,1317.8130937261187
0.093,2312.8767343367003,94551.04977981208
0.093,1462.0000000000002,150189.99999999997
0.093,249.63948035224539,2777.859633855676
0.093,1768.4128259720676,41759.98175606531
0.093,218.99807487070478,1437.8878062482158
0.093,1712.8660679129728,55563.66801892499
0.093,3499.999999999999,230530.00000000003
0.093,3499.999999999999,211780.6344121199
0.093,3499.999999999999,282157.00000000006
0.093,3499.999999999999,223266.9999999999
0.093,1795.0,48275.0
0.093,1789.5530168173284,108389.83225376812
0.093,1541.0408820015127,58945.90045965879
0.093,410.0283938297428,2478.432277475935
0.093,3499.999999999999,150522.15451221797
0.093,3499.999999999999,175960.0
0.093,1291.4341711794486,75500.30403997329
0.093,1491.048410069517,79093.2385211369
0.093,359.83531562203314,3161.9202023741
0.093,1846.572665840926,56203.87377265512
0.093,349.18046909871686,1937.596449212271
0.093,3499.999999999999,127945.00000000004
0.093,3499.999999999999,278755.731176957
0.093,3499.999999999999,254776.99999999994
0.093,2056.513094448248,40573.23066350039
0.093,286.0,1318.0
0.093,3499.999999999999,152483.0416931666
0.093,1044.4147879847812,14509.199374240688
0.093,1267.6195868865827,25879.694743498014
0.093,1084.0678779043697,17128.99489550341
0.093,3499.999999999999,264607.00000000006
0.093,3499.999999999999,226305.9999999999
0.093,3499.999999999999,103008.00000000004
0.093,219.0,265.0
0.093,1713.3318417632943,69294.35399078342
0.094,2153.485546735803,56834.4994083699
0.094,1556.0848569137984,49625.39946490754
0.094,3499.999999999999,122967.0
0.094,1054.9523707739918,21195.351058458768
0.094,3499.999999999999,75981.0
0.094,396.14895936700736,4141.477512493064
0.094,3499.999999999999,174121.00000000006
0.094,403.0,551.0
0.094,2306.412680712134,71599.41083724465
0.094,328.0,1083.9999999999998
0.094,3499.999999999999,124602.99999999997
0.094,3499.999999999999,118041.00000000001
0.094,2620.496136230694,168789.97195331246
0.094,712.822828131788,14111.928121202143
0.094,1201.797306729817,19627.333672880577
0.094,397.04155953753764,1412.9281651945364
0.094,1713.0000000000002,53861.999999999985
0.094,418.9725528002998,9107.6220277304
0.094,1140.1810526024187,11160.71643770346
0.094,3499.999999999999,271106.7677576493
0.094,3499.999999999999,223692.41792109492
0.094,1367.5881333829398,26036.146609833493
0.094,1549.9999999999998,67582.00000000001
0.094,1476.940355478057,66448.96342569239
0.094,274.8090245970827,5385.075672634511
0.094,3499.999999999999,105116.00000000003
0.094,1854.0,68488.0
0.094,3499.999999999999,196677.50636003085
0.094,3499.999999999999,132926.99999999997
0.094,1217.9005155458397,19339.004853198217
0.094,897.4205980297768,19653.853692950903
0.094,3499.999999999999,179747.98874925013
0.094,1038.172007914683,19357.22386364361
0.094,3499.999999999999,66209.00000000001
0.094,3499.999999999999,292128.0000000001
0.094,2114.8179475071493,140383.76268222104
0.094,1056.645635963164,27752.650323887992
0.094,3499.999999999999,208935.00000000003
0.094,1171.4622471343926,23600.60912002594
0.094,922.0872584116894,20583.999530640747
0.094,3499.999999999999,225938.68792967702
0.094,1748.8653464460888,73045.47756021582
0.094,89.0,104.0
0.094,3499.999999999999,244862.9999999999
0.094,3499.999999999999,143701.31535932448
0.094,1384.9187701811252,38238.387060648885
0.094,1704.1421483537838,37167.81014171586
0.094,2655.6543449778997,142420.86847088102
0.094,538.9805191284745,4611.253842503143
0.094,3499.999999999999,110640.00000000006
0.094,3499.999999999999,160501.33441501352
0.094,2396.1018896603255,179236.91159620672
0.094,1250.3779124009263,89342.47245123469
0.094,1627.382100043235,37330.69587557441
0.094,141.0,3144.000000000001
0.094,3499.999999999999,111845.00000000003
0.094,871.372391592019,29038.839305008663
0.094,2765.728056955328,150821.93596429718
0.094,3499.999999999999,90316.24901511865
0.094,1938.8140705080516,105453.58675739764
0.094,1602.0,72758.00000000001
0.094,67.0,200.0
0.094,2052.787522594056,80320.20514589742
0.094,330.9584769149674,4530.532409073696
0.094,1030.5762320654103,9181.654270062518
0.094,359.5594526639509,9293.637178198862
0.094,923.0,20975.000000000007
0.094,748.787373773511,15055.241757939964
0.094,1982.105006328534,76687.91042264606
0.094,64.0,106.0
0.094,458.2575694955839,9252.84210391596
0.094,3499.999999999999,286173.00000000006
0.094,62.0,614.0
0.094,114.99999999999999,144.0
0.094,1937.00800204852,57322.84918773666
0.094,825.4744745423235,9568.360765111647
0.094,3499.999999999999,190215.43141275478
0.094,2416.195356340211,126680.48031958203
0.094,160.14680764848234,381.97513008048054
0.095,512.3475382979799,13372.69845618303
0.095,3499.999999999999,97542.00000000001
0.095,3499.999999999999,324845.0
0.095,149.53260514014994,2322.4909041802507
0.095,1301.5512055102847,51989.63805145066
0.095,851.5818152647158,9304.78605231699
0.095,309.92257097539704,6723.92385441715
0.095,2805.7174838552664,156605.20825203546
0.095,3499.999999999999,181661.99999999997
0.095,823.5696058813454,13699.225874883186
0.095,154.0,1752.0
0.095,3499.999999999999,94142.99999999999
0.095,3499.999999999999,139625.32407124437
0.095,3499.999999999999,210258.11955308632
0.095,2257.432169523594,114736.77130719682
0.095,2645.255093110651,101196.07557919496
0.095,1363.5985569528002,51083.658180131206
0.095,420.29617431556323,3650.5059103589056
0.095,2384.6678861943237,104148.45672496174
0.095,85.5219270129012,1042.5507181907267
0.095,1009.5746992151855,23731.363079671028
0.095,2126.2223404067063,78320.22371288128
0.095,3499.999999999999,183503.33074361354
0.095,3499.999999999999,161557.67911182687
0.095,579.6550698475775,4880.328165195451
0.095,2612.4700955226263,100453.34006890966
0.095,3499.999999999999,224192.0000000001
0.095,731.778655059028,12239.18865775015
0.095,3499.999999999999,307052.00000000023
0.095,2255.881202545914,81876.28624333174
0.095,1882.0201911775541,49368.07365089307
0.095,1640.6755624773361,60169.972989783004
0.095,3499.999999999999,247145.00000000006
0.095,59.0,501.99999999999994
0.095,401.4099515495395,3948.1927720972685
0.095,158.0,1605.0
0.095,3499.999999999999,335336.0000000002
0.095,504.0,7402.327742001161
0.095,3499.999999999999,160628.67734000675
0.095,212.0,4913.999999999999
0.095,96.56086163658648,288.37475617675
0.095,644.5713033775613,3230.4099755975803
0.095,1247.9490233456931,17225.75184179421
0.095,1029.8058069364338,46983.042749485685
0.095,3499.999999999999,139782.99999999997
0.095,1101.9981851164725,26251.9845345071
0.095,2317.8653972998513,129076.06327278506
0.095,707.9887004748027,27079.15249781647
0.095,2702.3641844035546,124165.25152447111
0.095,2502.2989429722415,93337.66270911218
0.095,202.0,399.0
0.095,1391.7737610951174,37947.52975609751
0.095,1062.8061401564817,12463.000823124834
0.095,1627.0,113418.99999999999
0.095,144.0,208.0
0.095,2856.3390575602393,143755.43200514955
0.095,804.2832760047281,7857.316696474471
0.095,3499.999999999999,110554.99999999997
0.095,431.18441530277966,9718.039308420186
0.095,1147.170431975999,17972.065874125834
0.095,1107.863759221833,44516.09833795551
0.095,922.4479936800315,41403.30442939906
0.095,3499.999999999999,218427.1121266771
0.095,580.0544934927044,6542.378978780006
0.095,3499.999999999999,304907.0000000002
0.095,1367.3081619696904,64651.72804668537
0.095,3499.999999999999,210758.00000000003
0.095,1459.9657530229947,33580.440735642514
0.095,849.177210328828,15057.191620687818
0.095,3499.999999999999,137524.0
0.095,288.0,1211.0000000000002
0.095,1951.4097468240752,51638.1582940368
0.095,901.1104260855047,28645.851357570074
0.095,629.9999999999999,8066.999999999997
0.095,69.38299503480661,198.84667460131183
0.095,487.8524367060187,12540.50521310844
0.095,277.99999999999994,3409.9999999999995
0.095,146.72423112764977,1263.9137628809967
0.096,3499.999999999999,159676.38238011286
0.096,1706.9496363756596,49143.60428266625
0.096,571.0,1080.9999999999998
0.096,3499.999999999999,234426.50908120436
0.096,1044.4147879847812,14463.919099666586
0.096,998.1598130448838,41032.428516183376
0.096,1034.144461681705,45896.16349402398
0.096,61.0,588.0
0.096,3499.999999999999,106136.99999999997
0.096,1180.7290120937992,36565.5918590141
0.096,2301.1036066814386,117397.88179673319
0.096,100.0,110.00000000000001
0.096,1149.9999999999998,94954.00000000003
0.096,2100.833168054998,73150.75503369732
0.096,1587.1444767766168,56154.23042628729
0.096,1679.6993778649796,96577.2520110197
0.096,3499.999999999999,100372.99999999997
0.096,3499.999999999999,242980.20704575916
0.096,1900.8942981766963,64823.87193120111
0.096,79.0,105.0
0.096,731.3562718209922,13339.37031961451
0.096,3499.999999999999,112182.00000000004
0.096,602.0,6646.999999999998
0.096,3499.999999999999,209766.0
0.096,418.0,6528.999999999998
0.096,3499.999999999999,202922.99999999997
0.096,2690.006495195826,103971.90216428046
0.096,671.9374970932935,16426.355864889818
0.096,1882.0000000000005,30506.999999999993
0.096,3499.999999999999,116751.0
0.096,639.9218702310461,18746.281551283697
0.096,3499.999999999999,225751.99076520943
0.096,3499.999999999999,89433.60142586232
0.096,81.99390221229869,336.94955112004527
0.096,454.4142219220718,7685.371881714271
0.096,1008.7980342547783,16763.231146837243
0.096,2699.5655450936615,143682.85923168864
0.096,3499.999999999999,240169.99999999988
0.096,2704.811197210174,140586.310878196
0.096,3499.999999999999,203421.99999999997
0.096,2569.2411330974755,148704.2430732896
0.096,663.0,1875.0
0.096,1534.7638254793471,66261.92431555242
0.096,1496.0,76457.00000000003
0.096,1922.4983745116663,83494.53637214832
0.096,473.2863826479693,10929.59541794663
0.096,3499.999999999999,77601.00000000003
0.096,1611.0000000000002,127791.00000000006
0.096,381.1810593405711,6215.572861772279
0.096,3499.999999999999,274250.68842210784
0.096,3499.999999999999,286156.0
0.096,484.25200051213,12678.107902995614
0.096,3499.999999999999,97289.643852776
0.096,3499.999999999999,156926.00000000003
0.096,1061.6025621672172,10998.729926677894
0.096,3499.999999999999,145598.26181998188
0.096,2773.1814506062533,158322.8027109327
0.096,1143.3134338708803,44929.57373359492
0.096,3499.999999999999,253935.0000000001
0.096,1743.9793102082144,83187.16990547162
0.096,659.8748614905566,15796.171234276488
0.096,3499.999999999999,222969.2764440877
0.096,2097.4985101305792,97797.96423239088
0.096,482.99228867630006,2726.6923968246856
0.096,712.0,19368.00000000001
0.096,3499.999999999999,223846.00000000006
0.096,1534.7638254793471,42437.8155894009
0.096,3499.999999999999,143114.99999999997
0.096,1154.7727049077666,29760.5430057988
0.096,769.09037180295,42880.39112461545
0.096,473.2863826479693,10158.167895836339
0.096,673.0,14004.0
0.096,1904.2058712229618,40505.76429349282
0.096,1936.0000000000002,43660.00000000002
0.096,1383.6545811726276,39393.274248277456
0.096,60.0,530.0
0.096,3499.999999999999,275341.99999999994
0.097,2199.318076131781,156223.83997328967
0.097,3499.999999999999,164425.0
0.097,463.0,21575.999999999996
0.097,3499.999999999999,131623.30393589122
0.097,3499.999999999999,152698.0
0.097,2919.322026247558,114073.62925350678
0.097,84.0,1688.0
0.097,1706.9999999999998,8984.000000000005
0.097,642.396706837396,8882.083475089199
0.097,469.57427527495577,12693.203850880202
0.097,2574.00466200044,92185.28209535398
0.097,2066.0000000000005,209354.99999999994
0.097,2143.7117343523587,92100.09478822477
0.097,2429.1973983190414,133159.36935492003
0.097,1899.605222144854,112588.40273758215
0.097,1349.669959656804,44022.5590351129
0.097,3499.999999999999,284564.99999999994
0.097,185.0,1782.0000000000005
0.097,1084.0678779043697,39384.65948804048
0.097,548.6346689738081,5201.236679867587
0.097,3499.999999999999,106153.80398271179
0.097,634.4288770224761,10834.709640779487
0.097,3499.999999999999,174900.00000000003
0.097,39.0,49.0
0.097,749.7466238670233,25464.379042105054
0.097,3499.999999999999,129917.49200165473
0.097,3499.999999999999,173850.82315594587
0.097,3499.999999999999,308062.9999999998
0.097,3499.999999999999,113549.00000000003
0.097,1150.0147876310482,17427.049569995772
0.097,708.7604164791967,13308.741488573232
0.097,1434.5731072343435,24500.52509641374
0.097,2106.6561181170505,94423.77411436169
0.097,563.0,12187.999999999998
0.097,3499.999999999999,117671.99999999999
0.097,3499.999999999999,165653.479094162
0.097,984.1419974951831,15381.989227344466
0.097,3499.999999999999,167894.0
0.097,553.0121238596042,8091.7430363406565
0.097,1030.0,21419.999999999996
0.097,2217.543686153668,75970.1286427764
0.097,1143.8583828429112,19703.306118517256
0.097,577.0,1535.9999999999995
0.097,2701.245424522271,118763.46089072221
0.097,1297.1888960994388,40166.15545650781
0.097,1941.1618434591662,39828.99965830708
0.097,144.0,1650.9999999999998
0.097,1110.0,24970.000000000004
0.097,1866.145760652152,65801.12202690775
0.097,806.6569525805448,30561.37810485227
0.097,1921.5878850575627,70808.14936149657
0.097,3499.999999999999,112031.45281571594
0.097,517.6914978080462,4695.9735141604
0.097,3499.999999999999,136070.60104960215
0.097,1689.9999999999995,105662.99999999999
0.097,2050.2438879313845,155661.09716624778
0.097,3499.999999999999,141011.00000000003
0.097,814.8901454050396,5667.655359313864
0.097,590.6471027610311,16780.93933604433
0.097,1363.647575665388,60746.0859430679
0.097,617.6568626672904,4309.72006051437
0.097,3499.999999999999,105824.0
0.097,459.99999999999994,3094.999999999999
0.097,588.9999999999999,35596.000000000015
0.097,558.121850495033,4133.881710934652
0.097,2409.66802692819,187231.13063804313
0.097,2487.846388724796,134230.31073231425
0.097,634.1096372598911,12532.447260333258
0.097,2020.1504642356388,86447.86697472638
0.097,3499.999999999999,195175.00000000006
0.097,2460.83173012785,79942.61487797274
0.097,3499.999999999999,82236.00000000001
0.097,3499.999999999999,186776.43907623904
0.097,869.4826047713664,37898.613035307775
0.097,3499.999999999999,120441.00000000003
0.097,3499.999999999999,137134.89683884248
0.097,1104.083330188442,51780.454343313715
0.097,3499.999999999999,198358.00000000003
0.097,1807.0694507959565,65569.76664591697
0.097,3499.999999999999,181448.00000000006
0.098,3499.999999999999,228320.9999999999
0.098,1915.7962861794495,43221.76073230244
0.098,829.5938400841767,17750.578037444986
0.098,3499.999999999999,178033.57021921466
0.098,1349.9648143562854,55815.05442082806
0.098,3499.999999999999,205986.99999999988
0.098,1029.2211411736457,32852.74197324505
0.098,3499.999999999999,219776.99999999994
0.098,1564.626153430908,74885.46646713234
0.098,3499.999999999999,272016.00000000006
0.098,1037.0417969909383,34736.36981334105
0.098,3499.999999999999,195230.0
0.098,3499.999999999999,271151.99999999994
0.098,998.8749012943032,15526.099845332163
0.098,855.5329930407561,21680.483049617567
0.098,795.9271323431561,18859.57067379849
0.098,3065.2444863944283,155508.6856382866
0.098,3499.999999999999,139050.43224312545
0.098,2357.79814742766,82688.49181559039
0.098,696.742617982035,9744.437245296938
0.098,3499.999999999999,114003.99181607638
0.098,2181.7424229271423,51816.974052910504
0.098,3499.999999999999,126507.0
0.098,3499.999999999999,348086.0
0.098,1786.0000000000002,119229.99999999997
0.098,1222.4221787941842,39643.81278049866
0.098,3499.999999999999,159577.99999999997
0.098,3003.086668156601,163131.03297815807
0.098,3499.999999999999,124329.99999999997
0.098,2700.8096621499244,126214.701804463
0.098,931.5939827997786,14774.53406865342
0.098,900.4400064368165,16213.552862933515
0.098,2066.0000000000005,18856.000000000004
0.098,3499.999999999999,177266.0164216481
0.098,1049.180737807916,42703.044960400206
0.098,1551.5104806073853,44286.993568059705
0.098,1357.0278229894934,57860.721541137864
0.098,67.0,603.9999999999999
0.098,3499.999999999999,227182.74792774205
0.098,836.6600265340754,7170.850158802649
0.098,3499.999999999999,210665.99999999994
0.098,1688.0,47517.00000000002
0.098,202.0,4577.0
0.098,2370.9459925345,104805.51107711233
0.098,952.3476762136273,24798.897951134793
0.098,1912.4482041957838,54571.56945959303
0.098,576.6281297335397,5245.5280954351965
0.098,386.0,1344.0000000000002
0.098,3499.999999999999,179890.36060889985
0.098,3499.999999999999,244406.0
0.098,1477.9999999999995,37722.000000000015
0.098,522.2373029865203,11452.140035193237
0.098,3499.999999999999,210833.0000000001
0.098,2058.0,130245.00000000003
0.098,1041.633332799983,10071.419959469466
0.098,1534.7638254793471,49351.67899879397
0.098,364.52990681736054,6162.335652520267
0.098,1145.6461713771191,17375.796078251595
0.098,2125.459193697567,47341.47716828524
0.098,1761.2607186105292,68913.51333119957
0.098,3499.999999999999,190013.2965873704
0.098,1366.0000000000002,88388.99999999997
0.098,1761.3675235886835,64016.55074189542
0.098,3499.999999999999,214541.98374222725
0.098,694.982014155762,15810.607831452915
0.098,3499.999999999999,296648.00000000006
0.098,483.50216324251807,3872.754857325376
0.098,3499.999999999999,290695.9999999999
0.098,1748.9999999999995,109575.99999999996
0.098,374.97557983694827,3249.9124707451215
0.098,2006.8715720433809,56776.23213692419
0.098,1382.0,56784.00000000003
0.098,3499.999999999999,228310.0
0.098,1119.9999999999998,21131.0
0.098,1451.0,40112.999999999985
0.098,2020.1485093923168,70306.56569624208
0.099,548.6346689738081,4824.888288862238
0.099,139.0,150.0
0.099,1793.9999999999998,73392.0
0.099,3499.999999999999,128650.00000000004
0.099,2056.21010599598,154877.8205457449
0.099,1213.8780828402823,29740.894942822404
0.099,389.84433849239747,2114.129076891452
0.099,3499.999999999999,206594.87600456254
0.099,1129.2202829250073,27057.66281721909
0.099,252.72910398290108,1533.4030781239483
0.099,3499.999999999999,177717.00000000003
0.099,1137.4274834748155,17925.206411126128
0.099,3499.999999999999,163003.99999999994
0.099,3499.999999999999,272892.99999999994
0.099,1601.0000000000005,89827.99999999997
0.099,1476.651617681029,21575.745966246453
0.099,1104.5267999745874,21043.16798886694
0.099,3499.999999999999,241739.0
0.099,843.0166009300542,21744.412879211322
0.099,3499.999999999999,207175.0
0.099,2071.4729059294987,62668.26144070061
0.099,1297.0,84207.00000000004
0.099,840.11665856594,11176.148889487826
0.099,1878.962529944193,72905.54367229286
0.099,119.0,1356.9999999999998
0.099,240.36638700117786,1919.945311721144
0.099,1295.1646804382176,45889.162718929336
0.099,3499.999999999999,231512.0000000001
0.099,1444.7319696495224,38818.12075470643
0.099,2537.7155080899042,140793.3637143456
0.099,3499.999999999999,187426.82200795066
0.099,444.2300366288284,15212.756257848368
0.099,1402.0000000000002,51066.000000000015
0.099,3499.999999999999,227762.99999999997
0.099,1521.0000000000002,80797.00000000004
0.099,2269.03063002684,123300.78264147395
0.099,1204.2161896826235,18971.98935842371
0.099,767.8729173405666,11826.646347924887
0.099,2418.1935617970494,138814.38287753725
0.099,3499.999999999999,181459.01452394147
0.099,1401.5598909987111,29516.10074241201
0.099,2526.178256097086,120709.66353966828
0.099,3499.999999999999,306336.9999999998
0.099,2565.8629255648666,158140.99903477787
0.099,3499.999999999999,213955.00000000012
0.099,3499.999999999999,137927.0
0.099,3499.999999999999,284526.8534655386
0.099,2337.049633461764,81743.04224320801
0.099,3499.999999999999,104565.00000000006
0.099,2548.377796896866,111427.38276492358
0.099,3499.999999999999,284050.57830229244
0.099,1518.4708337271688,59164.3180721764
0.099,3499.999999999999,166792.8865029921
0.099,1106.7971810589324,32832.39509996187
0.099,1257.0,141035.0
0.099,1274.503202580187,18466.821690481956
0.099,3499.999999999999,150356.99999999997
0.099,3499.999999999999,201170.00000000003
0.099,1721.7348980852137,54489.210238745974
0.099,2265.1710752170575,105170.7513332485
0.099,3499.999999999999,295677.0
0.099,3499.999999999999,249355.00000000012
0.099,3499.999999999999,137265.35924988516
0.099,3499.999999999999,264829.54841180384
0.099,1732.9999999999998,47432.99999999999
0.099,3499.999999999999,164538.8346166339
0.099,1277.9999999999998,78000.00000000001
0.099,3499.999999999999,131667.0
0.099,1141.1345926082329,49526.07311477151
0.099,3499.999999999999,186121.27076183422
0.099,472.14173199995065,5207.766594269316
0.1,86.74099376880577,928.9025783148631
0.1,3499.999999999999,196980.00000000003
0.1,3499.999999999999,143643.00000000006
0.1,623.2976816898969,12257.376432173407
0.1,567.4504383644443,4592.764962416431
0.1,1686.4108584237608,47969.67737595329
0.1,3499.999999999999,197618.00000000003
0.1,526.59487174963,8644.140595291396
0.1,282.478004918178,2019.2141121548516
0.1,3499.999999999999,140789.0254600833
0.1,3499.999999999999,180397.89644006387
0.1,362.0,3514.999999999999
0.1,3499.999999999999,162061.0
0.1,164.7573974060042,836.8177818378385
0.1,3499.999999999999,176727.00000000003
0.1,3499.999999999999,168802.99999999994
0.1,3499.999999999999,147144.87510041945
0.1,1094.6341854701964,32166.987114120577
0.1,1471.0,24363.999999999993
0.1,2054.507240191672,129035.53302869725
0.1,1963.0333670113707,69047.8162000798
0.1,1254.0667548555812,41188.6567148162
0.1,890.5114927483904,18054.46604610585
0.1,358.0,5599.000000000002
0.1,3499.999999999999,145534.7873740159
0.1,3499.999999999999,267779.99999999994
0.1,901.8336376443898,14842.358236772276
0.1,2338.1616710569865,114167.27533755027
0.1,3499.999999999999,262502.0000000001
0.1,1329.4735800308326,71882.6889313415
0.1,1314.9144458861194,25205.210294698983
0.1,1036.8736239425796,18581.40297765076
0.1,1234.9763179923045,26278.86961248793
0.1,756.9240384609277,12854.36470619999
0.1,3499.999999999999,190658.8459421983
0.1,3499.999999999999,245346.24564684095
0.1,3499.999999999999,159869.00000000003
0.1,3499.999999999999,149400.00000000003
0.1,562.7616560453301,7024.731479222672
0.1,1135.0,69690.99999999997
0.1,689.1335070203011,16333.368474562678
0.1,1758.438764045444,58373.5778207558
0.1,220.00000000000003,333.00000000000006
0.1,3499.999999999999,204654.00478612672
0.1,3499.999999999999,96084.00000000001
0.1,2489.8253131430424,103050.732969961
0.1,98.49873095629202,979.3773532198915
0.1,1747.0,61308.00000000003
0.1,1284.0000000000002,59820.00000000001
0.1,3499.999999999999,173918.08282061998
0.1,469.57427527495577,4485.852427354247
0.1,1992.2349259060795,112082.22229684777
0.1,465.8325879540846,11048.03149886893
0.1,1878.0654924168903,63433.79166717334
0.1,681.5680450255866,11949.297887323752
0.1,545.4356057317856,5372.067479099644
0.1,1764.7373742288116,50023.804123636975
0.1,458.2575694955839,11159.74802582926
0.1,2709.7970403703666,102787.70593315134
0.1,1069.6612897116784,29815.22958660463
0.1,3499.999999999999,179348.35249199448
0.1,648.0740698407859,13837.410162309992
0.1,3499.999999999999,74468.0
0.1,994.7695706518267,32580.94527653204
0.1,1411.3609840944728,36437.99853967861
0.1,3499.999999999999,184013.00000000003
0.1,526.0000000000001,12337.000000000004
0.1,3499.999999999999,154516.75544419125
0.1,3499.999999999999,125995.0
0.1,3499.999999999999,66865.0
0.1,473.2863826479693,9672.217997956832
0.1,336.0,10246.999999999996
0.1,2135.532720423642,38485.627239269474
0.1,3499.999999999999,264929.99999999994
0.1,236.5868165013311,2446.8078582660632
0.101,548.6346689738081,16828.690858174323
0.101,2373.532479027647,98139.28788827785
0.101,1266.0000000000002,77547.00000000003
0.101,2104.162541250081,36454.04970644549
0.101,3499.999999999999,167898.26827601105
0.101,2903.9087206040576,147083.85116818312
0.101,254.53094114468672,1855.5381968582594
0.101,3499.999999999999,95928.8395270161
0.101,1532.8316989607613,28608.385190666762
0.101,857.3364952728568,9261.209392178851
0.101,2362.7314701421315,143300.82726558132
0.101,1329.4735800308326,44307.194539939
0.101,1055.5264175808154,16877.4218142257
0.101,2082.426469290092,54703.787894441135
0.101,1056.0,6476.000000000001
0.101,2196.132965009176,59214.18635766263
0.101,3499.999999999999,166251.79550598608
0.101,836.8433108682943,19444.58107976648
0.101,1448.9999999999998,42773.99999999999
0.101,1860.8324789344535,38727.621059697296
0.101,3499.999999999999,216396.0000000001
0.101,378.84429519262926,6031.806031364069
0.101,3499.999999999999,134756.00000000003
0.101,364.18725994289804,4680.96373692483
0.101,3499.999999999999,85194.99999999999
0.101,134.7219358530748,615.8084117645682
0.101,3499.999999999999,332738.0000000003
0.101,221.0,2610.0
0.101,523.0,15615.000000000005
0.101,1290.917297395528,31481.585354867013
0.101,2356.798676170708,131096.66638019442
0.101,2574.6844466846806,150882.03162404723
0.101,1931.0000000000002,154440.99999999994
0.101,3499.999999999999,144153.99999999994
0.101,3499.999999999999,134455.72798438978
0.101,3499.999999999999,204081.9999999999
0.101,2027.0668464557345,168622.60598152314
0.101,1053.256347844682,50681.47453633469
0.101,207.57167436815652,1103.086578651014
0.101,717.2865536171718,5561.266042907854
0.101,93.39164844888434,482.85919272599546
0.101,559.3835893195294,9334.11950855569
0.101,3499.999999999999,206842.80977109165
0.101,871.4929718592114,5696.011938189738
0.101,429.1852746774986,5542.70439406613
0.101,94.0,96.0
0.101,3499.999999999999,157805.38226562485
0.101,3499.999999999999,208360.77201815118
0.101,1933.0000000000002,122692.99999999999
0.101,606.217782649107,3574.719289678562
0.101,2612.7578097720743,80269.2255411615
0.101,779.9942307478946,20255.111206804075
0.101,951.8523415740636,29257.377943905114
0.101,1081.2030336620408,32616.88887677671
0.101,43.0,955.0000000000001
0.101,259.4609797252759,3928.200605875417
0.101,3499.999999999999,96669.90770658675
0.101,1603.9014932345438,27596.413136492934
0.101,3499.999999999999,170910.99999999994
0.101,225.0,263.0
0.101,104.0,860.9999999999998
0.101,2710.7255130075905,74660.2592198429
0.101,3499.999999999999,91127.62453833628
0.101,241.65522471921096,2185.3012683052484
0.101,558.121850495033,2761.0402025323715
0.101,3499.999999999999,186168.55837654226
0.101,2271.343214928118,82852.52204972395
0.101,3499.999999999999,150672.35914355103
0.101,89.0,98.0
0.101,3499.999999999999,195807.00000000003
0.101,198.71070647067637,1545.854509966449
0.101,1272.988609532701,38654.62176764894
0.101,2035.6817039999153,83593.1677710565
0.101,2311.0603626906845,136067.98379486628
0.101,3499.999999999999,145661.08608684747
0.101,2390.8050279116014,112884.75173365453
0.101,3499.999999999999,275525.0000000001
0.101,3499.999999999999,188037.6919529699
0.101,2117.427684715584,86107.34472157412
0.102,1555.0,152420.00000000006
0.102,241.59884105682298,2100.9397897131653
0.102,3499.999999999999,91701.00000000003
0.102,1396.0,17615.000000000007
0.102,3499.999999999999,225272.09483200527
0.102,2577.8660052680452,124298.55035012742
0.102,3499.999999999999,192577.00000000003
0.102,1025.3518522376203,10345.767090937547
0.102,927.9008567729635,33881.66805220784
0.102,763.9999999999998,5067.999999999998
0.102,3499.999999999999,200050.00000000006
0.102,3499.999999999999,216185.8815001572
0.102,3499.999999999999,186293.26594646415
0.102,2476.287543884999,145138.484489814
0.102,1932.3411145923603,60826.66840261059
0.102,3499.999999999999,310345.99999999977
0.102,1256.883049452096,32777.61391559794
0.102,3499.999999999999,270264.99999999994
0.102,3499.999999999999,106840.99999999999
0.102,3499.999999999999,164161.99999999994
0.102,3499.999999999999,109412.00000000001
0.102,3499.999999999999,249072.37142244438
0.102,2549.411696843018,167063.60805393857
0.102,3499.999999999999,206283.9999999999
0.102,1092.3661960474499,29568.15191748942
0.102,1671.0,209429.0000000001
0.102,3499.999999999999,211685.99999999997
0.102,3499.999999999999,221322.83203953452
0.102,66.0,530.0
0.102,982.8540074700818,49387.92418192936
0.102,98.72426077014397,464.1817590780117
0.102,498.4977432245807,11684.717968355078
0.102,138.0,1476.0000000000002
0.102,3499.999999999999,206997.8942163422
0.102,2456.4201595004056,56417.10719276556
0.102,1149.9999999999998,48317.999999999985
0.102,401.0,1200.0
0.102,2314.843407230822,75572.21787138439
0.102,159.0,2723.9999999999995
0.102,3499.999999999999,168326.77934303854
0.102,3499.999999999999,166348.99999999994
0.102,2495.083671556739,136658.56633344298
0.102,804.196696179956,13038.059361698115
0.102,3499.999999999999,327536.9999999998
0.102,3499.999999999999,183088.34579003765
0.102,75.0,861.9999999999998
0.102,3499.999999999999,276321.00000000006
0.102,2035.6817039999153,81444.88688677768
0.102,304.0,509.99999999999994
0.102,3499.999999999999,200836.00000000006
0.102,1977.3307323863758,68890.4116598479
0.102,1004.46899830264,17929.940017956746
0.102,1599.2345948427278,39665.17527614634
0.102,1974.9999999999995,98889.00000000001
0.102,598.5111232810012,7017.803512129131
0.102,3499.999999999999,105702.0
0.102,201.5192298516447,660.0
0.102,68.0,680.0000000000001
0.102,1211.9769172666508,42127.2303485101
0.102,3499.999999999999,111642.00000000006
0.102,1990.4773296875292,92017.18502540703
0.102,1904.4210069589706,76533.66369350281
0.102,95.62426470305536,119.67455869983394
0.102,1435.7924641117181,100425.68242237635
0.102,1131.0,22260.0
0.102,3499.999999999999,297280.0
0.102,859.655270892375,19382.41310791384
0.102,1202.5079327266687,20768.51282505855
0.102,1184.1843189526073,33042.96913664902
0.102,472.0,2697.0
0.102,3499.999999999999,224534.00000000006
0.102,1172.0,37806.000000000015
0.102,313.0,2185.0
0.102,1187.0541901987524,27796.686084787638
0.102,3499.999999999999,131027.04528455186
0.102,1066.40890038789,12325.378710294492
0.102,2247.7013561640797,48533.0771654903
0.103,254.07198240926792,6093.856729813498
0.103,1534.7638254793471,31186.300117198887
0.103,3499.999999999999,171250.4096345465
0.103,3499.999999999999,93812.2526930794
0.103,3499.999999999999,239725.0000000001
0.103,2622.498808388671,195661.3232169301
0.103,1668.2396261232213,107617.62301979889
0.103,275.58552926731954,2262.860007480881
0.103,2485.457704327313,87575.88248484851
0.103,140.0,1130.0
0.103,564.3580423808985,14697.532854190189
0.103,713.0,34687.000000000015
0.103,681.6317502402252,17798.419005668846
0.103,3499.999999999999,230652.0
0.103,2510.677199482243,267812.4582931123
0.103,645.3681120105019,16524.11368273652
0.103,80.99382692526635,340.2028806462402
0.103,3499.999999999999,154943.69670302825
0.103,79.0,1113.9999999999998
0.103,1355.5441711725957,15337.64095289755
0.103,314.62040620404775,2163.131063990345
0.103,1033.1989159885914,23195.815312249742
0.103,1206.6482503198683,14139.113055634001
0.103,3499.999999999999,196102.0
0.103,1224.8299083566028,9654.286024178442
0.103,871.4929718592114,16343.771168246323
0.103,1040.0,20503.99999999999
0.103,3499.999999999999,170530.00000000003
0.103,3499.999999999999,68062.00000000001
0.103,175.0,340.0
0.103,697.4955196988722,22521.88138233571
0.103,3499.999999999999,280411.99999999994
0.103,3499.999999999999,255704.99999999994
0.103,1708.8115152895734,100919.7418392117
0.103,1219.631091765047,50788.81384714551
0.103,106.0,109.00000000000001
0.103,3499.999999999999,165985.0
0.103,337.0,7608.999999999999
0.103,3499.999999999999,190293.99999999997
0.103,3499.999999999999,112026.99999999996
0.103,2200.634234511541,76496.40915708804
0.103,175.0,202.0
0.103,3499.999999999999,189619.47180076217
0.103,3499.999999999999,182831.00000000003
0.103,1527.0000000000002,116595.00000000003
0.103,1787.3824396578989,80046.45146025269
0.103,865.4356454365084,21689.28609811986
0.103,1267.5192306233462,31310.028505256912
0.103,1682.2505193851844,46981.708261010644
0.103,1084.8532548529406,21220.064088162904
0.103,3499.999999999999,153252.99999999994
0.103,1654.3805719563964,96342.21886615617
0.103,1885.7359306117069,67429.3516504497
0.103,3499.999999999999,154639.11900938905
0.103,1714.9999999999995,99990.99999999999
0.103,2371.602833528413,178568.54084076523
0.103,3499.999999999999,280714.99999999994
0.103,1045.2831632303041,20148.22451033633
0.103,351.99999999999994,10999.0
0.103,1534.7638254793471,44714.8646425325
0.103,3499.999999999999,133197.99999999994
0.103,3499.999999999999,91665.47528922757
0.103,2199.318076131781,47503.21189140793
0.103,1000.4998750624609,18828.430444410395
0.103,1235.0,26506.99999999999
0.103,315.0,545.0
0.103,62.0,519.0
0.103,3499.999999999999,153260.72665034232
0.103,371.8461421007429,3354.9052180078556
0.103,759.0460098375686,6459.536702165598
0.103,3499.999999999999,201155.66291307818
0.103,3499.999999999999,293136.00000000006
0.103,2504.3961347997642,111523.9457515739
0.103,3499.999999999999,305014.00000000023
0.103,628.8879073412048,2547.4206562717513
0.103,1071.0,34164.999999999985
0.104,2164.505310069518,113292.83821749818
0.104,3499.999999999999,273607.99106752436
0.104,3499.999999999999,204906.99999999997
0.104,1213.8780828402823,21782.867212559515
0.104,861.3942186943211,6227.087521466195
0.104,2252.7760652137617,98246.94682278937
0.104,447.0,2018.9999999999998
0.104,3499.999999999999,152149.0
0.104,2175.062754167701,51537.63869008852
0.104,2093.3227175951633,87813.26320664777
0.104,3499.999999999999,229252.4870530307
0.104,3499.999999999999,149757.33589377187
0.104,3499.999999999999,146526.00596822397
0.104,853.2291603080615,22070.521878741347
0.104,2871.591423554752,158808.1768261867
0.104,1579.7151641989133,27496.744607316687
0.104,3499.999999999999,120966.99999999999
0.104,1374.5397908899108,25553.729598540594
0.104,2983.9068473336956,155155.5475632859
0.104,2209.637979398435,129774.6670194148
0.104,1526.0327149609168,69654.619984074
0.104,625.4909589912327,6414.072139164968
0.104,631.0,22215.000000000007
0.104,709.8789716338157,21526.044472907113
0.104,3499.999999999999,302145.29972183885
0.104,2576.7227247028336,186205.94211786057
0.104,997.3044069738294,32156.771998956545
0.104,1350.0,25615.000000000004
0.104,1016.1200716450784,37420.06761084215
0.104,1920.4067643424803,84693.87127630737
0.104,2610.9620993715007,145873.7524018315
0.104,1412.0,46997.00000000002
0.104,2455.707637321674,95684.69697919312
0.104,2082.426469290092,78766.97683674292
0.104,2427.035228421705,106742.20606208211
0.104,3499.999999999999,211419.0072462738
0.104,1643.693402067429,53490.56275643395
0.104,3499.999999999999,215708.0
0.104,790.0000000000002,13888.999999999998
0.104,1930.6734576307824,86282.25049220718
0.104,487.7545460060708,9912.560452738506
0.104,2422.13321908594,78482.02585350847
0.104,3499.999999999999,251050.00000000006
0.104,1579.9999999999998,18525.000000000007
0.104,2009.0836809102175,57453.69628713417
0.104,559.6277287705493,3487.37130217643
0.104,1075.9032610199476,9019.816198485743
0.104,1734.2897090769275,80832.4315609488
0.104,3499.999999999999,184907.95974329297
0.104,1493.6023820790545,29320.433544868654
0.104,1812.9999999999995,75166.99999999997
0.104,3499.999999999999,112722.75943127909
0.104,3499.999999999999,108727.99999999996
0.104,68.0,667.9999999999999
0.104,3499.999999999999,180264.00000000006
0.104,738.9181280764466,26405.028293018746
0.104,455.2410580275577,7090.76887880853
0.104,3499.999999999999,259334.00000000006
0.104,421.2410236432344,4248.664142998361
0.104,3499.999999999999,171029.99999999997
0.104,469.57427527495577,14936.461026628765
0.104,626.0990336999411,10083.664661223125
0.104,1088.9688840049307,14556.221680161703
0.104,508.9204259999788,9985.766119832766
0.104,3499.999999999999,204878.00000000012
0.104,145.0,250.0
0.104,332.17615808483305,10131.919857559078
0.104,3499.999999999999,132688.00000000006
0.104,3499.999999999999,111568.0
0.104,671.0,64299.00000000002
0.104,1949.6153466773897,90105.13817757572
0.104,657.856529542554,15106.423933370505
0.104,713.0,21745.999999999993
0.104,3499.999999999999,330425.9999999998
0.105,3499.999999999999,173114.73484657513
0.105,1069.9999999999998,22586.000000000007
0.105,411.0839330355786,4823.473851903833
0.105,1471.0,100408.99999999997
0.105,3499.999999999999,298063.9999999999
0.105,3499.999999999999,189852.00000000003
0.105,3499.999999999999,205984.05628556528
0.105,3499.999999999999,103864.00000000001
0.105,3499.999999999999,169961.35704303943
0.105,548.6346689738081,9634.377924910354
0.105,165.16658257650064,1503.5544552825484
0.105,3499.999999999999,171974.30048702037
0.105,381.0,1960.0000000000005
0.105,3499.999999999999,166232.3628659594
0.105,563.8022503082651,4103.010308440427
0.105,1268.8577540449521,71720.3259892201
0.105,491.4264950122245,11949.447267551757
0.105,725.6190460565379,9571.143609830544
0.105,3499.999999999999,154313.0
0.105,3499.999999999999,216548.91748517225
0.105,3499.999999999999,168579.00000000003
0.105,278.59109820667277,4750.517024493231
0.105,307.6055556712861,1336.7366868860076
0.105,1064.21147372924,43636.97119714626
0.105,106.0,140.0
0.105,3499.999999999999,274494.00000000006
0.105,3499.999999999999,177523.23953499718
0.105,473.2863826479693,9093.594888711503
0.105,1616.0000000000005,25686.000000000007
0.105,3499.999999999999,164638.78445858366
0.105,3499.999999999999,162030.70447416493
0.105,1475.8272256602397,91387.44285732039
0.105,3499.999999999999,39642.99999999999
0.105,3499.999999999999,162865.25292400463
0.105,1147.170431975999,16606.94975002935
0.105,65.0,651.0000000000001
0.105,792.7017093459558,6825.97575442515
0.105,2342.2712746420434,100470.1917380075
0.105,3499.999999999999,196346.9999999999
0.105,978.8383934319993,20158.61309574206
0.105,1012.6697388586273,48823.60969858742
0.105,1363.9999999999998,34553.0
0.105,1728.0,72965.0
0.105,3499.999999999999,160330.11909182867
0.105,519.1338940966963,3421.5628008265453
0.105,3499.999999999999,275665.9295052618
0.105,3499.999999999999,175252.14407247634
0.105,3499.999999999999,193547.45392965188
0.105,379.0,33095.00000000001
0.105,3499.999999999999,104545.70368982176
0.105,165.0,217.0
0.105,3499.999999999999,233991.5260535162
0.105,1252.1980673998821,21577.132640830656
0.105,476.9696007084728,13648.221129509884
0.105,198.600100704909,2481.879529711303
0.105,298.09394492340834,3839.0741071253087
0.105,2562.4207304812376,122499.01212662901
0.105,1613.300635951325,32103.477152494474
0.105,3499.999999999999,114540.00000000006
0.105,3499.999999999999,111938.32222255255
0.105,2570.8151461514285,189805.53838235172
0.105,2745.292220740874,134924.3118290126
0.105,3499.999999999999,78087.00000000003
0.105,2836.1117764726223,143268.442176615
0.105,2267.728260894238,142298.28253465335
0.105,3499.999999999999,253235.0000000001
0.105,3499.999999999999,296746.0
0.105,1990.1297020754296,26284.74631409391
0.105,3499.999999999999,192364.38740317832
0.105,169.0,2681.9999999999995
0.105,3499.999999999999,171698.00000000006
0.106,80.0,99.0
0.106,1518.4708337271688,26280.234674113366
0.106,2218.29623603259,85105.14198132907
0.106,348.14221232134435,8407.285531014159
0.106,406.8513241959525,2976.374976376466
0.106,875.8556013753494,15238.802614235718
0.106,3499.999999999999,229379.44982059757
0.106,3499.999999999999,270385.0
0.106,3499.999999999999,120353.14160419737
0.106,1954.0982575090738,61223.85405215846
0.106,674.5368781616019,17089.968636600828
0.106,1541.0000000000002,40342.99999999999
0.106,3499.999999999999,217275.32347691935
0.106,1012.6697388586273,21807.32858467538
0.106,1322.917102389617,17124.64606104579
0.106,396.00000000000006,765.0
0.106,3499.999999999999,206618.00000000003
0.106,2258.960155459089,49600.31249458541
0.106,1265.1561168488256,19575.318209418714
0.106,955.0000000000001,17331.000000000004
0.106,3499.999999999999,219556.52678979962
0.106,1110.0,24401.999999999993
0.106,1210.9982272277507,31053.994615585056
0.106,3499.999999999999,163986.00000000003
0.106,2614.4789155776334,110278.74880501683
0.106,3499.999999999999,62258.99999999999
0.106,2020.1504642356388,69398.13185558832
0.106,1192.0570456148478,21924.413264669132
0.106,1694.9999999999995,94887.0
0.106,984.6319109189992,7945.988421839036
0.106,3499.999999999999,86390.99999999999
0.106,88.74683092933516,2062.383330033483
0.106,798.0,3052.0000000000005
0.106,1895.0000000000002,83635.99999999997
0.106,3499.999999999999,304941.21566295356
0.106,164.0,277.99999999999994
0.106,3499.999999999999,158071.99999999997
0.106,1348.202454425111,47227.79372022141
0.106,615.4708647303476,16299.227125911006
0.106,1555.0,113883.0
0.106,3499.999999999999,179233.9999999999
0.106,802.5608045205521,22199.174011927007
0.106,1331.9999999999998,42084.0
0.106,671.9374970932935,18595.666161770056
0.106,1679.0756385583113,65544.22091992549
0.106,3499.999999999999,205346.95648097628
0.106,2823.756207102539,149462.85927016905
0.106,667.1316227344729,4912.952057623201
0.106,3499.999999999999,204931.9999999999
0.106,370.00000000000006,1540.0000000000002
0.106,3499.999999999999,188711.99999999994
0.106,3499.999999999999,159672.46182504293
0.106,636.5685487286966,5642.729097714193
0.106,3499.999999999999,272272.9999999999
0.106,817.6095362084609,29377.965679024634
0.106,1869.059612136907,74211.49443116662
0.106,3499.999999999999,263116.10617368144
0.106,1919.7656106931386,86304.18379198079
0.106,2576.9787160048345,158454.84660884057
0.106,3499.999999999999,156688.0000000001
0.106,1424.3569582329146,30110.134071698623
0.106,3499.999999999999,94663.00000000003
0.106,3499.999999999999,285034.0
0.106,484.25200051213,8453.392809990553
0.106,2120.731006044849,62357.76415170773
0.106,348.1066512162558,5034.4848318101385
0.106,65.0,655.9999999999999
0.106,3499.999999999999,283518.6966956503
0.106,71.10555533852472,219.35359582190577
0.106,3499.999999999999,221338.29507205728
0.106,3499.999999999999,159833.73173941093
0.106,3499.999999999999,172024.99999999997
0.106,165.0,239.0
0.106,1571.0,19981.999999999993
0.106,2006.283877270566,56099.05066672121
0.106,568.0162374973543,15721.484897778188
0.106,1146.155276441064,26963.17040286013
0.106,847.0537173048708,25378.87373387559
0.106,3499.999999999999,226136.00000000006
0.106,2325.4031908466964,93422.25989559454
0.107,351.99999999999994,5220.000000000001
0.107,3499.999999999999,142559.99999999997
0.107,257.68504813494815,3955.6799437095046
0.107,3499.999999999999,127356.00000000004
0.107,903.8926927462132,53493.90036256472
0.107,653.6102850763116,5842.172101189434
0.107,3499.999999999999,175657.9999999999
0.107,1127.1645842555556,17247.783161902284
0.107,1237.0,35280.0
0.107,547.0,21441.999999999993
0.107,1435.3566704434825,26021.0118362223
0.107,1437.0316628383664,29240.484127319094
0.107,2183.606121620342,94189.97045748467
0.107,462.0606020859168,15004.742250368712
0.107,2111.6344380597693,73733.14269716166
0.107,2091.9538750588417,62429.692659501714
0.107,3499.999999999999,198523.0
0.107,3499.999999999999,155833.5258954247
0.107,1597.0000000000002,56720.00000000001
0.107,3499.999999999999,252069.99999999988
0.107,511.5486868278154,6665.251377539264
0.107,3499.999999999999,115988.00000000003
0.107,3499.999999999999,174752.00000000006
0.107,1745.0,58146.00000000003
0.107,3499.999999999999,188611.10566719028
0.107,1123.9999999999998,51085.99999999999
0.107,570.5260730238364,7174.429872819161
0.107,3499.999999999999,143868.00000000006
0.107,287.0,3582.000000000001
0.107,3499.999999999999,76571.99999999999
0.107,217.74296773948865,425.746403390563
0.107,231.0,1849.9999999999995
0.107,3499.999999999999,260163.99999999988
0.107,3499.999999999999,254511.99999999994
0.107,1089.2658077806357,49282.29740992199
0.107,2096.66401695646,124334.46895370573
0.107,3499.999999999999,182017.99999999994
0.107,3499.999999999999,252158.9999999999
0.107,1860.0000000000005,156038.0
0.107,415.78119245583974,2417.1226696218796
0.107,455.99999999999994,4648.999999999999
0.107,82.0,92.0
0.107,3499.999999999999,264113.0000000001
0.107,1426.008415122435,37000.19639137069
0.107,2292.8148638736616,93878.41908553847
0.107,3499.999999999999,99348.99999999999
0.107,3499.999999999999,223379.0
0.107,2320.4849362830773,71487.57222105857
0.107,3499.999999999999,158659.00000000006
0.107,3499.999999999999,244696.64693517194
0.107,2115.7740900200088,128173.43075692406
0.107,2886.370847147923,125386.71604685571
0.107,3499.999999999999,116954.34144998637
0.107,3499.999999999999,165932.1349279337
0.107,3499.999999999999,145436.41963071012
0.107,1006.0000000000002,16716.999999999996
0.107,3499.999999999999,108454.89167391213
0.107,1548.9999999999998,93862.00000000001
0.107,463.0,4175.000000000001
0.107,762.2335600063799,17227.226706582805
0.107,3499.999999999999,153693.0639999525
0.107,673.0,22596.000000000004
0.107,3499.999999999999,132037.00000000003
0.107,111.00000000000001,136.0
0.107,3499.999999999999,156297.99999999994
0.107,643.4368996664109,6964.152043240428
0.107,243.8669883304945,2113.435888211051
0.107,3005.853217997683,169621.10193683888
0.107,288.0,1042.0000000000002
0.107,854.8739597387386,29342.639283896635
0.107,505.0,44362.000000000015
0.107,2555.275506664241,178383.02512877368
0.107,2662.8931634596233,180759.66200178614
0.107,254.0,1165.0000000000002
0.108,508.9204259999788,12420.342990433068
0.108,582.0926186509038,17160.83984017141
0.108,3499.999999999999,67415.99999999996
0.108,234.90675038774876,5794.550437031547
0.108,3499.999999999999,64075.00000000002
0.108,128.0,1592.0000000000002
0.108,1116.5746328994435,17430.849314848867
0.108,3499.999999999999,279397.68474702875
0.108,538.0,1274.9999999999995
0.108,461.93637553830564,9848.045847152573
0.108,2214.3847904101945,50875.010545453464
0.108,313.99999999999994,1460.0000000000002
0.108,1343.3227460294117,76042.7949512641
0.108,3499.999999999999,210205.99999999994
0.108,3499.999999999999,320623.00000000006
0.108,1022.9858259037611,35695.78689425406
0.108,3499.999999999999,219554.24843076948
0.108,77.0,1019.9999999999998
0.108,554.9774770204642,7370.884614481492
0.108,1937.9999999999995,109721.99999999999
0.108,131.0,162.0
0.108,3499.999999999999,120477.99999999996
0.108,3499.999999999999,237236.99999999994
0.108,3499.999999999999,154581.0
0.108,3499.999999999999,182145.162415452
0.108,1073.5422823620022,15095.172184888443
0.108,168.0,1531.9999999999998
0.108,970.3092290605092,10334.12850703919
0.108,2370.9459925345,77604.67236192354
0.108,203.89212834241542,685.3772683712233
0.108,185.0,2483.999999999999
0.108,120.0,152.0
0.108,3499.999999999999,98166.99999999997
0.108,1490.1345810290643,32377.68571500821
0.108,60.0,418.0
0.108,265.1037532740719,3038.8761080373124
0.108,1067.7787809362094,13938.789534318033
0.108,3499.999999999999,107946.99999999996
0.108,463.0,19658.000000000004
0.108,3499.999999999999,142883.52581735933
0.108,781.0527096488026,27282.057134616512
0.108,1933.0000000000002,117340.00000000003
0.108,3499.999999999999,230435.0
0.108,2433.9081438494327,124991.20495229168
0.108,713.0,5881.0
0.108,3499.999999999999,150350.3670557308
0.108,3499.999999999999,166297.99999999994
0.108,3499.999999999999,153120.21858063698
0.108,1429.3229166287092,40482.08999051306
0.108,351.6958913607038,3312.0806149609334
0.108,567.4504383644443,5213.241601921016
0.108,3499.999999999999,145463.9934119279
0.108,2674.866520204838,184179.2194599326
0.108,3499.999999999999,140193.00000000003
0.108,1048.1448724611137,18957.158513250888
0.108,3499.999999999999,205243.99999999997
0.108,1980.0000000000005,67502.0
0.108,69.0,84.0
0.108,3499.999999999999,209039.16078367215
0.108,998.7492177719091,10380.23448675414
0.108,477.77990953118115,5535.521581858368
0.108,3499.999999999999,222245.11544485518
0.108,3499.999999999999,138050.88177810502
0.108,2465.2114824171554,126334.69324616436
0.108,1581.4454817959984,39376.62667019403
0.108,2030.0,131266.0
0.108,3499.999999999999,233469.8370518128
0.108,3499.999999999999,231953.36259256952
0.108,914.9253923062895,20663.321932409475
0.108,378.4917436351816,2863.5362753071595
0.108,3499.999999999999,254127.6627366646
0.108,1706.9999999999998,90393.99999999997
0.108,3499.999999999999,189351.00000000006
0.108,3499.999999999999,151440.13074479293
0.108,3499.999999999999,216495.6269327397
0.109,325.0,9348.0
0.109,509.0,4251.000000000001
0.109,3499.999999999999,137160.0
0.109,395.45906143127127,4667.663996524459
0.109,533.6965429904901,3756.342503020724
0.109,3499.999999999999,125956.00000000004
0.109,1528.4322579189977,31516.450716949043
0.109,1372.2244714331543,51643.81779070949
0.109,1102.0,10683.000000000004
0.109,94.95261976375376,577.4512966476046
0.109,1927.0443689754522,58185.69458208781
0.109,364.00000000000006,1776.0000000000002
0.109,3499.999999999999,328525.0000000001
0.109,99.87492177719089,110.41738993473808
0.109,387.9432948254164,12112.944150783489
0.109,3499.999999999999,177544.99999999994
0.109,3499.999999999999,122797.99999999999
0.109,1193.9999999999998,13715.999999999996
0.109,1272.988609532701,62109.41595281671
0.109,3499.999999999999,228440.84405815005
0.109,1438.0,90523.00000000003
0.109,382.5284303159701,1983.3360784294725
0.109,2540.4723970159566,165575.55652933795
0.109,1428.8860461049087,20563.77818990161
0.109,3499.999999999999,226144.0000000001
0.109,674.5368781616019,13201.387843707947
0.109,1513.4712474120383,38092.22032458258
0.109,475.0,5309.0
0.109,501.99999999999994,4279.000000000001
0.109,458.2575694955839,7623.922087744597
0.109,1090.2912837101849,20186.55750481984
0.109,3499.999999999999,137751.00000000003
0.109,2586.2134482675633,154192.0163335314
0.109,3499.999999999999,182126.21348669182
0.109,3499.999999999999,158447.99999999994
0.109,1964.8155129680752,105071.14358376428
0.109,3499.999999999999,173180.02208973173
0.109,1579.7151641989133,15079.720620754222
0.109,1149.0,79072.99999999999
0.109,205.8992815211825,4619.1215672134085
0.109,3499.999999999999,134506.99999999997
0.109,2473.459116298468,128594.84015309479
0.109,1181.7360111293895,26998.468678797326
0.109,971.0919201061109,38280.67685219572
0.109,3499.999999999999,132414.0
0.109,3499.999999999999,131365.58926141966
0.109,163.0,187.0
0.109,3499.999999999999,177422.00000000003
0.109,193.5695899546615,1507.8039624430012
0.109,1529.3479785440659,25639.375303122295
0.109,3499.999999999999,118792.00000000006
0.109,3499.999999999999,123177.51010635022
0.109,1672.273901010238,58032.85248891356
0.109,314.43188644474344,3167.7379232674566
0.109,2502.9298982703895,110141.03405698133
0.109,3499.999999999999,218610.97297253856
0.109,642.6507605223851,16012.668547122303
0.109,416.8816668185394,4357.954064641488
0.109,2084.9460424672866,46985.57387113623
0.109,3499.999999999999,146603.99999999994
0.109,734.166193719106,16625.094766647195
0.109,3499.999999999999,145169.99999999997
0.109,67.88225099390857,665.8378180908621
0.109,613.9171123395216,12103.693246843794
0.109,78.0,1414.0
0.109,1529.3479785440659,23249.232074532374
0.109,716.9959305869719,21521.8453778605
0.109,2062.289846968513,54572.16406066533
0.109,3499.999999999999,273190.9999999999
0.109,782.0000000000001,14127.999999999995
0.109,3499.999999999999,117866.00000000001
0.109,3499.999999999999,90792.99999999999
0.109,1691.3924776910012,54562.998959922756
0.11,266.0075186907318,5255.449362328592
0.11,1917.9416049504741,89780.79469463389
0.11,257.44197643205075,832.5485395860953
0.11,3499.999999999999,292233.417420048
0.11,3499.999999999999,115536.99999999994
0.11,683.3213007070686,16129.592369306803
0.11,3499.999999999999,250520.99999999997
0.11,3499.999999999999,267418.0
0.11,2023.9999999999998,170215.99999999997
0.11,3062.2627275288232,129253.47493067553
0.11,1251.4649491351945,33451.817263224024
0.11,398.4419656612491,5643.357865668278
0.11,146.56056768449008,843.7268515343103
0.11,3499.999999999999,215696.99999999997
0.11,1621.0,142930.00000000003
0.11,3499.999999999999,147305.99770545668
0.11,378.6977686757607,1379.646693903914
0.11,3499.999999999999,140821.00000000006
0.11,1657.0,17086.0
0.11,931.5939827997786,26539.288314365633
0.11,1506.3067791937538,52757.233320944775
0.11,769.4065806400719,7540.210640724005
0.11,3499.999999999999,122378.0
0.11,2474.1663241237766,74641.54615485683
0.11,3499.999999999999,108924.25537041786
0.11,349.0,2589.0000000000005
0.11,517.1291500056666,3892.2617819449088
0.11,3499.999999999999,177790.56141260694
0.11,1913.3739833080206,62833.37719715532
0.11,407.0,8869.000000000002
0.11,3499.999999999999,247405.00000000006
0.11,1712.0,36181.0
0.11,3499.999999999999,198236.0
0.11,3499.999999999999,176001.04137920664
0.11,2176.9244359876157,111206.13791513485
0.11,3499.999999999999,80938.00000000003
0.11,3499.999999999999,219101.00000000012
0.11,1575.931395797385,57906.14154339147
0.11,3499.999999999999,202060.99999999994
0.11,1094.3929553013122,14549.333274119508
0.11,3499.999999999999,124890.00000000006
0.11,351.99999999999994,935.0
0.11,2198.9664566739752,81235.08650904891
0.11,1962.4883361714985,69872.34315450733
0.11,3499.999999999999,204912.8099826851
0.11,760.4890665620435,6490.007363063751
0.11,512.3475382979799,5017.806991106771
0.11,1172.0,11081.999999999998
0.11,853.7326046301793,23759.480202812636
0.11,955.7719393244396,11140.775287205106
0.11,3499.999999999999,227067.00000000006
0.11,436.4871809274875,3842.1656543955223
0.11,3499.999999999999,206014.0086086381
0.11,1664.9999999999995,42668.00000000001
0.11,110.00000000000001,1517.0000000000002
0.11,164.0,311.0
0.11,1032.0,23164.0
0.11,1633.9999999999995,31490.999999999996
0.11,1271.6965468619894,42266.74478114319
0.11,3499.999999999999,145576.17251459794
0.11,68.0,676.0
0.11,238.3107215380794,3204.902494616647
0.11,804.611388628675,32271.104314777374
0.11,92.02173656261873,200.43951706188082
0.11,74.0,1069.0
0.11,1180.9999999999998,54966.999999999985
0.11,3499.999999999999,220522.8591212259
0.11,1426.8845897004849,50658.56359854246
0.111,3499.999999999999,120292.00000000006
0.111,3499.999999999999,176818.80522161658
0.111,120.1040763748058,382.7575266054944
0.111,3499.999999999999,153217.69332227908
0.111,3499.999999999999,212161.8992046364
0.111,1141.0000000000002,49465.00000000002
0.111,86.08135686662938,92.19544457292888
0.111,219.0,6135.999999999998
0.111,1508.1042830223182,49548.05744407755
0.111,753.6903908214776,8573.26076008826
0.111,1932.3411145923603,87025.01513258499
0.111,702.9879088576133,14957.50630954238
0.111,228.4885117462145,2229.352596607365
0.111,1760.9999999999995,64565.99999999997
0.111,1318.901057699174,20329.2045097687
0.111,484.25200051213,10787.19064446346
0.111,3499.999999999999,200175.15011093795
0.111,61.0,610.0
0.111,1321.5521177766695,36241.058924926576
0.111,3499.999999999999,145062.0
0.111,1863.2716503796485,76148.96330249062
0.111,505.4700782440044,4546.406053136917
0.111,827.5895380518853,12756.313238450644
0.111,331.87949620306466,4066.6448086844275
0.111,1534.9999999999998,114113.00000000003
0.111,409.99999999999994,8178.999999999999
0.111,673.0,17179.000000000004
0.111,1027.9872403751706,50366.888821676825
0.111,330.2862394953807,805.114898632487
0.111,352.6278395526444,1705.3827424530168
0.111,2150.232545563386,65030.12388116759
0.111,351.08912437169425,1956.751738964537
0.111,299.6247653315727,4307.465147856683
0.111,3499.999999999999,266062.9999999999
0.111,3499.999999999999,194880.45658813498
0.111,518.1042366165325,2823.5328933802057
0.111,3499.999999999999,240056.0000000001
0.111,3499.999999999999,196617.7216376999
0.111,598.3514933764636,9011.764544428326
0.111,1248.8522798466206,16263.216079708935
0.111,2745.3960394768737,118598.95271596663
0.111,2294.340863951998,86491.06574091916
0.111,2194.5386758952322,148868.317734164
0.111,3499.999999999999,153472.83678553684
0.111,3499.999999999999,99629.00000000001
0.111,228.2104292095346,2599.322988779963
0.111,1700.0,122494.0
0.111,111.00000000000001,996.9999999999999
0.111,3499.999999999999,121993.97903175389
0.111,3499.999999999999,154830.48811778668
0.111,1090.972955015397,30972.01576907288
0.111,743.6396977031283,6724.552029689411
0.111,2351.3832258260654,98522.11860328319
0.111,3499.999999999999,253458.97056131193
0.111,3499.999999999999,87443.0
0.111,3499.999999999999,107927.99999999996
0.111,505.4700782440044,12656.678908781723
0.111,2002.7481119701501,79603.57991949859
0.111,349.0,3884.0000000000005
0.111,3499.999999999999,230660.99999999997
0.111,3499.999999999999,173315.00000000003
0.111,421.77419257940124,7139.313366924429
0.111,2391.4430789797193,77008.66444758016
0.111,1383.6545811726276,27967.731763587817
0.111,114.31535329954589,125.841169733915
0.111,3499.999999999999,126732.00000000004
0.111,1203.9999999999998,22233.0
0.111,3499.999999999999,239144.99999999994
0.111,2610.4597296261813,111338.35950830246
0.111,1748.9999999999995,56447.000000000015
0.111,603.3241251599342,10268.297570678404
0.112,246.0,904.0000000000001
0.112,1969.2638218379984,87601.76196858137
0.112,156.0,2470.9999999999995
0.112,2400.2083242918725,73458.97612273128
0.112,2315.9598681799116,60605.39441970792
0.112,105.0,112.00000000000001
0.112,1057.0000000000002,16688.000000000004
0.112,1304.433684430035,35779.02262914527
0.112,2091.650066335188,141948.18010809447
0.112,3499.999999999999,289604.99999999994
0.112,3499.999999999999,243427.99999999994
0.112,837.7718728240054,12191.184572111712
0.112,1009.0,54430.999999999985
0.112,3499.999999999999,158422.5283979522
0.112,304.0,4395.0
0.112,183.0,209.0
0.112,3499.999999999999,208092.99999999988
0.112,407.0,14956.999999999996
0.112,78.0,1088.0000000000002
0.112,3499.999999999999,200345.9553622184
0.112,1291.8623821828749,31622.95741905931
0.112,486.00000000000006,1531.9999999999998
0.112,87.0,110.00000000000001
0.112,3499.999999999999,110141.00000000006
0.112,2353.3827847592743,119700.35971301256
0.112,3499.999999999999,188500.99999999994
0.112,693.5575555816743,22791.17508561343
0.112,1931.609394333827,111503.6829077294
0.112,66.0,97.0
0.112,1059.9062454161835,32907.18272389271
0.112,1181.0717544099675,44147.895382703515
0.112,3499.999999999999,210575.99999999997
0.112,679.7058187186572,19459.350708592523
0.112,375.5056881425197,5983.344702121375
0.112,3499.999999999999,140571.99999999997
0.112,1704.9999999999998,64620.000000000015
0.112,704.0,69687.0
0.112,1917.9416049504741,107114.97276291493
0.112,1886.6637220236146,63338.24081863972
0.112,223.42784070030305,1306.8270734875366
0.112,3499.999999999999,206054.65469141933
0.112,1320.0,47040.0
0.112,873.5465393774493,13438.588640094127
0.112,264.1628285735902,1634.4301759328846
0.112,202.0,290.0
0.112,3499.999999999999,199885.7321871673
0.112,123.0,1202.0000000000002
0.112,1922.0672364755753,66849.19610148916
0.112,3499.999999999999,160592.32449564114
0.112,326.4582668581086,6135.410499713933
0.112,3499.999999999999,122665.99999999999
0.112,64.0,67.0
0.112,2714.0556459789873,118125.65401048907
0.112,226.95258637002445,914.8604785921482
0.112,3499.999999999999,151688.1499986073
0.112,745.9892760623304,25255.101009499056
0.112,1662.0256936934968,47614.6633269821
0.112,3499.999999999999,194130.32069978147
0.112,801.0,15259.999999999996
0.112,2399.6527275309636,93221.85288721081
0.112,1465.4491589101337,39679.616016490974
0.112,1240.0,86695.00000000003
0.112,3499.999999999999,269720.00000000006
0.112,751.8543742457531,13059.959255540565
0.112,3499.999999999999,182878.2362393077
0.112,1305.0,79285.99999999999
0.112,3499.999999999999,278928.00000000006
0.112,588.9999999999999,19174.999999999993
0.112,755.0000000000001,21711.00000000001
0.112,907.448473828005,25327.694532025947
0.112,682.2756041366274,6825.786548083668
0.112,159.0,3074.9999999999995
0.112,1540.0000000000002,98320.99999999996
0.113,3499.999999999999,172000.99999999994
0.113,454.42271070007047,2450.9565479624484
0.113,3499.999999999999,191068.99999999994
0.113,188.81207588499205,866.859850264159
0.113,137.0,154.0
0.113,992.0,45116.0
0.113,2630.0686338269293,86237.84417592218
0.113,3499.999999999999,86047.99999999999
0.113,3499.999999999999,147053.00998686277
0.113,1094.0749517286279,13273.24677688168
0.113,1299.0000000000002,21702.999999999993
0.113,3499.999999999999,254739.99999999997
0.113,920.6116411632103,24436.168434489075
0.113,3499.999999999999,210637.0
0.113,3499.999999999999,200733.92892459498
0.113,3499.999999999999,107882.91936168574
0.113,93.0,110.00000000000001
0.113,1005.552446609957,14944.658234883476
0.113,3499.999999999999,220675.0000000001
0.113,477.17921161760603,2263.0223154003593
0.113,1835.7314805794265,62033.06891555765
0.113,3499.999999999999,154345.92849405753
0.113,480.62459362791657,10465.568689755948
0.113,1268.8577540449521,48469.7530321746
0.113,211.77736358163827,2327.8435100659613
0.113,487.8524367060187,14072.333282011192
0.113,2373.815494093844,120297.19039113092
0.113,716.6984902640345,23766.410377781503
0.113,1954.0982575090738,44073.17039878118
0.113,579.7242791244802,12070.775674347398
0.113,319.7639754568985,1380.4122572623007
0.113,1077.0736968818192,13236.897339049128
0.113,3499.999999999999,317002.99999999994
0.113,3499.999999999999,269422.66279955016
0.113,282.8880447974114,3379.091188968645
0.113,2332.9166294576407,134339.57738135115
0.113,1069.9874805650795,15643.159875939571
0.113,3499.999999999999,202679.18907475422
0.113,3499.999999999999,227772.00000000006
0.113,549.5688080456666,10501.731100826746
0.113,940.9105406772627,32590.394812925326
0.113,3499.999999999999,221524.00000000003
0.113,639.9218702310461,16215.539738164742
0.113,3499.999999999999,158894.69061299693
0.113,1033.061554146507,18000.963753229233
0.113,152.0,2106.0
0.113,250.53143515335557,3453.8326537341077
0.113,830.8263416591811,7261.710038362466
0.113,1102.3271743501357,36527.223159095825
0.113,2107.4866547620177,81983.20935411107
0.113,694.982014155762,5301.827043576583
0.113,3499.999999999999,188669.99999999997
0.113,145.0,1703.0
0.113,3499.999999999999,185194.00000000006
0.113,1383.0,41543.99999999999
0.113,779.9782364582876,14395.237930684789
0.113,1167.4823502108895,26226.348611823778
0.113,3499.999999999999,209285.00000000003
0.113,634.0,6544.000000000003
0.113,475.0,15383.000000000007
0.113,3499.999999999999,227279.0
0.113,473.2863826479693,8709.95637187696
0.113,1083.006080238446,23705.76769468016
0.113,3499.999999999999,166141.0
0.113,2732.353409186948,178785.63781002947
0.113,588.9999999999999,52046.99999999998
0.113,984.9410324839337,17883.22030866456
0.113,937.283308290508,10770.032311929239
0.113,940.5761096011493,12712.835009907385
0.113,3499.999999999999,199865.16567926478
0.113,2076.93768108397,38070.955603102935
0.113,1125.5767248708753,17600.628812448733
0.113,3499.999999999999,144921.71226217278
0.113,3499.999999999999,308294.9999999997
0.113,963.0680142129111,9399.793295599648
0.113,2252.7760652137617,85713.54049390327
0.113,3499.999999999999,104244.0
0.114,1231.0468704963487,32095.08873722713
0.114,922.0872584116894,25946.62715108633
0.114,2376.362613237683,77738.01419939185
0.114,3499.999999999999,218504.8342920586
0.114,3499.999999999999,126002.9703933383
0.114,3499.999999999999,206454.72603939098
0.114,1363.647575665388,41493.803730792206
0.114,3499.999999999999,130450.48960429392
0.114,606.6845405245225,7931.273045107379
0.114,2336.2966477200466,140533.53010869806
0.114,3499.999999999999,163684.35250811235
0.114,1548.9999999999998,63724.00000000002
0.114,3499.999999999999,158509.99999999994
0.114,3499.999999999999,125250.99999999996
0.114,3499.999999999999,165145.99999999997
0.114,1225.3570908106744,72512.81897706089
0.114,120.0,156.0
0.114,2299.2837199122223,131083.1713040706
0.114,3499.999999999999,126351.3700756743
0.114,567.4504383644443,11241.785267474199
0.114,3499.999999999999,235844.00000000006
0.114,3499.999999999999,268003.99999999994
0.114,295.2541217582857,1906.8358375203863
0.114,1543.9999999999998,49045.999999999985
0.114,3499.999999999999,198099.52419756673
0.114,917.9481287626622,13103.574499870421
0.114,1500.888362659548,42658.94997905127
0.114,1112.2094131424153,17140.827589867404
0.114,3499.999999999999,148756.99999999994
0.114,1915.1221667842065,50736.77621364712
0.114,1969.2638218379984,39275.49011788395
0.114,266.0,1303.9999999999998
0.114,3499.999999999999,177592.98818682285
0.114,2113.2912719263286,43549.110989777946
0.114,3499.999999999999,200028.27446388666
0.114,484.25200051213,10015.29280650346
0.114,714.8426400264606,14587.46228786899
0.114,717.2865536171718,6923.166110963969
0.114,2528.09638762836,99878.01721394758
0.114,3499.999999999999,225263.17927260092
0.114,2253.344819411668,80190.73170858868
0.114,3499.999999999999,111280.99999999997
0.114,347.8189184043904,7252.102867444725
0.114,3499.999999999999,138766.0
0.114,3499.999999999999,167298.99999999994
0.114,3499.999999999999,218840.00000000006
0.114,3499.999999999999,98823.99999999997
0.114,2501.6256093951924,83612.91523482809
0.114,252.12496901338432,3769.749593805934
0.114,356.65950148566066,13043.718488222596
0.114,3499.999999999999,230426.40892412982
0.114,713.0,22447.000000000007
0.114,1243.593892177034,28422.207921614186
0.114,3499.999999999999,157979.00000000006
0.114,334.60424384636843,6035.406200082972
0.114,3499.999999999999,207592.99999999988
0.114,3499.999999999999,218542.64475383275
0.114,1450.2955961776267,40860.06629092721
0.114,1311.4849341653853,52539.27293303879
0.114,3499.999999999999,244563.00000000006
0.114,3499.999999999999,106616.00000000001
0.114,519.1338940966963,15966.842518168709
0.114,197.0,1742.0000000000005
0.114,3499.999999999999,109629.0612565847
0.114,3499.999999999999,207241.0000000001
0.114,487.77556314354246,2533.4294937890027
0.114,492.0,6756.999999999998
0.114,3499.999999999999,208799.9999999999
0.114,802.4961059095552,7818.24072282249
0.114,3499.999999999999,139067.99999999997
0.114,1171.84853970127,21674.855478180227
0.114,3499.999999999999,170635.0
0.114,495.29990914596374,3857.3792916953353
0.114,1944.2222095223585,52090.16922606416
0.114,3499.999999999999,180364.00000000006
0.115,2883.316336470655,170767.89066596425
0.115,3499.999999999999,127613.00000000003
0.115,3499.999999999999,209176.9999999999
0.115,3499.999999999999,296776.0
0.115,1739.1230111775506,66235.04745993073
0.115,3499.999999999999,163450.00000000006
0.115,3499.999999999999,277517.00000000006
0.115,2179.102759983449,70180.54811221141
0.115,3499.999999999999,260386.00000000006
0.115,1219.0000000000002,98156.00000000003
0.115,585.6620185738528,5081.845334128146
0.115,474.0790517799949,10084.120440301884
0.115,634.4288770224761,11337.316349118955
0.115,415.3116157638405,7921.680455643609
0.115,1433.3527130472808,50019.73760426975
0.115,3499.999999999999,82975.0
0.115,3499.999999999999,116523.0
0.115,1159.8754243452183,28461.94891429609
0.115,1551.9999999999998,63747.99999999999
0.115,134.7219358530748,1299.815371504738
0.115,518.0,5725.000000000001
0.115,519.1338940966963,2663.2532737236993
0.115,950.5293448807263,13850.859670255139
0.115,3499.999999999999,168525.00000000006
0.115,3499.999999999999,329928.0000000003
0.115,370.15090022130664,10824.603959708711
0.115,3499.999999999999,306657.0
0.115,3499.999999999999,106457.00000000004
0.115,3499.999999999999,115850.99999999996
0.115,929.7849213662266,31311.67635244081
0.115,967.4953700981066,23155.568427473954
0.115,3499.999999999999,152537.0
0.115,315.6722855012418,2188.6641144281107
0.115,2314.4023790629694,98976.00086033391
0.115,1367.1649498140307,32680.96179735228
0.115,3499.999999999999,128556.34773733756
0.115,491.4264950122245,11010.775086250744
0.115,1804.9247851450173,40872.9484645346
0.115,3499.999999999999,227813.00000000006
0.115,2880.969323923025,77847.39572559387
0.115,3499.999999999999,148764.0000000001
0.115,721.0,11150.0
0.115,2061.3102629153136,116863.87357947703
0.115,628.8879073412048,5376.0066964244015
0.115,2574.7318158803514,64852.41931008901
0.115,399.0,7421.999999999997
0.115,3499.999999999999,257882.9999999999
0.115,534.6756120114003,3461.4137250246413
0.115,2059.0000000000005,107359.99999999994
0.115,1909.0976430738901,37352.769376285934
0.115,2594.081706258829,50913.69183495538
0.115,79.04429138147802,87.72684879784524
0.115,3499.999999999999,222551.98908120315
0.115,975.0976563936705,24306.339523511928
0.115,2275.192299565028,79695.92204121863
0.115,1050.9999999999998,11514.0
0.115,1132.0319420336136,13781.501031101521
0.115,907.8110249925917,10400.614020638259
0.115,3499.999999999999,120081.35410843606
0.115,3499.999999999999,89675.0
0.115,2791.366400391186,125232.14678411209
0.115,552.7948209146858,4499.363226440669
0.115,1117.9053110239443,42877.633180045
0.115,2116.601048851672,94770.8364846486
0.115,2414.021540914662,51275.074958502
0.115,1083.2061314443865,23384.213469146438
0.115,1269.4556122589343,41316.01686102363
0.115,3499.999999999999,160078.42016336878
0.115,522.0,4425.0
0.115,3499.999999999999,77223.00000000001
0.116,1258.0000000000002,38761.0
0.116,308.0,28676.0
0.116,713.0,14875.000000000004
0.116,1871.2962252723678,51144.28900425434
0.116,1507.30785427564,53913.922957476905
0.116,3499.999999999999,252702.00000000006
0.116,295.0,17576.000000000004
0.116,462.9027975720173,45524.464181360796
0.116,2593.9823266149733,120249.15464025571
0.116,3499.999999999999,265443.00000000006
0.116,287.0,2692.9999999999995
0.116,2061.3293019544008,134016.94397093236
0.116,3499.999999999999,183147.12092468172
0.116,2822.219050453054,93162.09056291217
0.116,3499.999999999999,139814.0
0.116,570.5260730238364,12895.76965520089
0.116,3499.999999999999,99498.5441772963
0.116,800.3124389886738,8939.605360417201
0.116,3499.999999999999,272879.99999999994
0.116,3499.999999999999,164458.6648066924
0.116,3499.999999999999,225092.0
0.116,3499.999999999999,188764.0
0.116,3499.999999999999,168627.1694122866
0.116,355.12251407084847,4187.574835152203
0.116,3499.999999999999,134326.19659486573
0.116,3499.999999999999,43833.2483395881
0.116,1817.3853138543495,25937.061326768708
0.116,513.0837892439848,8988.783465364731
0.116,1567.0000000000002,80473.00000000001
0.116,648.1243759887883,15748.524219038947
0.116,171.0,2553.0000000000005
0.116,3499.999999999999,135093.40178916467
0.116,1152.0,13315.999999999996
0.116,3499.999999999999,152966.36577381607
0.116,3499.999999999999,165931.99999999997
0.116,99.0,689.0
0.116,3499.999999999999,202624.05751785755
0.116,931.5939827997786,21018.705643783047
0.116,2938.5015813365526,129229.56141840812
0.116,3499.999999999999,187407.54648148982
0.116,2308.287681141156,95776.6842449705
0.116,3499.999999999999,142437.99999999997
0.116,3499.999999999999,213947.00000000003
0.116,1090.972955015397,18480.73537269255
0.116,365.0,10651.000000000002
0.116,1159.0191867822139,31627.426942343656
0.116,958.3768869094702,25286.52225829105
0.116,3499.999999999999,280067.99999999994
0.116,3499.999999999999,283838.0
0.116,3499.999999999999,81274.99999999997
0.116,1755.660149429489,80967.68458923533
0.116,3499.999999999999,303060.00000000006
0.116,1809.0000000000005,96643.00000000003
0.116,1282.0004526856542,41755.09579200977
0.116,1188.3714747880601,22774.78353426475
0.116,673.0,9956.0
0.116,3499.999999999999,158142.12860272249
0.116,3499.999999999999,248795.00000000006
0.116,3499.999999999999,315135.99999999994
0.116,851.1756575466663,24601.802982708392
0.116,82.0,90.0
0.116,3499.999999999999,108848.99999999996
0.116,1579.7151641989133,36357.5566010699
0.116,3499.999999999999,253930.00000000006
0.116,2427.035228421705,148009.8017666398
0.116,405.0,25996.999999999996
0.116,3499.999999999999,222384.9201002622
0.116,3499.999999999999,210770.00000000003
0.116,458.2575694955839,8412.994948292788
0.116,2117.427684715584,55768.326817289395
0.116,3499.999999999999,181621.99999999994
0.116,863.4935410594744,15062.18448155208
0.116,3499.999999999999,184828.99999999997
0.116,1400.4774342907185,48509.254016418396
0.116,3499.999999999999,220585.0
0.117,3499.999999999999,132207.99999999997
0.117,2066.397831977182,50406.01599015737
0.117,1213.8780828402823,35573.05019252636
0.117,2153.485546735803,67256.77690760986
0.117,3499.999999999999,151827.45780655087
0.117,3499.999999999999,150352.00000000003
0.117,3499.999999999999,79335.0
0.117,1086.6672873687714,35957.14568973175
0.117,2574.8071705765446,76237.06066520601
0.117,1337.348122217996,64889.607334302775
0.117,3499.999999999999,95760.74830534687
0.117,3499.999999999999,154135.0
0.117,1196.4530914331747,28939.199988942335
0.117,1847.0,123848.00000000003
0.117,550.0,3247.0000000000005
0.117,3499.999999999999,86503.0
0.117,3499.999999999999,138307.99999999994
0.117,3499.999999999999,224223.0000000001
0.117,778.1388050984222,16081.362038086203
0.117,2128.9668856043763,71874.92216343615
0.117,3499.999999999999,188509.0
0.117,3499.999999999999,151358.76003059742
0.117,1213.9773044401577,14524.465185704988
0.117,3499.999999999999,75952.99999999996
0.117,181.7305698004604,350.7392193639028
0.117,3499.999999999999,70408.00000000001
0.117,2309.819392062532,115420.36955779076
0.117,3499.999999999999,201729.47375008292
0.117,598.0,4264.0
0.117,1050.9999999999998,15566.999999999996
0.117,529.0444215753532,8496.342154127271
0.117,3499.999999999999,145424.0
0.117,1093.0,14034.0
0.117,3499.999999999999,170297.0629429645
0.117,3499.999999999999,204562.87199294017
0.117,3499.999999999999,243256.99999999997
0.117,397.01430405415266,5961.6243783460095
0.117,1463.557310118056,22454.271130455345
0.117,3499.999999999999,111363.99999999999
0.117,3499.999999999999,161157.99999999994
0.117,3499.999999999999,164221.99999999994
0.117,1154.0,27722.000000000007
0.117,1959.2146391911176,82282.65581415032
0.117,3499.999999999999,249725.0
0.117,1789.9999999999995,33199.0
0.117,1142.584788976293,41456.468011638455
0.117,545.4356057317856,3462.315121418038
0.117,397.3034105063786,2589.874128215501
0.117,61.0,545.0
0.117,3499.999999999999,147600.99999999997
0.117,264.00757564888175,2719.35617380291
0.117,461.00000000000006,3508.9999999999995
0.117,3499.999999999999,185222.00000000006
0.117,1053.2412197298547,28799.767719930816
0.117,3499.999999999999,198436.9347342072
0.117,3499.999999999999,207520.99999999997
0.117,963.0680142129111,10698.643839291033
0.117,3499.999999999999,285265.9999999998
0.117,3499.999999999999,188065.99999999994
0.117,133.0,2422.0000000000005
0.117,3499.999999999999,112355.99999999997
0.117,1083.9001222401544,32028.809100223447
0.117,3499.999999999999,122456.00000000004
0.117,86.0,91.0
0.117,462.0606020859168,11580.863525661634
0.117,3499.999999999999,252358.99999999997
0.117,1420.6331173344474,50029.763654009264
0.117,1331.9999999999998,37222.0
0.117,1570.1496875414405,24813.260180204743
0.117,3499.999999999999,174481.2745253771
0.117,213.0,2925.0
0.117,547.0,31077.999999999993
0.117,616.1713415534509,15292.334729281847
0.117,1548.715342075798,72975.77024739195
0.117,114.99999999999999,1303.0
0.118,3499.999999999999,231419.99999999994
0.118,266.53892773852004,1381.7832680995957
0.118,3499.999999999999,138855.99999999994
0.118,1149.5272158651508,19327.002110672234
0.118,508.9204259999788,18502.344040688477
0.118,99.0,152.0
0.118,3499.999999999999,219398.77419210892
0.118,3499.999999999999,80122.0
0.118,3499.999999999999,237629.99999999994
0.118,3499.999999999999,92767.99999999997
0.118,3499.999999999999,241538.0
0.118,1998.9722567865276,59760.90772275887
0.118,3499.999999999999,246430.9999999999
0.118,247.00000000000003,2157.0000000000005
0.118,760.2131850411151,22506.554564035
0.118,1486.1022845013053,56241.58669525603
0.118,423.4642842082435,11330.829140005593
0.118,2567.6778998627005,166254.02275098203
0.118,354.52644471181554,2419.3656193308198
0.118,1377.3014268335198,46109.310782881315
0.118,3499.999999999999,222433.51406656325
0.118,1339.6115108493211,26214.29323861318
0.118,971.9073604744381,7736.125679288175
0.118,3499.999999999999,105763.99999999999
0.118,150.0,213.0
0.118,1079.371113195086,32685.283477430636
0.118,931.5939827997786,26395.797159057212
0.118,941.0100955887774,65529.585638854725
0.118,134.0,1788.0000000000002
0.118,2127.758592912503,56546.739944462264
0.118,73.0,80.0
0.118,3499.999999999999,186170.23738771983
0.118,3499.999999999999,206019.99999999997
0.118,3499.999999999999,270843.99999999994
0.118,1165.3325705565771,15995.619837943135
0.118,904.9861877399014,12917.021173629775
0.118,171.0,200.99999999999997
0.118,163.03373883954205,856.6866404934772
0.118,498.00000000000006,7910.000000000001
0.118,63.0,565.0000000000001
0.118,3499.999999999999,196168.65868430666
0.118,3499.999999999999,129987.99999999997
0.118,3499.999999999999,87025.36623307025
0.118,1028.6260626476565,39796.74375384013
0.118,3499.999999999999,85948.00000000003
0.118,1121.0147054124848,29913.656590592454
0.118,656.1249880929699,13881.423017832143
0.118,3499.999999999999,177709.0
0.118,69.0,80.0
0.118,3499.999999999999,164438.43386276468
0.118,414.33681950799405,1822.5004801096763
0.118,3499.999999999999,185357.2440246907
0.118,2014.1291156601355,59186.787489223585
0.118,1021.0000000000002,27662.99999999999
0.118,2398.9434006414176,88459.88686335014
0.118,669.3280212272605,4553.5315964644415
0.118,402.954609471952,2877.629105849952
0.118,3499.999999999999,100472.00000000001
0.118,2555.275506664241,105244.189228602
0.118,950.0461658082171,21061.612879942582
0.118,3499.999999999999,179812.99999999997
0.118,3499.999999999999,151386.04212684298
0.118,3499.999999999999,162369.58857495448
0.118,712.0,70589.00000000001
0.118,1318.0,37664.99999999998
0.118,1095.6733089748966,34639.41673873854
0.118,3499.999999999999,150534.0
0.118,3499.999999999999,212416.24415284256
0.118,163.0,362.0
0.118,3499.999999999999,207995.39564134585
0.118,129.0,1640.9999999999995
0.119,476.9696007084728,9450.855358114419
0.119,132.0,244.0
0.119,757.0000000000001,14705.000000000002
0.119,2526.657871576602,110412.03802575158
0.119,1039.9519219656265,6291.9090902523385
0.119,895.9999999999999,19681.999999999996
0.119,3499.999999999999,255767.8251070684
0.119,148.0,939.0
0.119,1293.4450123604015,15978.395789315016
0.119,84.0,1444.9999999999998
0.119,3499.999999999999,221019.99999999994
0.119,278.92444522550994,1875.3748072054393
0.119,3499.999999999999,189204.00000000003
0.119,3499.999999999999,100188.99999999999
0.119,1024.0,34720.00000000001
0.119,93.0,100.0
0.119,70.0,521.0
0.119,3499.999999999999,139059.0
0.119,3499.999999999999,158311.05568468675
0.119,3499.999999999999,198204.99999999994
0.119,3499.999999999999,22922.0
0.119,1848.9999999999998,150496.0
0.119,679.8592826308411,8328.236702253602
0.119,712.3903424387503,4908.36001124612
0.119,1794.7537720133616,42573.810494921476
0.119,1045.0,23554.0
0.119,3499.999999999999,189051.32226461696
0.119,2140.443879198892,68116.24889848236
0.119,381.99999999999994,4654.999999999999
0.119,104.0,161.0
0.119,1196.0000000000002,23609.0
0.119,1788.4809683905878,44817.55526786525
0.119,3499.999999999999,224638.99999999994
0.119,476.0,17790.000000000007
0.119,2991.543010526367,95918.52159591802
0.119,3499.999999999999,82997.99999999999
0.119,3499.999999999999,83545.99999999999
0.119,1841.7701144660582,41493.75364071162
0.119,61.0,436.00000000000006
0.119,3499.999999999999,335461.0000000002
0.119,3499.999999999999,165557.00000000003
0.119,3499.999999999999,167376.0
0.119,1522.9999999999998,39311.0
0.119,1102.0,33655.00000000001
0.119,319.7749208427703,1207.6311522977537
0.119,3499.999999999999,192924.76634170112
0.119,1459.0,118973.99999999996
0.119,3499.999999999999,279105.0000000002
0.119,3499.999999999999,239271.99999999997
0.119,3499.999999999999,226245.99999999997
0.119,3499.999999999999,121320.99999999996
0.119,90.0,778.0000000000001
0.119,275.86953438174356,3123.885081112941
0.119,985.546777429054,36719.66106419608
0.119,3499.999999999999,169008.99999999997
0.119,227.4686791626487,941.9617826642439
0.119,3499.999999999999,115102.00000000004
0.119,2890.7752855879226,95889.8577824343
0.119,3499.999999999999,112354.00000000001
0.119,3499.999999999999,242907.9999999999
0.119,3499.999999999999,332507.0
0.119,128.96511156122807,1110.3440908114924
0.119,1506.9999999999998,49135.000000000015
0.119,2251.9991119003575,121581.20219014124
0.119,3499.999999999999,152679.00000000003
0.119,645.3681120105019,15046.657535811733
0.119,745.9892760623304,10762.642519381567
0.119,3499.999999999999,139132.00000000003
0.119,1698.799413281612,41948.9016215921
0.119,74.0,1149.9999999999998
0.119,1901.2226664051088,29028.653225540005
0.119,3499.999999999999,122207.99999999997
0.119,929.6373195587892,36294.39198053263
0.119,3499.999999999999,163339.99999999994
0.119,469.57427527495577,8003.933220610973
0.119,588.9999999999999,8985.0
0.12,3499.999999999999,116199.00000000003
0.12,3499.999999999999,166936.9999999999
0.12,539.8170390684803,6604.836930579023
0.12,3499.999999999999,239055.9999999999
0.12,3499.999999999999,182255.00000000003
0.12,3499.999999999999,113130.99999999994
0.12,1277.0000000000002,74994.0
0.12,3499.999999999999,131660.99999999997
0.12,3499.999999999999,152809.99999999994
0.12,3499.999999999999,197123.99999999997
0.12,1292.0501547848887,41910.64232001675
0.12,900.5442798663485,12599.064092225262
0.12,749.8159774237944,8382.19631123013
0.12,3499.999999999999,124595.00000000004
0.12,3499.999999999999,218492.99999999994
0.12,3499.999999999999,161089.92802469063
0.12,1799.5943987465619,50807.15849169291
0.12,1440.6883771308771,28841.54026746838
0.12,713.0,6398.999999999999
0.12,1844.4511378727275,50619.59660052618
0.12,554.9774770204642,3633.613353123858
0.12,3499.999999999999,171056.722513323
0.12,63.0,562.0
0.12,1030.0,16552.000000000007
0.12,3499.999999999999,147404.66218881946
0.12,318.16819451353086,1864.2676846418813
0.12,1636.0000000000002,87755.00000000001
0.12,3499.999999999999,139059.0
0.12,2942.170679923134,149615.4223442662
0.12,795.9271323431561,13496.53788939963
0.12,2850.6410787253935,206794.3963945671
0.12,1940.9999999999995,60214.99999999998
0.12,3499.999999999999,265753.00000000006
0.12,182.78402556022232,978.9198128549654
0.12,1142.584788976293,17377.088363704668
0.12,92.0,97.0
0.12,926.8649978906611,34734.22846194567
0.12,1142.3794232934295,39205.093250178004
0.12,3499.999999999999,230218.9999999999
0.12,3499.999999999999,185273.00000000006
0.12,458.2575694955839,9664.746659897512
0.12,551.8151864528558,3901.8259827931834
0.12,694.982014155762,5921.015115670621
0.12,1506.9999999999998,56428.999999999985
0.12,3499.999999999999,170003.99999999994
0.12,266.0,409.0
0.12,3499.999999999999,187373.99999999994
0.12,3499.999999999999,171662.61230833092
0.12,581.9999999999999,3886.9999999999995
0.12,3499.999999999999,154454.62377345646
0.12,3499.999999999999,178186.99999999997
0.12,1157.79963724299,14629.504434532293
0.12,1382.389236069205,44946.08343337603
0.12,462.0606020859168,10024.53240804777
0.12,3499.999999999999,253471.99999999988
0.12,508.5482718747122,6806.048946605405
0.12,3499.999999999999,186754.0
0.12,3499.999999999999,239531.0000000001
0.12,421.0,6930.999999999997
0.12,3499.999999999999,209733.84977648288
0.12,3499.999999999999,233407.00000000006
0.12,3499.999999999999,178186.35040316635
0.12,59.0,576.0000000000001
0.12,95.0,128.0
0.12,1814.8099995759114,90130.93945906583
0.12,585.4482064877396,11090.502848336819
0.12,169.1478643081254,711.997191005695
0.12,616.0941486493765,39063.10259055211
0.12,3499.999999999999,81212.0
0.12,918.0824110445917,11259.753128132581
0.12,2351.3832258260654,45788.56215902146
0.12,866.165088750364,23605.678089455905
0.12,300.3846916820339,2401.342419822094
0.12,233.0,301.0
0.12,931.5939827997786,37077.71439545308
0.121,3499.999999999999,185583.21869177723
0.121,3499.999999999999,210877.90727100827
0.121,3499.999999999999,221526.9999999999
0.121,1435.7924641117181,58598.91493875974
0.121,1173.7878904950162,29496.870933342416
0.121,548.6346689738081,13128.849035616184
0.121,966.6954018717581,21245.618089384923
0.121,2036.5411854416304,62083.452964537995
0.121,1812.4141853940816,55686.01212677804
0.121,1577.0196574245074,56815.47321404346
0.121,707.4602462329598,14479.066579030567
0.121,64.0,577.0
0.121,3499.999999999999,288520.00000000006
0.121,3499.999999999999,275174.17717511236
0.121,369.79994591670777,4805.291666486022
0.121,3499.999999999999,190933.10090016905
0.121,137.0,266.0
0.121,3499.999999999999,147790.0
0.121,463.0,16705.000000000007
0.121,3499.999999999999,299591.9999999999
0.121,962.4159356440705,25642.667765368635
0.121,3499.999999999999,206753.00000000006
0.121,323.6909871916158,1369.1636254014095
0.121,3499.999999999999,210929.99999999997
0.121,3499.999999999999,166091.01704788252
0.121,2464.2443060703217,79253.15644187304
0.121,3499.999999999999,286445.9999999999
0.121,60.0,441.0
0.121,3499.999999999999,214355.00000000003
0.121,1588.5528005074304,24003.643660911148
0.121,246.7033871150484,5012.7044372875625
0.121,3499.999999999999,342245.0000000001
0.121,3499.999999999999,189892.99999999997
0.121,3499.999999999999,133632.90058963772
0.121,625.0000000000001,5341.0
0.121,3499.999999999999,129096.99999999996
0.121,586.0,8914.0
0.121,1339.0,44241.0
0.121,3499.999999999999,272910.99999999994
0.121,3499.999999999999,203979.90067651265
0.121,3499.999999999999,111029.00000000004
0.121,1139.353898051512,36779.86255043624
0.121,3499.999999999999,146070.00000000006
0.121,3499.999999999999,129289.00000000006
0.121,3499.999999999999,134663.0
0.121,867.4675786448735,8606.866096321006
0.121,2213.594362117865,127634.54548044583
0.121,3499.999999999999,108805.44136209362
0.121,1038.9999999999998,30984.000000000004
0.121,2256.476651034693,72764.72673539107
0.121,61.0,544.0
0.121,879.4884877018003,17468.01479848239
0.121,65.0,494.00000000000006
0.121,823.3240244119395,7189.747801044351
0.121,1300.544249433875,35851.50133707785
0.121,707.4602462329598,17384.544802783883
0.121,3499.999999999999,154814.0
0.121,2067.4660351465136,40136.648724480685
0.121,181.9980353225203,1354.8482588395902
0.121,2572.644553761751,102763.1902190663
0.121,462.0606020859168,6914.118165030156
0.121,3499.999999999999,237312.00000000003
0.121,3499.999999999999,138731.09097819426
0.121,66.0,810.9999999999998
0.121,1146.0,54441.99999999999
0.121,2393.637399440441,71263.49808983554
0.121,3499.999999999999,234819.99999999997
0.121,320.51998791493287,2695.7068810735245
0.121,673.0,13680.999999999995
0.121,3499.999999999999,254157.12023470848
0.121,722.1495689952325,4120.899416389582
0.121,469.57427527495577,12800.5763932723
0.121,3499.999999999999,202367.19084871444
0.121,79.0,87.0
0.121,3499.999999999999,232080.9999999999
0.122,3499.999999999999,211294.00000000006
0.122,3499.999999999999,155168.08185319562
0.122,3499.999999999999,100358.0
0.122,570.5260730238364,5276.30704186176
0.122,535.7238094391548,4045.642099840272
0.122,133.0,214.0
0.122,3499.999999999999,185192.43547726236
0.122,1422.5434545246958,53357.79340352443
0.122,3499.999999999999,137348.00000000006
0.122,1251.0,26782.999999999993
0.122,865.4478609367521,26023.454805232916
0.122,353.96892518976864,8890.211246084089
0.122,1358.6540533490015,80094.84298234149
0.122,3499.999999999999,197409.9999999999
0.122,1363.647575665388,37123.57352943364
0.122,883.9037571901118,7839.776456471466
0.122,1259.9999999999995,9133.000000000002
0.122,3499.999999999999,204090.2917098638
0.122,1485.9746763332532,62104.18430644638
0.122,3499.999999999999,121441.57012943203
0.122,315.3494065242097,2568.7124974667418
0.122,3499.999999999999,309684.99999999994
0.122,3499.999999999999,247382.99999999994
0.122,3499.999999999999,218596.99999999988
0.122,79.64923100695951,101.81355508968342
0.122,258.0,347.0
0.122,967.808137645512,18275.84748970023
0.122,473.2863826479693,12099.253613343266
0.122,3499.999999999999,129846.78734570225
0.122,3499.999999999999,93619.0
0.122,3499.999999999999,224751.00000000006
0.122,3499.999999999999,134655.99999999994
0.122,71.0,779.0
0.122,469.57427527495577,13074.703361835787
0.122,953.9392014169455,5265.8036423702715
0.122,85.0,279.0
0.122,67.0,622.0
0.122,628.3824740814885,28000.49298683606
0.122,3499.999999999999,216709.8358950157
0.122,421.0,3085.0
0.122,2440.7816854098096,109581.28138332293
0.122,1932.3411145923603,51423.2327842232
0.122,484.25200051213,14911.835534232534
0.122,190.0,254.0
0.122,331.66850920761226,1747.8026204351565
0.122,3499.999999999999,112613.00000000006
0.122,66.0,602.0
0.122,802.4961059095552,5369.115383375552
0.122,3499.999999999999,163048.99999999994
0.122,1391.2369301146812,38852.885921387984
0.122,3499.999999999999,267521.9999999999
0.122,912.3803558652081,21495.12689849402
0.122,3499.999999999999,107307.00000000001
0.122,2791.2145727240168,107815.2411003826
0.122,72.0,169.0
0.122,462.0606020859168,9266.532469052272
0.122,3499.999999999999,223124.99999999994
0.122,288.99999999999994,653.0
0.122,1016.1200716450784,23906.170040389163
0.122,287.0,858.0
0.122,2905.8443377215026,83889.89471380982
0.122,2748.5391690311276,149096.56021877954
0.122,1374.5397908899108,77299.63308738092
0.122,1487.0,45957.999999999985
0.122,549.0792078953749,7609.65341535084
0.122,3499.999999999999,138190.0
0.122,3499.999999999999,116811.99999999997
0.122,1097.0000000000002,10012.0
0.122,3499.999999999999,112245.0
0.122,3499.999999999999,138933.00000000003
0.122,65.0,94.0
0.123,3499.999999999999,151072.68221290046
0.123,2543.968829964996,115843.165397562
0.123,518.8371613521916,21822.66104305339
0.123,3499.999999999999,201106.80216740546
0.123,1497.9999999999998,32991.0
0.123,103.0,106.0
0.123,3499.999999999999,259427.99999999997
0.123,3499.999999999999,90740.00000000001
0.123,558.7471993947314,16750.37165574993
0.123,3499.999999999999,137425.6722299073
0.123,3499.999999999999,315911.00000000023
0.123,1131.0,33402.00000000001
0.123,3499.999999999999,182664.00000000003
0.123,65.96969000988257,293.92856274952254
0.123,2627.8318058810382,63828.41310889686
0.123,175.0,3061.9999999999995
0.123,1140.5238196859643,18089.68768522809
0.123,323.45750807325214,5236.160467195133
0.123,1079.0,16347.999999999993
0.123,502.77629220161134,5320.210522150417
0.123,1101.1695549493777,21296.463264237034
0.123,3499.999999999999,173367.43829220062
0.123,3499.999999999999,187551.93065388585
0.123,3499.999999999999,186178.60495771252
0.123,673.0,4828.999999999999
0.123,3499.999999999999,210625.0
0.123,433.0,1896.0000000000005
0.123,3499.999999999999,217291.0
0.123,1314.0,45644.000000000015
0.123,85.0,95.0
0.123,3499.999999999999,124517.66919998208
0.123,3499.999999999999,244477.1584349378
0.123,976.4497389802923,15818.103978242541
0.123,1855.6005107945944,56096.109280789926
0.123,3499.999999999999,253154.99095814794
0.123,980.8282124253067,26158.78844767458
0.123,1113.1037687475502,60548.79016132359
0.123,1579.9999999999998,36427.99999999998
0.123,1279.511125155062,17806.590309425832
0.123,146.0,227.99999999999997
0.123,3499.999999999999,276772.85447095416
0.123,2680.5782958160353,67285.55844310131
0.123,1486.1022845013053,53689.00893106521
0.123,1214.9999999999998,44608.99999999998
0.123,3499.999999999999,130888.71728304155
0.123,2123.2051243344335,70589.32154370093
0.123,72.0,872.0000000000001
0.123,462.0606020859168,11191.349471801868
0.123,144.0,2740.0
0.123,3499.999999999999,105019.99999999999
0.123,1261.142136101338,36389.78863588307
0.123,362.5162065342734,8426.798917738573
0.123,3499.999999999999,110821.99999999996
0.123,3499.999999999999,217446.84371588373
0.123,3499.999999999999,135614.30812574003
0.123,3499.999999999999,123825.6983828479
0.123,3499.999999999999,211833.00869800427
0.123,3499.999999999999,146421.03069573027
0.123,3499.999999999999,185039.00000000006
0.123,1144.3688589658836,40322.1874094501
0.123,66.0,118.0
0.123,405.0,888.0000000000001
0.123,3499.999999999999,157696.57375796087
0.123,3499.999999999999,161826.73343116092
0.123,128.60404348231046,731.5025632217566
0.123,2329.9141615089593,84662.18836647207
0.123,382.31531489073257,6016.625216847065
0.123,1352.5785195000724,15269.413532110148
0.123,1117.7559233482239,29584.72534099682
0.123,3499.999999999999,314494.00000000023
0.123,319.0,1139.0000000000002
0.123,3499.999999999999,247382.99999999994
0.123,65.0,437.0
0.123,120.16655108639841,642.3239058294498
0.123,3499.999999999999,125184.99531902077
0.124,1853.7299957813213,109942.47825873969
0.124,101.0,1272.9999999999998
0.124,127.0,11672.000000000004
0.124,745.9081160874708,6024.195817727399
0.124,1581.9284283577288,44738.61371483398
0.124,1380.0000000000002,52954.999999999985
0.124,3499.999999999999,174348.00000000006
0.124,1213.8780828402823,46936.362396334014
0.124,1113.1037687475502,23166.06712413654
0.124,3499.999999999999,123854.0
0.124,1334.0000000000005,17805.000000000004
0.124,3499.999999999999,125351.98027953124
0.124,3499.999999999999,114076.00000000003
0.124,1393.2817374816916,36634.171261269184
0.124,640.9368143584826,4705.940926106066
0.124,702.0,32738.0
0.124,597.4947698515862,13725.741910731094
0.124,3499.999999999999,237085.99999999997
0.124,2373.4603173787277,96454.83732167777
0.124,3499.999999999999,202932.00000000006
0.124,1579.7151641989133,39639.42292718197
0.124,368.25081357906913,4207.8850548416785
0.124,1101.1695549493777,22921.092746567152
0.124,161.0,169.0
0.124,976.4497389802923,35355.77621111917
0.124,1716.9999999999998,63412.0
0.124,750.6663706334525,5326.418684256805
0.124,3499.999999999999,125534.6956498958
0.124,626.0990336999411,17362.448214465614
0.124,1164.555777955784,17273.61220059519
0.124,3499.999999999999,189431.11121712084
0.124,2932.6764053465527,179899.74904415722
0.124,3499.999999999999,264612.00000000006
0.124,3499.999999999999,270822.403209188
0.124,109.00000000000001,1131.0
0.124,3499.999999999999,185961.0000000001
0.124,3499.999999999999,174658.00000000003
0.124,3499.999999999999,257656.0
0.124,2763.5911211561283,165245.25586414302
0.124,3499.999999999999,183207.33093246972
0.124,261.0,762.9999999999999
0.124,3499.999999999999,123185.05395542111
0.124,146.0,151.0
0.124,473.77209710999233,14224.319807990812
0.124,459.4804641684137,7995.848117429574
0.124,3499.999999999999,155397.99999999994
0.124,1181.7360111293895,20187.517826617524
0.124,1457.982137654105,45397.92821496124
0.124,1513.0,106837.00000000001
0.124,2421.437003692861,73587.94000818073
0.124,501.0,11580.000000000002
0.124,3499.999999999999,186024.99999999994
0.124,257.1439285691965,6395.571749265268
0.124,929.1679458201493,10922.196296864699
0.124,1063.0000000000002,26311.000000000015
0.124,1579.7151641989133,57418.79296014502
0.124,1993.1131427994742,56005.862112818155
0.124,3499.999999999999,99880.03726971675
0.124,557.0,1942.9999999999995
0.124,75.0,1030.0
0.124,1399.9999999999995,15243.258411507688
0.124,3499.999999999999,298286.0000000002
0.124,173.3666634621547,974.7640740199652
0.124,989.9494936611663,36680.36154401968
0.124,1934.2957374713926,91572.55989105027
0.124,60.0,698.0000000000001
0.124,3499.999999999999,186917.6974285742
0.124,3499.999999999999,152012.68831252222
0.124,3499.999999999999,131086.99999999997
0.124,832.4662155306963,5438.196300245146
0.125,3499.999999999999,269139.00000000006
0.125,3499.999999999999,106675.00000000004
0.125,475.071573554975,2014.0518861240885
0.125,3499.999999999999,274023.0570408262
0.125,1396.0435276403834,46670.01198323861
0.125,3499.999999999999,140342.00000000006
0.125,473.2863826479693,9475.006385222126
0.125,3499.999999999999,165688.99999999994
0.125,3499.999999999999,184863.00000000003
0.125,3499.999999999999,83050.0
0.125,3499.999999999999,219936.0
0.125,1034.0,20011.999999999996
0.125,3499.999999999999,92732.0
0.125,92.0,1063.0000000000002
0.125,3499.999999999999,234684.98835673335
0.125,2048.5360626554757,52350.84288719711
0.125,1137.0313651405943,34242.19924924751
0.125,3499.999999999999,164657.00000000006
0.125,3499.999999999999,92820.0
0.125,3499.999999999999,123241.90082516577
0.125,623.2224694085809,17389.224157033455
0.125,2746.9166543866445,125402.97034807065
0.125,73.0,888.0000000000001
0.125,366.0350927363453,10088.819859859488
0.125,3499.999999999999,146513.50044279202
0.125,3499.999999999999,211515.99999999988
0.125,1213.8780828402823,65823.90984285268
0.125,705.2800862068913,7704.844190507685
0.125,2542.500734269105,73979.23599033906
0.125,795.9271323431561,12236.233080486825
0.125,693.3473153380368,14543.39381358549
0.125,190.61741788199734,1227.6119093589798
0.125,661.4378277661475,18065.650998510962
0.125,469.57427527495577,8781.268017775106
0.125,1525.8483141880026,36611.939621666475
0.125,393.0,30796.000000000004
0.125,1012.9999999999999,58258.000000000015
0.125,3499.999999999999,191399.6204620063
0.125,558.121850495033,4445.712541314385
0.125,2304.9945770001286,56368.58971980764
0.125,3499.999999999999,164364.99999999997
0.125,538.4030595624182,10902.334326237384
0.125,3499.999999999999,217289.45130364358
0.125,2671.8263815919863,116537.46112691014
0.125,3499.999999999999,209540.4851415167
0.125,311.0,1334.9999999999998
0.125,673.0,6375.000000000002
0.125,3499.999999999999,85828.00000000001
0.125,1356.6187214980066,20626.748527129905
0.125,1846.0,147469.00000000006
0.125,525.8326730053963,15361.971553156838
0.125,649.9999999999999,4806.999999999999
0.125,912.3803558652081,19752.70559901762
0.125,1010.9401564880089,28112.533219188903
0.125,3499.999999999999,251444.99999999988
0.125,3499.999999999999,141668.00000000003
0.125,3499.999999999999,235853.99999999994
0.125,354.3272320776157,7243.789796218995
0.125,1270.3902741696102,20149.57407918522
0.125,1953.2024984624609,134857.54508369195
0.125,3499.999999999999,190683.00000000006
0.125,3499.999999999999,149250.00000000003
0.125,299.1643410752129,1042.8137757766085
0.125,3499.999999999999,108528.00000000001
0.125,1362.1922909844152,61061.98977127933
0.125,3499.999999999999,137016.0
0.125,2812.4446079625613,116419.97155531713
0.125,365.1447477441081,1290.383133197606
0.125,3499.999999999999,221239.04925894077
0.125,3499.999999999999,92379.00000000001
0.125,2328.345386824723,92491.72785609386
0.125,2045.1161336217563,79538.82538735408
0.126,1193.4359205488604,16101.936301062267
0.126,143.77065069060515,172.18594600024707
0.126,3499.999999999999,170565.99999999997
0.126,505.0,16965.000000000007
0.126,2313.330931795103,114810.23219208299
0.126,3499.999999999999,213508.00000000003
0.126,3499.999999999999,136939.0
0.126,3499.999999999999,179434.0
0.126,620.4836822995428,4724.5212455866895
0.126,3499.999999999999,121024.00000000003
0.126,909.7829857264976,6201.200829216434
0.126,3499.999999999999,106128.00000000004
0.126,3499.999999999999,119917.0
0.126,941.0100955887774,22999.692693599198
0.126,712.3903424387503,8328.553776016579
0.126,594.5586598477898,4748.792056934056
0.126,112.99999999999999,1057.0000000000002
0.126,1114.4780279195186,35653.28163541
0.126,84.0,89.0
0.126,1350.155994776772,30051.07701739023
0.126,282.0,14406.999999999996
0.126,1301.8763389018386,28501.910865273363
0.126,1389.5781287848793,53472.62429261275
0.126,1370.0,34712.99999999999
0.126,3499.999999999999,124148.99999999996
0.126,1329.4735800308326,50750.768496644465
0.126,3499.999999999999,105033.99999999994
0.126,3499.999999999999,110836.99999999997
0.126,1003.9999999999998,29295.0
0.126,3499.999999999999,95173.80892871735
0.126,260.0,1430.0
0.126,3499.999999999999,188382.08498156082
0.126,741.0000000000001,15291.999999999993
0.126,634.9999999999999,3008.0
0.126,856.3282253045479,22590.58469554702
0.126,3499.999999999999,201250.4955273402
0.126,3499.999999999999,254968.00000000003
0.126,3499.999999999999,152758.86965883558
0.126,256.4059281685976,6380.786158460412
0.126,3499.999999999999,136848.94681363102
0.126,395.2341078398979,3828.806341407202
0.126,1377.071785852777,72592.76630281449
0.126,1033.061554146507,19065.46565434186
0.126,159.0,1301.0000000000002
0.126,2706.5660900853695,54827.56857640139
0.126,3499.999999999999,157213.35830647466
0.126,802.4961059095552,7022.797519507452
0.126,112.99999999999999,202.99999999999997
0.126,195.0,1302.0000000000002
0.126,3499.999999999999,198670.35379995682
0.126,215.27888888602155,1817.712848609483
0.126,207.27504337908306,2792.363895941594
0.126,586.6864579995007,5738.40692178587
0.126,1885.9999999999995,60202.999999999985
0.126,1100.9999999999998,16668.999999999993
0.126,564.513064507811,10855.568847370461
0.126,3499.999999999999,195522.00000000006
0.126,3499.999999999999,173806.00000000006
0.126,702.2428063534471,18275.918366557424
0.126,3499.999999999999,208275.8693921609
0.126,2763.056370538839,118265.86134314841
0.126,3499.999999999999,110965.99999999996
0.126,79.0,91.0
0.126,64.0,620.0000000000001
0.126,926.0129588726068,19967.8055879959
0.126,3499.999999999999,174375.93063407816
0.127,1137.0313651405936,32037.984220217033
0.127,1505.0000000000005,77258.0
0.127,3499.999999999999,103527.99999999996
0.127,446.9362370629617,4882.996211344015
0.127,3499.999999999999,177426.05160460508
0.127,3499.999999999999,182005.14553165794
0.127,3499.999999999999,235037.00000000003
0.127,62.0,421.0
0.127,153.3525350295847,2032.8366879806151
0.127,446.9227078346855,9373.6537696502
0.127,1108.0000000000002,41993.0
0.127,3499.999999999999,253033.0
0.127,59.0,451.00000000000006
0.127,1352.5785195000724,32706.239807252332
0.127,152.0,163.0
0.127,501.99601592044525,4445.691622233822
0.127,107.0,110.00000000000001
0.127,3499.999999999999,142927.525536546
0.127,2590.898233362783,113633.59574141282
0.127,383.0796261875591,2520.521771379886
0.127,3499.999999999999,210684.99999999994
0.127,582.6662852782886,3131.39793063737
0.127,1531.3392831113551,91056.15181853446
0.127,3499.999999999999,280458.00000000006
0.127,2207.2607458114226,76063.21662932752
0.127,673.0,26145.0
0.127,3499.999999999999,90976.06916107114
0.127,1641.400004213505,38426.929294579546
0.127,1341.8528982042983,73840.47658042175
0.127,3499.999999999999,208485.23972892767
0.127,1269.4556122589343,25631.01724004477
0.127,745.9892760623304,5584.811097969206
0.127,3499.999999999999,315971.0000000001
0.127,3499.999999999999,159472.00000000006
0.127,1576.7470326210487,54995.29531756832
0.127,2403.122968139583,96882.43710807443
0.127,3499.999999999999,153399.00000000003
0.127,2028.792744466521,143107.62313727385
0.127,3499.999999999999,177776.3117704691
0.127,701.9737790028461,5967.997847293358
0.127,3499.999999999999,107143.0
0.127,131.93938001976514,1029.6747059144454
0.127,260.0,331.99999999999994
0.127,544.0,16971.000000000004
0.127,256.0,348.0
0.127,556.8122682434387,11687.862909237612
0.127,529.150262212918,8713.426708247447
0.127,582.6662852782886,8852.974076546254
0.127,2165.6407827707712,80151.09760321437
0.127,357.6208984834438,1660.670266637684
0.127,1681.3415210700869,52001.60663310257
0.127,3499.999999999999,210158.48012392927
0.127,1403.1423463843614,47168.676912444476
0.127,115.99999999999999,148.0
0.127,465.8325879540846,11120.715399649425
0.127,79.0,1042.0000000000002
0.127,950.2631214563678,15631.678668652326
0.127,454.42271070007047,5906.961909475974
0.127,1822.4982853215529,42194.55130701121
0.127,713.0,28841.999999999996
0.127,217.0,6488.000000000001
0.127,1355.0000000000005,89946.00000000003
0.127,2409.66802692819,87376.08542387329
0.127,3499.999999999999,189368.21952217858
0.127,3499.999999999999,156070.5588700188
0.127,127.0,282.0
0.127,1371.0000000000005,18288.999999999993
0.127,322.99999999999994,4679.000000000001
0.127,462.0606020859168,11025.84509232739
0.127,674.5368781616019,8020.826017312683
0.127,3499.999999999999,205456.99999999997
0.127,3499.999999999999,261440.8270928624
0.127,582.4740337560122,2839.3386553914274
0.127,63.0,588.0
0.127,3499.999999999999,201436.99999999994
0.127,3499.999999999999,263280.0
0.127,967.2398239218232,14331.51440567444
0.128,2572.216198010583,98837.7294179773
0.128,104.0,796.0000000000001
0.128,1087.5313770838504,17394.276517142876
0.128,3499.999999999999,152927.00000000006
0.128,807.6096781567062,28209.55976955071
0.128,3499.999999999999,293702.52807900717
0.128,1504.8255712872508,62220.22587551417
0.128,270.61226875365423,4908.0358596896995
0.128,1534.7638254793471,48260.38984508934
0.128,891.3472948295743,4234.457816533305
0.128,1213.8780828402823,9671.429160160353
0.128,240.0374970707702,4604.398983580812
0.128,622.0729263170716,26544.572784238626
0.128,3499.999999999999,256482.00000000003
0.128,299.41943824675116,5468.756439996209
0.128,785.8482723095681,4187.330755301319
0.128,300.00000000000006,1838.0
0.128,3499.999999999999,277773.9999999999
0.128,3499.999999999999,171643.2054173171
0.128,541.3261870789055,5102.368443790423
0.128,122.0,210.0
0.128,3499.999999999999,191507.0
0.128,3499.999999999999,202068.99999999997
0.128,1157.6053229896274,22537.078096672474
0.128,3499.999999999999,161504.99999999997
0.128,2261.4317851022734,92121.03213709815
0.128,3499.999999999999,316845.00000000023
0.128,840.0082671144038,12249.188628185191
0.128,3499.999999999999,175604.93594639376
0.128,3499.999999999999,208305.00000000012
0.128,597.4947698515862,3940.873507231614
0.128,87.0,96.0
0.128,66.93280212272605,595.9312040831559
0.128,3499.999999999999,140154.21426079498
0.128,2894.191703928343,151436.70660158564
0.128,2596.5066496725,109147.99050964708
0.128,3499.999999999999,126841.49697555605
0.128,1459.9657530229947,32991.01771694835
0.128,577.854141154587,4183.058610478456
0.128,3499.999999999999,154932.99999999997
0.128,980.7137657293853,29724.305926969326
0.128,94.0,957.0
0.128,3499.999999999999,155372.5760963968
0.128,3499.999999999999,175876.60924636922
0.128,3499.999999999999,156100.99999999997
0.128,2077.3781552716873,101024.15374552751
0.128,1219.631091765047,45689.8840226149
0.128,3499.999999999999,137023.88903027264
0.128,3499.999999999999,191434.0685667001
0.128,3499.999999999999,232875.0000000001
0.128,3499.999999999999,90471.00000000004
0.128,3499.999999999999,59851.0
0.128,3499.999999999999,261163.40601623346
0.128,1562.444981094071,34795.4434147399
0.128,3499.999999999999,136756.2946704999
0.128,3499.999999999999,121238.00000000006
0.128,1827.210057907693,41861.12912201337
0.128,3499.999999999999,208736.99999999994
0.128,1029.2211411736457,18047.563022670984
0.128,1675.0,53528.00000000001
0.128,648.3825663532398,6980.390436571621
0.128,1618.34357948766,40230.38059740664
0.128,3499.999999999999,130239.99999999997
0.128,3499.999999999999,83724.99999999999
0.128,1036.8736239425796,15679.598159301344
0.128,195.71407716360108,1914.558957044677
0.128,558.121850495033,16222.239302882943
0.128,3499.999999999999,128429.0
0.128,3499.999999999999,218911.23277712348
0.128,3499.999999999999,103139.99999999999
0.128,3499.999999999999,122731.55305788323
0.129,144.87235761179565,1986.586016260056
0.129,544.0,11209.999999999998
0.129,3499.999999999999,140854.4211020726
0.129,722.1495689952325,22640.405561738506
0.129,2616.4116471011275,108800.93291937512
0.129,3499.999999999999,242598.00000000006
0.129,544.0,3094.0
0.129,1845.0,76814.99999999997
0.129,2720.1397527675194,131139.82437247713
0.129,73.0,1090.0
0.129,819.941498900034,11469.135275548242
0.129,1031.50375665821,19215.04462654199
0.129,473.2863826479693,11835.99256505343
0.129,418.28667102091936,5123.5473935077525
0.129,273.9927006326993,1557.365724548989
0.129,3499.999999999999,199491.7668451508
0.129,755.2505319753003,13913.23053136322
0.129,3499.999999999999,194082.1385020926
0.129,689.292531723863,8977.634056930106
0.129,3499.999999999999,156285.00000000003
0.129,397.00000000000006,4569.000000000001
0.129,3499.999999999999,221982.0884576051
0.129,3499.999999999999,35922.00000000002
0.129,3499.999999999999,223953.00000000003
0.129,3499.999999999999,97326.99999999999
0.129,458.2575694955839,11007.631716223066
0.129,3499.999999999999,256424.3928646415
0.129,301.0,796.0000000000001
0.129,3005.049792080916,105535.7898787146
0.129,64.0,517.0
0.129,821.2174676701358,8814.281663553204
0.129,64.0,509.0
0.129,1243.0,28069.000000000007
0.129,588.9999999999999,9062.999999999996
0.129,1844.1745168233779,39140.815141944884
0.129,3499.999999999999,160164.62538588233
0.129,3061.142319001462,106971.06104383797
0.129,3499.999999999999,134221.0
0.129,3499.999999999999,139073.00000000006
0.129,3499.999999999999,161279.00000000003
0.129,101.0,111.00000000000001
0.129,1288.708347607672,31680.850434475713
0.129,56.00000000000001,63.0
0.129,1165.3325705565771,18176.232943049563
0.129,3499.999999999999,135570.53710715417
0.129,120.0,2058.0
0.129,3499.999999999999,201624.00000000006
0.129,2301.1953415562093,111960.3822876646
0.129,2698.44446292774,90522.84957457926
0.129,3499.999999999999,180816.54373425018
0.129,792.43520319931,25321.08357154594
0.129,440.4377530432419,2902.8988878615464
0.129,312.00000000000006,3753.000000000001
0.129,3499.999999999999,176160.69904557074
0.129,3002.6908220176206,120212.18834386181
0.129,3499.999999999999,150563.00000000006
0.129,3499.999999999999,197404.1049725157
0.129,421.0,13807.999999999996
0.129,3499.999999999999,158790.44979154132
0.129,2402.485850265491,106909.48885254002
0.129,3499.999999999999,124289.99999999999
0.129,900.0000000000002,45572.0
0.129,239.0,699.0000000000001
0.129,2769.9291938013853,108967.17088990702
0.129,3499.999999999999,183772.6679460252
0.129,445.2415074990201,10546.69787184595
0.129,2576.61370176263,81915.50138924406
0.129,388.9987146508327,6974.890465089756
0.129,3499.999999999999,294056.99999999994
0.129,3499.999999999999,292075.9999999999
0.13,3499.999999999999,158044.03319138463
0.13,76.0,1131.9999999999998
0.13,3499.999999999999,220171.99999999994
0.13,3499.999999999999,89578.00000000001
0.13,3499.999999999999,179799.00000000003
0.13,525.8326730053963,2702.780235239262
0.13,3499.999999999999,177348.99999999994
0.13,3499.999999999999,109588.99999999997
0.13,3499.999999999999,297959.86509595544
0.13,3499.999999999999,134416.99999999997
0.13,3499.999999999999,245379.75516002197
0.13,95.0,891.0
0.13,459.1993031353597,1477.3665760399479
0.13,409.8780306383839,2031.6564670238915
0.13,2099.073665517216,80619.6001652058
0.13,1491.5578866405922,70980.09082831602
0.13,3499.999999999999,248389.9999999999
0.13,573.5852159879994,14781.752500972274
0.13,284.22878109016335,7410.62426520195
0.13,3499.999999999999,261980.00000000003
0.13,3499.999999999999,251798.99999999994
0.13,446.46612413485525,3509.2819778410503
0.13,458.2575694955839,7559.381919178311
0.13,1822.3047724076152,36114.4315279967
0.13,3499.999999999999,180797.99999999994
0.13,3499.999999999999,235198.07380801404
0.13,1383.6545811726276,62524.22995927259
0.13,294.0,2148.9999999999995
0.13,109.00000000000001,111.00000000000001
0.13,68.0,616.0000000000001
0.13,3499.999999999999,102859.99999999999
0.13,3499.999999999999,155967.99999999997
0.13,3499.999999999999,146524.46901427445
0.13,3499.999999999999,164143.51890952012
0.13,444.39550965861406,8705.534485399558
0.13,139.0,3339.0
0.13,3499.999999999999,155995.00000000003
0.13,2147.9699605211517,65485.04604634078
0.13,3499.999999999999,86960.00000000003
0.13,173.51368822084325,5164.4134226454025
0.13,3499.999999999999,135750.806848431
0.13,1902.3669467271552,103464.52858830412
0.13,3499.999999999999,166246.26620711078
0.13,2030.517175499877,129888.78753764702
0.13,64.0,663.0
0.13,3499.999999999999,147785.0
0.13,1034.9999999999998,11809.999999999996
0.13,80.0,1110.0
0.13,2570.6030420895404,68626.90659646549
0.13,1143.3134338708803,33501.00990558909
0.13,3499.999999999999,80870.00000000003
0.13,1431.0000000000002,17529.999999999996
0.13,3499.999999999999,183025.1343195247
0.13,209.0,1901.0000000000002
0.13,3499.999999999999,137299.73611045282
0.13,3499.999999999999,161336.0
0.13,823.0,22593.0
0.13,3499.999999999999,163357.00000000003
0.13,419.9118955209533,4080.5312154179164
0.13,543.0327752511344,12578.45554791727
0.13,482.169003481152,7844.309689181678
0.13,976.4497389802923,28012.965579804688
0.13,3499.999999999999,316243.9999999999
0.13,169.0,1851.9999999999995
0.13,631.0,6333.000000000002
0.13,2039.1174561559708,72682.69711561341
0.13,497.8785363266434,3307.0881219609937
0.13,1983.4313701260246,53375.41405928387
0.13,3499.999999999999,133887.99999999997
0.13,281.9400931485726,1275.7422889096706
0.13,3499.999999999999,171994.4517901353
0.13,3499.999999999999,291474.0
0.13,863.4234187233975,31276.64938896109
0.131,1292.0501547848887,37257.490701637325
0.131,2098.332671432249,130247.53137008008
0.131,2177.728174038257,88876.37460540346
0.131,200.723690679501,495.2716426366443
0.131,3499.999999999999,186313.16457513135
0.131,771.3624310270757,16174.38777821281
0.131,3499.999999999999,143392.07880841952
0.131,3499.999999999999,170849.0
0.131,3499.999999999999,117655.00000000004
0.131,1050.9999999999998,22291.000000000007
0.131,3499.999999999999,133044.24948114064
0.131,3499.999999999999,115875.99999999997
0.131,3499.999999999999,143007.42742948694
0.131,1958.570907575215,143047.08052945367
0.131,3499.999999999999,145098.9872121787
0.131,1818.6084036936911,55611.6409301909
0.131,3499.999999999999,134418.00000000006
0.131,156.0,1541.9999999999995
0.131,2080.7450588671363,54069.76678329586
0.131,3499.999999999999,126216.38662630136
0.131,166.67333320000532,1603.7443686572992
0.131,2740.950972587437,104976.0036265191
0.131,2241.712208199574,119167.92419810013
0.131,2029.6551431216087,75260.59613104322
0.131,392.69446865864654,2701.842317935545
0.131,3499.999999999999,134630.65772698287
0.131,538.9805191284745,5148.0419578709725
0.131,3499.999999999999,159871.00000000003
0.131,355.08979706222675,2010.5590430317654
0.131,76.0,87.0
0.131,1681.9999999999998,14926.0
0.131,3499.999999999999,239671.28889376804
0.131,1219.3618448791358,25388.602660647735
0.131,3499.999999999999,148160.00000000003
0.131,3499.999999999999,148116.9650006372
0.131,1183.215956619923,29523.658292969038
0.131,523.6047609082472,9151.614457874033
0.131,3499.999999999999,146225.00000000003
0.131,214.0,520.0
0.131,3499.999999999999,189896.75177069881
0.131,1656.3359770604607,39160.99959728289
0.131,3499.999999999999,164857.27993024758
0.131,641.505386236678,5500.469453988213
0.131,3500.000000000001,156528.65648307567
0.131,3499.999999999999,151364.00000000006
0.131,1269.0,19209.000000000007
0.131,3499.999999999999,86714.8198925651
0.131,3499.999999999999,271543.22587472026
0.131,2598.9270720944605,127110.46465602856
0.131,62.0,368.99999999999994
0.131,533.0,8056.000000000002
0.131,354.81514703854316,1934.2686124077225
0.131,84.0,106.0
0.131,3499.999999999999,158080.8046136817
0.131,1473.0919862656237,17328.412679758065
0.131,3499.999999999999,113507.00000000004
0.131,3499.999999999999,211725.0
0.131,3499.999999999999,98302.0564433929
0.131,3499.999999999999,108826.67062811399
0.131,1507.8672579557162,75463.61274244075
0.131,3499.999999999999,172745.7596122116
0.131,1009.0,12387.000000000005
0.131,3499.999999999999,95408.00000000003
0.131,3499.999999999999,189866.00000000003
0.131,59.0,515.0
0.131,175.0,313.99999999999994
0.131,3499.999999999999,205641.55644956586
0.131,908.1886318508914,15669.269034230563
0.131,1261.8081037132174,19486.90701679706
0.131,3499.999999999999,227668.9999999999
0.131,90.0,100.0
0.131,3499.999999999999,170147.99999999997
0.131,394.9683531626299,6964.229318452976
0.131,3499.999999999999,249300.99999999997
0.132,3499.999999999999,240996.0
0.132,337.56777097347424,2185.380516065795
0.132,2681.515256583721,99327.31169088282
0.132,463.0,13844.999999999993
0.132,99.0,102.0
0.132,703.6193491444711,19542.758446611548
0.132,976.8679542292293,25457.712780216527
0.132,3499.999999999999,276309.99999999994
0.132,3499.999999999999,158644.1330210481
0.132,3499.999999999999,151357.04185798566
0.132,463.0,42479.00000000002
0.132,651.481388836243,9647.79430750884
0.132,1198.9745618652632,72421.44219773586
0.132,3499.999999999999,177917.13525121755
0.132,1376.0066909140419,37968.110839064655
0.132,3499.999999999999,201863.00000000003
0.132,108.0,110.00000000000001
0.132,3499.999999999999,199490.86179070955
0.132,3499.999999999999,175703.5758884833
0.132,392.4283374069716,1436.7839085958617
0.132,1267.3568982233508,50050.681699699206
0.132,333.87012532128443,2810.480081262044
0.132,3499.999999999999,255515.00000000006
0.132,85.7029754442633,745.4864183873508
0.132,1833.3048664083058,61330.40865521157
0.132,287.93072798915205,6683.677678153164
0.132,120.0,675.0000000000001
0.132,1906.2888707320492,36897.884964936275
0.132,242.84801415678535,4816.018149910627
0.132,1512.0,44464.99999999999
0.132,293.62731480569033,1132.86362815654
0.132,299.9333259242794,4309.454605863716
0.132,2381.7921910487407,54412.85448090204
0.132,98.0,108.0
0.132,155.0,955.0000000000001
0.132,3499.999999999999,262772.0
0.132,850.2223178568288,27819.332488472115
0.132,3499.999999999999,231910.1516191129
0.132,56.99999999999999,386.0
0.132,3499.999999999999,125337.99999999997
0.132,3499.999999999999,69435.00000000001
0.132,3499.999999999999,251006.0
0.132,1948.9521302583069,40822.777990407776
0.132,588.9999999999999,13902.999999999995
0.132,442.15431105229,9338.055337830398
0.132,3499.999999999999,179972.25705369146
0.132,142.13373983681709,1480.916608050568
0.132,2012.0000000000005,70840.00000000001
0.132,2655.134225726055,152861.80905260277
0.132,157.0,221.0
0.132,850.1190144770371,11389.257854055224
0.132,3499.999999999999,182390.98818198213
0.132,2377.4655835366034,100099.73053059619
0.132,1956.8501043897552,66105.60362528311
0.132,1766.5104090269722,86082.4196550008
0.132,2061.3293019544008,90259.90737892171
0.132,3058.1485332012844,153643.86258640865
0.132,2543.3377287657017,61896.73642414317
0.132,390.4330928597114,1959.8704038787876
0.132,1329.4735800308326,60876.442529109736
0.132,3499.999999999999,211108.0
0.132,3499.999999999999,212050.38736583342
0.132,3499.999999999999,285605.0000000001
0.132,3499.999999999999,127166.49745510812
0.132,564.5682869165688,7804.148237915176
0.132,547.0,15950.999999999996
0.132,3499.999999999999,85301.99999999997
0.132,241.71057072457546,1367.9861110406052
0.132,897.4205980297768,18946.225030382506
0.132,3499.999999999999,282582.00000000006
0.132,648.0740698407859,4316.869699214931
0.132,963.4288553909208,40586.40061807589
0.132,1259.2382226610903,17508.13924240902
0.132,3499.999999999999,214411.1599963957
0.132,3499.999999999999,103072.00000000004
0.132,3499.999999999999,130857.99999999994
0.132,3499.999999999999,161094.75191948365
0.132,1881.0901094843914,85460.2529249709
0.132,859.0,12861.999999999995
0.133,884.7645324594591,10861.871405468351
0.133,1845.901072680229,58674.270906532794
0.133,3499.999999999999,150584.51478156706
0.133,3499.999999999999,240957.00000000006
0.133,1526.0,17899.000000000004
0.133,111.00000000000001,185.0
0.133,196.2498407642666,579.3651698195189
0.133,513.2965997589596,5893.19692422955
0.133,855.9329123189747,8896.111229876085
0.133,1517.0000000000002,47902.99999999997
0.133,2588.242647048379,112710.78780666912
0.133,163.0,2558.0
0.133,1184.791660040868,34951.556989976234
0.133,3499.999999999999,132876.1249999412
0.133,439.1650833829349,8319.308550622818
0.133,3499.999999999999,133722.97725895877
0.133,93.0,95.0
0.133,3499.999999999999,148568.99999999997
0.133,3499.999999999999,143306.957974831
0.133,1117.8548971471141,34886.92494133565
0.133,1667.0000000000002,24215.999999999993
0.133,3499.999999999999,63282.00000000003
0.133,1121.172507214664,14717.134368828942
0.133,254.0,368.00000000000006
0.133,509.7116832092433,14617.913086347176
0.133,1288.0217389469785,21825.918537372043
0.133,3499.999999999999,262744.0
0.133,3499.999999999999,112033.99999999999
0.133,3499.999999999999,204842.21632759212
0.133,3499.999999999999,250423.00000000006
0.133,3499.999999999999,196353.00000000003
0.133,3499.999999999999,120867.99999999996
0.133,1746.6602972269977,37366.2139902974
0.133,886.0000000000001,32069.0
0.133,2876.585336546128,95212.4598105733
0.133,484.25200051213,11577.601781025296
0.133,3499.999999999999,131080.83696711733
0.133,3499.999999999999,209850.40416687308
0.133,895.9478322491575,22566.801142235585
0.133,3499.999999999999,222041.01443427062
0.133,3499.999999999999,159048.32536370828
0.133,855.4482789976415,14937.740552212956
0.133,1505.9880477613356,37824.22660147855
0.133,3499.999999999999,143251.00000000003
0.133,1482.0000000000005,53669.999999999985
0.133,3499.999999999999,118286.99999999999
0.133,1936.1043360315061,82164.48612387228
0.133,3499.999999999999,212258.24042660874
0.133,609.0976933136425,11879.310964866601
0.133,1762.0,24023.999999999996
0.133,699.0701940624368,9250.505642771468
0.133,1069.345102495589,17867.391541376604
0.133,2711.281103413189,90416.30338914765
0.133,3499.999999999999,177862.93171990625
0.133,3499.999999999999,147281.3263621699
0.133,1534.7638254793471,60020.653870147034
0.133,176.38027100557477,603.1848804471147
0.133,1885.2739718154623,62759.708223714406
0.133,1227.545726357568,32273.908408028416
0.133,111.00000000000001,131.0
0.133,1673.0,16888.000000000004
0.133,157.0,2844.0
0.133,830.3613671167511,10640.018702991076
0.133,491.0,780.0000000000001
0.133,3499.999999999999,245018.0000000001
0.133,3499.999999999999,279968.12683946744
0.133,1956.7830743339946,40551.112685103966
0.133,377.70358748627206,5123.233549234313
0.133,3499.999999999999,109704.00000000001
0.133,715.0,18083.0
0.133,3499.999999999999,208680.9999999999
0.134,2850.1038724375294,141126.28107556657
0.134,3499.999999999999,274682.0000000002
0.134,1807.3529773078956,36098.3304231525
0.134,2660.9138134574096,93750.92474119292
0.134,3499.999999999999,135418.00000000003
0.134,2019.1957553879718,43873.621981917764
0.134,1016.1200716450784,80630.33275387119
0.134,1450.257584044774,28087.22741420633
0.134,96.65859359188477,102.27976508845194
0.134,3499.999999999999,171011.7995578082
0.134,351.99999999999994,745.0000000000001
0.134,3499.999999999999,174665.0
0.134,877.6339679065659,9106.098050313953
0.134,3499.999999999999,114553.00000000001
0.134,143.0,217.0
0.134,831.3598706620935,14388.894047724785
0.134,3499.999999999999,168475.00000000003
0.134,1035.9999999999998,5938.999999999998
0.134,1711.1604570711954,30318.202152149304
0.134,3499.999999999999,155747.00000000006
0.134,156.95540768001592,3752.4791804885467
0.134,3499.999999999999,160177.47157137914
0.134,3499.999999999999,161942.75896130703
0.134,1378.5571806783087,48586.586550614215
0.134,837.0000000000001,14051.000000000002
0.134,124.0,158.0
0.134,3499.999999999999,213366.4899533196
0.134,324.0,522.0
0.134,3499.999999999999,203155.9999999999
0.134,1115.0000000000002,61279.999999999985
0.134,3499.999999999999,197251.99999999994
0.134,542.2176684690382,13650.909749903112
0.134,3499.999999999999,261016.0000000001
0.134,3499.999999999999,183429.00000000006
0.134,2238.7753722739144,83962.65876190166
0.134,1009.0,22350.999999999996
0.134,3499.999999999999,141252.00000000003
0.134,3499.999999999999,226073.99999999997
0.134,1600.6003450590383,64064.843193074856
0.134,752.5822104933253,17455.846226255348
0.134,80.0,101.0
0.134,3499.999999999999,157623.27871225117
0.134,3499.999999999999,202376.99999999994
0.134,1375.7163429906125,68572.67256066517
0.134,1315.3090225512642,23664.61899187014
0.134,188.0,225.99999999999997
0.134,1184.6480040563542,13076.570026173476
0.134,631.0,9899.000000000002
0.134,3499.999999999999,205647.00000000006
0.134,3499.999999999999,166687.00000000006
0.134,1554.0,44270.00000000001
0.134,1456.0,21343.999999999993
0.134,3499.999999999999,195199.27360746
0.134,2100.833168054998,50077.706177499786
0.134,1387.3867017840905,25490.404245537367
0.134,1811.1702493921832,49717.164219318154
0.134,2290.524977687465,102310.39628483263
0.134,120.0,204.99999999999997
0.134,1920.9999999999998,19161.0
0.134,3499.999999999999,224894.0
0.134,3499.999999999999,139106.3065069302
0.134,1161.7571467127405,16701.679500540336
0.134,1211.0000000000002,56912.999999999985
0.134,1009.0,25843.0
0.134,3499.999999999999,113758.00000000001
0.134,1236.0000000000002,51420.99999999999
0.134,3499.999999999999,169848.93027334614
0.134,809.0117428072352,19000.931345594607
0.134,1986.7052263602766,59064.923100003376
0.134,3499.999999999999,222281.23183930753
0.134,1508.8200363228498,20842.449272930313
0.134,548.6346689738081,10013.95795876935
0.134,1044.8199899026845,35473.243605083095
0.134,3499.999999999999,267416.00000000006
0.134,3499.999999999999,262057.00000000012
0.134,3499.999999999999,233855.95593281597
0.135,907.448473828005,23902.97744543461
0.135,2512.7673987060566,96840.03144361326
0.135,1438.9676591518191,45983.919513446104
0.135,1747.9977099219961,63865.850672497334
0.135,1515.0000000000005,12004.000000000005
0.135,1289.156521215676,21540.478630761332
0.135,3499.999999999999,148832.00000000003
0.135,3499.999999999999,174682.21879284031
0.135,1025.0,20403.000000000007
0.135,84.0,569.0000000000001
0.135,1955.0363347751422,57171.22853500188
0.135,3499.999999999999,197459.0000000001
0.135,484.25200051213,7552.642054274782
0.135,535.7238094391548,3868.5939306161367
0.135,3499.999999999999,137811.99999999994
0.135,3499.999999999999,134486.35226075255
0.135,2408.8360626672816,74739.43303148374
0.135,950.2631214563678,19451.938977901416
0.135,514.7484822707105,4884.60653481936
0.135,1988.9517576879691,43488.87071485239
0.135,3499.999999999999,127000.00000000003
0.135,3499.999999999999,307239.00000000006
0.135,119.0,2106.9999999999995
0.135,1727.717483891381,85692.30904931268
0.135,1378.586232340944,36419.30593792254
0.135,3499.999999999999,118379.80039263454
0.135,3499.999999999999,174444.1124371929
0.135,1147.0,14847.000000000005
0.135,1656.4182219071781,45786.81085947594
0.135,80.24961059095553,397.4418196415671
0.135,1158.723824431879,14709.239031305802
0.135,3499.999999999999,245826.03011072698
0.135,804.9482368372244,14583.482514026724
0.135,883.8042769753944,8147.363990886864
0.135,1004.8250151190766,17417.00590911674
0.135,2616.486193351686,95307.10815044178
0.135,3499.999999999999,295362.99999999994
0.135,742.5810769767552,22268.30220175063
0.135,738.9181280764466,7591.012053738286
0.135,2799.706985258045,136583.42517148217
0.135,1771.7290816176828,70098.2375745582
0.135,1629.4182876627456,115008.9232283747
0.135,591.6079783099615,10678.464496359013
0.135,3499.999999999999,95915.0
0.135,3499.999999999999,200911.00000000003
0.135,3499.999999999999,177959.0
0.135,917.2594879731134,22703.373021689506
0.135,1435.7924641117181,44986.098630576984
0.135,3499.999999999999,193322.91858043065
0.135,1527.0000000000002,33880.000000000015
0.135,3499.999999999999,228314.78120349543
0.135,3499.999999999999,201946.1980379923
0.135,471.0,1534.9999999999998
0.135,2271.691443128336,80249.48078054297
0.135,431.4232260785226,2326.4956479649804
0.135,3499.999999999999,108340.00000000003
0.135,3499.999999999999,178409.9999999999
0.135,1499.7592012814414,56950.39835357222
0.135,3499.999999999999,176507.0
0.135,122.65806129235858,1507.1071627459012
0.135,3499.999999999999,259793.99999999997
0.135,209.18173916477508,1486.724924120128
0.135,1700.9999999999998,72626.00000000003
0.135,1548.5708644643696,33023.57372163597
0.135,2615.148257408982,100452.29120234962
0.135,1064.894360957931,37211.027612792415
0.135,260.88064300783736,1921.982127293094
0.135,1885.2739718154623,99187.13772036873
0.135,3499.999999999999,243409.92195060593
0.135,1565.8995648442883,29448.95096326702
0.135,152.0,1497.0
0.136,1604.9922118191098,88849.7384295531
0.136,1020.4836836219506,15853.109831348207
0.136,3499.999999999999,144542.22490331327
0.136,379.0,16670.0
0.136,1674.3655514850984,65089.166057032904
0.136,1059.178787229233,14959.66605316941
0.136,779.0,23208.0
0.136,3499.999999999999,224705.99999999994
0.136,3499.999999999999,246496.12402023695
0.136,2203.292990049213,89108.53152757035
0.136,1213.8780828402823,37103.606873186865
0.136,2085.7852238425694,46301.474879316746
0.136,2509.980079602227,93454.57539361028
0.136,2170.483817032507,95972.37633819428
0.136,957.9258293766896,28318.312820349736
0.136,787.0832230456953,7336.014040335527
0.136,3499.999999999999,31543.0
0.136,1053.328059058525,28763.719752493762
0.136,1931.0000000000002,107482.00000000001
0.136,65.0,583.9999999999999
0.136,588.9999999999999,11514.0
0.136,1628.2732522681,57843.483431913635
0.136,1634.166454190025,66019.68380717984
0.136,1090.9999999999998,22488.0
0.136,2568.428875546248,111832.53810506257
0.136,1041.7198148336365,14056.588731895885
0.136,3499.999999999999,307517.99999999977
0.136,3499.999999999999,202347.99999999994
0.136,125.0,143.0
0.136,2765.885490767475,89655.14975627992
0.136,1063.1248698740244,22188.90686723222
0.136,1739.9999999999998,47237.000000000015
0.136,648.0493789531744,12653.51444552842
0.136,66.0,606.0
0.136,190.09997369805183,653.238088295531
0.136,294.0,3442.0
0.136,665.856961408683,15411.90962931419
0.136,1164.4762466769398,30237.613416063323
0.136,1372.3751577162654,43549.84664586972
0.136,324.523957892522,1223.0374015764141
0.136,3499.999999999999,138267.94918924628
0.136,3499.999999999999,186309.0
0.136,1515.2518034627515,18465.008302968294
0.136,3499.999999999999,222364.83827709808
0.136,3499.999999999999,70102.99999999997
0.136,3499.999999999999,236151.00000000006
0.136,1238.0000000000002,26677.999999999993
0.136,3499.999999999999,103244.99999999996
0.136,3499.999999999999,93760.99999999999
0.136,3499.999999999999,210149.07886307756
0.136,1165.0000000000002,44446.000000000015
0.136,2301.1953415562093,42802.12237728409
0.136,1556.0000000000005,15147.000000000004
0.136,3499.999999999999,289855.9999999999
0.136,753.2757458959575,10466.457855201505
0.136,3499.999999999999,172526.8269572222
0.136,3499.999999999999,132803.99999999997
0.136,1280.6531337295503,22548.3927789338
0.136,1162.0,19709.999999999993
0.136,3499.999999999999,175431.92374673128
0.136,352.47127542538834,5782.8570793337085
0.136,302.0,1027.0
0.136,3499.999999999999,83618.0
0.136,2299.5675124192094,78054.33796640865
0.136,1484.1664327156846,30650.984062506046
0.136,2029.1233970668595,66831.74009651544
0.136,540.4049317588499,12693.063779355261
0.136,2895.6534171586272,93170.47891355258
0.136,3499.999999999999,152377.99999999994
0.136,3499.999999999999,172749.21996929543
0.136,1937.7935732743135,55104.00041130653
0.136,3499.999999999999,196463.56629410965
0.136,3499.999999999999,131353.00000000003
0.136,3499.999999999999,181355.9386289845
0.136,1618.3819607069765,66619.8416773968
0.136,3499.999999999999,179789.0
0.136,1056.645635963164,68175.68481504238
0.136,775.8865896508328,5153.853897812782
0.137,1097.4159731435889,19780.432726224033
0.137,3499.999999999999,278973.0
0.137,1222.8844678224416,21943.916069687664
0.137,2033.075006747296,94952.39788390363
0.137,165.0,1140.0
0.137,2639.0294803730067,76866.51505553153
0.137,1476.9437172985718,29863.62098200638
0.137,3499.999999999999,106072.99999999999
0.137,786.5018468936839,23280.09158204901
0.137,421.0,18183.000000000007
0.137,422.4926034855521,5324.026295953092
0.137,112.00000000000001,400.0
0.137,3499.999999999999,127329.13624932826
0.137,3499.999999999999,162267.11990969544
0.137,3499.999999999999,152729.519805439
0.137,3499.999999999999,157903.99999999994
0.137,3499.999999999999,135937.6719677073
0.137,1103.9999999999998,17235.0
0.137,3499.999999999999,231642.50655913725
0.137,3499.999999999999,51357.000000000015
0.137,674.5368781616019,12179.906146536383
0.137,3499.999999999999,202337.00000000003
0.137,1414.4340072177663,26786.7223747104
0.137,2776.7256527076897,86180.18890261899
0.137,3499.999999999999,151096.22340419333
0.137,3499.999999999999,290053.99999999994
0.137,3499.999999999999,263995.0
0.137,1213.8780828402823,43040.65591972316
0.137,1481.5609292270155,27522.142364555595
0.137,921.0487410361976,16962.345158788827
0.137,923.9999999999999,17953.000000000007
0.137,691.8848556009193,15768.256534510934
0.137,90.0,942.0
0.137,80.0,84.0
0.137,3499.999999999999,117813.00000000006
0.137,3499.999999999999,131945.86290596615
0.137,3499.999999999999,259890.0
0.137,1190.5880899790654,23086.031382634825
0.137,3499.999999999999,76337.99999999997
0.137,844.985206971104,19964.68031299274
0.137,68.0,560.0
0.137,3499.999999999999,169271.25054184484
0.137,1468.1825499575998,20640.82820528284
0.137,476.9696007084728,8898.543139188576
0.137,81.0,1384.0000000000002
0.137,1700.294092208757,37840.52013384593
0.137,1948.717526990507,72628.816663911
0.137,3499.999999999999,77801.99999999997
0.137,164.883603247211,472.1052384319249
0.137,922.0872584116894,28781.14056475975
0.137,1366.4962772571232,17716.377836108437
0.137,3499.999999999999,136394.00000000006
0.137,3499.999999999999,278542.0
0.137,3499.999999999999,118858.0
0.137,2029.6551431216087,47493.5956735221
0.137,1306.2900295265622,23364.442408179908
0.137,3499.999999999999,220952.0000000001
0.137,2204.8809491670977,39286.08603564369
0.137,1419.8591479439078,18023.95142581115
0.137,603.6774149844207,8297.271148048383
0.137,1132.312984973958,28937.944016002297
0.137,1309.0,23616.999999999993
0.137,3499.999999999999,172064.38345863446
0.137,3499.999999999999,114584.67702706098
0.137,1728.4447251710087,39853.02987746715
0.137,3499.999999999999,136869.49334311136
0.137,3499.999999999999,138910.99999999997
0.137,66.0,746.0
0.137,3499.999999999999,158780.00000000003
0.137,2866.1717773224627,120744.28629170079
0.137,1370.0,24836.999999999996
0.137,406.7560793572226,3680.950776062715
0.137,3499.999999999999,62514.00000000001
0.137,3499.999999999999,85270.99999999997
0.138,1300.0,94631.99999999999
0.138,2889.556352668524,92830.69375183618
0.138,146.44735865320337,567.6832232968216
0.138,3499.999999999999,138432.91664416174
0.138,484.0,11932.0
0.138,1593.0033026563651,22642.792875696414
0.138,281.85634638943293,4386.306532836025
0.138,3499.999999999999,260921.00000000006
0.138,1879.0,39828.00000000001
0.138,3499.999999999999,259315.00000000006
0.138,80.0,107.0
0.138,545.5676701900234,7002.689019707215
0.138,89.0,108.0
0.138,2314.4428405484173,59381.1898606447
0.138,1919.8551322988951,50207.9854581857
0.138,2154.2980295214493,78990.36676709383
0.138,3499.999999999999,57633.00000000001
0.138,1534.7638254793471,33399.74682538778
0.138,3499.999999999999,95985.00000000003
0.138,805.3247792040178,14339.901847641779
0.138,420.4753646851069,6974.278407665854
0.138,932.0000000000002,8263.999999999998
0.138,3499.999999999999,239879.99999999997
0.138,220.00000000000003,2044.0000000000005
0.138,311.31174086436255,819.8731609218587
0.138,319.6654501193396,8811.842656334717
0.138,1185.0,11090.999999999995
0.138,2016.4967517172968,43498.7134461258
0.138,2020.1485093923168,56077.91067791309
0.138,2332.9166294576407,84378.15153817962
0.138,1355.0000000000005,33577.00000000001
0.138,3499.999999999999,74636.99999999999
0.138,1106.0000000000002,18297.999999999993
0.138,834.5657553482529,6086.953260868693
0.138,281.19032700290387,3813.4393924644974
0.138,1759.9433952180743,92350.28062483764
0.138,3499.999999999999,226372.9999999999
0.138,931.5939827997786,17861.702059079995
0.138,3499.999999999999,270014.0
0.138,1196.4530914331747,52097.69268403354
0.138,3499.999999999999,152668.83689869384
0.138,489.0116055715157,3038.9287294401706
0.138,768.4996364523324,13639.950034030067
0.138,746.1730989088661,7529.700243248479
0.138,463.0,17034.999999999996
0.138,3499.999999999999,160445.3371868437
0.138,743.056810057308,9107.542210550664
0.138,1456.9999999999998,52357.99999999998
0.138,3499.999999999999,94295.0
0.138,2168.063652202121,63993.68146934509
0.138,1026.7581524497039,13630.450595328122
0.138,859.9999999999998,22746.000000000004
0.138,1196.2775597661273,23249.114929390336
0.138,2734.9592085063114,102475.87484137648
0.138,1954.0982575090738,62990.089339514314
0.138,3499.999999999999,338218.0000000002
0.138,1508.9999999999998,22056.999999999996
0.138,1419.3124617738354,39026.53439615561
0.138,1227.9999999999998,33972.0
0.138,1225.8931437935364,15317.920387572196
0.138,269.4698100453261,978.1943880317414
0.138,3499.999999999999,157640.00000000006
0.138,535.7238094391548,21361.65244076404
0.138,578.0856733355974,6302.696366498545
0.138,91.0,99.0
0.138,976.669466899003,16052.072251240867
0.138,312.9600613496872,1822.8477720314447
0.138,3499.999999999999,103738.87868104228
0.138,780.532181197623,10333.60579359349
0.138,1328.1566172707192,33774.56513413609
0.138,1055.0,30753.000000000007
0.138,1093.0,31595.999999999985
0.138,2792.843705168877,111774.2827311841
0.138,2682.117814911272,95573.88723521765
0.138,1009.0,19242.000000000004
0.138,2079.0622886291785,109718.73014212295
0.138,295.3352503865673,1085.1769095748436
0.138,1050.0,16868.0
0.138,1656.6976927290084,29736.225542360295
0.139,3499.999999999999,277246.67453370837
0.139,587.4282934963211,3039.297945249857
0.139,815.0,11854.0
0.139,3499.999999999999,121410.68051864306
0.139,2027.9299790673247,91993.09425712348
0.139,1293.6174086645556,23241.280364902435
0.139,2450.7141816213493,88707.50960318976
0.139,2065.550774006778,58623.42845654796
0.139,2336.301777527996,78977.15553814346
0.139,855.2777326693357,32483.8187410286
0.139,395.72672145902163,3289.3100725648806
0.139,3499.999999999999,170182.6414424474
0.139,3499.999999999999,233589.0000000001
0.139,1025.3518522376203,10073.28365693112
0.139,645.4400138415067,6554.203646388787
0.139,589.8064787129013,6423.162820561913
0.139,3499.999999999999,103163.00000000001
0.139,3499.999999999999,169477.99999999994
0.139,2776.4626837129663,113173.51650915439
0.139,3499.999999999999,66792.00000000003
0.139,1429.0,29715.000000000007
0.139,917.0000614966145,16523.623925676115
0.139,1236.0722013127008,30005.878063405664
0.139,802.225573619423,7780.527630413387
0.139,87.0,88.0
0.139,3499.999999999999,85681.24621547824
0.139,259.0,1554.0
0.139,1585.9999999999995,79355.99999999999
0.139,295.89187214251086,4206.819463680371
0.139,732.3160941863393,17194.175320751263
0.139,597.4947698515862,4684.212847426983
0.139,3499.999999999999,204069.99999999997
0.139,67.0,783.9999999999998
0.139,3499.999999999999,104598.56335533485
0.139,3499.999999999999,99188.99999999999
0.139,934.7427453583151,14027.29710243567
0.139,3499.999999999999,201017.00000000003
0.139,1703.0,19278.000000000007
0.139,3499.999999999999,248736.00000000006
0.139,3499.999999999999,99537.00000000001
0.139,3499.999999999999,183295.00000000006
0.139,2026.2033461624717,47279.10992182487
0.139,3499.999999999999,323766.99999999994
0.139,3499.999999999999,224022.2513055345
0.139,3499.999999999999,28221.999999999996
0.139,1710.0000000000005,51898.99999999998
0.139,305.5311141332187,2285.0209201191583
0.139,1623.0074196229514,44468.277386175774
0.139,2219.909908081857,87980.22618747922
0.139,558.121850495033,13472.703700445581
0.139,521.1954740299979,4234.659222625961
0.139,538.4322383324163,2935.193781733237
0.139,3499.999999999999,237169.99999999997
0.139,542.2176684690382,6657.018702091803
0.139,1050.0,30342.0
0.139,3499.999999999999,67996.00000000003
0.139,707.6960296202877,8458.835615950196
0.139,3499.999999999999,193002.6080495334
0.139,3499.999999999999,174663.0000000001
0.139,1981.171423607024,56383.081455272484
0.139,3499.999999999999,80466.0
0.139,2375.289456045304,81921.50015716266
0.139,2587.3896270998002,100831.24001585059
0.139,172.580416038437,797.2628173946154
0.139,3499.999999999999,150809.16447285283
0.139,645.3681120105019,24057.202372678337
0.139,59.0,544.0
0.139,498.4977432245807,11964.916840496633
0.139,2850.6410787253935,88332.75030438759
0.139,1040.3800300006087,16491.083474943563
0.139,106.0,127.0
0.139,3499.999999999999,159921.99999999997
0.139,3499.999999999999,100098.00000000003
0.139,3499.999999999999,140622.00000000003
0.139,1537.4653307008264,35385.4771566037
0.139,187.0,5696.999999999998
0.139,3499.999999999999,154620.21746387403
0.139,1917.9416049504741,70317.85741900842
0.139,392.49203813580726,3349.6420704308084
0.14,3499.999999999999,33126.000000000015
0.14,1051.6418757196932,10531.923226175799
0.14,494.98775596429925,10441.229203264895
0.14,1636.1283568228987,44987.2285876781
0.14,1015.9594860260067,20283.75487341037
0.14,1277.9407727355012,23040.177579643107
0.14,721.3874993539238,18049.373259024396
0.14,3499.999999999999,291686.99999999994
0.14,3499.999999999999,113329.56327454903
0.14,3499.999999999999,257500.0000000001
0.14,1212.9955537626865,20472.663348883525
0.14,161.20264338569126,1287.023846297623
0.14,855.6611478850726,14302.483875187554
0.14,1220.297094973187,26765.830119762762
0.14,591.6079783099615,6179.89732924423
0.14,374.91731510322757,4777.167923508723
0.14,3499.999999999999,196197.00000000006
0.14,162.0,1542.9999999999998
0.14,3499.999999999999,298614.00000000006
0.14,60.0,495.0
0.14,3499.999999999999,146482.03257055115
0.14,834.7858224152272,9252.548398498782
0.14,1832.9999999999995,30167.000000000007
0.14,2157.5449010391417,46037.41573980885
0.14,588.6425061104574,4976.750747224539
0.14,3499.999999999999,130744.0
0.14,593.5025783516537,7349.945903623317
0.14,713.0,9078.999999999998
0.14,531.0,5332.999999999999
0.14,3499.999999999999,152537.12857321315
0.14,1941.050375323547,87207.52666549716
0.14,399.4734033699865,1535.19412453279
0.14,941.0100955887774,12278.010140083776
0.14,2278.790525034251,40968.61685755305
0.14,2099.999999999999,48290.55963643413
0.14,1946.9206455323235,72964.76546936882
0.14,3499.999999999999,163357.00000000003
0.14,3499.999999999999,167275.99999999994
0.14,381.01813761726106,4804.852122240546
0.14,1578.6069808536893,31483.972112806878
0.14,1902.3669467271552,51449.41741166755
0.14,1522.5248766440563,31500.946271501114
0.14,1678.0000000000005,23145.999999999993
0.14,3499.999999999999,192021.07272901063
0.14,2349.361615418112,98437.19540905261
0.14,606.217782649107,20742.012920640067
0.14,1879.2285651298516,67644.40653150856
0.14,96.92264957170744,400.16621546552375
0.14,3499.999999999999,184828.00000000003
0.14,576.6281297335397,9674.30741707126
0.14,1064.0000000000002,10005.999999999998
0.14,3499.999999999999,264503.99999999994
0.14,515.751878329105,5049.045454340851
0.14,3499.999999999999,182647.00000000006
0.14,3499.999999999999,221744.0000000001
0.14,736.0,16486.0
0.14,311.49638842208105,4026.776129858725
0.14,123.0,1424.0000000000002
0.14,380.05262793460594,2487.3387384914013
0.14,1073.5422823620022,20219.950503273256
0.14,1525.2467575263338,52103.30871256309
0.14,447.9470268466271,9044.457001170129
0.14,2470.6274506691616,89092.23518915662
0.14,3499.999999999999,253241.0000000001
0.14,3499.999999999999,144405.0
0.14,963.4288553909208,14775.196177479453
0.14,437.8412954484765,3523.694793820826
0.14,1785.6371411907849,60554.44529512266
0.14,1963.924642138796,49414.672881645165
0.14,1390.5581613150887,34258.02367329441
0.14,1182.4757523436463,32963.805838123255
0.14,3499.999999999999,109583.0
0.14,680.8625156678635,7501.703020247743
0.14,3499.999999999999,217026.5649514555
0.14,1330.0000000000002,12736.0
0.141,3499.999999999999,155614.40190419398
0.141,3499.999999999999,194844.0000000001
0.141,1891.2958520548814,47659.74735560398
0.141,2312.113156620483,93654.56798032497
0.141,2795.304630653601,106321.76117970755
0.141,994.6509848973056,12143.838599040919
0.141,57.99999999999999,532.0
0.141,83.78544026261365,760.0749962997071
0.141,1827.284834528583,37129.25022983836
0.141,1429.0,37796.00000000001
0.141,3499.999999999999,185182.9999999999
0.141,707.4602462329598,25632.028558036523
0.141,1278.9999999999998,34941.99999999999
0.141,3499.999999999999,147350.49085387005
0.141,582.6662852782886,12381.922952433515
0.141,2843.5887482530175,68137.40257497712
0.141,745.9892760623304,8422.656588036816
0.141,1142.5489287908126,17480.079632749574
0.141,3499.999999999999,120943.99999999999
0.141,3499.999999999999,118976.40280744749
0.141,557.0,21253.999999999996
0.141,3499.999999999999,119859.99999999994
0.141,1040.6578677916616,12452.89930632599
0.141,669.3280212272605,22065.920488391137
0.141,2597.017520156535,46685.857730152056
0.141,237.0,2646.0
0.141,72.02083032012335,131.38493064274914
0.141,1069.3750541692643,28428.73493394908
0.141,2095.049794633658,52374.74030983536
0.141,2368.6494041964083,59823.53244334537
0.141,1341.3252649508236,40238.53107298886
0.141,676.0,24030.999999999996
0.141,2912.686324291571,159925.20339614726
0.141,3499.999999999999,178620.0
0.141,3499.999999999999,233845.99999999997
0.141,2871.591423554752,89036.36295681105
0.141,1255.9158275159023,32677.172281089748
0.141,1716.729181540079,39431.35630625398
0.141,456.76662939177123,3757.008219908611
0.141,3499.999999999999,259492.99999999994
0.141,2125.2630144668674,75483.64698784023
0.141,114.99999999999999,514.0
0.141,341.818665376834,2211.2740671386705
0.141,1596.4179874458043,42047.28188135255
0.141,1288.3613623514177,44342.77970538159
0.141,3499.999999999999,148218.0000000001
0.141,1121.0,28024.999999999993
0.141,270.0,1056.0
0.141,3499.999999999999,263270.0000000001
0.141,261.9406077134139,4288.90495367075
0.141,2500.199992000639,114826.41672542089
0.141,3499.999999999999,260704.99999999994
0.141,582.6662852782886,9801.231657296948
0.141,1364.8911969880694,72196.17011960925
0.141,156.98407562552325,1530.890917080639
0.141,2034.8218595248086,69227.43711130727
0.141,1401.0000000000002,46545.99999999998
0.141,3499.999999999999,140866.87740558453
0.141,404.0,9995.000000000002
0.141,2389.683728858325,72102.87638238582
0.141,2128.8350584307273,82763.50219304443
0.141,3499.999999999999,100855.13979072122
0.141,1513.2107004417376,33409.604111487846
0.141,2096.0,107230.0
0.141,2469.2104001076946,88051.23359726428
0.141,786.5579564260956,13586.526348452158
0.141,925.0000000000002,19837.000000000007
0.141,1907.9471928058006,46886.73597567843
0.141,713.0,9206.999999999998
0.141,3499.999999999999,191300.38936302124
0.141,1982.4294227814096,71919.05040493187
0.141,1073.0,27476.999999999993
0.141,840.9999999999999,19627.000000000007
0.141,3499.999999999999,273935.99999999994
0.141,942.0768015895052,14293.07662019714
0.141,3499.999999999999,163101.0
0.141,3499.999999999999,90002.99999999996
0.141,73.13031081305762,295.0599322837198
0.141,95.0,1190.0
0.141,3499.999999999999,146513.69059000624
0.141,538.9413959460495,8013.147036301181
0.141,1317.6565319610431,36167.625404735096
0.141,1318.0,23161.999999999996
0.141,1453.1463925082599,49814.168358865245
0.141,1294.0,28789.999999999996
0.141,1151.455072827988,45375.43893832093
0.142,295.3352503865673,2793.1968126986258
0.142,1368.3932183404006,28314.082715143722
0.142,3499.999999999999,167362.0
0.142,1955.8885448818398,51745.65890970951
0.142,1009.0,12100.000000000004
0.142,320.4980499160642,2722.6439355890816
0.142,1030.0,39854.00000000001
0.142,76.0,1391.9999999999998
0.142,1835.892153695309,70025.2203066867
0.142,741.2826721298695,39492.740421500275
0.142,793.1883752383985,7546.901534895536
0.142,1891.0000000000005,41159.99999999999
0.142,1244.0,38489.00000000001
0.142,1433.6554676769447,25806.393393885963
0.142,1982.9999999999998,24177.99999999999
0.142,2098.0,59462.99999999998
0.142,1576.3981096157154,58043.02163051126
0.142,200.0,12107.999999999996
0.142,623.2976816898969,4483.897523360677
0.142,2815.5386089261233,81208.2567548667
0.142,3499.999999999999,205479.0000000001
0.142,1793.0000000000002,44589.99999999999
0.142,3499.999999999999,111517.00000000003
0.142,3499.999999999999,264894.9999999999
0.142,3499.999999999999,58714.999999999985
0.142,86.87922651589389,316.53751752359466
0.142,3499.999999999999,121893.00000000003
0.142,3499.999999999999,220525.43572114295
0.142,3499.999999999999,171286.73223574559
0.142,1492.0000000000002,31587.00000000001
0.142,297.0,447.0
0.142,3499.999999999999,158260.0
0.142,3499.999999999999,151442.99999999994
0.142,3499.999999999999,98517.00000000003
0.142,2036.0343631904261,58097.9739382535
0.142,808.0,21474.0
0.142,2595.2320931790764,105042.58345160738
0.142,1912.0000000000005,21107.000000000004
0.142,1017.0,14135.000000000002
0.142,1267.9999999999998,36830.000000000015
0.142,822.0203502321311,28000.649440621088
0.142,817.833981985894,8990.478478814633
0.142,388.0,950.0000000000002
0.142,1009.5746992151855,10338.035876498869
0.142,3499.999999999999,101136.0
0.142,685.968658176159,8051.067010030411
0.142,78.0,93.0
0.142,2158.3558557383435,64161.19467403957
0.142,3499.999999999999,130853.00000000004
0.142,851.1138799355365,4710.616103970002
0.142,3499.999999999999,99415.20177615719
0.142,498.387399519691,5371.451014390805
0.142,97.0,98.0
0.142,2336.0233463661766,66894.59045504287
0.142,525.8326730053963,14459.487127834094
0.142,3499.999999999999,114609.34888568209
0.142,476.9696007084728,9828.380334521045
0.142,505.7934360981764,2939.876187869141
0.142,2624.073747276666,62595.58635535168
0.142,3499.999999999999,42529.00000000002
0.142,1475.0000000000002,48779.00000000002
0.142,1582.7138193225835,31587.15803567248
0.142,1296.9911633074867,42936.188788484185
0.142,3499.999999999999,191688.99999999994
0.142,487.8524367060187,10369.357164260475
0.142,2669.53640714106,169192.22212382487
0.142,1093.0,16254.000000000005
0.142,92.0,106.0
0.142,2928.8732869216255,133129.84833567927
0.142,417.82422822277914,1892.6640372768184
0.142,3499.999999999999,214091.1027191325
0.142,1387.0,87217.0
0.142,1682.7183661639056,27861.06142571673
0.142,1050.9999999999998,12069.0
0.142,3499.999999999999,194778.00000000003
0.142,1251.0,32423.000000000015
0.142,3499.999999999999,97197.49953573909
0.142,3499.999999999999,92747.25675188458
0.142,3499.999999999999,132524.35278091347
0.143,2433.9081438494327,101352.51679358569
0.143,3499.999999999999,250204.67024418234
0.143,1793.1604110398584,75221.81378074366
0.143,1455.0452505881353,29534.10544610166
0.143,3499.999999999999,119741.87093280036
0.143,678.9491229105447,5169.876333130058
0.143,1628.4033804566398,41122.50902526692
0.143,3499.999999999999,100910.00000000001
0.143,613.7120148734734,6007.06577143835
0.143,264.91631390964045,2566.720208054597
0.143,2623.8330739587846,71996.50456098547
0.143,1116.2437009900661,6882.580911257054
0.143,112.00000000000001,1030.0
0.143,2052.0,53639.999999999985
0.143,3499.999999999999,169344.29852227087
0.143,3499.999999999999,116832.99999999997
0.143,1598.7607700966396,45407.60634519288
0.143,965.3902519233674,23971.273389227266
0.143,1256.6578092360085,33207.74662657038
0.143,3499.999999999999,125848.99999999996
0.143,2653.39543398728,107096.83927823539
0.143,3499.999999999999,273219.0
0.143,2794.8098054396787,87973.51241609725
0.143,2512.0708588732127,60924.71143961211
0.143,948.3874281460538,26793.382047389412
0.143,2325.0260142770853,82618.6989205419
0.143,1330.0000000000002,14315.999999999996
0.143,3499.999999999999,139062.97581311862
0.143,459.0,2227.0000000000005
0.143,1247.0,24863.000000000004
0.143,680.9631679741074,15579.58916139882
0.143,2064.703368525367,114739.23297634505
0.143,2006.9999999999998,82763.00000000003
0.143,1169.1157860210642,18675.723704584092
0.143,3499.999999999999,219216.0
0.143,3499.999999999999,273825.0
0.143,3499.999999999999,208395.85977653193
0.143,3499.999999999999,204888.041827726
0.143,36.0,45.0
0.143,2157.5449010391417,83624.30039169235
0.143,3499.999999999999,149711.22952871636
0.143,3499.999999999999,71086.99999999999
0.143,3499.999999999999,191778.1906474248
0.143,1486.884540786381,51369.15994458045
0.143,2180.9401642411012,127513.92598457633
0.143,1046.3888206324837,17643.39615896062
0.143,1951.9395259025202,59874.993238487084
0.143,3499.999999999999,189684.56381630007
0.143,3499.999999999999,137791.0
0.143,2316.68708180918,105442.1130014434
0.143,1866.145760652152,47976.62034783191
0.143,469.6688960607676,7981.783587857184
0.143,3499.999999999999,145516.00000000006
0.143,1188.7169215459203,18462.192988460374
0.143,642.6392216673673,17252.49178776102
0.143,3499.999999999999,329845.00000000006
0.143,1805.0000000000005,15598.999999999998
0.143,119.0,947.0000000000001
0.143,1227.5457263575674,19138.335435578294
0.143,3499.999999999999,213656.0
0.143,1136.3332979297938,40822.62896637985
0.143,124.0,1433.0000000000002
0.143,383.40579025361626,2793.0789462526836
0.143,1495.0469965054838,65905.54193693658
0.143,926.129427493175,14936.300498929466
0.143,514.1731225958821,13183.95183547027
0.143,3499.999999999999,82351.02403950109
0.143,3499.999999999999,181201.8362820862
0.143,1331.5021592171752,33789.13890586737
0.143,1958.570907575215,63624.37308139073
0.143,588.7398103629373,4922.38153915522
0.143,2017.5480167768,72927.29726241063
0.143,2232.3525229343127,78290.8413005929
0.143,1908.9724277333567,70343.15097724275
0.143,164.0,187.0
0.143,3499.999999999999,167983.00000000003
0.143,3499.999999999999,117557.00000000001
0.143,2264.39837484485,66638.19445333137
0.143,880.9999999999999,25849.999999999993
0.144,1496.0,69751.99999999997
0.144,2211.2213819516123,78324.9766038906
0.144,215.0,1564.0000000000005
0.144,664.0,16408.999999999996
0.144,3499.999999999999,143213.99999999997
0.144,2417.2512788328318,92094.7467632048
0.144,1265.4711932646544,21855.423916328557
0.144,1680.9999999999998,90923.00000000003
0.144,361.8245845887957,3569.435015927243
0.144,3499.999999999999,285108.00000000006
0.144,3499.999999999999,180739.0
0.144,1376.496379602959,48548.22991698231
0.144,558.0,3006.0000000000005
0.144,1839.7010626729545,31641.756461991787
0.144,312.4899998399949,2081.1789927826967
0.144,3499.999999999999,193316.74539470192
0.144,839.0,11091.999999999998
0.144,1643.4375558566255,49586.58693638833
0.144,704.634510392802,8816.392406294173
0.144,849.3321470709383,15368.63201787911
0.144,381.0,17418.000000000007
0.144,1823.6275914574524,42517.84610208775
0.144,3499.999999999999,191606.00000000003
0.144,472.05931830650263,4889.215888054035
0.144,895.7952005882403,11722.272736566547
0.144,1569.2254147630272,35001.889842756194
0.144,1774.0016859554999,41716.26324334428
0.144,3499.999999999999,283547.32109826035
0.144,2004.8720434650595,66943.69590024088
0.144,3499.999999999999,136410.0
0.144,53.0,60.0
0.144,123.21670656669271,886.4162201497699
0.144,3499.999999999999,203006.00000000003
0.144,1003.1254418653388,26190.05976331552
0.144,774.9134832314508,10142.666119915348
0.144,3499.999999999999,116205.0
0.144,330.3467874824879,6396.682030553029
0.144,1151.0622824623492,12940.790225497036
0.144,1398.0,47766.99999999999
0.144,3499.999999999999,196992.83733679247
0.144,3499.999999999999,128659.5038868126
0.144,708.4639144111287,14228.906444902395
0.144,1462.023528035048,28598.202193264082
0.144,160.0,2504.0
0.144,3499.999999999999,138380.00357905487
0.144,2629.1633650269814,173562.26948850378
0.144,1867.1372776297926,67983.90184741461
0.144,80.0,1148.0
0.144,1988.7181801351346,89170.97913559095
0.144,89.0,96.0
0.144,595.8512652345728,13225.06546501208
0.144,1353.025405093829,44779.65347200009
0.144,3499.999999999999,137389.79222635124
0.144,135.0,2473.0
0.144,1664.6106157468769,42915.18895707827
0.144,3499.999999999999,268375.0
0.144,3499.999999999999,170771.34788365415
0.144,1723.0,26226.000000000004
0.144,1878.6563320246582,35116.15554411257
0.144,3499.999999999999,132249.679942902
0.144,729.3833011524188,14537.594780430496
0.144,1770.0356425095158,49390.18556791964
0.144,3499.999999999999,171233.00000000003
0.144,2152.3860296145863,30714.471002506314
0.144,484.25200051213,6717.504893931972
0.144,3499.999999999999,134953.99999999994
0.144,1829.3483713721275,66467.46754437083
0.144,1821.0,86996.99999999999
0.144,2003.6217207846387,75515.68519850691
0.144,1247.1387252427053,29991.814283234016
0.144,3499.999999999999,91514.15379054767
0.144,1814.189869064238,43054.56448011296
0.144,313.61760154685203,7198.265207673306
0.144,743.4179602060326,9922.379660147853
0.144,2857.6586866282787,89267.20723393584
0.144,1446.0000000000002,41171.999999999985
0.144,3499.999999999999,208204.7668810683
0.144,3499.999999999999,164167.99999999994
0.144,168.595604185123,1070.5605878397876
0.144,3499.999999999999,139095.99999999997
0.144,465.8325879540846,6762.349517734201
0.145,2143.2593649200153,99725.03292268731
0.145,3499.999999999999,193641.99999999997
0.145,1604.0,56247.00000000003
0.145,766.5647837727965,7983.330618673545
0.145,2142.89523775662,57671.62075059102
0.145,1182.1442382382959,20723.199752933906
0.145,356.0,7865.000000000004
0.145,1823.0,14701.000000000005
0.145,554.9774770204642,15370.26805231451
0.145,709.9295739719539,11259.812787075987
0.145,1305.1265924863226,30075.972673727687
0.145,1435.356670443483,29376.215756423164
0.145,2393.637399440441,52063.97234172594
0.145,3499.999999999999,208612.9999999999
0.145,3499.999999999999,120835.00000000003
0.145,879.4884877018003,9356.406575176177
0.145,3499.999999999999,141345.99999999997
0.145,3499.999999999999,112817.99999999999
0.145,3499.999999999999,281545.00000000006
0.145,1194.1263900877657,17363.109889363743
0.145,529.0,5540.999999999998
0.145,179.0,287.0
0.145,489.59166659574595,8699.221172036034
0.145,3499.999999999999,199078.00000000003
0.145,254.11808278829747,4810.823422242806
0.145,3499.999999999999,100375.99999999997
0.145,66.0,897.9999999999999
0.145,499.49774774267,9801.403572958316
0.145,120.0,1517.0000000000002
0.145,1329.4735800308326,54313.184255758766
0.145,1039.5179287002857,9737.797432012374
0.145,2080.0000000000005,49056.999999999985
0.145,1253.817072329885,21269.23878753128
0.145,1540.6368114632194,46666.10882650002
0.145,952.8790710132629,17959.67485628295
0.145,1555.5857699964888,44818.1525382637
0.145,467.8717773065608,2863.027244019867
0.145,494.26308783885526,3007.9993351063094
0.145,118.0,1090.0
0.145,591.6079783099615,3765.9982740304054
0.145,2354.119829212335,44074.63607958482
0.145,1365.4669530969984,29443.301309465976
0.145,984.1725115301742,30308.05158161144
0.145,3499.999999999999,315653.9999999998
0.145,3499.999999999999,219581.99999999997
0.145,994.9296457539093,31449.923894979464
0.145,1601.9981655193487,41920.06831315085
0.145,144.0,2352.0000000000005
0.145,450.55521304275226,2854.690876434786
0.145,3499.999999999999,180131.99999999997
0.145,3499.999999999999,130907.00000000004
0.145,3499.999999999999,201052.99999999994
0.145,1021.4531383447797,27133.587582616907
0.145,1402.0000000000002,26350.0
0.145,1292.0501547848887,50372.96493336443
0.145,3499.999999999999,206028.99999999994
0.145,280.4763024110173,4279.554416496807
0.145,2709.7970403703666,87200.21379560948
0.145,1963.6880850467296,44051.98246618949
0.145,1075.2562485286935,14222.893517143408
0.145,2702.4404224755367,122428.12642135625
0.145,1283.0566938134868,31238.55318210987
0.145,1435.7924641117181,51550.43871782277
0.145,1345.2145791786659,54685.19547612699
0.145,235.7116882973774,2573.036532970335
0.145,3499.999999999999,172447.7369175948
0.145,1330.9898975333947,48601.475694167566
0.145,2462.8235828008465,103654.28631754687
0.145,3499.999999999999,298629.9999999998
0.145,2776.363531941186,39779.757608498796
0.145,1219.0000000000002,31355.99999999999
0.145,3499.999999999999,109982.00000000004
0.145,2890.88825270074,158135.54752205996
0.145,1571.9414747375297,53065.54462172229
0.145,1369.3185652130196,52303.31375870594
0.145,492.3754237450739,4577.088633873778
0.145,3499.999999999999,90082.43229398287
0.145,1396.9554850278116,15725.79074520742
0.145,3499.999999999999,256506.9999999999
0.145,1495.7489233934098,28517.11215344011
0.145,1444.4097076897317,20237.081980541727
0.146,1582.0,42563.000000000015
0.146,1546.4613148759909,39436.83456993114
0.146,64.0,872.0000000000001
0.146,2508.1335097111614,86787.3471527594
0.146,340.0,2799.0
0.146,256.67099563448926,5043.0466981776
0.146,109.00000000000001,157.0
0.146,581.5629268864332,5537.571850629081
0.146,1277.9999999999998,28943.99999999999
0.146,2486.527527411881,42344.583793320955
0.146,3499.999999999999,223586.1867558012
0.146,681.383070265495,5588.404124132308
0.146,1629.502476533229,31913.761846539728
0.146,3499.999999999999,87576.00000000001
0.146,2341.3138359893524,95249.64402049988
0.146,1433.3527130472808,60413.13247134268
0.146,1716.4374420280562,69694.02691472671
0.146,3499.999999999999,139792.99999999997
0.146,100.0,109.00000000000001
0.146,133.0,2079.0
0.146,1737.0000000000005,36736.00000000002
0.146,1673.5651144703713,34776.11455789724
0.146,3499.999999999999,179201.00000000003
0.146,3499.999999999999,115061.53817848947
0.146,1514.100392972672,49047.6396170091
0.146,2309.675912388347,59276.46116714219
0.146,2242.654676939809,86239.78904194979
0.146,1560.980098548448,43865.853975196034
0.146,2455.707637321674,101796.41777587267
0.146,2983.9068473336974,84234.55974541877
0.146,1906.4966187191121,72875.16754852021
0.146,1860.8324789344535,58648.66101144301
0.146,282.28812996541865,2923.555102605952
0.146,2431.2472135519693,89156.33767441518
0.146,2169.6773953747133,64916.46308911169
0.146,3499.999999999999,304416.99999999977
0.146,557.2977266108006,6133.670578120065
0.146,382.3788899896978,6146.695675401563
0.146,2733.928404600739,103941.19018514821
0.146,692.4593850905626,14426.877694081977
0.146,3499.999999999999,297268.99999999994
0.146,176.0,942.0
0.146,3068.959490770997,122903.19527871488
0.146,2512.0708588732127,59301.70908161078
0.146,1047.0000000000002,24850.99999999999
0.146,1210.2228490123684,21815.125295644983
0.146,1089.2658077806357,31180.06016671552
0.146,3499.999999999999,269407.0
0.146,529.0,14369.000000000002
0.146,2950.2591817298076,115886.87893840215
0.146,2079.903843931253,90644.834767349
0.146,651.3659637320069,17173.252587897223
0.146,3499.999999999999,109052.4165481903
0.146,2212.0126581916297,69269.81019174229
0.146,1891.0000000000005,58481.00000000001
0.146,1215.1577307627313,19026.323961073856
0.146,1881.6211971313614,48696.308813831434
0.146,1073.5422823620022,14519.36809060163
0.146,1296.9331098166058,27485.020447291106
0.146,487.0,3602.0000000000005
0.146,3499.999999999999,103628.00000000004
0.146,976.4497389802923,15770.276552050964
0.146,991.4237423854852,29662.885857861307
0.146,816.656598577395,11396.903965551352
0.146,2126.4994709616085,108474.12974990858
0.146,2461.8473795991813,79472.10793733643
0.146,1468.6576667472564,38857.495655884
0.146,157.0,200.99999999999997
0.146,1009.0,8258.000000000002
0.146,1149.0,21945.0
0.146,938.3920753235948,18386.220143814684
0.146,505.4700782440044,6595.041470680834
0.146,3499.999999999999,178710.99999999997
0.146,1907.8343027840995,40679.63029941371
0.146,236.0862344058629,1672.8247316296959
0.146,474.318458422187,11645.015671951667
0.146,600.95680672377,8415.734505767234
0.146,352.2499112845878,4274.584658186103
0.146,275.99999999999994,1633.0000000000002
0.146,402.894527140789,1072.8513410533635
0.146,2106.6561181170505,77474.20293233097
0.147,3499.999999999999,283469.99999999994
0.147,173.84475833340503,542.6435294002868
0.147,2188.9495197468577,81162.89363372896
0.147,976.7660927775903,7478.574997952486
0.147,582.4165917892225,13152.584842922877
0.147,648.9039821867683,11234.295321905529
0.147,1974.9999999999995,68581.99999999999
0.147,895.0647560898352,27412.824058586182
0.147,182.0,2486.0
0.147,3499.999999999999,136773.00000000003
0.147,2569.5788799612005,108612.681851736
0.147,902.0,15244.000000000002
0.147,671.3065763825524,14391.492077280554
0.147,149.0,187.0
0.147,1336.9999999999995,7013.000000000003
0.147,94.0,97.0
0.147,3499.999999999999,183466.99999999994
0.147,2848.629689044528,106347.47975943428
0.147,940.9105406772627,26478.226757238
0.147,91.0,169.0
0.147,993.9622587911565,10534.573264469136
0.147,3499.999999999999,108849.99999999997
0.147,470.3059061801123,3832.727748231298
0.147,1112.0,25232.000000000004
0.147,2629.479262667504,71491.1371528741
0.147,490.00000000000006,2859.0
0.147,355.0535170928461,5706.656113697411
0.147,1046.1969221900818,23728.803804659
0.147,1155.6745371131192,13631.910268363652
0.147,3499.999999999999,308743.5240940285
0.147,210.66492191757655,1296.9939648518264
0.147,1125.9295043078932,14513.4617357414
0.147,1029.4017633836595,24659.453738817203
0.147,837.9707632131328,28209.2859888371
0.147,370.18914084559526,5236.9884475717545
0.147,3499.999999999999,272277.0
0.147,2667.48945639903,47288.56431527603
0.147,641.1521299147197,9204.669979155638
0.147,3499.999999999999,194202.41076516014
0.147,3499.999999999999,175898.22507347818
0.147,196.67994305469995,1993.3168338224611
0.147,3499.999999999999,164368.4115479624
0.147,67.0,642.0
0.147,2537.7155080899042,72465.00380873516
0.147,1368.9999999999998,34963.000000000015
0.147,334.45179024786216,7239.132544718322
0.147,562.4215773822219,7494.451317541054
0.147,97.0,101.0
0.147,153.0,167.0
0.147,1512.0,20463.000000000004
0.147,3499.999999999999,132197.09393859777
0.147,3499.999999999999,182407.00000000003
0.147,1535.9036428109673,28409.93417803006
0.147,174.85994395515516,924.8713424039041
0.147,1524.0924457622193,65668.86952415388
0.147,3499.999999999999,119093.74101941717
0.147,623.2976816898969,12277.572887179289
0.147,3499.999999999999,126451.99999999996
0.147,3499.999999999999,142733.9388477738
0.147,909.5548810404273,11182.34019456703
0.147,3499.999999999999,187705.00000000003
0.147,3499.999999999999,122235.00000000003
0.147,124.0707192853251,981.7055154854905
0.147,1080.0,12225.000000000002
0.147,2014.0754702840702,89315.24959938246
0.147,534.8410978973101,2033.0450068800744
0.147,859.8922138215127,17045.61130378659
0.147,1300.0,16677.999999999993
0.147,2621.105335526477,92866.9276112978
0.147,3499.999999999999,45277.999999999985
0.147,996.9999999999999,22507.999999999996
0.147,487.01150652514673,3570.688555586408
0.147,615.0000000000001,17697.0
0.147,2038.0024981647234,57467.14744116198
0.147,3499.999999999999,263852.0000000001
0.147,889.6905603925065,15219.318386510637
0.147,2285.3625452112615,39160.385730274946
0.147,3499.999999999999,242185.4654619058
0.147,3499.999999999999,77502.00000000003
0.147,1393.0188172119372,30008.66732067726
0.147,634.0654540345186,14359.237758321293
0.147,343.0,14080.999999999998
0.147,3499.999999999999,113854.14025062385
0.148,2261.3049329977594,61052.55454114924
0.148,2064.0000000000005,87296.00000000004
0.148,2467.8961689736384,104032.09013946835
0.148,1267.9999999999998,18025.0
0.148,3499.999999999999,143231.2588264168
0.148,1142.0,21191.999999999996
0.148,3499.999999999999,125929.63626962478
0.148,600.2387938387851,10309.039990163357
0.148,2453.0574074983556,87768.8285766311
0.148,3499.999999999999,234188.99999999994
0.148,2750.86326559226,108239.91684448937
0.148,1351.083269084478,37994.416326613056
0.148,801.8809905436453,18038.562732870552
0.148,591.6079783099615,2594.7496989112446
0.148,1178.0,13217.999999999998
0.148,2071.4729059294987,63681.706713937856
0.148,63.0,513.0000000000001
0.148,2014.9999999999995,59917.999999999985
0.148,624.0,2370.0000000000005
0.148,3499.999999999999,159077.96820427405
0.148,1247.0,26533.999999999985
0.148,1004.0624046805387,19100.480697555144
0.148,1177.0000000000002,16024.999999999995
0.148,82.3164625090267,288.3227358360766
0.148,3499.999999999999,168423.87377684916
0.148,3499.999999999999,249158.9753831879
0.148,1140.0,16532.0
0.148,1240.0,37703.0
0.148,3499.999999999999,146853.99999999997
0.148,723.3252867003087,15340.076277056536
0.148,1598.0901691650638,39915.3298776601
0.148,453.9999999999999,6661.999999999999
0.148,1467.8256027198872,41150.28386293344
0.148,92.0,180.0
0.148,2135.532720423642,73199.24274881535
0.148,2135.532720423642,103395.91726465797
0.148,407.31928508235404,2693.3584982322723
0.148,3499.999999999999,109083.22146874836
0.148,1155.0000000000002,32941.0
0.148,174.0,244.0
0.148,108.0,130.0
0.148,2629.1633650269814,90084.16011708161
0.148,1972.6153897497106,54755.67448522314
0.148,3499.999999999999,43679.0
0.148,3499.999999999999,181781.00000000003
0.148,1106.386008588323,32202.51084931109
0.148,2483.344518990468,78613.8615258149
0.148,447.0,2850.0
0.148,1534.7638254793471,22419.816078639004
0.148,808.993567880295,3857.1353045825063
0.148,1225.0885682268035,49716.039987110795
0.148,963.5771894352833,17430.2204231616
0.148,2362.1275592551956,79951.7068532176
0.148,1324.1978704106118,23155.002591232842
0.148,1049.0,18379.999999999996
0.148,3499.999999999999,117975.0
0.148,3499.999999999999,102662.1403402501
0.148,3499.999999999999,151311.4226422727
0.148,3499.999999999999,191128.51479930134
0.148,1896.3104763148042,68495.68698790803
0.148,676.9594640987951,16367.177527001826
0.148,1764.9999999999998,36043.999999999985
0.148,2073.16183642281,94351.96106070073
0.148,3499.999999999999,171045.99999999994
0.148,1891.3953696879857,58924.834917807035
0.148,554.8878734724873,15027.356938240113
0.148,252.96047122030748,4248.378514209863
0.148,334.35011589649554,1354.087146383127
0.148,1885.2739718154623,36859.943465271586
0.148,1774.4351213837042,55951.908457174155
0.148,1143.0000000000002,54771.99999999998
0.148,3499.999999999999,215535.07116012473
0.148,3499.999999999999,50358.99999999998
0.148,1200.5561211372003,35211.88435741547
0.148,1102.0435563080073,16443.93611639257
0.148,1345.0,35166.000000000015
0.148,3499.999999999999,121541.41410235448
0.148,3499.999999999999,124268.0061399554
0.148,2134.7130954767663,74306.5499871983
0.148,91.0,113.99999999999999
0.148,1052.538757923898,17131.033489783567
0.148,87.0,95.0
0.148,95.0,231.0
0.149,1628.3657451567813,62392.477431177555
0.149,1203.7441588643326,42917.48303430666
0.149,702.2338649876383,6068.257027812876
0.149,1618.564495769224,42632.10402976666
0.149,811.1719916269298,5205.037559902908
0.149,1400.305323849053,33603.173272772896
0.149,749.5125082345191,8693.478015155963
0.149,3499.999999999999,166059.00000000006
0.149,1288.3582856943597,24207.96097388248
0.149,2209.637979398435,96383.06208042993
0.149,1410.3489669737464,33225.584769490466
0.149,3499.999999999999,200324.00000000006
0.149,3499.999999999999,265058.0
0.149,517.5540325054907,6764.5634226293
0.149,1287.0,53292.00000000001
0.149,166.94909403767366,979.7193475684759
0.149,3499.999999999999,221157.0298860066
0.149,3499.999999999999,133767.00000000006
0.149,3499.999999999999,119709.00000000001
0.149,3499.999999999999,99765.00000000003
0.149,1152.1106717672574,15411.688421454664
0.149,3499.999999999999,128662.00000000001
0.149,1772.884761268152,55149.64045423926
0.149,3499.999999999999,215033.99999999997
0.149,1007.683735657621,26095.515010268657
0.149,963.4288553909208,29511.63057236917
0.149,2320.8834524809727,128239.89076336584
0.149,551.0,15848.000000000002
0.149,498.4977432245807,6726.238175979203
0.149,1594.051442080838,60454.71480372728
0.149,570.5260730238364,3749.6485168612808
0.149,3499.999999999999,134957.99999999994
0.149,2065.550774006778,33522.05826019639
0.149,104.19213022104886,589.3606705575119
0.149,1013.8161428446712,28977.469444286988
0.149,689.9275324264134,7041.901731776723
0.149,2094.158542231223,75700.25217923649
0.149,2918.842820390913,81337.95048650024
0.149,2755.697894147959,127247.33095297149
0.149,3499.999999999999,98767.99999999996
0.149,2625.934685845167,84226.41963260126
0.149,1485.0791776440024,28761.081414515207
0.149,1561.9999999999998,45925.000000000015
0.149,1127.2501154727263,26408.56189053448
0.149,899.7627465059885,36301.53787375956
0.149,220.00000000000003,292.0
0.149,1426.2257885762692,45586.452318643984
0.149,703.4125911067736,8748.582130001305
0.149,1879.2285651298516,60034.71805547183
0.149,755.3145040312677,20245.49527672761
0.149,1243.8367548046924,25119.59668241572
0.149,870.3607880696956,15336.000162663771
0.149,3499.999999999999,123319.3158025133
0.149,3499.999999999999,278770.99999999994
0.149,1971.0403344427023,45990.64867992187
0.149,1081.4830836299295,16964.45445734781
0.149,87.98863562983574,345.078251995109
0.149,1094.3929553013122,23045.47024125545
0.149,3499.999999999999,155711.99999999997
0.149,1653.0000000000005,55847.99999999998
0.149,1133.864130447119,49472.530442639916
0.149,1114.577049826525,30039.819573359644
0.149,2158.3558557383435,61198.98631513431
0.149,1629.6994691015982,26671.771366942347
0.149,3499.999999999999,267938.0000000001
0.149,3499.999999999999,62730.99999999999
0.149,494.8288276632474,9960.488675802335
0.149,3499.999999999999,189232.42223230193
0.149,704.9822692805827,11522.438413808071
0.149,1256.9486863034622,23588.953177281946
0.149,3499.999999999999,239172.59683529468
0.149,3499.999999999999,212579.0000000001
0.149,2364.2123424092006,75704.35684291893
0.149,2636.4683416059156,112546.22697344098
0.149,3499.999999999999,104605.99999999997
0.149,296.7574767381607,984.9842638336918
0.149,3499.999999999999,214352.0000000001
0.149,3499.999999999999,262266.99999999994
0.15,897.9999999999999,6652.0
0.15,3499.999999999999,224003.9999999999
0.15,317.0678160898706,1652.4088477129378
0.15,476.9696007084728,9269.682303078138
0.15,2616.4116471011275,101258.15878107796
0.15,231.99999999999997,8340.999999999995
0.15,102.0,161.0
0.15,3499.999999999999,199914.00000000003
0.15,2717.9305012349587,125866.70773963115
0.15,1879.2285651298516,42815.13395985119
0.15,1539.752026188617,41340.946228633555
0.15,249.00000000000003,4910.999999999999
0.15,736.0,7783.000000000003
0.15,1058.0,39452.000000000015
0.15,1676.3192398871026,83190.71053125146
0.15,1883.8789770046264,54417.57091234408
0.15,1993.1131427994742,58448.21518233041
0.15,295.0,1251.0
0.15,1848.9999999999998,36611.000000000015
0.15,1387.0,20772.63625542026
0.15,1097.4518151056054,42571.98367750733
0.15,3499.999999999999,292674.0
0.15,261.7231361572759,3319.1858941613987
0.15,1230.0000000000002,32682.999999999985
0.15,1468.9999999999998,32204.000000000004
0.15,3499.999999999999,71704.1332420942
0.15,1493.3634939593103,49638.63200382149
0.15,1069.1808153363747,14893.274404836035
0.15,3499.999999999999,156292.0000000001
0.15,2139.358011927536,35816.401530492694
0.15,494.9747468305832,11842.601572289761
0.15,1542.1433336121086,30360.70789657118
0.15,3499.999999999999,128431.99999999997
0.15,3499.999999999999,87025.00000000003
0.15,1526.0,29638.000000000004
0.15,1021.0000000000002,26576.0
0.15,1373.9035628456606,25359.591775105535
0.15,2428.4768889161783,104140.83627472942
0.15,754.0111024264197,9417.862758987143
0.15,643.9479792654062,11070.182925317904
0.15,1945.1221041363954,76441.6828700153
0.15,3499.999999999999,169343.99999999994
0.15,2463.1941235108984,117177.25235237082
0.15,3499.999999999999,114691.91936662314
0.15,725.9432826852768,4835.634860275889
0.15,953.9392014169455,33377.12896580532
0.15,1610.7418640038331,32591.979659836124
0.15,66.0,726.0
0.15,698.2743700948938,10257.53128738755
0.15,2771.220832862425,61440.00183773832
0.15,522.9870004458508,11778.002267923594
0.15,1256.6578092360085,17996.30684308884
0.15,348.52833457267144,4741.348120524373
0.15,657.1467739887162,7363.909264089478
0.15,823.0,6507.999999999998
0.15,3499.999999999999,115221.3368174489
0.15,1027.4273193414683,13351.954211797824
0.15,1732.4515716646938,33189.59522608164
0.15,2861.1546025234657,104444.98385710164
0.15,1610.0614895090189,26751.756577839882
0.15,2725.0974911112826,77250.80915251642
0.15,1302.8814220795382,19747.53412454324
0.15,1452.3054090976837,40135.70232583513
0.15,3499.999999999999,109825.99999999997
0.15,3499.999999999999,279903.00000000006
0.15,3499.999999999999,160010.7564613523
0.15,3499.999999999999,149495.20561877562
0.15,2919.8010748328306,118579.63261369964
0.15,2190.651226928853,83782.18134042427
0.15,829.7514618498253,13467.447479777991
0.15,362.6958117676976,3703.6210763857866
0.15,506.10693224305436,5617.63528729564
0.15,2881.9529256805386,71200.71721632947
0.15,3499.999999999999,173864.0
0.15,3499.999999999999,154709.67287147883
0.15,927.9008567729635,27945.314168926434
0.15,3499.999999999999,107039.99999999997
0.15,1021.1759478442723,21529.30957195811
0.15,1028.0,11723.999999999995
0.15,1266.0000000000002,36166.00000000001
0.151,1135.0,23341.99999999999
0.151,3499.999999999999,140260.72023200215
0.151,2769.929193801384,119399.82985338462
0.151,3499.999999999999,142143.92252220982
0.151,93.0,97.0
0.151,2289.7598127314573,75285.34731274076
0.151,1852.9705880018707,44065.40791822992
0.151,3499.999999999999,212787.7242311114
0.151,3499.999999999999,259915.00000000006
0.151,1939.9999999999998,85159.00000000004
0.151,3499.999999999999,160581.9999999999
0.151,3499.999999999999,122319.99999999999
0.151,2481.8958794633954,95804.24307331313
0.151,3499.999999999999,75934.70315343309
0.151,3499.999999999999,94332.10990961672
0.151,125.0,1053.0
0.151,3499.999999999999,167859.03298899348
0.151,2062.289846968513,39229.86314573074
0.151,2229.3979083296176,100044.5167548711
0.151,1544.1931180541042,31519.816873907224
0.151,1798.8619508221652,45134.71299120791
0.151,310.4995974232495,3276.9394257446997
0.151,2100.833168054998,109612.38234798107
0.151,1435.418803061443,31784.05536267327
0.151,2275.2086812145003,99616.14545127963
0.151,3499.999999999999,93784.74719270723
0.151,1324.7943195630316,31528.10166793334
0.151,3499.999999999999,160418.00000000003
0.151,1255.9999999999998,25411.999999999996
0.151,3499.999999999999,161567.53762745787
0.151,2039.1174561559708,54112.554781677056
0.151,1934.2957374713926,55214.177744488814
0.151,1595.6752095204877,27146.151453928975
0.151,312.46599815019874,4329.098751472412
0.151,3499.999999999999,141661.00121046032
0.151,3499.999999999999,225216.0
0.151,1596.3276606010438,58551.91982334994
0.151,588.9999999999999,7918.000000000004
0.151,658.7867636800243,16334.97015607925
0.151,65.0,766.9999999999999
0.151,3499.999999999999,115592.00000000003
0.151,3499.999999999999,201739.99999999997
0.151,1083.0,21824.999999999993
0.151,2200.908903157966,55861.96962155917
0.151,66.0,744.0000000000001
0.151,1216.1519893121297,29204.811491835873
0.151,3499.999999999999,213198.00000000006
0.151,885.4377448471461,8444.055897493809
0.151,1135.0,33061.99999999999
0.151,1040.6578677916616,12360.286915220782
0.151,2581.8884277383368,53998.59300182892
0.151,3499.999999999999,68285.99999999999
0.151,147.30032543162764,413.15749689248395
0.151,2178.5316155612704,80841.6879586269
0.151,90.0,649.9999999999999
0.151,1200.833044182246,27500.348906877512
0.151,525.1447419521593,15383.468204536981
0.151,476.9696007084728,7438.851524260987
0.151,497.5138883188012,2402.5645156598225
0.151,2046.826812409882,70182.74842153162
0.151,1524.0,23711.00000000001
0.151,119.0,985.0000000000001
0.151,3499.999999999999,216988.00000000006
0.151,857.3214099741122,12599.150963457812
0.151,526.6125777160837,4601.399108518464
0.151,1933.0000000000002,61585.99999999999
0.151,3499.999999999999,127319.00000000003
0.151,3499.999999999999,98876.0
0.151,242.61786879889945,4474.921279890268
0.151,284.53470790045986,1473.2094216369921
0.151,3499.999999999999,142378.5183740628
0.151,787.7272712642301,6859.1217210076875
0.151,552.8164252263133,12470.682820118558
0.151,70.0,651.0000000000001
0.151,1207.1636177420191,15543.701232332032
0.151,1261.0,10056.999999999996
0.151,2020.1504642356388,71978.30153364498
0.151,1377.3176830346733,28917.302450263236
0.151,310.92121188494036,1180.4448314089059
0.152,3499.999999999999,200450.34228955559
0.152,3499.999999999999,120060.43335753874
0.152,1536.9999999999998,17726.000000000004
0.152,1541.9999999999995,34463.0
0.152,3499.999999999999,113874.99999999997
0.152,264.1666140904259,3717.80472859993
0.152,196.66214684071767,2697.346844586362
0.152,760.4809974556887,12171.64291001526
0.152,2627.6269997516,88788.78537269428
0.152,1513.4712474120383,29200.793005047715
0.152,441.0555520566542,7046.649629433833
0.152,61.0,532.0
0.152,1396.2449641807127,33102.78187705679
0.152,3499.999999999999,146469.60146050787
0.152,1401.0000000000002,25841.000000000004
0.152,3499.999999999999,195895.99999999994
0.152,3499.999999999999,270276.0000000001
0.152,1095.3817396738068,21007.713911241208
0.152,3499.999999999999,72814.99999999997
0.152,1116.0,15048.999999999998
0.152,99.0,100.0
0.152,3499.999999999999,151504.00000000003
0.152,105.0,110.00000000000001
0.152,3499.999999999999,122176.00000000004
0.152,444.30565783855405,7793.322120159033
0.152,347.33209630954667,1353.129726353216
0.152,1016.7788231846193,9359.8108744994
0.152,1772.993699521446,32982.48930660707
0.152,2515.8986784796116,85950.23804035176
0.152,68.0,667.9999999999999
0.152,788.993462739496,21750.98960418225
0.152,1365.566549092354,42830.038057419486
0.152,1017.7943805535633,33558.20837465477
0.152,2659.614838352636,89428.10839487036
0.152,473.43251354636544,8359.17326033928
0.152,855.4290801215428,10852.333397989125
0.152,2433.9081438494327,103061.15820413256
0.152,1188.3714747880601,39224.52571460933
0.152,594.5586598477898,10936.749059935504
0.152,2930.30061331077,134203.55301991224
0.152,1093.0,25918.999999999993
0.152,2053.655277791285,28616.83843473977
0.152,980.7137657293853,26985.200781625623
0.152,1634.833720117867,37540.50638403491
0.152,847.0537173048708,14797.045583494026
0.152,642.6507605223851,13968.890793473909
0.152,3499.999999999999,138842.8771626163
0.152,3499.999999999999,225410.8140196472
0.152,897.4205980297768,11918.082341408022
0.152,1950.3697304624905,74461.18009809057
0.152,402.9540916779478,14537.346250261777
0.152,648.0740698407859,11329.954721886577
0.152,3499.999999999999,161068.00000000006
0.152,1879.2285651298516,59855.10065984353
0.152,1155.943031479382,32744.414313399495
0.152,1731.6202091164844,38216.56786028355
0.152,1272.2600820844045,15836.337150329422
0.152,2738.3181666366536,127768.13383200105
0.152,1857.8012906219722,53887.26631579945
0.152,3499.999999999999,196141.0
0.152,2245.6419637204644,92364.17841282005
0.152,3499.999999999999,166071.2109427759
0.152,831.9131365799228,10502.371758825702
0.152,262.25750704221986,1255.2912012756246
0.152,255.33311575273584,1796.7871326342467
0.152,179.4230912262654,1257.3745111770183
0.152,3108.1416731295712,91614.00747442346
0.152,1291.3625697030063,28732.530157558103
0.152,2875.684291694319,119024.70824723177
0.152,353.1135534441932,1121.556151051005
0.152,3499.999999999999,158572.99999999994
0.152,850.0939919129164,10981.930799037882
0.152,3499.999999999999,187399.99999999997
0.152,3499.999999999999,100729.08510455165
0.152,74.0,875.0000000000002
0.152,400.5071784625089,2611.628610656576
0.152,684.5847795882432,11244.464492247298
0.152,3499.999999999999,225114.1472297997
0.153,1441.0000000000005,19115.000000000007
0.153,1063.249735480804,12175.391985476275
0.153,2313.9575355074594,58648.00434397463
0.153,1771.9974604947943,34857.518988017495
0.153,1024.0,25165.000000000004
0.153,447.3023060685929,6665.717808441061
0.153,3499.999999999999,239414.93988064295
0.153,941.0100955887774,42037.353853448
0.153,877.4964387392123,17684.19362029267
0.153,1544.4852151009725,29725.603813346952
0.153,3499.999999999999,133704.0
0.153,121.0,1606.0000000000002
0.153,2670.681885250801,150342.57919416003
0.153,570.2290579184862,4986.880052441957
0.153,1773.0289566853098,30987.64588751324
0.153,3499.999999999999,120049.00000000003
0.153,3499.999999999999,225751.23863447565
0.153,2100.833168054998,42949.8124792181
0.153,129.0,1880.0000000000005
0.153,3499.999999999999,117457.38755821192
0.153,3499.999999999999,187426.00000000006
0.153,1062.0,33922.99999999999
0.153,1936.192180197155,51134.25297937262
0.153,1627.4217460681307,41380.52558856921
0.153,1041.633332799983,23588.752849610326
0.153,606.3673737386322,15626.99788542812
0.153,3499.999999999999,180057.90575534318
0.153,2029.6551431216087,49063.86225115181
0.153,1914.832099998477,68003.0813383841
0.153,1449.6405855655842,71009.26132926453
0.153,3499.999999999999,127884.99999999994
0.153,2007.9840636817814,74176.50076001156
0.153,187.76324505274212,2505.9132445215464
0.153,1607.202538574401,34689.659511156904
0.153,1114.4780279195186,21179.611489189523
0.153,273.23616158920106,2794.165349438004
0.153,234.0,6604.000000000001
0.153,2264.547712174953,70769.57489437336
0.153,462.0606020859168,2896.341140128351
0.153,1878.576002175366,35955.272433930506
0.153,526.9250421075088,4300.45404579563
0.153,2811.356503084583,68844.4834915349
0.153,1069.5688599877287,26773.655665257716
0.153,707.9814268302505,8847.745563049306
0.153,2229.9388334754794,111997.1583028027
0.153,1929.886135978998,82366.01091849347
0.153,3499.999999999999,139470.0
0.153,2750.699546551769,90238.54789617406
0.153,3499.999999999999,225605.9467234851
0.153,94.04786015641186,245.25496936861444
0.153,3499.999999999999,271945.00000000006
0.153,2435.974280787162,74912.2234309916
0.153,1215.3188881935473,30890.76259984527
0.153,1424.5664013703981,16623.568668526696
0.153,795.0000000000001,12757.999999999996
0.153,391.1125157803058,2040.2382213849442
0.153,82.78284846512591,880.5691341399605
0.153,1177.0000000000002,23015.999999999993
0.153,1055.5264175808154,15540.818747544921
0.153,749.0000000000002,17558.999999999996
0.153,1657.4325135055662,34802.79224991501
0.153,1404.089798972128,45486.554224443666
0.153,2317.110269279388,115156.80736283027
0.153,1581.755113819017,56456.01997278677
0.153,2920.279966275702,110258.62664877213
0.153,1962.1416870348578,105983.72381644267
0.153,2485.457704327313,92367.9963623765
0.153,3499.999999999999,190722.99999999997
0.153,620.4836822995428,12497.43785741702
0.153,3499.999999999999,66715.69781543172
0.153,2095.8291915134682,46029.38587467791
0.153,336.124976757158,3567.855378234941
0.153,2115.7740900200088,53780.51193508666
0.153,984.6319109189992,23431.23044144288
0.153,3499.999999999999,160047.04616455745
0.153,3499.999999999999,70605.99999999997
0.153,364.13569187318103,5096.111042442085
0.153,1026.2075813401493,20665.678019363408
0.153,3499.999999999999,122973.00000000003
0.154,244.0,646.0
0.154,510.26770515411874,11716.59825293528
0.154,3499.999999999999,201428.0
0.154,3499.999999999999,132526.10881611324
0.154,2684.4925032489855,48839.26135805083
0.154,3499.999999999999,214550.99999999994
0.154,2530.810146968753,80621.41577149337
0.154,3499.999999999999,87002.00000000003
0.154,1702.3513150933327,41771.219972607934
0.154,1147.1059236182155,28016.22931445273
0.154,631.6644678941501,8172.183612719434
0.154,1506.0741165170955,22943.608712173253
0.154,554.9774770204642,3928.434548264741
0.154,1805.1253262671128,70797.53633094383
0.154,2175.925532026598,71042.82312303832
0.154,1964.0369571699227,77173.5198619713
0.154,1188.229310509526,19043.746237602092
0.154,252.2498761149349,1314.5660881066422
0.154,786.4641445373079,7332.720250064916
0.154,3499.999999999999,233787.99999999997
0.154,3499.999999999999,159335.0
0.154,2383.2309061017404,81169.72601250937
0.154,653.4523701081816,19652.437940367607
0.154,2533.0945259610025,79368.44718187481
0.154,862.0290018323049,6574.5010457068165
0.154,2037.8332563058418,47185.53255716228
0.154,1175.0000000000002,22230.999999999996
0.154,1131.0,20163.999999999996
0.154,2285.1695779525867,126349.5674230822
0.154,3499.999999999999,199182.99999999997
0.154,2853.6286249770105,172711.2167181257
0.154,3499.999999999999,162954.9694854378
0.154,463.0,12519.999999999996
0.154,632.0,6077.0
0.154,542.2176684690382,17562.59673282968
0.154,3499.999999999999,139391.81110093938
0.154,3499.999999999999,206002.99999999997
0.154,2462.8235828008465,109418.12375470524
0.154,1159.0,22650.000000000004
0.154,379.60242359605667,1590.7061325084528
0.154,294.799250568973,5519.360215902005
0.154,2027.0668464557345,66041.44044461778
0.154,3499.999999999999,85703.0
0.154,1140.0,19907.000000000007
0.154,1880.1595676963161,48473.8300529265
0.154,1021.4835305630465,23070.728995743684
0.154,160.0,1418.0000000000002
0.154,290.1051533496087,3132.6785663390365
0.154,3499.999999999999,178037.99999999997
0.154,2169.6773953747133,103139.37992832811
0.154,1917.9416049504741,87902.08382057845
0.154,2000.7348796284602,76049.56660258723
0.154,530.0659746169217,5010.29244153256
0.154,1276.362017610991,42521.11019246793
0.154,581.9999999999999,2399.0
0.154,1547.5556982976539,24796.378982845315
0.154,434.7413023856832,4912.015472288336
0.154,691.5215041929112,9096.744504016024
0.154,1759.971590679804,65524.02986691217
0.154,1636.8531640996134,35507.07369039434
0.154,1816.3401359564123,53671.80692995216
0.154,1453.9601094940672,35335.98856689874
0.154,759.0021160159797,5310.465673024009
0.154,736.5459931328118,4201.946334735844
0.154,1219.0000000000002,38690.99999999999
0.154,2679.925372095275,115217.63820266403
0.154,99.0,262.0
0.154,640.2110615667511,8824.836178119327
0.154,164.0,3654.999999999999
0.154,475.51375622105036,3646.8808733679352
0.154,3499.999999999999,98142.11645364086
0.154,2594.688367110285,85108.97467659554
0.154,234.51439188245993,4831.0131442586635
0.154,879.244142624852,21209.80234671625
0.154,3499.999999999999,178414.922021674
0.154,353.65095786665125,4145.628420396599
0.154,3499.999999999999,235893.9999999999
0.154,1697.0218908684942,32959.88800234588
0.154,1098.863048791795,45766.07121001321
0.154,1839.7359025492697,61274.70306539286
0.154,1869.0000000000005,95000.99999999997
0.154,878.1031825060145,21705.292616546056
0.155,1220.0,17088.999999999993
0.155,398.55990766759265,2109.6805445374903
0.155,1056.0,14778.999999999996
0.155,1097.818320824826,16604.151013805505
0.155,1131.4105131251338,37339.17269747595
0.155,3499.999999999999,131134.99999999997
0.155,3499.999999999999,188153.00000000006
0.155,1673.9191197549599,69915.53917882658
0.155,131.0,348.0
0.155,2570.8151461514285,71859.3851091353
0.155,430.48198298674845,5111.983077998008
0.155,1719.0000000000005,113316.99999999999
0.155,1638.0,65988.00000000001
0.155,907.448473828005,29999.57210438577
0.155,1552.9999999999998,26570.0
0.155,3499.999999999999,202166.00000000003
0.155,1366.7804246315814,65705.71402799181
0.155,1905.2261473084786,47933.86843670591
0.155,3499.999999999999,209630.9999999999
0.155,673.0,8781.999999999998
0.155,1916.1158628851229,38131.31484751084
0.155,2077.3781552716873,92831.40567717364
0.155,3499.999999999999,112671.98629206812
0.155,1384.9187701811252,21266.084101216198
0.155,1574.1664460913905,78965.93023576686
0.155,3499.999999999999,108091.67942075833
0.155,2017.0000000000002,53497.99999999998
0.155,750.6663706334525,15022.081180715268
0.155,3499.999999999999,227176.00000000003
0.155,769.09037180295,34336.62315953623
0.155,1707.4429247387936,43104.992308099994
0.155,3499.999999999999,90138.99999999997
0.155,1713.9999999999998,47789.00000000002
0.155,1652.271164185831,31665.649259094625
0.155,1823.458252881047,54504.5342792689
0.155,759.1269985025741,16227.901298369432
0.155,3499.999999999999,113373.0
0.155,1070.9241708437808,13640.733516232913
0.155,273.7141067595624,2491.3430118912615
0.155,3499.999999999999,247164.00000000003
0.155,951.0,27194.999999999993
0.155,1345.0,31105.0
0.155,2795.304630653601,44851.4397564678
0.155,130.0,2222.0
0.155,1955.8885448818398,31091.779958696487
0.155,642.5542778629679,11988.880598287731
0.155,1112.2171550556122,22946.748004891684
0.155,2308.02946255025,69265.84855468097
0.155,938.5298855024719,22430.20475653875
0.155,3499.999999999999,133424.9048783938
0.155,594.1939984642617,3373.075501335959
0.155,3499.999999999999,94262.00000000003
0.155,2434.9537983296514,124447.98142195803
0.155,290.43928667818517,1892.9656461598647
0.155,3499.999999999999,154256.99999999997
0.155,1893.7228209019584,76748.58048036226
0.155,599.8249744717203,9933.827057081277
0.155,2238.7942264304925,54502.688939422056
0.155,707.2461599827459,13537.36108128492
0.155,458.2575694955839,10355.009512308525
0.155,3499.999999999999,178193.99999999994
0.155,1460.9999999999995,15014.999999999998
0.155,289.28878305250623,3127.132232573481
0.155,1947.8192934664132,40376.524454192455
0.155,1106.5526076179362,16396.037985447987
0.155,1111.1807363777395,16797.562649579966
0.155,1335.984115412271,39670.377747574996
0.155,3499.999999999999,61474.0
0.155,2029.6551431216087,85469.96451385715
0.155,3499.999999999999,139723.53478566156
0.155,833.0,16958.000000000007
0.155,311.9743579206471,1526.7062585841459
0.155,837.6625492761902,14770.38333317113
0.156,1135.4215076349399,19850.227706502526
0.156,529.1835654331194,3923.435393654754
0.156,3499.999999999999,121258.59160488386
0.156,1578.6069808536893,28943.84748094144
0.156,112.00000000000001,1703.9999999999995
0.156,2004.49494885869,89994.6825929177
0.156,1345.2809766629541,18472.117880056412
0.156,3499.999999999999,120112.9025291373
0.156,3499.999999999999,180381.35083206356
0.156,1670.0000000000002,22810.000000000004
0.156,2002.7481119701501,52188.77534489574
0.156,2422.829034470118,46470.00288070419
0.156,117.0,2383.0
0.156,594.9999999999999,10406.999999999995
0.156,491.4264950122245,12135.407038908916
0.156,754.6043461932074,9063.735046427606
0.156,427.1270529637148,3059.1168936954523
0.156,740.6762748835968,12800.702989853058
0.156,3499.999999999999,104670.00000000004
0.156,908.0379947997772,31744.64824186906
0.156,1392.9152630026977,45421.069222203434
0.156,1577.4017917337137,44772.81394467868
0.156,1587.8151664700813,44678.3213783856
0.156,2318.478832145293,74985.6613203837
0.156,3499.999999999999,47245.999999999985
0.156,1135.0,11096.000000000004
0.156,942.53199965465,16830.55391305021
0.156,964.006691757523,36560.02908692584
0.156,1606.0000000000002,42063.0
0.156,2487.569094517778,91476.21920477475
0.156,324.49886535565923,2187.5394940433343
0.156,1721.562934295267,59597.848936718015
0.156,3499.999999999999,215463.99999999994
0.156,3499.999999999999,135226.00000000006
0.156,2291.4151306407844,52605.04072263215
0.156,713.9522873224973,9965.880138914179
0.156,336.8256163246731,1723.1804075929692
0.156,1932.3411145923603,48970.368255163754
0.156,3499.999999999999,219515.99999999988
0.156,1725.8331321422709,13080.40412219745
0.156,1939.7264937348489,58594.17364324231
0.156,1887.2526026810451,72287.21648339245
0.156,1286.9503104817682,24488.200372635976
0.156,3499.999999999999,116790.00000000006
0.156,2173.9293974347706,71669.3518409247
0.156,3499.999999999999,177497.99999999997
0.156,1085.9999999999998,17206.000000000007
0.156,544.0,2649.0
0.156,1327.8635684066367,26170.6951466737
0.156,1062.8784349761154,20203.787079242524
0.156,611.9640512317696,4794.9087582559905
0.156,1633.7867222069558,22506.49123074195
0.156,3499.999999999999,127659.2439465313
0.156,3499.999999999999,122490.00000000003
0.156,119.0,1106.0000000000002
0.156,597.4947698515862,4297.213748465392
0.156,1259.844831715398,31086.744860148985
0.156,1486.1022845013053,68013.46909987756
0.156,1088.3002433341992,34315.49422070487
0.156,2890.7752855879226,96991.7682625723
0.156,1121.1600879353718,19924.531285655623
0.156,314.5496209164664,1158.889087050889
0.156,319.6454406273362,2940.7472451568156
0.156,3499.999999999999,246446.0000000001
0.156,931.5939827997786,37482.562601561534
0.156,3499.999999999999,202039.0000000001
0.156,3499.999999999999,193821.07670219976
0.156,3499.999999999999,127224.99999999997
0.156,469.57427527495577,7751.39522924744
0.156,1805.5694966199312,44176.10480984286
0.156,3499.999999999999,158454.99999999997
0.156,1229.6340919151514,34995.784388980355
0.156,676.6844077412602,12694.722751310463
0.156,3499.999999999999,257823.0
0.156,2312.113156620483,122132.75455896315
0.156,2038.2590610616699,91636.51739344967
0.156,82.0,96.0
0.156,3499.999999999999,211349.99999999994
0.156,2024.4752406487955,77551.88766239026
0.156,722.1489296651594,12346.58900159269
0.156,2418.3672177731823,81003.69659466165
0.156,956.0,10706.999999999996
0.156,3499.999999999999,221983.0000000001
0.157,1568.6637625699148,47450.73268138226
0.157,2429.917694079369,118570.44048159721
0.157,1934.2957374713926,65792.53988105337
0.157,914.1595994202266,9323.296389637173
0.157,1001.0559512726334,22933.42642449972
0.157,883.0000000000002,8891.999999999998
0.157,1175.0000000000002,27522.000000000004
0.157,69.0,640.0
0.157,454.42271070007047,7153.908022892105
0.157,934.5178437806975,14140.258497746063
0.157,3499.999999999999,282399.0
0.157,2164.3814397008323,65159.84266825512
0.157,1463.0,41004.0
0.157,3499.999999999999,187220.9529015267
0.157,3499.999999999999,169315.12937714695
0.157,1719.686710561491,35171.55561099748
0.157,2599.7115224578283,104929.15751115126
0.157,3499.999999999999,109370.0
0.157,2514.8558606806873,129896.61569879335
0.157,2019.2820506308678,44535.262882349736
0.157,2059.532741017,61839.41785905638
0.157,494.9747468305832,11768.486308782454
0.157,3499.999999999999,140242.24523302526
0.157,3499.999999999999,124614.99999999997
0.157,355.40191206006483,6877.408194301981
0.157,545.0,13780.000000000002
0.157,3499.999999999999,156876.15721963608
0.157,146.0,195.0
0.157,902.4623925725084,20464.48999935573
0.157,677.9970501410754,6529.459855148815
0.157,476.9696007084728,9844.191790086172
0.157,1152.7141883398506,28562.50773304052
0.157,1247.75278000091,26314.49653708009
0.157,1855.9999999999995,56128.99999999997
0.157,2160.2070989129065,76378.36382671051
0.157,1215.6627318048652,11163.526314206656
0.157,3499.999999999999,163036.00000000003
0.157,931.4468049027525,9434.983230564065
0.157,1522.1855663476895,35753.870699610554
0.157,810.9763160140685,7914.441560155173
0.157,481.63955536524423,6742.401962392918
0.157,3499.999999999999,176683.56644011903
0.157,579.5508849919333,5263.010817952251
0.157,1662.9999999999995,102320.00000000003
0.157,564.3580423808985,18153.58468732828
0.157,2315.92601503897,48231.387981391905
0.157,1076.0000000000002,15266.0
0.157,944.7221813845589,8820.349993055825
0.157,906.9178573608527,6027.262728635613
0.157,2343.7589036698787,102221.84491990345
0.157,3499.999999999999,192717.00000000006
0.157,451.99999999999994,4857.000000000001
0.157,1080.4746792782855,23480.35063024662
0.157,2532.560744709854,128032.88657521535
0.157,1891.0000000000005,77137.99999999997
0.157,2150.232545563386,90915.50834703613
0.157,383.2246862015746,6806.624286371485
0.157,3499.999999999999,152728.42717712646
0.157,1570.1225497626588,28544.506106710458
0.157,781.1177269395091,15481.189928215239
0.157,1358.4945504675372,29092.652174668343
0.157,1725.1732655197295,45442.32777159076
0.157,3499.999999999999,163875.41542281437
0.157,2595.048808915112,88190.44885983507
0.157,855.8958838164908,8927.99875563186
0.157,1586.989722877702,41821.615057735085
0.157,1303.0,21784.000000000007
0.157,1620.189495090003,26424.019622305757
0.157,2040.8331631958547,72271.98490424902
0.157,2522.9748818060807,71984.76382853372
0.157,3499.999999999999,164653.00000000006
0.157,476.9696007084728,9200.105434178457
0.157,536.8120145832827,14354.700632661243
0.157,2454.2819723902953,123968.99817696358
0.157,1194.481058870336,11748.96097533735
0.157,3499.999999999999,105316.00000000006
0.157,2398.9434006414176,99577.3036967843
0.157,1917.028951268081,82322.95402863048
0.157,3499.999999999999,226537.0000000001
0.157,1186.9999999999998,19436.999999999996
0.157,3499.999999999999,135559.96187665444
0.157,1345.0,28441.000000000004
0.157,390.2845116065971,1735.733274440517
0.157,623.2976816898969,11432.485687723387
0.157,2417.949906408966,104318.37324092082
0.157,1758.9842731648837,52651.37096371523
0.157,1220.0,36597.99999999999
0.158,712.0,17064.999999999996
0.158,3499.999999999999,180783.0026295361
0.158,2666.4256875519113,51920.32973055605
0.158,3499.999999999999,112453.99999999996
0.158,1188.9626814702447,21373.011504893075
0.158,1694.2423440367463,61933.71568887594
0.158,396.6345301115251,4187.265527885105
0.158,2160.7722218894914,68758.79916640435
0.158,1474.695339210738,48637.58055177482
0.158,1023.6116928299452,25128.54550654427
0.158,69.0,941.0
0.158,353.0,9981.999999999998
0.158,2343.7589036698787,77224.78770611505
0.158,2674.1938829836545,77560.3963138096
0.158,1880.0000000000005,39369.999999999985
0.158,3499.999999999999,228701.98690872794
0.158,2229.3867179342274,67820.35168805564
0.158,557.2709482888768,21267.435441610272
0.158,2451.0199834650434,72027.4321368868
0.158,3499.999999999999,198231.0
0.158,2370.2193771066673,110035.25545477841
0.158,2135.532720423642,90487.28533888058
0.158,1500.1779894399197,13471.331968294748
0.158,3499.999999999999,127053.99974813849
0.158,3499.999999999999,167075.99999999994
0.158,3499.999999999999,128719.0
0.158,2368.6494041964083,125043.83034760252
0.158,387.69847619407983,2283.860994195268
0.158,1050.9999999999998,13208.000000000002
0.158,1318.0504863756853,26413.25299476103
0.158,2108.3878808483287,51385.28096097672
0.158,1274.3625857659192,36179.99397457109
0.158,2455.707637321674,83054.80617038367
0.158,2341.526750982656,64488.64391905146
0.158,2679.925372095275,65612.97021168916
0.158,3499.999999999999,170757.00000000006
0.158,992.9999999999998,16827.0
0.158,1009.0,16766.999999999993
0.158,419.3494962438849,7724.102148470072
0.158,2611.6108715631385,132108.22490713614
0.158,2302.9106188153164,78807.80083478654
0.158,849.9704718692751,16961.49712866579
0.158,788.1932754454614,7414.786191616784
0.158,639.5830617712445,17397.36640327194
0.158,1287.0,8185.999999999998
0.158,1195.5024048491075,32893.054890052386
0.158,1512.944149663166,55325.51490948815
0.158,3499.999999999999,158927.00000000006
0.158,1505.3205140212287,47681.29985328799
0.158,759.934207678533,20175.82831013389
0.158,850.435182715297,10813.751245520674
0.158,609.0,9536.000000000002
0.158,2610.686199381759,80042.90210541354
0.158,3499.999999999999,178799.12065220004
0.158,2426.3021313038157,142706.1442495575
0.158,324.40133419751567,3531.344672918496
0.158,1967.6936955992542,55656.8006818738
0.158,3499.999999999999,164716.0000000001
0.158,2376.0198759234722,102696.7023133382
0.158,510.1823203522442,8410.800199743187
0.158,1512.540697667678,26152.503068130125
0.158,447.0,5702.000000000003
0.158,498.7976952438476,4917.747765831317
0.158,1930.6734576307824,41133.19943792363
0.158,261.9406077134139,1750.570582922303
0.158,941.1409290691464,14971.044968770258
0.158,3499.999999999999,264488.9999999999
0.158,2455.707637321674,56069.588263157406
0.158,940.9105406772627,10478.548811743902
0.158,663.1385615680588,6124.907020129044
0.158,2100.833168054998,68336.69531079188
0.158,1144.5408568911457,19886.687664280387
0.158,1492.107656696879,28807.42740036522
0.158,1329.5500390555985,17131.392955123745
0.158,1426.0000000000002,35798.000000000015
0.158,3499.999999999999,135315.0857353122
0.158,3499.999999999999,182903.99999999997
0.158,3499.999999999999,156110.0
0.158,1498.999666444259,52812.86655730781
0.158,1043.487275532101,23965.852315978824
0.158,2011.0000000000002,46208.99999999999
0.158,1305.2777482206614,44884.17995240639
0.158,2369.3881066638273,96147.07483849936
0.158,2148.6041980783707,48617.31187550375
0.158,674.5368781616019,11750.647428971735
0.159,950.2631214563678,35588.20433795446
0.159,92.0,102.0
0.159,3499.999999999999,140597.99999999994
0.159,175.00857121866918,1176.2359457183748
0.159,484.25200051213,6501.303715409704
0.159,3499.999999999999,132968.99999999997
0.159,1526.0,42306.999999999985
0.159,1601.0179893711481,33465.064144642565
0.159,2119.079989051853,51308.677628642894
0.159,1758.9999999999995,47239.000000000015
0.159,166.22274212634082,627.9689482769032
0.159,1472.2623977706185,37632.79295429567
0.159,454.5074256819133,6262.3877235444315
0.159,1309.4585027552723,31762.46071289462
0.159,2163.215199650741,60373.32464756264
0.159,265.0,397.00000000000006
0.159,505.4700782440044,3922.672558345904
0.159,386.6283647983584,921.8388732540022
0.159,3499.999999999999,106049.0
0.159,3499.999999999999,203212.0
0.159,1639.882997800068,13737.124266556446
0.159,1967.4857051577278,86178.65464255051
0.159,3499.999999999999,191926.50624653185
0.159,1238.838568983062,24180.612957491365
0.159,660.9160309751913,6764.42458750188
0.159,2567.1027725447525,100209.29689889781
0.159,2133.072900770154,41497.54720462407
0.159,907.448473828005,14870.086000406813
0.159,2266.715685744465,69466.98880763439
0.159,690.958754195936,8553.027475695377
0.159,989.1860290157764,17082.508363820572
0.159,762.0090542068209,18300.33877992672
0.159,429.010220305196,3266.130899250993
0.159,390.1907972792713,3715.935811212527
0.159,1843.064532236584,49350.77152050715
0.159,84.0,110.00000000000001
0.159,1628.472698463592,24474.800553884554
0.159,1959.6913994213883,40070.38984313241
0.159,606.4983148300057,12251.558125563708
0.159,2557.7745552072647,122581.70367262467
0.159,2014.987592078078,58937.64986285007
0.159,3499.999999999999,28287.999999999993
0.159,1062.0,23055.999999999993
0.159,3499.999999999999,300304.9957293417
0.159,63.0,633.0
0.159,1500.9999999999998,27008.00000000001
0.159,2473.8358568273466,82115.55038151224
0.159,855.0000000000001,26904.000000000007
0.159,1884.7607855224878,64126.34238680738
0.159,1848.9999999999998,46062.99999999999
0.159,597.7960458982539,6096.518718352438
0.159,1029.7715269155367,11536.964938526506
0.159,1789.176248833227,71221.32826561508
0.159,3499.999999999999,181207.99999999997
0.159,317.4397580644239,1184.6497372641418
0.159,3499.999999999999,183861.78256222894
0.159,2075.692655476721,28492.194510075915
0.159,1439.3387370594871,37866.01880314329
0.159,1556.0000000000005,30910.000000000015
0.159,2740.950972587437,119911.69406023675
0.159,141.0,2355.0
0.159,2410.2426825855855,59651.53279499142
0.159,1303.0,14398.000000000005
0.159,1059.178787229233,20223.74578949937
0.159,1007.591857160281,26874.15935103527
0.159,1703.9999999999995,27348.999999999996
0.159,1922.0000000000002,37382.99999999999
0.159,1093.0,9848.000000000002
0.159,696.5163314668222,14152.924256138725
0.159,2265.5343480068614,116399.80676557748
0.159,3499.999999999999,85603.00000000003
0.159,3499.999999999999,118344.00000000006
0.159,1471.797097512962,33544.39301563161
0.159,548.4649870856515,8548.796264584813
0.159,2493.667423692004,103536.3806447903
0.159,757.6177715204358,6591.887240434456
0.159,1639.0000000000005,25183.999999999996
0.159,2658.288923349002,90456.03378437505
0.159,1952.9999999999998,84469.00000000004
0.159,1907.8784028338912,45869.19301666425
0.159,455.034790239207,2965.3545930376313
0.159,453.9999999999999,4613.999999999999
0.159,1524.0,40502.00000000001
0.159,3499.999999999999,139158.99999999997
0.159,2485.20596057914,75105.25451101594
0.159,1750.3808694826168,48835.89412598478
0.159,3499.999999999999,145389.00000000003
0.159,1006.0000000000002,8738.0
0.16,3499.999999999999,287722.99999999994
0.16,1848.9999999999998,26199.999999999993
0.16,1146.4287447298802,45404.35148315308
0.16,1822.022968964945,75086.60372503175
0.16,3499.999999999999,227931.00000000003
0.16,2359.7669376444783,76579.76233966781
0.16,3499.999999999999,84717.99999999996
0.16,2186.106226315208,64163.29038493817
0.16,2524.257207252687,180613.75042303288
0.16,1369.3185652130196,22943.36682118238
0.16,2350.344372802675,64316.40086125152
0.16,985.8871026974086,12272.548629443967
0.16,778.1388050984222,4765.115108788035
0.16,3499.999999999999,274358.00000000006
0.16,3499.999999999999,188608.0
0.16,370.70355542387796,1013.9589088927651
0.16,1040.6578677916616,13836.471167195456
0.16,3499.999999999999,217418.00000000003
0.16,1949.0927184099512,41908.51700924671
0.16,1237.7715351499942,16092.039192132503
0.16,1261.0,25845.0
0.16,1919.0000000000002,46505.999999999985
0.16,1341.539758392498,28518.194997059385
0.16,883.4987266544305,17737.012769911405
0.16,366.1557045848118,4165.918866228674
0.16,913.5819612930194,17702.930294163176
0.16,631.0,4521.000000000001
0.16,1595.7908899551792,24567.10790863884
0.16,1343.7819763637256,31412.597154644813
0.16,581.3638879624039,10284.505326913664
0.16,1747.5085121394973,59036.21451278867
0.16,2478.4067462787457,109885.88680990838
0.16,307.0,2241.0
0.16,1155.9999999999998,31269.999999999993
0.16,1040.8162254401045,22844.651738476918
0.16,1387.0,12337.000000000004
0.16,1110.0,18032.000000000004
0.16,319.5622005181464,4708.149742733338
0.16,1678.541033159452,66278.30722038697
0.16,1288.0,35709.0
0.16,3499.999999999999,224369.0
0.16,1675.5252226646662,38935.09348559468
0.16,435.36766071907545,2513.5081062133063
0.16,777.9730409216648,9055.268323966831
0.16,476.9696007084728,8685.823852692383
0.16,3499.999999999999,120340.63445208804
0.16,2100.4165427161097,64292.59168472239
0.16,348.1551378336962,7409.782992773809
0.16,790.3538062482212,7629.930339104984
0.16,1462.0000000000002,18650.000000000007
0.16,3499.999999999999,124229.99999999996
0.16,3499.999999999999,103506.0
0.16,1499.0,45122.000000000015
0.16,1224.042400313993,39799.42619237459
0.16,3499.999999999999,115607.99999999997
0.16,959.3607246494928,11826.15372807237
0.16,596.3432683905113,7446.400390393586
0.16,63.0,628.0
0.16,816.5855442582534,6404.392652861148
0.16,3499.999999999999,217677.99999999994
0.16,143.0,2915.0
0.16,1761.59124555369,30014.70732421001
0.16,894.3951226629745,10743.390677340878
0.16,1388.204595871948,23100.27272566278
0.16,3499.999999999999,123684.00000000001
0.16,1844.5195526320088,53723.9125767213
0.16,3499.999999999999,134940.98111026164
0.16,1503.9419280241061,55901.11625751532
0.16,1068.3568842676468,24571.769298781983
0.16,1993.1131427994742,64244.65641592302
0.16,338.71079108879894,3513.956175025522
0.16,3499.999999999999,134308.00000000003
0.16,607.7960184140728,3935.362753292255
0.16,2323.5142934254814,92288.73114024989
0.161,321.95651880339364,5770.2931467993885
0.161,2372.397888789909,79292.04879616355
0.161,525.8326730053963,17364.44067627864
0.161,685.1266926052732,14118.974020318035
0.161,618.1449195534814,8161.982904705978
0.161,1017.5244336084575,11260.245986715772
0.161,709.9295739719539,19789.977261229986
0.161,3499.999999999999,90577.0
0.161,3499.999999999999,173265.0
0.161,3499.999999999999,85092.86760945366
0.161,1402.0000000000002,19939.0
0.161,1158.176338691302,16875.02435064556
0.161,393.52773204174576,6638.20424404302
0.161,2223.006314921871,65796.91950747145
0.161,3499.999999999999,97985.77855484944
0.161,880.0000000000001,16138.999999999993
0.161,3499.999999999999,109602.99999999997
0.161,1326.4361786006045,35639.48016753234
0.161,1512.8677267901749,24197.960163595235
0.161,3499.999999999999,149065.00000000003
0.161,2538.911224517869,127970.06076272365
0.161,212.0,1596.0
0.161,611.8856814395634,13890.434699996855
0.161,552.9162269402839,3780.869515164715
0.161,3499.999999999999,213947.00000000003
0.161,828.3954369743955,16948.23616191372
0.161,2572.644553761751,139433.30992987292
0.161,2457.0034409278137,80752.49532249238
0.161,1718.0543184969888,44645.691352360125
0.161,1413.6267626632991,29742.799155457993
0.161,806.820078359022,21922.434076635265
0.161,1135.0,20841.000000000004
0.161,1863.289118040369,66837.60533083646
0.161,1444.9999999999998,52688.0
0.161,3499.999999999999,117598.0
0.161,1789.9999999999995,45681.99999999999
0.161,478.1056368628171,1673.8596117954462
0.161,1411.6568279861785,20402.651420832528
0.161,2648.165337443037,53944.57184230374
0.161,3499.999999999999,138797.00000000003
0.161,1123.4886335398678,14576.202512335445
0.161,1268.0145898214266,17211.66967496182
0.161,1231.0564568694645,15686.56367723664
0.161,3499.999999999999,184887.00000000003
0.161,2656.3132345414388,149615.08710688236
0.161,3499.999999999999,92408.0
0.161,1928.4551877160102,29424.576182219647
0.161,757.6278769950325,3716.2158171989963
0.161,3499.999999999999,138172.00000000003
0.161,2100.833168054998,70856.34999066769
0.161,2132.252330283637,53548.27504224577
0.161,2045.9716518075224,57977.32339458248
0.161,728.5740585629388,18113.969386744593
0.161,3499.999999999999,173119.99999999997
0.161,558.121850495033,3771.7165853229217
0.161,1678.0000000000005,19326.000000000007
0.161,1283.0872457071014,29741.830072801826
0.161,1381.1379366305162,47555.44243301706
0.161,1476.0000000000002,24965.999999999996
0.161,2531.923942886501,82711.77877202965
0.161,3499.999999999999,173279.29305026607
0.161,1656.8760500255091,46062.24560117784
0.161,1518.4708337271688,34201.63888946214
0.161,3499.999999999999,166275.00000000003
0.161,2777.9518409443494,114364.72666638046
0.161,747.116726858125,15899.005807281634
0.161,2857.482843885811,84767.13900812018
0.161,2013.2063977645216,38859.539176372105
0.161,3499.999999999999,90180.00000000001
0.161,772.6643717504447,9353.645442632174
0.161,621.6952629705328,4750.488395944149
0.161,307.4573141104306,3705.025101129545
0.161,2656.9719607101606,86974.58435083208
0.161,3499.999999999999,288467.0000000001
0.161,1009.0,20771.999999999993
0.161,104.0,1225.9999999999998
0.161,408.6106053312131,6273.087509394391
0.161,3499.999999999999,282471.9999999999
0.161,1227.9999999999998,47567.999999999985
0.162,3499.999999999999,99422.0
0.162,2594.688367110285,71408.82135210845
0.162,3499.999999999999,71036.99999999999
0.162,709.5618366287748,26416.17553696978
0.162,1481.3844875656016,34094.66890878982
0.162,3499.999999999999,162149.53547390248
0.162,557.3102305439669,6560.883719775587
0.162,254.36980952935428,4026.4823357367404
0.162,827.5747700359163,18455.890766906916
0.162,2115.6172495107276,82900.81578327317
0.162,1164.2967834706062,28354.519639732924
0.162,836.3094548682305,17555.56433084619
0.162,63.0,509.0
0.162,2343.7589036698787,46849.65898312951
0.162,3499.999999999999,114937.99999999999
0.162,600.416522091123,6149.385660372914
0.162,1930.7247137420625,37009.85228219848
0.162,2515.8986784796116,111685.95668897626
0.162,3499.999999999999,133868.99999999997
0.162,1994.868416713242,87360.88856004152
0.162,2323.1444208227776,89613.88439856857
0.162,1032.869117419946,14605.138376832094
0.162,3499.999999999999,111616.87735284484
0.162,520.3247626126356,3434.0480200406737
0.162,1388.2784302869507,43230.984166451715
0.162,1610.9509190266763,29648.502970427016
0.162,3499.999999999999,143354.99999999997
0.162,2512.6690232239102,69706.22166415665
0.162,1124.8444336884986,42888.406918420296
0.162,2194.7484358980164,77797.20952825563
0.162,1638.797226992226,40528.97784993406
0.162,1345.0,44482.000000000015
0.162,3499.999999999999,123215.64459515677
0.162,2916.924421665153,80820.43067981559
0.162,200.43951706188082,2027.162795633345
0.162,105.0,107.0
0.162,478.889024925857,10318.061579732526
0.162,639.9218702310461,20737.05022417604
0.162,767.1753384983122,14515.541360900044
0.162,558.121850495033,4740.54880789134
0.162,397.5927564732537,4121.17022215778
0.162,3499.999999999999,161928.00000000006
0.162,3499.999999999999,161441.0000000001
0.162,1736.7426824209876,47461.383302649236
0.162,2397.4581681966597,91175.60204161727
0.162,2198.5222309542373,66794.994752601
0.162,2343.7589036698787,110774.34975730401
0.162,2320.4849362830773,32255.628594448775
0.162,1000.1734699064517,22014.06957852774
0.162,3499.999999999999,31946.999999999996
0.162,1107.7747816706371,14622.6487839462
0.162,3499.999999999999,134305.0
0.162,3499.999999999999,119811.89538188599
0.162,1039.8082733353708,29406.59836020278
0.162,3499.999999999999,163475.31088605596
0.162,629.0255364243964,10195.025422281635
0.162,3499.999999999999,79820.99999999999
0.162,942.4761185073345,10652.238492104667
0.162,3499.999999999999,134527.0
0.162,656.6258855462963,9152.966740872993
0.162,907.448473828005,7163.279650172066
0.162,2514.8558606806873,73867.98967753214
0.162,537.4111198268869,3714.1474841453073
0.162,798.9162408288819,25095.837136408314
0.162,1569.7133496278864,18673.46877256607
0.162,3499.999999999999,174403.50105519645
0.162,2501.6256093951924,122760.73250015583
0.162,3499.999999999999,49467.0
0.162,3499.999999999999,164953.99999999994
0.162,1146.4820103255001,33812.8312183408
0.162,462.0606020859168,10742.50752850562
0.162,1202.289482612237,12051.454683979033
0.162,3499.999999999999,114378.89395252764
0.162,845.0848974607219,10583.169791640592
0.162,3499.999999999999,134828.0
0.162,2122.1023116347274,66788.70992131406
0.162,1955.8885448818398,36403.49661777012
0.162,642.6507605223851,13988.592852749702
0.162,1403.5706397910346,27195.298217185722
0.162,1951.9416326954658,31331.997243410304
0.163,1192.9999999999998,51972.000000000015
0.163,2344.8880570295887,90781.82081782675
0.163,3499.999999999999,120173.0
0.163,1009.0,26881.999999999993
0.163,1562.9795264174127,45403.145882196324
0.163,390.53040854714504,4421.286012010534
0.163,2223.8480163896097,48529.49752470141
0.163,1276.365451525118,19048.78769139366
0.163,525.4953063447949,4447.4677830140945
0.163,684.9908368249479,11518.30487405336
0.163,1888.5179374313605,74420.73666660386
0.163,3499.999999999999,157217.942412172
0.163,1250.7997441637085,12101.77288664764
0.163,3499.999999999999,162028.0
0.163,1715.4634700351621,32296.283599862403
0.163,1103.7992930306725,21855.624835028157
0.163,3499.999999999999,198200.00000000006
0.163,2203.7976077209137,42597.04814358607
0.163,1345.0,24578.99999999999
0.163,1128.0,21438.99999999999
0.163,3499.999999999999,156783.00000000003
0.163,1098.9999999999998,9652.999999999998
0.163,415.00000000000006,926.9999999999998
0.163,3499.999999999999,236003.00000000012
0.163,1419.8591479439078,65246.72782599905
0.163,1723.0,78735.0
0.163,1615.9624397476132,39845.31696410107
0.163,1990.4773296875292,84359.32798452102
0.163,1899.605222144854,56856.79097522122
0.163,995.2283025840801,19635.644724515267
0.163,1213.8442949831447,31434.614748823664
0.163,945.500420828507,21500.680718410556
0.163,3499.999999999999,128887.94322588906
0.163,1479.98084508099,35953.97567246406
0.163,1367.0000000000002,39960.000000000015
0.163,727.4742258910009,7354.570874088131
0.163,635.0298132614337,8565.987203964463
0.163,3499.999999999999,149430.28361078614
0.163,1515.7054463186444,35900.33297895717
0.163,2301.1953415562093,42589.85663277114
0.163,3499.999999999999,210894.00000000006
0.163,1036.500329778384,16570.178231306916
0.163,1807.0000000000005,19532.999999999993
0.163,2584.859764087792,112511.53446202751
0.163,642.6507605223851,11682.719589205251
0.163,1664.5571421814889,37497.387234081296
0.163,1554.0,37008.999999999985
0.163,856.4880667173971,28060.5995909642
0.163,3499.999999999999,208946.0000000001
0.163,1724.9772453765213,42864.57800843509
0.163,1728.8276170028728,32908.93556955542
0.163,3499.999999999999,127038.7510368392
0.163,3499.999999999999,129680.99999999997
0.163,540.4720159268193,14812.235820429003
0.163,2160.435896268969,77560.4090586519
0.163,1005.5478313165,12002.686250397528
0.163,774.7148059607748,9484.851948345568
0.163,2648.3641829503645,91541.17466086414
0.163,2113.561962702001,50886.95449616458
0.163,2892.7285127265186,92504.04302667345
0.163,1846.8129643182883,41565.31014428022
0.163,267.75735284021613,3008.2027857177445
0.163,3499.999999999999,139752.0978295933
0.163,3499.999999999999,156081.9999999999
0.163,2312.113156620483,94663.28957017534
0.163,998.8769214580298,9618.790970965689
0.163,1940.6184581210186,91876.16562525887
0.163,3499.999999999999,63305.99999999997
0.163,1446.735702378708,39184.928343037216
0.163,469.57427527495577,6700.609748373649
0.163,1276.876680748496,30406.48724502351
0.163,128.0,158.0
0.163,1016.0062096963853,10624.601330113856
0.163,2021.8803129760179,86638.14570961216
0.163,3499.999999999999,112118.00000000006
0.163,1807.5166464991103,49462.42620531028
0.163,390.57777714560257,1451.4999138821881
0.163,3499.999999999999,137042.00000000006
0.163,753.2757458959575,18900.54983300067
0.163,3499.999999999999,118052.95019608788
0.163,2689.7025857889944,38140.638851492775
0.163,3499.999999999999,167736.21120676363
0.163,601.114594848424,6401.367496618981
0.163,2433.9081438494327,70894.60947189787
0.163,3499.999999999999,241990.0
0.164,2840.555584619607,103930.25906735117
0.164,95.0,99.0
0.164,1762.0088331745997,34272.09727343729
0.164,3499.999999999999,103334.00000000001
0.164,1281.9945255196467,44196.194633128755
0.164,1287.8535182810476,10913.99238503448
0.164,2433.5159748807905,50987.0519838125
0.164,2084.532548208069,52976.59329273449
0.164,1133.0000000000002,16044.000000000002
0.164,1688.939205676831,31513.239319445438
0.164,2431.8384930691436,79215.54054541401
0.164,3499.999999999999,105254.51940890716
0.164,3499.999999999999,158903.99999999997
0.164,3499.999999999999,142904.66030889275
0.164,3499.999999999999,116313.00000000001
0.164,357.2170208710666,1703.446506351168
0.164,3499.999999999999,227668.9999999999
0.164,426.6649739549756,5411.259003226513
0.164,1751.6143069637096,36568.48768699626
0.164,1670.1293363090176,65026.703484030295
0.164,1707.9999999999998,45705.999999999985
0.164,3499.999999999999,121158.99999999994
0.164,3499.999999999999,75272.99999999997
0.164,3499.999999999999,210533.0
0.164,2096.66401695646,78155.91528476903
0.164,3499.999999999999,174627.52360381215
0.164,1106.9444430503277,25650.498942515726
0.164,2234.054609896544,71219.9250842066
0.164,1113.0000000000002,23592.999999999996
0.164,3499.999999999999,194773.47247874032
0.164,3499.999999999999,123648.35736879004
0.164,1325.2767768557183,25320.552511342903
0.164,2073.456383300423,75111.73414097141
0.164,3499.999999999999,155363.00000000003
0.164,3499.999999999999,169005.9638208073
0.164,1993.1131427994742,51368.35706930873
0.164,2100.833168054998,44023.133464123166
0.164,3499.999999999999,146539.00000000003
0.164,2524.5791728523777,108031.08374907656
0.164,3499.999999999999,94955.4445516422
0.164,1066.366147349367,19688.30992886704
0.164,3499.999999999999,100083.00000000001
0.164,1879.2285651298516,45320.350726798235
0.164,120.0,932.0000000000002
0.164,165.31182655817457,1864.698367028834
0.164,1279.8437404620922,28954.718475578375
0.164,1073.750661104387,12971.454801921962
0.164,1955.465708873342,48087.730609013095
0.164,2739.046331027878,92329.37914030562
0.164,889.6612420672183,20104.114407872963
0.164,809.0737774354387,22127.652856506513
0.164,883.6145174034025,20728.31532465411
0.164,1349.0615256540382,58915.604936213604
0.164,1981.389274276899,41345.31367243756
0.164,77.0,93.0
0.164,1583.2607143568653,44583.14672518524
0.164,1792.302520541019,53862.13578569285
0.164,3499.999999999999,108066.00000000006
0.164,2288.084023746039,101904.28882305833
0.164,917.2594879731138,14713.958932167563
0.164,2610.362980006878,76519.02335630957
0.164,851.2095536467527,8735.017969822668
0.164,361.1596963811143,1831.9995671722115
0.164,180.18046508986484,423.04491487311367
0.164,321.59585052685526,1919.9339133347414
0.164,1111.1807363777395,16958.435297484364
0.164,1109.4789273227723,14783.463505441428
0.164,1579.268090396599,27099.847985794007
0.164,514.1321355794736,7304.662637371193
0.164,2133.8931557132837,102340.02247410352
0.164,3499.999999999999,142200.2512515361
0.164,1391.4429069307675,33336.3013369589
0.164,3499.999999999999,167497.00000000006
0.164,2629.9905063100946,95480.0581533037
0.164,1876.432785899884,66144.11867278902
0.164,694.982014155762,4150.184574208718
0.164,424.0,9987.0
0.164,3499.999999999999,164391.0000000001
0.164,65.0,542.0
0.164,1987.579089374595,58612.90485962191
0.164,3499.999999999999,194916.51458693622
0.164,789.4659395323038,13202.015677741587
0.164,1414.9204924659193,53895.11828542544
0.164,582.6662852782886,2989.6193737665003
0.164,1550.9999999999998,30131.0
0.165,1155.6745371131196,18329.062762046397
0.165,1325.894359324492,35273.167667988586
0.165,2433.9081438494327,88969.31991777848
0.165,364.48456757454085,1942.0978348167732
0.165,2475.5807399477,94453.27877845208
0.165,2469.919027012829,79227.90746952743
0.165,2401.6660883644913,88649.16121430592
0.165,335.14176105045465,2300.4712560690687
0.165,1336.0000000000002,49975.99999999998
0.165,3499.999999999999,140706.77459384047
0.165,499.7787514459284,3700.847322646309
0.165,3499.999999999999,94512.00000000003
0.165,1477.9999999999995,28120.000000000004
0.165,1809.374904968858,53515.80836849596
0.165,3499.999999999999,292345.00000000006
0.165,1064.0000000000002,42097.0
0.165,462.3468469771262,9895.904006519706
0.165,1428.02113007812,38827.01798665964
0.165,1814.8969476560105,37528.95889735095
0.165,1870.828693386971,67004.75811462947
0.165,1932.4023526643232,61073.48689619497
0.165,1515.458421980224,26088.54628134738
0.165,1659.0,25761.99999999999
0.165,1945.1193305982304,68100.25422696113
0.165,570.5260730238364,9070.300105288685
0.165,3499.999999999999,131840.99999999997
0.165,780.3221451844188,12063.959341335967
0.165,2811.679500238016,79518.59338014443
0.165,104.0,167.0
0.165,633.0,5597.000000000001
0.165,2100.833168054998,47059.91123026051
0.165,279.0,12249.0
0.165,1028.384024840549,14421.947229400332
0.165,2359.2783491510068,75993.85978790841
0.165,2212.058523242363,49206.79227137074
0.165,3499.999999999999,108519.99999999996
0.165,1069.9999999999998,27973.000000000007
0.165,2920.279966275702,98816.07496160074
0.165,1249.369440958118,45942.426470529375
0.165,724.5688373094719,7545.867146988474
0.165,1122.0588219875106,23887.2502184743
0.165,761.5423721214322,18114.34857783173
0.165,761.0000000000002,9851.999999999996
0.165,96.0,948.0
0.165,1449.7589650669154,43956.41374708278
0.165,1151.0000000000002,38897.99999999999
0.165,2119.365576450571,107750.20410853947
0.165,117.0,1569.9999999999998
0.165,1187.7361259470226,18824.266340244292
0.165,1677.455224635786,44365.491676137804
0.165,2200.908903157966,48250.51558273757
0.165,1684.9051262107196,52990.4540713028
0.165,1368.025286515483,36627.045071406
0.165,2288.2307575941727,66588.04599175442
0.165,1119.964766796396,31229.10758686915
0.165,3499.999999999999,105768.00000000003
0.165,315.99999999999994,3167.9999999999995
0.165,1842.0000000000002,54817.999999999985
0.165,793.6502551001635,10172.888596722747
0.165,3499.999999999999,94606.00000000001
0.165,3499.999999999999,178867.00000000006
0.165,286.0,8181.000000000002
0.165,714.8539972801202,6509.116773875499
0.165,2196.132965009176,73250.74023516757
0.165,3499.999999999999,220277.85029366886
0.165,1870.2189302048262,33679.777938414816
0.165,2081.585933849477,66990.20096999263
0.165,679.7058187186572,3935.015247746824
0.165,3499.999999999999,142340.00000000006
0.165,3499.999999999999,258461.00000000006
0.165,1320.5797881531337,15392.639036563327
0.165,3499.999999999999,245602.99999999994
0.165,1029.0,7978.999999999998
0.165,2152.3860296145863,67340.96412214587
0.165,265.9382820734524,868.1977024092469
0.165,70.0,844.9999999999998
0.165,1475.4860216213501,46588.582506876104
0.165,570.5260730238364,2957.9876605557356
0.165,2894.191703928343,138255.92127128816
0.165,2088.3007446246816,62631.380249839625
0.166,2554.212207315594,137122.4242274035
0.166,889.2250501424286,13721.810722503671
0.166,1444.6203653555494,38135.78221303452
0.166,588.6425061104574,4597.848301107812
0.166,790.0000000000002,18326.000000000004
0.166,1486.1022845013053,46218.056558016375
0.166,1084.0678779043697,8463.21908450775
0.166,3499.999999999999,267844.9999999999
0.166,1779.0343617958222,40861.98588654625
0.166,3499.999999999999,103747.00000000004
0.166,816.294064660524,9130.592039950086
0.166,3499.999999999999,127685.99999999994
0.166,1202.5079327266687,40278.09622824536
0.166,549.994752802446,7465.7392404323755
0.166,1953.3738599352105,57973.89269271114
0.166,1579.5113168318865,36265.08304140501
0.166,1305.061825679797,16074.514817719702
0.166,997.4099641726463,23809.148634598394
0.166,775.9182693965924,8109.428782945219
0.166,1551.9999999999998,33637.999999999985
0.166,1373.2042819624473,36910.01943917126
0.166,1694.1074346097412,50606.901703226235
0.166,1399.9999999999995,31881.37547220948
0.166,1359.0000000000002,53671.99999999999
0.166,2331.4158788169902,44134.99618216815
0.166,3499.999999999999,139616.23283128656
0.166,3499.999999999999,141169.99999999994
0.166,1287.5697262266453,20661.215935438096
0.166,1200.9029935844105,40954.43369160415
0.166,1917.9416049504741,59339.68484917998
0.166,1387.0,36856.0
0.166,3499.999999999999,85534.54506806008
0.166,2404.606315488276,72440.88018718816
0.166,3499.999999999999,85712.99999999997
0.166,286.3717596968771,2635.6837772882523
0.166,1277.6928425877638,14686.448992183236
0.166,3499.999999999999,62242.00000000001
0.166,595.5165824727302,3449.339936857485
0.166,2354.1821400550684,54398.69362283108
0.166,3499.999999999999,52973.000000000015
0.166,3499.999999999999,239457.99999999994
0.166,2701.3535771230504,85751.4119678545
0.166,2405.312306813483,60476.778048392
0.166,1388.1160353122434,25353.80969137254
0.166,3499.999999999999,237173.99999999994
0.166,3499.999999999999,111315.99999999999
0.166,1599.0,27956.99999999999
0.166,62.0,741.0000000000001
0.166,1071.8109438306085,8503.023426725018
0.166,1406.6194297932184,52024.055803368115
0.166,2155.110205998755,52471.26495521146
0.166,1764.9999999999998,29017.000000000007
0.166,100.0,631.0
0.166,2116.536113909004,57875.90409064313
0.166,324.7968595907294,6196.753988984877
0.166,2425.5927110708417,67757.52600265155
0.166,2527.350391220022,144017.3489549089
0.166,1281.326148647379,23751.442692315562
0.166,2479.2414433424083,50224.88615746683
0.166,295.4154827323743,1574.5393777214563
0.166,330.06817477606046,1564.3529013620932
0.166,1270.2361985079783,36084.840667515775
0.166,1660.4322796400177,42610.96440099632
0.166,1050.9999999999998,24451.0
0.166,1261.0,22216.92336935968
0.166,960.3508671175243,13466.314104509805
0.166,491.4264950122245,8311.080074214186
0.166,2372.3406163533928,53307.91549104128
0.166,1782.075179380821,35370.75034274537
0.166,133.0,252.99999999999997
0.166,1356.229735587414,36355.98007518765
0.166,816.8531482148051,9168.282268194698
0.166,3499.999999999999,118408.99999999997
0.166,1463.0,29891.000000000007
0.166,2479.808701296424,100955.78373051567
0.166,2269.06137475141,55722.09785904152
0.166,121.59153009737962,1726.5662155817474
0.166,1020.2086848455638,14625.232414513672
0.166,2395.829710142187,76775.29056929714
0.166,578.6734276664577,10228.276241572394
0.166,1124.682411866957,15215.27422261784
0.166,3499.999999999999,192843.40761353503
0.167,727.9683624499298,7101.638187916771
0.167,843.6202873300676,8560.743284712387
0.167,3499.999999999999,252998.99999999988
0.167,3499.999999999999,190971.00000000006
0.167,3499.999999999999,269449.9999999999
0.167,3499.999999999999,65507.99999999999
0.167,193.7420966129974,1144.2683251755245
0.167,3499.999999999999,52378.999999999985
0.167,1346.8208300484414,29077.62456057135
0.167,1182.0,33095.00000000001
0.167,3499.999999999999,137854.99999999994
0.167,1088.2905945587122,25706.433682370418
0.167,1170.4551586423866,15037.513947836445
0.167,1308.7671714545534,27291.17225767957
0.167,2575.132742080854,81864.07095893528
0.167,2065.550774006778,55037.03332302714
0.167,3499.999999999999,149557.99999999997
0.167,1739.0000000000005,19793.000000000007
0.167,2037.038816943739,71531.48331485061
0.167,2806.7545260801217,105367.8547063393
0.167,1292.0000000000002,67730.00000000001
0.167,1022.2328501862968,9788.655678896868
0.167,2541.4425434671994,82355.90068970589
0.167,1488.9999999999998,25702.0
0.167,985.2824946869018,26062.745070328994
0.167,2562.7162836821385,85423.22333771015
0.167,404.976099793693,7052.315357081363
0.167,1903.7339089760421,39535.81285927835
0.167,1273.0858423859804,31611.05631167822
0.167,631.89365127085,6489.1758501656495
0.167,3499.999999999999,170481.9999999999
0.167,2083.266665599965,64345.228914038365
0.167,1754.261992764677,47756.24637755953
0.167,120.0,150.0
0.167,2301.1953415562093,102756.11281086878
0.167,2711.6260966793516,92036.96730265189
0.167,3499.999999999999,196126.99999999997
0.167,3499.999999999999,311198.00000000006
0.167,1175.6388395901565,12933.330263140846
0.167,2091.650066335188,97593.75826352836
0.167,1524.46712001276,20918.54115372294
0.167,454.42271070007047,8645.358060832414
0.167,643.4842655419013,14193.297573150505
0.167,276.2099864962607,4923.193172690782
0.167,1009.0,18869.000000000004
0.167,2684.4925032489855,75325.3326710211
0.167,3499.999999999999,243276.71392880986
0.167,687.0269281476528,11617.382837799574
0.167,127.87884891568268,331.01812639189416
0.167,1864.2459942003666,62140.726230599845
0.167,3049.492066309661,147576.17813850634
0.167,988.2129510167355,22597.66508861271
0.167,1090.9999999999998,10814.0
0.167,3499.999999999999,149266.00000000006
0.167,1124.359076640318,38906.58892271878
0.167,519.1338940966963,6641.945121724509
0.167,1172.2085539395239,24275.159967599444
0.167,65.0,608.0
0.167,1138.1942788903104,12535.344852470995
0.167,1727.717483891381,33903.22799083311
0.167,2002.7481119701501,62347.457045175455
0.167,2425.5927110708417,113500.72854391721
0.167,383.44491129756824,1475.1813447844302
0.167,226.31843273342375,2123.3694625941434
0.167,50.0,68.0
0.167,2062.9999999999995,72323.99999999999
0.167,2420.8930501171453,91468.27688606064
0.167,1669.834802948221,24929.690569528255
0.167,681.8800582205438,6555.313100095805
0.167,2544.599618195648,49008.59766963205
0.167,3499.999999999999,218580.9999999999
0.167,1365.1245846721756,41559.63491825109
0.167,1910.6281689538655,44681.845664654444
0.167,3499.999999999999,108455.00000000001
0.167,174.0,350.0
0.167,2664.863974014433,118624.54766194052
0.167,118.0,2262.0
0.167,1496.0,68738.00000000003
0.167,3499.999999999999,162917.35908349912
0.167,2059.0000000000005,66981.00000000001
0.167,2029.6551431216087,43021.72128123187
0.167,2290.5610170057857,78277.00258983416
0.167,763.757434407661,9312.077925572012
0.168,1211.9999999999998,72689.99999999997
0.168,3499.999999999999,151951.57876830734
0.168,387.2169934287492,6561.227476623561
0.168,1090.0,14910.000000000005
0.168,1044.132315909897,24106.81004141227
0.168,1238.2906554978258,18395.191168674188
0.168,372.0470400366061,1390.58333083638
0.168,2307.716548311864,48628.06851118114
0.168,911.2352905411541,18993.275643217487
0.168,2509.359326505825,73372.76790520294
0.168,3499.999999999999,133467.99999999997
0.168,3499.999999999999,193615.00000000003
0.168,1092.8151719298187,20630.465239543202
0.168,2464.539396374465,75780.65471464877
0.168,1760.9999999999995,119879.99999999997
0.168,506.7621347881699,19662.61345430845
0.168,852.0000000000001,19422.000000000004
0.168,1627.7284785860327,17763.527690185863
0.168,1922.4983745116663,51207.07926644522
0.168,1107.0304465016914,32051.18849935468
0.168,2591.652220682749,80372.36353140615
0.168,1312.0000000000002,26547.000000000007
0.168,1288.9996121023464,36408.27026926711
0.168,191.60577534367616,2795.2550782202347
0.168,1458.0000000000005,20666.999999999993
0.168,2867.990992314673,127476.51568707834
0.168,1768.7753666237604,46051.8045039065
0.168,1742.349501042794,53472.38448452519
0.168,463.20281890372644,7935.3990236165655
0.168,3499.999999999999,138275.00000000006
0.168,1149.5272158651508,27913.71043926269
0.168,119.0,1277.9999999999998
0.168,484.9761381993501,4479.344683320399
0.168,2514.8558606806873,59062.10578704419
0.168,1440.8636086873898,33507.61369817494
0.168,632.3770561545849,8402.085007797225
0.168,1882.0000000000005,128424.0
0.168,84.92681127851714,191.23571311676173
0.168,1351.9830013957187,24756.307435698644
0.168,1245.2934475999423,33230.98907052795
0.168,3499.999999999999,159498.99999999994
0.168,2162.5513904055806,65879.27068537122
0.168,508.0000000000001,1931.0000000000002
0.168,2090.699612398906,56848.78895136817
0.168,525.8326730053963,3802.923743647775
0.168,3499.999999999999,231114.0000000001
0.168,2614.2270449794173,105754.67710727474
0.168,2269.03063002684,49314.37284402994
0.168,2010.5884270134204,43121.76097921582
0.168,1074.9999999999998,4868.999999999999
0.168,1762.9520696831212,66231.14809513722
0.168,1597.54702248517,37140.97838041943
0.168,426.7211938272668,3469.885077607934
0.168,1777.0334055163694,39904.76253636061
0.168,2251.735286850147,72104.49409941224
0.168,1433.9999999999998,112782.0
0.168,1876.432785899884,51630.20333099608
0.168,627.9563406974975,13939.484715212413
0.168,1319.0996929724454,30332.894372281728
0.168,1050.9999999999998,26254.000000000004
0.168,1764.9999999999998,58010.0
0.168,1723.0,83195.99999999997
0.168,1848.9999999999998,33979.0
0.168,2432.5287680119977,79232.92131027022
0.168,869.4547838371045,19270.86904809343
0.168,824.0145629781066,11693.127083889916
0.168,937.5128531571152,11409.824474572833
0.168,623.7903326208609,4514.869734285298
0.168,2364.2123424092006,43579.23271467728
0.168,1131.9999999999998,27037.0
0.168,1484.7510607664026,33195.50962468516
0.168,698.0768908506271,8937.963415433427
0.168,1879.2285651298516,76550.5060727883
0.168,2706.774743413841,102543.94593180668
0.168,3499.999999999999,286711.0000000002
0.168,1539.2635024410765,35247.15475683718
0.168,1513.0,25168.999999999993
0.168,2002.0,108459.99999999997
0.168,1291.8623821828755,10713.206905496545
0.169,1318.0,73494.99999999999
0.169,2051.3442395519155,62799.05924271736
0.169,2455.0914527151353,98430.27657540362
0.169,621.9145551755131,4947.040440086451
0.169,323.73754802308616,3178.834220276358
0.169,3499.999999999999,90099.99999999997
0.169,631.404860218695,11311.937327058984
0.169,227.8477746582285,1486.352856192968
0.169,1559.6272149283513,33147.39237202967
0.169,2048.515078001848,59926.94767403108
0.169,1159.579234032759,21632.84613729778
0.169,362.99999999999994,1993.0
0.169,1885.8473561658632,51517.863855361895
0.169,3499.999999999999,169801.99999999997
0.169,470.5603043181606,12337.259420146765
0.169,3499.999999999999,189524.00084149677
0.169,3499.999999999999,149351.00000000003
0.169,567.4504383644443,3074.936747316927
0.169,1303.2339339983967,37631.83883077776
0.169,3499.999999999999,184999.99999999994
0.169,81.0,100.0
0.169,1350.8086467001904,36884.849572690415
0.169,588.4344682526665,4766.156112832834
0.169,1935.0000000000005,75444.00000000004
0.169,3499.999999999999,119147.51206382777
0.169,3499.999999999999,155296.4724647666
0.169,1678.9999999999995,68440.0
0.169,2081.0,66064.00000000001
0.169,1070.3224919565178,25300.716013627552
0.169,1585.3980572714224,32150.263980253727
0.169,279.97023493120975,2644.0735734197997
0.169,1898.3328778118712,38598.394391140224
0.169,1582.6971053939894,37000.689830112504
0.169,2123.582260629385,42661.64986305179
0.169,1963.4904033111209,64073.09551783818
0.169,1375.652707514947,41677.76868672394
0.169,573.6434754603602,9879.651304357265
0.169,2141.217463123839,64313.24596738405
0.169,2543.9143067328346,74117.14854202095
0.169,3499.999999999999,112177.0
0.169,2021.8803129760179,73187.98649368618
0.169,785.0086561039091,14410.092188767148
0.169,283.11481769769665,4272.1954543302445
0.169,2074.6952472549415,44167.04655853475
0.169,766.6799199557255,14607.806199934854
0.169,1069.8130677833394,15849.950346925376
0.169,1936.7055362273372,47116.372956480656
0.169,1707.023842311287,34258.11600866188
0.169,1087.2827416437535,24119.745394191385
0.169,513.9804783978083,4536.7078450686695
0.169,488.83962550747293,6490.074066919664
0.169,1177.0000000000002,28099.00000000001
0.169,1364.5464447940203,55401.424322845705
0.169,1983.4313701260246,34803.58602213284
0.169,3499.999999999999,246283.0000000001
0.169,588.6425061104574,5079.20722160457
0.169,494.9537759101441,10454.09409932822
0.169,1271.0000000000002,32382.999999999985
0.169,1192.2303241769926,23277.88223164825
0.169,2169.6773953747133,108473.04502041051
0.169,1194.4371059206085,38354.22267495458
0.169,1147.6245642874128,35632.28411531895
0.169,3499.999999999999,223658.0000000001
0.169,1051.3819477240418,20029.017749255716
0.169,1985.1952045076064,96710.9587378804
0.169,68.0,789.0
0.169,419.00000000000006,8513.999999999998
0.169,3499.999999999999,281655.0000000001
0.169,1257.5422464309822,39114.14923265056
0.169,2470.5750271625025,98785.6513468803
0.169,688.4977468934618,23448.93645958878
0.169,1997.0000000000002,25883.999999999993
0.169,933.0274791473314,14263.5513397392
0.169,3499.999999999999,116210.99999999997
0.169,2395.0991628740553,105075.7586363287
0.169,2571.2884500356154,96076.06500252933
0.169,1282.2792207627788,19547.942295801873
0.169,1592.9999999999998,17004.000000000004
0.169,147.0,2317.0
0.169,1421.0,72570.00000000004
0.169,2063.9125065569942,40906.94722370899
0.169,1577.0000000000002,14729.999999999998
0.17,723.0,10981.999999999996
0.17,529.150262212918,3901.9876985967026
0.17,226.63186007267382,3407.8045718614794
0.17,1172.0845784574356,29802.88564163801
0.17,200.0,2092.0
0.17,3499.999999999999,113823.91964784902
0.17,3499.999999999999,90771.99999999997
0.17,3499.999999999999,277069.99999999994
0.17,1075.7397454775016,20415.981338157628
0.17,3499.999999999999,126011.99999999997
0.17,1013.4072180073202,23429.2790036837
0.17,1955.8885448818398,57068.74487843587
0.17,317.91508300173496,5215.0288589805505
0.17,359.5997775305207,2694.794797382539
0.17,1262.7113684449037,25712.01116210087
0.17,1017.5658628646445,23254.74178000419
0.17,454.1235746219571,3942.928035608279
0.17,234.0,2229.9999999999995
0.17,2422.13321908594,86311.82397718847
0.17,1529.3642469993865,48901.89632314886
0.17,123.0,1069.9999999999998
0.17,806.820078359022,19615.279700233747
0.17,1077.045467630015,23847.224590979626
0.17,211.0,936.0
0.17,740.9247483775778,14919.507620733999
0.17,664.4396135090082,10990.574416289626
0.17,2292.0514828423898,43434.99269022613
0.17,3499.999999999999,78943.36100213292
0.17,2094.857130671309,55224.73464279392
0.17,3499.999999999999,170490.08551819075
0.17,952.3472543079129,23282.8122843604
0.17,799.3875520874246,8565.4059797519
0.17,2567.7960237363473,164799.33964116956
0.17,1082.5568136847287,42024.4967893169
0.17,508.9204259999788,2319.572374382831
0.17,494.9747468305832,4691.411727827776
0.17,1362.2225800842318,25383.39154540277
0.17,3499.999999999999,124408.0
0.17,2326.9078194032522,74131.71569578031
0.17,2703.4820187334835,118955.80159558097
0.17,1007.9999999999998,15254.000000000005
0.17,2005.0290105938525,52270.02254522387
0.17,2004.4745650016448,91880.98847714032
0.17,1173.0194372030949,24511.594453772177
0.17,902.4623925725084,8467.562328351465
0.17,3499.999999999999,72696.99999999997
0.17,1746.801012981516,38980.28714604316
0.17,1732.5741024853567,42152.545540404506
0.17,825.3717333035326,7230.228733188015
0.17,764.5259969418961,22088.879374019856
0.17,1955.8885448818398,66403.59532434974
0.17,691.7308104134635,10790.39495713978
0.17,1287.8082155352172,30830.161173759694
0.17,72.0,923.0
0.17,1047.3287959802976,11084.365056783708
0.17,1447.9295562975428,32102.024328693027
0.17,1269.6375746343047,20561.615346773753
0.17,1886.2021214066285,66677.6826004071
0.17,2070.6279240848653,33773.92849521653
0.17,1354.5904174806735,29728.82935801883
0.17,1132.8673724948835,27183.219577815158
0.17,538.4436166987296,13484.820305300735
0.17,3499.999999999999,152910.0
0.17,1988.0068189486456,38002.72543093787
0.17,1225.0000000000002,22654.000000000004
0.17,3499.999999999999,148943.0
0.17,3499.999999999999,228124.32582256547
0.17,971.4926659527594,13252.561186427332
0.17,926.3594090344448,8321.555922246886
0.17,1046.6613587975814,58609.720226255944
0.17,876.2931451978608,16137.412187398817
0.17,1732.6168076289907,61107.82665405958
0.17,2564.6247245853488,59082.62698388437
0.17,1993.1131427994742,35910.38791213483
0.17,990.776426561988,9572.804588681309
0.17,429.19692449969864,1780.4943133860334
0.17,2859.6573994230102,49790.03308361837
0.17,1131.9999999999998,14868.999999999995
0.17,3499.999999999999,127327.18597770075
0.17,755.3145040312677,13812.695609474642
0.17,1214.5143062146283,26302.862505818634
0.17,267.1890716328046,2167.731763849024
0.17,318.5215848258953,5279.863634602694
0.17,2303.4756347745465,154717.2655362032
0.17,1771.811587499869,69962.63189083495
0.17,1219.0000000000002,25441.999999999993
0.17,285.7376602305169,2051.2078000186893
0.17,820.6950810747593,19804.882971378513
0.171,1366.0000000000002,32231.0
0.171,1562.147928069736,27699.991704201933
0.171,1861.337137029999,41795.84964055762
0.171,1795.0,27557.999999999993
0.171,1335.977170463627,26686.83922835374
0.171,3499.999999999999,218321.0261610182
0.171,664.0783086353596,10963.770792934334
0.171,3499.999999999999,86687.0
0.171,1014.9793069088181,18424.524764177113
0.171,2194.5386758952322,52227.74962603693
0.171,597.4947698515862,8854.238928332576
0.171,1809.972375479802,81328.73442394148
0.171,437.16587241000406,1810.5938252407689
0.171,1883.8789770046264,36465.30682717477
0.171,1197.8647669916666,19788.94853194581
0.171,1675.4103974847471,28036.749419288957
0.171,3499.999999999999,243238.00000000006
0.171,530.0,8509.0
0.171,498.4977432245807,5080.93692147423
0.171,2374.5724068622676,99579.75986862082
0.171,200.48441335924343,3102.7658629036114
0.171,1718.7204542915058,49417.57947330078
0.171,1884.9010701182685,53958.12412054915
0.171,1219.0000000000002,8904.0
0.171,1774.9999999999995,29031.99999999999
0.171,1832.0310991046767,23479.679570253957
0.171,3499.999999999999,288644.99999999994
0.171,970.3762685345105,27727.124229785262
0.171,328.0,2511.0
0.171,2401.3242691619325,64417.775395773446
0.171,1870.8751277721256,74453.78334678522
0.171,3499.999999999999,119021.99999999999
0.171,878.6048051199913,11870.762671753739
0.171,1005.552446609957,12848.256338152074
0.171,2332.516374614859,99688.4016578093
0.171,1473.0919862656237,34566.42446073936
0.171,1598.0704909826586,46056.002853589715
0.171,3499.999999999999,102249.99999999996
0.171,943.9999999999998,23363.000000000004
0.171,2687.0988072640716,52174.664004668026
0.171,982.869777742708,25097.070904788878
0.171,576.6281297335397,4869.621032482918
0.171,373.58265484361016,5766.146026593502
0.171,2751.010799588179,49069.813842908334
0.171,2711.6260966793507,68309.68240700451
0.171,480.62459362791657,8891.976045851674
0.171,1881.0274299515274,64518.29553634153
0.171,2194.5386758952322,68534.23757509816
0.171,155.0,331.0
0.171,1929.766825292631,31182.064331920024
0.171,3499.999999999999,132737.6471239415
0.171,3499.999999999999,58675.0
0.171,3499.999999999999,89410.00000000001
0.171,3499.999999999999,174616.99999999997
0.171,2618.725756065391,97217.59368489002
0.171,2505.534405766889,83557.36772118992
0.171,1373.9999999999998,18530.999999999996
0.171,105.0,937.9999999999999
0.171,71.0,84.0
0.171,1380.131508135046,26432.617948520794
0.171,264.48440407706465,3497.2972421571503
0.171,1093.0,46170.999999999985
0.171,2029.6551431216087,154008.0472183191
0.171,308.9012787283342,5086.086019720863
0.171,2424.243820751213,88886.03146012318
0.171,1126.30235727357,21049.832398382656
0.171,1744.6089330907337,27189.972805739886
0.171,1227.9999999999998,18963.0
0.171,177.0,644.0
0.171,1059.2873388934936,21914.03203730774
0.171,394.88091052857095,4524.0140365007155
0.171,160.0,1857.0
0.171,1142.899156193596,16877.187563301064
0.171,1758.9999999999995,97604.99999999999
0.171,3499.999999999999,145118.00000000003
0.171,1235.3137253345808,27469.24360079832
0.171,1025.9622076141036,20984.306202589654
0.171,2645.834204779233,98221.99981252891
0.171,3499.999999999999,91214.00000000003
0.171,558.121850495033,5358.572571123769
0.171,1119.1117220073534,18769.084687389677
0.171,1820.1697502983047,53821.12557116232
0.171,3499.999999999999,215394.99999999994
0.171,1433.7186931261742,26560.594489199564
0.171,1326.0000000000002,34049.999999999985
0.171,742.7979493449209,7111.245391032739
0.171,1165.8442090514982,16057.377608667568
0.172,480.38164092694774,1689.5600390634595
0.172,1876.432785899884,73714.55918609299
0.172,808.765108050539,4588.140146072263
0.172,601.6483019471974,5225.278268222954
0.172,2497.0498533566442,155509.64117070453
0.172,1944.2222095223585,63798.240336234994
0.172,1734.0000000000005,56237.999999999985
0.172,2242.654676939809,40493.05792355032
0.172,2256.6568192793507,68875.57578706695
0.172,1099.2482906616722,19793.557142878042
0.172,1023.5383600934827,26560.919533332173
0.172,1748.498067562313,46362.764989828596
0.172,1239.3897692009562,25759.65886808288
0.172,489.85734428355204,6866.230453922681
0.172,1120.062498256236,16584.10338245635
0.172,737.2897342639254,8823.936530852618
0.172,623.4287325453032,7970.455750385668
0.172,1429.9268344665393,52915.63441534171
0.172,2330.454175385626,75292.88556055758
0.172,1993.1131427994742,33624.791359947514
0.172,2217.523184521972,54651.062381543066
0.172,616.0484649256365,6576.517502602897
0.172,2777.9518409443494,148113.85237230337
0.172,3499.999999999999,105592.8856225569
0.172,149.0,1940.9999999999995
0.172,2029.6551431216087,59923.34371511659
0.172,403.34587065552734,4025.5934119498106
0.172,568.594745433413,9445.968176990973
0.172,679.7058187186572,4516.663702336052
0.172,849.8670484258109,17466.73707364944
0.172,1091.6488805705683,19256.78226240374
0.172,3499.999999999999,173251.32820436716
0.172,2065.550774006778,38551.198113677376
0.172,2010.5969262883098,79925.07611507164
0.172,3499.999999999999,66807.76396497642
0.172,804.4095048456275,10591.43006097907
0.172,282.7701230218031,4343.077683104905
0.172,2076.425226878708,42422.344498159626
0.172,2026.5657351531906,62631.77121674255
0.172,2922.672070856344,116822.96468251928
0.172,1723.0,32814.999999999985
0.172,1193.4100573483236,38046.04746164262
0.172,998.0665353711424,26952.94872590737
0.172,823.452030425704,10195.793530588919
0.172,1836.055565329801,53964.96692504907
0.172,1545.0,47180.999999999985
0.172,737.4258180069738,5524.428366013626
0.172,1047.9999999999998,13091.999999999998
0.172,815.6466695651538,8612.308267821316
0.172,1304.7582508367975,30931.60202909991
0.172,1118.367226499583,31928.85799373454
0.172,1949.375263247805,59200.25916152857
0.172,1943.3218981939144,44371.02240201368
0.172,1959.4642124825864,70748.02906088623
0.172,1202.7190029262863,22348.88722062019
0.172,231.45028142043267,786.0014697380722
0.172,2381.7921910487407,48999.72962107644
0.172,3499.999999999999,85679.0
0.172,2229.674622571738,46154.14441349345
0.172,2495.083671556739,130081.72086738162
0.172,2560.1650447970933,54567.86605383985
0.172,1377.0,22585.0
0.172,1800.277756347614,31369.98920943391
0.172,1186.7614036202233,27370.88566929913
0.172,2383.844422449549,61369.86668156991
0.172,1789.0,27643.99999999999
0.172,2126.4994709616085,82286.66390126655
0.172,316.5959570177736,2810.9336527211026
0.172,723.8656225632969,8009.9077987699275
0.172,1007.0,18475.000000000007
0.172,2629.1633650269814,80143.96706552527
0.172,675.4950186854055,8055.17276100468
0.172,2027.0668464557345,62228.370459140264
0.172,1032.0,12333.000000000002
0.172,1879.2285651298516,41061.307553462044
0.172,2727.836396317068,91606.77522575487
0.172,3499.999999999999,129880.13517085667
0.172,1131.9999999999998,13599.000000000007
0.172,344.28767041530836,1435.634006284332
0.172,966.0914056994718,17990.71389453556
0.172,3499.999999999999,126440.00000000003
0.172,2666.890179893996,84909.60009845847
0.172,2407.253665473516,82959.25126333856
0.172,1312.4560945037363,14607.488901245151
0.172,1470.4895249038166,33810.271130442976
0.172,1207.346263505213,10394.67690695579
0.172,3499.999999999999,143680.5241460999
0.172,1596.817371411265,71477.75584898875
0.173,1528.2172620409704,64905.086611143226
0.173,2926.6011279787326,104541.583716966
0.173,1303.0,28260.000000000004
0.173,2433.9081438494327,71921.25135817673
0.173,3499.999999999999,130872.99999999999
0.173,1350.9999999999995,50292.00000000002
0.173,1934.2957374713926,63220.56717556402
0.173,2794.0745834188815,106304.92879767355
0.173,869.8493595701286,11173.088420860899
0.173,1285.0,57735.00000000002
0.173,2453.568829277059,83895.18313943889
0.173,462.0606020859168,5952.767423644231
0.173,1963.853267603874,47081.11790103333
0.173,1868.0203425016548,59223.383819231414
0.173,2100.833168054998,66010.61229832673
0.173,570.5471323906077,4239.1830026651805
0.173,805.5966968560697,10962.657491543452
0.173,64.0,774.0000000000002
0.173,3499.999999999999,178992.0
0.173,2169.6773953747133,66333.14462619723
0.173,1557.1024381068928,51448.134676191345
0.173,739.2874948218724,5042.439588135885
0.173,84.0,134.0
0.173,2101.666005815386,80882.33320076768
0.173,1403.1554133879893,34257.28262324555
0.173,1272.638578140725,19095.854093648693
0.173,3499.999999999999,109739.71113503084
0.173,687.253228439125,6332.455132095294
0.173,782.7777358954684,16584.14932244913
0.173,2020.1485093923168,81374.58396821453
0.173,3499.999999999999,278675.0000000001
0.173,2080.7450588671363,66415.4783917123
0.173,763.7310957920487,18608.781130064704
0.173,1780.8870720524453,55398.29418857684
0.173,2296.627962905616,57025.001508110494
0.173,1303.0,48708.00000000001
0.173,1367.1137480107498,50791.012541590455
0.173,3499.999999999999,170229.99999999997
0.173,1487.0,13809.000000000005
0.173,1772.3443458755792,59594.6541503449
0.173,3499.999999999999,69223.00000000003
0.173,2026.8686500008723,55179.04372142566
0.173,1181.036626166801,26163.971230153908
0.173,2906.327839284123,108524.64228537634
0.173,1993.1131427994742,42447.58451313811
0.173,1296.9911633074867,25965.329539221635
0.173,3499.999999999999,238636.99999999994
0.173,1503.1471700402387,37702.260610044636
0.173,1959.4642124825864,85155.89574421731
0.173,1994.0000000000002,66548.99999999997
0.173,166.32498309033434,1207.547514593111
0.173,3499.999999999999,170779.99999999994
0.173,1288.0217389469785,47561.71521297356
0.173,2453.7357973027133,104070.06986916292
0.173,3499.999999999999,270624.00000000006
0.173,3499.999999999999,88066.99999999996
0.173,3499.999999999999,195858.19438052614
0.173,1350.9999999999995,16690.999999999993
0.173,3499.999999999999,95534.99999999997
0.173,1996.9113575994577,73626.68027990127
0.173,1058.0,9752.000000000004
0.173,63.0,559.0
0.173,894.3675994232801,15630.131653942388
0.173,2156.7336414124024,28393.71481507835
0.173,313.6207901271853,6655.188201696481
0.173,1030.185580193664,15143.405304112335
0.173,1922.3644373131813,58058.691063318576
0.173,3499.999999999999,217474.99999999994
0.173,1171.0,35021.0
0.173,1041.1650466239316,18807.876002142933
0.173,3499.999999999999,63399.999999999985
0.173,954.1225983688798,16214.529423510996
0.173,551.9352052005977,7746.6364608137865
0.173,3499.999999999999,136768.60661716195
0.173,3499.999999999999,95180.41930985598
0.173,1178.9999999999998,50393.000000000015
0.173,559.045994745474,6865.763059383333
0.173,517.5947906090579,6111.276923902272
0.173,1463.123493762669,26696.19125350762
0.173,1038.0,84986.00000000001
0.173,1049.9917035725985,13368.191082383622
0.173,3499.999999999999,73498.99999999999
0.173,3499.999999999999,140525.29287640718
0.173,3499.999999999999,92220.48145612773
0.174,170.0,1371.0000000000005
0.174,1909.3850528014973,43146.01012996528
0.174,1345.0,6615.999999999998
0.174,1326.0000000000002,37466.999999999985
0.174,1211.0000000000002,34288.0
0.174,1743.0198100405985,45188.304962365364
0.174,563.0,3244.0
0.174,1914.1766077894572,56094.809339349034
0.174,2523.1924223094843,59765.08785235742
0.174,1132.5595158108217,25100.595383572392
0.174,605.4442848520295,9906.205329290253
0.174,1257.9666132294608,8709.62054282504
0.174,155.0,6395.0
0.174,389.48684188300894,6908.368837866146
0.174,1846.0,37966.99999999999
0.174,1344.0000000000002,34224.00000000001
0.174,1485.4898182081224,23745.097851977767
0.174,2362.928591652728,67994.70993196516
0.174,1894.0000000000002,46485.00000000002
0.174,2027.9299790673247,74917.64460392487
0.174,2465.2114824171554,87266.8172408121
0.174,2065.550774006778,74200.7279344347
0.174,3499.999999999999,175061.49753724088
0.174,628.816118823573,6619.34207728753
0.174,1341.9999999999998,36768.0
0.174,3499.999999999999,180848.0360274891
0.174,525.8326730053963,3352.468642657228
0.174,2042.9062766895597,31489.31709497193
0.174,2731.6798777731606,102774.18238280402
0.174,1547.2556349873148,58344.875267670264
0.174,521.0,5134.000000000001
0.174,1719.1409424754415,47352.63114106173
0.174,2223.1879367486426,58420.01862591036
0.174,2185.7492994394397,44943.382471727695
0.174,1326.6265488071613,25231.445142916396
0.174,1261.0,18646.999999999996
0.174,1187.644728022652,40267.61616982062
0.174,3499.999999999999,126020.44405763104
0.174,2590.289815722998,90323.96348573387
0.174,1020.0525232401717,19586.760348995707
0.174,372.43584018760953,5156.680538844901
0.174,512.3475382979799,10015.303490159442
0.174,1071.44761887831,27387.882038287553
0.174,1391.8725807112528,15032.303693674297
0.174,1494.1550028950203,45853.012989077135
0.174,472.5022105447197,6325.660211640486
0.174,1621.2649382503769,59319.05604441125
0.174,2762.841033219944,116730.06943455609
0.174,789.8059950509169,13521.337895643335
0.174,1222.4974437601088,24954.57150503691
0.174,1283.0,37094.000000000015
0.174,387.06071875094744,9296.934978798121
0.174,2305.7536728800847,69001.63269807465
0.174,1097.9999999999998,36239.00000000001
0.174,2614.4789155776334,74066.50761309058
0.174,877.1225713201682,17189.894135358616
0.174,817.6269882252907,21660.53830296075
0.174,1562.9999999999998,42530.999999999985
0.174,852.6507789939138,10115.241464501834
0.174,2665.294167803176,115716.90812892468
0.174,2325.913966622694,76729.76572099674
0.174,1807.0000000000005,69436.99999999999
0.174,816.3312808057854,8197.951150327448
0.174,2136.4023752526546,106705.26715765861
0.174,3499.999999999999,144327.99999999997
0.174,422.43296907015707,4413.425768446586
0.174,1599.5311813153248,53593.00231373497
0.174,1087.6717410539568,25190.718751840825
0.174,751.22524704734,10951.962092273072
0.174,1993.9909728983232,115557.04669123393
0.174,3499.999999999999,110636.99999999994
0.174,3499.999999999999,91595.60202324121
0.174,2169.6773953747133,68592.6536882777
0.174,1407.2426940652415,35208.332167258355
0.174,623.2976816898969,21719.85425825873
0.174,1078.5800851119031,18817.756295584226
0.174,2318.6202793903094,108411.24281180438
0.174,2075.0000000000005,100452.00000000004
0.174,2088.3007446246816,63978.63471503589
0.174,1606.2600721013873,43842.948992019265
0.174,1864.134115346854,55294.86757376312
0.175,389.87173160574184,6227.149885070068
0.175,990.4993569649582,24774.625131572353
0.175,3499.999999999999,90747.00000000001
0.175,334.5683786612238,5960.847255214651
0.175,2226.618273128423,77416.83731723054
0.175,781.7384966429598,9724.02634156525
0.175,2246.083722387494,88664.29414207386
0.175,946.0000000000002,17550.000000000007
0.175,3499.999999999999,94862.99999999997
0.175,752.9940238806681,13811.044927882898
0.175,1078.0,14267.999999999998
0.175,1014.1762392608554,18614.157776018314
0.175,3499.999999999999,182886.99999999994
0.175,922.5378041034415,15926.510917335278
0.175,640.7194123727812,14589.32675385226
0.175,2388.9684687949907,132296.29298046278
0.175,1659.0238184633172,59134.43086716733
0.175,3499.999999999999,163881.9844998903
0.175,3499.999999999999,154879.99999999997
0.175,609.9883541626864,16808.61981116526
0.175,2336.0233463661766,89214.5924353171
0.175,3499.999999999999,166746.00000000006
0.175,1576.2539137836757,42797.389784688494
0.175,628.7627350597712,10994.187881478014
0.175,3499.999999999999,205349.29004016548
0.175,790.8900059967389,9989.54530053286
0.175,3499.999999999999,106898.00000000004
0.175,987.9801408541249,18456.94886557344
0.175,1419.0,56173.99999999998
0.175,1583.647406027372,48855.28946088874
0.175,3499.999999999999,176874.00000000006
0.175,505.0057810663888,7130.80524926866
0.175,639.9218702310461,4364.3721197899695
0.175,876.4173331007903,11229.829872801556
0.175,1383.6010985829696,34468.70000449684
0.175,3499.999999999999,299810.00000000006
0.175,247.48682037086334,4168.3412656839655
0.175,2172.095762161512,49262.267862939465
0.175,633.7518624798892,7555.7527945318525
0.175,2373.1231709778,87859.66372220145
0.175,1261.0,12147.000000000004
0.175,136.0,350.0
0.175,1397.0,21168.999999999996
0.175,1590.5315786884817,33319.038349516726
0.175,3499.999999999999,239042.0
0.175,1762.0,68392.00000000001
0.175,2722.316783733331,103570.86944700177
0.175,577.6457292317482,5878.520436771964
0.175,3499.999999999999,151173.00000000006
0.175,1713.2831056191505,43838.22058432571
0.175,2343.7589036698787,100219.03615823734
0.175,72.0,84.0
0.175,2166.4487069856973,114725.60923786809
0.175,3499.999999999999,129168.99999999996
0.175,506.9483275419635,7842.185782070986
0.175,1356.8345514468595,31449.132961021336
0.175,861.0888455902796,7665.2825127323285
0.175,516.9531200829481,3159.6171284869433
0.175,1103.9999999999998,28922.000000000007
0.175,1807.0000000000005,57372.99999999999
0.175,1870.2189302048262,29525.757808428272
0.175,1114.7964375551437,26791.95657359806
0.175,1872.6985876002573,29828.836417131668
0.175,1301.0000000000002,17062.999999999996
0.175,2840.331146099068,109056.64199908124
0.175,188.0,336.0
0.175,485.85080014341855,7406.210907069819
0.175,368.11411274223104,1977.942870762449
0.175,3499.999999999999,214912.9999999999
0.175,3499.999999999999,152968.0
0.175,1069.0,34859.99999999999
0.175,3499.999999999999,54337.12616618585
0.175,227.0,3345.0000000000005
0.175,297.0,2285.9999999999995
0.175,1836.02067769686,73278.56431730483
0.175,3499.999999999999,154060.00000000003
0.175,3499.999999999999,183389.93972407538
0.175,234.65293520431402,1994.4811355337506
0.175,264.3406892629283,1224.938365796418
0.175,2374.5724068622676,71469.58654716787
0.175,705.0000000000001,4202.000000000001
0.176,1059.2127701680686,20842.941778765395
0.176,767.1048350374135,13049.954877716093
0.176,305.83328792006927,1937.4921935326604
0.176,985.8372076565174,4988.111466276591
0.176,2950.6079375245126,118765.10393694924
0.176,117.0,223.0
0.176,1336.0800874199117,35707.820291919255
0.176,97.0,106.0
0.176,919.0777986655971,12640.289949206064
0.176,1601.7109827343643,28638.863966850993
0.176,2115.277254762986,61277.07461100298
0.176,628.5067278838852,12467.269202024678
0.176,788.4446543894203,13856.589958545324
0.176,3499.999999999999,113759.00000000001
0.176,3499.999999999999,188438.00000000006
0.176,3499.999999999999,105828.00000000004
0.176,1953.2024984624609,65824.06464204415
0.176,1357.9999999999995,34255.00000000001
0.176,1693.7083574216672,32835.34316860415
0.176,1496.6044878870066,20050.54945399251
0.176,1757.1475203212258,39728.37109534789
0.176,2011.4671262538689,62973.63065601348
0.176,545.4356057317856,14327.989949745219
0.176,2651.0734941148917,110747.60420252966
0.176,1804.0,111678.00000000001
0.176,3499.999999999999,129456.00000000004
0.176,3499.999999999999,84842.00000000001
0.176,1393.0,22451.999999999993
0.176,2309.0537906169684,72969.92416087816
0.176,747.9124169427531,14202.6392019195
0.176,1948.0,49924.99999999999
0.176,1093.0,12274.999999999996
0.176,2065.550774006778,71816.23902711702
0.176,1145.4722007964012,23293.54237748573
0.176,2130.0309310973303,67296.84579213597
0.176,2401.6660883644913,100842.82418694942
0.176,1139.0000000000002,24206.000000000007
0.176,3499.999999999999,126451.00000000003
0.176,1958.570907575215,97918.22934979976
0.176,3499.999999999999,142780.99999999994
0.176,1832.550615371192,41082.67813937088
0.176,1790.9685301011546,45104.092089025835
0.176,1751.9977186295296,52481.99418793914
0.176,1891.0008416570142,41761.76784965467
0.176,3499.999999999999,106899.00000000004
0.176,3499.999999999999,145744.99999999997
0.176,980.7137657293853,34135.21469669869
0.176,1432.3976780614512,25555.217408746128
0.176,896.1441435096315,15497.482532550233
0.176,1281.7731346421483,25383.49643137155
0.176,2456.944594613699,87672.07326173711
0.176,1310.9958047225018,42973.63725588049
0.176,2670.681885250801,111438.96520053504
0.176,2081.952485856014,45297.634906356616
0.176,542.0712519173024,6853.539977526977
0.176,3499.999999999999,226681.99999999997
0.176,3499.999999999999,197469.99999999994
0.176,1090.8906112189475,21444.585040575308
0.176,999.0188292855523,24044.928490723778
0.176,222.00000000000003,3339.0
0.176,3499.999999999999,129496.0
0.176,612.4589782181334,8705.175989030893
0.176,2463.866943572634,76263.05379927276
0.176,3499.999999999999,44052.999999999985
0.176,1220.686120344245,39462.373799058354
0.176,2086.6240677227893,55799.73204236733
0.176,1960.0000000000005,36639.999999999985
0.176,3499.999999999999,85910.0
0.176,1143.1652106947786,36519.669716829514
0.176,1338.4209111123855,35517.53779706618
0.176,113.44602240713422,507.97933028815265
0.176,2425.5927110708417,62830.72835006769
0.176,859.9506461671868,8711.454920246073
0.176,771.3612285259798,9095.125411346256
0.176,1222.3282669601292,20084.747533749727
0.176,2490.4838229100997,100905.32355837722
0.176,149.0,1322.9999999999998
0.176,2598.3648704521847,99058.06874757854
0.176,804.6738469715539,3397.4176958390017
0.176,1345.0,18091.999999999993
0.176,1626.0000000000002,19318.000000000004
0.176,89.0,100.0
0.177,873.4987120768981,8946.985861171344
0.177,1012.5488088034381,23471.306705833045
0.177,3499.999999999999,145745.99999999997
0.177,1874.5052324171343,70616.64194183561
0.177,3499.999999999999,167744.2132697776
0.177,924.167994077335,17018.486198088995
0.177,2591.652220682749,63617.97237758179
0.177,2416.5694225134976,78259.64032582137
0.177,3499.999999999999,128875.23585235451
0.177,2751.010799588179,100545.30896916402
0.177,3499.999999999999,109693.00000000006
0.177,2583.780168341789,101189.26484228078
0.177,811.8645016621524,11107.424447081186
0.177,2898.5724245959964,134981.97268215756
0.177,489.5657196178162,2609.0328384644695
0.177,524.7612695291074,8104.959552442091
0.177,3499.999999999999,102351.99999999999
0.177,1046.073163236298,15733.911917871848
0.177,378.1904282236662,2118.0169970989373
0.177,706.5578532576083,14066.129318330608
0.177,476.9696007084728,8571.863333021589
0.177,1122.0000000000002,13902.999999999995
0.177,781.6680280167375,4113.581349244437
0.177,797.8103257162918,11814.019080092505
0.177,1539.3806234999186,47179.41914311395
0.177,2739.3194537658846,84492.71519101028
0.177,3499.999999999999,147409.99999999997
0.177,1555.0,39026.0
0.177,872.0690647371539,15133.213828556947
0.177,1312.0000000000002,16790.000000000007
0.177,2139.1979852968743,70535.90214851547
0.177,589.4642268219527,6237.941097038371
0.177,996.756609969829,15539.347539823273
0.177,278.4959604733972,4780.496313145741
0.177,1261.0,12647.0
0.177,285.0,686.0
0.177,3499.999999999999,140440.0
0.177,1424.7806848775006,33913.62071498706
0.177,1568.6310294356626,44710.105183104126
0.177,1685.9593253997396,41481.15209219797
0.177,2656.2167030270284,99829.47540151625
0.177,2588.918693199923,82869.68053516318
0.177,1584.9999999999998,36435.00000000001
0.177,1329.8315682822392,22485.121547369938
0.177,1582.7051049404743,38588.138481466194
0.177,2632.4893162176368,118758.11982765642
0.177,2302.140414537533,100693.03165128875
0.177,3499.999999999999,290375.9999999999
0.177,2332.9166294576407,82326.73891270076
0.177,1010.0,21954.999999999996
0.177,514.1915565350065,11209.89813227226
0.177,2014.9999999999995,77048.0
0.177,1018.4556936852973,16194.50261662889
0.177,824.2614731477576,16411.494454398682
0.177,1974.082252663052,75342.63702008473
0.177,3499.999999999999,156397.98193391127
0.177,1796.9999999999995,26677.000000000004
0.177,516.0585635511685,9304.259557520523
0.177,3499.999999999999,160550.17666002872
0.177,1828.9207009297054,27264.049993597302
0.177,1064.185134269409,24397.57754368248
0.177,919.2555513406407,17297.87049416289
0.177,1978.6875724977851,70372.98519033648
0.177,2245.947619765578,76397.14722787635
0.177,3499.999999999999,214723.00000000006
0.177,1175.0000000000002,40952.00000000001
0.177,2065.550774006778,88438.829526402
0.177,751.1622831457273,9610.541147731206
0.177,1638.4810038569262,47030.73883110918
0.177,3499.999999999999,90115.94623039814
0.177,1721.9999999999995,62215.00000000001
0.177,3499.999999999999,138469.0
0.177,1426.0000000000002,23208.999999999996
0.177,1198.0,12631.999999999996
0.177,1957.5908811713355,52412.58592516168
0.177,527.7158326220657,2473.7760610047144
0.177,2134.7130954767663,100880.82406483406
0.177,1188.0,14953.000000000004
0.177,1119.6323874092204,28658.769813569696
0.177,1348.202473385635,25135.492896238287
0.177,524.5837559353008,3005.9993109808966
0.177,1159.0801055425698,17104.732782109884
0.177,2340.7817535569375,70102.73248604692
0.178,2364.2123424092006,83322.84407651961
0.178,63.0,441.0
0.178,2455.707637321674,114311.46373395798
0.178,1898.6837546047525,63201.61137186298
0.178,3499.999999999999,205586.92502818798
0.178,2138.808079281543,61657.6635139542
0.178,3499.999999999999,153501.00000000006
0.178,682.4593758105987,8381.301916697608
0.178,3499.999999999999,105033.85010420033
0.178,2135.532720423642,77109.03701901618
0.178,1555.0,61778.999999999985
0.178,3499.999999999999,219110.99999999997
0.178,511.99999999999994,2086.9999999999995
0.178,3499.999999999999,204901.07949447216
0.178,3499.999999999999,199799.00000000006
0.178,3499.999999999999,114624.1429950795
0.178,2011.1048932199133,28527.042838762976
0.178,1258.5366242416724,35920.77770038826
0.178,2859.488281372823,101857.65600487113
0.178,1407.9999999999998,22193.000000000004
0.178,1050.9999999999998,10761.000000000002
0.178,1211.6907130145871,35533.32161041775
0.178,3499.999999999999,145568.99999999997
0.178,1612.245116221905,36222.548819335876
0.178,1003.4650732606979,23149.542092413303
0.178,567.4504383644443,4273.12180963754
0.178,1280.201130630981,33120.858735624315
0.178,1725.9999999999998,78615.99999999996
0.178,1991.229066952586,42403.06097232499
0.178,1955.8885448818398,51854.37893755934
0.178,2097.5898581050324,64888.16993489571
0.178,775.5060246081166,21432.284444365963
0.178,1601.717827833604,25624.755998838315
0.178,1116.0,31019.0
0.178,842.0057886885448,7058.071510934661
0.178,1594.9477765301654,53982.269502760515
0.178,1592.4077151368688,31634.97111946773
0.178,1550.0173428513904,36472.20938637431
0.178,1478.177083611872,30359.471605512972
0.178,2543.2262974418927,62795.039676713306
0.178,2335.9152381882354,80334.81624426611
0.178,728.4799242257814,16177.524872488997
0.178,713.4311208028819,10082.591531149399
0.178,1991.3563217063893,64500.661508235724
0.178,1087.8393323778623,19423.0584831976
0.178,2403.233296765915,86207.27138793528
0.178,3499.999999999999,80072.99999999997
0.178,2892.2404532415135,86352.75422231895
0.178,3499.999999999999,133430.2422354093
0.178,3499.999999999999,92983.00000000001
0.178,1363.9999999999998,54922.99999999998
0.178,2010.5969262883098,92501.98237875769
0.178,3499.999999999999,228709.00000000012
0.178,2344.502010537577,66955.73794842772
0.178,885.013126072547,18469.153955497746
0.178,1109.7313528904747,12514.5299511295
0.178,2732.353409186948,71509.12589394618
0.178,3499.999999999999,93842.99999999997
0.178,2065.550774006778,45451.29489904548
0.178,654.1886658096424,8312.297628343753
0.178,2646.417373016054,54972.61291344985
0.178,604.3916002116434,13879.466962574821
0.178,722.1495689952325,19218.06158279236
0.178,1326.8428693707483,35625.412881817945
0.178,3499.999999999999,158390.00000000006
0.178,3499.999999999999,171835.9999999999
0.178,1251.5771470835502,25708.361193507528
0.178,341.3098263976552,4379.436832942981
0.178,1093.0,17641.000000000004
0.178,3499.999999999999,120724.06009159899
0.178,3499.999999999999,152661.99999999997
0.178,3499.999999999999,204586.7715387556
0.178,1557.1139749873894,41419.49715832059
0.178,2433.5159748807905,55220.11889701073
0.178,1530.163654586193,44180.16818492486
0.178,3499.999999999999,105772.0
0.178,3499.999999999999,159530.43542399202
0.178,3499.999999999999,176549.00000000006
0.178,531.9191667913462,4331.528021379982
0.178,1629.8553951033537,40387.46427843021
0.178,2036.5411854416304,27762.844937073733
0.178,1817.167685320378,38739.378714269726
0.178,1191.5595496552066,18285.43850677101
0.178,1165.9931119262549,24133.663077653437
0.178,3499.999999999999,270558.00000000006
0.178,511.1488901221321,3511.62893491316
0.178,1662.0957302435847,39295.54708595877
0.178,625.1527813262929,9474.810130023712
0.179,1447.7247128870583,26584.347364283458
0.179,1370.6640726304895,23891.858864475158
0.179,2427.1072011251654,100958.3790634198
0.179,586.8775964731147,4949.935893602316
0.179,653.4523701081816,19645.420076954317
0.179,2281.3373270956663,58100.94555168616
0.179,2258.982071642004,108571.24941714549
0.179,363.7884000349653,5147.111034357041
0.179,120.28715642162302,359.88053573373475
0.179,1718.6998918725042,35294.90512178442
0.179,815.4753215150045,9649.974196856694
0.179,1158.6770573951444,16670.295969405397
0.179,692.4789929228722,6331.887949950496
0.179,2063.0075133164196,90973.3676193203
0.179,1806.0000000000002,108570.99999999996
0.179,491.4264950122245,11798.279027044578
0.179,590.5812714375422,5145.862597746813
0.179,1232.676367351548,27978.582278825375
0.179,655.0480898376852,6767.941489108782
0.179,961.0000000000001,27000.000000000007
0.179,233.05793271201907,948.6727570664184
0.179,3499.999999999999,173528.00000000006
0.179,2047.6816158768434,57810.788361689025
0.179,1023.1304902112928,18850.022440304947
0.179,1939.0000000000005,9830.999999999998
0.179,1090.9999999999998,30393.0
0.179,1730.6950372564404,34061.52050993743
0.179,535.8083797775087,6655.610335161365
0.179,3499.999999999999,128953.81501872289
0.179,2140.443879198892,86873.9895595914
0.179,1698.0,40811.999999999985
0.179,1753.491547847968,46658.507705147415
0.179,782.5095986142853,9091.698668715555
0.179,772.4401143342197,8600.610577021007
0.179,2328.799301612049,63394.28290091512
0.179,2108.3168642308015,65546.65204264823
0.179,3499.999999999999,130851.0
0.179,1916.5823714240137,74211.43374372211
0.179,1411.0,16855.999999999993
0.179,484.5658068940237,5546.826797906876
0.179,1098.6691211829504,10556.209145523982
0.179,1414.842095528701,37075.7408786145
0.179,2697.883572355998,67311.74937282088
0.179,505.0,13006.999999999993
0.179,3499.999999999999,160844.00000000006
0.179,613.9639904327419,9503.01522484407
0.179,186.0,1155.0000000000002
0.179,645.327758425001,20625.885048275322
0.179,1254.9900398011132,13097.593252197137
0.179,160.0,534.0
0.179,3499.999999999999,303366.99999999994
0.179,3499.999999999999,346267.0000000003
0.179,1898.8713518478125,71285.950629777
0.179,3499.999999999999,146326.90848917706
0.179,1154.0,26346.999999999996
0.179,1173.945935062385,26228.811598702992
0.179,2700.740639158081,88287.36190418189
0.179,3499.999999999999,145042.00000000003
0.179,723.2211642460575,21870.43820748236
0.179,1630.6069422150756,71560.5925632257
0.179,1715.6631370988887,47430.967732063
0.179,1422.9048036652441,38271.83609080902
0.179,694.480401101182,11628.432778225699
0.179,2604.736473159338,74328.24165200825
0.179,2168.0271616953105,56258.18855229285
0.179,3499.999999999999,207726.41596821533
0.179,1950.6147524814442,36117.73578592822
0.179,463.23859942798373,6331.864338407764
0.179,423.7877378205893,5292.278509971798
0.179,616.3436941602472,3909.3041416981564
0.179,2270.4491205809677,32177.490111994957
0.179,963.8765481118418,23875.617478926048
0.179,3499.999999999999,133537.48797247908
0.179,3499.999999999999,145938.20770449386
0.179,3499.999999999999,185252.00000000006
0.179,1704.9383594955764,39578.16730288502
0.179,2560.1650447970924,66339.04857900518
0.179,717.5560138700985,6843.384599692056
0.179,1386.0000000000002,33235.0
0.179,1238.9999999999998,30271.000000000004
0.179,1595.0,62882.99999999999
0.179,2794.2590705670386,51252.52407841591
0.179,2762.521412854503,84605.93015309794
0.18,1422.3220451079285,45674.76589978322
0.18,566.7839094399205,2571.7039098620967
0.18,1709.7314060555443,31691.287678611774
0.18,609.0976933136425,4664.5380264287705
0.18,720.413214453245,9902.936700050068
0.18,494.8757419797418,7604.952531081311
0.18,571.9999999999999,3338.358878251408
0.18,356.18397257906605,1879.4106723812586
0.18,1289.432433282179,34228.9552864238
0.18,1180.9999999999998,26371.000000000004
0.18,823.4510758061178,17526.539752614837
0.18,3499.999999999999,145076.00000000006
0.18,3499.999999999999,167519.00000000003
0.18,984.9410324839337,15107.604610453765
0.18,3499.999999999999,118136.00000000003
0.18,264.0,4121.000000000001
0.18,404.744979630745,5713.084093567334
0.18,1877.3651749193598,31226.509122859046
0.18,1345.0,24023.999999999996
0.18,1897.1510539179835,44518.95663733224
0.18,3499.999999999999,135097.00000000003
0.18,3499.999999999999,108463.00000000006
0.18,1765.0908261114118,54263.913666359884
0.18,438.99999999999994,6033.0
0.18,1890.3703340880068,33085.50530066
0.18,625.7771665522196,11856.170534117487
0.18,1413.0000000000005,37101.00000000001
0.18,645.3681120105019,12547.903330835792
0.18,849.1299054875861,18969.613301967504
0.18,1553.628014599135,47514.340009434134
0.18,67.0,684.0
0.18,1863.8219193678897,79730.28796198625
0.18,320.2093065480764,1892.668486555424
0.18,3499.999999999999,177398.79861906514
0.18,1404.345399109492,32284.572724445326
0.18,1660.422970071128,31660.650933971687
0.18,3499.999999999999,179774.00000000006
0.18,2025.3394777172546,52393.828644221096
0.18,1112.329087995095,16228.928338001864
0.18,930.1263943524283,16744.853813848833
0.18,1403.0,30194.99999999999
0.18,3499.999999999999,131107.81730316466
0.18,1539.4615884822288,23984.748395264745
0.18,1807.601235870104,64159.833461994094
0.18,3499.999999999999,216470.00000000003
0.18,965.0000000000002,10329.999999999998
0.18,653.0,4213.999999999999
0.18,993.2883883792688,31165.237555359887
0.18,252.0,2726.0
0.18,2259.1644928592536,62881.87909650193
0.18,1502.5205151985929,45902.44599064892
0.18,3499.999999999999,79832.65803946252
0.18,2692.303846151099,94807.92492191779
0.18,3499.999999999999,135767.85325531944
0.18,346.49675323154185,4200.453546939903
0.18,3499.999999999999,155605.75705268947
0.18,1303.8711592791678,15402.284570803127
0.18,1080.02478854286,22940.673335528998
0.18,84.0,130.0
0.18,3499.999999999999,148954.99999999997
0.18,3499.999999999999,105223.56412393028
0.18,1731.3069411778222,43749.8021476446
0.18,1169.0000000000002,55429.99999999997
0.18,1734.593177417552,34721.611117927605
0.18,1261.0,13588.000000000002
0.18,1231.0699703281475,39719.393556169656
0.18,1190.0,34969.0
0.18,1131.0,44264.0
0.18,989.6526278418216,23856.25655162827
0.18,2096.057948655716,60124.50475034551
0.18,695.9311570389614,7944.298042860462
0.18,89.0,1745.9999999999998
0.18,945.500420828507,23967.197123396683
0.18,1114.885332329335,15320.125715557686
0.18,266.67208327832145,2323.247726782489
0.18,1375.318145012273,31613.76099106209
0.18,1093.0,21000.99999999999
0.18,1383.0,37441.0
0.18,1818.6533479473212,33637.904215334216
0.18,1272.988609532701,29204.121969338503
0.18,802.2580632190619,14632.841009182048
0.18,3499.999999999999,205933.68433551627
0.18,2301.1953415562093,110092.63041639076
0.18,662.4180906649041,5925.590081714755
0.181,1773.283750497943,39148.3224164529
0.181,1113.3769012157488,17679.22119883274
0.181,1225.0000000000002,40824.0
0.181,1457.9085899551899,19467.81894752509
0.181,2039.4081610740695,56270.65689038611
0.181,849.5107220149641,9869.692631135178
0.181,1399.9663778894892,35864.25859742382
0.181,2652.1768838746775,78054.53964108354
0.181,2073.16183642281,74651.96557358693
0.181,2203.292990049213,68455.12033442057
0.181,3499.999999999999,92674.99999999997
0.181,1966.5960439297141,51281.77702654227
0.181,2873.4279664644127,61680.394366487715
0.181,837.4659078719014,5943.843876907507
0.181,3499.999999999999,70272.4091518143
0.181,820.7077965717243,17332.45800430543
0.181,2147.7273234836784,57596.02229857887
0.181,2296.627962905616,48724.37656861299
0.181,2035.6817039999153,75664.18922449378
0.181,490.09794939379213,4718.247873946428
0.181,2169.6773953747133,79945.49109236871
0.181,2211.982358991056,69164.13968689482
0.181,87.0,97.0
0.181,1986.5767767585376,46234.511331589965
0.181,1201.6713360981862,21199.07964983386
0.181,1955.8885448818398,65056.156049984995
0.181,828.7385369867723,14144.500604562058
0.181,1179.4914158229385,27180.507721527185
0.181,1578.6069808536893,40860.85741880609
0.181,1093.0,14724.999999999995
0.181,777.7786006809131,15914.785220406737
0.181,535.3941021408694,8461.439768949022
0.181,3499.999999999999,79075.00000000001
0.181,1024.6023618946037,19655.595233927663
0.181,1177.0000000000002,20054.000000000004
0.181,1975.4746265138413,51428.96631276966
0.181,3499.999999999999,253008.34819626002
0.181,1411.381972621099,30101.32936514324
0.181,1971.927990571664,58091.384146016026
0.181,425.53311979634526,6234.066785896859
0.181,3499.999999999999,67795.00000000003
0.181,2531.2868205790583,69579.08145702824
0.181,1149.9999999999998,20168.999999999993
0.181,3499.999999999999,195286.9999999999
0.181,334.0,2451.0
0.181,2159.1665058535887,58931.560966938574
0.181,961.9999999999999,6889.999999999999
0.181,792.8845569690992,8187.937756549616
0.181,1653.0000000000005,18809.0
0.181,647.1095405846933,5849.186848396288
0.181,2158.1417013836503,59491.44937202885
0.181,2187.3499948567905,49672.51574059845
0.181,3499.999999999999,138098.99999999994
0.181,3499.999999999999,243938.99999999988
0.181,3499.999999999999,123320.68906398663
0.181,1274.503202580187,21818.826663676926
0.181,1306.0,23619.999999999996
0.181,82.0,83.0
0.181,367.42346141747674,1771.874713403857
0.181,2490.381496879543,96991.50949954329
0.181,1158.0,23311.999999999996
0.181,2234.8378017207424,38461.803974852744
0.181,1107.4922271578278,13406.851599008687
0.181,1093.0,17300.000000000007
0.181,1121.0805884685167,21704.483634442462
0.181,2612.4700955226263,68010.2830460218
0.181,1629.9441760468112,53491.36866853072
0.181,1090.0,9002.999999999996
0.181,64.0,599.0000000000001
0.181,2357.7437021428764,77594.12054105749
0.181,666.0,5563.0
0.181,2066.397831977182,51431.33266793696
0.181,3499.999999999999,118287.58520783858
0.181,1571.0,16341.999999999998
0.181,937.283308290508,8635.299647377617
0.181,959.510202981148,11350.877900963591
0.181,1510.0000000000002,51702.999999999985
0.181,3499.999999999999,45370.00000000001
0.181,3499.999999999999,123872.99999999996
0.181,1950.7388343907032,53263.862083029584
0.181,3499.999999999999,176241.0
0.181,665.0891425151207,6190.330227405738
0.181,1661.7761582114476,47039.67093847489
0.181,2006.4298636291692,47566.44869900256
0.181,3499.999999999999,259650.99999999994
0.181,1296.3905302545024,35378.02039072272
0.182,475.59226234243977,13830.079753927666
0.182,1126.9999999999998,32402.999999999996
0.182,3499.999999999999,164384.4845476604
0.182,2280.5701041625534,45791.343570592064
0.182,1825.2854248019705,65621.26329174869
0.182,1153.0,47085.000000000015
0.182,855.5008863576537,21411.41236093282
0.182,1548.3730570308721,31407.38774758138
0.182,2621.699555754389,56994.026969428356
0.182,129.8202644360134,2026.8842890816877
0.182,1877.3651749193598,42584.54969821803
0.182,1238.3895539682117,17878.9734612411
0.182,1504.6473465765168,46540.836726725436
0.182,264.56001209555467,1096.6676798374249
0.182,1050.9999999999998,14050.000000000005
0.182,294.8304597561113,3567.762323922377
0.182,1028.0,8070.0
0.182,2238.7753722739144,75823.75516707645
0.182,506.8776617656117,5096.111194358931
0.182,1417.3919711921612,35441.76113005673
0.182,554.9774770204642,1933.9203706461137
0.182,1213.0000000000002,45272.99999999999
0.182,3499.999999999999,136051.00000000003
0.182,485.86006215781924,1902.220807372267
0.182,2190.838879225562,82056.32772915473
0.182,2542.706314209276,85401.05304991004
0.182,3108.1416731295712,90227.77051548532
0.182,343.5694980640743,6519.361318411488
0.182,2992.343423443608,74225.94853307522
0.182,1090.9999999999998,42581.0
0.182,1050.9999999999998,17144.0
0.182,1166.956677559669,14373.612211376572
0.182,1249.55299996632,31458.866427663237
0.182,183.0,2863.0000000000005
0.182,3499.999999999999,116778.86384102216
0.182,1604.0,30749.000000000007
0.182,2563.78626254218,131108.65738005258
0.182,2012.3369499166884,52680.49141760166
0.182,1446.4523340243352,20755.450273502636
0.182,3499.999999999999,150320.47187924862
0.182,3499.999999999999,89936.1773703997
0.182,1892.2209173349706,53256.63211281768
0.182,1147.0,17597.999999999996
0.182,1810.9389829588401,57186.56342183889
0.182,3499.999999999999,118334.99999999994
0.182,225.23806900170226,1189.7622788569415
0.182,122.0,1516.0000000000002
0.182,259.71121782974546,4817.120091114857
0.182,1520.3580787265084,43339.08091767275
0.182,3499.999999999999,119368.92593133275
0.182,2570.8151461514285,76164.1198274992
0.182,1636.318164766183,53128.477978673596
0.182,332.7178406057025,1615.7685039686062
0.182,2343.7589036698787,92687.22165628993
0.182,1162.325255683623,27333.78166298985
0.182,2331.212852253709,68602.5253394223
0.182,2346.515073396323,72469.09771793573
0.182,2346.380190847169,31311.90139547583
0.182,1638.5216652541135,43289.817152036514
0.182,1229.5575997283725,27140.525870739555
0.182,1942.4211695716244,62532.148315886276
0.182,1334.0000000000005,48508.99999999998
0.182,1664.1379149577724,59283.443101763245
0.182,1296.0000000000005,53743.99999999999
0.182,3499.999999999999,158404.99999999997
0.182,3033.5781498515985,94998.006211451
0.182,2152.5373563741564,62289.41235298381
0.182,2008.855395492667,27371.13315155221
0.182,3057.7736911849042,68752.25626925772
0.182,508.1801084963602,6854.747347933558
0.182,1307.8780524192614,24616.192475685595
0.182,2045.8060706271738,64799.17507854078
0.182,193.0,1116.9999999999998
0.182,3499.999999999999,291962.0
0.182,1974.9999999999995,80202.99999999996
0.182,3499.999999999999,72799.00000000001
0.182,2674.0418844887226,176886.74909952976
0.182,2711.6260966793516,107749.35129421295
0.182,3499.999999999999,100098.52685729199
0.182,2150.210757528044,94380.9108728068
0.182,931.5939827997786,17341.39678550764
0.183,1315.0731741823188,25328.813711388884
0.183,3499.999999999999,213373.99999999988
0.183,2002.7936791946393,67539.23374853402
0.183,700.1161588535973,12766.24783327821
0.183,1290.7362240210045,22915.27455650488
0.183,1846.391810907879,34984.6840242081
0.183,1201.3076024068594,21706.906717176727
0.183,1319.0,13953.0
0.183,2100.833168054998,55467.03334414059
0.183,2557.7745552072647,120257.03806779538
0.183,3499.999999999999,151583.00000000003
0.183,1739.634559461106,54379.96167750983
0.183,1190.2235084218426,10803.98963346411
0.183,719.7221686178632,4745.596063720552
0.183,3499.999999999999,178562.99999999994
0.183,1917.3357596765218,37929.44327761812
0.183,2065.550774006778,43014.480585030935
0.183,1701.2833319849556,49838.98834484811
0.183,648.0740698407859,12558.470488080948
0.183,1425.4534721754003,34640.49740338903
0.183,2299.6738899243956,56158.0260336846
0.183,363.74716493740544,4609.708884517545
0.183,2490.4838229100997,81003.70634761725
0.183,337.99999999999994,3827.9999999999995
0.183,3499.999999999999,126643.65123052945
0.183,673.0160308283332,4864.6174070183115
0.183,3499.999999999999,75635.38903846536
0.183,1345.0,41320.0
0.183,2395.0991628740553,34709.26114166075
0.183,1084.2693658917515,27640.632231354608
0.183,1009.4285512110306,30086.15018575824
0.183,1326.0948342458341,35118.13987095658
0.183,1266.786657664366,31044.51977792637
0.183,891.1551301641507,7175.653052469048
0.183,2013.9180179529963,84548.10446143619
0.183,2159.1665058535887,76634.49458305314
0.183,2062.9999999999995,51484.0
0.183,1230.9999999999998,25345.000000000004
0.183,404.7824323161194,2145.4391769745366
0.183,3499.999999999999,143092.99999999997
0.183,1122.4972160321825,44545.60545104312
0.183,3499.999999999999,290300.0000000001
0.183,1128.0,45022.99999999999
0.183,3499.999999999999,186845.36455047535
0.183,1106.0000000000002,27152.000000000004
0.183,2682.117814911272,117851.18043715424
0.183,597.0857935841902,11309.347457269452
0.183,2586.2129443018807,48929.39847463231
0.183,2256.6568192793507,49425.37218878582
0.183,2665.294167803176,67220.08740383157
0.183,1133.2080942251564,15817.272707666987
0.183,1102.0,31190.999999999996
0.183,819.7560612767678,14220.46381100138
0.183,1764.7044068398855,36877.46301605161
0.183,1079.0,15611.999999999995
0.183,3499.999999999999,227543.00000000003
0.183,1140.2697049382657,30533.68867333261
0.183,3047.2216897021467,74502.1328217622
0.183,1906.422632399403,49821.97363194108
0.183,287.2837138253046,1443.6038333812094
0.183,1916.550610070016,45073.040814490014
0.183,209.98539580979002,639.4229531776689
0.183,3499.999999999999,78942.00000000003
0.183,3499.999999999999,173297.99999999994
0.183,2208.0534413822506,57568.09159595266
0.183,1763.076875222418,35648.98182005739
0.183,1687.03523002985,64445.919516220514
0.183,1289.1191390518434,22762.310020488545
0.183,1859.6524960695697,70031.56699032763
0.183,2035.8497676093027,53827.24888957973
0.183,136.0,1152.0
0.183,274.3780102339747,1719.0154812831722
0.183,871.8888678673574,23576.344875642488
0.183,3499.999999999999,96740.00000000003
0.183,139.0,3301.0
0.183,73.0,92.0
0.183,3499.999999999999,164918.00000000006
0.183,1613.5892978361667,29033.439273597996
0.183,1832.9746975251733,49652.77586623423
0.183,842.9116205154605,8670.804345618695
0.183,2731.3018971934475,64858.20350719811
0.183,1177.0000000000002,12577.000000000002
0.184,1765.2937634822656,24793.81788442916
0.184,1817.0000000000002,85718.99999999999
0.184,2040.0945675700814,36883.916163508715
0.184,3499.999999999999,197538.99999999994
0.184,1459.9143810511628,20894.092466532253
0.184,1457.8244064358366,34293.11210724395
0.184,1081.4698710356927,27372.570660105783
0.184,1075.7012190795076,10589.131698815409
0.184,3499.999999999999,147091.0
0.184,1345.0,29611.000000000015
0.184,454.42271070007047,6624.319587701069
0.184,1702.7349287638895,51997.89027289094
0.184,1315.8720908685768,15742.956495011604
0.184,2214.147553304896,61621.017662550694
0.184,1126.9999999999998,16381.999999999993
0.184,3499.999999999999,157015.0000000001
0.184,983.2588323110066,25234.80819763463
0.184,1218.038972170349,30693.178719589127
0.184,3499.999999999999,151419.00000000006
0.184,452.0287601469624,2349.0572577099947
0.184,3499.999999999999,153432.09078741807
0.184,506.9911241826626,15253.085458358908
0.184,1013.5651545258753,35891.65821556644
0.184,324.899984610649,1626.188180992593
0.184,1175.0000000000002,37103.99999999999
0.184,841.6687070074514,14015.553668260402
0.184,1145.1550113412595,19053.375081596427
0.184,1180.6249681806455,16382.268041318746
0.184,822.2369049166319,9405.108081742279
0.184,1660.3633017190589,40882.1477682487
0.184,2094.158542231223,97814.08769701835
0.184,1887.5910574062377,57738.69607117914
0.184,464.686991425411,3684.4399845838175
0.184,2798.436627257342,137477.41748394314
0.184,247.00000000000003,531.0
0.184,71.55417527999327,921.9262443384501
0.184,448.00000000000006,9527.999999999996
0.184,775.8933852890973,6959.6316059635965
0.184,2364.2123424092006,53614.45611959522
0.184,722.1495689952325,21510.12784713284
0.184,3499.999999999999,83523.0
0.184,1113.6749974745778,6062.552432762957
0.184,1431.0555544771842,13325.64685109132
0.184,1581.0,24385.000000000004
0.184,1430.7123938321556,31365.277647976814
0.184,1291.8847517069084,25471.641273179277
0.184,3499.999999999999,209541.99999999997
0.184,639.1502170851544,13411.123442873833
0.184,1586.1249950709503,53168.61305335742
0.184,1148.9518324141195,23401.950167734252
0.184,502.3337809595807,4918.583906176435
0.184,3499.999999999999,80548.87249366067
0.184,2026.6041446134846,54127.07864896767
0.184,1215.4212414680464,47149.01839744912
0.184,77.0,88.0
0.184,3499.999999999999,120252.0
0.184,2847.786147602706,98240.23961439692
0.184,3499.999999999999,102177.9921998862
0.184,919.8075885749146,6866.596973756365
0.184,531.2598226342903,8284.25260938959
0.184,838.2261597270293,22022.729494468105
0.184,1171.0,24172.000000000007
0.184,711.8506240941934,7358.251967286
0.184,469.57427527495577,10025.638234047747
0.184,878.5758248290447,10929.540563793857
0.184,374.32071810146977,10108.399180879233
0.184,1597.0000000000002,59254.99999999999
0.184,2193.421647382583,69248.5965817327
0.184,891.0,5456.0
0.184,1420.659002012798,43867.497033680884
0.184,2065.550774006778,48556.54563496048
0.184,2135.532720423642,76107.07846186189
0.184,390.37161782076316,1444.3313331780905
0.184,634.4288770224761,10867.053786560553
0.184,1237.0,38308.000000000015
0.184,72.0,86.0
0.184,1770.7659446866298,48036.22238257858
0.184,1013.0925049038404,23758.727703556822
0.184,652.893559471986,9471.439383747329
0.184,1963.923024944627,75191.61476980562
0.184,2768.9199281232786,90077.8459686458
0.184,1866.7100684353045,91185.16276218907
0.184,920.2200954195948,34026.76329917341
0.184,2375.8934745586134,58331.62937653524
0.184,3499.999999999999,181513.99999999994
0.184,1934.4954393800379,57868.76209255588
0.184,480.99999999999994,3634.0000000000005
0.185,1934.0,40471.000000000015
0.185,739.7469331879508,10146.658871889716
0.185,1149.9999999999998,20081.000000000004
0.185,525.8326730053963,4039.8669532547738
0.185,747.9029478874297,6853.540130302058
0.185,1449.1376746189437,57653.08741082301
0.185,3499.999999999999,111029.99999999997
0.185,421.108184556076,3663.3550340055685
0.185,538.3753337588936,3053.335389373398
0.185,1204.3073732814807,19740.635040548405
0.185,1116.303097417231,20324.24004866718
0.185,1453.3591803838278,37445.61480587195
0.185,1084.736841159379,28542.841001873196
0.185,55.00000000000001,72.0
0.185,1881.0901094843914,31463.41875893338
0.185,3499.999999999999,84735.00000000003
0.185,1297.4058722706789,28666.890052900657
0.185,3499.999999999999,109628.03178649137
0.185,740.6880045334548,17635.428947377262
0.185,3499.999999999999,209474.00000000003
0.185,1161.5891532312414,21586.438057603486
0.185,3499.999999999999,53888.395170017815
0.185,733.4801015943001,14003.570218407409
0.185,1427.2350892547452,31732.169197834577
0.185,1477.0043621853793,45009.57965752076
0.185,3499.999999999999,217897.00000000006
0.185,1082.4476892672458,19347.720149929803
0.185,341.12900785479974,1870.9179565122568
0.185,1333.8588578198448,35133.445377690026
0.185,1712.7912079109283,37929.745124627196
0.185,476.9696007084728,9409.647177232524
0.185,1904.0000000000002,37253.000000000015
0.185,3499.999999999999,169776.9868692995
0.185,561.6546981909793,11417.515579144176
0.185,988.9999999999999,19845.000000000007
0.185,1089.981764532635,35820.122385981434
0.185,3499.999999999999,136736.0908282813
0.185,1701.7363668996695,38723.13514491391
0.185,446.217007799969,2998.332839884399
0.185,687.0,11755.000000000002
0.185,2312.113156620483,83520.75460919885
0.185,1268.4904642983165,20500.926746007863
0.185,729.3833011524188,6779.572847901257
0.185,1697.8195805997145,60242.648011970996
0.185,3499.999999999999,139069.0
0.185,3499.999999999999,42616.99999999999
0.185,1095.5642728782648,25002.48140843765
0.185,3499.999999999999,129547.0
0.185,788.6228742593888,9006.033281664242
0.185,1181.9276627611353,19128.77547047903
0.185,1263.9117866634294,33531.70040500078
0.185,1097.7917130068915,13058.956017624087
0.185,1334.8408144793896,30368.470738580156
0.185,1693.14099054608,30889.081896830827
0.185,2477.3050207985184,59010.92313660471
0.185,2302.910145655975,57016.78709788812
0.185,426.6145801540309,3591.3813498429827
0.185,2017.0000000000002,45898.0
0.185,2420.537130473317,116521.91465557023
0.185,1205.3021440682776,31803.23120465955
0.185,2279.6035868915324,78449.76406320218
0.185,1066.030487368912,19471.169456403997
0.185,2670.681885250801,82943.49009409752
0.185,1060.4814944165691,24323.21931817414
0.185,1612.0000000000005,59186.000000000015
0.185,1299.0865377811883,22867.2065971197
0.185,609.4644363141902,5245.610353268135
0.185,1718.6287971832485,35611.02406246874
0.185,1920.0000000000002,78800.00000000001
0.185,3499.999999999999,112340.00000000001
0.185,1126.8693519948456,14429.700503296595
0.185,700.9380288394792,6002.345622443528
0.185,446.4661241348553,6812.665410835909
0.185,1219.0000000000002,27220.999999999996
0.185,3499.999999999999,125045.68566445177
0.185,2505.094808585096,63699.64933969418
0.185,540.0,10492.999999999996
0.185,3499.999999999999,50551.0
0.185,844.8479588264371,23235.31760472787
0.185,197.6385589909014,1979.8262550032014
0.185,3499.999999999999,200252.493942023
0.185,321.94547255124445,6342.988969503982
0.185,634.2389139748523,14539.06609793078
0.185,1293.0943507725954,30500.15406518466
0.185,827.2955940895613,22706.7020282559
0.185,1158.723824431879,23077.721842565108
0.185,94.0,100.0
0.185,1177.0000000000002,29111.0
0.185,2877.935318303637,72714.28735222839
0.186,3499.999999999999,191175.00000000003
0.186,3499.999999999999,152270.99999999997
0.186,3499.999999999999,63920.99999999998
0.186,554.9321021826951,16514.593262477312
0.186,3499.999999999999,143846.99999999997
0.186,1955.8885448818398,44665.50521375526
0.186,2489.1664548658828,75601.60674084896
0.186,456.02631503017443,7848.137740891144
0.186,386.3744654613921,6453.610531878978
0.186,1398.0768559948099,33296.8507158861
0.186,3499.999999999999,136803.00000000003
0.186,932.6935920542064,13403.54134239133
0.186,1051.77463563511,21186.992824946647
0.186,1521.7259937321173,54974.150743781414
0.186,838.0161517194157,19695.108714236936
0.186,2056.0,33726.00000000001
0.186,1406.0000000000005,27061.0
0.186,674.4809910672184,15243.40995058796
0.186,1150.2415200248847,21855.948404723436
0.186,1351.9999999999998,37943.000000000015
0.186,1228.3807499276904,20074.427255265247
0.186,1905.6448624978643,67147.68227595909
0.186,649.9999999999999,6324.999999999999
0.186,658.7072952331682,13610.7039994682
0.186,658.3312236253116,10741.491516544615
0.186,1527.0000000000002,38912.99999999999
0.186,1161.917380883856,24274.26291362932
0.186,308.0,3514.999999999999
0.186,1031.4853367838048,15877.230394498909
0.186,117.0,180.0
0.186,1016.8274189851493,14146.711773412213
0.186,1876.432785899884,90634.84948958647
0.186,2706.5660900853695,69276.19121314335
0.186,3499.999999999999,135044.40125380992
0.186,2572.216198010583,118567.77716255952
0.186,748.331477354788,16863.347235943398
0.186,1647.4401690527354,43058.29752732856
0.186,473.2863826479693,8239.766380183359
0.186,857.8322633430898,17577.14011369365
0.186,1405.071267856486,28708.947754939345
0.186,1483.0000000000002,14910.000000000005
0.186,1185.0485222133316,12816.370781153293
0.186,3499.999999999999,158360.9894134284
0.186,1998.3743393068278,56314.05899062861
0.186,1955.8885448818398,52310.36333270872
0.186,1144.576719537322,24979.679821169226
0.186,1254.0,57477.99999999997
0.186,1104.982766941851,19946.360551862595
0.186,2291.28784747792,45119.41656316046
0.186,1631.8834633551949,41862.60444350415
0.186,647.4654752192387,16946.512203523234
0.186,2929.1634544906196,119740.1411681853
0.186,2065.0,104831.00000000001
0.186,1004.6373464353895,9991.664863690854
0.186,1737.9999999999995,44754.999999999985
0.186,1675.5437456480108,19285.811879092456
0.186,698.6207863537345,19267.988334620833
0.186,84.81745103456011,780.3101947302752
0.186,1382.0,32171.999999999996
0.186,444.8345031181701,8536.878245399386
0.186,1008.4941452115095,21428.841353574604
0.186,1693.8716496994964,42491.361895686496
0.186,1258.0000000000002,40448.999999999985
0.186,2700.0925910049828,87271.91716697875
0.186,2335.5534425064216,60430.66958648439
0.186,1406.3996587030297,47250.07809517354
0.186,611.0,7921.000000000001
0.186,3499.999999999999,69909.0
0.186,330.6115545470242,2838.3856327144836
0.186,658.3572245063962,10431.160244227773
0.186,3499.999999999999,151314.59043991767
0.186,726.5977775898956,7779.726261578215
0.186,2378.404010190927,51389.131575599175
0.186,1917.9416049504741,50990.3422032055
0.186,2177.542820640302,93008.76457261933
0.186,2692.825028790718,135172.83313005356
0.186,2375.296361909215,123505.6466474412
0.186,1829.9778356643756,62833.95607733108
0.186,364.5074128042987,3741.964009958314
0.186,321.41095189803343,3098.3721532443456
0.186,607.8297274661915,4571.890540402273
0.187,972.0137267532594,12969.039822862265
0.187,1694.706299155337,35820.4962526469
0.187,1362.0668118708425,48703.77673240543
0.187,3499.999999999999,201186.3450833579
0.187,3499.999999999999,113592.0
0.187,2507.4585555329295,68245.60632861566
0.187,1491.6885303004858,43870.772744137845
0.187,2135.532720423642,98565.27725319906
0.187,3499.999999999999,178867.67617476836
0.187,1114.151938258639,15255.495705515226
0.187,1228.4144251839446,25558.565217946027
0.187,979.9364372907178,23798.92147454011
0.187,629.7023106198674,7192.14488174425
0.187,1544.199145188211,27068.1460761538
0.187,1396.6760428952157,27602.893008655956
0.187,3499.999999999999,139391.00000000006
0.187,2911.1540318741363,73258.70374959936
0.187,1524.4638401746363,22760.94358764591
0.187,2139.0829331147065,83995.54594815886
0.187,1879.2285651298516,54908.132567043256
0.187,2065.550774006778,54249.00920754224
0.187,1061.5719476323777,18187.019656887165
0.187,2234.051039313518,79576.35734242266
0.187,2327.289916402842,49259.57629701833
0.187,337.32217133915816,3334.307441528459
0.187,491.6218093072751,5370.139230496376
0.187,1680.6929185304948,35410.18104978186
0.187,992.8301260326417,20899.263326211538
0.187,1001.4977556081805,32805.404712988704
0.187,2314.843407230822,74206.3212132228
0.187,3499.999999999999,137667.14645971224
0.187,649.1861989018656,5675.688584166082
0.187,1676.9999999999995,80211.99999999997
0.187,1395.58130644436,21765.731796159784
0.187,233.80547470065792,2365.8609426591415
0.187,64.0,470.0
0.187,816.91088911005,8416.390834302818
0.187,1145.1268411442336,26804.375459940245
0.187,3499.999999999999,216029.99999999997
0.187,3499.999999999999,151048.77685701393
0.187,59.0,560.0
0.187,1483.2970501135728,29315.176450348
0.187,91.0,112.00000000000001
0.187,1135.0,17449.000000000004
0.187,1050.9999999999998,10621.000000000002
0.187,984.9410324839337,39661.27686200619
0.187,2320.2303266669874,80939.65565183999
0.187,1575.8704812929252,58066.078634789184
0.187,416.0,2446.0000000000005
0.187,3499.999999999999,143833.02185962535
0.187,1502.1697640413352,34343.638814196725
0.187,3499.999999999999,299840.9999999998
0.187,1536.4162847353575,21974.993515357397
0.187,3499.999999999999,103095.0
0.187,3499.999999999999,71354.99999999999
0.187,2169.6773953747133,80438.67502016673
0.187,2458.4740575065275,43712.38435013965
0.187,527.7552778621913,8787.368791024694
0.187,532.4471804789654,13017.214679031762
0.187,1390.7742448003555,35499.68860426805
0.187,2148.6041980783707,90445.85275179843
0.187,1605.0682228491103,50220.89505375227
0.187,1484.7624025638322,48409.65415663993
0.187,626.2743067286483,11526.192241640158
0.187,1684.341270352153,29798.66116570102
0.187,1729.0,36170.99999999998
0.187,441.472876877801,2490.5353634646717
0.187,845.5328913076453,11513.466882801697
0.187,3499.999999999999,178585.22437653525
0.187,2039.0,156433.99999999997
0.187,3499.999999999999,158089.00000000003
0.187,1083.6849719769807,17100.922568284397
0.187,272.92858546181384,3604.8230305451325
0.187,2071.4729059294987,74288.32651231281
0.187,698.9978499718179,12232.727925510068
0.187,3499.999999999999,168151.99999999997
0.187,2570.8151461514285,79923.88353197816
0.187,2630.5807196392248,120245.39612909447
0.187,1911.8815701740662,54755.79795036489
0.187,3499.999999999999,103031.6298568567
0.187,2269.03063002684,49538.78156555734
0.187,1599.9999999999998,26532.000000000004
0.187,1335.044816069043,29691.530364639937
0.187,3499.999999999999,147557.00000000003
0.187,1015.3807167757325,12964.623249443082
0.188,421.49580027589286,4955.271921926862
0.188,2477.79678169885,78117.56987421247
0.188,673.0,6251.000000000001
0.188,655.8806986413094,7448.036863779808
0.188,1957.4767091946449,49394.13809402901
0.188,726.0,14856.000000000004
0.188,2259.706836695642,73024.19236104123
0.188,1434.74882865496,27310.455300711164
0.188,1239.0593206138278,23560.463450450203
0.188,1882.949813457597,43607.12210178516
0.188,138.0,1626.0000000000002
0.188,2070.6055545904246,66375.03550188082
0.188,2143.2287867403525,43322.52633888384
0.188,2574.7318158803514,72411.48869118813
0.188,333.8352887278396,876.8044251713153
0.188,1448.8091303985948,31091.44138890911
0.188,1820.5438086732834,59059.333533721714
0.188,353.36100520572444,6059.509881170255
0.188,1891.0000000000005,28820.999999999996
0.188,1624.1918786058147,22856.731175042303
0.188,1773.4990419172077,33437.445247787284
0.188,1570.0787010732604,31769.403597282537
0.188,358.5851509149314,3527.5720317256423
0.188,1439.9728605078114,20955.799642322974
0.188,3499.999999999999,252502.00000000006
0.188,1438.7305556219603,31070.23312669361
0.188,1636.0000000000002,18505.000000000004
0.188,79.0,1144.0
0.188,1961.0500941663083,56737.768041610696
0.188,2100.833168054998,91479.04251794513
0.188,998.7492177719091,28097.44111124713
0.188,62.0,641.0
0.188,121.0,143.0
0.188,2079.0,88807.00000000004
0.188,2237.5617107781127,71699.22359567272
0.188,696.7067219327099,9396.643039462237
0.188,611.5386829998023,5854.908479332782
0.188,1817.1849177299778,39395.97549731936
0.188,2428.4768889161783,77268.05012422668
0.188,287.8188781421965,1129.188794952929
0.188,446.6542286825459,2632.967907134457
0.188,1046.2064805763725,14136.06455135233
0.188,673.4021648638122,13537.972938139723
0.188,238.0,1952.9999999999998
0.188,1286.1228547138667,24352.52037565428
0.188,1606.7788193078904,25613.301619469265
0.188,1325.4953790941709,33275.41942635737
0.188,1259.0662900110674,28592.710248352516
0.188,3499.999999999999,83011.99999999997
0.188,3499.999999999999,97439.79951744567
0.188,267.0,1748.0
0.188,891.4208021250046,22431.124743533404
0.188,154.0,179.0
0.188,1825.0,27257.999999999985
0.188,1238.8046657968316,22185.3316405232
0.188,2176.120401080785,34494.08549302329
0.188,1505.5063031591978,37592.81252341931
0.188,3499.999999999999,198876.34199924322
0.188,573.9686402583333,2349.115578254931
0.188,2892.2404532415135,139787.39963442466
0.188,2143.9090994750577,41973.616162891616
0.188,838.6759040493338,22801.064888394478
0.188,2668.145423323099,69836.57723571513
0.188,628.0358270035238,7744.812457380746
0.188,319.4839589087377,7028.654921106881
0.188,486.52632553912633,6553.834352638458
0.188,3499.999999999999,124584.35134204017
0.188,2566.5151470427763,100670.53543614429
0.188,2055.547141701891,60559.74148496953
0.188,274.10946718418904,3628.811375643544
0.188,3499.999999999999,103289.20116836994
0.188,3499.999999999999,173890.0
0.188,664.0783086353596,10149.346579952815
0.188,2772.950389922773,118898.71813112627
0.188,2478.576945469963,86065.62556209898
0.188,2341.1535618152,83603.5092146257
0.188,2135.532720423642,74918.20639871192
0.188,691.3922041312294,8555.166242021638
0.188,1071.5812102089087,14510.863117613648
0.188,3499.999999999999,69659.68223147266
0.188,1973.7304237132455,85563.53708884073
0.188,3499.999999999999,37923.99999999999
0.188,561.2486080160911,3053.7827362142193
0.189,581.0721350412582,7376.2655563518265
0.189,1304.1570277577448,45050.245213981994
0.189,2411.1200716679373,51991.33798047516
0.189,1114.7338152936184,34048.2610668116
0.189,3499.999999999999,224504.0
0.189,1056.5338542300033,20394.42098387958
0.189,1030.0,17767.000000000004
0.189,2203.292990049213,88156.50478552336
0.189,1009.0,15564.000000000002
0.189,3499.999999999999,175009.00000000006
0.189,554.526825320471,9618.590385290356
0.189,3499.999999999999,167764.99999999994
0.189,864.0022066684244,13337.626016341796
0.189,2048.0,33143.999999999985
0.189,632.4154188116737,6988.012989281971
0.189,973.4317623108325,10996.535623438771
0.189,912.3803558652081,18563.037338783222
0.189,2010.2940574331014,39720.94414085773
0.189,1047.6615115790353,33152.08580081024
0.189,364.705360530936,2412.5347665888667
0.189,102.0,850.0
0.189,1813.70500835081,70785.62682063381
0.189,719.261188838255,12429.409518951685
0.189,222.07199461352843,3455.3622696234997
0.189,1002.9999999999999,20917.000000000007
0.189,2348.3763645163913,115478.89001389356
0.189,1095.9242674564698,17605.926842969668
0.189,143.0,2843.0
0.189,3499.999999999999,128501.99999999997
0.189,910.157032313632,30982.804477875856
0.189,752.5142287865532,8317.25104778022
0.189,229.99999999999997,398.0
0.189,264.6605598172456,2391.849657127975
0.189,1002.6177358523481,17297.226635469386
0.189,1118.1899707371645,12824.14312481269
0.189,895.1737261559904,18761.23332832893
0.189,1309.9999999999998,8906.000000000004
0.189,1024.1022796193336,14642.87539354121
0.189,1025.695373880569,14384.140016003745
0.189,984.9410324839337,8389.428390743724
0.189,735.9214803795363,7274.338070500632
0.189,1939.416372628032,55203.378740319065
0.189,2342.3503795009433,87095.22584400179
0.189,207.80905800543997,1372.989608590044
0.189,2429.917694079369,24497.55216343052
0.189,732.5574898480763,17212.946183613654
0.189,740.0000000000001,18551.999999999993
0.189,3499.999999999999,185977.99999999997
0.189,1315.4811811614622,25913.149536403973
0.189,1229.0345804736332,25192.97568767929
0.189,2503.697266044758,55779.52985639086
0.189,2207.9088587654087,72377.097069284
0.189,476.9696007084728,9677.561779704634
0.189,1886.6637220236146,75202.24996634078
0.189,1976.3602910400725,30509.80167093848
0.189,545.8195452622333,5345.011379374733
0.189,851.6660288180051,8968.520069288712
0.189,1642.5056728182496,42924.55104097003
0.189,620.4836822995428,17397.752728441686
0.189,1172.9999999999998,37247.000000000015
0.189,3499.999999999999,138516.99999999997
0.189,611.7633882354181,12043.0106090671
0.189,1607.3978594216403,46162.05126670563
0.189,1276.876680748496,32182.50879118267
0.189,3499.999999999999,99865.99999999996
0.189,3499.999999999999,137569.0
0.189,904.7129315487452,11413.500434902508
0.189,1047.4235055601914,23777.990852887466
0.189,2404.606315488276,102170.08442598367
0.189,3499.999999999999,30330.000000000007
0.189,1313.3510574100133,37634.287690881036
0.189,298.0,3418.999999999999
0.189,802.8691275775641,12163.660050655739
0.189,2293.1310877619944,98781.05811542286
0.189,645.9423758534543,10377.74632593412
0.189,1464.7525388269516,30936.419217485392
0.189,721.8266376275615,7074.463457003652
0.189,3499.999999999999,101642.05743477795
0.189,828.251169633946,17564.875234398896
0.189,139.0,480.0
0.19,1074.9999999999998,12940.000000000004
0.19,886.1267852591741,21756.1321612563
0.19,989.9494936611663,16683.79105599204
0.19,966.9999999999998,21429.0
0.19,1401.2494424619763,24161.805685834
0.19,1213.8892041698036,20030.1766342686
0.19,1050.9999999999998,50491.99999999998
0.19,312.00000000000006,499.9999999999999
0.19,3499.999999999999,81237.99999999997
0.19,1302.3411603833247,27037.941941560945
0.19,2201.6439115769913,75003.4257244696
0.19,1875.0,46947.0
0.19,1577.8700444017982,36664.24117885173
0.19,1237.0,32015.000000000007
0.19,592.5200719579522,6054.787455112242
0.19,793.3130109585189,16543.730611028062
0.19,1763.473147679805,46819.27046652123
0.19,964.3149974667825,12960.77999280443
0.19,682.1539415703761,19951.23332027372
0.19,1740.9190547067421,23609.79148786045
0.19,3499.999999999999,89991.00000000003
0.19,242.48917501612314,8891.757081702128
0.19,3499.999999999999,115196.90721542825
0.19,3499.999999999999,187611.99999999994
0.19,1726.3817256798998,39281.29715340909
0.19,404.4100662679731,5329.859921881863
0.19,3499.999999999999,213692.6882183852
0.19,1130.4936974614232,15429.318585083405
0.19,940.9105406772627,9573.869136241156
0.19,1248.8522798466206,16081.608844855447
0.19,2514.8558606806873,114045.17929312057
0.19,1934.525787017797,70880.33543772157
0.19,686.0518237830073,7201.433121067119
0.19,1437.7012902546899,22799.72719135035
0.19,2114.1192019372984,47535.88434014877
0.19,589.5778150507363,7477.736689667535
0.19,1707.8660841244105,50752.08493411544
0.19,3499.999999999999,75726.00000000003
0.19,1994.0000000000002,53904.0
0.19,1781.23110971716,30158.08398283527
0.19,1089.0,13320.000000000002
0.19,1546.7572270601713,49083.38891839902
0.19,3499.999999999999,174116.0
0.19,2312.113156620483,77954.45841988608
0.19,1688.273970657606,31844.406416198104
0.19,3499.999999999999,180250.00000000006
0.19,1297.3896870254518,22538.690645199422
0.19,3499.999999999999,71468.76582815737
0.19,2150.1607665520933,48017.17303347097
0.19,1639.3604982359204,39558.68472889588
0.19,157.15597347857957,414.3404397352496
0.19,1851.9999999999995,31539.0
0.19,1970.1883202474853,74510.74847837242
0.19,308.92328506854403,2431.8939966439193
0.19,1862.0749462452345,76927.11724313734
0.19,1606.9033103757893,37788.44125787625
0.19,1302.3229246235364,40440.27512270411
0.19,1118.0000000000002,17905.0
0.19,3499.999999999999,163043.8928908409
0.19,1361.9357931052893,24695.41608246047
0.19,3499.999999999999,78227.0
0.19,3499.999999999999,163617.99999999997
0.19,571.1388851371142,5775.193475482419
0.19,3499.999999999999,107791.99999999999
0.19,2416.195356340211,79119.38298546066
0.19,3499.999999999999,198369.9999999999
0.19,359.8610843089316,2717.490754354096
0.19,829.2097955989852,17234.136182757597
0.19,1904.4456114701968,66603.32713413579
0.19,876.4054399245206,7525.196176064233
0.19,432.17589011882654,3139.4394404097043
0.19,2398.9434006414176,82427.83108479108
0.19,445.0,11118.999999999998
0.19,2184.147430921274,90493.00540373274
0.19,717.9410053353398,12541.031893629823
0.19,1624.0112959975277,62035.584197877324
0.19,1921.5878850575627,44068.94053639137
0.19,1694.6648835040246,30093.673090174645
0.19,3499.999999999999,111683.00000000004
0.19,2017.0000000000002,60742.99999999999
0.19,920.5416572681733,25440.020881570235
0.19,1111.269044169244,32886.659878908846
0.19,1161.044357464434,25102.00619472476
0.19,3065.2444863944297,96737.75970883609
0.19,1837.7975949489105,27092.099918610977
0.191,2966.4051726076295,126927.98097152765
0.191,445.0968740826765,6110.257238882472
0.191,1029.0,28260.000000000004
0.191,1058.0,22555.000000000004
0.191,2392.9061828663494,104205.7042584522
0.191,2085.7852238425694,62892.9491755634
0.191,1660.6383329153625,33865.90528796027
0.191,528.6426764302898,9918.586392147534
0.191,738.0,8988.168222724798
0.191,182.0,1604.0
0.191,982.9781057862912,26133.641111624263
0.191,1705.9999999999995,22482.000000000004
0.191,1839.0,52015.0
0.191,3499.999999999999,66600.00000000001
0.191,733.1787323313239,10785.389647167007
0.191,1377.9999999999998,22629.999999999993
0.191,2675.824417626351,95283.48774248284
0.191,1290.6000453445029,25419.584077396285
0.191,3499.999999999999,95073.0
0.191,974.0,9957.999999999998
0.191,1166.6340580908593,23798.273529354734
0.191,220.00000000000003,5338.000000000002
0.191,1427.0000000000002,22773.0
0.191,1345.0,22286.999999999996
0.191,811.3877001779113,11202.123548684867
0.191,1589.7462775664512,49065.16833617465
0.191,1312.549817852075,33294.91162228962
0.191,3499.999999999999,171308.0
0.191,2193.0065317874446,48713.22148964533
0.191,1183.9999999999998,26930.999999999993
0.191,2100.738034377511,61230.395913802524
0.191,2363.204287778681,87260.08148907991
0.191,590.0110119557244,6505.574879485225
0.191,1611.4819640629921,44974.07728168142
0.191,1955.8885448818398,58944.421720804065
0.191,1814.0000000000005,54946.99999999999
0.191,3499.999999999999,119014.00000000006
0.191,3499.999999999999,221766.99999999997
0.191,436.69325618791044,2762.7902562445806
0.191,2107.6060638969216,39259.49525543688
0.191,3499.999999999999,122157.15482934265
0.191,1969.2638218379984,51240.108743054
0.191,994.5762842933391,9489.436491925682
0.191,2029.0,48164.99999999999
0.191,1136.4418154925484,11989.509164265235
0.191,2552.1448057755274,81521.86820957242
0.191,1299.1611945900527,18804.77649507731
0.191,2404.005172020969,55877.912040709394
0.191,2912.5987735663207,131600.58824262454
0.191,1325.1297855172006,42184.365115386354
0.191,3499.999999999999,150133.24094668156
0.191,1963.0333670113707,69658.29374166437
0.191,1050.9999999999998,18862.000000000004
0.191,2929.8249923620983,69748.54245040189
0.191,3499.999999999999,93429.29433534214
0.191,1076.0000000000002,15262.000000000005
0.191,2834.361084881983,131765.1381772512
0.191,1102.0208709457363,22104.314058572378
0.191,459.3976425663638,5013.9851385991715
0.191,318.775783270938,3941.7009018950184
0.191,612.5158222207336,12906.067219618226
0.191,3499.999999999999,206309.1411135241
0.191,1819.135773651551,47176.53546132292
0.191,2219.909908081857,58935.385440327766
0.191,1399.0,24558.000000000004
0.191,689.9275324264134,4745.798141514238
0.191,3499.999999999999,169720.2617132086
0.191,1405.4707396456179,15799.261628316688
0.191,125.0,153.0
0.191,1528.074082456659,28023.724063683396
0.191,1162.5262282556246,25788.37076729575
0.191,3499.999999999999,131409.12560397008
0.191,2462.5209356873997,99067.16729440412
0.191,330.0,6422.000000000003
0.191,1723.0,33449.000000000015
0.191,65.0,462.0
0.191,3499.999999999999,282272.99999999994
0.191,1050.0,41679.0
0.191,1258.0961807429508,21892.083569180893
0.191,3499.999999999999,182864.0
0.192,1025.0,9020.000000000002
0.192,2063.186856156925,55464.229264122005
0.192,1011.4107973029109,17643.194201664566
0.192,1056.6947895049516,10615.049414478683
0.192,873.9999999999999,16268.000000000007
0.192,2014.7550905899025,69481.2111793444
0.192,1469.3379322312971,24289.578496041548
0.192,535.7238094391548,3425.434279036747
0.192,1593.8653106367487,33893.04640342685
0.192,561.0,1505.0000000000005
0.192,1554.051506790544,43594.05850393389
0.192,1800.277756347614,40618.12285175178
0.192,1522.0123168427258,35024.80126035933
0.192,546.1221823554669,7814.534453242628
0.192,2270.9855993147503,70029.857821488
0.192,779.5422817301328,6981.11942731834
0.192,1387.0,21880.999999999993
0.192,1018.9999999999998,18577.0
0.192,1977.24555885201,36651.81509830039
0.192,3499.999999999999,149297.64959971746
0.192,1288.2429895015925,38594.575123973045
0.192,667.8764977456898,16001.215315651567
0.192,812.1436385950141,7463.396138088973
0.192,3499.999999999999,188726.00000000006
0.192,2378.9703655153007,75868.20592316652
0.192,2079.5218560088488,62045.54427048058
0.192,1108.0000000000002,25837.00000000001
0.192,1887.9999999999995,57339.999999999985
0.192,3499.999999999999,27314.00000000001
0.192,1565.6390274204746,34706.324228029545
0.192,1302.640403126236,23721.2717698969
0.192,2140.5591066242177,53805.10657611121
0.192,3499.999999999999,176161.1979182702
0.192,3499.999999999999,131015.71850922014
0.192,2377.498685593748,108737.37874346612
0.192,97.28309205612248,191.70289512680813
0.192,976.5346615769527,15976.903662039564
0.192,1592.9999999999998,31690.999999999993
0.192,1219.1059919955198,35466.5668458508
0.192,699.7899684905465,24795.185258432735
0.192,2009.7263495311995,65229.30019554095
0.192,1367.0000000000002,90095.99999999999
0.192,3499.999999999999,237632.99999999994
0.192,1294.0,40719.000000000015
0.192,68.0,705.0000000000001
0.192,2143.2826067642595,46870.22684274336
0.192,1219.0000000000002,38755.000000000015
0.192,944.0143395312928,23752.754034094316
0.192,224.0233497803053,2562.4967391786504
0.192,640.6083489624135,5657.8694020178455
0.192,748.864473720045,4056.84606560318
0.192,3499.999999999999,139071.49536695294
0.192,1363.3249795995084,42965.46594650175
0.192,742.0505373625168,14554.22048754244
0.192,2469.919027012829,76942.10509207557
0.192,1359.411637437314,44048.7440910635
0.192,699.0000000000001,16542.0
0.192,1855.9999999999995,31199.0
0.192,664.0783086353596,4784.393901007735
0.192,2461.1734547421856,67185.06023229254
0.192,2755.697894147959,81422.43524593707
0.192,681.7221343492528,7832.636362608568
0.192,1164.5260838641611,16541.854007335445
0.192,206.12326490157145,1767.9505831686445
0.192,3499.999999999999,157757.0581115153
0.192,1809.199823126235,28088.087296930695
0.192,3499.999999999999,218340.99999999988
0.192,919.9637666889471,14515.013148616177
0.192,1005.0000000000001,21995.999999999996
0.192,2002.1120707865882,63010.18875306968
0.192,900.8695300082258,13333.258999679476
0.192,937.6057599205651,20881.642259273733
0.192,320.1296612311955,3933.0639455772903
0.192,1363.0,28521.999999999996
0.192,1531.3392831113551,60510.97897076196
0.192,773.9856640150005,10683.298404487145
0.192,611.074429999106,14614.57243598307
0.192,1436.144491337832,34865.76756648276
0.192,1511.3434421070547,32996.67642354303
0.192,2065.550774006778,58064.528276737045
0.192,718.8489181244415,11026.738852975082
0.192,3499.999999999999,252618.0000000001
0.192,1686.8609901233715,67706.81373392194
0.192,2301.1953415562093,129016.75751622349
0.192,1680.9099210721386,42165.40998205953
0.192,1680.0446416708946,41681.721606785846
0.193,469.57427527495577,12250.999387805057
0.193,3499.999999999999,147809.99999999994
0.193,1123.46602040003,27727.36198351537
0.193,3499.999999999999,72976.99999999997
0.193,771.1828162103851,11834.102558465953
0.193,1701.156076383,63246.68605779653
0.193,1169.2950867937482,28643.82891653978
0.193,2100.833168054998,101563.93295850653
0.193,3499.999999999999,206596.99999999997
0.193,289.7878534376485,1723.8230767686105
0.193,1178.8462514823157,19939.34563436914
0.193,1125.361765107278,16524.393439493542
0.193,985.8972710126219,9176.21354591645
0.193,1177.0000000000002,27469.575242438663
0.193,2694.5133207871017,103563.11372279654
0.193,2249.4446047884144,81064.89111524755
0.193,1389.5074666945836,39849.926474210726
0.193,1578.6069808536893,29976.53832583074
0.193,1415.3709761048515,27640.554155081634
0.193,728.310236263547,9396.808534294256
0.193,331.0,1064.0000000000002
0.193,2894.679105706493,102951.57022523732
0.193,1098.9999999999998,81023.99999999997
0.193,2093.3227175951633,39881.445685932704
0.193,878.2463863317412,15287.494108953788
0.193,986.9999999999999,39879.0
0.193,186.79400418642993,1536.3957823425574
0.193,2411.647662607983,91042.63217953513
0.193,1174.0,21211.0
0.193,3499.999999999999,243873.99999999994
0.193,1497.8317662541408,30813.12770557379
0.193,3499.999999999999,123864.99999999999
0.193,1492.9430717743944,33284.271685425905
0.193,1430.0,8831.999999999996
0.193,1842.9999999999995,142922.00000000006
0.193,931.9299344995815,8406.55841030194
0.193,2252.5403406501837,58683.1139282279
0.193,3499.999999999999,110357.05150100266
0.193,278.24090281624666,4518.805151807278
0.193,1306.0,65595.99999999999
0.193,2298.151431041914,91704.8249657563
0.193,2931.719074301946,130076.8636910822
0.193,2855.183057037933,101057.4070463116
0.193,1859.5698427324533,61793.64627532511
0.193,3499.999999999999,173243.2088625698
0.193,2329.549422595227,57832.537257182594
0.193,387.2464143917957,6175.680244657346
0.193,1916.1158628851229,55224.44862558609
0.193,1889.8582426829605,35902.05349214204
0.193,1598.569985956198,25933.591691086665
0.193,267.0190618886749,3441.4754336559718
0.193,97.0,470.0
0.193,1387.0,43278.000000000015
0.193,1513.0,48210.99999999999
0.193,1325.567048473973,27117.400022863552
0.193,2013.2063977645216,45636.12472592298
0.193,1721.8096601479594,51529.64675852173
0.193,580.9999999999999,13853.000000000004
0.193,1538.0,14566.0
0.193,1287.9642852191207,44601.881574660045
0.193,3499.999999999999,222525.99999999997
0.193,1597.180526451037,40126.9962486289
0.193,316.1945603580176,3386.743568680687
0.193,273.0,669.0
0.193,1361.5491177331794,49046.42278494938
0.193,1794.2724321721864,56411.22596267303
0.193,1079.3041246027362,13860.359092695273
0.193,2211.561040921133,64233.81666671283
0.193,3499.999999999999,150436.18102039155
0.193,2124.7081490765745,45109.47782324818
0.193,989.132321409659,42449.245758597535
0.193,3499.999999999999,238382.99999999994
0.193,1416.558173835126,29090.166958759408
0.193,3499.999999999999,164387.00000000006
0.193,1526.9541577925643,37391.806388565936
0.193,1639.956088949216,30655.3743465596
0.193,2134.390094657897,57849.51967068127
0.193,2388.8399980169856,88015.44396089841
0.193,2088.0000000000005,88882.00000000004
0.193,413.6943316024527,7056.076105031744
0.193,1093.0,7410.999999999998
0.193,2252.7760652137617,63304.4205249523
0.193,3499.999999999999,109873.85375966382
0.193,3499.999999999999,141354.28839267668
0.193,2259.025083979387,94971.57835408446
0.193,1771.9999999999995,42662.000000000015
0.193,164.0,2037.9999999999995
0.194,1128.3705065270003,29709.62083231625
0.194,762.2335600063799,13363.803014112409
0.194,1879.2285651298516,70304.15145636852
0.194,105.45141061171255,1653.9552593707
0.194,2515.8986784796116,100047.12920209378
0.194,2196.92967570653,73809.30484701773
0.194,400.9276760250662,8365.5954199703
0.194,3499.999999999999,189210.9629963337
0.194,381.12988285940753,4105.1301220431615
0.194,1452.1964333909257,24207.36787835941
0.194,1295.2676061804023,15389.94932238504
0.194,552.025361736216,14469.521346609923
0.194,1894.3952806698721,42996.90804344198
0.194,86.0,96.0
0.194,66.40783086353596,98.83319280484669
0.194,3499.999999999999,163171.99999999994
0.194,401.8033100483554,4525.60039410049
0.194,1459.8980614257855,42564.93422863006
0.194,1843.3137748030954,75251.63928112578
0.194,937.283308290508,16495.05125787732
0.194,396.8021694947286,2145.651292926359
0.194,3499.999999999999,21782.999999999993
0.194,3499.999999999999,241745.00000000003
0.194,126.0,213.0
0.194,2156.7840517121626,61513.3785471632
0.194,1648.0291259562125,62941.86158670555
0.194,2048.375378558471,58115.784074084426
0.194,1040.9103407416028,21140.06717001152
0.194,968.0000000000001,35989.0
0.194,2114.9468078417476,47865.26653012603
0.194,474.3344325737168,2828.2798955004764
0.194,1692.4262885991386,21100.884879658257
0.194,479.96249853504185,13524.218276854293
0.194,883.0000000000002,14424.0
0.194,1233.3028825069694,34511.43879933145
0.194,1342.3985995225119,27106.354642408103
0.194,687.4985118088706,10267.49667154227
0.194,680.376550385392,19296.73282182344
0.194,1177.0000000000002,37839.999999999985
0.194,526.4272408667722,10406.119786670952
0.194,2396.5600347164254,121611.16205348917
0.194,3499.999999999999,153524.99999999997
0.194,789.8124855383364,3972.622780812344
0.194,828.323902620421,8573.257888134378
0.194,1303.0,46170.00000000001
0.194,1087.9885109687507,17959.55634195901
0.194,2210.429822455352,82729.2588628715
0.194,1851.850595233715,41188.74777073527
0.194,822.0963118482208,15042.712847668447
0.194,2151.1324077529544,87339.09038096512
0.194,2245.9435756976186,81063.46120492733
0.194,868.6589194232898,18977.150796946153
0.194,1896.87352853786,71874.18037872438
0.194,1094.0,10696.999999999996
0.194,3499.999999999999,278671.9999999999
0.194,1219.0000000000002,11902.999999999995
0.194,1245.4650770023209,24203.274898425483
0.194,3499.999999999999,224515.99999999994
0.194,1136.4418154925484,26518.013971638207
0.194,1130.4278699471943,33170.8808298371
0.194,184.0,1294.0
0.194,620.3680280668426,8914.819434680265
0.194,1265.8348972170418,24040.856978842246
0.194,1345.0,33614.99999999998
0.194,1238.2906554978258,14209.114343933006
0.194,2345.986812714418,70990.14410027071
0.194,1027.6786891308961,29852.01973039948
0.194,1361.5706647981135,21338.971894950202
0.194,626.0064849774083,11278.909782526209
0.194,3499.999999999999,195980.00000000006
0.194,1013.5651545258753,17739.260836601963
0.194,484.25200051213,11096.272211873675
0.194,3499.999999999999,237699.00000000003
0.194,2619.16017074176,70910.80675045238
0.194,3499.999999999999,192196.30568770046
0.194,826.3897385616544,10045.977652772279
0.194,2135.532720423642,115272.25371267802
0.194,1388.2242293084946,20520.06193784539
0.194,2326.535771853474,63220.96918962752
0.194,1033.061554146507,20091.028690904936
0.194,3499.999999999999,66957.91178046104
0.194,589.7342358825565,6907.511673057146
0.194,1547.9999999999998,37554.0
0.194,1830.9999999999995,50711.0
0.194,510.7629919483557,10430.692475234391
0.194,1458.2238155673656,22891.78510607733
0.194,1698.3166565485856,21454.797061082794
0.194,1693.8554290342158,39417.37480792451
0.194,3499.999999999999,226595.05176415492
0.194,3499.999999999999,272421.77152349625
0.194,934.3083470607405,12807.03296283149
0.195,1284.2267046642414,36155.00027224348
0.195,2863.1484391286863,108304.32390203443
0.195,661.4378277661475,5080.838513473931
0.195,3499.999999999999,135671.00000000006
0.195,1093.0,22897.000000000007
0.195,1135.0,17003.0
0.195,2609.7892635230146,67019.53364505008
0.195,2504.232829217981,83151.54698384898
0.195,974.7948959757072,16526.990280462694
0.195,80.0,91.0
0.195,2609.8037357528337,88788.44955150086
0.195,2433.9081438494327,74008.55424110607
0.195,249.33661861875893,3147.7897536692426
0.195,1387.9999999999998,25911.000000000015
0.195,2260.5309110914627,77725.7982654408
0.195,2472.0436889343196,33840.28486877732
0.195,1857.9358146597067,62946.97585413871
0.195,1477.3562994709935,36774.513035484626
0.195,69.9714227381436,773.199844800812
0.195,912.3803558652081,17281.006966919595
0.195,1709.0723740050598,70425.46930224216
0.195,2882.4215911848237,64276.40996335417
0.195,696.4009090454188,8250.877374015945
0.195,933.2507701577322,15772.398834673182
0.195,1038.00206167155,18550.21866798829
0.195,2189.095208506836,74106.10210225295
0.195,1301.8763389018386,45665.3929247041
0.195,1358.1752464244073,27637.250225013344
0.195,1301.6739436231119,15333.28293835811
0.195,2543.4855993889887,64143.15788254495
0.195,3499.999999999999,199369.99999999997
0.195,1597.0000000000002,22797.999999999996
0.195,1415.0000000000005,21884.999999999993
0.195,1879.2285651298516,53022.60408542756
0.195,673.3635713854623,13507.964770854976
0.195,380.0,2123.9999999999995
0.195,737.3960943753364,10715.932250625696
0.195,1297.4975915199225,28086.447212134186
0.195,2692.303846151099,148632.95488551652
0.195,1676.9999999999995,36476.99999999999
0.195,972.111104761179,15527.50433907523
0.195,709.1860672107334,8885.298143235752
0.195,82.0,1468.0000000000002
0.195,1982.0,56698.99999999999
0.195,1851.0000000000002,40439.00000000001
0.195,1956.7007676520284,47181.88060599396
0.195,163.0,1819.0000000000002
0.195,1063.0000000000002,28207.999999999985
0.195,3499.999999999999,113178.72728123423
0.195,68.0,801.9999999999998
0.195,1521.0000000000002,58782.000000000015
0.195,384.81106938715766,4333.04485726933
0.195,1555.0945107953953,46683.11553450475
0.195,3499.999999999999,65430.000000000015
0.195,775.8865896508328,6942.231197532965
0.195,1261.0,28298.000000000015
0.195,1353.0000000000002,41062.999999999985
0.195,2346.728509511453,105567.94449657752
0.195,617.6568626672904,11588.433543840165
0.195,2651.0734941148917,75479.1884621459
0.195,866.3140308225417,35383.74909474687
0.195,1718.2010262636052,37818.08252694007
0.195,190.8210086347482,1370.8859011652073
0.195,1491.1723054377408,22077.868374327485
0.195,1597.0000000000002,39610.000000000015
0.195,897.7391814999746,32683.320858486208
0.195,114.99999999999999,1787.0
0.195,3499.999999999999,71078.99999999999
0.195,899.1662805065589,13261.842443642592
0.195,1282.657397748908,30274.915557272834
0.195,1210.6719001066222,30673.698796172288
0.195,183.10499911631962,590.2913049656119
0.195,92.2767576370128,341.8245163823098
0.195,723.6759026797463,7770.480270470201
0.195,2384.8480035423636,73960.17755522224
0.195,3499.999999999999,109863.99999999999
0.195,863.4234187233975,5773.680195507886
0.195,2065.0,38766.99999999999
0.195,411.34999036412364,2815.660378399312
0.195,218.23152842795196,664.3899457396988
0.195,1820.433821633835,42411.9653823579
0.195,677.1262806892079,4501.449766464133
0.195,1350.2199820769945,23306.37314126759
0.195,1923.718985993803,52903.16261685912
0.196,671.1259196305862,18565.369051004618
0.196,1592.0000000000002,58872.99999999999
0.196,1837.7975949489105,84481.21021860422
0.196,1230.0000000000002,7967.999999999998
0.196,729.0857288412661,9033.680313139272
0.196,1323.0464844441406,31111.986516453766
0.196,1510.2644594044357,39575.073470728625
0.196,2269.03063002684,42418.121033350835
0.196,788.2233186096437,13641.2334486292
0.196,2028.0,46049.99999999999
0.196,3499.999999999999,172945.14039717912
0.196,1486.5547416762024,31506.152542003594
0.196,2098.0,101367.99999999996
0.196,80.0,86.0
0.196,1434.8271511041296,24827.223252093438
0.196,1342.1671754555475,38233.46844195732
0.196,844.9999999999998,10823.999999999995
0.196,748.6382766180776,18399.683987906446
0.196,1897.761839641634,87550.99022855195
0.196,1291.2778196965667,16298.556566265885
0.196,2096.66401695646,77700.60840817144
0.196,864.0939648318687,15001.322818984348
0.196,612.5520298510827,7804.068706090618
0.196,411.31838153625864,5937.2363842935365
0.196,1250.2139408449104,26671.11885851876
0.196,2014.9999999999995,25944.0
0.196,642.6507605223851,3725.4417187764466
0.196,94.0,102.0
0.196,1479.6425189707159,35039.04122288813
0.196,833.9505287169642,8181.182259936647
0.196,2284.314493915082,70793.06193370471
0.196,794.8100695082244,7230.720349399546
0.196,1941.5200230747039,57152.29095145705
0.196,231.99999999999997,819.0
0.196,1219.631091765047,33849.26539823279
0.196,1065.9999999999998,27124.000000000007
0.196,1876.140757000987,22012.209813541354
0.196,1592.4721244567133,28662.990509851483
0.196,1050.9999999999998,18484.000000000007
0.196,779.5562840488171,12702.665547041686
0.196,796.0508498444912,23760.24427450755
0.196,491.4264950122245,7645.25735341852
0.196,845.0554916115241,20417.974700785446
0.196,1170.2333100711153,40386.66702019368
0.196,3499.999999999999,229876.99999999994
0.196,1326.3962997948086,20850.01818180884
0.196,2251.9991119003575,50011.841057893485
0.196,2514.6078118197133,84823.48958858613
0.196,2433.9081438494327,92083.74640227485
0.196,1620.6792990211532,49886.888031013485
0.196,975.3742153281767,19011.960796963103
0.196,3499.999999999999,123137.66617895603
0.196,1518.3545293512082,29737.249758702317
0.196,413.9987922687698,1843.9558020733575
0.196,2349.361615418112,46368.90752433139
0.196,2054.2560398630517,28102.92705689602
0.196,1936.1043360315061,68421.01681501084
0.196,3499.999999999999,115407.49972163854
0.196,133.0,159.0
0.196,1646.0199757712007,35512.965224638705
0.196,3499.999999999999,128036.26217599444
0.196,1964.8155129680752,52036.76032383263
0.196,374.9879998079939,3702.0696914023647
0.196,2504.3961347997642,85578.64004528233
0.196,92.0,95.0
0.196,1813.6493225761183,38871.69056521361
0.196,742.0,4592.000000000001
0.196,823.7381382695143,8626.552828103948
0.196,345.66887567119284,1945.6333330371738
0.196,2684.4925032489855,80833.35737800335
0.196,673.1937075013302,15865.970826673598
0.196,1284.775855937525,36566.62228043495
0.196,909.0,9789.999999999998
0.196,1110.875455764176,16939.8897930455
0.196,1513.249612748214,39142.47988890499
0.196,1736.9095625049258,48004.76127928326
0.196,249.03011866037406,1166.1689414488792
0.196,1473.6670136621071,15431.529321588278
0.196,1232.9416011001883,36564.88412611961
0.196,3499.999999999999,184901.60025537896
0.196,2277.96822519085,119232.97790950161
0.196,2338.1616710569865,80379.88971129537
0.196,1805.912698046453,64555.269446828046
0.196,1327.8053768350353,15361.266488333786
0.196,3499.999999999999,162397.00000000006
0.197,65.0,770.0
0.197,2276.000299171433,56247.76009457155
0.197,1645.2456713012843,29763.130553487532
0.197,3499.999999999999,151323.71055455928
0.197,1431.0000000000002,51692.00000000002
0.197,2938.835517665886,80493.90057600256
0.197,221.53329320894412,3317.2933243836005
0.197,1184.1845760151998,24532.353175559812
0.197,324.86304806795124,4207.779699556525
0.197,1220.3276952076478,17798.581527239166
0.197,2679.27228926065,46618.312882385624
0.197,1208.9999999999998,17415.000000000007
0.197,1067.0000000000002,21095.0
0.197,1597.0000000000002,24749.999999999996
0.197,2090.5026669194353,36523.30005279445
0.197,891.0472248336251,15842.939982918611
0.197,3499.999999999999,72243.99999999999
0.197,493.58484579654595,10159.919783147896
0.197,1790.2050419740162,51336.35686158575
0.197,3499.999999999999,193191.99999999997
0.197,352.80022675729674,6181.412136397313
0.197,3499.999999999999,199918.0000000001
0.197,264.526954822932,2042.4596859207363
0.197,1430.863636801696,33300.52928291135
0.197,2790.5934341447155,105348.55927897393
0.197,389.0,3364.999999999999
0.197,1143.5711608815604,26504.309706159103
0.197,1271.3795656687266,45511.665120054684
0.197,1028.0,22343.0
0.197,2334.0553321258303,71467.72567838411
0.197,2670.681885250801,73980.40578137206
0.197,1191.9999999999998,34877.999999999985
0.197,1096.6142296323064,26083.214795594136
0.197,3499.999999999999,155268.00437693798
0.197,1410.0,47685.000000000015
0.197,499.0,20439.999999999996
0.197,1166.0943110745598,27891.156436587873
0.197,1009.0,36484.0
0.197,1328.913842203474,20025.887246262035
0.197,791.8030058038427,13753.63842770342
0.197,2891.2638398114523,98383.65947566443
0.197,558.121850495033,4628.229251020307
0.197,2065.550774006778,97574.50627084925
0.197,2361.465024482592,111874.27572829898
0.197,1571.0,30653.000000000007
0.197,1829.6528550114858,30822.02161672408
0.197,1688.4511885878408,42398.07021049008
0.197,3499.999999999999,102613.73694015574
0.197,2170.7470354752318,73894.40943024421
0.197,591.3001973285704,7585.764593561859
0.197,798.9999999999999,10927.0
0.197,1705.3537104098634,47342.27527527655
0.197,1873.8675235435562,47070.830046390765
0.197,2149.5792578525306,37963.774647730585
0.197,2169.6773953747133,74136.05956810011
0.197,1450.0,20283.999999999996
0.197,1657.769901986122,30503.77124808506
0.197,1030.796269875796,18467.341353022864
0.197,621.7745597808408,13558.549194004403
0.197,1324.0000000000002,18790.999999999996
0.197,1508.3103128998355,47947.8553222144
0.197,1060.2115692562006,26269.536561384673
0.197,2575.9868646643677,73057.86536132029
0.197,2588.608943786925,99210.13247278481
0.197,2094.155344439801,53191.76656586205
0.197,1713.0186753617413,44397.190957849496
0.197,1089.2676417621728,27487.435661187053
0.197,770.0,6552.000000000001
0.197,457.0743921945311,2113.391113826307
0.197,1270.7603549821276,17954.87833421136
0.197,2402.4490625219128,57413.380394032836
0.197,866.7092330835393,13394.09533086087
0.197,769.656959468714,16263.460247600548
0.197,1490.9247726746567,25454.737086445595
0.198,2062.04430703918,69540.77601482303
0.198,1471.7356346888903,21676.135650801425
0.198,2296.627962905616,29941.09725778265
0.198,2798.436627257342,196303.92067975903
0.198,1692.5388703838867,39063.00115315346
0.198,1530.6356807168395,59724.273330472795
0.198,1914.2947681206256,63274.26114675614
0.198,1078.9870249451567,19513.987265548792
0.198,1613.0,44633.99999999999
0.198,1219.1835067009624,18810.94135039244
0.198,1345.0,27185.000000000015
0.198,1779.438024841099,19824.32863184036
0.198,2580.6627506361606,76515.83748035654
0.198,1345.7837864976677,31995.922990281135
0.198,319.0,1597.0000000000002
0.198,1271.9999999999998,22943.999999999993
0.198,3499.999999999999,283528.9999999999
0.198,1974.9999999999995,43742.999999999985
0.198,1394.609572649261,34982.31593396558
0.198,2135.532720423642,45818.74760401032
0.198,723.8257364411362,9360.108379587597
0.198,1578.6218493121999,31758.27777324862
0.198,1480.7241471658385,35918.146388698864
0.198,1934.514475527927,32942.04925926598
0.198,1165.0670140185741,21635.79994556973
0.198,1932.2239916798342,58796.02522589879
0.198,1548.9999999999998,15071.000000000004
0.198,2104.578107476817,31473.42513958468
0.198,3499.999999999999,100795.99634410083
0.198,2403.0454813448882,90677.62425830663
0.198,3499.999999999999,185255.00000000006
0.198,3499.999999999999,58239.00000000001
0.198,158.0,1042.0000000000002
0.198,2721.7943393998335,113434.99331195044
0.198,69.0,86.0
0.198,1421.4978016163093,49579.73505374951
0.198,1377.717378935826,22586.891773733987
0.198,211.0,6199.000000000001
0.198,2300.434741521697,109605.43606956721
0.198,3499.999999999999,73250.00000000003
0.198,1009.0,34987.00000000001
0.198,3499.999999999999,48846.00000000001
0.198,3499.999999999999,227467.0000000001
0.198,1453.9959773199841,39443.32738408463
0.198,624.0,8306.999999999998
0.198,625.5619082206649,7470.130861837013
0.198,1962.6559389224908,49672.447106294814
0.198,2001.8741219167598,73492.65435402373
0.198,2896.1403271084746,84931.53939061616
0.198,1886.3513119540357,34221.660937179164
0.198,3499.999999999999,111538.00000000001
0.198,604.4139840819264,7151.824377382301
0.198,3499.999999999999,220720.84409950962
0.198,295.3148109166606,1156.1724578376084
0.198,669.0706175157599,9330.596198862411
0.198,1923.4084329647721,75540.05837964384
0.198,2717.9305012349587,67354.03550305264
0.198,2086.795184384495,58840.000981924786
0.198,1106.7447848922077,25102.807840253947
0.198,3499.999999999999,157279.29888248068
0.198,711.7711706975932,8472.138182234894
0.198,3499.999999999999,206847.99999999994
0.198,834.5312726600248,22105.766478916037
0.198,941.0100955887774,21272.96474401253
0.198,3499.999999999999,118974.61851965454
0.198,3499.999999999999,265233.7442709731
0.198,1295.6372949247798,30312.563467974804
0.198,225.2087920131006,4036.331998238004
0.198,1407.487087770938,34147.16357379529
0.198,757.6440735320643,19870.71982516142
0.198,609.0976933136425,5756.158354319313
0.198,1205.9999999999998,32761.000000000007
0.198,3499.999999999999,131295.00000000003
0.198,923.0289209092667,10120.634134591686
0.198,950.2631214563678,7597.116624088379
0.198,476.87035638049383,5782.291579062194
0.198,2530.6493773839916,82701.73498388592
0.198,551.8151864528558,2832.101693089427
0.198,244.146691331931,4199.884044417721
0.198,630.1358005459114,10978.472888749196
0.198,94.0,214.0
0.198,3499.999999999999,92795.00000000003
0.198,78.0,105.0
0.198,2616.4116471011275,75132.62493463837
0.198,471.6420967749391,7807.7895315318965
0.198,3499.999999999999,88416.00000000003
0.199,1621.0,48803.99999999999
0.199,3499.999999999999,252919.99999999988
0.199,1219.0000000000002,56500.00000000002
0.199,324.0,763.9999999999998
0.199,2872.581456876962,126362.46255726325
0.199,2756.0856960931014,66722.37264980676
0.199,1956.9999999999998,22435.999999999996
0.199,3499.999999999999,128752.99999999997
0.199,1229.0,24488.000000000004
0.199,1304.2864463341277,14937.449753528073
0.199,1347.0339108356882,37405.345968454814
0.199,2564.6247245853488,76111.55407876518
0.199,3499.999999999999,245094.99999999988
0.199,3499.999999999999,172963.00000000006
0.199,2441.5317134481056,117694.42356059841
0.199,1385.2620633881415,40629.33151681679
0.199,2037.9999999999995,71402.0
0.199,2280.5701041625534,30505.51222320322
0.199,1627.6446088795399,37429.7443899169
0.199,1616.8966469909456,36871.22652245567
0.199,170.0,1010.0
0.199,1748.9999999999995,26346.999999999996
0.199,620.3510498939698,2751.217594149946
0.199,1961.0,73457.00000000001
0.199,299.52295404526177,3160.155059486797
0.199,605.0671120798559,10471.1889765368
0.199,2517.8324983635775,96416.32321249858
0.199,277.8848682458259,3681.314167522243
0.199,1259.1663909110662,18652.547064677252
0.199,2681.883666380778,85962.85230260798
0.199,1672.207588860319,29944.96890528833
0.199,2462.5209356873997,60936.926060602775
0.199,1314.1559365251526,15274.313758679657
0.199,3499.999999999999,167228.99999999994
0.199,2029.6551431216087,41039.47850545864
0.199,891.0,17420.0
0.199,3017.2340264558807,127915.42648873087
0.199,2199.141848500935,67369.1013604976
0.199,602.0,2272.0000000000005
0.199,2183.3460559425753,87034.3114237138
0.199,3499.999999999999,109737.9687072801
0.199,1441.0000000000005,72443.00000000001
0.199,3499.999999999999,129302.06819691634
0.199,1039.0175748906313,21302.195313007127
0.199,1848.9999999999998,54401.99999999998
0.199,315.5693267730564,3233.961038726347
0.199,1672.0544770003053,32586.465448281673
0.199,3499.999999999999,68332.41075799975
0.199,1470.5804958070892,41446.34190511672
0.199,1967.3066081125562,52903.995956030725
0.199,3499.999999999999,123358.04229964099
0.199,1622.2036008023495,52947.57714809979
0.199,1073.2697336601484,31107.086223100458
0.199,1431.0000000000002,52579.00000000001
0.199,1629.0911576704357,31101.322287002546
0.199,404.30619208480164,2401.6696090663127
0.199,1768.6593314590455,42614.35911987689
0.199,1119.4547128551521,17894.03209891253
0.199,2281.3373270956663,97340.83757601428
0.199,61.0,473.00000000000006
0.199,2711.6260966793507,81578.81841905328
0.199,2085.0000000000005,43507.99999999998
0.199,3499.999999999999,211025.99999999994
0.199,2048.5360626554757,69165.23249436813
0.199,1109.6804462938935,20352.542013972674
0.199,2199.810589753691,34120.582084605194
0.199,550.7944442038181,4768.3764415957385
0.199,3499.999999999999,99486.99999999997
0.199,1160.1164717454035,34684.43607302093
0.199,218.00000000000003,5011.999999999999
0.199,247.94312344664255,5130.227550181418
0.199,623.1944126609659,14772.818699540225
0.199,1300.0,16661.999999999996
0.199,852.2054308522033,9660.640250516171
0.199,1408.872226650696,18092.22247678608
0.199,2413.7520682679115,71740.82419874349
0.199,79.0,83.0
0.199,1700.6040103445603,27987.039375396602
0.199,1784.710778647024,38906.08635889778
0.199,1956.5355200588178,81160.59970370817
0.199,1135.0,31305.99999999999
0.199,2522.7439874429797,91077.64360409432
0.199,1350.3428484503354,39647.81610351185
0.199,966.9999999999998,15224.000000000004
0.199,3499.999999999999,157139.0
0.199,673.1962818361634,13933.844269777126
0.199,1555.0,51453.999999999985
0.199,3499.999999999999,275726.0
0.199,1590.0000000000005,12999.999999999996
0.2,3499.999999999999,213544.99999999994
0.2,739.9525170409211,20149.549179880672
0.2,1522.3325222040485,24933.701453557627
0.2,456.85227371657015,2219.008787724826
0.2,2269.03063002684,93952.366239494
0.2,3499.999999999999,94090.99999999996
0.2,1706.6556207135823,28092.256440865243
0.2,1828.540401522482,31621.43208331969
0.2,2705.2726295144457,76814.77710050324
0.2,561.0650586162001,10775.156147360458
0.2,888.7797257934564,22245.49501511338
0.2,408.6651012781556,2145.279890015111
0.2,622.8150283169601,5591.439872149852
0.2,2081.585933849477,80907.33972885275
0.2,515.751878329105,8070.966608777415
0.2,2006.8941538057081,53113.21380712777
0.2,205.90774633315766,426.90748412273126
0.2,63.0,705.0000000000001
0.2,1270.1721948094291,38514.08833881253
0.2,1441.4669611198167,23867.2482494317
0.2,977.7909964527987,22566.39787404519
0.2,3499.999999999999,205069.99999999994
0.2,1216.9881785203258,25831.263973139947
0.2,3499.999999999999,112698.40837385411
0.2,2100.833168054998,74370.07176277296
0.2,521.0819435338394,10712.997748807242
0.2,3499.999999999999,152983.99999999997
0.2,880.0000000000001,15785.000000000002
0.2,840.0850669707495,9619.949510168199
0.2,741.6791759244694,5852.352603867956
0.2,2761.986247902551,86904.17974120929
0.2,2267.702360273413,61611.829134730535
0.2,2561.7841430699073,97357.15627027059
0.2,1202.2824338515838,21207.071545358773
0.2,2885.995586382744,88572.00709901744
0.2,77.0,1082.0000000000002
0.2,1135.0,32440.000000000004
0.2,2094.0000000000005,124836.99999999997
0.2,1704.2727008692996,41566.30470117495
0.2,616.1356125728264,10017.963445045967
0.2,1315.7758167712313,16758.197993817827
0.2,1741.0,40328.0
0.2,3499.999999999999,113480.82852124967
0.2,2811.4117600518457,99955.05563366754
0.2,3499.999999999999,121178.24671945043
0.2,819.0,33238.00000000001
0.2,1957.7465220021818,65375.22533654891
0.2,2163.215199650741,70454.93720102237
0.2,517.3768104283887,6197.720617715262
0.2,1093.0,16830.999999999993
0.2,3499.999999999999,122033.99999999999
0.2,1903.792799566828,64401.737065407586
0.2,1038.2677881933923,12793.204289778223
0.2,2933.6256452268394,245029.94103803913
0.2,854.045666226344,18733.219904757432
0.2,1411.9392555484144,35689.57966866748
0.2,3499.999999999999,118959.99999999999
0.2,1772.1833990871264,30226.49949961126
0.2,3499.999999999999,191457.9999999999
0.2,2228.8619474238644,48736.97307553275
0.2,1773.414838183251,43050.32777969093
0.2,1911.5438786488792,43023.207132895164
0.2,1006.0000000000002,15108.000000000002
0.2,809.0,26191.000000000007
0.2,2259.143043149197,52493.398250558654
0.2,2392.900595069457,49926.62152745002
0.2,828.9999999999998,11446.999999999996
0.2,1804.161855266872,37788.164496307574
0.2,1093.0,13211.999999999998
0.2,415.8316967235662,2455.6492013314937
0.2,2481.229533920632,93823.9468152987
0.2,117.0,1045.0
0.2,2100.833168054998,51660.813001732764
0.2,2065.550774006778,59551.12491800636
0.2,1708.5081211396098,28736.51189688826
0.2,332.20475613693435,3438.5892456064007
0.2,371.00000000000006,3770.9999999999995
0.2,490.00000000000006,1200.0
0.2,1005.7335631269348,33104.904953798025
0.2,2003.6217207846387,38129.99826907943
0.2,982.8529900244488,19632.996510976103
0.2,2376.76250391157,52860.58331119699
0.2,1192.7732322234808,20288.653128309135
0.2,522.3329215571422,4548.337167365919
0.2,2395.0991628740553,63328.773460410506
0.2,2559.5260418658095,93384.10993780493
0.201,1192.7581481591315,20094.854814106024
0.201,1131.9999999999998,26736.99999999999
0.201,648.0740698407859,12986.309406448006
0.201,1067.3483729962472,28015.631664060813
0.201,1084.5889940920476,28241.674888581587
0.201,2285.0299541379472,79039.51639374549
0.201,2544.599618195648,79420.05482073707
0.201,1281.282385855982,30764.42220046181
0.201,1865.0000000000002,96276.00000000003
0.201,2119.079989051853,75709.04907605168
0.201,925.0000000000002,12636.999999999998
0.201,3499.999999999999,201652.40603077362
0.201,2892.2404532415135,75246.67730521968
0.201,681.9931429782164,10356.084004933444
0.201,1207.1224566853878,17396.429571499997
0.201,1358.4106830714816,48451.37488598576
0.201,1588.4919710094716,49431.49567168943
0.201,883.0000000000002,8064.999999999999
0.201,3499.999999999999,185976.2126966781
0.201,217.06667590851367,1490.7570646366692
0.201,2703.369705090501,63196.960632870105
0.201,1511.6864919269547,40150.080527185106
0.201,883.4591105421914,14441.331309820438
0.201,1606.370887761057,42679.31278232434
0.201,3499.999999999999,160001.99999999994
0.201,2730.5850159814254,108743.38995786957
0.201,1172.0,47495.99999999999
0.201,1541.7775177339727,38994.42295342494
0.201,1722.1412495394095,57590.260430381815
0.201,1739.9999999999998,47341.00000000002
0.201,478.90241109991337,7618.798977521576
0.201,1178.3424799267823,12903.853726697309
0.201,3499.999999999999,168533.45552738197
0.201,3499.999999999999,300002.0
0.201,678.7748701809255,10063.882573126064
0.201,109.00000000000001,137.0
0.201,721.2339885731266,9220.910543384098
0.201,813.3265027035575,6312.238113379436
0.201,2346.728509511453,82896.83819079284
0.201,1334.5002670260317,33999.21125873267
0.201,300.3664428660432,4483.479340869097
0.201,2267.399098487368,50741.82179737426
0.201,1074.8967206248499,32198.44690801598
0.201,3499.999999999999,152326.20671250744
0.201,3499.999999999999,189957.0000000001
0.201,1916.1158628851229,58587.12746841235
0.201,908.9783850420802,13570.572227369514
0.201,883.0000000000002,27893.0
0.201,1613.6527022204557,28200.015211667527
0.201,2091.650066335188,34034.853870701445
0.201,563.0429767373022,11436.16417051543
0.201,2696.4464658974607,121517.90794335568
0.201,3499.999999999999,92164.03827258563
0.201,2494.427588520561,106365.19660708652
0.201,2462.5209356873997,68656.15471481635
0.201,2320.4849362830773,71040.02061302417
0.201,501.0,4813.0
0.201,2562.758054519586,112454.19040514978
0.201,579.6550698475775,12534.970083729751
0.201,785.2241718133744,12074.409302321998
0.201,1166.9999999999998,19288.000000000004
0.201,1883.9397965702244,45018.549165900404
0.201,1238.1437719424994,22081.982247977656
0.201,738.2804345233591,3053.1406780559587
0.201,1993.1131427994742,27071.30081839439
0.201,1012.4509959517143,12587.746842514198
0.201,2330.665141113154,58317.30398432359
0.201,912.1367355012447,14092.272440150356
0.201,2332.9166294576407,57830.11990304013
0.201,787.1093052178039,14235.094308989917
0.201,296.0,858.0
0.201,3499.999999999999,96574.18539922741
0.201,422.99290774196203,5710.5781668759255
0.201,1174.2036022052578,30344.729668670567
0.201,482.33966553208285,9544.916203779496
0.201,3499.999999999999,178177.85976938898
0.201,1775.0026052993564,32189.8654115425
0.201,339.4687025338271,5129.854188960929
0.201,1111.1249855674896,20251.693271517295
0.201,359.99999999999994,1263.9999999999998
0.201,775.054672120081,15999.981050194012
0.201,1115.9145505889308,23197.501134660117
0.202,2227.7791632026724,85301.77009886721
0.202,1485.7258159876687,28715.0260577255
0.202,788.8719887781971,26716.856841214598
0.202,548.3147471792602,4541.889139324754
0.202,1777.0303905045453,45391.322486170495
0.202,781.6712864113663,21060.446813873634
0.202,726.2692296037977,10632.604907351924
0.202,1041.9800094990726,31072.109055626453
0.202,891.3472948295743,19427.07893637126
0.202,1931.9420347478347,51278.561724451494
0.202,1592.6856632581612,35494.74270508999
0.202,3499.999999999999,157260.40464465303
0.202,1132.703844789096,29624.07129345999
0.202,1361.9999999999998,35114.0
0.202,794.1510370006879,11479.863381572874
0.202,478.7763868389624,3636.9717984702397
0.202,3499.999999999999,165317.90379447717
0.202,2495.2955736745894,73517.30534370797
0.202,1271.9999999999998,51529.999999999985
0.202,1499.0,23594.999999999996
0.202,912.5644098416027,8520.207429846268
0.202,538.9805191284745,3769.7087420648304
0.202,1655.732437424279,34222.18728953811
0.202,933.2882343287711,11242.356696347551
0.202,449.8937285472898,4027.0464927933394
0.202,2007.6533838336566,57824.91846573786
0.202,2065.550774006778,62699.59433680575
0.202,1236.0000000000002,67807.0
0.202,3499.999999999999,107311.99999999994
0.202,1413.485408484998,22531.178642050672
0.202,188.16987060793903,1255.8250708074097
0.202,2451.9023211248646,96596.08035447748
0.202,17.0,188.0
0.202,724.9310211831843,24206.62814815962
0.202,2030.517175499877,39673.68674575127
0.202,1055.0,48134.0
0.202,1794.2969441863295,50869.44332257657
0.202,2245.7738087349762,61986.65772567517
0.202,909.5802995016948,17116.648822690953
0.202,576.6281297335397,10030.628793849366
0.202,243.00000000000003,1285.9999999999998
0.202,3499.999999999999,112231.0
0.202,648.0740698407859,18962.174796156687
0.202,1742.4415492680864,48847.69049717032
0.202,83.0,864.0
0.202,1892.371769292221,33533.978612125604
0.202,1997.4767345712287,44465.89157518402
0.202,3499.999999999999,285170.0
0.202,868.2864761889347,8513.913609698324
0.202,2028.0,112331.00000000004
0.202,796.4735298199386,16363.892594052842
0.202,343.0120161048262,3731.7861999379047
0.202,180.0,358.0
0.202,1554.6237486929112,34471.70586147428
0.202,2091.6333774236346,43114.188415784796
0.202,3499.999999999999,133251.00000000006
0.202,3499.999999999999,176658.00000000003
0.202,1879.2285651298516,69511.45712758435
0.202,294.0464100142914,3376.9125585094143
0.202,1864.5329662608176,36891.575573886796
0.202,3499.999999999999,146194.74314078462
0.202,497.33727159362894,4413.30221803246
0.202,249.00000000000003,467.0
0.202,1574.1309135736321,27767.272557180484
0.202,1425.3342816368668,22606.177268829255
0.202,2601.0574772580476,127757.65124641269
0.202,544.3355963883049,8631.753239875423
0.202,1422.9999999999998,9711.000000000002
0.202,1710.470610729474,48365.31394992956
0.202,1002.2474744293447,41016.545161678354
0.202,3499.999999999999,245685.9999999999
0.202,299.50781517748226,5835.917607988509
0.202,2203.4383155443647,51800.55243569993
0.202,2044.5785152275428,54013.34656736859
0.202,1277.6928425877638,27479.754875180377
0.202,3499.999999999999,98902.99999999996
0.202,3499.999999999999,103781.88579656009
0.202,630.7519322205839,10531.381770688971
0.202,1123.051772906949,21085.18430639835
0.202,386.9651147067395,2665.972242916269
0.202,1261.0,17760.0
0.202,1049.6636890012478,20260.758836020475
0.203,1039.3434343285755,23734.184595769388
0.203,3499.999999999999,171043.99999999997
0.203,837.1863531846982,5690.992888076482
0.203,322.99999999999994,580.0
0.203,1887.4435043200237,48868.95303994486
0.203,198.2509147622811,1331.8357671151932
0.203,1601.197800988396,27547.89763799305
0.203,3499.999999999999,111147.99999999999
0.203,1969.1361617584453,82100.10800808249
0.203,931.5939827997786,24437.18383075345
0.203,553.8646043935287,5150.332804780678
0.203,1462.0000000000002,19672.999999999993
0.203,1057.6835679516394,10348.32881828287
0.203,2143.7117343523587,94671.25597033137
0.203,3499.999999999999,182472.29054023506
0.203,1824.5936963533889,42354.82136370428
0.203,333.50862057823934,6727.455982761982
0.203,1638.0,62395.000000000015
0.203,1285.485122434328,27115.100202654594
0.203,2269.8017534577766,76680.9024399166
0.203,2211.3588360447784,78597.46780157747
0.203,1592.0588941664626,38891.016963312984
0.203,900.2577408720236,21542.67037764817
0.203,667.3587257771319,12621.49575157936
0.203,1216.7927473602424,26959.825571467558
0.203,2009.9917080918297,48145.047992696236
0.203,755.4565320602768,7982.353231173887
0.203,1009.180793936597,27455.605735813497
0.203,824.5317207817601,16712.640501259084
0.203,2392.540496346983,67863.59791578742
0.203,1618.4345794295818,43134.94541377043
0.203,367.7172827050695,3737.104494123759
0.203,3499.999999999999,281788.0
0.203,1531.9999999999998,15447.999999999998
0.203,2343.015325287593,86852.98494657068
0.203,2100.833168054998,38865.12125286631
0.203,2206.9297675033363,38877.942403211004
0.203,163.68567438844488,255.61298871536243
0.203,3499.999999999999,194556.9578838032
0.203,1151.0000000000002,25657.0
0.203,3499.999999999999,147568.0
0.203,1578.5507193130518,29117.780447060402
0.203,2485.457704327313,65349.063489846594
0.203,1853.5279647255163,67517.62676506079
0.203,494.7072019927914,3110.0093344772663
0.203,1795.5333698430031,34209.02805643807
0.203,930.0794566857622,8649.976975522377
0.203,489.4612431984017,6784.179299239874
0.203,1414.2326541273185,34836.56682280848
0.203,2521.1108662651077,71303.02969018914
0.203,795.0000000000001,29438.00000000001
0.203,2040.631797556206,50759.28065803551
0.203,2045.9716518075224,43326.06382998577
0.203,2194.5386758952322,46567.17728185809
0.203,1194.357888726167,17960.481512169667
0.203,94.0,96.0
0.203,3499.999999999999,125700.13245816401
0.203,1636.666123557276,12516.058165412944
0.203,3499.999999999999,123684.00000000001
0.203,844.8436095591582,18257.202031735702
0.203,816.1489339520957,20171.913638259794
0.203,2665.294167803176,74146.55302560712
0.203,1766.8118179364776,56937.865081156655
0.203,741.2776200266703,15551.194649622434
0.203,1011.2117119483557,18528.884470837933
0.203,485.31882387615195,10646.802029185992
0.203,3499.999999999999,122088.00000000003
0.203,446.6542286825459,10264.469591751931
0.203,1993.1131427994742,61004.58592597774
0.203,714.8426400264606,10157.846720639174
0.203,875.894477547744,17055.709424206132
0.203,738.4194412099961,15179.770950825237
0.203,752.1555764957197,19116.524094888548
0.203,1124.0551587889274,8429.949703290047
0.203,449.512499686618,8546.489322941525
0.203,563.2323825462141,6366.197143367777
0.203,1302.5057795728674,17298.420951488275
0.203,1108.0000000000002,7872.999999999997
0.203,1511.9937699789023,49376.407559149986
0.203,491.4416532120833,3414.811708365634
0.203,741.4627992177288,12445.421959569867
0.203,821.6994584396414,9740.210726673215
0.203,1106.0000000000002,10511.0
0.203,1838.7495751189178,39429.20483600956
0.203,1448.6307327956283,15262.31171874038
0.203,309.0,2376.9999999999995
0.203,857.6976393742445,8869.298900001319
0.203,3499.999999999999,132391.6522481686
0.203,423.17844935676965,4980.730066968095
0.203,1007.0,22958.999999999996
0.204,1493.9411897924251,25709.27809162051
0.204,306.4963295049387,4705.474471294048
0.204,1084.0678779043697,13289.37520890115
0.204,3499.999999999999,197003.9999999999
0.204,1241.0040981822053,30125.594602701363
0.204,3499.999999999999,199716.99999999997
0.204,1818.0145296463506,26268.850255393296
0.204,156.0,3966.9999999999995
0.204,1583.126719730875,30494.127479127714
0.204,1755.0000000000005,55212.0
0.204,2668.963299264467,93587.97613890526
0.204,75.0,1090.9999999999998
0.204,970.3852820002484,16159.228096343477
0.204,3499.999999999999,68332.44866094003
0.204,713.662552686047,7482.86628893992
0.204,721.7513422225135,11810.407740632834
0.204,88.48728722251576,420.899037775094
0.204,1670.7469139090165,45409.177307410406
0.204,1602.2474574562175,58542.13037405152
0.204,2597.017520156535,73296.54633064233
0.204,332.385529781831,2212.9693582933046
0.204,1004.0695156005254,19849.373476231638
0.204,2239.531200943626,75404.10079034162
0.204,1223.6948148946287,29829.99316124627
0.204,1954.993606127652,65715.98415149847
0.204,3499.999999999999,49370.00000000001
0.204,1196.0000000000002,28281.99999999999
0.204,3499.999999999999,43209.0
0.204,64.48255578061402,663.78460361777
0.204,3499.999999999999,142526.72521608043
0.204,880.6162053965281,14943.79905379389
0.204,3499.999999999999,85801.21227581818
0.204,1893.1122523506108,48043.525224529454
0.204,1244.996133434687,22609.863829942133
0.204,259.9423012901132,1992.1129486050727
0.204,3499.999999999999,126326.66176227418
0.204,283.5736235971181,3275.3332654861238
0.204,2455.707637321674,67684.3227342935
0.204,337.99999999999994,6050.999999999997
0.204,503.1242530429331,4677.8488753630945
0.204,2485.457704327313,90723.88938421897
0.204,1103.0,12635.000000000004
0.204,1093.0,18638.000000000004
0.204,399.7749366831293,5040.641625825029
0.204,304.0,10690.999999999996
0.204,299.6247653315727,1723.2608624349361
0.204,3499.999999999999,168435.8750444809
0.204,943.832612278258,15985.82309422946
0.204,1513.0,34449.000000000015
0.204,2572.644553761751,100785.10445993496
0.204,2171.8639815720226,50033.518948650526
0.204,1406.0000000000005,19298.0
0.204,1757.9107738712082,55210.47402337996
0.204,438.74821936960615,2841.0818362025407
0.204,268.6649641021734,1008.6026208009919
0.204,852.5913995163257,8383.43701248759
0.204,1320.9732290826637,28335.85513519285
0.204,2444.2790348076046,116705.14005818247
0.204,476.9696007084728,10696.102093753596
0.204,482.369507696984,10426.881005094081
0.204,2181.692251385923,43313.56354105587
0.204,1366.8459384623663,43591.10280603276
0.204,1221.3869165829474,15739.277492947389
0.204,2834.7011260604154,108756.59691342602
0.204,2488.1041997488637,79562.508707195
0.204,303.5127674415032,3899.208252966237
0.204,414.5358850570116,8879.699206617308
0.204,1954.0982575090738,35241.68491999211
0.204,293.48376965337206,5339.655528761706
0.204,337.0,6961.000000000002
0.204,1247.1504635028055,26053.21151260243
0.204,564.3580423808985,13553.530167450841
0.204,1149.8260738042081,22647.147105099128
0.204,1143.0000000000002,17557.0
0.204,235.0222402370675,1184.3077500020704
0.204,1556.0293434015873,31530.95938293693
0.204,3499.999999999999,235917.57074029066
0.204,153.0,165.0
0.204,648.5946345754024,3944.745619174955
0.204,1785.269173295941,64003.26651981524
0.204,442.7188724235731,7631.511973390333
0.204,1137.6043023100924,19446.895879277592
0.204,1030.0834917617115,32491.318471247054
0.204,1055.9957386277654,16732.17917666434
0.204,2662.235902394828,41752.46446618453
0.204,1170.9263167733955,13362.782694408492
0.204,2236.4033625444226,47557.385293979314
0.204,918.7822578027184,12953.058329109985
0.204,2670.3724534125295,57341.82260625684
0.204,2223.5511503505745,41048.67317157503
0.205,1402.0000000000002,46106.0
0.205,1446.1091571802426,18467.550661484885
0.205,2698.1475126464084,100924.62117838244
0.205,583.8908243005149,2980.786409659418
0.205,3499.999999999999,83007.05250760319
0.205,504.0922615006003,4247.59654867608
0.205,1737.749104252978,35129.953789253384
0.205,1093.0,10973.0
0.205,868.809008493232,13848.876615776726
0.205,1270.4169601094586,38249.80109729553
0.205,2669.53640714106,114012.66231939378
0.205,658.006078999275,7924.565729426437
0.205,3499.999999999999,175277.71366605625
0.205,3499.999999999999,103216.99999999999
0.205,2102.1712335279476,78181.91104982072
0.205,3499.999999999999,106175.99999999997
0.205,1052.0,20109.999999999996
0.205,3499.999999999999,168742.04504039878
0.205,1999.249859322241,33862.15143785166
0.205,1388.6558248896665,23019.915812183153
0.205,1116.9999999999998,13244.999999999996
0.205,545.4356057317856,18366.432533292904
0.205,1127.4760279595425,17103.09804055071
0.205,914.8961232570033,13254.894032803859
0.205,716.0984983044856,10649.557872756348
0.205,1902.3669467271552,83826.72179561833
0.205,1414.0,32305.00000000001
0.205,2320.1293067413294,119577.04756766652
0.205,3499.999999999999,81188.99999999997
0.205,659.4861636152802,6758.3057048346045
0.205,3499.999999999999,131814.0
0.205,1062.0,22975.999999999996
0.205,3499.999999999999,221941.00000000003
0.205,1722.2046724230067,66230.08045757114
0.205,1240.1647025017414,32487.791113871004
0.205,549.6880933765983,16066.194042149487
0.205,1159.9777958492587,36727.812869157984
0.205,1223.8043144228573,30640.71552689331
0.205,622.4916195409907,5014.01537757621
0.205,531.445145913797,10049.865857333012
0.205,1172.2292977411928,21519.71728170199
0.205,2051.950291795589,62896.59959012093
0.205,1382.152001895523,24255.99796933075
0.205,3499.999999999999,180661.00000000006
0.205,1946.4382856900454,38733.60564161308
0.205,2410.3941586387905,72009.84616009121
0.205,2596.343582810257,81447.39584541669
0.205,1276.079151150116,29212.13417400379
0.205,1107.2063944902052,21510.97152617705
0.205,1290.297661685122,37513.61850214059
0.205,1974.9999999999995,52363.999999999985
0.205,1108.2238041117866,14275.367525916807
0.205,196.31630172192843,1029.3193102080431
0.205,2859.3186834731837,117709.80791076558
0.205,1987.077137995695,46520.625140731514
0.205,3499.999999999999,226909.00000000006
0.205,3499.999999999999,125232.60276780969
0.205,3499.999999999999,229833.9999999999
0.205,3499.999999999999,185771.28043645498
0.205,1591.0093424196466,30437.984582101795
0.205,2163.215199650741,67418.38836697303
0.205,1920.6769639895192,45456.279566194135
0.205,1698.729327283155,41239.47067035523
0.205,2608.4478143140987,80107.10833627685
0.205,880.0141371962035,9826.181275074767
0.205,569.9166605741578,4488.6029006807885
0.205,1854.8029084197033,81205.83367385056
0.205,1891.0000000000005,58626.99999999998
0.205,2312.5743231299607,97761.84041332279
0.205,367.8722604383212,2140.2859622022465
0.205,1607.1714283174647,50918.04708548825
0.205,1700.1744592002556,50115.736449244316
0.205,186.8578709742998,1699.764387185092
0.205,3499.999999999999,157426.29376502844
0.205,2035.682509873498,42932.39290390573
0.205,1159.0,37051.999999999985
0.205,1224.0000000000002,17916.99999999999
0.205,1154.0,20269.000000000007
0.205,1882.8780236088228,85846.43635979912
0.205,940.9105406772627,27115.155162683885
0.205,3499.999999999999,98784.00000000001
0.206,876.841654093524,16647.49183826883
0.206,2046.0036389433703,50991.071950702215
0.206,589.0475362820899,2683.932748784887
0.206,2135.532720423642,58016.193446312885
0.206,719.0641777074937,5059.741766623274
0.206,1138.8406385443047,23865.678180181676
0.206,1262.679200400982,31908.118402694246
0.206,3499.999999999999,182570.99999999997
0.206,1917.9416049504741,69330.89081354722
0.206,1377.3466597143818,31969.394239820984
0.206,1200.5511234428961,22505.823046491765
0.206,1061.4150931657225,8195.726569377479
0.206,1623.1163192087163,52765.17879704985
0.206,1056.645635963164,23831.694022876356
0.206,286.1734889839316,3302.348565277978
0.206,67.0,849.0
0.206,1455.8487471229441,38713.78637069968
0.206,2138.808079281543,76293.87317471825
0.206,1298.150815751815,31830.57477209669
0.206,1567.7332754797244,22123.93128890118
0.206,505.0,3829.9999999999995
0.206,2097.4985101305792,36540.46099873398
0.206,1650.434283253839,23602.868251880962
0.206,2440.6966218684374,85825.83221268523
0.206,964.0,18264.999999999996
0.206,1177.0000000000002,26915.999999999993
0.206,1159.623341840337,28337.669076785704
0.206,1383.1308876175344,14151.261881786371
0.206,1046.8156475712428,17545.231545921524
0.206,2649.329366312697,60137.44094558915
0.206,600.2185870231849,3938.4257758465324
0.206,3499.999999999999,93151.00000000001
0.206,3499.999999999999,227522.9999999999
0.206,112.00000000000001,155.0
0.206,1292.60396100275,21618.82933925886
0.206,1153.2638220512674,20251.099384099944
0.206,79.0,1330.0000000000002
0.206,61.0,520.0
0.206,3499.999999999999,103427.46381447699
0.206,2373.815494093844,68452.26923922975
0.206,1398.9213701991976,41187.774302576734
0.206,1678.0533006898074,23468.827800558876
0.206,2063.8556151048942,63582.976165008185
0.206,1882.949813457597,44998.999722216024
0.206,664.2717261367995,5892.881802499751
0.206,1692.5453864847416,39400.21690051733
0.206,2097.4985101305792,52739.508530133244
0.206,1791.5074792557327,44276.44179196592
0.206,892.3215073015834,25212.94580881337
0.206,1515.2713557803822,31373.273999060842
0.206,1402.0648103302146,30982.928129429234
0.206,1251.1928261705136,34444.065020147296
0.206,204.0,4879.0
0.206,1390.3460829328171,22632.069618884143
0.206,3499.999999999999,215092.3642856714
0.206,1494.0000000000002,86649.99999999997
0.206,3499.999999999999,78353.00000000003
0.206,851.1872145005585,13507.860378505902
0.206,2104.0744362991395,37402.937497050385
0.206,1879.2285651298516,69226.1987111816
0.206,1305.0,54302.00000000002
0.206,1830.5310088428043,54577.84332084098
0.206,771.9077527207903,7097.369929116454
0.206,1505.9166643609474,20585.297423161035
0.206,2025.0000000000005,15281.999999999996
0.206,571.6869772873964,13005.12106825615
0.206,973.3884116836407,13090.216461159076
0.206,1244.9491860588776,30224.442060806603
0.206,752.9940238806681,5785.551140556966
0.206,1049.0,13382.0
0.206,1879.1120655999111,64503.29338274767
0.206,925.273827844162,16571.20356552987
0.206,3499.999999999999,142470.61123614226
0.206,271.1475613019597,4678.165345517407
0.206,3499.999999999999,102832.99999999997
0.206,1227.9999999999998,29700.99999999999
0.206,1763.0000000000002,60041.65241730108
0.206,1421.6602969767428,53160.84141546295
0.206,2007.7555530630348,75768.0652086127
0.206,781.0582392714645,8786.77175502792
0.207,255.22930866183842,1972.7473228976899
0.207,2912.386587975597,109209.8781705581
0.207,3499.999999999999,271792.3406959808
0.207,2269.03063002684,98713.63632244537
0.207,3499.999999999999,40906.000000000015
0.207,1657.0,29105.000000000007
0.207,1429.8876838023705,46529.534470707
0.207,361.1772418079522,7404.124863884992
0.207,2065.550774006778,34485.93304522873
0.207,2271.025325160561,68786.8422823232
0.207,1212.7432566368298,18450.090370277983
0.207,835.771993109893,11712.24734029603
0.207,82.0,95.0
0.207,1069.5952505504124,8453.040163160238
0.207,3499.999999999999,209788.94700150445
0.207,1705.22394706839,42777.11111522902
0.207,3499.999999999999,59799.99999999998
0.207,2169.6773953747133,42271.01107141867
0.207,626.0990336999411,4385.782484346435
0.207,1481.0060769625486,45073.232910453626
0.207,1564.0715520572987,50717.20780343532
0.207,535.7238094391548,4523.342237770652
0.207,1621.2649382503769,48281.299330071844
0.207,1891.5999045450733,46461.37399985986
0.207,969.9904345958638,16854.946302045504
0.207,3499.999999999999,69068.0
0.207,190.61741788199734,1099.9195425120877
0.207,267.0,625.0000000000001
0.207,475.194696940107,2266.077447926262
0.207,2056.9999999999995,74992.0
0.207,2104.2463621795714,86761.50628752734
0.207,663.6815984451478,7860.064534429898
0.207,1075.5646509098167,15534.339653550247
0.207,1761.449206018263,50352.550638041896
0.207,2100.833168054998,71644.12450438624
0.207,3499.999999999999,228034.00000000006
0.207,2312.113156620483,99060.5843845435
0.207,947.2556951883919,13620.88165688085
0.207,594.3942702797024,5502.380790203482
0.207,1302.300242788665,25119.238807844813
0.207,1744.8239437270506,32112.921042527454
0.207,2278.2668851563467,87013.19015528624
0.207,1955.8885448818398,62433.67825140532
0.207,1093.0,14926.999999999998
0.207,3499.999999999999,159880.76752692918
0.207,3499.999999999999,102815.00000000003
0.207,712.6279651149711,7839.54397162441
0.207,867.832933230815,32200.296629068504
0.207,463.0,9859.999999999996
0.207,1542.724862054151,20637.834188693356
0.207,1351.633599929244,34088.43230780357
0.207,2854.2615842514747,73509.2211958101
0.207,1438.0,48960.0
0.207,1085.875612486765,27666.516048699243
0.207,2322.795739051098,65539.98295588575
0.207,712.4984210508819,11035.468136875757
0.207,1441.6857508397704,18705.55945217473
0.207,2169.6773953747133,79644.96094138535
0.207,151.0,1768.0
0.207,1345.669132000578,23576.78255874632
0.207,1742.4650272359888,38404.12038491031
0.207,983.6127286691649,19347.800107505755
0.207,873.0000000000002,24686.999999999996
0.207,3499.999999999999,138645.00000000003
0.207,3499.999999999999,312509.99999999977
0.207,914.6696074906322,7820.321933772779
0.207,1463.053655885525,58383.86228231219
0.207,1716.106661630596,69393.60646674244
0.207,3499.999999999999,134690.65426761884
0.207,1047.9999999999998,38685.99999999999
0.207,1292.0895366513064,23340.154025553766
0.207,922.0872584116894,26383.469800429946
0.207,2328.8334908530514,45011.953892696074
0.207,1178.1808010657783,29717.33266967275
0.207,1341.9999999999998,52942.999999999985
0.207,3499.999999999999,220783.99999999997
0.207,1946.9206455323235,59475.24243750504
0.207,2104.162541250081,37062.30139913063
0.207,2455.707637321674,54339.74705498731
0.207,1952.5442572909228,46793.93887463079
0.207,1580.1613812620385,26809.632554848333
0.207,1749.9558084078772,41262.365718515306
0.207,734.166193719106,16178.052911274577
0.207,3499.999999999999,210082.00000000006
0.207,2427.7561656805647,43102.897570813046
0.208,1774.9999999999995,21518.0
0.208,1067.9999999999998,31922.99999999999
0.208,1671.790303975072,41506.63664061648
0.208,387.73186611368425,1923.0257408573602
0.208,1526.0938813726987,41488.277787404084
0.208,1879.2285651298516,73328.99426557001
0.208,1098.9999999999998,8734.0
0.208,871.4929718592114,7594.044245328043
0.208,3499.999999999999,122087.87122588264
0.208,289.810282771333,4320.453448424134
0.208,1505.0000000000005,55284.000000000015
0.208,1201.149449485783,19009.08793182882
0.208,2027.9299790673247,54153.641059489244
0.208,1951.4097468240752,56688.26377655255
0.208,2274.4230037528196,72242.26973178516
0.208,2130.1604717938135,84578.02756247816
0.208,87.0,511.00000000000006
0.208,2942.9099275343256,97990.35430839873
0.208,1203.0,10536.000000000004
0.208,1906.9609330030858,39018.7221215662
0.208,1021.4531383447797,36988.11883432296
0.208,1774.9492811005293,84914.56918354041
0.208,198.580574995036,1980.6734110472519
0.208,2463.1941235108984,39034.61094059073
0.208,2671.254256010984,117656.55352234111
0.208,3499.999999999999,93238.00000000003
0.208,2118.072246913011,35288.55644049093
0.208,3499.999999999999,133986.0
0.208,3499.999999999999,101920.99999999996
0.208,3499.999999999999,140186.73527834224
0.208,3499.999999999999,111499.73361855713
0.208,1012.496519827493,20520.93041423993
0.208,2214.3847904101945,64970.16052004179
0.208,3499.999999999999,108986.44337714663
0.208,1341.1734791508418,25148.35843899849
0.208,2043.4040227032926,49519.32613636822
0.208,582.6662852782886,3144.14980559133
0.208,1603.2575114715928,38400.792167847314
0.208,1049.9139497130716,23127.70950699854
0.208,976.446636927204,15516.696321413858
0.208,1230.3084978979862,32631.839589578765
0.208,694.2934350878339,18110.320404976002
0.208,1306.378904886037,7037.95211336125
0.208,942.5836715920635,13519.812708911013
0.208,861.954272152872,7514.221946009356
0.208,1552.6927499671283,18406.647713692
0.208,2405.312306813483,34460.060830228875
0.208,974.4698123107412,15747.105707028079
0.208,1424.5144298203477,27309.469871014466
0.208,857.7188509448667,21722.83148945724
0.208,2490.4838229100997,90176.5493885261
0.208,2278.003921407713,85388.58163014107
0.208,2455.707637321674,72600.08581950853
0.208,1725.599853218014,35865.03106898665
0.208,401.3352713131503,7437.174463463934
0.208,1809.6994912312564,46312.32762332354
0.208,1387.0,20493.0
0.208,891.5539946521136,16266.845569324161
0.208,1575.7268562197141,23279.983929137685
0.208,541.1361834280032,9391.632706189417
0.208,1639.5121225535358,57137.35836560876
0.208,1452.09100773593,39689.265110615335
0.208,3499.999999999999,108633.0
0.208,871.0275540991798,12835.922093873898
0.208,3499.999999999999,54358.000000000015
0.208,2391.112965878995,53636.51656599053
0.208,1525.8483141880026,35117.484606470665
0.208,1223.7127315701887,24025.702686740995
0.208,3499.999999999999,135087.23228890097
0.208,2418.6094735745487,77519.58879231461
0.208,2616.4116471011275,121481.38149612705
0.208,1731.9064639870135,51521.85380011086
0.208,1955.8885448818398,51043.64604923907
0.208,3499.999999999999,188585.9473449706
0.208,3499.999999999999,237611.00000000006
0.208,1529.6630347890352,43964.52190118754
0.208,742.6255045248209,12775.254630601883
0.208,1261.0,63297.000000000015
0.208,3499.999999999999,95629.00000000001
0.208,1124.4812137159072,38246.63043981781
0.208,2913.2540152014712,70204.85110156419
0.208,3499.999999999999,94076.99999999999
0.208,2011.3090605089951,90082.82546121452
0.208,2468.5015697787185,90059.1520335385
0.208,1217.0000000000002,36249.99999999999
0.209,3499.999999999999,85872.99999999999
0.209,2341.526750982656,53320.04642423728
0.209,1820.8533614364217,25533.323864341168
0.209,3499.999999999999,305173.9999999999
0.209,1747.5145669793335,61266.86969176974
0.209,1494.488009533593,33216.29925474433
0.209,90.0,701.0
0.209,2473.459116298468,72097.97084523256
0.209,1993.918456812522,32644.40703835308
0.209,372.0,5435.999999999999
0.209,1381.1227316933132,11668.617270268147
0.209,3499.999999999999,89662.4491146359
0.209,3499.999999999999,95257.00000000001
0.209,774.6949426296577,10534.92136822511
0.209,73.0,95.0
0.209,860.573965596147,6157.158171511067
0.209,597.8049796015466,4503.521899478848
0.209,2415.4709685690696,79599.22150373082
0.209,849.1171886141511,5684.107229811906
0.209,1733.4446866690114,43115.22833530467
0.209,2444.8872973283,66194.93179454723
0.209,769.625949767793,7134.340490822006
0.209,2208.934792650413,59389.06964080535
0.209,1750.9997144488632,41106.35213686567
0.209,1134.2226412834475,21918.15747274392
0.209,1094.042046723982,23307.681973975872
0.209,1348.808092929362,24470.536724423677
0.209,3499.999999999999,102547.37315504478
0.209,880.0000000000001,14231.0
0.209,597.222534460012,11704.306975842184
0.209,1977.1631192190493,80087.90301912016
0.209,965.0361082378412,13494.206345825802
0.209,1228.5096662216374,20403.24856487318
0.209,1985.65184424819,62567.432806690296
0.209,643.8384890638334,5910.038493952473
0.209,1528.9999999999998,51885.99999999999
0.209,3499.999999999999,185377.00000000003
0.209,1783.360021339525,49446.17168693811
0.209,340.12497703050263,1708.0266391365217
0.209,63.0,422.0
0.209,3499.999999999999,184364.15770968073
0.209,3499.999999999999,217750.99999999997
0.209,1555.0,64045.99999999998
0.209,554.9774770204642,6168.536698439917
0.209,1141.0000000000002,17844.999999999993
0.209,1005.0000000000001,30458.000000000004
0.209,1134.4495131053857,18060.538570204913
0.209,59.0,434.0
0.209,561.2036017351234,8186.4720672394615
0.209,295.13447857051796,2129.6422139975643
0.209,3499.999999999999,232492.99999999994
0.209,2780.0667651270396,99485.36437753939
0.209,1979.0149064623033,81230.45510151962
0.209,2455.707637321674,97843.01667467122
0.209,851.4428929763874,5839.0560024716315
0.209,801.0,13465.000000000005
0.209,2568.428875546248,98477.86802020755
0.209,2431.357645431869,75621.1122306463
0.209,2984.310214270565,126027.93669474861
0.209,1404.8110193189686,50627.98423796862
0.209,3499.999999999999,205785.0000000001
0.209,403.52571169629334,3082.393550473397
0.209,89.0,158.0
0.209,2847.622928158755,131663.57530389453
0.209,415.584556630142,3005.5267296428087
0.209,1317.861479556945,23517.83219177243
0.209,1852.5705196974145,41170.89195150377
0.209,1570.064859143624,36101.702440289424
0.209,3499.999999999999,189819.87433353756
0.209,1399.6941721428157,27802.76461157385
0.209,2395.23155633188,63482.146039200845
0.209,1885.7359306117069,20728.455731192334
0.209,1481.6963251624804,28781.134289669677
0.209,1673.6691292185817,64618.783584259756
0.209,631.0,4668.999999999999
0.209,1821.9410210145275,39481.0902924856
0.209,1441.2135314313282,37264.92341872547
0.209,3499.999999999999,106764.00000000003
0.209,786.9481142065594,8990.465818642304
0.209,1042.9999999999998,19153.0
0.209,1840.9999999999995,45043.0
0.209,2449.501513857371,107918.45099732475
0.209,974.1131536955954,18394.442088104974
0.209,1075.9381952510096,33788.08597716064
0.209,819.1516311814105,18183.53307171397
0.21,1878.0,60604.999999999985
0.21,1873.6328348958868,56574.70858077837
0.21,994.8856473792524,21614.22158676962
0.21,1332.184774782924,31863.939609492656
0.21,1179.6723064240196,15868.932134230177
0.21,1473.9816823827898,35029.91785602703
0.21,836.7944789492819,11060.287970934576
0.21,3499.999999999999,156806.99999999997
0.21,1874.2468683744169,28444.830127940666
0.21,2194.6959005247236,56217.63365501184
0.21,1594.8024956087825,21417.333073938025
0.21,1951.0000000000002,93938.00000000003
0.21,336.8989573824159,1885.5112504318154
0.21,847.1393670925484,14292.543915112588
0.21,3499.999999999999,139899.62115745706
0.21,634.781852292581,6105.887650456726
0.21,1177.0000000000002,53174.0
0.21,2164.4412425513005,58923.27871367824
0.21,2915.4191999104737,99307.05298765811
0.21,76.0,83.0
0.21,1174.5371347247653,52434.60066281658
0.21,2033.9616515558982,57976.242358400574
0.21,383.40579025361626,2086.4865204453154
0.21,3499.999999999999,95291.00000000001
0.21,1488.090884050752,54729.08961170508
0.21,1877.0716066245495,30682.72587061569
0.21,1745.9337974108578,25380.07902735704
0.21,3499.999999999999,133936.00000000003
0.21,413.4375077056941,5274.21197695141
0.21,332.67100865569876,1151.4469158411077
0.21,3499.999999999999,205445.99999999997
0.21,1088.2135538130956,10986.899804681316
0.21,532.4471804789654,13605.436045933997
0.21,1851.3328720866666,54924.25046004151
0.21,1857.032304492656,31146.547102728757
0.21,1190.9177133622627,43745.33918030584
0.21,1065.8192560349112,18510.173550279596
0.21,1271.0000000000002,13735.000000000005
0.21,176.70710280455765,901.8733505888994
0.21,457.16912981444676,7122.469078103187
0.21,1612.9507122041887,36573.79426584012
0.21,392.635931874661,3756.884633095803
0.21,1475.6559541506672,32452.927604863464
0.21,1917.028951268081,47969.23805940636
0.21,820.2103538165071,26249.626133645812
0.21,1121.0037055892285,18442.15925478314
0.21,129.02325371807984,267.2077843177477
0.21,1138.0,18387.999999999993
0.21,3499.999999999999,211226.02576387208
0.21,1444.9207794913061,30397.9149867881
0.21,833.1284651945377,17962.38813421351
0.21,3499.999999999999,196495.40664095804
0.21,1475.0694212274989,50552.81133634797
0.21,1597.0000000000002,13206.0
0.21,1404.9626329550545,46850.82182843752
0.21,402.42792480251495,3604.2614092037993
0.21,2204.887623212757,87473.62418860635
0.21,1921.2964373047694,55749.985901343505
0.21,1186.7401306761335,19363.683744534053
0.21,2135.532720423642,23440.49060920014
0.21,2317.8653972998513,50274.36344698954
0.21,3499.999999999999,48105.99999999999
0.21,2719.5877763414946,123205.35850098809
0.21,926.8649978906611,28757.312921827543
0.21,1396.879793579288,21522.59190634124
0.21,1662.0736442820757,44302.390599078964
0.21,1050.9999999999998,17081.0
0.21,3499.999999999999,179441.92791541226
0.21,478.0,3627.000000000001
0.21,1073.5422823620022,10523.284707203275
0.21,1681.7375663896275,44224.7305427236
0.21,1318.2693199797984,34193.665290518366
0.21,1119.3748255164576,35428.31929403368
0.21,1343.0000000000002,29401.00000000001
0.21,3499.999999999999,183184.23117274715
0.21,1375.9123288941619,45068.466277054475
0.21,85.0,95.0
0.21,779.29574609421,9161.239148590217
0.21,3499.999999999999,128812.15911163046
0.21,1240.1527083867916,25807.502500985294
0.21,3499.999999999999,115480.04893054038
0.211,2615.7451869566275,133373.09695131006
0.211,1859.0988048179593,47117.4442191934
0.211,529.150262212918,9218.65982667763
0.211,1303.0,28408.000000000004
0.211,492.09501436839355,9515.798534778593
0.211,3499.999999999999,220794.0
0.211,719.4736218274483,5297.695414922905
0.211,1065.9999999999998,9155.000000000002
0.211,1900.526242912736,65360.477553334946
0.211,1271.0000000000002,31533.00000000001
0.211,1612.4158892791897,43838.62686033859
0.211,2764.125664906626,79767.17577296938
0.211,128.0,209.0
0.211,1940.0468954547637,28415.372487319997
0.211,2513.961881194887,70579.49718847871
0.211,3499.999999999999,184150.64551137623
0.211,2191.981034893701,61517.552151370015
0.211,1348.7734500917798,33233.56693274005
0.211,1934.2957374713926,46304.97247596635
0.211,887.3487145422695,36069.44277055069
0.211,397.76877705521326,1805.5414700305282
0.211,2084.145089594023,42033.49792939561
0.211,1822.164232957523,42393.03274210223
0.211,548.6346689738081,10463.095431085392
0.211,1830.1639270841285,60324.12838989054
0.211,1114.5479256156536,33576.98788015582
0.211,1408.8458441531077,52999.91255049242
0.211,552.932000398057,3013.54903531466
0.211,2064.193745521353,100144.5485871112
0.211,2381.1761799581313,126211.38487474094
0.211,3499.999999999999,109372.99999999999
0.211,1353.9646798356355,27269.03105394514
0.211,3499.999999999999,114215.88889467175
0.211,348.0,5837.606872683361
0.211,1261.0,8541.999999999998
0.211,956.4815840026073,10117.30185979213
0.211,1167.6877410089428,20672.811632466495
0.211,65.0,566.0
0.211,1966.6528662570172,79265.47713807545
0.211,1716.0000000000005,72173.00000000003
0.211,810.9999999999998,15283.000000000004
0.211,2043.4040227032926,74244.08674096546
0.211,1063.0000000000002,26046.999999999996
0.211,337.0578585347032,2644.3142778421784
0.211,809.8050752822166,8111.7171237631665
0.211,69.0,86.0
0.211,1388.3005908460507,26869.875110229787
0.211,1290.5175024462735,21071.89178238821
0.211,1681.3415210700869,48943.26418749633
0.211,1783.6738966991143,54926.09622579587
0.211,1510.0000000000002,21827.999999999993
0.211,1232.9999999999998,20660.0
0.211,1666.209482191993,54153.716367449226
0.211,1351.9999999999998,44767.000000000015
0.211,1228.8842520395556,25458.003205183533
0.211,2152.5373563741564,53672.127864683855
0.211,1045.4817071570405,17344.03802463543
0.211,1182.0,29634.000000000007
0.211,2527.4573339136655,116476.94428601081
0.211,2415.15296937653,77167.69963033541
0.211,3499.999999999999,271262.00000000006
0.211,1706.03040196263,38048.50350670646
0.211,1103.0,16063.000000000005
0.211,1554.0996474131505,39511.28038114861
0.211,1106.5769174184272,15745.00018043334
0.211,1894.0000000000002,79955.99999999996
0.211,1558.0182381236368,34706.37470056676
0.211,878.5074466926624,9531.18289653575
0.211,1012.7635459474238,15705.025787944436
0.211,2253.0504468372033,106790.12915906718
0.211,680.6988921713386,16816.485302949157
0.211,1313.6906603521338,34946.624253449394
0.211,1407.6218165754321,31006.671608477165
0.211,514.5024887154162,9346.023580976858
0.211,1042.5246847032429,12810.879131455786
0.211,1135.0,44294.999999999985
0.211,1309.9999999999998,11057.999999999996
0.211,1644.3527169467934,49738.22543635144
0.211,2544.599618195648,68891.08330369723
0.211,3499.999999999999,91298.36898871738
0.211,1263.8469052856044,23807.906585838256
0.211,422.3229093385739,5141.0721954897945
0.211,1674.8719113575817,42251.49023496181
0.211,2328.833490853053,28375.67468810984
0.212,1107.863759221833,27995.540873532616
0.212,1960.0000000000005,53648.99999999999
0.212,1177.0000000000002,35293.999999999985
0.212,2135.532720423642,77689.0509660145
0.212,3499.999999999999,254060.9999999999
0.212,1069.0,10595.999999999998
0.212,1303.696603813624,26055.917452559755
0.212,1885.7359306117069,110787.37088675766
0.212,1103.9999999999998,22099.000000000004
0.212,589.3873622388929,5939.725090104885
0.212,306.5456395981266,817.3632536938992
0.212,3499.999999999999,80115.10901327868
0.212,2010.8579919208048,54296.343457747185
0.212,3499.999999999999,123896.24832092368
0.212,500.11685268877085,6171.570362174688
0.212,2417.949906408966,100823.46716241288
0.212,1094.8282797082616,14412.57096238729
0.212,2006.237973428912,38277.96712131086
0.212,571.4360135953167,6792.5181021843455
0.212,52.0,62.0
0.212,1037.8537385335671,26191.031542601006
0.212,1763.8894698528215,61940.1751456416
0.212,1917.7787201514072,65435.597411989365
0.212,710.2108677377119,13728.875286888268
0.212,3499.999999999999,229216.22902840018
0.212,314.2880844066475,1248.7834079615252
0.212,1590.7545379473227,43471.24221827574
0.212,785.4519225521676,12147.362466171004
0.212,633.0933287898241,3620.7654362595044
0.212,1240.9479397316977,43478.94578117334
0.212,1019.9999999999998,32523.999999999996
0.212,783.5002082669854,9795.729358922243
0.212,1880.2241980247018,82217.66029089317
0.212,259.7729778094712,3582.2769295519306
0.212,1100.1950067496957,32214.783874387424
0.212,3499.999999999999,122579.25104835539
0.212,1625.0,60299.0
0.212,2649.8756436309613,82104.27605649574
0.212,1230.8536168102064,15686.513484931407
0.212,2100.833168054998,78839.25635113516
0.212,2876.585336546128,99538.13811882872
0.212,2374.5724068622676,100846.62003882203
0.212,1009.0,7791.999999999999
0.212,1250.3158802434325,34891.67554194492
0.212,3499.999999999999,159655.73967446332
0.212,1054.5704793017903,21863.801377143238
0.212,1166.348615488204,21600.602782693128
0.212,1263.5460076109403,18551.7663027501
0.212,2348.0783923249783,69725.59242674062
0.212,1388.448292194335,30211.076777818726
0.212,140.0,235.0
0.212,922.1398175989164,16929.71521196799
0.212,257.32469760984856,547.4486277268398
0.212,1387.4024604754502,45561.12265112469
0.212,1568.5981002156034,29220.63577337085
0.212,3499.999999999999,160213.99999999997
0.212,2135.532720423642,34674.82709401735
0.212,982.9795703392534,19211.815345468982
0.212,1922.4983745116663,67168.57489927864
0.212,114.99999999999999,1078.0
0.212,1107.6787344593226,29954.780085157687
0.212,1914.2883795290616,41164.04389755701
0.212,2404.606315488276,62412.297620129844
0.212,1508.3570532204897,18218.451361188745
0.212,667.9999999999999,8152.999999999999
0.212,696.5685807233957,5909.701629171647
0.212,1245.351356043747,30687.721323030815
0.212,2057.911562725668,37101.27464117643
0.212,1770.5921710186665,36292.30958857203
0.212,1021.694156823083,14461.624345325023
0.212,529.150262212918,14990.30566733047
0.212,864.6195682883199,18904.03749123247
0.212,1480.771222713998,48349.06357460982
0.212,1439.213575218971,65379.285996346334
0.212,1542.0282258618388,32130.98049994197
0.212,728.3340976579468,10865.371746948815
0.212,1344.8228840033084,19010.46612726678
0.212,1902.3669467271552,46087.18824141912
0.212,846.028066067539,10221.829640004038
0.212,91.0,157.0
0.212,869.0039130552215,14186.303659774114
0.212,1286.8362809253188,43464.73593411784
0.212,1243.784547258889,34732.33530875804
0.212,3499.999999999999,135110.00000000003
0.213,3499.999999999999,144676.0721822396
0.213,2069.4988929640044,39413.39930515659
0.213,3499.999999999999,51778.00000000001
0.213,1757.9817974029202,54736.30464326212
0.213,1950.5127530985274,55459.86359521632
0.213,146.0,2510.0000000000005
0.213,1907.8195455588557,40352.94491200085
0.213,1476.115865371616,26806.61753446968
0.213,989.1323214096594,42079.35047297002
0.213,2188.5404117509074,44435.93574445659
0.213,1122.2940791076105,6417.540650436119
0.213,1437.7899707537263,33987.99338001584
0.213,3499.999999999999,100788.6860200872
0.213,2892.2404532415135,58155.44519172349
0.213,1771.6978097560007,53652.12304560702
0.213,480.62459362791657,1566.4833226051278
0.213,1217.0000000000002,18080.000000000007
0.213,2133.072900770154,74877.78295329
0.213,1303.0,17884.0
0.213,1593.9999999999998,21630.000000000007
0.213,810.7811394547402,20539.680251056623
0.213,1235.563434227478,30059.26186718496
0.213,1387.667678847067,30594.162768872877
0.213,3499.999999999999,191339.0
0.213,598.4556772084832,4502.154927638476
0.213,1939.0000000000005,69306.0
0.213,1316.0000000000002,39848.000000000015
0.213,1350.8987247687905,29155.63771225626
0.213,645.3681120105019,3672.106616099265
0.213,661.4378277661475,6264.432935230451
0.213,3044.9462269906703,56739.418176892694
0.213,551.2576370024467,4308.834613616291
0.213,592.805920105662,7068.931038673772
0.213,1940.650664081509,59981.41745574204
0.213,3499.999999999999,197989.76226057755
0.213,1298.790069905978,35168.35768286059
0.213,1886.5701436528248,63810.13057706061
0.213,1488.3289826418331,23584.050447941227
0.213,264.1666140904259,3658.9212891233387
0.213,1823.7107569725217,31330.70030647168
0.213,936.4200512798687,19188.742720261896
0.213,1064.9704340787914,18455.083444411066
0.213,1649.745829914998,51075.319453487864
0.213,515.8074216761038,6227.948106589619
0.213,3499.999999999999,104946.99999999999
0.213,1479.4411581665295,28707.372486767963
0.213,1056.0,12852.999999999996
0.213,3499.999999999999,193927.0
0.213,1935.0375348544737,42609.63458887494
0.213,2010.1991956218085,49773.63529176615
0.213,1069.0,8547.999999999998
0.213,3499.999999999999,103255.00000000001
0.213,2632.4893162176368,133092.87854727617
0.213,1071.7942899642635,27116.678723619538
0.213,3499.999999999999,238218.3561566993
0.213,1712.7359505816028,45161.19518360495
0.213,2359.02522241709,57874.00688564772
0.213,1555.0,47749.000000000015
0.213,824.7664678522856,13447.007068765617
0.213,713.0,14357.000000000002
0.213,1578.0000000000002,45838.99999999998
0.213,1127.6453343139408,23864.980473488773
0.213,1517.0000000000002,24721.00000000001
0.213,78.0,99.0
0.213,1688.3414514069639,49192.883444199884
0.213,3499.999999999999,148447.99999999994
0.213,2485.457704327313,70722.05339213501
0.213,1117.8103595869916,18742.035428415984
0.213,3499.999999999999,211135.82171199645
0.213,883.0981534425171,6909.123684010392
0.213,1362.6076812508031,34385.51758696149
0.213,3499.999999999999,217021.0000000001
0.213,2485.457704327313,92697.6771661513
0.213,1312.8330733419336,30836.89874412908
0.213,1334.481649632234,23636.907730365627
0.213,3499.999999999999,228073.99690012875
0.213,1908.215350070374,97087.13748407885
0.213,2427.035228421705,62950.61375395799
0.213,596.463146710673,14863.694446076039
0.213,2395.0991628740553,93442.30219766636
0.213,1089.2658077806357,21569.505951690233
0.213,3499.999999999999,119768.79994389194
0.213,2103.6971907317197,43772.74826731956
0.213,565.911901990354,4616.775539315102
0.213,1661.8768275646346,36771.58148301474
0.213,130.0,179.0
0.214,961.2091343719114,13460.747936128957
0.214,2682.5361134568166,101358.12712358095
0.214,1207.3221693613802,25459.069476790228
0.214,710.5051054155672,10005.07201255521
0.214,822.0000000000001,13602.000000000002
0.214,2203.292990049213,44287.991690750656
0.214,2378.1877784727412,103298.53898895769
0.214,649.7844497503983,9580.742316559485
0.214,3499.999999999999,73588.18661986446
0.214,1597.0000000000002,33346.0
0.214,3499.999999999999,177748.48152937894
0.214,3499.999999999999,82430.0
0.214,1752.4937357872961,26871.728168642767
0.214,3499.999999999999,49869.000000000015
0.214,745.8877078718097,8875.465847684316
0.214,1709.7219775304627,42990.687809383155
0.214,1976.3602910400725,114059.35260205538
0.214,741.6131066802959,10181.563534153283
0.214,3499.999999999999,178471.00000000006
0.214,3499.999999999999,50944.944117742714
0.214,1279.9214632802941,34396.411927491805
0.214,261.5587888028234,4403.764639487448
0.214,1648.1481634141196,34099.564433752246
0.214,1009.0,42279.00000000001
0.214,411.7366353413399,8416.785936282655
0.214,2616.4116471011275,75674.91458940733
0.214,2366.431913239846,86147.47906932619
0.214,1093.0,14591.999999999993
0.214,602.2349241133179,7866.679787409491
0.214,1531.3392831113551,28479.415829683017
0.214,589.7375815193553,11175.069488385183
0.214,619.3767601162781,11862.004911175936
0.214,2200.908903157966,78987.55513370447
0.214,295.0,10938.999999999996
0.214,1495.6650694590687,24545.314909367113
0.214,1585.3357881258107,51848.46875383038
0.214,1301.8755700910897,35728.37628552407
0.214,979.2525804433037,13591.460818575883
0.214,1917.9416049504741,49364.15769563985
0.214,1882.949813457597,85533.14676778826
0.214,1482.0000000000005,25305.0
0.214,852.9732095870891,9910.189826720662
0.214,1688.7691715014241,47281.80602699175
0.214,1796.0,47404.999999999985
0.214,2228.1338661459113,40729.143498812315
0.214,3499.999999999999,205336.72390003694
0.214,470.03723256780415,2892.142112690869
0.214,1152.5189803209314,35729.253980456946
0.214,532.4471804789654,12441.213927909124
0.214,1715.4016243872998,46308.0208233451
0.214,1670.8188506442846,48885.31698515949
0.214,1947.4714102683254,45251.792990111135
0.214,2255.105319048314,78641.26448627336
0.214,1232.9348962812257,37435.3832773366
0.214,1171.6552393942513,41860.87970886422
0.214,842.9733873350955,18641.06819110097
0.214,3499.999999999999,116748.32735846794
0.214,1235.563434227478,21127.948717279694
0.214,1078.472530943649,18625.642002357934
0.214,1196.0000000000002,22087.000000000007
0.214,2565.8629255648666,66056.03638992747
0.214,398.0627842637709,2505.247839687723
0.214,2133.8931557132837,43619.730741947504
0.214,3499.999999999999,110829.00000000001
0.214,2800.5207364821567,106702.43343371856
0.214,2182.5443867193167,83228.29711101866
0.214,767.5460898213213,20008.104907761746
0.214,2164.645885756253,116054.08667204792
0.214,2169.6773953747133,76252.00493101806
0.214,3499.999999999999,141325.00000000006
0.214,1656.502339267892,62441.74291289445
0.214,550.2636047684305,6068.34518588362
0.214,2455.091072253915,65143.21980386639
0.214,1293.0,23048.999999999996
0.214,924.7127403777748,12756.466388377889
0.214,741.3182353908518,8489.113792606746
0.214,1724.8693043663668,46417.897189623116
0.214,132.54433220624713,1194.8757257556122
0.214,1098.464837853265,26297.00081758372
0.214,78.0,88.0
0.214,918.8817541314537,21513.90025637609
0.214,3499.999999999999,78006.03588184701
0.214,1877.2667758384898,42096.04462946099
0.214,701.7777425937645,4363.626015139245
0.214,99.38309715439541,372.7935085271738
0.214,1592.0216707067775,39401.67229953572
0.214,1680.9999999999998,19290.999999999996
0.214,1904.636814456939,66135.11501657535
0.215,2261.3454214856547,64885.0800853102
0.215,763.427796192934,18076.35654660529
0.215,424.40711069674694,2303.1568743456037
0.215,1977.0410347910943,81736.31561103261
0.215,1227.9999999999998,28546.00000000001
0.215,1318.0,11912.999999999995
0.215,1412.8563267367283,26382.216851508132
0.215,592.3643514351792,6970.355032480466
0.215,699.8094719557494,7596.691955275585
0.215,507.6292736108809,4231.278800558882
0.215,2210.7258591797317,85027.59920067951
0.215,1299.0000000000002,104298.00000000003
0.215,618.2105177107626,10471.499830877698
0.215,1351.3866952134763,25739.687974021745
0.215,1236.500059491406,34465.24968856121
0.215,1373.1168490783714,56837.332000051276
0.215,3499.999999999999,204170.99999999997
0.215,3499.999999999999,122347.00000000003
0.215,3499.999999999999,75115.48495483473
0.215,2773.182608066557,81496.35772482182
0.215,703.4816022714241,11118.218938736743
0.215,266.37567456507736,5777.7102731099285
0.215,414.4526510953935,4222.605593706333
0.215,2075.692655476721,75738.56634502664
0.215,655.9603206526157,13677.154463207287
0.215,1996.6221475281702,46285.724451497976
0.215,866.0456108081144,9282.101324592399
0.215,3499.999999999999,107038.00000000001
0.215,490.00000000000006,8647.000000000004
0.215,1107.2303321202126,16231.767634388249
0.215,2629.1633650269814,46860.68898341122
0.215,1732.9999999999998,47573.00000000002
0.215,852.3120445161462,7826.945374507846
0.215,1118.2721509522698,22096.45830455845
0.215,1881.1323327664334,66999.54627051174
0.215,1857.0,17007.0
0.215,3499.999999999999,132677.44900698084
0.215,1648.7364859188385,66885.41521886516
0.215,1563.3256218715287,29979.45746673879
0.215,1486.6161637903401,39056.752616794794
0.215,2263.6254107073455,32983.766916469656
0.215,1383.6545811726276,19912.444952842925
0.215,2037.3087428841025,27211.07888153489
0.215,2485.20596057914,119280.74363608136
0.215,3499.999999999999,246260.9999999999
0.215,2048.1045171132873,67364.11017024201
0.215,1503.3051736591456,21826.954224501897
0.215,1772.5723606986598,40374.806655147935
0.215,1250.0000000000002,38947.00000000001
0.215,3499.999999999999,88266.44573226027
0.215,447.2468393287217,8632.09285499242
0.215,1155.8092403160654,25864.529553038476
0.215,1897.7562578794423,47499.79218445104
0.215,3499.999999999999,163104.3945514651
0.215,245.6277671599854,1978.6611635143597
0.215,804.2832760047281,6777.704931354234
0.215,1695.9401925921163,48544.79956064793
0.215,1765.9275183313728,60358.099903824026
0.215,768.0113975811413,16438.99705992567
0.215,1384.0000000000002,39607.0
0.215,1855.295512547903,23875.982577997205
0.215,721.213560604624,13698.986823849422
0.215,2198.1318261945767,85431.86682757974
0.215,1450.3447865938635,60556.325251785245
0.215,3499.999999999999,218073.0000000001
0.215,115.99999999999999,145.0
0.215,1487.1308690253197,35821.974583187446
0.215,2421.856332356756,91808.67959067767
0.215,851.8331467807855,11684.712571670323
0.215,2066.7957457822304,43585.58689287812
0.215,1423.434227493494,35686.81145745581
0.215,2224.176803190027,86030.49466534329
0.215,1537.9143352003518,66866.06747581066
0.215,1151.7703764205778,16861.413463882567
0.215,2348.210498228374,47013.36971969583
0.215,1228.4624536386934,25558.0929257251
0.215,1993.1131427994742,39773.22227328328
0.215,573.0,1038.9999999999998
0.215,3499.999999999999,198091.71965783928
0.215,2871.591423554752,114075.68929980791
0.215,1246.348672501576,29768.391598848324
0.215,2301.1953415562093,42996.275117735495
0.215,3499.999999999999,237623.36030996602
0.215,169.73272675304776,1113.3638167858517
0.215,1713.6218952849542,42537.43243309356
0.216,1049.0190035703429,14508.631464238417
0.216,1345.0,39756.00000000001
0.216,1215.319227200027,46110.10892612593
0.216,1371.701661033452,24634.82556717222
0.216,2149.418526020467,65194.862796082285
0.216,940.4174696148948,24251.934306662715
0.216,760.2731589655743,6667.17358365874
0.216,2094.0000000000005,24029.999999999993
0.216,354.86053598561784,1712.0221961177954
0.216,3499.999999999999,113126.99518682527
0.216,164.83324907311632,1762.215083353902
0.216,1225.3129806452027,26196.175252388763
0.216,2004.0703580463437,65486.62157265403
0.216,3499.999999999999,216651.9999999999
0.216,1055.0,30915.000000000004
0.216,3499.999999999999,138975.0
0.216,976.2622598461952,26588.70308984626
0.216,476.7651413431985,7921.477703055153
0.216,1331.3609578172257,27345.04765035162
0.216,576.6281297335397,3423.6651413361096
0.216,1639.0000000000005,17720.0
0.216,747.0000000000001,8052.000000000003
0.216,1492.0000000000002,39516.00000000001
0.216,3499.999999999999,151840.00000000006
0.216,1187.3582650509536,22894.098911293928
0.216,1761.4629637608416,48139.48790101178
0.216,3499.999999999999,119079.65770861124
0.216,1124.808239908287,13832.2335975634
0.216,854.5053554528605,11389.384558543741
0.216,1870.0,77683.99999999999
0.216,969.0959704797046,11012.305208265889
0.216,3499.999999999999,100723.99999999997
0.216,1705.727997073391,53790.496037868994
0.216,1271.9999999999998,12946.000000000004
0.216,598.5388273465857,4718.906067839653
0.216,2707.8589328102007,77818.35029091784
0.216,1051.645264206862,17162.617820455504
0.216,795.4306969176909,12223.39601257366
0.216,3499.999999999999,132723.00000000006
0.216,3499.999999999999,116603.50502890194
0.216,81.0,89.0
0.216,1516.781131211751,27842.539395680127
0.216,1120.9371079592288,37580.33528323027
0.216,800.7575901697578,15292.772896085964
0.216,1338.9093265362847,35078.13707802351
0.216,2528.638960821007,126826.21828348917
0.216,1008.333278236913,14921.846199448646
0.216,472.5427121882483,7969.159473934615
0.216,2065.550774006778,44933.17204471547
0.216,1678.9999999999995,89716.00000000003
0.216,2389.2467432226413,79021.17749692162
0.216,943.5638304261295,15618.018026916761
0.216,2113.2912719263286,43391.906699291285
0.216,3499.999999999999,161765.99999999997
0.216,2362.7314701421315,72896.84406749031
0.216,3499.999999999999,187179.00000000006
0.216,62.0,511.99999999999994
0.216,1426.58788723303,14924.24681516626
0.216,392.7034504559388,7295.243381820784
0.216,1005.0000000000001,35128.0
0.216,300.2582222021572,5964.248485769184
0.216,3499.999999999999,174026.00000000006
0.216,673.9636488713616,9023.497658890372
0.216,1206.8920778788827,36532.97149771957
0.216,593.2834875233851,4494.622533277316
0.216,1850.8484773675225,35026.408852203946
0.216,3499.999999999999,313516.0
0.216,2033.101079631802,47035.237269519544
0.216,652.367013311071,10256.619142262565
0.216,564.3580423808985,2970.345771118239
0.216,1879.1318894541678,42081.70648218226
0.216,2143.7117343523587,71360.60499323142
0.216,2035.0000000000005,65611.00000000003
0.216,743.9800389019709,9165.315065503766
0.216,480.62459362791657,7040.023153371016
0.216,2684.4925032489855,49154.21275943701
0.216,873.9879861874534,11604.090399509989
0.216,1800.5483411701352,39963.9388821107
0.216,3499.999999999999,127564.99999999997
0.216,1679.5832816505404,71635.8771007936
0.216,2334.158544271217,50671.319436300066
0.216,2328.903561967554,90931.30784925462
0.216,759.6815122141647,15520.793149836114
0.216,966.9999999999998,49557.000000000015
0.217,1571.8042195216601,27771.657004864534
0.217,277.48873851023217,2018.4982041111657
0.217,3499.999999999999,82318.04232366073
0.217,1876.428614123536,24436.43045841716
0.217,585.6620185738528,9744.928629805356
0.217,3499.999999999999,71754.0
0.217,513.3010350456426,10153.910225742493
0.217,1403.0,24237.0
0.217,1312.474380702343,29184.711751189174
0.217,360.0624945755944,3328.6570865741046
0.217,1875.7320008578479,65196.936981845225
0.217,1879.2285651298516,55110.254853339226
0.217,1837.0148656563194,47035.78924716575
0.217,2615.2139303089066,87199.6749254857
0.217,2393.637399440441,68740.79145601975
0.217,2312.113156620483,78250.10930122138
0.217,1874.3943288188013,66741.12479933158
0.217,1561.2400674852404,29999.244291535764
0.217,2490.4838229100997,67137.19128050235
0.217,1321.0870523928386,28396.238905883292
0.217,692.2918122853226,11483.77951176168
0.217,3499.999999999999,113014.00000000001
0.217,1337.1705201656225,25236.0690877165
0.217,1718.5207451418048,39498.83816061735
0.217,804.6660755121583,4894.25997818576
0.217,64.0,889.0
0.217,1341.9999999999998,34076.000000000015
0.217,2881.9739059043836,100227.38549813353
0.217,1593.9999999999998,24668.000000000007
0.217,2058.7617637793846,84383.93408107963
0.217,666.7083320313312,6288.917076890105
0.217,588.6425061104574,5588.543280676996
0.217,3499.999999999999,177473.99999999997
0.217,1286.105877780619,17813.24944902922
0.217,2677.534210051744,92259.07292974874
0.217,364.9521423460833,3850.281823638028
0.217,473.2863826479693,8968.767808344692
0.217,1189.1173196955801,28614.822609969127
0.217,1123.605357765795,36186.4871878993
0.217,3499.999999999999,146871.3964664325
0.217,636.2682615477457,9190.677038549067
0.217,1885.0000000000005,29401.999999999985
0.217,1177.0000000000002,32414.999999999985
0.217,1348.736183122919,27276.7987297248
0.217,954.1463616946899,15763.64117693548
0.217,2815.5386089261233,100159.78231048568
0.217,2781.4572401160026,97755.70512286415
0.217,1370.358605037752,28196.31895759062
0.217,1723.0,38129.0
0.217,2655.6543449778997,80776.59888853948
0.217,480.62459362791657,12001.427581750435
0.217,466.7761776269221,3291.1780565627246
0.217,1667.2852673346658,32593.825377009314
0.217,3499.999999999999,85323.23533481367
0.217,1876.432785899884,27866.67344696886
0.217,1076.3348750737855,19504.384628783682
0.217,1694.69042029251,45932.736434183265
0.217,2476.8416836885845,79371.99880118629
0.217,2301.1953415562093,86180.72257761593
0.217,1217.0000000000002,32957.00000000001
0.217,1197.0173612155393,12772.451467169987
0.217,1722.535021613335,59605.61500796697
0.217,1104.476306102382,21820.792439094894
0.217,1165.5895503992817,34471.621835939186
0.217,1140.1810526024187,17005.17515492819
0.217,967.8249062902321,23404.226186333828
0.217,96.0,98.0
0.217,298.0,4444.000000000001
0.217,2682.5361134568166,118261.15180819106
0.217,934.1945880507154,14135.681973839808
0.217,115.99999999999999,1645.0000000000002
0.217,620.9763789431565,10035.197374745207
0.217,1696.6256017240837,33171.2489127548
0.217,3499.999999999999,82617.4175287973
0.217,1416.7975381706992,18303.743478060383
0.217,954.1656789889794,16767.028559195754
0.217,2388.5141824992374,77257.87422651492
0.217,947.5441942199849,11556.995716880747
0.217,2931.719074301946,75597.96812453124
0.217,269.8666337285883,1275.926330161738
0.217,1643.6739336011872,45170.41133308397
0.217,591.6079783099615,6930.428558177335
0.217,2531.923942886501,86715.1369494337
0.217,1357.9999999999995,68511.00000000001
0.217,163.0,3400.999999999999
0.217,363.7334188660701,1022.1594787507476
0.217,96.0,155.0
0.217,1427.0000000000002,72383.00000000004
0.218,679.7058187186572,2897.0107007051247
0.218,1724.3145406393926,54589.86723242819
0.218,121.0,1185.0
0.218,772.9247288201636,9161.749037814187
0.218,93.58418669839472,846.8181622993213
0.218,1107.7863425558498,31564.37709565367
0.218,876.9948688561408,8888.992856336426
0.218,1040.6578677916616,11500.787851752999
0.218,85.0,89.0
0.218,2513.4637455113607,43842.28416722832
0.218,766.3765099318251,14548.871318657286
0.218,1251.4649491351945,21132.540186170674
0.218,2134.1200139611706,37697.83592971881
0.218,279.0,1325.0
0.218,1184.7733960551275,36610.21357490283
0.218,807.4094445510092,12114.238549770414
0.218,2206.5344632368424,74355.26860714535
0.218,2590.9063312529565,99745.86089960743
0.218,639.9218702310461,11903.310841946455
0.218,1135.715847583286,23566.216975211726
0.218,3499.999999999999,85407.40434565052
0.218,554.1482918763444,3783.228380501555
0.218,390.4074636887151,3131.6564608051854
0.218,1877.3651749193598,55302.446600489566
0.218,1802.5639609937173,45776.81252449361
0.218,773.7277280646172,8314.1665104789
0.218,113.99999999999999,1252.0
0.218,2436.662214820002,64888.35266503041
0.218,1102.1832053777193,16062.129912512151
0.218,3499.999999999999,135276.99999999997
0.218,1618.0234856144705,22167.8657971398
0.218,2069.6706838668833,37046.8025936461
0.218,970.7287163245342,21771.379779756768
0.218,2039.9668391380094,61860.84318325884
0.218,1827.7553674968046,42725.85406896511
0.218,935.4302964364595,15073.381468724514
0.218,3499.999999999999,247714.00000000003
0.218,2017.0000000000002,46501.00000000001
0.218,1639.0000000000005,39210.0
0.218,1574.7406980526075,67429.58865246939
0.218,1578.929868753418,44372.39622060248
0.218,1011.709678692531,24911.04072493899
0.218,303.7268509697488,4678.004809745284
0.218,3499.999999999999,157599.00000000006
0.218,1254.4021121657984,29455.96536558369
0.218,1417.8211116837283,29429.96645293585
0.218,1378.586232340944,22313.859572023837
0.218,538.3641890022033,10868.269227434517
0.218,1153.0,11297.000000000002
0.218,766.0567864068564,20774.29666679477
0.218,2761.986247902551,116332.00587623073
0.218,2343.7589036698787,57421.75254329062
0.218,1466.093068988189,42281.12499473886
0.218,1528.7430582586728,30734.749939097837
0.218,1050.9999999999998,9165.999999999996
0.218,2948.7306614093322,88075.95760100242
0.218,394.3348830626071,2572.5605920949656
0.218,131.0,2540.9999999999995
0.218,1974.9999999999995,20483.000000000007
0.218,1670.0000000000002,18765.000000000007
0.218,1711.7074018256162,38930.89560494371
0.218,1248.8522798466206,15478.54284351487
0.218,913.9848470073781,19551.32559233801
0.218,935.4143466934855,22118.894072715295
0.218,1345.9940564504732,27306.425837154155
0.218,3499.999999999999,200358.00000000006
0.218,64.0,463.0
0.218,738.5969885698584,8280.790577396756
0.218,336.30640790802664,1160.8367671641
0.218,731.0,6384.721763710619
0.218,468.97340438351955,5573.357833612273
0.218,1931.5796644197717,40799.19991862587
0.218,3499.999999999999,108303.00000000001
0.218,2514.8558606806873,66353.15175634089
0.218,1426.5345817196094,43639.07047194771
0.218,3499.999999999999,72715.51608838377
0.218,1423.5276654739957,18991.85665382981
0.218,1748.5347735489274,34469.481998500545
0.218,746.9308650871018,6682.432299856239
0.218,888.2983763443162,20467.220147971326
0.218,331.9625931629469,5098.678210576213
0.218,1017.0,9563.0
0.218,2382.6455884163715,77113.41420271836
0.218,344.7781895654074,5421.138625787022
0.218,2677.662454323577,85453.84891409264
0.218,870.3352919999177,11543.117400221901
0.219,3499.999999999999,103790.78456202171
0.219,1016.4251079149905,22113.01698095489
0.219,2033.101079631802,73783.04008374827
0.219,3499.999999999999,131793.53046337288
0.219,2669.456873598073,91341.0422537427
0.219,2166.4487069856973,89232.75846907345
0.219,3499.999999999999,132833.22813212065
0.219,2526.8179568729975,93260.84864976509
0.219,3499.999999999999,337667.99999999977
0.219,1517.4823468131538,44971.945940492136
0.219,1667.0000000000002,58409.0
0.219,2584.1826560829636,98458.46068266555
0.219,1974.9999999999995,54505.00000000001
0.219,1183.9999999999998,71180.99999999999
0.219,335.0,2865.999999999999
0.219,391.0,10385.999999999996
0.219,1408.1782659963944,44038.2240655645
0.219,3499.999999999999,103670.00000000003
0.219,76.0,980.0000000000002
0.219,1389.433697590497,25343.50046856195
0.219,2733.928404600739,39511.71210466265
0.219,1340.6491822512583,19835.6465956808
0.219,2425.6083073794266,45489.87552983868
0.219,2025.3394777172546,40020.60587997137
0.219,2343.394973110593,64480.98014143394
0.219,1519.0612232559952,27334.90779205226
0.219,1721.7723426748375,81663.97170723458
0.219,765.6703083002193,14614.643434893791
0.219,1986.9574731231662,67977.36212887344
0.219,223.0,322.0
0.219,3499.999999999999,243302.99999999994
0.219,3499.999999999999,77774.00000000003
0.219,2486.86549696601,77149.12753881273
0.219,2393.253623213758,56602.88420318992
0.219,1126.0406176649535,23623.032245740644
0.219,1711.036841413262,43343.10433320548
0.219,1330.9999999999998,29352.000000000004
0.219,666.4493423573595,12173.78145215119
0.219,922.0872584116894,25984.386572403717
0.219,825.1295454354645,11636.70092274769
0.219,1282.791106968577,35015.86125203543
0.219,1413.2830572818739,44768.012508933185
0.219,1601.0000000000005,10297.000000000002
0.219,882.5216943372697,9866.615962807064
0.219,3499.999999999999,245092.0000000001
0.219,1130.2561656544945,28814.961808060754
0.219,498.45858630407787,2633.8774316859394
0.219,1003.6056503270421,22464.03418686584
0.219,1914.9564260980383,51445.51535949496
0.219,89.0,777.0
0.219,456.9157471569568,2261.0632454666106
0.219,3499.999999999999,58650.483749070634
0.219,1541.1527869887573,32539.6716268373
0.219,883.0000000000002,21226.999999999993
0.219,315.16662259826944,1197.309483801076
0.219,2096.66401695646,78206.91203467887
0.219,993.2883883792688,30358.006949141105
0.219,2063.0075133164196,45140.45624492513
0.219,960.256008111827,14396.690622203969
0.219,525.8326730053963,4005.0405740766223
0.219,1011.7822731046087,29188.84175685871
0.219,1391.5484503895193,41154.24096220125
0.219,68.0,636.0
0.219,414.19134153540807,5044.0350956960965
0.219,480.90388854258333,4599.624516925409
0.219,614.7358654781057,8299.69763989506
0.219,360.907190285813,7637.059643606301
0.219,1580.8225706890698,42816.32654724128
0.219,3499.999999999999,99632.0
0.219,3499.999999999999,127987.50896864892
0.219,3499.999999999999,191350.00000000003
0.219,1157.2303141553114,24488.154360833327
0.219,1086.214773565194,14696.5079006771
0.219,3499.999999999999,158928.6229378686
0.219,1253.6968289993988,22419.843604785063
0.219,181.0,1624.0000000000002
0.219,1143.431677014416,18663.810972038915
0.219,2682.148269464416,101430.76393247955
0.219,1983.1962289871449,60301.58298691082
0.219,1188.2449584274577,18203.63811613095
0.219,1149.5272158651508,16865.889338571033
0.219,1259.550679064762,23972.763911688886
0.219,853.9303250265798,12816.49484063408
0.22,1258.0655537159532,25784.7351149259
0.22,1341.9999999999998,24307.000000000007
0.22,3499.999999999999,103398.00000000003
0.22,129.0,1322.9999999999998
0.22,1591.3294328009918,25509.424983272642
0.22,2395.4733204394856,61829.30492272064
0.22,2399.6527275309636,79425.7155936367
0.22,1319.7390056378697,29033.7188294562
0.22,1409.7662926882601,38741.66354198022
0.22,1290.8059497848622,33350.305036086254
0.22,248.0,313.99999999999994
0.22,1146.0,19267.0
0.22,1792.0695417913678,66622.28050845637
0.22,3499.999999999999,217912.00000000003
0.22,82.0,103.0
0.22,1988.1706314347512,88322.72065267236
0.22,803.9999999999998,9128.0
0.22,1117.5700608732031,22528.607924297026
0.22,3499.999999999999,107353.99999999997
0.22,1050.9999999999998,17417.0
0.22,890.837159901467,20780.174682022993
0.22,328.7434461145311,1383.9392758504232
0.22,2239.5897686252197,45902.179955935855
0.22,1097.9999999999998,15605.000000000002
0.22,3499.999999999999,155575.87803355022
0.22,304.4245091516731,1910.5793920405297
0.22,2161.376766969754,49456.42152523955
0.22,530.9598696682971,15111.82683104627
0.22,1107.863759221833,9900.38076765609
0.22,359.87636765978397,4481.997322623031
0.22,591.0573694383802,5216.063689200742
0.22,546.3076056582044,4005.655002618173
0.22,1271.0000000000002,77231.00000000001
0.22,926.6476598991915,9936.36203263247
0.22,567.7494100588849,3223.6773766808014
0.22,975.7291764981446,16209.455038868433
0.22,775.2967173927668,9573.324135325203
0.22,1585.2444606432155,62743.04433162292
0.22,3499.999999999999,254429.99999999997
0.22,3499.999999999999,193258.0
0.22,68.0,566.0
0.22,290.05861476605037,2229.041498043498
0.22,602.0,2833.9999999999995
0.22,184.30680942385175,2771.283998438269
0.22,3499.999999999999,96819.0
0.22,840.9999999999999,23707.000000000004
0.22,1300.0,33793.99999999999
0.22,2377.4655835366034,88581.07181919488
0.22,652.5835545002172,15187.192958186904
0.22,1304.6639414040692,9296.996181563161
0.22,1425.1147322233396,27686.18850618481
0.22,1960.3583501768337,51838.62875083821
0.22,2616.486193351686,68796.96718606132
0.22,3499.999999999999,145433.91572119624
0.22,84.0,270.48844707306813
0.22,3499.999999999999,117402.00000000001
0.22,465.8325879540846,5599.603557395829
0.22,571.9999999999999,5560.999999999998
0.22,2059.4055217402592,73363.86598397636
0.22,2074.0,33535.99999999999
0.22,1090.9999999999998,26011.0
0.22,243.55414413809822,1794.4700449519498
0.22,2065.550774006778,97028.30145890424
0.22,1516.491787964829,43951.75340731682
0.22,700.6589033953722,11199.319665121084
0.22,1900.2965372805243,46847.21230925873
0.22,2165.9632101592056,91342.82444366363
0.22,611.9640512317696,4962.098547993581
0.22,2924.4607029911695,85705.64256547722
0.22,2478.058048992507,57838.178051756506
0.22,557.1752443257867,8584.543384430795
0.22,140.28542333400145,671.1691292066405
0.22,1164.4191324106116,17876.181697703505
0.22,2660.753616108027,89268.5998289089
0.22,2694.5133207871017,88480.66906181758
0.22,1409.9340421504512,22600.689046394436
0.22,1143.9108365171505,22715.34141581387
0.22,1360.6191233571938,22972.234380196976
0.22,852.4546181422479,23146.22598678881
0.22,1983.4524119244165,57810.814075930764
0.22,2184.9878529926946,37206.55532836564
0.22,675.3033844256452,11722.77056636564
0.22,2332.9166294576407,67194.09346066069
0.22,1155.9999999999998,18505.000000000004
0.221,1642.9263141277922,43278.2084089072
0.221,925.4104615705522,19565.611321443717
0.221,1191.2821902337296,20938.593361709285
0.221,2401.778196071311,67623.0434387091
0.221,572.7259379493825,4407.427821303488
0.221,1226.9999999999998,40780.999999999985
0.221,2027.9299790673247,29290.409078741122
0.221,1695.354038871203,41042.99017205071
0.221,1142.2070740456832,16962.308451387154
0.221,2417.2512788328318,66634.98613957826
0.221,1649.0158195688082,44999.054265422055
0.221,546.2261436438208,5838.820086284557
0.221,2892.2404532415135,45226.29868373296
0.221,1223.5687852619715,23646.21713988648
0.221,505.4700782440044,4397.9529328995795
0.221,1366.0000000000002,69841.99999999996
0.221,727.9954705757098,9777.80690416363
0.221,872.5984342541947,19467.716805232307
0.221,1727.5478417654888,39789.98856139079
0.221,1641.400004213505,56271.91223380736
0.221,2017.0000000000002,48690.0
0.221,1190.0,15865.999999999995
0.221,2926.318837410387,85237.81899736123
0.221,65.0,447.0
0.221,3499.999999999999,117792.58339980495
0.221,1590.7003494089831,30820.51197202299
0.221,1394.5214973929328,21007.853449001486
0.221,1969.0000000000002,63736.000000000015
0.221,228.23264183295277,2193.3368887585407
0.221,634.2249961879099,10163.925541230563
0.221,1428.1190426571588,30579.642313146833
0.221,875.426934776765,9912.318771204815
0.221,1452.8618675246448,23608.635897790853
0.221,1384.3373739202991,31726.39448061272
0.221,1009.0,20952.0
0.221,867.4675786448735,22054.793764621798
0.221,1653.8331233833724,57868.057423763574
0.221,1995.1765789951355,52648.67450581918
0.221,912.3803558652081,15990.997422216264
0.221,2593.4747615229976,79445.05626764719
0.221,1435.8924054399065,21008.444968631058
0.221,3499.999999999999,129732.26180598677
0.221,2346.380190847169,93773.22309166947
0.221,2135.532720423642,70515.03422675197
0.221,2695.0756149020863,79521.66686179182
0.221,1202.0000000000002,22485.0
0.221,1943.8341733519192,49765.51219978851
0.221,1968.4580823463189,32749.87664026198
0.221,1743.5373057123197,39389.56714567813
0.221,2362.7314701421315,48450.607147898554
0.221,419.68229942490717,2589.241123504632
0.221,1915.7311208239055,44537.09686402758
0.221,826.477556032954,9146.859789121127
0.221,1829.2074786639155,39821.75814802757
0.221,3499.999999999999,104742.24739015695
0.221,3499.999999999999,222414.0000000001
0.221,418.1579136974972,3670.902418808388
0.221,3499.999999999999,147038.90077119047
0.221,1886.000097835359,62816.029081789304
0.221,1076.0000000000002,8285.000000000002
0.221,917.1134519892813,20707.920860597318
0.221,1211.9999999999998,40570.999999999985
0.221,1261.0,59284.00000000003
0.221,631.0417801639204,11856.382017035572
0.221,2392.9061828663494,84847.45266653565
0.221,948.4553105277864,11597.615956708423
0.221,2295.6825872045206,87226.50989288978
0.221,3499.999999999999,101610.00000000001
0.221,931.5939827997786,6056.678924347735
0.221,3499.999999999999,162604.00000000003
0.221,2455.707637321674,45950.22559248212
0.221,766.1879664938624,8005.56931142314
0.221,1569.1499888001254,29182.505139788544
0.221,1937.0,103389.00000000003
0.221,2641.1921550311627,82822.21461140843
0.221,1292.1880619062786,16681.21776471308
0.221,896.1187346175659,9249.142685504412
0.221,1861.2420886179762,40968.83688653542
0.221,2037.9999999999995,117017.0
0.221,107.0,109.00000000000001
0.221,1324.9671286493308,22784.81258771521
0.221,1882.0201911775541,49968.86270468839
0.221,3499.999999999999,128595.00000000003
0.221,1789.661707019195,53933.634227079856
0.221,1387.0,28581.999999999993
0.221,656.1249880929699,2887.657355019808
0.221,1681.8837653060332,30792.011269158764
0.221,3499.999999999999,228299.83420931353
0.221,3499.999999999999,131583.54486788998
0.221,426.6145801540309,2395.409359587625
0.222,904.6852961922925,18374.740468746408
0.222,3499.999999999999,224991.0
0.222,2544.599618195648,93808.7795719594
0.222,420.1057934553559,6632.991145821905
0.222,588.6662891656019,9120.11704968746
0.222,2474.5824551546893,64291.47954339276
0.222,2264.547712174953,61920.83801010823
0.222,765.6685226419198,7326.663607372519
0.222,1181.8924912930993,38753.84513532345
0.222,3499.999999999999,85963.94594247053
0.222,1121.257922960098,21954.97875088685
0.222,2614.4789155776334,82603.22950708402
0.222,298.1835767441482,2543.2271773954067
0.222,1383.6545811726276,29710.161090105168
0.222,1847.7694080202757,45301.87775056278
0.222,324.37015892341276,4358.158556087651
0.222,1423.4535468360036,46343.89247786591
0.222,1917.9416049504741,36081.36846074438
0.222,2013.107497701606,62586.78464364502
0.222,1324.996839240314,20172.605448647108
0.222,684.3772883474703,5665.483569055461
0.222,2299.6738899243956,57577.24753754733
0.222,1882.949813457597,82444.84663094474
0.222,1764.9999999999998,55866.999999999985
0.222,1337.3406447124828,57019.29262100682
0.222,336.844177625204,1444.6175964593533
0.222,1324.0000000000002,45326.99999999998
0.222,3499.999999999999,85949.00000000001
0.222,1492.0000000000002,31240.000000000004
0.222,463.0,5598.0
0.222,3499.999999999999,133952.99999999994
0.222,1891.0000000000005,62844.999999999985
0.222,500.06999330144157,7363.8212744204875
0.222,2079.0622886291785,69424.11725041953
0.222,3499.999999999999,126282.99999999994
0.222,1291.8623821828755,18344.019216076285
0.222,745.7696402903834,17111.72046043988
0.222,1063.0000000000002,27776.00000000001
0.222,2020.0349697384327,64341.478798285425
0.222,495.9317430587653,6730.6692440947245
0.222,1134.1642399520358,15350.164121479731
0.222,2733.928404600739,66572.30607240692
0.222,157.0,996.9999999999999
0.222,547.5582160830024,7231.1315158832485
0.222,2203.292990049213,75377.34394365456
0.222,1528.874757596589,30032.442813729154
0.222,1143.0000000000002,31888.0
0.222,1368.8623013291,15883.103852836826
0.222,1547.6465046354062,40570.275845181655
0.222,2646.417373016054,83924.61244309005
0.222,555.0,5525.000000000002
0.222,1595.4683387852042,59854.1732325773
0.222,1861.131282736412,39496.1159387653
0.222,2508.5852586667256,101600.07551178298
0.222,316.6085911658115,4921.841118931004
0.222,1141.3299426393462,21488.031154035907
0.222,1009.0,31247.999999999996
0.222,1847.9109827045238,27086.464701027337
0.222,372.02419276170735,6398.483570346961
0.222,542.2176684690382,2611.384690159609
0.222,2544.599618195648,58933.80995215406
0.222,1811.0000000000002,49741.0
0.222,1682.9037908904354,91769.5380763257
0.222,2722.896280548318,76632.74738923648
0.222,3499.999999999999,275997.0
0.222,634.4288770224761,6712.163734594085
0.222,1204.466636081133,30701.026111324416
0.222,1014.629521284559,17075.15743734277
0.222,2793.7359969736567,90230.62062357608
0.222,1723.0,33232.99999999999
0.222,1936.1043360315061,58042.439266453985
0.222,1378.595206552594,23976.94097983231
0.222,1499.8739941234082,25432.975682301378
0.222,3499.999999999999,190802.42170632945
0.222,2128.968770924074,61240.0790193642
0.222,1468.7072606784666,32511.891935065465
0.222,3499.999999999999,208479.2529749664
0.222,2665.294167803176,107833.2207448917
0.222,2600.7112607715453,71321.62811123648
0.222,1243.0,70196.99999999999
0.222,856.441966499514,18884.43143763418
0.222,838.1709051519742,9394.845351211465
0.222,2538.405011025625,73092.11864489908
0.222,1991.3563217063893,93332.52419173074
0.223,1903.2866310674276,27718.924474084495
0.223,1990.3926676741503,54258.36981556838
0.223,3499.999999999999,56227.68913978236
0.223,2100.847040288481,55419.54026462952
0.223,77.0,1060.9999999999998
0.223,2307.275889311847,74376.55784612348
0.223,1093.562780325386,18450.98746624883
0.223,1277.0000000000002,39920.999999999985
0.223,1754.1829724211932,41002.17703320433
0.223,1390.8177450694247,43308.42565829424
0.223,1511.5554902152946,47835.48883412816
0.223,3499.999999999999,132577.99999999997
0.223,614.8170459575759,6374.21995227651
0.223,2311.8174668429165,81424.09913532967
0.223,984.3040081497877,16652.137717389392
0.223,1800.599800111037,27256.17868894762
0.223,759.9999999999998,21238.999999999996
0.223,1766.9971361743428,33410.48192668881
0.223,2269.03063002684,70965.83353980984
0.223,1235.2368193994218,21530.27078324841
0.223,1511.8783019806854,17908.234251315786
0.223,907.1563001648151,16955.029632344627
0.223,916.2204641172991,9479.649671788782
0.223,3499.999999999999,184707.9999999999
0.223,1782.1018384828506,17699.07811185543
0.223,3499.999999999999,192582.53846409096
0.223,2003.3029650541798,62944.11952868783
0.223,291.50471694296823,6068.751601441605
0.223,3499.999999999999,76779.99999999999
0.223,433.58992035954185,5373.212120032182
0.223,788.564176071479,12943.853402946903
0.223,1330.6159325445901,19393.685547166482
0.223,3499.999999999999,267343.00000000006
0.223,1544.601703342827,24357.37050555494
0.223,3499.999999999999,159754.27702954138
0.223,534.8388019897949,6594.956186587471
0.223,2301.1953415562093,55803.3588774009
0.223,212.69267323239615,802.2788523760271
0.223,2834.3610848819853,75689.6364543686
0.223,3499.999999999999,169396.00000000006
0.223,512.3475382979799,2649.096827222441
0.223,3499.999999999999,161377.00000000003
0.223,1036.3189663419266,17569.10364816599
0.223,1050.9999999999998,21920.000000000007
0.223,2301.1953415562093,64828.777267506746
0.223,1281.4766103888508,50653.4797846409
0.223,2117.427684715584,41064.11279937753
0.223,3499.999999999999,153350.7737248169
0.223,922.8166670138581,9115.414846089283
0.223,1310.665537746694,26796.915767870803
0.223,3499.999999999999,102686.99999999999
0.223,1411.7583442077168,27568.122292799744
0.223,1767.8179671720634,53219.743755441166
0.223,818.329685396064,20234.772954622575
0.223,2176.9244359876157,56927.995195685595
0.223,3499.999999999999,274914.00000000006
0.223,3499.999999999999,106972.99999999996
0.223,775.9689279456014,13004.34531208281
0.223,1897.761839641634,44137.25688123356
0.223,1260.3003610251008,14979.971328410476
0.223,417.24812761712894,2343.5050672016905
0.223,1422.7164158749274,29506.215819721787
0.223,1301.5471614159032,35273.54842553416
0.223,3499.999999999999,105216.4454113519
0.223,2601.0574772580476,100632.73342705145
0.223,321.65387237659036,4495.532884922811
0.223,1894.4089789388834,79145.70006781381
0.223,3499.999999999999,112004.99999999997
0.223,3499.999999999999,165223.0
0.223,1879.4632584002322,44835.50185681687
0.223,445.0754111699582,6235.671968922681
0.223,3499.999999999999,226484.99999999994
0.223,1625.5718993634207,36077.63711774926
0.223,1056.6716613972387,10439.409370266118
0.223,1213.0000000000002,7334.000000000004
0.223,2543.9143067328346,85647.04927783561
0.223,1669.1315106965058,46226.430534922314
0.223,713.087437086536,10545.52789883319
0.223,1373.9999999999998,28564.000000000004
0.223,1573.5662877093414,30110.009219121202
0.223,1151.7378173872733,23332.085033275514
0.223,3499.999999999999,32010.99999999999
0.223,485.1262901362551,3144.4615974301105
0.223,1120.940430365943,14235.085497824699
0.223,1035.5412613872138,18011.418496649872
0.223,3499.999999999999,255296.2956465493
0.223,1388.0965384295146,12726.193539310956
0.224,480.99999999999994,9669.999999999996
0.224,732.8392822063282,15863.639902791398
0.224,426.0,5292.0
0.224,2332.9166294576407,114907.38662070423
0.224,637.0000000000001,25309.999999999996
0.224,57.99999999999999,66.0
0.224,1529.0909881209925,40182.57866943307
0.224,1309.6640743105809,20635.80827652004
0.224,2434.467024111378,77221.84833216724
0.224,270.78053972669227,5209.254954168129
0.224,247.61663918242655,3570.0689068980173
0.224,1235.546437816078,24404.968653944212
0.224,1286.6623488701302,12824.625686545394
0.224,3499.999999999999,52436.670603691084
0.224,77.0,1149.0
0.224,334.68361810977115,4257.328431214226
0.224,1555.1594699874377,38035.976202500104
0.224,1672.1019646858147,60319.8063591679
0.224,1723.603855269322,52490.24991486276
0.224,1487.0838368824084,27507.115595309086
0.224,1265.365396640642,29787.27175623076
0.224,1296.1775413268135,29941.5536426272
0.224,3499.999999999999,256914.0
0.224,2072.40115880913,53100.38977291234
0.224,1170.9641797640882,17847.49360992054
0.224,800.8483550751341,9948.239554525871
0.224,883.0000000000002,17814.000000000007
0.224,780.3567476764274,17041.68651763397
0.224,1649.1211628433148,25873.196999901622
0.224,2002.7481119701501,31037.702073446097
0.224,1261.0,17935.0
0.224,2338.5439111281366,46901.511337964155
0.224,2600.1016952167847,57873.77103695439
0.224,739.8824230916692,14530.857923742838
0.224,1053.9677414418338,22649.683066215297
0.224,1230.9999999999998,32228.000000000004
0.224,2740.201321714105,100363.13327936248
0.224,3499.999999999999,129743.00000000006
0.224,2129.965588842506,77459.94223526352
0.224,1958.570907575215,31595.200743150872
0.224,1274.582203235342,23695.943693504847
0.224,1243.394358174952,38650.78245889915
0.224,3499.999999999999,119525.99999999997
0.224,3499.999999999999,171585.0
0.224,485.9186789390509,3476.333654588865
0.224,2146.8428513089934,36235.355815239476
0.224,2203.292990049213,56944.20462171721
0.224,956.0221502391439,23485.542272346553
0.224,1072.6364715037435,26008.882963326203
0.224,3499.999999999999,237223.00000000006
0.224,644.9994832037203,4695.678784136221
0.224,3499.999999999999,202828.99999999994
0.224,2040.8331631958547,33189.449829727506
0.224,1826.6913450292166,26892.19788953059
0.224,1076.2282697707863,27994.75429958972
0.224,734.9999999999999,20564.999999999996
0.224,692.829022706794,7123.755446957565
0.224,802.2745166720503,9084.839592917904
0.224,1060.4842832664995,20040.17268143845
0.224,1025.0,7279.999999999998
0.224,1990.4773296875292,49489.4222637525
0.224,1981.8713597862168,53176.77514679908
0.224,446.81316005686307,1828.5207135824298
0.224,3499.999999999999,160411.08350110968
0.224,527.7268684149848,3843.1618164287065
0.224,2306.5125189341593,23728.957499224445
0.224,1251.0,35117.0
0.224,1513.0,24574.999999999993
0.224,1759.5805969489793,65567.48081902695
0.224,371.00000000000006,3696.0
0.224,1555.0,29333.999999999985
0.224,2663.7942160239772,65887.24672063219
0.224,1345.0,40518.000000000015
0.224,222.00000000000003,2490.0
0.224,1206.4217076835735,17695.372015183366
0.224,896.4498066201878,27566.26790146401
0.224,2493.892539785946,71496.90468824506
0.224,218.00000000000003,1193.9999999999998
0.224,585.4676727692544,8518.4530338585
0.224,1641.8320543635666,47251.56815396804
0.224,1733.9046091164562,40260.5966162624
0.225,1613.995881749004,43132.73819289813
0.225,2200.7841557284055,75352.98825240447
0.225,3499.999999999999,207695.00764341923
0.225,1148.0045984449991,37959.46683712603
0.225,2279.576585988294,48643.33623223321
0.225,588.9999999999999,9347.000000000004
0.225,813.5846606223597,18635.5110474599
0.225,1482.4779568182046,34255.103840666656
0.225,1791.922551758848,40059.70894284571
0.225,836.8134007503859,19509.055558631673
0.225,3499.999999999999,171032.00000000003
0.225,881.6506552997658,12705.993202890473
0.225,480.5323689844888,4183.803105918272
0.225,2304.9945770001286,41796.26897224201
0.225,469.57427527495577,11052.220862794946
0.225,390.0315556321101,3943.6521588849637
0.225,969.12523693181,21306.87097939134
0.225,205.0961920213022,1571.3710463550851
0.225,1017.9602153326034,21117.459316878052
0.225,1829.7351357081216,69128.52343886872
0.225,2027.9299790673247,76278.22542508446
0.225,1805.2169637626075,71942.14031367899
0.225,2038.6864062799584,56459.09029209058
0.225,3499.999999999999,119737.52052301736
0.225,2027.9299790673247,61383.94190665826
0.225,2029.6551431216087,75783.07421185817
0.225,1572.798066609264,14123.973239880743
0.225,3499.999999999999,79932.00000000004
0.225,1836.8451213970109,73126.94797405401
0.225,3499.999999999999,172859.0
0.225,3499.999999999999,137519.99999999997
0.225,3499.999999999999,88144.0
0.225,3499.999999999999,173724.00000000006
0.225,1116.619899518184,22606.917702331735
0.225,1698.2850236543793,56985.71960833079
0.225,1251.28414039338,29250.6931199929
0.225,658.4572879086387,7212.068011326571
0.225,1974.9999999999995,87926.99999999997
0.225,1188.3503573667151,27756.80639937294
0.225,494.55423597702685,6841.311319782029
0.225,1356.6542914760025,21652.620427034868
0.225,272.3997330518924,2152.771450993023
0.225,2204.8809491670977,80486.36691390655
0.225,1361.4481402741594,29964.643847599673
0.225,1254.4197674393438,27058.68960407212
0.225,1298.1301250708564,28806.084162350442
0.225,1120.1531145339015,21321.218328228817
0.225,416.71907998432715,7957.515380325523
0.225,2515.8986784796116,39113.30954620429
0.225,67.0,788.0000000000001
0.225,1844.2366538018866,61454.43743705613
0.225,2203.292990049213,70823.5544857783
0.225,1206.888048708566,9244.220383793816
0.225,1344.1309460019138,23506.12345751635
0.225,1093.0,35014.999999999985
0.225,3499.999999999999,97296.0
0.225,622.6372625653174,10681.875883370365
0.225,1584.7691450937439,54313.3222723442
0.225,1296.5342263125958,22744.57928826119
0.225,366.9236977901536,1224.3145020786126
0.225,3499.999999999999,125776.37796088423
0.225,351.0199424534167,1729.6710669951092
0.225,2065.550774006778,96279.89790189847
0.225,1732.0,32794.00000000001
0.225,1177.0000000000002,29121.999999999993
0.225,1816.741588669121,48828.86740443606
0.225,329.0914227030538,1257.3524799596908
0.225,1192.9766405473397,31651.96203108749
0.225,1990.8231021680472,37853.67433844441
0.225,620.4310564636754,10615.482989995351
0.225,3499.999999999999,161242.83330120443
0.225,634.9525105170206,5983.2262783676915
0.225,3499.999999999999,127513.00000000001
0.225,3499.999999999999,114564.00000000006
0.225,702.4955515873393,15851.074096098344
0.225,56.99999999999999,385.0
0.225,810.9999999999998,7959.999999999998
0.225,734.3977124147377,13534.194028459911
0.225,2343.7589036698787,85478.29658829156
0.225,97.0,966.9999999999998
0.225,974.3370363206989,30943.25513885653
0.225,1020.2328165668854,21564.816345148858
0.225,2113.2912719263286,60571.40892368277
0.225,108.8852607105296,365.22048135338736
0.226,1786.9159778855771,33001.338678752254
0.226,2591.0441370797903,71169.94274405326
0.226,1266.0000000000002,13194.999999999998
0.226,2487.569094517778,54846.24647138578
0.226,2036.5411854416304,65473.036786145814
0.226,1193.4294221075913,17148.680759932737
0.226,3499.999999999999,66441.00000000001
0.226,2099.0,84337.0
0.226,1784.9045187937816,43977.89743195968
0.226,2548.038461248181,53541.32599217169
0.226,2377.4655835366034,38156.767172340165
0.226,1052.0,15289.000000000002
0.226,1393.9999999999998,38006.999999999985
0.226,2490.4838229100997,58029.64989664861
0.226,1098.9668963617107,13688.803629603819
0.226,2231.4725734987555,77863.95869805333
0.226,302.062907355405,5077.507754794669
0.226,1283.3331601731486,46758.43128249706
0.226,1342.7731472664864,25253.673230876622
0.226,3499.999999999999,122479.40316640995
0.226,1242.0000000000002,15079.000000000005
0.226,1962.4883361714985,61396.1717367306
0.226,631.6644678941501,5905.205669576632
0.226,2533.1972264518326,75318.84601937603
0.226,1996.3705425033647,45030.90919953198
0.226,1050.9999999999998,13080.000000000002
0.226,441.6333320753768,1965.53046275045
0.226,143.0,958.9999999999998
0.226,3499.999999999999,273392.0000000001
0.226,2698.796027861312,93892.66348336275
0.226,530.7897336667064,3639.2137934271736
0.226,633.0,5088.0
0.226,250.1779366770779,1289.254823531795
0.226,2527.4573339136655,65251.892382821585
0.226,1469.2430023655038,39357.169486638646
0.226,1347.411707467681,29052.9428060519
0.226,2649.329366312697,62324.69945065715
0.226,918.958809849868,19309.714656791137
0.226,1248.3291328278963,31543.47125182631
0.226,3499.999999999999,199789.32925208993
0.226,554.1128048605265,4308.935604213883
0.226,2196.6483681065715,56956.12525047097
0.226,910.145637194182,10688.088653892435
0.226,1385.0000000000002,28543.00000000001
0.226,1353.1043235380762,28101.385062579557
0.226,1724.2853592140711,60638.26387686242
0.226,211.0,4507.0
0.226,1907.8784028338912,29416.08335587864
0.226,3499.999999999999,126941.00000000001
0.226,840.3768971619611,12221.38544789519
0.226,1630.8153338082366,50816.31611759678
0.226,1825.5851254458378,49039.452764096015
0.226,597.7676304370344,5050.0530726703455
0.226,3499.999999999999,220899.00000000006
0.226,759.9999999999998,6599.999999999997
0.226,1955.8885448818398,72972.98911241064
0.226,1341.0209517661795,25740.201406421882
0.226,1101.2147736858217,7909.676871815625
0.226,317.6413071374691,1194.5149643265254
0.226,1460.1174941769586,36571.30909340131
0.226,1068.0858828309733,12549.09955915732
0.226,2284.4036420913003,72400.51160040237
0.226,3499.999999999999,107736.99999999999
0.226,1896.8453190144355,48438.212989994136
0.226,1442.424892642397,29918.06085211868
0.226,1318.5245541892652,31546.00719584017
0.226,3499.999999999999,89538.63260626666
0.226,1280.002734372079,21576.02669631274
0.226,458.0240433863925,5611.284444055456
0.226,3499.999999999999,172941.99999999994
0.226,859.0,13769.000000000005
0.226,911.0974923267678,17998.514640079557
0.226,2059.0000000000005,28521.999999999996
0.226,1797.3591738993068,49809.22276044872
0.226,953.2666859151785,11292.314479795272
0.226,1612.8009573866304,57037.88394670102
0.226,305.4668558125415,1024.160631932316
0.226,3499.999999999999,117109.00000000001
0.226,3499.999999999999,74249.00000000001
0.226,2694.5133207871017,128081.58585308128
0.226,3499.999999999999,157383.00000000003
0.226,851.5372412618459,22553.521516436605
0.226,1384.0000000000002,20739.0
0.226,358.37410620746584,1756.480287392944
0.226,1269.6325155023621,29067.695582143057
0.226,2110.521847943218,57815.31047896507
0.227,462.0606020859168,6625.287012650845
0.227,2402.485850265491,112283.50552412997
0.227,1879.2285651298516,66880.78717389623
0.227,920.4025387475434,14139.650233183136
0.227,1631.6552429227381,51670.764228066175
0.227,580.8128713246649,11157.572191140223
0.227,899.1662805065589,10737.441035926577
0.227,860.0789804875069,7804.980831149164
0.227,1723.9228985513037,50113.372417636376
0.227,456.4722971527677,3406.0661469366414
0.227,896.6010535708797,16283.18030579004
0.227,712.0,8617.0
0.227,1303.0,30645.999999999993
0.227,1370.0,42890.0
0.227,3499.999999999999,51793.99999999999
0.227,1433.9999999999998,30475.999999999993
0.227,1659.3893820357657,41864.50470618014
0.227,2029.6551431216087,21594.54097683024
0.227,1734.3825343495641,46407.46619335976
0.227,222.57133687876345,1350.3795762673547
0.227,1700.4640025234785,51314.213868416016
0.227,643.0,10331.0
0.227,890.4700878981992,17414.392128472937
0.227,231.99999999999997,250.0
0.227,883.1367312151647,20835.660697335705
0.227,681.3470701948021,15763.8038160342
0.227,221.5305394692083,2226.277403756442
0.227,1069.0,12420.999999999996
0.227,2027.0668464557345,54807.99897825134
0.227,1508.9999999999998,37158.00000000001
0.227,1426.0000000000002,20507.000000000007
0.227,807.3217225872451,13324.639212325761
0.227,2302.7157879338915,112576.62165831769
0.227,1389.9640283115239,13413.296910155981
0.227,2077.3781552716873,98255.64670796279
0.227,1303.0,60425.000000000015
0.227,1273.4834117490502,14815.798527247873
0.227,1768.4760939999062,37590.81906085943
0.227,468.564349676618,2738.9653290353467
0.227,2428.4768889161783,61407.00720601842
0.227,3499.999999999999,56621.0
0.227,1279.2873015863172,35082.56079592823
0.227,1780.5146346039824,57348.21938789719
0.227,2433.9081438494327,53662.60774689141
0.227,259.484103559351,3193.344641594452
0.227,608.0305629778453,7462.707998599201
0.227,648.8927896042346,14504.679413666037
0.227,852.9929659733424,13465.431407868073
0.227,1197.4577236796292,14294.899474987566
0.227,3499.999999999999,194056.59776209615
0.227,1096.155098514804,27086.488864376657
0.227,563.7401883846849,10994.69112799445
0.227,1316.0729463065486,22082.764138576487
0.227,1583.296865892785,25823.681442928882
0.227,1203.1638248202585,23488.909309670187
0.227,1044.9827749776546,13372.955694236038
0.227,1672.596484511432,40093.73858846292
0.227,2391.4430789797193,37998.87377278435
0.227,551.0097467182472,6347.051412041419
0.227,1475.4642083827234,42549.794510597196
0.227,1859.63225473365,41958.259282814455
0.227,1135.0,43745.999999999985
0.227,938.5110548096916,10392.317162211712
0.227,717.1683359252282,16694.217075440407
0.227,2260.5309110914627,58444.80295971573
0.227,3499.999999999999,224593.00000000003
0.227,1646.400512917107,59116.47066572869
0.227,2357.9116864814737,75012.02982664872
0.227,3499.999999999999,276280.0
0.227,1167.7767212532108,40593.24043459782
0.227,1108.367678986608,23184.001068245812
0.227,1164.6964524415018,13519.50140780761
0.227,638.1687948160954,10203.297990349925
0.227,1504.193609573926,35744.67980222991
0.227,1633.9803235336876,38515.57450755984
0.227,2819.6533953565977,74981.5386612253
0.227,1747.957661799158,43381.199643666325
0.227,3499.999999999999,79049.28234968359
0.227,3499.999999999999,162803.99999999994
0.227,2656.9719607101606,63298.66455937279
0.227,490.5436143689812,6496.093232587079
0.227,2489.8253131430424,104164.70285287898
0.227,3499.999999999999,135013.0
0.227,271.0,1927.0
0.227,1432.7421261343572,40017.21185939871
0.227,1343.0000000000002,30672.000000000004
0.228,1065.9999999999998,23583.999999999996
0.228,68.0,932.0000000000002
0.228,879.1231366612527,19206.776214394515
0.228,1482.633963060865,34779.21905708534
0.228,1925.7572778121805,47499.961943773014
0.228,2783.4475506846775,83334.91271012575
0.228,1034.0,18570.999999999996
0.228,614.8864743747577,10096.782157284402
0.228,2264.8511376818906,52707.368500527686
0.228,1451.9999999999998,16309.99999999999
0.228,2003.2858233386385,39475.01450660495
0.228,1445.466681992706,49866.67032556041
0.228,1646.9999999999995,48349.999999999985
0.228,1763.0000000000002,22371.999999999996
0.228,815.643162252207,6448.426539411394
0.228,722.5147456112583,13086.955207170564
0.228,1283.8220348277564,20981.47864506574
0.228,391.6082225898736,7086.911457045305
0.228,1188.7043728933738,31053.05393718711
0.228,723.2585653567736,7791.674141306211
0.228,547.5336258297451,4314.0539705851925
0.228,3499.999999999999,215630.00000000012
0.228,2315.000797349032,75298.83158582613
0.228,1645.8896805077927,28320.54550291903
0.228,1715.6631370988887,75455.6235346313
0.228,2250.2269889679774,39122.10670201241
0.228,703.5269936763929,10629.883345175384
0.228,1301.4643411515306,20656.99073314722
0.228,1222.4974437601088,37572.34003891692
0.228,1234.0999921166922,18691.091456849976
0.228,1841.36659070382,39830.47902338206
0.228,650.4793308573032,16550.088976750158
0.228,1880.0000000000005,34925.999999999985
0.228,3499.999999999999,164019.99999999997
0.228,1490.4054269619821,45772.615379591174
0.228,1000.6038278676657,13873.380072665483
0.228,1459.981849202243,33989.73715697137
0.228,1667.6986996773016,26877.609496671754
0.228,2422.829034470118,41844.83208388557
0.228,1910.4345034858081,36649.74947743418
0.228,712.348545567915,13250.350796103643
0.228,1890.6353602328252,29133.61123140104
0.228,1316.1983133251617,46295.155189285215
0.228,720.7457550796477,16091.65930885371
0.228,657.4534857462272,7911.036318502435
0.228,1210.3825304748705,17699.031547343522
0.228,372.8970335380603,2724.0128368317846
0.228,704.9486903287976,6647.5575100210135
0.228,3499.999999999999,90057.00000000003
0.228,1593.9999999999998,45538.00000000001
0.228,1467.1400751121214,42604.971892961046
0.228,857.7029923425246,9764.650711459808
0.228,1879.2285651298516,39799.31804692134
0.228,926.2149351788969,22229.859941226056
0.228,419.24779131925953,5749.195732308112
0.228,3499.999999999999,258930.00000000003
0.228,446.16140577149883,6147.592862251044
0.228,401.990082509061,2688.8551686979667
0.228,494.25579322962835,6664.3391553033725
0.228,2266.9339602124855,85675.07660213052
0.228,181.58329573302308,1405.9920586455648
0.228,1842.5182123836546,77501.21874632635
0.228,727.9038510663493,14450.079957093209
0.228,745.0000000000001,5423.0
0.228,1940.5517611937523,58826.34845283932
0.228,2782.1688739585834,99860.54358522018
0.228,745.9068877310403,8423.779848201038
0.228,2560.803569611617,82814.64236349854
0.228,1090.5843316444561,11930.869777360938
0.228,449.9700036263729,5242.200967008763
0.228,3499.999999999999,112991.00000000003
0.228,2784.286986808759,91620.71669226993
0.228,1903.4541966189227,39278.95260380931
0.228,3499.999999999999,186050.7277733683
0.228,3499.999999999999,156953.99999999997
0.228,413.99999999999994,9036.0
0.228,2807.27275994088,60247.923300187416
0.228,267.0,391.99999999999994
0.228,953.9999999999999,37980.99999999999
0.228,2013.8630607512412,68020.71122572178
0.228,1319.7628314308738,25036.539843626342
0.228,1021.0452745596932,23282.391224768053
0.228,982.8529900244488,9290.475122403595
0.228,574.8224278393141,5059.846495548907
0.228,3499.999999999999,182047.04407927103
0.228,1929.766825292631,33936.92237077486
0.228,781.9127678357686,13526.447803159388
0.228,1605.7265575123715,33037.387828316925
0.229,1496.0,49270.00000000001
0.229,607.0,3268.0
0.229,1872.3538851752078,43670.818886433066
0.229,922.7554203386508,14911.83207600732
0.229,297.2896123328814,2297.7912673677633
0.229,1240.9774373452565,34595.52940771395
0.229,682.999267935186,8811.16257936488
0.229,1181.8697051705828,24421.126263954335
0.229,877.7248390987568,12891.519401335063
0.229,352.37196256229015,2057.1436507934977
0.229,63.0,655.0
0.229,99.0,150.0
0.229,1057.0799402126595,9812.392929352145
0.229,3499.999999999999,90559.0
0.229,1926.2762100059365,52175.89118554038
0.229,204.9438672407819,2460.1458336661963
0.229,632.5726408608928,13925.461181840368
0.229,1370.075995141389,27804.508663276367
0.229,2102.498513673672,62910.56474074923
0.229,1445.7476659863821,40522.90849676933
0.229,2556.2668092356876,43005.184222370226
0.229,417.390404737613,2194.360806058844
0.229,1007.4121813679878,11598.821039242515
0.229,706.8396198640075,10868.022429998011
0.229,1470.4592525197857,34088.46042679843
0.229,1377.3162309360912,63181.69598863262
0.229,1023.6947787304571,8369.899820189014
0.229,1549.4640533462994,35428.22306545852
0.229,1698.0,22725.999999999996
0.229,999.1758744206877,17223.275171163226
0.229,3499.999999999999,128898.0
0.229,62.0,682.0
0.229,545.9999999999999,8661.999999999998
0.229,1132.5995442260996,29537.053472787797
0.229,905.7521736104201,24999.791999134708
0.229,3499.999999999999,72470.99999999999
0.229,1930.4923854308367,43964.387372111545
0.229,712.3903424387503,4511.651582292233
0.229,795.7411639471719,9691.645887051385
0.229,2572.644553761751,70344.14910992957
0.229,234.0,264.0
0.229,3499.999999999999,142559.118922642
0.229,243.00000000000003,928.0000000000001
0.229,1195.2200634192852,14681.18224122295
0.229,1559.0000000000002,70603.00000000001
0.229,490.20722596900714,3908.5557797220104
0.229,832.0390615830487,9164.289825185582
0.229,1005.1228780601901,9008.496544929121
0.229,866.2495445068806,7804.301514248459
0.229,2833.9614140083436,90280.48086252522
0.229,3499.999999999999,216240.50204575452
0.229,3499.999999999999,72664.99999999999
0.229,524.3513988003604,5695.001283840795
0.229,1189.9934300827465,23477.804959978515
0.229,1577.9071582320676,31632.956485286042
0.229,2203.292990049213,38790.23835966981
0.229,3499.999999999999,129104.50418169
0.229,1433.5247295641818,64407.874851911845
0.229,1106.0000000000002,30371.00000000001
0.229,1895.79870397909,62600.39768269887
0.229,306.01044800619513,1600.0833739439252
0.229,1292.0000000000002,9480.000000000002
0.229,2262.9404556784502,64119.420158453635
0.229,1299.2438300670212,22779.00019901027
0.229,1008.5140249598945,13281.495273582383
0.229,766.7166065347583,14079.085546670933
0.229,899.0029895398454,14562.833748389647
0.229,1389.1448567775767,25631.80832976349
0.229,1989.8769315237105,44087.96290118316
0.229,1149.5198997842533,16237.792953477396
0.229,1114.9717981584945,22863.13483612429
0.229,1879.2285651298516,51569.59371567712
0.229,3499.999999999999,112202.44544967545
0.229,1592.953232207399,58967.38208535292
0.229,1768.0,33789.00000000001
0.229,3499.999999999999,142134.25352461662
0.229,1257.0,32718.999999999993
0.229,378.81393849751623,13457.900430602092
0.229,1871.763873996931,41148.116335987994
0.229,1261.0,31948.0
0.229,2065.550774006778,44394.426609654525
0.229,1591.2450942880512,39697.45471265141
0.229,736.5459931328118,6601.526490138474
0.229,2074.8493921246436,56785.11510070222
0.229,437.3248220716497,2926.504399449965
0.229,1614.040620409212,42002.36537543395
0.229,1255.977764990613,30668.89862260534
0.229,902.4623925725084,26601.113642598364
0.23,3499.999999999999,172782.0
0.23,623.2325634871457,5028.617794377678
0.23,1272.5023973667046,27995.9474427364
0.23,1604.0,53914.00000000002
0.23,2060.461113440387,103273.13387323923
0.23,1629.3949180367865,46618.65479513283
0.23,778.1388050984222,13566.354595100342
0.23,1139.5440013155073,18448.584203224767
0.23,730.8419801844993,12785.573432584084
0.23,1321.0,12316.000000000002
0.23,1538.1059781432493,29509.528122286185
0.23,1496.317931941742,24618.84054076236
0.23,2057.549881601661,86136.15502723762
0.23,1162.452579677984,17515.058892278954
0.23,1155.9999999999998,38972.99999999999
0.23,162.0,1698.9999999999998
0.23,1079.9222623515914,44091.33007112421
0.23,2395.0991628740553,43930.16091479745
0.23,1387.6498117320525,28426.688868033852
0.23,134.0,299.0
0.23,764.6071031291116,9298.515217695827
0.23,635.5307774112791,5150.906373919867
0.23,401.99999999999994,1757.9999999999998
0.23,305.5719805067252,1167.3925790749033
0.23,1576.8740726302299,35423.39886245645
0.23,1330.0283955721648,25279.625194865042
0.23,3499.999999999999,100266.85888168636
0.23,1090.9999999999998,19772.999999999996
0.23,2013.2063977645216,68824.26821986558
0.23,606.394715019044,6167.661369324387
0.23,1160.1749868015602,24872.806214820233
0.23,581.637836327403,8445.261235804137
0.23,1135.8771940663305,22358.09045960768
0.23,1225.9999999999998,11470.000000000002
0.23,521.5572935965145,3957.6523215442435
0.23,626.4247760106556,8248.242721937802
0.23,472.6735870134577,15417.201611150596
0.23,352.91358715696964,1684.1045098211687
0.23,696.7495963400338,3386.01077966388
0.23,2364.9524308112414,128458.37574872262
0.23,266.75456884559634,1695.0053097261964
0.23,1897.6359179603187,33681.45297131229
0.23,740.3018004426132,16268.61834617296
0.23,1192.9999999999998,26191.999999999996
0.23,1058.7418322344192,19804.982782017276
0.23,1399.0925630564977,32020.41355135814
0.23,519.1338940966963,12393.251187642412
0.23,565.9269301802069,5001.163947077745
0.23,584.783720703646,2471.0418855211665
0.23,1321.5278223215396,32115.764333892548
0.23,973.0961256358972,23130.156467604065
0.23,1110.0,28282.999999999993
0.23,92.0,974.0
0.23,62.0,583.9999999999999
0.23,1162.0,46487.999999999985
0.23,2039.1918595625846,65545.95645345609
0.23,1864.3501242181173,42857.47783618994
0.23,1637.338185075142,39342.79756443519
0.23,3499.999999999999,164186.99999999994
0.23,794.504708744005,13860.31780520609
0.23,1955.8885448818398,64151.650719213736
0.23,2496.697819120287,51610.263804789814
0.23,221.90386227720307,810.816491122968
0.23,3499.999999999999,137318.99999999997
0.23,1828.2505298782223,47416.78737535898
0.23,830.3608474966156,27601.44662422671
0.23,1839.7010626729545,54367.6519448836
0.23,1274.4210450239748,27796.800895067056
0.23,394.1776249357642,1992.7920112244528
0.23,1144.0,6140.999999999998
0.23,1009.0,17325.999999999993
0.23,3499.999999999999,167567.99999999997
0.23,1041.7263447716628,15559.079302303704
0.23,1367.3615923161567,30355.256940437142
0.23,1093.0,10671.999999999996
0.23,1262.231013411842,15512.576039867412
0.23,1355.4113766676157,24414.918717865923
0.23,3499.999999999999,128964.19968347812
0.23,1308.1876776670845,18856.85975977972
0.23,187.7891857525679,1915.4545983812604
0.231,694.982014155762,8106.322532443426
0.231,1506.0,33976.0
0.231,2030.8814246732975,47182.175060425034
0.231,304.0,10229.000000000002
0.231,843.8661739457475,14007.73177811713
0.231,214.48543074064497,788.9068386064351
0.231,3499.999999999999,171783.9999999999
0.231,993.4479983642582,10990.620562143109
0.231,1269.04806843555,21005.77370629322
0.231,393.4968451955472,4196.53722985309
0.231,1807.0000000000005,33751.0
0.231,153.2155344604456,305.47667668743543
0.231,458.2575694955839,2532.3293624645275
0.231,1439.9999999999998,14092.000000000004
0.231,936.6273007851573,24795.37642007301
0.231,3499.999999999999,144492.87310353527
0.231,1734.6689324670751,36992.14533055459
0.231,1879.2285651298516,59267.76833996702
0.231,3499.999999999999,104556.00000000004
0.231,3499.999999999999,66985.25921424801
0.231,2684.4925032489855,51310.77987129022
0.231,2112.166999224763,105145.57957978165
0.231,1922.4983745116663,46348.37236624389
0.231,1561.8898808814918,35402.823898666626
0.231,636.5995567043434,7883.8455027739865
0.231,3499.999999999999,141240.04520319306
0.231,666.4084437608313,4439.973840372813
0.231,947.3000150317482,9641.925734976248
0.231,2388.252780175532,72467.61668443558
0.231,2018.0058253219017,45878.559168293694
0.231,1135.1255437175219,22031.130815280456
0.231,3499.999999999999,136626.99999999997
0.231,147.0,196.0
0.231,1666.3817634554694,57466.84416245694
0.231,1261.0,30477.999999999993
0.231,3499.999999999999,139012.94803895408
0.231,2006.7429491033515,67601.62000659938
0.231,924.4317912807462,9241.128640447514
0.231,1628.1288828173335,36956.66040513954
0.231,619.0,12990.999999999995
0.231,1645.6521590168795,41101.18099781849
0.231,1677.0259883773751,55402.41500675091
0.231,3499.999999999999,151039.0
0.231,687.8813399558076,5341.196049614051
0.231,1261.0,19036.0
0.231,2321.243017008775,96934.9473414865
0.231,966.9999999999998,14091.000000000002
0.231,1125.9782413528249,24703.059648553663
0.231,1007.0225680946173,35490.730182143336
0.231,61.0,563.0
0.231,1059.178787229233,11878.110832500148
0.231,3499.999999999999,165989.46353377693
0.231,1277.3355080009328,32321.125722969475
0.231,870.8802877379312,16209.335511570993
0.231,1397.0,51360.99999999998
0.231,312.0897306865447,1782.0802451068246
0.231,1726.3817256798998,53611.63696476217
0.231,1172.9999999999998,22842.999999999996
0.231,1211.9999999999998,17941.999999999996
0.231,996.9999999999999,6741.999999999999
0.231,1513.0,15928.000000000005
0.231,3499.999999999999,203869.64760356068
0.231,369.34536683164174,6543.5308511536805
0.231,3499.999999999999,110215.00000000003
0.231,709.7238230232336,9677.280483110679
0.231,424.7493378452756,2079.9903845931594
0.231,2100.3332804372726,70199.52196326022
0.231,685.9682260525722,7162.93464650592
0.231,682.2756041366274,6395.972013697372
0.231,882.7847982379396,9409.909776400624
0.231,846.0000000000001,17103.999999999996
0.231,2084.0000000000005,62293.000000000015
0.231,799.9824998085895,6935.72490803953
0.231,1763.8009709579826,45471.66793176569
0.231,1722.7884373886423,27967.776332772693
0.231,3499.999999999999,137281.99999999997
0.231,1118.7017453836102,22631.845773924284
0.231,1212.4706182007055,34888.60811210447
0.231,2004.2987581386442,57757.31705862252
0.231,3499.999999999999,263666.02885089326
0.231,3499.999999999999,121504.99999999997
0.231,2374.5724068622676,84951.31536191581
0.231,715.5229338859206,8890.076874089711
0.231,1301.152265045122,23437.547416587775
0.231,1167.6827757577485,19968.834538107596
0.232,2498.799711861676,59399.704999267444
0.232,130.0,1757.9999999999998
0.232,2165.6407827707712,64761.31020138495
0.232,764.5259969418961,4527.860421876983
0.232,563.1904935669158,4170.114625903568
0.232,787.1100950489795,15743.591399638137
0.232,264.56190201916826,4089.8685797956878
0.232,85.0,100.0
0.232,355.06084604960455,1496.6532237402373
0.232,713.4547010716301,14978.359215987064
0.232,1007.0858389616449,16585.861196529982
0.232,795.9210585340301,6083.436227104757
0.232,228.11839031520452,460.1347628684448
0.232,582.3658643842375,6792.86831905345
0.232,1547.0000000000005,21332.0
0.232,110.00000000000001,455.99999999999994
0.232,388.6244974265004,1482.3481372471174
0.232,819.5072789773997,11185.37859043165
0.232,3499.999999999999,137736.98656134456
0.232,424.864684340791,2338.6568794930145
0.232,1387.0,32188.00000000001
0.232,1257.6032760771582,34453.25565167971
0.232,1141.0000000000002,17743.0
0.232,2037.3213914972262,55394.3762948758
0.232,1219.0000000000002,21903.000000000007
0.232,93.0,95.0
0.232,854.5818915888525,26295.75360213721
0.232,901.2555873446236,16153.277696208534
0.232,424.82323465696356,1913.6033090481787
0.232,1032.7623493732387,20808.255699477395
0.232,561.2486080160911,4664.314526272856
0.232,419.00000000000006,3571.999999999999
0.232,2219.909908081857,65520.27428971894
0.232,501.99601592044525,11643.009920119457
0.232,565.0962738438969,6648.389831100887
0.232,1261.0,51329.99999999999
0.232,295.49619286887605,4892.962292926443
0.232,3499.999999999999,111778.35006833839
0.232,194.09791343546175,2291.84292655496
0.232,729.7728698528616,7594.02457007136
0.232,3499.999999999999,165764.00000000006
0.232,1317.0,42842.0
0.232,233.0,350.0
0.232,1282.0599283984925,50642.077668868325
0.232,694.6641926190935,7160.013306038856
0.232,1176.3294606529244,19491.566997037473
0.232,2059.6116138728676,53697.01868819162
0.232,1277.348944242517,17442.914673813855
0.232,1093.0,38308.000000000015
0.232,3499.999999999999,243334.00000000012
0.232,1361.9838471876233,21075.963750206072
0.232,667.3875396766441,13589.186799293015
0.232,1601.7645896325419,24383.875504306136
0.232,1551.7731793016656,43695.610534697866
0.232,1387.0,52335.99999999998
0.232,1184.3555209479962,18936.649175606548
0.232,838.8388840591438,9784.136851944097
0.232,1177.0000000000002,17679.999999999996
0.232,1711.6048896829707,42839.443998125535
0.232,913.7505129957523,14505.434326486056
0.232,61.0,560.0
0.232,1467.8259093933038,33219.21369735466
0.232,1471.0,49394.00000000001
0.232,1329.8696317841188,27516.620293421896
0.232,2167.2563300172874,64317.947728452884
0.232,2094.8481361215163,53562.4913116596
0.232,3499.999999999999,136711.291080876
0.232,1915.202339179858,46467.17631834324
0.232,922.0000000000002,8134.000000000002
0.232,1289.0356129705858,21740.090842530684
0.232,2844.531795208169,94899.76764796785
0.232,1510.9999999999998,20185.000000000004
0.232,2283.1640310459225,67040.31196484317
0.232,339.00000000000006,1922.0000000000002
0.232,556.1586982075002,4881.53359721119
0.232,1380.8475658087684,27587.705141964954
0.232,703.1176725314684,7598.266212999336
0.232,774.0000000000002,9577.000000000002
0.232,1400.4873414842857,46491.2511889457
0.232,189.0,470.0
0.232,2560.906057854309,94679.53895518633
0.232,2036.5411854416304,56169.2810440013
0.232,797.9216753541666,18430.41149839037
0.232,1700.2450991361634,36278.72131180924
0.233,978.9809621164362,8602.364696892731
0.233,775.0388070751395,16617.7984763522
0.233,746.3396044017423,9457.528090725027
0.233,839.6849897820283,8875.910610061283
0.233,726.9800547470336,9097.434253678346
0.233,102.0,976.0
0.233,540.6052164010258,2527.3602829830174
0.233,1793.5789903997013,36876.74443452689
0.233,877.4964387392123,4565.861145501472
0.233,1780.1483084282613,56064.27643339384
0.233,1075.8926495860471,16685.9996812615
0.233,1126.7315573206713,21869.102963005796
0.233,2385.8760203163433,69781.76727437247
0.233,670.7458535093601,7767.791964258572
0.233,1131.9999999999998,19382.000000000004
0.233,2825.803149615018,207100.39154712736
0.233,1720.0465109990485,64616.09277107367
0.233,2067.2445428637607,48470.11607165802
0.233,1290.0,31866.000000000004
0.233,1734.6997156567643,42425.23256335111
0.233,730.1035069343342,11334.315785717727
0.233,1142.5765180247085,23882.96924313078
0.233,430.0,11246.999999999998
0.233,1138.0,34431.0
0.233,1277.0000000000002,17661.000000000004
0.233,1073.31505548071,25785.153920536828
0.233,1351.139519072697,23950.396865187842
0.233,3499.999999999999,132220.0
0.233,1801.2566327917036,41916.23010459697
0.233,1023.4979961811765,12419.352294742006
0.233,1529.9893357313465,63169.82307140602
0.233,3499.999999999999,62986.00000000002
0.233,1290.0,14681.000000000004
0.233,247.88617738964507,3560.1180491511523
0.233,1043.8965465983688,23701.28654735856
0.233,3499.999999999999,295900.99999999994
0.233,536.6218407780287,9361.59067680274
0.233,1407.1123112636878,26580.77096300063
0.233,373.42335224246483,3282.2461821137067
0.233,395.7006444270719,5723.15210351778
0.233,1008.136895466087,27221.98723458668
0.233,1866.15377163007,54665.12835606308
0.233,1156.9999999999998,22302.0
0.233,738.9181280764466,22409.870771604208
0.233,1330.9999999999998,21939.999999999993
0.233,1019.9171534982636,19653.817873380216
0.233,1300.2895831313886,22776.377565363626
0.233,3499.999999999999,154005.99999999994
0.233,1535.2198539622914,22765.21254018947
0.233,392.530253611107,7207.205769228459
0.233,934.1038486164156,18019.208917152828
0.233,659.7919420043407,4708.672183030644
0.233,2359.9996409077307,39639.44302767201
0.233,880.4763704372776,11682.273801759173
0.233,818.3749792722388,5992.418463669521
0.233,66.0,773.0
0.233,331.01812639189416,1339.450633655455
0.233,1003.8530768992044,26165.732743418448
0.233,1952.306328422873,65022.25131445391
0.233,1045.231347154277,16773.953379957227
0.233,501.0,5783.0
0.233,1633.6324403486071,54231.302973527934
0.233,1200.8482551134819,21591.488447580585
0.233,657.3817297040349,4182.13762569175
0.233,617.0,5755.999999999998
0.233,1093.0,9104.0
0.233,933.0316330413266,10250.524419481986
0.233,159.58070058750837,904.7872678149266
0.233,3499.999999999999,198849.00000000006
0.233,736.2283746049056,6395.554173769145
0.233,1099.2781614071537,17505.30634642904
0.233,570.2513424853666,5450.054092421307
0.233,267.08029212349487,2171.111263026241
0.233,1993.6318280473556,58947.42125444335
0.233,1233.4540931870959,15692.168492595283
0.233,2021.981847387373,55836.097076958045
0.233,2166.4487069856973,59095.48904950356
0.233,525.9852277105631,5309.950009525668
0.233,3499.999999999999,241849.00000000006
0.233,355.7878581402125,11486.908722541499
0.233,809.1600583320953,12902.751528259392
0.233,1352.0906564138802,17927.562998673737
0.234,1587.2763703092733,30300.16965478625
0.234,1397.28880336171,26998.190606038763
0.234,1662.828914831589,37331.84290923769
0.234,1766.9182210843821,62918.150584708084
0.234,136.6089308939939,405.12220378547516
0.234,1367.7534056144725,43669.38038040572
0.234,652.1735369641241,7348.586035838595
0.234,1728.1879296637373,80937.83475096602
0.234,612.3126355323557,9961.900179375894
0.234,511.3622379380238,7958.160175634947
0.234,267.37987957211743,4885.420657425518
0.234,78.0,101.0
0.234,3499.999999999999,105759.99999999997
0.234,630.7428040378242,10427.512949173202
0.234,1979.0469103976993,66405.49339842694
0.234,1774.5805258233215,52006.0372518609
0.234,1158.9029294984111,18634.308439005734
0.234,337.8890350396118,2100.9355059115924
0.234,745.9247001724083,15585.450256778995
0.234,1145.0,17658.999999999996
0.234,1173.4138229968144,28414.92678153508
0.234,529.6492189106517,5851.3748199300335
0.234,1347.5232836578377,30666.946717924155
0.234,2262.8521825342455,61767.181901071046
0.234,433.95852336369654,6046.235605730231
0.234,333.4696387978972,1915.0404695462707
0.234,1177.0000000000002,30533.000000000004
0.234,85.41662601625049,289.7498921483837
0.234,1517.647521659756,23345.810030924167
0.234,1013.1515187769297,20495.916349360916
0.234,1302.074985279442,41107.66904631106
0.234,256.0,923.0
0.234,1215.8348054930543,17261.808354258137
0.234,70.0,590.0
0.234,1160.0000000000002,16057.0
0.234,342.72875572382304,2352.162409358673
0.234,1671.8955825563678,21226.622492794675
0.234,3499.999999999999,100144.0
0.234,799.501719823041,19773.490334283426
0.234,386.99999999999994,6356.000000000001
0.234,3499.999999999999,161011.0
0.234,1025.0,36633.000000000015
0.234,1110.1498593761469,32248.652711380346
0.234,1841.1466938609217,48487.15008961393
0.234,500.33944439802883,4576.029360628344
0.234,3499.999999999999,264567.0
0.234,631.7862052080452,10746.883177761745
0.234,1574.0,26733.00000000001
0.234,1609.664561329471,26600.875662278504
0.234,392.2890899135473,3483.0745488544103
0.234,1127.9844857089126,18461.640880485145
0.234,95.0,96.0
0.234,732.0034787376856,14334.794481159503
0.234,1230.9999999999998,6820.0
0.234,1123.7693665374204,26701.884611832953
0.234,879.1439017589785,14312.366540862478
0.234,682.5094448523141,7936.31727301467
0.234,404.0851166932639,3389.807231753237
0.234,3499.999999999999,23459.000000000007
0.234,2711.6260966793507,90974.59209611623
0.234,1279.8822078702776,21779.948410873312
0.234,1908.795431679361,75878.14573380136
0.234,1029.983195042412,17062.540416202013
0.234,851.1756575466663,6281.22440293292
0.234,1826.7207140016183,64597.516683921254
0.234,1258.8822399978858,24570.03153652546
0.234,1490.9720719828156,48264.57804715752
0.234,3499.999999999999,146499.99999999994
0.234,1312.4660184146808,26201.490483957845
0.234,276.59537234017495,4670.326326928344
0.234,2519.027590162521,53586.99618377577
0.234,374.7485793232394,2563.057317454191
0.234,1260.0007936505433,32425.600996743295
0.234,2025.3394777172546,57837.411940715334
0.234,1149.9999999999998,21849.000000000007
0.234,1768.682000699184,51707.28312024754
0.234,1955.8885448818398,34029.62958952096
0.234,2065.550774006778,88183.4487248032
0.234,1336.0000000000002,34009.00000000001
0.234,1490.3595772504323,54319.79002349252
0.234,2045.9716518075224,62275.931554654395
0.234,1653.4647522997514,31960.679269981574
0.234,955.5941051774663,13217.758903708173
0.234,2212.498556182359,50949.489680808154
0.234,3499.999999999999,126989.00000000001
0.235,662.9335669122329,10055.342916682597
0.235,398.76382477048844,6294.791441069436
0.235,866.5134332788037,8487.292844367836
0.235,2497.39864659209,66048.49799957601
0.235,59.0,76.0
0.235,1287.9076181308508,32041.007566938442
0.235,494.45585154706987,9192.266641291682
0.235,1483.4975564523188,29129.43835709849
0.235,747.0663281659109,5291.2378916872885
0.235,471.16875957558983,2149.595078148441
0.235,1281.7188403278558,24525.390014219527
0.235,552.7076271033038,8130.9836749523965
0.235,1499.0735019261092,12977.6369968864
0.235,3499.999999999999,148656.0
0.235,608.6846936733275,10205.488242943518
0.235,861.9999999999998,20325.000000000007
0.235,1243.9159286381364,24618.545575533513
0.235,666.8399494001833,7946.936657477886
0.235,1659.0,41136.00000000002
0.235,1555.0,18502.999999999993
0.235,1430.4841837643644,31382.20081511174
0.235,1098.5874626596822,34944.676675234514
0.235,2102.74112944239,37157.09695810364
0.235,1049.0,23776.0
0.235,1765.9999999999995,25055.00000000001
0.235,1423.1267080573293,50021.61304219156
0.235,1219.0850508068436,32900.61923712759
0.235,1999.249859322241,68008.49671916003
0.235,1274.0,16953.000000000007
0.235,1955.8885448818398,71273.08120882664
0.235,330.0908965724441,2504.9838322831556
0.235,1471.0,38762.000000000015
0.235,1590.121491712073,42435.18882815059
0.235,1153.4070709897715,26396.98936949729
0.235,204.99999999999997,837.0000000000001
0.235,1732.9772070053316,34313.971061362165
0.235,1568.9999999999995,21328.999999999996
0.235,1219.0000000000002,43851.99999999999
0.235,1427.8392766694715,26381.5708402665
0.235,462.0606020859168,8696.987179477728
0.235,1072.304061355733,21504.27864402802
0.235,3499.999999999999,165415.0000000001
0.235,1825.6386830698962,31824.61004363607
0.235,109.00000000000001,162.0
0.235,1104.258574791249,23571.457740241687
0.235,1382.8429540253314,39908.21539665041
0.235,1900.9308458256623,20129.987663192078
0.235,3499.999999999999,56951.00000000002
0.235,811.1183637423086,25991.744400866985
0.235,3499.999999999999,320871.99999999977
0.235,1053.0,22078.0
0.235,1382.0,37320.00000000001
0.235,2029.6551431216087,55307.83767243121
0.235,3499.999999999999,79692.0
0.235,1419.153917248951,25209.678899842616
0.235,1218.482432759614,31111.040954764023
0.235,1527.2791147820878,35172.77007838398
0.235,278.71490810503843,4051.8943717722964
0.235,1912.0000000000005,45475.000000000015
0.235,63.0,647.0
0.235,582.6662852782886,3569.1477974440895
0.235,464.75800154488996,8157.506972108574
0.235,434.0,4872.0
0.235,1293.0,29507.0
0.235,358.15876508665554,5163.711590977731
0.235,3499.999999999999,63718.999999999985
0.235,909.525379101457,14799.759588580877
0.235,2376.0260941328065,71866.25502974258
0.235,1387.0,38819.999999999985
0.235,991.1048984367208,25474.39813688538
0.235,471.0,2379.0
0.235,741.0404825249384,7245.112986275109
0.235,288.14753165696214,5636.181331362576
0.235,2169.6773953747133,51547.25348648557
0.235,1543.8637729148652,26682.422743558942
0.235,496.78164217289674,11647.533086452253
0.235,1451.3552287431223,27302.001666544522
0.235,778.3934558644343,20192.44556914677
0.235,403.50439050012295,7727.612354097106
0.235,2828.090083931919,72997.97922309735
0.235,1908.4644592402335,49666.636620318044
0.236,658.4770409032077,11415.318275334093
0.236,1796.3852593472257,83711.6479350395
0.236,673.9985148496655,17358.072215445176
0.236,3499.999999999999,218482.99999999994
0.236,3499.999999999999,134162.13711401584
0.236,1240.0,22477.00000000001
0.236,2184.147430921274,59967.31432205377
0.236,2085.0000000000005,47718.00000000001
0.236,2249.8834093193987,56829.72737075544
0.236,423.5450929042554,9307.54561409732
0.236,1318.0,25969.999999999993
0.236,1307.1977863157147,29962.749003641875
0.236,1955.8885448818398,50006.4415650624
0.236,2203.292990049213,70972.20820856569
0.236,1239.46885854492,22738.469478707175
0.236,1218.205647663809,19485.93364455499
0.236,1113.0000000000002,21215.000000000007
0.236,873.8180588658032,11909.800418143037
0.236,2556.951309665477,75981.80074201977
0.236,2269.03063002684,67946.18112889053
0.236,934.548554115836,11416.628048596493
0.236,951.6372505748054,18187.95197912528
0.236,70.39886362719217,209.67117112278456
0.236,1706.1433697914088,40244.659764635675
0.236,288.7767303644807,5091.324778483495
0.236,1845.4993904090027,48489.55826773429
0.236,1411.0,26682.999999999993
0.236,362.7667477780664,2541.4414767266285
0.236,2925.745521651967,93430.45536894166
0.236,735.2477223080144,8031.124528905606
0.236,1047.637819095893,31324.012099346397
0.236,955.0203078564875,35538.89235703624
0.236,3499.999999999999,48214.99999999999
0.236,165.0,3358.9999999999995
0.236,207.9062288629179,3868.2457264243167
0.236,1194.1774688188036,16823.67780361389
0.236,463.0,8638.000000000002
0.236,1046.4048581849468,28180.144833073377
0.236,349.83996341184354,1773.7587209087933
0.236,1954.0982575090738,65843.61958458842
0.236,1709.1863002019238,41028.15019676523
0.236,1707.8451334942524,33107.747552498964
0.236,595.3636380826455,3751.0926320815597
0.236,1219.0000000000002,31914.0
0.236,1555.2903265950065,40066.76489311312
0.236,1170.1858826699286,26459.193355051462
0.236,3499.999999999999,140755.9999999999
0.236,2226.2075374951005,70584.24580598707
0.236,798.9999999999999,6187.000000000003
0.236,1839.7010626729545,51997.78746254496
0.236,1459.454456715584,48365.620123273155
0.236,1261.0,34065.0
0.236,1296.8307522572093,18770.65518302438
0.236,782.0163353490517,18387.127360563918
0.236,493.9405357677635,3691.8034468469705
0.236,2153.1813329509164,55444.40895687694
0.236,1425.0183017456256,33994.65483491686
0.236,1219.0000000000002,34991.0
0.236,942.9511780651526,14325.378804539161
0.236,303.5786553761644,2667.8620653999337
0.236,1164.0,16712.999999999993
0.236,176.50779019635368,546.3881404276634
0.236,2382.5117657725946,77165.53111244025
0.236,544.6539037732795,4835.791584170639
0.236,567.4504383644443,3272.413176846713
0.236,216.8524844220144,929.5455879084143
0.236,568.7576203141136,3662.562891844426
0.236,1095.330203508721,18847.12954381712
0.236,988.2105038907449,8117.4955497369965
0.236,1701.9438548948735,31229.332948526957
0.236,1407.0000000000002,24668.000000000007
0.236,603.5647147528111,13012.77946958704
0.236,558.121850495033,3644.8152216539042
0.236,89.0,90.0
0.236,652.1212748176031,9099.773683016236
0.236,543.0327752511344,8623.16787820287
0.236,185.0,308.0
0.236,3499.999999999999,144644.63482272674
0.236,482.2920971295438,3507.7503516844745
0.236,1157.2864813865233,22468.97225063933
0.236,1946.9206455323235,81130.77877106816
0.236,1574.967420113939,47736.36338961228
0.236,2332.9166294576407,81473.3867713869
0.236,1904.0000000000002,68393.0
0.236,1158.751483278447,17490.069811181424
0.236,1933.0000000000002,67773.00000000003
0.236,1964.8155129680752,31011.30605118075
0.237,1472.2391110142403,18064.58264117939
0.237,560.0,9040.999999999995
0.237,1722.8149326943796,50748.48386967971
0.237,1112.172094132571,17005.712617746867
0.237,505.0,5645.999999999998
0.237,1582.2260616098793,48265.46911017672
0.237,2293.6339397356564,75358.39201666851
0.237,1750.1635571668594,35073.44256638554
0.237,172.16271373325876,2092.787614642251
0.237,1435.7924641117181,43872.7140259182
0.237,817.8834469470233,5634.09524620628
0.237,1598.8142203796108,35856.655534201476
0.237,726.9800547470336,6451.0654933894475
0.237,1450.89965308147,62172.47489735532
0.237,1917.9416049504741,39981.00273880081
0.237,3499.999999999999,120045.43424887097
0.237,526.4547083221818,10401.026783731606
0.237,3499.999999999999,193593.9999999999
0.237,1770.915627815253,36892.293835197925
0.237,838.9064310159982,17288.301709537584
0.237,2871.096150791643,91581.73663981103
0.237,1641.6455159382008,67536.47014761726
0.237,1191.0000000000002,25205.999999999996
0.237,469.57427527495577,7982.438474551496
0.237,1633.0000000000002,59412.000000000015
0.237,1240.8200004591204,28299.17153410952
0.237,1453.9601094940672,44896.12499982598
0.237,1120.8055139050662,29608.166018853648
0.237,614.8170459575759,5163.736341061575
0.237,1277.106103657797,32555.053893366523
0.237,698.975689753905,6964.824756245697
0.237,1771.0000000000005,51339.00000000001
0.237,1009.0,13815.999999999995
0.237,126.0,159.0
0.237,1430.9853511678975,39825.71481210902
0.237,3499.999999999999,193539.8279216852
0.237,1500.9999999999998,37541.0
0.237,1330.0000000000002,21064.000000000004
0.237,1842.7955005836343,88083.27948938064
0.237,1453.1132096295873,34437.75836200723
0.237,548.0805820371144,6912.877284843566
0.237,375.403062915178,3498.986983017791
0.237,3499.999999999999,259841.0000000001
0.237,1687.678510899693,55598.4601354413
0.237,884.944226644686,15594.022685115922
0.237,132.89469515371937,179.2651667223725
0.237,244.68954150956424,1685.5560134743205
0.237,78.0,86.0
0.237,2404.606315488276,68478.6097123744
0.237,2094.9940334043918,79365.0455301325
0.237,768.6483124453827,9332.98317546714
0.237,1548.9999999999998,39010.0
0.237,786.0201485294664,17811.034613683314
0.237,800.3665918831628,10530.926361078753
0.237,972.8999353774049,20976.977709421655
0.237,221.95945575712693,1216.6873057610158
0.237,1153.934644844056,37974.73530879797
0.237,1277.8180008314073,27207.8862124162
0.237,348.07039517890627,1798.5293992592951
0.237,1430.322436949502,50953.87896712831
0.237,990.5412661772349,9705.487468437632
0.237,458.61530720201654,6176.46630363997
0.237,1716.9999999999998,30957.999999999993
0.237,1294.432489865398,46292.517246278694
0.237,2312.9925533709006,79139.03326177815
0.237,890.8456671062881,16111.963867488856
0.237,1426.0493102447765,31892.267904677716
0.237,190.0,1307.9999999999998
0.237,2424.844281644689,80354.51306474052
0.237,1023.4638322284171,19290.246803632836
0.237,2371.672162868584,140295.6520666515
0.237,588.9999999999999,10853.999999999996
0.237,775.9999999999999,9113.0
0.237,2539.5445274187964,106427.126280587
0.237,850.1609674958889,13089.730312970754
0.237,136.0,168.0
0.237,1910.7354878797253,22905.373584030614
0.237,1261.2833093284269,32313.978249727883
0.237,1637.9688690951652,42515.74957797786
0.237,1009.0,15116.000000000005
0.237,965.0000000000002,41641.0
0.237,281.87726664548995,1040.1537793436676
0.237,1031.0000000000002,37857.0
0.238,2500.3199590487347,95112.42466497002
0.238,534.575233344125,4394.7477455812705
0.238,317.1922328154004,1815.0699406147023
0.238,2084.9460424672866,37658.959093421574
0.238,1316.0386102405373,15734.363649610921
0.238,632.1005819189137,5798.31018609877
0.238,137.81954990390088,621.8271628901405
0.238,1115.3328754695203,19890.216513042957
0.238,1054.294580203482,32029.287268621458
0.238,262.0,5381.999999999999
0.238,1646.8158957193846,33803.85779923508
0.238,155.49276510500417,1006.493914536993
0.238,302.0,480.99999999999994
0.238,675.1163951086128,12410.967460552538
0.238,545.6814414622021,7696.57090846727
0.238,3499.999999999999,108483.99999999999
0.238,64.0,462.0
0.238,2029.6551431216087,61146.21343141373
0.238,694.0,14260.0
0.238,1425.7789491118936,25881.06392158104
0.238,1120.928486833776,22110.42011373932
0.238,2100.833168054998,101682.01773175041
0.238,1092.0000000000002,17150.000000000007
0.238,1345.533197477412,34033.34198277307
0.238,809.1075330263585,18036.32822943738
0.238,700.4520889118322,9156.39995644804
0.238,1149.0,17536.000000000007
0.238,1106.5328734384714,29279.260919633885
0.238,488.0,10367.999999999996
0.238,1329.0,16351.999999999998
0.238,1196.9878863213278,17346.898108883895
0.238,1251.5831595225718,28940.141899725786
0.238,1111.762564579326,23919.27567883276
0.238,1218.3279525644973,18406.60006628056
0.238,1624.0000000000002,21321.000000000007
0.238,594.1277490305979,8535.496109267742
0.238,3499.999999999999,118677.00000000004
0.238,1792.4491254841869,33560.728159719045
0.238,1954.0000000000002,37105.00000000001
0.238,2629.1633650269814,82869.70118203636
0.238,2151.504265472643,44646.45253000525
0.238,1194.6698288648624,14071.950291270927
0.238,651.5289709598492,15078.859505944072
0.238,1862.2271220730756,49130.77209900006
0.238,1385.0000000000002,25020.000000000004
0.238,1948.960557581573,69010.30419329031
0.238,1817.3808382756665,67722.17860595432
0.238,618.4618015690219,7074.780561967982
0.238,1640.9999999999995,36394.99999999999
0.238,3499.999999999999,88836.99999999997
0.238,1279.2922988128905,30316.538066301633
0.238,1086.0478810807558,14714.905912033551
0.238,231.20900856091296,838.3440923206434
0.238,269.95537312641085,4183.926397898509
0.238,953.9661084862713,12600.338329555776
0.238,813.7044918150568,10737.758145907374
0.238,570.0867622109489,4360.161982906824
0.238,1572.738694125632,23126.719092858806
0.238,3499.999999999999,180309.00000000003
0.238,1363.6883503946083,40280.88409401765
0.238,1737.9585725787604,31439.728052258986
0.238,658.3343213501525,9288.16982682794
0.238,351.59954342664065,4980.318982193406
0.238,2525.120818790457,71395.00384114875
0.238,929.061077295299,17048.74858869148
0.238,949.2712786473751,21296.993048049513
0.238,1500.162324550247,25975.339882280645
0.238,569.1502437845389,9610.0644118549
0.238,1161.3139110507545,25542.00043066321
0.238,632.9873616431848,4438.704540741589
0.238,1118.0000000000002,23002.00000000001
0.238,701.7520929787099,23442.595078190483
0.238,1916.1158628851229,57362.11192939116
0.238,1559.5088032756903,43844.52791504439
0.238,326.0968656195561,2831.675330459137
0.238,449.4519253395206,4881.172324349793
0.238,3499.999999999999,151093.00000000006
0.238,1104.9348397077538,23033.622164132154
0.238,1451.768107006262,21761.681111791866
0.238,220.82119463493535,1895.8776331820573
0.238,747.0000000000001,7522.999999999997
0.238,1954.0982575090738,35734.592651938816
0.238,786.1279478133544,13933.755687664947
0.238,1049.0,24559.999999999993
0.238,1889.0,38868.00000000001
0.239,644.3017182619254,11674.268325231995
0.239,1246.0,40665.00000000001
0.239,1219.0000000000002,20480.0
0.239,1616.4154787677576,35537.81394514862
0.239,1239.4896746718011,17380.020533460218
0.239,1971.927990571664,84017.04446122819
0.239,143.40850741849314,628.4186502642962
0.239,119.0,1086.9999999999998
0.239,594.9768416003544,12127.682724316917
0.239,630.3349189215078,6578.080387568123
0.239,2414.021540914662,108218.32887270059
0.239,288.02083257986743,5546.33888254225
0.239,1466.6590793914204,33817.15002187429
0.239,1334.4665600905857,31142.24140937836
0.239,2796.6325348631212,78663.29183786924
0.239,1790.3738469906375,37522.67103683923
0.239,1080.910887876916,22422.912030231677
0.239,653.4523701081816,12449.959999935743
0.239,1147.6309086773347,26124.748697582738
0.239,3499.999999999999,143321.00000000006
0.239,1182.0406084394901,30804.912676389784
0.239,98.0,101.0
0.239,1618.0000000000002,30413.000000000004
0.239,971.7767233269174,16384.376948788755
0.239,319.3101940120297,747.4336090918042
0.239,1128.5955874448564,18978.81007861137
0.239,1158.0,42557.99999999998
0.239,963.4288553909208,6870.241798331335
0.239,1204.5336108705744,34008.472096266596
0.239,469.57427527495577,11358.752176185559
0.239,1621.21479527655,30014.01849381403
0.239,516.0,4412.0
0.239,187.0,214.0
0.239,551.8151864528558,5295.595811615536
0.239,678.1260923647159,9130.783951518979
0.239,2559.0037123849593,66726.66176274665
0.239,459.99999999999994,2154.0000000000005
0.239,1091.8104231046707,20175.421086064103
0.239,808.0963807071533,7823.095741305012
0.239,1021.3734017488182,17866.644853667745
0.239,1671.9999999999995,40341.000000000015
0.239,1453.9601094940672,38383.19788657532
0.239,616.9679019948994,18440.474185213505
0.239,1708.6346075731456,46710.99294562915
0.239,85.0,94.0
0.239,2425.5927110708417,103286.30962039452
0.239,1444.9999999999998,18502.999999999993
0.239,605.8340069845285,8865.42505691609
0.239,1455.9330341743057,46437.499878869465
0.239,1764.5280758130227,41627.99283130084
0.239,1955.8885448818398,66047.04913923108
0.239,1532.705777375423,39956.18559121978
0.239,3499.999999999999,218621.99999999988
0.239,1664.0453906195646,49290.42765434205
0.239,2404.606315488276,106558.72991490853
0.239,1543.1688978659952,43169.18143430244
0.239,1955.8885448818398,41304.30272986099
0.239,536.7205214955652,3011.059463764773
0.239,1998.7665728183995,54423.48096187293
0.239,3499.999999999999,212406.17338486205
0.239,733.4563213606348,9898.097430705024
0.239,2556.5256416516722,91159.20208761531
0.239,1230.1108545736004,36603.547003025946
0.239,1455.2786674723159,31699.7304089483
0.239,1018.9602543769802,24991.78931169196
0.239,656.1266858245248,13145.92637576747
0.239,1850.0567558861537,45669.07601430096
0.239,1980.9999999999995,101774.00000000003
0.239,1384.0000000000002,65633.0
0.239,304.1529220638855,950.7192014469887
0.239,1993.1131427994742,69212.52591836247
0.239,2288.0669282710664,68566.01707961138
0.239,756.9478185449772,9665.04728389882
0.239,723.0,7622.000000000001
0.239,1429.0,29968.99999999999
0.239,791.0,10840.0
0.239,1733.7675738114378,33772.9402036601
0.239,465.7163820559079,10471.201914282115
0.239,1129.1190936531618,35481.112469903164
0.239,1602.1934964291922,59436.52793526892
0.239,586.0094660804343,9954.322112894666
0.239,960.0421752714694,15835.745998582232
0.239,1601.0000000000005,40914.0
0.239,1274.9999999999995,30722.000000000015
0.24,2075.446109101916,46430.0438675062
0.24,1236.705300384857,28700.532033396183
0.24,370.30662970030664,2284.860170776321
0.24,915.8942198491562,18215.30485401037
0.24,310.75713990188547,2062.2160410587435
0.24,346.67708317683764,5376.826945327513
0.24,328.9741631192335,5968.634349664923
0.24,796.7076539019965,14021.464156810527
0.24,1069.3909099312273,24388.262812933495
0.24,1474.2659190254653,38367.517694007765
0.24,1063.0000000000002,28908.999999999996
0.24,2234.8378017207424,56999.87245599765
0.24,1109.9761258693811,24842.598897860917
0.24,1258.0000000000002,32462.950466647355
0.24,1136.9999999999998,19977.0
0.24,1446.6894215269697,45754.83415951416
0.24,1933.0000000000002,37890.0
0.24,1863.227957412138,40858.580695753204
0.24,166.0,1090.0
0.24,809.8283768799414,12642.073880499194
0.24,1038.0,9173.999999999998
0.24,1126.6303741689198,26529.494529673957
0.24,3499.999999999999,81988.99999999997
0.24,1377.0,52829.00000000001
0.24,721.0,6713.999999999998
0.24,56.99999999999999,86.0
0.24,3499.999999999999,83430.60717146921
0.24,733.8401603675666,16804.958050935023
0.24,1893.7694544405542,47647.079898855445
0.24,1622.34398325386,29945.685832854135
0.24,1287.2062771754959,23011.885733246636
0.24,720.4829625115449,15436.713846136587
0.24,1353.0000000000002,28106.0
0.24,1929.766825292631,83698.11294169062
0.24,1469.4503836752237,23743.315851614298
0.24,1401.0000000000002,18133.000000000007
0.24,636.3453759790215,5965.7990467877735
0.24,2006.9999999999998,39760.99999999999
0.24,1399.0,32647.99999999999
0.24,1471.0,15815.0
0.24,3499.999999999999,79827.99999999999
0.24,429.5951582594943,1882.7745483726935
0.24,1388.2617085980892,21556.225793856698
0.24,1392.988755604437,40544.84905128054
0.24,1971.0403344427023,53115.316821045155
0.24,64.0,498.00000000000006
0.24,1335.9830198966592,27432.20296100715
0.24,1387.0,33278.0
0.24,1102.379925108932,17361.646146887815
0.24,2332.1663748540755,47048.2615194228
0.24,603.2947999633155,4679.7840246595415
0.24,1323.248918903113,32300.110812323168
0.24,1879.2285651298516,68422.41314072457
0.24,1012.9081441490003,12619.954168179198
0.24,1140.0,40014.00000000001
0.24,809.946989156862,17034.124422362293
0.24,1097.9999999999998,11392.999999999998
0.24,596.0,12457.999999999996
0.24,1891.0000000000005,37329.000000000015
0.24,1606.9999999999998,37708.00000000001
0.24,666.9999999999999,7897.000000000001
0.24,1487.708640829917,40398.690845125166
0.24,124.06101748974496,1867.1011067197287
0.24,867.7347685735267,10700.890407632647
0.24,215.436063028312,803.0794985786619
0.24,1709.3666931963562,27156.34688998909
0.24,1346.0000000000002,35037.999999999985
0.24,154.0,4342.0
0.24,910.3189358257019,23869.659863486486
0.24,961.0811760135796,9028.403811799479
0.24,1912.5277880536757,53948.2121478513
0.24,1138.0070735895663,26706.842055967463
0.24,74.0,94.0
0.24,1345.0,33176.00000000001
0.24,961.0000000000001,14506.0
0.24,1391.0,25890.999999999996
0.24,2088.0000000000005,30361.000000000007
0.24,1087.7706559748701,7439.892472341249
0.24,131.0,150.0
0.24,1564.517096259331,40425.06122956785
0.24,1486.6768310564341,45936.456861625695
0.24,934.1859329316151,14493.492565856772
0.24,870.4923893980925,10702.781320759568
0.24,573.5852159879994,2856.808534011336
0.24,1414.0058444075287,30291.69760830923
0.24,2300.434741521697,43985.96426134136
0.24,454.1871669037638,4665.592316805807
0.24,1223.4649119527203,17236.56757103292
0.241,712.1502650424276,16895.598894386672
0.241,596.9790616093666,14880.02311826162
0.241,3499.999999999999,108591.29961465603
0.241,1460.4947656979296,49152.122547888895
0.241,1191.905617068734,41144.25860311493
0.241,3499.999999999999,159536.00000000003
0.241,1696.3030389644412,65247.32592221693
0.241,963.0000000000002,4681.0
0.241,274.0460167442949,4483.779193354062
0.241,1177.0000000000002,26216.999999999996
0.241,2470.6274506691616,76102.67244978982
0.241,1069.9999999999998,22412.999999999993
0.241,840.9999999999999,14952.412079661264
0.241,1336.6992636858604,17887.419984625354
0.241,631.0,7859.000000000002
0.241,2717.9305012349587,74195.21259885519
0.241,1375.4518404845803,25059.45773723459
0.241,809.0117428072352,25608.52652926363
0.241,1009.0,14757.000000000002
0.241,1993.1131427994742,40064.99170098505
0.241,1040.0,27606.999999999993
0.241,1565.0869444427328,32234.519440401727
0.241,1351.573897350789,29724.273111381553
0.241,1045.0,31086.999999999996
0.241,888.2888030678901,12018.722951218066
0.241,605.99669966098,8425.202193419454
0.241,2076.59189788176,67184.6050870336
0.241,124.82788150088906,181.27327436773464
0.241,3499.999999999999,133841.0218722225
0.241,311.22339243700816,1146.633332848823
0.241,1744.0000000000002,32608.999999999985
0.241,1420.0925483553967,22476.277505693677
0.241,600.9196335241868,7271.687575703923
0.241,131.0,1923.0000000000005
0.241,717.5832022070447,9204.918831036357
0.241,3499.999999999999,113497.99999999999
0.241,1936.8671102683354,36258.21530340179
0.241,561.8540735813883,10143.667926346961
0.241,681.9974601660358,6914.04999147036
0.241,3499.999999999999,84975.00000000003
0.241,1850.6260846607713,41717.105646701995
0.241,1058.266251483501,29323.295951865293
0.241,1169.0000000000002,31021.000000000004
0.241,1136.0,29104.000000000015
0.241,999.0,13484.0
0.241,1423.6623184688165,36219.037367881116
0.241,1421.0024630520531,23822.46960329681
0.241,163.0,2644.0000000000005
0.241,199.14316458266902,3499.599977140244
0.241,630.6557567805571,4833.899712571775
0.241,320.93301481773415,1321.5142829345434
0.241,551.8006438967583,8829.471901884019
0.241,455.3328452901239,5681.083347390706
0.241,3499.999999999999,130909.99999999997
0.241,1923.6251497491387,44669.377080891485
0.241,948.896727784431,20141.19053084996
0.241,1217.0353322726503,28740.145128373995
0.241,1118.0000000000002,11846.999999999996
0.241,1420.0,16502.0
0.241,568.4614134061026,5597.6615980900515
0.241,639.659405358275,5269.38300963605
0.241,326.63435214318775,1575.7702878275115
0.241,859.3602271457529,8421.663493633545
0.241,429.75562101025355,3793.0293006766283
0.241,713.0,2018.0000000000002
0.241,3499.999999999999,297145.0
0.241,1047.9999999999998,22093.999999999993
0.241,1370.0,24537.999999999993
0.241,1349.073756323204,43188.91584654566
0.241,1355.9546045696004,28086.80357025529
0.241,1299.2598832527606,20512.534351932634
0.241,708.8217911926831,9294.797180971389
0.241,1024.2128542885819,10090.25619525622
0.241,1219.0000000000002,23602.00000000001
0.241,1177.0000000000002,14146.000000000007
0.241,122.99998911797421,1433.7926353115129
0.241,2074.8493921246436,29174.086172492174
0.241,1000.9680314575485,14942.81088015237
0.241,2194.775516120771,74855.03809067221
0.241,789.3034904268445,18776.387884787637
0.241,522.6025969104169,7224.611856727806
0.241,3499.999999999999,275538.0
0.241,730.058901733278,20949.811168600067
0.242,814.9311264517842,7131.168839404016
0.242,288.4857015520873,3856.165971531827
0.242,673.9999999999999,28520.999999999996
0.242,1114.5078027140785,31313.142980651224
0.242,689.0,11711.000000000004
0.242,412.38016721170123,9435.829083867888
0.242,957.9999999999998,61293.000000000015
0.242,1360.5826031762258,37675.80033356574
0.242,1962.1416870348578,61764.18939806461
0.242,1125.0000000000002,18552.999999999993
0.242,1018.9999999999998,13134.0
0.242,495.46268339720496,3438.0767977188407
0.242,743.5701538345887,7673.243418812912
0.242,1225.222505743523,12879.23318866328
0.242,631.6644678941501,4684.4540770510275
0.242,3499.999999999999,122701.99999999997
0.242,1457.6059138189585,26700.2337442952
0.242,1090.0,17721.999999999993
0.242,480.06199821393716,7968.02931556215
0.242,1334.352652037684,62180.37407414015
0.242,353.0,3904.9999999999995
0.242,3499.999999999999,140814.96795440456
0.242,912.8426185722049,9431.694654966686
0.242,1210.562882704635,24492.913536366665
0.242,763.2467288375209,5624.16303628125
0.242,1343.0000000000002,49497.00000000002
0.242,1148.0,31762.000000000007
0.242,1680.9999999999998,19138.999999999996
0.242,1164.1262818096668,14534.331563577325
0.242,467.29484473563457,3999.3589249278434
0.242,424.90982975827694,5842.352231588844
0.242,2799.9999999999995,78000.58995436325
0.242,730.5169291670393,14675.450282099144
0.242,893.0109332842297,9501.946430751452
0.242,1026.4318845690702,29486.076002246948
0.242,1050.9999999999998,15548.999999999995
0.242,1025.7173099836039,22547.180222812793
0.242,215.42206615911073,3867.87628339819
0.242,1926.1360284258221,35561.481858887724
0.242,1534.847920931283,37478.17155364398
0.242,1789.833114909724,38939.04113371327
0.242,193.0,265.0
0.242,469.57427527495577,13938.154827666393
0.242,2629.1633650269814,128566.65297035618
0.242,2235.6207191739836,86263.73400218654
0.242,1134.0000000000002,17727.000000000007
0.242,541.0,8990.999999999996
0.242,1297.4975915199225,6469.47068932227
0.242,1378.9647871172913,33952.009477317486
0.242,714.1954011719156,5555.770690910215
0.242,425.27383114748085,7637.044572927222
0.242,612.5264178523781,8629.008187844016
0.242,1015.0,13198.000000000002
0.242,1718.6395986776959,30944.997203485673
0.242,1301.0000000000002,42287.999999999985
0.242,649.9999999999999,5670.000000000002
0.242,2488.5072476171363,67923.72416402026
0.242,1639.0000000000005,33920.99999999999
0.242,1328.5465856411583,36609.82387123309
0.242,891.6280993298315,16189.421128976528
0.242,3499.999999999999,173131.3879687909
0.242,1069.0,15559.999999999995
0.242,558.121850495033,3604.882244956137
0.242,703.4465153798119,4384.93762783463
0.242,1179.733662957844,17859.396912999462
0.242,1147.170431975999,10602.840374163892
0.242,547.9657570021421,6926.067044805757
0.242,3499.999999999999,263444.99999999994
0.242,882.2533649694968,16998.183255865915
0.242,801.0,17839.0
0.242,91.0,137.0
0.242,1085.4221180988843,35967.02400990765
0.242,202.0,4274.000000000001
0.242,540.0,3052.0000000000005
0.242,1365.011721561394,31558.42838292174
0.242,848.9097902998573,8118.381752024537
0.242,1601.1768643077908,24068.1296136588
0.242,1162.7667557566506,22396.36617855546
0.242,350.84170750631756,2647.5863914220886
0.242,1021.4178104508917,27583.2158293592
0.242,1273.5148212722147,25826.588624903587
0.242,3499.999999999999,162156.00000000006
0.242,3499.999999999999,107521.00000000004
0.242,786.6466805370758,13137.840347637051
0.243,1082.7114112264637,19061.59193246984
0.243,1394.9910393977445,27913.6583055679
0.243,3499.999999999999,127810.99999999997
0.243,1163.7890702356679,22881.04687290334
0.243,3499.999999999999,266640.9999999999
0.243,384.00000000000006,7405.999999999999
0.243,1036.9999999999998,37594.999999999985
0.243,2242.654676939809,93524.73953452107
0.243,3499.999999999999,170940.0
0.243,1526.0,29339.999999999985
0.243,3499.999999999999,154254.49920180617
0.243,1302.1385092191292,33541.7424177317
0.243,1406.5870040633818,28868.367498007236
0.243,570.666548740242,8226.620061510544
0.243,3499.999999999999,54732.00000000003
0.243,782.0085316056711,10843.608924247756
0.243,1418.6458331803608,22982.560562304632
0.243,1285.9661737386405,29270.300715913414
0.243,1089.3286273261713,20085.56824817496
0.243,1280.2226368878185,29021.08474885114
0.243,63.0,759.0
0.243,579.6550698475775,4307.92989729406
0.243,1119.5697553870457,27442.59316551195
0.243,881.9535957041303,11867.301612790638
0.243,437.6391207376233,1944.1916057837507
0.243,269.72207918522355,3227.036876145049
0.243,1327.7849435018124,37455.76489451576
0.243,705.0924181895525,11402.637337755248
0.243,40.0,41.0
0.243,1709.8987662787908,44240.778520291424
0.243,1337.4924298851195,39118.65062856848
0.243,1306.3884753573518,38326.13348432817
0.243,1353.3553871947386,27527.771338676466
0.243,3499.999999999999,76690.00000000001
0.243,1008.0960571729925,23232.054934534975
0.243,1817.9555798046208,26507.3592153442
0.243,1121.3362564369354,30506.502257715478
0.243,855.3910639955561,9776.413548497894
0.243,1429.1287150082953,31671.345829599897
0.243,1673.6953678584773,31624.706386981325
0.243,1682.9999999999998,30943.999999999993
0.243,3499.999999999999,145375.0
0.243,1137.3653766490343,36706.19032261453
0.243,788.0000000000001,21805.999999999993
0.243,265.98684177981437,3293.7399715217352
0.243,966.1832124395456,12060.329970610259
0.243,594.3203000807397,8342.306570407201
0.243,3499.999999999999,68195.99999999999
0.243,977.0030706195348,16662.171707193513
0.243,1366.7316333044755,31052.68829505431
0.243,1093.0,24385.000000000004
0.243,1011.1280828856449,17356.830240570995
0.243,3499.999999999999,57267.00000000002
0.243,1014.4167383510361,8276.619818077737
0.243,895.4008038064991,20563.423532365556
0.243,1058.7464285654048,25929.53813703592
0.243,2039.3128532808128,70280.16342303132
0.243,3499.999999999999,276543.0
0.243,65.0,618.0000000000001
0.243,181.28463705856228,1773.7126895682497
0.243,272.68846693617246,2894.7592300569663
0.243,768.2440524290097,20898.573242913422
0.243,254.1416927621283,2001.8571377598355
0.243,659.2317728215754,11843.770671708815
0.243,1229.0,19931.000000000004
0.243,338.23069050575526,4136.6616975527495
0.243,138.99640283115244,426.12087487003026
0.243,2375.296361909215,50480.33961583612
0.243,495.9203565089862,5881.146826937753
0.243,262.0,523.0
0.243,2068.0000000000005,33088.0
0.243,3499.999999999999,80965.976187532
0.243,1578.4364706917916,44283.52614961983
0.243,928.9282336450999,11720.792441618534
0.243,3499.999999999999,115880.1282964426
0.243,1021.0000000000002,16448.000000000007
0.243,1525.3701190202983,27643.749872258642
0.243,2048.5360626554757,27675.460899504476
0.244,1993.1131427994742,64231.472348063166
0.244,179.8455465175965,1509.9198524774488
0.244,3499.999999999999,146840.99999999997
0.244,3499.999999999999,190277.00000000006
0.244,239.64139876073168,3827.353393665132
0.244,1499.0,48635.999999999985
0.244,696.0,9774.999999999998
0.244,1000.6970223970079,16319.45248564548
0.244,1198.9999999999998,42772.99999999999
0.244,42.0,51.0
0.244,1131.5069597664876,32866.31839741104
0.244,1407.9999999999998,14997.000000000004
0.244,655.7699005854072,6732.059404472608
0.244,1903.0137714264042,39731.54885499941
0.244,3499.999999999999,75077.00000000001
0.244,1587.7197485702568,48183.091339182494
0.244,2332.1531730369084,58195.25286073284
0.244,710.57863744979,6746.235172301663
0.244,832.0,29854.000000000004
0.244,759.806054125752,18833.16197328736
0.244,586.0,4485.999999999999
0.244,1219.0000000000002,12013.000000000002
0.244,1287.1713172689954,36087.064676972564
0.244,1135.0,28203.000000000004
0.244,299.24374705872214,2773.8345239704313
0.244,667.2151077426231,4082.815205222984
0.244,1635.633210716877,49192.42543319042
0.244,1217.0000000000002,15296.000000000007
0.244,404.9123997731411,8677.012846148167
0.244,342.43569574373345,2656.704993138569
0.244,1177.0000000000002,17292.999999999996
0.244,869.9999999999998,20267.0
0.244,149.0,1300.0
0.244,206.4848662735359,660.1461959293563
0.244,1652.6176336953276,22168.744993030014
0.244,1430.0,31665.999999999993
0.244,1430.4937089067164,53757.82718629695
0.244,1981.2695069181693,37918.65025660417
0.244,2422.829034470118,42518.307805167264
0.244,3499.999999999999,120321.28261450668
0.244,1322.9999999999998,54213.999999999985
0.244,1230.0000000000002,33231.999999999985
0.244,1639.0000000000005,70565.99999999999
0.244,1898.5424106740052,43929.79537856618
0.244,1269.1957563690978,19358.12527597459
0.244,2348.6166140943483,82819.40877596266
0.244,1345.1765683359192,61072.47065577095
0.244,310.0,3711.110345974638
0.244,83.0,97.0
0.244,1872.0000000000002,63691.00000000001
0.244,1035.164932835677,17081.834883122436
0.244,1557.3978297146816,22165.12176821955
0.244,630.5164549795668,5414.772294381363
0.244,1267.0,40203.0
0.244,274.0,484.99999999999994
0.244,1513.0,15760.0
0.244,3499.999999999999,189076.0000000001
0.244,979.130226272277,13468.658285070569
0.244,370.82046215757987,5530.0741855217875
0.244,636.4447234334746,4889.34446510625
0.244,1037.2945579728064,13985.112584459228
0.244,1156.8271262379699,15424.458629073504
0.244,425.6016171711972,3263.8668576745813
0.244,673.0,5747.000000000001
0.244,1917.9416049504741,61102.485522276416
0.244,932.7043862427666,27158.907882351396
0.244,1453.5869971244256,34287.73122504135
0.244,1065.9999999999998,21907.999999999993
0.244,2672.9698982655573,42493.43706028641
0.244,548.2344381222953,5839.457953893792
0.244,1313.0545718914375,22630.74043390275
0.244,1029.2211411736457,25779.99793029483
0.244,731.8338038879748,7295.204090621881
0.244,335.946424300066,1479.6202215433523
0.244,1929.766825292631,76055.94868253241
0.244,510.4515129214092,7684.820439653434
0.244,262.44237462726943,4198.0052405874885
0.244,3499.999999999999,154828.00000000006
0.245,1064.9760560688674,21310.841935503155
0.245,837.0424123065688,13628.72811380431
0.245,1050.9999999999998,23064.999999999996
0.245,2006.4844581318564,62370.14171440175
0.245,1597.5165076086707,62858.93271840389
0.245,684.1229802816116,9356.587694844578
0.245,988.0000000000001,7830.000000000003
0.245,1171.360320311389,14861.090303204537
0.245,1207.9999999999998,21474.0
0.245,1022.9151015340645,20898.613193522753
0.245,1453.0,71331.99999999999
0.245,1230.4950223385704,29638.49338276155
0.245,3499.999999999999,132994.99999999997
0.245,1151.0000000000002,27122.999999999996
0.245,3499.999999999999,119347.99999999996
0.245,684.5066780341864,9240.330193664042
0.245,3499.999999999999,144956.61457829375
0.245,1780.4830805149481,32915.767604599474
0.245,855.5672626034964,12348.704969049208
0.245,1060.4550909868838,17697.455636333718
0.245,2058.7617637793846,36175.13311654846
0.245,2265.9435120938037,49893.938790197724
0.245,664.8857044635565,12225.974235209225
0.245,797.0000000000001,17630.000000000007
0.245,175.0,409.99999999999994
0.245,1836.8451213970109,43721.99159461976
0.245,442.0,6064.999999999999
0.245,3499.999999999999,229539.0
0.245,1748.2332645884107,39833.10152933168
0.245,703.498400851061,11610.071662138871
0.245,1528.9999999999998,35740.99999999999
0.245,1739.0000000000005,24811.000000000004
0.245,492.0,2976.9999999999995
0.245,1252.0447276355587,29907.47615563706
0.245,617.2937780260643,3902.2988033232814
0.245,1012.7970047754012,25870.133499565854
0.245,117.0,156.0
0.245,883.0000000000002,8343.0
0.245,307.2132809629167,1456.5785251746638
0.245,263.74988151656106,3594.351540959787
0.245,1524.9999999999998,48729.00000000002
0.245,362.13809520678706,2551.150524763288
0.245,576.6281297335397,3366.520755914034
0.245,397.50974830813897,6809.152590447657
0.245,1048.4970195475046,11790.468184088366
0.245,1290.0,50335.99999999999
0.245,477.0905646639255,3061.240220282402
0.245,655.508293842819,12916.05498367106
0.245,897.5661535508121,21979.462914275213
0.245,892.4264247786208,8175.631174818096
0.245,2022.9999999999998,19388.99999999999
0.245,1089.0,17421.000000000004
0.245,411.1483917030444,6676.739323951475
0.245,96.0,716.0000000000001
0.245,458.51935618902723,1738.3581334121004
0.245,929.0537436614355,15785.880680518752
0.245,896.7086696021078,9904.04652209332
0.245,2331.8045541318056,70464.74296033937
0.245,715.0,12691.000000000004
0.245,706.6965564670797,7891.708526975101
0.245,2100.833168054998,52777.676862476634
0.245,1235.3137253345808,10592.440511987787
0.245,1047.0000000000002,52356.00000000001
0.245,1316.8929341446096,28558.348516677226
0.245,795.9271323431561,4797.18855164147
0.245,1913.0596593545413,37873.33139593615
0.245,3499.999999999999,105851.00000000004
0.245,664.4065408502129,3049.2468964567893
0.245,1108.0291298974835,16735.16192921073
0.245,379.1767397929362,2007.3430200142675
0.245,1400.9072060632707,30957.445340337756
0.245,1814.8002644919363,61350.05731048665
0.245,1078.599554978584,18239.032759442038
0.245,1166.6220467657895,21833.969245192216
0.245,296.2819603013319,1623.9950738841546
0.245,1405.0000000000002,50013.000000000015
0.245,1664.4864002177214,43621.30248956493
0.245,411.6503370580425,3810.028871281687
0.245,2018.4152199188354,42648.69819818656
0.245,295.4510513408061,3425.2006535791793
0.245,905.9972406138993,10114.150236179017
0.245,941.8301333043022,31338.531267434984
0.246,1970.1522783785017,36011.45970382203
0.246,1219.0000000000002,37168.00000000001
0.246,1088.8259732390666,13230.769818872972
0.246,302.0,10339.0
0.246,302.3656726548171,3008.8055769690404
0.246,425.2481628414166,5825.431743656432
0.246,726.5418088451621,17932.164899977914
0.246,3499.999999999999,75792.99999999999
0.246,2607.7768309424027,69130.18065939072
0.246,2099.999999999999,47830.80195857055
0.246,381.62411316941,5147.590600615879
0.246,3499.999999999999,140200.99999999994
0.246,707.2844667552381,9005.701437329302
0.246,799.9999999999998,20781.999999999993
0.246,390.03846798436695,5120.430478766847
0.246,322.0,7467.000000000002
0.246,2481.229533920632,63077.41998528478
0.246,1345.0,29537.000000000007
0.246,324.05431180817635,3174.453532487243
0.246,1736.8213867326983,52537.10871075075
0.246,224.39068723843124,2374.776364419986
0.246,1357.8133155923902,26479.21864406124
0.246,1038.0,13367.000000000002
0.246,898.5221656142011,17628.57902449415
0.246,1039.837359628299,11473.327668785598
0.246,734.6311969615043,9535.219125286289
0.246,3499.999999999999,122516.00000000001
0.246,1510.8015772839667,36396.68861534943
0.246,1993.9909728983232,37515.94954149502
0.246,662.2855523360448,9964.987395383918
0.246,1685.9979600243373,32688.201707242082
0.246,3499.999999999999,240729.00000000003
0.246,385.3336216838598,2635.007779874663
0.246,1308.0731534866952,32599.18767775963
0.246,505.99999999999994,14452.999999999995
0.246,486.75227700989973,2786.3114865873863
0.246,287.6664735418433,3110.962552008623
0.246,1004.0488035947254,9827.093263015262
0.246,1147.0,16218.0
0.246,2073.1078895447713,55059.311229733554
0.246,631.6535047216139,12448.59477198326
0.246,387.06588586440944,4353.763888866737
0.246,652.5407952870046,9413.690831210277
0.246,1084.9999999999998,5922.000000000001
0.246,1131.5829620491818,19120.722371291315
0.246,1263.7282311648723,27871.27996593211
0.246,1135.0,29145.000000000004
0.246,603.3241251599342,9354.208464643061
0.246,582.6662852782886,5296.701992749827
0.246,1290.9856406330077,33611.35506845425
0.246,883.5609769563164,20224.50928947351
0.246,1027.8499589856865,14666.376554450038
0.246,1439.4443372357262,27119.21833313048
0.246,832.6422036417149,28514.667348310228
0.246,1518.9999999999998,36411.99999999999
0.246,615.6362562422717,2024.7044228726318
0.246,1513.0,23933.999999999996
0.246,1093.0,10918.999999999996
0.246,1050.9999999999998,39509.999999999985
0.246,1212.8313980104574,33691.596370608495
0.246,1804.9158321006819,28773.128579240198
0.246,357.18482610547716,6063.096898450493
0.246,513.0000000000001,2383.0
0.246,923.8469138043642,19729.039548441942
0.246,3499.999999999999,271587.0
0.246,2708.5051227568315,97487.73416179084
0.246,1506.7484489856554,41056.40756692788
0.246,874.2730375570712,15073.115132764016
0.246,87.0,98.0
0.246,156.6734697898497,471.25304592021723
0.246,1231.9857953726578,28365.660524655526
0.246,1051.3126440453339,22596.433519999144
0.246,1093.0,26566.999999999996
0.246,2203.292990049213,65181.610888347976
0.246,867.6204860154359,12041.98027769155
0.246,970.3092290605092,14932.98309113085
0.246,106.0,1192.9999999999998
0.246,1281.9945255196471,26208.645140201268
0.246,367.2406462949218,6234.99534741038
0.246,3499.999999999999,263028.99999999994
0.247,1177.0000000000002,20769.000000000007
0.247,517.7304939141598,7254.3070883401215
0.247,652.4606290936904,6901.616146113128
0.247,336.1547262794322,2167.385521775026
0.247,2342.6480742954113,60203.996337452554
0.247,1612.0000000000005,54425.999999999985
0.247,3499.999999999999,109575.00000000004
0.247,129.61095632700193,1132.9995586936475
0.247,555.0,7770.999999999998
0.247,214.51396430763015,2218.115366690368
0.247,544.4998469543493,4445.6320865735825
0.247,3499.999999999999,87859.99999999999
0.247,752.8465526397968,17862.05340646686
0.247,1119.6986201652658,17932.112396480225
0.247,1675.4103974847471,38574.97191184979
0.247,547.9306525464696,6756.278413446266
0.247,168.0,2490.0
0.247,708.3295012603141,12745.654977299559
0.247,1015.0,23737.999999999993
0.247,607.7779199674828,7344.515232471101
0.247,624.0518185589635,5245.063653047184
0.247,335.0,4546.000000000001
0.247,634.455419312943,10184.859023144512
0.247,1516.9588530666185,39420.35953410813
0.247,2065.550774006778,57587.47221401545
0.247,667.653946118613,12600.716148327947
0.247,1109.9549540409282,21680.331455030846
0.247,1065.9999999999998,22517.000000000007
0.247,637.1812928829596,4982.494957348176
0.247,467.1688857127732,8804.257032132426
0.247,782.0835502171324,6116.482109514257
0.247,458.8673346069623,7754.367121462515
0.247,2545.9772190654016,155511.1816558539
0.247,439.0501110351756,3428.693920430928
0.247,1494.118485905342,54396.868938836305
0.247,489.5913655484182,11216.856850699693
0.247,1477.8362561528934,33685.067789749235
0.247,1067.9999999999998,23656.000000000004
0.247,780.0743554303014,9481.807422638358
0.247,1388.9215240610254,32566.550155028694
0.247,3499.999999999999,60851.85497583455
0.247,1382.0,18963.0
0.247,1365.998535870372,29328.318226587766
0.247,452.2836604097138,5889.32549255843
0.247,436.816649973362,3981.8819144062077
0.247,1774.9999999999995,70424.0
0.247,2534.2651794948365,70187.07903880882
0.247,863.6602341198763,10210.003183153274
0.247,1110.0,17965.0
0.247,958.4231841937045,18447.545961455144
0.247,3499.999999999999,138048.99999999994
0.247,3499.999999999999,112687.99999999997
0.247,385.65414177523604,3284.274128219398
0.247,371.00000000000006,3672.9999999999995
0.247,145.0,162.0
0.247,3499.999999999999,203357.00000000006
0.247,1015.0,11893.000000000002
0.247,1050.0,22139.0
0.247,213.0,1741.0
0.247,1557.4957767363132,61474.99424751253
0.247,285.04790412570674,1793.3985139664446
0.247,728.4716878506672,6258.903258558965
0.247,666.5572264796958,11867.627337338774
0.247,3499.999999999999,110260.00000000003
0.247,2254.7579316132355,76583.91424320391
0.247,1531.9999999999998,27022.000000000007
0.247,1214.0976072787557,12766.962363851473
0.247,125.0,162.0
0.247,208.0,3183.999999999999
0.247,779.4538278097515,11101.14462093361
0.247,3499.999999999999,155104.0
0.247,1241.3529500868044,36815.95570944861
0.247,2343.7589036698787,80090.36082669755
0.247,1656.6911638373533,22027.084772722283
0.247,1330.0000000000002,28926.000000000004
0.247,3499.999999999999,134647.0
0.247,568.9412005547966,3449.378557254422
0.247,1281.8279915807739,12192.122087643322
0.247,2002.0,29250.000000000007
0.248,153.0,2003.0
0.248,386.1735361207446,5490.091893584294
0.248,989.0009650872198,24368.638210159894
0.248,283.6441432499533,4991.634001006083
0.248,1874.5666165810164,45268.097099392166
0.248,1230.9999999999998,20784.0
0.248,1923.7181548815065,62273.07644494281
0.248,549.923631061623,4089.36388696335
0.248,620.5052228579985,6930.156138624875
0.248,1272.9999999999998,15376.999999999998
0.248,2111.454863896385,82553.41147568104
0.248,2005.3677966896744,62001.966097858494
0.248,2653.9752844065238,97383.86986954993
0.248,1399.2793910560788,23586.163638819457
0.248,1131.6164507794574,14298.293466838177
0.248,421.14011920024905,1188.4233252507292
0.248,1071.0,18401.999999999993
0.248,477.90099079690987,2860.155257925212
0.248,526.6265743306026,3796.672669621062
0.248,1363.9999999999998,59368.000000000015
0.248,370.79657211937297,5391.605461516596
0.248,1174.2491217795316,27932.53667320604
0.248,1159.803870923436,22700.82179400429
0.248,1067.2392216943165,15246.658275433392
0.248,89.0,100.0
0.248,1165.9999999999998,23489.999999999996
0.248,1009.7691994893208,34273.961811388996
0.248,1541.4730605033776,42593.2656785321
0.248,1072.1115724909998,18349.981373614675
0.248,1000.4868814732154,22449.894431823057
0.248,1458.8268551881904,24366.16601403358
0.248,1218.3451891807997,40143.610724497616
0.248,1483.1312096322595,39960.177863331395
0.248,285.0,646.0
0.248,221.12519949475416,1622.3602135975461
0.248,3499.999999999999,90928.9790165929
0.248,1019.5984503715175,11285.398619455136
0.248,1161.0,13834.000000000005
0.248,1954.993606127652,57555.64854990341
0.248,502.8093389989293,7067.331670725884
0.248,1958.2382127733506,65296.93315954476
0.248,3499.999999999999,130239.99999999997
0.248,562.2386578563463,4848.417996658111
0.248,925.0000000000002,15794.999999999998
0.248,1146.9812552958308,33634.3213994277
0.248,1167.195537994509,36396.190269902945
0.248,1538.0092812873672,43913.07677812476
0.248,1205.0,23680.999999999993
0.248,3499.999999999999,115740.00000000003
0.248,617.5848611820252,11461.594461617915
0.248,415.9230427359439,4542.36045424634
0.248,670.1707443352119,12678.485274417972
0.248,1406.6039002588045,33414.904557570335
0.248,801.8141929399853,17500.477993472065
0.248,253.76169923769032,3207.562937808079
0.248,1333.4166640626627,33456.332928161726
0.248,3499.999999999999,174999.93757141737
0.248,963.2569750590958,9772.686426975952
0.248,1500.1485533655418,38355.45122934274
0.248,693.6879701998588,25592.153719450813
0.248,60.0,430.0
0.248,211.0,5613.000000000003
0.248,190.33059710096921,1255.5951937306606
0.248,1762.5760743784606,36870.34667275039
0.248,3499.999999999999,163698.99999999994
0.248,1190.0,20396.999999999993
0.248,929.7849213662266,34105.93115573888
0.248,889.1836871414802,25865.472973935386
0.248,1305.5780329034337,60104.915023648435
0.248,2056.0,39425.0
0.248,318.62203313644216,4265.969995206249
0.248,1307.4096527102738,19013.06498174347
0.248,440.01630793550845,1872.889561878404
0.248,1178.0,18714.0
0.248,1517.6158495909515,28023.671312989136
0.248,1046.5113472867838,21953.448931773783
0.248,944.9999999999999,25273.000000000007
0.248,1744.5330343290839,33816.46503141617
0.248,952.2945972754437,9642.738615144557
0.248,780.6568267535571,14566.163663886979
0.248,237.90043619294465,2348.514150514689
0.248,1074.7586934129292,18258.1030591442
0.249,1151.2215251635976,25457.997171812225
0.249,1014.0,6201.999999999999
0.249,1587.5648018269992,68228.18389785853
0.249,1832.0753259623364,61527.125725162885
0.249,1067.0000000000002,26376.0
0.249,2161.596632121728,49374.37432514967
0.249,768.104810556476,15092.698565862904
0.249,892.5743666496364,19439.567356296793
0.249,1303.0,25183.999999999996
0.249,463.0,8426.000000000004
0.249,1109.5373612433348,19286.94420252143
0.249,209.0,5488.999999999998
0.249,169.0,191.0
0.249,1089.1905251148667,27068.967693652456
0.249,1131.0,25346.0
0.249,799.0294112233915,12725.954581091346
0.249,414.62494590238526,4387.9212612944175
0.249,1255.0000000000002,20945.999999999993
0.249,673.3164901617321,7572.036883456366
0.249,3499.999999999999,289946.0
0.249,1193.9999999999998,12226.000000000004
0.249,1121.6339501310338,32151.85364253723
0.249,975.956966264394,38471.83526945394
0.249,789.8368088132628,12099.235268928265
0.249,1668.3637025661228,37576.71514619633
0.249,754.0961070025722,11282.836332924844
0.249,1214.8446627303724,16406.91762774831
0.249,1671.0,29943.99999999999
0.249,3499.999999999999,123616.00000000003
0.249,1024.6701908419118,25974.101408903458
0.249,2053.4636666253837,54066.03051223103
0.249,768.1715767011272,15720.636332764298
0.249,1065.9981238257415,12410.276386930302
0.249,716.0000000000001,12959.999999999995
0.249,1009.0,25585.999999999996
0.249,1914.0000000000005,47506.999999999985
0.249,1479.0,17233.0
0.249,1651.1324624340573,33494.03935404717
0.249,1140.5060280419393,20031.06956705009
0.249,589.7165950406107,6777.895250694577
0.249,805.6531511761126,8726.005615400438
0.249,3499.999999999999,141554.99999999994
0.249,715.6548492243669,8797.135912294838
0.249,2179.769635899757,76880.2490293224
0.249,1252.2340036910034,27453.81576393344
0.249,930.7110185229355,11689.971385764813
0.249,1300.0,36527.0
0.249,1009.0,24907.000000000007
0.249,1959.8716043071402,46038.017434989415
0.249,653.0834556165086,10351.907650283592
0.249,956.5389980216121,14013.87734615745
0.249,798.9999999999999,11221.000000000002
0.249,1148.2830661470193,17004.615785133155
0.249,531.7894320123334,3345.551374586855
0.249,1388.1820686786828,35331.6766508749
0.249,496.0,34698.99999999999
0.249,62.0,637.9999999999999
0.249,369.0189697021009,1242.1425039020285
0.249,1226.515416637833,37328.72139120894
0.249,463.0,11617.000000000004
0.249,1119.0035746144868,28887.954929347292
0.249,415.00000000000006,9983.000000000002
0.249,70.77798798615488,124.78448196269302
0.249,111.00000000000001,112.99999999999999
0.249,467.6807487382474,5228.3853672281875
0.249,801.0304043470954,11431.948271955123
0.249,200.08748086774446,756.1911134098312
0.249,602.0,5182.999999999999
0.249,1134.1450524514046,33280.28368268514
0.249,1932.0000000000005,53837.99999999998
0.249,1597.0000000000002,29058.0
0.249,702.669797652519,19134.24926466758
0.249,1205.802109391398,16673.718083081967
0.249,269.8925712204766,4165.234687265533
0.249,1558.0,64597.000000000015
0.249,865.2844812561602,15371.0174869721
0.249,3499.999999999999,100641.6864872603
0.249,1405.1688064721197,37391.399945479425
0.249,496.0,2593.0
0.25,1069.3082240047158,12751.795629317126
0.25,64.0,525.0
0.25,1708.9426555622044,28686.712516424745
0.25,1261.9429464123962,36812.06283271831
0.25,1497.9999999999998,43456.000000000015
0.25,109.00000000000001,1190.0
0.25,492.0,5228.0
0.25,277.3842100769256,2048.299782746657
0.25,1050.9999999999998,26559.999999999993
0.25,503.63090260213903,14832.521933062682
0.25,1094.0749517286279,28025.546988417558
0.25,1169.6727114353534,16456.955817878676
0.25,759.0,20210.999999999996
0.25,1190.0,11430.000000000004
0.25,593.2151488575776,10753.039179474876
0.25,692.0000000000001,21949.00000000001
0.25,958.3240049568774,19427.383589644647
0.25,205.363093081498,1677.930868659374
0.25,309.21675245691335,6810.3905174373085
0.25,1518.9490946859992,35604.55397077066
0.25,763.2922114105448,9388.024499328918
0.25,743.503236065553,14037.68100951946
0.25,1050.9999999999998,25062.000000000007
0.25,3499.999999999999,96522.99999999996
0.25,1476.9999999999998,40306.0
0.25,560.0,21131.999999999996
0.25,130.7440247200613,1434.7522434204454
0.25,1095.3006341872947,16896.350451060123
0.25,604.3653185222441,13094.342858445125
0.25,1929.9999999999998,20878.999999999993
0.25,1283.7445181437304,24032.174992192453
0.25,2203.292990049213,42520.52854798492
0.25,2364.2123424092006,61170.73628786892
0.25,1419.6470143577374,46588.86129406207
0.25,579.6507569217865,5952.447563817764
0.25,1696.9245710991397,48959.06954793975
0.25,793.0603252091189,12463.667967378347
0.25,1344.3880129747647,35174.172522550296
0.25,1412.368627398572,29728.132052529993
0.25,1394.167831424706,33719.13546942227
0.25,278.0575480004094,2920.6382864024777
0.25,1155.9999999999998,61807.00000000001
0.25,1271.3205732623062,31599.02314945829
0.25,1504.140618426349,30760.725349055105
0.25,831.1784230995928,11002.048200899624
0.25,1023.0,12367.0
0.25,296.4793416074719,2998.9528172347077
0.25,1597.0000000000002,29109.999999999996
0.25,1012.9999999999999,14661.999999999995
0.25,1355.0000000000005,23897.000000000007
0.25,1279.6022819610787,18566.333186711923
0.25,625.7075994424233,4723.511617430406
0.25,1992.2349259060795,79166.70205964117
0.25,1471.0,24503.000000000007
0.25,313.99999999999994,6048.000000000001
0.25,62.0,558.0
0.25,737.0,15765.000000000004
0.25,1103.886033516208,25489.42817682555
0.25,258.62327814796566,1454.0539879935682
0.25,2080.672666745023,103201.761522525
0.25,896.9999999999999,16868.999999999993
0.25,670.6228448241233,18547.62513099723
0.25,334.8626584138637,4877.590388706291
0.25,1207.0000000000002,52322.000000000015
0.25,433.4916377509491,5216.744962138749
0.25,75.33923280734946,908.6831130817827
0.25,3499.999999999999,126767.00000000003
0.25,388.0,3368.0
0.25,64.0,580.0
0.25,379.6445706183614,4796.488715716946
0.25,1730.5554594970627,30355.369724553973
0.25,3499.999999999999,195211.00000000003
0.25,1117.405924451808,14818.409732491546
0.25,898.9549488155676,15177.562847835623
0.25,1183.9999999999998,38873.0
0.25,1073.9999999999998,25446.000000000007
0.25,223.62186415147085,831.3971889733866
0.25,535.7238094391548,3300.340891483788
0.25,588.9999999999999,1745.0
0.25,1034.9999999999998,10280.000000000002
0.25,418.052628265868,1722.1071395241356
0.251,1413.9289232489732,19506.620799103068
0.251,3499.999999999999,63214.00000000001
0.251,459.0,8720.999999999995
0.251,1947.8192934664132,33345.82432629311
0.251,293.00000000000006,6868.000000000001
0.251,677.0,9499.0
0.251,1041.0,8793.999999999996
0.251,3499.999999999999,210247.38415495216
0.251,1219.0000000000002,17327.000000000004
0.251,265.86838849325426,3856.9500904211864
0.251,472.0,3449.0
0.251,799.2008508503977,16070.270003954505
0.251,1142.0,33786.0
0.251,1358.5120536822633,19651.94601050999
0.251,631.0973110160796,7465.836787779098
0.251,1253.568234761757,26003.70025084049
0.251,3499.999999999999,245791.0000000001
0.251,2425.5927110708417,54973.342630769665
0.251,771.3624310270757,12213.797443874691
0.251,1157.095693547323,20754.29430762912
0.251,166.0,202.99999999999997
0.251,684.6312876286038,11930.305528359275
0.251,1326.0000000000002,32520.000000000015
0.251,1780.0,32931.0
0.251,1358.7317616071248,44646.53994432266
0.251,1670.0000000000002,24954.999999999996
0.251,344.620080668553,7057.649041996915
0.251,1341.9999999999998,30943.999999999993
0.251,1555.0,40380.00000000001
0.251,85.0,1467.0000000000005
0.251,2092.0,18917.999999999996
0.251,1034.9999999999998,26908.999999999985
0.251,92.8654941299512,375.8324094593227
0.251,3499.999999999999,218040.3475988127
0.251,1219.4937474214453,26953.36005027943
0.251,1917.9416049504741,70289.98780765294
0.251,1660.0045180661407,55677.160416098806
0.251,1009.0,14346.999999999995
0.251,1265.0000000000005,19248.000000000007
0.251,1080.0,31229.99999999999
0.251,322.99999999999994,940.0000000000002
0.251,2025.886580233032,127110.285066236
0.251,1093.0,12962.000000000004
0.251,3499.999999999999,177624.99999999997
0.251,1510.9999999999998,32206.999999999993
0.251,966.4034728326309,15299.89097091715
0.251,3499.999999999999,133876.00000000003
0.251,1711.3173392611416,44583.6659472083
0.251,783.3259354526213,12645.429284871849
0.251,1145.8931272019554,25107.698348487418
0.251,1430.4347708930247,22899.24949521215
0.251,1116.4710694858313,18107.544308394954
0.251,1342.559432213384,32906.71016569311
0.251,2328.043572516534,56519.093630731535
0.251,1235.4577283161761,27972.08034439289
0.251,3499.999999999999,116396.0
0.251,659.4982941600381,3618.442206253956
0.251,333.89519313700816,1093.1084118238227
0.251,1268.8084961884515,30227.639371939073
0.251,1386.177247842307,34069.83262921204
0.251,1022.9041988377992,25359.953253111486
0.251,2543.9143067328346,114081.73783739447
0.251,1171.0,69823.99999999999
0.251,359.31195743555804,1275.708256397994
0.251,487.0,8492.999999999998
0.251,1073.0,18549.000000000004
0.251,3499.999999999999,242067.5445717579
0.251,952.5949368514214,12888.274267891442
0.251,439.04795288729935,4831.222975428677
0.251,277.5315386005098,1915.3471220136694
0.251,1207.1159844853355,39387.78386759021
0.251,3499.999999999999,277177.9999999999
0.251,1149.0,27561.000000000015
0.251,3499.999999999999,212368.00000000003
0.251,3499.999999999999,111889.99999999999
0.251,1779.4999226435993,53239.80324289812
0.251,1009.0,23449.0
0.251,501.0464749191472,4379.645609796852
0.251,2099.1665012571057,40384.335081811085
0.252,1416.0,42275.999999999985
0.252,270.0,6182.000000000002
0.252,588.170073613606,5597.57410074112
0.252,1340.4887168491948,23280.189990633666
0.252,416.7786897370748,2580.9752127288016
0.252,76.0,699.0000000000001
0.252,710.2338117731235,13478.30091116883
0.252,255.33311575273584,2747.1905649226455
0.252,835.0,20958.000000000004
0.252,3499.999999999999,59932.00000000001
0.252,258.70380514449533,1606.1563545964368
0.252,172.0,3246.0
0.252,1551.9999999999998,40391.0
0.252,789.7676873612897,13059.788665977714
0.252,470.09201910370297,6743.425592111005
0.252,205.48479262466114,4009.830295660902
0.252,141.0,159.0
0.252,579.6085845039335,9811.019550068268
0.252,502.8976038916869,3289.3297189549126
0.252,734.800224985607,7880.322927849795
0.252,3499.999999999999,112967.0
0.252,1036.3985719789468,13396.07797080922
0.252,1583.0000000000002,24536.00000000001
0.252,718.9649189174563,7101.225102092983
0.252,447.63377888626775,3572.2404734284064
0.252,919.8505313364776,17561.14589085804
0.252,1281.9999999999998,12870.000000000002
0.252,2030.8229239624684,47980.21936789593
0.252,246.0,1964.0
0.252,626.6464652002993,7845.083649681344
0.252,244.5117584084659,989.6317496927836
0.252,294.5335295004628,3537.108847632486
0.252,1458.4495407685265,33335.811352234115
0.252,430.459900948744,7218.81425334247
0.252,601.4507885717239,12564.062421238488
0.252,70.0,90.0
0.252,364.6916505762093,1930.0129533244065
0.252,1252.2585162922956,14024.728115069578
0.252,525.8326730053963,3480.603395964556
0.252,1261.0,21174.000000000007
0.252,1072.0,16353.000000000004
0.252,789.3034904268445,6139.919787749676
0.252,258.1275734685495,4919.644164782223
0.252,1376.0,51059.00000000001
0.252,885.3677172170304,20011.008896378156
0.252,1090.0,8540.999999999996
0.252,1031.8599711201127,18770.48608853803
0.252,930.0000000000001,6800.999999999999
0.252,1209.446981062006,27041.949633855926
0.252,1411.5353343080005,30040.285468017766
0.252,418.839089691783,5811.830702791187
0.252,425.53705577530377,3971.4695887693515
0.252,1177.0000000000002,34909.00000000001
0.252,2169.6773953747133,64150.45016209941
0.252,521.8192666086096,6187.409583158037
0.252,1106.0000000000002,24023.999999999996
0.252,3499.999999999999,135260.9999999999
0.252,1245.0,21052.999999999996
0.252,894.0100201580792,12006.333126721569
0.252,685.006569311565,14229.277037151252
0.252,1456.0,42666.99999999999
0.252,297.9395911925772,2490.2662508254016
0.252,1972.0,95889.0
0.252,1093.0,21080.0
0.252,962.7146834483688,18720.745459244416
0.252,177.80888616714293,1108.5833302012077
0.252,216.0,966.9999999999998
0.252,3499.999999999999,83410.13143497617
0.252,197.96671548795007,1268.7829885604317
0.252,187.0,391.0
0.252,1257.041765415931,52309.543106396995
0.252,161.0,1340.0
0.252,479.0,6231.999999999998
0.252,910.0,14069.0
0.253,1515.0000000000005,50693.000000000015
0.253,865.9915878692242,18879.063767234617
0.253,1414.8141220669238,37768.858269743854
0.253,1219.0000000000002,25542.000000000007
0.253,1007.4988833740709,16126.047314825797
0.253,1300.1922934704698,54018.159215212094
0.253,719.9812062632699,11005.400019156175
0.253,117.0,137.0
0.253,227.0,3797.9999999999995
0.253,925.0000000000002,20508.999999999996
0.253,677.1262806892079,8583.124431114811
0.253,291.2026785591094,1073.996741149618
0.253,66.0,627.0
0.253,931.4677569023166,16060.020389360534
0.253,1655.6503254008685,57766.6370061474
0.253,277.0523416251882,4338.418490648407
0.253,528.6009837296939,6134.235404677589
0.253,509.29406367072414,4023.356913867449
0.253,614.2241256855092,3354.929200659175
0.253,1093.0,18658.999999999996
0.253,2543.9143067328346,115210.05238693365
0.253,1081.2218156973834,21172.22872307335
0.253,1852.6240849130727,30783.904658116382
0.253,494.00000000000006,15988.000000000002
0.253,1383.0333053618401,40381.95914159562
0.253,341.20961299471037,1711.6649789021217
0.253,1035.9999999999998,25639.00000000001
0.253,1088.0000000000002,14204.0
0.253,508.51336250316416,3195.123066698814
0.253,837.1735019470741,6318.361810071064
0.253,1168.0000000000002,21218.999999999993
0.253,853.5322583453516,13654.143077045717
0.253,1049.9986237420298,24038.99201710874
0.253,827.5546158918102,21432.052443397242
0.253,1456.0008937371238,48336.257656639806
0.253,1426.5780735732621,41482.84732271884
0.253,801.0,19100.0
0.253,600.416522091123,6874.261414872147
0.253,1075.2209075348192,16333.942298171623
0.253,858.7770374200746,7587.811344518261
0.253,1147.0,21929.000000000004
0.253,933.0552116328834,12290.173209494098
0.253,3499.999999999999,289547.0000000001
0.253,348.10199654698914,2475.973142019113
0.253,549.8517440623149,10477.457609296143
0.253,518.6921498610106,7203.868034719671
0.253,3499.999999999999,106060.00000000001
0.253,2021.8803129760179,78088.91305428698
0.253,3499.999999999999,133490.00000000006
0.253,1473.4666052445136,43404.83481543239
0.253,240.0,467.0
0.253,220.35199114144626,2993.6933710719277
0.253,391.0,2538.0
0.253,1252.4815367900637,21881.24402313544
0.253,1119.51464443693,22400.28434697513
0.253,1111.5462203615286,15148.350141186993
0.253,1211.9488438048863,40540.35188549802
0.253,1633.0000000000002,38314.999999999985
0.253,831.4273595959623,11609.540326197452
0.253,1846.0,42171.0
0.253,2006.9999999999998,103682.0
0.253,1042.497002393772,24671.827455622337
0.253,1690.1134337922003,49505.38019157158
0.253,3499.999999999999,275943.00000000006
0.253,1575.9995001713032,36867.7227221094
0.253,375.1696015048704,1762.6248325646454
0.253,3499.999999999999,53569.000000000015
0.253,778.1503400294978,6543.846865855825
0.253,1286.9498824740615,18393.295735131334
0.253,1750.0000000000005,35184.0
0.253,591.0,7297.0
0.253,839.0,7604.000000000002
0.253,840.9999999999999,10447.000000000004
0.253,1350.9999999999995,44729.000000000015
0.253,161.0,219.0
0.253,1303.6928319201577,32670.816702372154
0.253,353.5621855100669,2501.6439693755815
0.253,1917.9416049504741,46844.57463783826
0.253,696.7598570183385,11131.592072096279
0.253,2233.8089732571234,85010.33835215551
0.253,1156.174294818908,27157.642607560767
0.253,1135.0,11843.0
0.253,532.6753232504767,13399.44868268841
0.253,1135.0,30743.999999999993
0.254,888.666639404639,15292.900138326499
0.254,1069.9999999999998,19569.000000000007
0.254,1866.145760652152,31770.715383824783
0.254,2353.3827847592743,91435.4577022369
0.254,1102.6996621372896,14342.102137087599
0.254,1111.0,18450.999999999993
0.254,1567.8163157717165,26770.24871008859
0.254,351.41143976825805,5680.399985916485
0.254,713.0,5793.999999999998
0.254,1043.4198579670604,29763.41697453435
0.254,1770.2698366103523,42919.78542788227
0.254,1077.0000000000002,92149.00000000001
0.254,1152.6014055171022,26924.76406581867
0.254,163.0,2131.9999999999995
0.254,60.0,605.0
0.254,1053.9999999999998,33476.99999999999
0.254,349.86586985463305,1960.854461048817
0.254,715.3969465220619,12849.151363505931
0.254,3499.999999999999,98717.00000000003
0.254,247.00000000000003,389.0
0.254,177.44858410255065,382.8903237220811
0.254,1258.0000000000002,21191.999999999996
0.254,1125.0000000000002,25925.999999999993
0.254,1157.8876145785437,20413.112372286578
0.254,3499.999999999999,185449.99999999994
0.254,675.5954537133937,4907.242579705224
0.254,611.2799726815115,6812.775594334774
0.254,444.00000000000006,1021.0000000000002
0.254,1128.6726717698095,19572.912021464766
0.254,1364.551208273255,42745.82660330711
0.254,291.0710249469103,4009.01324003379
0.254,350.5624052861345,4840.001033057741
0.254,1180.0,17911.999999999996
0.254,305.90194507390754,8179.006785667806
0.254,211.77921419299238,1409.0630362827658
0.254,767.3732255319686,12911.148189571972
0.254,566.2545605007385,10500.229556112057
0.254,1036.7468350566594,13466.073221247541
0.254,239.0,2574.9999999999995
0.254,555.6563981384563,5372.293652738669
0.254,453.0,4100.000000000001
0.254,1162.9789336011206,34626.79563575009
0.254,372.61239914957196,1952.154194729504
0.254,1071.0,8501.000000000002
0.254,288.0,877.9999999999998
0.254,431.0053652970427,6588.296098456415
0.254,1175.0000000000002,16903.99999999999
0.254,1074.0524368842748,24014.665805514487
0.254,811.7123874870952,16686.824772855984
0.254,56.99999999999999,71.0
0.254,3499.999999999999,122021.0
0.254,1005.0000000000001,21011.000000000007
0.254,653.3546338215568,12280.577933930106
0.254,983.012474715494,14229.540755342592
0.254,1359.8992609748714,22429.01000936064
0.254,610.1918951943408,5190.955192884425
0.254,616.960290456363,9458.378613694842
0.254,1567.0508539744028,33497.788197125075
0.254,1109.0716838870248,26159.612898512085
0.254,1219.0000000000002,30870.0
0.254,1261.0,24266.000000000004
0.254,418.51578347929205,5406.240592912229
0.254,1390.1431580955973,10045.112045169028
0.254,1484.7986707980137,26450.42000222052
0.254,1070.856265127201,16880.88434606397
0.254,1063.5266804363675,22959.881707012337
0.254,561.6810711275931,8559.878474819465
0.254,532.102044796631,4558.732909172891
0.254,129.4024729284568,176.74840876228558
0.254,3499.999999999999,173358.99999999994
0.254,476.9696007084728,11409.493678511766
0.254,991.9536279484034,28522.5267113557
0.254,1175.0000000000002,55220.00000000003
0.255,510.00000000000006,2269.04164792099
0.255,3499.999999999999,147432.9999999999
0.255,177.67667263881324,1050.5103521622243
0.255,541.2245375073086,6097.745567010809
0.255,406.10539863505284,8986.42351840086
0.255,84.0,108.0
0.255,1009.0,13862.999999999995
0.255,1370.3403559883225,29074.700307835526
0.255,355.05983253893396,4297.82570284208
0.255,623.6537137473406,5652.509734299574
0.255,691.5876215595965,13753.110974779176
0.255,1201.7893245866287,22026.417835077307
0.255,65.0,634.0
0.255,1180.2542099056457,50315.10230537149
0.255,3499.999999999999,228105.99999999994
0.255,2163.7838056175747,51753.554465757785
0.255,1284.2843193872086,26327.695547306233
0.255,1045.0,23161.0
0.255,1542.6276284314367,43607.47152725092
0.255,200.99999999999997,2424.0
0.255,603.9999999999999,10291.000000000002
0.255,420.7999179175101,3690.3484867889615
0.255,854.8350718121009,10435.46568199043
0.255,1649.0000000000002,27948.999999999996
0.255,288.556753516531,3907.682433361236
0.255,1027.0,23272.0
0.255,616.0000000000001,7015.999999999998
0.255,613.738543681265,6000.80244633999
0.255,289.5427429586174,1328.969525609974
0.255,1255.980362317547,29524.777728326324
0.255,615.6264091458552,8438.477868805547
0.255,949.6420378226736,22448.128207046568
0.255,1473.9999999999998,38064.999999999985
0.255,1619.0000000000005,29883.0
0.255,1427.9999999999998,37848.54168921176
0.255,105.28057750601485,1111.9226591809343
0.255,1763.0782739288695,25495.358283420923
0.255,570.5260730238364,5720.93174229513
0.255,413.99999999999994,7469.999999999999
0.255,1435.7924641117181,38644.92432390056
0.255,1063.0000000000002,41111.99999999999
0.255,1716.0000000000005,41910.00000000001
0.255,466.0000000000001,3038.0
0.255,204.1966577257674,1426.5039071999104
0.255,843.03024856763,22737.394045932364
0.255,242.90734668153974,3093.266340030404
0.255,733.0443369947005,13923.000682324195
0.255,1009.0,16956.000000000007
0.255,899.0775131451832,10575.986899794994
0.255,963.8723981938688,24190.882600682427
0.255,942.8679653058534,20334.784877150785
0.255,808.5493182236938,9321.787650445598
0.255,1873.9999999999998,51799.999999999985
0.255,1274.7329132018208,19774.469904399455
0.255,322.77265866281687,3046.2210028275204
0.255,1034.9999999999998,30005.00000000001
0.255,2639.7916584457953,165502.20132977085
0.255,1917.9416049504741,52739.05945312264
0.255,184.0,2347.0000000000005
0.255,343.74990909089706,6792.501380198608
0.255,1547.0000000000005,38259.99999999999
0.255,3499.999999999999,191040.0000000001
0.255,68.0,95.0
0.255,92.96310248630806,218.26456950472735
0.255,1029.7859000782637,27270.890212825823
0.255,1074.9999999999998,36426.99999999998
0.255,61.0,450.0
0.255,1678.9999999999995,55205.00000000001
0.255,749.0000000000002,11596.000000000004
0.255,630.2999286054219,11383.95449744947
0.255,1046.0,14205.000000000002
0.255,380.0,3060.0000000000005
0.255,1132.7832978994704,25593.15355715274
0.255,109.00000000000001,1047.9999999999998
0.255,92.3038460737146,986.6306299725342
0.255,497.0,2408.9999999999995
0.255,1252.1685025685574,29278.576159672997
0.255,3499.999999999999,223776.9999999999
0.256,245.92681838303037,758.3600727886454
0.256,3499.999999999999,141976.99999999994
0.256,862.3299358038205,22442.22090869275
0.256,1087.9885109687507,22788.394985167342
0.256,562.6211571119215,4409.003729318591
0.256,1214.0000000000002,15998.000000000002
0.256,1339.8086882073253,22143.50663524453
0.256,205.95788091661248,960.1598265435794
0.256,846.5037472154215,9584.155522114832
0.256,1332.701391910431,59402.05125246098
0.256,1946.9999999999995,34171.00000000001
0.256,883.0000000000002,21986.000000000007
0.256,3499.999999999999,115450.00000000003
0.256,860.2825117366967,17308.96964004502
0.256,1603.089019365803,55325.233931202674
0.256,1306.9047402163633,18837.199579555334
0.256,1610.08281147545,23063.16767438573
0.256,1480.6670685635631,24182.71905947093
0.256,636.0,3997.0
0.256,895.3975099676871,11918.588227120214
0.256,3499.999999999999,187220.00000000006
0.256,1213.0000000000002,23804.000000000007
0.256,1483.7930742928918,45901.96331749259
0.256,1584.490154784508,47076.154440681545
0.256,552.2861577117427,4368.006181314309
0.256,1259.0000000000002,44261.00000000001
0.256,1009.0,34363.00000000001
0.256,1064.0000000000002,9447.000000000004
0.256,1982.548864467153,31021.39155486098
0.256,2308.02946255025,66861.9449911532
0.256,368.99999999999994,4974.000000000001
0.256,350.8532456740282,1988.5964899898624
0.256,1055.0,22661.0
0.256,645.6181034740835,11603.809226898617
0.256,1067.0000000000002,16792.0
0.256,1331.2152342878292,22778.318375156676
0.256,1274.9999999999995,9430.0
0.256,497.07142343932827,2100.759862525939
0.256,60.0,405.0
0.256,1403.8796244692774,21013.920291083235
0.256,1016.2135602322966,12462.5589667612
0.256,1403.453597380405,33568.12689144273
0.256,710.331736829213,4740.262073960433
0.256,574.7354548666859,12664.479687576953
0.256,652.8016544096683,6847.577454837584
0.256,63.0,522.0
0.256,1925.6871218833876,46499.58866814685
0.256,208.5497542554294,2159.2961816295606
0.256,1301.5375522819152,46263.97447258503
0.256,682.2756041366274,6351.681667086284
0.256,97.0,1000.0000000000002
0.256,253.04332194220137,3399.215287530749
0.256,912.0597568142124,14345.84957400572
0.256,1083.0,19543.999999999996
0.256,98.0,1131.0
0.256,1056.0,19331.999999999993
0.256,1093.0,15512.999999999996
0.256,340.0,4047.0000000000005
0.256,143.0,151.0
0.256,289.6768854662007,997.360898604143
0.256,1589.1122109003172,30861.561516402424
0.256,424.5279731654912,13725.088524304687
0.256,2169.6773953747133,79259.02365030744
0.256,1223.0,12487.000000000005
0.256,519.9538441054168,10999.129965592736
0.256,1363.9999999999998,24736.00000000001
0.256,143.68716017793656,623.031299374277
0.256,151.57836257197135,1519.9671049072083
0.256,1045.0,13176.0
0.256,1294.0,18278.999999999993
0.256,1001.2423939117683,20264.014112194207
0.256,92.0,102.0
0.256,289.11935251726055,4593.201497866166
0.256,357.5499965039854,2956.051420391736
0.256,2656.9719607101606,109888.29280683179
0.256,1145.0668102778982,28855.88640121805
0.256,535.1252189908452,3727.9761265330017
0.256,752.9999999999999,5240.0
0.256,297.12623579886036,1354.454502742709
0.256,1004.4939024205174,24999.456474091596
0.256,3499.999999999999,262628.0
0.256,474.9052537085687,10514.848310841202
0.256,1511.4276076578838,30232.494516544797
0.256,853.0822354193836,14409.976356177975
0.257,480.25018123511575,7637.890689944882
0.257,639.244838471918,18332.096551960065
0.257,847.2001898346384,8044.161286120134
0.257,1583.9999999999995,80658.00000000003
0.257,554.9774770204642,4266.681614557148
0.257,1003.9999999999998,43573.99999999999
0.257,1151.0000000000002,84764.99999999997
0.257,1960.0000000000005,63797.0
0.257,3499.999999999999,37286.0
0.257,271.1235880553368,1057.8279633286315
0.257,2686.0505975834926,98611.96278946033
0.257,3499.999999999999,118161.00000000003
0.257,221.12213819516126,3691.6142810429155
0.257,2070.6279240848653,47346.70209212041
0.257,3499.999999999999,116073.0
0.257,702.0306261125648,22572.38033526813
0.257,1555.0,41571.00000000001
0.257,211.0,389.99999999999994
0.257,640.2237108556592,5492.234836806515
0.257,423.70167455981715,5136.808442407575
0.257,1181.1921943528068,24464.788778977832
0.257,590.0999915268598,10538.5943085404
0.257,701.6152787781548,8890.088488939786
0.257,1626.0000000000002,26020.00000000001
0.257,397.9371970633367,3052.377308303226
0.257,152.24979474534604,2130.104222802256
0.257,1335.3182425242157,35331.36588519385
0.257,1953.2024984624609,41517.53463297164
0.257,339.7646244093107,6649.298835215636
0.257,1266.050729624939,26858.040126265474
0.257,947.9384659211449,11848.41123114691
0.257,1096.8611206547776,29017.50585508783
0.257,802.443052606321,26409.27956441018
0.257,831.9131365799228,8576.039898161092
0.257,344.1467710149262,1752.3184642067777
0.257,655.6172663986207,18243.895307746094
0.257,644.7209497386942,13266.233121158177
0.257,749.9674059909352,18928.288452772482
0.257,1225.0444889880532,26522.504218116348
0.257,1324.0000000000002,57611.00000000002
0.257,1010.0,15207.000000000005
0.257,374.1764289743542,2600.919645048652
0.257,3499.999999999999,156128.00000000006
0.257,749.0654177039546,8339.965467554413
0.257,901.6604367844615,17394.91382577068
0.257,501.0,3620.000000000001
0.257,937.1402447804011,13897.847322352694
0.257,1345.0,62857.00000000001
0.257,1155.777227669762,17613.794594010684
0.257,797.0000000000001,41869.00000000001
0.257,1002.9999999999999,21332.0
0.257,565.0000000000001,5635.0
0.257,293.1569545482419,2591.051909939282
0.257,1103.0,22350.000000000007
0.257,1339.267585567128,29902.57404930756
0.257,1274.9999999999995,46598.99999999999
0.257,227.71912523984454,2786.2921598425382
0.257,1599.515718283983,41924.609083609015
0.257,43.0,836.0000000000001
0.257,446.8959610468638,2491.187668562928
0.257,1174.0,17709.000000000004
0.257,1093.0,16563.000000000004
0.257,1764.9999999999998,50122.000000000015
0.257,393.66047347315015,10990.291710269039
0.257,3499.999999999999,222477.99999999994
0.257,552.29494516483,7102.175158452125
0.257,1034.8498977169668,13431.329074019533
0.257,436.6507867431352,9110.77796604024
0.257,1393.7359864766352,21577.08437208327
0.257,154.07141201403977,566.793613231483
0.257,142.91256067959876,573.5337827887735
0.257,842.3347271914234,8493.144761809846
0.257,254.38649902640776,1725.2521370572786
0.257,94.0,1045.0
0.257,919.9550105239149,21069.01613035737
0.257,1029.1964952881226,23793.842956351662
0.257,266.0,7291.000000000001
0.257,684.9999999999999,15600.0
0.258,957.5704290487877,11082.616242661967
0.258,1402.0000000000002,33495.999999999985
0.258,516.9845258806108,8355.61110871012
0.258,1129.5590165882907,17776.2955656424
0.258,430.4184010936336,6581.572152609134
0.258,1340.9999999999995,34445.00000000001
0.258,1058.300524425836,19965.942877810692
0.258,797.0000000000001,9128.0
0.258,410.07316420365765,2138.8913015859416
0.258,1272.988609532701,46404.66669420222
0.258,2698.1475126464084,44459.098821276166
0.258,965.0000000000002,25259.999999999996
0.258,1441.0000000000005,43377.0
0.258,303.49629322283334,3411.506998380629
0.258,1288.4952464017865,22569.452341605447
0.258,93.8669270829721,276.1521319852519
0.258,699.1523439136851,7393.908844447567
0.258,798.9999999999999,14071.999999999995
0.258,1107.7770533821329,37742.6826020621
0.258,113.99999999999999,846.0000000000001
0.258,928.0000000000001,17709.000000000004
0.258,860.1194173455023,10050.003080134036
0.258,67.0,720.0
0.258,108.0,888.0000000000001
0.258,796.0000000000001,13227.999999999995
0.258,1361.0,32008.000000000004
0.258,1000.9999999999998,11346.0
0.258,1764.9999999999998,43023.999999999985
0.258,878.7091801570657,9345.37178169917
0.258,562.0,15085.000000000005
0.258,1229.0,17235.0
0.258,545.4590302661554,8036.751939095403
0.258,1119.9999999999998,25619.99999999999
0.258,913.3936719728249,9182.751221719987
0.258,3499.999999999999,148986.03377498177
0.258,591.0,3796.0
0.258,1270.0,39214.00000000001
0.258,774.2874143365626,9280.593461627332
0.258,369.5619027984351,1885.7507788676646
0.258,1272.8198207753398,26683.36710591301
0.258,783.6777094734579,8020.539095901037
0.258,1161.6585964522567,15352.096657577593
0.258,1612.4707764669556,41447.05303211383
0.258,1079.2451065443845,33767.53571109387
0.258,2089.138578457638,64388.94655917269
0.258,3499.999999999999,155812.99999999994
0.258,1103.9999999999998,26273.000000000007
0.258,554.5542073981059,7238.387054091021
0.258,653.0,7345.999999999999
0.258,196.69026369482165,2350.1954782918133
0.258,1149.9999999999998,32142.0
0.258,3499.999999999999,116654.99999999996
0.258,1302.0000000000002,25087.000000000004
0.258,640.0219719019218,9428.29067885325
0.258,145.0,261.0
0.258,3499.999999999999,186035.00000000006
0.258,955.86509588103,15940.403683752334
0.258,844.9999999999998,9546.999999999998
0.258,1177.0000000000002,25274.0
0.258,902.968437986622,12217.289388403635
0.258,575.2397739768357,4243.529018732763
0.258,939.9734038790668,21272.969374302225
0.258,1248.9999999999998,23836.999999999996
0.258,1643.0000000000002,75505.99999999999
0.258,220.41248371598022,1708.3673894830174
0.258,599.3896896010141,9852.255782306907
0.258,57.99999999999999,472.0
0.258,1957.6771950451885,22149.608303534405
0.258,1613.9999999999998,69191.99999999997
0.258,2133.072900770154,80231.42280303892
0.258,1463.0,10928.0
0.258,2048.0,75421.00000000001
0.258,314.6871462262162,1164.6956684044123
0.258,788.3520787059548,16337.097110564042
0.258,839.310431246985,13020.415277555483
0.258,964.613929163483,14767.103007645514
0.258,1203.0,24337.000000000007
0.258,127.0,135.0
0.259,518.0,11086.000000000004
0.259,1226.9999999999998,40951.000000000015
0.259,730.5060418207812,8883.665269491034
0.259,61.82232606429493,123.08939840619905
0.259,1422.9999999999998,27958.999999999996
0.259,1009.0,71416.99999999997
0.259,118.0,1639.0000000000005
0.259,840.7170596709117,15714.647121060372
0.259,783.9999999999998,10316.000000000004
0.259,850.3928503932755,17624.223387145317
0.259,1213.0000000000002,20727.000000000007
0.259,798.9999999999999,21533.000000000007
0.259,1467.5138840910502,33123.50618518518
0.259,81.0,99.0
0.259,1219.0000000000002,9158.000000000002
0.259,525.9961977048883,11620.451798445705
0.259,334.1077670453053,4269.224285511363
0.259,1885.2739718154623,54224.70417119205
0.259,1203.346350809695,27428.38560511506
0.259,297.0375084417474,1234.6468667506063
0.259,1406.9246218255962,31420.96237162707
0.259,958.9999999999998,15068.000000000004
0.259,1630.9999999999995,33365.0
0.259,1050.9999999999998,20121.000000000007
0.259,996.9954864491614,20613.640483912586
0.259,351.78402465148986,3113.1993190285775
0.259,1324.1978704106118,30347.23776556936
0.259,227.87597132360568,900.4153083249608
0.259,1202.6894861101932,27922.08129778295
0.259,1798.9999999999998,43085.00000000001
0.259,1057.9588838891611,14223.935425893913
0.259,64.0,466.0000000000001
0.259,254.62128740543278,3306.3139596838055
0.259,588.9999999999999,7473.000000000002
0.259,489.2537857378912,2018.3651688536852
0.259,1205.0,7123.000000000002
0.259,1106.0000000000002,5574.999999999999
0.259,462.9146998774739,10735.752033718802
0.259,1933.0000000000002,123881.99999999997
0.259,149.98666607402137,888.0630608239484
0.259,2221.8043772677147,61139.331686022175
0.259,753.1890925821737,10479.127902339356
0.259,466.7905817761539,5748.444158181839
0.259,1136.0,8153.999999999998
0.259,483.3321839066793,10667.648475648228
0.259,1764.9999999999998,74897.0
0.259,83.90470785361212,277.17142709882626
0.259,771.3624310270757,19214.779155639546
0.259,1384.0000000000002,38743.99999999999
0.259,517.0,2713.0000000000005
0.259,1245.1348111876353,30469.25658422625
0.259,309.72998004475716,2764.6906942917512
0.259,1081.3876966316354,26776.79523519418
0.259,97.0,110.00000000000001
0.259,531.3943921420323,3478.706656215784
0.259,1597.0000000000002,23296.0
0.259,1031.3825672368134,23328.030778443328
0.259,1240.0836745478011,23137.774906310824
0.259,105.0,109.00000000000001
0.259,474.0,18806.999999999996
0.259,1097.1462983576987,24603.002255822368
0.259,495.3816710375951,7273.602133743637
0.259,1093.0,20311.000000000004
0.259,516.5374747859422,11087.385151318065
0.259,423.4736407772302,6974.680440235554
0.259,406.7687554619853,4371.964045663985
0.259,233.65144981360592,1188.3623184870848
0.259,271.0,4319.0
0.259,2019.6755107307163,39781.49065520278
0.259,1379.0000000000002,16237.0
0.259,1261.0,37670.000000000015
0.259,759.0,18030.999999999993
0.259,159.42082674481398,2766.876216963816
0.259,3499.999999999999,140298.99999999994
0.259,586.0,12498.000000000005
0.259,669.3846108927476,5909.7234433487065
0.259,2514.8558606806873,112342.39067244389
0.259,3499.999999999999,67779.00000000001
0.26,1374.9305437002993,19916.664178521463
0.26,377.3732121657507,4154.25538780057
0.26,758.0952241984264,18889.494289967097
0.26,75.0,154.0
0.26,1389.576194384461,82411.92598161992
0.26,3499.999999999999,156703.99999999994
0.26,735.2373589760485,11664.055239848543
0.26,108.0,3500.999999999999
0.26,338.03845935041176,9195.71204420843
0.26,841.4624174614099,13585.772852510085
0.26,749.9999999999999,15943.999999999996
0.26,416.0,3313.0000000000005
0.26,96.0,100.0
0.26,3499.999999999999,206850.11226973016
0.26,651.4696408574754,5989.180904705311
0.26,537.9674943393228,5976.566609029726
0.26,1084.9999999999998,9652.000000000004
0.26,1597.0000000000002,32964.999999999985
0.26,1059.129239203379,17142.959572994612
0.26,1154.0710550048464,14703.823040284447
0.26,181.2484482692197,656.8043848818306
0.26,1155.1027007737514,11744.693646074033
0.26,650.071092815758,5110.857778064733
0.26,605.8670341931075,15134.580250067766
0.26,726.4599094237753,12749.420143677118
0.26,591.0,7601.999999999996
0.26,484.8837628411851,8894.532093114198
0.26,955.0000000000001,23868.000000000007
0.26,1484.9242404917497,27997.63248919451
0.26,937.7611636232334,29824.492921087523
0.26,811.9999999999999,8877.0
0.26,185.0,467.0
0.26,583.0,5802.999999999999
0.26,1471.0,18056.000000000007
0.26,1043.4523766853258,12271.063196256993
0.26,728.5559003775654,10447.797628361266
0.26,1594.751617982177,59000.72492732957
0.26,1058.0,19624.999999999993
0.26,290.00862056152744,4736.220539628619
0.26,2023.6106344848065,87899.29991188778
0.26,722.0,10361.000000000002
0.26,1974.9999999999995,88933.99999999999
0.26,1541.9999999999995,36557.00000000001
0.26,680.287218558229,3952.221412266659
0.26,738.0,12285.000000000004
0.26,1211.425193728445,12227.721946462476
0.26,657.9215599563132,14976.930362586938
0.26,1120.4061763485602,19167.257080761457
0.26,243.57116124185012,2657.1514260559516
0.26,556.7090802205404,3260.9116823367044
0.26,1351.9999999999998,45861.0
0.26,2142.078429936682,87952.90546650527
0.26,1135.0,17074.999999999996
0.26,298.0,2408.0
0.26,628.0,17250.000000000007
0.26,222.8564560428977,3592.587090106517
0.26,243.94261620307347,988.3076444103832
0.26,453.2025694551401,4924.299733499339
0.26,1116.0,12308.000000000002
0.26,3499.999999999999,92764.0
0.26,270.0455306628793,4108.41342826089
0.26,2913.6874384099506,94650.19611677116
0.26,1676.9999999999995,27963.000000000004
0.26,1071.0,29219.000000000007
0.26,1349.1816037880149,22188.7463368258
0.26,629.9999999999999,5569.0
0.26,87.0,102.0
0.26,1185.1817034595833,34418.778324047744
0.26,1135.0,27448.999999999996
0.26,1299.0611994821495,51913.86853240665
0.26,1398.0,79267.0
0.26,594.9999999999999,18632.000000000004
0.26,1176.0,17119.999999999996
0.26,342.00000000000006,10701.0
0.26,1614.9069987054072,30275.287443765348
0.261,189.0,264.0
0.261,1017.3937290941005,22260.71750865188
0.261,717.0,7139.0
0.261,1961.0,45824.00000000001
0.261,756.2268178265034,11143.129183492403
0.261,1129.0782566159935,22713.66078585872
0.261,475.8231341588309,2398.639230168929
0.261,60.0,633.0
0.261,314.9285633282571,7033.867144039614
0.261,917.57864374467,13012.840463651788
0.261,811.9888698215154,15417.850766306205
0.261,951.0,9869.000000000002
0.261,3499.999999999999,175964.99999999994
0.261,1767.0000000000002,73362.99999999997
0.261,301.9536388255654,4193.3348304183855
0.261,991.4938224719302,14613.305478227705
0.261,2379.705864177336,90482.76541971961
0.261,95.0,101.0
0.261,494.8565448693186,6982.333206027908
0.261,380.21046803053696,4398.867126886195
0.261,883.0000000000002,14105.000000000004
0.261,504.0,12056.000000000002
0.261,1247.0,24861.999999999996
0.261,89.0,98.0
0.261,93.0,117.0
0.261,271.0,3289.999999999999
0.261,1473.0919862656237,34489.12547456082
0.261,1231.279640836901,15787.478426793734
0.261,1377.3162309360912,33405.66299297172
0.261,1441.9999999999998,56739.999999999985
0.261,111.04186392648627,554.7578523237786
0.261,439.55906716790247,2910.5302659741337
0.261,282.56794147321074,3884.5448213867103
0.261,2142.89523775662,91438.59552727177
0.261,1879.2285651298516,41737.821481241685
0.261,509.0,8412.0
0.261,3499.999999999999,144456.99999999994
0.261,62.0,618.0000000000001
0.261,84.0,94.0
0.261,783.9999999999998,12527.999999999996
0.261,480.62459362791657,7030.8147465283155
0.261,671.9374970932935,14312.127619609877
0.261,1645.0000000000002,65170.99999999999
0.261,434.8847433228141,7438.864137210903
0.261,717.3931817751626,7428.057745869036
0.261,1607.9498573507883,42036.14336956946
0.261,473.00000000000006,5994.000000000002
0.261,1769.0000000000005,52640.00000000001
0.261,657.7081419596385,6369.838694974937
0.261,1303.0,9402.999999999998
0.261,163.7559159236698,826.9703743182097
0.261,1127.6300663222469,16647.579391433548
0.261,576.9028868777093,8424.294408166288
0.261,70.0,880.0000000000001
0.261,89.17367090095777,465.440193633094
0.261,85.0,86.0
0.261,418.24872982473,2714.1436955327185
0.261,1026.968840812612,28861.88060400776
0.261,3499.999999999999,84262.00000000003
0.261,622.0,10637.999999999996
0.261,959.0935341817202,32320.08092233764
0.261,927.1121830717142,21965.337420581545
0.261,734.9999999999999,14482.000000000005
0.261,743.6396977031283,25349.542007697102
0.261,751.7659210153118,11787.07877296152
0.261,1488.0000000000005,33552.99999999998
0.261,3499.999999999999,98323.99999999999
0.262,1870.828693386971,76305.91924615024
0.262,535.039412474828,11068.436763418305
0.262,1126.4870172354406,29549.59130005017
0.262,480.84300972354777,3790.7846153533974
0.262,1097.0000000000002,23394.000000000007
0.262,764.6535163065688,9652.369657239613
0.262,556.7888225086557,5412.041603706817
0.262,3499.999999999999,95494.00000000001
0.262,701.0,14127.999999999995
0.262,220.95302810676674,511.75085534572213
0.262,1069.9999999999998,10355.999999999998
0.262,2373.1231709778,119131.66739086992
0.262,790.3214535870833,20149.795383576493
0.262,1050.542716884944,17361.45679371406
0.262,1734.0000000000005,18442.999999999996
0.262,3499.999999999999,242348.99999999988
0.262,395.5699279933376,4743.606322451751
0.262,1680.0,10487.000000000004
0.262,865.0,15490.999999999996
0.262,112.00000000000001,113.99999999999999
0.262,897.9999999999999,5392.000000000001
0.262,505.6441436425423,2491.3931845455463
0.262,749.2783194514574,10329.806968186771
0.262,476.0,8224.000000000002
0.262,1164.9484967156277,15499.635479584666
0.262,673.0,17849.999999999993
0.262,1346.5669516021987,56480.34756079726
0.262,637.4401932730631,21125.21957282337
0.262,215.0,6398.000000000001
0.262,2007.9840636817814,90997.31221854847
0.262,3499.999999999999,82863.99999999997
0.262,615.8327695080866,9557.252115540325
0.262,157.80894417973005,991.0173448750302
0.262,3499.999999999999,309243.99999999994
0.262,214.0,1497.9999999999998
0.262,285.20869551961425,4081.5904988129328
0.262,1828.5236981240075,45799.96002945601
0.262,1917.9416049504741,59754.1516549269
0.262,586.7427034058454,7964.6367148790905
0.262,457.02516342100904,5060.615575204265
0.262,1435.0,50151.99999999999
0.262,593.0,5566.999999999999
0.262,893.6218439586175,19725.974044391325
0.262,896.0591498333134,6639.4303972554735
0.262,1675.2432659169233,38639.32354480342
0.262,1100.9999999999998,15151.999999999998
0.262,1002.231011294302,18145.61241733108
0.262,757.3803535872844,9352.23502698686
0.262,1299.8999961535505,17391.94612457157
0.262,3499.999999999999,136730.00000000003
0.262,154.0,1999.9999999999995
0.262,275.403340575237,5174.333290386309
0.262,751.3418717713142,10076.228994051457
0.262,1068.7937125563567,24610.145062554977
0.262,749.2864894187911,5938.30414825495
0.262,823.0,4432.0
0.262,386.31852143017943,2703.158152975885
0.262,825.2866168792514,11777.310601321506
0.262,1093.0,25160.00000000001
0.262,507.0,21620.999999999993
0.262,1023.0,16505.0
0.262,1271.3921503611698,16818.02506241444
0.262,880.9999999999999,12503.000000000004
0.263,2027.0668464557345,75157.59805901196
0.263,274.73623714391954,5355.603327357245
0.263,120.0,2013.0000000000002
0.263,124.0,191.0
0.263,95.0,100.0
0.263,305.5900072571096,2197.043361677614
0.263,103.4456378974,430.08952556415505
0.263,1309.9999999999998,19365.0
0.263,623.9000497373706,11161.910426403661
0.263,465.8325879540846,8502.949488265824
0.263,418.2584270714838,2360.9597898738334
0.263,118.0,147.0
0.263,3499.999999999999,220883.00000000003
0.263,2003.6217207846387,63992.09545717348
0.263,593.4795699937783,3781.310487119511
0.263,2425.5927110708417,80421.3923032921
0.263,832.1562353308423,8680.862169162689
0.263,779.4645377104135,9478.026625527578
0.263,1993.1131427994742,65151.86793945359
0.263,2117.2986370864214,74246.1140874437
0.263,266.0263144878717,1309.1485782752086
0.263,610.5817108212801,7902.096948043169
0.263,782.554120739856,10946.06074098776
0.263,1793.332094175532,33216.05340795321
0.263,891.5335103068195,14702.891722378976
0.263,376.0,5761.999999999998
0.263,1036.665230690185,14932.47303846894
0.263,330.0,1072.0
0.263,689.729275576556,13588.351004114887
0.263,190.97720002324624,1048.6984229118118
0.263,159.09745441081074,605.247056994084
0.263,1271.8473950989976,40528.48086785425
0.263,1759.4355111182888,49325.42269546891
0.263,127.0,141.0
0.263,809.8296117085371,15832.317581453446
0.263,774.3545699484183,11374.351849665989
0.263,1624.0000000000002,31893.99999999999
0.263,106.0,259.0
0.263,112.00000000000001,113.99999999999999
0.263,2094.0000000000005,13125.999999999996
0.263,1410.8712192805758,24806.078492686844
0.263,673.0,10768.999999999996
0.263,487.8133860507946,5328.375281306357
0.263,90.0,91.0
0.263,685.2883017643504,12616.88525048984
0.263,342.00056062496304,3193.7845875430708
0.263,1302.9144254324613,47431.050062169204
0.263,611.9640512317696,4786.3806785503375
0.263,123.0,154.0
0.263,1172.3410258744752,29427.682108457906
0.263,455.4272202007544,3263.7875255356093
0.263,130.0,145.0
0.263,2007.1123536065438,26899.388152893014
0.263,411.00000000000006,8788.000000000002
0.263,650.5756557153526,16603.64044838523
0.263,587.8775382679627,5124.3864998651325
0.263,3499.999999999999,198411.86592036282
0.263,957.0,27946.999999999993
0.263,535.6284053316601,13091.906465384256
0.263,219.0,560.0
0.263,819.7560612767678,12882.188478670854
0.263,3499.999999999999,176515.99999999997
0.263,403.34476567819746,3338.451137878163
0.263,2546.6644851648593,95058.70933270661
0.263,1385.0000000000002,11778.999999999996
0.263,378.5392906994013,4318.062626403794
0.263,112.48266399536337,1205.6491087904528
0.263,2042.5474290698858,77996.6325042306
0.263,1848.9999999999998,71839.0
0.263,577.6380360052431,5732.461451544865
0.263,3499.999999999999,113003.99999999997
0.263,2569.922177810059,43565.55097780811
0.263,66.0,87.0
0.263,940.0000000000002,11805.0
0.263,1369.872986813011,51912.0714285223
0.264,1555.0,25409.999999999993
0.264,1009.0,45044.0
0.264,323.1671394185987,1573.3728102392004
0.264,834.4423287441739,6819.567801554583
0.264,628.0115435285996,9585.1651437482
0.264,1234.0858965242246,15691.836093969365
0.264,590.0677927153795,6746.499536796841
0.264,344.7937130303837,3232.633541996242
0.264,2588.242647048379,62664.748415676266
0.264,1518.9999999999998,23632.000000000004
0.264,1465.9999999999998,41318.000000000015
0.264,423.00000000000006,2306.9999999999995
0.264,3499.999999999999,166720.00000000003
0.264,2245.7738087349762,68250.83790694439
0.264,901.0814805173052,23867.81828653583
0.264,353.93219689652426,2010.7918838109522
0.264,262.1697923102507,2470.322246185708
0.264,78.0,98.0
0.264,715.173739708144,4777.073311562646
0.264,683.5854006632967,10093.786653184223
0.264,293.00000000000006,714.0
0.264,97.0,822.0000000000001
0.264,698.7584500820448,10357.021198141412
0.264,1029.0,10696.999999999996
0.264,852.9999999999998,6665.000000000001
0.264,1122.5150333069043,21540.556376287037
0.264,269.0,3792.000000000001
0.264,206.33225632459892,2253.916591180783
0.264,1117.2618314432834,14742.142381621474
0.264,677.0,12297.0
0.264,1345.0,54470.99999999998
0.264,1019.9999999999998,19410.999999999996
0.264,681.0,24065.99999999999
0.264,93.0,97.0
0.264,1109.0,23793.000000000007
0.264,788.7161178865646,15341.749572459645
0.264,1130.0,30440.000000000004
0.264,339.00000000000006,10676.000000000004
0.264,1024.0,11460.999999999998
0.264,325.4688925227724,1128.6903915600594
0.264,1006.0000000000002,7669.999999999997
0.264,731.778655059028,5153.034057717842
0.264,1793.4603424664842,45586.04207430164
0.264,673.0,16478.000000000007
0.264,1050.0,14835.000000000005
0.264,716.0000000000001,7595.0
0.264,1326.266187460119,20073.864351439657
0.264,167.81239525136394,2120.374023609985
0.264,925.0000000000002,9915.999999999998
0.264,1917.9416049504741,53560.4343242286
0.264,1974.9999999999995,25929.999999999996
0.264,82.0,1038.9100057271562
0.264,737.7605641398447,7272.416609214661
0.264,1160.0000000000002,29305.0
0.264,2515.2534107728084,80867.95041975378
0.264,76.0,98.0
0.264,78.8416133777081,279.69983911328944
0.264,422.14570861402524,3878.800442672136
0.264,1135.0,35390.0
0.264,487.0,16805.000000000004
0.264,1569.2807269574173,39232.28505962917
0.264,62.0,466.0000000000001
0.264,1583.9999999999995,19553.999999999993
0.264,816.0882305241266,8598.609189863208
0.264,1276.0,46742.999999999985
0.264,374.23010042745744,3043.6286223918687
0.264,3499.999999999999,115548.00000000003
0.264,1055.9790910029044,17229.555372388793
0.264,1056.968287177567,15116.43115812271
0.264,545.3925192006212,9204.773761478335
0.265,693.434928453997,6028.96831970446
0.265,223.8257507007122,4093.827471342864
0.265,1840.0000000000002,57393.000000000015
0.265,1050.9999999999998,21547.000000000004
0.265,193.30009601700644,1002.4281798371157
0.265,1240.9999999999998,16430.000000000007
0.265,242.43139590507386,1199.5009925217107
0.265,391.99999999999994,7547.0
0.265,811.9999999999999,12710.999999999996
0.265,1172.891725608123,14925.714488760665
0.265,866.0,11976.999999999995
0.265,432.8103787416615,3983.7842783410624
0.265,718.2345403236061,8956.629798410777
0.265,1445.5697838568706,66431.21179084425
0.265,88.0,616.0000000000001
0.265,2100.925517969092,99930.20613740671
0.265,162.0,1682.9999999999998
0.265,757.033928019726,7765.697745696978
0.265,1700.294092208757,62238.32272804274
0.265,182.0,3018.9999999999995
0.265,771.9999999999998,11888.0
0.265,855.2777326693357,23517.296719648704
0.265,895.7460577641411,11182.917642547489
0.265,1125.9999999999998,23986.000000000004
0.265,1468.0000000000002,27956.99999999999
0.265,511.66981540833547,11117.490184389644
0.265,3499.999999999999,210694.99999999994
0.265,1135.0,23951.000000000004
0.265,169.0,196.0
0.265,601.1828517556761,5566.150434317291
0.265,100.0,104.0
0.265,838.2601028320507,13031.651545372142
0.265,267.09548854295537,2125.5648661003033
0.265,1764.9999999999998,9118.000000000004
0.265,92.0,926.9999999999998
0.265,1160.0000000000002,16634.0
0.265,195.0,1496.0
0.265,81.0,583.9999999999999
0.265,112.00000000000001,907.0
0.265,388.2499195106162,1834.6661821704793
0.265,404.8532069747692,8006.216069798143
0.265,1416.1832508542102,35115.79846735652
0.265,89.0,99.0
0.265,3499.999999999999,223996.0000000001
0.265,362.8015986734348,12052.637346240857
0.265,401.0,16159.000000000005
0.265,560.0,9656.0
0.265,1663.8810053606594,16480.33755722255
0.265,969.9999999999998,12386.0
0.265,897.1284758932949,15345.118696034326
0.265,376.7359818228145,2385.922043990541
0.265,257.91939071761976,3489.154399776099
0.265,594.680436721992,12314.001665156728
0.265,940.2240826874694,18408.61725999068
0.265,1236.6727590590908,20995.469787657665
0.265,341.9473643706001,3776.149626272772
0.265,551.8151864528558,4527.45623943512
0.265,1993.1131427994742,66250.70239627648
0.265,334.40245214411937,2202.7764298720826
0.265,229.56337671428906,1566.138313274934
0.265,110.00000000000001,811.9999999999999
0.265,1012.0069169724088,13952.155747410503
0.265,489.96313143737683,6000.661567961083
0.265,1215.9999999999998,14837.0
0.265,1244.1085161672993,28230.21925171676
0.265,677.9468789142886,10271.768670356034
0.265,327.9268211049532,2668.5651575331644
0.265,312.4899998399949,1526.5228462096466
0.265,343.7208169430534,903.5928286568015
0.265,66.0,600.0
0.265,1404.0787014978896,32701.277864939777
0.265,1351.9999999999998,19748.0
0.266,609.3369127192257,8621.28558966449
0.266,348.0,3829.9999999999995
0.266,459.0,5154.0
0.266,318.5278637733283,6129.916965179872
0.266,1190.0,12596.000000000002
0.266,1458.0000000000005,16561.000000000007
0.266,1564.9999999999998,26110.000000000007
0.266,1572.0000000000002,16049.000000000004
0.266,210.3462831332593,1454.1946207985904
0.266,693.0,11246.000000000004
0.266,1093.0,7890.000000000002
0.266,345.0,6431.000000000003
0.266,2033.429738031223,48807.79637422858
0.266,884.2204223650759,13416.69401945137
0.266,1077.961038256949,13996.949596251328
0.266,269.6590439796151,2935.0550250378606
0.266,1047.9999999999998,7340.000000000002
0.266,3499.999999999999,130476.99999999996
0.266,522.4940191045251,2054.334685488224
0.266,1879.2285651298516,23895.914211429532
0.266,3499.999999999999,163784.00000000003
0.266,426.99999999999994,6974.000000000003
0.266,1254.8872459308845,19876.11823269324
0.266,717.2447281088931,18282.70822389288
0.266,94.0,108.0
0.266,219.0,1621.0
0.266,1962.1416870348578,38862.47965583257
0.266,1121.4454850936754,27562.59185683864
0.266,151.0,160.0
0.266,1467.0000000000005,36016.0
0.266,837.0000000000001,20836.999999999996
0.266,759.9760738719917,8119.979838260025
0.266,1113.0000000000002,17727.000000000007
0.266,103.0,106.0
0.266,196.0,676.0
0.266,2080.7450588671363,48128.62740614986
0.266,103.0,786.9999999999999
0.266,498.512914873752,10489.459108673978
0.266,292.0,480.0
0.266,376.99999999999994,13211.999999999998
0.266,112.05355862265152,213.19240136552708
0.266,98.0,155.0
0.266,72.0,102.0
0.266,1460.0000000000002,42141.99999999999
0.266,142.32314162402432,1535.8821354600516
0.266,1084.4353369380765,16029.885713878315
0.266,1173.6038513910903,24929.21037658435
0.266,1200.0,28437.0
0.266,1443.0869689661806,28306.148625342856
0.266,2026.9999999999995,32624.00000000001
0.266,1230.0000000000002,27499.00000000001
0.266,1192.5141508594352,32944.604869386436
0.266,96.12491872558333,1157.017285955573
0.266,1263.0,26926.0
0.266,3499.999999999999,278374.9999999999
0.266,1359.7407841202673,17456.99355559255
0.266,187.5499933351105,2660.326295776517
0.266,398.0838948823954,6134.887762184075
0.266,1555.0,30843.000000000007
0.266,512.9210465559001,5851.645922302545
0.266,396.00000000000006,7015.999999999998
0.266,638.5320522556344,7114.2475261076615
0.266,515.3653523373632,12996.580623350392
0.266,212.97887219158616,4466.259061003963
0.266,67.1863081289633,630.6377724177327
0.266,1603.0,68617.99999999999
0.266,738.9181280764466,17998.893299311494
0.266,78.0,87.0
0.266,1271.7252061668044,28520.825286095773
0.266,3499.999999999999,173325.6355303507
0.266,216.39547130196607,713.6525765384722
0.267,648.0,20252.000000000004
0.267,810.2409891083325,10558.461333449943
0.267,299.93999399879965,2436.737983452467
0.267,558.3735308912843,9592.536160995174
0.267,1412.0471011243221,17921.66324927528
0.267,89.0,95.0
0.267,43.0,1040.0
0.267,82.0,90.0
0.267,454.2422261305085,2116.185247089677
0.267,97.0,104.0
0.267,1151.0000000000002,21596.999999999993
0.267,102.0,111.00000000000001
0.267,1380.0000000000002,46585.999999999985
0.267,470.6325530602404,16315.337078957336
0.267,1518.7640888439971,20892.608657945344
0.267,336.8088976309332,4683.353840019742
0.267,576.6281297335397,3386.047548396212
0.267,579.7999655053455,10459.622220711412
0.267,952.1029356114807,20859.566246688824
0.267,1715.6631370988887,46599.74130829484
0.267,634.8536529219501,3264.4592306654167
0.267,1162.0,25672.99999999999
0.267,858.0,20740.999999999993
0.267,341.197889794178,2085.125895479695
0.267,128.0,152.0
0.267,939.5460241298047,16819.81937105258
0.267,964.6501956668022,12120.831654634932
0.267,446.86463274687566,3668.7587819315672
0.267,1732.0,31526.0
0.267,135.0,1923.0000000000005
0.267,511.2004269954031,3555.9933427396295
0.267,338.61482542853906,1022.1198559855885
0.267,356.9287285112307,2286.505636174852
0.267,588.9999999999999,13300.0
0.267,2033.101079631802,105346.86824486053
0.267,1312.6404686737337,22223.809889395638
0.267,901.1104260855047,16673.943144919256
0.267,1009.7474931882722,31101.048985524572
0.267,1227.8582980132521,28821.98332870243
0.267,181.964282209449,581.9639164071945
0.267,246.0,531.0
0.267,534.0333378403063,4587.293944561607
0.267,1974.9999999999995,59999.0
0.267,253.5597391197423,2675.343307124804
0.267,1060.9999999999998,25246.00000000001
0.267,577.7875282159046,4478.59112868525
0.267,1047.0000000000002,13009.0
0.267,220.18174311236612,998.4047275529099
0.267,56.99999999999999,57.99999999999999
0.267,111.00000000000001,1055.0
0.267,1055.5060397742875,27677.724165834155
0.267,282.3882746074747,1229.270804352907
0.267,299.17814374004064,3410.7614304656613
0.267,1345.0,47290.999999999985
0.267,471.16055428888234,7470.410947752778
0.267,627.546238380426,8690.08861614094
0.267,2601.0574772580476,123640.34083582916
0.267,368.0287965250273,2570.8325698338595
0.267,40.0,980.9999999999999
0.267,1592.9999999999998,89757.0
0.267,683.8274636192963,11724.71338668882
0.267,691.2561030471992,10707.280887321482
0.267,793.3315826311216,7126.979304024952
0.267,492.0,9343.000000000004
0.267,1430.9088021254186,91518.27623485925
0.267,1133.0000000000002,21067.000000000004
0.267,851.5256895713717,13499.152973427632
0.267,629.0,10147.0
0.267,261.0,1752.0
0.267,673.9999999999999,8859.000000000004
0.267,386.0,4025.999999999999
0.267,1397.0,18038.0
0.267,404.0,6799.000000000003
0.268,411.9951456024694,2217.8742074337765
0.268,728.834686331544,4929.773625634345
0.268,767.2692249326752,20885.68959037727
0.268,1050.9999999999998,29498.324155788898
0.268,465.0440839318354,2194.0920673481323
0.268,129.0,1934.0
0.268,782.400153374218,19714.417566846852
0.268,206.99999999999997,277.0
0.268,1030.0,15350.999999999993
0.268,902.3875556581947,22193.086450826686
0.268,297.4558790812514,2397.4017185277903
0.268,115.99999999999999,2015.9999999999995
0.268,534.686824225172,20656.184497626844
0.268,1097.2693379476161,41280.80941551409
0.268,168.69499103411457,1561.8623498887478
0.268,798.9999999999999,4601.0
0.268,104.0,107.0
0.268,2258.2072535531365,83485.62773316135
0.268,341.15978661032136,4287.999533582065
0.268,331.99999999999994,2734.0000000000005
0.268,457.62430005409465,6969.722519584264
0.268,1750.0000000000005,15675.0
0.268,233.6091070447137,3499.9781919729608
0.268,1359.411637437314,37738.97295899824
0.268,202.93841430345316,653.5793754395867
0.268,716.2699532404836,13830.64785057573
0.268,295.3940917015265,1191.2551782092266
0.268,350.99999999999994,5035.999999999999
0.268,720.5511779186819,13394.897162725807
0.268,774.2816025193932,10687.81843970041
0.268,218.71899780311725,1572.511367208517
0.268,462.37352275726585,8730.507060450182
0.268,376.72097875907565,4504.639123364179
0.268,1135.0,20508.999999999996
0.268,1409.6793961748886,50962.67685277135
0.268,1840.0000000000002,27636.000000000007
0.268,1139.0000000000002,12896.000000000007
0.268,107.0,1063.0000000000002
0.268,3499.999999999999,210626.00000000003
0.268,221.0,490.00000000000006
0.268,1217.0000000000002,26265.999999999996
0.268,1050.9999999999998,20763.0
0.268,275.7143126629132,3035.2642914848425
0.268,367.19683452352564,2710.6599741543964
0.268,551.9112247454295,5580.262090619042
0.268,892.1423653206924,8719.668801049724
0.268,2079.903843931253,64070.970719975834
0.268,2064.703368525367,54493.69435081456
0.268,979.5318833149176,11308.927827501915
0.268,1157.1192678371578,17924.735395536532
0.268,241.51193399946007,1342.3528958494853
0.268,566.5057182276283,4489.141292290862
0.268,636.0643072773206,23915.970080783718
0.268,620.9806760278454,4595.345471234998
0.268,824.4561844027853,5339.184488290323
0.268,1032.8964130056797,9509.316431794667
0.268,64.0,442.0
0.268,1030.725957759869,19746.248099322558
0.268,1447.0,53522.00000000003
0.268,279.0,1346.0000000000002
0.268,1121.3238078467625,26658.200812001614
0.268,877.4964387392123,8712.603514449629
0.268,1100.0000000000002,19105.0
0.268,889.3503246752653,18686.456459157787
0.268,72.6636084983398,257.44125543509927
0.268,1372.6786175013722,32560.169106541616
0.268,204.90729611216872,779.2085728481175
0.268,1146.6350770842485,18569.053368440727
0.268,380.94881545950494,1971.941175593228
0.268,898.8538496386402,23898.584902780378
0.268,150.52403379196346,723.0086901856716
0.268,831.8912188501571,11713.136514187814
0.268,94.0,108.0
0.268,198.00000000000003,848.094334375605
0.268,469.86381005563726,5616.8941595867755
0.268,757.5608551573588,15099.336242814363
0.268,1267.201786765094,28479.535896021447
0.269,1090.3907556468005,7471.580555678964
0.269,3499.999999999999,155167.99999999997
0.269,356.9746468825395,3731.3527450239194
0.269,211.44558173865144,1652.4639067525459
0.269,1991.3563217063893,107655.36332668237
0.269,256.0,3878.999999999999
0.269,100.0,101.0
0.269,68.0,677.0
0.269,313.0,497.0
0.269,3499.999999999999,222496.99999999997
0.269,1523.9120025347072,44217.761919993594
0.269,702.4978280349762,9741.405846698173
0.269,422.0,5754.999999999999
0.269,839.9352000277306,14627.017692042531
0.269,1125.4270300645883,29884.60125214991
0.269,1803.191614887336,47397.042133449664
0.269,1211.6517651536685,23931.281829438227
0.269,109.00000000000001,953.9999999999999
0.269,98.0,102.0
0.269,3499.999999999999,58123.99999999999
0.269,351.99999999999994,10143.999999999996
0.269,537.924715922219,6905.736745634022
0.269,186.66815475597332,441.832547465666
0.269,1059.435543437933,26857.464548406653
0.269,1114.5021309984115,17596.820167291593
0.269,521.8428882336138,3146.5643168382876
0.269,97.0,333.00000000000006
0.269,3499.999999999999,206618.00000000003
0.269,1070.1471861384302,17205.024324307138
0.269,906.8142036823197,12645.07829157258
0.269,1555.0,26961.000000000007
0.269,2046.9999999999995,46531.000000000015
0.269,1015.0,13440.999999999996
0.269,524.0,4520.000000000001
0.269,434.13666263249127,2861.0138783539805
0.269,176.55798022680736,1026.532886578953
0.269,819.3988921673007,13163.882786893428
0.269,480.4440335557028,10723.43500923076
0.269,285.15929116684515,2106.3243649866195
0.269,1475.354085249862,52595.403747300006
0.269,1038.0,27904.000000000004
0.269,197.0,658.0000000000001
0.269,1369.890413384374,31897.45071624587
0.269,424.0,4859.000000000001
0.269,1309.9999999999998,52649.000000000015
0.269,1044.3969551851442,14425.693952111973
0.269,698.0000000000001,8526.0
0.269,543.0458512382023,7119.5907981513965
0.269,462.44938564692796,2339.172302047755
0.269,851.6249174372484,17193.996655809842
0.269,117.0,1622.0
0.269,86.0,94.0
0.269,427.9807252507145,2378.4842843071706
0.269,64.0,629.0
0.269,425.0,6789.999999999999
0.269,578.9999999999999,9219.000000000002
0.269,545.4356057317856,3263.9393376715825
0.269,94.0,108.0
0.269,392.3365901875582,3959.1453623225298
0.269,533.3666656250653,7227.709526537435
0.269,1219.0000000000002,34869.00000000001
0.269,1403.9999999999998,45480.000000000015
0.269,1038.9999999999998,13047.999999999993
0.269,1443.9511764599245,33612.10976716577
0.269,454.3043751905461,4652.667282632915
0.269,873.7509636823243,16868.780997751623
0.269,1479.0,56460.99999999998
0.269,855.9999999999999,16427.000000000004
0.27,187.95713524023066,617.2974547014303
0.27,2503.3691830421267,67780.22051049367
0.27,206.0,3279.999999999999
0.27,1203.9123722264837,30947.198952409264
0.27,637.9999999999999,15798.000000000005
0.27,1021.0000000000002,15049.999999999995
0.27,853.3492837050956,10800.055555412668
0.27,332.26946895554516,2038.671135813719
0.27,442.3754061880023,6063.3416529171445
0.27,3499.999999999999,83460.00000000003
0.27,1796.0073023481086,61921.111540109254
0.27,177.2681584492827,1825.1438299487518
0.27,366.0,1577.0000000000002
0.27,680.0000000000001,7836.0
0.27,519.2984350636888,2851.6591248133545
0.27,1369.4725090224497,30852.565488505963
0.27,1153.0,48390.99999999999
0.27,131.90905958272918,167.51119365582707
0.27,400.0,4315.0
0.27,729.8650560206319,10544.5136445452
0.27,1144.7484439823447,10659.923076645535
0.27,354.63502365107706,1409.4339289232396
0.27,2061.0,34429.0
0.27,380.0,902.9999999999999
0.27,1782.0000000000005,28247.999999999996
0.27,2170.483817032507,31661.889994123863
0.27,1107.219490435388,21787.160668613964
0.27,939.2892698153444,22059.30460539013
0.27,689.308348999198,5948.44786477952
0.27,1214.9999999999998,41640.000000000015
0.27,1099.7576780271163,30201.40673494751
0.27,2168.8706738761534,74664.67779345196
0.27,635.9056533794931,7893.11092028992
0.27,1265.0268771848284,38830.99342020497
0.27,1211.9999999999998,23667.000000000007
0.27,3499.999999999999,60050.999999999985
0.27,988.3541875259093,15175.643643681147
0.27,3499.999999999999,203963.99999999994
0.27,3499.999999999999,126178.00000000001
0.27,1056.4998816848017,13688.250289938449
0.27,602.6607669327747,7014.682601515198
0.27,919.7999782561421,17291.273492718803
0.27,418.0,7685.999999999997
0.27,87.63560920082658,141.3930691370691
0.27,318.8855594096415,1637.459312471611
0.27,1009.0,12543.999999999996
0.27,360.90164865237176,6801.667295597455
0.27,329.39338184001207,3634.3813778963804
0.27,1541.0188188338261,22521.00781492694
0.27,298.0,1851.9999999999995
0.27,144.0,2822.9999999999995
0.27,1527.9999999999998,40696.0
0.27,1354.0,15849.999999999995
0.27,892.5805285799147,12837.6393858061
0.27,61.0,473.00000000000006
0.27,673.2889447804633,7075.001546932031
0.27,780.6932816413882,13539.965952689829
0.27,1367.3481634170573,19976.83871387062
0.27,553.807230574964,10271.928189342827
0.27,1346.8251675865497,25891.34887294272
0.27,551.9202840990718,10983.393419157856
0.27,771.3624310270757,5533.421364761588
0.27,701.0,1518.9999999999998
0.27,472.4150717324755,9500.561667606817
0.27,1539.1175909596607,28861.415155718794
0.27,71.0,93.0
0.27,257.9515458375855,4840.950319926864
0.27,407.49110419737997,6987.932097552177
0.27,252.0,2199.0
0.271,123.49898785010345,949.0121179415992
0.271,313.99999999999994,3824.000000000001
0.271,757.0000000000001,8811.000000000002
0.271,565.0369944711804,5651.580343724755
0.271,1360.0000000000002,34208.0
0.271,1439.3970115561613,35819.160783537794
0.271,637.0675003482755,11738.339235172916
0.271,1324.0000000000002,29428.000000000004
0.271,1303.0,17156.0
0.271,225.0,9423.000000000004
0.271,1885.9999999999995,48396.00000000001
0.271,1303.0,29548.99999999999
0.271,606.8555526920337,7571.1269312175755
0.271,147.0,1377.0
0.271,1274.9999999999995,10599.999999999996
0.271,712.0,8985.999999999996
0.271,852.0176054519062,11094.332201624395
0.271,480.62459362791657,2477.915252788118
0.271,543.0,10805.999999999998
0.271,1065.9999999999998,15816.999999999996
0.271,670.5973244987383,4154.5607993242575
0.271,347.94252398923595,5178.441850595601
0.271,466.7170648517806,7595.78106121746
0.271,661.3894465441674,11503.680932640653
0.271,493.05470402246306,7561.031326853658
0.271,467.25367842318803,10969.407641253929
0.271,118.0,149.0
0.271,336.0133925902359,6682.696461758534
0.271,458.32630297638383,3425.417638770491
0.271,1135.0,37794.00000000001
0.271,397.00000000000006,6542.000000000002
0.271,797.7675099927297,9997.598561654695
0.271,451.99999999999994,4895.0
0.271,270.60118255469615,2599.6105477551814
0.271,266.0,877.9999999999998
0.271,287.74989139876317,1336.99663425156
0.271,1356.9999999999998,24771.00000000001
0.271,120.0,133.0
0.271,1757.9817974029202,29679.398511425392
0.271,887.3302654592596,28450.22021004407
0.271,446.6542286825459,8860.783091804022
0.271,1047.6492733734895,10168.985790136598
0.271,3499.999999999999,143134.9999999999
0.271,744.8462021906932,8681.611883243217
0.271,1871.763873996931,49939.88874637186
0.271,3499.999999999999,99505.99999999996
0.271,418.79828079876347,5746.462477037504
0.271,556.5919706697853,6076.900070931583
0.271,320.0,2863.0000000000005
0.271,637.0000000000001,6606.999999999999
0.271,1298.0,11230.000000000004
0.271,1488.9492939653794,25072.437914969494
0.271,1879.2285651298516,38889.750166335594
0.271,1486.1022845013053,28207.927750900086
0.271,107.0,628.0
0.271,227.4071238989667,3678.2400682935304
0.271,75.0,153.0
0.271,137.4772708486752,575.6248778501498
0.271,61.0,501.99999999999994
0.271,3499.999999999999,99095.0
0.271,1010.9999999999998,18900.999999999996
0.271,3499.999999999999,198540.0
0.271,1078.0,12660.000000000004
0.271,142.0,2422.0000000000005
0.271,408.0,5767.000000000002
0.271,188.0,1501.9999999999995
0.272,158.0348062927911,826.2457261614126
0.272,2004.0,98310.0
0.272,1831.1198759229278,29070.031166133966
0.272,240.77701291406112,788.1231952851983
0.272,653.0428776121826,5371.939128471209
0.272,1418.0000000000002,15313.999999999998
0.272,1192.9999999999998,13380.000000000004
0.272,311.0,5982.999999999997
0.272,304.4503243552222,2763.1420520849088
0.272,1286.6934366817918,42794.258773812166
0.272,248.54981208570854,3006.433252338071
0.272,488.7919707635761,4321.968570831504
0.272,1572.0000000000002,81308.99999999999
0.272,616.4130108944813,9918.749114681747
0.272,398.1909089871339,4065.3167158291617
0.272,68.0,752.9999999999999
0.272,992.9999999999998,7055.000000000001
0.272,1493.0,50164.99999999998
0.272,544.0,12275.999999999995
0.272,1076.0000000000002,13253.999999999996
0.272,1135.0,18611.0
0.272,588.9999999999999,22165.000000000007
0.272,646.0,4643.999999999999
0.272,1874.5666165810164,36808.62348689504
0.272,1662.3176591734812,68707.19489252931
0.272,268.0,2636.0000000000005
0.272,945.2999523960635,20117.350421961633
0.272,290.0499956903982,1358.2032248525995
0.272,1429.0,36646.0
0.272,125.0,145.0
0.272,322.5709224341214,6349.044495040181
0.272,1605.0,98887.99999999999
0.272,718.0000000000001,6718.000000000004
0.272,619.1284196352158,6310.716441102386
0.272,1299.15301877039,32980.55570644188
0.272,1083.9999999999998,10533.0
0.272,659.0,8828.0
0.272,56.00000000000001,413.0
0.272,694.2251907686258,9223.302949741932
0.272,247.96209965392976,2779.4812992882958
0.272,274.7471564912001,3038.0487158701053
0.272,775.97680377702,15962.868476561465
0.272,183.72864854412697,2073.159463460171
0.272,835.0652669103173,15161.201205709262
0.272,57.99999999999999,509.99999999999994
0.272,1441.0000000000005,35347.0
0.272,999.0,13244.000000000005
0.272,225.0,4998.999999999999
0.272,2395.0991628740553,94725.976141711
0.272,1042.9999999999998,14269.0
0.272,604.8057539408829,10818.839124416254
0.272,95.0,514.0
0.272,2041.6904760516472,57542.09713766088
0.272,1518.0000000000002,48082.000000000015
0.272,337.99999999999994,3455.0000000000005
0.272,108.0,1556.0000000000005
0.272,410.685606797558,9518.412065520835
0.272,201.58474311348078,720.3373419203555
0.272,570.0000000000001,8172.999999999997
0.272,499.2155271818119,3208.2206882545756
0.272,535.6715411518518,3068.6084794251606
0.272,829.6830720220823,20636.69850048695
0.272,120.0,1583.9999999999995
0.272,621.0104669005186,20361.116840684354
0.272,1073.9999999999998,29576.999999999993
0.272,378.45521289897397,2760.3312505874333
0.273,1771.9999999999995,89973.00000000001
0.273,411.22378335889084,5488.063866246456
0.273,863.1419350257522,12744.387705966887
0.273,979.8035517388166,13667.620934164075
0.273,1897.761839641634,41030.4204706703
0.273,236.0,1528.9999999999998
0.273,1422.155431876826,38345.208008013156
0.273,79.0,98.0
0.273,3499.999999999999,148444.0000000001
0.273,64.0,711.0
0.273,1429.0,24685.000000000004
0.273,3499.999999999999,121872.0
0.273,232.7178763902318,1333.9710745878112
0.273,680.0000000000001,8113.999999999997
0.273,686.0,9292.0
0.273,1135.0,33768.99999999999
0.273,761.2877337464826,12001.86634892639
0.273,1798.3325610131178,51135.10789076328
0.273,1156.2871615649808,30863.08293090631
0.273,166.0,273.0
0.273,144.0,615.0000000000001
0.273,611.0,5304.999999999999
0.273,234.7151762806559,684.3196220906686
0.273,218.96761473536722,2323.429487924099
0.273,3499.999999999999,61527.00000000001
0.273,1075.6914055620223,17925.64107640225
0.273,699.4292558593767,10232.663074069154
0.273,362.73544078294856,4623.037962206237
0.273,322.30575545590244,1660.8744684653325
0.273,90.0,96.0
0.273,1065.9999999999998,16027.000000000007
0.273,1459.711957887583,24280.145798573794
0.273,564.57257881897,4844.725083100371
0.273,237.31835158706122,1037.0978738769065
0.273,605.0,11430.999999999998
0.273,258.65034312755125,871.6536009218339
0.273,373.30755472806936,2489.9401112985092
0.273,222.01696161289246,1176.076777230864
0.273,1123.9999999999998,10946.999999999998
0.273,619.8027841351452,10775.203204792455
0.273,1680.9999999999998,49769.999999999985
0.273,874.1590090981658,14990.076837548506
0.273,1870.0,62398.000000000015
0.273,1191.0000000000002,8018.000000000004
0.273,117.0,1606.9999999999998
0.273,1049.0,13033.000000000004
0.273,3499.999999999999,152552.99999999997
0.273,309.2604080706096,751.5104789688565
0.273,708.0000000000001,8797.000000000004
0.273,659.9999999999999,14656.999999999996
0.273,66.0,728.0
0.273,222.18010712032702,3600.8160186268888
0.273,930.8125482609265,13911.807538921747
0.273,137.0,155.0
0.273,267.0,4117.999999999999
0.273,1303.0,8613.999999999996
0.273,1001.9999999999998,20719.999999999993
0.273,1292.0000000000002,28295.999999999985
0.273,1205.9999999999998,59020.99999999998
0.273,1047.0000000000002,18214.000000000004
0.273,81.0,872.0000000000001
0.273,276.6716035957149,2535.849824588119
0.273,99.0,153.0
0.273,1513.0,52437.00000000002
0.273,1917.0000000000002,106752.99999999997
0.273,455.48726610271126,7747.346271221702
0.273,169.48451256678294,1920.3913663625965
0.273,1426.0000000000002,29933.999999999993
0.274,443.00000000000006,6182.000000000002
0.274,713.0,15184.999999999995
0.274,1144.0,38817.00000000001
0.274,834.4105704028443,10740.553337700992
0.274,923.0,17777.999999999996
0.274,417.90676171049535,3668.1501806869924
0.274,3499.999999999999,206906.00000000003
0.274,425.1599698936859,10273.463583426961
0.274,95.98437372822724,282.0141840404486
0.274,355.06322751352786,3252.094043294633
0.274,1219.0000000000002,22724.999999999993
0.274,1003.9999999999998,17334.999999999993
0.274,647.0077279291183,12879.733498795698
0.274,986.0603429810977,44602.89452490725
0.274,246.0,1501.9999999999995
0.274,1278.3993898621825,58739.85468998033
0.274,181.74597253792686,1560.6926904051675
0.274,1052.0,27617.000000000015
0.274,84.0,98.0
0.274,1026.0,15808.000000000004
0.274,152.1742422356688,1062.2960980818857
0.274,1003.9999999999998,29868.00000000001
0.274,87.0,101.0
0.274,874.6370675886081,7281.912111526748
0.274,73.0,97.0
0.274,1192.9999999999998,18677.0
0.274,363.765034053577,2115.1907715381135
0.274,351.4593893432637,6343.546671817068
0.274,603.9999999999999,11827.000000000002
0.274,642.1137239003385,10841.484557941427
0.274,1044.4759451514433,27009.35437954783
0.274,973.909646733207,20417.955039621378
0.274,395.2059386520383,1405.8519444780848
0.274,111.00000000000001,138.0
0.274,430.0,9652.000000000004
0.274,314.7141560209836,2006.9937717890407
0.274,868.3528804029138,13931.860053820046
0.274,1680.9999999999998,30504.000000000007
0.274,595.4070317652257,6572.752186477817
0.274,311.1976863667209,4208.448645284863
0.274,493.0,9762.0
0.274,62.0,591.0
0.274,115.99999999999999,139.0
0.274,1330.9999999999998,62542.00000000002
0.274,715.0,8282.999999999996
0.274,1396.570800210287,21193.48465920599
0.274,96.0,97.0
0.274,159.0,1684.0
0.274,89.36442245099556,687.2554110372649
0.274,140.0,148.0
0.274,464.9677408165001,3781.734390461603
0.274,120.0,1371.0000000000005
0.274,478.0,11474.000000000002
0.274,791.1396842530402,19850.07909304141
0.274,1205.7221902245972,23218.441485164345
0.274,639.4704155810433,4654.172332920442
0.274,263.6361128525453,3656.2781622847015
0.274,501.99999999999994,4841.0
0.274,451.99999999999994,1197.0000000000002
0.274,289.21639026038895,2930.54930663371
0.275,827.0,7364.0
0.275,331.0,790.0000000000002
0.275,56.99999999999999,194.0
0.275,3499.999999999999,123448.00000000004
0.275,612.5969311056007,15840.428782075316
0.275,370.8082162286537,4853.040656089003
0.275,529.7782554994118,4855.681620534855
0.275,898.086469419142,19646.03172106161
0.275,676.7578420125888,13175.56836792812
0.275,110.17259187293362,491.4570174491356
0.275,66.0,895.9999999999999
0.275,3499.999999999999,178090.00000000003
0.275,757.0733121699643,11473.990587411163
0.275,630.7329070216647,15280.257687617712
0.275,1925.9999999999998,65713.99999999997
0.275,167.23561223280953,492.4447154417763
0.275,542.2176684690382,4468.054386419216
0.275,349.0,6631.0
0.275,544.0,8890.0
0.275,234.43549219348165,3415.0490479640252
0.275,1050.9999999999998,13579.000000000005
0.275,287.8193878111758,5319.469146446852
0.275,71.0,773.0
0.275,925.0000000000002,14434.999999999995
0.275,962.4240229753203,14771.018854500195
0.275,206.91302520624458,888.6467239572769
0.275,89.0,91.0
0.275,325.8082258016209,1047.1255894113183
0.275,3499.999999999999,249796.0000000001
0.275,654.0,10403.999999999996
0.275,471.0,4799.000000000001
0.275,312.00000000000006,1047.9999999999998
0.275,299.40941868952626,4937.9161596770755
0.275,328.14934392325813,2474.59915034586
0.275,756.0,8918.999999999996
0.275,331.0,1763.0000000000002
0.275,346.4751073309597,6810.765742557881
0.275,66.0,632.0
0.275,2017.5480167768,35615.68957636506
0.275,1017.0,39158.000000000015
0.275,395.00000000000006,4662.0
0.275,1093.0,13124.999999999995
0.275,940.0000000000002,13666.999999999998
0.275,639.8864829590782,8760.317847821543
0.275,605.7400432528793,18548.42268226601
0.275,1322.8457960019375,45136.372029661405
0.275,1807.0000000000005,121763.00000000006
0.275,65.0,567.0000000000001
0.275,97.0,104.0
0.275,60.0,465.00000000000006
0.275,623.2976816898969,3855.79304423876
0.275,873.4807923931285,10367.027513636122
0.275,1175.0000000000002,18593.000000000007
0.275,1025.9152011740546,18416.722021032947
0.275,186.0,1270.0
0.275,501.0,10727.000000000002
0.275,1021.0000000000002,46409.00000000001
0.275,3499.999999999999,124779.28703114153
0.275,408.73437309448553,5214.642441945636
0.275,390.78474469074405,6653.256552667499
0.276,1093.0,31893.99999999999
0.276,209.4564393853767,2262.891071174218
0.276,3499.999999999999,49506.000000000015
0.276,1284.0000000000002,21074.999999999993
0.276,561.3786600860421,11756.153962925115
0.276,125.0,1616.0000000000005
0.276,101.0,698.0000000000001
0.276,106.0,112.00000000000001
0.276,103.87492478938312,484.8257418908365
0.276,483.7695732474294,6015.467562874896
0.276,1419.0,23170.0
0.276,172.0,2463.0
0.276,1191.9999999999998,19663.99999999999
0.276,293.00000000000006,4805.999999999999
0.276,71.0,86.0
0.276,581.9999999999999,3292.0
0.276,3499.999999999999,126421.00000000004
0.276,1261.0,19851.000000000004
0.276,373.0,1941.9999999999998
0.276,1409.0000000000002,28090.000000000004
0.276,509.99999999999994,9025.000000000004
0.276,707.9513029804602,11913.372716475003
0.276,1090.0,36806.000000000015
0.276,337.6640342115221,3711.3528530712365
0.276,1165.0000000000002,18924.000000000004
0.276,1285.0,29991.999999999996
0.276,101.0,109.00000000000001
0.276,123.24771803161308,1489.3260220650143
0.276,1571.9199063751664,50778.245440948725
0.276,1074.9999999999998,34859.00000000001
0.276,320.93301481773415,4554.1739097228165
0.276,1237.0,35646.0
0.276,3499.999999999999,137376.0
0.276,65.0,624.0
0.276,3499.999999999999,158492.00000000006
0.276,861.3621714463982,23498.772995459007
0.276,637.7593590062006,5655.653631544278
0.276,467.57856172550953,8298.089102898033
0.276,137.8042089342702,604.0761541395257
0.276,1446.1932789222885,23221.999655499094
0.276,525.0,1053.0
0.276,451.1954878736191,2508.7439930055625
0.276,174.0,284.0
0.276,904.0000000000001,29160.000000000004
0.276,522.0,11748.0
0.276,133.0,206.0
0.276,455.99999999999994,9948.000000000002
0.276,63.0,523.0
0.276,69.0,933.9999999999998
0.276,3499.999999999999,205753.99999999994
0.276,648.9999999999999,5302.0
0.276,647.0,2355.0
0.276,133.0,160.0
0.276,648.9999999999999,10912.000000000002
0.276,883.0000000000002,10516.999999999996
0.276,700.2517577428061,9320.212291178932
0.276,339.27422536939054,1926.1401818143972
0.276,65.0,618.0000000000001
0.276,280.0142853498728,1737.815870568571
0.276,3499.999999999999,133694.0
0.276,241.0,4898.999999999999
0.276,299.97333214804286,5360.957004117828
0.276,536.0000000000001,7284.999999999996
0.276,483.08427988033725,5886.593458256546
0.276,674.323127237474,6038.649973333183
0.276,1135.0,13107.000000000002
0.276,1305.0,78238.99999999997
0.277,64.0,528.0000000000001
0.277,420.02497206017335,6353.274510614776
0.277,1633.9999999999995,62532.00000000001
0.277,84.0,99.0
0.277,1042.9999999999998,12085.0
0.277,330.3216291639391,6253.077626245185
0.277,629.8528580526271,10927.563275181396
0.277,95.0,109.00000000000001
0.277,1312.0731686914414,28185.82835397957
0.277,1270.164692304707,25300.77841091355
0.277,208.99760764181008,2369.58160863896
0.277,1447.0,73904.99999999996
0.277,287.9982638836561,1589.876410291064
0.277,1205.6666205879633,30376.759010796388
0.277,857.0000000000002,15697.999999999996
0.277,566.8938749004582,5182.630585676169
0.277,1050.9999999999998,24999.99999999999
0.277,1931.5796644197717,60928.635156221855
0.277,3499.999999999999,87960.0
0.277,3499.999999999999,161824.99999999994
0.277,1141.0000000000002,32076.0
0.277,548.4752663530271,9584.030715142479
0.277,279.6873254189399,1223.1761933589128
0.277,603.3241251599342,4693.390991596589
0.277,957.3045492422981,15126.778341735557
0.277,1172.0,11612.0
0.277,1885.7359306117069,38523.75067409714
0.277,1970.9999999999998,37760.99999999999
0.277,1334.105504116774,20588.53853486767
0.277,925.3085971717761,17861.483812942308
0.277,883.0000000000002,7469.999999999999
0.277,1226.9999999999998,19837.000000000007
0.277,476.0772521911357,8276.330536981763
0.277,703.990056747963,18193.659939660298
0.277,336.0,4841.0
0.277,496.79573267088347,2933.5541583546737
0.277,625.8064885069865,4373.045194350058
0.277,578.5490471861483,9339.949464531377
0.277,953.0000000000001,31511.0
0.277,325.0,6249.000000000003
0.277,3499.999999999999,158148.99999999997
0.277,493.9281732183436,3025.5378185162244
0.277,631.0,4313.0
0.277,455.00000000000006,5450.000000000001
0.277,678.9999999999999,8785.000000000002
0.277,857.993111986766,13344.05876607869
0.277,705.0000000000001,10030.000000000002
0.277,82.37111144084434,335.0940166580119
0.277,1345.9985141150783,28062.331086351332
0.277,1200.0,26817.0
0.277,655.9999999999999,22728.000000000004
0.277,583.218225850025,8312.752501723677
0.277,63.0,395.00000000000006
0.277,1441.0000000000005,20092.999999999996
0.277,1299.0000000000002,23099.999999999993
0.277,1166.9999999999998,37581.0
0.277,796.947534548273,9716.900409392309
0.277,751.3649493038167,9028.695164619772
0.277,618.0000000000001,36768.0
0.277,1953.2024984624609,77928.15031168134
0.277,146.0,1925.0000000000005
0.277,106.0,202.0
0.277,280.35691537752376,1136.5034095857345
0.277,1250.0000000000002,11746.000000000005
0.277,1023.0,15449.0
0.277,312.00000000000006,6304.0
0.277,705.5997448979132,8668.943534249136
0.277,843.0,9522.999999999998
0.277,117.57976016304848,1260.5248906705494
0.277,1267.9999999999998,16854.000000000004
0.278,1024.0,11554.999999999998
0.278,358.0,3313.0000000000005
0.278,3499.999999999999,123699.99999999996
0.278,101.0,135.0
0.278,1784.0,43782.99999999999
0.278,1135.0,17068.999999999996
0.278,910.768905925098,13737.82806705631
0.278,1872.6985876002573,41757.2245725216
0.278,240.16660883644917,4115.181648481632
0.278,2513.4637455113607,85228.25376599004
0.278,255.86910716223642,4205.596984971338
0.278,331.99999999999994,6264.000000000003
0.278,645.4114966438078,11358.01664024138
0.278,585.0,10037.0
0.278,670.4667424243369,4621.358429115275
0.278,350.0999857183659,1585.976040172108
0.278,173.0,1291.0
0.278,1213.0000000000002,3995.0000000000005
0.278,2056.0,84718.99999999997
0.278,231.0,1546.0
0.278,302.0,1413.0000000000005
0.278,297.4441123976065,1639.6585010300164
0.278,2383.3799529239977,89035.03558712159
0.278,798.1227975693964,11691.619733809339
0.278,483.13255880914187,2165.4197255806816
0.278,1133.7055410012401,23710.501925498964
0.278,274.9254444390333,3022.992887851375
0.278,109.00000000000001,1263.0
0.278,1203.7441588643326,17325.74038822007
0.278,3499.999999999999,115766.00000000003
0.278,276.98916946335646,1184.6383414359
0.278,248.0,7425.0
0.278,913.0000000000001,27152.999999999996
0.278,414.5045234976332,12373.810245837787
0.278,453.9999999999999,7759.0
0.278,162.0,1617.0000000000005
0.278,729.9655954261546,8959.060323644166
0.278,142.0,443.00000000000006
0.278,307.87335058429466,4288.451701954914
0.278,802.4961059095552,4102.960394641898
0.278,793.0000000000001,8479.999999999998
0.278,755.6078329584836,14998.025937142364
0.278,78.0,88.0
0.278,697.1138498843567,17281.47506482115
0.278,1045.7121974998665,20713.165378570215
0.278,373.2090566961096,3081.2453651080764
0.278,474.5892961287685,9955.69143756475
0.278,1272.988609532701,31765.822828946206
0.278,465.3906225505201,3141.048514025992
0.278,3499.999999999999,33878.99999999999
0.278,3499.999999999999,61448.99999999999
0.278,81.0,95.0
0.278,3499.999999999999,76879.00000000001
0.278,337.9201089014976,4255.513952509145
0.278,3499.999999999999,211805.00000000006
0.278,620.0000000000001,5150.0
0.279,1212.435565298214,13154.989319645989
0.279,398.0,2773.999999999999
0.279,953.1788919190354,16210.334111300719
0.279,442.1323331311566,2912.668879224002
0.279,3499.999999999999,271662.99999999994
0.279,1040.0,49718.000000000015
0.279,787.4905062566664,13629.21583071935
0.279,495.0,8704.000000000004
0.279,331.99999999999994,3647.0000000000005
0.279,784.581532773907,9085.971538312708
0.279,108.89444430272832,415.9483140968359
0.279,1121.571665119978,18158.10463677307
0.279,1294.0,11303.000000000002
0.279,3499.999999999999,277157.00000000006
0.279,1958.570907575215,93736.78582072249
0.279,649.3797040253105,7013.910464213238
0.279,771.9999999999998,23134.0
0.279,69.0,77.0
0.279,535.4302908281054,4833.635374960231
0.279,501.99601592044525,4559.767099315492
0.279,3499.999999999999,182038.00000000003
0.279,828.7822391919362,26039.855183929103
0.279,233.76911686533788,2888.7258436895672
0.279,88.0,1711.0
0.279,1067.0000000000002,24964.99999999999
0.279,883.0000000000002,15362.999999999995
0.279,3499.999999999999,236553.00000000012
0.279,236.0,6680.000000000003
0.279,498.00000000000006,8629.000000000004
0.279,381.99999999999994,2645.0000000000005
0.279,219.22591087734133,2877.198290003663
0.279,436.6760813234451,4669.773442041916
0.279,715.0,23927.000000000007
0.279,143.6523581428443,1907.7368791319207
0.279,724.5688373094719,25077.96809950918
0.279,1904.0000000000002,64582.99999999999
0.279,118.0,1515.0000000000005
0.279,797.0000000000001,8877.0
0.279,280.4567702873297,4803.588658492731
0.279,1073.0,20955.0
0.279,913.0000000000001,21496.000000000004
0.279,94.0,109.00000000000001
0.279,238.46473700984637,1334.9536378013513
0.279,818.1765275808289,12477.80523765969
0.279,847.9127313585993,14727.445195959817
0.279,81.0,84.0
0.279,625.0000000000001,25146.00000000001
0.279,132.18169313486646,168.02083204174417
0.279,191.0,244.0
0.279,763.3747441460191,17690.763070031775
0.279,3499.999999999999,70085.99999999999
0.279,1381.1227316933132,40784.69884650373
0.279,346.0,6539.999999999999
0.279,368.99999999999994,3431.0
0.279,975.0000000000002,22521.999999999996
0.279,1557.0000000000002,104017.00000000003
0.279,1050.9999999999998,8349.0
0.279,67.0,577.0
0.279,2045.9716518075224,79508.62978318772
0.279,241.0,3302.0000000000005
0.279,254.156434782309,1397.5648751257565
0.279,179.48833085481553,431.62670656332665
0.279,177.0,202.99999999999997
0.28,777.0,17105.999999999996
0.28,484.49767801301175,1773.8029766577797
0.28,143.1817027416562,702.3958997602421
0.28,1222.4974437601088,41075.33026038868
0.28,597.4771962175629,9989.67867351097
0.28,190.68298298484842,1363.6099148950184
0.28,900.052776230372,13565.974716178702
0.28,449.8690977274838,9310.76926738875
0.28,228.82307575941724,895.0240220239904
0.28,326.32805579661704,3059.2616756335187
0.28,139.84540758831292,887.0359332765058
0.28,631.0,12689.999999999996
0.28,96.0,103.0
0.28,147.30919862656236,2200.08658920507
0.28,1196.0000000000002,11956.000000000002
0.28,337.8477191783387,4612.283441119463
0.28,1680.9999999999998,36969.0
0.28,1177.0000000000002,15012.000000000005
0.28,3499.999999999999,139612.0
0.28,1175.0000000000002,40564.0
0.28,1423.0378658344669,59491.076902784014
0.28,516.0,8837.000000000002
0.28,61.0,637.0000000000001
0.28,3499.999999999999,248919.00000000006
0.28,207.31136003605783,2043.7098619911783
0.28,774.0000000000002,29401.00000000001
0.28,288.0,3593.456274953127
0.28,389.8268846552274,2150.363225131978
0.28,538.9805191284745,3161.864323464876
0.28,323.3666649486307,1142.0656723673992
0.28,458.6240290259549,2074.5727270934603
0.28,450.6367627352421,4549.427758166865
0.28,504.8709430693424,9851.614115183504
0.28,199.3975202464765,2513.3704868991836
0.28,1737.9999999999995,85438.00000000001
0.28,1455.067008766263,32431.165504804176
0.28,3499.999999999999,106180.70232391579
0.28,226.0929012596371,2310.8967956185315
0.28,290.84969978385556,963.4818240973141
0.28,3499.999999999999,95057.00000000004
0.28,336.0,4053.0
0.28,318.2085039233588,5619.472578219833
0.28,560.2053195034835,2917.875939789079
0.28,913.7187751162825,13720.277548213078
0.28,153.0,198.0
0.28,1627.7284785860327,28391.614536690235
0.28,93.0,100.0
0.28,126.0,250.99999999999997
0.28,191.98437372826174,3255.7263784135407
0.28,804.7311937652975,10396.92025218811
0.28,1879.2285651298516,33952.98042882245
0.28,659.9999999999999,12411.999999999998
0.28,161.0,2257.0
0.28,1009.0,10621.999999999996
0.28,351.6361756133745,1756.2653558047548
0.28,256.24207304812376,953.8658186558526
0.28,235.73714174902517,1568.5305224954977
0.28,1845.374370458437,53062.03598143788
0.28,1029.0,8399.999999999998
0.28,3499.999999999999,130083.00000000004
0.28,321.0763149159401,1195.183249547951
0.28,367.9915645711344,3791.862755092388
0.28,95.0,851.0
0.28,496.3305350268104,4456.313947647766
0.28,800.1668146928217,14469.20517022016
0.28,142.0,2094.0000000000005
0.28,420.0,10328.999999999998
0.28,726.9800547470336,5837.82904854193
0.28,1080.0152776697191,24632.976576126566
0.28,422.4926034855521,3181.382718253181
0.281,61.0,560.0
0.281,255.93227375088415,3824.4913965012224
0.281,1298.9368729849807,17247.51066096207
0.281,855.9999999999999,14758.000000000002
0.281,403.72763095928923,4616.447118726694
0.281,68.0,796.0000000000001
0.281,80.0,94.0
0.281,377.0035483862301,10150.183669822201
0.281,877.9999999999998,37961.99999999999
0.281,299.63644638127715,2968.430056443977
0.281,1303.0,17182.0
0.281,1163.747824917409,17610.760063097783
0.281,905.1171194933836,9316.299909298754
0.281,488.0,5618.999999999999
0.281,814.5342227310035,12980.120145822993
0.281,1039.9519219656265,20134.41501509293
0.281,181.56961663473214,1235.8777855929884
0.281,718.2916674649491,11137.706342566717
0.281,1240.0,7205.000000000003
0.281,1513.0,22798.999999999996
0.281,757.0363267373634,3930.188290654788
0.281,121.0,2878.9999999999995
0.281,67.0,914.0
0.281,348.0,7233.999999999997
0.281,441.7148401401066,3824.082896591024
0.281,905.2950197571496,33255.085985643884
0.281,1314.9999999999998,12998.000000000002
0.281,590.0,4651.000000000001
0.281,287.80027797067885,749.3597267000677
0.281,1604.9922118191098,60704.05709670483
0.281,1291.9469628725005,27613.430379262205
0.281,476.99999999999994,6499.000000000001
0.281,1577.0000000000002,35849.999999999985
0.281,1762.0,43481.000000000015
0.281,76.0,1065.0
0.281,1412.0,26895.000000000004
0.281,313.86939959161356,905.4777744373407
0.281,923.5177312861946,16876.65440779066
0.281,837.4090995445416,15937.242735178492
0.281,743.0000000000001,7551.999999999996
0.281,1036.9999999999998,21524.00000000001
0.281,291.4866190370896,4464.9463845753935
0.281,3499.999999999999,113605.00000000001
0.281,3499.999999999999,83841.00000000001
0.281,110.00000000000001,131.0
0.281,441.0,6457.000000000001
0.281,183.41755641159327,2021.5365443147437
0.281,140.0,218.00000000000003
0.281,1341.9999999999998,16131.999999999996
0.281,154.0,275.99999999999994
0.281,133.7227877209191,546.9887891003207
0.281,1330.7892395116517,42347.718332868884
0.281,602.0,5803.999999999998
0.281,935.9579908086516,18034.594382632327
0.281,1192.9999999999998,21124.000000000007
0.281,655.0,10873.999999999995
0.281,682.0,9991.999999999998
0.281,484.2356614816773,8023.508167225819
0.281,202.0,2004.0
0.282,1681.9999999999998,23583.999999999996
0.282,662.0,9641.999999999998
0.282,3499.999999999999,174254.05286534937
0.282,702.3161681180349,14535.982113362692
0.282,1944.2222095223585,35313.36712917646
0.282,552.7336521897842,11291.365429111253
0.282,808.5703432602509,19397.36992481197
0.282,66.0,647.0
0.282,1605.4905792311588,31000.897019279953
0.282,594.2633823871778,16060.2555500331
0.282,438.0,3461.999999999999
0.282,444.684157577038,9836.483467174636
0.282,340.47026301866657,4317.337605515695
0.282,62.0,462.0
0.282,1637.0,102223.00000000003
0.282,112.32096865679178,1282.233208117775
0.282,247.1052407376258,2880.687417961207
0.282,1879.2285651298516,65688.14139553651
0.282,310.0,2817.0
0.282,334.0,8431.000000000004
0.282,3499.999999999999,94159.00000000004
0.282,1284.0000000000002,60051.999999999985
0.282,1130.0,31564.999999999985
0.282,320.06093169895007,1138.2719358747277
0.282,227.1497303542313,1132.7135560237637
0.282,223.85709727413152,4851.72629071344
0.282,288.99999999999994,5548.000000000001
0.282,368.37182065201694,6215.43494021473
0.282,795.0000000000001,8335.999999999998
0.282,297.0,5135.000000000001
0.282,747.3384307943661,5312.323080355022
0.282,61.0,388.0
0.282,553.9810321630396,3639.9066866148437
0.282,463.4684455278482,7050.165955493531
0.282,1951.0000000000002,103032.99999999994
0.282,174.8999714122332,532.7907656857427
0.282,1303.0,29440.999999999996
0.282,583.9999999999999,15023.000000000005
0.282,900.9999999999998,15865.999999999995
0.282,986.1703706763855,6120.739334426844
0.282,715.0,32933.00000000001
0.282,570.5260730238364,5261.6161965692645
0.282,93.0,127.0
0.282,312.5784865259185,1827.5899978571924
0.282,1193.0700101100815,22915.652022425595
0.282,366.89371758044587,2171.1586768359425
0.282,447.860301361894,5502.015829398723
0.282,143.0,2316.0000000000005
0.282,456.3602413285363,2812.663802557911
0.282,270.0,2203.0000000000005
0.282,365.3721106594851,5896.1593380689865
0.282,506.0551346755492,11226.714523556879
0.282,320.14371772689833,3819.5078216964034
0.282,1063.0000000000002,44886.99999999999
0.282,1955.0000000000005,41442.00000000001
0.282,240.83189157584593,4972.784330734644
0.282,767.7196989708119,25616.907511826957
0.282,224.45712285423247,1109.5512606454922
0.282,144.0,1716.9999999999998
0.282,1623.4223110454036,32666.507190086922
0.282,1108.8785947486936,22771.594604230908
0.282,68.0,835.0
0.282,1383.0,26738.000000000004
0.282,89.0,105.0
0.282,129.0,2376.9999999999995
0.282,220.0727152556627,1219.0283015582534
0.282,146.27856991708276,409.6335651230308
0.282,1330.77421075102,25578.343593751324
0.282,123.23453169874894,302.3250451107408
0.282,855.7639861550613,12348.730784983532
0.283,168.40724449975423,1959.4994258738634
0.283,1105.0000000000002,13513.999999999998
0.283,890.4788484914399,6132.424364558419
0.283,754.221442063419,6841.953731250301
0.283,1031.0000000000002,11489.000000000004
0.283,1166.9999999999998,8490.999999999998
0.283,970.3092290605092,16301.479227358483
0.283,329.0714208192501,1424.7526101046458
0.283,2037.0,54719.999999999985
0.283,1233.308410907798,21663.76099260066
0.283,386.50898376762154,3702.6108513032555
0.283,97.0,745.0000000000001
0.283,294.0,5681.999999999999
0.283,757.0000000000001,13547.999999999996
0.283,285.0,1211.9999999999998
0.283,1745.9999999999998,16790.000000000007
0.283,1879.0,66274.00000000001
0.283,83.0,103.0
0.283,1131.9999999999998,18169.999999999996
0.283,109.00000000000001,367.0
0.283,1385.8697678150247,31671.137134649376
0.283,98.0,103.0
0.283,1020.044116692999,16136.723645151764
0.283,147.94593607125543,1115.9677414692596
0.283,1177.0000000000002,6138.000000000003
0.283,1093.0,37714.99999999999
0.283,335.0,678.9999999999999
0.283,1253.704909458362,14272.593947842834
0.283,1050.9999999999998,30743.00000000001
0.283,1597.0000000000002,40232.00000000001
0.283,455.00000000000006,11426.000000000002
0.283,679.3231925968669,6626.865322307372
0.283,119.93331480451958,995.3351194447027
0.283,1222.1456541672926,17278.518049879163
0.283,76.0,672.0
0.283,297.70959003700233,4209.251239828766
0.283,270.33312782565145,1004.5655777499052
0.283,462.01599271237905,3661.543004530113
0.283,348.0,4965.0
0.283,317.6413071374691,2123.6567519257906
0.283,98.0,103.0
0.283,734.0,5020.999999999999
0.283,302.8329371357229,1432.8612849654885
0.283,622.882037049397,9699.170690357516
0.283,806.0,17098.0
0.283,1142.8228209131983,17885.35221906462
0.283,340.73450074801644,1434.6288718689582
0.283,549.9499977270661,26452.551729464583
0.283,122.0,2462.0
0.283,198.83913095766636,2542.547344691933
0.283,438.99999999999994,3500.999999999999
0.283,636.0,11965.000000000004
0.283,62.0,461.00000000000006
0.283,473.2863826479693,9691.914981055084
0.283,1149.2916943922567,30754.06021867871
0.283,200.0,1777.0000000000002
0.283,253.6631624812716,3428.3652080838756
0.283,1236.0000000000002,10230.999999999998
0.283,252.95058806019804,1553.680790896251
0.283,96.0,145.0
0.283,1648.582805149947,58034.52010078129
0.283,275.99999999999994,409.0
0.283,260.4535781965604,1616.1690201135493
0.283,1486.0000000000002,59264.00000000001
0.284,480.0,5360.000000000001
0.284,1110.0,11523.000000000002
0.284,2105.8252539087857,74355.23513512683
0.284,742.0,10694.000000000002
0.284,254.0,3664.000000000001
0.284,196.07441121594212,535.966768564218
0.284,451.99999999999994,8416.000000000002
0.284,887.8418441112416,23682.909154929202
0.284,939.1485505499115,32175.495334182484
0.284,62.0,543.0
0.284,515.6044995924688,11683.792620549208
0.284,1575.9999999999995,64672.99999999998
0.284,453.5857140607495,11224.019957216757
0.284,119.99583326099285,820.1353546823842
0.284,478.7984962382401,2918.070595444873
0.284,100.0,737.0
0.284,176.3199993570234,769.5975858719255
0.284,396.3899595095718,7193.106908700859
0.284,357.1968669403967,3445.631117876734
0.284,104.0,112.00000000000001
0.284,215.42284001470227,1912.6141795981748
0.284,1014.0,18424.999999999993
0.284,1094.068553610787,14099.302642329516
0.284,276.16661637497026,1309.987022836486
0.284,3499.999999999999,75695.0
0.284,408.72484632084706,1831.786013703566
0.284,3499.999999999999,89365.00000000001
0.284,65.0,886.0000000000001
0.284,1314.9144458861194,34892.63915211919
0.284,890.0,31138.999999999985
0.284,69.0,775.9999999999999
0.284,1123.9999999999998,27775.000000000007
0.284,234.03845837810505,977.1530074660772
0.284,834.5256736912626,8903.821975550212
0.284,1476.0000000000002,19841.000000000004
0.284,525.0638056465137,5486.706662470668
0.284,397.8844053239584,5920.354719102566
0.284,78.0,88.0
0.284,1054.9881515922348,24486.80808108724
0.284,297.6440827565702,2745.752720111555
0.284,204.99999999999997,214.0
0.284,155.8974021592406,1418.0973168298428
0.284,609.6868048432735,10200.667821275236
0.284,1357.9999999999995,31792.000000000007
0.284,1257.7758146824094,18514.22555766241
0.284,792.1931582638164,14514.573607240422
0.284,601.6045212596063,7923.480548344901
0.284,1050.9999999999998,24749.999999999996
0.284,311.1535550605218,3058.7708442797884
0.284,1901.634420042414,43628.836986653514
0.284,310.0,4104.999999999999
0.284,1659.6045896165322,23364.10126038553
0.284,308.0,6924.000000000003
0.284,1407.9999999999998,84620.00000000004
0.284,1333.151154220706,18313.002484573637
0.284,1253.0,49285.0
0.284,89.0,93.0
0.284,578.6406484166145,7654.396318456475
0.285,66.0,95.0
0.285,173.99999999999997,1806.4617349946836
0.285,625.194887490536,11374.435311957244
0.285,1009.0,12184.000000000002
0.285,138.0,1673.0
0.285,286.48036581936987,1674.5626294647807
0.285,1050.9999999999998,12459.999999999998
0.285,3499.999999999999,275774.9999999999
0.285,605.7526411519751,12235.466634640403
0.285,182.0345303399227,1535.500225655508
0.285,1470.0,75682.00000000001
0.285,470.06598590670814,4600.687783107205
0.285,578.9999999999999,3024.0
0.285,939.0,10243.0
0.285,128.0,158.0
0.285,97.0,103.0
0.285,252.0,3215.0
0.285,354.0,1059.0000000000002
0.285,394.00000000000006,5470.999999999999
0.285,619.0,7561.0
0.285,245.00000000000003,2380.9999999999995
0.285,97.0,904.0000000000001
0.285,80.0,744.0000000000001
0.285,3499.999999999999,97547.99999999999
0.285,72.0,98.0
0.285,3499.999999999999,167420.00000000003
0.285,564.4360016866393,2037.1060355317782
0.285,88.0,95.0
0.285,265.8608658678445,2702.2782980292754
0.285,545.9999999999999,4624.999999999999
0.285,114.99999999999999,1205.0
0.285,260.0,1810.0000000000002
0.285,3499.999999999999,84470.00000000001
0.285,1679.5832816505404,46437.45341855001
0.285,163.6765102267274,2560.951971435623
0.285,3499.999999999999,137659.99999999994
0.285,53.27288240746881,700.1571252226175
0.285,268.0,455.00000000000006
0.285,165.0,354.0
0.285,1074.8492917614076,19550.659323920518
0.285,355.0,3979.0
0.285,272.0,1569.9999999999998
0.285,241.66298847775596,767.5167750609752
0.285,667.361570169953,11057.040131566067
0.285,736.5459931328118,4313.44491097313
0.285,1116.9999999999998,22146.999999999996
0.285,453.81268188238914,6218.1852638655655
0.285,59.0,784.9999999999998
0.285,421.0,12999.999999999996
0.285,429.31457412816246,8522.513328145531
0.285,624.0,6669.0
0.285,387.9432948254164,3966.4992121516916
0.285,375.93593295016825,1501.5307506702052
0.285,2208.8458524759026,40263.666859837766
0.285,576.0000000000001,7622.999999999997
0.285,89.45948803788227,316.5706872090339
0.285,252.99999999999997,8385.999999999996
0.285,1555.0,40569.0
0.285,755.0000000000001,16400.000000000007
0.285,579.2581462526013,8281.692218381459
0.285,3499.999999999999,117066.99999999999
0.285,421.0,8770.999999999998
0.285,277.99999999999994,4129.999999999999
0.286,875.5295841722166,11711.783528639855
0.286,871.8371407550839,11644.82339926201
0.286,615.0000000000001,14367.000000000002
0.286,1338.0,42065.000000000015
0.286,1003.9999999999998,7064.000000000003
0.286,1347.0000000000002,32980.99999999999
0.286,137.2880184138441,1826.4583214516563
0.286,249.37922928744487,871.7499641525659
0.286,1330.9999999999998,71795.00000000003
0.286,1049.199218451863,9200.188856757231
0.286,1062.5726640038927,18925.394194138124
0.286,999.1260874994172,23568.41058074852
0.286,530.7880933103154,6387.278293608322
0.286,1471.0,68601.99999999997
0.286,279.0,3392.000000000001
0.286,310.0,5571.999999999998
0.286,424.0,4309.999999999999
0.286,94.0,95.0
0.286,101.98692642897755,510.31179319587795
0.286,435.634020710045,1979.7666529164487
0.286,273.0,1745.0
0.286,609.0,4194.0
0.286,380.0,6512.000000000002
0.286,1252.0,21827.999999999993
0.286,408.0,9151.0
0.286,457.0,7032.999999999997
0.286,237.6678354342464,1598.7870402276847
0.286,586.1552695318878,6920.433223433341
0.286,1604.0,34275.99999999999
0.286,110.00000000000001,932.0000000000002
0.286,491.22398149927494,5664.6593895838105
0.286,177.0,982.9999999999998
0.286,101.0,189.0
0.286,434.0,4315.0
0.286,378.6621185172871,4482.976689656102
0.286,1000.0000000000002,18720.000000000004
0.286,332.5475734217346,4504.611761633793
0.286,1555.0,44879.999999999985
0.286,3499.999999999999,120891.00000000003
0.286,368.23119726793607,3104.576108602577
0.286,1141.0000000000002,13895.999999999995
0.286,250.77081169865045,1771.4993649448477
0.286,646.0,18803.000000000007
0.286,732.005402853609,15287.029578990194
0.286,421.0,6491.999999999997
0.286,413.35051451878815,4624.3887158600355
0.286,391.8297886600562,7285.817545396142
0.286,192.0,416.0
0.286,192.99304654268443,1806.6918115731364
0.286,428.0,11751.0
0.286,633.0,15286.999999999995
0.286,994.7884197154689,11880.432399538318
0.286,509.99999999999994,5503.000000000001
0.286,723.5247058670492,7676.999934870393
0.286,761.7767065713676,17888.219472399236
0.286,209.65686251587377,3042.490098587012
0.286,313.99999999999994,4247.999999999999
0.286,442.8317965096906,2219.7889539323323
0.286,484.8242387252545,5450.553396608627
0.286,157.0,200.0
0.286,244.0,3524.0
0.286,564.3580423808985,3251.0118424884276
0.286,1007.9999999999998,23008.000000000007
0.287,381.99999999999994,7552.999999999997
0.287,101.0,112.00000000000001
0.287,282.0,423.00000000000006
0.287,666.9999999999999,8047.999999999999
0.287,513.7771890615619,7151.4194395238765
0.287,587.0000000000001,7890.000000000002
0.287,133.0,288.99999999999994
0.287,3499.999999999999,102547.99999999996
0.287,577.8001384561967,5453.21684879668
0.287,3499.999999999999,105904.17988918097
0.287,98.0,155.0
0.287,569.0449020092727,7913.343633863953
0.287,92.0,805.0000000000002
0.287,443.00000000000006,13210.999999999996
0.287,195.63230817019974,1098.9563230629328
0.287,1185.0,7570.000000000003
0.287,1079.0,29036.999999999996
0.287,155.08062419270826,1481.3439843601486
0.287,667.0502229967395,15511.644400256211
0.287,90.0,151.0
0.287,1819.0000000000002,35143.99999999999
0.287,412.0,9988.000000000002
0.287,63.0,505.99999999999994
0.287,107.0,1033.0
0.287,290.0,3907.999999999999
0.287,3499.999999999999,129891.99999999996
0.287,649.9999999999999,5875.999999999997
0.287,1429.0,94721.00000000003
0.287,132.0,158.0
0.287,447.4013857823866,2574.895726044066
0.287,820.0430865184795,13180.292315141898
0.287,279.9696412113285,3347.6932356474954
0.287,1507.9999999999998,24338.000000000004
0.287,876.0,19600.99999999999
0.287,275.0,2232.0
0.287,621.0,11080.999999999998
0.287,292.02768393308725,5784.676419373943
0.287,938.1993391598611,16804.072720623408
0.287,290.4427654461374,1206.2736008053894
0.287,369.06097057261417,4391.744983488908
0.287,299.0,2021.0000000000005
0.287,1192.9999999999998,48922.0
0.287,335.0,6948.000000000004
0.287,639.0,17314.999999999993
0.287,438.95204288611006,10877.393637166015
0.287,457.0,4029.999999999999
0.287,63.0,85.0
0.287,333.70550852444876,1870.8564559412284
0.287,261.4612782038671,1846.7227729142242
0.287,194.16487838947597,672.7785668405319
0.287,284.5997189035857,3761.432705765185
0.287,89.0,108.0
0.287,288.3406463075164,857.3416361041975
0.287,1405.0000000000002,43066.00000000002
0.287,343.0,5220.000000000001
0.287,63.0,494.00000000000006
0.287,290.2619506583665,5681.084403527198
0.287,65.0,686.0
0.287,1060.0,37649.00000000001
0.287,1397.0,43147.00000000001
0.287,505.96047276442454,15637.37209380144
0.287,712.0,14477.999999999995
0.288,110.00000000000001,1517.0000000000002
0.288,97.0,1007.0
0.288,853.9999999999999,18903.999999999993
0.288,1166.9999999999998,9661.000000000004
0.288,793.0000000000001,8537.000000000002
0.288,668.4175341805451,8277.20321123023
0.288,558.0,3541.9999999999995
0.288,101.74969287422935,388.2988539771911
0.288,1364.4999083913494,30073.622362462407
0.288,1293.0,40383.999999999985
0.288,333.11069555258484,2771.306120559358
0.288,354.31765409022455,5586.875871182393
0.288,331.99999999999994,2253.0
0.288,60.0,356.99999999999994
0.288,461.00000000000006,7412.000000000004
0.288,3499.999999999999,72918.99999999999
0.288,812.0178569465085,13402.472831533734
0.288,731.0,4859.000000000001
0.288,614.2287847374137,10450.649836254202
0.288,578.8799530127123,4031.2412480525154
0.288,478.0,9055.000000000002
0.288,746.0,29194.00000000001
0.288,1244.0,20071.0
0.288,452.658811910251,3237.7431954989875
0.288,305.99999999999994,5568.000000000001
0.288,3499.999999999999,143551.0
0.288,366.0,5332.000000000001
0.288,90.0,93.0
0.288,423.93985422462936,3458.0592823142874
0.288,610.0,5644.000000000001
0.288,324.3454948045371,1068.019662740345
0.288,557.0502670316208,3604.559612490825
0.288,966.9999999999998,21345.999999999993
0.288,180.01666589513317,2085.7466289077393
0.288,407.8382032129898,3833.477533519662
0.288,372.7183923554082,1630.989576913353
0.288,160.1686611044745,725.7954257227032
0.288,1153.2562594670794,27473.86758357842
0.288,315.616570137236,4906.7064536099215
0.288,406.5710270051224,1940.6174275214578
0.288,150.0,754.0000000000002
0.288,132.0,197.0
0.288,573.5852159879994,5344.211635030934
0.288,538.0,12363.0
0.288,564.7742911995906,5094.06134631298
0.288,59.0,69.0
0.288,62.0,476.0
0.288,678.9999999999999,14680.000000000004
0.288,754.0000000000002,11194.000000000002
0.288,1258.5356570236695,27455.848739385197
0.288,1034.9898550227435,35533.32679330771
0.288,1094.007637027568,26313.86226968887
0.288,658.7533681128317,12297.072822424047
0.288,81.0,1159.0
0.288,189.62067397834025,1668.766011159144
0.288,1710.7052253434983,21016.806819360874
0.288,1164.6302251941283,28154.93954314551
0.288,1373.3644818474083,34800.16304559505
0.288,550.0,6813.0
0.288,299.8366221794796,4936.5013926869315
0.288,557.0,19135.0
0.288,480.99999999999994,8904.0
0.288,78.0,1077.0000000000002
0.288,207.9389369592644,2862.347461937359
0.288,367.0755783337002,5071.859508574315
0.288,238.0,4600.0
0.288,258.0,2114.9999999999995
0.288,265.1622145027454,4155.992781514423
0.288,459.0,8916.999999999998
0.288,522.4940191045251,3003.6817407974504
0.289,63.0,573.9999999999999
0.289,1215.9999999999998,13702.000000000004
0.289,417.0,7813.0
0.289,3499.999999999999,158260.0
0.289,61.0,659.0
0.289,93.0,101.0
0.289,1049.0,10508.000000000002
0.289,488.0,8484.000000000004
0.289,757.0000000000001,9570.999999999998
0.289,529.0,20349.000000000004
0.289,1314.609559903046,28496.672495550352
0.289,677.3706518590836,8898.054394079641
0.289,407.0,6684.999999999999
0.289,68.88396039717809,89.26365441768559
0.289,1090.9999999999998,6153.000000000002
0.289,718.346712945775,10543.951536307435
0.289,216.0,565.0000000000001
0.289,1885.0000000000005,53174.0
0.289,135.40310188470573,157.49285698088025
0.289,596.7210403530281,6728.351952744442
0.289,446.18315789615923,5139.873105266609
0.289,384.95730116218033,4039.7983651776412
0.289,647.0,15360.0
0.289,1450.0,57826.00000000001
0.289,813.0000000000001,17213.999999999996
0.289,820.3992930274867,15308.325381961276
0.289,407.94607486774515,8970.351163694766
0.289,267.0492037605232,2537.1718918494876
0.289,1555.0,35729.0
0.289,217.66028576660466,1487.7244368497818
0.289,694.0,24082.000000000007
0.289,83.0,94.0
0.289,279.9553535833884,3944.6723564828553
0.289,1016.6425133742933,13742.417691221584
0.289,478.0,10773.999999999998
0.289,2033.101079631802,64828.171653996265
0.289,470.65911230953554,5357.061694623276
0.289,87.0,1128.0
0.289,93.0,97.0
0.289,731.9999999999999,7126.000000000004
0.289,82.82150638963248,905.8206188759956
0.289,327.7621088533572,1268.6248460439358
0.289,369.60498383177315,5918.236376245359
0.289,3499.999999999999,161240.99999999994
0.289,244.1106306574951,2007.7923199374982
0.289,375.427756033035,2454.8140459106066
0.289,713.6988160281617,6651.770741689762
0.289,112.00000000000001,1791.0
0.289,251.62472056616377,3622.7006500675707
0.289,547.6857296000993,2889.8704840903606
0.289,257.0,2731.999999999999
0.289,666.0,17943.0
0.289,85.0,102.0
0.289,198.42381076955894,2317.8304980001703
0.289,593.0,9819.999999999996
0.289,1303.533658944026,22406.130478063376
0.289,198.61076396267606,1441.7083497980618
0.289,1163.8298844762494,9044.81840613729
0.289,347.0,4612.0
0.29,706.9999999999999,12670.000000000004
0.29,321.0,8633.000000000002
0.29,398.63768010563166,2752.3088489484603
0.29,176.09656441850305,1519.0121790163505
0.29,1345.1765683359192,28283.364580615227
0.29,182.0,2413.0000000000005
0.29,371.00000000000006,16023.999999999998
0.29,113.99999999999999,267.0
0.29,612.0,6485.999999999998
0.29,603.4086509157786,5558.078175052957
0.29,566.3455439329025,5969.778835775455
0.29,263.0,3331.0
0.29,85.0,1595.0
0.29,979.8323328316715,27041.33055553636
0.29,231.62901372669188,2993.4394932919554
0.29,294.78805945967343,1093.3960855975295
0.29,230.72711154088498,3979.427094444626
0.29,3499.999999999999,94374.00000000001
0.29,700.0464270318076,12067.161803837726
0.29,100.0,111.00000000000001
0.29,643.0,10236.000000000004
0.29,728.0,23636.000000000004
0.29,391.05467265241293,3343.2684679044405
0.29,103.40212763768453,420.49256830531505
0.29,227.0,2091.0000000000005
0.29,214.07724723760535,2419.829593015653
0.29,524.0,10551.999999999996
0.29,544.0,6338.000000000002
0.29,1235.0,12180.999999999998
0.29,947.0000000000001,10653.000000000002
0.29,306.46370095004727,1776.0912138738825
0.29,209.0,3364.0
0.29,166.8533020365311,477.24814253904174
0.29,1150.2173707608486,13092.581334480985
0.29,453.8508445995608,3694.7643133449083
0.29,114.94808271291221,1138.622314423768
0.29,215.49013898552295,945.6035109917899
0.29,488.99999999999994,2885.9999999999995
0.29,659.9803027363772,9958.576253661968
0.29,463.0,10997.999999999996
0.29,824.0,18593.000000000007
0.29,221.2487288099075,1423.660774201495
0.29,726.9999999999999,6384.999999999999
0.29,120.0,142.0
0.29,388.0,7850.999999999997
0.29,715.0,10271.000000000002
0.29,513.0000000000001,1144.0
0.29,83.0,95.0
0.29,216.0,2430.0
0.29,937.9999999999999,15825.999999999996
0.29,103.0,153.0
0.29,3499.999999999999,88715.55180463004
0.29,724.0,2795.0000000000005
0.29,295.0,2364.9999999999995
0.29,365.19720699917735,1296.9579792730376
0.29,77.36278174936577,284.81572990268637
0.29,144.31216164966833,369.61060590843437
0.29,936.9999999999999,24469.99999999999
0.291,432.0,5803.999999999998
0.291,1301.0000000000002,37524.0
0.291,845.9018855635682,16473.523059746516
0.291,397.00000000000006,5730.0
0.291,663.578284379705,11734.53928026379
0.291,224.00000000000003,328.0
0.291,159.89996873045348,675.8254212442737
0.291,91.0,101.0
0.291,1219.0000000000002,12858.000000000002
0.291,509.0,6224.999999999997
0.291,237.91195575821803,524.9218931421359
0.291,182.29371903606554,1877.6181720467025
0.291,380.0,8255.000000000002
0.291,413.08110583758247,5625.7778128895225
0.291,1456.0,26054.999999999996
0.291,981.0708435174288,4031.1710457384456
0.291,935.2261974776756,15598.77687546223
0.291,323.49043510360104,1119.816013038422
0.291,63.0,819.0
0.291,189.04496819540054,880.9074866295554
0.291,3499.999999999999,226434.99999999994
0.291,74.45804187594514,1078.962464592722
0.291,835.0786974483727,13916.558961498988
0.291,443.00000000000006,9343.000000000004
0.291,1660.0000000000005,41917.99999999999
0.291,354.0,9725.000000000004
0.291,548.6802347451567,6216.902685421416
0.291,1307.827970338607,46312.28859600873
0.291,1866.0971725030408,44802.98141120206
0.291,1503.0,21377.999999999996
0.291,315.15710368005347,3262.2899932409455
0.291,286.9512153659573,4165.494928576914
0.291,571.0,16318.999999999995
0.291,105.0,112.99999999999999
0.291,485.40704568434114,4183.169372616892
0.291,91.0,102.0
0.291,208.76302354583777,2211.833176349427
0.291,711.3318494205078,7389.7929605639165
0.291,3499.999999999999,62688.99999999998
0.291,177.0,396.00000000000006
0.291,119.0,1607.9999999999998
0.291,238.41140912296962,2923.468830003152
0.291,76.99350621968063,209.749851013058
0.291,681.0,14441.000000000005
0.291,69.0,571.9999999999999
0.291,194.0,355.0
0.291,1090.0,14758.000000000002
0.291,315.0,2494.0000000000005
0.291,421.0,9866.000000000002
0.291,2136.3520309162536,20235.01287372953
0.291,723.0,23714.0
0.291,314.87457820535457,1517.333186877556
0.291,1513.0,27253.000000000007
0.291,220.00000000000003,3305.9999999999995
0.291,293.9863942429989,4434.988726028512
0.292,3499.999999999999,148222.0
0.292,130.93670582202768,783.1506489736183
0.292,3499.999999999999,95544.99999999997
0.292,3499.999999999999,190799.99999999994
0.292,287.87330461253606,3131.459761343165
0.292,900.9999999999998,22064.0
0.292,100.0,649.9999999999999
0.292,63.0,513.0000000000001
0.292,440.00000000000006,7377.999999999999
0.292,74.0,94.0
0.292,188.04254837669058,2517.3915070961843
0.292,451.99999999999994,5858.999999999999
0.292,746.4033761981518,9268.524154362434
0.292,64.0,706.9999999999999
0.292,1588.8865904701747,52316.31064681794
0.292,125.0,1334.9999999999998
0.292,965.0000000000002,16172.999999999993
0.292,81.0,97.0
0.292,123.0,148.0
0.292,81.0,1471.0
0.292,1113.9999999999998,20177.000000000004
0.292,801.9999999999998,13341.999999999993
0.292,1116.0,37114.99999999998
0.292,223.60679774997897,465.1967325766593
0.292,809.0,20355.999999999993
0.292,501.3820898277082,5723.384051415737
0.292,258.4294372461147,3562.5877983606465
0.292,726.0,24010.000000000007
0.292,717.530487157166,10399.837787196491
0.292,307.8181281211358,1338.3654209519907
0.292,396.00000000000006,9239.000000000004
0.292,751.8776950917379,11851.080149063895
0.292,127.08265027138835,147.01700581905484
0.292,240.0,330.0
0.292,1007.9999999999998,15959.000000000005
0.292,215.32805804873016,2700.8263206886236
0.292,1597.0000000000002,32824.000000000015
0.292,66.0,88.0
0.292,719.0,14945.000000000002
0.292,92.0,106.0
0.292,1774.9999999999995,89922.99999999997
0.292,447.16665874062045,10338.229776516699
0.292,389.99999999999994,3715.9999999999995
0.292,1125.0000000000002,11027.999999999998
0.292,143.0,2467.0
0.292,771.0000000000001,4740.999999999999
0.292,254.87251715318388,2178.9593846604857
0.292,590.0528919354366,13157.846208159344
0.292,729.7684885430435,8170.645614402247
0.292,1035.1111051476555,33678.10876519049
0.292,353.0,4040.0000000000005
0.292,159.4804763791859,881.4856327328107
0.292,254.9509756796392,5681.385394426257
0.292,779.0,15051.0
0.292,600.0,6845.000000000003
0.292,122.99593489217438,1486.0329740621505
0.292,1023.0,16534.999999999993
0.292,90.0,101.0
0.292,257.75957790157867,1159.95215418568
0.293,1770.0,28023.000000000015
0.293,124.96799590295109,740.7813442575344
0.293,117.99576263578282,803.7536936151523
0.293,187.0,1982.0
0.293,72.0,78.0
0.293,1990.0000000000002,99300.99999999996
0.293,423.00000000000006,3151.0000000000005
0.293,467.0,3767.999999999999
0.293,939.1485505499115,6559.679412898165
0.293,259.0,2694.0000000000005
0.293,487.8524367060187,13043.480172101308
0.293,544.0,5540.999999999998
0.293,494.55927850352566,5818.289325172472
0.293,1515.2557539900645,39464.286057142854
0.293,60.0,432.0
0.293,155.0,2056.0
0.293,447.0,8418.999999999998
0.293,1269.0,15209.999999999995
0.293,476.0679935022634,7215.394155314969
0.293,3499.999999999999,91100.99999999997
0.293,216.0,2238.9999999999995
0.293,425.6406935432747,9796.050632780534
0.293,596.9003266877982,6787.438397510505
0.293,1255.0000000000002,19659.999999999993
0.293,694.0,8720.999999999995
0.293,228.67444107289296,2173.269426463272
0.293,78.55571271397136,310.45933711196386
0.293,435.1482505997238,2885.8794153602466
0.293,161.0,1205.0
0.293,407.3616025434391,4029.7673608336545
0.293,1330.0000000000002,18239.0
0.293,1135.0,9723.999999999995
0.293,331.8859132370967,2430.7930876909368
0.293,208.0,309.0
0.293,700.8608991804293,8172.9602960004595
0.293,273.0,1979.0000000000002
0.293,141.70038814343454,2297.106876050829
0.293,1356.9999999999998,27261.000000000007
0.293,1163.8298844762494,27003.485941633524
0.293,600.0,16969.0
0.293,3499.999999999999,97891.0
0.293,515.2049581666658,2642.5678928491143
0.293,704.0,11851.999999999995
0.293,552.0,5994.000000000002
0.293,334.05987487275394,1624.3016961143642
0.293,1468.0000000000002,27604.000000000015
0.293,880.9999999999999,18532.000000000004
0.293,1128.9999999999998,27809.999999999996
0.293,260.0,3472.0000000000005
0.293,1165.0000000000002,48476.99999999999
0.293,690.0,14709.000000000005
0.293,673.0,4118.999999999999
0.293,1333.123400139687,36220.412131835255
0.293,1303.0,20077.00000000001
0.293,1322.875655532295,22344.941172444367
0.293,123.0,1506.9999999999998
0.294,844.0,10239.0
0.294,1048.1055788297238,29130.770792180374
0.294,275.85951682840044,1629.9707235009148
0.294,71.0,855.9999999999999
0.294,1162.0,38712.000000000015
0.294,1588.9999999999998,28792.999999999996
0.294,768.0000000000001,9812.999999999995
0.294,128.0,2208.0
0.294,187.0,285.0
0.294,65.0,137.0
0.294,169.6113203769135,2651.3109964694822
0.294,1519.9999999999998,43495.999999999985
0.294,127.0,2299.0
0.294,824.1049690421722,13622.50648742734
0.294,368.00000000000006,1883.0000000000002
0.294,617.0,8109.0
0.294,301.0,426.0
0.294,3499.999999999999,118153.99999999997
0.294,915.0071037975607,11170.0358101485
0.294,1005.0000000000001,41529.00000000002
0.294,144.0,1497.0
0.294,272.0,3345.0000000000005
0.294,282.0,3431.999999999999
0.294,325.9601202601324,5062.567925470234
0.294,112.99999999999999,113.99999999999999
0.294,172.27884373886423,1486.825477317362
0.294,77.0,1047.9999999999998
0.294,218.00000000000003,596.0
0.294,382.55363424075813,1761.9317331676516
0.294,455.00000000000006,5187.999999999999
0.294,76.0,990.0
0.294,87.0,89.0
0.294,665.0,13788.0
0.294,1162.0,44426.999999999985
0.294,1429.0,41450.99999999999
0.294,1009.0,16503.999999999993
0.294,194.0,3605.9999999999995
0.294,285.8513599757748,3163.2728304716316
0.294,3499.999999999999,228504.99999999997
0.294,520.2558814185898,3968.083922505034
0.294,494.04927914168974,7879.034217611717
0.294,1497.0,62766.00000000001
0.294,423.8572873031676,6669.53821489914
0.294,455.8410238887627,3928.54009932009
0.294,512.3475382979799,12610.21514487362
0.294,1123.9999999999998,20330.0
0.294,139.0,167.0
0.294,92.0,798.0
0.294,221.9389814215423,1864.8589016964231
0.294,637.0000000000001,10127.0
0.294,448.00000000000006,10272.0
0.294,339.7493885626458,4319.913477919615
0.294,313.99999999999994,4360.000000000001
0.294,629.0,8948.0
0.294,457.6461515188345,4198.392549536073
0.294,99.9499874937461,402.84984795826836
0.294,140.0,241.0
0.294,1217.9999999999998,54813.999999999985
0.294,168.0815930191413,1079.4254488558668
0.294,169.32826036565532,1589.6720035956982
0.295,558.0,14494.000000000005
0.295,543.0,10794.999999999998
0.295,82.0,186.0
0.295,387.207954463748,3618.161826121105
0.295,1901.0000000000002,108694.00000000003
0.295,125.0,1240.9999999999998
0.295,397.00000000000006,5009.0
0.295,75.0,107.0
0.295,210.0,1436.0
0.295,3499.999999999999,92779.99999999996
0.295,579.1252023526519,16424.531713263554
0.295,189.12748600410353,2018.3847355810492
0.295,242.71588328743547,4044.5934282693984
0.295,1134.0000000000002,7587.0
0.295,467.0,1052.0
0.295,274.7380425567902,1295.9014211617814
0.295,1974.9999999999995,122020.00000000004
0.295,613.6578851444834,14900.211575679057
0.295,528.0000000000001,9322.0
0.295,1029.0,23126.000000000004
0.295,135.0,188.0
0.295,265.2809831103617,3879.6345188690134
0.295,1377.0,68426.00000000001
0.295,576.0000000000001,7562.000000000002
0.295,114.62983904725678,1066.4862868316686
0.295,151.0,4072.9999999999995
0.295,200.99999999999997,1012.9999999999999
0.295,785.7022336738011,10917.653594064986
0.295,284.81572990268637,4693.345395344348
0.295,308.8888489112735,3829.728560161101
0.295,315.2179561519458,3146.0827725865915
0.295,399.0,8660.999999999996
0.295,1581.9292019556372,49709.47712458862
0.295,297.0,11550.999999999996
0.295,76.0,916.9999999999998
0.295,623.9054415534455,11701.693979932992
0.295,165.0,202.0
0.295,82.01219421525069,328.1447851177891
0.295,1195.0,24107.99999999999
0.295,556.0,10481.000000000004
0.295,465.00000000000006,11021.000000000002
0.295,213.0,3549.0
0.295,361.182531111513,5959.776726824213
0.295,719.0,13001.0
0.295,170.0,3919.9999999999995
0.295,2027.0668464557345,59268.59363102857
0.295,111.80339887498948,572.6150539411273
0.295,252.99999999999997,6493.999999999998
0.295,501.0,5011.999999999999
0.295,233.0,1970.9999999999998
0.295,285.0,10780.000000000002
0.295,393.4920583696703,6416.499824670771
0.295,542.0,4726.0
0.295,1760.9999999999995,72995.0
0.295,112.00000000000001,1012.9999999999999
0.295,3499.999999999999,40521.00000000001
0.295,493.9989878532141,7303.103723760198
0.295,916.9999999999998,11485.999999999995
0.295,453.0,7753.999999999999
0.295,678.9999999999999,14518.0
0.296,814.0,7951.000000000001
0.296,330.0,16665.000000000007
0.296,355.0,9960.999999999996
0.296,153.0,519.0
0.296,463.0,16532.0
0.296,433.3629649691196,1877.812076707655
0.296,134.0,145.0
0.296,647.0,13350.999999999993
0.296,558.0,4143.000000000001
0.296,131.0820145674757,833.3414953156137
0.296,182.0302172717486,1992.1741891712184
0.296,250.99999999999997,4704.999999999999
0.296,188.0,399.0
0.296,3499.999999999999,78703.00000000001
0.296,1848.9999999999998,30303.000000000007
0.296,604.5452836636805,10591.694623619023
0.296,148.49242404917499,2025.499444581509
0.296,165.0,217.0
0.296,508.9204259999788,4554.564743199946
0.296,214.0,1757.9999999999998
0.296,277.0,5842.999999999998
0.296,466.25823182308324,6536.397819278659
0.296,215.0,3780.0000000000005
0.296,57.99999999999999,555.0
0.296,463.0,7252.000000000003
0.296,1235.0,29684.000000000007
0.296,781.2989184684695,12579.080729528685
0.296,284.0,4474.0
0.296,631.0,11095.000000000004
0.296,677.0,14122.000000000004
0.296,454.6559138513432,6185.86501630936
0.296,82.0,90.0
0.296,96.0,99.0
0.296,371.38120577110516,6529.294448866583
0.296,59.0,566.0
0.296,1043.3120338613944,22404.0873726202
0.296,1956.0000000000002,46673.00000000002
0.296,468.0,1925.9999999999998
0.296,97.0,103.0
0.296,530.0,12058.000000000002
0.296,842.6244715174132,15727.628111066213
0.296,164.83324907311632,1457.5280443271065
0.296,335.10874912960224,1165.168643026705
0.296,966.9999999999998,14897.999999999993
0.296,258.0,6600.999999999999
0.296,267.1946855758924,2258.9023883293416
0.296,394.30318284284755,7534.825810859864
0.296,549.9779605493599,6512.135065739587
0.296,372.0,4950.000000000002
0.296,543.0,7590.999999999996
0.296,3499.999999999999,116255.0
0.296,640.507611195995,6529.82580165811
0.296,181.47727130414984,1977.1312551269834
0.296,684.7495892660323,15150.6598866188
0.296,324.0,2757.0000000000005
0.296,1473.9999999999998,8365.000000000002
0.296,1090.0,25517.00000000001
0.297,785.7480512225276,9328.594374288119
0.297,66.0,588.0
0.297,902.7856888542264,34888.235180358424
0.297,103.0,159.0
0.297,308.0,5122.000000000001
0.297,173.7037708283847,767.878896701817
0.297,381.8995375566657,3356.8264847855835
0.297,288.8274813155844,2034.204923925609
0.297,322.99999999999994,6756.999999999998
0.297,1513.0,56087.000000000015
0.297,1342.1516307779837,31482.689767553227
0.297,968.9999999999998,10313.000000000002
0.297,73.0,89.0
0.297,195.18793190530738,1259.4846569770712
0.297,848.0,5994.000000000002
0.297,471.0329075553002,2504.0235621894612
0.297,771.9999999999998,18124.999999999993
0.297,277.99999999999994,3307.0
0.297,111.00000000000001,118.0
0.297,153.49918566559236,2542.274178761999
0.297,99.0,722.0
0.297,1329.0,11112.000000000002
0.297,260.0,6445.000000000002
0.297,923.0,11191.000000000002
0.297,422.0,1174.0
0.297,254.99999999999997,1543.9999999999998
0.297,526.5012209769164,11164.869102581357
0.297,171.1139970896595,2575.4368561469337
0.297,362.99999999999994,3342.000000000001
0.297,884.9999999999998,8647.000000000004
0.297,137.0,202.99999999999997
0.297,59.0,476.99999999999994
0.297,356.0,5268.999999999999
0.297,432.0,6706.000000000003
0.297,559.0,6520.999999999999
0.297,525.9534199907821,6544.938196805225
0.297,1911.0000000000002,95246.00000000003
0.297,63.0,605.0
0.297,1261.0,18386.0
0.297,102.76186062932105,109.30690737551767
0.297,302.0,5551.000000000001
0.297,3499.999999999999,213948.99999999997
0.297,661.0,8680.000000000002
0.297,465.00000000000006,7355.000000000001
0.297,223.0,1330.0000000000002
0.297,347.0,3904.0000000000005
0.297,463.0,6222.999999999999
0.297,562.1263203231103,10678.320467189586
0.297,1303.0,22460.999999999993
0.297,717.2865536171718,9034.706027314893
0.297,389.99999999999994,5545.999999999999
0.297,233.0,336.0
0.297,220.7199806348807,1094.2608658553027
0.297,343.0174922653363,5435.636577255694
0.297,3499.999999999999,111219.99999999999
0.297,275.99999999999994,3782.000000000001
0.297,430.99999999999994,14253.0
0.297,92.0,105.0
0.297,342.00000000000006,1893.0
0.297,1406.3200204789803,52458.81859134838
0.297,73.0,1077.0000000000002
0.297,1118.8007997905797,21694.79695663939
0.297,681.0,10385.999999999996
0.297,250.0,3052.0000000000005
0.298,346.0,3811.9999999999995
0.298,3499.999999999999,142669.0
0.298,296.90420034108456,2220.2009341163857
0.298,218.1210837584723,1374.6727569115071
0.298,430.0,9454.999999999998
0.298,77.0,1272.9999999999998
0.298,81.0,89.0
0.298,108.66462165764898,2093.2128415428756
0.298,94.0,895.9999999999999
0.298,143.0,250.99999999999997
0.298,441.0,10197.000000000004
0.298,399.3451263530345,7332.227667639462
0.298,273.0,440.00000000000006
0.298,96.0,98.0
0.298,208.55934407261643,3147.0815051409145
0.298,909.6158529841044,14245.066795210192
0.298,1171.0,17232.0
0.298,923.0,16422.000000000004
0.298,504.8950385971325,11900.285710855847
0.298,240.9304161408693,2309.0540907071786
0.298,57.99999999999999,101.0
0.298,405.99999999999994,6561.000000000002
0.298,757.0000000000001,7556.000000000002
0.298,122.0,1468.0000000000002
0.298,437.1201993640911,4889.001933632933
0.298,566.1342596946417,7058.4973613369
0.298,947.0000000000001,13759.999999999996
0.298,1045.0,27305.0
0.298,634.0,24152.000000000004
0.298,64.0,573.9999999999999
0.298,507.0,5334.0
0.298,249.00000000000003,2226.0000000000005
0.298,93.04837451562493,1066.5458264884824
0.298,640.9500309710227,8765.642622958003
0.298,400.3973026882174,8264.735930445693
0.298,128.0,1135.0
0.298,307.0,900.9999999999998
0.298,88.0,2093.0000000000005
0.298,1396.2449641807127,47662.42970097097
0.298,170.97953093864774,1527.8200155777513
0.298,1221.0,19964.0
0.298,291.3040239798467,1794.7729068677554
0.298,2049.0,58811.0
0.298,127.0,160.0
0.298,103.0,1121.0
0.298,408.0,6005.999999999999
0.298,928.3564450179517,14763.948530360713
0.298,224.66641938660973,4427.048678295731
0.298,63.0,557.0
0.298,661.6071341816078,16852.06307844829
0.298,1281.9999999999998,40290.00000000001
0.298,211.36697944570244,1319.1360809256944
0.298,324.0,1348.9999999999998
0.299,1384.0000000000002,92060.99999999999
0.299,188.2418656941117,961.1451503285025
0.299,343.93894807072957,3238.270834874686
0.299,162.0,2347.0000000000005
0.299,3499.999999999999,115752.99999999997
0.299,3499.999999999999,195344.99999999997
0.299,555.9478392799093,12477.401772805113
0.299,305.1720826025866,5924.702524177899
0.299,1384.0000000000002,35796.000000000015
0.299,220.00000000000003,2096.9999999999995
0.299,386.0,3630.9999999999995
0.299,173.7411868268431,472.3452127416981
0.299,1084.9999999999998,45225.000000000015
0.299,564.0,15009.0
0.299,258.28040742558045,2147.7360340262203
0.299,656.585104917862,12027.326801912386
0.299,178.9776522362499,635.1503758953464
0.299,713.0,6264.000000000003
0.299,549.0,3490.0000000000005
0.299,94.0,891.9999999999998
0.299,1216.480990398124,24903.927360960555
0.299,1588.9999999999998,55081.99999999999
0.299,260.0,5349.0
0.299,62.0,743.0000000000001
0.299,706.5585609133894,8592.366088569559
0.299,1219.0000000000002,21205.0
0.299,94.0,652.0
0.299,3499.999999999999,165662.99999999997
0.299,108.0,695.0000000000001
0.299,3499.999999999999,87425.00000000003
0.299,581.9579022575431,16459.625967803764
0.299,195.0,2276.9999999999995
0.299,350.0,2798.0000000000005
0.299,551.0,5730.999999999998
0.299,216.9792616818483,580.0129308903379
0.299,769.0,28104.999999999996
0.299,748.0835514833888,5937.004968837405
0.299,228.89298809705815,1884.2929708514016
0.299,916.515138991168,26413.796962951
0.299,583.09518948453,15354.726047702698
0.299,1367.0000000000002,19153.0
0.299,431.1021224692828,6785.74409486928
0.299,1254.0,12088.000000000002
0.299,330.0,2745.0
0.299,269.0,2422.0000000000005
0.299,339.00000000000006,1307.0000000000005
0.299,77.0,90.0
0.299,236.47829033716104,1846.3952539472846
0.299,152.0,469.00000000000006
0.299,240.66804636290192,1631.9269805314661
0.299,119.0,877.0
0.299,452.2145508494834,2012.2688687151121
0.299,183.0,2114.0000000000005
0.299,461.00000000000006,12935.0
0.299,381.064299036265,2352.775807424073
0.299,202.0,2145.0000000000005
0.299,467.0,12471.0
0.299,1177.0000000000002,32436.000000000007
0.299,63.0,678.0
0.299,1676.9999999999995,31150.99999999999
0.3,144.0,1067.9999999999998
0.3,463.0,7109.999999999996
0.3,136.0,159.0
0.3,608.0,12964.999999999995
0.3,114.49890829173874,1170.8151006884054
0.3,667.9760474747579,12790.794658659795
0.3,254.83627064874682,816.7445426407422
0.3,472.3134552392087,2865.760283066257
0.3,329.51948124167933,3323.2249670474353
0.3,597.0,5445.999999999999
0.3,193.0,1472.0
0.3,849.1171886141511,19001.32979556957
0.3,673.3558521589002,7545.334523260112
0.3,126.96456198483104,152.99673199124223
0.3,145.73949361789343,509.48012718849
0.3,410.85122161010077,5931.666247446852
0.3,1471.0,46581.999999999985
0.3,388.0,2696.0000000000005
0.3,571.0,4447.0
0.3,246.0,1303.0
0.3,3499.999999999999,269520.0
0.3,647.0,8904.0
0.3,551.0,1108.0000000000002
0.3,1198.9999999999998,11031.000000000002
0.3,541.3464694629495,5789.339858740373
0.3,60.0,538.0
0.3,355.7906687927608,4845.568490899702
0.3,439.70993278398663,6780.014514287461
0.3,476.86895474543104,10709.368608839646
0.3,780.0000000000001,7759.0
0.3,317.0,3299.0
0.3,3499.999999999999,134515.0
0.3,480.0,5563.999999999998
0.3,530.0361907172439,3789.026770642033
0.3,120.0,1309.9999999999998
0.3,376.2578902827155,2308.5233375471857
0.3,1460.0000000000002,67504.00000000003
0.3,124.0,1480.9999999999998
0.3,62.0,521.0
0.3,241.71057072457546,4176.646022827408
0.3,64.0,598.0
0.3,221.29156932231044,1363.5169986011906
0.3,473.00000000000006,8879.999999999998
0.3,265.495762678051,3639.615364293319
0.3,271.0,3425.0
0.3,1158.0,50973.99999999999
0.3,271.0,3728.0
0.3,872.0000000000001,36013.000000000015
0.3,1214.0000000000002,20302.999999999996
0.3,166.0,234.0
0.3,215.42980295214497,2967.7518427254
0.3,556.2193811797645,5479.424422327586
0.3,575.0,6657.999999999998
0.3,345.8554611394766,1110.317972474552
0.3,1091.1209465441545,21684.21810635539
0.3,214.9418526020468,2499.1182445014488
0.3,306.62191702485984,896.1969649580387
0.3,279.1307937150611,3468.0960194319873
0.3,267.0,1697.0
0.301,1259.0000000000002,16872.000000000007
0.301,737.9184257776969,9230.58311665451
0.301,167.0,2381.9999999999995
0.301,128.9961239727768,1043.215222281577
0.301,88.85943956609223,504.30149712250517
0.301,196.8755952371954,618.1747325797132
0.301,282.194113790668,2375.5985318011935
0.301,396.00000000000006,7570.999999999996
0.301,66.0,791.0
0.301,176.8535181409189,1086.9271199790542
0.301,228.07893370497854,1219.9897540553366
0.301,249.0180716333656,914.0831472027038
0.301,393.3192087859427,8818.641051772094
0.301,67.0,653.0
0.301,1366.0000000000002,13365.999999999996
0.301,258.2789190003706,822.5910283974658
0.301,478.68636770823787,9791.564924564522
0.301,430.4648650006177,6256.892439542173
0.301,215.29050141610986,1959.477226200907
0.301,1630.0000000000005,18283.999999999996
0.301,63.0,559.0
0.301,368.00000000000006,8543.0
0.301,349.8999857102026,8228.165287596019
0.301,499.0,15468.999999999996
0.301,1000.0000000000002,10550.0
0.301,3499.999999999999,261804.99999999997
0.301,198.69574731231666,625.8673980964338
0.301,731.9999999999999,26664.999999999996
0.301,1052.0,11273.0
0.301,571.9999999999999,5450.000000000001
0.301,257.50533975046034,1378.2053548002202
0.301,171.81385275931623,931.3162728096185
0.301,65.0,569.0000000000001
0.301,67.0,796.0000000000001
0.301,451.00000000000006,9368.999999999996
0.301,289.9634119516163,1733.8875075743297
0.301,105.0,805.0000000000002
0.301,177.0,1411.0
0.301,101.68579055108928,284.07217392768337
0.301,60.0,472.0
0.301,153.0,1416.0
0.301,67.49814812274482,536.3263931599861
0.301,658.3479323275801,14499.583062971164
0.301,109.00000000000001,153.0
0.301,272.0,381.99999999999994
0.301,78.0,1281.0000000000002
0.301,106.0,141.0
0.301,459.0,10460.999999999996
0.301,142.0,160.0
0.302,496.0,4029.0
0.302,154.66091943344964,2189.0235265981037
0.302,860.164533976765,17066.081205101775
0.302,64.0,677.0
0.302,407.7853181424917,6764.748315374292
0.302,456.25650680291676,8780.39122135227
0.302,657.308907592161,6350.039133737682
0.302,499.0,10994.999999999998
0.302,112.99999999999999,2121.0000000000005
0.302,131.0,153.0
0.302,65.0,798.9999999999999
0.302,138.80119259163496,705.670605809379
0.302,624.8599843164866,23350.65847037296
0.302,677.0,14598.999999999995
0.302,62.0,583.0
0.302,145.0,2148.0
0.302,113.99999999999999,190.0
0.302,92.0,104.0
0.302,77.0,1035.9999999999998
0.302,658.3844785702285,9226.616106553089
0.302,179.63341028534015,2288.179393647537
0.302,321.0,3368.0
0.302,3499.999999999999,236445.00000000006
0.302,912.0000000000001,19329.999999999996
0.302,329.0,11794.999999999996
0.302,150.8045092164024,542.4158920975675
0.302,757.0000000000001,8707.999999999996
0.302,271.30425724636166,5977.360286949413
0.302,311.4241480681933,3647.480637371499
0.302,378.6409909135565,5370.61448998157
0.302,227.71912523984454,1986.617728703738
0.302,575.0,3916.0000000000005
0.302,257.47621249350397,2950.991697717904
0.302,108.62320194139004,486.6210024238576
0.302,237.50299977743853,2039.0601687764192
0.302,271.7436309886496,2127.4278453649367
0.302,487.0,2572.0
0.302,578.8535604462764,7336.993265898246
0.302,3499.999999999999,121819.99999999999
0.302,595.191646948186,2848.106153067898
0.302,151.2613632095123,1365.2486952932788
0.302,570.0000000000001,9367.0
0.302,505.99999999999994,5065.0
0.302,267.0,3963.000000000001
0.302,319.34107902444754,4504.251232427588
0.302,984.6319109189992,23944.029777796386
0.302,1073.9999999999998,28778.999999999996
0.302,446.0941604639092,9457.796783606635
0.302,123.0,146.0
0.302,488.0,12103.000000000002
0.302,161.8672295432278,636.2908140151011
0.302,434.99999999999994,3634.0000000000005
0.302,1182.0,27288.00000000001
0.302,1721.0,73807.00000000001
0.302,1059.178787229233,11357.021774683912
0.302,152.0,327.00000000000006
0.302,431.91298401711526,8282.183340334344
0.302,288.0,4071.000000000001
0.302,745.9892760623304,14758.400184301823
0.302,284.0,4161.0
0.302,320.0,4511.000000000001
0.303,573.9999999999999,7034.999999999999
0.303,160.60821896777264,1142.7773186408626
0.303,418.0,10474.000000000002
0.303,1232.0000000000002,45780.0
0.303,312.388760407108,2518.9024072875436
0.303,311.0,5277.000000000001
0.303,329.9454500368205,3506.3763346223973
0.303,62.0,655.9999999999999
0.303,46.0,47.0
0.303,248.0,3602.9999999999995
0.303,603.9999999999999,7641.999999999999
0.303,618.6994423789309,10331.841558986473
0.303,65.0,563.0
0.303,908.0,16981.000000000007
0.303,284.0,10908.0
0.303,376.0,2046.9999999999995
0.303,41.0,50.0
0.303,160.0,2276.9999999999995
0.303,114.99999999999999,1321.0
0.303,202.99999999999997,2389.0
0.303,123.0,1901.0000000000002
0.303,943.0000000000001,21147.000000000007
0.303,186.0,865.0
0.303,111.00000000000001,895.9999999999999
0.303,113.2740040786058,133.07892395116517
0.303,84.0,158.0
0.303,226.14061784314453,1391.2256859621314
0.303,523.0,13843.0
0.303,840.8329203831164,30927.694805788542
0.303,177.0,1694.9999999999995
0.303,64.0,670.0000000000001
0.303,646.0,7056.999999999996
0.303,371.00000000000006,10000.000000000004
0.303,1053.0,9145.999999999996
0.303,671.0,20515.999999999996
0.303,844.9999999999998,12606.999999999996
0.303,206.99999999999997,1575.0000000000002
0.303,64.0,640.0
0.303,377.99999999999994,2414.0000000000005
0.303,592.0,8841.999999999998
0.303,925.0000000000002,43086.999999999985
0.303,195.18875433511806,2183.3494973273846
0.303,841.3774420555856,22428.743366492916
0.303,257.14203315432604,2907.136314380402
0.303,96.0,102.0
0.303,304.5357121915261,3489.168955496423
0.303,488.9440581814472,5177.911117746044
0.303,396.00000000000006,4592.000000000001
0.303,854.856128246151,22038.068154899593
0.303,356.8262882692361,4840.074379593769
0.303,3499.999999999999,196212.0000000001
0.303,534.0,6252.999999999999
0.303,182.0,1694.9999999999995
0.303,104.0,108.0
0.303,295.0,4567.000000000001
0.303,227.0,476.0
0.303,348.0,6407.000000000001
0.304,440.00000000000006,8446.0
0.304,107.66615066955816,305.78423765786226
0.304,97.0,98.0
0.304,1448.0000000000002,48147.99999999998
0.304,99.0,103.0
0.304,1322.9999999999998,11026.0
0.304,474.0,11423.999999999996
0.304,216.0,2951.000000000001
0.304,197.68644465192645,2712.838733369503
0.304,270.0,3232.999999999999
0.304,62.0,493.0
0.304,538.0,10066.999999999998
0.304,1274.9999999999995,35302.999999999985
0.304,344.0,4540.999999999999
0.304,157.6832267554162,430.4973867516504
0.304,202.8167574033426,1448.8859466528334
0.304,309.0,6898.0
0.304,69.9714227381436,712.3931498828437
0.304,170.2423993018714,757.7153178927781
0.304,112.00000000000001,149.0
0.304,379.0,10944.999999999996
0.304,950.0000000000002,15959.000000000005
0.304,488.3564272127479,12511.460506271842
0.304,113.99999999999999,728.0
0.304,1513.0,32967.000000000015
0.304,362.3713564839252,7002.867983904881
0.304,1002.9999999999999,25361.999999999996
0.304,111.00000000000001,136.0
0.304,99.0,104.0
0.304,469.00000000000006,5198.0
0.304,1139.0000000000002,11285.000000000002
0.304,103.0,191.0
0.304,484.62769215140804,3025.783865381003
0.304,168.606049713526,586.1527104773977
0.304,2096.9999999999995,49785.00000000001
0.304,186.9759342803239,645.1619951609053
0.304,370.00000000000006,10626.000000000002
0.304,248.09070921741508,2866.6738565801315
0.304,287.0,4475.000000000001
0.304,643.8620642560344,20724.14428560434
0.304,496.0,11877.999999999996
0.304,189.42016788082518,888.065312913414
0.304,3499.999999999999,175873.00000000006
0.304,65.0,513.0000000000001
0.304,583.3506664091506,7983.940756293219
0.304,105.0,980.9999999999999
0.304,328.6584655551242,2967.5072295571085
0.304,392.7543761691269,5331.569281177914
0.304,551.8151864528558,3742.8972735035095
0.304,925.0000000000002,20527.0
0.304,859.9999999999998,24562.000000000004
0.304,105.69768209379049,169.7056274847714
0.304,318.0,2860.999999999999
0.304,493.0740843741072,5219.975883914537
0.304,1047.9999999999998,22189.999999999993
0.304,381.03674363504626,6738.06797234934
0.304,528.0000000000001,9265.000000000004
0.304,240.9979253022731,1759.9204527477941
0.304,3499.999999999999,270053.0
0.304,148.0,1128.0
0.304,112.99999999999999,1465.0
0.304,464.00000000000006,3266.9999999999995
0.305,1219.0000000000002,29943.0
0.305,830.0096384982528,13022.77021220908
0.305,248.0,3591.0000000000005
0.305,547.0,10910.999999999996
0.305,676.0,4540.000000000001
0.305,528.0000000000001,10822.000000000004
0.305,56.99999999999999,483.0
0.305,126.0,164.0
0.305,1060.9999999999998,33106.999999999985
0.305,377.99999999999994,4487.0
0.305,814.0,28686.000000000007
0.305,522.6767643582408,7171.595638349951
0.305,1624.0000000000002,37392.99999999999
0.305,301.0,2787.0
0.305,1041.633332799983,25095.54141675368
0.305,580.9999999999999,6303.0
0.305,85.0,93.0
0.305,470.0,5887.0
0.305,87.0,822.0000000000001
0.305,118.0,130.0
0.305,503.0,19066.999999999996
0.305,171.0,2533.0000000000005
0.305,1069.8130677833394,47606.60903698141
0.305,570.0000000000001,12346.999999999996
0.305,222.3083444227859,885.790042843111
0.305,3499.999999999999,140006.99999999994
0.305,743.0000000000001,13931.999999999993
0.305,56.00000000000001,462.0
0.305,1473.0000000000002,16708.0
0.305,681.4724652347024,9087.201069690376
0.305,428.0,7179.999999999997
0.305,394.00000000000006,8735.0
0.305,531.5893433319789,5767.883191616344
0.305,1069.9999999999998,7891.000000000001
0.305,85.55699854482974,672.4187683281898
0.305,140.84033513166602,633.7996528872511
0.305,56.99999999999999,553.9999999999999
0.305,253.89319087863961,942.7649787454338
0.305,1272.9999999999998,23438.000000000004
0.305,170.0,1493.0
0.305,315.0,8619.0
0.305,172.0,396.00000000000006
0.305,1240.0,24637.99999999999
0.305,62.0,783.0000000000001
0.305,277.21652187414804,6734.4970859003315
0.305,453.9999999999999,9459.999999999995
0.305,225.09997778764884,973.5861543797755
0.305,131.0,143.0
0.305,216.1689154342039,1549.5312194338005
0.305,63.0,413.0
0.305,444.00000000000006,9800.000000000004
0.305,1885.7359306117069,29938.35539905288
0.305,377.6546041027436,2958.011494230542
0.306,139.0,834.0000000000001
0.306,191.84629264074925,3266.9139872362725
0.306,318.0,3754.999999999999
0.306,3499.999999999999,276619.0
0.306,62.0,648.0
0.306,798.9999999999999,9034.0
0.306,385.1077771221973,2120.1327788607964
0.306,194.0,405.0
0.306,120.0,233.0
0.306,241.5098341683005,1649.4308109162994
0.306,655.9999999999999,10957.999999999996
0.306,187.74983355518586,2762.7236561046066
0.306,61.0,511.99999999999994
0.306,3499.999999999999,180012.99999999994
0.306,65.0,600.0
0.306,125.0,227.0
0.306,274.0,1471.0
0.306,371.68785238102345,4070.525148407597
0.306,98.0,101.0
0.306,85.93020423576334,757.7737129249074
0.306,166.76330531624754,542.7927781391347
0.306,436.00000000000006,6247.000000000001
0.306,1006.0000000000002,17883.000000000007
0.306,601.0,6171.000000000002
0.306,362.99999999999994,6313.000000000002
0.306,335.05176574540917,2739.6228660157976
0.306,3499.999999999999,137508.99999999997
0.306,1113.0000000000002,32090.999999999996
0.306,416.0,10219.000000000002
0.306,280.0981970666717,2674.052729472626
0.306,1050.9999999999998,36458.0
0.306,204.99999999999997,2290.0
0.306,79.0,1414.0
0.306,1170.7633754913277,19920.584776173037
0.306,221.0,5214.999999999999
0.306,161.88885075878449,2219.712819262888
0.306,705.9999999999999,35386.999999999985
0.306,742.0,12026.999999999998
0.306,975.1917760112624,24438.008429493602
0.306,123.0,2532.0000000000005
0.306,213.16872610392053,3473.7311052033333
0.306,299.0,4213.999999999999
0.306,369.9756748760653,1701.4567288062306
0.306,91.0,209.0
0.306,203.40845606807991,4182.109395986672
0.306,184.0,5222.000000000001
0.306,144.67204291085406,1091.8781983353272
0.307,252.99999999999997,739.0
0.307,80.96295449154508,630.5251779270992
0.307,96.0,111.00000000000001
0.307,141.0,1920.0000000000002
0.307,395.00000000000006,10499.999999999996
0.307,479.0,15061.999999999998
0.307,61.0,351.99999999999994
0.307,346.0,7052.000000000003
0.307,219.4857626362129,2859.527233652444
0.307,66.0,578.9999999999999
0.307,1429.0,114980.00000000004
0.307,144.0,786.9999999999999
0.307,1049.0,21469.000000000007
0.307,164.28623422285713,2271.547218649404
0.307,311.2490963842305,2015.8149716677863
0.307,65.93178292750773,738.3908179277421
0.307,545.9999999999999,5468.999999999999
0.307,146.0,160.0
0.307,254.0,3309.000000000001
0.307,359.0,2143.0000000000005
0.307,1379.0000000000002,4997.0
0.307,512.9912279951773,6760.003846152753
0.307,1165.0000000000002,43261.999999999985
0.307,97.0,99.0
0.307,493.0,17092.999999999996
0.307,1130.0,11362.999999999996
0.307,455.99999999999994,6588.999999999997
0.307,68.7386354243376,199.64468437702016
0.307,337.15278435747786,2089.0471512151175
0.307,243.00000000000003,690.0
0.307,125.0,151.0
0.307,95.0,972.9999999999999
0.307,1429.0,39395.00000000001
0.307,89.0,90.0
0.307,83.0,87.0
0.307,155.9422970204043,1804.3447564143612
0.307,103.0,551.0
0.307,3499.999999999999,45559.00000000001
0.307,287.0,8448.999999999998
0.307,114.51637437502116,532.0357130870069
0.307,576.0000000000001,15368.000000000004
0.307,1484.9999999999998,14241.0
0.307,361.00000000000006,3223.9999999999995
0.307,194.91023574969068,1117.2108126938265
0.307,75.0,105.0
0.307,87.0,99.0
0.308,401.21440652100216,5626.066298933919
0.308,152.03617990465295,1722.1602712871995
0.308,1689.9999999999995,74223.99999999997
0.308,568.7749994505735,8653.894325677895
0.308,226.91906524924272,2868.2601035475964
0.308,257.0,1605.0
0.308,346.11125378987606,3932.735180507327
0.308,107.0,602.0
0.308,3499.999999999999,199369.99999999997
0.308,1343.0000000000002,20307.0
0.308,813.0000000000001,8107.999999999995
0.308,324.5622192448496,2549.0214099706786
0.308,292.0,7880.0
0.308,614.0,10815.000000000002
0.308,1093.0,30148.999999999996
0.308,3499.999999999999,183732.9999999999
0.308,228.5629016266638,3218.9504500690914
0.308,65.40642170307133,624.6799180380301
0.308,766.9999999999999,9499.0
0.308,260.0,4535.000000000001
0.308,78.0,1071.0
0.308,1426.008415122435,36615.45097359858
0.308,180.74844397670483,762.2401196473456
0.308,75.0,79.0
0.308,335.669317514784,4287.655343395653
0.308,61.0,531.0
0.308,2246.8928304266383,83314.63904040547
0.308,445.0,3321.0
0.308,3499.999999999999,125077.00000000001
0.308,455.99999999999994,7777.000000000001
0.308,1455.0,52752.0
0.308,43.0,953.0000000000001
0.308,694.2420327234586,11787.041316632427
0.308,276.22454633866266,7199.1741193000735
0.308,321.0,8604.0
0.308,591.4997886728279,11899.710542698083
0.308,481.00207899758607,3551.738166025192
0.308,661.0,14594.999999999998
0.308,242.0,4079.9999999999995
0.308,110.00000000000001,1764.0000000000005
0.308,243.00000000000003,2417.0
0.308,164.92422502470643,780.6343574299045
0.308,344.07702626010933,4072.2482733743027
0.308,225.0,1556.0000000000005
0.308,734.9999999999999,6192.0
0.308,271.34295642231075,3294.458984416105
0.308,195.20758181996928,2750.8271483319336
0.308,274.0,1866.0000000000005
0.308,284.0,757.0000000000001
0.308,851.0,48179.000000000015
0.308,122.4499897917513,148.32396974191326
0.308,234.22211680368702,752.5955088890714
0.308,677.0,8774.000000000002
0.308,190.00526308499983,1939.7602944693967
0.308,3499.999999999999,108183.99999999999
0.308,409.99999999999994,3625.0
0.309,111.00000000000001,675.0000000000001
0.309,164.0,1420.0
0.309,3499.999999999999,41545.999999999985
0.309,99.0,108.0
0.309,458.0,5076.000000000001
0.309,1429.0,65698.99999999999
0.309,107.0,112.00000000000001
0.309,281.0,3842.0
0.309,208.0,575.0
0.309,549.2327549912501,7211.815853058473
0.309,359.0,3166.000000000001
0.309,379.1698961900724,3219.936984769145
0.309,100.0,1017.9999999999998
0.309,181.55990746858186,405.6759790768982
0.309,254.99999999999997,6151.000000000002
0.309,1135.0,22367.0
0.309,243.00000000000003,331.0
0.309,106.0,200.0
0.309,89.0,174.0
0.309,265.0,3074.0
0.309,1021.4531383447797,11471.924846269365
0.309,548.0,16390.0
0.309,306.63333152154223,2499.581564982427
0.309,219.48363747733956,1850.7305359309357
0.309,173.38227250593238,524.5262180706587
0.309,153.0,1229.0
0.309,77.7065458184004,168.95366539013767
0.309,102.0,717.0
0.309,355.0,5897.000000000001
0.309,367.0,2108.0
0.309,281.0,2182.9999999999995
0.309,1555.0,32855.0
0.309,115.99999999999999,1136.0
0.309,321.4342856634929,1544.7562914583
0.309,91.0,99.0
0.309,364.00000000000006,5882.000000000001
0.309,1372.9999999999998,25740.000000000004
0.309,224.63303408003017,3101.6590721741163
0.309,181.38357147217056,897.1242946214309
0.309,271.8077847383134,958.1283077126202
0.309,840.9999999999999,16934.999999999996
0.309,229.8792608540376,2161.947860440013
0.309,628.0,7861.999999999997
0.309,87.0,133.0
0.309,1246.0,19888.99999999999
0.309,160.693679152817,2070.4841727958424
0.309,136.0,206.0
0.309,389.99999999999994,3636.0000000000005
0.309,334.0,4325.000000000001
0.309,588.0,6095.000000000002
0.309,198.33809518093088,538.0408906393641
0.31,474.5676583132216,2814.682146490732
0.31,61.0,504.0
0.31,585.2691688445583,10350.554767740712
0.31,1421.9999999999998,18195.999999999996
0.31,479.0,9101.999999999996
0.31,707.9929378178853,13062.696965022189
0.31,603.9619193293563,5348.421823304515
0.31,99.75469913743413,104.06728592598155
0.31,496.0,7619.000000000003
0.31,242.0,3801.0
0.31,1597.0000000000002,61739.00000000002
0.31,98.0,112.00000000000001
0.31,3499.999999999999,94510.00000000001
0.31,914.0,8326.0
0.31,3499.999999999999,255605.00000000003
0.31,113.99999999999999,169.0
0.31,167.0,3472.9999999999995
0.31,139.0,163.0
0.31,232.82611537368396,476.55639750191165
0.31,966.2856720452806,26724.007034874092
0.31,100.39920318408906,386.13469152615636
0.31,1018.9999999999998,15678.999999999996
0.31,547.0,7186.0
0.31,134.0,161.0
0.31,608.5729208566546,5705.459403063003
0.31,337.0,6828.0
0.31,3499.999999999999,184929.00000000003
0.31,137.63720427268203,1364.9512811818595
0.31,101.64644607658448,126.14277624977184
0.31,225.0,282.0
0.31,306.9006353854615,4490.985637919589
0.31,44.0,45.0
0.31,236.54629621373155,1524.9662017413118
0.31,133.4241357476225,384.3084698520188
0.31,195.3714411064217,1633.6095004620904
0.31,227.73888556853876,1726.7599717389792
0.31,97.2111104761179,351.1239097526684
0.31,1163.0,40760.99999999999
0.31,400.0899898772775,1790.0743001339354
0.31,300.00000000000006,2335.9999999999995
0.31,121.0,2815.0
0.31,405.99999999999994,4254.0
0.31,245.00000000000003,5713.000000000001
0.31,109.00000000000001,886.9999999999998
0.31,211.39536418758104,997.9759516140658
0.31,186.57206269161614,1274.276387322799
0.31,156.07690412101337,298.97324294993354
0.31,1071.0,18957.999999999996
0.31,437.0,6915.000000000001
0.31,416.0,4144.0
0.31,583.4997857754533,8483.758129508407
0.31,838.0000000000002,14042.000000000002
0.31,1139.0926213438481,17123.55655230537
0.31,91.0,104.0
0.31,425.76049605382593,8141.457363396312
0.31,104.0,113.99999999999999
0.31,401.2156527355332,2727.5685142632074
0.31,250.0,1935.0000000000005
0.311,490.00000000000006,10046.000000000002
0.311,459.0,10877.000000000004
0.311,386.0,10475.999999999998
0.311,119.0,1711.0
0.311,291.0,5642.000000000002
0.311,229.99782607668274,1488.145154210435
0.311,286.0,7184.000000000002
0.311,604.7445741798764,3238.495329624547
0.311,202.0,544.0
0.311,3499.999999999999,189341.00000000006
0.311,629.0,20837.999999999996
0.311,571.9999999999999,16261.999999999998
0.311,269.0,3215.0
0.311,64.0,433.0
0.311,64.0,637.0000000000001
0.311,315.0,7729.000000000002
0.311,57.99999999999999,329.0
0.311,297.1564662071441,3992.143755436422
0.311,178.0,3016.0
0.311,105.0,107.0
0.311,197.0,2475.0000000000005
0.311,249.12245984655817,2152.7914436842225
0.311,327.41716509676155,4705.953144688119
0.311,84.0,92.0
0.311,77.19455939378112,215.48549835197724
0.311,434.0,5311.000000000001
0.311,182.0,2301.9999999999995
0.311,260.0,2728.9999999999995
0.311,1387.0,23055.999999999993
0.311,190.0,233.0
0.311,1617.0000000000005,44605.999999999985
0.311,220.07725916141362,1750.4879319778252
0.311,64.4980619863884,593.6387790567594
0.311,631.0,6335.000000000001
0.311,3499.999999999999,123184.00000000004
0.311,129.1626881107698,352.81156443631494
0.311,88.0,99.0
0.311,815.2177623187564,16861.273973220406
0.311,459.99999999999994,1084.9999999999998
0.311,880.0000000000001,19809.000000000007
0.311,335.1203045530677,3127.8263969565705
0.311,117.0,736.0
0.311,1177.0000000000002,39279.99999999999
0.311,367.0,1685.0000000000002
0.311,101.0,104.0
0.311,43.0,610.0
0.311,91.0,150.0
0.311,202.48704484512956,2784.1843149044294
0.311,1434.5731072343435,43107.080555286964
0.311,200.99999999999997,1849.9999999999995
0.311,277.99999999999994,4913.000000000001
0.311,168.0,844.0
0.311,143.09088021254186,1378.2837153503629
0.311,1145.0,10954.999999999996
0.312,534.0,3446.0
0.312,397.00000000000006,8395.000000000004
0.312,1824.0000000000002,44802.99999999998
0.312,134.0,155.0
0.312,168.0,1681.9999999999998
0.312,291.0,4936.000000000001
0.312,592.4137067961882,8681.395337156346
0.312,174.0,1653.0000000000005
0.312,400.33735773719644,3080.7635417214346
0.312,325.6731490313563,5816.698720064501
0.312,469.57427527495577,13007.919049563623
0.312,478.5852090272831,8609.830291763301
0.312,331.0,4060.000000000001
0.312,437.25393079994143,2768.6830804553997
0.312,505.92489561198704,11258.956035086027
0.312,634.0,8181.000000000002
0.312,61.0,401.99999999999994
0.312,115.68923891183658,1139.4156397030895
0.312,262.0,4285.999999999999
0.312,1151.0000000000002,18077.0
0.312,1367.0000000000002,10121.999999999998
0.312,92.0,93.0
0.312,576.0000000000001,7562.999999999998
0.312,236.0,2326.0
0.312,379.0,5083.000000000001
0.312,505.7529040944797,11477.207412955464
0.312,270.82466652799553,2315.851031478492
0.312,252.99999999999997,683.0
0.312,302.9950494645086,4052.7279701455404
0.312,168.90825912311095,881.2139354322536
0.312,596.0,5895.999999999998
0.312,1276.0,12024.999999999996
0.312,81.06787279804497,801.8247938296746
0.312,68.0,917.9999999999998
0.312,220.00000000000003,2106.9999999999995
0.312,282.0,3615.9999999999995
0.312,362.6982949966685,7607.274064872256
0.312,292.0,2054.0000000000005
0.312,388.871444053173,7446.919161639934
0.312,235.46657266903662,3550.0762086926366
0.312,335.9925594414257,9876.616627165396
0.312,602.6508110008647,14868.458965205507
0.312,80.49844718999243,367.83148315499045
0.312,3499.999999999999,188365.00000000006
0.312,77.0,94.0
0.312,376.99999999999994,2655.0000000000005
0.312,754.0000000000002,20889.999999999996
0.312,222.80617529864983,1611.5382040602906
0.312,564.3580423808985,3383.560255115904
0.312,148.21156132658203,863.8257536131007
0.312,199.83993594874875,1381.8248803665392
0.312,1551.9999999999998,82366.99999999999
0.312,1097.9999999999998,42717.00000000001
0.312,220.00000000000003,2053.0000000000005
0.312,366.97411352846126,6024.762235972468
0.312,1429.0,22895.999999999993
0.312,576.6281297335397,10078.838474745
0.312,81.0,91.0
0.312,520.4709405913072,8337.101174868874
0.312,190.0,1855.9999999999995
0.313,359.0,9329.999999999998
0.313,789.0,20515.000000000004
0.313,273.0,4681.0
0.313,408.0,5993.000000000001
0.313,97.0,104.0
0.313,333.00000000000006,2629.9999999999995
0.313,119.0,1405.0000000000002
0.313,92.99462350050136,101.43963722332607
0.313,791.0,12572.000000000002
0.313,789.1615804130355,21426.195789266923
0.313,171.0,192.0
0.313,1249.3998559308386,66460.13699203459
0.313,602.348736198558,10449.559320851762
0.313,608.9707628037747,6001.431868042915
0.313,275.04997879503776,4907.203368111886
0.313,208.0,4913.999999999999
0.313,493.97471619804503,8194.925273598448
0.313,84.2852300228219,421.59340602054016
0.313,130.0,260.0
0.313,504.0,12728.999999999996
0.313,177.43167699145494,1741.4993540050482
0.313,601.1863271898321,2871.5250303627854
0.313,365.8756619399547,1783.5464670145263
0.313,77.0,1064.0000000000002
0.313,375.4157695142813,5036.3528470511255
0.313,141.0,1065.9999999999998
0.313,160.54282917651602,1633.5788931055642
0.313,573.9999999999999,8479.999999999998
0.313,420.0,4184.0
0.313,130.0,218.00000000000003
0.313,901.1104260855047,25608.77845583424
0.313,64.0,602.0
0.313,385.43481939233254,1473.1435775239295
0.313,215.29979098921578,893.7292654937513
0.313,93.0,96.0
0.313,270.01105175245095,2580.5860042675254
0.313,57.99999999999999,383.00000000000006
0.313,399.0,5225.000000000001
0.313,379.0,7121.000000000001
0.313,120.0,2004.9999999999998
0.313,542.5625346446471,8614.615877706718
0.313,170.0823330037544,1519.04509478817
0.313,110.6480908104609,343.6800837988725
0.313,357.300993561451,8728.239169500344
0.313,1292.696793528939,20382.715815121388
0.313,3499.999999999999,135466.00000000003
0.313,409.0,5638.000000000003
0.314,132.0,259.0
0.314,120.08330441822461,1372.0204080114845
0.314,1433.3527130472808,32535.80335568802
0.314,419.00000000000006,5731.999999999999
0.314,94.0,96.0
0.314,158.0,225.0
0.314,189.65758619153627,938.0149252543905
0.314,123.04877081872863,133.3566646253572
0.314,407.0,3833.0
0.314,90.03888049059695,1126.5211937642362
0.314,325.0,4179.0
0.314,81.0,89.0
0.314,359.99999999999994,8723.000000000002
0.314,249.00000000000003,3225.0
0.314,561.0,3659.9999999999995
0.314,200.08748086774446,3195.544398064279
0.314,222.9170249218305,3083.026759533559
0.314,830.0771048523144,12306.326421804355
0.314,82.0,92.0
0.314,1429.0,40255.0
0.314,442.5490641117742,8946.907475413826
0.314,146.0,1988.0
0.314,618.0000000000001,27580.999999999993
0.314,158.0,299.0
0.314,212.0,4417.999999999999
0.314,540.0,13123.999999999998
0.314,1012.9999999999999,24190.000000000004
0.314,495.0,5714.000000000002
0.314,359.99999999999994,9785.999999999996
0.314,59.0,531.0
0.314,279.23108709454254,2911.2313545989437
0.314,297.0,2257.9999999999995
0.314,132.0,1622.9999999999998
0.314,469.57427527495577,9795.075293227708
0.314,104.0,107.0
0.314,1108.0000000000002,51732.99999999998
0.314,413.0,6691.0
0.314,407.0,5213.000000000001
0.314,196.99746191258404,2859.407106377124
0.314,1461.1639196202452,18404.112937058395
0.314,378.6079766724414,6225.016626483824
0.314,395.00000000000006,2094.9999999999995
0.314,81.0,1510.0000000000002
0.314,1047.2511637615873,16819.91840051551
0.314,893.4058428284427,10290.598816395483
0.314,64.0,631.0
0.314,65.8786763680024,240.56184236075345
0.314,184.0,648.0
0.314,240.0062499186219,4138.276090354532
0.314,222.00000000000003,7277.0
0.314,426.99999999999994,2871.0
0.314,208.0,3654.0000000000005
0.314,174.0,1156.9999999999998
0.314,52.0,409.0
0.314,597.0,4623.0
0.314,1290.7362240210045,35098.94179316521
0.314,69.0,899.0000000000002
0.315,298.0,6879.999999999998
0.315,67.0,633.0
0.315,134.23114392718256,993.8309715439542
0.315,484.99999999999994,7014.000000000003
0.315,120.0,1842.9999999999995
0.315,74.0,88.0
0.315,96.0,104.0
0.315,249.00000000000003,1852.9999999999998
0.315,1522.0,60897.0
0.315,359.0,3497.999999999999
0.315,274.0,1522.0
0.315,616.0000000000001,18518.000000000007
0.315,245.00000000000003,1760.9999999999995
0.315,136.0,1595.0
0.315,139.0,165.0
0.315,577.0,6555.999999999999
0.315,63.0,691.0000000000001
0.315,100.0,109.00000000000001
0.315,607.8739928158856,9619.251010507336
0.315,107.26136303441235,499.40664793332496
0.315,204.99999999999997,2440.9999999999995
0.315,215.0,400.0
0.315,99.0,108.0
0.315,230.9458811063752,744.348036875224
0.315,225.0,5319.000000000001
0.315,404.0,1595.0
0.315,285.0,4783.0
0.315,267.0,3228.0
0.315,511.5825798552709,12758.989272988854
0.315,260.57628441590765,1189.9520998762932
0.315,329.0,6373.000000000003
0.315,583.6600037693177,4591.467848085184
0.315,558.121850495033,2601.882972003161
0.315,88.0,106.0
0.315,1274.0,23985.0
0.315,145.10685717773643,1901.189101588793
0.315,174.0,217.0
0.315,91.0,101.0
0.315,249.00000000000003,958.9999999999998
0.315,383.40709435272584,6680.4541761769415
0.315,98.0,107.0
0.315,615.0000000000001,10712.000000000004
0.315,528.0000000000001,7653.000000000003
0.315,64.0,687.0
0.315,310.0,827.9999999999999
0.315,354.0,6314.000000000001
0.315,412.26586039088016,6058.750050503382
0.315,553.8980050514716,11302.59731212255
0.315,323.77306867619484,3649.249374871494
0.315,222.24985939253145,1429.3267645993342
0.315,499.0,1207.9999999999998
0.315,810.9999999999998,13374.000000000004
0.315,304.3747689937522,1301.5436988437998
0.315,3499.999999999999,70697.00000000001
0.315,175.0057141924229,1940.4968435944447
0.315,401.99999999999994,5571.999999999998
0.315,60.0,103.0
0.315,346.845787058168,949.1058950401689
0.315,344.0,2808.0
0.315,434.99999999999994,4842.54024247605
0.315,277.9928056623049,3859.0332986384046
0.316,195.9427661404065,2494.415047232268
0.316,237.0,3160.0
0.316,103.0,104.0
0.316,300.6561010955047,5138.437768150017
0.316,228.97598127314578,4379.046928271037
0.316,406.58578430633804,7547.590277697914
0.316,337.0,9172.999999999998
0.316,1168.0000000000002,67945.0
0.316,176.79649317789082,1837.1907903100323
0.316,85.0,91.0
0.316,94.0,95.0
0.316,842.429664783734,8991.382905486727
0.316,347.0,3252.0000000000005
0.316,221.67543842293398,889.9078603990414
0.316,391.99999999999994,5522.000000000001
0.316,238.5532758112095,1493.7245737401565
0.316,256.9046515733026,645.5431821342395
0.316,267.4490605704196,2581.8001471841308
0.316,312.3809039507187,5189.22039188056
0.316,612.0,3976.0
0.316,405.99999999999994,8332.999999999998
0.316,399.0,6871.000000000001
0.316,98.0,821.0000000000001
0.316,1134.0000000000002,11334.999999999996
0.316,211.4946807841748,665.0263152688019
0.316,67.6904720030818,293.7549999574475
0.316,327.00000000000006,2593.0
0.316,528.4392112627525,5854.016399020422
0.316,339.23443221465595,5398.742909233594
0.316,515.0,4907.000000000001
0.316,430.0,11088.0
0.316,303.12538659769166,2521.586008844434
0.316,60.0,513.0000000000001
0.316,337.0,5033.0
0.316,224.45935044011867,849.5269271777084
0.316,356.0,494.00000000000006
0.316,309.0,2794.0000000000005
0.316,1009.0,14945.000000000002
0.316,284.1385292565925,1764.0230833582066
0.316,178.0,293.00000000000006
0.316,1243.0,20526.0
0.316,75.1265598839718,1125.6860130604807
0.316,122.0,1424.0000000000002
0.316,705.9999999999999,31367.999999999996
0.316,285.0,7371.999999999997
0.316,80.0,106.0
0.316,56.99999999999999,409.99999999999994
0.316,379.0,4579.999999999999
0.316,115.99999999999999,1002.9999999999999
0.316,267.0,606.0
0.316,542.0,4682.000000000001
0.316,250.99999999999997,3427.9999999999995
0.317,659.9999999999999,10605.000000000004
0.317,91.43303560529968,100.46890066085126
0.317,545.9999999999999,4758.000000000001
0.317,774.0000000000002,8848.0
0.317,627.8964882844941,7924.094396207048
0.317,94.0,100.0
0.317,206.0,3010.0
0.317,82.0,94.0
0.317,301.57586110297353,2335.7596194814228
0.317,61.0,451.00000000000006
0.317,457.0,8266.999999999998
0.317,67.0,794.0
0.317,135.01111065390137,1819.9010962137475
0.317,731.0,9532.000000000002
0.317,3499.999999999999,175447.0
0.317,281.0,2497.0
0.317,254.99999999999997,3442.999999999999
0.317,451.7964143284008,2342.9199730251144
0.317,527.0,9259.000000000004
0.317,1060.9999999999998,28810.99999999999
0.317,215.7243611648902,3933.3798443577757
0.317,647.0,6994.0
0.317,277.0,609.0
0.317,67.0,615.0000000000001
0.317,487.3674178686959,8081.788415938639
0.317,224.12496514221704,700.1449849852529
0.317,113.5581542629108,554.980198952674
0.317,606.0,5906.999999999999
0.317,519.0,9335.000000000004
0.317,160.0,1355.0000000000005
0.317,132.0,374.0
0.317,1050.0,6430.000000000003
0.317,111.00000000000001,133.0
0.317,87.0,103.0
0.317,327.00000000000006,7598.999999999999
0.317,101.02474944289641,116.29273408085305
0.317,335.4996274215516,6562.664931260774
0.317,1453.0,16614.999999999996
0.317,371.00000000000006,6722.000000000001
0.317,303.1237371107713,1418.0409020899222
0.317,880.9999999999999,24023.999999999996
0.317,427.37337305920215,3878.372725770434
0.317,66.0,501.99999999999994
0.317,281.0,6938.000000000001
0.317,1446.7204291085409,32264.534352753337
0.317,229.99999999999997,857.0000000000002
0.317,86.0,89.0
0.317,121.96310917650467,525.357021462548
0.317,312.00000000000006,6251.000000000001
0.317,529.0,12348.999999999996
0.317,3499.999999999999,172010.00000000003
0.317,362.99999999999994,4692.000000000001
0.318,100.0,1205.9999999999998
0.318,114.0167206417106,427.5459271474476
0.318,557.0,8658.000000000002
0.318,82.0,1307.9999999999998
0.318,1056.0,10756.999999999996
0.318,197.57783276471073,703.04907367836
0.318,1513.0,104695.0
0.318,275.555048655945,3136.0855242331186
0.318,110.00000000000001,850.0
0.318,203.66148384021955,1565.2814443415598
0.318,208.0,2242.0
0.318,240.0,3822.999999999999
0.318,172.64993483925792,2672.598735313627
0.318,123.0,1451.9999999999998
0.318,523.1112832255379,8200.139871226074
0.318,554.6061665722804,7986.094164233232
0.318,85.0,770.0
0.318,573.0,4838.0
0.318,214.2428528562855,832.8673363747674
0.318,101.0,140.0
0.318,484.6543326450397,3668.200676626379
0.318,1035.9999999999998,26459.000000000004
0.318,394.877196100256,12336.346298641265
0.318,686.0,4149.000000000001
0.318,167.0,1168.0000000000002
0.318,699.9999999999999,14908.444050268963
0.318,248.0,531.0
0.318,95.0,103.0
0.318,520.0,9246.999999999996
0.318,549.3232199716302,8331.656677996278
0.318,258.7798291984907,4813.2504609671
0.318,445.0,2220.0000000000005
0.318,321.0,5491.999999999998
0.318,1010.9999999999998,18569.000000000007
0.318,714.0,9298.999999999996
0.318,259.0,3529.9999999999995
0.318,335.50409833562395,5453.899889070205
0.318,64.0,680.0000000000001
0.318,697.0,15455.000000000004
0.318,721.0,20777.999999999996
0.318,69.0,792.0000000000001
0.318,182.70375192007174,643.1098319494771
0.318,548.4706008529537,9828.808574796849
0.318,99.0,1542.9999999999998
0.318,270.68801229459723,2628.5005231119885
0.319,901.3123764822051,8050.191861067657
0.319,370.00000000000006,2178.0
0.319,124.27389106324789,1544.7650306761866
0.319,362.99999999999994,7106.999999999999
0.319,262.3043294646077,1956.2017933253123
0.319,134.0,258.0
0.319,580.0,3717.999999999999
0.319,420.3748327385929,5754.472173883549
0.319,153.3101431738944,494.1902467673761
0.319,295.0,3513.9999999999995
0.319,233.0,2029.0
0.319,505.0,7965.999999999998
0.319,85.79044235810886,768.4269646492111
0.319,453.0,7578.999999999999
0.319,351.99999999999994,6348.0
0.319,1057.0000000000002,17213.000000000004
0.319,1293.0,57859.0
0.319,96.0,145.0
0.319,71.67912769320044,243.32699968919314
0.319,198.54517643489677,1184.0102943582365
0.319,63.0,566.0
0.319,164.0,1230.9999999999998
0.319,376.0,5184.0
0.319,367.0,6588.0
0.319,186.41888316369668,498.9388740116369
0.319,250.99999999999997,996.9999999999999
0.319,557.0,6879.999999999998
0.319,1119.9999999999998,43982.999999999985
0.319,92.67146270562475,306.8550146241706
0.319,358.0,4526.0
0.319,322.99999999999994,6349.999999999999
0.319,135.0,185.0
0.319,1471.0,46210.999999999985
0.319,106.0,2832.0
0.319,161.0,810.9999999999998
0.319,100.821624664553,228.40753052384238
0.319,759.9999999999998,19918.999999999996
0.319,755.7966767030493,21279.16826123753
0.319,170.7629936490925,1324.5961648744117
0.319,423.00000000000006,7323.0
0.319,98.0,1857.0
0.319,185.15398996510984,1696.1040652035474
0.319,239.0,459.99999999999994
0.319,221.0,3802.9999999999995
0.319,313.99999999999994,4255.0
0.319,161.0,1842.9999999999995
0.319,373.180775630169,3965.7574621153303
0.319,68.0,682.0
0.319,261.50093408409106,1658.286044366417
0.319,1735.0000000000005,66595.00000000003
0.319,280.0,2900.0000000000005
0.319,1340.9999999999995,24560.99999999999
0.319,101.0,112.99999999999999
0.319,65.0,796.0000000000001
0.319,92.0,101.0
0.32,386.0,9695.999999999996
0.32,291.0,2238.0
0.32,62.0,681.0
0.32,100.69756700139283,356.1600763701625
0.32,1074.9999999999998,16666.0
0.32,313.0,6576.999999999998
0.32,464.00000000000006,11323.000000000002
0.32,386.77125022421205,2805.6111633653013
0.32,213.3307291507719,1132.6195301159169
0.32,195.34584715319647,497.29267036625424
0.32,508.0000000000001,8792.999999999998
0.32,257.0,1807.9999999999995
0.32,521.9728606041549,5725.932408250539
0.32,128.0,2553.0000000000005
0.32,443.00000000000006,7474.000000000003
0.32,1028.8906647452877,20948.532072677546
0.32,570.1675192432484,14694.833241653336
0.32,394.00000000000006,2581.0
0.32,83.0,103.0
0.32,105.0,163.0
0.32,179.0,2951.000000000001
0.32,79.13279977354523,232.72730823863364
0.32,59.0,501.0
0.32,1063.0000000000002,23939.000000000007
0.32,154.63505424062166,516.9584122538291
0.32,563.0,1517.0000000000002
0.32,407.0,2379.0
0.32,522.0,6403.0
0.32,197.35754355990548,812.2284161490535
0.32,91.0,100.0
0.32,237.80243901188229,3935.1350675675653
0.32,1667.0000000000002,37951.0
0.32,114.86949116279746,569.836818747262
0.32,231.50377966676916,2832.699066261716
0.32,684.9999999999999,33873.00000000001
0.32,493.2301693935601,12927.093872947626
0.32,282.47831775200024,750.3445875063002
0.32,177.80888616714293,643.90837857571
0.32,217.0598995669168,1036.7246500397296
0.32,880.0000000000001,15789.999999999995
0.32,133.0,156.0
0.32,123.0,151.0
0.32,65.0,517.0
0.32,236.0,1973.0
0.32,269.0,5488.000000000002
0.32,135.73135231036343,225.82515360340176
0.321,230.78809674821392,1491.6814409960914
0.321,557.0,2703.0
0.321,70.65408693062277,214.09810835222248
0.321,98.0,1133.0000000000002
0.321,818.0,13191.999999999998
0.321,418.7791780879274,5449.489884383676
0.321,237.0,9164.000000000004
0.321,587.0000000000001,8953.0
0.321,541.2799494482391,8558.924542675013
0.321,544.0,3446.0
0.321,79.40403012442127,251.46968008091952
0.321,3499.999999999999,198955.9999999999
0.321,177.1891644542634,710.8755165287379
0.321,3499.999999999999,211010.0000000001
0.321,217.02534414210706,1308.7092878099397
0.321,197.0888124678821,2262.6046937103274
0.321,430.0,10767.000000000004
0.321,562.0,13184.000000000004
0.321,88.0,92.0
0.321,95.83318840568752,117.4734012447073
0.321,303.0,3506.0
0.321,80.0,1274.9999999999995
0.321,347.0,3281.0
0.321,634.9999999999999,16743.0
0.321,163.9298630512452,1526.9263243522919
0.321,215.0,2697.0
0.321,189.65758619153627,948.3512007689976
0.321,603.0,4580.999999999999
0.321,91.0,101.0
0.321,206.83326618317466,2899.499956889118
0.321,91.0,100.0
0.321,197.00761406605582,2810.0024911020982
0.321,91.0,1084.9999999999998
0.321,527.2627428521761,4728.71314418627
0.321,78.0,1284.0000000000002
0.321,441.0,9770.000000000004
0.321,1112.2724486383722,21415.641153138513
0.321,715.0,30858.000000000004
0.321,297.5365523763425,1343.7611394887113
0.321,136.78815738213598,744.2822045434109
0.321,429.0,5649.0
0.321,258.82812830138846,1296.3923017358597
0.321,74.0,1071.0
0.321,106.0,111.00000000000001
0.321,149.0,160.0
0.321,106.14141510268271,143.49912891721678
0.321,111.00000000000001,114.99999999999999
0.321,167.2841893306119,2505.3143515335555
0.321,91.0,153.0
0.321,560.2294172925943,8147.402039914318
0.321,430.03764227887604,9777.873373028115
0.321,181.19985453842688,1437.7350969237375
0.321,560.0,12217.0
0.322,331.99999999999994,2085.9999999999995
0.322,534.0,7946.999999999998
0.322,242.40090186900994,1046.2322102292408
0.322,294.0,2932.0
0.322,519.1338940966963,16033.937694777293
0.322,326.0008217576234,3244.803248398561
0.322,252.0,6534.999999999996
0.322,345.0,4025.999999999999
0.322,493.34572056520364,9271.58400706157
0.322,66.0,777.0
0.322,367.0,6258.000000000001
0.322,418.0,8238.0
0.322,79.0,95.0
0.322,183.94292593084413,1704.47997934854
0.322,333.1467578104293,3050.4915437463646
0.322,270.0,1497.9999999999998
0.322,97.48846085563152,1146.4440675410206
0.322,402.5021739071728,2028.243082078674
0.322,112.99999999999999,1078.0
0.322,302.09270100417854,4429.638585708772
0.322,83.0,87.0
0.322,59.0,374.0
0.322,177.58096744865426,742.7166350634676
0.322,203.31994491441318,1505.0471753403613
0.322,174.0,304.0
0.322,715.0,30015.999999999996
0.322,90.0,761.9999999999999
0.322,263.0,3621.0
0.322,136.1146769964117,229.99688495356568
0.322,90.0,796.0000000000001
0.322,373.0,6192.999999999999
0.322,376.0,12114.000000000004
0.322,429.1071431989631,8276.400610620194
0.322,265.36013264995177,6769.87717761556
0.322,263.8787600395303,1330.5848338230821
0.322,346.0,2477.9999999999995
0.322,77.0,93.0
0.322,214.0,8103.999999999998
0.322,588.9999999999999,8467.0
0.322,394.00000000000006,8975.000000000004
0.322,96.0,101.0
0.322,701.0,7580.999999999997
0.322,281.0,5207.999999999999
0.322,62.0,684.0
0.322,126.92590796821509,592.5874677257409
0.322,124.0,3048.9999999999995
0.322,573.5852159879994,4327.466926505621
0.322,111.00000000000001,548.0
0.322,356.99999999999994,5818.999999999998
0.322,114.99407656950682,340.94087719777747
0.323,62.49799996799897,594.9882351778059
0.323,662.0,9191.999999999998
0.323,333.00000000000006,8546.0
0.323,86.0,105.0
0.323,386.0,9887.000000000005
0.323,1165.9999999999998,25201.000000000007
0.323,125.8570617804182,232.58546816170607
0.323,545.0,8018.999999999998
0.323,1410.0,71896.00000000001
0.323,541.4332830552626,13019.374178507967
0.323,262.27466518899604,1770.2824633374191
0.323,641.0,2871.0
0.323,639.1744675751685,9647.928119549808
0.323,137.0,1780.9999999999995
0.323,65.0,618.0000000000001
0.323,73.0,147.0
0.323,318.0,3339.999999999999
0.323,90.86253353280438,319.4964788538365
0.323,570.0000000000001,2448.0000000000005
0.323,134.0,148.0
0.323,299.0,4413.0
0.323,115.99999999999999,1266.0000000000002
0.323,312.00000000000006,7906.999999999998
0.323,233.66642891095844,3114.5201877656846
0.323,122.0,221.0
0.323,533.7293321525434,7036.6475682671535
0.323,102.0,112.99999999999999
0.323,405.8819736680544,3599.5340423159028
0.323,989.8484732523459,17136.65229850918
0.323,217.85316155612708,1602.325809565583
0.323,639.0,16499.0
0.323,218.2109071517737,674.16466831183
0.323,209.0,2039.0
0.323,243.2110141883867,2077.935809208693
0.323,344.8550420104076,4150.421665325104
0.323,895.0000000000001,14608.000000000007
0.323,82.0,108.0
0.323,64.0,484.0
0.323,284.0,8029.000000000001
0.323,140.0,2292.9999999999995
0.323,245.00000000000003,368.99999999999994
0.323,388.45849199110063,4442.834005451925
0.323,315.99999999999994,6949.000000000001
0.323,62.0,548.0
0.323,63.0,578.9999999999999
0.323,1103.0,19013.999999999993
0.323,55.00000000000001,430.99999999999994
0.323,544.0,13632.999999999998
0.323,79.48584779695062,225.01999911119012
0.324,313.99999999999994,2391.0
0.324,599.422221810303,5864.347789822836
0.324,146.0,721.0
0.324,115.99999999999999,157.0
0.324,1336.0000000000002,79661.00000000003
0.324,355.51652563558844,8356.295949761476
0.324,1883.0000000000002,67695.0
0.324,243.00000000000003,386.0
0.324,135.23313203501576,1476.9265384574821
0.324,210.0,2273.0000000000005
0.324,694.1714485629612,10424.703449019546
0.324,210.56988067733818,1359.8335310229202
0.324,296.94443924747947,1053.8144998053501
0.324,140.0,1653.0000000000005
0.324,117.0,241.0
0.324,3499.999999999999,144665.99999999994
0.324,381.0,3476.0
0.324,218.71899780311722,2642.345548939427
0.324,93.0,1924.0000000000002
0.324,189.0,252.0
0.324,612.0,3917.0
0.324,66.0,654.0
0.324,93.0,159.0
0.324,456.99452950773934,3772.17351138571
0.324,496.0,7032.999999999997
0.324,624.0,7387.999999999996
0.324,389.4842743937167,6584.025896060856
0.324,310.3457813508364,4971.047905381227
0.324,156.86794310144327,505.93011866474325
0.324,260.0,2479.0
0.324,518.0,4405.999999999999
0.324,513.4559591606167,13731.433799243905
0.324,808.0,8567.0
0.324,393.0,3469.0000000000005
0.324,108.0,109.00000000000001
0.324,450.7194249197609,4673.353185882701
0.324,277.99999999999994,4315.0
0.324,486.00000000000006,11691.000000000004
0.324,1436.0,50338.99999999998
0.324,95.0,96.0
0.324,273.0,11986.000000000004
0.324,214.0,1499.0
0.324,182.68825906445113,2025.6199051154686
0.324,108.0,1191.9999999999998
0.324,118.0,1669.0000000000002
0.324,99.0,162.0
0.324,384.15155150812205,4941.132737671004
0.324,1230.9999999999998,11265.999999999996
0.324,283.12153336983147,2617.592950779997
0.324,620.0000000000001,7825.999999999997
0.325,580.9999999999999,10238.000000000002
0.325,217.0,4345.000000000001
0.325,311.4128710005855,5199.641991131514
0.325,244.0,3513.0000000000005
0.325,161.2831456410824,993.3134797642465
0.325,755.0000000000001,8111.000000000003
0.325,155.35322362510698,1088.7413876909004
0.325,212.0,1384.0000000000002
0.325,1937.0,36216.00000000002
0.325,299.0,4782.000000000001
0.325,832.4662155306963,17851.821279634194
0.325,332.7121453176718,2508.0762705133598
0.325,103.0,133.0
0.325,171.0,426.0
0.325,151.36049682793725,2856.1176446358086
0.325,383.0143600441112,6937.168730829601
0.325,462.0,4618.0
0.325,339.76020955962457,3863.809130896608
0.325,405.99999999999994,5790.000000000001
0.325,324.73065762259034,1062.3389289675868
0.325,295.24396691549856,5194.982194387196
0.325,404.0,751.9999999999998
0.325,289.9551689485807,5318.057258059563
0.325,402.557759928293,8809.42884838739
0.325,254.6409236552522,3834.6067594995966
0.325,421.0,9642.999999999996
0.325,3499.999999999999,279859.0000000001
0.325,224.73095024940375,2555.669775225274
0.325,71.0,74.0
0.325,93.27379053088815,287.4021572639983
0.325,97.03607576566563,103.92304845413265
0.325,218.28330587891514,2382.076998189901
0.325,202.22759455623262,2702.9509799476573
0.325,97.0,113.99999999999999
0.325,586.0,7159.999999999999
0.325,686.0,4903.0
0.325,90.0,105.0
0.325,1240.9673645990858,35517.57311529041
0.325,258.0,5031.000000000001
0.325,413.30860141061663,4190.201904443269
0.325,1946.9999999999995,33769.999999999985
0.325,56.00000000000001,591.0
0.325,106.0,115.99999999999999
0.325,133.0,222.00000000000003
0.325,95.81231653602788,915.6746146967271
0.326,412.27903172487447,4902.466930026148
0.326,288.61046412075916,1119.5512493852168
0.326,102.0,112.99999999999999
0.326,738.0,8036.999999999999
0.326,477.21676321469994,7151.726258167853
0.326,274.0,3317.0
0.326,367.0,5825.000000000002
0.326,306.42291037061835,4615.868282349486
0.326,95.0,105.0
0.326,702.4813164775276,20664.838784757067
0.326,326.4965543462901,5848.388495987593
0.326,1040.0,10836.0
0.326,881.1055990214761,16901.25863615051
0.326,453.0,7102.999999999999
0.326,444.9022364520098,8936.479284371444
0.326,219.0,2935.0
0.326,462.0,8554.999999999996
0.326,157.0,3569.0
0.326,127.11597895228542,813.221182168158
0.326,127.0,149.0
0.326,82.01219421525069,691.4325708266861
0.326,1141.0000000000002,41901.00000000001
0.326,179.66635745180565,806.6287869894056
0.326,69.0,99.0
0.326,580.9999999999999,3876.0
0.326,70.99295739719538,294.9983050798767
0.326,342.2849689951342,1194.0875177305888
0.326,166.4932431061393,216.67948680020453
0.326,326.5089031809292,3431.118801079014
0.326,191.80719485983838,2654.9214677651003
0.326,277.04151313476467,2717.2841220601135
0.326,152.4007873995407,870.7755164219997
0.326,550.0,2422.0000000000005
0.326,1000.9999999999998,17477.999999999993
0.326,137.0,405.0
0.326,265.23197393979484,2867.8552962100434
0.326,295.0,7808.000000000003
0.326,225.99999999999997,2784.0
0.326,1182.0,30237.00000000001
0.326,337.0,1919.0000000000002
0.326,73.0,980.0000000000002
0.326,210.21655500935222,3437.8318748885904
0.326,275.0,8197.999999999998
0.326,209.6997854076155,2830.5405844113943
0.326,347.0,2572.0
0.326,80.78985084773953,217.9908254950194
0.326,185.0,1702.0
0.326,1093.0,18204.999999999996
0.326,272.71774644839877,3680.890735961148
0.326,227.99999999999997,3473.9999999999995
0.326,417.8947235847804,3231.645401339695
0.326,282.86392488261913,5546.8274716273645
0.326,367.0,7568.999999999997
0.326,622.0,8482.0
0.327,307.0,5455.0
0.327,115.99999999999999,774.0000000000002
0.327,1836.0,35348.99999999999
0.327,1698.0,52390.999999999985
0.327,288.99999999999994,2863.9999999999995
0.327,336.0,1914.9999999999995
0.327,209.0,1925.9999999999998
0.327,315.99999999999994,3611.0
0.327,654.0,1556.0000000000005
0.327,586.0,9440.000000000004
0.327,155.4991961394013,230.4473909594118
0.327,665.2307870205649,12780.44963997746
0.327,239.0,4359.0
0.327,1513.0,37874.00000000001
0.327,185.808528442423,1229.5388052157612
0.327,1914.8574770028954,52249.87641179467
0.327,61.44916598294886,579.2046270533411
0.327,120.0,1575.9999999999995
0.327,1360.6983501129116,31147.61095172469
0.327,659.0,12618.999999999996
0.327,64.0,516.0
0.327,532.4471804789654,3058.811697375306
0.327,1203.0,5829.999999999997
0.327,376.99999999999994,6768.999999999997
0.327,77.0,717.0
0.327,310.9003033726367,2346.1570426491367
0.327,98.0,99.0
0.327,458.0,5953.000000000001
0.327,487.0,5935.999999999998
0.327,317.0,4296.999999999999
0.327,66.0,624.0
0.327,647.9722216268226,7136.657480922004
0.327,95.0,106.0
0.327,352.8824166772836,4298.52439797659
0.327,493.0,8805.000000000002
0.327,218.94291493446417,719.4748084540557
0.327,401.99999999999994,4021.0
0.327,587.0000000000001,5102.999999999999
0.327,799.5060975377237,13688.587070987267
0.327,351.99999999999994,2878.9999999999995
0.327,135.9006990416164,957.6784429024178
0.327,88.31760866327846,409.178445180095
0.327,218.00000000000003,1465.9999999999998
0.327,282.0,4563.0
0.327,85.0,98.0
0.328,119.85407794480753,1300.1422999041297
0.328,210.0,290.0
0.328,57.99999999999999,573.0
0.328,70.0,809.7851566928107
0.328,86.0,98.0
0.328,453.0,5956.0
0.328,137.0,193.0
0.328,530.0,6737.999999999998
0.328,631.0,10111.000000000004
0.328,180.0,219.0
0.328,1069.0,49048.00000000001
0.328,264.10225292488514,3380.460767410265
0.328,62.0,493.0
0.328,108.0,798.0
0.328,191.0,361.00000000000006
0.328,3499.999999999999,245200.0000000001
0.328,385.80305856745105,4539.279237940756
0.328,103.0,111.00000000000001
0.328,1301.0000000000002,47605.99999999999
0.328,336.0,4970.0
0.328,69.0,208.0
0.328,261.0,5184.0
0.328,283.0,7688.0
0.328,57.99999999999999,70.0
0.328,331.0,759.0
0.328,273.0,4371.000000000001
0.328,784.9999999999998,17238.000000000004
0.328,1506.9999999999998,38691.99999999999
0.328,305.99999999999994,3553.0
0.328,302.0,2694.0000000000005
0.328,118.0,1431.0000000000002
0.328,202.99999999999997,4811.000000000001
0.328,126.0,147.0
0.328,258.0,4532.0
0.328,407.0,935.0
0.328,307.5126013678139,1277.5366922323606
0.328,400.0,10968.999999999996
0.328,229.29893152825636,2607.685563866932
0.328,209.2844953645635,1625.9566414883266
0.328,286.0,4383.000000000001
0.328,488.0,5381.000000000001
0.328,1807.9999999999995,46064.99999999999
0.328,3499.999999999999,213642.99999999988
0.328,440.00000000000006,13345.000000000004
0.328,71.0,88.0
0.328,148.0,1716.9999999999998
0.328,672.4728814444746,12570.67293333124
0.328,118.0,152.0
0.328,3499.999999999999,77075.0
0.328,91.91300234460846,339.5879856532031
0.328,608.0,5581.999999999999
0.328,224.00000000000003,6071.000000000001
0.328,749.0000000000002,12954.0
0.329,254.0,1512.0
0.329,320.0,6307.999999999999
0.329,343.2200460346103,6509.4684882868905
0.329,343.94185555119634,6571.607109375913
0.329,333.6195437920266,5107.4557266803595
0.329,370.00000000000006,1415.0000000000005
0.329,64.0,580.0
0.329,380.0,4229.000000000001
0.329,527.5935935926442,6052.264039184012
0.329,273.66402759588266,5421.230948779068
0.329,3499.999999999999,69529.00000000001
0.329,63.0,532.0
0.329,1291.0,9071.000000000004
0.329,141.0,1027.0
0.329,91.0,109.00000000000001
0.329,339.00000000000006,4127.999999999999
0.329,457.0,10072.999999999996
0.329,70.0,100.0
0.329,505.0,11664.0
0.329,429.0,3230.0000000000005
0.329,666.0,14897.999999999993
0.329,198.43134832984427,648.7881010006273
0.329,79.0,98.0
0.329,523.6206269620882,9671.380803247572
0.329,78.0,157.0
0.329,1251.0,29362.000000000007
0.329,522.1551493569704,17885.61746208388
0.329,113.58256908522539,459.16663641863187
0.329,63.0,706.9999999999999
0.329,158.72617931519676,1028.6170327191749
0.329,129.0,144.0
0.329,180.0,279.0
0.329,62.0,499.9999999999999
0.329,453.0,3134.0000000000005
0.329,410.4336913938348,2315.6330386465334
0.329,216.27851874208125,2844.5382118300877
0.329,116.56186540123679,748.9969533215314
0.329,1518.0000000000002,49475.000000000015
0.329,188.2031906034909,615.34794948849
0.329,124.50702791409007,871.3954326251658
0.329,70.0,403.0
0.329,117.0,1155.0000000000002
0.329,140.87228258248678,460.98373073244136
0.329,167.0,1334.9999999999998
0.329,214.15881957089695,1553.4719179953013
0.329,774.7468972860199,17840.778616869637
0.329,658.115491384301,10585.13292311438
0.329,364.00000000000006,4618.0
0.329,368.99999999999994,7529.999999999998
0.329,117.35417551872543,955.1045971525411
0.33,78.0,157.0
0.33,263.0,3331.0
0.33,528.0000000000001,3948.0000000000005
0.33,488.5672432836221,4943.106270319447
0.33,376.6165158354052,8166.3398778155215
0.33,670.0000000000001,11770.000000000004
0.33,61.0,409.99999999999994
0.33,517.1780068872679,7594.321781172806
0.33,1429.0,25867.0
0.33,294.0,5860.000000000002
0.33,692.4593850905626,21858.60352355566
0.33,111.00000000000001,1145.0
0.33,433.0,3057.0
0.33,60.0,451.99999999999994
0.33,335.0,9060.0
0.33,229.0,2973.0000000000005
0.33,545.3402607546961,7166.031119106306
0.33,413.99999999999994,5524.0
0.33,635.710221944553,6644.206989088114
0.33,713.0,9761.000000000004
0.33,149.86102683838848,916.5756458089879
0.33,391.99999999999994,10396.0
0.33,84.0,1368.9999999999998
0.33,1243.0,19763.000000000004
0.33,340.7191238357554,3043.470033619035
0.33,125.0,185.0
0.33,80.94442537939224,347.5629439396553
0.33,43.0,63.0
0.33,204.20577856662138,843.9620844564049
0.33,152.94443435444128,1676.4533992926854
0.33,275.99999999999994,8922.999999999998
0.33,118.05930712993364,586.5654268706945
0.33,82.0,89.0
0.33,131.0,194.0
0.33,317.0,3810.0
0.33,330.0,7765.999999999996
0.33,405.99999999999994,1579.9999999999998
0.33,88.0,90.0
0.33,250.0,347.0
0.33,211.0,904.0000000000001
0.33,100.0,202.99999999999997
0.33,673.0,19578.0
0.33,87.66983517721475,281.23122159532716
0.33,565.0000000000001,10372.999999999998
0.33,115.09995655950527,342.7827300200522
0.33,101.0,833.0
0.33,66.0,78.0
0.33,66.0,617.0
0.33,1214.1779111810588,17715.700663535714
0.33,798.9999999999999,5143.000000000001
0.33,257.0,2006.9999999999998
0.33,1002.9999999999999,8060.000000000002
0.33,519.0,10845.999999999995
0.33,179.7442664703731,536.5436015712872
0.33,117.0,1780.9999999999995
0.331,182.0,4590.0
0.331,245.71935210723638,2394.948224910091
0.331,201.7523234066959,556.1960086156678
0.331,275.0,966.0
0.331,432.0,4641.999999999999
0.331,163.0,1476.0000000000002
0.331,181.0,1377.0
0.331,100.0,148.0
0.331,262.25941355840786,1798.113455819738
0.331,141.8802311810916,2302.748357941006
0.331,412.0,8473.000000000002
0.331,1028.0,36354.0
0.331,86.0,95.0
0.331,90.0,741.0000000000001
0.331,388.0,5107.999999999999
0.331,220.00000000000003,2602.0000000000005
0.331,481.9045548653799,8066.1786491497905
0.331,217.79807161680748,1767.6532465390376
0.331,250.0,2566.0000000000005
0.331,501.0,8011.999999999997
0.331,331.0,699.0000000000001
0.331,212.0,1923.0000000000005
0.331,128.0,166.0
0.331,171.39428228502837,586.3087923611586
0.331,209.0,2526.999999999999
0.331,121.44041855080965,1110.6839904128974
0.331,740.8076673469303,10985.578364383004
0.331,306.9006353854615,5737.077914757647
0.331,94.0,105.0
0.331,140.0,156.0
0.331,308.50713382979995,2663.621338968845
0.331,202.70668464557355,984.644605936579
0.331,151.4793715328922,808.2982122954373
0.331,317.7507940987566,3940.402566722902
0.331,3499.999999999999,150383.00000000003
0.331,1483.0000000000002,39164.999999999985
0.331,215.67800073257354,1240.452739930063
0.331,152.0,1736.4296703293223
0.331,220.07498722026546,919.4139437707046
0.331,117.89826122551594,132.1854757528224
0.331,60.0,440.00000000000006
0.331,77.0,1078.0
0.331,101.0,102.0
0.331,564.0,19919.999999999996
0.331,177.08754896942924,706.2747340801593
0.331,1034.0,25960.000000000007
0.331,251.57106351883957,1756.1731121959472
0.331,907.485537074834,17785.837624357202
0.331,56.00000000000001,384.00000000000006
0.332,183.0,315.0
0.332,778.0000000000001,14256.000000000005
0.332,125.0,1455.0
0.332,339.00000000000006,4202.000000000001
0.332,242.0,2197.0
0.332,192.8730152198591,868.2971841483765
0.332,141.0,1755.0000000000005
0.332,225.33974349856706,1692.2470268846687
0.332,122.67028980156525,809.9777774729379
0.332,131.62446581088182,1009.5459375382577
0.332,326.0,2470.0
0.332,309.0,3145.9999999999995
0.332,399.0,7113.000000000003
0.332,606.0,23772.999999999996
0.332,1142.0,20214.999999999996
0.332,119.0,195.0
0.332,64.0,665.0
0.332,82.0,95.0
0.332,2108.3168642308015,55069.93283090148
0.332,114.07453703609758,481.83192090188464
0.332,359.0,3259.0000000000005
0.332,582.6662852782886,3433.6409247328115
0.332,542.807280455145,7394.011011172989
0.332,149.0,215.0
0.332,68.0,966.0
0.332,398.64269716125494,1950.0066666552702
0.332,493.0,6001.000000000002
0.332,271.0,4516.999999999999
0.332,119.0,1488.0000000000005
0.332,398.48462956555807,10286.964566868111
0.332,451.99999999999994,7801.999999999998
0.332,325.43202055114364,2028.7210256710998
0.332,771.9999999999998,14222.0
0.332,457.40345539613025,9098.104774799831
0.332,566.0,13907.999999999998
0.332,1141.0521460476725,36441.002593232806
0.332,878.3313725468313,7843.111691159319
0.332,274.0,3409.9999999999995
0.332,66.0,714.0
0.332,75.58826278409651,659.3631736099776
0.332,130.0,188.0
0.332,164.0,462.0
0.332,263.0,2848.999999999999
0.332,362.99999999999994,4336.0
0.332,508.0000000000001,5813.0
0.332,566.0,7293.000000000004
0.332,245.00000000000003,1936.0000000000002
0.332,85.0,93.0
0.332,84.0,99.0
0.332,272.0,5234.0
0.332,438.72117417224683,6127.944200652287
0.332,1395.0,55460.0
0.333,165.0,1477.9999999999995
0.333,246.42443060703215,2355.747015279867
0.333,265.0,4028.000000000001
0.333,159.87495113369073,1423.0330284290658
0.333,250.2798433753705,934.8058621981357
0.333,611.0,12644.999999999998
0.333,74.0,944.9999999999999
0.333,154.0,2471.9999999999995
0.333,326.0,11695.999999999995
0.333,384.00000000000006,8486.000000000004
0.333,174.9971920956861,552.0060737588647
0.333,589.2495226981521,10212.427918962272
0.333,203.92155354449417,2071.1153999717153
0.333,386.0,694.0
0.333,273.0,1871.0
0.333,89.0,94.0
0.333,331.99999999999994,3296.0
0.333,378.0634867320567,1311.4999046892835
0.333,324.0,5626.000000000001
0.333,1026.4014809030623,25876.73895605858
0.333,202.99999999999997,395.00000000000006
0.333,141.60017794991842,330.7208759104093
0.333,183.0,394.00000000000006
0.333,511.76459432047466,5343.272967011884
0.333,936.9999999999999,20004.000000000004
0.333,1429.0,37521.00000000001
0.333,488.0,9887.000000000005
0.333,66.0,811.9999999999999
0.333,391.0,9932.999999999996
0.333,89.0,110.00000000000001
0.333,61.0,673.9999999999999
0.333,243.00000000000003,3149.999999999999
0.333,104.0,172.0
0.333,308.0,2939.0
0.333,558.7920390706637,7571.611281702279
0.333,1250.7997441637085,11836.745921071382
0.333,284.0,5526.0
0.333,82.0,94.0
0.333,1009.0,15585.999999999998
0.333,145.0,914.0
0.333,174.13787640832192,2034.9864864416172
0.333,102.66450214168479,417.0995085108589
0.333,328.3504225671104,5743.259179246572
0.333,362.0,16179.000000000005
0.334,60.0,488.99999999999994
0.334,113.7920184501215,629.4848497261105
0.334,127.0,158.0
0.334,3499.999999999999,163877.99999999994
0.334,154.1103500742244,647.5615800833154
0.334,295.1694428629088,771.7408891590494
0.334,129.3986089569745,343.2083915058021
0.334,209.0,6147.000000000001
0.334,279.0,313.0
0.334,304.0,9338.000000000004
0.334,314.95769282959145,5347.997802720224
0.334,506.655701635736,10138.718262186794
0.334,213.0,1069.0
0.334,183.0901417335188,3606.8493176178017
0.334,245.11326337424876,1235.2096834082085
0.334,224.00000000000003,3322.9999999999995
0.334,384.6556901957905,1163.1208019806027
0.334,687.9999999999999,3922.0000000000005
0.334,526.0190110632885,6302.932650758696
0.334,377.95237795256696,4897.6884343534975
0.334,567.4504383644443,6684.160829902283
0.334,266.0,3160.9999999999995
0.334,102.74239631233057,1617.7422538834796
0.334,1854.0,119527.00000000004
0.334,60.0,570.0000000000001
0.334,1513.0,34198.999999999985
0.334,693.3873376403697,13838.445180004877
0.334,119.0,730.0000000000001
0.334,315.99999999999994,5063.0
0.334,48.0,49.0
0.334,103.0,109.00000000000001
0.334,176.0,197.0
0.334,877.0,9631.999999999996
0.334,127.16131487209465,403.37575534481493
0.334,216.49942263202456,1110.639455448977
0.334,197.0,1951.0000000000002
0.334,419.00000000000006,2009.0
0.334,321.0,4905.999999999999
0.334,118.1482120050913,130.04614565607088
0.334,362.0,6756.000000000002
0.334,62.0,605.0
0.334,233.59756234946119,3109.7416409826733
0.334,1355.9999999999998,30593.99999999999
0.334,110.00000000000001,1012.9999999999999
0.334,356.0,5439.999999999999
0.334,199.2234925906079,1356.2256449426106
0.334,288.0,1804.0
0.334,75.0,84.0
0.334,404.4885659694226,2129.5450218297797
0.334,191.73419100410862,2693.955456201902
0.334,106.20915154094183,588.8676932893126
0.334,122.0,2394.9999999999995
0.335,162.84962388657823,600.9592332263479
0.335,424.2463906740986,3365.7941113502475
0.335,108.0,109.00000000000001
0.335,296.0945794843263,1560.2371614597566
0.335,91.00092580469375,491.81353235190164
0.335,99.59919678390986,1299.038105676658
0.335,154.0,2117.0
0.335,150.0,206.0
0.335,81.0,1186.0
0.335,205.23157651784487,1070.2373568512733
0.335,408.0,11233.999999999998
0.335,320.0,3972.9999999999995
0.335,340.99999999999994,3371.000000000001
0.335,110.29959202100432,379.41402188111084
0.335,250.99999999999997,3654.0000000000005
0.335,102.92230079045066,325.58409052040616
0.335,198.0,339.00000000000006
0.335,305.99999999999994,4653.000000000001
0.335,597.7290356005803,10096.957165403841
0.335,73.60706487831177,220.045449850707
0.335,288.0,3465.9999999999995
0.335,294.0,5155.999999999999
0.335,77.83957862167549,370.2904265573173
0.335,573.5852159879994,4426.4007952285565
0.335,321.784089103237,6713.894696820914
0.335,549.2576808748331,11904.12642742003
0.335,353.0,4111.999999999999
0.335,141.0,2277.9999999999995
0.335,501.99999999999994,7619.000000000003
0.335,383.00000000000006,8294.0
0.335,213.04929007157006,1988.4265136031563
0.335,315.99999999999994,4127.999999999999
0.335,327.00000000000006,4096.999999999999
0.335,119.39849245279441,672.2975531712129
0.335,130.0,165.0
0.335,109.61295543867067,1577.8745197258243
0.335,332.93389075028927,2729.9279176985387
0.335,362.0,5338.000000000002
0.335,337.0,7622.999999999997
0.335,1616.0000000000005,32250.999999999993
0.335,380.0,1970.9999999999998
0.335,488.0,10444.999999999996
0.335,116.32075316729231,694.5447198492402
0.335,133.0,236.0
0.335,480.4882933017203,8524.686035274259
0.335,195.18452807535743,481.58073051151035
0.335,148.35767590522576,1701.4293990642097
0.335,401.0,8968.0
0.336,424.0,5112.0
0.336,539.9295015419498,12466.926399954638
0.336,373.86093671310454,7700.864237213895
0.336,84.0,108.0
0.336,1442.9999999999995,39352.00000000001
0.336,109.70414759707128,121.34661099511597
0.336,65.0,766.9999999999999
0.336,532.4471804789654,11793.311494232656
0.336,653.0,12279.999999999996
0.336,162.85883457767957,1583.14560290581
0.336,95.0,148.0
0.336,84.0,1339.0
0.336,350.99999999999994,3756.000000000001
0.336,509.81859518852383,8158.6501947319675
0.336,93.0,97.0
0.336,401.0,11549.999999999996
0.336,176.0,1398.0
0.336,236.5882499195596,543.8749856354858
0.336,1878.0,44432.999999999985
0.336,138.0,912.0000000000001
0.336,3499.999999999999,132259.99999999994
0.336,300.6043911854915,3843.728398313284
0.336,439.8181442369109,9241.071366459626
0.336,899.0000000000002,9108.999999999998
0.336,105.64090116995406,1071.6454637612196
0.336,470.0,15489.999999999995
0.336,333.2581581897133,2895.4046349344667
0.336,165.0,1804.0
0.336,103.71346175499995,1247.7833971006612
0.336,3499.999999999999,123544.00000000003
0.336,89.0,93.0
0.336,450.56531585779334,6556.525164958068
0.336,143.24803663575983,1330.491638455499
0.336,221.0,4745.999999999999
0.336,347.0,4029.999999999999
0.336,71.0,837.0000000000001
0.336,426.99999999999994,17603.999999999996
0.336,1379.8550648528276,42700.55209244958
0.336,102.43046421841501,326.83329083800504
0.336,459.5867709149166,2324.071427473777
0.336,250.4362728876695,2235.1864595274974
0.336,297.0,4649.999999999999
0.336,310.6837188030258,4918.492389447975
0.336,287.0,4327.999999999999
0.336,411.00000000000006,8797.000000000004
0.336,1211.0000000000002,47724.00000000001
0.336,307.0,3322.0000000000005
0.336,590.3829265824004,8103.923741003486
0.336,1336.0000000000002,66430.99999999997
0.336,117.0,782.0000000000001
0.336,1827.0,99169.00000000001
0.337,381.9869107705132,6868.963240548024
0.337,492.95435894208293,12995.712908494093
0.337,202.4993827151085,723.1908461810063
0.337,336.010416505203,4429.244856631884
0.337,521.0,8383.000000000002
0.337,77.0,1312.0000000000002
0.337,715.0,19990.000000000007
0.337,321.0,4164.000000000001
0.337,228.47757001508927,769.1085749099409
0.337,102.0,1207.9999999999998
0.337,569.992223142075,9770.162464581541
0.337,167.0,368.99999999999994
0.337,453.0,11077.000000000002
0.337,3499.999999999999,138751.99999999994
0.337,88.0,101.0
0.337,243.00000000000003,1195.0
0.337,125.45118572576348,1616.953926368961
0.337,618.0000000000001,4857.000000000001
0.337,378.99868073649026,7740.427507573465
0.337,173.0,2128.9999999999995
0.337,1024.0,11852.999999999996
0.337,211.0,1769.0000000000005
0.337,210.33306920215855,842.20959386604
0.337,442.0,8685.000000000004
0.337,285.0,4691.0
0.337,3499.999999999999,246346.99999999997
0.337,85.0,100.0
0.337,61.0,447.0
0.337,275.0,7813.999999999997
0.337,266.0,7011.999999999997
0.337,331.99999999999994,731.0
0.337,136.0,1281.9999999999998
0.337,112.99999999999999,809.0
0.337,136.0,151.0
0.337,384.9854607969476,6671.656244476557
0.337,415.7547353909514,5321.328687461432
0.337,112.99999999999999,899.0000000000002
0.337,408.0,9400.0
0.337,88.0,100.0
0.337,631.0,8620.000000000004
0.337,123.0,148.0
0.337,94.0,102.0
0.337,152.88884851420656,2239.798651664922
0.337,292.2533147801749,2192.407352660541
0.337,830.9999999999999,21644.000000000007
0.337,266.6416660589871,4782.254397219099
0.337,212.0,7218.000000000004
0.337,426.0,2574.0
0.338,228.10523887013207,1337.809403465232
0.338,734.166193719106,16420.541160388115
0.338,539.9888887745748,8932.818480188662
0.338,1988.0,88800.0
0.338,1915.202339179858,75334.60287278352
0.338,341.52609258375986,4988.553356199861
0.338,115.99999999999999,802.9999999999999
0.338,473.2863826479693,10051.948467834489
0.338,67.0,667.9999999999999
0.338,61.0,633.0
0.338,81.0,97.0
0.338,926.9999999999998,3955.0000000000005
0.338,982.8529900244488,26637.181382421073
0.338,204.0,3696.999999999999
0.338,100.0,110.00000000000001
0.338,394.0152281321117,2711.88347832277
0.338,143.0,2752.0000000000005
0.338,179.0,522.0
0.338,383.2440475728227,4549.318300580869
0.338,173.0,2056.0
0.338,340.99999999999994,515.0
0.338,95.0,102.0
0.338,245.6515214797537,2767.470388903778
0.338,192.66551326067673,1213.588068497709
0.338,264.9528259898354,3801.2037567065518
0.338,92.0,112.99999999999999
0.338,74.18894796396563,234.74241201793933
0.338,166.56530250925613,628.5443500660873
0.338,191.84889887617288,682.0557161991973
0.338,202.99999999999997,3176.0000000000005
0.338,291.0,7128.000000000003
0.338,124.0,1147.0
0.338,101.0,1286.3941853102415
0.338,3499.999999999999,99038.00000000001
0.338,406.283639470822,8075.840344153525
0.338,234.0,1814.9999999999995
0.338,57.99999999999999,464.00000000000006
0.338,101.0,102.0
0.338,337.1409200912876,4522.6624901710275
0.338,325.2659535091171,5782.941732317233
0.338,266.0,3354.9999999999995
0.338,296.0,7358.000000000001
0.338,444.7471191587417,4692.120948995241
0.338,77.35631842325486,95.0
0.338,269.3659221208206,7217.771401201341
0.338,110.8873302050329,309.88546271162835
0.338,213.0,3837.0000000000005
0.338,3499.999999999999,105104.00000000001
0.338,3499.999999999999,165211.0
0.338,298.24486584013476,4506.808183182418
0.338,664.0,3255.9999999999995
0.338,717.7464733455679,11596.420784017806
0.339,97.94896630388705,347.1051713818162
0.339,1713.2063506769985,23845.811456102714
0.339,206.0,3507.0
0.339,108.0,1448.9999999999998
0.339,68.0,678.0
0.339,202.99999999999997,558.0
0.339,297.0,4913.999999999999
0.339,1471.0,29974.99999999999
0.339,159.27962832704,827.9510855116984
0.339,356.6468744172745,4494.9546444718535
0.339,187.0,6213.000000000002
0.339,370.08782741398016,7409.418195782986
0.339,430.0,8420.000000000004
0.339,262.0,3509.9999999999995
0.339,107.0,114.99999999999999
0.339,215.3067579060165,2310.8115457561657
0.339,156.6620566697629,463.87498315817817
0.339,74.0,915.0
0.339,391.0,1174.0
0.339,96.0,101.0
0.339,255.74987781033252,2160.1388844238704
0.339,60.0,478.0
0.339,106.0,111.00000000000001
0.339,89.0,102.0
0.339,330.43542155322274,6298.5345311457695
0.339,107.0,1302.0000000000002
0.339,543.0,7184.000000000002
0.339,622.0,12474.000000000004
0.339,225.99999999999997,4827.000000000001
0.339,158.99685531481433,1979.735335846689
0.339,107.0,673.9999999999999
0.339,344.84558517175606,3089.1522206506656
0.339,232.48655875125343,1101.896546868171
0.339,462.0,12101.999999999995
0.339,115.55916710167624,648.1296290988914
0.339,68.0,288.99999999999994
0.339,248.0,3453.0
0.339,1460.0000000000002,151165.00000000003
0.339,231.53185525970287,503.86307663888215
0.339,92.0,106.0
0.339,300.4063914100364,4247.386961415219
0.339,236.0,3438.000000000001
0.339,114.86949116279743,1353.8611450218962
0.339,73.86474125047755,923.8344007450685
0.339,87.0,104.0
0.339,209.0,2342.0
0.34,134.0,199.0
0.34,348.0,6391.000000000001
0.34,194.0,2085.9999999999995
0.34,83.0,89.0
0.34,375.0,7600.0
0.34,104.0,105.0
0.34,96.0,100.0
0.34,98.0,101.0
0.34,164.37761404765553,663.6188665190284
0.34,290.0,3334.000000000001
0.34,1839.7010626729545,23885.418501671676
0.34,156.07690412101337,711.4660919537909
0.34,305.99999999999994,3578.000000000001
0.34,1079.583252926795,34496.6479096158
0.34,64.0,603.9999999999999
0.34,126.4317997973611,549.8927168093791
0.34,941.0,18138.999999999996
0.34,292.0,9716.0
0.34,310.0,2680.0
0.34,285.0,652.0
0.34,82.0,1470.0
0.34,1082.0000000000002,17934.000000000007
0.34,287.0,2102.9999999999995
0.34,125.22136773917198,719.0644097918133
0.34,209.0,1281.9999999999998
0.34,97.0,1097.0000000000002
0.34,91.0,93.0
0.34,65.0,491.0
0.34,434.99999999999994,1460.9999999999995
0.34,1319.2497868106707,59179.439064594044
0.34,374.0,3453.0
0.34,164.38369748852836,893.3280472480421
0.34,157.0,1732.9999999999998
0.34,279.0,8050.999999999999
0.34,282.4694673765644,1670.0329338069955
0.34,258.0,3568.0
0.34,215.0,5498.000000000001
0.34,244.71411892246837,2264.5944449282747
0.34,618.0000000000001,10457.000000000002
0.34,123.0,1574.0
0.34,112.00000000000001,256.0
0.34,270.7157180512428,2683.480575670337
0.34,260.78123994681823,3597.9163942846653
0.34,110.00000000000001,111.00000000000001
0.34,1309.0,22273.999999999993
0.34,56.99999999999999,472.0
0.34,372.53187783060923,5750.208865771748
0.341,269.1549804130323,4417.964809338741
0.341,188.67962264113208,524.1221231735979
0.341,479.0,2723.9999999999995
0.341,272.0,3462.9999999999995
0.341,155.21597855890997,481.2172066749068
0.341,130.53735097664577,636.0070754323414
0.341,457.0,3540.0
0.341,430.9709967039545,4829.034686145875
0.341,607.0,6020.999999999998
0.341,147.0,1027.0
0.341,193.9071942966532,722.3849389349144
0.341,313.76424270461416,3721.3767613613113
0.341,126.57013865837392,564.2800723045251
0.341,327.00000000000006,8504.999999999996
0.341,270.68949517739276,1025.2366866463587
0.341,157.97151641989134,1916.4994129923443
0.341,418.0,4380.999999999999
0.341,338.45145839867536,8510.687093716702
0.341,141.0319112825179,172.7657373439537
0.341,70.0,95.0
0.341,65.0,564.0
0.341,93.0,96.0
0.341,206.0,1240.0
0.341,221.0,2677.0000000000005
0.341,757.0000000000001,10443.000000000004
0.341,299.0,8393.000000000004
0.341,70.0,587.0000000000001
0.341,202.99999999999997,2356.9999999999995
0.341,260.0,4311.999999999999
0.341,362.0,6670.000000000002
0.341,300.8936689264166,2055.0459848869564
0.341,511.99999999999994,4529.000000000001
0.341,72.0,893.0000000000001
0.341,391.99999999999994,2396.9999999999995
0.341,517.0,6722.000000000001
0.341,588.9999999999999,6481.999999999999
0.341,238.29119548885345,2201.6172329098576
0.341,135.5544171172596,701.4499269370551
0.341,206.0,1958.9999999999995
0.341,84.0,85.0
0.341,151.0,449.0
0.341,515.0,11556.000000000004
0.341,101.0,109.00000000000001
0.341,792.0000000000001,14610.0
0.341,366.0,3469.0000000000005
0.341,214.0,1497.0
0.341,97.43715923609432,112.49888888340188
0.341,397.00000000000006,5268.000000000002
0.341,545.9999999999999,7225.999999999999
0.341,326.0,4557.000000000001
0.341,543.0,5011.999999999999
0.341,229.99999999999997,5157.000000000001
0.341,256.3727754657269,566.9285669288504
0.342,97.85703858180055,889.044993237125
0.342,247.00000000000003,5195.999999999999
0.342,110.39927535994065,306.8957477711283
0.342,405.99999999999994,2773.0000000000005
0.342,112.99999999999999,1673.0
0.342,101.0,113.99999999999999
0.342,86.0,905.9999999999999
0.342,266.0,3661.9999999999995
0.342,476.99999999999994,6211.000000000002
0.342,136.0,4047.0000000000005
0.342,107.0,634.9999999999999
0.342,79.48584779695062,358.330852704592
0.342,224.00000000000003,3974.999999999999
0.342,750.6663706334525,12437.884225220952
0.342,205.51207298195894,1646.9359864437213
0.342,298.0,1491.0
0.342,76.0,95.0
0.342,261.3240739870345,4095.53893589802
0.342,63.0,588.0
0.342,288.0,9157.0
0.342,118.79393923933999,1471.562434964959
0.342,1176.0,111600.0
0.342,305.9411708155671,1165.214572514436
0.342,285.1364484617354,3708.2650065913745
0.342,167.12270940838653,1686.4459671154602
0.342,68.0,637.0000000000001
0.342,331.0,4374.0
0.342,275.0,5201.000000000001
0.342,99.0,102.0
0.342,67.0,550.0
0.342,193.32873557751316,1299.8230648822944
0.342,286.0,2932.9999999999995
0.342,1210.0,14847.000000000005
0.342,619.1478014173998,17869.517536855892
0.342,3499.999999999999,129664.00000000001
0.342,3499.999999999999,243534.0
0.342,770.8346126115512,7924.970031489076
0.342,608.0,11161.999999999998
0.342,319.5983078205499,4245.633293372986
0.342,476.99999999999994,6089.000000000002
0.342,154.56072643460897,1966.2974944162147
0.342,273.29842984153123,3340.087186460388
0.342,224.00000000000003,422.0
0.342,126.0,1161.0
0.342,219.0,529.0
0.342,260.0,6497.0
0.342,92.43376006633073,96.99484522385713
0.342,70.88243454449574,294.04987815882737
0.342,254.0,1516.0000000000002
0.342,368.4996607868181,5718.97368414998
0.343,125.30421900572759,687.2911506666799
0.343,213.0,4057.0
0.343,1183.0000000000002,28303.99999999999
0.343,98.0,877.0
0.343,294.0,7081.999999999999
0.343,618.0000000000001,6477.999999999999
0.343,282.0,7179.999999999997
0.343,161.0,1604.0
0.343,243.78269011560275,1230.731489805961
0.343,466.32499396879854,5359.2553587228895
0.343,464.6974561057936,5037.282758658865
0.343,104.40306508910551,317.6885267050103
0.343,236.67699507979228,4077.668451456053
0.343,253.44032828261564,1474.8728758777822
0.343,71.0,921.0000000000001
0.343,86.0,137.0
0.343,1186.9999999999998,24071.999999999993
0.343,120.0,136.0
0.343,178.46568297574748,1935.1775112376642
0.343,362.0,2992.0000000000005
0.343,170.5960140214302,582.4637327765566
0.343,299.0,3694.0
0.343,208.1633973589017,1195.4036975013923
0.343,227.0,684.9999999999999
0.343,85.0,91.0
0.343,386.99999999999994,4068.000000000001
0.343,712.3903424387503,11929.71185737526
0.343,89.0,1625.0
0.343,407.0,5112.0
0.343,261.0,1965.0000000000002
0.343,715.0,73393.0
0.343,315.2142128775288,1770.0372877428322
0.343,117.67327649045896,1623.1210675732107
0.343,197.0,272.0
0.343,108.0,183.0
0.343,209.5519028784993,2157.913112245255
0.343,200.17238470820632,3310.4295959119568
0.343,268.18463788964493,2687.620881002378
0.343,423.8997522999984,4621.166519397456
0.343,157.87315568588537,1378.3493117592668
0.343,87.72114910328067,403.19226183050694
0.344,82.0,91.0
0.344,256.9354458423672,3978.0716734627517
0.344,539.0,5699.000000000002
0.344,156.0,1021.0000000000002
0.344,405.0,908.0
0.344,1271.0000000000002,30298.000000000007
0.344,94.0,713.0
0.344,113.99999999999999,1262.0
0.344,102.0,200.0
0.344,677.0,6882.000000000002
0.344,868.0,8819.999999999998
0.344,374.53571258292584,5390.994898903167
0.344,124.87593843491227,1294.5547497112666
0.344,372.48670252667995,2666.77461176754
0.344,103.0,678.0
0.344,203.7547545457529,961.0676354971067
0.344,361.00000000000006,6591.000000000003
0.344,225.0,1752.9999999999998
0.344,362.0,5150.999999999998
0.344,305.99999999999994,936.9999999999999
0.344,564.0,1873.0
0.344,315.99999999999994,6227.999999999999
0.344,224.69979973288807,4136.1993423915155
0.344,70.0,652.0
0.344,121.0,1115.0000000000002
0.344,329.0,1639.0000000000005
0.344,280.0,4927.0
0.344,71.20393247567159,82.83718971573094
0.344,143.0,759.0
0.344,327.6949801263364,2474.9917171578572
0.344,221.0,3190.0
0.344,61.0,588.9999999999999
0.344,172.2585266394671,2539.050216124131
0.344,277.0,876.0
0.344,66.0,430.0
0.344,109.00000000000001,112.00000000000001
0.344,178.66169147301835,3775.8230890760756
0.344,275.99999999999994,1922.0000000000002
0.344,166.0,1476.9999999999998
0.344,270.4884470730682,3207.8778031589673
0.344,806.8283584505444,9324.376654768941
0.344,227.99999999999997,371.00000000000006
0.344,97.85703858180054,427.09834932951924
0.344,197.15445641437,1762.8355012104014
0.344,203.88231899799453,2264.0642658723264
0.344,117.54998936622665,338.73440923531814
0.344,666.9999999999999,7202.999999999997
0.344,284.0,7301.999999999996
0.344,620.0000000000001,15385.000000000002
0.344,90.0,97.0
0.344,298.0,2421.0000000000005
0.345,366.0,5861.999999999997
0.345,113.99999999999999,144.0
0.345,447.97232902008767,4330.475529061995
0.345,167.81239525136394,1928.2971762671853
0.345,468.0,3196.0000000000005
0.345,336.0,4213.000000000001
0.345,1007.0,17683.0
0.345,227.21135535003526,997.7529754403141
0.345,199.0,3135.0
0.345,65.0,576.0000000000001
0.345,313.99999999999994,3053.0
0.345,305.99999999999994,5291.0
0.345,65.0,101.0
0.345,548.0,10005.999999999998
0.345,108.0,1439.9999999999998
0.345,225.9314055194629,3153.0661268041954
0.345,204.0,3167.9999999999995
0.345,171.81385275931623,2442.1351313962955
0.345,75.1997340420829,642.8180146822272
0.345,139.0,152.0
0.345,64.0,551.0
0.345,432.0,5037.0
0.345,66.0,655.0
0.345,505.99999999999994,17523.0
0.345,335.0,7038.000000000003
0.345,155.73695772038184,681.5951877764395
0.345,61.25357132445423,209.92855927672153
0.345,62.0,583.9999999999999
0.345,318.0,2364.0
0.345,183.0,1798.9999999999998
0.345,359.65539061718516,2922.65632601577
0.345,59.0,88.0
0.345,1093.0,21418.00000000001
0.345,1296.0000000000005,81401.99999999997
0.345,179.0,231.0
0.345,135.0,571.9999999999999
0.345,113.99999999999999,193.0
0.345,101.0,682.0
0.345,259.0,782.0000000000001
0.345,393.0,10933.000000000002
0.345,139.0,1592.9999999999998
0.345,516.0,4841.0
0.345,441.0,3600.0
0.345,216.0,2847.9999999999995
0.345,507.0,9704.0
0.345,1009.0,16039.000000000004
0.345,3499.999999999999,217203.9999999999
0.345,731.778655059028,16304.648907596878
0.345,359.8610843089316,7456.373112981942
0.345,174.0,4132.999999999999
0.345,751.9999999999998,14447.0
0.346,86.0,109.00000000000001
0.346,172.75705484870943,2143.3884388976257
0.346,191.0,5355.0
0.346,108.42068431511045,296.11912358932983
0.346,199.22473201414573,1489.7301092173384
0.346,340.0,7638.000000000003
0.346,262.54523419784255,2520.619765057792
0.346,284.0,4845.0
0.346,391.99999999999994,5906.0
0.346,248.9919677419334,2062.765134473626
0.346,1468.9999999999998,72054.99999999999
0.346,337.0,6883.999999999999
0.346,190.35597162408487,1259.7411713249578
0.346,91.0,103.0
0.346,291.0,4392.0
0.346,426.0,2832.0
0.346,161.0,1705.9999999999995
0.346,197.19279905716638,2546.6886342857074
0.346,132.20816918783802,2241.326839173618
0.346,229.49509798686333,1183.9374983503137
0.346,257.0,290.0
0.346,172.0,2270.0
0.346,658.0000000000001,1897.9999999999998
0.346,413.0,13002.000000000002
0.346,76.0,94.0
0.346,64.0,483.0
0.346,558.0,8562.0
0.346,196.0,245.00000000000003
0.346,605.0,27849.0
0.346,368.99999999999994,5346.0
0.346,649.9999999999999,10762.999999999996
0.346,356.0,7555.0
0.346,185.58017135459275,571.6904756946717
0.346,794.0,18244.000000000004
0.346,80.0,112.00000000000001
0.346,258.0,4158.0
0.346,715.0,48437.99999999998
0.346,121.0,2110.0
0.346,209.0,3039.000000000001
0.346,241.86614224436892,976.9830377449201
0.346,175.7457336712096,2979.9206677722327
0.346,763.6766331373508,17174.748469773873
0.346,3499.999999999999,165549.0
0.346,95.0,105.0
0.346,1334.0000000000005,39972.00000000001
0.346,119.0,1471.0
0.346,82.46211251235322,99.0
0.346,193.2008075786363,1366.7727328613166
0.346,162.0,1847.0
0.347,171.8865905182833,318.6345869487492
0.347,171.0,462.0
0.347,287.0,3072.9999999999995
0.347,174.8959926195279,2893.0210355209592
0.347,421.0,1269.0
0.347,174.0,1923.0000000000005
0.347,178.0,365.0
0.347,67.0,709.0
0.347,715.0,12759.999999999996
0.347,224.19634252146042,2399.0543970489707
0.347,554.9774770204642,2668.7345315710972
0.347,295.0,2320.9999999999995
0.347,296.0,6103.000000000002
0.347,480.0,3839.0
0.347,337.0,4782.000000000001
0.347,225.0,2272.0000000000005
0.347,170.0,976.0
0.347,118.0,1281.9999999999998
0.347,131.93938001976514,1921.5618647339977
0.347,67.0,672.0
0.347,295.3352503865673,4085.0048756001206
0.347,266.0,1857.9999999999995
0.347,60.0,501.99999999999994
0.347,411.3173956933988,10849.625569576127
0.347,327.00000000000006,4086.999999999999
0.347,152.0,1197.0000000000002
0.347,631.0,9669.999999999996
0.347,231.09738207084908,1172.1992151507354
0.347,89.0,98.0
0.347,263.0,6606.999999999999
0.347,105.0,191.0
0.347,346.6150602613799,2528.213203034902
0.347,59.0,437.0
0.347,80.0,90.0
0.347,371.00000000000006,8860.999999999996
0.347,262.0,8036.000000000002
0.347,250.99999999999997,2877.0000000000005
0.347,466.0000000000001,8282.0
0.347,134.4412571751339,642.0769698382475
0.347,445.0,17726.000000000004
0.347,3499.999999999999,167368.0000000001
0.347,209.0,1126.9999999999998
0.347,162.0,2365.9999999999995
0.347,349.0,4012.0000000000005
0.347,103.0,1029.0
0.347,316.16925846767583,5400.479978668563
0.347,405.4544510032034,2620.1581407177764
0.347,131.0,148.0
0.347,217.0,1240.0
0.347,215.0,290.0
0.347,149.76657025880925,1589.6580095925815
0.347,63.0,655.9999999999999
0.348,63.0,617.0
0.348,227.99999999999997,1458.0000000000005
0.348,66.0,401.99999999999994
0.348,224.81992794234236,1509.291224383154
0.348,234.0,7723.999999999999
0.348,68.0,724.0
0.348,187.36328348958875,1317.0899741475523
0.348,96.08635327842408,409.35990148209413
0.348,738.0,13794.0
0.348,1240.9673645990858,16067.058473784185
0.348,277.99999999999994,552.0
0.348,311.0,6954.999999999998
0.348,77.0,83.0
0.348,101.90682018393078,958.561422132145
0.348,272.0,1632.0
0.348,78.23042886243178,966.4610700902547
0.348,62.0,599.0000000000001
0.348,233.0,3696.999999999999
0.348,265.0,5717.999999999998
0.348,194.0,3671.000000000001
0.348,147.0,2021.9999999999995
0.348,218.30254235807703,4143.742390641581
0.348,260.0,3954.4400362124597
0.348,92.0,895.9999999999999
0.348,517.0,6423.999999999998
0.348,253.23690100891963,1625.6170229608622
0.348,160.21860066796242,851.7305912082766
0.348,324.0,2356.9999999999995
0.348,102.0,105.0
0.348,304.98760151027693,2185.9270565105426
0.348,252.0,2775.0
0.348,411.00000000000006,6090.999999999997
0.348,286.083903776497,4459.804816356877
0.348,191.42100198254107,2039.4006472490887
0.348,1920.9999999999998,151974.0
0.348,149.5528111559502,573.9774030357152
0.348,575.0,11099.999999999996
0.348,405.99999999999994,5644.000000000001
0.348,255.99218738078707,2846.404047214661
0.348,157.0,189.0
0.348,480.99999999999994,4329.000000000001
0.348,243.00000000000003,4134.0
0.348,288.0,6011.999999999999
0.348,301.7482394314837,2435.671570635089
0.348,92.0,109.00000000000001
0.348,135.14806694880988,1951.6954168107272
0.349,228.13940376919172,2179.7523791161366
0.349,91.0,99.0
0.349,1197.0000000000002,87637.99999999997
0.349,76.0,964.0
0.349,87.0,103.0
0.349,628.0,12789.000000000002
0.349,341.25084812412484,4317.241146885945
0.349,155.3319027115808,2489.5373064085625
0.349,244.78562049270786,3636.7035897911715
0.349,50.0,62.0
0.349,154.35672968808325,2106.1716454268394
0.349,219.99090890307266,2539.7541219574773
0.349,64.0,665.0
0.349,327.17556433828565,3152.0753887849473
0.349,861.9999999999998,12172.999999999998
0.349,66.0,724.0
0.349,291.6727618410742,3763.832886832252
0.349,458.0,7310.999999999997
0.349,446.0112106214372,8391.25580589699
0.349,340.99999999999994,8390.000000000004
0.349,345.0,11420.000000000002
0.349,177.0,286.0
0.349,132.24976370489287,1134.5289771530738
0.349,312.00000000000006,4033.0000000000005
0.349,216.0,1330.0000000000002
0.349,719.0,56023.99999999999
0.349,107.0,658.0000000000001
0.349,414.33681950799394,3462.127236252301
0.349,120.0,1207.0000000000002
0.349,381.99999999999994,9885.999999999998
0.349,562.0,3477.9999999999995
0.349,342.00000000000006,4805.999999999999
0.349,298.0,4056.000000000001
0.349,374.4115382837447,3400.807992227729
0.349,89.0,91.0
0.349,63.0,565.0000000000001
0.349,79.0,103.0
0.349,247.00000000000003,2998.0000000000005
0.349,96.0,143.0
0.349,755.0000000000001,26082.999999999985
0.349,110.00000000000001,1022.0000000000001
0.349,248.0,2492.9999999999995
0.349,280.90831724835823,5003.06370537179
0.349,64.0,621.0
0.349,112.99999999999999,140.0
0.349,123.0,986.9999999999999
0.349,159.0,1113.9999999999998
0.349,338.3459767752529,2155.545406619865
0.349,450.6462026912021,4617.969683746311
0.349,156.0,305.99999999999994
0.349,396.00000000000006,7312.000000000002
0.35,421.42615011410965,2817.1309873699515
0.35,407.0,2769.0
0.35,371.09028551014376,9561.658328972022
0.35,908.8454214001413,24050.883559653266
0.35,89.0,99.0
0.35,144.98620624045586,373.8689610010438
0.35,158.0,191.0
0.35,98.75221516502808,125.33156027114639
0.35,693.0266950125371,9663.042998972942
0.35,570.0000000000001,4205.0
0.35,120.34949106664308,320.1343467983403
0.35,305.99999999999994,6813.0
0.35,109.00000000000001,199.0
0.35,228.82307575941724,1091.257989661473
0.35,294.0,7938.000000000003
0.35,349.0,8427.000000000002
0.35,495.0,6613.000000000001
0.35,79.0,151.0
0.35,280.0,1958.0000000000002
0.35,350.99999999999994,4048.0000000000005
0.35,225.07013451477306,2505.9199601104897
0.35,239.0,2528.0
0.35,73.0,793.0000000000001
0.35,171.3942822850284,1649.4599116074326
0.35,65.0,701.0
0.35,3499.999999999999,121238.00000000006
0.35,250.0,3790.0000000000005
0.35,145.45102268461366,676.5242050363016
0.35,678.3251432757007,14611.98364357146
0.35,430.99999999999994,5211.999999999999
0.35,76.0,100.0
0.35,232.04956367121227,846.040779159019
0.35,386.5941023864694,6901.699283509821
0.35,446.0,4432.0
0.35,65.0,729.0000000000001
0.35,82.0,613.0
0.35,167.21243972862786,2292.6875059632534
0.35,57.99999999999999,465.00000000000006
0.35,127.80845042484475,396.2726334230009
0.35,67.0,855.0000000000001
0.35,1735.0000000000005,90451.00000000001
0.35,440.732345080322,10213.358311544735
0.35,101.0,704.0
0.35,243.93031791886796,583.5066409219351
0.35,3499.999999999999,206100.0
0.35,92.0,107.0
0.35,146.0,252.0
0.351,780.6804724085266,19953.015636740227
0.351,968.5040010242599,15544.849243398927
0.351,87.0,92.0
0.351,186.30612094956487,390.17261699058696
0.351,264.0,2750.0000000000005
0.351,269.0,3829.9999999999995
0.351,296.0,7349.999999999997
0.351,217.0,1904.9999999999998
0.351,61.0,686.0
0.351,409.99999999999994,8955.000000000002
0.351,117.8303865732435,549.6362433464518
0.351,3499.999999999999,209472.00000000003
0.351,659.0,33163.99999999999
0.351,288.0756456385522,5545.998361320909
0.351,88.0,110.00000000000001
0.351,194.53274054921513,1041.779153832779
0.351,168.0,1999.0000000000002
0.351,98.0,102.0
0.351,84.0,87.0
0.351,97.0,104.0
0.351,153.8440769090575,770.0337654934361
0.351,293.00000000000006,4891.0
0.351,337.99999999999994,4086.999999999999
0.351,429.3809497404374,8838.654761896743
0.351,215.0,2546.0
0.351,516.0,4036.0000000000005
0.351,215.8541174033982,918.2684792586532
0.351,433.0,4571.000000000001
0.351,204.99999999999997,1676.9999999999995
0.351,250.8346068627692,4813.059733682931
0.351,319.90830706210886,4636.968406399718
0.351,403.0,5094.0
0.351,517.2484896063012,5276.623541622048
0.351,77.9487010796203,269.55333424018335
0.351,65.0,909.0
0.351,280.0,3569.0
0.351,133.0,143.0
0.351,564.3580423808985,5568.049478946825
0.351,379.0,4961.0
0.351,275.3234461501599,4385.751930969193
0.351,465.8325879540846,12244.393002513436
0.351,541.0,5589.000000000002
0.351,252.99999999999997,7259.999999999996
0.352,170.0,1125.0000000000002
0.352,218.00000000000003,6336.0
0.352,64.0,493.0
0.352,215.32533524878116,1037.8665617505944
0.352,93.04837451562493,1460.5807064315204
0.352,285.0,3560.000000000001
0.352,1077.0000000000002,13171.0
0.352,96.0,102.0
0.352,215.63858652847827,960.8412980300128
0.352,261.0,5935.999999999998
0.352,125.0,151.0
0.352,127.0,151.0
0.352,74.0,907.0
0.352,146.0,1613.9999999999998
0.352,213.0,2689.0000000000005
0.352,372.0,3056.0
0.352,87.0,112.00000000000001
0.352,931.6651759081694,33059.84171165978
0.352,253.25451533881792,3637.2254445284634
0.352,662.0,11277.000000000002
0.352,197.0,3111.0000000000005
0.352,300.00000000000006,4469.0
0.352,273.2178617879878,5603.291443428586
0.352,252.0,3024.0
0.352,77.0,916.0
0.352,61.0,571.9999999999999
0.352,177.45421944828473,1837.1475172124854
0.352,285.0,5790.999999999999
0.352,212.0,1908.0000000000002
0.352,84.0,88.0
0.352,63.0,548.0
0.352,228.9934496879769,1328.969525609974
0.352,200.99999999999997,2042.0000000000005
0.352,494.616012680544,6460.811636319384
0.352,153.0,766.9999999999999
0.352,133.0,265.0
0.352,305.0,6377.000000000003
0.352,181.9890106572372,959.7853926790091
0.352,3499.999999999999,71966.0
0.352,135.4870382430754,1255.9421040935779
0.352,440.0545420740479,11037.134410706432
0.352,68.45436436049933,822.4050097123679
0.352,165.0,3347.9999999999995
0.352,89.0,98.0
0.352,734.0,18361.000000000004
0.352,302.2714012274399,6675.95588661279
0.352,300.00000000000006,7830.999999999997
0.352,455.00000000000006,4330.0
0.352,197.26124809500726,3075.5051617579825
0.353,191.4575671003891,1157.2627186598559
0.353,152.0986521965267,2108.313069731343
0.353,65.0,459.0
0.353,252.52215290787038,1251.660207262197
0.353,252.0,4563.999999999999
0.353,145.0,327.00000000000006
0.353,206.99999999999997,3481.0
0.353,244.0,2085.0000000000005
0.353,283.0,3357.000000000001
0.353,104.0,602.0
0.353,155.0,235.0
0.353,209.0,6951.000000000001
0.353,259.0,1976.0000000000002
0.353,97.54998718605759,1109.2294622845175
0.353,143.5548675594109,758.9334621691154
0.353,400.0,2889.0000000000005
0.353,97.0,99.0
0.353,261.0,3191.0
0.353,493.5562461490343,11668.398297501184
0.353,1024.0,14108.999999999998
0.353,56.00000000000001,434.99999999999994
0.353,98.0,101.0
0.353,153.26447729333762,776.3916537418469
0.353,635.8608338307998,6879.11331495564
0.353,124.09673645990857,467.2900598129603
0.353,734.9999999999999,6682.999999999998
0.353,448.00000000000006,2954.0
0.353,533.0,1734.0000000000005
0.353,92.0,779.0
0.353,77.0,913.0000000000001
0.353,150.66695599530243,249.40390246726017
0.353,211.0,4322.000000000001
0.353,570.0000000000001,9767.999999999998
0.353,605.0,7081.999999999999
0.353,94.0,100.0
0.353,94.0,146.0
0.353,77.0,80.0
0.353,110.00000000000001,1042.9999999999998
0.353,334.0,1694.9999999999995
0.353,71.2320152740325,213.7171027316251
0.353,810.0000000000001,7073.000000000002
0.353,354.0,4895.999999999999
0.354,329.0,10485.0
0.354,252.99999999999997,5222.999999999999
0.354,98.0,655.0
0.354,713.0,17916.99999999999
0.354,125.0,1883.0000000000002
0.354,212.41939647781697,3715.0192462489345
0.354,380.0,6260.999999999998
0.354,329.0,8930.000000000002
0.354,482.0,1713.9999999999998
0.354,112.00000000000001,115.99999999999999
0.354,442.0,8292.000000000004
0.354,76.0,1123.9999999999998
0.354,307.34996339677673,4588.052963948869
0.354,492.0,6054.000000000003
0.354,106.02420968334485,208.25133505153025
0.354,150.07664708408169,244.172070474901
0.354,202.99999999999997,2329.9999999999995
0.354,76.0,83.0
0.354,211.0,4613.999999999999
0.354,269.0,3746.0
0.354,123.0,337.99999999999994
0.354,133.53907126488102,851.702865374111
0.354,73.0,818.0
0.354,368.99999999999994,12027.999999999996
0.354,370.0675143991663,4681.164223678275
0.354,261.0,2432.0
0.354,336.0,5573.000000000001
0.354,305.0,6262.999999999997
0.354,71.0,91.0
0.354,127.67928571228772,979.8188608105073
0.354,381.42922534520557,7754.633264036812
0.354,296.3477686772755,5764.0929902283815
0.354,875.0000000000002,12938.999999999998
0.354,213.19787739833055,1584.1919523417619
0.354,98.97474425326898,470.71010186738073
0.354,141.21260566960726,1356.310805088568
0.354,146.3557310118056,237.82556632961058
0.354,162.19432789095924,1002.2474744293447
0.354,401.0,3976.0
0.354,164.493026068355,1152.4519349491547
0.354,160.0,231.99999999999997
0.354,163.99390232566574,1071.1759892753387
0.354,159.0,1002.9999999999999
0.354,224.95287902119276,2590.558321320026
0.354,547.0,11107.999999999996
0.354,218.12840255225817,2683.6001937695564
0.354,137.0,206.99999999999997
0.354,198.09088823063013,770.3440789673145
0.354,354.0,2039.0
0.354,160.52382538844913,1781.1366276558329
0.354,194.0,873.0000000000002
0.355,243.9672109116305,1699.649375606628
0.355,342.926806256196,6908.479839734077
0.355,238.0,3674.0
0.355,43.0,1032.0
0.355,104.0,112.00000000000001
0.355,199.0,5789.000000000003
0.355,72.0,867.0
0.355,279.0,5057.0
0.355,217.0,2084.0000000000005
0.355,141.25154866407658,585.7712864250005
0.355,623.3876306678305,5341.542037372614
0.355,310.0645094169921,4567.553174293651
0.355,200.64894716892985,846.8181622993213
0.355,142.90873926719166,517.9189410189234
0.355,304.0,9441.000000000002
0.355,61.0,494.00000000000006
0.355,292.0895453149263,1098.3915188327787
0.355,179.0,3213.000000000001
0.355,442.0,7021.999999999998
0.355,52.0,344.0
0.355,124.0,141.0
0.355,89.0,91.0
0.355,191.94790960049554,3384.7497691853087
0.355,87.0,111.00000000000001
0.355,558.0,5291.0
0.355,665.0,34619.999999999985
0.355,200.0149994375422,1108.1646989504768
0.355,140.0,144.0
0.355,296.0,7971.999999999998
0.355,104.30723848324239,1115.0103138536433
0.355,150.0,1804.0
0.355,426.99999999999994,6935.000000000001
0.355,364.5462933565502,5693.010100114001
0.355,462.67158979129033,7985.064057351077
0.355,484.99999999999994,9050.999999999996
0.355,133.11453002363606,1318.2268294316232
0.355,296.47592053160344,1865.3042677412677
0.355,179.0,2151.9999999999995
0.355,117.0,961.9999999999999
0.355,149.0,182.0
0.355,100.0,105.0
0.355,187.0,2557.0000000000005
0.355,310.0,7528.999999999999
0.355,126.0,146.0
0.355,256.00390622019813,2651.3588968677927
0.355,117.0,215.0
0.355,68.0,74.0
0.355,478.0,10499.999999999996
0.355,585.0,5143.000000000001
0.355,89.0,106.0
0.355,482.0,7807.000000000001
0.355,315.0,7662.0
0.355,356.0238756038701,6476.519898834556
0.355,497.0,7836.999999999997
0.355,140.0,1414.0
0.356,352.44148450487495,5401.2987327123465
0.356,155.0,2276.9999999999995
0.356,92.0,94.0
0.356,303.0,6758.999999999999
0.356,83.0,103.0
0.356,109.63119993870359,465.9656639710699
0.356,271.0,6791.0
0.356,340.0,6776.000000000002
0.356,221.0,3251.0
0.356,353.7145741978976,6510.658031259207
0.356,290.0,12142.999999999996
0.356,76.0,88.0
0.356,151.29544658038353,2120.0360831048474
0.356,113.99999999999999,160.0
0.356,573.9999999999999,12279.999999999996
0.356,368.22547440393095,2275.757236613782
0.356,424.0,9441.999999999998
0.356,119.0,697.0
0.356,236.57556932193992,2104.479508096955
0.356,265.5484889808263,1896.506261524069
0.356,132.47810246889298,227.89283976250428
0.356,218.00000000000003,1500.9999999999998
0.356,213.29088119279737,1155.0363630639515
0.356,125.7457752769452,1268.889278069604
0.356,92.0,100.0
0.356,247.60452338356015,4206.773347828475
0.356,64.0,542.0
0.356,169.0,238.0
0.356,148.19161934174124,1589.85537468605
0.356,590.0,10347.000000000004
0.356,131.63724321189832,271.81775808732084
0.356,57.99999999999999,438.0
0.356,93.0,104.0
0.356,1230.0000000000002,13229.000000000005
0.356,1363.0,69480.99999999999
0.356,195.46626969348827,968.0737996690508
0.356,136.65542904492887,422.71804857647845
0.356,165.40858502508263,977.1207704270747
0.356,434.0,2402.9999999999995
0.356,120.0,1355.9999999999998
0.356,101.85774393731681,1051.561695764923
0.356,193.46638351090297,1185.3606052388654
0.356,902.0,3303.0
0.356,231.0,1366.0000000000002
0.356,131.36083336513607,964.7560366576587
0.356,246.0,1462.0000000000002
0.356,222.2431101294256,772.7658118731702
0.356,243.4994866524363,1472.4605257866847
0.356,233.0,373.0
0.356,231.76280978621224,741.6838949309873
0.357,349.0,3692.999999999999
0.357,3499.999999999999,239085.0
0.357,138.26062346163494,1769.933897070735
0.357,214.0,2787.0
0.357,3499.999999999999,264159.9999999999
0.357,86.0,100.0
0.357,1196.0000000000002,14350.999999999996
0.357,100.28459502834919,1087.143044865762
0.357,322.0,2651.0
0.357,181.0,2131.0
0.357,293.51149892295535,4226.485064447762
0.357,197.1801207018598,1037.8236844474113
0.357,96.34313675607619,314.81740739673205
0.357,275.0,3976.0
0.357,146.86822380085445,450.5538661624065
0.357,563.8134075840729,6801.370185145026
0.357,62.0,655.9999999999999
0.357,447.0,12357.000000000002
0.357,331.69865842357575,5153.890763297181
0.357,194.54482482056093,1279.0602962125406
0.357,125.7179382586272,249.134501825821
0.357,3499.999999999999,181210.9999999999
0.357,1471.0,45681.99999999999
0.357,83.0,87.0
0.357,513.0000000000001,7633.0
0.357,192.0,3213.000000000001
0.357,313.0,6265.999999999999
0.357,1270.0,30407.999999999993
0.357,75.0,88.0
0.357,56.99999999999999,388.0
0.357,175.08283753697847,626.239570771442
0.357,234.0,2969.0
0.357,218.11477581632096,3310.1550942752206
0.357,93.0,249.00000000000003
0.357,267.0,5346.0
0.357,69.0,570.0000000000001
0.357,231.60310878742538,2962.629743994345
0.357,254.52308343252486,2575.1116480649916
0.357,230.40833318263472,1570.5604095353995
0.357,63.45076831686123,537.7973596067575
0.357,694.982014155762,17054.58706624115
0.357,225.99999999999997,1941.9999999999998
0.357,85.0,96.0
0.357,571.0,8352.000000000002
0.357,149.96999699939983,1613.8587298769373
0.357,129.0,147.0
0.357,1002.9999999999999,6942.000000000002
0.357,1237.0,43876.0
0.357,41.0,626.0000000000001
0.358,199.0,681.0
0.358,94.0,103.0
0.358,149.0,216.0
0.358,564.0,7387.999999999996
0.358,521.0,7276.000000000002
0.358,267.0,3617.0
0.358,151.7893276880822,623.997596149216
0.358,605.0,7715.000000000004
0.358,57.99999999999999,511.00000000000006
0.358,233.0,3214.0
0.358,179.0,206.0
0.358,142.38679714074618,721.509528696607
0.358,362.99999999999994,5006.999999999999
0.358,192.0,1884.0000000000005
0.358,139.82846634358827,355.5910572553815
0.358,83.0,101.0
0.358,530.0,2406.0
0.358,287.0714196850672,2258.59159654861
0.358,94.0,104.0
0.358,303.0,6473.000000000002
0.358,110.00000000000001,1140.0
0.358,298.0,2498.0
0.358,262.0,3209.0000000000005
0.358,162.0,185.0
0.358,120.18319350058893,791.7019641253896
0.358,97.0,179.0
0.358,204.0,1065.0
0.358,122.97560733739029,338.57938507830033
0.358,100.21476937058729,532.8911708782573
0.358,169.7386410671537,793.350513755158
0.358,184.0,2586.0
0.358,84.0,518.0
0.358,340.0,2773.999999999999
0.358,88.0,719.0
0.358,1056.0,17685.000000000004
0.358,245.37726056014236,4706.305238719647
0.358,275.99999999999994,1752.0
0.358,155.07943205832396,1531.1369429586896
0.358,109.95453605922766,345.13620499738937
0.358,83.70782520170978,510.3880876352818
0.358,302.0,11848.999999999998
0.358,319.6372944448129,3744.6201409488785
0.358,247.00000000000003,401.99999999999994
0.358,96.0,99.0
0.359,296.0,6753.0
0.359,204.3281674170255,2238.1633095017887
0.359,705.0000000000001,17625.000000000004
0.359,421.0,11423.000000000005
0.359,304.0,7421.000000000001
0.359,125.98412598418898,1072.7884227563231
0.359,112.77854405869941,460.8166663652693
0.359,156.9332616936797,1282.6802480517752
0.359,583.0,5821.999999999999
0.359,95.49869109050657,123.15843454672522
0.359,329.0,6291.0
0.359,211.0,3822.999999999999
0.359,105.0,114.99999999999999
0.359,109.00000000000001,200.0
0.359,1135.0,42432.0
0.359,507.0,8612.000000000002
0.359,164.0,1155.9999999999998
0.359,356.0,8790.000000000004
0.359,72.0,99.0
0.359,314.7332203628972,4371.437635378092
0.359,60.0,480.0
0.359,271.0,3588.9999999999995
0.359,76.0,141.0
0.359,113.34901852243804,129.5723735986958
0.359,210.85540068966696,1105.4370176541045
0.359,499.0,4105.999999999999
0.359,536.0000000000001,6438.999999999997
0.359,715.0,10787.999999999996
0.359,108.0,1042.9999999999998
0.359,291.955476057566,3335.770975351876
0.359,566.0530010520216,9873.291345848153
0.359,416.0,9368.999999999996
0.359,655.0,8247.000000000004
0.359,237.0,2559.0
0.359,271.0,1757.0000000000005
0.359,187.0,1579.9999999999998
0.359,354.0,4173.999999999999
0.359,423.1879015283872,8856.037488628872
0.359,1555.0,12110.000000000004
0.359,359.0,7959.0
0.359,143.0,734.9999999999999
0.359,640.6527920800783,5970.218086468872
0.359,340.99999999999994,3206.0
0.359,148.91608375189028,755.6811496921172
0.359,140.0,160.0
0.36,344.0886513676381,4272.310850113787
0.36,349.0587343127228,1926.3013782894927
0.36,303.0,4359.0
0.36,3499.999999999999,170638.0
0.36,350.6536752980068,1882.4515930031243
0.36,1278.9999999999998,23496.0
0.36,263.36286754210437,4422.885935675938
0.36,93.0,96.0
0.36,73.68222635186942,610.3527476910319
0.36,265.0,6138.999999999998
0.36,839.4998511018334,10622.901298609528
0.36,269.700234297031,4331.030613909465
0.36,182.8633369486623,2734.8195552906227
0.36,89.0,145.0
0.36,215.0,4295.000000000001
0.36,65.0,615.0000000000001
0.36,62.0,484.99999999999994
0.36,148.0,231.99999999999997
0.36,1830.0000000000005,37488.000000000015
0.36,3499.999999999999,180123.99999999997
0.36,308.17475816368216,2401.0623106234593
0.36,88.0,725.0
0.36,376.99999999999994,5228.999999999999
0.36,65.0,788.0000000000001
0.36,198.9798984822336,667.3529800637741
0.36,256.0,491.0
0.36,202.0,3633.0
0.36,94.54099639838793,267.9477561018192
0.36,57.99999999999999,475.0
0.36,265.0,5148.999999999999
0.36,424.0,2532.0000000000005
0.36,96.0,149.0
0.36,117.0,209.0
0.36,309.0,4155.0
0.36,186.65208276362736,2189.781267615558
0.36,270.0,4796.0
0.36,358.0,2533.0000000000005
0.36,143.03845636750978,628.7940839416351
0.36,88.0,96.0
0.36,295.0,5086.000000000001
0.36,219.0,4257.999999999999
0.361,70.0,768.0000000000001
0.361,267.0,4757.000000000001
0.361,488.0,10352.000000000002
0.361,957.6011695899288,21262.09843830096
0.361,303.0,644.0
0.361,109.00000000000001,1917.0000000000002
0.361,78.0,87.0
0.361,508.0000000000001,5432.0
0.361,361.00000000000006,6466.000000000003
0.361,305.2212312405544,2501.4741653672936
0.361,77.0,1171.0
0.361,383.4423033521471,6829.339060260516
0.361,3499.999999999999,199076.99999999994
0.361,294.53522709516426,3488.8281700307352
0.361,3499.999999999999,164163.0
0.361,139.61733416735902,528.494087005711
0.361,128.0,342.00000000000006
0.361,158.0,266.0
0.361,616.0000000000001,7802.999999999999
0.361,90.0,141.0
0.361,63.0,695.0000000000001
0.361,45.0,48.0
0.361,126.0,185.0
0.361,104.0,109.00000000000001
0.361,93.0,143.0
0.361,272.0,7149.999999999997
0.361,250.0,2456.0
0.361,245.00000000000003,4429.999999999999
0.361,83.0,97.0
0.361,82.84926070883192,271.18997031601293
0.361,275.99999999999994,475.0
0.361,208.0,3105.0000000000005
0.361,65.0,88.0
0.361,223.08904226613268,1770.2466447928896
0.361,243.00000000000003,2671.9999999999995
0.361,317.25068951855724,1493.961177541103
0.361,310.0,7408.0
0.361,185.7579069649526,2561.124752916186
0.361,85.32291603080617,287.5552120897828
0.362,111.00000000000001,778.0000000000001
0.362,247.00000000000003,2131.9999999999995
0.362,92.0,97.0
0.362,225.99999999999997,2933.9999999999995
0.362,70.0,704.0
0.362,202.99999999999997,2892.9999999999995
0.362,307.0,5795.999999999998
0.362,65.0,518.0
0.362,245.00000000000003,5263.999999999999
0.362,228.7870613903643,2619.54912137114
0.362,279.7427389584938,2628.081429484255
0.362,225.0,2339.0000000000005
0.362,95.0,150.0
0.362,191.0,1711.0
0.362,227.99999999999997,4593.000000000001
0.362,222.00000000000003,2674.9999999999995
0.362,78.0,97.0
0.362,258.7083299779889,3915.2390731601563
0.362,195.0,3322.9999999999995
0.362,302.0,7147.000000000003
0.362,536.0000000000001,6215.999999999998
0.362,164.12190591142914,574.4249298211212
0.362,95.0,611.0
0.362,60.0,543.0
0.362,134.82210501249415,632.3290282756279
0.362,64.0,467.0
0.362,329.4358814701276,4103.115767316346
0.362,302.0,2172.9999999999995
0.362,85.0,91.0
0.362,263.0,2035.0000000000005
0.362,254.0,4580.999999999999
0.362,107.0,110.00000000000001
0.362,295.0,7271.999999999998
0.362,464.00000000000006,4902.000000000001
0.362,246.0,2343.0
0.362,365.0,3869.0
0.362,134.5696845504217,258.7952858921507
0.362,3499.999999999999,192106.00000000003
0.362,65.0,677.0
0.362,96.91749068150702,265.96616326141935
0.362,418.0,2916.9999999999995
0.362,285.0,4086.0000000000005
0.362,710.0,33987.99999999999
0.362,386.99999999999994,5743.000000000002
0.362,515.0,11384.999999999995
0.362,284.0,3479.0
0.362,92.0,94.0
0.363,165.0,2376.0
0.363,98.74703297179508,1075.2888384847065
0.363,79.0,81.0
0.363,730.5997536271143,11688.378843962928
0.363,419.738013527486,5349.242937089323
0.363,261.0,1574.0
0.363,292.0,5041.999999999999
0.363,3499.999999999999,187606.9999999999
0.363,313.0,2088.0000000000005
0.363,222.66566866043812,1071.837207788571
0.363,127.0,955.0000000000001
0.363,161.66632302368978,1752.1115832046767
0.363,93.64293886887575,110.16351483136329
0.363,583.9999999999999,11065.0
0.363,175.0,986.0
0.363,398.7267234585613,2746.99126318232
0.363,213.0,1214.0000000000002
0.363,65.0,543.0
0.363,157.39384801479298,1166.5994620698677
0.363,64.40496875241848,719.9020766743208
0.363,709.0,3733.0000000000005
0.363,416.0,7548.000000000004
0.363,220.00000000000003,3913.0000000000005
0.363,328.4341638745885,6512.939889174473
0.363,350.99999999999994,3378.999999999999
0.363,397.00000000000006,3895.0000000000005
0.363,128.94896124061825,1878.781751860111
0.363,1011.9999999999999,29190.999999999993
0.363,215.0,2699.0000000000005
0.363,91.0,104.0
0.363,51.0,397.00000000000006
0.363,66.0,880.0000000000001
0.363,128.49513609471762,519.2369401342705
0.363,415.00000000000006,7142.000000000003
0.363,108.0,236.0
0.363,224.9301248041129,984.9895195016346
0.363,312.00000000000006,5076.000000000001
0.363,206.0,2819.0
0.363,173.75557545011327,928.1917905260743
0.363,107.0,152.0
0.363,90.0,102.0
0.363,545.9999999999999,8730.000000000004
0.363,315.0,659.0
0.363,236.0,6362.999999999998
0.363,85.20563361656318,879.1541389312799
0.363,146.90132742763083,1415.3006747684396
0.363,331.9653596386226,740.4741724057634
0.363,167.95832816505407,2031.3724424634693
0.364,101.0,107.0
0.364,250.99999999999997,1868.0
0.364,171.32717239247253,218.46738887074198
0.364,374.0,690.0
0.364,564.0,2941.0
0.364,290.0,2689.0000000000005
0.364,177.98314526943275,1816.4523115127472
0.364,59.0,401.99999999999994
0.364,316.66385963668165,3014.7845694178545
0.364,453.9999999999999,4294.000000000001
0.364,381.99999999999994,2720.9999999999995
0.364,100.0,104.0
0.364,263.4274093559742,7226.575952690179
0.364,137.15073894433405,830.8228699987353
0.364,322.0,2644.0000000000005
0.364,1558.0,55936.0
0.364,216.0,1979.0000000000002
0.364,63.0,692.0000000000001
0.364,95.0,104.0
0.364,105.0,110.00000000000001
0.364,151.1275036682916,1258.4597581654132
0.364,113.84199576606167,139.61017154921055
0.364,152.97058540778355,2970.64050332584
0.364,62.0,669.0
0.364,123.0,1898.9999999999998
0.364,156.39373388982054,799.5848923035
0.364,394.00000000000006,7030.0
0.364,82.0,102.0
0.364,255.23024187688497,1678.9031296735786
0.364,303.0,5128.000000000001
0.364,73.68174807915459,240.574312843246
0.364,129.0,236.0
0.364,1325.0,50699.000000000015
0.364,216.0,294.0
0.364,73.0,840.9999999999999
0.364,221.91986394234763,1358.1653823568447
0.364,651.3251325596154,12020.464831120085
0.364,119.0,975.0000000000002
0.364,326.0,8255.000000000002
0.364,198.0,1577.0000000000002
0.364,293.00000000000006,2874.0
0.364,130.0,346.0
0.364,3499.999999999999,298532.99999999994
0.364,261.80145148566305,2527.1256399316594
0.364,557.0,11707.000000000002
0.364,143.03845636750978,563.5530143651083
0.364,56.99999999999999,73.0
0.364,277.99999999999994,1419.0
0.364,80.0,637.0000000000001
0.364,504.0,3429.0
0.364,114.99999999999999,156.0
0.364,254.0,515.0
0.364,232.2993758063073,1125.5976190451008
0.365,165.54455593585672,966.0227740586656
0.365,179.0,236.0
0.365,242.0,4405.0
0.365,204.0,5671.999999999998
0.365,105.0,210.0
0.365,225.0,6408.999999999999
0.365,65.0,597.0
0.365,252.0,2572.9999999999995
0.365,166.0,241.0
0.365,743.6396977031283,11012.243141158846
0.365,260.1637551059742,2395.574808077398
0.365,107.99074034379059,151.43315356948756
0.365,437.3328252029569,6620.846773638553
0.365,98.0,1074.9999999999998
0.365,330.73252032420396,6752.372027665537
0.365,97.0,425.0
0.365,84.0,113.99999999999999
0.365,159.0,2297.0000000000005
0.365,2082.0,66199.0
0.365,140.0,167.0
0.365,96.0,98.0
0.365,397.00000000000006,4795.0
0.365,233.48806153690225,3636.770541214663
0.365,324.0,857.0000000000002
0.365,352.1008378291651,2611.2788054897546
0.365,113.99999999999999,211.0
0.365,123.41798896433211,410.9854012005779
0.365,110.00000000000001,1090.9999999999998
0.365,85.0,93.0
0.365,78.0,129.0
0.365,232.31874655309244,3341.579716242005
0.365,282.0,2572.9999999999995
0.365,476.99999999999994,6969.000000000001
0.365,135.4252561378416,1445.6434553512838
0.365,77.0,88.0
0.365,245.00000000000003,3497.999999999999
0.365,79.0,146.0
0.365,64.0,788.0000000000001
0.365,195.6885237396894,2395.85384833011
0.365,117.0,138.0
0.365,61.0,591.0
0.365,261.0,4352.999999999999
0.365,126.0,145.0
0.365,115.54652742510265,1643.567461347419
0.365,464.00000000000006,4843.0
0.365,321.0,5975.000000000001
0.365,561.2486080160911,4936.143231309237
0.365,246.0,4680.0
0.365,246.0,3160.9999999999995
0.365,60.9343909463285,231.74123500145586
0.366,438.0,5004.000000000001
0.366,94.0,791.0
0.366,109.00000000000001,187.0
0.366,141.54151334502538,150.23980830658695
0.366,339.00000000000006,2170.0
0.366,93.0,141.0
0.366,228.30243099888355,2920.5109142066217
0.366,281.0,3465.0000000000005
0.366,1567.9999999999998,111375.99999999997
0.366,270.0,5717.999999999998
0.366,1166.9999999999998,30724.000000000007
0.366,520.0,8846.000000000002
0.366,1010.0,28822.999999999996
0.366,86.0,93.0
0.366,80.0,97.0
0.366,666.0,7312.999999999998
0.366,374.0,3021.9999999999995
0.366,334.0,5957.0
0.366,59.0,247.00000000000003
0.366,204.8804529475665,3106.8463109719464
0.366,65.0,67.0
0.366,284.19887403014116,3690.984015137427
0.366,181.0,2728.9999999999995
0.366,158.18975946628154,1503.2664434490644
0.366,213.0,1326.0000000000002
0.366,334.0,6487.0
0.366,62.0,404.0
0.366,93.0,141.0
0.366,77.0,91.0
0.366,875.4998572244315,10874.41768555908
0.366,337.0,2280.0
0.366,170.0,1630.9999999999995
0.366,1045.0,14229.999999999996
0.366,191.7367987633047,1032.2209065892825
0.366,337.99999999999994,11035.999999999996
0.366,204.79990234372673,1089.5315507134246
0.366,144.72605221126392,1279.4454054339753
0.366,63.0,394.00000000000006
0.366,254.99999999999997,3312.0000000000005
0.366,262.0,1297.0
0.366,65.0,78.0
0.366,80.48602363143553,94.33981132056604
0.366,423.00000000000006,4988.000000000001
0.366,199.0,3279.999999999999
0.366,242.0,293.00000000000006
0.367,237.0,6441.0
0.367,1334.0000000000005,58070.00000000001
0.367,1060.0,24109.000000000004
0.367,522.2700450916171,10587.09917777292
0.367,170.93566041057667,1999.924998593697
0.367,195.0,1549.9999999999998
0.367,67.0,744.0000000000001
0.367,101.0,593.0
0.367,86.0,106.0
0.367,79.0,146.0
0.367,296.0,6229.999999999998
0.367,117.0,1431.0000000000002
0.367,211.0,7597.999999999999
0.367,526.0000000000001,4733.0
0.367,202.42318073850512,2992.332710101111
0.367,279.0,3897.0
0.367,80.0,761.0000000000002
0.367,339.00000000000006,4227.0
0.367,1041.633332799983,34045.96180165866
0.367,159.62455951387932,485.86006215781924
0.367,122.20474622534101,1389.5841104445603
0.367,64.0,597.0
0.367,139.0,182.0
0.367,409.99999999999994,4182.000000000001
0.367,1471.0,26130.999999999993
0.367,182.52798727628885,1309.5814332192247
0.367,137.0,1484.9999999999998
0.367,3499.999999999999,128133.00000000004
0.367,432.0,6473.000000000002
0.367,140.0,259.0
0.367,57.99999999999999,355.0
0.367,215.0,2362.0
0.367,469.8499760561876,6343.469870662269
0.367,94.0,112.99999999999999
0.367,430.99999999999994,12305.999999999995
0.367,260.17109754928583,3709.8787042166223
0.367,521.0,21915.999999999993
0.367,417.1786188193254,11419.128688301924
0.367,176.0,566.0
0.367,239.06066175763843,1653.9165637963724
0.367,252.99999999999997,5854.000000000001
0.367,87.0,102.0
0.367,200.0,2249.9999999999995
0.368,211.0,2056.9999999999995
0.368,225.61914812355798,2433.6990364463722
0.368,121.0,1595.0
0.368,400.0,7205.000000000003
0.368,409.99999999999994,1438.9999999999998
0.368,242.1363252384904,1149.283689956488
0.368,261.0,5945.000000000003
0.368,111.00000000000001,113.99999999999999
0.368,247.00000000000003,3765.999999999999
0.368,227.99999999999997,3885.0
0.368,185.0,3192.0
0.368,264.0,5724.000000000003
0.368,223.0,4008.0
0.368,69.0,895.9999999999999
0.368,275.0,7934.0
0.368,94.0,191.0
0.368,70.0,770.0
0.368,499.9999999999999,3869.0
0.368,191.84883935654332,2293.5349152304852
0.368,112.99999999999999,142.0
0.368,393.0,7633.0
0.368,128.74781551544865,1419.0701180702804
0.368,503.0,4772.999999999999
0.368,104.30723848324237,117.60952342391326
0.368,160.0,2836.0000000000005
0.368,294.713420121989,1322.9542698067833
0.368,264.0,2032.9999999999998
0.368,194.0,3749.0
0.368,326.92250031448293,8870.820212513067
0.368,364.00000000000006,6362.0
0.368,143.32399193973583,453.40737881242103
0.368,444.00000000000006,3243.000000000001
0.368,253.04940229133126,1896.913282150768
0.368,217.15674574798408,2231.961090681027
0.368,75.0,94.0
0.368,223.53970564532824,1693.0962760575667
0.368,135.17846761738082,1150.1239347992037
0.368,139.0,151.0
0.368,371.00000000000006,5020.999999999999
0.368,177.0282463337419,469.6466757041937
0.368,281.0,1927.0
0.368,315.99999999999994,559.0
0.368,283.146605135926,5925.330876837175
0.368,82.0,86.0
0.368,57.99999999999999,453.9999999999999
0.368,1146.0,35467.00000000001
0.368,320.20819784663337,3763.943638780554
0.368,103.0,110.00000000000001
0.368,146.49914675519446,189.98947339260667
0.368,567.9999999999999,12548.999999999995
0.369,218.81499034572562,738.8152678444052
0.369,192.1457779916072,1958.4687896415396
0.369,240.90039435418115,2584.1636945054383
0.369,256.0,2611.0000000000005
0.369,254.61539623518448,2719.4810166647612
0.369,229.0,1350.9999999999995
0.369,247.00000000000003,3511.9999999999995
0.369,285.0,3664.000000000001
0.369,67.0,761.0000000000002
0.369,98.41747812253675,840.0285709426795
0.369,416.0,4899.999999999999
0.369,75.0,102.0
0.369,145.0,3163.0
0.369,186.02843824626655,2237.740071923808
0.369,304.0,5556.999999999998
0.369,105.40562676772342,1197.7959542972217
0.369,52.0,55.00000000000001
0.369,505.93379013463806,7833.29892191023
0.369,239.0,3742.000000000001
0.369,580.0,9926.999999999996
0.369,217.25563253803438,4883.711166181839
0.369,93.0,671.0
0.369,149.0,2437.0000000000005
0.369,260.0,5814.999999999998
0.369,200.0,6781.0
0.369,222.00000000000003,1376.0
0.369,62.0,501.99999999999994
0.369,144.0,183.0
0.369,1207.0000000000002,44644.0
0.369,257.29360660537213,4924.643844990215
0.369,3499.999999999999,180924.0
0.369,68.0,682.0
0.369,240.0,1420.0
0.369,342.00000000000006,5222.999999999999
0.369,119.0,2074.0
0.369,166.0,2490.0
0.369,3499.999999999999,112172.00000000003
0.369,65.0,663.0
0.37,157.797338380595,464.5772271646556
0.37,142.34465216508838,1921.4994145198175
0.37,476.9622626581688,10081.391570611671
0.37,152.8689267167543,663.2994627341358
0.37,68.0,838.0000000000002
0.37,337.289193423092,3598.4011727432503
0.37,64.0,672.0
0.37,239.0,4730.0
0.37,296.0,4169.000000000001
0.37,62.0,472.0
0.37,231.0,3647.999999999999
0.37,172.0,1723.0
0.37,66.0,632.0
0.37,292.0,7084.0
0.37,163.77919919058547,1207.6357102205902
0.37,181.0,292.0
0.37,344.38104522420974,2226.7591750169695
0.37,449.0,5798.000000000001
0.37,64.0,505.99999999999994
0.37,151.6261113314312,2048.403456587029
0.37,285.0,4257.999999999999
0.37,189.52119515180846,1835.2610250185453
0.37,151.13570061372,270.44038160008574
0.37,340.0,5059.000000000001
0.37,84.42748367682174,745.2046698726464
0.37,346.0,5427.0
0.37,157.70473082010793,1132.7770472582908
0.37,95.0,729.0000000000001
0.37,362.0,3835.0
0.37,176.0,2745.0
0.37,372.58019271024057,9409.749837269852
0.37,238.3075843319765,2107.293667063147
0.37,118.0,1640.9999999999995
0.37,107.0,640.0
0.37,85.55699854482974,707.2665692650828
0.37,211.0,1341.9999999999998
0.37,453.2736480317382,7431.877286392721
0.37,177.0,2329.9999999999995
0.37,238.0,1726.9999999999995
0.37,82.0,93.0
0.37,326.0,8550.000000000004
0.37,102.60116958397695,754.1339403580773
0.37,238.39463081202146,1282.0803406963232
0.37,356.99999999999994,4972.000000000001
0.37,69.0,566.0
0.37,65.0,794.0
0.37,273.0,3661.9999999999995
0.37,229.99999999999997,5031.999999999999
0.37,60.0,428.0
0.371,124.99125272122853,1056.3080366789454
0.371,96.0,97.0
0.371,770.0,9930.000000000002
0.371,258.0,4730.0
0.371,99.0,156.0
0.371,119.06998684214301,533.4697823619458
0.371,178.0,231.0
0.371,73.07530362578044,231.0
0.371,280.0,2749.0
0.371,84.2852300228219,236.8966019173766
0.371,216.0,2927.9999999999995
0.371,148.04880299480493,1833.4525737393594
0.371,333.00000000000006,5663.999999999998
0.371,1561.9999999999998,66286.00000000003
0.371,77.0,1130.0
0.371,210.0,287.0
0.371,155.4348738218036,514.6785404502504
0.371,603.0,3502.000000000001
0.371,192.0130203918474,1542.7112497159019
0.371,588.9999999999999,7210.000000000001
0.371,212.25411559613693,2491.238982761745
0.371,288.1353848453883,6059.633487266371
0.371,134.55110553243327,3216.428143142639
0.371,176.0,3201.0
0.371,105.64090116995406,359.3911518109482
0.371,156.4480744528356,2812.3571963746
0.371,320.0,3413.9999999999995
0.371,134.0,1630.0000000000005
0.371,209.0,4494.000000000001
0.371,71.0,98.0
0.371,189.0,2483.0
0.371,170.0,1818.0
0.371,220.61731573020285,2672.626049412824
0.371,158.0,240.0
0.371,315.99999999999994,6861.000000000003
0.371,299.14544957261177,1394.7659301832696
0.371,198.0,2252.0
0.371,313.99999999999994,5734.000000000003
0.371,324.0,4929.0
0.371,133.34288820415586,1854.702368146351
0.371,246.3148391794534,4733.363708822721
0.371,396.4656353330009,8307.018478371165
0.371,206.99999999999997,3131.9999999999995
0.371,151.0,1003.9999999999998
0.372,143.90274493559878,1283.1426265228663
0.372,82.0,1494.0000000000002
0.372,267.0,471.0
0.372,368.00000000000006,2583.0
0.372,63.0,457.0
0.372,250.99999999999997,8196.999999999996
0.372,87.0,91.0
0.372,86.34234187233977,321.0233636357329
0.372,175.0,2522.0000000000005
0.372,204.99999999999997,4721.999999999999
0.372,104.0,1012.9999999999999
0.372,66.0,616.0000000000001
0.372,75.75145727883324,464.51309030331805
0.372,252.0,4287.0
0.372,165.4992447112675,866.487160897379
0.372,386.99999999999994,2692.0000000000005
0.372,305.0,9014.0
0.372,264.6242687539476,1843.9436024758195
0.372,104.98571331376473,1277.3347251210234
0.372,237.19190542680835,4522.0570540407825
0.372,131.53326575433303,2149.9527901793567
0.372,328.0,2112.0
0.372,389.99999999999994,4995.0
0.372,346.73299002145257,3465.645224658686
0.372,331.3219698848696,5034.972453843135
0.372,389.99999999999994,4947.0
0.372,1384.0000000000002,51952.0
0.372,285.0,449.0
0.372,93.0,391.0
0.372,329.0,684.9999999999999
0.372,346.2643498831492,7612.47528731621
0.372,98.99494936611664,175.5562587890275
0.372,87.0,88.0
0.372,127.0,264.0
0.372,63.0,661.0
0.372,180.0,1714.9999999999995
0.372,164.67550550736084,853.8759415541197
0.372,151.0,814.0
0.372,1454.0,36652.99999999999
0.372,397.00000000000006,5024.999999999999
0.372,99.0,104.0
0.372,341.6957711181102,4823.348836648662
0.372,333.00000000000006,9319.000000000002
0.372,262.0,5207.999999999999
0.372,166.0,2589.9999999999995
0.372,1408.7228258248676,27199.35808066066
0.372,75.0,108.0
0.372,64.0,501.0
0.373,180.0,210.0
0.373,398.0,7220.000000000003
0.373,93.0,95.0
0.373,476.9696007084728,9157.121327142064
0.373,211.0,3936.9999999999995
0.373,70.0,212.0
0.373,61.0,455.00000000000006
0.373,641.5605972938175,9347.728066220156
0.373,443.00000000000006,8176.999999999996
0.373,142.0,193.0
0.373,153.0,1136.0
0.373,229.01444707136153,3951.9008990895854
0.373,99.06044941498476,349.2265830296484
0.373,451.50415280482196,8137.709997290388
0.373,364.00000000000006,9355.000000000002
0.373,252.99999999999997,1080.9999999999998
0.373,282.0,7391.999999999997
0.373,62.0,780.0000000000001
0.373,403.0,2418.0
0.373,330.0,11467.999999999996
0.373,85.0,88.0
0.373,317.2554176054366,4125.6926691163035
0.373,315.0,4482.0
0.373,296.0,4224.000000000001
0.373,1040.0,26986.000000000007
0.373,389.9538434225261,4857.774181659743
0.373,263.6740411948055,2765.469580378711
0.373,80.0,88.0
0.373,169.0,200.99999999999997
0.373,84.0,87.0
0.373,106.0,111.00000000000001
0.373,277.99999999999994,6869.000000000001
0.373,603.9999999999999,6886.000000000003
0.373,288.99999999999994,3119.0
0.373,145.29624909129623,1754.196682245181
0.373,308.0,3372.999999999999
0.373,137.0,2143.0000000000005
0.373,120.0,240.0
0.373,90.0,97.0
0.373,511.99999999999994,6988.000000000001
0.373,141.0,167.0
0.373,335.0,876.0
0.373,107.0,109.00000000000001
0.373,283.0,5381.999999999999
0.373,631.0,4905.0
0.373,337.0222544580698,4091.718465388352
0.374,139.8713694792469,1810.2458396582495
0.374,208.2786594925174,723.6297395768088
0.374,307.0,5800.999999999998
0.374,196.02295783912658,2919.7753338227935
0.374,337.0,3547.0
0.374,51.380930314660525,182.4828759089466
0.374,170.0,1165.9999999999998
0.374,139.9928569606321,1797.4643250979977
0.374,92.0,140.0
0.374,230.16648311853686,2179.354529325048
0.374,264.0,5774.000000000003
0.374,161.0,2664.9999999999995
0.374,376.0,7283.0
0.374,134.49163542763543,708.7665341986739
0.374,92.0,110.00000000000001
0.374,167.92855623746667,1980.2701835860685
0.374,83.0,98.0
0.374,188.0,937.9999999999999
0.374,92.0,95.0
0.374,488.99999999999994,8463.999999999998
0.374,92.0,99.0
0.374,63.0,646.0
0.374,157.0,2390.0
0.374,330.0,4190.0
0.374,104.0,144.0
0.374,198.0,3423.0000000000005
0.374,94.0,98.0
0.374,101.0,985.0000000000001
0.374,165.8943538363745,2193.6008117504543
0.374,275.99999999999994,739.0
0.374,98.0,102.0
0.374,113.15034246523517,1089.5352220098257
0.374,75.0,880.9999999999999
0.374,240.35390573069537,3259.524505200106
0.374,76.0,964.0
0.374,267.0,3744.9999999999995
0.374,90.0,596.0
0.374,60.0,381.99999999999994
0.374,229.0,1898.9999999999998
0.374,114.49890829173874,124.27389106324789
0.374,275.99999999999994,4209.999999999999
0.374,197.90907002964772,2650.4675059317365
0.374,340.99999999999994,3611.999999999999
0.374,235.0,3854.0000000000005
0.374,275.0,2094.0000000000005
0.374,115.26491226735047,1999.3621482862977
0.374,64.0,666.0
0.375,183.01197329763724,2549.887541368822
0.375,276.76308988890725,4093.869546821069
0.375,329.0,8113.999999999997
0.375,299.0,6073.0
0.375,64.0,567.0000000000001
0.375,535.4157263286166,9548.59989736715
0.375,274.69983618488016,3183.910802770706
0.375,440.00000000000006,3541.9999999999995
0.375,597.4947698515862,3664.1506519246727
0.375,117.32007500849973,350.39691779466324
0.375,356.99999999999994,3669.0
0.375,243.13767762988198,2606.852590034161
0.375,319.0,5915.999999999999
0.375,559.1430943864012,7655.837772575908
0.375,76.0,93.0
0.375,86.0,749.0000000000002
0.375,87.0,101.0
0.375,298.0,6292.000000000003
0.375,59.0,603.9999999999999
0.375,185.0,1645.0000000000002
0.375,156.26899884494046,1074.184341721662
0.375,1372.2244714331543,23966.91594677962
0.375,74.0,1060.9999999999998
0.375,107.0,135.0
0.375,175.8976975403601,1084.2227630888403
0.375,304.0,3624.0
0.375,177.0,396.00000000000006
0.375,430.0,4981.0
0.375,76.0,1225.9999999999998
0.375,532.4471804789654,3916.2128389555137
0.375,61.0,507.0
0.375,210.65611787935333,2595.9044666551204
0.375,128.0,2752.0000000000005
0.375,108.0,164.0
0.375,156.43529013620935,1020.7717668509449
0.375,61.0,528.0000000000001
0.375,78.0,99.0
0.375,75.0,82.0
0.375,394.00000000000006,6352.000000000002
0.375,280.24632022561866,3467.5171232453927
0.375,85.0,708.0000000000001
0.375,115.99999999999999,1322.9999999999998
0.375,200.0,3093.0000000000005
0.375,148.0,162.0
0.375,922.0000000000002,22325.000000000007
0.375,480.0,1000.9999999999998
0.375,287.0,770.0
0.375,274.0,438.0
0.375,356.16288408535775,5778.623278948025
0.375,145.75321608801636,687.6772498781677
0.375,1427.0000000000002,42094.000000000015
0.376,191.70289512680813,1860.1774108939182
0.376,172.48188310660342,3034.401094120551
0.376,204.0,3851.0000000000005
0.376,105.15702544290608,385.3569773599538
0.376,225.0,3029.0000000000005
0.376,76.0,88.0
0.376,81.00883915122567,175.44903458643623
0.376,305.0,6911.000000000003
0.376,146.2942240828393,2052.1639798027836
0.376,91.0,99.0
0.376,469.00000000000006,9172.999999999998
0.376,75.0,109.00000000000001
0.376,337.99999999999994,4417.000000000001
0.376,349.0,536.0000000000001
0.376,214.0,3000.0000000000005
0.376,356.0,2802.0000000000005
0.376,1006.0000000000002,9293.0
0.376,245.45875417267155,3180.880066899726
0.376,295.0,1635.0000000000005
0.376,70.0,793.0000000000001
0.376,57.99999999999999,458.0
0.376,198.0,2323.9999999999995
0.376,64.0,701.0
0.376,252.99999999999997,2584.0000000000005
0.376,157.0,2062.9999999999995
0.376,85.0,98.0
0.376,274.0,4867.000000000001
0.376,393.0,8045.999999999998
0.376,72.0,519.0
0.376,1067.0000000000002,29070.00000000001
0.376,106.0,109.00000000000001
0.376,149.81321704042003,1205.1041448771139
0.376,200.0,3850.000000000001
0.376,43.0,836.0000000000001
0.376,223.0,423.00000000000006
0.376,284.0,3579.0
0.376,318.0,4175.999999999999
0.376,103.0,105.0
0.376,545.9999999999999,10930.000000000002
0.376,48.0,49.0
0.376,198.31792657246092,1231.7986848507346
0.376,409.0,10190.0
0.376,467.0,6158.000000000001
0.376,375.0,2564.0
0.376,202.0,4017.0
0.376,225.0,3340.9999999999995
0.377,53.0,455.99999999999994
0.377,62.0,482.0
0.377,465.00000000000006,6051.999999999997
0.377,157.0,1007.0
0.377,112.00000000000001,120.0
0.377,259.0,2580.0000000000005
0.377,422.0,8068.999999999997
0.377,97.71344865672442,245.03959376761406
0.377,391.99999999999994,7561.0
0.377,208.01078592983316,1617.9021211079557
0.377,333.2986648638125,10345.059207177113
0.377,76.0,1159.0
0.377,224.14281161795043,2396.286293413206
0.377,118.0,943.9999999999998
0.377,307.0,2551.0
0.377,105.0,216.0
0.377,762.2335600063799,7240.14709795319
0.377,171.0,6311.000000000002
0.377,296.0,2940.0
0.377,138.0,159.0
0.377,72.44308110509934,279.10571473905725
0.377,122.0,1103.0
0.377,66.0,661.0
0.377,295.0,1650.0
0.377,59.0,100.0
0.377,197.25110899561503,926.9498368304513
0.377,227.0,2942.0
0.377,151.0,1552.9999999999998
0.377,118.0,146.0
0.377,376.99999999999994,10883.999999999996
0.377,300.00000000000006,5742.0
0.377,195.0,1524.0
0.377,62.0,478.0
0.377,185.0,4861.999999999999
0.377,134.13426109685773,436.30150125801765
0.377,169.0,1257.0
0.377,280.0,5146.0
0.377,480.21557659034767,8162.496554363742
0.377,412.8292625287118,1360.0393376663776
0.377,263.0,2386.9999999999995
0.377,334.0,5858.999999999999
0.377,179.95809724196877,2686.031773359867
0.377,343.0,1079.0
0.377,69.0,557.0
0.377,277.0,4731.999999999999
0.378,110.00000000000001,756.0
0.378,83.0,94.0
0.378,97.0,108.0
0.378,247.00000000000003,3906.0
0.378,103.0,453.9999999999999
0.378,208.0672968056249,823.7499620637323
0.378,79.0,935.0
0.378,103.0,718.0000000000001
0.378,335.0,6303.0
0.378,108.69682608061746,392.55572852781046
0.378,230.4864421175354,1483.5713666689583
0.378,101.0,104.0
0.378,169.0,2516.0000000000005
0.378,355.8510924530091,3353.358018464476
0.378,3499.999999999999,169643.0
0.378,164.4080290010193,767.2105317316754
0.378,142.0,488.0
0.378,275.0,3988.0000000000005
0.378,446.0,3839.999999999999
0.378,393.0,7600.0
0.378,585.5066182375739,20070.65918199999
0.378,153.5809148741012,382.38048582165044
0.378,285.0,2277.9999999999995
0.378,662.0,10905.999999999998
0.378,288.99999999999994,5332.999999999999
0.378,141.35062787267697,530.9463249708016
0.378,298.89295742790597,7372.755522869321
0.378,287.0,3396.000000000001
0.378,266.53329998332293,3418.776096792534
0.378,592.9080873120217,10862.137358733778
0.378,324.0,621.0
0.378,261.4060527048627,2305.876513612298
0.378,220.00000000000003,2306.0
0.378,254.0,6125.999999999998
0.378,84.0,1269.0
0.378,357.65905552634894,4007.2721394983896
0.378,280.0,4034.000000000001
0.378,71.699234041434,92.86394720496007
0.378,60.0,575.0
0.378,87.94884877018005,100.99504938362078
0.378,247.6570208978538,2630.968452870539
0.378,60.0,399.0
0.378,288.99999999999994,3932.0
0.378,86.0,90.0
0.379,85.92438536294571,717.7130345757975
0.379,68.0,594.9999999999999
0.379,221.70926908904826,1246.6795899508422
0.379,112.06248257110852,1149.6608195463564
0.379,219.80900800467663,3049.7829430961156
0.379,81.0,104.0
0.379,263.0,4249.000000000001
0.379,156.3326236083374,2132.757956212503
0.379,260.0,4964.000000000001
0.379,94.91575211733824,336.69125322764177
0.379,226.45529360118744,4019.044662603291
0.379,90.0,92.0
0.379,217.0,1053.9999999999998
0.379,925.0000000000002,13506.0
0.379,168.0,3666.9999999999995
0.379,97.0,108.0
0.379,132.93983601614678,464.3608510630499
0.379,248.0,3986.0000000000005
0.379,565.0000000000001,36877.999999999985
0.379,101.0,105.0
0.379,554.9774770204642,5036.159250857741
0.379,63.49803146555018,574.7312415381645
0.379,246.0,3283.0
0.379,86.58521813797087,1073.8100390665006
0.379,105.0,107.0
0.379,244.17821360637396,778.1092468284902
0.379,137.56453031214113,1471.1138637100803
0.379,89.0,98.0
0.379,270.0,3783.9999999999995
0.379,122.0,1584.9999999999998
0.379,313.0,1946.9999999999995
0.379,204.0,2390.0
0.379,224.43261795024355,5363.342241550503
0.379,227.01101294871137,2130.8101745580243
0.379,353.0,7418.000000000004
0.379,64.0,425.0
0.379,101.0,117.0
0.379,80.0,91.0
0.379,119.0,126.0
0.379,91.0,298.0
0.379,125.35549449465708,184.68892765945662
0.379,290.0,3871.999999999999
0.379,123.0,1334.9999999999998
0.379,116.75615615461139,465.384787031119
0.379,206.99999999999997,1830.0000000000005
0.379,399.3056473429846,3982.121545106326
0.379,351.99999999999994,3384.000000000001
0.379,70.0,765.0
0.379,185.13391755261097,1165.5129681130124
0.379,166.09635757595652,777.4458180477918
0.38,152.0,249.00000000000003
0.38,126.19429464123964,1179.5393168521346
0.38,487.0,2621.999999999999
0.38,156.3649577111189,678.17991713114
0.38,263.8465463105402,3448.3983238599335
0.38,1043.3120338613944,30394.675997615122
0.38,207.46083967823904,2505.111374769593
0.38,445.0,7535.999999999998
0.38,199.87245933344593,700.4027412853266
0.38,521.0,3670.0000000000005
0.38,472.0,9771.999999999996
0.38,157.48015748023622,2242.118194921936
0.38,193.0,4860.000000000001
0.38,120.0,356.0
0.38,318.0,4946.000000000001
0.38,532.1296834419218,6487.153458952544
0.38,257.0,5551.000000000001
0.38,51.0,74.0
0.38,177.0,4298.0
0.38,156.52475842498527,575.8124694724837
0.38,120.0,1238.0000000000002
0.38,315.99999999999994,2373.9999999999995
0.38,190.7878402833891,2286.6186826841067
0.38,232.68433552777032,4203.094098399416
0.38,290.0,7509.000000000002
0.38,221.70250336881628,1250.1099951604253
0.38,77.0,1237.0
0.38,144.4576062379548,768.3592909570365
0.38,327.00000000000006,6395.0
0.38,249.00000000000003,3366.0000000000005
0.38,302.2234272851791,4774.616529104721
0.38,3499.999999999999,80776.0
0.38,118.51503307651201,604.1137930127433
0.38,172.4644890984808,2460.940064284379
0.38,288.5619517538652,2678.9415820431773
0.38,141.29138474616002,272.84038489903037
0.38,1032.0,13268.000000000004
0.38,225.7321421508244,5997.090044346508
0.38,209.0,2895.0000000000005
0.38,129.0,943.0000000000001
0.38,61.0,509.99999999999994
0.38,131.0,998.0000000000002
0.38,171.47302994931886,2786.675438582684
0.38,394.00000000000006,6417.000000000002
0.38,56.99999999999999,623.0
0.38,144.8516482474397,1735.2348544217293
0.38,279.0,8653.000000000004
0.38,218.6585032314949,2655.695699883629
0.38,100.0,102.0
0.38,624.0,40464.00000000001
0.38,330.0,10785.000000000004
0.381,308.0,4577.0
0.381,244.0,6938.000000000001
0.381,117.0,1259.9999999999995
0.381,179.42407865166814,1990.3894091358102
0.381,67.0,795.0000000000001
0.381,75.49834435270749,99.99499987499375
0.381,192.68627351215238,3168.9775953767808
0.381,176.42562172201636,883.4047769850464
0.381,204.99999999999997,446.0
0.381,180.0,1290.0
0.381,345.8716933240064,2907.2341784136574
0.381,65.0,599.0000000000001
0.381,195.0,2362.0
0.381,85.0,1336.0000000000002
0.381,295.1725888478154,1618.629719186497
0.381,381.0,3977.0000000000005
0.381,183.0,377.99999999999994
0.381,199.0,2288.0000000000005
0.381,80.0,101.0
0.381,1755.0000000000005,41481.999999999985
0.381,484.99999999999994,13051.000000000002
0.381,95.0,144.0
0.381,79.0,1322.0000000000002
0.381,178.3423673724222,873.3567426888053
0.381,552.0,7345.999999999999
0.381,127.18113323276216,641.5429163351063
0.381,191.70382577163082,2787.0432695784116
0.381,256.0,4683.000000000001
0.381,120.0,1014.0
0.381,137.11309200802089,370.0783700785551
0.381,130.0,1232.0000000000002
0.381,152.04933409916663,1498.3651090438534
0.381,64.0,576.0000000000001
0.381,226.14312554927713,1875.7461685987848
0.381,59.0,610.0
0.381,184.1874045639386,387.2544383218867
0.381,160.45248517863473,694.1354334710194
0.381,288.0,3446.999999999999
0.381,113.78488476067461,1148.7523667004996
0.381,71.0,73.0
0.381,327.00000000000006,5469.999999999998
0.381,567.9999999999999,12003.000000000004
0.381,339.00000000000006,11194.000000000002
0.382,67.4536878161602,812.2893573105583
0.382,292.0,8545.000000000004
0.382,420.0,5787.0
0.382,282.0,2231.0
0.382,105.0,107.0
0.382,69.0,619.0
0.382,239.0,2923.9999999999995
0.382,283.62651498052855,4653.850663697753
0.382,214.0,1524.0
0.382,379.0,9239.000000000004
0.382,508.0000000000001,18248.000000000004
0.382,102.82509421342634,371.76605547037246
0.382,162.5792114632126,809.6851239833912
0.382,112.00000000000001,147.0
0.382,129.0,152.0
0.382,231.07531171675166,4096.083157990729
0.382,154.57037232277085,2621.031857875825
0.382,297.0,6111.000000000002
0.382,180.52977593737828,3555.0088607484513
0.382,3499.999999999999,83952.00000000003
0.382,158.0,714.0
0.382,177.0,1948.9999999999998
0.382,220.00000000000003,4617.0
0.382,172.0,1835.0000000000002
0.382,165.3789636598135,1698.4907192622227
0.382,229.99999999999997,3497.0
0.382,200.4993765576342,2698.9153376866047
0.382,112.00000000000001,1106.0000000000002
0.382,144.47837208385207,300.2199193924347
0.382,119.0,1561.9999999999998
0.382,648.9999999999999,13872.999999999996
0.382,116.2497311824849,848.9522954795516
0.382,407.0,2705.9999999999995
0.382,297.0,3370.0000000000005
0.382,384.00000000000006,8315.0
0.382,70.0,95.0
0.382,66.0,583.9999999999999
0.382,233.0,4396.0
0.382,75.97367965289031,296.2161373051779
0.382,493.0,7994.000000000001
0.382,77.0,1097.9999999999998
0.382,262.0,3296.0
0.382,192.44999350480634,659.5111826193701
0.382,209.76176963403032,2081.63469417667
0.382,373.0,15471.999999999996
0.382,217.0,2467.0
0.382,94.0,98.0
0.382,157.18778578502847,1819.8653796366368
0.382,249.00000000000003,4436.000000000001
0.383,67.0,538.0
0.383,107.0,115.99999999999999
0.383,375.6110358198305,3015.6947893424554
0.383,150.0,2579.0000000000005
0.383,121.0,1716.9999999999998
0.383,176.0,2937.000000000001
0.383,368.99999999999994,10397.999999999998
0.383,96.91230959714954,611.0457775468466
0.383,65.0,552.9999999999999
0.383,145.0,1765.9999999999995
0.383,267.0,5970.0
0.383,286.0,7338.0
0.383,109.00000000000001,113.99999999999999
0.383,342.00000000000006,12296.0
0.383,358.6363060260353,5870.057154747301
0.383,256.6067029522027,2148.545554555453
0.383,204.99999999999997,1483.0000000000002
0.383,375.393127267935,2360.040465754772
0.383,60.0,64.0
0.383,515.0,5997.000000000003
0.383,100.91580649234291,1042.8767904215724
0.383,260.25372235570427,2885.2254677927685
0.383,67.48333127521195,848.8109330115868
0.383,161.0,805.0000000000002
0.383,309.45112699746306,1218.0509020562317
0.383,163.0,3036.0000000000005
0.383,88.0,115.99999999999999
0.383,261.0,3531.0
0.383,287.0,3519.9999999999995
0.383,348.0,1914.9999999999995
0.383,62.0,395.00000000000006
0.383,72.80109889280519,251.2846990964631
0.383,459.0,6684.000000000002
0.383,209.0,4260.999999999999
0.383,154.0,1074.9999999999998
0.383,417.1906039210375,8331.171226184228
0.383,219.0,3594.9999999999995
0.383,97.0,106.0
0.383,72.0,97.0
0.383,576.0000000000001,13446.000000000004
0.383,149.0,1107.0000000000002
0.384,167.7736570502056,2004.989276779305
0.384,327.6049450176233,910.5800349227956
0.384,125.0,216.0
0.384,342.00000000000006,4950.000000000002
0.384,252.0,3351.0000000000005
0.384,266.0,522.0
0.384,100.0,834.0000000000001
0.384,118.0,952.0000000000001
0.384,179.5327268216021,1786.5346344249808
0.384,128.84098726725125,594.2171320317178
0.384,62.0,661.0
0.384,288.0,4074.999999999999
0.384,119.0,1508.9999999999998
0.384,71.0,73.0
0.384,190.92668750072633,712.6948856277838
0.384,293.00000000000006,5793.0
0.384,222.00000000000003,4870.0
0.384,183.0,2720.9999999999995
0.384,227.0,2876.0
0.384,3499.999999999999,94673.99999999997
0.384,3499.999999999999,257732.99999999994
0.384,118.0,1609.9999999999998
0.384,381.99999999999994,3881.0
0.384,78.0,128.0
0.384,157.94935897305822,976.3708311906905
0.384,186.19344779019482,803.753693615152
0.384,83.0,88.0
0.384,120.81390648431164,338.29572861625076
0.384,191.0,2228.0
0.384,138.30528229145918,860.347578990999
0.384,104.0,105.0
0.384,64.0,673.9999999999999
0.384,93.0,798.0
0.384,71.0,875.0000000000002
0.384,206.0,245.00000000000003
0.384,532.0,7044.000000000003
0.384,142.0,1855.0
0.384,179.4965180720785,878.8151113857793
0.384,217.41205118392125,2789.9978494615366
0.384,277.7840888171963,3702.530215946927
0.385,252.99999999999997,5306.000000000001
0.385,259.0,3872.9999999999995
0.385,273.0,3690.0000000000005
0.385,102.0,110.00000000000001
0.385,227.0,4527.000000000001
0.385,282.0,2889.0000000000005
0.385,97.0,265.0
0.385,62.61850582655565,196.42086435246918
0.385,250.99999999999997,277.0
0.385,133.0,216.0
0.385,387.4299936762769,2768.7340067258165
0.385,85.97674104081872,411.31982689872854
0.385,85.94765849050223,91.86402995732334
0.385,511.00000000000006,6277.999999999999
0.385,100.37429949942367,322.7165939334388
0.385,110.00000000000001,815.9999999999999
0.385,224.00000000000003,4120.0
0.385,3499.999999999999,125320.00000000003
0.385,88.0,107.0
0.385,227.0,2944.0000000000005
0.385,56.00000000000001,521.0
0.385,235.0,1839.0
0.385,227.0,2335.9999999999995
0.385,349.0,4327.999999999999
0.385,159.0,3174.0
0.385,215.0,4165.000000000001
0.385,91.0,112.00000000000001
0.385,505.0,4950.000000000002
0.385,220.57878411125583,1066.4145535391008
0.385,127.47344314246776,1194.628303368531
0.385,354.0,2170.0
0.385,104.50358845513392,1261.2493805746742
0.385,246.0,5628.999999999999
0.385,273.0,1972.0
0.385,113.28724553099522,125.12393855693642
0.385,231.0,2743.0000000000005
0.385,381.99999999999994,3640.0000000000005
0.385,106.0,1018.9999999999998
0.385,225.0,2563.0000000000005
0.385,119.0,1875.0
0.385,398.0,3733.9999999999995
0.385,208.0,445.0
0.385,204.99999999999997,1076.0000000000002
0.385,151.66410254242763,505.5343707405067
0.385,239.0,4474.0
0.386,170.90933268841698,1298.0373646394003
0.386,128.0,146.0
0.386,362.0,3652.000000000001
0.386,311.0,8381.000000000004
0.386,217.0,1444.9999999999998
0.386,628.0,19833.999999999993
0.386,90.0,96.0
0.386,286.5379556009989,2414.0907190907305
0.386,229.99999999999997,3119.9999999999995
0.386,133.6756094897843,993.6233750820381
0.386,126.0,151.0
0.386,158.80806024884254,834.4674948732272
0.386,147.0,188.0
0.386,188.0,2391.0
0.386,90.0,105.0
0.386,171.6478954138384,3041.8073574768
0.386,128.66234880492428,494.5058139193108
0.386,95.0,109.00000000000001
0.386,124.11688039908191,587.514255146205
0.386,99.0,104.0
0.386,613.1802345151057,6502.724044583159
0.386,103.0,112.00000000000001
0.386,266.49755180105797,1935.1294736726654
0.386,241.0,2538.9999999999995
0.386,106.0,112.99999999999999
0.386,714.8426400264606,17139.110828744884
0.386,229.41955085020123,2976.7117509373566
0.386,247.00000000000003,5188.999999999999
0.386,385.0,3703.999999999999
0.386,164.0,204.99999999999997
0.386,748.3918133716592,15627.89501818231
0.386,117.0,169.0
0.386,225.0,3434.9999999999995
0.387,61.0,578.0
0.387,335.0,5764.999999999998
0.387,382.779309785678,3096.8936048886144
0.387,346.0,5719.0
0.387,152.8520933826448,1218.6168396894698
0.387,910.0,13022.000000000004
0.387,260.0,3729.999999999999
0.387,112.99999999999999,1010.0
0.387,82.21921916437786,220.24985811573185
0.387,1000.4998750624609,25926.035639873673
0.387,193.0,3228.999999999999
0.387,139.63165830140386,2337.132858867891
0.387,281.24722220850464,4562.0170977321
0.387,91.0,151.0
0.387,142.0,204.99999999999997
0.387,322.99999999999994,2626.0
0.387,145.0,3178.9999999999995
0.387,290.0,10762.999999999996
0.387,1538.0,23852.99999999999
0.387,138.0,1645.0000000000002
0.387,321.5462641673823,2582.7971271472334
0.387,38.0,44.0
0.387,98.0,154.0
0.387,78.0,1138.0
0.387,82.0,97.0
0.387,156.18898808814916,2042.5058139452137
0.387,61.0,181.0
0.387,101.0,160.0
0.387,162.18507946170635,1262.0209982405208
0.387,337.99999999999994,5100.999999999999
0.387,338.7127653413651,3926.996467940669
0.387,270.0,3536.0
0.387,307.0,5022.0
0.387,62.0,99.0
0.387,330.0,2553.0000000000005
0.387,311.0,2561.0
0.387,98.34632682515398,763.342649142572
0.387,274.0,5147.0
0.387,388.0,4257.999999999999
0.388,204.99999999999997,3048.9999999999995
0.388,111.00000000000001,113.99999999999999
0.388,366.0,4135.999999999999
0.388,120.0,1518.0000000000002
0.388,179.0,442.0
0.388,203.24861623145188,3713.2476351571286
0.388,100.0,102.0
0.388,350.0,2935.0
0.388,120.49896265113655,1183.8133298793357
0.388,331.0,3035.000000000001
0.388,260.0,4299.0
0.388,137.62993860348845,1604.9638625215216
0.388,400.21993953325205,4558.1641041103385
0.388,254.0,1356.9999999999998
0.388,90.0,94.0
0.388,218.00000000000003,5563.0
0.388,176.0908856244411,981.5640580216859
0.388,122.4744871391589,1494.673542951771
0.388,97.0,149.0
0.388,218.00000000000003,2227.0000000000005
0.388,74.0,911.0
0.388,213.0,4380.999999999999
0.388,184.0,1211.0000000000002
0.388,96.0,107.0
0.388,85.48684109265004,988.4907687985761
0.388,71.0,815.0
0.388,180.0,3449.0
0.388,60.0,504.0
0.388,939.1485505499115,19024.02007988849
0.388,102.0,728.0
0.388,171.0,1056.0
0.388,124.0,1873.0
0.388,115.99999999999999,154.0
0.388,274.0,2523.9999999999995
0.388,105.93866149805744,1272.4276010838496
0.388,245.79666393179545,4544.747847790896
0.388,322.99999999999994,5043.000000000001
0.388,206.0,4282.999999999999
0.388,552.9999999999999,9504.000000000002
0.388,300.27986945514675,3554.044175302271
0.388,237.0,2908.0
0.388,233.8717597316957,944.720064357691
0.388,173.0,4088.000000000001
0.388,69.0,739.0
0.389,180.08884502923382,500.9287590782936
0.389,107.0,926.0000000000001
0.389,145.54131394909967,498.58994187693594
0.389,199.0,5375.999999999999
0.389,169.0,2372.9999999999995
0.389,96.0,908.0
0.389,275.99999999999994,5494.000000000002
0.389,133.0,149.0
0.389,313.0,8381.000000000004
0.389,123.0,149.0
0.389,100.0,109.00000000000001
0.389,112.5699782357623,1265.4485370808252
0.389,600.0,4975.000000000001
0.389,162.0,2104.0
0.389,179.8999722067794,2130.6233829562652
0.389,172.0,1180.9999999999998
0.389,66.0,560.0
0.389,567.9999999999999,4432.0
0.389,74.89993324429601,293.59155301200343
0.389,256.0,1744.0000000000002
0.389,255.19404381764085,2474.2982843626587
0.389,85.0,98.0
0.389,1038.0,78679.99999999999
0.389,430.99999999999994,18628.0
0.389,241.0,2578.0000000000005
0.389,305.74172106534627,2004.7940043804995
0.389,91.0,104.0
0.389,405.99999999999994,1670.0000000000002
0.389,313.99999999999994,3952.0000000000005
0.389,280.0,4646.999999999999
0.389,126.0,2111.0
0.389,101.0,150.0
0.389,117.14949114011955,1505.029644269161
0.389,63.0,386.99999999999994
0.389,79.89319079421645,182.4273358057128
0.389,453.9999999999999,5854.999999999997
0.389,283.0,3204.9999999999995
0.389,98.0,105.0
0.389,89.0,145.0
0.389,244.0,2236.9999999999995
0.389,715.0,41937.0
0.39,95.0,102.0
0.39,155.4589243009538,1378.886162773879
0.39,356.0,11118.999999999998
0.39,127.62053126358627,608.4176197317104
0.39,67.0,474.0
0.39,154.84416910560304,508.60469784898265
0.39,264.0,4811.999999999999
0.39,372.0,3173.0000000000005
0.39,137.50636348911274,614.5738360848109
0.39,225.99999999999997,1506.9999999999998
0.39,98.0,113.99999999999999
0.39,652.0,8807.999999999996
0.39,265.0,2767.0000000000005
0.39,405.5915878107015,4433.463889954879
0.39,244.50250289131165,3007.4258039792408
0.39,223.89283150650448,2935.5955102840726
0.39,409.99999999999994,5891.999999999999
0.39,101.90191362285597,1230.2162411543752
0.39,429.0,6070.0
0.39,266.15784790233033,2597.9284054800287
0.39,228.0920866667671,3564.2912338920914
0.39,87.0,141.0
0.39,67.0,634.0
0.39,129.0,2463.9999999999995
0.39,314.1655614481002,5527.701149664298
0.39,225.0,3265.0000000000005
0.39,172.0,195.0
0.39,162.0493751916372,2233.1690486839543
0.39,99.2874614440313,393.84768629509557
0.39,290.0,2523.0000000000005
0.39,204.0,3263.0000000000005
0.39,237.0,2304.0
0.39,238.0,3039.000000000001
0.39,87.0,88.0
0.39,87.25823743349392,359.55528086790764
0.39,215.0,1506.9999999999998
0.39,290.0,347.0
0.391,210.0,3315.9999999999995
0.391,578.9999999999999,8257.0
0.391,247.00000000000003,3382.000000000001
0.391,288.99999999999994,7098.0
0.391,85.0,106.0
0.391,62.0,530.0
0.391,259.22962793631444,4760.541565830509
0.391,292.0,2036.0
0.391,152.47950681976909,1895.674022610428
0.391,154.0,1670.0000000000002
0.391,291.0,3259.9999999999995
0.391,188.0,2795.0000000000005
0.391,317.0,5829.000000000001
0.391,337.0,1495.0
0.391,3499.999999999999,126345.00000000003
0.391,215.67568244936655,1525.9750980930194
0.391,317.0,1851.9999999999995
0.391,97.0,143.0
0.391,65.0,682.0
0.391,361.00000000000006,8781.000000000004
0.391,3499.999999999999,152257.00000000003
0.391,178.74562931719478,550.0436346327443
0.391,142.0,160.0
0.391,149.0,1353.0000000000002
0.391,275.99999999999994,5604.999999999998
0.391,64.0,434.0
0.391,181.7498280604414,3119.1665553477596
0.391,64.0,677.0
0.391,409.0,5922.000000000001
0.391,99.0,102.0
0.391,301.1976095522672,6380.558596235912
0.391,161.0,2102.9999999999995
0.391,57.99999999999999,443.00000000000006
0.391,213.0,4563.0
0.391,305.99999999999994,8107.999999999995
0.391,194.0,1422.9999999999998
0.392,60.0,63.0
0.392,361.00000000000006,6515.999999999998
0.392,154.2141368357648,678.7856804618082
0.392,99.0,110.00000000000001
0.392,243.00000000000003,4768.999999999999
0.392,256.95135726436627,3318.2734968655004
0.392,233.0,2228.0
0.392,65.0,802.9999999999999
0.392,3499.999999999999,170036.0
0.392,298.0,2384.0
0.392,74.0,81.0
0.392,123.0,992.9999999999998
0.392,323.61242250568813,1506.2635891503182
0.392,102.0,1079.0
0.392,252.99999999999997,5686.000000000001
0.392,309.0,3469.0000000000005
0.392,194.0,744.0000000000001
0.392,186.33035179486996,3255.80681245064
0.392,85.0,98.0
0.392,208.0,3524.0
0.392,223.93749127825825,3997.149984676581
0.392,416.0,2099.0
0.392,269.0,3276.9999999999995
0.392,63.0,556.0
0.392,233.62299581666628,2370.58482603258
0.392,603.0,3904.0000000000005
0.392,64.0,629.0
0.392,311.0,1022.0000000000001
0.392,222.69710370815338,3221.9528239873407
0.392,113.8916072411734,538.0273130506894
0.392,64.0,474.0
0.392,247.48737341529164,1787.6230027609288
0.392,173.97413600877573,1848.7260478502487
0.392,117.0,1015.0
0.392,97.0,682.0
0.392,318.0,5142.000000000001
0.392,298.0,1258.0000000000002
0.392,177.97471730557686,2977.731351213537
0.392,107.0,108.0
0.392,297.0959440988719,4957.226543138815
0.392,345.0,4985.999999999999
0.392,95.0,234.0
0.392,67.0,705.0000000000001
0.392,105.0,107.0
0.392,245.00000000000003,1822.0
0.392,122.0,157.0
0.392,311.0,5093.000000000001
0.392,98.0,884.9999999999998
0.393,169.0,1739.9999999999998
0.393,120.0,1047.9999999999998
0.393,3499.999999999999,109310.99999999994
0.393,246.0,3484.000000000001
0.393,119.0,880.0000000000001
0.393,294.0,3019.9999999999995
0.393,357.24501396100686,3486.648820859365
0.393,75.0,83.0
0.393,281.0,5065.999999999999
0.393,88.0,94.0
0.393,98.66610360199697,627.6957861894566
0.393,203.2576372943309,917.6477259827186
0.393,53.0,77.0
0.393,109.00000000000001,1463.0
0.393,74.0,97.0
0.393,142.58681565979373,572.0489489545454
0.393,122.8332202622727,1296.3602894257451
0.393,144.0,224.00000000000003
0.393,65.0,762.9999999999999
0.393,310.2644033723494,3012.9719547317395
0.393,89.0,103.0
0.393,337.0,6311.000000000002
0.393,265.76681508420126,4580.736185374572
0.393,165.0,235.0
0.393,295.0,7364.0
0.393,92.0,641.0
0.393,81.0,96.0
0.393,342.00000000000006,15620.999999999998
0.393,456.96389354083544,12953.65431065689
0.393,557.0,16833.000000000004
0.393,259.0,2630.9999999999995
0.393,197.0,1384.0000000000002
0.393,308.0,4718.000000000001
0.393,263.0,3149.0
0.393,230.46908686416057,1000.7597114192798
0.393,331.0,8180.000000000003
0.393,153.2122710490253,762.5824545581937
0.393,66.0,755.0000000000001
0.393,84.0,102.0
0.393,399.07893955958133,3230.170274149647
0.393,548.4177240024251,6554.765747149169
0.393,270.2461840618661,3018.8189743672933
0.393,262.0,4334.000000000001
0.393,218.00000000000003,4105.999999999999
0.393,246.0,2956.9999999999995
0.393,542.0,15611.999999999995
0.393,195.0,3151.0000000000005
0.394,115.52056094046634,425.2175913576483
0.394,92.49864863877741,362.9049462324811
0.394,317.0,9124.999999999998
0.394,162.0,204.99999999999997
0.394,313.0,3765.999999999999
0.394,170.0,998.0000000000002
0.394,150.0,325.0
0.394,64.0,762.9999999999999
0.394,111.00000000000001,1044.0000000000002
0.394,388.41987590750296,3600.9768119220084
0.394,356.5248939415031,3676.2940578794833
0.394,135.86758259423033,1689.2459856397472
0.394,385.0,8527.999999999996
0.394,265.2357441974969,3504.571443129673
0.394,303.0,1871.0
0.394,319.180683992245,4457.265357591644
0.394,171.0,353.0
0.394,63.0,634.9999999999999
0.394,190.54658223122237,2145.9767007122878
0.394,213.01173676584116,960.619591721926
0.394,284.0,4367.0
0.394,415.00000000000006,3223.0000000000005
0.394,220.00000000000003,1914.9999999999995
0.394,118.93275410920239,1431.399315355432
0.394,184.0,2505.999999999999
0.394,110.00000000000001,114.99999999999999
0.394,168.0,1835.0000000000002
0.394,302.0,4250.000000000001
0.394,138.9712200421368,422.64997338223037
0.394,239.9916665219857,1706.9504972318327
0.394,258.0,1702.0
0.394,177.0,308.0
0.394,236.2265861413571,6345.379815267169
0.394,122.74904215401226,1401.1504142814283
0.394,189.0,3151.0000000000005
0.394,206.99999999999997,1638.0
0.394,330.61911620473495,4998.596002879209
0.394,297.0,1798.9999999999998
0.394,56.99999999999999,420.0
0.394,108.0,905.9999999999999
0.395,86.0,107.0
0.395,223.0,1382.0
0.395,77.0,109.00000000000001
0.395,94.0,97.0
0.395,244.4135839105511,2214.900674973937
0.395,318.0,5760.999999999998
0.395,65.0,70.0
0.395,122.96340919151518,1582.1915181165652
0.395,87.0,142.0
0.395,1119.9999999999998,19725.000000000007
0.395,292.0,4313.0
0.395,190.6305327065945,596.9924622639719
0.395,67.0,424.0
0.395,125.21980673998823,1505.476004458391
0.395,202.99999999999997,3409.9999999999995
0.395,139.0,3261.0000000000005
0.395,297.0,3304.999999999999
0.395,365.0,7474.000000000003
0.395,92.0,97.0
0.395,481.3107104563537,8951.903484734405
0.395,273.7272313444283,3003.727632999024
0.395,206.3807161534236,3954.079538906621
0.395,292.0,3183.0
0.395,684.0,11351.999999999998
0.395,210.0,3406.000000000001
0.395,156.0,1211.0000000000002
0.395,526.2318880493656,9656.04142493185
0.395,294.0,2743.0000000000005
0.395,91.0,142.0
0.395,292.0,3344.0
0.395,243.00000000000003,3980.9999999999995
0.395,602.0,8693.999999999998
0.395,317.04889212864316,1347.1933788435872
0.395,307.0,2612.0000000000005
0.395,99.0,151.0
0.395,268.4231733662353,3900.20717398448
0.395,444.00000000000006,5870.999999999999
0.395,234.0,4902.000000000001
0.395,85.0,100.0
0.395,87.0,1030.0
0.395,3499.999999999999,137237.0
0.395,225.0,4702.000000000001
0.395,246.40616875394983,3047.4842083265994
0.395,172.0,204.0
0.395,65.0,649.9999999999999
0.395,375.0,2889.0000000000005
0.396,366.0,6119.000000000002
0.396,192.0,2814.000000000001
0.396,125.0,146.25320509308503
0.396,388.0,5019.0
0.396,176.0,3611.999999999999
0.396,514.0,17845.999999999996
0.396,246.81694600325918,2887.243658134103
0.396,269.0,3704.999999999999
0.396,192.81765734186547,3285.3391873539954
0.396,150.0,2615.0
0.396,185.15398996510984,1083.9686342325597
0.396,265.0,1913.0
0.396,91.0,92.0
0.396,66.0,605.0
0.396,244.0,3758.9999999999995
0.396,277.99999999999994,2253.0
0.396,125.0,143.0
0.396,79.0,1252.0
0.396,89.0,96.0
0.396,79.0,91.0
0.396,490.00000000000006,8899.999999999998
0.396,185.49932614432862,882.1377443460856
0.396,213.0,1281.0000000000002
0.396,96.0,208.0
0.396,229.0,5277.999999999999
0.396,249.00000000000003,4464.999999999999
0.396,245.27943248466636,7093.137528625819
0.396,168.8154328784116,2119.0114045779346
0.396,178.0,1448.0000000000002
0.396,83.0,555.0
0.396,210.0,3158.0
0.396,91.0,98.0
0.396,189.0,1309.0
0.396,281.4356054233366,3734.5088030422426
0.396,204.0,2922.9999999999995
0.396,741.2826721298695,24242.07819061723
0.396,715.0,27049.0
0.396,290.0,3564.000000000001
0.396,66.0,447.0
0.396,274.0,4477.000000000001
0.396,173.0,2158.0
0.396,209.0,1640.0000000000002
0.396,96.0,100.0
0.396,62.56996084384263,71.76350047203663
0.396,130.0,160.0
0.396,252.99999999999997,2987.9999999999995
0.397,586.0,11404.000000000005
0.397,97.90301323248433,357.70798145973765
0.397,134.0,192.0
0.397,482.0,6967.0
0.397,135.2922762023021,1572.3800431193472
0.397,139.71399357258386,1346.9758720927407
0.397,126.0,1832.0000000000005
0.397,206.0,5135.000000000001
0.397,153.41612835821013,719.602017708876
0.397,234.0,4107.000000000001
0.397,82.0,90.0
0.397,83.0,737.0
0.397,372.0,4367.0
0.397,953.0000000000001,70111.00000000003
0.397,398.0,9389.999999999998
0.397,443.00000000000006,7278.999999999998
0.397,241.0,4872.0
0.397,501.99999999999994,14387.000000000004
0.397,71.0,880.0000000000001
0.397,62.0,484.99999999999994
0.397,67.0,515.0
0.397,421.0,5348.0
0.397,346.0,4682.000000000001
0.397,231.99999999999997,2932.0
0.397,178.23900058478216,2438.4474994767475
0.397,49.0,57.99999999999999
0.397,54.0,98.0
0.397,303.0,7604.000000000002
0.397,59.0,190.0
0.397,200.35967658189108,3751.92097464752
0.397,673.0,49051.0
0.397,293.00000000000006,4952.999999999999
0.397,57.99999999999999,438.0
0.397,591.0,10565.000000000004
0.397,78.0,101.0
0.397,140.0,1367.9999999999998
0.397,204.0,2204.0000000000005
0.397,100.0,104.0
0.397,172.68468374467955,1622.0974076793298
0.397,120.39933554633929,402.20890094576475
0.397,164.52225442088843,1029.1668846788991
0.397,178.9776522362499,2613.402954004606
0.397,84.62269199216011,337.74546629081493
0.397,499.2794808521577,10759.04809915821
0.397,91.15835786126897,176.16456049608325
0.397,300.1666203960727,5902.662111285041
0.397,96.0,98.0
0.397,162.0,1383.0
0.397,105.0,687.0
0.397,148.8792891826589,923.2482888061583
0.397,196.90860824250422,1631.9240178390664
0.397,88.0,155.0
0.398,178.0,227.99999999999997
0.398,204.99999999999997,3758.0000000000005
0.398,62.0,417.0
0.398,496.0,8891.0
0.398,167.2841893306119,721.9376704397687
0.398,83.08429454475737,433.481256803567
0.398,57.99999999999999,415.00000000000006
0.398,92.34717104492157,689.2423376432995
0.398,62.0,645.0
0.398,154.2724862054151,1871.395468627623
0.398,115.54652742510265,305.6321318186293
0.398,62.0,491.0
0.398,344.0,10367.0
0.398,297.0,4305.0
0.398,175.0,2707.9999999999995
0.398,75.0,960.0000000000001
0.398,270.0,6248.0
0.398,65.0,830.9999999999999
0.398,246.9168312601374,3582.0042248020777
0.398,103.0,729.0000000000001
0.398,3499.999999999999,206814.00000000003
0.398,116.83321445547922,634.0094636517659
0.398,124.0,2771.0
0.398,81.11719916269298,233.84610323886093
0.398,91.0,94.0
0.398,190.0,2114.9999999999995
0.398,151.0,4098.0
0.398,487.0,3752.0000000000005
0.398,400.9463804550429,13031.096001488137
0.398,66.88049042882386,87.8578397184907
0.398,249.27695441015004,1666.7360318898736
0.398,219.0,1609.9999999999998
0.398,94.0,143.0
0.398,104.0,114.99999999999999
0.398,482.0,14579.999999999998
0.398,187.0,308.0
0.398,135.0,154.0
0.398,96.0,2146.0
0.398,389.99999999999994,6335.000000000001
0.398,211.18598786457264,1368.2117118731262
0.398,376.88194438046503,4226.253660158131
0.398,324.0,4318.000000000001
0.398,89.0,101.0
0.398,173.02889932031584,603.1583540000089
0.398,95.0,99.0
0.399,91.6515138991168,269.01486947750675
0.399,272.0,2205.0000000000005
0.399,94.48809448814174,101.99509792141974
0.399,252.99999999999997,4781.000000000001
0.399,83.90470785361212,231.30499346101462
0.399,65.0,684.0
0.399,421.0,5125.000000000001
0.399,275.99999999999994,3442.999999999999
0.399,60.0,530.0
0.399,146.0,1062.0
0.399,109.59927007056207,574.8808572217376
0.399,95.0,117.0
0.399,229.99999999999997,3157.0
0.399,307.57763247674563,4832.04594349019
0.399,104.0,741.0000000000001
0.399,401.0,6971.000000000001
0.399,80.0,981.9999999999999
0.399,270.0,4325.999999999999
0.399,222.00000000000003,263.0
0.399,121.0,2280.0
0.399,144.0,2086.9999999999995
0.399,240.99792530227307,2001.6433248708427
0.399,307.0,891.9999999999998
0.399,174.85994395515516,340.1911227530783
0.399,225.99999999999997,5387.0
0.399,213.0,3711.0
0.399,766.9999999999999,44009.99999999999
0.399,110.00000000000001,171.0
0.399,194.0,3442.999999999999
0.399,112.00000000000001,739.0
0.399,72.0,106.0
0.399,376.99999999999994,9231.000000000004
0.399,1534.9999999999998,38708.99999999998
0.399,277.0,1322.0000000000002
0.399,389.99999999999994,8716.000000000002
0.399,112.99999999999999,141.0
0.399,389.82431940554966,7641.812612201373
0.399,107.0,815.9999999999999
0.399,191.0,2689.999999999999
0.399,80.0,104.0
0.399,191.3112646970899,1346.4898811353912
0.399,475.0,6419.999999999999
0.399,202.99999999999997,2430.9999999999995
0.399,82.0,96.0
0.4,93.0,689.0
0.4,93.0,1395.0
0.4,275.0,1280.0
0.4,87.0,103.0
0.4,63.0,605.0
0.4,142.0,992.9999999999998
0.4,59.0,476.99999999999994
0.4,112.99999999999999,1840.0000000000002
0.4,272.0,4824.999999999999
0.4,60.0,458.0
0.4,61.0,541.0
0.4,327.00000000000006,5910.999999999999
0.4,69.0,152.0
0.4,61.0,490.00000000000006
0.4,211.26050269749905,2254.133536417042
0.4,161.0,499.0
0.4,67.0,708.0000000000001
0.4,63.0,514.0
0.4,361.00000000000006,11329.0
0.4,225.0,2973.0000000000005
0.4,161.95678435928517,2383.9966442929403
0.4,233.44378338263797,2895.912982118075
0.4,159.0,1427.9999999999998
0.4,260.0,10475.999999999998
0.4,140.0,152.0
0.4,404.0,8788.999999999996
0.4,281.0,2954.0
0.4,56.480084985771754,195.51470532929227
