{"frame_count": 21835000, "start_time": 1771177646.99774, "elapsed_seconds": 19917.703132000053, "amnt_of_species": 20605, "amnt_of_small_species": 15384, "amnt_of_medium_species": 4634, "amnt_of_big_species": 587, "final": false}