{"frame_count": 22073650, "start_time": 1771177646.99774, "elapsed_seconds": 20055.74022608305, "amnt_of_species": 20797, "amnt_of_small_species": 15525, "amnt_of_medium_species": 4681, "amnt_of_big_species": 591, "final": true}