{"frame_count": 385314, "start_time": 1770851553.4821088, "elapsed_seconds": 256.85469566698885, "amnt_of_species": 369, "amnt_of_medium_species": 99, "amnt_of_big_species": 10, "final": true}