{"frame_count": 17318192, "start_time": 1770852138.425528, "elapsed_seconds": 13868.390871125011, "amnt_of_species": 16562, "amnt_of_medium_species": 4363, "amnt_of_big_species": 307, "final": true}