{"frame_count": 146671, "start_time": 1770867126.7986088, "elapsed_seconds": 93.69436041699373, "amnt_of_species": 142, "amnt_of_medium_species": 52, "amnt_of_big_species": 3, "final": true}