evolution rate,arithmetic mean length lived,arithmetic mean species population time
0.05,1085.5,57832.5
0.061,77.0,89.0
0.062,1994.0,121446.66666666667
0.069,250.0,3268.0
0.07,456.0,5112.0
0.071,185.0,312.0
0.073,2327.5,144974.0
0.074,250.0,3841.0
0.079,106.0,107.0
0.085,3575.6666666666665,230714.66666666666
0.097,3974.0,253553.5
0.099,200.0,1494.0
0.106,93.0,104.0
0.108,3000.5,206550.75
0.115,250.0,831.0
0.12,3668.3333333333335,241434.0
0.121,302.0,3316.0
0.123,250.0,1426.0
0.124,206.0,1634.0
0.128,208.0,5476.0
0.132,3417.0,242081.8
0.14,105.0,116.0
0.142,88.0,97.0
0.143,2296.375,145143.25
0.151,94.0,101.0
0.152,98.0,105.0
0.155,4001.0,263317.7
0.157,90.0,100.0
0.163,122.0,295.0
0.167,3183.875,213597.875
0.178,1955.25,115718.125
0.179,360.0,2855.0
0.18,153.0,228.0
0.181,329.0,1902.0
0.188,92.0,203.0
0.19,3328.6666666666665,210041.0
0.199,90.0,99.0
0.2,104.0,255.0
0.202,1845.0,109136.0
0.208,104.0,199.0
0.213,3529.8333333333335,226566.16666666666
0.215,145.0,409.0
0.216,143.0,488.0
0.218,95.0,97.0
0.22,82.0,87.0
0.223,181.0,753.0
0.225,3245.7,209472.6
0.226,81.0,88.0
0.23,125.0,145.0
0.232,137.0,151.0
0.237,3191.5,191108.66666666666
0.239,92.0,102.0
0.24,234.5,1060.0
0.242,377.0,10039.5
0.243,89.0,97.0
0.244,979.0,47553.0
0.246,101.0,111.0
0.247,109.0,195.0
0.248,2787.6666666666665,174314.0
0.253,156.0,635.6666666666666
0.257,250.0,1708.0
0.26,2695.125,173234.125
0.266,98.0,115.0
0.267,99.0,112.0
0.272,2935.0,148664.0
0.274,89.0,96.0
0.281,137.0,1021.0
0.283,4001.0,271768.0
0.286,340.0,1924.0
0.295,1055.7777777777778,48104.77777777778
0.298,86.0,103.0
0.305,326.0,13658.0
0.307,165.33333333333334,2100.0
0.309,95.0,96.0
0.32,203.0,452.0
0.322,99.0,204.0
0.327,196.0,223.0
0.33,847.1666666666666,20691.833333333332
0.342,1756.0,42649.0
0.343,81.0,82.0
0.344,141.0,210.0
0.354,93.0,106.0
0.355,338.0,665.0
0.358,164.0,238.0
0.365,1575.0,34841.5
0.369,168.0,661.0
0.377,1791.5,96896.0
0.388,891.0,28505.0
0.39,101.0,113.0
0.393,86.0,109.0
0.395,105.0,158.0
