{"frame_count": 17391976, "start_time": 1770852138.420428, "elapsed_seconds": 13868.394505125005, "amnt_of_species": 16663, "amnt_of_medium_species": 4487, "amnt_of_big_species": 313, "final": true}