evolution rate,arithmetic mean length lived,arithmetic mean species population time
0.05,2743.0,142382.0
0.085,72.0,331.0
0.097,2696.3333333333335,195859.0
0.105,87.0,94.0
0.108,4001.0,290509.3333333333
0.12,4001.0,299114.0
0.132,4001.0,246969.0
0.143,4001.0,220889.0
0.155,4001.0,262724.0
0.167,4001.0,280368.0
0.178,4001.0,252261.0
0.19,2059.3333333333335,117940.66666666667
0.202,1123.5,31469.0
0.213,2999.5,176646.5
0.225,1179.0,13202.0
0.237,1499.0,25906.0
0.307,2035.0,55572.0
0.317,92.0,109.0
0.378,210.0,391.0
0.393,95.0,152.0
