evolution rate,arithmetic mean length lived,arithmetic mean species population time
0.062,4001.0,262451.5
0.097,69.0,313.0
0.104,914.0,8544.0
0.108,4001.0,258486.0
0.115,428.0,5124.0
0.143,1240.0,62703.0
0.156,67.0,88.0
0.167,4001.0,255885.0
0.178,4001.0,276007.0
0.19,951.6666666666666,30756.333333333332
0.225,1824.0,92365.0
0.248,4001.0,260413.0
0.269,97.0,102.0
0.283,4001.0,249651.0
0.311,88.0,93.0
0.347,92.0,98.0
0.396,96.0,107.0
