evolution rate,geometric mean length lived,geometric mean species population time
0.062,239.0,14731.000000000005
0.097,1197.0000000000002,25546.0
0.1,107.0,376.0
0.155,4001.0,287546.0000000001
0.178,4001.0,298781.00000000006
0.179,1052.0,67857.99999999999
0.213,45.0,86.0
