{"frame_count": 788000, "start_time": 1770868442.398484, "elapsed_seconds": 569.9524239999882, "amnt_of_species": 756, "amnt_of_medium_species": 208, "amnt_of_big_species": 19, "final": false}