evolution rate,arithmetic mean length lived,arithmetic mean species population time
0.062,2709.6666666666665,171129.66666666666
0.073,2271.0,158584.0
0.085,4001.0,266153.0
0.108,4001.0,244831.0
0.12,4001.0,306956.0
0.143,2529.0,109692.5
0.167,783.0,18122.5
0.225,1776.0,44095.0
0.272,1124.0,24361.0
