{"frame_count": 258100, "start_time": 1770851193.9089122, "elapsed_seconds": 166.74837612497504, "amnt_of_species": 252, "amnt_of_medium_species": 64, "amnt_of_big_species": 0, "final": true}