{"frame_count": 1765000, "start_time": 1770875542.053462, "elapsed_seconds": 1195.969163791975, "amnt_of_species": 908, "amnt_of_medium_species": 210, "amnt_of_big_species": 24, "final": false}