evolution rate,arithmetic mean length lived,arithmetic mean species population time
0.052,94.0,96.0
0.053,85.0,156.0
0.054,624.3333333333334,26987.0
0.062,2598.2,147380.8
0.063,83.0,145.0
0.066,168.0,1248.0
0.069,84.0,103.0
0.073,1088.5,68245.25
0.075,98.0,105.0
0.077,172.0,379.0
0.079,90.0,99.0
0.085,2276.1666666666665,118560.16666666667
0.088,525.0,10605.0
0.096,119.0,283.0
0.097,2323.0,122005.0
0.103,106.0,173.0
0.108,3336.5714285714284,233993.42857142858
0.117,165.0,215.0
0.118,184.0,649.0
0.12,4001.0,280206.0
0.122,137.0,241.0
0.125,194.0,686.0
0.129,222.5,793.0
0.132,3140.625,208013.875
0.135,41.0,46.0
0.141,143.0,3802.0
0.143,3983.625,277508.75
0.144,172.0,313.0
0.151,94.0,97.0
0.155,3605.25,225268.125
0.157,96.0,198.5
0.163,229.0,485.0
0.167,3815.0,246896.2857142857
0.168,674.5,9357.5
0.169,99.0,140.0
0.171,525.0,3105.0
0.172,232.0,1319.0
0.173,407.0,2674.0
0.178,4001.0,270178.2
0.186,112.0,433.0
0.187,154.0,265.0
0.19,3410.285714285714,234503.0
0.193,165.0,491.0
0.202,3046.0,191949.75
0.209,95.0,152.0
0.21,219.0,1254.0
0.212,185.0,406.0
0.213,2845.5555555555557,156712.0
0.219,65.0,106.0
0.22,81.0,103.0
0.225,2281.6666666666665,144491.5
0.229,232.0,947.0
0.232,74.0,95.0
0.234,64.0,71.0
0.237,2463.714285714286,151960.0
0.241,93.0,101.0
0.242,96.0,104.0
0.244,219.0,899.0
0.248,1497.5,63566.5
0.251,178.0,241.0
0.258,304.0,1125.0
0.26,3297.0,191255.25
0.263,62.0,86.0
0.272,2786.3333333333335,181917.33333333334
0.275,96.5,107.5
0.283,3146.5,200362.0
0.29,95.0,100.0
0.291,119.0,167.0
0.292,110.0,152.0
0.295,1543.75,81115.0
0.296,143.0,153.0
0.297,100.0,145.0
0.307,1322.6,61362.0
0.308,72.0,83.0
0.314,77.0,106.0
0.317,174.5,2280.0
0.318,2479.6,163347.0
0.33,523.3333333333334,6716.666666666667
0.333,77.0,94.0
0.336,4001.0,267983.0
0.342,2284.0,107226.5
0.349,205.0,626.0
0.353,1126.0,29550.0
0.359,103.0,240.0
0.362,335.5,3059.5
0.365,727.0,24019.2
0.366,194.5,392.5
0.367,92.0,140.0
0.369,140.0,1315.0
0.371,97.0,151.0
0.375,141.0,304.0
0.376,84.0,94.0
0.377,1442.25,75618.25
0.388,331.0,6066.0
0.393,94.0,105.0
