evolution rate,arithmetic mean length lived,arithmetic mean species population time
0.05,744.0,20094.0
0.052,274.0,10370.0
0.059,500.0,17205.0
0.062,564.0,38504.0
0.063,433.0,25318.0
0.064,434.0,67890.0
0.065,434.0,26944.0
0.067,469.0,17077.0
0.07,576.5,15738.5
0.076,429.0,21165.0
0.077,85.0,104.0
0.079,60.0,87.0
0.08,310.0,16579.0
0.085,554.0,27778.0
0.089,434.0,24166.0
0.092,434.0,2176.0
0.097,475.0,5395.0
0.105,18.0,25.0
0.107,154.0,1102.0
0.111,434.0,64037.0
0.114,434.5,40250.5
0.115,125.0,198.0
0.121,201.0,792.0
0.124,91.0,114.0
0.128,388.5,61254.5
0.129,181.0,1654.0
0.131,396.0,4802.0
0.132,788.0,31594.0
0.133,435.0,19739.0
0.134,434.0,17172.0
0.135,586.0,38519.0
0.138,191.0,815.0
0.141,366.0,8864.0
0.143,434.0,146905.0
0.154,89.0,114.0
0.156,869.0,24486.0
0.159,241.0,5549.5
0.161,3010.0,392491.0
0.163,317.0,11870.0
0.167,251.0,3951.0
0.173,194.0,478.0
0.174,159.0,1301.0
0.177,258.0,990.0
0.179,336.0,18338.0
0.182,152.0,908.0
0.186,409.0,25190.0
0.187,86.0,91.0
0.188,392.6666666666667,16264.666666666666
0.193,426.0,26105.5
0.194,1805.0,64472.0
0.195,4001.0,285828.0
0.199,164.0,2544.0
0.2,296.0,6355.0
0.203,752.0,33597.0
0.205,908.5,67977.0
0.213,265.0,3331.5
0.214,391.5,18783.5
0.221,677.0,24650.0
0.222,229.0,1646.0
0.223,1495.0,79904.0
0.225,2031.0,125658.0
0.227,88.0,98.0
0.235,54.0,77.0
0.237,81.0,144.0
0.239,505.5,6075.5
0.241,205.5,992.0
0.242,139.0,449.0
0.248,72.0,771.0
0.257,1692.0,117787.0
0.259,86.0,139.0
0.26,462.5,9512.5
0.263,187.0,663.0
0.265,1301.0,100489.0
0.267,1099.0,36976.0
0.272,56.0,153.0
0.273,80.0,227.0
0.274,107.0,232.0
0.277,163.0,880.0
0.278,191.66666666666666,2143.0
0.28,901.5,44953.0
0.287,216.0,885.0
0.289,102.0,103.0
0.293,657.0,30578.0
0.294,497.0,32905.0
0.297,1658.0,120453.5
0.31,86.0,133.0
0.313,119.5,292.0
0.318,611.0,13032.0
0.319,83.0,242.0
0.322,434.0,11993.0
0.324,168.0,306.0
0.329,201.0,3725.0
0.334,406.0,4531.0
0.341,114.0,285.0
0.342,62.0,503.0
0.346,513.0,8510.0
0.352,323.0,7346.0
0.359,84.0,90.0
0.362,75.0,123.0
0.367,409.0,7971.0
0.368,77.0,150.0
0.371,300.0,2138.0
0.372,85.0,144.0
0.373,215.5,3177.5
0.377,191.0,655.0
0.383,98.0,200.0
0.387,158.0,807.0
0.39,94.0,158.0
0.391,194.0,1071.0
