evolution rate,arithmetic mean length lived,arithmetic mean species population time
0.062,4001.0,280016.3333333333
0.073,3000.3333333333335,207352.33333333334
0.097,4001.0,278231.5
0.108,4001.0,312214.0
0.155,1045.0,33158.0
0.167,4001.0,266044.0
0.178,4001.0,292137.0
0.202,4001.0,277224.0
0.213,2727.5,171457.0
0.25,102.0,152.0
0.272,1471.5,36883.5
0.307,61.0,157.0
0.318,1100.0,44334.0
0.393,356.0,2408.0
