{"frame_count": 139000, "start_time": 1770873822.3471339, "elapsed_seconds": 90.51636199999484, "amnt_of_species": 128, "amnt_of_medium_species": 32, "amnt_of_big_species": 3, "final": false}