evolution rate,arithmetic mean length lived,arithmetic mean species population time
0.05,2684.0,160818.5
0.062,2755.3333333333335,161343.33333333334
0.063,2238.0,95559.0
0.072,88.0,93.0
0.073,3338.0,212802.4
0.08,99.0,102.0
0.085,2449.25,154469.25
0.097,4001.0,275933.3333333333
0.102,114.0,157.0
0.104,82.0,88.0
0.108,4001.0,288651.5
0.12,4001.0,281103.85714285716
0.122,150.0,212.0
0.132,3217.6,220484.0
0.14,91.0,98.0
0.143,4001.0,290124.25
0.155,2466.5,166627.0
0.167,3043.5,209232.16666666666
0.19,3466.8,217482.0
0.202,3004.5,132542.5
0.207,917.0,26203.0
0.216,81.0,143.0
0.225,2650.5,169960.5
0.237,1117.0,18594.0
0.248,4001.0,287378.0
0.26,2120.8333333333335,113038.83333333333
0.272,2725.25,156182.0
0.283,1768.0,65895.5
0.288,101.0,102.0
0.307,1961.5,105894.5
0.309,64.0,101.0
0.325,107.0,167.0
0.33,2779.0,88831.0
0.342,2118.3333333333335,101311.0
0.365,1087.0,26013.0
0.377,1335.0,42762.0
0.384,80.0,88.0
0.388,351.0,3836.0
0.396,79.0,98.0
