{"frame_count": 22799250, "start_time": 1771177647.004101, "elapsed_seconds": 20080.336407290975, "amnt_of_species": 21514, "amnt_of_small_species": 16014, "amnt_of_medium_species": 4924, "amnt_of_big_species": 576, "final": true}