evolution rate,arithmetic mean length lived,arithmetic mean species population time
0.05,334.0,15909.0
0.05,3500.0,76676.0
0.05,85.0,97.0
0.05,1026.0,64620.5
0.05,1000.0,58051.0
0.05,733.3333333333334,9207.0
0.05,1581.0,76197.0
0.05,272.0,6205.0
0.05,1169.0,44119.0
0.05,1112.0,51086.0
0.05,573.0,17400.0
0.05,351.0,2709.0
0.05,249.66666666666666,10001.666666666666
0.05,682.0,25974.0
0.05,1896.0,75183.0
0.05,81.0,103.0
0.05,3500.0,69043.0
0.05,215.0,965.0
0.05,1415.0,78348.0
0.05,1797.5,81364.5
0.05,259.0,11331.0
0.05,435.0,34934.0
0.05,3500.0,67178.0
0.05,171.0,400.0
0.05,802.0,35380.0
0.05,1482.0,46019.0
0.05,2431.0,78466.5
0.05,1011.0,55451.0
0.05,676.0,43514.666666666664
0.05,1045.0,26673.0
0.05,142.0,210.0
0.05,494.0,32630.0
0.05,443.5,14249.5
0.05,1941.0,80075.0
0.05,588.0,27701.0
0.05,95.0,107.0
0.05,94.0,151.0
0.05,3500.0,98271.0
0.05,102.0,199.0
0.05,3500.0,132098.0
0.05,715.0,7751.0
0.05,839.0,31618.0
0.05,3500.0,79911.0
0.05,744.5,32060.0
0.05,3500.0,97733.0
0.051,412.0,19934.0
0.051,829.5,25031.0
0.051,841.5,45694.0
0.051,2042.5,100928.0
0.051,104.0,130.0
0.051,1248.25,39413.0
0.051,668.0,29049.0
0.051,334.0,2126.0
0.051,1590.3333333333333,42789.666666666664
0.051,92.0,95.0
0.051,3500.0,151263.0
0.051,2009.0,93356.0
0.051,1329.0,31915.25
0.051,96.0,253.0
0.051,94.5,130.0
0.051,2386.0,106954.33333333333
0.051,216.0,584.0
0.051,1243.5,82803.0
0.051,518.5,36952.25
0.051,1868.0,74634.0
0.051,3500.0,176491.0
0.051,1997.0,136392.0
0.051,922.5,38765.5
0.051,877.0,17960.5
0.051,907.0,23642.0
0.051,684.3333333333334,25393.333333333332
0.051,213.0,253.0
0.051,615.5,12088.5
0.051,1182.0,82952.0
0.051,100.5,526.0
0.051,667.5,22519.0
0.051,482.5,8714.5
0.051,60.0,492.0
0.051,1922.0,89976.33333333333
0.051,1770.6666666666667,87310.66666666667
0.051,269.6666666666667,6516.666666666667
0.051,539.0,34141.0
0.051,93.0,96.0
0.051,150.0,396.5
0.051,2573.5,99589.0
0.051,110.0,268.3333333333333
0.051,374.0,637.0
0.051,507.5,22767.75
0.051,520.0,7829.0
0.051,224.0,1291.0
0.051,607.5,37293.5
0.051,1004.6666666666666,44644.333333333336
0.051,2188.0,76798.5
0.051,1535.0,49118.5
0.051,594.0,25568.0
0.051,981.5,30415.5
0.051,1487.0,51922.5
0.051,408.5,15712.5
0.051,3500.0,78084.0
0.051,404.5,15200.0
0.051,1755.6666666666667,78970.66666666667
0.051,436.5,27353.0
0.051,95.5,121.0
0.051,419.0,31725.5
0.051,1783.0,110734.0
0.051,62.0,435.0
0.051,1724.0,64275.0
0.051,330.0,2797.0
0.051,50.0,59.0
0.051,438.3333333333333,11845.0
0.051,1575.0,96606.33333333333
0.051,3500.0,119900.0
0.051,147.0,164.0
0.051,76.0,138.0
0.051,386.0,6314.0
0.052,382.0,17330.0
0.052,3500.0,240059.0
0.052,1240.0,36610.0
0.052,2077.0,96302.33333333333
0.052,503.3333333333333,21319.333333333332
0.052,251.5,389.0
0.052,586.5,21281.5
0.052,132.0,827.5
0.052,216.0,1658.0
0.052,173.0,675.0
0.052,2194.5,60497.0
0.052,1215.3333333333333,45721.333333333336
0.052,92.0,93.0
0.052,3500.0,45640.0
0.052,727.0,53322.0
0.052,3500.0,160328.0
0.052,155.0,739.0
0.052,1095.0,57475.0
0.052,499.5,12658.0
0.052,86.0,99.0
0.052,588.0,8761.0
0.052,971.0,38281.666666666664
0.052,1648.75,73868.5
0.052,593.0,5715.0
0.052,760.0,32889.0
0.052,83.5,476.0
0.052,627.5,32357.0
0.052,3500.0,67377.0
0.052,208.0,248.0
0.052,369.5,17467.0
0.052,108.0,110.0
0.052,493.0,49914.0
0.052,105.0,117.0
0.052,467.0,4323.0
0.052,292.5,2607.0
0.052,3500.0,134248.0
0.052,1258.3333333333333,24659.333333333332
0.052,930.25,43867.75
0.052,3500.0,84826.0
0.052,977.5,39264.0
0.052,440.5,18670.5
0.052,88.0,92.0
0.052,3500.0,104816.0
0.052,278.3333333333333,11504.0
0.052,3500.0,193527.0
0.052,536.0,16401.5
0.052,434.0,11520.0
0.052,448.0,5512.5
0.052,323.5,12978.5
0.052,219.5,3464.5
0.052,3500.0,101097.0
0.052,477.0,5777.5
0.052,2044.0,60284.0
0.052,231.0,2001.0
0.052,1040.0,28464.0
0.052,148.0,588.5
0.053,203.75,10137.0
0.053,352.0,7867.5
0.053,1782.0,84856.0
0.053,558.0,17554.5
0.053,1244.25,60244.25
0.053,163.0,641.0
0.053,1969.0,142706.0
0.053,161.0,874.0
0.053,118.66666666666667,300.6666666666667
0.053,55.0,60.0
0.053,2232.5,103502.5
0.053,3.0,9.0
0.053,366.0,14720.0
0.053,216.0,1417.0
0.053,980.0,26513.0
0.053,85.0,142.0
0.053,2003.0,71911.0
0.053,1186.0,50812.0
0.053,1120.0,48902.0
0.053,198.0,3698.0
0.053,1039.0,24859.2
0.053,250.5,10524.5
0.053,1249.3333333333333,55749.666666666664
0.053,73.0,93.0
0.053,450.5,10374.75
0.053,1644.6666666666667,53933.333333333336
0.053,173.0,417.0
0.053,148.0,192.0
0.053,145.0,625.0
0.053,1122.0,66632.0
0.053,89.0,138.0
0.053,1268.6,61326.2
0.053,338.0,16141.0
0.053,1834.5,71614.5
0.053,90.0,91.0
0.053,156.0,405.0
0.053,921.0,31332.5
0.053,107.5,463.5
0.053,1661.0,72709.0
0.053,1735.0,76733.0
0.053,3500.0,46800.0
0.053,74.0,79.0
0.053,397.6666666666667,17814.666666666668
0.053,3500.0,134547.0
0.053,1621.3333333333333,76771.0
0.053,85.0,195.0
0.053,3500.0,106034.0
0.053,963.0,13646.5
0.053,115.5,1683.5
0.053,277.3333333333333,10672.0
0.053,1796.5,68563.0
0.053,748.0,36639.0
0.053,766.0,36431.0
0.053,3500.0,144085.0
0.053,608.3333333333334,18256.0
0.053,100.0,257.0
0.053,416.5,31782.5
0.053,1892.0,77552.33333333333
0.053,691.0,35428.0
0.053,282.0,790.0
0.053,3500.0,112896.0
0.053,3500.0,88238.0
0.053,168.0,243.0
0.053,1158.0,125704.0
0.053,913.5,38211.0
0.054,200.0,1203.0
0.054,194.5,2375.5
0.054,1104.0,25662.0
0.054,122.5,409.5
0.054,762.0,35957.0
0.054,101.0,152.5
0.054,269.0,10081.0
0.054,175.0,181.0
0.054,567.0,19251.5
0.054,774.0,45641.0
0.054,730.5,14771.5
0.054,792.5,22726.5
0.054,1162.0,54287.0
0.054,276.0,7701.0
0.054,64.0,430.0
0.054,216.0,2452.0
0.054,799.0,47230.0
0.054,614.5,17973.5
0.054,1818.0,94188.0
0.054,395.5,11908.0
0.054,97.0,102.0
0.054,3500.0,162358.0
0.054,360.0,13703.0
0.054,76.5,389.0
0.054,279.0,1942.0
0.054,1231.0,46447.0
0.054,633.5,26929.5
0.054,172.0,423.0
0.054,1185.0,59350.0
0.054,428.0,17864.0
0.054,1013.0,57537.0
0.054,1101.0,63409.0
0.054,1356.0,45986.0
0.054,101.0,102.0
0.054,80.5,109.5
0.054,434.5,22893.0
0.054,212.0,1397.0
0.054,250.5,14325.0
0.054,359.0,6952.5
0.054,63.0,603.0
0.054,758.0,20788.5
0.054,1858.0,68777.0
0.054,1263.0,116408.0
0.054,88.0,91.0
0.054,89.0,577.0
0.054,3500.0,133603.0
0.054,659.0,30309.5
0.054,1005.5,53972.0
0.054,497.0,27426.0
0.054,2274.0,44218.5
0.054,364.0,12325.5
0.054,223.0,462.0
0.054,454.0,23254.0
0.054,1586.0,66592.0
0.054,618.0,15663.25
0.054,1420.3333333333333,48638.333333333336
0.054,3500.0,136194.0
0.054,510.0,27865.0
0.054,150.0,1466.0
0.054,965.0,24779.5
0.054,125.0,1727.0
0.054,2373.3333333333335,95601.33333333333
0.054,2797.0,86551.33333333333
0.054,104.33333333333333,208.66666666666666
0.054,144.0,254.5
0.054,1033.0,56306.0
0.054,1176.0,74365.0
0.054,594.0,35033.0
0.054,728.0,58052.0
0.054,118.66666666666667,175.33333333333334
0.055,109.0,111.0
0.055,1549.25,68033.0
0.055,598.5,32690.0
0.055,551.0,15832.0
0.055,428.0,30322.0
0.055,76.0,128.0
0.055,1371.0,67160.0
0.055,111.66666666666667,199.33333333333334
0.055,1140.0,47324.0
0.055,204.0,742.0
0.055,1786.0,86749.5
0.055,1116.0,68253.25
0.055,91.0,98.0
0.055,74.0,106.5
0.055,280.0,8496.5
0.055,605.0,23459.0
0.055,667.0,28870.0
0.055,400.0,11135.0
0.055,826.0,37895.0
0.055,200.0,1392.5
0.055,2161.5,52129.0
0.055,699.0,9509.0
0.055,430.0,19999.0
0.055,815.0,10667.0
0.055,3500.0,102234.5
0.055,1039.0,84124.0
0.055,1067.0,34337.0
0.055,958.0,77774.0
0.055,168.0,301.0
0.055,1744.6666666666667,69850.0
0.055,2875.5,110913.75
0.055,449.0,28127.0
0.055,225.0,4252.0
0.055,717.75,25859.25
0.055,291.6666666666667,16198.333333333334
0.055,3500.0,169461.0
0.055,1370.0,74872.0
0.055,548.0,15500.0
0.055,351.5,19968.0
0.055,771.5,47399.5
0.055,1118.0,30493.0
0.055,470.3333333333333,23610.0
0.055,371.5,8522.0
0.055,3500.0,165025.0
0.055,101.0,112.0
0.055,88.0,92.0
0.055,2399.0,97206.5
0.055,954.3333333333334,50705.333333333336
0.055,1858.0,73602.5
0.055,92.0,106.0
0.055,691.0,19084.5
0.055,89.0,137.0
0.055,2162.0,67482.5
0.055,3500.0,59564.0
0.055,73.0,88.0
0.055,1039.0,49755.0
0.055,897.0,32869.0
0.055,89.0,99.0
0.055,647.6,18718.6
0.055,621.0,22982.0
0.055,242.0,317.5
0.055,555.0,34997.0
0.055,1035.0,59243.0
0.055,2034.0,38995.0
0.055,146.0,854.0
0.055,89.0,98.0
0.055,1633.0,86547.0
0.056,129.0,136.0
0.056,1993.0,116496.0
0.056,467.3333333333333,25638.333333333332
0.056,716.0,39142.0
0.056,120.0,194.0
0.056,3500.0,166380.0
0.056,3500.0,77509.0
0.056,1251.0,63124.0
0.056,965.5,30752.0
0.056,876.3333333333334,38010.0
0.056,501.0,13747.0
0.056,1858.0,53405.5
0.056,107.0,109.0
0.056,3500.0,172960.0
0.056,1755.0,39489.0
0.056,499.0,22339.5
0.056,93.0,108.0
0.056,403.0,18853.0
0.056,84.0,97.0
0.056,961.6,34576.4
0.056,3500.0,197607.0
0.056,709.0,25209.5
0.056,2090.0,55359.5
0.056,851.6666666666666,34115.333333333336
0.056,3500.0,177626.0
0.056,298.3333333333333,9361.0
0.056,157.0,766.0
0.056,110.0,225.0
0.056,65.0,651.0
0.056,3500.0,255320.0
0.056,3500.0,93810.5
0.056,92.0,134.0
0.056,2010.0,93752.0
0.056,1482.6666666666667,35092.333333333336
0.056,1174.0,56074.5
0.056,203.0,1614.0
0.056,642.0,22034.5
0.056,1015.8,44632.6
0.056,90.0,101.0
0.056,980.6,41431.6
0.056,168.0,547.0
0.056,519.5,22368.5
0.056,63.0,75.0
0.056,74.0,85.5
0.056,2185.0,45942.0
0.056,979.0,45486.0
0.056,1018.0,64365.0
0.056,251.0,6565.5
0.056,414.0,30234.0
0.056,134.0,152.0
0.056,192.0,2160.5
0.056,1079.5,43132.0
0.056,626.0,43772.0
0.056,1071.5,64925.0
0.056,105.0,170.0
0.056,602.0,32282.0
0.056,3500.0,108681.0
0.056,3500.0,75159.0
0.056,101.0,208.0
0.056,1448.0,73464.0
0.056,117.0,1063.0
0.056,90.0,148.0
0.057,1791.0,89725.0
0.057,1060.0,92687.0
0.057,216.0,605.0
0.057,65.0,639.0
0.057,1189.0,61734.0
0.057,884.0,46697.0
0.057,1802.0,98617.0
0.057,1301.0,80794.0
0.057,3500.0,70006.0
0.057,1804.5,75392.5
0.057,216.0,965.0
0.057,122.0,152.0
0.057,554.3333333333334,13978.0
0.057,864.5,62731.5
0.057,681.0,53691.0
0.057,714.0,14131.5
0.057,1339.0,81610.0
0.057,177.0,1295.0
0.057,328.0,1438.0
0.057,1858.0,37183.0
0.057,288.0,2573.6666666666665
0.057,910.3333333333334,45964.333333333336
0.057,1367.0,43280.333333333336
0.057,806.5,41238.0
0.057,1828.5,86680.5
0.057,3500.0,101966.0
0.057,450.0,39349.5
0.057,1168.0,12769.0
0.057,95.0,196.0
0.057,547.0,3681.0
0.057,1510.6666666666667,51364.666666666664
0.057,1461.0,67520.0
0.057,211.0,917.0
0.057,125.0,189.5
0.057,160.0,252.0
0.057,639.0,51358.0
0.057,1780.0,71730.5
0.057,1757.0,52749.0
0.057,261.5,13332.5
0.057,108.0,153.0
0.057,562.0,28054.5
0.057,974.5,77605.0
0.057,3500.0,184786.0
0.057,501.0,43518.5
0.057,245.5,27784.5
0.057,1797.5,32976.0
0.057,1828.3333333333333,107788.66666666667
0.057,205.0,1609.0
0.057,1837.5,68314.5
0.057,305.5,3704.0
0.057,91.0,685.0
0.057,998.0,44818.0
0.057,1097.0,33174.0
0.057,1782.0,110872.5
0.057,117.0,175.0
0.057,785.5,35530.75
0.057,860.5,35828.5
0.057,574.0,21341.5
0.057,3500.0,111004.0
0.057,1079.0,51440.0
0.057,1798.0,41716.0
0.057,2315.5,72471.5
0.057,75.0,89.0
0.057,802.3333333333334,29945.666666666668
0.057,1962.0,48730.0
0.057,341.6666666666667,12861.666666666666
0.057,131.5,279.0
0.057,2094.0,78769.0
0.057,790.0,53329.0
0.057,1926.0,97444.0
0.057,1850.25,59777.75
0.057,164.5,1620.0
0.057,829.0,45904.0
0.058,1830.5,74545.0
0.058,102.0,711.5
0.058,91.0,134.5
0.058,3500.0,83597.0
0.058,138.0,152.0
0.058,74.33333333333333,289.6666666666667
0.058,612.0,29762.0
0.058,919.75,29123.5
0.058,1079.5,35068.0
0.058,1259.3333333333333,24930.666666666668
0.058,1528.0,62048.0
0.058,879.0,14707.0
0.058,146.0,197.0
0.058,2018.0,78787.5
0.058,92.0,99.0
0.058,292.0,4396.0
0.058,89.0,102.0
0.058,1213.0,119907.0
0.058,531.5,32177.5
0.058,3500.0,125414.0
0.058,139.5,419.0
0.058,788.0,49837.0
0.058,84.0,335.0
0.058,819.0,41638.0
0.058,3500.0,120202.0
0.058,355.0,2290.0
0.058,784.0,25232.5
0.058,66.0,807.0
0.058,462.0,24674.333333333332
0.058,1371.75,54453.5
0.058,1078.5,64924.0
0.058,92.0,145.0
0.058,59.0,152.0
0.058,687.0,32915.5
0.058,94.0,105.0
0.058,466.0,14393.0
0.058,1035.75,61660.75
0.058,98.0,108.0
0.058,378.5,6083.5
0.058,892.5,42788.25
0.058,483.5,19379.0
0.058,683.0,22127.0
0.058,1025.0,32536.0
0.058,1802.5,80557.0
0.058,3500.0,56638.0
0.058,91.5,119.0
0.058,118.0,324.5
0.058,645.5,23833.5
0.058,139.0,157.0
0.058,664.0,31562.5
0.058,1724.0,95611.0
0.058,177.0,467.0
0.058,696.25,28977.75
0.058,536.0,3132.0
0.058,86.0,558.5
0.058,1591.0,62044.0
0.058,81.0,90.0
0.058,1352.5,71361.0
0.058,601.5,26692.5
0.058,622.0,42968.0
0.058,496.0,33220.0
0.058,237.0,8996.333333333334
0.058,1011.2,60051.6
0.058,386.0,38526.0
0.058,3500.0,175618.0
0.058,907.5,47179.0
0.058,1034.0,68880.0
0.058,1380.6666666666667,61019.333333333336
0.059,160.0,6188.0
0.059,1472.0,83993.0
0.059,687.0,11558.0
0.059,3500.0,128310.0
0.059,715.5,45170.0
0.059,1167.0,133150.0
0.059,1820.6666666666667,78982.0
0.059,105.0,153.0
0.059,1195.0,31997.0
0.059,87.0,92.0
0.059,134.0,951.0
0.059,3500.0,109269.0
0.059,1858.0,31129.5
0.059,853.0,26401.0
0.059,1307.0,83459.0
0.059,2394.3333333333335,94549.0
0.059,106.0,175.0
0.059,514.0,24848.0
0.059,58.0,401.0
0.059,706.0,27818.0
0.059,501.5,31598.0
0.059,3500.0,139262.0
0.059,1335.2857142857142,76063.42857142857
0.059,1526.6666666666667,53980.333333333336
0.059,1858.0,90368.0
0.059,1786.0,33266.5
0.059,2161.5,70663.0
0.059,968.5,73495.0
0.059,400.3333333333333,12540.333333333334
0.059,394.0,30570.5
0.059,3500.0,108297.0
0.059,600.0,26942.5
0.059,1040.0,50827.0
0.059,1907.0,66092.0
0.059,3500.0,148532.0
0.059,304.0,3836.0
0.059,158.0,318.5
0.059,1052.0,52452.0
0.059,892.0,36495.0
0.059,3074.2,113854.0
0.059,1890.5,84281.5
0.059,1797.5,109369.5
0.059,513.0,40801.0
0.059,2941.3333333333335,126699.0
0.059,595.3333333333334,26637.666666666668
0.059,42.0,46.0
0.059,630.0,36583.0
0.059,292.5,12913.5
0.059,392.0,14303.666666666666
0.059,1878.0,44954.0
0.059,1389.5,55791.75
0.059,940.5,40347.0
0.059,155.5,5201.5
0.059,919.6666666666666,39735.666666666664
0.059,479.5,14999.0
0.059,197.66666666666666,2568.3333333333335
0.059,682.2,31362.6
0.059,1481.0,48399.6
0.059,123.0,331.0
0.059,93.0,94.0
0.059,1417.5,141426.5
0.059,2415.8,76938.2
0.059,122.0,142.0
0.059,541.0,35440.333333333336
0.059,402.0,6987.5
0.059,167.5,2376.5
0.059,1891.0,67063.66666666667
0.06,152.0,361.0
0.06,82.0,203.0
0.06,65.0,148.0
0.06,3500.0,85158.0
0.06,859.0,25489.0
0.06,351.0,4476.5
0.06,467.0,4891.5
0.06,102.66666666666667,239.0
0.06,103.0,104.0
0.06,1035.0,37930.0
0.06,95.5,101.0
0.06,120.0,403.0
0.06,1284.0,68677.0
0.06,145.0,1021.0
0.06,112.0,240.0
0.06,102.0,268.0
0.06,2097.5,62524.5
0.06,1107.0,35937.0
0.06,1135.25,58600.5
0.06,2210.0,90039.5
0.06,101.0,164.0
0.06,122.0,1281.0
0.06,627.0,42125.0
0.06,138.0,228.0
0.06,282.5,15610.0
0.06,1826.5,61656.0
0.06,3500.0,110401.0
0.06,999.0,90571.0
0.06,2388.75,75560.5
0.06,243.0,9225.0
0.06,75.0,85.0
0.06,2311.5,112282.0
0.06,1511.0,112418.0
0.06,3500.0,127411.0
0.06,436.3333333333333,8478.0
0.06,74.5,464.0
0.06,494.5,14186.5
0.06,478.0,14534.5
0.06,109.0,468.0
0.06,624.5,23936.5
0.06,3500.0,178151.0
0.06,1111.0,55230.5
0.06,964.0,29886.0
0.06,1070.0,33294.0
0.06,139.0,14969.0
0.06,248.0,11993.0
0.06,413.0,5291.0
0.06,1190.5,24417.75
0.06,431.0,21153.0
0.06,132.0,364.0
0.06,562.0,41797.0
0.06,475.0,14205.0
0.06,1022.0,20367.0
0.06,101.0,107.0
0.06,597.0,35023.0
0.06,1054.0,38340.0
0.06,74.0,97.0
0.06,1214.75,41565.25
0.06,671.6666666666666,45289.333333333336
0.06,923.0,44545.5
0.06,3500.0,184294.0
0.06,1245.3333333333333,61576.0
0.06,62.0,452.0
0.06,655.0,35829.0
0.06,329.5,23122.5
0.06,412.0,10388.0
0.06,101.0,108.0
0.06,440.25,13141.0
0.06,711.6666666666666,29765.666666666668
0.061,391.0,4091.0
0.061,1026.0,83874.0
0.061,1054.5,22084.75
0.061,2018.5,38435.0
0.061,1181.0,46799.0
0.061,154.0,194.0
0.061,3500.0,73984.0
0.061,109.66666666666667,178.66666666666666
0.061,842.0,27754.0
0.061,229.5,2505.5
0.061,416.0,10299.0
0.061,89.0,128.0
0.061,77.0,634.0
0.061,1288.6666666666667,29495.0
0.061,191.0,759.0
0.061,129.0,1764.0
0.061,2202.0,111956.66666666667
0.061,124.0,145.0
0.061,1027.0,28365.0
0.061,999.0,38196.0
0.061,532.5,16252.0
0.061,407.0,7527.0
0.061,1580.0,61705.0
0.061,1084.0,34691.666666666664
0.061,1928.0,92467.5
0.061,1027.0,78066.0
0.061,3500.0,166570.0
0.061,91.0,110.0
0.061,1078.0,41761.5
0.061,714.0,35780.0
0.061,233.0,10255.0
0.061,106.0,123.5
0.061,999.0,59016.5
0.061,290.5,13615.5
0.061,3500.0,126745.5
0.061,2281.0,101702.5
0.061,1048.0,104282.0
0.061,1918.3333333333333,60311.666666666664
0.061,1101.5,44718.0
0.061,298.0,13442.0
0.061,857.5,32693.0
0.061,3500.0,105327.5
0.061,3500.0,101873.5
0.061,989.0,47983.0
0.061,518.6666666666666,21530.333333333332
0.061,1836.5,64076.5
0.061,1073.0,57072.5
0.061,1818.0,24523.0
0.061,96.0,369.0
0.061,1410.0,43114.25
0.061,70.0,90.0
0.061,1733.0,55914.0
0.061,141.0,158.0
0.061,348.5,14681.0
0.061,2563.6666666666665,101275.0
0.061,577.5,17467.0
0.061,980.0,21171.5
0.061,1742.0,73635.0
0.061,153.33333333333334,228.33333333333334
0.061,1501.0,45700.0
0.061,1125.5,63486.5
0.061,3500.0,289991.0
0.061,90.0,103.0
0.061,1790.0,50749.5
0.061,584.5,44483.5
0.061,269.75,10050.25
0.061,1154.0,59508.0
0.061,428.5,14210.0
0.062,90.0,109.0
0.062,151.0,317.0
0.062,127.0,137.0
0.062,99.0,180.0
0.062,727.5,29456.0
0.062,103.0,147.0
0.062,1645.6666666666667,109597.33333333333
0.062,1682.0,48076.0
0.062,1521.0,72409.0
0.062,1786.0,74137.5
0.062,656.0,30501.0
0.062,880.0,69565.5
0.062,1679.0,73864.0
0.062,670.0,8030.0
0.062,3500.0,124850.0
0.062,919.0,41711.0
0.062,1296.0,45434.0
0.062,3500.0,181356.0
0.062,782.5,15135.5
0.062,88.0,97.0
0.062,583.0,46332.0
0.062,215.0,254.0
0.062,1180.6666666666667,63170.666666666664
0.062,445.0,14294.0
0.062,2609.0,110137.0
0.062,371.0,26604.0
0.062,1404.0,77990.0
0.062,561.0,19099.0
0.062,162.5,225.0
0.062,760.5,40410.5
0.062,111.0,112.0
0.062,611.5,53805.5
0.062,989.0,53388.666666666664
0.062,1360.6666666666667,30241.0
0.062,3500.0,75430.0
0.062,108.0,120.0
0.062,1052.5,46650.0
0.062,588.0,32270.0
0.062,216.0,2966.0
0.062,668.0,36290.5
0.062,86.0,367.0
0.062,3500.0,121227.0
0.062,216.0,253.0
0.062,1427.0,57739.0
0.062,782.0,42333.0
0.062,1026.0,48966.0
0.062,97.0,587.0
0.062,1825.0,121737.0
0.062,698.0,36719.5
0.062,2690.0,71560.5
0.062,1739.0,62679.666666666664
0.062,678.3333333333334,16823.333333333332
0.062,595.0,49715.0
0.062,1030.0,44240.0
0.062,1513.75,68774.75
0.062,229.0,17061.5
0.062,91.0,105.0
0.062,1049.0,35990.0
0.062,315.0,19268.0
0.062,95.0,96.0
0.063,522.0,24105.0
0.063,1128.0,18874.5
0.063,85.5,302.0
0.063,3500.0,194672.5
0.063,3500.0,138667.0
0.063,908.3333333333334,18332.666666666668
0.063,58.0,424.0
0.063,1546.3333333333333,74479.0
0.063,60.0,486.0
0.063,2745.6666666666665,110171.0
0.063,64.0,636.0
0.063,98.0,348.0
0.063,3500.0,151707.0
0.063,1151.0,41622.0
0.063,330.0,6875.0
0.063,3500.0,127892.0
0.063,3500.0,99096.5
0.063,475.0,10126.0
0.063,1474.0,93817.5
0.063,852.0,55793.0
0.063,1230.0,38930.0
0.063,429.5,22636.5
0.063,483.0,15455.0
0.063,1795.0,115675.0
0.063,3500.0,110317.0
0.063,1921.0,109686.0
0.063,1323.0,36858.0
0.063,134.0,146.0
0.063,3500.0,149966.0
0.063,590.0,25523.5
0.063,1003.5,40967.0
0.063,98.0,107.0
0.063,540.5,43072.0
0.063,1791.0,42069.5
0.063,1581.6666666666667,31185.0
0.063,2164.0,94782.0
0.063,2733.5,150422.5
0.063,1935.5,29058.0
0.063,1166.0,74273.0
0.063,1210.3333333333333,24303.666666666668
0.063,104.0,117.0
0.063,1222.0,51639.0
0.063,95.0,101.0
0.063,526.0,17086.0
0.063,88.0,100.0
0.063,1273.0,78281.0
0.063,634.0,20560.0
0.063,659.5,21798.0
0.063,380.6666666666667,17848.0
0.063,367.0,23738.0
0.063,95.5,105.0
0.063,627.0,15705.5
0.063,75.0,84.0
0.063,87.0,161.0
0.063,233.0,9045.0
0.063,1593.6666666666667,56710.666666666664
0.063,1651.0,55913.333333333336
0.063,89.0,192.0
0.063,738.0,26802.0
0.064,2747.75,101045.5
0.064,3500.0,176506.0
0.064,3500.0,140602.0
0.064,2376.5,78268.5
0.064,544.0,39456.0
0.064,3500.0,92186.0
0.064,700.0,29851.0
0.064,1811.0,86915.5
0.064,843.0,34295.25
0.064,1808.5,37557.5
0.064,1518.3333333333333,30960.666666666668
0.064,542.0,35789.333333333336
0.064,154.0,157.0
0.064,1362.6666666666667,33221.666666666664
0.064,120.0,192.0
0.064,1250.0,42834.0
0.064,3500.0,185071.0
0.064,1839.5,36910.5
0.064,834.5,47856.0
0.064,602.3333333333334,23278.666666666668
0.064,443.0,15956.0
0.064,956.5,37800.5
0.064,919.0,36760.0
0.064,239.0,11865.0
0.064,2364.0,110887.66666666667
0.064,1364.0,91849.0
0.064,274.0,8810.5
0.064,62.5,622.0
0.064,146.0,165.0
0.064,708.75,20258.75
0.064,345.0,13632.0
0.064,131.0,203.0
0.064,1011.0,45784.666666666664
0.064,3500.0,60358.0
0.064,506.0,21991.0
0.064,529.0,32542.0
0.064,597.0,32849.333333333336
0.064,3500.0,179688.0
0.064,2374.6666666666665,52957.333333333336
0.064,1175.5,19554.5
0.064,807.0,55312.5
0.064,259.0,5300.0
0.064,3500.0,100607.0
0.064,120.0,925.0
0.064,1078.0,29079.0
0.064,108.5,294.0
0.064,84.5,97.5
0.064,67.0,92.0
0.064,272.0,1697.0
0.064,131.0,474.0
0.064,417.5,17483.5
0.064,3500.0,157796.0
0.064,1422.0,58881.0
0.064,389.0,15545.0
0.064,57.0,93.0
0.064,1031.0,93063.0
0.064,1509.0,63961.666666666664
0.064,645.5,35549.25
0.064,193.0,310.5
0.064,630.5,21099.5
0.064,1903.0,122159.0
0.064,99.0,980.0
0.064,1692.0,39944.0
0.064,738.0,35403.0
0.064,846.0,24344.0
0.064,723.0,18373.0
0.064,1194.0,61595.75
0.064,1918.0,99654.0
0.064,1885.0,85893.0
0.064,638.2,24479.8
0.065,1804.5,64248.0
0.065,553.0,11634.0
0.065,216.0,1574.0
0.065,2151.5,58738.5
0.065,1811.5,73826.5
0.065,54.0,97.0
0.065,863.5,65176.0
0.065,2386.6666666666665,83723.0
0.065,578.5,18813.5
0.065,133.0,157.0
0.065,451.0,4537.5
0.065,3500.0,92576.0
0.065,3031.75,152157.75
0.065,914.0,14571.0
0.065,90.0,104.0
0.065,1502.6666666666667,90667.0
0.065,116.0,181.0
0.065,150.0,2825.0
0.065,332.0,7591.0
0.065,3500.0,115156.0
0.065,3500.0,175385.0
0.065,1866.0,88824.0
0.065,3500.0,79183.0
0.065,715.0,44046.0
0.065,82.0,98.0
0.065,1169.0,80862.0
0.065,3500.0,72065.0
0.065,2077.0,42766.5
0.065,3500.0,179630.0
0.065,3500.0,145944.0
0.065,1532.0,115437.0
0.065,216.0,1182.0
0.065,549.3333333333334,12880.333333333334
0.065,1795.5,51087.5
0.065,104.0,208.0
0.065,62.0,452.0
0.065,1132.0,98421.0
0.065,107.0,108.0
0.065,193.5,2809.5
0.065,374.0,29471.0
0.065,348.0,8585.5
0.065,1379.0,66737.0
0.065,106.0,110.0
0.065,1802.0,78265.0
0.065,62.0,724.0
0.065,2175.0,89997.0
0.065,304.0,10165.0
0.065,810.0,43929.0
0.065,1239.0,87765.5
0.065,300.0,11420.0
0.065,125.0,205.0
0.065,92.0,104.0
0.065,129.0,1689.0
0.065,1837.0,83600.5
0.065,2042.25,84448.75
0.065,1838.3333333333333,112108.0
0.065,3500.0,69504.0
0.065,518.0,7136.0
0.065,377.0,3161.0
0.065,603.6666666666666,17784.0
0.065,2010.0,60554.0
0.065,1805.0,91825.5
0.065,1763.3333333333333,71214.0
0.065,479.0,23088.333333333332
0.066,642.3333333333334,20533.0
0.066,1833.0,143205.0
0.066,3500.0,145514.0
0.066,1388.5,79307.0
0.066,1834.0,65771.0
0.066,465.6666666666667,9844.0
0.066,134.0,192.0
0.066,771.0,18779.0
0.066,72.0,76.0
0.066,963.0,34987.0
0.066,3500.0,227163.0
0.066,171.0,369.0
0.066,562.0,21795.5
0.066,124.0,190.0
0.066,1798.5,94684.0
0.066,1802.0,37181.0
0.066,219.0,327.0
0.066,174.5,380.5
0.066,1222.3333333333333,45004.333333333336
0.066,3500.0,99486.0
0.066,278.0,566.0
0.066,2382.3333333333335,148280.33333333334
0.066,3500.0,122717.0
0.066,751.5,40437.5
0.066,481.0,2315.0
0.066,1898.3333333333333,106189.66666666667
0.066,3500.0,112287.0
0.066,939.0,32246.0
0.066,2269.0,95724.75
0.066,201.0,1668.0
0.066,1797.0,75396.5
0.066,1816.5,31999.0
0.066,58.0,70.0
0.066,215.0,7211.0
0.066,96.0,97.0
0.066,1656.0,110815.0
0.066,384.5,23798.0
0.066,147.5,235.5
0.066,68.5,319.0
0.066,1817.5,65236.5
0.066,1575.0,105034.66666666667
0.066,294.0,7511.0
0.066,390.5,9725.0
0.066,65.0,706.0
0.066,1002.0,31159.0
0.066,1797.5,108024.5
0.066,104.0,166.0
0.066,2254.0,97303.5
0.066,559.0,39642.0
0.066,1073.0,34820.0
0.066,194.0,5859.0
0.066,156.5,1512.5
0.066,1850.5,48769.0
0.066,1003.0,100462.0
0.066,421.0,13259.5
0.066,1247.6666666666667,50406.666666666664
0.066,2091.0,54588.0
0.066,156.0,647.0
0.066,216.0,3571.0
0.066,1805.5,108059.5
0.066,1251.6666666666667,67142.0
0.066,867.0,12311.0
0.066,113.0,227.0
0.066,274.6666666666667,4618.666666666667
0.066,2368.6666666666665,68200.33333333333
0.066,351.5,11867.0
0.066,253.0,7934.0
0.066,1004.0,52716.0
0.066,87.0,96.0
0.066,2774.0,93428.0
0.066,289.0,8273.0
0.066,1558.0,91692.66666666667
0.067,1025.0,74490.0
0.067,98.0,101.0
0.067,621.0,12384.0
0.067,702.5,27942.0
0.067,99.0,104.0
0.067,1163.0,32642.0
0.067,527.5,21966.5
0.067,162.0,293.0
0.067,186.0,395.0
0.067,3500.0,70199.0
0.067,86.5,96.5
0.067,3500.0,74449.0
0.067,488.0,14484.0
0.067,949.0,30147.0
0.067,650.0,25587.0
0.067,152.0,223.0
0.067,573.0,26460.0
0.067,173.0,437.0
0.067,205.0,284.0
0.067,3500.0,119286.0
0.067,321.5,15008.5
0.067,1217.0,78549.66666666667
0.067,668.6666666666666,30890.0
0.067,1805.0,60358.0
0.067,85.0,86.0
0.067,146.0,855.0
0.067,1780.75,55069.25
0.067,99.0,105.0
0.067,150.0,252.0
0.067,1534.0,17447.0
0.067,2607.0,101257.5
0.067,653.0,23795.0
0.067,120.0,3004.0
0.067,142.0,213.0
0.067,1390.2,40542.4
0.067,518.3333333333334,22912.666666666668
0.067,133.0,4344.0
0.067,1848.0,50575.0
0.067,1912.0,145317.0
0.067,64.0,99.0
0.067,736.6666666666666,19095.0
0.067,58.0,75.0
0.067,2052.5,112989.0
0.067,104.0,106.0
0.067,1108.5,59859.5
0.067,85.0,87.0
0.067,1255.3333333333333,77035.66666666667
0.067,597.0,51165.0
0.067,730.0,40143.0
0.067,649.0,36747.666666666664
0.067,692.0,40221.0
0.067,3500.0,183475.0
0.067,2409.5,96263.0
0.067,89.0,100.0
0.067,1314.0,79910.0
0.067,823.5,63800.5
0.067,3500.0,193795.0
0.067,1795.5,69377.0
0.067,1041.0,85789.0
0.067,129.5,758.0
0.067,1828.5,37327.0
0.067,3500.0,229278.0
0.067,275.0,9158.0
0.067,2158.5,117053.25
0.067,63.0,102.0
0.067,452.0,9402.0
0.067,1247.5,48406.5
0.067,1341.0,22607.333333333332
0.068,1572.0,43735.333333333336
0.068,578.0,33452.0
0.068,3500.0,117804.0
0.068,632.0,11890.5
0.068,3500.0,204224.0
0.068,1664.0,75166.33333333333
0.068,216.0,2028.0
0.068,590.0,11966.0
0.068,1099.5,78953.0
0.068,783.0,13277.0
0.068,100.0,1530.0
0.068,3500.0,98817.0
0.068,161.66666666666666,451.3333333333333
0.068,552.6666666666666,31869.666666666668
0.068,1022.5,35357.5
0.068,1796.5,73769.0
0.068,166.0,538.0
0.068,655.6666666666666,27086.666666666668
0.068,694.0,28442.0
0.068,1147.0,67567.0
0.068,1063.0,39250.0
0.068,1264.0,52740.0
0.068,113.0,227.0
0.068,3500.0,113755.0
0.068,1400.6666666666667,31937.0
0.068,1052.0,48012.0
0.068,76.0,91.0
0.068,90.0,103.0
0.068,90.0,146.0
0.068,88.0,89.0
0.068,1960.5,146804.0
0.068,94.0,95.0
0.068,1926.0,85567.0
0.068,3500.0,139069.5
0.068,87.0,93.0
0.068,3500.0,182332.0
0.068,516.0,36374.0
0.068,582.3333333333334,26178.666666666668
0.068,337.0,12908.0
0.068,3500.0,95227.0
0.068,1212.0,82493.0
0.068,988.0,40006.5
0.068,3500.0,129759.0
0.068,613.0,26965.333333333332
0.068,2725.0,81784.0
0.068,1801.0,85765.0
0.068,1700.0,53947.0
0.068,552.0,22313.666666666668
0.068,668.0,21103.0
0.068,87.0,105.0
0.068,592.0,21057.0
0.068,896.0,37639.5
0.068,437.3333333333333,15166.333333333334
0.068,620.0,25352.0
0.068,395.6666666666667,14192.666666666666
0.068,1343.0,62338.5
0.068,1326.0,45067.0
0.068,2141.4,86899.6
0.068,2179.6,105523.0
0.068,1928.0,92055.5
0.068,1850.0,55409.5
0.068,292.6666666666667,15194.333333333334
0.068,638.3333333333334,46194.0
0.068,93.0,185.0
0.068,162.5,716.0
0.068,216.0,486.0
0.068,302.5,14155.0
0.068,3500.0,164825.0
0.068,422.0,17026.5
0.068,1536.0,55278.0
0.069,64.0,663.0
0.069,82.0,130.0
0.069,1008.0,30987.0
0.069,998.5,44312.5
0.069,312.5,9941.0
0.069,3500.0,69818.0
0.069,355.0,16530.0
0.069,565.5,20200.5
0.069,798.0,18563.0
0.069,99.0,277.0
0.069,2610.0,101557.0
0.069,938.0,37847.5
0.069,216.0,1392.0
0.069,524.0,13713.0
0.069,831.0,53377.666666666664
0.069,138.0,359.0
0.069,2206.0,119521.0
0.069,182.0,883.0
0.069,3500.0,123386.0
0.069,87.0,139.0
0.069,706.0,24816.0
0.069,170.0,285.0
0.069,697.5,12157.5
0.069,2496.6666666666665,111092.66666666667
0.069,2249.5,106470.5
0.069,3500.0,121054.0
0.069,528.0,34035.0
0.069,485.0,16821.0
0.069,1383.0,55933.0
0.069,642.5,34749.0
0.069,316.0,12006.0
0.069,850.3333333333334,59094.0
0.069,129.5,234.5
0.069,601.0,3423.0
0.069,905.5,18407.5
0.069,730.0,39579.0
0.069,3500.0,99800.0
0.069,1281.3333333333333,39071.333333333336
0.069,380.0,20470.5
0.069,1512.3333333333333,67922.0
0.069,3500.0,108897.0
0.069,3500.0,76990.0
0.069,3500.0,161695.0
0.069,528.0,8778.0
0.069,1849.3333333333333,52947.333333333336
0.069,556.0,28509.0
0.069,1852.0,46755.0
0.069,755.0,20346.0
0.069,570.5,13089.5
0.069,168.0,1458.0
0.069,201.0,392.0
0.069,3500.0,168439.0
0.069,1213.0,38534.0
0.069,3500.0,149769.0
0.069,482.0,27421.0
0.069,452.0,32377.0
0.069,3500.0,120093.5
0.069,3500.0,56720.0
0.069,3500.0,171701.0
0.069,189.75,4561.75
0.069,631.0,33986.0
0.069,1500.3333333333333,48086.333333333336
0.069,856.0,47362.5
0.069,86.0,94.0
0.069,950.0,49988.5
0.069,994.0,22555.0
0.069,1125.0,53420.0
0.069,94.0,101.0
0.07,2499.6666666666665,150606.66666666666
0.07,1306.5,78891.5
0.07,529.0,6444.0
0.07,87.0,98.0
0.07,569.0,20344.0
0.07,1782.0,140176.0
0.07,64.0,634.0
0.07,634.0,15299.0
0.07,3500.0,98650.0
0.07,735.0,12851.5
0.07,413.0,8817.0
0.07,607.0,8962.0
0.07,71.0,663.0
0.07,757.0,38552.0
0.07,982.5,38328.0
0.07,84.0,196.0
0.07,110.0,125.5
0.07,432.5,4810.5
0.07,200.0,230.0
0.07,1972.0,84600.0
0.07,1070.5,26816.0
0.07,3500.0,57168.0
0.07,1795.0,46830.5
0.07,1842.6666666666667,63526.333333333336
0.07,211.66666666666666,7648.0
0.07,2446.3333333333335,92885.0
0.07,1021.0,28719.0
0.07,437.5,7745.5
0.07,2073.5,77014.75
0.07,69.0,70.0
0.07,1562.6666666666667,41880.0
0.07,383.0,10487.0
0.07,781.0,42702.333333333336
0.07,3500.0,105570.0
0.07,81.0,132.0
0.07,1875.0,138110.0
0.07,546.6666666666666,23004.0
0.07,3500.0,78442.0
0.07,496.0,29676.0
0.07,91.0,98.0
0.07,3500.0,92182.0
0.07,2255.0,132276.0
0.07,867.0,18843.0
0.07,814.5,64005.0
0.07,30.0,43.0
0.07,97.0,2045.0
0.07,1425.0,38101.333333333336
0.07,1798.5,110860.0
0.07,297.0,5087.0
0.07,64.0,560.0
0.07,94.0,95.0
0.07,1132.0,28658.5
0.07,61.0,1067.0
0.07,454.0,27165.0
0.07,3500.0,64711.0
0.07,60.0,486.0
0.07,62.0,397.0
0.07,521.5,17649.0
0.07,3500.0,143925.0
0.07,1022.0,31409.0
0.07,959.0,53202.5
0.07,1238.0,35967.0
0.07,661.0,40848.0
0.07,81.0,104.0
0.07,1332.0,79905.0
0.07,918.0,25382.0
0.07,2252.0,139667.5
0.07,3500.0,152713.0
0.07,48.0,62.0
0.07,216.0,599.0
0.07,2014.5,89144.0
0.07,1323.0,55864.0
0.071,1275.0,89214.0
0.071,79.0,123.0
0.071,3500.0,206085.0
0.071,1661.0,76623.33333333333
0.071,741.0,29035.0
0.071,3500.0,125595.5
0.071,3500.0,62489.0
0.071,134.0,140.0
0.071,280.5,5288.5
0.071,2602.5,60102.5
0.071,2136.0,60244.5
0.071,64.0,503.0
0.071,536.4,11614.2
0.071,1095.75,57428.75
0.071,67.0,74.0
0.071,284.0,8636.0
0.071,371.0,18425.0
0.071,197.5,649.0
0.071,774.0,39037.0
0.071,2484.3333333333335,68179.33333333333
0.071,480.0,19767.0
0.071,1194.0,31596.0
0.071,205.0,1643.0
0.071,165.0,207.0
0.071,3500.0,153485.0
0.071,384.0,11425.0
0.071,416.0,5567.5
0.071,1797.0,55355.5
0.071,1802.5,45339.0
0.071,2530.0,130816.0
0.071,3500.0,106245.0
0.071,122.0,151.5
0.071,1544.0,56798.0
0.071,376.25,10149.5
0.071,441.0,11232.0
0.071,3500.0,96137.0
0.071,1015.0,55416.5
0.071,642.0,22836.0
0.071,1802.0,43921.0
0.071,3500.0,106213.0
0.071,178.0,7067.0
0.071,2797.5,116245.5
0.071,445.0,12700.0
0.071,91.0,102.0
0.071,1437.0,40601.0
0.071,1784.0,50742.0
0.071,1445.0,56691.25
0.071,2670.0,109885.0
0.071,1388.0,54288.0
0.071,436.0,16398.0
0.071,1791.5,77193.5
0.071,601.0,9790.0
0.071,590.0,32340.5
0.071,1400.0,62315.666666666664
0.071,888.0,34885.0
0.071,138.5,477.0
0.071,601.6666666666666,19508.0
0.071,78.0,91.0
0.071,1223.25,54146.25
0.071,1234.0,56806.0
0.071,603.5,27430.0
0.071,151.5,334.0
0.071,3500.0,72717.0
0.071,1763.5,109409.0
0.071,784.0,38418.5
0.071,1054.0,38231.0
0.071,637.5,36325.0
0.071,133.0,207.0
0.072,932.0,44782.5
0.072,520.0,24565.0
0.072,1010.0,38121.5
0.072,588.0,33627.0
0.072,143.0,152.0
0.072,135.0,158.0
0.072,1858.0,75064.5
0.072,298.0,5673.0
0.072,1744.0,140525.0
0.072,3500.0,140265.0
0.072,216.0,695.0
0.072,811.0,32284.0
0.072,1241.0,109427.0
0.072,910.0,62262.0
0.072,145.0,148.0
0.072,1917.0,53599.5
0.072,3500.0,88075.0
0.072,2235.5,109201.0
0.072,99.0,117.0
0.072,793.6666666666666,24849.0
0.072,2444.5,55256.5
0.072,3500.0,197881.0
0.072,270.0,7423.0
0.072,2275.0,77366.75
0.072,1229.75,65553.25
0.072,101.0,114.0
0.072,1039.0,20096.0
0.072,346.5,23694.0
0.072,1979.5,143909.0
0.072,192.0,1474.0
0.072,2198.5,87437.0
0.072,1541.3333333333333,42765.0
0.072,216.0,1202.0
0.072,81.0,104.0
0.072,91.0,121.5
0.072,456.6666666666667,11855.333333333334
0.072,96.0,103.0
0.072,1435.5,83324.5
0.072,1340.3333333333333,73539.66666666667
0.072,462.0,17109.0
0.072,2591.6666666666665,104339.0
0.072,1035.0,45079.0
0.072,464.5,14571.0
0.072,3500.0,118419.0
0.072,176.5,2561.0
0.072,3500.0,262202.0
0.072,303.3333333333333,10038.0
0.072,258.3333333333333,13232.333333333334
0.072,1065.0,59959.0
0.072,87.0,97.0
0.072,516.0,29872.666666666668
0.072,495.6666666666667,39358.333333333336
0.072,1017.0,54759.0
0.072,2362.0,68566.66666666667
0.072,3500.0,168165.0
0.072,2362.0,73510.0
0.072,2649.3333333333335,109407.66666666667
0.072,2180.25,80288.75
0.072,62.0,110.0
0.072,205.0,3963.3333333333335
0.072,2064.0,83673.5
0.072,1407.6666666666667,83838.33333333333
0.072,3500.0,230601.0
0.072,940.75,15783.5
0.072,358.5,13097.0
0.072,2353.6666666666665,84197.33333333333
0.072,2734.0,100127.33333333333
0.072,181.0,2024.5
0.072,541.0,12408.0
0.072,838.0,55812.0
0.072,1102.5,76268.0
0.073,1793.0,41723.0
0.073,3500.0,95109.0
0.073,2109.5,87900.5
0.073,1813.5,74260.5
0.073,67.0,812.0
0.073,3500.0,180458.0
0.073,1825.0,50333.5
0.073,1136.0,58844.0
0.073,3500.0,131581.0
0.073,3500.0,92662.0
0.073,178.0,1044.0
0.073,631.0,35224.0
0.073,1845.0,63139.5
0.073,3500.0,89924.0
0.073,93.5,97.0
0.073,3500.0,242095.0
0.073,429.0,13288.0
0.073,1972.5,80369.0
0.073,1879.0,141810.0
0.073,1970.5,43705.5
0.073,533.0,4784.0
0.073,1825.5,100520.0
0.073,61.0,419.0
0.073,798.0,52965.0
0.073,117.0,145.5
0.073,559.0,8621.0
0.073,1832.0,124031.0
0.073,677.0,5841.0
0.073,1768.5,54369.0
0.073,78.0,95.0
0.073,2274.5,110890.5
0.073,1853.5,107091.0
0.073,408.0,13265.333333333334
0.073,1915.6666666666667,93080.33333333333
0.073,131.0,6582.0
0.073,1955.0,177577.0
0.073,216.0,4713.0
0.073,2006.0,129727.0
0.073,1062.0,82467.0
0.073,498.0,7383.0
0.073,327.0,17090.0
0.073,2779.0,137512.5
0.073,99.0,106.0
0.073,910.0,47043.0
0.073,1214.3333333333333,50897.333333333336
0.073,2271.0,95469.0
0.073,2188.5,107230.5
0.073,1526.6666666666667,54931.333333333336
0.073,972.0,23390.0
0.073,1094.0,26362.0
0.073,423.75,15884.25
0.073,1039.0,40842.0
0.073,2577.0,158258.0
0.073,1201.3333333333333,70504.33333333333
0.073,263.0,5339.0
0.073,855.0,29067.0
0.073,1066.5,59672.5
0.073,268.0,784.0
0.073,1840.0,73211.5
0.073,1117.25,42822.25
0.073,3500.0,81497.5
0.073,3500.0,185613.0
0.073,165.0,2586.0
0.073,714.0,28912.5
0.073,828.5,71746.0
0.073,1082.0,81159.0
0.073,216.0,1390.0
0.073,3500.0,100954.0
0.073,515.0,13247.0
0.074,140.0,484.0
0.074,130.0,226.0
0.074,634.0,13962.0
0.074,196.0,1204.0
0.074,230.0,4187.0
0.074,839.0,29263.0
0.074,1147.0,58477.0
0.074,2353.3333333333335,89596.66666666667
0.074,531.5,19678.0
0.074,678.0,22811.0
0.074,3500.0,82248.0
0.074,2592.3333333333335,138178.66666666666
0.074,626.0,12093.0
0.074,2716.3333333333335,110962.33333333333
0.074,733.0,44783.0
0.074,3500.0,152389.0
0.074,202.0,4159.0
0.074,1536.6666666666667,53571.666666666664
0.074,167.0,404.5
0.074,3500.0,85272.0
0.074,1825.0,93892.5
0.074,201.0,2496.0
0.074,1608.0,56591.0
0.074,827.5,29091.5
0.074,884.0,12458.5
0.074,622.0,39084.0
0.074,691.0,15536.5
0.074,360.0,23894.0
0.074,583.5,39953.5
0.074,124.0,1773.0
0.074,79.0,92.0
0.074,244.5,13858.0
0.074,146.0,1064.5
0.074,79.0,185.0
0.074,3500.0,215033.0
0.074,1018.0,68306.0
0.074,265.0,6729.0
0.074,3500.0,147675.0
0.074,210.0,9699.0
0.074,2915.75,103626.0
0.074,1828.0,69328.5
0.074,352.0,20701.5
0.074,2471.3333333333335,114299.66666666667
0.074,1905.0,73092.0
0.074,1809.0,57427.0
0.074,910.0,19069.0
0.074,1133.0,44604.5
0.074,140.0,236.0
0.074,794.0,19506.0
0.074,1788.5,108462.0
0.074,3500.0,154017.0
0.074,408.0,12076.0
0.074,2337.5,54084.5
0.074,2312.5,115149.5
0.074,1542.5,57424.0
0.074,3500.0,105460.0
0.074,3500.0,126512.0
0.074,1303.0,64906.0
0.074,369.0,9127.5
0.074,2095.0,202997.0
0.074,575.5,22010.0
0.074,1274.0,58763.0
0.074,450.5,8548.5
0.074,678.0,51992.0
0.074,2138.0,107075.0
0.074,1457.0,79485.33333333333
0.074,552.0,23248.0
0.074,3500.0,88291.0
0.074,660.0,23460.0
0.074,1812.5,80435.0
0.074,496.3333333333333,23588.333333333332
0.074,81.0,118.0
0.075,108.5,328.5
0.075,908.6666666666666,34953.666666666664
0.075,3500.0,169825.0
0.075,2299.25,141082.5
0.075,1339.0,78187.0
0.075,3500.0,85217.0
0.075,1905.0,68951.0
0.075,3500.0,238125.0
0.075,1091.0,63953.0
0.075,91.5,175.0
0.075,1960.0,73704.0
0.075,784.0,47007.0
0.075,676.0,29924.0
0.075,150.5,5393.5
0.075,3500.0,124101.0
0.075,69.5,2233.5
0.075,3500.0,194216.0
0.075,94.0,110.0
0.075,2267.5,85180.5
0.075,1097.5,65807.0
0.075,1803.5,92430.5
0.075,188.0,762.0
0.075,169.0,1211.0
0.075,105.0,210.0
0.075,2217.5,72279.25
0.075,257.0,9176.333333333334
0.075,1072.0,71932.5
0.075,88.0,93.0
0.075,3500.0,234720.0
0.075,519.5,18650.0
0.075,1057.0,24566.0
0.075,129.0,480.0
0.075,1789.5,76713.5
0.075,1979.0,57211.0
0.075,3500.0,150156.0
0.075,719.0,51620.0
0.075,128.0,214.0
0.075,67.0,577.0
0.075,140.0,2872.0
0.075,1612.0,99387.5
0.075,475.0,14070.5
0.075,398.0,17854.5
0.075,2425.0,77962.33333333333
0.075,1586.3333333333333,108672.66666666667
0.075,90.0,144.0
0.075,131.0,188.0
0.075,1228.75,68536.25
0.075,2126.5,50885.0
0.075,426.5,8246.5
0.075,712.5,12227.5
0.075,2248.75,106811.0
0.075,956.75,11755.75
0.075,1798.0,87033.5
0.075,1065.0,62073.0
0.075,3500.0,114816.0
0.075,334.0,7848.0
0.075,93.0,95.0
0.075,1854.5,54394.0
0.075,160.0,313.0
0.075,1108.6,37171.2
0.075,1541.0,55096.0
0.075,1630.3333333333333,52091.0
0.075,1272.6666666666667,45226.666666666664
0.075,97.0,106.0
0.075,3500.0,57377.0
0.075,3500.0,133394.0
0.075,1518.0,24441.0
0.075,3500.0,125306.0
0.075,1447.0,69573.0
0.075,985.0,8961.0
0.075,64.0,95.0
0.076,712.0,22848.0
0.076,3500.0,192034.0
0.076,1122.6666666666667,66155.33333333333
0.076,1033.0,23055.0
0.076,3500.0,119692.0
0.076,3500.0,196482.0
0.076,2526.6666666666665,114058.33333333333
0.076,522.0,36580.2
0.076,144.0,215.0
0.076,1882.5,33607.0
0.076,1358.3333333333333,71925.0
0.076,96.0,110.0
0.076,2281.25,69460.25
0.076,3500.0,165657.0
0.076,1996.0,71383.0
0.076,370.0,17290.0
0.076,1033.5,45614.75
0.076,128.5,139.5
0.076,3500.0,264910.0
0.076,815.5,46946.5
0.076,422.6666666666667,11416.666666666666
0.076,2184.2,73569.2
0.076,530.3333333333334,14601.0
0.076,1806.0,22904.0
0.076,1366.0,78496.0
0.076,135.0,152.0
0.076,216.0,3718.0
0.076,132.0,141.0
0.076,1144.0,52520.0
0.076,128.0,2416.0
0.076,780.0,66142.0
0.076,202.0,3256.0
0.076,1858.0,72335.0
0.076,3500.0,42721.0
0.076,104.0,105.0
0.076,387.0,3641.0
0.076,1079.0,92921.0
0.076,317.0,21134.0
0.076,1137.0,91607.0
0.076,200.0,1048.0
0.076,75.0,81.0
0.076,83.0,91.0
0.076,48.0,50.0
0.076,596.5,14602.5
0.076,1555.0,30621.0
0.076,2350.0,100478.33333333333
0.076,575.0,38832.0
0.076,624.0,24649.5
0.076,78.5,419.5
0.076,325.0,5208.0
0.076,3500.0,66653.0
0.076,1796.5,83666.5
0.076,1219.0,39307.0
0.076,866.3333333333334,30335.0
0.076,151.0,718.0
0.076,1668.0,65632.66666666667
0.076,2091.5,81729.0
0.076,425.0,20717.0
0.076,623.0,23367.0
0.076,1928.25,94815.5
0.076,696.5,19768.5
0.076,1787.5,87450.0
0.076,131.5,221.0
0.076,665.0,31940.0
0.076,620.0,21541.0
0.077,144.0,4873.0
0.077,3500.0,84812.0
0.077,62.0,501.0
0.077,165.0,233.0
0.077,76.0,143.0
0.077,574.0,44946.0
0.077,1649.0,109725.0
0.077,2401.6666666666665,71919.33333333333
0.077,216.0,318.0
0.077,1482.2,72479.8
0.077,3500.0,164788.5
0.077,636.5,24755.0
0.077,77.0,80.0
0.077,247.33333333333334,9689.0
0.077,3500.0,121101.0
0.077,1763.0,85717.5
0.077,132.0,338.0
0.077,70.0,141.0
0.077,1805.5,57646.0
0.077,1550.0,99356.66666666667
0.077,1561.0,79122.33333333333
0.077,698.0,24230.5
0.077,3500.0,83758.0
0.077,2062.0,170021.0
0.077,2502.0,97017.5
0.077,1601.3333333333333,91174.33333333333
0.077,3500.0,60468.0
0.077,61.0,557.0
0.077,1611.0,59107.0
0.077,1800.3333333333333,47255.666666666664
0.077,180.33333333333334,3423.0
0.077,572.5,24307.0
0.077,216.0,344.0
0.077,1936.5,109673.5
0.077,168.5,523.5
0.077,99.0,148.0
0.077,1372.0,54135.666666666664
0.077,1783.0,48497.0
0.077,393.0,9282.0
0.077,2242.25,97673.25
0.077,3500.0,171381.0
0.077,111.0,174.0
0.077,74.0,1020.0
0.077,3500.0,114252.0
0.077,1505.5,87010.0
0.077,1471.0,52328.0
0.077,462.0,11214.0
0.077,112.0,184.0
0.077,51.0,53.0
0.077,272.0,620.0
0.077,1461.6666666666667,43502.0
0.077,114.0,271.3333333333333
0.077,1719.0,46563.0
0.077,101.0,110.0
0.077,1794.5,95135.0
0.077,1792.0,102099.0
0.077,3500.0,91400.0
0.077,98.0,101.0
0.077,68.0,81.0
0.077,1437.0,67175.0
0.077,2074.0,89688.0
0.077,362.5,26141.5
0.077,2189.5,120912.5
0.077,572.0,33186.0
0.077,3500.0,96345.0
0.077,3500.0,126666.0
0.077,703.6666666666666,44490.333333333336
0.078,543.0,38683.0
0.078,73.5,79.5
0.078,1507.0,27780.0
0.078,106.0,132.0
0.078,2051.5,95739.5
0.078,3500.0,98919.0
0.078,101.0,159.0
0.078,131.0,282.0
0.078,57.0,59.0
0.078,3500.0,126728.0
0.078,3500.0,149430.0
0.078,2554.0,112471.0
0.078,3500.0,170662.0
0.078,1789.5,71388.5
0.078,1208.0,31921.0
0.078,1896.0,130094.0
0.078,113.0,245.5
0.078,70.0,93.0
0.078,1125.0,35893.0
0.078,446.0,20032.75
0.078,638.0,10481.0
0.078,715.0,21748.333333333332
0.078,928.0,33724.5
0.078,71.0,86.0
0.078,3500.0,191636.0
0.078,597.0,25000.0
0.078,621.0,10259.5
0.078,498.0,13091.0
0.078,1305.0,61444.0
0.078,3500.0,125399.0
0.078,1695.25,59382.75
0.078,3500.0,124201.0
0.078,78.0,137.0
0.078,3500.0,163392.0
0.078,174.0,326.0
0.078,1078.0,33775.5
0.078,519.0,1780.0
0.078,3500.0,92221.0
0.078,237.33333333333334,9583.666666666666
0.078,81.0,97.0
0.078,2262.5,72271.5
0.078,216.0,2294.0
0.078,3500.0,196693.0
0.078,183.0,206.0
0.078,1828.5,104453.0
0.078,762.0,31742.0
0.078,95.0,153.0
0.078,463.0,14537.0
0.078,1662.6666666666667,55583.333333333336
0.078,780.0,20369.0
0.078,707.0,32549.0
0.078,1085.5,58853.0
0.078,2356.0,129753.66666666667
0.078,1048.0,26416.0
0.078,826.0,44024.0
0.078,1021.0,60526.0
0.078,1838.5,81114.0
0.078,221.5,7443.0
0.078,3500.0,157239.0
0.078,3500.0,256309.0
0.078,1653.0,69197.0
0.078,1144.8,24949.4
0.078,215.0,392.0
0.078,964.0,55724.0
0.078,3500.0,156366.0
0.078,1980.75,92307.0
0.078,3500.0,221280.0
0.078,165.0,392.0
0.078,737.0,39851.0
0.078,1741.0,78118.0
0.079,3500.0,110195.0
0.079,1253.3333333333333,31543.333333333332
0.079,442.3333333333333,26068.0
0.079,1852.0,61809.5
0.079,1410.0,98874.66666666667
0.079,1292.25,71021.25
0.079,1762.0,55894.5
0.079,146.0,156.0
0.079,1227.6666666666667,39724.0
0.079,3500.0,83070.0
0.079,3500.0,121186.0
0.079,989.0,49552.5
0.079,1572.0,42244.5
0.079,739.0,40490.0
0.079,1627.0,139946.0
0.079,1004.5,18576.25
0.079,231.0,5057.0
0.079,708.0,26013.0
0.079,1266.0,63873.0
0.079,677.5,43091.0
0.079,1918.0,80183.0
0.079,541.0,32463.5
0.079,234.66666666666666,6147.333333333333
0.079,471.3333333333333,37780.333333333336
0.079,79.5,115.0
0.079,1325.0,47683.666666666664
0.079,2539.0,128740.66666666667
0.079,214.0,7366.0
0.079,142.0,228.0
0.079,933.0,33649.5
0.079,3500.0,105710.0
0.079,138.0,2868.6666666666665
0.079,2788.0,108275.0
0.079,160.0,291.0
0.079,1328.5,35054.5
0.079,150.5,331.5
0.079,2089.0,103877.0
0.079,185.5,846.0
0.079,1966.0,100800.0
0.079,3500.0,101496.0
0.079,3500.0,57400.0
0.079,1906.0,32827.0
0.079,438.0,13715.0
0.079,1807.0,69843.0
0.079,1243.0,41169.666666666664
0.079,3500.0,78439.0
0.079,1872.0,40997.0
0.079,398.0,11716.0
0.079,1798.0,45550.5
0.079,836.5,44679.5
0.079,2059.5,104212.5
0.079,755.5,40687.0
0.079,1115.0,65871.0
0.079,3500.0,43568.0
0.079,688.0,28058.0
0.079,3500.0,133357.0
0.079,3500.0,83128.0
0.079,110.0,222.0
0.079,2898.3333333333335,137974.66666666666
0.079,3500.0,122812.0
0.079,92.0,94.0
0.079,1782.0,77924.0
0.079,872.5,26693.0
0.079,1884.0,64772.0
0.079,318.25,7254.5
0.079,91.0,93.0
0.079,3500.0,175324.0
0.079,783.0,72417.0
0.079,1044.6666666666667,49451.333333333336
0.079,1054.0,62922.0
0.079,1069.0,52418.0
0.079,1058.0,37623.5
0.079,1800.5,39716.5
0.079,3500.0,172611.0
0.079,108.0,203.0
0.079,2727.6666666666665,74766.0
0.079,1823.6666666666667,58228.666666666664
0.08,1851.5,127061.5
0.08,1661.6666666666667,66389.0
0.08,158.0,267.0
0.08,85.0,88.0
0.08,2339.6666666666665,115333.33333333333
0.08,802.0,28358.0
0.08,123.0,163.0
0.08,740.1666666666666,32866.0
0.08,1974.0,52698.0
0.08,1076.0,93794.0
0.08,475.0,18112.0
0.08,123.0,141.0
0.08,625.0,37849.0
0.08,157.0,291.0
0.08,138.0,339.0
0.08,340.0,979.0
0.08,95.0,152.0
0.08,3500.0,134664.0
0.08,77.0,345.5
0.08,3500.0,151161.0
0.08,94.0,111.0
0.08,216.0,3356.0
0.08,575.0,17677.0
0.08,3500.0,53587.0
0.08,2145.0,134220.0
0.08,393.0,40482.0
0.08,1647.0,37484.0
0.08,1790.0,56691.5
0.08,456.5,20549.0
0.08,3500.0,166341.5
0.08,284.0,17141.5
0.08,1254.3333333333333,36621.0
0.08,126.5,361.5
0.08,1004.0,32876.0
0.08,1982.0,134328.0
0.08,1219.25,69175.5
0.08,97.0,111.0
0.08,1259.0,32105.0
0.08,99.5,100.5
0.08,903.0,62555.0
0.08,1788.5,92225.5
0.08,262.5,8099.5
0.08,73.0,796.0
0.08,62.0,74.0
0.08,1288.6666666666667,49663.333333333336
0.08,1238.0,43906.0
0.08,3500.0,119872.0
0.08,219.66666666666666,11071.666666666666
0.08,142.0,152.0
0.08,1644.0,113603.0
0.08,921.0,46970.0
0.08,3500.0,128859.0
0.08,3500.0,75322.0
0.08,2128.0,114251.5
0.08,3500.0,106431.0
0.08,426.3333333333333,14016.333333333334
0.08,216.0,9073.0
0.08,130.0,921.0
0.08,1402.75,50793.0
0.08,88.0,100.0
0.081,843.0,28715.0
0.081,167.0,211.0
0.081,1232.3333333333333,56669.666666666664
0.081,967.0,44266.5
0.081,1476.5,61689.0
0.081,64.0,513.0
0.081,3500.0,147810.0
0.081,61.0,568.0
0.081,1323.0,72941.5
0.081,2298.5,96874.5
0.081,1249.0,76254.0
0.081,526.0,15720.0
0.081,282.0,10289.0
0.081,61.0,74.0
0.081,2212.0,82561.5
0.081,3500.0,71008.0
0.081,891.0,36061.0
0.081,68.0,82.0
0.081,467.0,10606.0
0.081,1090.5,32235.25
0.081,477.3333333333333,17444.0
0.081,330.6,14250.8
0.081,549.0,7211.5
0.081,3500.0,190749.0
0.081,69.0,83.0
0.081,1546.5,106197.0
0.081,854.5,46671.0
0.081,775.6666666666666,47056.0
0.081,440.0,21801.5
0.081,691.5,49490.5
0.081,569.0,36735.0
0.081,91.0,111.0
0.081,683.5,25054.5
0.081,2113.0,115887.0
0.081,3500.0,123487.0
0.081,1384.75,47378.5
0.081,3500.0,72719.0
0.081,496.3333333333333,31029.333333333332
0.081,1797.5,62118.5
0.081,105.5,128.5
0.081,627.0,35080.0
0.081,1794.5,48373.0
0.081,2487.6,126540.4
0.081,2132.0,68135.5
0.081,3500.0,158276.0
0.081,314.0,8981.5
0.081,1250.0,39668.0
0.081,1150.0,36110.0
0.081,3500.0,207458.0
0.081,153.0,426.0
0.081,1250.6666666666667,29034.666666666668
0.081,171.0,208.0
0.081,3500.0,112560.0
0.081,1019.0,82454.0
0.081,800.0,54116.0
0.081,130.5,182.0
0.081,2365.0,89690.0
0.081,547.0,17541.5
0.081,209.0,1273.0
0.081,93.0,94.0
0.081,415.5,29612.0
0.081,2382.6666666666665,108503.33333333333
0.081,73.0,81.0
0.081,87.0,88.0
0.081,1800.5,134563.0
0.081,3500.0,109613.0
0.081,127.0,142.0
0.081,315.0,17161.0
0.081,285.6666666666667,4818.666666666667
0.081,598.0,15423.0
0.081,216.0,621.0
0.081,636.0,37298.5
0.081,3500.0,154259.0
0.081,1527.5,64726.0
0.081,957.0,41914.0
0.081,224.5,5532.5
0.081,680.5,22339.0
0.081,1646.0,55061.0
0.081,1401.3333333333333,78669.0
0.081,1790.0,56957.0
0.082,65.0,611.0
0.082,142.0,2193.0
0.082,865.0,45361.5
0.082,585.0,50452.5
0.082,103.0,108.0
0.082,2313.0,134154.5
0.082,1780.0,85659.5
0.082,3500.0,199906.0
0.082,933.0,53570.333333333336
0.082,1826.0,64872.5
0.082,91.0,1484.5
0.082,2403.3333333333335,109422.66666666667
0.082,3500.0,108577.0
0.082,105.0,166.0
0.082,2892.75,138213.5
0.082,1181.0,103113.0
0.082,3500.0,133647.0
0.082,248.0,3252.0
0.082,74.0,501.0
0.082,1691.0,61141.333333333336
0.082,1066.0,73608.0
0.082,681.0,28620.0
0.082,2071.0,46763.5
0.082,1806.0,55871.0
0.082,664.0,31235.0
0.082,175.0,699.0
0.082,1798.0,82593.0
0.082,220.0,4642.0
0.082,1948.5,78265.75
0.082,105.0,334.0
0.082,1976.5,77964.5
0.082,3500.0,74251.0
0.082,1111.0,50540.0
0.082,115.5,347.5
0.082,216.0,339.0
0.082,130.0,135.0
0.082,2253.0,125947.0
0.082,1465.3333333333333,75986.0
0.082,86.0,284.0
0.082,2292.0,48380.5
0.082,3500.0,98217.0
0.082,1234.6666666666667,28672.333333333332
0.082,209.0,273.0
0.082,149.0,5481.0
0.082,524.3333333333334,29726.0
0.082,3500.0,52689.0
0.082,62.0,607.0
0.082,3500.0,132359.0
0.082,1600.3333333333333,44565.333333333336
0.082,3500.0,127350.0
0.082,3500.0,166214.0
0.082,81.0,85.0
0.082,956.5,34913.5
0.082,1223.3333333333333,39415.333333333336
0.082,1858.0,46533.0
0.082,167.0,1327.0
0.082,66.0,88.0
0.082,2007.5,33953.5
0.082,2309.5,71351.5
0.082,406.0,8553.5
0.082,1951.0,102402.0
0.082,1487.5,54920.5
0.082,336.0,17710.0
0.082,1021.0,26477.0
0.082,3500.0,122249.66666666667
0.082,3500.0,98588.33333333333
0.082,1238.0,56901.0
0.082,681.0,26921.0
0.082,1546.75,51486.25
0.083,838.0,56414.0
0.083,3013.0,134926.0
0.083,1233.0,20937.0
0.083,3500.0,83237.0
0.083,176.0,5390.0
0.083,1957.0,38214.0
0.083,122.0,1414.5
0.083,448.0,14489.0
0.083,1816.5,108705.0
0.083,1610.3333333333333,65676.66666666667
0.083,1280.6666666666667,46726.0
0.083,2643.0,126127.5
0.083,82.5,604.5
0.083,1791.5,65233.5
0.083,1495.75,39138.75
0.083,3500.0,176388.0
0.083,756.5,38043.5
0.083,68.0,594.0
0.083,120.0,2249.0
0.083,2444.6666666666665,90304.0
0.083,175.0,398.0
0.083,763.0,37582.0
0.083,1034.0,34069.0
0.083,1061.0,30709.0
0.083,446.0,11692.5
0.083,650.0,27192.5
0.083,1658.0,124109.0
0.083,967.5,52299.0
0.083,953.75,16949.0
0.083,637.6666666666666,27139.0
0.083,811.0,19228.0
0.083,3500.0,98246.0
0.083,113.5,121.0
0.083,1858.0,39945.5
0.083,757.0,5627.0
0.083,1061.75,41336.25
0.083,3500.0,268941.0
0.083,3500.0,119852.5
0.083,2718.0,126358.33333333333
0.083,238.33333333333334,7271.333333333333
0.083,333.0,1905.0
0.083,445.5,23285.0
0.083,75.0,89.0
0.083,1792.5,72791.0
0.083,99.0,256.0
0.083,2229.5,55776.0
0.083,2747.5,62196.0
0.083,3500.0,87463.0
0.083,3500.0,186273.0
0.083,874.0,38601.0
0.083,3500.0,110481.0
0.083,998.0,38572.0
0.083,1025.0,38912.0
0.083,1166.0,39016.0
0.083,155.5,332.5
0.083,1613.5,84475.5
0.083,1205.0,42558.0
0.083,900.5,32771.0
0.083,1250.0,35430.0
0.083,2360.3333333333335,52458.0
0.083,1156.0,54114.0
0.083,1057.0,47226.5
0.083,1795.0,47850.0
0.083,3500.0,165288.0
0.083,2387.5,97143.0
0.083,78.0,1181.0
0.083,1796.25,69619.5
0.083,1382.3333333333333,44465.0
0.084,323.5,15319.0
0.084,1582.0,86152.0
0.084,163.0,1006.0
0.084,145.5,637.0
0.084,1294.0,85344.0
0.084,99.0,105.0
0.084,90.0,101.0
0.084,132.0,315.0
0.084,225.0,906.0
0.084,565.2,31720.0
0.084,1045.5,32418.0
0.084,2636.2,138451.4
0.084,3500.0,126584.0
0.084,122.0,159.0
0.084,1145.0,49892.0
0.084,392.6666666666667,18406.666666666668
0.084,2772.0,122377.5
0.084,588.0,34692.5
0.084,2362.0,128309.33333333333
0.084,1835.0,67502.5
0.084,993.5,26616.5
0.084,336.0,3822.0
0.084,1260.0,99315.66666666667
0.084,1992.0,103373.0
0.084,61.0,129.0
0.084,605.0,34436.0
0.084,436.0,32349.0
0.084,1538.3333333333333,41477.333333333336
0.084,69.0,101.0
0.084,2387.0,79125.0
0.084,2233.5,120539.5
0.084,89.0,97.0
0.084,104.5,129.0
0.084,1912.6666666666667,102688.66666666667
0.084,226.5,9720.0
0.084,529.0,41106.0
0.084,805.0,46019.333333333336
0.084,1051.0,41188.0
0.084,65.0,850.0
0.084,659.5,21373.0
0.084,1488.25,63178.25
0.084,2134.25,81207.0
0.084,115.0,160.0
0.084,162.0,198.0
0.084,131.0,149.0
0.084,2596.5,103707.0
0.084,99.0,102.0
0.084,850.0,49752.0
0.084,2041.5,107819.0
0.084,100.0,154.0
0.084,3500.0,107570.5
0.084,1895.2,102477.4
0.084,481.0,5876.0
0.084,2259.5,120148.0
0.084,1081.0,27104.0
0.084,98.0,395.0
0.084,717.6666666666666,34092.666666666664
0.084,1597.0,97578.33333333333
0.084,103.0,106.0
0.084,1556.6666666666667,62673.666666666664
0.084,2419.5,121589.0
0.084,125.0,398.3333333333333
0.084,654.0,17854.0
0.084,467.0,38243.0
0.084,2064.5,65132.5
0.084,2089.0,192603.0
0.084,985.0,66431.0
0.084,2062.5,97604.0
0.084,1572.0,71867.66666666667
0.084,3500.0,161120.0
0.084,877.0,11684.0
0.085,620.6666666666666,27657.666666666668
0.085,658.0,28196.0
0.085,1376.0,54635.0
0.085,110.33333333333333,118.0
0.085,938.5,23373.5
0.085,511.3333333333333,20139.0
0.085,559.0,26984.5
0.085,2643.5,144310.5
0.085,1758.0,160026.0
0.085,1757.0,125093.0
0.085,3500.0,165237.0
0.085,1457.2,59959.8
0.085,3500.0,111081.0
0.085,954.0,34220.0
0.085,1861.5,93299.5
0.085,2649.6666666666665,59864.0
0.085,2750.0,182579.5
0.085,173.0,968.0
0.085,1646.0,70656.0
0.085,1924.3333333333333,113834.0
0.085,3500.0,51201.0
0.085,2268.0,134732.5
0.085,551.0,24244.5
0.085,1801.0,86289.5
0.085,2455.5,101031.0
0.085,3500.0,154340.0
0.085,1008.0,55406.0
0.085,175.5,415.0
0.085,3500.0,92782.0
0.085,112.0,113.0
0.085,522.0,1587.0
0.085,665.6666666666666,29949.333333333332
0.085,1832.0,59891.0
0.085,1794.5,103234.5
0.085,95.0,263.0
0.085,3500.0,161793.0
0.085,158.0,971.0
0.085,93.0,156.0
0.085,2650.75,126802.25
0.085,1875.25,91420.75
0.085,1556.0,89337.0
0.085,120.0,127.0
0.085,258.5,9614.5
0.085,2262.0,75857.0
0.085,868.0,75274.0
0.085,3500.0,151513.0
0.085,434.0,27376.0
0.085,2505.3333333333335,60918.333333333336
0.085,369.0,1696.0
0.085,1535.6,35456.0
0.085,2121.0,64434.5
0.085,339.0,1231.0
0.085,648.0,28715.5
0.085,3500.0,145184.0
0.085,1578.0,104207.0
0.085,3500.0,219725.0
0.085,591.5,36770.5
0.085,125.0,140.0
0.085,1780.0,109191.0
0.085,194.0,231.0
0.085,254.0,625.0
0.085,1863.3333333333333,46393.333333333336
0.085,3500.0,118723.0
0.085,2715.5,88596.0
0.085,2007.5,71535.5
0.085,1202.0,63770.5
0.085,2112.0,62758.5
0.085,1024.0,35268.0
0.085,83.0,135.0
0.085,1065.0,30892.0
0.085,465.5,15633.5
0.085,1792.0,104970.5
0.086,3500.0,53104.0
0.086,915.0,73048.0
0.086,72.0,97.0
0.086,2284.5,60513.5
0.086,932.0,22432.0
0.086,88.0,98.0
0.086,1284.6666666666667,64577.0
0.086,169.0,8072.0
0.086,2212.5,144922.0
0.086,55.0,65.0
0.086,2821.4,115578.2
0.086,2024.5,57856.5
0.086,66.0,535.0
0.086,3500.0,199867.0
0.086,3500.0,211442.0
0.086,1812.0,80198.0
0.086,3500.0,119770.0
0.086,2671.5,79286.5
0.086,216.0,1042.0
0.086,1384.0,138459.0
0.086,1264.0,66632.5
0.086,3500.0,176801.0
0.086,176.5,1968.5
0.086,2177.0,84587.8
0.086,3500.0,85087.0
0.086,2263.5,110168.0
0.086,1483.0,37541.333333333336
0.086,2277.0,81850.0
0.086,58.0,476.0
0.086,536.0,18918.333333333332
0.086,1911.0,88243.0
0.086,136.0,147.0
0.086,104.5,778.5
0.086,2660.0,118841.5
0.086,3500.0,107562.0
0.086,1224.3333333333333,45775.333333333336
0.086,78.0,97.0
0.086,586.0,30702.0
0.086,119.0,1375.0
0.086,314.0,15249.333333333334
0.086,1335.0,56479.75
0.086,1800.0,57664.5
0.086,112.33333333333333,191.0
0.086,2097.5,131224.0
0.086,1170.0,106914.0
0.086,82.0,110.0
0.086,3500.0,108593.0
0.086,1013.0,50056.0
0.086,164.0,6054.5
0.086,2487.3333333333335,120399.0
0.086,1601.6666666666667,67422.66666666667
0.086,66.0,74.0
0.086,1551.0,101867.0
0.086,172.0,199.0
0.086,81.0,91.0
0.086,1797.6666666666667,67796.0
0.086,111.0,281.0
0.086,3500.0,138246.0
0.086,1096.0,69779.0
0.086,1129.0,38290.0
0.086,1817.0,130656.0
0.087,1804.0,76878.0
0.087,811.0,56490.0
0.087,1064.0,64767.0
0.087,435.3333333333333,13293.0
0.087,104.0,161.0
0.087,1797.0,58947.0
0.087,1858.0,39018.0
0.087,486.0,13595.0
0.087,88.0,97.0
0.087,740.0,52797.0
0.087,161.5,928.5
0.087,567.75,35443.0
0.087,915.0,34132.0
0.087,1769.0,68411.0
0.087,3500.0,86252.0
0.087,3500.0,102913.5
0.087,588.0,16640.0
0.087,3500.0,205145.0
0.087,511.0,36961.0
0.087,88.0,147.0
0.087,552.0,44185.5
0.087,172.0,2786.0
0.087,524.0,33550.0
0.087,3500.0,102996.0
0.087,1039.0,44329.0
0.087,805.5,35397.5
0.087,3500.0,113231.0
0.087,1072.0,38258.0
0.087,94.0,986.0
0.087,949.0,36819.0
0.087,448.6666666666667,11859.0
0.087,82.0,184.0
0.087,119.0,196.66666666666666
0.087,67.0,656.0
0.087,825.0,49468.0
0.087,1871.0,87172.0
0.087,3500.0,180347.0
0.087,551.0,30143.0
0.087,3500.0,122994.0
0.087,3500.0,85251.0
0.087,421.0,17634.5
0.087,2502.6666666666665,148720.33333333334
0.087,418.6666666666667,6977.333333333333
0.087,1927.75,84911.75
0.087,2015.0,84713.0
0.087,517.5,25834.0
0.087,716.3333333333334,44900.0
0.087,1018.0,73894.0
0.087,3500.0,68792.0
0.087,1822.5,55749.5
0.087,1782.5,63837.0
0.087,3500.0,157618.0
0.087,1869.75,103387.75
0.087,429.0,7332.5
0.087,64.0,654.0
0.087,267.75,15369.0
0.087,2183.5,71333.5
0.087,1724.0,70839.0
0.087,706.0,41462.5
0.087,3500.0,132065.5
0.087,659.0,13446.0
0.087,1612.0,131011.0
0.087,1806.0,37176.0
0.087,1151.0,115050.0
0.087,3500.0,80497.0
0.087,83.0,102.0
0.087,116.0,133.0
0.087,268.0,9187.0
0.088,71.0,151.0
0.088,1208.0,44637.0
0.088,3500.0,206588.0
0.088,3500.0,83920.0
0.088,1932.0,56329.5
0.088,214.33333333333334,6950.666666666667
0.088,173.0,933.0
0.088,1225.0,56904.666666666664
0.088,849.0,32502.0
0.088,162.0,652.0
0.088,99.0,142.0
0.088,90.0,99.0
0.088,1779.5,115022.0
0.088,2749.0,151910.5
0.088,530.0,31935.0
0.088,3500.0,184141.0
0.088,3500.0,100942.0
0.088,2738.0,64253.0
0.088,569.0,9530.0
0.088,2354.3333333333335,73894.0
0.088,73.0,157.0
0.088,302.0,6241.0
0.088,2365.6666666666665,136961.33333333334
0.088,1189.5,33410.5
0.088,2174.5,96225.0
0.088,216.0,962.0
0.088,2420.0,120535.5
0.088,615.0,48999.0
0.088,1030.25,14340.5
0.088,3500.0,134110.0
0.088,2375.0,94755.0
0.088,1816.5,75047.5
0.088,1780.0,67437.5
0.088,169.0,536.0
0.088,1973.5,114406.5
0.088,1980.0,111580.0
0.088,3500.0,106547.0
0.088,79.0,95.0
0.088,72.0,74.0
0.088,93.0,157.0
0.088,3500.0,135854.0
0.088,1802.0,56689.0
0.088,1348.6666666666667,76501.66666666667
0.088,2490.6666666666665,102429.0
0.088,3500.0,180054.0
0.088,123.0,234.0
0.088,135.0,161.0
0.088,840.5,29313.5
0.088,651.6666666666666,35095.0
0.088,2331.0,95362.5
0.088,96.0,105.0
0.088,813.0,11989.0
0.088,3500.0,186732.0
0.088,1289.0,37122.0
0.088,2301.5,71209.0
0.088,316.0,5910.0
0.088,3500.0,198706.0
0.088,1057.0,43179.0
0.088,1155.75,47380.5
0.088,3500.0,154214.5
0.088,1082.0,57185.0
0.088,3500.0,144579.0
0.088,3500.0,93138.0
0.088,1216.0,41287.333333333336
0.088,79.0,113.0
0.088,193.0,5908.5
0.088,1160.0,69485.33333333333
0.088,3500.0,111879.0
0.088,2496.3333333333335,100275.0
0.088,70.0,530.5
0.088,1021.0,29996.5
0.088,1296.3333333333333,45301.666666666664
0.088,143.0,210.0
0.088,955.0,33293.5
0.088,2137.2,77757.6
0.089,1366.3333333333333,55028.666666666664
0.089,3500.0,73662.0
0.089,3500.0,77816.0
0.089,154.0,850.0
0.089,415.2,17139.2
0.089,2289.5,102854.5
0.089,1785.0,39284.0
0.089,3500.0,191294.0
0.089,176.0,476.0
0.089,85.0,95.0
0.089,346.0,5945.0
0.089,1847.5,33617.5
0.089,1617.6,91294.0
0.089,3134.0,107984.0
0.089,109.5,311.0
0.089,107.0,251.0
0.089,2272.0,58538.5
0.089,2070.5,73998.5
0.089,1811.5,64727.0
0.089,95.0,140.0
0.089,1037.0,101679.0
0.089,589.0,22418.0
0.089,57.0,1889.0
0.089,1202.0,102031.0
0.089,744.5,25491.5
0.089,1793.0,115820.0
0.089,1546.0,49801.0
0.089,1801.5,43281.0
0.089,1333.0,56049.0
0.089,3500.0,65619.0
0.089,3500.0,159907.0
0.089,205.0,288.0
0.089,96.0,163.0
0.089,1500.0,63293.333333333336
0.089,1301.0,70803.0
0.089,2372.0,140370.66666666666
0.089,504.0,12905.0
0.089,186.0,496.0
0.089,3500.0,74601.0
0.089,3500.0,72356.0
0.089,1062.0,102195.0
0.089,1796.5,42258.0
0.089,510.0,20979.0
0.089,775.0,40144.0
0.089,492.25,22375.0
0.089,113.0,197.0
0.089,84.0,129.0
0.089,115.5,136.5
0.089,486.0,22906.0
0.089,1070.0,40020.0
0.089,3500.0,123198.0
0.089,985.75,38524.75
0.089,3500.0,174981.0
0.089,1242.0,75908.0
0.089,3500.0,184010.0
0.089,201.0,516.0
0.089,259.0,2751.3333333333335
0.089,1792.0,75339.5
0.089,3500.0,113424.0
0.089,2094.5,39321.5
0.089,1798.0,87282.5
0.089,1269.6666666666667,21093.333333333332
0.089,993.5,12331.25
0.089,1785.6666666666667,86963.66666666667
0.089,591.0,23235.25
0.089,74.0,867.0
0.09,2716.0,106613.0
0.09,274.5,4743.0
0.09,228.5,839.0
0.09,2351.3333333333335,75029.0
0.09,1791.0,78976.0
0.09,1034.0,82382.0
0.09,627.0,26968.0
0.09,2252.5,73589.5
0.09,2388.0,98947.0
0.09,960.5,18007.25
0.09,1123.0,25094.0
0.09,1010.0,24913.0
0.09,3500.0,141157.0
0.09,940.5,65695.0
0.09,2361.3333333333335,97039.33333333333
0.09,1792.0,64265.5
0.09,1681.8,80209.4
0.09,96.0,149.0
0.09,862.6666666666666,33016.0
0.09,543.5,49284.5
0.09,711.5,25016.25
0.09,1425.0,86524.5
0.09,3500.0,267882.0
0.09,568.6666666666666,29957.0
0.09,551.0,37667.0
0.09,116.0,159.0
0.09,3500.0,84967.0
0.09,76.0,78.0
0.09,648.0,43130.0
0.09,2178.25,122964.25
0.09,3500.0,200175.0
0.09,1951.5,90529.5
0.09,101.0,110.0
0.09,355.5,3467.5
0.09,92.0,99.0
0.09,522.0,23768.0
0.09,1791.5,91450.5
0.09,3500.0,175019.0
0.09,2081.3333333333335,94497.66666666667
0.09,88.0,144.0
0.09,2307.5,59900.0
0.09,2391.5,156494.5
0.09,941.0,38094.0
0.09,3500.0,175142.0
0.09,105.0,108.0
0.09,3500.0,185372.0
0.09,155.0,172.0
0.09,3500.0,217060.0
0.09,1836.5,63563.0
0.09,1783.5,24546.5
0.09,420.0,12655.666666666666
0.09,1760.0,54009.0
0.09,708.6666666666666,28190.666666666668
0.09,1225.0,26958.333333333332
0.09,3500.0,259684.0
0.09,1072.5,85761.0
0.09,2030.0,124303.0
0.09,63.0,663.0
0.09,1042.0,34546.0
0.09,1759.0,119095.0
0.09,98.0,147.0
0.09,716.8333333333334,31982.5
0.09,1813.0,47803.75
0.09,150.0,255.0
0.09,3500.0,269852.0
0.09,104.0,168.0
0.09,719.25,21540.5
0.09,1747.8,87435.4
0.09,3500.0,147584.0
0.09,3500.0,148808.0
0.09,1805.5,59290.0
0.09,3500.0,218299.0
0.09,1520.6666666666667,81030.33333333333
0.09,1584.0,51613.0
0.09,1869.0,69142.0
0.091,1796.2857142857142,73719.85714285714
0.091,352.3333333333333,13145.333333333334
0.091,2372.6666666666665,95128.0
0.091,96.0,102.0
0.091,216.0,1227.0
0.091,1823.0,77796.0
0.091,1671.6666666666667,38920.666666666664
0.091,577.0,43479.0
0.091,130.5,745.0
0.091,3500.0,184827.0
0.091,235.0,1358.0
0.091,2578.0,110628.0
0.091,3500.0,78189.0
0.091,681.5,25066.5
0.091,2001.5,57233.5
0.091,89.0,91.0
0.091,3500.0,220872.0
0.091,1195.0,41327.0
0.091,265.0,1322.0
0.091,1814.0,82809.0
0.091,3500.0,84932.0
0.091,1336.0,25039.333333333332
0.091,107.0,194.5
0.091,2257.0,115823.0
0.091,131.0,721.0
0.091,500.0,7382.0
0.091,100.0,107.0
0.091,214.0,4762.0
0.091,3500.0,187757.0
0.091,1208.5,62786.0
0.091,3500.0,85858.0
0.091,3500.0,133419.5
0.091,331.0,23066.0
0.091,96.0,105.0
0.091,165.0,666.0
0.091,716.0,28077.0
0.091,2676.5,112912.5
0.091,347.2,19953.0
0.091,1008.0,36262.0
0.091,228.5,1956.5
0.091,547.6666666666666,22496.333333333332
0.091,801.0,51517.0
0.091,2355.0,57975.0
0.091,88.0,96.0
0.091,1427.3333333333333,70525.33333333333
0.091,861.0,44448.333333333336
0.091,152.0,251.0
0.091,1338.0,52660.0
0.091,1378.0,104422.0
0.091,1148.0,41785.0
0.091,3500.0,52235.0
0.091,531.75,25343.25
0.091,3500.0,128902.5
0.091,2121.0,142426.75
0.091,483.6666666666667,24436.666666666668
0.091,88.5,103.0
0.091,1800.5,73619.0
0.091,3500.0,83111.0
0.091,1801.0,54239.0
0.091,2390.0,70401.0
0.091,1858.0,75263.0
0.091,740.3333333333334,34685.333333333336
0.091,685.3333333333334,22095.0
0.091,1966.5,39584.5
0.091,1657.4,30769.0
0.091,1093.0,94869.0
0.091,3500.0,136917.0
0.092,102.0,110.0
0.092,1796.5,90416.0
0.092,71.5,407.5
0.092,1548.0,66925.66666666667
0.092,179.0,789.0
0.092,1069.6,40032.8
0.092,3500.0,66205.0
0.092,2886.25,130523.5
0.092,85.0,131.0
0.092,3500.0,171396.5
0.092,202.0,292.0
0.092,216.0,1114.0
0.092,141.0,590.0
0.092,2172.5,72141.5
0.092,1017.0,38718.0
0.092,3500.0,100525.0
0.092,681.0,27912.0
0.092,1410.6666666666667,65757.0
0.092,679.6666666666666,40821.333333333336
0.092,1042.5,75348.0
0.092,150.0,393.5
0.092,958.0,60844.0
0.092,1205.0,64819.0
0.092,2082.5,65369.0
0.092,819.0,5814.0
0.092,95.0,98.0
0.092,1792.0,71383.5
0.092,1163.0,61389.0
0.092,1973.0,65638.0
0.092,644.5,41266.5
0.092,87.0,105.0
0.092,407.0,12377.5
0.092,1340.0,30060.666666666668
0.092,527.0,8683.0
0.092,1835.0,84591.0
0.092,3500.0,137232.0
0.092,3500.0,79262.0
0.092,1502.0,122190.0
0.092,79.0,85.0
0.092,251.5,1890.0
0.092,2057.0,111116.0
0.092,1044.0,20119.0
0.092,2040.0,103979.0
0.092,284.0,4885.0
0.092,69.0,91.0
0.092,3500.0,145207.5
0.092,1386.5,72121.0
0.092,3500.0,96038.0
0.092,196.0,1013.0
0.092,2095.0,79196.5
0.092,2405.3333333333335,68827.33333333333
0.092,558.6666666666666,13350.333333333334
0.092,1784.0,82354.0
0.092,825.6,26479.0
0.092,1220.5,48548.0
0.092,1794.0,100621.5
0.092,100.0,353.5
0.092,338.5,13766.5
0.092,3500.0,161252.0
0.092,855.0,36528.0
0.092,1224.6666666666667,68292.66666666667
0.092,1404.3333333333333,34912.0
0.092,74.0,83.0
0.092,834.5,36043.5
0.092,3500.0,83320.33333333333
0.093,85.0,90.0
0.093,3500.0,59384.0
0.093,1144.0,74324.0
0.093,255.0,6545.5
0.093,63.0,488.0
0.093,3500.0,59923.0
0.093,2626.0,159501.0
0.093,97.0,150.0
0.093,94.0,102.0
0.093,952.0,72882.0
0.093,1253.6666666666667,40242.666666666664
0.093,167.5,982.5
0.093,1366.0,71612.0
0.093,1203.0,35363.0
0.093,143.0,595.0
0.093,50.5,573.5
0.093,1556.0,24676.0
0.093,2363.0,106495.66666666667
0.093,2517.5,120881.0
0.093,116.0,244.0
0.093,3500.0,76528.0
0.093,1814.0,90895.0
0.093,1796.5,114609.5
0.093,2072.0,54687.0
0.093,1790.0,34989.5
0.093,232.0,419.0
0.093,80.5,178.5
0.093,2364.0,96225.66666666667
0.093,917.0,30562.0
0.093,921.0,34018.0
0.093,911.5,46387.5
0.093,2518.6666666666665,57950.333333333336
0.093,81.0,327.5
0.093,637.0,46533.0
0.093,1795.75,76366.0
0.093,1936.0,135480.0
0.093,2123.0,95627.0
0.093,111.0,772.5
0.093,2419.0,116475.5
0.093,1795.0,41200.5
0.093,366.0,3336.0
0.093,1267.25,68061.75
0.093,578.0,14745.0
0.093,2788.0,141020.5
0.093,2433.3333333333335,73132.66666666667
0.093,2050.0,59551.0
0.093,799.0,73153.0
0.093,3500.0,215270.0
0.093,2080.0,106952.5
0.093,78.0,91.0
0.093,2261.0,156301.5
0.093,329.0,12936.0
0.093,3500.0,150053.0
0.093,677.0,35541.0
0.093,1479.6666666666667,49413.0
0.093,3500.0,148117.0
0.093,715.0,43840.0
0.093,113.5,258.5
0.093,3500.0,170402.0
0.093,330.0,10252.0
0.093,1858.0,95590.5
0.093,3500.0,126173.0
0.093,1858.0,52296.75
0.093,1849.5,85513.5
0.093,1803.0,82474.0
0.093,664.6666666666666,25808.333333333332
0.093,496.5,28253.5
0.093,1393.6666666666667,46547.0
0.093,2357.6666666666665,53840.666666666664
0.093,206.0,6010.0
0.093,3500.0,179166.0
0.093,3500.0,176614.0
0.093,1819.0,86158.5
0.093,2394.0,76830.66666666667
0.093,502.0,27349.0
0.093,2009.5,71819.0
0.093,116.0,128.5
0.093,717.0,29533.0
0.094,59.0,615.0
0.094,3500.0,78694.0
0.094,3500.0,183814.0
0.094,3500.0,77030.0
0.094,157.0,682.0
0.094,1821.0,81951.5
0.094,1245.6666666666667,25137.0
0.094,3500.0,225646.0
0.094,508.0,13597.0
0.094,444.0,9853.0
0.094,690.0,16137.0
0.094,288.0,9424.0
0.094,3500.0,83196.0
0.094,1903.3333333333333,140862.66666666666
0.094,2380.3333333333335,108114.0
0.094,139.0,643.5
0.094,1400.6666666666667,36533.666666666664
0.094,1281.0,45158.0
0.094,266.5,2933.5
0.094,1795.5,110558.5
0.094,1378.3333333333333,45857.666666666664
0.094,556.3333333333334,22384.0
0.094,2939.75,121302.5
0.094,2392.0,93006.0
0.094,748.3333333333334,47070.0
0.094,3500.0,201438.0
0.094,90.0,94.0
0.094,329.5,9106.0
0.094,1938.5,66924.5
0.094,2463.0,74232.0
0.094,958.5,73894.0
0.094,922.5,27834.5
0.094,433.5,14878.5
0.094,88.0,96.0
0.094,947.0,80029.0
0.094,3500.0,51427.0
0.094,2923.3333333333335,158831.0
0.094,1268.0,91765.0
0.094,3500.0,176185.0
0.094,2376.0,64991.5
0.094,91.0,158.0
0.094,1804.5,47505.0
0.094,409.5,28015.5
0.094,3500.0,81803.0
0.094,92.0,96.0
0.094,867.0,63626.0
0.094,459.0,18457.5
0.094,661.5,29309.0
0.094,1113.75,27422.25
0.094,2171.2,88679.6
0.094,1170.0,37704.0
0.094,1402.6666666666667,55334.333333333336
0.094,1261.0,29265.0
0.094,487.0,15485.5
0.094,3500.0,209804.0
0.094,115.0,370.0
0.094,3500.0,73460.0
0.094,44.0,55.0
0.094,100.0,327.0
0.094,2159.0,95549.0
0.094,575.0,29798.0
0.094,427.3333333333333,19881.666666666668
0.094,3500.0,139550.0
0.094,1461.8,95537.0
0.095,3500.0,91957.0
0.095,2451.3333333333335,88163.33333333333
0.095,2118.5,101009.0
0.095,3500.0,131753.0
0.095,759.0,66946.0
0.095,3500.0,80117.0
0.095,737.0,27672.0
0.095,3500.0,180044.0
0.095,3500.0,114169.0
0.095,3500.0,164860.5
0.095,1229.0,52694.666666666664
0.095,3500.0,183855.0
0.095,3500.0,163687.5
0.095,242.5,12647.0
0.095,3500.0,174507.0
0.095,900.3333333333334,50275.333333333336
0.095,812.5,44323.5
0.095,3500.0,103552.0
0.095,126.0,2154.0
0.095,697.0,47140.0
0.095,1378.0,55684.0
0.095,3500.0,65796.0
0.095,394.0,12125.5
0.095,61.0,1415.0
0.095,2352.0,88826.5
0.095,1005.5,78536.0
0.095,1212.6666666666667,61051.666666666664
0.095,3500.0,124592.0
0.095,146.0,150.0
0.095,1022.0,49911.0
0.095,476.0,14485.0
0.095,3500.0,137518.0
0.095,954.0,36088.0
0.095,318.0,10748.0
0.095,78.5,905.0
0.095,169.0,302.0
0.095,1838.5,127774.5
0.095,1314.3333333333333,45234.333333333336
0.095,3500.0,172365.0
0.095,2722.3333333333335,112709.33333333333
0.095,3500.0,99550.0
0.095,1791.0,81128.5
0.095,1779.5,111043.0
0.095,3500.0,54423.0
0.095,168.0,449.0
0.095,289.0,5335.0
0.095,3500.0,205538.0
0.095,581.5,20095.0
0.095,3500.0,219666.0
0.095,2679.0,91160.25
0.095,1477.3333333333333,72146.66666666667
0.095,2376.0,98006.0
0.095,2242.0,63270.75
0.095,98.0,101.0
0.095,631.5,9969.5
0.095,1795.5,104214.0
0.095,103.0,104.0
0.095,3500.0,76610.0
0.095,1435.0,50953.0
0.095,2682.5,127157.5
0.095,689.0,38335.333333333336
0.095,85.0,92.0
0.095,108.0,109.0
0.095,1845.5,57174.0
0.095,1751.0,81429.33333333333
0.095,3500.0,169762.0
0.095,1231.0,39666.0
0.095,97.0,215.0
0.095,89.0,114.5
0.095,1781.0,52671.0
0.095,3500.0,132619.5
0.095,1801.0,51565.5
0.096,1618.0,118279.0
0.096,1153.0,77474.0
0.096,209.0,10989.0
0.096,221.0,1804.0
0.096,111.0,1140.0
0.096,147.0,375.0
0.096,117.0,2294.0
0.096,813.0,36189.0
0.096,1419.3333333333333,28148.333333333332
0.096,753.0,44675.0
0.096,2648.0,131995.5
0.096,3500.0,64896.0
0.096,508.0,48280.0
0.096,99.33333333333333,115.0
0.096,1881.0,45761.0
0.096,1816.5,50132.5
0.096,2449.5,71713.5
0.096,2012.5,94241.5
0.096,1264.0,46850.666666666664
0.096,3500.0,177877.5
0.096,1803.5,105072.5
0.096,3500.0,203268.0
0.096,3500.0,198335.0
0.096,1806.0,45008.0
0.096,3500.0,131658.0
0.096,99.0,101.5
0.096,584.0,22617.0
0.096,1101.5,36367.5
0.096,2626.5,97457.0
0.096,2362.6666666666665,98567.33333333333
0.096,753.5,29192.0
0.096,174.0,392.0
0.096,155.0,225.0
0.096,1664.0,66406.2
0.096,3500.0,108785.5
0.096,2151.5,63015.5
0.096,489.5,33455.0
0.096,1246.0,49769.0
0.096,1799.0,62073.0
0.096,363.6666666666667,11856.333333333334
0.096,1815.0,38740.0
0.096,442.5,14304.0
0.096,2559.0,129932.0
0.096,1858.0,108039.0
0.096,1907.0,50525.0
0.096,2369.0,146439.0
0.096,1789.5,69953.5
0.096,1318.6666666666667,53123.0
0.096,2132.5,65799.0
0.096,3500.0,116400.0
0.096,1940.0,96110.5
0.096,3500.0,76423.5
0.096,1051.0,59866.0
0.096,1456.6666666666667,80650.0
0.096,436.0,8968.0
0.096,179.0,537.0
0.096,389.0,18975.0
0.096,634.0,28148.0
0.096,361.0,19501.0
0.096,1793.5,110027.0
0.096,2272.5,169410.5
0.096,97.0,164.0
0.096,379.6666666666667,4937.0
0.096,1810.0,73373.5
0.096,575.5,27321.5
0.096,2070.714285714286,55474.57142857143
0.096,629.0,36498.0
0.096,1231.3333333333333,20550.333333333332
0.096,2342.5,132447.5
0.096,491.0,15744.0
0.096,731.0,21723.0
0.097,3500.0,165290.0
0.097,931.6666666666666,25707.0
0.097,659.0,29662.0
0.097,1701.6666666666667,43097.666666666664
0.097,96.0,102.0
0.097,1246.0,49568.5
0.097,581.0,21848.0
0.097,1791.5,78028.0
0.097,788.0,59359.0
0.097,115.0,146.0
0.097,101.0,145.0
0.097,1828.3333333333333,78514.33333333333
0.097,3500.0,168823.0
0.097,90.0,98.0
0.097,316.0,2722.0
0.097,2164.75,124720.0
0.097,694.3333333333334,22177.0
0.097,75.0,432.0
0.097,3500.0,145048.0
0.097,668.5,41626.0
0.097,820.0,38195.0
0.097,67.0,866.0
0.097,814.0,29014.0
0.097,3500.0,110431.0
0.097,3500.0,189827.0
0.097,1839.0,45121.0
0.097,3500.0,95341.0
0.097,2387.0,109054.0
0.097,569.0,36686.0
0.097,990.0,67059.0
0.097,1858.0,54310.5
0.097,1789.5,57784.5
0.097,223.5,6171.5
0.097,1841.0,50214.5
0.097,1553.75,59728.0
0.097,3500.0,70337.0
0.097,156.0,379.0
0.097,3500.0,105803.0
0.097,175.5,443.5
0.097,1237.0,39403.0
0.097,535.0,9574.5
0.097,95.0,104.0
0.097,301.3333333333333,4498.333333333333
0.097,2089.0,56819.0
0.097,1116.0,90830.0
0.097,3500.0,117917.5
0.097,888.3333333333334,59569.666666666664
0.097,425.0,18882.25
0.097,1800.5,40655.5
0.097,1399.0,91902.0
0.097,3500.0,167300.5
0.097,3500.0,75973.0
0.097,3500.0,125772.0
0.097,778.0,49843.0
0.097,155.0,1509.0
0.097,505.3333333333333,9562.0
0.097,3500.0,91753.0
0.097,3500.0,112740.5
0.097,78.0,89.0
0.097,215.0,1263.0
0.097,133.5,658.0
0.097,1225.8,65086.0
0.097,1477.0,77827.33333333333
0.097,1730.25,76269.5
0.097,1805.6666666666667,75312.33333333333
0.097,3500.0,78956.0
0.097,2366.6,101136.8
0.097,969.0,56899.0
0.097,1581.0,56074.0
0.097,2559.0,148336.5
0.097,255.0,408.0
0.097,1831.5,51559.5
0.097,1105.0,74265.0
0.097,138.5,273.0
0.097,1858.0,33780.0
0.097,2387.6666666666665,126362.0
0.097,3500.0,81053.0
0.098,1265.6666666666667,38694.666666666664
0.098,3500.0,211339.0
0.098,1211.6666666666667,21111.333333333332
0.098,1943.5,68116.0
0.098,2493.6666666666665,66729.33333333333
0.098,1237.0,58449.0
0.098,1732.6666666666667,108580.66666666667
0.098,1173.75,49743.0
0.098,3500.0,85788.0
0.098,199.5,1444.5
0.098,2343.5,140406.0
0.098,2020.0,33621.0
0.098,132.0,147.0
0.098,163.0,773.0
0.098,3500.0,139127.66666666666
0.098,103.0,116.5
0.098,3500.0,240340.0
0.098,3500.0,111281.0
0.098,3500.0,141010.0
0.098,3500.0,106810.0
0.098,3500.0,131365.0
0.098,142.0,369.0
0.098,3500.0,107098.0
0.098,3500.0,204603.0
0.098,1657.0,87158.5
0.098,348.0,11733.5
0.098,303.0,5532.0
0.098,194.0,1113.0
0.098,1821.0,63051.666666666664
0.098,134.0,153.0
0.098,956.0,31897.0
0.098,495.6666666666667,8042.0
0.098,90.0,93.0
0.098,2639.75,73337.75
0.098,817.5,37467.0
0.098,71.0,88.0
0.098,749.5,36968.0
0.098,3500.0,213096.0
0.098,3500.0,100511.0
0.098,87.0,147.0
0.098,1394.6666666666667,60948.0
0.098,1043.0,59915.0
0.098,3500.0,278992.0
0.098,533.0,5283.0
0.098,742.0,33730.5
0.098,157.0,2253.0
0.098,1258.6666666666667,37007.333333333336
0.098,126.0,531.0
0.098,1861.0,97981.5
0.098,1003.0,61838.0
0.098,2573.3333333333335,98335.33333333333
0.098,107.0,231.0
0.098,3500.0,212345.0
0.098,3500.0,177055.5
0.098,118.2,201.0
0.098,959.25,31754.75
0.098,1229.0,44287.0
0.098,1885.0,74800.0
0.098,1729.0,41483.0
0.098,2309.0,67971.0
0.098,1272.0,65156.0
0.098,82.0,613.0
0.098,83.66666666666667,137.0
0.098,83.5,111.5
0.098,1091.0,40030.0
0.098,1781.5,94532.0
0.098,63.0,83.0
0.098,2061.6666666666665,71857.0
0.099,213.5,4798.0
0.099,2416.5,51153.0
0.099,1963.0,81205.0
0.099,3500.0,213639.0
0.099,839.0,55471.0
0.099,527.0,16081.0
0.099,413.0,23032.0
0.099,2796.0,134488.6
0.099,321.5,14569.5
0.099,789.5,56686.5
0.099,269.5,8134.0
0.099,3500.0,178109.0
0.099,604.0,20697.0
0.099,3500.0,136943.0
0.099,3500.0,151212.0
0.099,3500.0,192547.0
0.099,1626.75,65015.25
0.099,2882.3333333333335,130023.33333333333
0.099,126.0,149.0
0.099,91.0,99.0
0.099,1139.0,43323.25
0.099,3500.0,103881.0
0.099,123.0,851.0
0.099,216.0,2573.0
0.099,2536.0,152512.0
0.099,2046.75,79109.5
0.099,2186.0,119679.2
0.099,119.0,158.0
0.099,2354.0,50468.333333333336
0.099,3500.0,147741.0
0.099,1017.0,26790.0
0.099,3500.0,90433.0
0.099,1083.0,67245.0
0.099,1086.0,24297.0
0.099,3500.0,205982.0
0.099,3500.0,200488.0
0.099,1350.6666666666667,53854.0
0.099,1306.6666666666667,53658.0
0.099,1583.0,98616.0
0.099,535.0,45036.0
0.099,2330.5,148160.0
0.099,2741.25,134125.5
0.099,1825.0,90548.0
0.099,838.0,13542.0
0.099,3500.0,142427.0
0.099,1793.5,78637.5
0.099,1268.0,79145.0
0.099,335.0,2066.0
0.099,92.0,153.0
0.099,322.75,5044.0
0.099,2013.0,81994.5
0.099,1308.0,43976.666666666664
0.099,273.5,9259.0
0.099,698.0,42441.0
0.099,3500.0,96437.0
0.099,3500.0,116938.0
0.099,910.6,31078.4
0.099,128.0,144.0
0.099,72.0,110.0
0.099,125.5,190.0
0.099,1781.5,62898.5
0.099,1366.0,78037.0
0.099,288.6666666666667,4962.333333333333
0.099,875.6666666666666,34187.333333333336
0.099,158.0,205.0
0.099,293.5,7951.0
0.099,2279.5,127945.0
0.099,366.6666666666667,10143.0
0.099,3500.0,177959.0
0.1,2491.6666666666665,70067.66666666667
0.1,2609.5,170364.0
0.1,697.3333333333334,32818.0
0.1,1852.5,54004.5
0.1,750.0,31863.0
0.1,2380.0,100015.33333333333
0.1,230.0,5476.666666666667
0.1,1899.3333333333333,75564.0
0.1,3500.0,183924.0
0.1,1538.0,28883.0
0.1,627.0,6652.0
0.1,1868.3333333333333,51996.666666666664
0.1,1982.0,71232.0
0.1,216.0,461.0
0.1,1253.0,62525.0
0.1,2214.25,110059.0
0.1,658.5,27895.0
0.1,1018.0,38392.5
0.1,3500.0,87516.0
0.1,3500.0,92669.0
0.1,1831.5,73146.5
0.1,104.0,199.0
0.1,3500.0,106673.0
0.1,90.0,102.0
0.1,797.0,37235.0
0.1,1315.0,63146.0
0.1,97.0,216.0
0.1,947.0,23487.0
0.1,2589.0,88074.5
0.1,1531.3333333333333,50939.333333333336
0.1,1823.0,102642.0
0.1,3500.0,95233.0
0.1,304.0,13142.0
0.1,1791.5,134844.0
0.1,2392.0,124261.0
0.1,80.0,91.5
0.1,821.0,37723.0
0.1,2043.0,190282.0
0.1,1890.0,206563.0
0.1,1998.5,100833.5
0.1,433.0,7822.0
0.1,957.0,25463.0
0.1,102.0,218.0
0.1,1079.0,73638.0
0.1,1783.25,82619.75
0.1,570.25,24889.5
0.1,3500.0,146894.0
0.1,2272.5,57403.0
0.1,1572.0,104962.0
0.1,3500.0,165769.5
0.1,329.0,2527.0
0.1,709.0,25286.0
0.1,397.0,9937.0
0.1,629.0,21435.5
0.1,3500.0,117074.0
0.1,2933.6666666666665,147739.0
0.1,3500.0,80556.0
0.1,1299.0,67594.66666666667
0.1,74.0,92.0
0.1,3500.0,203389.0
0.1,936.0,55095.0
0.1,3500.0,116025.0
0.1,1898.3333333333333,79264.33333333333
0.1,2123.5,57682.5
0.1,3500.0,204846.0
0.1,639.3333333333334,36890.0
0.1,3500.0,51728.0
0.1,3500.0,113584.0
0.1,3500.0,138166.0
0.1,364.0,9319.0
0.1,3500.0,77216.0
0.101,99.66666666666667,595.6666666666666
0.101,1877.3333333333333,65458.0
0.101,3500.0,179063.0
0.101,2498.0,109955.0
0.101,3500.0,92751.0
0.101,1900.6666666666667,143795.66666666666
0.101,3500.0,155566.0
0.101,61.0,68.0
0.101,1855.25,66730.25
0.101,3500.0,73545.0
0.101,945.0,28983.0
0.101,3500.0,129056.0
0.101,143.0,401.5
0.101,1072.0,75442.0
0.101,1347.5,78743.5
0.101,160.0,1786.0
0.101,3500.0,170678.5
0.101,341.0,14622.0
0.101,755.0,31897.0
0.101,2653.0,94665.75
0.101,713.0,39513.0
0.101,534.0,6346.0
0.101,3500.0,99139.0
0.101,1441.0,35878.0
0.101,2265.5,69030.5
0.101,1767.3333333333333,117898.66666666667
0.101,771.0,50361.0
0.101,3500.0,179989.0
0.101,1241.0,59265.666666666664
0.101,3500.0,109425.0
0.101,3500.0,124727.0
0.101,140.0,153.0
0.101,3500.0,85387.0
0.101,2237.0,100208.5
0.101,3500.0,94236.0
0.101,1894.0,84846.0
0.101,1178.0,22252.0
0.101,1184.25,63016.5
0.101,685.0,22776.0
0.101,3500.0,137346.0
0.101,97.0,102.0
0.101,309.0,3344.0
0.101,173.0,3480.0
0.101,1019.5,75563.5
0.101,1806.0,81725.0
0.101,391.0,949.0
0.101,1864.5,74150.0
0.101,1284.0,48942.0
0.101,117.5,147.5
0.101,1322.0,66000.0
0.101,804.3333333333334,28070.666666666668
0.101,127.0,156.0
0.101,1764.2857142857142,83777.14285714286
0.101,1811.0,62722.5
0.101,85.0,86.0
0.101,1389.4,80195.0
0.101,1166.25,29608.0
0.101,1386.3333333333333,35536.0
0.101,3500.0,207782.0
0.101,252.0,1118.5
0.101,132.4,566.8
0.101,1836.0,108756.66666666667
0.101,1429.0,122208.0
0.101,3500.0,230740.0
0.101,1714.0,36190.0
0.101,2209.5,132318.5
0.101,3500.0,114346.0
0.101,99.0,100.0
0.101,232.33333333333334,8752.333333333334
0.101,176.0,1677.0
0.101,1184.0,38443.0
0.102,2037.5,84501.0
0.102,2191.5,103097.5
0.102,1091.3333333333333,54290.333333333336
0.102,1760.0,70700.0
0.102,1854.0,52370.0
0.102,3500.0,177401.0
0.102,294.0,8269.0
0.102,1122.5,32389.5
0.102,476.5,16070.5
0.102,1027.0,30443.25
0.102,1765.0,85125.0
0.102,3500.0,90872.0
0.102,622.75,17513.25
0.102,3500.0,148963.33333333334
0.102,877.0,68982.0
0.102,3500.0,78344.0
0.102,2023.5,72795.0
0.102,451.5,11972.0
0.102,3500.0,160436.0
0.102,2811.5,104283.5
0.102,1781.5,44412.0
0.102,3500.0,239072.0
0.102,406.5,12596.5
0.102,142.0,527.5
0.102,1966.0,134889.0
0.102,1539.3333333333333,38579.0
0.102,139.0,232.0
0.102,3500.0,142883.0
0.102,2628.6666666666665,123790.33333333333
0.102,1993.0,59800.0
0.102,118.5,1318.0
0.102,1809.6666666666667,81293.0
0.102,585.0,17424.0
0.102,1141.0,66344.0
0.102,2272.0,80959.5
0.102,2810.0,80536.75
0.102,3500.0,124756.0
0.102,2143.0,91936.0
0.102,742.0,52251.0
0.102,3500.0,164473.0
0.102,2145.3333333333335,140737.33333333334
0.102,93.0,96.0
0.102,2527.0,109057.33333333333
0.102,2616.6666666666665,100953.66666666667
0.102,1799.0,62296.5
0.102,1791.5,78021.0
0.102,2626.5,77448.5
0.102,660.0,55892.0
0.102,177.0,291.0
0.102,120.0,301.0
0.102,3500.0,227926.0
0.102,3500.0,199114.0
0.102,99.0,1742.0
0.102,662.3333333333334,29180.333333333332
0.102,3500.0,131273.0
0.102,929.0,12819.0
0.102,3500.0,206637.0
0.102,3500.0,200957.0
0.102,1947.0,122459.0
0.102,101.0,200.0
0.102,97.0,108.0
0.102,3500.0,223734.0
0.102,1799.3333333333333,81316.33333333333
0.102,3500.0,127021.5
0.102,595.5,13195.5
0.102,3500.0,84496.0
0.102,520.0,16971.0
0.103,818.0,41349.0
0.103,1461.5,78355.66666666667
0.103,2016.0,68127.0
0.103,3500.0,96120.0
0.103,3500.0,129082.0
0.103,2259.5,88828.0
0.103,3500.0,148100.5
0.103,1300.75,66218.25
0.103,2962.0,96936.6
0.103,82.0,90.0
0.103,3500.0,173234.0
0.103,3500.0,132713.0
0.103,1557.0,56867.333333333336
0.103,287.0,3311.0
0.103,1460.0,39464.666666666664
0.103,2377.0,146341.0
0.103,409.5,20701.0
0.103,62.0,410.0
0.103,576.0,20582.5
0.103,973.0,30100.0
0.103,1798.5,48764.5
0.103,3500.0,108820.0
0.103,1787.5,63076.0
0.103,1921.0,71601.0
0.103,75.0,1104.0
0.103,2427.5,83787.5
0.103,86.0,120.0
0.103,449.0,21785.333333333332
0.103,1174.0,38127.0
0.103,356.0,14901.5
0.103,663.5,36891.5
0.103,3500.0,36624.0
0.103,3500.0,104744.0
0.103,3500.0,111564.0
0.103,775.5,55870.0
0.103,1796.0,95837.0
0.103,3500.0,140701.0
0.103,3500.0,237918.0
0.103,664.0,34815.0
0.103,1889.0,60353.333333333336
0.103,2354.3333333333335,86107.33333333333
0.103,1706.0,108388.0
0.103,296.0,10769.5
0.103,3500.0,126658.5
0.103,2499.0,78581.0
0.103,113.0,133.0
0.103,45.0,272.5
0.103,3500.0,102826.0
0.103,100.0,130.0
0.103,102.66666666666667,549.3333333333334
0.103,1097.0,39413.25
0.103,1243.3333333333333,67925.66666666667
0.103,1831.0,119224.0
0.103,3500.0,89480.5
0.103,3500.0,77939.0
0.103,65.5,285.0
0.103,1804.5,48107.5
0.103,1795.5,48615.0
0.103,578.0,26792.0
0.103,364.0,11803.0
0.103,2284.5,133999.5
0.103,2366.0,179538.33333333334
0.103,92.0,100.0
0.103,109.0,181.0
0.103,89.0,192.0
0.103,3500.0,154957.5
0.103,216.0,1866.0
0.104,3500.0,97923.0
0.104,69.0,89.0
0.104,96.0,202.0
0.104,3500.0,161835.5
0.104,1979.3333333333333,49966.0
0.104,3500.0,59136.0
0.104,1835.5,52320.0
0.104,3500.0,210116.0
0.104,781.8,50507.2
0.104,458.0,30264.833333333332
0.104,93.0,95.0
0.104,3500.0,107326.0
0.104,458.3333333333333,7617.666666666667
0.104,608.5,42200.0
0.104,1008.0,69571.0
0.104,268.5,12218.5
0.104,100.0,155.0
0.104,3500.0,162231.0
0.104,3500.0,101458.0
0.104,1024.0,34917.666666666664
0.104,1045.0,63986.0
0.104,1799.5,77907.5
0.104,2580.6666666666665,115231.66666666667
0.104,1546.0,65055.0
0.104,2370.6666666666665,130182.66666666667
0.104,150.5,268.0
0.104,97.0,151.0
0.104,1839.0,66477.0
0.104,2370.6666666666665,85242.0
0.104,2036.0,136763.0
0.104,319.25,7311.5
0.104,93.0,105.0
0.104,1158.5,40612.5
0.104,1704.0,29894.0
0.104,1782.0,62681.0
0.104,434.0,21211.0
0.104,664.0,1944.0
0.104,3500.0,79287.0
0.104,1780.5,115381.5
0.104,1593.3333333333333,58527.0
0.104,109.0,314.0
0.104,2352.0,97533.66666666667
0.104,622.0,56472.333333333336
0.104,1279.0,24304.0
0.104,1673.0,53294.0
0.104,1558.0,96506.0
0.104,405.0,29550.0
0.104,64.0,504.0
0.104,3500.0,181460.33333333334
0.104,1943.25,59203.75
0.104,1835.0,150229.0
0.104,1571.6666666666667,87183.66666666667
0.104,2719.0,146622.0
0.104,1036.0,81590.5
0.104,705.6666666666666,26422.333333333332
0.104,2074.5,59228.5
0.104,259.0,4681.5
0.104,1215.0,66073.25
0.104,3500.0,92643.0
0.104,3500.0,97412.0
0.104,1802.0,61598.666666666664
0.104,3500.0,107811.0
0.104,131.0,1819.0
0.104,898.5,37569.0
0.104,1929.0,121857.0
0.104,894.0,60346.0
0.104,216.0,12943.0
0.104,1246.3333333333333,50353.333333333336
0.104,1628.0,158409.66666666666
0.104,1844.0,109803.0
0.104,3500.0,68916.0
0.104,3500.0,117340.0
0.104,2373.0,97295.5
0.104,3500.0,138081.0
0.104,88.0,99.0
0.104,3500.0,226230.5
0.104,2298.0,137008.5
0.105,2598.0,53072.5
0.105,55.0,1549.0
0.105,1584.3333333333333,71596.66666666667
0.105,1217.3333333333333,60391.5
0.105,1784.0,32182.5
0.105,3500.0,71933.0
0.105,841.0,33951.0
0.105,274.5,6990.5
0.105,1259.6666666666667,30102.333333333332
0.105,213.0,315.0
0.105,1776.0,47983.0
0.105,3500.0,98020.0
0.105,2086.0,83506.0
0.105,731.0,26281.0
0.105,86.0,108.0
0.105,2036.75,92327.75
0.105,989.1428571428571,33664.71428571428
0.105,61.0,71.0
0.105,3500.0,145957.75
0.105,1817.5,85688.0
0.105,1485.0,34561.0
0.105,1858.0,95988.5
0.105,1517.0,60347.0
0.105,3500.0,162979.5
0.105,1798.5,78567.0
0.105,3500.0,69826.0
0.105,103.0,153.0
0.105,346.0,2274.0
0.105,1589.0,69945.0
0.105,732.0,64578.0
0.105,1009.0,18209.0
0.105,630.0,20680.0
0.105,3500.0,152932.0
0.105,2047.0,49748.5
0.105,3500.0,114163.0
0.105,60.0,427.0
0.105,1633.0,52552.0
0.105,864.0,35855.0
0.105,2345.0,69076.5
0.105,127.0,438.0
0.105,673.0,47169.333333333336
0.105,283.0,16737.0
0.105,3500.0,77797.0
0.105,3500.0,171358.0
0.105,339.0,7098.0
0.105,1424.5,45578.5
0.105,1069.0,68908.0
0.105,2353.0,108210.0
0.105,125.5,175.5
0.105,2782.0,96128.0
0.105,324.0,2691.0
0.105,3500.0,83022.0
0.105,3500.0,131714.0
0.105,76.0,136.0
0.105,85.5,486.0
0.105,791.0,45819.4
0.105,2661.75,119826.5
0.105,3500.0,97992.5
0.105,100.0,251.0
0.105,1819.0,37203.5
0.105,2166.0,71617.0
0.105,2147.5,104086.0
0.105,99.0,108.0
0.105,3500.0,187864.0
0.105,3500.0,166552.75
0.105,1793.5,57045.0
0.105,3500.0,99984.0
0.105,1041.0,56525.0
0.105,1820.5,25405.0
0.105,739.5,20928.0
0.105,3500.0,193041.0
0.105,344.5,9382.5
0.105,297.5,3390.5
0.105,362.0,23054.5
0.105,1805.3333333333333,110906.66666666667
0.106,3500.0,85329.0
0.106,1669.75,48629.5
0.106,1743.5,81433.0
0.106,1781.5,49194.0
0.106,2682.6666666666665,164290.33333333334
0.106,140.0,840.0
0.106,1751.5,87095.5
0.106,3500.0,245893.0
0.106,139.0,153.0
0.106,3500.0,254500.5
0.106,818.0,36462.0
0.106,45.0,56.0
0.106,1817.5,41264.5
0.106,652.0,46436.0
0.106,3500.0,100923.0
0.106,429.0,18288.0
0.106,83.5,256.5
0.106,2094.5,148687.0
0.106,777.0,17632.0
0.106,392.25,11008.5
0.106,2790.5,124458.0
0.106,3500.0,114878.0
0.106,1164.0,39869.0
0.106,872.5,45027.0
0.106,1055.5,55340.5
0.106,1038.0,66420.0
0.106,783.0,43215.0
0.106,62.0,486.0
0.106,3500.0,91946.0
0.106,2562.3333333333335,67513.0
0.106,3500.0,54762.0
0.106,78.0,104.0
0.106,2420.3333333333335,85090.0
0.106,516.0,21782.0
0.106,231.0,9869.0
0.106,2210.6666666666665,110761.0
0.106,3500.0,84179.0
0.106,3500.0,110126.0
0.106,81.0,97.0
0.106,877.0,28313.0
0.106,3500.0,243705.0
0.106,2379.0,77623.33333333333
0.106,3500.0,71579.0
0.106,2821.25,137692.75
0.106,1269.6666666666667,27982.333333333332
0.106,84.0,87.0
0.106,139.0,152.0
0.106,62.0,614.0
0.106,675.5,16206.0
0.106,1178.25,59894.25
0.106,724.0,40430.5
0.106,580.0,11929.0
0.106,106.5,373.0
0.106,204.0,1231.0
0.106,1505.0,93798.66666666667
0.106,692.0,47512.0
0.106,153.0,784.0
0.106,2677.0,140115.5
0.106,1783.0,36391.5
0.106,3500.0,158133.0
0.106,868.6,60713.8
0.106,3500.0,207420.0
0.106,2839.6666666666665,110731.33333333333
0.106,82.0,128.0
0.106,3500.0,70413.0
0.106,3500.0,106567.5
0.106,309.0,21602.0
0.106,3500.0,103302.0
0.106,276.3333333333333,14588.333333333334
0.107,1411.5,47660.5
0.107,2088.0,112620.0
0.107,1830.5,78396.0
0.107,734.5,19943.0
0.107,947.0,35626.5
0.107,2597.0,103494.0
0.107,3500.0,166629.0
0.107,106.0,155.0
0.107,3500.0,116423.0
0.107,1073.5,57256.0
0.107,2405.3333333333335,107689.0
0.107,1193.5,51834.5
0.107,1439.0,123152.0
0.107,3500.0,142758.0
0.107,3500.0,263956.5
0.107,1781.5,43198.5
0.107,1078.0,87618.5
0.107,532.3333333333334,10333.333333333334
0.107,2154.5,83658.5
0.107,1932.0,124424.0
0.107,1858.0,91823.5
0.107,2310.0,126366.5
0.107,482.0,19030.0
0.107,945.5,32389.5
0.107,1798.0,114687.0
0.107,131.0,157.0
0.107,453.0,13335.0
0.107,61.0,623.0
0.107,2580.6666666666665,103489.0
0.107,801.0,29581.0
0.107,1019.0,50317.0
0.107,1793.0,87347.0
0.107,1260.3333333333333,82890.33333333333
0.107,857.5,32804.5
0.107,3500.0,87661.0
0.107,428.3333333333333,23854.333333333332
0.107,348.0,11233.0
0.107,296.6666666666667,8059.0
0.107,93.0,104.0
0.107,144.0,277.0
0.107,1802.0,30526.5
0.107,1656.0,35212.0
0.107,1388.0,116441.0
0.107,89.5,101.5
0.107,3500.0,252031.0
0.107,1780.0,33411.0
0.107,1403.0,32972.0
0.107,3500.0,75561.0
0.107,1811.5,90266.0
0.107,1200.0,18100.0
0.107,1628.6,70181.0
0.107,128.0,172.0
0.107,3500.0,97477.0
0.107,3500.0,214992.0
0.107,999.0,45130.0
0.107,1778.0,70738.5
0.107,1878.0,151445.0
0.107,425.5,5265.0
0.107,2402.0,142399.0
0.107,1839.0,80309.0
0.107,110.0,250.0
0.107,3500.0,107721.0
0.107,1799.5,55379.5
0.107,96.5,172.5
0.107,3500.0,109636.0
0.107,707.0,32525.0
0.107,1794.5,73367.0
0.107,574.25,34354.5
0.107,3500.0,137457.0
0.107,1941.75,75821.0
0.107,120.0,160.0
0.107,88.0,91.0
0.108,77.0,370.5
0.108,1829.0,102582.5
0.108,2972.0,127011.0
0.108,82.0,983.0
0.108,207.0,924.0
0.108,171.0,383.0
0.108,3500.0,54925.0
0.108,2017.0,82258.0
0.108,1225.6666666666667,38217.666666666664
0.108,958.0,32772.5
0.108,2502.6666666666665,73124.66666666667
0.108,116.0,365.0
0.108,418.0,17003.666666666668
0.108,1972.0,42556.5
0.108,286.0,8442.0
0.108,2279.6,95963.6
0.108,2412.5,65080.5
0.108,3500.0,64150.0
0.108,2095.0,92100.0
0.108,3500.0,187800.0
0.108,3500.0,203869.5
0.108,3500.0,65613.0
0.108,3500.0,90297.5
0.108,88.0,98.0
0.108,1342.3333333333333,22334.666666666668
0.108,3500.0,175974.0
0.108,57.0,62.0
0.108,3500.0,147350.0
0.108,2303.5,88996.0
0.108,1824.5,76332.0
0.108,86.33333333333333,131.33333333333334
0.108,159.0,182.0
0.108,1493.3333333333333,78844.66666666667
0.108,744.5,31810.5
0.108,56.0,497.0
0.108,160.0,428.0
0.108,3500.0,154463.0
0.108,810.0,52262.5
0.108,1797.5,40432.5
0.108,87.0,144.0
0.108,90.0,445.0
0.108,84.0,1169.0
0.108,3500.0,270068.0
0.108,1812.0,87359.0
0.108,786.0,39807.0
0.108,2153.0,156206.0
0.108,3500.0,233385.0
0.108,2455.0,100078.0
0.108,2391.3333333333335,97288.66666666667
0.108,2063.6666666666665,70168.33333333333
0.108,3500.0,183514.0
0.108,1942.5,29055.5
0.108,3500.0,47349.0
0.108,3500.0,42959.0
0.108,1226.6666666666667,19992.666666666668
0.108,260.75,8840.75
0.108,81.0,157.0
0.108,672.5,38189.0
0.108,309.0,1764.0
0.108,950.5,22310.5
0.108,2512.0,93135.5
0.108,109.0,167.0
0.108,3500.0,236629.5
0.108,613.0,5337.0
0.108,1000.0,69902.0
0.108,2258.0,99027.5
0.108,3500.0,181999.0
0.108,1170.4,64640.4
0.108,1796.5,102705.5
0.108,349.0,12182.75
0.108,1364.0,50185.8
0.108,2249.0,87622.5
0.108,3500.0,59121.0
0.109,1796.5,56134.0
0.109,2648.0,117893.75
0.109,129.0,3439.0
0.109,915.4,47579.2
0.109,113.0,1217.0
0.109,421.0,6021.0
0.109,1490.0,76083.0
0.109,1389.0,78927.5
0.109,1331.5,57520.0
0.109,1349.0,65824.0
0.109,3500.0,196180.0
0.109,1297.6666666666667,48099.0
0.109,3500.0,178358.0
0.109,1294.0,34833.0
0.109,2622.5,148167.5
0.109,2000.5,60154.0
0.109,3500.0,85483.0
0.109,894.0,35314.0
0.109,136.0,157.0
0.109,775.0,58640.0
0.109,1799.5,78371.0
0.109,118.0,151.0
0.109,3500.0,142162.0
0.109,1227.0,48200.0
0.109,2425.0,147087.0
0.109,60.0,78.0
0.109,2536.25,100629.0
0.109,513.2,14406.8
0.109,3500.0,119923.5
0.109,1873.0,161020.0
0.109,3500.0,76914.0
0.109,571.0,22944.0
0.109,2858.5,106503.0
0.109,192.0,573.0
0.109,1412.0,31545.0
0.109,108.0,118.0
0.109,1858.5,83846.0
0.109,1042.0,47623.0
0.109,2351.0,121779.5
0.109,105.0,549.0
0.109,94.0,99.0
0.109,1861.0,150366.0
0.109,2655.0,143223.0
0.109,3500.0,135755.0
0.109,109.0,136.0
0.109,1051.0,29199.0
0.109,3500.0,115323.0
0.109,3500.0,219707.5
0.109,1942.0,78543.5
0.109,3500.0,137122.0
0.109,216.0,526.0
0.109,100.0,155.0
0.109,2330.0,101506.5
0.109,279.0,10897.0
0.109,2054.0,79882.0
0.109,2405.3333333333335,100604.33333333333
0.109,618.0,22025.0
0.109,1310.0,84262.5
0.109,1037.25,41950.0
0.109,216.0,5668.0
0.109,80.0,91.0
0.109,3500.0,83919.0
0.109,3500.0,139032.0
0.109,2058.0,114884.0
0.109,216.0,601.0
0.109,372.0,15495.0
0.109,496.25,14160.5
0.109,173.0,216.0
0.109,2695.6666666666665,98815.0
0.109,701.0,49605.0
0.109,3500.0,118985.0
0.109,156.0,399.0
0.109,3500.0,225581.0
0.11,3500.0,171253.0
0.11,201.0,416.0
0.11,1478.3333333333333,92371.0
0.11,134.0,320.0
0.11,1796.5,76975.25
0.11,174.0,311.0
0.11,3500.0,153760.0
0.11,66.0,90.0
0.11,1794.0,39153.0
0.11,2289.5,73953.0
0.11,3500.0,139265.0
0.11,3500.0,124804.0
0.11,3500.0,84458.0
0.11,3500.0,140487.0
0.11,2003.3333333333333,119736.66666666667
0.11,549.0,27150.5
0.11,102.0,216.5
0.11,2358.0,61983.333333333336
0.11,169.0,357.0
0.11,2274.0,101852.0
0.11,1801.5,59207.0
0.11,515.0,21390.5
0.11,3500.0,188609.0
0.11,119.5,157.5
0.11,2856.0,127670.0
0.11,2364.0,141750.66666666666
0.11,1694.6666666666667,79916.0
0.11,2339.5,144899.5
0.11,3500.0,103511.0
0.11,1929.7142857142858,91027.71428571429
0.11,3500.0,196890.0
0.11,3500.0,125705.0
0.11,2291.5,61607.0
0.11,53.0,55.0
0.11,2219.25,84627.25
0.11,1240.3333333333333,59933.0
0.11,1800.0,97213.5
0.11,1878.3333333333333,75373.66666666667
0.11,1827.5,63013.0
0.11,2405.3333333333335,60635.0
0.11,3500.0,112365.5
0.11,699.5,17720.0
0.11,1233.0,60216.0
0.11,1637.6666666666667,65164.0
0.11,1203.0,42408.0
0.11,109.0,156.0
0.11,83.0,93.0
0.11,2367.3333333333335,130572.33333333333
0.11,2105.0,58468.5
0.11,3500.0,111602.5
0.11,1256.5,54802.0
0.11,2686.0,142566.75
0.11,444.0,11902.0
0.11,901.0,42509.75
0.11,1828.5,83046.5
0.11,2642.25,101660.75
0.11,182.5,565.0
0.11,1440.75,49485.0
0.11,1994.0,69520.0
0.11,3500.0,137262.0
0.11,3500.0,160796.0
0.11,1957.0,68839.33333333333
0.11,108.0,148.0
0.11,1898.5,87456.0
0.11,3500.0,151041.0
0.11,2318.5,74956.0
0.11,486.0,9976.0
0.11,1782.0,44982.5
0.11,627.0,36570.0
0.11,2015.0,121547.0
0.11,500.0,5883.0
0.111,3500.0,53815.0
0.111,2753.0,120754.0
0.111,3500.0,153600.5
0.111,553.0,14916.0
0.111,1560.6666666666667,70477.33333333333
0.111,106.0,268.0
0.111,661.6666666666666,6821.666666666667
0.111,429.0,18699.0
0.111,567.0,41597.5
0.111,2363.3333333333335,122028.0
0.111,350.5,14774.0
0.111,3500.0,126645.0
0.111,3500.0,137218.0
0.111,2405.3333333333335,97081.66666666667
0.111,3500.0,147216.66666666666
0.111,1784.0,124979.5
0.111,148.0,6493.0
0.111,1964.0,71504.0
0.111,1781.0,61137.0
0.111,2050.5,122752.5
0.111,2154.75,80563.25
0.111,156.0,1033.0
0.111,2362.0,96113.66666666667
0.111,547.5,11458.75
0.111,3500.0,87267.0
0.111,3500.0,98116.5
0.111,1231.6666666666667,32611.666666666668
0.111,2032.25,73592.5
0.111,3500.0,123401.0
0.111,556.0,20084.0
0.111,3500.0,90956.0
0.111,1789.5,102326.5
0.111,1896.0,85354.0
0.111,1803.0,82963.5
0.111,62.0,635.0
0.111,1012.0,74207.0
0.111,2355.0,127827.0
0.111,2402.0,65389.5
0.111,1858.0,47433.0
0.111,65.0,755.0
0.111,1377.0,81937.0
0.111,216.0,3930.0
0.111,3500.0,211497.0
0.111,1853.0,45639.0
0.111,275.0,14050.0
0.111,108.0,133.0
0.111,211.0,2774.0
0.111,2359.3333333333335,143521.33333333334
0.111,3500.0,167602.0
0.111,1293.75,43895.25
0.111,3500.0,69966.0
0.111,75.0,114.0
0.111,2536.5,112927.0
0.111,2354.6666666666665,114389.0
0.111,2266.0,128305.5
0.111,2372.0,123768.5
0.111,80.0,86.0
0.111,728.0,46444.0
0.111,3500.0,117507.0
0.111,3500.0,182985.5
0.111,1590.3333333333333,50782.333333333336
0.111,112.0,116.0
0.111,2046.0,86144.5
0.111,2405.3333333333335,91995.0
0.111,697.0,23798.5
0.111,256.0,942.0
0.111,1788.0,52827.5
0.111,479.0,23992.0
0.111,489.3333333333333,28503.333333333332
0.111,154.0,262.0
0.111,3500.0,186976.5
0.112,3500.0,77447.0
0.112,2364.6666666666665,138786.66666666666
0.112,637.0,12800.0
0.112,3500.0,157089.0
0.112,1996.0,91694.5
0.112,103.0,138.0
0.112,691.0,46452.0
0.112,231.0,1000.0
0.112,1084.0,69855.0
0.112,2283.0,39528.0
0.112,710.0,23692.0
0.112,1794.5,85040.0
0.112,181.0,474.0
0.112,3500.0,192498.5
0.112,2364.6666666666665,71531.66666666667
0.112,734.0,19551.333333333332
0.112,93.5,331.5
0.112,3500.0,207647.0
0.112,80.0,87.0
0.112,529.5,28768.0
0.112,3500.0,102769.0
0.112,876.0,17925.0
0.112,3500.0,91016.0
0.112,2392.6666666666665,44593.0
0.112,486.0,5237.0
0.112,1849.0,92358.0
0.112,2000.0,133350.0
0.112,102.0,148.0
0.112,3500.0,160166.0
0.112,302.5,13555.5
0.112,2414.3333333333335,110878.0
0.112,2056.5,65147.0
0.112,3500.0,174422.0
0.112,2532.0,68623.0
0.112,216.0,982.5
0.112,3500.0,143514.0
0.112,179.0,286.0
0.112,3500.0,81470.0
0.112,2652.5,156727.0
0.112,650.0,5692.0
0.112,3500.0,79614.0
0.112,1239.6,37082.4
0.112,885.5,35920.0
0.112,71.0,96.0
0.112,1815.2,100903.8
0.112,1243.75,92460.75
0.112,99.0,150.5
0.112,3500.0,97970.0
0.112,3500.0,246102.0
0.112,2380.6666666666665,73627.33333333333
0.112,2361.6666666666665,106908.66666666667
0.112,3500.0,72656.0
0.112,239.0,821.0
0.112,816.0,30263.0
0.112,597.0,31863.0
0.112,1239.2,41252.8
0.112,2570.3333333333335,130896.33333333333
0.112,3500.0,131413.0
0.112,147.0,158.0
0.112,3500.0,167613.0
0.112,96.0,98.0
0.112,3500.0,102065.0
0.112,1004.0,19479.0
0.112,1846.5,62397.5
0.112,3500.0,108182.0
0.112,1269.0,88641.0
0.112,518.0,20070.0
0.112,1583.0,59727.0
0.113,217.0,1581.5
0.113,3500.0,134966.0
0.113,3500.0,107188.0
0.113,3500.0,61330.0
0.113,3500.0,89453.0
0.113,2533.5,69926.0
0.113,1440.6666666666667,67923.33333333333
0.113,3500.0,91318.0
0.113,89.0,117.0
0.113,2571.0,147065.5
0.113,3500.0,104449.0
0.113,1319.0,46219.0
0.113,3500.0,82300.0
0.113,322.0,5187.5
0.113,1803.0,121552.5
0.113,318.0,4418.0
0.113,618.0,14006.0
0.113,1792.0,64071.0
0.113,961.25,33774.75
0.113,866.5,34659.5
0.113,228.0,1813.5
0.113,3127.0,156961.0
0.113,1794.0,73203.0
0.113,192.0,454.0
0.113,63.0,573.0
0.113,2357.6666666666665,88996.66666666667
0.113,1977.5,111681.0
0.113,1763.5,52386.5
0.113,143.0,338.0
0.113,3500.0,186654.0
0.113,3500.0,109848.0
0.113,2330.0,144618.5
0.113,859.5,35841.0
0.113,2275.0,75336.5
0.113,2565.6666666666665,88540.33333333333
0.113,1926.5,98106.0
0.113,1757.6666666666667,85908.0
0.113,2090.0,49541.0
0.113,129.0,1455.0
0.113,1311.0,70072.5
0.113,3500.0,133858.0
0.113,216.0,1975.0
0.113,608.3333333333334,23757.666666666668
0.113,3500.0,182579.0
0.113,1794.5,112566.0
0.113,67.0,640.0
0.113,1211.8,55044.0
0.113,3500.0,79281.0
0.113,3500.0,182523.0
0.113,3500.0,80678.0
0.113,3500.0,152293.0
0.113,161.0,1947.0
0.113,1624.0,46330.5
0.113,538.0,10022.0
0.113,3500.0,134215.0
0.113,1209.3333333333333,68787.66666666667
0.113,197.0,1379.0
0.113,1639.6,68998.2
0.113,1951.5,95427.5
0.113,3500.0,182683.0
0.113,1813.5,80645.5
0.113,155.0,1223.0
0.113,2366.0,141356.66666666666
0.113,1780.0,85415.5
0.113,64.0,624.0
0.113,2354.6666666666665,70079.66666666667
0.113,3500.0,155913.5
0.113,2002.0,113975.0
0.113,2605.0,139929.0
0.113,96.5,126.5
0.113,607.0,11839.0
0.114,97.0,103.0
0.114,3500.0,176358.5
0.114,3500.0,124812.0
0.114,114.0,1208.0
0.114,1827.5,82868.25
0.114,2235.5,133329.0
0.114,340.0,3050.0
0.114,95.0,101.0
0.114,2323.0,66028.5
0.114,466.0,21701.0
0.114,2049.0,107639.25
0.114,91.0,143.0
0.114,1859.3333333333333,62840.333333333336
0.114,2365.3333333333335,84188.33333333333
0.114,117.0,590.0
0.114,1816.0,51886.0
0.114,136.0,245.0
0.114,1239.6666666666667,25609.666666666668
0.114,821.0,23178.5
0.114,1858.0,62802.0
0.114,3500.0,101331.0
0.114,3500.0,95716.0
0.114,1813.5,59286.5
0.114,2668.75,102224.0
0.114,263.3333333333333,12428.0
0.114,216.0,1320.0
0.114,460.0,16257.0
0.114,823.0,44031.0
0.114,3500.0,243589.0
0.114,3500.0,194391.0
0.114,3500.0,184175.0
0.114,266.0,598.0
0.114,1424.0,60102.333333333336
0.114,3500.0,211523.0
0.114,3500.0,63517.0
0.114,1119.0,59794.0
0.114,3500.0,87376.5
0.114,3500.0,174928.0
0.114,700.5,15347.5
0.114,1701.0,97676.0
0.114,2150.4,81160.4
0.114,404.0,3426.0
0.114,1829.5,61353.0
0.114,1521.0,63085.666666666664
0.114,866.0,47779.0
0.114,1853.5,105152.5
0.114,88.0,96.0
0.114,356.0,17037.0
0.114,3500.0,284182.0
0.114,1126.0,24486.25
0.114,913.0,51624.0
0.114,3500.0,129351.0
0.114,1242.0,93041.0
0.114,1111.75,50171.75
0.114,92.0,767.0
0.114,2643.3333333333335,141570.66666666666
0.114,3500.0,112002.0
0.114,1113.75,33328.25
0.114,70.0,80.0
0.114,842.0,17597.0
0.114,3500.0,100979.0
0.114,3500.0,168964.0
0.114,1795.0,49608.0
0.114,3500.0,150310.66666666666
0.114,2269.5,61297.0
0.114,889.0,39711.0
0.114,3500.0,44948.0
0.114,2132.5,106660.5
0.114,3500.0,138635.0
0.114,715.5,39667.5
0.114,2606.5,122923.0
0.114,121.0,139.0
0.114,3500.0,206446.0
0.114,233.0,2975.0
0.114,2053.0,76549.0
0.114,950.5,60603.5
0.114,1414.0,94433.0
0.115,1775.5,75127.5
0.115,3500.0,223262.0
0.115,3500.0,171072.5
0.115,2639.3333333333335,131950.0
0.115,187.0,567.0
0.115,150.5,675.5
0.115,91.0,108.0
0.115,3500.0,88321.0
0.115,1798.5,57293.5
0.115,3500.0,104128.0
0.115,2272.5,144106.0
0.115,568.0,36425.0
0.115,539.0,23191.0
0.115,3500.0,106114.0
0.115,3500.0,122098.5
0.115,1364.3333333333333,33554.666666666664
0.115,3500.0,101849.0
0.115,3500.0,104379.0
0.115,3500.0,157948.0
0.115,115.0,134.0
0.115,1817.5,53487.5
0.115,3500.0,90636.0
0.115,1161.25,47160.5
0.115,3500.0,159119.66666666666
0.115,3500.0,123659.0
0.115,1984.5,52030.0
0.115,3500.0,225485.0
0.115,642.0,37544.0
0.115,102.0,206.0
0.115,2913.3333333333335,148260.33333333334
0.115,3500.0,158264.66666666666
0.115,3500.0,112873.0
0.115,53.0,64.0
0.115,83.0,885.0
0.115,1974.0,76287.75
0.115,3500.0,245599.0
0.115,370.0,30481.0
0.115,1005.0,28883.0
0.115,139.5,1071.0
0.115,2369.5,72915.5
0.115,611.3333333333334,48998.333333333336
0.115,59.0,565.0
0.115,376.0,17028.0
0.115,1283.0,39680.0
0.115,2752.5,202054.5
0.115,1513.0,113843.0
0.115,1852.5,69429.5
0.115,1798.5,107998.5
0.115,304.0,8779.0
0.115,126.0,161.0
0.115,885.25,32510.0
0.115,3500.0,122392.0
0.115,497.75,21428.25
0.115,1465.0,28502.666666666668
0.115,3500.0,111169.0
0.115,96.0,100.0
0.115,3500.0,86446.0
0.115,720.0,19959.0
0.115,1777.3333333333333,85465.0
0.115,3500.0,165083.0
0.115,83.0,182.0
0.115,1458.75,41312.0
0.115,3500.0,106165.0
0.115,539.0,7357.0
0.115,97.0,154.0
0.115,1735.6666666666667,82269.33333333333
0.115,2448.3333333333335,83544.0
0.115,3500.0,228293.0
0.115,97.0,148.0
0.115,3500.0,164072.0
0.115,1707.0,74253.0
0.115,750.0,44813.0
0.115,1039.0,20838.0
0.116,99.0,106.0
0.116,3500.0,120833.0
0.116,2365.3333333333335,136297.33333333334
0.116,1946.5,65672.5
0.116,3500.0,84290.0
0.116,2363.6666666666665,64845.333333333336
0.116,2364.6666666666665,113159.33333333333
0.116,1386.3333333333333,59418.333333333336
0.116,2354.3333333333335,90585.66666666667
0.116,3500.0,221010.0
0.116,3500.0,194891.0
0.116,323.0,8906.5
0.116,1876.0,146299.0
0.116,1806.2,75557.2
0.116,563.0,37796.5
0.116,1276.0,66198.0
0.116,1849.0,134054.0
0.116,182.0,230.0
0.116,64.0,435.0
0.116,97.0,104.0
0.116,2572.5,105823.5
0.116,2405.3333333333335,113713.66666666667
0.116,549.0,27337.0
0.116,3500.0,207453.0
0.116,3500.0,74070.0
0.116,81.0,148.0
0.116,1114.2,59128.0
0.116,2366.3333333333335,84943.66666666667
0.116,96.0,139.0
0.116,600.0,8711.0
0.116,594.0,46398.333333333336
0.116,2107.5,80650.5
0.116,1079.0,64167.0
0.116,1858.0,50647.5
0.116,1053.0,40155.0
0.116,1233.5,34528.25
0.116,3500.0,81019.0
0.116,836.5,30978.5
0.116,1801.0,112612.0
0.116,2354.0,84522.0
0.116,2529.0,154844.0
0.116,810.0,45332.0
0.116,3500.0,100169.0
0.116,1035.0,105002.0
0.116,384.0,6755.0
0.116,82.0,104.0
0.116,98.0,214.0
0.116,3500.0,81957.0
0.116,1115.0,52929.5
0.116,2948.6666666666665,98464.66666666667
0.116,1762.6666666666667,80017.33333333333
0.116,222.0,1945.0
0.116,94.0,100.0
0.116,1481.3333333333333,49369.0
0.116,121.0,1401.0
0.116,3500.0,125669.0
0.116,2023.5,50634.0
0.116,1950.0,78541.0
0.116,1795.0,110208.0
0.116,2441.0,125236.0
0.116,3500.0,122306.0
0.116,3500.0,136578.0
0.116,3076.0,96883.0
0.116,1811.0,100594.5
0.116,108.0,113.0
0.116,3500.0,113934.33333333333
0.116,136.0,1648.0
0.116,1002.5,38485.5
0.116,1778.5,64890.0
0.116,676.6666666666666,32144.333333333332
0.116,1321.0,63982.0
0.116,2790.0,146440.0
0.116,3500.0,168284.0
0.116,77.0,94.5
0.116,2092.5,138435.25
0.116,1609.0,157725.0
0.117,65.0,104.5
0.117,2170.5,89332.5
0.117,3500.0,71908.0
0.117,3500.0,205742.5
0.117,101.0,159.0
0.117,79.0,89.0
0.117,1983.0,113187.0
0.117,1797.5,67920.5
0.117,786.0,19137.0
0.117,118.0,135.0
0.117,783.0,31783.0
0.117,2251.0,59645.5
0.117,1269.0,26566.666666666668
0.117,3500.0,137214.0
0.117,1995.4,84679.8
0.117,1913.0,69149.5
0.117,3500.0,193678.0
0.117,1797.5,71550.5
0.117,886.0,34564.0
0.117,313.0,16780.5
0.117,1917.25,72277.0
0.117,3500.0,113266.0
0.117,1366.0,59285.0
0.117,3500.0,108389.0
0.117,1898.0,66207.0
0.117,3500.0,197905.5
0.117,2469.0,90405.0
0.117,1190.75,38836.0
0.117,705.0,28204.0
0.117,665.0,22225.0
0.117,2409.5,92037.5
0.117,3500.0,150312.5
0.117,2413.0,117036.0
0.117,2282.5,77731.0
0.117,2065.0,88566.25
0.117,1358.0,30741.666666666668
0.117,1798.5,64281.0
0.117,1804.0,73075.5
0.117,1799.0,121699.5
0.117,658.0,7393.0
0.117,3500.0,145456.0
0.117,636.0,41051.666666666664
0.117,3500.0,187775.0
0.117,1281.25,38782.5
0.117,164.0,445.0
0.117,2264.5,90765.5
0.117,3500.0,143176.0
0.117,692.0,29820.0
0.117,2734.3333333333335,120243.66666666667
0.117,3500.0,160103.0
0.117,3500.0,233741.0
0.117,436.3333333333333,25701.333333333332
0.117,3500.0,42629.0
0.117,1797.5,80869.5
0.117,42.0,839.0
0.117,99.5,209.5
0.117,2405.3333333333335,141346.0
0.117,1765.0,99426.5
0.117,3500.0,160706.0
0.117,2253.5,150340.5
0.117,169.0,205.0
0.117,1964.25,63672.0
0.117,79.0,91.0
0.117,1801.0,69392.5
0.117,83.0,111.0
0.117,365.0,14148.0
0.117,3500.0,80207.0
0.117,2652.25,112752.25
0.117,800.0,30384.0
0.118,1335.3333333333333,73455.0
0.118,3500.0,228917.0
0.118,104.0,113.0
0.118,3500.0,127642.0
0.118,2254.0,125709.5
0.118,3500.0,97282.0
0.118,3500.0,75947.0
0.118,3500.0,120688.33333333333
0.118,2844.6666666666665,163840.33333333334
0.118,996.5,46062.0
0.118,1631.6666666666667,50262.0
0.118,72.0,864.0
0.118,609.5,23627.5
0.118,1858.0,105698.0
0.118,1433.0,146993.0
0.118,3500.0,174637.0
0.118,2678.0,132318.5
0.118,2253.5,59912.5
0.118,2440.0,147842.66666666666
0.118,3500.0,155850.0
0.118,1820.0,91041.5
0.118,85.0,144.0
0.118,3500.0,162664.0
0.118,302.0,6027.0
0.118,1997.0,91417.0
0.118,304.3333333333333,9824.0
0.118,86.0,100.0
0.118,1150.0,36347.0
0.118,688.5,28250.0
0.118,3500.0,151979.0
0.118,3500.0,212620.0
0.118,2353.6666666666665,114287.0
0.118,2329.5,58953.5
0.118,3500.0,192566.0
0.118,1618.3333333333333,55109.333333333336
0.118,1799.0,58421.0
0.118,1789.5,48497.0
0.118,1817.0,51796.5
0.118,184.0,344.0
0.118,2275.285714285714,71617.71428571429
0.118,2941.3333333333335,179786.66666666666
0.118,155.0,479.0
0.118,216.0,6269.0
0.118,1799.0,71775.0
0.118,420.0,11348.0
0.118,3500.0,121956.0
0.118,89.0,97.0
0.118,3500.0,160171.5
0.118,61.0,407.0
0.118,3500.0,203305.0
0.118,2667.0,86946.25
0.118,711.0,23525.0
0.118,1971.5,103120.5
0.118,3500.0,135953.0
0.118,694.0,20806.0
0.118,920.5,56274.0
0.118,144.5,363.5
0.118,1256.0,47125.666666666664
0.118,3500.0,48604.0
0.118,3500.0,82426.0
0.118,1646.6666666666667,114755.0
0.118,3500.0,83610.0
0.118,3500.0,83093.0
0.118,173.0,301.0
0.118,806.5,24558.0
0.118,136.0,151.0
0.118,458.0,15019.0
0.118,278.5,12160.0
0.118,3500.0,269203.0
0.118,549.0,8580.0
0.118,68.0,553.0
0.118,216.0,7958.0
0.118,216.0,1846.0
0.119,100.0,101.0
0.119,3500.0,94975.0
0.119,913.0,36412.5
0.119,3500.0,215007.5
0.119,633.5,40294.75
0.119,3500.0,190833.0
0.119,2021.0,114240.0
0.119,1052.5,48339.0
0.119,3500.0,212226.0
0.119,1720.6666666666667,47994.666666666664
0.119,1041.0,48047.0
0.119,3500.0,141403.5
0.119,1025.5,89624.0
0.119,82.0,91.0
0.119,59.0,70.0
0.119,3500.0,101242.0
0.119,1795.5,80097.0
0.119,3500.0,118892.0
0.119,3500.0,132523.66666666666
0.119,1288.0,24353.0
0.119,2446.0,115532.33333333333
0.119,1784.5,77842.5
0.119,145.0,151.0
0.119,146.0,439.0
0.119,108.0,2214.0
0.119,1479.75,62101.25
0.119,78.0,271.0
0.119,1799.0,110338.75
0.119,1037.0,67636.0
0.119,911.0,18073.0
0.119,97.0,240.0
0.119,3500.0,125024.0
0.119,283.3333333333333,11365.666666666666
0.119,3500.0,114482.0
0.119,1395.5,79125.5
0.119,3500.0,167100.5
0.119,2459.5,120988.0
0.119,3500.0,164399.0
0.119,1220.3333333333333,32290.0
0.119,110.0,246.0
0.119,2360.3333333333335,89448.33333333333
0.119,3500.0,98397.0
0.119,66.0,616.0
0.119,1787.25,83353.25
0.119,2253.5,119620.5
0.119,376.0,16280.75
0.119,2260.0,86851.0
0.119,2158.5,91589.5
0.119,98.0,104.0
0.119,478.0,16825.0
0.119,1841.0,52632.0
0.119,1023.0,43907.0
0.119,3500.0,133315.0
0.119,95.33333333333333,1108.3333333333333
0.119,2159.2,49098.4
0.119,3500.0,146513.0
0.119,2353.6666666666665,142256.33333333334
0.119,3500.0,111952.0
0.119,1926.5,77072.0
0.119,303.5,19040.0
0.119,1797.5,43464.0
0.119,1786.5,107412.0
0.119,3500.0,68009.5
0.119,2371.3333333333335,56773.666666666664
0.119,3500.0,171224.0
0.119,3500.0,81412.0
0.119,3500.0,137743.66666666666
0.119,1065.0,50879.666666666664
0.12,15.0,135.0
0.12,906.0,46285.5
0.12,2116.5,65429.0
0.12,99.0,269.0
0.12,562.0,8645.0
0.12,3500.0,167253.0
0.12,3500.0,66439.0
0.12,3500.0,179408.5
0.12,177.0,500.0
0.12,1148.0,75932.0
0.12,425.3333333333333,14207.333333333334
0.12,2027.0,96931.0
0.12,3500.0,185536.0
0.12,1325.0,42513.0
0.12,61.0,75.0
0.12,2051.0,124912.0
0.12,90.0,105.0
0.12,126.0,144.0
0.12,3500.0,131422.0
0.12,3500.0,104394.0
0.12,1004.4,22909.6
0.12,2040.0,56144.0
0.12,80.0,92.0
0.12,3500.0,137761.0
0.12,1503.0,51055.0
0.12,1028.0,41331.0
0.12,236.0,7709.0
0.12,312.0,8569.0
0.12,1794.0,96417.8
0.12,3500.0,203278.0
0.12,678.0,14094.5
0.12,3500.0,175230.0
0.12,3500.0,95616.0
0.12,596.0,32282.0
0.12,1801.0,105234.0
0.12,414.5,23381.0
0.12,216.0,1124.0
0.12,1494.0,96899.0
0.12,114.0,116.0
0.12,1884.0,53873.5
0.12,2425.0,76878.5
0.12,1251.0,75760.0
0.12,3500.0,213836.0
0.12,3500.0,133849.0
0.12,3500.0,163392.66666666666
0.12,166.0,206.0
0.12,1882.0,61465.0
0.12,3500.0,253321.0
0.12,68.0,862.0
0.12,2601.0,62544.0
0.12,87.0,97.0
0.12,1221.2,57038.8
0.12,3500.0,200729.0
0.12,1801.5,60114.0
0.12,127.0,432.0
0.12,62.0,486.0
0.12,3500.0,125103.0
0.12,99.0,100.0
0.12,1788.0,58267.5
0.12,2465.0,155638.5
0.12,485.0,4869.0
0.12,2310.0,89844.0
0.12,1231.0,38696.0
0.12,3500.0,75214.0
0.12,2523.6666666666665,71988.33333333333
0.12,3500.0,178689.0
0.12,3500.0,158550.5
0.12,816.5,20199.0
0.12,826.0,18012.0
0.12,2700.0,100053.33333333333
0.12,1787.0,74263.5
0.12,3500.0,141918.0
0.12,120.5,273.0
0.12,2101.75,58575.5
0.12,3500.0,133879.0
0.12,616.0,12194.0
0.12,1670.6,80266.8
0.12,134.0,234.0
0.121,189.0,512.0
0.121,1107.0,36222.5
0.121,1795.5,41627.0
0.121,161.33333333333334,830.6666666666666
0.121,1791.5,60128.5
0.121,1828.0,88197.5
0.121,164.0,1046.0
0.121,690.0,32152.0
0.121,3500.0,121685.66666666667
0.121,1223.3333333333333,43809.666666666664
0.121,2315.5,154954.5
0.121,857.0,25174.5
0.121,1815.0,49369.0
0.121,112.5,597.5
0.121,3500.0,120513.0
0.121,3500.0,173011.25
0.121,1794.5,83054.5
0.121,3500.0,222363.0
0.121,1483.0,81554.66666666667
0.121,2247.5,101447.5
0.121,224.5,6210.5
0.121,561.0,40309.0
0.121,1888.0,58534.0
0.121,581.0,32963.0
0.121,140.0,594.0
0.121,184.0,2792.0
0.121,1793.75,71792.75
0.121,91.0,141.0
0.121,2364.3333333333335,134676.0
0.121,315.5,8288.5
0.121,231.5,2258.5
0.121,1419.75,66131.0
0.121,817.0,32183.0
0.121,665.0,23505.0
0.121,3500.0,148162.0
0.121,1553.3333333333333,49975.666666666664
0.121,951.0,93636.5
0.121,485.0,4337.0
0.121,3500.0,140049.0
0.121,3500.0,150400.0
0.121,1789.5,73527.5
0.121,2007.0,80390.0
0.121,89.0,102.0
0.121,105.5,290.5
0.121,3500.0,157579.0
0.121,3500.0,93530.0
0.121,3500.0,159109.0
0.121,193.66666666666666,6206.0
0.121,2034.0,69098.5
0.121,1534.0,46002.0
0.121,994.0,54702.0
0.121,682.0,20616.0
0.121,3500.0,170906.5
0.121,199.0,14248.0
0.121,1239.6666666666667,60917.0
0.121,2284.5,96548.0
0.121,1529.3333333333333,45423.333333333336
0.121,2372.0,115653.33333333333
0.121,1815.0,94399.0
0.121,1883.6,69663.2
0.121,3500.0,170136.0
0.121,3500.0,104573.0
0.121,2286.0,77765.0
0.121,282.0,10441.0
0.121,2618.0,138477.0
0.121,3500.0,140543.66666666666
0.121,1196.0,42027.0
0.121,1793.5,94566.5
0.121,3500.0,214857.0
0.121,132.0,188.0
0.122,3500.0,117195.0
0.122,3500.0,103611.0
0.122,3500.0,90824.0
0.122,169.0,276.0
0.122,3500.0,108495.0
0.122,216.0,2691.0
0.122,2324.5,181645.0
0.122,1858.0,73607.5
0.122,2774.6666666666665,131314.66666666666
0.122,112.0,141.0
0.122,3500.0,97001.0
0.122,3500.0,131558.0
0.122,2031.5,137071.5
0.122,3500.0,86580.5
0.122,1275.0,47962.0
0.122,3500.0,242338.0
0.122,1168.5,90560.5
0.122,1819.5,52973.5
0.122,2781.75,137060.5
0.122,858.0,3198.0
0.122,1140.0,102539.0
0.122,1962.0,83752.0
0.122,2142.0,84102.5
0.122,122.0,603.0
0.122,1315.0,73024.0
0.122,60.0,741.0
0.122,3500.0,143004.0
0.122,734.6666666666666,34138.333333333336
0.122,1320.0,88527.0
0.122,1955.5,84934.5
0.122,1855.5,98546.0
0.122,3500.0,172651.0
0.122,2070.5,51840.0
0.122,284.0,3220.0
0.122,3500.0,147029.0
0.122,3500.0,104722.0
0.122,84.0,207.0
0.122,960.5,46475.75
0.122,1855.0,61797.0
0.122,2382.3333333333335,70244.33333333333
0.122,3500.0,129373.0
0.122,1424.0,47557.0
0.122,1763.0,138490.0
0.122,3500.0,74571.0
0.122,2388.0,106301.33333333333
0.122,1896.5,58790.75
0.122,3500.0,128264.0
0.122,783.0,14975.0
0.122,1834.0,38818.0
0.122,1955.0,114334.0
0.122,1987.25,87468.25
0.122,102.0,118.0
0.122,428.0,12861.0
0.122,3500.0,153161.0
0.122,116.5,332.5
0.122,3500.0,154499.0
0.122,2050.5,73988.0
0.122,1200.0,46476.0
0.122,1829.5,41497.5
0.122,3500.0,106206.0
0.122,3500.0,83519.0
0.122,1797.5,43576.0
0.122,798.0,35575.0
0.122,1229.0,47940.0
0.122,1788.5,81146.5
0.122,186.0,820.0
0.122,2645.25,93866.25
0.122,1128.0,18022.0
0.122,95.5,102.5
0.122,439.0,8048.0
0.122,2106.5,55476.5
0.122,2581.0,73499.33333333333
0.123,219.0,672.0
0.123,210.0,3993.0
0.123,3500.0,117304.0
0.123,1797.5,61976.0
0.123,85.0,150.0
0.123,3500.0,235116.0
0.123,3500.0,282247.0
0.123,1790.5,103522.5
0.123,276.0,10502.0
0.123,3500.0,78151.0
0.123,1447.0,104423.5
0.123,216.0,398.0
0.123,3500.0,125022.0
0.123,1014.0,68829.0
0.123,91.0,95.0
0.123,2026.3333333333333,122521.33333333333
0.123,2375.3333333333335,134354.33333333334
0.123,167.0,1102.0
0.123,3500.0,179004.0
0.123,3500.0,145137.0
0.123,102.0,200.0
0.123,1812.0,101265.5
0.123,1106.0,36923.0
0.123,1942.0,65596.0
0.123,1863.5,91292.5
0.123,451.6666666666667,28783.0
0.123,120.5,217.0
0.123,3500.0,144092.0
0.123,2842.6,144042.6
0.123,139.5,271.0
0.123,607.5,18045.0
0.123,3500.0,120344.0
0.123,3500.0,63105.0
0.123,3500.0,60708.0
0.123,2650.0,112183.5
0.123,3500.0,172644.0
0.123,2587.5,92447.5
0.123,2157.0,134010.0
0.123,2360.6666666666665,43011.666666666664
0.123,3500.0,244123.0
0.123,662.6666666666666,18433.0
0.123,3500.0,54544.0
0.123,3500.0,197757.0
0.123,1069.4,53720.4
0.123,3500.0,98211.0
0.123,111.0,162.0
0.123,2657.0,153399.5
0.123,117.0,142.0
0.123,2718.3333333333335,108088.33333333333
0.123,1239.0,20817.333333333332
0.123,1819.0,59950.0
0.123,1792.5,56945.5
0.123,3500.0,168417.0
0.123,1180.75,72620.0
0.123,701.3333333333334,28619.333333333332
0.123,2535.5,106011.5
0.123,97.0,111.0
0.123,1309.0,88602.0
0.123,3500.0,138362.0
0.123,3500.0,116344.0
0.123,640.0,12913.0
0.123,109.5,114.0
0.123,3500.0,80288.0
0.123,2762.5,195894.5
0.123,2390.3333333333335,132288.66666666666
0.123,1770.0,60388.5
0.123,407.5,16778.0
0.123,3500.0,151547.0
0.123,3500.0,158355.0
0.123,609.0,15558.0
0.123,3500.0,217798.0
0.123,2632.5,118049.5
0.123,216.0,985.0
0.123,1817.5,67044.5
0.123,1236.0,31247.666666666668
0.123,3500.0,177803.5
0.123,1938.0,108005.0
0.123,3500.0,264565.0
0.123,410.0,22047.0
0.124,1020.0,49434.25
0.124,3500.0,217988.0
0.124,3500.0,112803.0
0.124,1934.0,134722.0
0.124,3500.0,173272.0
0.124,1795.0,43200.0
0.124,2854.6666666666665,106911.66666666667
0.124,3500.0,169456.0
0.124,2274.0,144161.5
0.124,1858.0,74082.5
0.124,3500.0,218285.0
0.124,3500.0,90704.0
0.124,3500.0,170814.0
0.124,3500.0,158257.0
0.124,1123.0,99864.0
0.124,3500.0,97328.0
0.124,205.0,2601.0
0.124,3500.0,79988.0
0.124,88.0,93.0
0.124,1798.0,90166.0
0.124,250.0,8915.333333333334
0.124,97.0,104.0
0.124,1763.0,55123.0
0.124,3500.0,191436.0
0.124,690.0,34071.0
0.124,86.0,97.0
0.124,113.0,129.0
0.124,3500.0,184182.0
0.124,1795.0,131060.0
0.124,3500.0,245050.0
0.124,3500.0,232379.0
0.124,3500.0,161337.33333333334
0.124,1797.5,98815.0
0.124,190.0,298.0
0.124,2938.5,140189.5
0.124,535.75,27469.75
0.124,101.0,104.0
0.124,378.3333333333333,7177.666666666667
0.124,275.0,4264.0
0.124,336.5,12647.0
0.124,2362.3333333333335,115875.33333333333
0.124,152.0,329.0
0.124,3500.0,98125.0
0.124,2717.6666666666665,140886.0
0.124,892.0,43091.0
0.124,202.5,1189.0
0.124,152.0,209.0
0.124,298.0,11787.0
0.124,2902.0,102768.33333333333
0.124,70.0,98.0
0.124,3500.0,293924.0
0.124,165.0,304.0
0.124,98.0,1024.0
0.124,1766.0,50375.666666666664
0.124,496.0,23024.0
0.124,1799.0,89401.5
0.124,3500.0,101950.0
0.124,2107.0,107580.5
0.124,3500.0,114778.5
0.124,2673.5,85612.75
0.124,1947.5,107773.0
0.124,2027.5,99596.5
0.124,3500.0,209172.0
0.124,1892.0,156385.0
0.124,3500.0,195574.0
0.124,3500.0,189355.0
0.124,705.0,35057.0
0.124,2251.0,112620.0
0.124,456.5,15809.0
0.124,95.0,96.0
0.124,3500.0,198576.0
0.124,2057.5,54382.0
0.124,1782.5,61455.5
0.124,2024.25,74855.75
0.125,65.0,725.0
0.125,1511.0,106514.0
0.125,891.0,83475.0
0.125,3500.0,178116.5
0.125,1054.3333333333333,35378.333333333336
0.125,2545.6666666666665,93505.66666666667
0.125,1787.5,48165.0
0.125,63.0,544.0
0.125,1600.0,48219.0
0.125,155.0,355.5
0.125,93.0,158.0
0.125,2540.0,126601.5
0.125,2680.25,118189.25
0.125,3500.0,115416.5
0.125,1818.0,65802.5
0.125,488.0,21483.0
0.125,1392.0,134117.0
0.125,242.0,337.0
0.125,3500.0,157654.5
0.125,3500.0,123825.0
0.125,3500.0,144832.5
0.125,1819.5,60968.0
0.125,2056.5,62668.5
0.125,1244.6666666666667,26671.333333333332
0.125,2626.3333333333335,93458.66666666667
0.125,1224.0,69252.0
0.125,3500.0,267728.0
0.125,3500.0,103866.0
0.125,113.5,577.25
0.125,350.0,12953.0
0.125,1130.5,77728.0
0.125,2002.3333333333333,86167.33333333333
0.125,2044.5,77709.0
0.125,1035.0,68914.0
0.125,1634.0,84038.0
0.125,1200.0,33049.0
0.125,1368.3333333333333,56662.333333333336
0.125,1070.0,26759.0
0.125,648.75,16564.25
0.125,150.5,438.0
0.125,1423.6666666666667,90265.66666666667
0.125,3500.0,107200.0
0.125,2673.0,43140.0
0.125,480.3333333333333,22288.333333333332
0.125,69.0,83.5
0.125,1018.5,56345.0
0.125,1278.0,40413.666666666664
0.125,3500.0,153822.0
0.125,410.0,20914.5
0.125,1338.75,43441.25
0.125,228.0,841.0
0.125,1936.5,90443.5
0.125,1398.0,48253.75
0.125,1786.5,88029.5
0.125,3500.0,105584.0
0.125,1794.0,62499.0
0.125,767.0,24636.0
0.125,82.0,101.0
0.125,1105.0,37267.0
0.125,599.0,6806.0
0.125,3500.0,285440.0
0.125,1797.5,90482.0
0.125,1245.6666666666667,49540.0
0.125,1672.0,110388.0
0.125,3500.0,154851.0
0.125,1887.5,127945.0
0.125,3500.0,184369.0
0.126,1382.0,50372.0
0.126,1117.0,36754.0
0.126,636.0,18028.0
0.126,172.5,2710.0
0.126,3500.0,116934.0
0.126,664.0,39485.0
0.126,2365.6666666666665,180100.66666666666
0.126,1019.0,43606.0
0.126,107.0,199.0
0.126,3500.0,130888.33333333333
0.126,1785.0,57295.0
0.126,3500.0,206011.0
0.126,1355.3333333333333,82311.33333333333
0.126,2361.0,121131.0
0.126,2104.0,75060.5
0.126,2284.5,141963.75
0.126,53.0,60.0
0.126,84.0,89.0
0.126,3500.0,161421.0
0.126,1008.75,70931.25
0.126,3500.0,99671.5
0.126,179.0,428.5
0.126,2718.0,149391.0
0.126,3500.0,162769.0
0.126,114.0,261.0
0.126,100.0,156.0
0.126,3500.0,114021.0
0.126,1557.3333333333333,71628.66666666667
0.126,1993.0,63977.5
0.126,944.0,18450.5
0.126,241.0,7246.0
0.126,660.0,3527.0
0.126,2512.3333333333335,168504.66666666666
0.126,1804.5,87898.0
0.126,3500.0,118657.0
0.126,3500.0,167818.33333333334
0.126,1824.5,64257.75
0.126,3500.0,128550.0
0.126,86.0,93.0
0.126,3500.0,154818.0
0.126,216.0,1464.0
0.126,3500.0,195497.0
0.126,2275.0,109750.0
0.126,482.25,19432.25
0.126,3500.0,201699.0
0.126,3500.0,95139.0
0.126,2042.0,78495.5
0.126,3500.0,146243.0
0.126,3500.0,173099.0
0.126,121.0,190.0
0.126,1026.5,43194.0
0.126,103.0,193.33333333333334
0.126,446.0,7268.0
0.126,187.0,4469.0
0.126,68.0,749.0
0.126,3500.0,117934.5
0.126,57.0,69.0
0.126,3500.0,163547.0
0.126,589.0,23855.5
0.126,3500.0,159179.0
0.126,2376.0,52933.666666666664
0.126,706.0,31086.0
0.126,182.33333333333334,4650.666666666667
0.126,2317.5,110362.5
0.126,3500.0,160692.0
0.126,1935.0,78084.0
0.126,3500.0,185465.0
0.126,3500.0,78643.0
0.126,1658.0,56789.333333333336
0.126,1781.6666666666667,56893.0
0.126,1610.6666666666667,105448.0
0.126,188.5,6993.0
0.126,1204.0,49969.0
0.126,1229.0,76746.33333333333
0.126,1796.5,62607.0
0.127,1271.0,33286.333333333336
0.127,1756.6666666666667,72934.33333333333
0.127,1522.0,58425.0
0.127,2647.75,146340.0
0.127,345.5,8303.0
0.127,24.0,32.0
0.127,3500.0,206440.5
0.127,1645.0,139748.0
0.127,1759.0,90001.33333333333
0.127,92.0,198.0
0.127,3500.0,231889.0
0.127,1585.3333333333333,91626.66666666667
0.127,3500.0,174331.0
0.127,3500.0,211103.0
0.127,1226.0,77143.33333333333
0.127,975.0,54788.0
0.127,1504.6666666666667,72961.0
0.127,2305.6666666666665,120002.0
0.127,185.0,378.0
0.127,1800.0,60471.0
0.127,1758.3333333333333,97031.0
0.127,636.0,28742.0
0.127,360.0,3202.0
0.127,87.0,142.0
0.127,1805.0,111545.5
0.127,3500.0,78372.0
0.127,93.0,96.0
0.127,1400.0,53066.666666666664
0.127,3500.0,86550.0
0.127,99.0,100.0
0.127,689.0,23605.0
0.127,1511.3333333333333,46593.666666666664
0.127,3500.0,174755.0
0.127,3500.0,174541.0
0.127,2985.6,121004.0
0.127,3500.0,216765.0
0.127,2308.0,75756.0
0.127,3500.0,243603.0
0.127,97.0,205.0
0.127,89.0,101.0
0.127,2239.8,101457.4
0.127,1279.6666666666667,67355.66666666667
0.127,102.0,150.0
0.127,3500.0,218865.0
0.127,98.0,99.0
0.127,2132.75,72377.0
0.127,523.0,20344.0
0.127,1189.0,100562.0
0.127,1940.75,86007.5
0.127,2603.3333333333335,91626.33333333333
0.127,1715.2,87243.2
0.127,3500.0,153777.0
0.127,1274.6666666666667,55037.666666666664
0.127,2320.0,151469.0
0.127,173.5,1034.5
0.127,110.0,331.0
0.127,216.0,408.0
0.127,3500.0,103020.5
0.127,3500.0,82637.0
0.127,80.0,97.0
0.127,1801.0,64340.0
0.127,79.0,89.0
0.127,2806.0,137067.66666666666
0.127,2668.6666666666665,79764.66666666667
0.127,3500.0,90009.0
0.127,1783.0,139281.5
0.127,2321.25,108261.25
0.127,2050.0,59980.5
0.127,2364.3333333333335,108721.0
0.127,3500.0,182833.0
0.127,3500.0,160599.0
0.127,185.0,3652.0
0.127,3500.0,196458.0
0.127,281.0,812.0
0.127,1361.0,43055.0
0.127,1280.0,49076.0
0.127,2355.3333333333335,91901.33333333333
0.127,2342.6666666666665,77449.33333333333
0.127,2361.0,141600.66666666666
0.127,3500.0,173437.5
0.127,3500.0,144252.0
0.127,3500.0,147977.0
0.127,510.5,43152.5
0.127,3500.0,86190.0
0.127,1825.0,37442.5
0.128,3500.0,192007.0
0.128,1469.0,51262.5
0.128,2389.0,114439.0
0.128,2445.6,116200.0
0.128,1822.0,47554.5
0.128,1233.3333333333333,82524.0
0.128,153.0,5255.0
0.128,60.666666666666664,454.0
0.128,216.0,312.0
0.128,2371.6666666666665,93745.66666666667
0.128,3500.0,105558.83333333333
0.128,1227.3333333333333,74336.0
0.128,3500.0,192103.0
0.128,3500.0,293691.0
0.128,178.5,245.5
0.128,3500.0,102036.0
0.128,1038.0,37640.0
0.128,1791.0,64370.5
0.128,1355.3333333333333,53168.0
0.128,3500.0,164031.0
0.128,3500.0,141073.0
0.128,1779.5,58675.5
0.128,1421.3333333333333,30012.333333333332
0.128,358.5,10771.0
0.128,3500.0,81775.0
0.128,2368.3333333333335,134077.33333333334
0.128,3500.0,116697.0
0.128,1108.75,54966.25
0.128,1182.25,52847.5
0.128,3500.0,194330.0
0.128,1772.5,40349.0
0.128,2019.0,79622.0
0.128,3500.0,73269.0
0.128,148.0,580.5
0.128,156.0,217.0
0.128,191.0,469.0
0.128,98.0,146.0
0.128,3500.0,197335.0
0.128,1248.3333333333333,57333.666666666664
0.128,3500.0,283157.0
0.128,3500.0,146229.0
0.128,2363.3333333333335,47031.333333333336
0.128,1440.5,103710.5
0.128,3500.0,136089.0
0.128,3500.0,230041.5
0.128,2459.0,119368.66666666667
0.128,3500.0,188241.0
0.128,3500.0,151074.0
0.128,3500.0,188105.0
0.128,3500.0,162858.0
0.128,3500.0,180619.0
0.128,679.0,21756.5
0.128,98.0,101.0
0.128,3500.0,215421.0
0.128,655.5,12478.5
0.128,370.0,6707.0
0.128,926.0,30246.0
0.128,1781.0,75848.0
0.128,3500.0,144505.0
0.128,2360.3333333333335,119934.0
0.128,868.1666666666666,30930.166666666668
0.128,3500.0,246214.0
0.128,153.0,594.0
0.128,3500.0,168161.0
0.128,1799.0,99437.5
0.128,1071.5,50605.5
0.128,3500.0,72078.0
0.128,2266.0,51264.0
0.129,3500.0,199158.0
0.129,1877.0,59092.5
0.129,990.0,38783.0
0.129,138.0,157.0
0.129,2689.5,108630.0
0.129,2147.0,103281.33333333333
0.129,3500.0,138971.5
0.129,3500.0,178188.0
0.129,1243.3333333333333,22789.333333333332
0.129,3500.0,277079.0
0.129,3500.0,136086.33333333334
0.129,3500.0,94426.5
0.129,3500.0,123149.0
0.129,3500.0,161016.5
0.129,3005.6666666666665,205617.66666666666
0.129,1780.5,54008.0
0.129,353.0,898.0
0.129,89.0,98.0
0.129,1794.0,48244.75
0.129,1870.0,80240.5
0.129,1805.0,61393.25
0.129,360.0,19472.0
0.129,102.0,106.0
0.129,1795.0,74298.5
0.129,3500.0,176953.0
0.129,3500.0,84904.0
0.129,102.0,157.0
0.129,2388.0,105576.33333333333
0.129,2316.75,74823.25
0.129,1781.5,97536.5
0.129,1799.0,82248.0
0.129,3500.0,80635.5
0.129,3500.0,154249.0
0.129,1335.6666666666667,30189.0
0.129,995.0,37640.0
0.129,3500.0,127044.0
0.129,68.5,594.5
0.129,2013.0,150962.0
0.129,105.0,184.0
0.129,697.0,62158.0
0.129,536.0,15119.0
0.129,2409.6666666666665,68171.33333333333
0.129,2368.0,102414.66666666667
0.129,2099.0,104514.0
0.129,958.5,51917.0
0.129,114.5,144.5
0.129,3500.0,86331.0
0.129,2079.0,88826.0
0.129,3500.0,261259.0
0.129,3500.0,123952.0
0.129,2395.6666666666665,118128.33333333333
0.129,1893.5,65879.5
0.129,1809.5,43649.5
0.129,275.5,6706.0
0.129,3500.0,136824.33333333334
0.129,3500.0,221381.0
0.129,3500.0,116758.25
0.129,3500.0,155379.0
0.129,1281.0,56061.333333333336
0.129,1856.6666666666667,61804.333333333336
0.129,3500.0,202766.0
0.129,1239.0,52272.5
0.129,2785.5,151329.5
0.129,2956.0,124536.0
0.129,3500.0,145968.0
0.13,1794.5,64610.5
0.13,3500.0,103138.5
0.13,183.0,266.0
0.13,2704.0,119379.0
0.13,927.8,41165.4
0.13,1860.5,67447.0
0.13,1686.5,55065.75
0.13,3500.0,190794.0
0.13,3500.0,233352.0
0.13,1819.5,107854.0
0.13,175.0,387.0
0.13,3500.0,202992.0
0.13,608.5,18441.5
0.13,1858.0,22975.0
0.13,1360.0,126443.0
0.13,94.0,95.0
0.13,3500.0,169051.66666666666
0.13,1858.0,92104.5
0.13,1798.5,85059.0
0.13,2199.5,144185.5
0.13,2613.0,69642.0
0.13,1856.5,59280.5
0.13,3500.0,205448.0
0.13,3500.0,231511.0
0.13,1798.5,87413.5
0.13,98.0,104.0
0.13,102.0,109.0
0.13,241.66666666666666,5726.0
0.13,2822.6666666666665,121813.0
0.13,311.5,3714.0
0.13,3500.0,146155.0
0.13,100.0,115.0
0.13,800.0,28072.0
0.13,3500.0,186945.5
0.13,60.0,71.0
0.13,223.33333333333334,5892.666666666667
0.13,1782.0,51027.5
0.13,3500.0,236872.0
0.13,3500.0,153120.0
0.13,98.33333333333333,158.0
0.13,3500.0,129699.0
0.13,1469.0,88710.66666666667
0.13,3500.0,122907.0
0.13,3500.0,151778.0
0.13,3500.0,168232.0
0.13,1662.8333333333333,68741.66666666667
0.13,1687.0,119898.0
0.13,82.0,1736.0
0.13,538.0,25366.0
0.13,2218.25,118296.75
0.13,434.0,21587.333333333332
0.13,3500.0,224925.0
0.13,1899.0,124145.0
0.13,2704.5,111962.5
0.13,3500.0,185932.5
0.13,1892.3333333333333,115697.33333333333
0.13,3500.0,97841.0
0.13,3500.0,121366.0
0.13,378.0,1227.0
0.13,141.0,148.0
0.13,2724.0,165540.0
0.13,2015.0,114685.0
0.13,3500.0,227356.0
0.13,3500.0,75449.0
0.13,853.0,41279.0
0.13,3500.0,76788.0
0.13,334.5,9193.0
0.13,1797.5,121059.5
0.13,3500.0,245939.0
0.13,670.0,5400.0
0.13,503.0,13468.0
0.13,371.5,7289.0
0.13,639.0,31924.0
0.13,3500.0,137315.0
0.13,3500.0,81965.0
0.13,1783.0,86766.0
0.13,3500.0,96959.0
0.13,440.0,4886.0
0.131,3500.0,239154.0
0.131,3500.0,222397.0
0.131,1202.0,9288.0
0.131,3500.0,163407.0
0.131,3500.0,166935.66666666666
0.131,3500.0,151572.0
0.131,3500.0,78703.0
0.131,2393.0,117688.66666666667
0.131,2392.6666666666665,122252.33333333333
0.131,78.0,142.0
0.131,1802.0,91695.0
0.131,3500.0,194113.0
0.131,81.0,177.0
0.131,3500.0,219407.0
0.131,746.0,31220.0
0.131,1237.0,52930.0
0.131,3500.0,255706.0
0.131,97.0,100.0
0.131,3500.0,131177.33333333334
0.131,114.0,1040.0
0.131,2762.25,145965.5
0.131,82.0,91.0
0.131,3500.0,180819.0
0.131,195.0,7031.0
0.131,487.5,15535.0
0.131,3500.0,168288.0
0.131,3500.0,125557.5
0.131,103.0,208.0
0.131,3500.0,80600.0
0.131,587.0,31642.0
0.131,387.5,10170.5
0.131,646.0,27136.0
0.131,128.5,230.5
0.131,2153.5,77625.25
0.131,1286.6666666666667,75400.0
0.131,3500.0,197882.0
0.131,3500.0,195838.0
0.131,3500.0,135692.0
0.131,3500.0,93739.0
0.131,3500.0,172474.33333333334
0.131,1205.75,35206.0
0.131,3500.0,147589.0
0.131,2842.3333333333335,135353.0
0.131,308.25,14186.25
0.131,3500.0,216747.0
0.131,3500.0,153372.0
0.131,1142.75,80833.75
0.131,844.0,29259.5
0.131,3500.0,247067.0
0.131,3500.0,206296.5
0.131,1785.0,58361.333333333336
0.131,1787.25,49295.25
0.131,154.5,1615.5
0.131,3500.0,273114.5
0.131,1340.3333333333333,48491.666666666664
0.131,3500.0,155715.66666666666
0.131,3500.0,171619.0
0.131,3500.0,134380.0
0.131,3500.0,54676.0
0.131,3500.0,256573.0
0.131,994.6666666666666,29114.333333333332
0.131,179.0,754.0
0.131,2009.5,74983.5
0.131,2380.5,80356.5
0.131,1130.0,20248.0
0.131,169.0,1239.0
0.131,3500.0,84767.0
0.131,174.0,273.0
0.131,1859.0,124204.0
0.131,2198.0,90852.5
0.131,3500.0,267975.0
0.131,84.0,98.5
0.131,2420.5,89829.0
0.132,169.0,215.0
0.132,1477.0,39574.0
0.132,96.0,1235.5
0.132,1828.0,46698.5
0.132,1662.0,191586.0
0.132,2062.0,67999.5
0.132,3500.0,56044.0
0.132,3500.0,76895.0
0.132,2095.0,94508.5
0.132,1842.5,59999.5
0.132,3500.0,197369.0
0.132,113.0,203.0
0.132,1997.3333333333333,100160.33333333333
0.132,3500.0,113546.0
0.132,186.0,302.0
0.132,1795.0,43225.5
0.132,2155.0,98248.0
0.132,1571.3333333333333,91980.33333333333
0.132,1799.5,43407.5
0.132,3500.0,191580.0
0.132,241.0,10050.0
0.132,1849.0,37435.5
0.132,104.0,105.0
0.132,921.0,21213.0
0.132,3500.0,144231.0
0.132,54.0,76.0
0.132,3500.0,104566.0
0.132,1872.0,63076.5
0.132,2024.0,97141.5
0.132,3500.0,224575.0
0.132,141.0,5084.0
0.132,105.0,153.0
0.132,121.0,195.0
0.132,3500.0,233522.0
0.132,2528.0,104937.66666666667
0.132,3500.0,115787.0
0.132,2389.6666666666665,110343.66666666667
0.132,3500.0,156693.0
0.132,3500.0,179030.0
0.132,1984.0,52259.0
0.132,1885.0,97966.5
0.132,3500.0,176587.0
0.132,3500.0,112642.0
0.132,93.0,99.0
0.132,1963.0,96130.0
0.132,2678.3333333333335,100707.33333333333
0.132,1776.0,79616.0
0.132,1002.0,9428.0
0.132,2167.0,112715.6
0.132,96.0,192.0
0.132,1243.3333333333333,48759.0
0.132,2363.6666666666665,97655.0
0.132,570.0,9464.5
0.132,127.0,158.0
0.132,3500.0,70826.0
0.132,600.5,18525.5
0.132,3133.75,173029.25
0.132,59.0,72.0
0.132,2689.3333333333335,87624.33333333333
0.132,1494.0,116874.0
0.132,92.0,160.0
0.132,1841.0,38309.0
0.132,266.0,2261.0
0.132,142.0,1067.0
0.132,111.66666666666667,185.33333333333334
0.132,2507.3333333333335,57067.666666666664
0.132,3500.0,172616.0
0.132,1920.5,125295.0
0.132,3500.0,202442.5
0.132,1482.2,26529.8
0.132,3500.0,258678.0
0.132,1755.0,95725.33333333333
0.132,3500.0,202833.0
0.133,364.5,5539.0
0.133,3500.0,130980.0
0.133,1825.0,104587.0
0.133,1807.0,75419.0
0.133,1841.0,61008.5
0.133,1165.0,83833.0
0.133,1056.0,42910.0
0.133,345.0,6203.0
0.133,157.0,1085.0
0.133,3500.0,93611.0
0.133,808.0,26114.0
0.133,157.0,166.0
0.133,3500.0,231418.0
0.133,341.5,7416.0
0.133,1994.0,57196.5
0.133,1822.0,59802.0
0.133,161.0,181.0
0.133,3500.0,204831.0
0.133,1797.0,71340.0
0.133,3500.0,202435.5
0.133,452.0,6794.0
0.133,1268.0,79209.66666666667
0.133,3500.0,158962.4
0.133,62.0,103.5
0.133,3500.0,143992.0
0.133,3500.0,91489.0
0.133,3500.0,197622.0
0.133,1995.5,59638.5
0.133,2309.5,64876.0
0.133,216.0,963.0
0.133,3500.0,222866.0
0.133,2584.5,116386.0
0.133,3500.0,151885.5
0.133,3500.0,125921.0
0.133,3500.0,101353.33333333333
0.133,858.5,43586.0
0.133,465.0,13706.0
0.133,959.0,37248.5
0.133,3500.0,121379.0
0.133,1989.5,85273.0
0.133,99.0,102.0
0.133,2355.0,80736.0
0.133,3500.0,235181.0
0.133,377.0,22863.0
0.133,2278.5,122917.0
0.133,413.0,20370.0
0.133,2131.0,103138.0
0.133,3500.0,199857.5
0.133,1532.3333333333333,52506.333333333336
0.133,3500.0,125193.0
0.133,3500.0,154795.33333333334
0.133,150.0,257.0
0.133,1267.8,61087.8
0.133,3500.0,133352.5
0.133,95.0,103.0
0.133,65.0,66.0
0.133,1755.0,172086.0
0.133,3500.0,187858.0
0.133,1952.5,116752.0
0.133,2709.0,94745.0
0.133,3500.0,127945.5
0.133,127.0,150.0
0.133,1858.0,43591.0
0.133,3500.0,104911.0
0.133,913.0,42277.0
0.133,2392.3333333333335,169936.66666666666
0.133,3500.0,96493.0
0.133,269.0,873.0
0.133,195.0,581.0
0.133,2576.6666666666665,149023.0
0.133,740.0,16881.0
0.133,3500.0,138385.0
0.133,1672.3333333333333,92081.66666666667
0.133,3500.0,138236.5
0.133,2365.5,98726.5
0.133,2690.75,141003.25
0.133,1801.5,67553.0
0.133,3500.0,170659.0
0.133,1802.5,56810.0
0.133,216.0,314.0
0.133,3500.0,234343.0
0.133,732.5,39036.5
0.134,101.0,125.5
0.134,1876.75,54913.5
0.134,1582.75,103817.0
0.134,3500.0,144316.0
0.134,2152.5,73205.75
0.134,2663.25,112792.0
0.134,1799.5,49771.0
0.134,3500.0,185881.33333333334
0.134,3500.0,78680.0
0.134,3500.0,159618.0
0.134,3500.0,210114.0
0.134,3500.0,164215.0
0.134,321.0,8390.0
0.134,1242.1666666666667,55612.833333333336
0.134,1793.5,64180.25
0.134,1813.5,97460.0
0.134,3500.0,122166.0
0.134,3500.0,162060.0
0.134,2262.0,103343.0
0.134,2385.5,65004.0
0.134,591.0,9592.0
0.134,64.0,547.0
0.134,3500.0,97473.0
0.134,1945.5,75995.0
0.134,1384.5,69742.75
0.134,529.0,23635.0
0.134,3500.0,162117.0
0.134,2998.3333333333335,95388.66666666667
0.134,1858.0,116545.0
0.134,3500.0,158231.5
0.134,989.5,16793.0
0.134,3500.0,137561.5
0.134,2354.3333333333335,92159.0
0.134,470.0,11657.0
0.134,2105.0,54977.5
0.134,3500.0,177909.0
0.134,138.0,156.0
0.134,1270.3333333333333,47912.0
0.134,1460.0,44752.666666666664
0.134,3500.0,77148.0
0.134,3500.0,72390.0
0.134,3500.0,225407.0
0.134,102.0,108.0
0.134,2464.3333333333335,71532.33333333333
0.134,3500.0,233313.0
0.134,1997.5,59157.0
0.134,3500.0,137571.5
0.134,87.0,193.0
0.134,3500.0,127192.0
0.134,70.0,92.0
0.134,249.0,484.0
0.134,3500.0,120295.0
0.134,1858.0,111165.0
0.134,835.0,22460.5
0.134,677.6666666666666,26008.333333333332
0.134,3500.0,283329.0
0.134,1910.6,77443.8
0.134,3500.0,171490.0
0.134,1593.0,75715.33333333333
0.134,1185.0,32492.666666666668
0.134,1227.0,34009.0
0.134,1827.5,146118.5
0.134,3500.0,167627.66666666666
0.134,163.33333333333334,570.0
0.134,515.0,10851.0
0.134,2026.0,65248.0
0.134,73.0,171.0
0.134,1799.5,60360.5
0.134,3500.0,212266.0
0.134,1040.5,47680.0
0.134,2517.0,124867.33333333333
0.134,198.0,296.0
0.134,3500.0,144805.0
0.134,1814.5,85190.0
0.134,1725.0,81523.0
0.134,2368.0,125522.66666666667
0.134,3500.0,101325.0
0.134,1757.0,56154.0
0.134,1860.25,83052.25
0.135,1788.5,59443.5
0.135,3500.0,172847.0
0.135,945.25,28973.75
0.135,3500.0,264963.0
0.135,59.0,341.0
0.135,1824.0,100062.0
0.135,3500.0,110807.5
0.135,887.0,30580.0
0.135,1616.0,110303.0
0.135,961.0,63666.5
0.135,1830.5,45032.5
0.135,2174.0,54652.5
0.135,805.0,32693.0
0.135,3500.0,246704.0
0.135,71.0,584.0
0.135,136.0,275.0
0.135,3500.0,165725.0
0.135,2652.0,93450.25
0.135,1797.5,94718.5
0.135,3500.0,215065.0
0.135,896.0,25842.666666666668
0.135,2645.75,111722.25
0.135,1786.0,91684.5
0.135,510.0,6906.666666666667
0.135,3500.0,217458.0
0.135,1802.5,84279.5
0.135,2570.6666666666665,76027.33333333333
0.135,1771.0,102982.0
0.135,1810.5,116693.5
0.135,3500.0,177837.0
0.135,468.0,17068.0
0.135,2262.0,134322.5
0.135,1835.0,75029.0
0.135,311.0,3357.0
0.135,1615.0,110220.0
0.135,69.0,86.0
0.135,340.75,9006.0
0.135,1918.0,159743.0
0.135,2555.6666666666665,65531.666666666664
0.135,2462.0,144512.5
0.135,970.5,36523.5
0.135,146.0,445.0
0.135,3500.0,169609.0
0.135,3500.0,204717.0
0.135,70.0,99.0
0.135,216.0,906.0
0.135,1790.0,94162.0
0.135,3500.0,109295.0
0.135,1857.5,49462.0
0.135,707.0,22523.0
0.135,310.0,1142.0
0.135,3500.0,151333.66666666666
0.135,2629.0,56444.5
0.135,394.0,10052.0
0.135,2316.0,137106.5
0.135,3500.0,70994.0
0.135,1211.3333333333333,43898.666666666664
0.135,94.0,102.0
0.135,1354.0,49191.0
0.135,504.0,23971.0
0.135,1868.3333333333333,78058.0
0.135,1932.0,105121.0
0.135,110.0,458.0
0.135,2362.6666666666665,121446.0
0.135,70.0,145.66666666666666
0.135,1303.6666666666667,45576.333333333336
0.135,3500.0,133684.0
0.135,3500.0,167962.0
0.135,2494.0,101884.5
0.135,97.0,210.0
0.135,2485.8,111153.0
0.135,2047.0,75403.0
0.135,1243.0,44102.0
0.135,864.8333333333334,36763.333333333336
0.135,1136.75,39963.5
0.135,3500.0,170802.5
0.135,361.0,22110.0
0.135,1858.0,64089.5
0.135,2257.0,72159.0
0.136,216.0,864.0
0.136,1647.0,73837.0
0.136,1235.3333333333333,19824.333333333332
0.136,2225.75,82689.25
0.136,1447.6666666666667,52790.333333333336
0.136,3500.0,137686.5
0.136,3500.0,162918.0
0.136,3500.0,134285.0
0.136,813.0,28016.0
0.136,123.0,862.0
0.136,1799.0,60052.0
0.136,1687.0,63302.333333333336
0.136,3500.0,121963.0
0.136,1318.3333333333333,38052.333333333336
0.136,65.0,703.0
0.136,3500.0,86287.0
0.136,1992.0,61618.5
0.136,3500.0,227736.0
0.136,1017.0,97879.0
0.136,307.0,10692.0
0.136,3500.0,279520.0
0.136,1877.0,100460.5
0.136,592.5,25125.5
0.136,3500.0,123068.0
0.136,2422.3333333333335,114836.33333333333
0.136,3500.0,103108.0
0.136,222.0,531.5
0.136,873.75,42196.5
0.136,2860.6666666666665,134914.33333333334
0.136,1931.5,126941.5
0.136,3500.0,223064.0
0.136,120.0,398.0
0.136,3500.0,115366.0
0.136,90.0,97.0
0.136,1907.0,53095.5
0.136,3500.0,74828.0
0.136,2816.4,114455.0
0.136,3500.0,120935.0
0.136,1915.0,114776.0
0.136,2385.6666666666665,107519.0
0.136,2363.3333333333335,119461.66666666667
0.136,3500.0,198845.0
0.136,470.0,14506.0
0.136,1259.3333333333333,34461.666666666664
0.136,2575.0,101095.0
0.136,1832.5,79806.0
0.136,3500.0,266974.0
0.136,1311.0,41627.0
0.136,1414.0,119683.66666666667
0.136,2361.3333333333335,105316.0
0.136,1796.0,79684.5
0.136,3500.0,125115.0
0.136,1810.0,78671.0
0.136,627.5,15325.0
0.136,964.25,33093.5
0.136,3500.0,130989.5
0.136,2156.0,82545.6
0.136,240.0,914.0
0.136,215.0,1395.0
0.136,2650.25,116789.5
0.136,3500.0,251136.0
0.136,142.0,1191.5
0.136,3500.0,53958.0
0.136,723.0,27778.5
0.136,2086.0,152464.0
0.136,2054.5,119732.5
0.136,3500.0,82970.0
0.136,78.0,197.0
0.136,3500.0,70564.0
0.136,3500.0,91674.0
0.136,207.0,898.0
0.136,1613.3333333333333,31319.333333333332
0.136,1271.0,66470.0
0.136,1856.0,85506.0
0.136,923.0,54583.333333333336
0.137,2650.75,153866.5
0.137,3500.0,104205.0
0.137,1241.5,78330.5
0.137,3500.0,151210.0
0.137,83.0,97.0
0.137,2995.25,120649.25
0.137,2375.0,67484.66666666667
0.137,1796.0,81226.0
0.137,3500.0,144597.0
0.137,512.0,20310.0
0.137,1695.0,103925.25
0.137,3500.0,103653.0
0.137,113.0,114.0
0.137,58.0,502.0
0.137,2250.5,155421.5
0.137,2406.0,92691.66666666667
0.137,499.0,30430.0
0.137,3500.0,116594.0
0.137,1772.0,94507.33333333333
0.137,3500.0,106401.0
0.137,144.0,530.0
0.137,714.5,39285.0
0.137,1851.5,125343.0
0.137,2165.75,121673.0
0.137,109.0,214.0
0.137,1564.6666666666667,47150.333333333336
0.137,1797.5,116009.5
0.137,2765.75,96565.5
0.137,537.0,5761.0
0.137,3500.0,139804.0
0.137,3500.0,57457.0
0.137,3500.0,117366.0
0.137,912.0,41904.0
0.137,2140.0,53781.0
0.137,62.0,392.0
0.137,1406.0,59838.0
0.137,2771.0,157464.5
0.137,1946.0,141421.0
0.137,121.0,138.0
0.137,3500.0,176843.0
0.137,2195.5,120824.5
0.137,1257.6666666666667,31143.666666666668
0.137,1911.0,67597.5
0.137,1602.6666666666667,77458.66666666667
0.137,836.0,67733.0
0.137,3500.0,194061.0
0.137,997.0,47609.0
0.137,1989.0,90714.5
0.137,78.0,808.0
0.137,1844.5,124443.5
0.137,143.0,260.0
0.137,2593.6666666666665,150647.33333333334
0.137,102.0,301.0
0.137,1830.6666666666667,99344.33333333333
0.137,2754.0,97253.25
0.137,2386.0,92833.66666666667
0.137,1862.0,123079.0
0.137,1803.0,100932.0
0.137,3500.0,138899.0
0.137,899.0,46027.0
0.137,1444.6,67113.8
0.137,73.5,380.0
0.137,2274.2,77442.2
0.137,3500.0,161240.5
0.137,169.0,305.0
0.137,1250.0,20827.0
0.137,3500.0,148517.0
0.137,3500.0,124920.0
0.137,68.0,824.0
0.137,1788.5,78300.0
0.137,1476.5,86094.0
0.137,171.0,388.5
0.137,1202.25,50286.75
0.138,1815.5,93881.0
0.138,650.6666666666666,27904.666666666668
0.138,108.0,126.0
0.138,1858.0,100261.0
0.138,1822.0,77947.0
0.138,3500.0,81833.0
0.138,3500.0,200854.0
0.138,1118.0,34048.0
0.138,3500.0,158761.0
0.138,417.0,8370.0
0.138,457.0,2289.0
0.138,601.0,14192.0
0.138,3500.0,150132.0
0.138,2649.5,84617.5
0.138,2817.6666666666665,85675.0
0.138,2386.0,112761.66666666667
0.138,3500.0,197879.0
0.138,3500.0,140654.66666666666
0.138,3500.0,177066.0
0.138,637.0,25135.0
0.138,376.0,3305.0
0.138,2126.4,146677.4
0.138,640.0,16988.0
0.138,3096.0,157273.75
0.138,3500.0,158265.0
0.138,1629.0,57734.0
0.138,1963.5,90666.0
0.138,776.0,56644.5
0.138,404.0,11125.0
0.138,3500.0,147951.0
0.138,63.0,554.0
0.138,3500.0,123473.33333333333
0.138,1539.0,70826.66666666667
0.138,109.5,119.0
0.138,1909.5,82333.5
0.138,101.0,186.5
0.138,1780.5,33934.0
0.138,3500.0,215482.5
0.138,3500.0,107234.0
0.138,501.3333333333333,18211.0
0.138,1858.0,46018.0
0.138,2104.5,139558.0
0.138,3500.0,131514.0
0.138,1432.6666666666667,38326.0
0.138,1785.5,74941.5
0.138,3500.0,195361.0
0.138,3500.0,88789.0
0.138,3500.0,90891.0
0.138,100.0,146.0
0.138,125.5,472.0
0.138,3500.0,218234.0
0.138,3500.0,116698.25
0.138,1903.0,100292.0
0.138,3500.0,177703.33333333334
0.138,3500.0,128534.0
0.138,3500.0,244216.0
0.138,1815.5,72561.0
0.138,1804.5,40373.0
0.138,238.0,3198.5
0.138,3500.0,194424.0
0.138,3500.0,80214.0
0.138,1808.0,40476.0
0.138,1823.0,106353.0
0.138,662.25,46134.0
0.138,756.0,8455.0
0.138,2790.5,147525.5
0.138,2665.75,120926.75
0.138,2020.0,64796.5
0.138,3500.0,47871.0
0.138,3500.0,144028.5
0.138,1266.75,75078.5
0.138,3500.0,155821.0
0.138,1858.0,121319.0
0.138,1264.3333333333333,29933.666666666668
0.138,1833.5,32500.5
0.138,2656.5,125049.0
0.138,3500.0,215180.0
0.139,1316.0,48055.0
0.139,1794.5,52694.5
0.139,141.0,154.0
0.139,618.5,4911.5
0.139,997.5,41252.5
0.139,2693.0,123756.0
0.139,145.5,1208.5
0.139,92.0,100.0
0.139,2387.3333333333335,93512.33333333333
0.139,2113.0,70907.5
0.139,208.0,1289.5
0.139,188.33333333333334,3995.3333333333335
0.139,2264.75,106040.75
0.139,2365.3333333333335,133873.33333333334
0.139,94.0,97.0
0.139,2398.5,74680.5
0.139,3500.0,144698.0
0.139,1814.0,38416.0
0.139,2851.6,97366.8
0.139,3500.0,100325.0
0.139,2153.2,53020.4
0.139,3500.0,214453.0
0.139,3500.0,94608.66666666667
0.139,2318.5,104084.0
0.139,76.0,92.0
0.139,3500.0,167582.0
0.139,1226.25,74299.0
0.139,1229.6666666666667,71545.33333333333
0.139,3500.0,82772.0
0.139,1471.4,43115.2
0.139,2029.5,70352.5
0.139,3500.0,157773.0
0.139,1854.3333333333333,76501.33333333333
0.139,135.0,419.0
0.139,3500.0,129029.0
0.139,2369.6666666666665,78110.66666666667
0.139,2855.6666666666665,114136.33333333333
0.139,2688.6666666666665,157542.0
0.139,3500.0,96322.0
0.139,2366.6666666666665,82413.0
0.139,856.8,45128.0
0.139,1139.0,13723.0
0.139,1888.5,86519.0
0.139,552.0,6327.0
0.139,1798.0,46538.5
0.139,2606.5,154617.0
0.139,117.5,198.0
0.139,1471.0,90261.0
0.139,1912.0,69244.5
0.139,3500.0,85669.0
0.139,3500.0,122579.0
0.139,157.0,903.0
0.139,3500.0,163231.0
0.139,77.0,89.0
0.139,3500.0,232876.0
0.139,1557.6,72598.0
0.139,2276.0,78427.5
0.139,1777.0,75116.5
0.139,2661.0,73291.0
0.139,3500.0,262762.0
0.139,3500.0,157335.0
0.139,95.0,99.5
0.139,1809.25,84144.75
0.139,3500.0,138181.5
0.139,460.0,9846.0
0.139,1029.0,29545.0
0.139,1406.0,56242.0
0.139,1668.0,110688.0
0.139,2643.75,115356.25
0.139,674.0,20046.0
0.139,3500.0,113721.0
0.139,892.0,47931.0
0.139,82.0,92.0
0.139,88.0,99.0
0.139,3500.0,165552.5
0.139,1877.5,78353.75
0.139,139.0,1240.0
0.14,3500.0,100249.0
0.14,2040.0,63073.0
0.14,2337.0,102674.5
0.14,3500.0,135644.5
0.14,361.5,10276.5
0.14,1797.0,139106.5
0.14,3500.0,81543.0
0.14,216.0,1671.0
0.14,1779.5,35982.0
0.14,95.0,102.0
0.14,1795.5,90807.5
0.14,3500.0,193359.0
0.14,968.0,18817.0
0.14,80.0,130.0
0.14,2167.6,80179.6
0.14,1913.0,116203.0
0.14,943.0,18747.0
0.14,3500.0,118241.0
0.14,1168.75,38315.25
0.14,3500.0,120098.5
0.14,96.0,102.0
0.14,1992.5,148257.5
0.14,3500.0,100815.0
0.14,3500.0,167470.0
0.14,1255.3333333333333,34901.333333333336
0.14,95.0,100.0
0.14,95.0,101.0
0.14,1301.0,22173.0
0.14,3500.0,67641.0
0.14,845.0,45288.0
0.14,709.0,24224.0
0.14,3500.0,40268.0
0.14,652.0,21680.0
0.14,1826.0,48404.0
0.14,2950.25,92008.5
0.14,928.0,47216.0
0.14,3500.0,204759.5
0.14,3500.0,69331.0
0.14,1043.0,36682.0
0.14,620.0,9732.0
0.14,1427.3333333333333,52746.0
0.14,759.5,60798.5
0.14,675.0,17129.5
0.14,3500.0,160850.0
0.14,2640.75,138167.75
0.14,3500.0,211667.33333333334
0.14,3500.0,147263.0
0.14,910.5,49534.25
0.14,107.0,114.0
0.14,1796.5,78211.5
0.14,3500.0,177585.0
0.14,90.0,115.0
0.14,2364.6666666666665,82505.66666666667
0.14,3500.0,125794.5
0.14,1823.5,84231.0
0.14,2461.0,159410.0
0.14,3500.0,167917.0
0.14,1858.0,58858.0
0.14,85.0,101.0
0.14,3500.0,154111.0
0.14,1273.0,35216.666666666664
0.14,1678.3333333333333,84533.33333333333
0.14,164.0,790.0
0.14,1789.75,74805.75
0.14,2357.0,90277.66666666667
0.14,3500.0,221001.33333333334
0.14,1842.5,25047.5
0.14,3500.0,158890.5
0.14,1815.0,49649.0
0.14,3500.0,94345.0
0.14,1799.5,41591.5
0.14,223.0,3174.0
0.14,3500.0,196767.0
0.14,2559.0,101338.0
0.14,3500.0,79973.0
0.14,3500.0,142015.0
0.141,2353.6666666666665,122068.0
0.141,2948.0,177587.75
0.141,895.0,57591.666666666664
0.141,128.0,1597.0
0.141,2214.25,75270.75
0.141,2379.6666666666665,81602.66666666667
0.141,2671.3333333333335,98397.66666666667
0.141,2680.0,142954.0
0.141,3500.0,209226.0
0.141,3500.0,178980.0
0.141,1858.0,116101.0
0.141,1239.0,25315.333333333332
0.141,1835.5,98228.5
0.141,2355.6666666666665,122476.66666666667
0.141,3500.0,108938.0
0.141,3500.0,184101.0
0.141,108.0,112.0
0.141,2019.3333333333333,104613.33333333333
0.141,1816.5,34613.0
0.141,2582.6666666666665,104611.33333333333
0.141,3500.0,95348.0
0.141,3500.0,161911.0
0.141,3500.0,159522.33333333334
0.141,3500.0,163953.0
0.141,83.0,92.0
0.141,3500.0,166197.0
0.141,1984.0,126062.0
0.141,2363.6666666666665,77949.0
0.141,2362.3333333333335,107391.66666666667
0.141,2346.3333333333335,107629.0
0.141,3500.0,216517.0
0.141,2366.6666666666665,77574.33333333333
0.141,3500.0,199067.0
0.141,563.0,21174.5
0.141,3500.0,218515.0
0.141,3500.0,136865.33333333334
0.141,1121.0,81530.0
0.141,3500.0,156252.0
0.141,1778.0,121781.0
0.141,1856.5,87980.0
0.141,60.0,94.0
0.141,3500.0,193607.0
0.141,2484.0,189012.5
0.141,1793.5,40497.0
0.141,587.0,9871.0
0.141,3500.0,96338.0
0.141,2148.5,48581.0
0.141,3500.0,100249.0
0.141,631.0,28122.0
0.141,1881.5,63902.0
0.141,1465.6666666666667,57349.666666666664
0.141,138.0,590.0
0.141,3500.0,143443.33333333334
0.141,1805.0,100066.0
0.141,512.0,10139.0
0.141,1884.0,142212.0
0.141,3500.0,134802.0
0.141,917.5,43733.0
0.141,2393.6666666666665,82286.66666666667
0.141,2057.5,110281.75
0.141,1794.0,62286.0
0.141,1783.5,64343.5
0.141,78.0,104.0
0.141,921.0,32228.0
0.141,1816.5,66193.75
0.141,77.0,87.0
0.141,3500.0,114931.0
0.141,79.0,151.0
0.141,3500.0,109462.0
0.141,1800.5,35290.5
0.141,3500.0,197320.0
0.141,2567.0,105176.5
0.141,624.5,14419.0
0.142,3500.0,145125.0
0.142,1804.5,32274.0
0.142,1906.0,94096.25
0.142,1858.0,65827.5
0.142,1826.0,73061.5
0.142,2054.0,76551.5
0.142,1233.6666666666667,53380.0
0.142,574.5,9324.5
0.142,2924.6666666666665,131555.0
0.142,1260.0,63988.666666666664
0.142,922.0,42972.0
0.142,578.0,15650.0
0.142,1783.0,51589.0
0.142,62.0,616.0
0.142,1878.6666666666667,66326.66666666667
0.142,3500.0,138692.0
0.142,2075.0,82061.5
0.142,3500.0,210424.0
0.142,1379.5,71577.0
0.142,98.0,109.0
0.142,3500.0,66474.0
0.142,3500.0,135102.0
0.142,2312.5,111523.0
0.142,460.0,17639.0
0.142,3500.0,158436.5
0.142,170.33333333333334,4174.0
0.142,2665.25,137347.0
0.142,1779.0,63983.0
0.142,3500.0,167769.0
0.142,138.0,809.5
0.142,2333.0,118195.5
0.142,1629.0,52167.0
0.142,1604.25,58726.0
0.142,2064.0,152588.0
0.142,3500.0,161716.0
0.142,1627.5,48772.0
0.142,2405.3333333333335,87911.0
0.142,1216.0,79687.0
0.142,574.0,35286.666666666664
0.142,3500.0,153744.0
0.142,1863.5,58119.0
0.142,3500.0,149773.0
0.142,3500.0,51345.5
0.142,135.0,154.0
0.142,3500.0,107247.5
0.142,3500.0,153981.0
0.142,1793.0,79581.5
0.142,1813.5,68326.5
0.142,1818.5,53996.0
0.142,3500.0,115819.0
0.142,2911.0,128066.33333333333
0.142,2363.0,76838.33333333333
0.142,2648.5,106316.25
0.142,1849.5,59437.0
0.142,2363.6666666666665,85523.33333333333
0.142,1796.0,55561.5
0.142,3500.0,123641.66666666667
0.142,2495.0,82935.5
0.142,1604.6,55070.4
0.142,1514.0,60192.666666666664
0.142,3500.0,172909.33333333334
0.142,1786.0,168456.0
0.142,96.0,97.0
0.142,3500.0,150279.0
0.142,3500.0,214151.5
0.142,500.0,18596.0
0.142,761.0,35425.5
0.142,239.0,1825.0
0.142,1280.0,59674.0
0.142,2649.0,159606.0
0.142,1821.0,118515.0
0.142,2345.5,97505.5
0.142,548.5,15719.5
0.142,2365.3333333333335,79503.66666666667
0.142,1015.0,47974.0
0.142,81.0,108.0
0.142,2081.5,100445.0
0.142,3500.0,143561.0
0.142,3500.0,157552.0
0.142,1833.5,64299.0
0.142,2108.25,82944.25
0.142,3500.0,154865.5
0.143,1231.3333333333333,28554.0
0.143,1819.5,51884.5
0.143,1840.4,58551.6
0.143,3500.0,94380.5
0.143,45.0,54.0
0.143,1858.0,73007.0
0.143,1289.3333333333333,38753.666666666664
0.143,1825.5,68266.0
0.143,3500.0,271549.0
0.143,1393.0,36698.25
0.143,3500.0,73967.0
0.143,1691.8,37550.0
0.143,1096.0,58010.0
0.143,3500.0,76215.0
0.143,2629.5,59172.0
0.143,2692.5,146796.25
0.143,2760.5,94718.75
0.143,2359.6666666666665,90420.66666666667
0.143,399.0,13690.333333333334
0.143,72.5,120.5
0.143,3500.0,110516.0
0.143,3500.0,186780.0
0.143,1782.0,41967.0
0.143,3500.0,144284.0
0.143,676.6666666666666,21500.666666666668
0.143,3500.0,195121.0
0.143,1932.0,117661.5
0.143,605.0,11974.333333333334
0.143,88.0,287.0
0.143,3500.0,96603.0
0.143,1817.0,132334.5
0.143,2162.75,100231.0
0.143,686.0,35595.0
0.143,3500.0,136770.66666666666
0.143,3500.0,217960.0
0.143,963.5,59694.0
0.143,1045.75,15116.25
0.143,134.0,186.0
0.143,2280.0,64803.0
0.143,1001.0,36380.0
0.143,814.0,33876.0
0.143,1747.0,55879.0
0.143,1840.0,116599.0
0.143,1799.5,68361.5
0.143,2267.5,81804.0
0.143,3500.0,244523.5
0.143,2173.2,95548.8
0.143,3500.0,130693.5
0.143,3500.0,116736.0
0.143,3500.0,222625.0
0.143,734.0,24007.0
0.143,136.0,2204.5
0.143,106.0,340.0
0.143,1903.0,62299.8
0.143,2561.5,59824.0
0.143,2250.5,48832.0
0.143,2105.5,109917.0
0.143,3500.0,154135.0
0.143,2133.2,84116.4
0.143,3500.0,137835.5
0.143,700.3333333333334,17482.333333333332
0.143,93.0,104.0
0.143,2949.5,88670.66666666667
0.143,1780.5,73571.0
0.143,3500.0,184587.0
0.143,3500.0,203165.0
0.143,74.0,503.5
0.143,3500.0,235506.0
0.143,331.5,3747.0
0.143,3500.0,130102.0
0.143,205.0,3871.5
0.143,3500.0,147362.5
0.143,1440.0,91923.0
0.143,1857.6666666666667,92609.66666666667
0.143,3500.0,82794.0
0.143,2474.0,123942.0
0.143,3500.0,270544.0
0.143,1796.25,110702.0
0.143,3500.0,160685.0
0.143,570.25,20717.75
0.143,2377.5,194771.5
0.143,78.0,125.0
0.143,2656.75,103423.5
0.144,2700.0,130903.66666666667
0.144,88.0,160.0
0.144,3500.0,60026.0
0.144,1788.0,49846.5
0.144,1782.0,89680.5
0.144,2688.0,135525.33333333334
0.144,2686.3333333333335,69931.0
0.144,1854.5,100961.5
0.144,3500.0,188756.2
0.144,2656.5,114072.75
0.144,2350.3333333333335,100010.33333333333
0.144,2680.5,136684.5
0.144,486.0,23293.0
0.144,1758.0,102552.0
0.144,2492.5,98812.0
0.144,1130.8,35154.2
0.144,1376.2,30773.4
0.144,179.0,211.0
0.144,1800.0,73700.0
0.144,2405.3333333333335,98171.0
0.144,3500.0,142367.5
0.144,118.0,126.0
0.144,3500.0,159251.0
0.144,2057.5,65760.0
0.144,1284.3333333333333,43115.666666666664
0.144,2363.3333333333335,116593.0
0.144,3500.0,109069.5
0.144,3500.0,122169.66666666667
0.144,3500.0,63133.0
0.144,2322.25,110567.5
0.144,93.0,115.0
0.144,1663.8,77952.4
0.144,1820.0,85302.5
0.144,2167.8,65830.4
0.144,2790.6666666666665,123097.0
0.144,1818.5,107310.5
0.144,3500.0,116494.0
0.144,2398.0,122105.0
0.144,3500.0,205115.0
0.144,613.0,8419.0
0.144,1800.5,88150.0
0.144,2725.5,92978.0
0.144,985.5,57630.5
0.144,3500.0,182227.0
0.144,336.5,5592.0
0.144,512.0,9141.0
0.144,2972.5,117744.5
0.144,592.0,26205.0
0.144,1203.25,27806.75
0.144,3500.0,206692.0
0.144,378.0,5189.0
0.144,3500.0,272276.0
0.144,965.5,44601.0
0.144,2363.6666666666665,109733.33333333333
0.144,3500.0,90122.0
0.144,2478.0,143874.0
0.144,31.0,39.0
0.144,1993.0,42760.0
0.144,3500.0,111486.0
0.144,3500.0,244247.0
0.144,500.5,4930.5
0.144,216.0,806.0
0.144,3500.0,164268.5
0.144,3500.0,166052.0
0.144,3500.0,221930.0
0.144,1229.6666666666667,30896.0
0.144,2102.75,118836.5
0.144,2025.0,96506.5
0.144,2505.5,113288.0
0.144,259.5,4964.5
0.144,1976.5,75942.75
0.144,2182.0,73159.0
0.144,2741.0,64705.5
0.144,924.0,35200.5
0.144,3500.0,54067.0
0.144,2004.5,107906.5
0.144,1240.0,50633.666666666664
0.144,1960.0,71069.0
0.144,3500.0,133356.0
0.144,566.3333333333334,18447.333333333332
0.144,59.0,607.0
0.144,2846.8,116728.6
0.144,1794.0,123826.0
0.144,3500.0,75647.0
0.144,56.0,60.0
0.144,3500.0,100168.0
0.145,2391.3333333333335,165724.66666666666
0.145,3500.0,186008.0
0.145,2479.4,98426.6
0.145,1612.3333333333333,89789.0
0.145,2364.0,105844.33333333333
0.145,1452.3333333333333,97839.33333333333
0.145,3500.0,122782.0
0.145,1380.0,129559.0
0.145,3500.0,110345.0
0.145,3500.0,99646.0
0.145,1775.6666666666667,113738.66666666667
0.145,1066.3333333333333,40471.666666666664
0.145,3500.0,241828.0
0.145,1791.0,44355.5
0.145,1796.5,46150.0
0.145,2427.6666666666665,60913.666666666664
0.145,630.0,21085.0
0.145,1801.5,56502.0
0.145,2605.0,88778.0
0.145,2709.6666666666665,94106.66666666667
0.145,3500.0,86126.5
0.145,2882.5,115528.5
0.145,1098.0,8409.0
0.145,3500.0,208608.0
0.145,3500.0,138964.0
0.145,2915.6666666666665,137674.66666666666
0.145,1265.0,85435.33333333333
0.145,369.0,7059.0
0.145,3500.0,149226.0
0.145,134.0,153.0
0.145,2415.2,78078.0
0.145,2554.0,117744.0
0.145,2040.25,105017.875
0.145,1050.0,25927.0
0.145,1798.0,35729.5
0.145,3500.0,62393.0
0.145,2166.0,147096.0
0.145,1070.3333333333333,57960.666666666664
0.145,708.5,25942.5
0.145,3500.0,121516.0
0.145,332.0,1025.0
0.145,1809.0,42469.5
0.145,1326.0,60783.666666666664
0.145,108.0,127.0
0.145,1328.0,67267.0
0.145,1192.0,45804.0
0.145,139.0,201.0
0.145,2135.5,81918.0
0.145,1802.5,74817.0
0.145,3500.0,198034.0
0.145,2390.6666666666665,128096.33333333333
0.145,84.0,99.0
0.145,216.0,3669.0
0.145,1205.0,39910.666666666664
0.145,3500.0,164449.0
0.145,2430.0,60499.0
0.145,3500.0,122608.0
0.145,199.0,215.0
0.145,1603.8,64189.8
0.145,1259.0,81236.33333333333
0.145,2390.3333333333335,58525.333333333336
0.145,1224.6666666666667,55768.333333333336
0.145,235.0,4512.0
0.145,3500.0,182104.0
0.145,3500.0,156597.0
0.145,3500.0,107762.0
0.145,2444.25,59090.75
0.145,2639.0,93223.33333333333
0.145,3500.0,272870.0
0.145,2374.0,80330.66666666667
0.145,95.0,159.0
0.145,1423.3333333333333,67871.33333333333
0.145,3500.0,171072.2
0.145,2182.5,58932.0
0.145,2384.3333333333335,76958.66666666667
0.145,3500.0,144912.0
0.145,3500.0,197840.0
0.146,3500.0,223184.0
0.146,355.0,2973.0
0.146,3500.0,179507.0
0.146,2037.5,119768.5
0.146,400.0,10649.0
0.146,2638.0,132762.5
0.146,1784.25,70582.25
0.146,3500.0,193988.0
0.146,666.6666666666666,17856.0
0.146,3500.0,116342.0
0.146,1822.0,98577.5
0.146,1257.3333333333333,48383.0
0.146,3500.0,226379.0
0.146,916.0,55579.5
0.146,3500.0,117709.0
0.146,3500.0,163406.0
0.146,1828.5,76982.5
0.146,114.0,169.0
0.146,3500.0,120050.5
0.146,3500.0,131939.0
0.146,1820.25,58115.0
0.146,1637.0,50774.0
0.146,3500.0,206584.0
0.146,216.0,388.0
0.146,2846.6666666666665,138650.0
0.146,145.5,293.0
0.146,89.0,91.0
0.146,3500.0,232650.0
0.146,1811.0,63556.0
0.146,2779.75,167432.0
0.146,1716.0,62010.2
0.146,2356.3333333333335,95692.33333333333
0.146,1709.0,36651.666666666664
0.146,79.5,196.0
0.146,3500.0,119860.0
0.146,2368.0,116020.0
0.146,80.0,88.0
0.146,1453.0,27468.0
0.146,1817.0,76558.0
0.146,1831.0,191431.0
0.146,3500.0,185410.5
0.146,434.0,3534.0
0.146,1129.0,70836.0
0.146,155.0,309.0
0.146,2009.6666666666667,67442.66666666667
0.146,989.8,45556.2
0.146,3500.0,107458.0
0.146,575.0,23840.0
0.146,3500.0,92015.0
0.146,278.5,1332.0
0.146,1510.0,68990.83333333333
0.146,1265.0,48823.0
0.146,1835.0,80438.5
0.146,216.0,1076.0
0.146,1177.0,28896.0
0.146,1728.6666666666667,88766.33333333333
0.146,1796.0,84294.0
0.146,1803.5,48285.5
0.146,3500.0,123411.0
0.146,3500.0,168182.0
0.146,3500.0,107606.0
0.146,2426.5,82573.25
0.146,174.0,754.0
0.146,76.0,87.0
0.146,3500.0,168610.5
0.146,2212.0,56081.0
0.146,3500.0,190461.0
0.146,2488.6666666666665,54368.333333333336
0.146,1787.5,51543.0
0.146,2928.8333333333335,124177.33333333333
0.146,3500.0,180255.5
0.146,3500.0,126404.0
0.146,3500.0,281469.0
0.146,3500.0,135510.0
0.146,3500.0,102679.0
0.146,769.5,36912.0
0.147,3500.0,95951.0
0.147,3500.0,152424.33333333334
0.147,574.0,4447.0
0.147,3500.0,131273.0
0.147,3500.0,173785.0
0.147,205.0,294.0
0.147,83.0,103.0
0.147,3500.0,140345.5
0.147,1008.0,63809.0
0.147,3500.0,217072.0
0.147,2031.5,112839.0
0.147,3500.0,118630.0
0.147,1795.5,127557.5
0.147,3500.0,157986.5
0.147,3500.0,203195.0
0.147,3500.0,178500.5
0.147,593.0,5237.0
0.147,1084.5,40934.0
0.147,3500.0,163529.0
0.147,1799.0,84177.0
0.147,3005.1666666666665,107485.16666666667
0.147,3500.0,78680.0
0.147,124.0,361.0
0.147,2386.3333333333335,124493.66666666667
0.147,2365.6666666666665,118971.66666666667
0.147,3500.0,194186.0
0.147,92.0,95.0
0.147,3500.0,125338.0
0.147,246.5,1261.5
0.147,1834.0,56777.5
0.147,2403.0,72874.0
0.147,3500.0,204791.0
0.147,3500.0,78131.0
0.147,3500.0,193422.25
0.147,1793.0,53423.5
0.147,431.0,8188.0
0.147,199.0,410.0
0.147,375.0,10901.0
0.147,2309.0,115369.25
0.147,3500.0,179847.0
0.147,3500.0,181761.0
0.147,3500.0,154242.5
0.147,2264.0,39500.5
0.147,1798.0,70872.0
0.147,2586.5,135438.0
0.147,2299.0,77101.0
0.147,2154.0,131460.0
0.147,1448.0,80483.66666666667
0.147,1076.5,48287.75
0.147,507.3333333333333,16103.0
0.147,2387.3333333333335,89111.66666666667
0.147,2914.25,119671.75
0.147,1780.5,39871.5
0.147,72.0,452.0
0.147,1858.0,66742.0
0.147,1730.3333333333333,86153.0
0.147,174.0,693.0
0.147,487.3333333333333,20199.0
0.147,2366.3333333333335,83468.66666666667
0.147,1798.0,82016.0
0.147,3500.0,178113.0
0.147,2402.5,94421.5
0.147,1927.0,121624.0
0.147,165.0,405.0
0.147,1810.0,67117.25
0.147,2571.5,86483.5
0.147,759.0,25815.0
0.147,2874.3333333333335,143009.33333333334
0.147,2677.5,175251.5
0.147,2695.2,150810.8
0.147,93.0,98.0
0.147,1463.0,47020.5
0.147,3500.0,270063.0
0.147,1029.0,57532.0
0.147,2378.0,81742.0
0.148,2014.0,64383.0
0.148,88.0,144.0
0.148,413.8,20987.8
0.148,3500.0,115815.0
0.148,100.66666666666667,139.33333333333334
0.148,3500.0,130927.0
0.148,346.0,1701.0
0.148,1255.0,30176.0
0.148,1575.6,56391.0
0.148,3500.0,174206.0
0.148,76.5,378.5
0.148,1934.0,83071.5
0.148,3500.0,203810.0
0.148,3500.0,144285.5
0.148,1771.2,81673.8
0.148,2619.5,126040.0
0.148,1794.5,51881.0
0.148,1772.0,115658.0
0.148,1218.0,74438.0
0.148,1798.6,72414.6
0.148,2814.4,90319.6
0.148,1329.0,45630.0
0.148,2390.3333333333335,138624.0
0.148,3500.0,165335.0
0.148,2358.3333333333335,137903.0
0.148,3500.0,170982.66666666666
0.148,3500.0,134452.0
0.148,117.0,2817.0
0.148,159.0,246.0
0.148,2120.0,90473.0
0.148,2414.0,60399.666666666664
0.148,2368.0,107901.33333333333
0.148,1784.0,107607.0
0.148,3500.0,107698.0
0.148,273.0,782.0
0.148,3500.0,142261.0
0.148,1272.6666666666667,38479.0
0.148,3500.0,150197.66666666666
0.148,1779.0,50080.5
0.148,3500.0,217484.0
0.148,1209.0,65946.0
0.148,202.0,421.0
0.148,539.0,25895.0
0.148,3500.0,70406.0
0.148,2686.6666666666665,122016.66666666667
0.148,2274.0,128786.5
0.148,1830.5,92102.0
0.148,2722.5,124431.0
0.148,1911.0,104975.0
0.148,3500.0,160089.5
0.148,3500.0,150577.0
0.148,1068.5,33724.833333333336
0.148,3500.0,171936.0
0.148,1813.5,83353.0
0.148,68.0,635.0
0.148,1730.0,116937.0
0.148,3500.0,113051.0
0.148,3500.0,126164.33333333333
0.148,86.0,106.0
0.148,3500.0,248507.0
0.148,2683.25,160587.25
0.148,2515.6666666666665,85306.33333333333
0.148,389.0,5117.666666666667
0.148,1373.0,38973.0
0.148,295.0,5539.0
0.148,3500.0,141759.0
0.148,1089.2,54135.6
0.148,2086.0,44103.0
0.148,3500.0,108429.0
0.148,1216.0,70403.0
0.148,3500.0,86528.0
0.148,1819.5,33568.5
0.148,1712.4,107282.0
0.148,2387.0,73713.5
0.148,79.0,95.0
0.149,3500.0,151028.0
0.149,752.75,23681.0
0.149,135.0,1946.0
0.149,3500.0,275354.0
0.149,216.0,552.0
0.149,3500.0,180454.0
0.149,3500.0,131560.0
0.149,3500.0,138330.0
0.149,3500.0,124273.0
0.149,2015.0,63843.0
0.149,1804.5,61917.0
0.149,2706.3333333333335,150990.33333333334
0.149,1314.3333333333333,40926.333333333336
0.149,2343.0,126401.5
0.149,145.5,422.0
0.149,1908.75,113617.0
0.149,3500.0,109132.5
0.149,3500.0,143958.0
0.149,101.0,110.0
0.149,1207.2,54312.8
0.149,839.0,5904.0
0.149,1358.6666666666667,71547.66666666667
0.149,1656.0,85106.33333333333
0.149,280.0,2536.5
0.149,3500.0,173008.0
0.149,2240.5,121276.5
0.149,1686.0,143619.0
0.149,3500.0,99802.0
0.149,2097.5,89377.5
0.149,2404.1666666666665,116780.66666666667
0.149,3500.0,286770.0
0.149,57.0,678.0
0.149,3500.0,182253.0
0.149,1810.0,66534.0
0.149,1016.0,32742.0
0.149,3500.0,136119.0
0.149,3500.0,143537.0
0.149,267.0,2247.0
0.149,3500.0,182502.5
0.149,3500.0,193063.0
0.149,3500.0,185574.0
0.149,2112.0,55165.0
0.149,3500.0,78664.0
0.149,2067.777777777778,84486.0
0.149,1074.0,43177.5
0.149,1384.3333333333333,28277.666666666668
0.149,633.0,11254.5
0.149,3500.0,164581.5
0.149,691.0,32635.0
0.149,168.0,334.0
0.149,3500.0,165584.5
0.149,3500.0,141040.0
0.149,1210.6666666666667,79091.66666666667
0.149,3500.0,75754.0
0.149,2771.0,150694.0
0.149,1654.0,54132.333333333336
0.149,2624.285714285714,135564.57142857142
0.149,2671.75,140592.25
0.149,3500.0,196456.0
0.149,1682.0,40161.333333333336
0.149,120.0,138.5
0.149,1808.0,132735.0
0.149,3500.0,232393.0
0.149,3062.25,147114.75
0.149,1350.0,44107.0
0.149,254.5,5448.0
0.149,2060.0,68750.0
0.149,1927.5,110183.0
0.149,2355.0,54067.666666666664
0.149,3500.0,109309.0
0.149,3500.0,181108.0
0.149,1052.0,44420.25
0.149,1951.5,55721.75
0.149,1779.5,114331.5
0.149,2390.0,91646.66666666667
0.149,3500.0,137035.0
0.149,688.0,17333.0
0.149,3500.0,121796.0
0.149,1820.0,65458.5
0.149,2255.0,37440.0
0.149,2684.3333333333335,99624.33333333333
0.149,153.5,165.5
0.15,3500.0,152174.5
0.15,1880.75,74904.75
0.15,337.0,2000.0
0.15,3500.0,120653.0
0.15,3500.0,81520.0
0.15,3500.0,252783.0
0.15,3500.0,158835.0
0.15,1810.0,81389.75
0.15,1245.0,47229.333333333336
0.15,1237.6666666666667,78107.66666666667
0.15,1832.5,89270.0
0.15,1291.25,74810.0
0.15,1087.0,51100.0
0.15,1832.8,98493.2
0.15,176.0,676.0
0.15,3500.0,134346.33333333334
0.15,1805.5,115171.0
0.15,222.25,3754.5
0.15,747.0,41037.5
0.15,923.0,24555.0
0.15,1128.0,52033.0
0.15,961.25,53391.5
0.15,1931.5,42807.5
0.15,1625.3333333333333,84720.66666666667
0.15,3500.0,148446.0
0.15,3500.0,81742.0
0.15,2369.6666666666665,105282.33333333333
0.15,3500.0,128807.0
0.15,3500.0,59014.5
0.15,2909.3333333333335,157587.33333333334
0.15,1405.6666666666667,59894.0
0.15,886.5,47115.5
0.15,1292.0,30960.666666666668
0.15,1858.0,54634.5
0.15,1270.0,65686.0
0.15,72.0,94.0
0.15,1790.0,74964.5
0.15,2157.5,59341.5
0.15,3500.0,169930.0
0.15,755.0,18774.0
0.15,1765.3333333333333,101011.33333333333
0.15,2373.3333333333335,76176.0
0.15,2093.5,99768.0
0.15,76.0,275.0
0.15,326.0,8278.0
0.15,2368.0,87132.33333333333
0.15,2777.3333333333335,140063.33333333334
0.15,2003.5,46336.5
0.15,2101.0,73462.75
0.15,1494.6666666666667,16182.0
0.15,1783.5,51992.0
0.15,118.5,198.5
0.15,1851.6666666666667,106068.33333333333
0.15,113.0,140.0
0.15,1830.0,84369.0
0.15,3500.0,113058.0
0.15,2111.0,90091.0
0.15,3500.0,244386.0
0.15,1671.3333333333333,68699.66666666667
0.15,1893.75,92536.75
0.15,94.5,377.5
0.15,1797.0,118504.5
0.15,1836.0,95560.0
0.15,2389.0,96610.0
0.15,144.0,212.0
0.15,2529.0,104765.5
0.15,304.0,2203.0
0.15,2649.25,150726.5
0.15,538.0,26451.0
0.15,3500.0,137024.75
0.15,2805.5,146079.0
0.15,1858.0,54255.5
0.15,2728.0,120879.0
0.15,2544.6666666666665,135892.33333333334
0.15,1062.0,46563.0
0.15,290.0,11251.0
0.15,3500.0,176784.0
0.15,3500.0,98768.0
0.15,3500.0,181511.0
0.15,1317.75,44624.5
0.151,3500.0,178057.33333333334
0.151,2547.0,59620.666666666664
0.151,1233.3333333333333,41559.333333333336
0.151,2870.2,167609.0
0.151,1781.5,83278.0
0.151,923.5,64697.0
0.151,2229.6,104436.6
0.151,2157.4,81559.2
0.151,2672.0,164552.33333333334
0.151,2377.6666666666665,77013.0
0.151,1281.0,70276.0
0.151,663.0,16358.0
0.151,2354.0,69269.66666666667
0.151,1533.2,29308.6
0.151,1781.5,51711.0
0.151,94.0,238.0
0.151,3500.0,199505.0
0.151,189.5,1099.0
0.151,3500.0,86034.0
0.151,1884.5,84494.5
0.151,2279.0,89518.5
0.151,3500.0,182115.0
0.151,3500.0,81252.0
0.151,100.0,270.0
0.151,3500.0,168361.0
0.151,3500.0,224889.0
0.151,67.0,755.0
0.151,2248.5,90083.0
0.151,2856.6666666666665,126267.0
0.151,1875.0,115458.66666666667
0.151,141.0,587.5
0.151,146.0,5572.0
0.151,1858.0,47161.5
0.151,2151.0,60464.0
0.151,1718.0,55426.333333333336
0.151,111.0,754.0
0.151,305.0,6059.0
0.151,118.66666666666667,229.66666666666666
0.151,3500.0,170521.5
0.151,150.5,2087.0
0.151,3500.0,132781.5
0.151,68.0,69.0
0.151,446.5,7486.0
0.151,1619.0,38252.0
0.151,1231.0,36090.333333333336
0.151,223.0,1724.0
0.151,1553.3333333333333,78502.66666666667
0.151,529.0,7761.0
0.151,1818.5,49236.0
0.151,767.5,31988.5
0.151,1802.0,43861.5
0.151,515.5,9259.0
0.151,3500.0,173460.0
0.151,3500.0,201798.25
0.151,124.0,131.0
0.151,3500.0,52765.0
0.151,558.0,34981.5
0.151,3500.0,158415.5
0.151,3500.0,192702.0
0.151,3500.0,166084.0
0.151,3500.0,227323.0
0.151,1778.5,122606.0
0.151,3500.0,117764.33333333333
0.151,2820.8,101026.4
0.151,1885.0,106435.5
0.151,1776.5,92156.5
0.151,2549.0,98719.33333333333
0.151,3500.0,112838.5
0.151,3500.0,182583.0
0.151,647.5,22535.0
0.151,3500.0,144873.0
0.151,166.0,216.0
0.151,142.0,4759.5
0.151,3500.0,149120.0
0.151,3500.0,89779.0
0.151,3500.0,136369.0
0.151,3500.0,188807.5
0.151,1800.5,103268.0
0.151,3500.0,188210.0
0.151,1573.0,38480.0
0.151,92.0,93.0
0.151,70.0,90.0
0.151,3500.0,86964.66666666667
0.151,104.0,316.0
0.151,3500.0,170618.5
0.152,2792.75,75293.0
0.152,3500.0,100782.0
0.152,301.0,4451.5
0.152,101.0,148.0
0.152,3500.0,159622.0
0.152,2170.5,79740.0
0.152,3500.0,158826.0
0.152,1232.6666666666667,59412.0
0.152,3500.0,192058.0
0.152,3500.0,188670.0
0.152,3500.0,153834.5
0.152,2448.3333333333335,89986.0
0.152,3500.0,177805.5
0.152,240.0,5200.0
0.152,3500.0,186539.0
0.152,1858.0,40666.5
0.152,3500.0,129927.5
0.152,2121.8333333333335,65786.16666666667
0.152,2163.0,57918.5
0.152,2551.0,110481.66666666667
0.152,3500.0,148007.0
0.152,2393.5,128877.0
0.152,3500.0,59122.0
0.152,3500.0,188842.0
0.152,159.5,256.0
0.152,83.0,89.0
0.152,513.6666666666666,5794.666666666667
0.152,1964.3333333333333,75128.0
0.152,2370.0,104538.66666666667
0.152,3500.0,157104.0
0.152,1862.5,133545.5
0.152,2025.75,46932.75
0.152,3500.0,92103.0
0.152,216.0,415.0
0.152,2647.25,98468.5
0.152,418.6,9592.6
0.152,2856.8,138317.2
0.152,2094.0,130391.0
0.152,1842.5,41459.5
0.152,3500.0,50231.0
0.152,3500.0,170054.0
0.152,3500.0,83473.0
0.152,1959.5,107415.0
0.152,682.5,30179.5
0.152,70.0,417.0
0.152,3500.0,157838.0
0.152,2141.8,50097.4
0.152,3500.0,163462.33333333334
0.152,3500.0,170957.0
0.152,3500.0,71932.0
0.152,3500.0,184364.0
0.152,2487.6666666666665,112422.0
0.152,99.0,165.0
0.152,3500.0,99540.0
0.152,63.0,613.0
0.152,842.0,10567.0
0.152,983.75,15366.5
0.152,1633.0,24515.0
0.152,130.0,753.0
0.152,1483.0,32619.0
0.152,1797.5,101909.0
0.152,1791.0,46475.0
0.152,1097.0,60910.0
0.152,3500.0,162305.5
0.152,102.0,621.0
0.152,2496.4,121059.6
0.152,578.0,9020.0
0.152,1883.0,80378.5
0.152,132.5,4474.0
0.152,3500.0,213951.0
0.152,3500.0,271173.0
0.152,2149.0,103284.0
0.152,1434.0,20407.0
0.152,308.3333333333333,1257.3333333333333
0.152,3500.0,133093.0
0.152,3500.0,167336.66666666666
0.152,3500.0,82940.0
0.152,3500.0,83790.0
0.153,3500.0,84810.0
0.153,3500.0,191812.0
0.153,2389.6666666666665,104632.33333333333
0.153,3500.0,56033.0
0.153,3500.0,100545.0
0.153,3500.0,140518.0
0.153,664.75,27196.75
0.153,624.0,7242.0
0.153,1979.25,89857.5
0.153,1911.75,80130.5
0.153,2091.0,62514.5
0.153,1796.5,66943.0
0.153,2259.0,75117.5
0.153,789.5,30967.5
0.153,3500.0,142047.0
0.153,3500.0,145003.0
0.153,2498.0,99118.5
0.153,3500.0,107751.66666666667
0.153,3500.0,170636.5
0.153,3500.0,137013.66666666666
0.153,2196.5,55191.5
0.153,106.5,119.5
0.153,100.0,1345.0
0.153,1797.5,45669.0
0.153,3500.0,185357.5
0.153,2951.3333333333335,171438.66666666666
0.153,3500.0,114683.0
0.153,278.3333333333333,7949.0
0.153,3500.0,189135.0
0.153,1782.0,57284.0
0.153,2494.3333333333335,73175.33333333333
0.153,2394.0,95837.33333333333
0.153,2124.0,90975.0
0.153,3500.0,92649.0
0.153,2356.6666666666665,85083.33333333333
0.153,209.0,5647.0
0.153,3500.0,104041.0
0.153,3500.0,100794.0
0.153,1538.0,58485.0
0.153,3500.0,186140.0
0.153,1875.3333333333333,46258.0
0.153,102.0,168.0
0.153,2780.3333333333335,153560.0
0.153,3500.0,133652.0
0.153,2393.3333333333335,102032.33333333333
0.153,553.0,13515.666666666666
0.153,819.0,27833.5
0.153,3500.0,75147.0
0.153,3500.0,187140.0
0.153,3500.0,117365.5
0.153,3500.0,122031.0
0.153,3500.0,61888.0
0.153,1480.0,89380.0
0.153,3500.0,210612.0
0.153,677.0,8708.0
0.153,3500.0,106154.0
0.153,200.0,415.0
0.153,1382.75,49988.25
0.153,323.5,1896.0
0.153,3500.0,160366.0
0.153,3500.0,131124.0
0.153,1370.0,79154.66666666667
0.153,2142.0,91803.0
0.153,61.0,386.0
0.153,147.0,8405.0
0.153,3500.0,95298.0
0.153,2376.6666666666665,152721.0
0.153,1852.5,98151.0
0.153,1782.5,41129.5
0.153,3500.0,167509.0
0.153,2861.6666666666665,139603.0
0.153,1401.3333333333333,30523.333333333332
0.153,3500.0,184330.5
0.153,1842.0,122229.0
0.153,1200.0,29869.0
0.153,66.0,96.0
0.153,178.0,17423.0
0.153,83.0,96.0
0.153,1815.0,91866.5
0.153,3500.0,124373.0
0.153,3500.0,164128.0
0.153,3500.0,146490.66666666666
0.153,3500.0,158405.5
0.154,80.0,83.0
0.154,1435.6666666666667,45687.666666666664
0.154,3500.0,184977.0
0.154,3500.0,148434.0
0.154,1417.0,47380.0
0.154,3500.0,119464.0
0.154,2013.0,81917.0
0.154,3174.6,121984.2
0.154,2076.5,92638.5
0.154,1802.5,76656.5
0.154,339.0,5067.0
0.154,3500.0,183484.0
0.154,3500.0,91951.0
0.154,1800.5,101638.5
0.154,1220.25,59698.0
0.154,2920.3333333333335,100097.33333333333
0.154,3500.0,167716.0
0.154,1777.5,115280.5
0.154,1798.5,27963.0
0.154,1800.0,52067.0
0.154,3500.0,163146.0
0.154,1913.5,98929.5
0.154,1864.5,57698.5
0.154,1663.0,133862.0
0.154,1784.0,35161.0
0.154,1538.3333333333333,60004.666666666664
0.154,3500.0,89808.0
0.154,2377.3333333333335,96722.66666666667
0.154,3500.0,68099.0
0.154,2843.2,174433.4
0.154,1797.0,50449.5
0.154,110.0,723.0
0.154,300.5,898.0
0.154,131.5,225.0
0.154,1812.0,22516.5
0.154,2373.0,113906.0
0.154,1599.0,63849.0
0.154,3500.0,97700.0
0.154,3500.0,65126.0
0.154,274.0,5098.0
0.154,64.0,522.0
0.154,3500.0,176941.0
0.154,2117.4,104187.2
0.154,2143.3333333333335,106132.33333333333
0.154,1079.0,56278.0
0.154,3500.0,163156.0
0.154,78.0,95.0
0.154,2852.6666666666665,107667.33333333333
0.154,2656.0,86950.0
0.154,2063.0,50098.5
0.154,110.0,111.0
0.154,3500.0,103241.0
0.154,2645.75,108800.25
0.154,2540.0,149551.66666666666
0.154,2340.5,72267.0
0.154,1299.0,91021.0
0.154,2785.5,166437.0
0.154,359.5,12818.0
0.154,114.66666666666667,125.66666666666667
0.154,3500.0,119103.5
0.154,3500.0,161848.0
0.154,240.0,7349.75
0.154,3500.0,146336.5
0.154,1525.0,48377.0
0.154,1950.0,85197.0
0.154,2230.5,82619.5
0.154,3500.0,111371.0
0.154,3500.0,161772.0
0.154,3500.0,185817.66666666666
0.154,138.0,256.5
0.154,3500.0,119254.5
0.154,3500.0,42217.0
0.154,3500.0,129703.66666666667
0.154,3500.0,136411.0
0.154,3500.0,138383.66666666666
0.154,2353.3333333333335,73179.33333333333
0.154,1713.6666666666667,92894.0
0.154,3500.0,165792.66666666666
0.154,235.0,1074.0
0.155,95.66666666666667,259.6666666666667
0.155,3500.0,90975.5
0.155,1964.5,111759.75
0.155,2266.5,59300.0
0.155,1801.5,47978.0
0.155,415.0,8834.0
0.155,327.0,1917.0
0.155,3500.0,183466.0
0.155,3500.0,51307.5
0.155,624.5,9731.0
0.155,1781.0,121572.0
0.155,1807.25,68531.25
0.155,3500.0,208054.0
0.155,1790.0,52679.5
0.155,2371.6666666666665,83355.66666666667
0.155,2043.25,82774.0
0.155,46.0,49.0
0.155,1786.0,85303.0
0.155,3500.0,145721.0
0.155,2054.0,107505.0
0.155,1938.0,106637.5
0.155,1283.0,87357.0
0.155,2379.6666666666665,94169.0
0.155,3500.0,148203.0
0.155,3500.0,110070.0
0.155,66.0,701.0
0.155,2368.6666666666665,83557.0
0.155,3500.0,156872.0
0.155,2517.25,98424.75
0.155,1662.3333333333333,61033.666666666664
0.155,3500.0,223197.0
0.155,3500.0,198991.0
0.155,1782.0,114750.0
0.155,2392.0,87754.0
0.155,2365.0,142466.66666666666
0.155,2830.0,130739.2
0.155,3500.0,180696.5
0.155,1927.0,118193.5
0.155,2421.0,78919.0
0.155,3500.0,140643.0
0.155,3500.0,191130.0
0.155,1831.25,61164.0
0.155,1793.6,56650.2
0.155,763.0,29018.0
0.155,421.3333333333333,5029.333333333333
0.155,92.0,97.0
0.155,2597.0,82764.33333333333
0.155,3500.0,276811.0
0.155,3500.0,177133.0
0.155,3500.0,83664.5
0.155,3500.0,182159.75
0.155,3500.0,95429.0
0.155,1800.5,100013.0
0.155,2376.0,84099.33333333333
0.155,1828.5,71085.0
0.155,3500.0,180993.0
0.155,3500.0,83817.0
0.155,3500.0,163701.0
0.155,372.0,8366.0
0.155,3500.0,135313.5
0.155,1858.0,59491.5
0.155,3500.0,226474.5
0.155,888.6666666666666,47940.333333333336
0.155,3500.0,174913.0
0.155,502.0,18736.0
0.155,3500.0,177876.0
0.155,3500.0,153649.0
0.155,106.0,256.0
0.155,1856.0,62663.0
0.155,2069.25,61227.5
0.155,1527.25,61772.75
0.155,92.0,202.0
0.155,2659.3333333333335,94758.33333333333
0.155,1802.0,71100.5
0.155,991.6666666666666,21887.0
0.155,2175.75,84445.25
0.155,3500.0,205197.0
0.155,1924.5,105643.0
0.155,2671.0,134055.33333333334
0.155,2948.1666666666665,128379.83333333333
0.155,3500.0,270234.0
0.155,3500.0,229509.5
0.156,2970.25,127179.0
0.156,1241.4,52139.2
0.156,2040.5,88311.5
0.156,2256.5,77855.0
0.156,3500.0,189069.5
0.156,1215.0,50870.666666666664
0.156,3500.0,198495.5
0.156,2692.6666666666665,146090.33333333334
0.156,3500.0,180745.0
0.156,3500.0,209949.0
0.156,2843.2,105332.6
0.156,3500.0,129402.0
0.156,2383.0,52428.0
0.156,3500.0,114566.0
0.156,3500.0,252176.0
0.156,2977.0,190141.0
0.156,2041.0,120488.0
0.156,632.0,36175.5
0.156,1578.0,61675.666666666664
0.156,487.6666666666667,28737.0
0.156,1802.0,90316.0
0.156,3500.0,162576.0
0.156,3500.0,94821.0
0.156,3500.0,169124.5
0.156,2684.0,160716.75
0.156,2103.5,96137.0
0.156,3500.0,145610.0
0.156,3500.0,119242.0
0.156,157.0,3840.5
0.156,1631.0,90016.0
0.156,2395.0,129952.5
0.156,867.0,31842.0
0.156,1929.5,80730.5
0.156,1247.3333333333333,44422.666666666664
0.156,1033.0,28416.5
0.156,3500.0,78145.5
0.156,1961.5,94814.5
0.156,2356.6666666666665,91651.33333333333
0.156,1869.0,42112.0
0.156,1838.0,100366.0
0.156,1610.3333333333333,62018.333333333336
0.156,139.0,199.0
0.156,98.0,99.0
0.156,3500.0,240267.0
0.156,2232.0,92018.5
0.156,171.0,5196.0
0.156,1426.6666666666667,58773.666666666664
0.156,3500.0,180185.5
0.156,3500.0,171549.0
0.156,1507.0,91270.66666666667
0.156,2714.0,98906.33333333333
0.156,3500.0,172104.0
0.156,1810.5,70722.5
0.156,3500.0,111129.0
0.156,2354.6666666666665,48698.0
0.156,1209.6666666666667,24639.0
0.156,1897.0,77141.0
0.156,3500.0,48522.0
0.156,3500.0,198698.0
0.156,1802.0,38057.5
0.156,166.33333333333334,653.6666666666666
0.156,2290.6,91412.2
0.156,229.0,5772.5
0.156,3500.0,119022.0
0.156,3500.0,153893.0
0.156,2400.5,72289.0
0.156,3500.0,213512.0
0.156,1827.5,88273.75
0.156,2030.0,120809.5
0.156,2673.0,99707.16666666667
0.156,1252.3333333333333,27793.666666666668
0.156,2080.5,95294.0
0.156,3500.0,116012.0
0.156,3500.0,117316.5
0.156,3500.0,180199.0
0.156,3500.0,223843.0
0.157,1575.0,85674.0
0.157,1146.25,51397.0
0.157,1791.25,44948.0
0.157,3500.0,89740.0
0.157,3500.0,179101.0
0.157,1609.3333333333333,39930.0
0.157,2455.6,107234.2
0.157,1415.6666666666667,78590.33333333333
0.157,93.0,500.5
0.157,1836.0,32881.5
0.157,1806.5,121043.5
0.157,1044.5,26561.5
0.157,89.0,106.0
0.157,1280.6666666666667,43407.0
0.157,88.0,89.0
0.157,1790.5,63975.5
0.157,2253.5,151657.5
0.157,1685.0,40122.0
0.157,130.0,315.0
0.157,1300.0,57174.0
0.157,1562.0,62500.0
0.157,88.0,136.0
0.157,63.0,407.0
0.157,3500.0,156715.33333333334
0.157,1797.0,44407.0
0.157,3500.0,77378.0
0.157,829.0,18315.0
0.157,1791.5,96461.5
0.157,3500.0,229541.0
0.157,2365.0,101375.66666666667
0.157,824.5,14798.0
0.157,216.0,857.0
0.157,2063.0,112730.5
0.157,1314.3333333333333,82147.66666666667
0.157,2710.5,145251.0
0.157,1424.0,70864.8
0.157,1824.5,91224.5
0.157,324.0,12446.0
0.157,901.0,18869.0
0.157,349.0,1534.0
0.157,216.0,1113.0
0.157,673.0,30270.0
0.157,1876.5,77636.0
0.157,3500.0,147904.33333333334
0.157,502.5,13506.0
0.157,2703.0,101751.0
0.157,1290.3333333333333,36659.833333333336
0.157,1806.0,78085.5
0.157,1349.3333333333333,27953.333333333332
0.157,3500.0,104880.0
0.157,132.0,142.0
0.157,2353.3333333333335,88384.66666666667
0.157,1960.75,68225.75
0.157,1792.5,85658.0
0.157,1051.0,63648.0
0.157,766.0,59354.0
0.157,2662.25,76129.0
0.157,456.0,4108.0
0.157,1220.6666666666667,42816.333333333336
0.157,1796.5,96277.0
0.157,3500.0,115347.2
0.157,1039.5,39759.5
0.157,2025.7142857142858,99431.14285714286
0.157,743.0,15583.0
0.157,2374.5,150083.0
0.157,1937.25,54729.25
0.157,1324.3333333333333,77710.66666666667
0.157,3500.0,175655.0
0.157,3500.0,119903.5
0.157,2082.0,116429.5
0.157,2825.0,111257.2
0.157,3500.0,128552.0
0.157,1229.3333333333333,64752.0
0.157,1847.3333333333333,84716.66666666667
0.157,1805.0,41444.0
0.157,276.0,427.0
0.157,3500.0,214026.0
0.157,1407.0,19153.0
0.157,2092.5,109746.0
0.157,354.0,7106.0
0.157,508.0,10340.5
0.157,766.5,14970.0
0.157,95.0,141.0
0.157,719.5,20034.0
0.157,3500.0,151808.0
0.157,2850.3333333333335,89806.66666666667
0.157,3500.0,205062.0
0.157,229.0,388.0
0.157,2287.5,85521.0
0.157,3500.0,189252.0
0.158,132.0,344.0
0.158,2457.3333333333335,79546.0
0.158,2748.0,105261.0
0.158,90.0,93.0
0.158,2416.6666666666665,112557.66666666667
0.158,1444.25,40591.75
0.158,2640.0,52019.0
0.158,2350.0,152705.33333333334
0.158,647.0,7224.0
0.158,3500.0,153996.0
0.158,2081.0,77124.75
0.158,1982.0,95760.0
0.158,3500.0,122545.0
0.158,3500.0,163453.0
0.158,1828.5,107644.5
0.158,80.0,236.0
0.158,826.0,40947.5
0.158,61.0,491.0
0.158,2354.0,72607.33333333333
0.158,2759.8571428571427,145708.42857142858
0.158,3500.0,261522.0
0.158,2417.0,63220.666666666664
0.158,3500.0,159724.0
0.158,1989.0,78208.5
0.158,1276.6666666666667,52065.666666666664
0.158,3500.0,143795.0
0.158,206.0,591.0
0.158,1801.0,71810.5
0.158,1792.0,36781.0
0.158,2283.5,111112.5
0.158,776.0,19383.0
0.158,1816.0,92105.5
0.158,98.0,107.0
0.158,605.0,52297.0
0.158,1219.25,53364.0
0.158,1856.5,44100.0
0.158,94.0,1033.0
0.158,3500.0,129843.33333333333
0.158,2643.75,141435.5
0.158,1896.0,56692.0
0.158,821.0,34536.666666666664
0.158,3500.0,282113.0
0.158,1847.5,55440.0
0.158,134.0,144.0
0.158,3500.0,136297.0
0.158,643.6666666666666,8762.666666666666
0.158,3500.0,140542.5
0.158,1824.3333333333333,77744.66666666667
0.158,3500.0,156944.0
0.158,3500.0,104740.0
0.158,3500.0,106719.0
0.158,1267.3333333333333,39469.0
0.158,1823.0,88289.0
0.158,2357.0,92572.75
0.158,2367.6666666666665,62871.333333333336
0.158,1965.5,115830.5
0.158,2972.8333333333335,122215.66666666667
0.158,1013.5,33062.0
0.158,3500.0,83304.0
0.158,1543.3333333333333,78626.0
0.158,3500.0,67659.0
0.158,2370.0,121693.33333333333
0.158,2782.25,123030.75
0.158,2181.5,98569.25
0.158,3500.0,76220.0
0.158,3500.0,186363.0
0.158,648.6666666666666,18898.333333333332
0.158,2416.6666666666665,95253.33333333333
0.158,1582.142857142857,82589.71428571429
0.158,1796.0,73358.5
0.158,309.25,9916.25
0.158,3500.0,182505.0
0.158,405.3333333333333,8193.666666666666
0.158,1352.0,79900.75
0.158,3500.0,156203.0
0.158,272.0,4573.0
0.158,3500.0,234382.0
0.158,1001.0,15776.0
0.158,3500.0,92199.5
0.158,351.0,4503.0
0.158,3500.0,203073.0
0.158,89.0,90.0
0.158,3500.0,147409.0
0.158,1730.3333333333333,57984.22222222222
0.158,2592.5,126163.5
0.159,2705.0,89616.42857142857
0.159,1215.3333333333333,69559.0
0.159,3500.0,103047.0
0.159,2407.4,110641.8
0.159,1819.5,30298.5
0.159,126.5,181.0
0.159,118.0,832.0
0.159,3500.0,285150.0
0.159,2615.0,68423.0
0.159,2679.5,101142.0
0.159,2414.3333333333335,138233.66666666666
0.159,256.0,6607.666666666667
0.159,181.5,9236.5
0.159,1804.5,91757.5
0.159,2646.75,106846.75
0.159,1846.0,42426.5
0.159,3500.0,104616.5
0.159,3500.0,183926.25
0.159,3500.0,111768.0
0.159,94.0,95.0
0.159,1909.5,110824.0
0.159,2078.0,97646.25
0.159,1394.3333333333333,81464.33333333333
0.159,2328.0,121289.5
0.159,3500.0,163138.0
0.159,2205.25,109117.75
0.159,1789.5,85201.0
0.159,89.0,108.0
0.159,3500.0,176544.5
0.159,1831.3333333333333,112880.66666666667
0.159,3500.0,131896.0
0.159,2310.0,120072.5
0.159,59.0,144.0
0.159,1066.25,40234.5
0.159,2686.3333333333335,120528.66666666667
0.159,2155.2,60640.4
0.159,501.0,13156.0
0.159,2129.5,87009.5
0.159,78.5,349.5
0.159,3500.0,124710.5
0.159,1710.6666666666667,57666.333333333336
0.159,3500.0,124382.0
0.159,3500.0,228570.0
0.159,142.0,551.0
0.159,90.5,1157.0
0.159,3500.0,202577.0
0.159,2251.5,64479.5
0.159,2470.5,92177.5
0.159,3500.0,160137.0
0.159,469.0,18916.0
0.159,2646.75,68139.0
0.159,1858.0,45260.0
0.159,3500.0,213306.0
0.159,3500.0,195841.0
0.159,122.0,156.0
0.159,3500.0,93651.0
0.159,978.5,53915.5
0.159,1048.75,37625.25
0.159,1956.5,113547.0
0.159,261.0,468.0
0.159,1994.0,78033.0
0.159,2643.0,129690.0
0.159,1245.0,35014.333333333336
0.159,3500.0,127618.5
0.159,1462.0,47676.0
0.159,1788.5,53594.0
0.159,99.0,107.0
0.159,2596.5,92983.5
0.159,1378.0,61062.0
0.159,3500.0,158642.0
0.159,3500.0,142882.0
0.159,66.0,110.0
0.159,2236.5,35216.5
0.159,1838.0,89147.75
0.159,3500.0,148521.0
0.159,3500.0,93306.0
0.159,3500.0,191343.66666666666
0.159,2058.0,89726.0
0.159,1902.5,78193.75
0.159,2549.5,120618.0
0.159,153.0,1027.0
0.159,133.0,385.0
0.159,1784.0,31608.5
0.159,642.0,6435.0
0.159,2863.4,111101.6
0.159,3500.0,101619.0
0.159,1780.0,87753.0
0.159,426.6,9753.6
0.159,2122.0,71403.0
0.16,3500.0,134891.0
0.16,3500.0,210076.0
0.16,3500.0,137841.0
0.16,3500.0,124467.0
0.16,2646.25,117526.0
0.16,200.0,3484.0
0.16,3500.0,243236.0
0.16,2469.0,180164.5
0.16,1788.5,96071.5
0.16,1852.0,97824.5
0.16,3500.0,176563.25
0.16,3500.0,172936.75
0.16,2882.0,86195.75
0.16,1789.0,68106.0
0.16,1667.25,78933.0
0.16,208.0,577.0
0.16,1603.0,47922.6
0.16,881.0,23867.0
0.16,3500.0,79853.0
0.16,1794.0,67708.0
0.16,3500.0,96576.0
0.16,1799.5,47664.5
0.16,1482.6666666666667,72457.0
0.16,188.0,7090.0
0.16,3500.0,158249.0
0.16,1807.0,73625.0
0.16,3500.0,85175.0
0.16,2001.0,54396.5
0.16,1835.5,64236.5
0.16,2717.0,107033.71428571429
0.16,1294.0,55747.333333333336
0.16,3500.0,174514.66666666666
0.16,2894.25,146912.5
0.16,1081.0,30442.0
0.16,1845.6,73535.2
0.16,100.0,754.5
0.16,2974.5,163694.5
0.16,3500.0,234272.0
0.16,756.6666666666666,16380.0
0.16,1055.75,29984.0
0.16,95.0,139.0
0.16,3500.0,115332.0
0.16,1793.5,100756.5
0.16,808.5,23354.0
0.16,2153.5,133788.0
0.16,1923.5,94461.5
0.16,3500.0,149316.5
0.16,2405.3333333333335,88627.0
0.16,3113.75,170059.75
0.16,3500.0,116542.0
0.16,3500.0,207803.0
0.16,3500.0,151119.0
0.16,3500.0,140820.0
0.16,3500.0,149003.0
0.16,3500.0,115392.5
0.16,144.0,994.0
0.16,1924.0,69704.0
0.16,2397.0,78060.5
0.16,2649.5,113012.5
0.16,1796.5,65534.0
0.16,94.0,101.0
0.16,477.3333333333333,19017.666666666668
0.16,1239.3333333333333,19655.0
0.16,77.33333333333333,248.0
0.16,1858.0,97385.5
0.16,2376.0,108639.0
0.16,1364.3333333333333,82201.66666666667
0.16,1342.6666666666667,67964.0
0.16,2173.5,76314.5
0.16,1890.0,81794.0
0.16,2333.5,31430.0
0.16,1858.0,59519.5
0.16,3500.0,66969.0
0.16,1101.0,23470.0
0.16,2302.5,162706.0
0.16,3117.8,134946.6
0.161,639.3333333333334,18049.0
0.161,2322.0,129835.0
0.161,1918.0,115561.25
0.161,1808.5,101902.0
0.161,1452.0,83500.0
0.161,2391.6666666666665,99510.33333333333
0.161,3500.0,135074.0
0.161,87.0,94.0
0.161,2646.75,122068.75
0.161,546.0,18347.0
0.161,3500.0,240047.0
0.161,177.0,697.0
0.161,75.0,107.0
0.161,2093.5,104351.5
0.161,3500.0,117671.0
0.161,643.0,43807.666666666664
0.161,1823.5,52509.0
0.161,3500.0,141341.0
0.161,3500.0,110210.0
0.161,158.0,409.0
0.161,2240.5,71927.25
0.161,3500.0,119102.0
0.161,1862.5,67369.0
0.161,186.0,2745.0
0.161,2277.0,102998.0
0.161,281.0,4508.0
0.161,3500.0,212923.0
0.161,2689.0,146435.5
0.161,2362.3333333333335,123896.66666666667
0.161,51.0,58.0
0.161,3500.0,134242.0
0.161,141.0,197.0
0.161,3500.0,183546.0
0.161,1797.0,57167.25
0.161,3500.0,129701.0
0.161,328.0,4397.0
0.161,1968.0,60705.5
0.161,2257.5,138002.0
0.161,3500.0,74247.66666666667
0.161,2102.0,91894.5
0.161,2369.6666666666665,89989.33333333333
0.161,1812.0,69868.0
0.161,1331.5,55792.5
0.161,258.0,1498.0
0.161,86.0,138.0
0.161,2350.3333333333335,129114.83333333333
0.161,2733.75,89861.75
0.161,1810.0,109019.0
0.161,216.0,1209.0
0.161,1751.3333333333333,50965.666666666664
0.161,3500.0,130957.5
0.161,207.0,982.0
0.161,3500.0,235109.0
0.161,100.0,113.0
0.161,474.0,17261.75
0.161,1484.6666666666667,50822.333333333336
0.161,1467.8,76202.6
0.161,3500.0,90752.0
0.161,2674.0,174301.5
0.161,2357.3333333333335,115576.66666666667
0.161,3500.0,86477.0
0.161,2835.6,140454.2
0.161,1226.2,62474.4
0.161,1800.0,59956.5
0.161,2020.75,104956.25
0.161,277.5,3654.0
0.161,2893.8,110381.8
0.161,3500.0,141370.5
0.161,2042.5,126644.5
0.161,1818.0,76088.5
0.161,3500.0,201835.0
0.161,3500.0,194244.0
0.161,1248.0,33118.333333333336
0.161,3500.0,150285.33333333334
0.161,841.0,60895.0
0.161,3500.0,132363.0
0.161,1821.5,123745.0
0.161,3500.0,85958.5
0.162,787.0,14783.5
0.162,466.5,16284.5
0.162,1422.0,71505.0
0.162,1372.6666666666667,80461.0
0.162,3500.0,217581.33333333334
0.162,1794.5,63943.5
0.162,2657.0,99224.5
0.162,3500.0,123756.5
0.162,1745.2,57348.0
0.162,2062.5,47801.5
0.162,64.0,101.0
0.162,3500.0,163056.0
0.162,1232.6666666666667,33662.333333333336
0.162,81.0,97.0
0.162,165.0,456.0
0.162,1790.5,48048.5
0.162,3500.0,88971.0
0.162,2679.0,99107.5
0.162,3500.0,153016.0
0.162,1905.5,39095.0
0.162,459.0,4479.0
0.162,3500.0,91867.66666666667
0.162,1341.6666666666667,74394.33333333333
0.162,3500.0,139334.0
0.162,3500.0,67727.0
0.162,1936.5,54882.0
0.162,2942.8333333333335,159045.5
0.162,1634.0,28120.666666666668
0.162,3500.0,93829.0
0.162,2641.25,142731.0
0.162,75.5,1133.5
0.162,2124.0,100272.66666666667
0.162,3500.0,225347.0
0.162,2679.0,95789.25
0.162,1728.3333333333333,128552.66666666667
0.162,1436.25,44500.5
0.162,1977.0,92105.0
0.162,2843.0,77422.2
0.162,1221.3333333333333,56064.0
0.162,3500.0,167318.5
0.162,1305.6666666666667,56038.0
0.162,3500.0,169900.0
0.162,1895.6666666666667,97535.66666666667
0.162,3500.0,89964.0
0.162,3500.0,179080.5
0.162,163.0,1181.0
0.162,116.5,394.0
0.162,2204.2,100346.0
0.162,3500.0,164755.0
0.162,1224.0,74569.0
0.162,3500.0,106109.0
0.162,3500.0,84986.0
0.162,112.5,123.5
0.162,188.5,260.5
0.162,3500.0,206054.0
0.162,3500.0,196828.5
0.162,3500.0,130352.33333333333
0.162,2516.5,156825.0
0.162,1690.5,77729.0
0.162,3500.0,133316.66666666666
0.162,106.0,176.0
0.162,3500.0,256284.0
0.162,3500.0,146869.0
0.162,2553.0,103265.0
0.162,1174.25,67211.5
0.162,2392.1666666666665,120250.33333333333
0.162,409.0,9677.0
0.162,2367.3333333333335,151543.66666666666
0.162,2275.5,144533.5
0.162,1365.75,73119.25
0.162,2184.4,108309.4
0.162,1538.3333333333333,49209.666666666664
0.162,2649.0,127268.25
0.162,1315.0,80478.66666666667
0.162,3500.0,201308.0
0.162,90.0,144.0
0.162,3500.0,105560.0
0.162,67.5,392.5
0.162,1804.0,98801.0
0.162,3500.0,101120.0
0.162,1104.0,30824.0
0.162,2672.6666666666665,127394.66666666667
0.163,3500.0,213134.0
0.163,2426.0,128819.66666666667
0.163,2368.3333333333335,101280.0
0.163,2827.4,111216.0
0.163,1782.5,128952.5
0.163,126.0,252.0
0.163,1456.6666666666667,62228.0
0.163,3500.0,221277.0
0.163,1645.0,74224.5
0.163,1802.3333333333333,99327.33333333333
0.163,3500.0,115987.0
0.163,3500.0,172521.0
0.163,3500.0,147468.5
0.163,1822.0,89256.5
0.163,2461.4,109116.8
0.163,1867.25,67171.25
0.163,2763.0,203733.0
0.163,231.5,4898.0
0.163,216.0,519.0
0.163,1686.6666666666667,40770.666666666664
0.163,652.5,14704.5
0.163,3500.0,90040.5
0.163,1802.0,130667.5
0.163,3500.0,202117.0
0.163,2362.6666666666665,106985.66666666667
0.163,145.0,153.0
0.163,1900.5,83416.5
0.163,90.0,98.0
0.163,159.0,351.0
0.163,556.0,7198.0
0.163,3500.0,122262.5
0.163,1785.5,75426.5
0.163,3500.0,151624.0
0.163,90.0,98.0
0.163,3500.0,221703.0
0.163,3500.0,193835.0
0.163,823.3333333333334,29383.333333333332
0.163,3500.0,183920.0
0.163,1796.0,91568.5
0.163,90.0,1002.0
0.163,293.0,11057.0
0.163,3500.0,198345.0
0.163,82.0,110.0
0.163,439.0,14059.0
0.163,3500.0,174249.0
0.163,108.0,635.0
0.163,2758.3333333333335,143768.0
0.163,2386.6666666666665,119216.0
0.163,288.0,4687.0
0.163,1814.5,69038.5
0.163,763.5,19464.5
0.163,672.0,9583.0
0.163,3500.0,75377.0
0.163,1786.5,31896.5
0.163,1817.5,107457.0
0.163,941.3333333333334,24821.0
0.163,96.0,306.0
0.163,1769.0,48378.5
0.163,3500.0,149437.0
0.163,3500.0,57467.0
0.163,1252.0,32507.5
0.163,2770.6666666666665,96352.66666666667
0.163,2353.3333333333335,134265.66666666666
0.163,2054.1428571428573,109817.57142857143
0.163,2421.0,112128.33333333333
0.163,3500.0,184670.0
0.163,3500.0,99499.0
0.163,1926.0,52396.0
0.163,104.0,638.0
0.163,424.5,11388.5
0.163,2376.5,65601.5
0.163,3500.0,163694.0
0.163,3500.0,147686.0
0.163,761.0,9910.0
0.163,1808.5,90129.5
0.163,1059.0,45397.0
0.164,2215.1428571428573,119169.28571428571
0.164,3500.0,201574.5
0.164,3500.0,102406.0
0.164,3500.0,125229.5
0.164,61.0,717.0
0.164,3500.0,271374.0
0.164,3500.0,200338.0
0.164,3500.0,177385.0
0.164,2380.0,75950.66666666667
0.164,2526.3333333333335,81955.66666666667
0.164,1527.0,64691.666666666664
0.164,1785.0,54209.0
0.164,3500.0,70429.0
0.164,1855.5,79846.75
0.164,1201.75,39359.25
0.164,2002.0,62734.0
0.164,903.5,38280.0
0.164,2639.75,85094.75
0.164,3500.0,173303.5
0.164,2605.3333333333335,92357.33333333333
0.164,3500.0,132005.33333333334
0.164,1777.5,96971.0
0.164,3500.0,130972.0
0.164,1816.0,36049.5
0.164,2366.0,75860.66666666667
0.164,1986.0,39183.5
0.164,617.0,18244.0
0.164,2362.0,115553.5
0.164,2538.6666666666665,122494.0
0.164,3500.0,165907.0
0.164,1206.5,45927.5
0.164,1606.6666666666667,32282.333333333332
0.164,1115.0,54814.0
0.164,193.0,12972.5
0.164,3057.5,123306.75
0.164,109.0,172.5
0.164,637.5,29367.0
0.164,1483.0,69071.33333333333
0.164,3500.0,73651.5
0.164,1826.0,43348.5
0.164,2411.5,107669.5
0.164,975.25,53294.75
0.164,3500.0,55943.0
0.164,1819.5,54629.5
0.164,216.0,2038.0
0.164,286.5,10715.0
0.164,2639.0,129784.0
0.164,1793.0,57189.5
0.164,105.0,112.0
0.164,2089.0,98993.5
0.164,2410.5,148040.5
0.164,1781.5,79659.5
0.164,2374.0,120309.66666666667
0.164,1798.5,34337.5
0.164,3500.0,90138.66666666667
0.164,252.0,1325.5
0.164,1810.5,114786.0
0.164,3500.0,141833.0
0.164,3500.0,80902.0
0.164,3500.0,120160.0
0.164,2373.6666666666665,71734.33333333333
0.164,3500.0,144308.0
0.164,3500.0,48137.0
0.164,56.0,96.0
0.164,1858.0,37318.5
0.164,1850.0,118450.0
0.164,3500.0,199522.0
0.164,433.0,21557.0
0.164,3500.0,53067.0
0.164,2173.75,99942.75
0.164,81.0,118.5
0.164,3500.0,234262.0
0.164,1373.6666666666667,30989.666666666668
0.164,2405.3333333333335,109212.66666666667
0.164,3500.0,169171.0
0.164,2361.5,120371.5
0.164,221.0,1782.0
0.164,1518.75,75988.0
0.164,148.5,1968.0
0.165,3500.0,104600.0
0.165,2588.0,119092.5
0.165,3500.0,181304.0
0.165,3500.0,167251.0
0.165,179.0,317.0
0.165,3500.0,115394.0
0.165,184.0,6328.5
0.165,1065.0,64444.5
0.165,3500.0,105879.5
0.165,2332.5,66949.0
0.165,95.0,98.0
0.165,666.5,20426.0
0.165,2694.0,105647.5
0.165,1857.5,88313.0
0.165,1850.0,31790.0
0.165,3500.0,188473.0
0.165,350.0,5723.0
0.165,1408.0,40902.0
0.165,1798.0,46566.5
0.165,1858.0,36744.0
0.165,3500.0,191464.0
0.165,2356.0,132531.0
0.165,1348.3333333333333,49415.333333333336
0.165,3500.0,232917.0
0.165,3500.0,199070.0
0.165,3500.0,142864.0
0.165,2239.5,113594.75
0.165,3500.0,197155.0
0.165,3500.0,238891.0
0.165,1109.0,54494.0
0.165,3500.0,92409.0
0.165,1022.0,18695.0
0.165,1907.3333333333333,117959.66666666667
0.165,340.5,5800.5
0.165,2364.0,90132.0
0.165,722.0,10156.0
0.165,1791.0,74767.0
0.165,133.0,3776.0
0.165,2855.75,117551.25
0.165,92.0,156.0
0.165,373.4,13028.2
0.165,2494.3333333333335,95202.66666666667
0.165,3500.0,152396.5
0.165,3500.0,70755.0
0.165,1780.5,22857.0
0.165,3500.0,104126.0
0.165,3500.0,120792.33333333333
0.165,2357.3333333333335,105639.0
0.165,723.0,50754.0
0.165,3500.0,74972.0
0.165,2242.6,98364.8
0.165,2729.5,123016.75
0.165,3500.0,188149.0
0.165,87.0,92.0
0.165,2131.6666666666665,82821.66666666667
0.165,2171.25,82980.75
0.165,3500.0,167408.0
0.165,2363.1666666666665,73967.66666666667
0.165,1427.125,68521.25
0.165,2361.6666666666665,79830.0
0.165,3500.0,143456.5
0.165,1225.6666666666667,25380.666666666668
0.165,3500.0,222765.0
0.165,2047.5,86580.75
0.165,1628.4,95424.4
0.165,3500.0,86968.0
0.165,2581.0,113646.0
0.165,487.0,10359.5
0.165,2634.0,114404.5
0.165,3500.0,133621.5
0.165,161.5,2325.0
0.165,3500.0,124615.5
0.166,1782.0,63413.0
0.166,2362.3333333333335,109154.33333333333
0.166,1403.0,47244.0
0.166,3500.0,132905.0
0.166,2942.6666666666665,122277.33333333333
0.166,3500.0,76107.0
0.166,1613.3333333333333,86882.66666666667
0.166,3500.0,196832.0
0.166,347.0,4752.0
0.166,3500.0,119190.0
0.166,2372.6666666666665,84450.0
0.166,2304.5,59800.0
0.166,1492.6,58169.4
0.166,1875.25,77877.25
0.166,3500.0,131806.0
0.166,1832.5,29153.0
0.166,1924.5,94549.5
0.166,3500.0,155392.0
0.166,972.0,31815.0
0.166,3500.0,122908.33333333333
0.166,525.0,17298.5
0.166,125.0,183.5
0.166,1824.25,74689.0
0.166,2382.3333333333335,109951.66666666667
0.166,1789.5,65881.5
0.166,79.0,500.6666666666667
0.166,2076.75,60578.75
0.166,1042.0,44098.0
0.166,3500.0,131225.0
0.166,3500.0,166431.33333333334
0.166,3500.0,177957.5
0.166,1359.0,18012.0
0.166,2387.5,81764.75
0.166,2042.75,79012.25
0.166,3500.0,216952.0
0.166,1802.0,118351.0
0.166,1801.0,57487.5
0.166,593.0,10976.0
0.166,3500.0,129515.0
0.166,1115.0,16877.0
0.166,3500.0,100224.0
0.166,517.0,30036.0
0.166,158.0,3607.0
0.166,115.0,119.0
0.166,2359.3333333333335,111712.33333333333
0.166,216.0,441.0
0.166,3500.0,205343.0
0.166,2257.75,114555.0
0.166,444.0,10009.0
0.166,1456.75,25516.0
0.166,540.0,18110.0
0.166,1101.75,37815.75
0.166,1350.6666666666667,58259.333333333336
0.166,2699.25,130660.75
0.166,3500.0,126480.0
0.166,2720.0,76905.0
0.166,3500.0,96311.0
0.166,2010.0,52683.0
0.166,3500.0,119928.5
0.166,275.6666666666667,3833.3333333333335
0.166,3500.0,159979.66666666666
0.166,2370.0,90095.0
0.166,3500.0,85444.0
0.166,2370.0,136196.0
0.166,2964.3333333333335,137656.33333333334
0.166,3500.0,138607.0
0.166,1870.5,81466.75
0.166,3500.0,142576.0
0.166,1024.75,32969.0
0.166,2090.5,99578.0
0.166,225.0,4496.0
0.166,3500.0,125783.0
0.166,1976.5,83734.5
0.166,2813.3333333333335,106405.33333333333
0.166,1788.5,91404.5
0.166,2755.8,105186.6
0.166,1835.0,61168.0
0.166,1799.0,35741.0
0.166,2278.0,134815.5
0.166,1199.0,31905.0
0.166,3500.0,168678.0
0.167,3500.0,179712.0
0.167,2737.0,81002.5
0.167,3500.0,126384.33333333333
0.167,947.5,63843.25
0.167,2433.6666666666665,131496.0
0.167,2042.0,91590.66666666667
0.167,3500.0,130723.0
0.167,3500.0,283143.0
0.167,1796.5,77660.25
0.167,1398.0,47710.5
0.167,1577.0,76062.66666666667
0.167,2420.6666666666665,60315.333333333336
0.167,1774.3333333333333,52920.0
0.167,2870.6666666666665,110042.33333333333
0.167,138.0,221.0
0.167,3500.0,38570.0
0.167,2186.0,68317.0
0.167,2505.6666666666665,84752.33333333333
0.167,2623.3333333333335,119871.33333333333
0.167,796.0,44542.0
0.167,3500.0,111198.0
0.167,3500.0,113409.5
0.167,1804.5,86404.0
0.167,2053.0,94765.0
0.167,3500.0,196455.0
0.167,2405.3333333333335,87137.0
0.167,3500.0,159263.0
0.167,2976.2,117774.0
0.167,2366.6666666666665,95952.0
0.167,143.0,151.0
0.167,2095.75,112464.5
0.167,2380.0,95000.33333333333
0.167,2649.5,114471.0
0.167,171.0,277.0
0.167,179.0,192.0
0.167,1973.0,92156.0
0.167,770.5,14530.0
0.167,2159.5,98166.5
0.167,113.0,115.0
0.167,1858.0,84755.5
0.167,2649.75,102505.5
0.167,682.0,27825.0
0.167,2644.75,104520.5
0.167,2381.3333333333335,110740.0
0.167,3500.0,93197.0
0.167,3500.0,134984.0
0.167,639.5,25348.0
0.167,1624.0,33645.0
0.167,535.3333333333334,24932.0
0.167,296.6666666666667,6551.333333333333
0.167,346.0,5304.5
0.167,2365.3333333333335,90039.0
0.167,3500.0,142925.66666666666
0.167,3500.0,109534.5
0.167,1848.5,119823.0
0.167,3500.0,125591.5
0.167,3500.0,164407.0
0.167,3500.0,252012.0
0.167,2995.6666666666665,138504.66666666666
0.167,1557.0,36891.5
0.167,1858.0,106016.0
0.167,669.0,48993.0
0.167,3500.0,80827.5
0.167,1165.25,75886.75
0.167,812.0,30660.0
0.167,3500.0,112131.0
0.167,1826.0,135154.0
0.167,3500.0,183265.0
0.167,2434.0,61876.0
0.167,3500.0,171732.33333333334
0.167,1326.0,31004.0
0.167,1807.0,62774.5
0.167,3500.0,138163.0
0.167,3500.0,83558.0
0.167,2900.3333333333335,104810.33333333333
0.167,2378.3333333333335,140328.0
0.167,3500.0,145457.66666666666
0.167,2357.3333333333335,83507.0
0.167,1591.6666666666667,69529.33333333333
0.167,1609.0,76516.66666666667
0.167,880.0,34478.2
0.167,2632.8,115385.0
0.167,2124.0,43513.0
0.167,140.0,156.0
0.168,95.5,227.0
0.168,584.5,17374.0
0.168,3500.0,229453.0
0.168,1973.0,50525.166666666664
0.168,3500.0,99081.0
0.168,3500.0,177090.0
0.168,3500.0,111273.0
0.168,1679.3333333333333,87146.16666666667
0.168,1957.5,113216.25
0.168,2800.25,139272.5
0.168,88.0,90.0
0.168,365.0,4012.0
0.168,1765.3333333333333,85818.0
0.168,1385.3333333333333,39489.0
0.168,3500.0,116543.0
0.168,1889.0,49829.5
0.168,2537.3333333333335,126189.33333333333
0.168,3500.0,226746.0
0.168,1961.0,75033.0
0.168,1804.0,86805.0
0.168,3500.0,185847.0
0.168,3500.0,194929.0
0.168,1347.3333333333333,76385.0
0.168,1257.6666666666667,55757.666666666664
0.168,2730.75,118935.5
0.168,2435.0,123110.0
0.168,2551.0,111943.0
0.168,3500.0,100427.0
0.168,1900.5,80867.25
0.168,1840.0,130189.0
0.168,2354.0,66941.0
0.168,2382.0,92226.0
0.168,2695.25,123322.5
0.168,1911.6666666666667,69121.5
0.168,2952.6666666666665,173387.33333333334
0.168,3500.0,124679.0
0.168,2649.0,88492.5
0.168,1820.0,80943.0
0.168,1406.5,64833.5
0.168,1506.0,50031.0
0.168,98.0,109.0
0.168,946.75,23821.5
0.168,864.0,9970.0
0.168,2396.0,130014.33333333333
0.168,2594.5,116566.0
0.168,2405.3333333333335,98256.66666666667
0.168,3500.0,133054.0
0.168,2974.5,98898.0
0.168,2605.3333333333335,107375.33333333333
0.168,1851.0,68197.0
0.168,3500.0,105978.5
0.168,2360.3333333333335,119742.66666666667
0.168,1910.0,117574.0
0.168,3500.0,122595.5
0.168,3500.0,112009.0
0.168,3500.0,181487.5
0.168,3500.0,184353.0
0.168,1997.75,59476.75
0.168,1357.0,62350.25
0.168,1971.6666666666667,91722.33333333333
0.168,2373.6666666666665,122674.66666666667
0.168,2367.0,96777.33333333333
0.168,3500.0,84154.0
0.168,2333.6,102392.6
0.168,3500.0,114296.0
0.168,1955.0,55874.5
0.168,1762.0,80871.0
0.168,1796.5,62362.0
0.168,3500.0,76511.5
0.168,1858.0,88727.0
0.168,271.0,3365.0
0.168,3500.0,129744.0
0.168,2306.6,80095.2
0.168,2979.5555555555557,122058.55555555556
0.168,3500.0,197993.5
0.168,1829.5,86429.0
0.168,3500.0,140080.33333333334
0.168,3500.0,60937.0
0.168,1798.0,68146.0
0.168,2743.5,133649.5
0.168,2292.3333333333335,135269.66666666666
0.168,1404.3333333333333,32196.0
0.168,1328.25,52773.5
0.169,896.5,24136.0
0.169,2154.5,68963.0
0.169,3017.25,121581.0
0.169,3500.0,92522.0
0.169,312.0,9435.0
0.169,3500.0,117122.0
0.169,3500.0,134620.0
0.169,2351.3333333333335,77867.33333333333
0.169,259.0,762.0
0.169,3500.0,128723.0
0.169,1833.0,36850.5
0.169,3500.0,135569.0
0.169,2431.3333333333335,87941.0
0.169,1486.6666666666667,64396.333333333336
0.169,3500.0,85784.0
0.169,1460.25,74437.25
0.169,3500.0,158035.5
0.169,1073.0,15784.0
0.169,3500.0,168466.5
0.169,2356.6666666666665,125300.66666666667
0.169,1705.2,68011.4
0.169,226.5,5408.0
0.169,3500.0,195808.0
0.169,81.0,146.0
0.169,3500.0,60521.0
0.169,3500.0,120699.0
0.169,3500.0,200731.0
0.169,3500.0,227370.66666666666
0.169,1840.5,71115.0
0.169,2027.5,71226.5
0.169,3500.0,139584.0
0.169,1114.5,50751.0
0.169,2366.0,119751.0
0.169,804.6666666666666,16197.0
0.169,1791.0,39425.5
0.169,133.5,333.5
0.169,1799.0,40049.5
0.169,668.75,17749.25
0.169,3500.0,77711.0
0.169,150.5,381.5
0.169,1225.3333333333333,56420.0
0.169,1973.0,78655.5
0.169,2634.4,162336.6
0.169,633.3333333333334,16855.666666666668
0.169,215.0,6075.0
0.169,1818.0,78934.75
0.169,3500.0,149193.0
0.169,2357.3333333333335,128717.66666666667
0.169,3500.0,133690.0
0.169,3500.0,103638.5
0.169,132.0,147.0
0.169,1786.5,70578.5
0.169,1508.6666666666667,54705.666666666664
0.169,3500.0,93649.5
0.169,3500.0,95929.5
0.169,3500.0,179362.0
0.169,64.0,633.0
0.169,2786.0,127988.5
0.169,3500.0,74543.0
0.169,3500.0,128202.0
0.169,2649.3333333333335,158986.33333333334
0.169,1801.0,67485.0
0.169,2097.0,98018.5
0.169,588.0,14881.5
0.169,1193.5,41465.0
0.169,3500.0,100411.0
0.169,216.0,1205.0
0.169,3500.0,173206.0
0.169,2363.0,69975.66666666667
0.169,2362.3333333333335,118305.33333333333
0.169,2583.5,83889.0
0.169,590.0,17591.5
0.169,3500.0,137943.0
0.169,3500.0,179633.25
0.17,1830.0,74630.0
0.17,900.0,59860.0
0.17,158.0,712.0
0.17,3500.0,94386.5
0.17,3500.0,240969.0
0.17,3500.0,164327.8
0.17,3500.0,195319.0
0.17,2243.0,68078.5
0.17,322.5,7415.5
0.17,1778.5,83861.5
0.17,1238.2,40295.2
0.17,1795.75,122053.5
0.17,1776.5,82436.0
0.17,1904.5,56097.0
0.17,2533.3333333333335,114445.33333333333
0.17,216.0,4571.0
0.17,1803.5,113033.0
0.17,2651.75,107313.25
0.17,40.0,769.0
0.17,2352.2,82397.0
0.17,1881.75,91453.25
0.17,458.0,3500.0
0.17,1352.6666666666667,52058.333333333336
0.17,1815.0,90574.33333333333
0.17,2371.6666666666665,122204.66666666667
0.17,1783.5,30058.0
0.17,3500.0,121817.0
0.17,1842.5,65912.5
0.17,1456.6666666666667,72459.33333333333
0.17,3500.0,140170.0
0.17,3500.0,185721.5
0.17,3500.0,95330.0
0.17,1829.5,94537.5
0.17,94.0,110.0
0.17,1789.0,77288.0
0.17,3500.0,136343.0
0.17,1850.5,51540.0
0.17,2916.0,148701.4
0.17,1380.2,51970.2
0.17,2413.6666666666665,102210.33333333333
0.17,1794.5,53652.5
0.17,3500.0,125557.0
0.17,1995.5,48746.5
0.17,1213.0,59566.666666666664
0.17,2077.0,43264.5
0.17,3500.0,130249.0
0.17,896.5,15917.5
0.17,216.0,1062.0
0.17,3500.0,161749.0
0.17,2517.8333333333335,115042.16666666667
0.17,1480.5,70349.0
0.17,3500.0,144955.5
0.17,1816.0,76474.5
0.17,3500.0,121250.0
0.17,3500.0,116206.0
0.17,2291.0,102541.5
0.17,1793.5,104444.5
0.17,1792.0,91840.0
0.17,2722.5,191779.0
0.17,1206.0,36951.0
0.17,2363.0,106731.0
0.17,586.5,9276.5
0.17,3500.0,182827.5
0.17,715.0,34676.0
0.17,2300.0,116777.0
0.17,3500.0,111845.0
0.17,1935.3333333333333,87171.5
0.17,2692.5,117170.5
0.17,3500.0,165226.0
0.17,2579.0,73132.33333333333
0.17,2905.0,96971.33333333333
0.17,2649.25,108380.25
0.17,2991.6666666666665,99885.66666666667
0.17,3500.0,205999.33333333334
0.17,1865.0,34105.0
0.17,1241.6666666666667,77788.66666666667
0.17,1797.0,76030.0
0.171,2706.3333333333335,116732.0
0.171,2446.6666666666665,151124.0
0.171,1336.0,45857.0
0.171,3500.0,211138.0
0.171,2407.6666666666665,101647.33333333333
0.171,3500.0,82757.0
0.171,1544.0,38996.0
0.171,3500.0,204137.0
0.171,3500.0,140169.0
0.171,3500.0,162608.5
0.171,1061.5,29827.75
0.171,3500.0,127811.0
0.171,87.5,393.0
0.171,3500.0,110827.0
0.171,3500.0,176133.5
0.171,3500.0,145406.0
0.171,114.0,290.6666666666667
0.171,3500.0,117614.5
0.171,3500.0,119271.0
0.171,2031.0,64375.0
0.171,1477.6666666666667,28004.333333333332
0.171,1787.5,44862.0
0.171,3500.0,132276.0
0.171,147.0,160.0
0.171,2544.6666666666665,87782.33333333333
0.171,752.0,21366.0
0.171,2436.0,79716.0
0.171,1817.0,109712.0
0.171,3500.0,74858.5
0.171,167.0,199.0
0.171,2107.5,34016.5
0.171,1506.0,45013.0
0.171,3500.0,203065.5
0.171,2371.0,147986.66666666666
0.171,2334.0,51617.5
0.171,3500.0,180027.0
0.171,1038.0,42603.5
0.171,3500.0,253629.0
0.171,539.0,5547.0
0.171,3500.0,151689.5
0.171,3500.0,91026.0
0.171,1763.0,47663.5
0.171,151.0,298.0
0.171,280.6666666666667,4197.333333333333
0.171,3500.0,192688.0
0.171,2519.0,86236.0
0.171,3500.0,217016.0
0.171,1692.3333333333333,45772.666666666664
0.171,1576.0,97975.66666666667
0.171,993.0,60372.0
0.171,2964.0,109959.0
0.171,1245.3333333333333,23903.0
0.171,261.0,813.0
0.171,3500.0,107823.5
0.171,2354.6666666666665,67085.33333333333
0.171,2644.5,110943.75
0.171,3500.0,158566.0
0.171,3500.0,57959.0
0.171,441.6666666666667,15907.333333333334
0.171,3500.0,105548.0
0.171,3500.0,162199.5
0.171,2057.0,51277.0
0.171,153.5,948.0
0.171,144.0,419.0
0.171,3500.0,85633.0
0.171,2639.75,119288.5
0.171,1718.0,118167.33333333333
0.171,2208.0,134756.0
0.171,1876.0,74346.66666666667
0.171,3500.0,156453.0
0.171,1829.0,100302.66666666667
0.171,3500.0,188928.0
0.171,3500.0,216008.0
0.171,110.33333333333333,144.33333333333334
0.171,77.0,94.0
0.171,1799.0,92233.0
0.171,1777.0,33295.5
0.172,1772.5,94839.5
0.172,2463.5,100008.0
0.172,182.0,399.0
0.172,2345.6666666666665,91118.33333333333
0.172,2097.5,54445.25
0.172,3500.0,150843.2
0.172,216.0,274.0
0.172,3500.0,78339.0
0.172,2363.3333333333335,110157.33333333333
0.172,3500.0,204565.0
0.172,673.0,16924.0
0.172,1796.5,102862.5
0.172,3500.0,180304.5
0.172,2681.6666666666665,122158.33333333333
0.172,61.0,381.0
0.172,3500.0,128137.5
0.172,2356.3333333333335,95124.66666666667
0.172,3500.0,83462.0
0.172,2722.0,92528.66666666667
0.172,1796.5,63289.5
0.172,505.0,43443.0
0.172,2461.3333333333335,126715.33333333333
0.172,3500.0,191905.0
0.172,122.5,352.0
0.172,1372.0,37159.666666666664
0.172,407.5,14597.0
0.172,1780.0,89447.0
0.172,1242.0,72545.0
0.172,1584.25,47130.5
0.172,1209.0,51752.0
0.172,80.0,94.0
0.172,2353.3333333333335,130413.66666666667
0.172,3500.0,157841.0
0.172,2344.6666666666665,93861.33333333333
0.172,3500.0,180771.0
0.172,2385.0,94718.0
0.172,3500.0,142993.0
0.172,1818.75,76957.5
0.172,412.5,9794.5
0.172,2364.3333333333335,128353.33333333333
0.172,3500.0,116745.5
0.172,2376.0,53962.333333333336
0.172,1035.0,15149.0
0.172,3500.0,116231.5
0.172,2229.5,87507.75
0.172,3500.0,97686.0
0.172,2494.5,59300.0
0.172,3500.0,231646.0
0.172,1257.6666666666667,40053.666666666664
0.172,3500.0,199506.0
0.172,1847.0,59870.0
0.172,2282.5,121590.0
0.172,1803.0,65690.0
0.172,1185.5,47600.0
0.172,1810.5,131680.0
0.172,441.5,2756.0
0.172,2521.0,80713.66666666667
0.172,1803.5,91786.5
0.172,42.0,46.0
0.172,1945.5,39674.5
0.172,1100.0,31405.0
0.172,973.0,14659.0
0.172,3500.0,113733.5
0.172,2367.6666666666665,98330.66666666667
0.172,3500.0,229951.5
0.172,3500.0,131830.0
0.172,150.5,717.0
0.172,2084.0,137314.0
0.172,108.0,139.0
0.172,1961.75,94927.25
0.172,1493.0,68709.33333333333
0.172,1525.0,65768.2
0.172,857.0,17862.5
0.172,3500.0,163723.5
0.172,3500.0,206724.0
0.172,1681.0,85134.33333333333
0.172,2636.0,104615.0
0.172,1795.0,88441.0
0.172,1838.5,33175.0
0.172,1690.3333333333333,58777.0
0.172,97.0,101.0
0.173,2365.3333333333335,126571.66666666667
0.173,3500.0,93096.0
0.173,1796.0,107805.0
0.173,2042.25,78105.75
0.173,3500.0,240897.0
0.173,3500.0,210649.0
0.173,437.6666666666667,11354.0
0.173,2105.0,91321.0
0.173,2660.0,127047.75
0.173,3500.0,192128.33333333334
0.173,1909.5,42414.5
0.173,1514.3333333333333,58523.166666666664
0.173,2405.3333333333335,70005.66666666667
0.173,1723.0,99217.0
0.173,3500.0,134958.5
0.173,176.0,260.0
0.173,1705.0,76423.0
0.173,3500.0,185070.0
0.173,2190.0,92802.5
0.173,1002.0,40165.0
0.173,2937.25,119742.0
0.173,3500.0,271329.0
0.173,2261.5,58989.0
0.173,928.4,51294.0
0.173,3500.0,145225.5
0.173,2022.5,57265.5
0.173,3500.0,50013.0
0.173,2842.3333333333335,116881.33333333333
0.173,1153.0,47638.0
0.173,1338.3333333333333,55860.0
0.173,1807.0,109967.5
0.173,1609.6,60459.6
0.173,2714.5,83258.0
0.173,1494.6666666666667,68941.66666666667
0.173,2362.0,62874.5
0.173,1830.5,28291.0
0.173,3500.0,213726.0
0.173,610.6666666666666,24731.333333333332
0.173,3500.0,114191.75
0.173,1623.4,78979.8
0.173,3500.0,90216.0
0.173,1229.3333333333333,73915.33333333333
0.173,1794.5,100669.5
0.173,1129.0,45117.5
0.173,2571.0,111534.66666666667
0.173,3500.0,91807.0
0.173,3500.0,177603.0
0.173,822.5,68521.5
0.173,99.5,235.5
0.173,191.0,1107.0
0.173,128.0,168.0
0.173,3500.0,88529.0
0.173,3500.0,148784.0
0.173,1450.2,84144.4
0.173,3500.0,205753.0
0.173,81.5,89.0
0.173,1264.3333333333333,58312.0
0.173,64.0,667.0
0.173,3500.0,189341.0
0.173,341.3333333333333,5960.333333333333
0.173,112.0,153.0
0.173,2795.0,124666.0
0.173,1164.75,36302.0
0.173,1425.0,53081.333333333336
0.173,3500.0,159811.5
0.173,913.5,37616.0
0.173,1784.5,46355.0
0.173,147.0,208.5
0.173,2053.5,65921.5
0.173,809.0,20658.0
0.173,3500.0,167912.0
0.173,370.0,1655.0
0.173,1795.5,44557.0
0.173,92.0,146.0
0.173,2438.3333333333335,108974.16666666667
0.173,3500.0,204052.0
0.173,1165.0,31645.0
0.173,2064.5,150037.0
0.173,2260.5,52279.5
0.173,157.0,222.0
0.173,273.5,5266.0
0.173,2063.0,58555.0
0.174,1864.4,74342.6
0.174,1845.5,70934.5
0.174,3500.0,189472.0
0.174,1810.5,99972.0
0.174,2389.6666666666665,85870.33333333333
0.174,3500.0,141235.5
0.174,3500.0,200818.0
0.174,3500.0,210583.0
0.174,1511.0,64844.666666666664
0.174,1112.5,28024.75
0.174,3500.0,192435.0
0.174,240.0,10130.333333333334
0.174,1463.0,54895.666666666664
0.174,125.0,132.0
0.174,1820.0,85055.0
0.174,69.0,90.0
0.174,3500.0,156482.0
0.174,1182.5,50046.0
0.174,1799.25,63531.0
0.174,102.0,108.0
0.174,2361.6666666666665,110174.33333333333
0.174,1645.8,53351.6
0.174,3500.0,173934.66666666666
0.174,1371.5,54496.5
0.174,1809.5,93295.5
0.174,3500.0,146323.0
0.174,3500.0,156430.0
0.174,1784.5,48222.0
0.174,3500.0,150100.5
0.174,3006.0,161335.0
0.174,2832.8,85244.6
0.174,1658.0,52172.0
0.174,1172.25,41679.0
0.174,375.0,6241.5
0.174,1834.0,56739.0
0.174,1340.3333333333333,97243.66666666667
0.174,3500.0,64781.0
0.174,1010.6,44466.6
0.174,1332.3333333333333,66049.66666666667
0.174,498.0,8925.0
0.174,2647.75,107728.25
0.174,2348.8,93334.4
0.174,2648.0,114464.25
0.174,3500.0,135226.0
0.174,903.8,24296.4
0.174,599.0,13468.0
0.174,1683.857142857143,36028.857142857145
0.174,1112.0,43264.0
0.174,3500.0,133411.0
0.174,1821.0,116840.5
0.174,2689.3333333333335,75525.0
0.174,1420.0,56207.666666666664
0.174,1836.0,110186.5
0.174,2006.0,65226.666666666664
0.174,104.0,155.0
0.174,107.0,114.0
0.174,1021.0,21693.0
0.174,1878.3333333333333,92487.33333333333
0.174,723.0,20809.0
0.174,2946.3333333333335,150552.16666666666
0.174,2440.6666666666665,83195.66666666667
0.174,3500.0,123069.0
0.174,2731.5,104892.75
0.174,3500.0,85421.0
0.174,2721.0,80403.33333333333
0.174,2141.0,83767.75
0.174,216.0,839.0
0.174,3500.0,174936.0
0.174,119.0,224.0
0.174,2677.0,146885.0
0.174,2544.0,151314.5
0.174,151.0,199.0
0.174,3500.0,141892.0
0.174,3500.0,76252.0
0.174,668.0,15708.25
0.174,947.75,47344.0
0.174,3500.0,206239.5
0.175,3500.0,122865.0
0.175,232.0,906.0
0.175,2360.0,86095.0
0.175,2528.3333333333335,115998.66666666667
0.175,3500.0,192495.5
0.175,612.0,42484.0
0.175,3500.0,94078.0
0.175,3500.0,138146.0
0.175,3500.0,168472.5
0.175,128.0,152.0
0.175,3500.0,153943.0
0.175,2383.5714285714284,101970.0
0.175,2289.5,126229.0
0.175,984.0,63527.5
0.175,3500.0,150962.0
0.175,3500.0,125693.0
0.175,1530.6666666666667,85437.0
0.175,302.6666666666667,2163.0
0.175,3500.0,186175.0
0.175,1798.0,92350.25
0.175,2448.0,121438.0
0.175,2320.8571428571427,102469.42857142857
0.175,3500.0,130400.0
0.175,2354.6666666666665,68812.33333333333
0.175,559.0,44812.0
0.175,3500.0,65778.0
0.175,709.0,6587.0
0.175,95.0,299.0
0.175,3500.0,146818.0
0.175,1797.0,84980.5
0.175,3500.0,184563.0
0.175,151.0,199.0
0.175,2663.5,149755.0
0.175,1790.0,82125.0
0.175,3500.0,147347.0
0.175,2516.3333333333335,123201.66666666667
0.175,3500.0,185074.0
0.175,3500.0,229080.0
0.175,3500.0,181631.5
0.175,1975.0,55350.0
0.175,102.0,111.0
0.175,2060.5,102460.5
0.175,1796.0,57397.666666666664
0.175,780.0,47547.5
0.175,95.0,101.0
0.175,3500.0,112836.0
0.175,2299.5,57757.5
0.175,1283.0,34055.0
0.175,2761.5,134516.5
0.175,3500.0,112031.33333333333
0.175,69.0,682.0
0.175,3500.0,156966.0
0.175,1786.5,40598.0
0.175,3500.0,229439.0
0.175,310.5,4736.0
0.175,1966.5,61903.0
0.175,1781.0,48242.0
0.175,3500.0,201790.0
0.175,3076.5,127697.5
0.175,1985.1666666666667,86485.83333333333
0.175,941.5,21902.0
0.175,2402.3333333333335,93096.0
0.175,2245.75,91225.0
0.175,3500.0,236422.0
0.175,3500.0,88558.0
0.175,1007.0,39624.0
0.175,3115.5,103634.5
0.175,1686.0,91859.0
0.175,3500.0,143200.0
0.175,3500.0,256346.0
0.175,254.0,4774.5
0.175,1909.0,98723.5
0.175,1801.5,65666.0
0.175,1244.3333333333333,39462.333333333336
0.175,3500.0,97348.0
0.175,1796.0,36398.5
0.176,3500.0,167043.0
0.176,3500.0,193213.5
0.176,95.0,126.0
0.176,3500.0,120286.0
0.176,1798.5,20928.0
0.176,1833.0,73220.0
0.176,2200.5,90367.5
0.176,2761.6666666666665,129751.66666666667
0.176,3500.0,121335.0
0.176,121.0,1421.0
0.176,3500.0,101274.5
0.176,99.0,115.0
0.176,3500.0,128153.5
0.176,1811.5,35717.5
0.176,1804.0,77477.5
0.176,1383.25,72226.5
0.176,1617.6666666666667,49455.0
0.176,75.0,140.0
0.176,2881.75,90378.75
0.176,3500.0,168483.0
0.176,2253.5,72521.0
0.176,2987.0,139630.75
0.176,2353.0,140731.33333333334
0.176,3500.0,145568.0
0.176,3500.0,150912.5
0.176,3500.0,179372.0
0.176,2477.3333333333335,96286.33333333333
0.176,1531.3333333333333,71631.66666666667
0.176,1853.0,82868.5
0.176,1238.0,36250.0
0.176,3500.0,67592.0
0.176,3500.0,176478.0
0.176,63.0,629.0
0.176,575.0,16889.0
0.176,3500.0,82796.0
0.176,2043.5,81490.5
0.176,3500.0,109157.0
0.176,3500.0,195062.0
0.176,1271.0,52190.333333333336
0.176,95.0,114.0
0.176,3500.0,77059.0
0.176,2492.2,145941.4
0.176,2921.6666666666665,92760.0
0.176,93.5,100.5
0.176,2477.6666666666665,111134.66666666667
0.176,1966.5,90367.0
0.176,3500.0,149513.0
0.176,3500.0,153029.0
0.176,3500.0,111170.5
0.176,1796.5,104822.0
0.176,83.0,84.0
0.176,172.0,551.0
0.176,3500.0,144395.5
0.176,1818.2,54020.2
0.176,2081.6,122463.8
0.176,2720.3333333333335,144815.0
0.176,1807.5,44784.5
0.176,2018.25,73262.0
0.176,1800.5,61047.0
0.176,1811.5,82585.5
0.176,3500.0,150630.0
0.176,3500.0,142931.0
0.176,3500.0,118242.66666666667
0.176,3500.0,118076.0
0.176,3500.0,122663.0
0.176,3500.0,130836.0
0.176,3500.0,261270.0
0.176,1789.3333333333333,77135.0
0.176,321.0,2678.0
0.176,3500.0,175113.5
0.176,2527.0,90689.33333333333
0.176,2656.0,143164.2
0.176,1819.0,118794.5
0.176,1621.8,74761.0
0.176,2397.0,134260.0
0.176,83.0,112.0
0.176,1409.0,69059.66666666667
0.176,2331.2,101071.0
0.176,1796.0,62565.5
0.176,2153.4,77479.6
0.176,3500.0,87197.0
0.177,2361.0,115474.0
0.177,2364.75,54068.25
0.177,3500.0,192241.0
0.177,3500.0,72391.0
0.177,2648.25,99126.5
0.177,1805.0,83080.0
0.177,2363.0,87686.66666666667
0.177,2656.75,115154.5
0.177,3500.0,170492.0
0.177,1127.0,29852.0
0.177,1605.0,82672.8
0.177,879.0,21438.0
0.177,1800.25,64517.75
0.177,3500.0,166966.0
0.177,3500.0,161575.66666666666
0.177,177.0,242.0
0.177,3500.0,138086.5
0.177,2352.6666666666665,100510.0
0.177,1235.6666666666667,88923.0
0.177,2179.6666666666665,71515.66666666667
0.177,829.0,43472.6
0.177,1803.5,108445.0
0.177,3500.0,222309.0
0.177,3500.0,58626.0
0.177,1268.0,34092.0
0.177,653.3333333333334,14100.0
0.177,1970.0,116118.5
0.177,3500.0,118939.0
0.177,3500.0,130992.66666666667
0.177,2255.75,94240.75
0.177,1861.0,83941.0
0.177,1997.5,79591.0
0.177,501.0,6687.5
0.177,1818.0,81021.5
0.177,1978.5,122447.0
0.177,1604.8,52868.2
0.177,3500.0,66104.0
0.177,652.3333333333334,32232.666666666668
0.177,2367.0,147702.66666666666
0.177,3500.0,143957.25
0.177,1870.0,47889.833333333336
0.177,114.0,200.0
0.177,3500.0,147691.5
0.177,257.0,5539.0
0.177,1222.6666666666667,63345.0
0.177,1368.5,47240.25
0.177,3006.0,149707.25
0.177,1783.0,41151.0
0.177,1923.5,120994.5
0.177,1810.0,102682.0
0.177,2450.0,63392.333333333336
0.177,3500.0,137548.75
0.177,3500.0,65654.0
0.177,3500.0,157274.5
0.177,3500.0,113777.0
0.177,1838.5,65449.5
0.177,3500.0,86996.0
0.177,1563.0,65268.0
0.177,255.5,4776.5
0.177,1382.5,64663.0
0.177,2098.0,104300.5
0.177,1591.6,41287.6
0.177,2958.0,113298.6
0.177,2163.2,83333.0
0.177,2405.3333333333335,114855.66666666667
0.177,3500.0,131282.0
0.177,3500.0,93660.33333333333
0.177,2761.3333333333335,121837.0
0.177,1575.6666666666667,57010.666666666664
0.177,3500.0,80827.0
0.177,106.5,209.0
0.177,2562.6666666666665,100590.0
0.177,3500.0,173910.0
0.177,1423.0,55466.0
0.177,2466.0,93987.66666666667
0.177,102.0,274.0
0.177,90.0,97.0
0.177,2366.6666666666665,138149.66666666666
0.177,2009.0,46724.0
0.177,3500.0,119533.0
0.177,3500.0,107563.0
0.177,87.0,89.0
0.177,246.0,5146.0
0.178,1215.3333333333333,53358.666666666664
0.178,1856.0,70460.33333333333
0.178,1804.5,54629.5
0.178,1794.0,57851.5
0.178,1911.0,100505.0
0.178,3500.0,146765.0
0.178,3500.0,116398.5
0.178,155.0,554.0
0.178,160.0,348.0
0.178,3500.0,90694.5
0.178,3500.0,109427.25
0.178,1298.0,32873.0
0.178,2363.3333333333335,62706.0
0.178,81.0,1432.0
0.178,2359.0,125376.0
0.178,495.0,6940.0
0.178,271.0,764.0
0.178,3500.0,149755.5
0.178,3500.0,116074.0
0.178,1816.0,76182.75
0.178,2013.3333333333333,112959.0
0.178,1469.0,42586.666666666664
0.178,686.0,18269.0
0.178,3500.0,211797.0
0.178,891.6666666666666,36595.0
0.178,2209.0,101672.6
0.178,3500.0,173494.5
0.178,3500.0,232802.0
0.178,2375.3333333333335,65309.0
0.178,1806.0,65038.5
0.178,3500.0,154958.0
0.178,2779.5,75443.0
0.178,2274.5,52337.5
0.178,697.0,12887.5
0.178,3500.0,88524.0
0.178,1165.25,39349.25
0.178,1686.0,86054.0
0.178,1408.0,42506.0
0.178,398.0,11608.0
0.178,2371.3333333333335,87605.66666666667
0.178,3500.0,223265.0
0.178,1903.0,69137.0
0.178,2881.6666666666665,133214.0
0.178,3500.0,159819.0
0.178,3500.0,93363.0
0.178,157.0,202.0
0.178,3500.0,113634.75
0.178,3500.0,238664.0
0.178,1792.5,57980.5
0.178,1630.0,69714.0
0.178,3500.0,123194.0
0.178,106.0,717.0
0.178,1424.0,39404.0
0.178,3500.0,165666.0
0.178,2362.6666666666665,77111.66666666667
0.178,1835.0,98109.0
0.178,3500.0,167872.0
0.178,3500.0,168879.0
0.178,2065.5,56253.5
0.178,1018.25,46898.0
0.178,1648.6666666666667,65081.0
0.178,778.8,15247.0
0.178,1796.5,76372.0
0.178,1794.0,26796.0
0.178,2440.6666666666665,129332.66666666667
0.178,3500.0,123724.0
0.178,1811.5,83516.5
0.178,1013.5,30394.5
0.178,1672.5714285714287,36713.28571428572
0.178,3500.0,197052.0
0.178,87.0,104.0
0.178,2369.3333333333335,129390.66666666667
0.178,1401.0,48724.666666666664
0.178,572.6666666666666,31648.333333333332
0.178,2414.6666666666665,86788.0
0.178,162.0,239.0
0.178,1782.0,136252.5
0.178,3500.0,99635.5
0.178,3009.8333333333335,121095.5
0.178,222.0,3553.0
0.179,1499.0,45084.0
0.179,1792.5,36798.0
0.179,2010.5,47950.5
0.179,2669.75,86925.0
0.179,3500.0,105460.0
0.179,2432.0,136576.33333333334
0.179,2012.5,88214.5
0.179,3500.0,140633.0
0.179,3500.0,150380.0
0.179,1953.5,54567.0
0.179,3500.0,137796.0
0.179,59.0,412.0
0.179,1961.5,40657.0
0.179,2131.0,92143.6
0.179,1293.0,23713.0
0.179,3500.0,164878.0
0.179,1813.5,85780.5
0.179,437.5,17197.0
0.179,105.0,155.0
0.179,1795.0,36174.5
0.179,1401.0,32158.0
0.179,1701.6666666666667,49145.333333333336
0.179,2974.5,97176.5
0.179,1732.75,63817.75
0.179,2592.5,168070.5
0.179,3500.0,124750.0
0.179,3500.0,119644.0
0.179,1991.0,70561.0
0.179,1537.25,83311.5
0.179,3500.0,96369.5
0.179,1502.75,77851.75
0.179,1829.0,41478.5
0.179,3500.0,146026.0
0.179,1446.0,90196.33333333333
0.179,2651.0,106518.25
0.179,91.0,151.0
0.179,1834.0,55048.0
0.179,88.0,140.0
0.179,3500.0,141641.0
0.179,1797.0,66552.0
0.179,3500.0,178852.0
0.179,3500.0,190196.0
0.179,3500.0,185477.0
0.179,2540.6666666666665,102992.66666666667
0.179,3500.0,118831.5
0.179,589.5,16443.0
0.179,2363.6666666666665,72502.66666666667
0.179,3500.0,110173.5
0.179,990.25,30927.75
0.179,2366.5,69891.5
0.179,3500.0,119116.0
0.179,149.0,249.0
0.179,1912.25,53928.75
0.179,2328.5,120163.75
0.179,3500.0,77586.0
0.179,2358.0,136209.33333333334
0.179,999.0,40785.0
0.179,3500.0,154751.0
0.179,1607.0,54562.0
0.179,3500.0,154728.5
0.179,3500.0,136183.0
0.179,3500.0,238101.0
0.179,1875.5,75490.0
0.179,3500.0,72098.5
0.179,3500.0,124771.0
0.179,2005.0,73322.5
0.179,3500.0,232806.0
0.179,1787.5,109597.0
0.179,112.5,239.0
0.179,527.0,26228.0
0.179,1771.3333333333333,48988.666666666664
0.179,2129.0,136195.5
0.179,941.25,28436.25
0.179,1782.0,52149.0
0.179,3500.0,104914.5
0.179,687.6666666666666,16997.333333333332
0.179,3500.0,205746.0
0.179,3500.0,82479.0
0.179,3500.0,170816.66666666666
0.179,3500.0,221562.0
0.179,3500.0,109079.0
0.179,3500.0,175422.5
0.179,1218.75,64855.0
0.179,3500.0,136355.33333333334
0.18,3500.0,82104.0
0.18,1896.3333333333333,84369.33333333333
0.18,2033.0,86664.5
0.18,3500.0,156417.0
0.18,2550.3333333333335,93154.0
0.18,106.0,156.0
0.18,2865.0,96315.33333333333
0.18,99.0,145.0
0.18,1999.25,100770.5
0.18,129.0,135.0
0.18,3500.0,156913.0
0.18,3500.0,147630.0
0.18,3500.0,139306.0
0.18,2665.5,118556.0
0.18,1806.0,81670.0
0.18,123.0,193.0
0.18,2357.0,143780.0
0.18,1238.0,42771.333333333336
0.18,1805.0,60213.5
0.18,2354.3333333333335,103470.66666666667
0.18,149.0,521.0
0.18,3500.0,95288.0
0.18,3016.6666666666665,97395.0
0.18,3500.0,130761.5
0.18,3500.0,113569.0
0.18,3500.0,143127.5
0.18,1376.6666666666667,55767.0
0.18,3500.0,58414.0
0.18,320.0,5735.0
0.18,392.0,9144.5
0.18,1547.0,114889.0
0.18,2780.3333333333335,102545.0
0.18,2547.6,72984.8
0.18,461.0,6767.0
0.18,1797.5,32603.0
0.18,1487.0,62284.333333333336
0.18,258.0,2066.5
0.18,3500.0,168888.0
0.18,1783.5,87648.5
0.18,3500.0,121200.5
0.18,3500.0,147922.5
0.18,284.5,6397.0
0.18,1803.0,27861.5
0.18,2078.0,102490.5
0.18,3500.0,154080.0
0.18,2425.3333333333335,119034.66666666667
0.18,2437.0,128728.8
0.18,1173.25,67109.0
0.18,2273.25,65282.5
0.18,58.0,74.0
0.18,3500.0,152771.0
0.18,1420.3333333333333,40966.0
0.18,2416.3333333333335,102665.66666666667
0.18,74.0,810.0
0.18,2472.0,151589.33333333334
0.18,1967.0,64348.5
0.18,3500.0,226170.5
0.18,3500.0,185059.0
0.18,3500.0,189651.0
0.18,1792.6666666666667,84772.0
0.18,2533.3333333333335,104970.33333333333
0.18,1861.0,98358.5
0.18,1996.75,97017.25
0.18,3500.0,136983.0
0.18,1823.0,50172.0
0.18,3500.0,155433.0
0.18,1950.5,125676.5
0.18,2361.3333333333335,113296.66666666667
0.18,1903.5,103947.5
0.18,221.0,12217.0
0.18,3500.0,159139.0
0.18,1220.0,79287.0
0.18,3500.0,190925.0
0.18,83.0,96.0
0.18,1306.0,59989.0
0.18,127.0,150.0
0.18,96.0,102.0
0.18,1531.5,67018.0
0.18,3500.0,97881.0
0.181,1795.0,40275.0
0.181,3500.0,176953.0
0.181,3500.0,190656.33333333334
0.181,3500.0,114720.5
0.181,2461.0,151912.0
0.181,460.0,12625.5
0.181,91.0,140.0
0.181,1278.6666666666667,32944.0
0.181,2008.5,80038.5
0.181,2667.0,77723.0
0.181,1990.0,90027.0
0.181,1472.0,44100.333333333336
0.181,117.0,128.0
0.181,365.0,4944.0
0.181,2035.5,130690.0
0.181,1791.0,75173.5
0.181,3500.0,131048.5
0.181,155.5,673.5
0.181,189.0,2436.5
0.181,97.0,99.0
0.181,1284.3333333333333,87243.33333333333
0.181,3500.0,75316.5
0.181,1543.8,41707.2
0.181,3500.0,128967.0
0.181,2467.0,152874.33333333334
0.181,2361.8333333333335,115966.83333333333
0.181,3500.0,86948.0
0.181,3500.0,165795.0
0.181,3500.0,142446.0
0.181,865.0,32858.0
0.181,3500.0,89330.0
0.181,228.0,450.0
0.181,1195.0,15078.0
0.181,2168.0,102299.5
0.181,3500.0,105999.0
0.181,1334.3333333333333,40109.0
0.181,1282.6666666666667,90323.0
0.181,3500.0,250745.0
0.181,114.5,289.5
0.181,1794.0,83378.5
0.181,3500.0,180144.0
0.181,2372.3333333333335,112787.33333333333
0.181,1229.0,56387.333333333336
0.181,2159.5,112023.0
0.181,3500.0,178015.66666666666
0.181,1787.0,29430.0
0.181,2641.3333333333335,119035.33333333333
0.181,201.0,3679.0
0.181,2303.5,88551.5
0.181,2208.5,40536.5
0.181,3500.0,107849.0
0.181,3500.0,122091.0
0.181,3500.0,43866.0
0.181,77.0,87.0
0.181,1250.6666666666667,62895.0
0.181,3500.0,163653.33333333334
0.181,3500.0,187908.0
0.181,1405.0,44245.0
0.181,3500.0,218882.0
0.181,1748.6666666666667,110117.0
0.181,3500.0,130044.0
0.181,2664.0,87757.0
0.181,3500.0,136224.0
0.181,3500.0,112585.0
0.181,1783.5,87448.0
0.181,3500.0,165922.6
0.181,1790.0,103388.0
0.181,1562.2857142857142,74830.85714285714
0.181,1015.25,27734.0
0.181,3500.0,165592.0
0.181,3500.0,127811.5
0.181,2810.0,165025.6
0.181,3500.0,132636.5
0.181,1394.6666666666667,32492.666666666668
0.181,2816.2,135416.0
0.181,3500.0,162193.0
0.181,3500.0,157614.0
0.181,1789.5,85353.0
0.181,56.0,512.0
0.181,141.0,292.0
0.181,3500.0,109673.0
0.182,1818.5,85476.5
0.182,3500.0,136277.5
0.182,3500.0,181030.5
0.182,3500.0,137701.0
0.182,2543.6666666666665,138010.33333333334
0.182,1230.3333333333333,57539.0
0.182,327.0,6166.0
0.182,1650.3333333333333,58304.666666666664
0.182,3500.0,246830.0
0.182,341.0,8133.0
0.182,3500.0,234475.0
0.182,60.0,73.0
0.182,2589.3333333333335,169648.33333333334
0.182,1978.0,58163.0
0.182,421.0,9639.0
0.182,3500.0,259814.0
0.182,2516.0,94757.66666666667
0.182,3500.0,123521.0
0.182,2426.1666666666665,109168.83333333333
0.182,2761.25,102442.0
0.182,3500.0,116854.5
0.182,1894.0,91820.0
0.182,3500.0,133421.5
0.182,222.0,915.0
0.182,145.0,352.0
0.182,1308.6666666666667,55030.333333333336
0.182,122.5,129.0
0.182,3500.0,89805.0
0.182,3500.0,118635.25
0.182,2540.0,115889.66666666667
0.182,3083.25,139967.5
0.182,94.0,141.0
0.182,3500.0,165381.5
0.182,1904.0,109830.0
0.182,1792.25,100464.75
0.182,3500.0,247232.0
0.182,2302.0,93922.2
0.182,1825.5,87188.0
0.182,599.0,11078.0
0.182,1667.6666666666667,39181.333333333336
0.182,3500.0,141823.0
0.182,3500.0,166134.5
0.182,3500.0,161863.0
0.182,146.0,566.0
0.182,178.0,196.0
0.182,3500.0,140660.0
0.182,3500.0,144781.0
0.182,1834.0,99282.0
0.182,1470.0,54171.0
0.182,89.0,104.0
0.182,2279.0,80787.75
0.182,508.0,6467.5
0.182,2795.6666666666665,109917.33333333333
0.182,1377.0,72916.66666666667
0.182,96.0,732.0
0.182,1318.0,46281.25
0.182,525.5,11185.0
0.182,1948.75,44014.0
0.182,151.0,255.0
0.182,3500.0,235086.5
0.182,1413.3333333333333,57006.666666666664
0.182,210.0,5664.0
0.182,1072.25,42442.5
0.182,3500.0,197246.0
0.182,747.0,22304.0
0.182,1790.5,78427.0
0.182,1841.0,77870.0
0.182,3500.0,194589.0
0.182,2799.6666666666665,95732.0
0.182,3500.0,227409.0
0.182,1488.6,82914.8
0.182,475.0,9625.0
0.182,3500.0,169590.5
0.182,3500.0,148785.0
0.182,3500.0,55412.0
0.182,287.0,9667.5
0.182,3500.0,221296.0
0.182,1779.5,23995.0
0.182,3500.0,169432.5
0.182,3500.0,65539.0
0.182,102.0,159.0
0.182,3500.0,192523.4
0.182,2012.0,47181.0
0.182,116.0,197.0
0.182,1566.0,86626.66666666667
0.183,3500.0,219316.0
0.183,2363.0,72032.66666666667
0.183,3500.0,122659.0
0.183,1712.0,77242.4
0.183,1482.0,60239.6
0.183,103.25,132.25
0.183,1984.0,92633.0
0.183,3500.0,104003.5
0.183,1933.0,110368.0
0.183,1523.3333333333333,69147.0
0.183,1781.0,94609.5
0.183,3500.0,176704.0
0.183,3500.0,178094.0
0.183,59.0,520.0
0.183,915.0,30898.0
0.183,3500.0,196923.0
0.183,106.5,189.0
0.183,1796.0,69489.0
0.183,2538.5,141873.5
0.183,3500.0,54047.0
0.183,762.0,53088.0
0.183,1037.0,31026.0
0.183,697.0,10139.0
0.183,2276.5,114105.5
0.183,670.6666666666666,20261.0
0.183,3500.0,135660.33333333334
0.183,135.0,603.0
0.183,3500.0,89012.0
0.183,1799.5,83889.5
0.183,82.5,101.5
0.183,3500.0,173311.0
0.183,3500.0,161546.0
0.183,1785.0,42507.5
0.183,2701.5,154060.0
0.183,946.0,43431.0
0.183,1231.6666666666667,46408.666666666664
0.183,63.0,118.0
0.183,3500.0,121824.5
0.183,1901.5,34159.0
0.183,1257.3333333333333,67243.66666666667
0.183,2549.0,50563.5
0.183,2321.4,113246.4
0.183,3500.0,203061.0
0.183,2670.6666666666665,121293.0
0.183,61.0,1307.0
0.183,2495.2,126001.2
0.183,100.0,117.0
0.183,1604.0,85656.66666666667
0.183,283.0,1112.0
0.183,1858.0,38801.0
0.183,112.0,164.0
0.183,2662.75,57088.0
0.183,2139.4,116670.4
0.183,2405.3333333333335,98924.33333333333
0.183,1288.0,86650.33333333333
0.183,2062.0,66403.71428571429
0.183,262.5,5181.0
0.183,3500.0,114464.5
0.183,631.0,25270.0
0.183,3500.0,165473.0
0.183,3500.0,179530.5
0.183,1375.0,76479.66666666667
0.183,3500.0,138882.0
0.183,1043.0,37111.0
0.183,470.0,7852.0
0.183,2447.3333333333335,99003.0
0.183,1243.5,49775.25
0.183,2380.6666666666665,125174.66666666667
0.183,3500.0,117045.5
0.183,2433.5,114034.5
0.183,114.0,115.0
0.183,3500.0,165967.0
0.183,2211.25,75363.5
0.183,1437.0,26517.333333333332
0.183,2376.6666666666665,73875.0
0.183,1799.0,62558.0
0.183,128.0,2591.0
0.183,2814.4,106746.2
0.183,815.0,27122.0
0.183,2517.3333333333335,78547.66666666667
0.183,166.0,316.0
0.184,1791.5,104311.0
0.184,3500.0,230030.0
0.184,1212.3333333333333,54185.666666666664
0.184,2729.0,144795.66666666666
0.184,3500.0,154527.25
0.184,2565.6666666666665,117924.33333333333
0.184,643.0,14751.0
0.184,3500.0,126817.0
0.184,2869.25,73416.25
0.184,1820.0,66294.66666666667
0.184,3500.0,191179.0
0.184,1815.5,88577.5
0.184,3500.0,158375.0
0.184,641.0,23867.0
0.184,3500.0,100997.0
0.184,1281.6666666666667,41333.666666666664
0.184,2364.0,118707.66666666667
0.184,136.0,654.5
0.184,2679.0,134765.0
0.184,1358.5714285714287,78183.71428571429
0.184,1771.0,80463.5
0.184,3500.0,97650.0
0.184,1809.5,70449.5
0.184,2038.0,92474.25
0.184,2170.6,93129.0
0.184,3500.0,158043.0
0.184,1797.0,104282.0
0.184,3500.0,166717.0
0.184,516.0,13726.0
0.184,2421.0,81887.5
0.184,3500.0,164563.5
0.184,2590.8571428571427,86156.28571428571
0.184,3500.0,112929.0
0.184,1115.0,40334.0
0.184,181.0,8458.0
0.184,3500.0,126146.0
0.184,3500.0,111884.5
0.184,3112.0,102691.75
0.184,2535.6666666666665,139843.33333333334
0.184,286.0,1493.0
0.184,2048.3333333333335,66308.0
0.184,81.0,88.0
0.184,567.0,4228.5
0.184,106.0,111.0
0.184,3500.0,121903.0
0.184,3500.0,134316.0
0.184,3500.0,58787.0
0.184,75.0,82.0
0.184,3500.0,88462.0
0.184,2648.5,76454.5
0.184,2171.75,64010.5
0.184,102.0,113.0
0.184,3500.0,259552.0
0.184,3500.0,56684.0
0.184,2087.0,86229.5
0.184,2753.8333333333335,146661.83333333334
0.184,2432.3333333333335,58941.666666666664
0.184,2669.75,97188.5
0.184,3500.0,181413.0
0.184,3500.0,160952.0
0.184,906.5,21332.0
0.184,1839.8,63411.2
0.184,606.0,6979.0
0.184,1798.5,83669.0
0.184,2911.5,138246.75
0.184,1833.0,34297.0
0.184,3500.0,157832.5
0.184,3500.0,143566.0
0.184,3500.0,169072.0
0.184,1156.6,31302.8
0.184,112.0,235.0
0.184,3500.0,80634.0
0.184,1416.5,57959.5
0.184,1693.0,77189.0
0.184,2399.3333333333335,69774.0
0.184,2042.5,113512.5
0.184,2346.0,76697.0
0.184,93.5,103.0
0.184,3500.0,153704.66666666666
0.184,2462.6666666666665,79253.66666666667
0.184,3500.0,182224.0
0.184,2370.5,78996.5
0.184,3500.0,140365.66666666666
0.184,1735.0,50579.333333333336
0.185,3028.0,84891.0
0.185,1274.3333333333333,28566.0
0.185,1883.5,104896.5
0.185,3500.0,157549.0
0.185,1832.5,61153.0
0.185,1818.5,61322.5
0.185,3500.0,85485.0
0.185,2366.6666666666665,96796.33333333333
0.185,2205.3333333333335,64480.333333333336
0.185,3500.0,173257.0
0.185,2413.25,61824.375
0.185,62.0,500.0
0.185,103.0,356.0
0.185,2885.25,130426.0
0.185,1782.5,82611.5
0.185,97.0,207.0
0.185,1147.0,14730.0
0.185,694.0,15883.0
0.185,3500.0,88684.0
0.185,84.0,90.0
0.185,2179.5,52445.5
0.185,151.0,1796.0
0.185,3500.0,246020.0
0.185,1858.0,71000.5
0.185,1803.5,78003.5
0.185,3500.0,170796.33333333334
0.185,2536.0,44972.666666666664
0.185,1791.3333333333333,63752.666666666664
0.185,712.25,32476.0
0.185,2247.6,107886.4
0.185,451.0,3911.0
0.185,2258.8571428571427,91792.57142857143
0.185,2425.5,61896.5
0.185,1830.0,103782.5
0.185,1801.5,81910.5
0.185,1786.0,22368.0
0.185,3099.5,157147.0
0.185,2545.6666666666665,62614.666666666664
0.185,957.2,29852.0
0.185,806.25,32941.5
0.185,2373.0,89514.66666666667
0.185,2362.6666666666665,107495.33333333333
0.185,2720.0,87592.5
0.185,3500.0,73867.0
0.185,1599.0,68216.33333333333
0.185,3500.0,221820.0
0.185,2404.0,36202.666666666664
0.185,97.0,106.0
0.185,2688.3333333333335,115354.0
0.185,1946.5,120239.75
0.185,3500.0,145152.0
0.185,1786.0,95091.5
0.185,1735.0,59945.333333333336
0.185,2001.5,47650.0
0.185,2379.3333333333335,52341.333333333336
0.185,3500.0,152083.5
0.185,3500.0,238800.0
0.185,1777.5,52982.0
0.185,1339.6666666666667,40536.333333333336
0.185,1782.0,97130.5
0.185,852.5,13119.0
0.185,86.0,91.0
0.185,3500.0,107690.0
0.185,3500.0,209400.0
0.185,745.0,28052.0
0.185,3500.0,107450.5
0.185,3500.0,153491.5
0.185,1840.5,152799.5
0.185,136.0,158.0
0.185,1794.5,79336.0
0.185,2355.6666666666665,97643.0
0.185,1797.5,91032.0
0.185,2754.0,89031.5
0.185,3500.0,176407.0
0.185,3500.0,144200.0
0.185,1296.0,77480.66666666667
0.185,3500.0,113822.0
0.185,792.2,31308.4
0.186,2578.3333333333335,49683.333333333336
0.186,2746.6666666666665,168006.33333333334
0.186,503.0,4070.0
0.186,3500.0,86016.0
0.186,1232.5,31036.25
0.186,2363.0,87309.0
0.186,3500.0,104278.0
0.186,590.0,3544.0
0.186,3500.0,133933.5
0.186,177.0,3803.3333333333335
0.186,2058.6666666666665,64645.0
0.186,3500.0,157760.66666666666
0.186,2805.0,97814.33333333333
0.186,3500.0,90948.0
0.186,3500.0,91430.0
0.186,1791.5,65754.5
0.186,3500.0,218789.0
0.186,3500.0,166815.0
0.186,1785.0,36648.5
0.186,2315.0,142835.5
0.186,3500.0,143531.0
0.186,3500.0,208021.5
0.186,2895.3333333333335,121871.33333333333
0.186,2897.25,128005.75
0.186,1098.0,24883.0
0.186,3500.0,103836.0
0.186,188.33333333333334,336.6666666666667
0.186,3500.0,183894.0
0.186,1732.6666666666667,73934.0
0.186,2728.0,123415.5
0.186,3500.0,166111.0
0.186,2761.3333333333335,115706.66666666667
0.186,2701.0,95695.66666666667
0.186,3500.0,156141.5
0.186,1668.8333333333333,71746.16666666667
0.186,2719.25,142769.75
0.186,1335.0,19978.0
0.186,3500.0,112152.0
0.186,2196.25,75758.75
0.186,3500.0,183654.5
0.186,2508.0,103843.0
0.186,1437.6666666666667,47790.333333333336
0.186,1956.5,103463.0
0.186,468.0,7735.0
0.186,1269.3333333333333,49422.333333333336
0.186,598.0,33485.666666666664
0.186,473.0,7761.0
0.186,1809.5,59840.5
0.186,3500.0,94292.0
0.186,2318.0,102306.0
0.186,3500.0,81233.5
0.186,1253.0,30671.333333333332
0.186,1404.0,55373.5
0.186,3500.0,148027.0
0.186,3500.0,132442.0
0.186,3500.0,109905.5
0.186,3500.0,98735.0
0.186,1990.5,85114.0
0.186,1053.2,39769.6
0.186,400.0,6429.0
0.186,3500.0,182824.0
0.186,3500.0,150409.5
0.186,1887.0,37242.0
0.186,2613.3333333333335,72196.0
0.186,3500.0,147816.0
0.186,195.5,1236.5
0.186,1738.4,39086.4
0.186,2434.0,96805.5
0.186,3500.0,167332.5
0.186,3500.0,230265.0
0.186,1802.5,76358.0
0.186,2176.5,73078.0
0.186,2288.0,75592.0
0.186,1501.6666666666667,68795.33333333333
0.186,2971.75,161962.5
0.186,99.0,158.0
0.186,1801.5,36678.5
0.186,3500.0,179184.0
0.186,1646.0,43627.5
0.186,3500.0,175994.0
0.186,1287.0,59563.0
0.187,102.0,107.0
0.187,1758.6,106462.0
0.187,3500.0,194148.0
0.187,3500.0,166816.0
0.187,2398.0,106315.0
0.187,239.0,2582.0
0.187,3500.0,136100.0
0.187,2598.6666666666665,140846.0
0.187,753.0,31260.0
0.187,1318.6666666666667,43017.333333333336
0.187,2519.0,125821.5
0.187,3500.0,198686.0
0.187,1694.0,33268.0
0.187,3500.0,120793.0
0.187,3500.0,204495.0
0.187,2356.3333333333335,117777.66666666667
0.187,726.0,17096.0
0.187,2103.6666666666665,74906.33333333333
0.187,534.0,9483.0
0.187,2729.75,121738.25
0.187,1273.0,70972.66666666667
0.187,2680.0,174246.0
0.187,2400.3333333333335,82813.33333333333
0.187,351.0,3300.0
0.187,3500.0,119198.0
0.187,1798.5,67778.5
0.187,3500.0,134346.0
0.187,3500.0,192451.0
0.187,1795.0,66247.5
0.187,101.0,148.0
0.187,3500.0,171085.0
0.187,3500.0,146710.0
0.187,2379.0,91600.33333333333
0.187,2759.0,168963.0
0.187,389.5,5098.5
0.187,3500.0,167613.0
0.187,3500.0,132834.0
0.187,2361.0,140541.0
0.187,1353.5,25715.0
0.187,243.0,2854.5
0.187,3500.0,144819.0
0.187,1028.5,68800.5
0.187,79.0,87.0
0.187,1594.2,62926.8
0.187,2372.0,69946.66666666667
0.187,1751.0,72230.66666666667
0.187,237.5,7063.0
0.187,1405.5,41987.75
0.187,2370.0,104700.0
0.187,1813.5,63808.75
0.187,1287.0,26420.0
0.187,2514.3333333333335,75568.0
0.187,203.66666666666666,2720.6666666666665
0.187,3500.0,149774.66666666666
0.187,3500.0,95583.0
0.187,3500.0,149687.0
0.187,440.0,6338.0
0.187,3500.0,202382.0
0.187,2780.5,70534.0
0.187,3500.0,114970.0
0.187,2077.5,78049.5
0.187,220.5,725.5
0.187,298.5,2339.0
0.187,1778.5,40924.5
0.187,80.0,145.0
0.187,137.0,190.0
0.187,1796.5,114207.5
0.187,1835.5,54336.0
0.187,923.0,11785.0
0.187,436.5,10124.5
0.187,85.0,93.0
0.187,3500.0,150728.5
0.187,3500.0,96349.5
0.187,3500.0,110721.0
0.187,284.0,5053.5
0.188,2505.6,121716.2
0.188,3500.0,206310.0
0.188,3500.0,109435.0
0.188,2805.8,137524.2
0.188,545.0,8559.0
0.188,3500.0,83162.0
0.188,1903.5,87822.75
0.188,3500.0,86925.0
0.188,1472.0,60216.0
0.188,1859.5,94354.5
0.188,2370.3333333333335,86359.0
0.188,327.0,3756.0
0.188,1568.0,59444.666666666664
0.188,1881.5,64871.0
0.188,3098.5,125212.16666666667
0.188,3500.0,211656.0
0.188,62.0,222.0
0.188,1739.3333333333333,46854.333333333336
0.188,33.0,554.0
0.188,3500.0,180449.0
0.188,3500.0,190254.0
0.188,2646.25,134687.75
0.188,1808.3333333333333,47458.333333333336
0.188,2418.5,109026.5
0.188,3500.0,81580.0
0.188,207.0,2272.5
0.188,1903.3333333333333,84766.66666666667
0.188,2803.25,118519.25
0.188,1794.25,68712.0
0.188,3500.0,156829.0
0.188,3500.0,164514.33333333334
0.188,869.5,49568.5
0.188,3500.0,155376.0
0.188,1281.0,32155.666666666668
0.188,1924.0,53784.0
0.188,2033.5,47601.5
0.188,2429.0,102122.0
0.188,1375.3333333333333,60373.666666666664
0.188,1802.0,43472.0
0.188,257.0,2332.0
0.188,164.0,3224.3333333333335
0.188,472.0,5625.0
0.188,751.0,22533.5
0.188,1815.0,70847.0
0.188,2649.0,82316.0
0.188,215.0,1993.0
0.188,3500.0,160608.0
0.188,1774.0,159708.0
0.188,3500.0,173644.0
0.188,2749.6666666666665,110915.0
0.188,71.0,124.0
0.188,3500.0,134998.0
0.188,3500.0,69865.0
0.188,2363.3333333333335,101644.0
0.188,1974.3333333333333,94078.0
0.188,3500.0,195013.5
0.188,453.3333333333333,9658.0
0.188,3500.0,201697.0
0.188,3500.0,146939.0
0.188,2651.5,114422.75
0.188,3500.0,106651.0
0.188,2010.5,100772.0
0.188,2487.0,122554.0
0.188,3500.0,184257.0
0.188,1241.0,40375.5
0.188,3025.5,124228.66666666667
0.188,1221.0,48282.0
0.188,434.5,3389.5
0.188,3500.0,184832.0
0.188,534.0,9423.5
0.188,2586.0,107426.33333333333
0.188,1795.5,100293.0
0.188,726.3333333333334,23891.666666666668
0.188,3500.0,137032.0
0.188,75.5,375.5
0.188,2353.0,137014.66666666666
0.188,443.0,2850.0
0.188,101.0,168.0
0.188,1667.6,84989.6
0.188,94.0,95.0
0.188,3500.0,241559.0
0.188,2725.6666666666665,101958.66666666667
0.188,2636.25,89750.75
0.188,560.0,19529.0
0.188,1398.3333333333333,39648.333333333336
0.188,2228.4,87995.4
0.189,3500.0,243841.0
0.189,3500.0,227552.0
0.189,3500.0,115914.0
0.189,2004.0,79029.33333333333
0.189,90.0,1703.0
0.189,3500.0,183882.0
0.189,3500.0,82730.0
0.189,2731.5,133453.0
0.189,1798.5,25870.0
0.189,1827.5,71930.0
0.189,2367.3333333333335,151821.66666666666
0.189,2405.3333333333335,90982.66666666667
0.189,2444.5,143684.0
0.189,422.0,7225.0
0.189,1952.0,82049.0
0.189,3500.0,116461.0
0.189,2659.0,98885.75
0.189,1796.5,73738.5
0.189,1982.6666666666667,34483.166666666664
0.189,3500.0,155280.5
0.189,3500.0,119709.5
0.189,3500.0,118769.33333333333
0.189,3500.0,98468.0
0.189,2947.0,127916.0
0.189,2034.25,45828.25
0.189,3500.0,196220.0
0.189,1843.5,78420.0
0.189,1078.0,20832.75
0.189,2351.0,103844.33333333333
0.189,1251.0,50465.666666666664
0.189,3500.0,240851.0
0.189,3500.0,160311.33333333334
0.189,3500.0,115709.0
0.189,268.0,1833.0
0.189,3500.0,75765.0
0.189,3500.0,83613.5
0.189,591.5,32003.0
0.189,3500.0,152198.0
0.189,2361.3333333333335,159450.0
0.189,3500.0,123904.0
0.189,3500.0,79432.0
0.189,2085.0,53080.0
0.189,3500.0,121461.0
0.189,1796.5,94999.0
0.189,2353.0,147514.33333333334
0.189,1815.0,95222.0
0.189,1944.75,96914.0
0.189,3500.0,168078.0
0.189,2704.5,192118.5
0.189,1832.5,50184.5
0.189,180.0,2870.0
0.189,1102.0,57621.0
0.189,90.0,1156.0
0.189,2388.0,122143.8
0.189,3500.0,209501.0
0.189,892.3333333333334,18765.333333333332
0.189,2841.4,121155.2
0.189,1140.0,50631.0
0.189,1867.0,61001.0
0.189,1784.0,47987.0
0.189,1816.6666666666667,95125.66666666667
0.189,2572.3333333333335,78010.66666666667
0.189,3009.8,94627.8
0.189,1793.0,56525.0
0.189,1813.5,74914.0
0.189,2371.0,118719.66666666667
0.189,1844.5,72517.5
0.189,435.3333333333333,11873.666666666666
0.189,1361.0,26476.0
0.189,1896.5,47983.5
0.189,1803.5,108025.5
0.189,2362.3333333333335,77071.66666666667
0.189,3007.75,138728.0
0.189,1806.5,68349.0
0.189,820.4,36970.4
0.189,3500.0,177652.66666666666
0.189,373.0,4306.0
0.189,2843.2,121616.4
0.189,478.0,7888.0
0.19,1825.5,43479.0
0.19,2334.0,153161.5
0.19,3500.0,126603.5
0.19,2644.0,86141.0
0.19,2193.0,96278.25
0.19,3500.0,225841.0
0.19,73.0,85.0
0.19,3500.0,117238.0
0.19,1339.3333333333333,43595.333333333336
0.19,104.5,206.0
0.19,2380.3333333333335,137891.66666666666
0.19,3500.0,202045.0
0.19,1801.5,84246.5
0.19,3500.0,207804.0
0.19,2831.6,99238.6
0.19,3500.0,186540.0
0.19,950.5,22861.75
0.19,3500.0,122585.0
0.19,3500.0,81504.0
0.19,2012.5,74294.75
0.19,2901.75,133457.75
0.19,3500.0,129837.5
0.19,3500.0,163381.5
0.19,3104.4,165542.4
0.19,311.0,9879.0
0.19,1880.5,116176.5
0.19,3500.0,143010.0
0.19,2697.0,175921.0
0.19,2274.5,82444.5
0.19,1302.3333333333333,28867.333333333332
0.19,2592.3333333333335,85152.0
0.19,368.0,7436.333333333333
0.19,1465.3333333333333,50925.0
0.19,3500.0,204195.5
0.19,234.0,1859.0
0.19,3500.0,145576.5
0.19,76.0,997.0
0.19,121.0,190.0
0.19,47.0,51.0
0.19,216.0,1928.0
0.19,1987.25,92141.25
0.19,161.0,482.0
0.19,2115.0,109398.0
0.19,2550.6666666666665,48326.666666666664
0.19,2034.2857142857142,87238.85714285714
0.19,694.0,32297.0
0.19,3500.0,141494.5
0.19,2814.4,120598.6
0.19,3500.0,161989.5
0.19,1547.0,60774.666666666664
0.19,3500.0,144341.0
0.19,3500.0,148440.33333333334
0.19,3500.0,162944.0
0.19,3500.0,89580.5
0.19,3500.0,145314.5
0.19,610.0,11606.0
0.19,3500.0,75160.0
0.19,3500.0,177504.0
0.19,3500.0,177141.5
0.19,1787.0,85714.0
0.19,3500.0,141171.0
0.19,3500.0,176339.0
0.19,835.0,27064.5
0.19,102.0,289.0
0.19,1136.25,36845.25
0.19,2779.5,149728.0
0.19,1795.0,113474.0
0.19,166.0,244.0
0.19,3500.0,180746.0
0.19,1780.0,76178.0
0.19,149.0,722.0
0.19,143.0,160.0
0.19,1787.5,65823.5
0.19,35.0,40.0
0.19,3500.0,113099.0
0.19,3500.0,211756.0
0.19,1788.0,89612.8
0.19,448.3333333333333,12011.666666666666
0.19,2779.0,69248.0
0.19,3500.0,228825.0
0.191,1790.0,99794.0
0.191,1460.25,43365.25
0.191,3500.0,174955.5
0.191,1856.0,95998.5
0.191,3500.0,170413.0
0.191,1797.0,56548.0
0.191,2288.5,133800.5
0.191,3500.0,181203.33333333334
0.191,331.6666666666667,5795.333333333333
0.191,1937.5,84130.5
0.191,3500.0,194009.0
0.191,1823.5,80526.5
0.191,3500.0,158001.0
0.191,3500.0,170232.0
0.191,1337.3333333333333,72296.33333333333
0.191,103.0,108.0
0.191,3500.0,112196.0
0.191,2647.75,133298.5
0.191,1213.3333333333333,72261.33333333333
0.191,3500.0,127868.0
0.191,3500.0,214949.0
0.191,2734.0,140361.0
0.191,3500.0,95284.5
0.191,3500.0,169614.0
0.191,3500.0,188913.0
0.191,79.0,80.0
0.191,3500.0,106192.0
0.191,2275.8571428571427,129604.14285714286
0.191,2388.6666666666665,123316.0
0.191,1541.6666666666667,57798.0
0.191,2722.6666666666665,62061.333333333336
0.191,727.5,24968.0
0.191,526.0,21347.333333333332
0.191,3500.0,185965.0
0.191,3500.0,120181.66666666667
0.191,1655.6666666666667,81684.0
0.191,3500.0,128687.0
0.191,1814.5,64021.5
0.191,566.0,10139.0
0.191,1817.5,87333.5
0.191,2028.0,71144.5
0.191,1679.0,43816.0
0.191,3500.0,123268.66666666667
0.191,1195.75,27822.5
0.191,578.0,10805.0
0.191,1766.5,101111.5
0.191,3500.0,125846.0
0.191,911.0,48954.0
0.191,3500.0,175892.0
0.191,1880.5,88176.5
0.191,3500.0,129157.0
0.191,2731.5,127664.0
0.191,2689.5,94787.0
0.191,3500.0,130432.0
0.191,1821.75,69689.25
0.191,1799.25,71858.0
0.191,3500.0,138738.0
0.191,143.0,1718.0
0.191,3500.0,180384.5
0.191,2424.0,103622.33333333333
0.191,2834.8,101199.2
0.191,1306.6666666666667,46944.333333333336
0.191,1906.0,34826.5
0.191,3500.0,193342.0
0.191,88.0,1250.0
0.191,130.0,387.0
0.191,2405.0,112868.66666666667
0.191,3500.0,152061.0
0.191,2646.75,130573.25
0.191,3500.0,226443.0
0.191,374.3333333333333,5485.333333333333
0.191,352.3333333333333,4807.666666666667
0.191,3500.0,174903.0
0.191,2952.0,94746.875
0.191,64.0,717.0
0.191,1814.75,70029.0
0.191,3500.0,171086.0
0.191,2881.25,124153.5
0.192,1626.6666666666667,49962.666666666664
0.192,1800.0,87818.0
0.192,2089.3333333333335,89510.33333333333
0.192,763.0,16385.0
0.192,2476.5,71878.5
0.192,2378.3333333333335,70011.0
0.192,3500.0,66822.0
0.192,3500.0,179080.0
0.192,1936.5,114112.5
0.192,2382.3333333333335,92059.66666666667
0.192,58.0,121.0
0.192,3500.0,133794.0
0.192,2789.6666666666665,118473.33333333333
0.192,3500.0,108451.0
0.192,1925.0,102112.25
0.192,1785.0,48523.0
0.192,1801.0,57078.5
0.192,535.0,12184.0
0.192,113.0,1189.0
0.192,2114.0,106502.66666666667
0.192,101.0,231.0
0.192,124.66666666666667,140.0
0.192,3500.0,222321.0
0.192,3500.0,70182.0
0.192,791.0,34449.0
0.192,3500.0,126521.0
0.192,60.0,752.0
0.192,772.0,26503.333333333332
0.192,2364.0,105042.0
0.192,410.0,3332.0
0.192,2898.6,96191.8
0.192,1648.857142857143,63205.0
0.192,3500.0,253306.0
0.192,2370.6666666666665,109568.0
0.192,2690.6666666666665,71788.33333333333
0.192,3058.5,200108.5
0.192,2156.5,77277.5
0.192,1491.6666666666667,96070.33333333333
0.192,1214.3333333333333,18786.0
0.192,2650.5,152019.5
0.192,1781.5,140548.0
0.192,90.0,107.0
0.192,594.0,9205.0
0.192,3500.0,198225.0
0.192,1954.0,86007.0
0.192,3500.0,179154.0
0.192,3500.0,165197.5
0.192,614.5,5783.5
0.192,1600.8,39101.4
0.192,3500.0,88008.0
0.192,3500.0,122577.0
0.192,1888.75,79312.5
0.192,2713.25,117189.25
0.192,1940.75,65979.5
0.192,776.0,27082.5
0.192,2367.6666666666665,89023.0
0.192,531.0,2145.0
0.192,3500.0,183375.66666666666
0.192,2354.3333333333335,130115.66666666667
0.192,3500.0,107687.0
0.192,2298.0,46635.5
0.192,169.5,2321.0
0.192,786.5,45721.5
0.192,1699.0,59423.0
0.192,2903.3333333333335,95542.0
0.192,3500.0,143060.0
0.192,2371.6666666666665,138959.33333333334
0.192,2327.5,141424.5
0.192,1745.3333333333333,53041.0
0.192,1782.5,88798.5
0.192,2722.0,187172.5
0.192,2684.0,104417.0
0.192,2366.0,178022.33333333334
0.192,1804.0,56999.5
0.192,3500.0,82566.0
0.193,3500.0,175931.0
0.193,1796.0,49367.0
0.193,3500.0,126145.0
0.193,3500.0,113995.5
0.193,3500.0,96818.5
0.193,2364.0,151621.66666666666
0.193,3500.0,140190.0
0.193,340.5,2988.5
0.193,2319.0,82841.0
0.193,2671.75,127920.25
0.193,3500.0,65567.0
0.193,159.0,2237.0
0.193,1800.25,84830.75
0.193,2557.0,156088.33333333334
0.193,1226.6666666666667,36602.333333333336
0.193,745.5,24264.0
0.193,3500.0,143601.5
0.193,2367.3333333333335,123739.66666666667
0.193,3500.0,77150.0
0.193,3500.0,155797.0
0.193,3500.0,143252.0
0.193,1042.0,45458.0
0.193,48.0,65.0
0.193,3500.0,250984.0
0.193,1434.0,45605.666666666664
0.193,3500.0,88449.0
0.193,3500.0,217452.0
0.193,3500.0,146787.66666666666
0.193,3500.0,205078.0
0.193,1530.0,59959.0
0.193,2814.4,103196.4
0.193,1883.0,93728.0
0.193,2352.5,162467.0
0.193,197.0,1068.5
0.193,140.0,296.0
0.193,1611.0,58791.0
0.193,1242.0,59192.0
0.193,403.0,6542.0
0.193,269.0,6666.0
0.193,3500.0,175241.33333333334
0.193,3500.0,66913.0
0.193,1843.0,35799.5
0.193,2027.0,124421.5
0.193,490.5,16632.5
0.193,3500.0,103164.0
0.193,3500.0,76526.66666666667
0.193,3500.0,104407.0
0.193,2423.3333333333335,138615.0
0.193,1801.0,53432.0
0.193,3500.0,115957.5
0.193,3500.0,98684.0
0.193,3500.0,138881.0
0.193,2332.0,105199.5
0.193,1832.0,40008.0
0.193,1829.5,46879.5
0.193,109.0,298.0
0.193,1962.5,92418.0
0.193,3500.0,127753.0
0.193,174.0,509.0
0.193,3500.0,93783.5
0.193,767.0,15605.0
0.193,3500.0,184974.5
0.193,69.0,72.0
0.193,1792.5,48346.5
0.193,3500.0,107069.0
0.193,73.0,94.0
0.193,2817.8,107951.0
0.193,3500.0,157803.5
0.193,2946.3333333333335,158858.0
0.193,557.5,12777.5
0.193,2075.0,49908.0
0.193,2744.0,96204.0
0.193,2411.6666666666665,47523.0
0.193,2393.8333333333335,79283.0
0.193,1863.0,77063.0
0.193,3500.0,101640.5
0.193,91.0,99.0
0.194,2442.0,125740.0
0.194,3500.0,64865.0
0.194,574.5,16211.5
0.194,1761.0,84269.66666666667
0.194,2804.3333333333335,98997.33333333333
0.194,2658.0,116900.25
0.194,1797.25,71886.0
0.194,85.5,314.5
0.194,2808.25,89397.25
0.194,3500.0,179234.0
0.194,1864.0,57779.666666666664
0.194,2385.5,114717.0
0.194,464.0,4965.0
0.194,2300.5,74825.0
0.194,2161.2,113207.6
0.194,90.0,534.5
0.194,2478.25,85445.75
0.194,2364.3333333333335,90582.33333333333
0.194,3500.0,155165.33333333334
0.194,2024.0,72244.0
0.194,1823.75,125032.5
0.194,3500.0,164572.0
0.194,1906.0,91775.66666666667
0.194,175.0,682.0
0.194,2378.3333333333335,79305.33333333333
0.194,3500.0,127634.0
0.194,2540.6666666666665,111866.66666666667
0.194,1809.0,51951.0
0.194,2358.6666666666665,106074.33333333333
0.194,3500.0,130268.0
0.194,1625.0,81585.33333333333
0.194,151.0,170.0
0.194,1806.5,52786.0
0.194,3500.0,125007.0
0.194,2155.0,72038.4
0.194,3500.0,60837.0
0.194,788.5,34800.0
0.194,2365.3333333333335,94818.33333333333
0.194,1802.5,90793.0
0.194,2353.6666666666665,60706.333333333336
0.194,1983.0,66649.0
0.194,3500.0,119614.8
0.194,3500.0,153340.0
0.194,3500.0,134497.0
0.194,2376.0,127017.5
0.194,727.0,31377.0
0.194,2509.0,50976.0
0.194,1253.6666666666667,59502.0
0.194,3500.0,116016.6
0.194,1455.0,27643.0
0.194,1801.5,96913.5
0.194,3500.0,145931.0
0.194,2221.0,124608.0
0.194,201.0,5920.0
0.194,2482.3333333333335,157195.66666666666
0.194,2390.0,104834.0
0.194,3500.0,228074.0
0.194,1104.0,36512.0
0.194,2158.25,65742.75
0.194,3500.0,177856.0
0.194,3500.0,75406.0
0.194,1854.0,54592.0
0.194,76.0,84.0
0.194,2145.2,85056.0
0.194,3500.0,101697.0
0.194,3500.0,68190.0
0.194,1227.6666666666667,28245.666666666668
0.194,3500.0,167889.0
0.194,2074.5,79134.0
0.194,2376.0,78629.0
0.194,3500.0,146882.0
0.194,205.0,2036.0
0.194,2360.6666666666665,75180.66666666667
0.194,3500.0,226873.0
0.194,2453.6666666666665,100284.0
0.194,3500.0,124109.0
0.194,2364.0,55112.333333333336
0.194,2434.0,131698.33333333334
0.195,88.0,90.0
0.195,3500.0,189318.0
0.195,1405.3333333333333,23619.0
0.195,1898.0,129084.75
0.195,1634.75,91000.25
0.195,1661.6666666666667,62439.666666666664
0.195,1900.6,76826.2
0.195,1791.5,34864.0
0.195,3500.0,203997.0
0.195,2386.0,139457.0
0.195,3500.0,134210.5
0.195,1816.5,83911.0
0.195,123.0,1454.0
0.195,2890.3333333333335,117085.0
0.195,2598.5,96365.5
0.195,3500.0,122079.0
0.195,2661.5,77609.5
0.195,1521.0,58499.666666666664
0.195,3500.0,174337.0
0.195,1953.3333333333333,78989.5
0.195,170.0,3520.0
0.195,2191.0,73055.5
0.195,98.0,104.0
0.195,1236.6666666666667,22764.666666666668
0.195,3500.0,50108.0
0.195,1800.5,47520.5
0.195,2352.6666666666665,70437.0
0.195,3500.0,113060.0
0.195,569.0,9734.5
0.195,1217.0,111417.0
0.195,1940.5,29773.0
0.195,2164.6666666666665,106685.33333333333
0.195,1786.5,89861.0
0.195,1848.6666666666667,123079.33333333333
0.195,3500.0,192929.0
0.195,629.0,19165.0
0.195,1914.25,77088.75
0.195,1429.0,49306.0
0.195,2966.0,112328.0
0.195,3500.0,192612.0
0.195,2010.0,46373.5
0.195,989.0,32017.0
0.195,3500.0,247271.0
0.195,2204.5,109164.25
0.195,2928.2,120990.8
0.195,3500.0,224695.0
0.195,3500.0,151477.0
0.195,332.3333333333333,2544.0
0.195,330.0,5873.666666666667
0.195,1491.3333333333333,69196.0
0.195,704.5,13514.5
0.195,3500.0,203742.33333333334
0.195,3500.0,120145.0
0.195,1355.0,35159.0
0.195,128.0,132.0
0.195,1252.0,43921.0
0.195,3500.0,156085.33333333334
0.195,1810.0,114541.0
0.195,2365.3333333333335,59640.333333333336
0.195,2131.8,70132.8
0.195,3500.0,89048.0
0.195,677.5,18874.5
0.195,3500.0,176232.0
0.195,392.6666666666667,5964.666666666667
0.195,1804.0,98362.5
0.195,853.0,30044.0
0.195,3500.0,138102.0
0.195,1356.5,44143.25
0.195,2877.0,106249.0
0.195,3500.0,87293.0
0.195,154.0,2386.0
0.195,3500.0,131780.0
0.195,2658.25,87420.25
0.195,3500.0,112576.66666666667
0.195,3500.0,113931.0
0.195,2349.3333333333335,95452.66666666667
0.195,3500.0,179382.0
0.195,170.0,203.0
0.196,1796.0,50019.5
0.196,3500.0,211229.0
0.196,801.0,15821.0
0.196,1564.0,60920.0
0.196,3500.0,119161.0
0.196,3500.0,171390.5
0.196,3500.0,171007.5
0.196,1374.0,34757.333333333336
0.196,1858.0,74885.5
0.196,3074.5714285714284,144344.42857142858
0.196,2359.0,86250.0
0.196,3500.0,112967.0
0.196,1109.0,23340.0
0.196,1237.3333333333333,81973.0
0.196,474.3333333333333,14030.333333333334
0.196,2398.0,102051.33333333333
0.196,208.0,1630.0
0.196,1700.0,57999.0
0.196,3500.0,63511.0
0.196,3500.0,91751.0
0.196,1855.6,82925.6
0.196,216.0,1067.0
0.196,156.0,365.0
0.196,534.0,3033.0
0.196,1811.0,60969.5
0.196,131.0,350.0
0.196,3500.0,155209.0
0.196,1836.5,79469.0
0.196,2679.0,104401.25
0.196,1581.0,61676.0
0.196,1956.75,98967.75
0.196,3500.0,67389.0
0.196,2328.8571428571427,89827.14285714286
0.196,2539.5,100107.0
0.196,116.0,919.0
0.196,411.5,6202.5
0.196,3500.0,240080.0
0.196,3500.0,157626.0
0.196,1868.5,41898.5
0.196,3500.0,209054.5
0.196,1538.6666666666667,76239.0
0.196,2741.0,132935.5
0.196,1021.0,20375.5
0.196,1843.0,82976.25
0.196,3500.0,177847.66666666666
0.196,1069.0,22511.0
0.196,2656.75,104270.25
0.196,1796.0,105992.0
0.196,2679.0,120799.25
0.196,1859.5,56780.5
0.196,3500.0,173997.5
0.196,3500.0,140547.0
0.196,68.0,88.0
0.196,2016.0,63728.5
0.196,3500.0,109223.0
0.196,3500.0,75795.0
0.196,3500.0,146633.5
0.196,2179.5,89958.25
0.196,3500.0,170103.0
0.196,2464.6666666666665,105924.33333333333
0.196,1783.0,52573.5
0.196,3500.0,117861.0
0.196,2282.6,85841.6
0.196,3500.0,150711.0
0.196,2169.8,81802.0
0.196,1175.0,36488.0
0.196,125.0,202.0
0.196,2430.0,130198.25
0.196,1486.3333333333333,87984.33333333333
0.196,1230.3333333333333,89078.66666666667
0.196,3500.0,161868.0
0.196,3500.0,193566.33333333334
0.196,1043.0,28554.5
0.196,3500.0,125284.0
0.196,357.0,3559.0
0.196,3500.0,157038.5
0.197,91.33333333333333,600.6666666666666
0.197,3500.0,102848.66666666667
0.197,2389.0,105268.66666666667
0.197,3500.0,215952.0
0.197,3500.0,186910.5
0.197,3500.0,210241.5
0.197,3500.0,87143.0
0.197,1804.5,26392.5
0.197,2360.3333333333335,73335.66666666667
0.197,2608.6666666666665,68607.66666666667
0.197,1792.0,115700.0
0.197,3500.0,88832.0
0.197,105.0,111.0
0.197,2368.3333333333335,144144.66666666666
0.197,2675.6666666666665,134733.33333333334
0.197,94.0,104.0
0.197,3500.0,98844.0
0.197,1930.0,100739.5
0.197,743.0,22880.333333333332
0.197,1946.5,53794.5
0.197,3500.0,130194.75
0.197,1787.0,44912.0
0.197,3500.0,190598.5
0.197,1505.25,61416.0
0.197,3500.0,222820.0
0.197,2206.25,92029.0
0.197,3500.0,90699.0
0.197,1941.5,88431.0
0.197,227.0,405.0
0.197,61.0,75.0
0.197,3500.0,179860.0
0.197,2289.0,76056.5
0.197,708.0,10679.0
0.197,3500.0,135740.0
0.197,3500.0,129125.0
0.197,1255.3333333333333,51331.666666666664
0.197,3500.0,119038.0
0.197,2522.1666666666665,105450.33333333333
0.197,1918.0,132589.75
0.197,2137.0,70662.5
0.197,1808.5,67149.5
0.197,2817.0,163575.2
0.197,2484.0,101237.33333333333
0.197,94.0,100.0
0.197,2488.0,92712.0
0.197,74.0,778.0
0.197,1237.6666666666667,56483.0
0.197,3500.0,207566.5
0.197,1622.0,53077.8
0.197,3500.0,56427.0
0.197,3500.0,135687.5
0.197,3500.0,136941.0
0.197,93.0,128.5
0.197,2670.5,107348.0
0.197,1460.1666666666667,65643.33333333333
0.197,1227.6666666666667,60617.666666666664
0.197,607.0,19609.666666666668
0.197,199.0,704.0
0.197,2189.8,86342.2
0.197,1311.3333333333333,53900.666666666664
0.197,3500.0,169829.66666666666
0.197,1798.0,108358.0
0.197,3500.0,140982.0
0.197,1981.5,61257.5
0.197,2139.8,77822.2
0.197,2368.3333333333335,100208.33333333333
0.197,3500.0,225922.0
0.197,892.0,13188.0
0.197,1811.5,36219.0
0.197,3500.0,94988.0
0.197,3500.0,144205.0
0.197,3500.0,139942.5
0.197,3500.0,112728.0
0.197,2407.0,66636.2
0.197,2375.0,122368.0
0.197,3500.0,127625.0
0.197,89.0,92.0
0.197,187.0,3582.0
0.197,2379.6666666666665,97166.33333333333
0.197,2566.0,134510.5
0.197,1233.0,25611.666666666668
0.197,3500.0,129186.33333333333
0.198,1800.5,39284.5
0.198,1828.5,68312.0
0.198,950.1666666666666,28626.5
0.198,1702.3333333333333,51708.333333333336
0.198,710.0,31600.0
0.198,3500.0,203706.0
0.198,2224.0,110879.0
0.198,2202.6666666666665,94807.5
0.198,3500.0,146841.0
0.198,3500.0,153936.25
0.198,1686.0,110833.0
0.198,3500.0,59212.0
0.198,1633.0,70620.0
0.198,706.0,18503.0
0.198,3500.0,212226.5
0.198,3500.0,149891.0
0.198,1535.0,57894.5
0.198,3500.0,166595.0
0.198,152.0,161.0
0.198,105.0,106.0
0.198,711.0,48796.5
0.198,1858.0,73423.5
0.198,3500.0,149969.5
0.198,3500.0,139093.0
0.198,438.3333333333333,5786.666666666667
0.198,1847.5,98972.5
0.198,1804.0,85590.0
0.198,2713.5,108030.5
0.198,3500.0,159318.0
0.198,1799.0,88560.0
0.198,1582.3333333333333,61904.666666666664
0.198,3500.0,160813.0
0.198,78.0,87.0
0.198,3500.0,81017.33333333333
0.198,3500.0,90233.0
0.198,3500.0,93094.0
0.198,2252.5,59201.5
0.198,2162.5,69030.5
0.198,3500.0,145289.0
0.198,2876.6666666666665,133676.66666666666
0.198,2369.3333333333335,83853.66666666667
0.198,3500.0,166090.0
0.198,2053.0,49861.5
0.198,1802.0,32272.0
0.198,1789.5,82939.5
0.198,2780.0,97923.0
0.198,152.0,158.0
0.198,3500.0,131411.0
0.198,1861.0,104980.5
0.198,2489.3333333333335,89398.33333333333
0.198,1781.5,122324.0
0.198,3500.0,160106.0
0.198,3500.0,79290.0
0.198,2056.3333333333335,74050.83333333333
0.198,1016.0,41469.5
0.198,3500.0,124335.66666666667
0.198,2364.0,135488.66666666666
0.198,3500.0,146764.0
0.198,845.3333333333334,25302.0
0.198,3133.5,134636.25
0.198,3500.0,159529.5
0.198,2040.0,86569.0
0.198,2290.4,75805.0
0.198,1039.8,49767.8
0.198,2364.6666666666665,95255.66666666667
0.198,108.5,675.5
0.198,3500.0,181129.0
0.198,2521.2,82615.0
0.198,3500.0,112626.5
0.198,216.0,307.0
0.198,3500.0,139789.0
0.198,3500.0,126909.33333333333
0.198,2727.6,124943.0
0.198,1958.6666666666667,49441.666666666664
0.198,2364.6666666666665,87099.0
0.198,64.0,83.0
0.198,2118.3333333333335,92915.66666666667
0.198,2001.0,85178.0
0.198,3500.0,133050.33333333334
0.198,68.0,613.0
0.198,684.5,10832.0
0.198,1458.2,54137.0
0.198,3500.0,107342.5
0.199,1250.3333333333333,61994.333333333336
0.199,3500.0,92838.0
0.199,2611.6666666666665,102308.33333333333
0.199,1849.6666666666667,81424.0
0.199,3500.0,114161.0
0.199,1556.25,81531.5
0.199,60.0,81.0
0.199,2943.75,124469.75
0.199,2129.6,86509.4
0.199,774.0,16642.0
0.199,1274.3333333333333,59324.0
0.199,3500.0,134203.33333333334
0.199,222.5,1060.5
0.199,3500.0,163274.0
0.199,58.0,444.0
0.199,3500.0,120701.0
0.199,1817.0,25922.5
0.199,1839.0,120295.5
0.199,3500.0,226751.0
0.199,2354.6666666666665,104687.0
0.199,1798.5,111039.5
0.199,2972.3333333333335,109957.33333333333
0.199,3500.0,196236.0
0.199,2785.6666666666665,58897.0
0.199,3500.0,196487.0
0.199,1106.25,27546.75
0.199,3500.0,98083.0
0.199,3500.0,59383.0
0.199,3500.0,170919.0
0.199,168.5,480.0
0.199,2243.0,63292.0
0.199,3500.0,190863.5
0.199,3500.0,114656.0
0.199,47.0,164.0
0.199,120.0,336.0
0.199,1695.6,68737.8
0.199,1230.0,23150.666666666668
0.199,1774.0,86477.0
0.199,2235.2,76048.2
0.199,2659.0,102756.75
0.199,2520.6666666666665,123194.0
0.199,2942.0,156501.25
0.199,1788.0,118265.0
0.199,3500.0,90934.0
0.199,1792.5,78253.0
0.199,89.0,155.0
0.199,2253.5,90019.5
0.199,2133.0,58907.0
0.199,1219.6666666666667,54264.666666666664
0.199,296.5,7135.0
0.199,2184.8,62222.0
0.199,3500.0,111186.0
0.199,3500.0,151691.0
0.199,988.25,56063.25
0.199,2200.0,71611.2
0.199,2063.8333333333335,69235.5
0.199,3500.0,178296.5
0.199,1796.0,32738.0
0.199,2679.75,65400.0
0.199,2640.0,133113.5
0.199,3500.0,167881.0
0.199,238.5,1079.5
0.199,2608.3333333333335,111169.33333333333
0.199,3500.0,224320.0
0.199,79.0,94.0
0.199,3500.0,145321.66666666666
0.199,969.25,24548.75
0.199,2247.0,63263.0
0.199,1565.6,50534.8
0.199,1906.25,112359.25
0.199,1782.5,61141.0
0.199,2639.75,113788.75
0.199,2175.75,71413.5
0.199,3500.0,167881.0
0.199,90.0,103.0
0.199,3500.0,105244.0
0.199,1015.25,24379.75
0.199,547.0,8206.0
0.199,135.5,146.0
0.199,1000.3333333333334,68190.0
0.199,3500.0,216383.5
0.199,154.0,1802.0
0.199,3500.0,164561.0
0.199,2886.75,118113.75
0.2,350.5,8974.0
0.2,3500.0,125756.0
0.2,1620.0,54898.4
0.2,2461.3333333333335,62123.333333333336
0.2,845.0,24522.0
0.2,1833.6666666666667,82013.0
0.2,2352.3333333333335,91133.0
0.2,1880.5,91388.5
0.2,3500.0,235715.0
0.2,546.0,14251.0
0.2,3500.0,90512.0
0.2,3500.0,149262.0
0.2,2659.25,118600.75
0.2,3500.0,63090.0
0.2,3500.0,145471.0
0.2,3500.0,117900.0
0.2,151.0,212.0
0.2,3500.0,136985.0
0.2,2524.0,151399.5
0.2,3500.0,221002.0
0.2,2820.6,150317.8
0.2,3500.0,159672.0
0.2,1809.0,108201.5
0.2,2361.6666666666665,73018.33333333333
0.2,3044.714285714286,171642.2857142857
0.2,1781.0,66853.5
0.2,1320.0,11072.0
0.2,1859.5,55622.5
0.2,3500.0,122936.0
0.2,1412.0,44879.0
0.2,3500.0,170057.0
0.2,1784.0,119734.0
0.2,101.0,289.0
0.2,3500.0,182897.5
0.2,1826.5,57905.0
0.2,3500.0,177736.0
0.2,2484.6666666666665,114855.0
0.2,2290.0,110559.0
0.2,1244.0,84995.0
0.2,1799.0,75812.0
0.2,1759.2,89380.4
0.2,3500.0,99094.0
0.2,3500.0,190759.0
0.2,3500.0,86783.0
0.2,142.0,409.0
0.2,94.66666666666667,245.0
0.2,3500.0,116890.0
0.2,1663.4,64346.0
0.2,2410.6666666666665,129844.66666666667
0.2,92.0,112.0
0.2,1264.6666666666667,46327.666666666664
0.2,519.5,7899.5
0.2,1829.0,45799.5
0.2,1852.0,104308.0
0.2,3500.0,96228.0
0.2,1150.0,23767.0
0.2,3500.0,93040.0
0.2,1224.5,54275.25
0.2,1818.25,88440.25
0.2,3500.0,147853.0
0.2,3500.0,60809.0
0.2,3500.0,103728.0
0.2,281.5,7912.0
0.2,3500.0,175122.0
0.2,2647.75,101008.75
0.2,2805.3333333333335,158754.33333333334
0.2,3500.0,237344.0
0.2,317.5,4628.5
0.2,2498.0,130680.5
0.2,3500.0,84424.0
0.2,3500.0,182572.33333333334
0.2,110.0,350.0
0.2,3500.0,186687.0
0.2,2900.6,106149.6
0.2,2350.3333333333335,79049.33333333333
0.2,809.3333333333334,9010.666666666666
0.2,1808.0,90372.5
0.2,1952.0,85277.5
0.2,549.5,7419.0
0.2,3500.0,201319.0
0.2,94.0,578.0
0.2,2334.0,137031.0
0.201,3500.0,173532.0
0.201,3500.0,113963.0
0.201,3500.0,127640.0
0.201,1835.5,103961.0
0.201,3500.0,148904.0
0.201,1743.0,45074.666666666664
0.201,1423.6666666666667,22300.666666666668
0.201,1903.0,96497.5
0.201,103.0,105.0
0.201,71.0,80.0
0.201,1787.0,85591.0
0.201,3500.0,217291.0
0.201,2327.6,130103.8
0.201,1346.6666666666667,63650.333333333336
0.201,125.0,155.0
0.201,539.5,14879.0
0.201,1242.6666666666667,90992.0
0.201,155.0,644.0
0.201,2356.6666666666665,119704.33333333333
0.201,3500.0,162000.0
0.201,341.0,11404.0
0.201,3500.0,161923.0
0.201,2871.0,117423.0
0.201,3500.0,99984.33333333333
0.201,1456.6,61242.4
0.201,2885.5,103824.25
0.201,84.0,137.0
0.201,122.0,641.0
0.201,2368.6666666666665,172750.0
0.201,90.0,93.0
0.201,3500.0,108945.66666666667
0.201,68.0,71.0
0.201,3500.0,172087.33333333334
0.201,3500.0,103468.0
0.201,2609.0,100333.0
0.201,1780.0,73607.5
0.201,1798.5,63003.5
0.201,1850.0,48278.0
0.201,1338.3333333333333,50699.333333333336
0.201,3500.0,174435.66666666666
0.201,2670.0,112193.5
0.201,2004.5,41533.0
0.201,3500.0,128633.0
0.201,1923.3333333333333,74833.33333333333
0.201,3500.0,132021.0
0.201,161.0,174.0
0.201,3500.0,102634.0
0.201,1799.0,83667.5
0.201,2540.5,134086.5
0.201,262.25,4268.5
0.201,3500.0,146945.0
0.201,2223.25,93207.75
0.201,1116.25,52702.75
0.201,385.0,6622.5
0.201,2466.3333333333335,96069.33333333333
0.201,156.0,408.0
0.201,3500.0,132121.0
0.201,2664.0,97331.5
0.201,1936.0,87727.25
0.201,2591.0,142792.0
0.201,1800.0,104170.5
0.201,2438.285714285714,116524.42857142857
0.201,601.0,49764.0
0.201,3500.0,121019.0
0.201,2431.6666666666665,74792.66666666667
0.201,1233.5,39696.0
0.201,3500.0,200717.0
0.201,3500.0,141623.0
0.201,2391.0,76969.66666666667
0.201,3500.0,141260.0
0.201,108.5,682.5
0.201,2029.5,105583.5
0.201,1314.0,54597.666666666664
0.201,862.0,14629.0
0.201,158.5,232.5
0.201,76.5,166.0
0.201,2645.25,141792.75
0.201,1793.0,60970.0
0.201,3500.0,175859.5
0.201,3500.0,122173.0
0.201,1479.8,60906.8
0.201,3500.0,154026.0
0.201,3500.0,111213.0
0.201,1907.5,31046.0
0.201,3500.0,170611.5
0.201,146.0,241.0
0.201,66.0,87.0
0.201,1924.0,79444.75
0.201,947.5,24150.0
0.201,3500.0,144317.5
0.202,3500.0,88671.0
0.202,1791.5,108797.0
0.202,1826.0,110955.5
0.202,2361.0,64426.666666666664
0.202,3500.0,173556.0
0.202,2389.0,119677.0
0.202,3500.0,247065.0
0.202,1543.5,59683.5
0.202,3500.0,155996.33333333334
0.202,65.0,84.0
0.202,1378.6666666666667,43868.0
0.202,58.0,61.0
0.202,3500.0,99446.66666666667
0.202,1785.5,94081.5
0.202,2350.2,135763.6
0.202,2521.3333333333335,111104.0
0.202,2526.3333333333335,86842.0
0.202,3500.0,156217.0
0.202,984.5,24349.0
0.202,1249.0,65130.666666666664
0.202,1806.0,52053.5
0.202,131.0,242.0
0.202,97.0,101.0
0.202,180.0,1170.0
0.202,160.0,990.0
0.202,2807.0,80184.5
0.202,2363.3333333333335,121513.33333333333
0.202,1789.5,119525.5
0.202,1048.0,32368.5
0.202,2412.6666666666665,128215.66666666667
0.202,66.0,70.0
0.202,2360.6666666666665,112801.33333333333
0.202,1485.0,61860.0
0.202,2363.6666666666665,111094.0
0.202,2860.6666666666665,90225.33333333333
0.202,1202.0,38328.5
0.202,1099.25,44987.0
0.202,1254.0,21838.5
0.202,274.0,2464.0
0.202,2355.3333333333335,86496.0
0.202,1173.75,67342.75
0.202,658.5,14445.5
0.202,984.0,38093.5
0.202,2082.5,73426.5
0.202,2067.5,89422.0
0.202,1632.25,58502.0
0.202,3500.0,134138.0
0.202,2891.25,143445.75
0.202,2033.75,85710.0
0.202,3500.0,108669.33333333333
0.202,124.0,760.0
0.202,1569.0,63122.8
0.202,3023.6666666666665,125347.33333333333
0.202,2672.0,75812.0
0.202,3500.0,194495.5
0.202,1022.5,41456.0
0.202,2733.4,106486.2
0.202,2414.3333333333335,70155.33333333333
0.202,891.0,30063.0
0.202,1963.1666666666667,46323.333333333336
0.202,1377.0,47453.0
0.202,2964.0,154578.66666666666
0.202,2386.3333333333335,71409.66666666667
0.202,3500.0,191970.0
0.202,3500.0,185509.5
0.202,3500.0,266954.0
0.202,1819.1666666666667,77746.33333333333
0.202,1254.3333333333333,43960.0
0.202,3500.0,99905.5
0.202,2432.0,115445.66666666667
0.202,3500.0,170266.0
0.202,692.0,11312.0
0.202,2736.6666666666665,139257.0
0.202,2783.5,92417.5
0.202,2024.5,53650.0
0.202,2641.5,102142.25
0.202,1816.0,83962.0
0.203,1851.0,74165.5
0.203,1805.5,56551.5
0.203,1294.3333333333333,66601.66666666667
0.203,2487.5,124627.0
0.203,258.0,7426.333333333333
0.203,2556.75,129643.5
0.203,3500.0,174272.25
0.203,3500.0,140427.0
0.203,3500.0,211106.0
0.203,420.5,13407.5
0.203,3500.0,224128.0
0.203,3500.0,115997.5
0.203,1824.5,69060.0
0.203,95.0,96.0
0.203,1232.0,19268.333333333332
0.203,1760.0,56750.333333333336
0.203,1555.6,53225.2
0.203,3500.0,152673.0
0.203,1545.75,71308.25
0.203,3500.0,110408.0
0.203,3500.0,196327.5
0.203,3500.0,174596.0
0.203,3500.0,153838.5
0.203,1875.0,35650.0
0.203,3500.0,158872.5
0.203,3500.0,134056.33333333334
0.203,2793.6666666666665,134794.66666666666
0.203,2356.6666666666665,107918.0
0.203,2499.6666666666665,98983.66666666667
0.203,1966.0,45470.5
0.203,3500.0,146208.33333333334
0.203,1016.5,34861.25
0.203,2357.0,71695.6
0.203,1227.3333333333333,49410.666666666664
0.203,3500.0,130528.5
0.203,2856.6666666666665,83083.66666666667
0.203,3500.0,144876.0
0.203,2369.3333333333335,117034.66666666667
0.203,990.0,37999.4
0.203,1622.6666666666667,89906.0
0.203,2041.0,67007.66666666667
0.203,3500.0,122603.25
0.203,1798.0,47757.5
0.203,2378.0,98282.66666666667
0.203,3075.25,139846.75
0.203,2392.5,143247.0
0.203,336.5,6654.0
0.203,3500.0,257215.0
0.203,3500.0,188304.0
0.203,3500.0,243226.0
0.203,3500.0,160638.0
0.203,2887.0,148419.8
0.203,1466.0,44150.0
0.203,1795.0,53623.0
0.203,1894.3333333333333,66987.33333333333
0.203,1282.6666666666667,30974.0
0.203,2027.0,84918.5
0.203,626.3333333333334,15482.666666666666
0.203,2367.3333333333335,108864.0
0.203,3500.0,136134.0
0.203,3500.0,104297.0
0.203,1124.0,38798.0
0.203,940.75,39728.75
0.203,419.0,6926.0
0.203,762.3333333333334,28526.333333333332
0.203,3500.0,128230.5
0.203,3500.0,209319.0
0.203,1776.5,104575.5
0.203,3500.0,198057.0
0.203,2664.25,138065.0
0.203,3500.0,155168.5
0.203,1779.0,69253.5
0.203,3500.0,189099.0
0.203,3500.0,79446.0
0.203,89.0,156.0
0.203,490.0,12281.0
0.203,2493.5,130773.5
0.203,524.5,22958.5
0.203,2642.0,111588.0
0.203,2361.6666666666665,135009.66666666666
0.203,3500.0,283266.0
0.203,2175.5,87024.5
0.203,3500.0,108469.5
0.203,3500.0,145636.0
0.203,1853.5,79855.5
0.203,2351.6666666666665,60416.333333333336
0.204,1800.5,44980.5
0.204,1235.0,43706.0
0.204,3500.0,133459.0
0.204,2110.0,91714.0
0.204,3500.0,64709.0
0.204,3500.0,152445.0
0.204,2581.8333333333335,86825.16666666667
0.204,3500.0,159574.5
0.204,3500.0,119439.0
0.204,3500.0,90393.0
0.204,90.0,461.0
0.204,3500.0,223717.0
0.204,91.0,101.0
0.204,2374.0,75940.5
0.204,3500.0,188090.66666666666
0.204,3500.0,160797.0
0.204,3500.0,191638.5
0.204,1797.0,78043.0
0.204,3500.0,119990.0
0.204,2798.5,121091.75
0.204,1229.3333333333333,50127.666666666664
0.204,287.0,5393.0
0.204,2402.0,86303.0
0.204,1321.6666666666667,55558.166666666664
0.204,2130.0,78714.0
0.204,3500.0,225877.0
0.204,1454.2,67121.8
0.204,3500.0,126812.0
0.204,3500.0,135689.0
0.204,158.0,452.0
0.204,3500.0,126068.0
0.204,3000.25,131890.75
0.204,2243.0,63651.0
0.204,65.0,619.0
0.204,1327.3333333333333,68510.0
0.204,226.5,3098.0
0.204,3500.0,187299.0
0.204,1443.0,26428.0
0.204,198.0,257.0
0.204,1922.0,65583.5
0.204,1814.0,66404.5
0.204,191.25,2058.0
0.204,2361.0,99049.33333333333
0.204,3500.0,191756.0
0.204,286.0,3988.0
0.204,681.0,13349.5
0.204,2828.3333333333335,97935.66666666667
0.204,2189.5,135593.5
0.204,3500.0,151300.25
0.204,3500.0,187088.33333333334
0.204,3500.0,107827.0
0.204,2647.5,98964.0
0.204,2639.75,101954.5
0.204,3500.0,137530.5
0.204,1789.0,66976.5
0.204,1432.3333333333333,77328.66666666667
0.204,1793.3333333333333,81524.33333333333
0.204,3500.0,137758.0
0.204,2376.0,94220.66666666667
0.204,2452.0,130465.0
0.204,3500.0,165517.33333333334
0.204,3500.0,175983.66666666666
0.204,1889.0,181725.0
0.204,3500.0,170557.5
0.204,2367.0,98451.75
0.204,2354.6666666666665,100225.0
0.204,1226.3333333333333,61711.333333333336
0.204,3500.0,205755.0
0.204,783.0,15014.0
0.204,1814.0,99201.5
0.204,3500.0,193070.5
0.204,1725.6666666666667,114472.66666666667
0.204,2994.0,156251.66666666666
0.204,238.0,672.0
0.204,2680.6666666666665,118847.0
0.204,630.0,23320.0
0.204,3500.0,127587.0
0.204,241.5,416.5
0.204,3500.0,95698.0
0.204,2612.5,84719.5
0.205,3500.0,191563.5
0.205,1844.0,93972.0
0.205,3500.0,175303.0
0.205,3500.0,170510.0
0.205,3500.0,120615.5
0.205,1664.4,111066.8
0.205,2388.5,105765.0
0.205,1808.5,126519.5
0.205,1793.0,63084.0
0.205,3500.0,140158.75
0.205,154.0,389.0
0.205,1501.0,33640.0
0.205,636.0,16239.0
0.205,2275.5,137867.5
0.205,3500.0,296376.0
0.205,2693.75,99250.25
0.205,735.0,28938.0
0.205,75.5,83.5
0.205,1310.0,49622.0
0.205,3500.0,141706.66666666666
0.205,2595.0,83101.33333333333
0.205,156.0,215.0
0.205,2286.0,74297.5
0.205,1902.0,66823.33333333333
0.205,3500.0,136466.0
0.205,1543.3333333333333,63939.666666666664
0.205,3500.0,131994.0
0.205,3500.0,189869.0
0.205,3500.0,199589.33333333334
0.205,538.0,7829.0
0.205,1903.25,95598.75
0.205,1811.0,72551.0
0.205,3500.0,184227.5
0.205,3500.0,64009.0
0.205,1392.6666666666667,36875.666666666664
0.205,1599.0,77751.66666666667
0.205,495.0,4676.0
0.205,3500.0,217585.0
0.205,1254.6666666666667,60725.333333333336
0.205,76.0,86.0
0.205,2213.4,78260.8
0.205,1821.5,47808.5
0.205,3500.0,200701.0
0.205,1227.0,39707.333333333336
0.205,1660.6666666666667,46577.333333333336
0.205,2020.0,113583.0
0.205,3500.0,154200.0
0.205,2359.0,106739.66666666667
0.205,63.0,426.0
0.205,3500.0,177421.5
0.205,3500.0,129465.0
0.205,231.0,2914.0
0.205,129.0,221.0
0.205,3500.0,91817.33333333333
0.205,629.0,11538.0
0.205,205.0,1100.0
0.205,2602.0,131891.0
0.205,3500.0,194129.0
0.205,2652.25,136660.5
0.205,1782.0,125174.5
0.205,3500.0,92489.5
0.205,1018.6,47863.2
0.205,967.6666666666666,51145.0
0.205,1231.0,37115.666666666664
0.205,2777.8333333333335,110453.0
0.205,719.5,32289.0
0.205,3500.0,192264.0
0.205,3500.0,96537.0
0.205,445.0,3425.0
0.205,3500.0,148553.0
0.205,1730.3333333333333,53618.666666666664
0.205,2361.3333333333335,102656.66666666667
0.205,3500.0,205613.0
0.205,1830.0,102395.0
0.205,3500.0,89810.33333333333
0.205,1782.0,52800.0
0.205,59.0,66.0
0.205,373.5,3287.0
0.205,2395.0,94149.5
0.205,3500.0,169680.5
0.205,1793.5,63588.5
0.205,2609.0,89261.5
0.206,1769.0,112302.0
0.206,171.0,220.0
0.206,1267.6666666666667,72859.0
0.206,2983.4,137620.0
0.206,241.0,1198.0
0.206,3500.0,171948.75
0.206,918.75,14073.25
0.206,2647.75,112131.5
0.206,2351.6666666666665,60382.333333333336
0.206,2358.0,140584.66666666666
0.206,3500.0,133260.0
0.206,1973.0,72329.0
0.206,3500.0,86484.0
0.206,1685.3333333333333,50446.666666666664
0.206,3500.0,146477.0
0.206,2690.75,152594.0
0.206,3500.0,94976.0
0.206,2814.3333333333335,129565.33333333333
0.206,2545.3333333333335,74199.66666666667
0.206,3500.0,220057.0
0.206,230.0,2433.5
0.206,1793.0,101326.5
0.206,2405.3333333333335,100229.66666666667
0.206,3500.0,160087.0
0.206,198.0,3327.0
0.206,3500.0,115237.0
0.206,3500.0,93843.0
0.206,1795.5,123583.0
0.206,2624.6666666666665,114779.0
0.206,1327.0,86590.66666666667
0.206,138.0,466.0
0.206,1267.6666666666667,28922.666666666668
0.206,1362.6666666666667,77686.33333333333
0.206,87.5,434.0
0.206,3500.0,114912.0
0.206,2883.5,93541.25
0.206,3500.0,116815.0
0.206,1784.5,65274.0
0.206,2360.6666666666665,139120.66666666666
0.206,3500.0,241989.0
0.206,1309.3333333333333,74196.33333333333
0.206,1792.25,63569.25
0.206,1817.0,80888.0
0.206,3500.0,207673.0
0.206,3500.0,112674.0
0.206,3500.0,234640.0
0.206,3500.0,103166.5
0.206,2421.3333333333335,126406.0
0.206,2676.0,111160.0
0.206,3500.0,124137.0
0.206,3500.0,197719.0
0.206,1797.5,84488.0
0.206,99.5,113.0
0.206,456.0,8230.0
0.206,1956.0,84781.0
0.206,1235.0,26611.666666666668
0.206,3500.0,161120.0
0.206,3500.0,149883.0
0.206,1801.5,76289.0
0.206,3500.0,175897.5
0.206,642.0,18392.0
0.206,451.0,4961.0
0.206,2269.5,128715.5
0.206,58.0,67.0
0.206,2392.0,77686.33333333333
0.206,1949.0,42690.0
0.206,2353.3333333333335,69911.0
0.206,2141.0,83307.0
0.206,2650.25,151036.5
0.206,3500.0,178791.75
0.206,1977.6,92961.0
0.206,2216.4,102304.8
0.206,1973.5,98030.0
0.206,2049.0,58317.0
0.206,3500.0,179496.0
0.206,1790.0,47716.0
0.206,1792.5,99912.5
0.206,727.0,18926.0
0.206,354.5,9434.0
0.206,1921.5,114534.5
0.207,2462.6666666666665,139092.33333333334
0.207,119.0,270.0
0.207,3500.0,168479.5
0.207,2146.3333333333335,85547.0
0.207,3500.0,83767.0
0.207,3500.0,75704.0
0.207,3500.0,120303.0
0.207,3500.0,89661.0
0.207,162.0,443.0
0.207,1487.6666666666667,83905.66666666667
0.207,3500.0,166325.0
0.207,67.0,382.0
0.207,117.0,126.0
0.207,2472.6666666666665,108614.66666666667
0.207,1421.3333333333333,59906.666666666664
0.207,104.0,111.0
0.207,69.0,289.0
0.207,1781.5,102737.0
0.207,2458.3333333333335,111169.0
0.207,1805.0,104495.5
0.207,2385.0,124571.66666666667
0.207,384.0,6424.0
0.207,1785.5714285714287,87249.85714285714
0.207,394.0,4238.0
0.207,654.0,12410.0
0.207,523.0,5496.0
0.207,128.0,388.0
0.207,3500.0,113203.0
0.207,84.0,169.0
0.207,2215.75,116472.25
0.207,3101.25,186303.5
0.207,3500.0,98185.0
0.207,906.0,23444.5
0.207,3500.0,97701.5
0.207,1286.3333333333333,88031.33333333333
0.207,3500.0,118418.0
0.207,3500.0,113190.0
0.207,2655.0,92955.25
0.207,3500.0,215451.0
0.207,1829.0,74170.0
0.207,2008.3333333333333,101484.66666666667
0.207,419.0,4445.0
0.207,1326.6666666666667,53603.0
0.207,1891.0,62793.5
0.207,2709.25,179520.5
0.207,1891.6666666666667,107469.66666666667
0.207,3500.0,127227.0
0.207,943.25,22313.75
0.207,1809.0,37806.0
0.207,1809.5,26519.0
0.207,116.0,215.0
0.207,1340.0,35224.666666666664
0.207,3500.0,164292.33333333334
0.207,80.0,458.0
0.207,3500.0,189604.33333333334
0.207,1654.0,45770.333333333336
0.207,2038.0,78737.0
0.207,3500.0,189761.5
0.207,600.0,7608.0
0.207,2653.5,111672.25
0.207,3500.0,116081.25
0.207,216.0,377.0
0.207,1917.0,109334.5
0.207,2674.75,105617.25
0.207,2382.3333333333335,126400.66666666667
0.207,1417.0,39541.0
0.207,100.0,107.0
0.207,2405.3333333333335,105212.66666666667
0.207,2267.6666666666665,95140.66666666667
0.207,2122.8333333333335,74161.0
0.207,2876.5,150397.0
0.207,113.0,202.0
0.207,3500.0,96592.0
0.207,3500.0,200251.0
0.207,1815.5,91380.5
0.207,1192.0,39592.4
0.207,2795.0,77594.66666666667
0.207,99.0,101.0
0.208,330.0,5038.0
0.208,1832.5,79098.25
0.208,3500.0,203319.0
0.208,3500.0,182655.66666666666
0.208,3500.0,94391.0
0.208,3500.0,237148.0
0.208,2651.5,130400.5
0.208,292.0,2060.3333333333335
0.208,3500.0,157693.33333333334
0.208,3500.0,213536.0
0.208,3500.0,188752.0
0.208,3500.0,116404.5
0.208,3500.0,189122.5
0.208,3500.0,76773.0
0.208,2360.6666666666665,81591.66666666667
0.208,181.0,1196.0
0.208,547.5,3932.5
0.208,2362.6666666666665,133395.0
0.208,3500.0,123482.0
0.208,1797.0,51259.5
0.208,1662.0,36632.0
0.208,1433.6666666666667,72075.33333333333
0.208,91.0,107.0
0.208,3500.0,183918.0
0.208,3500.0,140752.5
0.208,2358.6666666666665,103862.66666666667
0.208,124.0,1606.0
0.208,3500.0,160808.0
0.208,1607.0,47849.0
0.208,1547.6666666666667,70680.66666666667
0.208,3500.0,136043.0
0.208,1792.5,51407.0
0.208,3500.0,166719.0
0.208,120.0,142.0
0.208,419.0,8577.0
0.208,295.0,3620.25
0.208,1254.6666666666667,30782.666666666668
0.208,1239.0,33244.666666666664
0.208,3500.0,113545.0
0.208,1793.25,76761.75
0.208,2197.5,97892.0
0.208,252.5,9821.0
0.208,55.0,83.0
0.208,2388.6666666666665,111944.0
0.208,2370.0,147166.5
0.208,3500.0,115592.0
0.208,2931.6666666666665,128994.0
0.208,3500.0,177391.0
0.208,734.0,5493.0
0.208,904.3333333333334,32962.0
0.208,1777.5,64272.0
0.208,2211.25,91405.75
0.208,1385.6666666666667,36772.333333333336
0.208,780.5,24473.5
0.208,2387.0,91262.0
0.208,2373.0,84428.66666666667
0.208,3500.0,107704.5
0.208,2785.6666666666665,158678.33333333334
0.208,3023.6666666666665,137716.83333333334
0.208,3500.0,169469.0
0.208,947.0,20398.5
0.208,2388.6666666666665,97424.33333333333
0.208,3500.0,124376.0
0.208,1233.0,38900.5
0.208,1663.3333333333333,34752.0
0.208,3500.0,111316.0
0.208,1370.5,71954.5
0.208,968.0,14995.0
0.208,3500.0,187793.5
0.208,3500.0,146329.66666666666
0.208,1801.0,36440.0
0.208,127.0,132.0
0.208,2861.8,118065.2
0.208,3500.0,119800.0
0.208,2458.0,129397.0
0.208,3500.0,161660.5
0.208,213.0,301.0
0.208,3500.0,118843.0
0.208,144.0,202.0
0.208,3500.0,154855.66666666666
0.208,145.0,357.0
0.208,3500.0,81863.0
0.209,2390.0,141036.33333333334
0.209,1288.6666666666667,63463.0
0.209,3500.0,131714.0
0.209,580.0,8802.0
0.209,1583.2,39378.8
0.209,3500.0,117455.5
0.209,331.0,3722.5
0.209,3500.0,102871.0
0.209,3500.0,113647.33333333333
0.209,1848.0,68811.0
0.209,3500.0,137523.0
0.209,2032.0,63947.75
0.209,2580.3333333333335,108454.66666666667
0.209,719.0,20793.0
0.209,967.0,24006.0
0.209,1911.0,118151.5
0.209,1092.0,21592.0
0.209,2367.5,83515.0
0.209,2747.0,126209.0
0.209,58.0,60.0
0.209,3500.0,111969.0
0.209,1620.3333333333333,96717.33333333333
0.209,3500.0,141668.0
0.209,1358.0,21622.666666666668
0.209,2360.0,104144.66666666667
0.209,1779.0,84053.0
0.209,424.8,6743.6
0.209,3500.0,124038.0
0.209,3500.0,211042.0
0.209,1793.5,76980.5
0.209,433.0,6256.0
0.209,794.0,23377.0
0.209,1809.5,21310.0
0.209,1845.5,44882.0
0.209,2555.0,119485.66666666667
0.209,106.5,193.0
0.209,153.0,2073.5
0.209,3500.0,166299.0
0.209,3500.0,137399.5
0.209,1993.0,119834.5
0.209,2707.0,91550.66666666667
0.209,3500.0,176579.5
0.209,3500.0,98405.5
0.209,2503.5,133873.5
0.209,2659.75,103924.25
0.209,3500.0,159183.33333333334
0.209,3500.0,119499.33333333333
0.209,719.0,22351.0
0.209,1786.5,46918.5
0.209,3500.0,97156.0
0.209,94.5,127.5
0.209,3500.0,197308.33333333334
0.209,1866.8333333333333,89653.33333333333
0.209,2252.75,125751.25
0.209,3500.0,239884.0
0.209,3500.0,147514.5
0.209,1826.5,46434.0
0.209,2243.6,107551.2
0.209,1529.6666666666667,76580.33333333333
0.209,3500.0,168873.66666666666
0.209,2169.5,40312.5
0.209,3500.0,125471.5
0.209,2678.6666666666665,127401.66666666667
0.209,452.0,10581.5
0.209,3500.0,130965.5
0.209,3500.0,201135.0
0.209,3500.0,147846.33333333334
0.209,1794.5,103578.0
0.209,3500.0,166368.5
0.209,2815.0,75311.0
0.209,1531.3333333333333,37363.666666666664
0.209,1932.0,91538.5
0.209,2220.2,86160.2
0.209,2156.0,115791.0
0.209,443.0,5667.0
0.209,2230.75,106699.0
0.209,2960.5,128346.75
0.209,3500.0,168850.0
0.209,2002.1666666666667,97180.0
0.209,3500.0,147497.0
0.209,2730.3333333333335,157357.66666666666
0.21,2405.3333333333335,93762.0
0.21,3500.0,172767.4
0.21,1031.2,49868.6
0.21,3500.0,171264.0
0.21,2360.6666666666665,111640.0
0.21,1698.0,124164.0
0.21,1802.5,34247.5
0.21,2034.6666666666667,67982.16666666667
0.21,3500.0,122895.0
0.21,1228.6666666666667,30219.0
0.21,3500.0,96330.0
0.21,3500.0,153077.0
0.21,2641.75,133813.75
0.21,3500.0,74865.0
0.21,1777.5,52000.0
0.21,3500.0,143832.0
0.21,1928.5,53943.0
0.21,267.0,1719.0
0.21,2693.5,73489.0
0.21,216.0,288.0
0.21,3500.0,103930.0
0.21,2200.25,90062.25
0.21,96.0,112.0
0.21,2368.0,123848.33333333333
0.21,1669.3333333333333,51756.333333333336
0.21,3500.0,138161.0
0.21,582.0,19653.666666666668
0.21,3500.0,119603.0
0.21,245.33333333333334,1784.3333333333333
0.21,2405.3333333333335,107753.0
0.21,2656.0,99656.5
0.21,1231.0,75799.5
0.21,222.0,394.0
0.21,2832.0,117677.0
0.21,1325.6666666666667,73171.33333333333
0.21,1799.5,73866.5
0.21,3500.0,134075.66666666666
0.21,1242.0,68007.0
0.21,2748.75,132053.0
0.21,1227.6666666666667,37051.666666666664
0.21,2371.3333333333335,86027.66666666667
0.21,2363.3333333333335,84785.0
0.21,2094.5,85299.5
0.21,2072.0,98865.5
0.21,3500.0,128297.0
0.21,3500.0,180633.5
0.21,3500.0,147936.66666666666
0.21,48.0,51.0
0.21,2960.0,170489.33333333334
0.21,3500.0,143217.5
0.21,3500.0,75504.0
0.21,95.0,97.0
0.21,3500.0,172068.0
0.21,3500.0,185899.5
0.21,1341.0,38753.0
0.21,782.3333333333334,46038.333333333336
0.21,182.0,768.0
0.21,230.5,4119.5
0.21,86.0,100.0
0.21,193.33333333333334,3827.0
0.21,1406.0,38185.0
0.21,3500.0,177221.5
0.21,449.0,8019.0
0.21,642.0,16594.5
0.21,88.0,97.0
0.21,3500.0,138330.33333333334
0.21,3500.0,194624.0
0.21,3500.0,79955.0
0.21,412.5,10608.5
0.21,860.75,38934.25
0.21,1956.5,122285.5
0.21,1799.0,32978.0
0.21,3500.0,125752.5
0.21,3500.0,189730.0
0.21,3500.0,271261.0
0.21,3500.0,104274.0
0.21,3500.0,119323.66666666667
0.21,1800.0,106762.0
0.21,2932.3333333333335,126495.0
0.211,1305.6666666666667,53738.333333333336
0.211,2365.0,100710.33333333333
0.211,1760.3333333333333,70025.66666666667
0.211,1216.3333333333333,51502.333333333336
0.211,2144.2,67401.2
0.211,74.0,837.0
0.211,267.6666666666667,2573.6666666666665
0.211,1780.0,30663.0
0.211,665.0,28749.0
0.211,1947.5,81641.0
0.211,1849.25,92961.5
0.211,263.0,4096.0
0.211,3500.0,137682.5
0.211,3500.0,177857.5
0.211,1265.0,25341.0
0.211,3500.0,227150.0
0.211,3500.0,166339.0
0.211,1340.3333333333333,73726.66666666667
0.211,3500.0,180699.0
0.211,3500.0,124178.0
0.211,3500.0,68366.5
0.211,3500.0,116944.0
0.211,2350.3333333333335,90773.66666666667
0.211,1182.75,31982.0
0.211,3500.0,169209.33333333334
0.211,2351.0,119419.66666666667
0.211,1728.0,46163.0
0.211,3500.0,130215.0
0.211,559.5,8294.0
0.211,3500.0,158910.0
0.211,3500.0,192524.0
0.211,3500.0,185087.0
0.211,1709.0,75485.0
0.211,181.5,1708.0
0.211,3500.0,183368.66666666666
0.211,3500.0,243346.0
0.211,3500.0,180856.0
0.211,1419.6666666666667,60993.0
0.211,2407.3333333333335,108133.66666666667
0.211,3500.0,148131.0
0.211,3500.0,226210.0
0.211,3500.0,165541.66666666666
0.211,2690.25,101938.75
0.211,2362.3333333333335,113005.0
0.211,3500.0,126477.5
0.211,3500.0,150717.0
0.211,3500.0,190206.0
0.211,2523.8,105999.6
0.211,1096.0,43375.4
0.211,2741.0,172928.0
0.211,2090.5,85953.75
0.211,2366.6666666666665,90681.0
0.211,3500.0,168983.5
0.211,3500.0,167223.0
0.211,3500.0,139365.5
0.211,3500.0,117711.0
0.211,3500.0,126182.0
0.211,2360.6666666666665,78377.33333333333
0.211,1566.0,101444.66666666667
0.211,1798.0,87452.5
0.211,3500.0,234837.0
0.211,1807.0,137995.5
0.211,3500.0,152877.0
0.211,1917.0,64434.0
0.211,2475.0,94503.33333333333
0.211,3500.0,156962.0
0.211,2730.25,139714.5
0.211,3500.0,95996.0
0.211,2555.0,136205.33333333334
0.211,1782.5,90954.5
0.211,1208.0,16831.0
0.211,3500.0,126985.0
0.211,2079.0,78396.5
0.211,3500.0,105887.0
0.211,2387.6666666666665,111064.0
0.211,3500.0,99616.5
0.211,3500.0,125402.0
0.211,2641.5,120265.75
0.211,1948.0,77681.0
0.212,3500.0,132778.0
0.212,3500.0,86611.5
0.212,2379.3333333333335,86955.66666666667
0.212,2455.0,77208.66666666667
0.212,3500.0,196077.0
0.212,3500.0,108171.5
0.212,1459.3333333333333,32092.333333333332
0.212,3500.0,193312.0
0.212,3500.0,123125.0
0.212,3500.0,194499.0
0.212,2364.0,127598.0
0.212,3500.0,135146.5
0.212,3500.0,71149.0
0.212,1806.3333333333333,63077.0
0.212,3500.0,207830.0
0.212,3500.0,131819.0
0.212,3500.0,287267.0
0.212,1066.0,68546.5
0.212,1014.0,26949.5
0.212,361.5,4357.5
0.212,1575.0,49912.0
0.212,2591.3333333333335,83974.33333333333
0.212,3500.0,138478.0
0.212,3500.0,258438.0
0.212,3500.0,215607.0
0.212,1792.0,83937.5
0.212,2081.4285714285716,90986.14285714286
0.212,2630.0,88557.5
0.212,3500.0,98549.0
0.212,497.0,21015.0
0.212,2212.75,72374.5
0.212,3500.0,127284.0
0.212,1815.0,53782.333333333336
0.212,2088.0,115264.0
0.212,1908.0,128547.5
0.212,1064.0,15446.5
0.212,79.0,456.0
0.212,3147.8,135529.2
0.212,3500.0,188774.0
0.212,2272.0,94396.25
0.212,3500.0,152163.0
0.212,1788.75,68372.75
0.212,2818.3333333333335,111772.33333333333
0.212,1836.5,48416.0
0.212,2679.0,115256.0
0.212,108.0,162.0
0.212,2112.25,67867.0
0.212,3500.0,129888.0
0.212,2146.8,136550.8
0.212,2835.2,111033.8
0.212,3500.0,120170.66666666667
0.212,587.0,11067.75
0.212,364.5,4875.5
0.212,1648.6666666666667,49580.0
0.212,1800.5,62700.0
0.212,1836.0,126783.5
0.212,3500.0,129577.0
0.212,1858.0,59294.0
0.212,3500.0,88464.0
0.212,2759.5,85016.75
0.212,104.0,112.0
0.212,3500.0,146510.0
0.212,1919.1666666666667,87344.33333333333
0.212,1704.3333333333333,37419.333333333336
0.212,3500.0,153387.5
0.212,3500.0,170071.5
0.212,1555.0,54931.666666666664
0.212,2682.6666666666665,70577.66666666667
0.212,233.0,408.0
0.212,2054.0,48935.5
0.212,62.0,94.0
0.212,376.0,3795.0
0.212,2361.3333333333335,64778.333333333336
0.212,2389.6666666666665,124923.33333333333
0.212,3500.0,174903.0
0.212,3500.0,173560.33333333334
0.212,3500.0,123909.33333333333
0.212,1848.3333333333333,88732.66666666667
0.213,2676.0,78841.25
0.213,3500.0,166370.0
0.213,133.0,1245.0
0.213,2550.5,135646.0
0.213,726.0,11224.0
0.213,3500.0,142269.5
0.213,3500.0,103998.66666666667
0.213,3500.0,193911.5
0.213,198.0,2856.5
0.213,2575.6666666666665,91779.0
0.213,3500.0,120795.0
0.213,2643.5,122231.5
0.213,1342.6666666666667,35320.0
0.213,3500.0,194978.5
0.213,3500.0,151197.0
0.213,1697.3333333333333,72796.33333333333
0.213,3500.0,111319.0
0.213,3500.0,151462.5
0.213,3500.0,94704.0
0.213,3500.0,183303.0
0.213,3500.0,134811.2
0.213,3500.0,54147.0
0.213,3500.0,78733.0
0.213,3500.0,162611.5
0.213,1800.0,56656.5
0.213,173.0,253.0
0.213,2493.3333333333335,112531.66666666667
0.213,3500.0,145328.0
0.213,3500.0,86798.5
0.213,79.0,213.5
0.213,2365.6666666666665,135162.33333333334
0.213,3500.0,227825.0
0.213,1365.75,73052.25
0.213,3500.0,126157.0
0.213,159.0,196.0
0.213,2652.25,147576.5
0.213,3500.0,252794.0
0.213,64.0,87.0
0.213,2664.0,95937.25
0.213,1894.6666666666667,62302.833333333336
0.213,1781.5,75001.0
0.213,3500.0,239325.0
0.213,2567.0,85081.5
0.213,1797.0,51731.5
0.213,3500.0,130829.0
0.213,530.5,6379.5
0.213,2388.6666666666665,95337.0
0.213,1821.0,55217.5
0.213,3500.0,139117.5
0.213,3500.0,127275.0
0.213,470.25,9980.0
0.213,427.0,3645.0
0.213,62.0,115.0
0.213,2160.0,65052.75
0.213,2687.25,91286.5
0.213,3500.0,121182.0
0.213,2772.75,115999.25
0.213,2566.5,130365.83333333333
0.213,1799.5,49849.0
0.213,3500.0,101536.0
0.213,3500.0,104264.0
0.213,3500.0,205085.66666666666
0.213,1904.5,101882.5
0.213,1884.0,107749.5
0.213,2383.6666666666665,135924.33333333334
0.213,3500.0,164697.0
0.213,3500.0,127973.5
0.213,2631.0,100107.25
0.213,3500.0,55289.0
0.213,1458.6666666666667,64684.333333333336
0.213,3500.0,166749.0
0.213,2378.6666666666665,63573.0
0.213,1791.5,113032.0
0.213,1799.0,45956.0
0.213,391.5,5231.0
0.213,61.0,525.0
0.213,2278.25,63327.25
0.213,2022.0,74340.5
0.214,427.0,5357.0
0.214,2362.5,87907.0
0.214,2698.5,139285.75
0.214,3500.0,205312.0
0.214,2352.6666666666665,109273.66666666667
0.214,342.5,13127.0
0.214,857.0,27300.5
0.214,3500.0,112790.33333333333
0.214,2007.5,66548.0
0.214,3500.0,158615.0
0.214,3500.0,246142.0
0.214,3500.0,204798.0
0.214,222.0,3522.5
0.214,3500.0,136128.0
0.214,2113.0,82230.0
0.214,1107.0,23211.0
0.214,806.5,19213.0
0.214,1626.6666666666667,34568.0
0.214,3500.0,176392.0
0.214,67.0,86.0
0.214,3500.0,135583.0
0.214,1774.6666666666667,48071.333333333336
0.214,1189.6,36200.0
0.214,3500.0,71527.0
0.214,116.0,1261.0
0.214,3500.0,105297.0
0.214,3500.0,125369.0
0.214,1969.5,59846.5
0.214,111.0,204.33333333333334
0.214,3500.0,220651.0
0.214,87.0,198.0
0.214,2457.0,179447.33333333334
0.214,102.0,103.0
0.214,1819.5,115140.5
0.214,2632.5,64353.75
0.214,1240.6666666666667,91066.66666666667
0.214,3500.0,177006.0
0.214,2775.75,112927.75
0.214,1086.25,32122.25
0.214,2679.0,109950.75
0.214,1856.5,79035.5
0.214,3500.0,86330.0
0.214,2104.5,124141.5
0.214,3500.0,134833.0
0.214,1793.0,30621.0
0.214,2131.5,75067.5
0.214,3500.0,193273.5
0.214,3500.0,220197.0
0.214,3500.0,218074.0
0.214,1837.0,54643.0
0.214,21.0,22.0
0.214,3500.0,72359.0
0.214,935.0,27817.5
0.214,3500.0,177094.0
0.214,3500.0,167405.5
0.214,2676.3333333333335,121131.66666666667
0.214,177.0,411.0
0.214,3500.0,120231.0
0.214,2562.3333333333335,111184.66666666667
0.214,1787.0,101833.0
0.214,374.0,10233.0
0.214,2405.0,137970.33333333334
0.214,1238.0,62671.0
0.214,3500.0,152547.0
0.214,642.0,21413.0
0.214,3013.6,99288.8
0.214,3500.0,181764.0
0.214,1816.25,97973.5
0.214,1922.0,62554.5
0.214,2645.0,66438.25
0.214,1789.0,59166.0
0.214,3500.0,254022.0
0.214,62.0,279.0
0.214,3500.0,174231.0
0.214,3500.0,232928.0
0.214,2406.5,75856.75
0.214,3500.0,236621.0
0.214,2355.6666666666665,85056.33333333333
0.214,3500.0,157684.5
0.215,817.3333333333334,20361.333333333332
0.215,1319.3333333333333,66661.0
0.215,1018.0,31437.0
0.215,2363.3333333333335,88953.66666666667
0.215,2648.5,109691.0
0.215,1151.5,49461.5
0.215,1874.5,105707.0
0.215,3500.0,193650.0
0.215,2380.0,73574.33333333333
0.215,3500.0,75270.0
0.215,2353.6666666666665,82426.0
0.215,1791.0,41400.0
0.215,1462.0,19768.0
0.215,79.0,96.0
0.215,294.0,3714.0
0.215,1791.0,68629.5
0.215,1811.25,68137.75
0.215,1839.5,99836.0
0.215,3500.0,123060.5
0.215,3500.0,87993.5
0.215,2364.0,122646.0
0.215,1562.6666666666667,62094.333333333336
0.215,2893.75,133479.0
0.215,69.0,71.0
0.215,3500.0,231110.0
0.215,131.5,257.0
0.215,3500.0,140435.0
0.215,2820.1666666666665,115997.5
0.215,3500.0,78970.0
0.215,2002.5,78916.0
0.215,3500.0,94768.0
0.215,3500.0,111018.0
0.215,2638.3333333333335,109921.0
0.215,1818.5,106885.0
0.215,1288.0,49252.0
0.215,594.0,9027.0
0.215,86.0,120.0
0.215,2876.25,94323.5
0.215,3500.0,240047.0
0.215,2431.3333333333335,115702.33333333333
0.215,1858.0,31981.0
0.215,1790.25,85292.0
0.215,1947.4,78226.4
0.215,2243.6,97965.6
0.215,1772.5,33077.0
0.215,1822.0,85315.0
0.215,1968.6,76222.6
0.215,1805.5,66177.5
0.215,1484.0,66301.8
0.215,1014.0,32387.0
0.215,3500.0,142407.5
0.215,3500.0,152985.33333333334
0.215,3500.0,141460.0
0.215,1362.0,119759.0
0.215,1795.0,55660.0
0.215,3500.0,229040.0
0.215,2516.3333333333335,109049.83333333333
0.215,3500.0,132166.0
0.215,2465.3333333333335,111269.66666666667
0.215,1884.8,106618.0
0.215,3500.0,184831.0
0.215,2484.0,69475.0
0.215,1833.75,94390.25
0.215,1858.0,129125.0
0.215,286.6666666666667,4943.333333333333
0.215,2495.5,90011.5
0.215,1579.6666666666667,34621.0
0.215,1565.75,46991.75
0.215,382.5,3774.0
0.215,193.66666666666666,2041.0
0.215,3500.0,110075.33333333333
0.215,3500.0,265486.0
0.215,2089.0,71574.0
0.215,1219.3333333333333,23410.666666666668
0.215,3500.0,148161.8
0.215,3500.0,182536.0
0.215,2932.5,109973.66666666667
0.215,1776.0,88111.5
0.215,466.0,16875.0
0.215,3500.0,184329.0
0.215,3500.0,135547.0
0.215,1781.0,84210.0
0.215,3500.0,214854.0
0.216,1786.0,85671.5
0.216,2372.3333333333335,82266.0
0.216,1817.0,23338.0
0.216,3500.0,187864.33333333334
0.216,1791.5,38189.5
0.216,2619.8571428571427,130193.42857142857
0.216,1539.8,57313.8
0.216,370.0,9411.0
0.216,1877.0,55255.0
0.216,1040.0,20173.0
0.216,2046.5,87337.5
0.216,2063.5,72490.0
0.216,1734.0,60822.0
0.216,2585.3333333333335,116744.0
0.216,3500.0,135245.0
0.216,3500.0,52545.0
0.216,1778.5,103730.5
0.216,2104.0,70043.25
0.216,1590.0,29447.0
0.216,3052.4,99933.0
0.216,1858.0,56216.0
0.216,102.0,111.0
0.216,2930.1666666666665,104751.0
0.216,1963.0,75094.0
0.216,3500.0,146210.0
0.216,1743.0,56050.666666666664
0.216,1790.25,85243.25
0.216,3500.0,115325.5
0.216,1782.0,89921.0
0.216,2260.5,66807.0
0.216,3500.0,189969.0
0.216,1850.5,37513.5
0.216,3500.0,143545.0
0.216,1203.3333333333333,60364.333333333336
0.216,3500.0,184593.5
0.216,251.5,6342.5
0.216,1544.4,96801.4
0.216,3500.0,235415.0
0.216,3500.0,159355.25
0.216,2647.0,94948.75
0.216,109.0,154.0
0.216,1289.0,47224.0
0.216,1792.0,36852.0
0.216,3500.0,214318.0
0.216,2563.5,109890.0
0.216,3500.0,248176.0
0.216,3500.0,172661.0
0.216,2405.3333333333335,90771.0
0.216,2094.0,48413.5
0.216,2844.4,113045.8
0.216,3500.0,171738.0
0.216,2148.25,95096.75
0.216,2153.6,57564.2
0.216,3500.0,128017.5
0.216,3500.0,116668.0
0.216,3500.0,160945.0
0.216,3500.0,139672.0
0.216,2874.6666666666665,96528.66666666667
0.216,3500.0,163893.5
0.216,95.0,109.0
0.216,102.0,108.0
0.216,135.66666666666666,542.6666666666666
0.216,3500.0,188491.5
0.216,1321.0,83788.0
0.216,2874.75,105579.0
0.216,1292.0,8327.0
0.216,3500.0,99247.0
0.216,3500.0,173698.0
0.216,1796.5,57080.5
0.216,3500.0,81831.0
0.216,2195.0,96202.5
0.216,1251.6,45367.0
0.216,3010.1428571428573,110078.85714285714
0.216,1868.5,79242.0
0.216,1804.0,76354.0
0.216,3500.0,166884.0
0.216,1860.5,105012.5
0.216,1889.5,75036.5
0.216,1219.3333333333333,46582.666666666664
0.216,1471.2,73322.4
0.216,1898.0,68182.5
0.216,2704.5,142564.0
0.216,3500.0,80499.5
0.216,2355.0,123022.33333333333
0.216,3500.0,146544.0
0.216,1737.0,111704.0
0.216,435.0,10663.5
0.217,1861.0,34474.5
0.217,1035.0,25550.0
0.217,1883.0,63564.5
0.217,3500.0,80715.0
0.217,3500.0,73551.0
0.217,2665.0,81166.5
0.217,3500.0,118360.33333333333
0.217,3500.0,175219.5
0.217,3500.0,120636.0
0.217,157.5,338.0
0.217,2360.3333333333335,121779.0
0.217,2579.5,75409.5
0.217,1797.5,93960.0
0.217,81.0,99.0
0.217,1318.3333333333333,30010.666666666668
0.217,1801.0,74766.75
0.217,1815.0,75440.5
0.217,2840.0,137727.4
0.217,1781.5,95289.5
0.217,1255.25,50885.25
0.217,1807.5,68455.5
0.217,1163.5,68172.0
0.217,1454.0,59173.25
0.217,734.0,8073.0
0.217,2187.75,94355.5
0.217,86.0,131.0
0.217,434.0,3453.0
0.217,2367.0,93564.33333333333
0.217,1385.0,58590.0
0.217,2046.0,76568.0
0.217,3500.0,164469.5
0.217,3500.0,105352.0
0.217,2363.0,130456.66666666667
0.217,2677.25,93118.5
0.217,108.0,249.0
0.217,2549.2,126618.4
0.217,3500.0,151554.5
0.217,155.0,271.5
0.217,1554.6666666666667,26748.666666666668
0.217,329.0,1802.0
0.217,2359.6666666666665,55721.333333333336
0.217,3500.0,165024.0
0.217,3500.0,172003.0
0.217,2362.0,83070.0
0.217,148.0,235.0
0.217,1567.6666666666667,68278.33333333333
0.217,1754.6666666666667,101504.66666666667
0.217,1791.0,56430.5
0.217,2205.25,97198.0
0.217,2377.6666666666665,102298.33333333333
0.217,3500.0,209947.0
0.217,2360.0,111017.66666666667
0.217,2254.5,58648.0
0.217,3500.0,159934.0
0.217,3500.0,82226.0
0.217,815.0,14695.5
0.217,815.0,18926.5
0.217,3500.0,135629.0
0.217,2486.6666666666665,91444.0
0.217,562.3333333333334,6093.333333333333
0.217,509.0,12205.0
0.217,3500.0,130433.0
0.217,3500.0,113998.33333333333
0.217,2956.25,114332.75
0.217,3500.0,156574.0
0.217,2133.8,65394.2
0.217,3500.0,92582.0
0.217,1960.3333333333333,125352.0
0.217,543.0,9057.0
0.217,3500.0,165342.0
0.217,3500.0,129243.0
0.217,2830.2,106396.0
0.217,3500.0,143556.5
0.217,66.5,626.0
0.217,3500.0,72552.0
0.217,81.0,135.0
0.217,2603.3333333333335,97939.33333333333
0.217,3500.0,166436.0
0.217,3500.0,144260.5
0.217,3500.0,73447.0
0.217,2431.0,94427.33333333333
0.217,1968.0,65734.0
0.218,966.2,41926.2
0.218,1789.0,32615.0
0.218,345.0,8729.333333333334
0.218,3500.0,80899.0
0.218,3500.0,199953.0
0.218,3500.0,141260.0
0.218,427.0,3321.0
0.218,3500.0,194712.66666666666
0.218,2407.0,116825.66666666667
0.218,3500.0,190362.5
0.218,3500.0,72078.0
0.218,791.25,29454.5
0.218,366.0,18901.0
0.218,3500.0,170372.25
0.218,1953.0,106361.0
0.218,3500.0,116252.0
0.218,94.0,145.0
0.218,3500.0,255843.0
0.218,200.0,380.0
0.218,1300.3333333333333,95060.66666666667
0.218,3500.0,220263.0
0.218,1791.0,55949.0
0.218,1782.0,99583.75
0.218,3500.0,195806.0
0.218,249.0,4538.5
0.218,2650.75,136607.0
0.218,1794.0,78441.5
0.218,180.0,11104.0
0.218,1880.5,85273.0
0.218,3500.0,109164.0
0.218,3500.0,123710.0
0.218,272.0,2272.0
0.218,1455.6666666666667,70141.33333333333
0.218,3500.0,115073.5
0.218,2447.3333333333335,113649.33333333333
0.218,3500.0,181649.0
0.218,1086.75,56461.25
0.218,1794.5,59309.0
0.218,2364.0,150465.0
0.218,89.0,196.0
0.218,2398.0,116253.66666666667
0.218,3500.0,207022.0
0.218,3500.0,152908.5
0.218,2222.5,100436.83333333333
0.218,3500.0,133162.0
0.218,2395.4,127939.6
0.218,2851.3333333333335,102304.66666666667
0.218,2136.2,81232.2
0.218,2644.5,121173.25
0.218,1260.0,65846.0
0.218,2351.0,72258.33333333333
0.218,1793.0,81520.5
0.218,919.5,19142.0
0.218,2008.5,58416.0
0.218,3500.0,186546.0
0.218,2022.5,67807.0
0.218,1842.5,71425.0
0.218,3500.0,238286.0
0.218,100.0,159.0
0.218,3500.0,51228.0
0.218,1751.3333333333333,53663.666666666664
0.218,2256.0,103320.0
0.218,3500.0,176847.33333333334
0.218,3500.0,74360.0
0.218,3500.0,171242.0
0.218,141.5,401.0
0.218,3500.0,211647.0
0.218,3500.0,98693.0
0.218,1938.5,96196.0
0.218,939.5,25949.0
0.218,1064.0,22506.0
0.218,2413.0,114318.0
0.218,1272.6666666666667,28307.0
0.218,3500.0,120423.0
0.218,3500.0,99547.0
0.218,1802.5,49175.0
0.218,1286.3333333333333,76969.0
0.218,1323.0,34986.0
0.218,3500.0,140008.5
0.218,2494.0,98577.85714285714
0.218,171.0,302.0
0.218,2365.3333333333335,105209.33333333333
0.218,1812.25,83480.25
0.218,2467.3333333333335,86017.33333333333
0.218,3500.0,157153.33333333334
0.218,1167.0,29190.0
0.218,1879.3333333333333,50233.833333333336
0.218,1787.0,101988.5
0.218,2378.6666666666665,115919.66666666667
0.219,3500.0,215646.0
0.219,1794.0,115052.5
0.219,3500.0,107296.0
0.219,2179.4,92371.8
0.219,3500.0,190541.5
0.219,3500.0,121288.0
0.219,3500.0,173726.0
0.219,3500.0,136961.0
0.219,627.0,8172.5
0.219,3500.0,167658.5
0.219,2498.0,115635.0
0.219,112.66666666666667,449.0
0.219,1489.0,26923.0
0.219,2394.0,115661.66666666667
0.219,1809.0,63701.0
0.219,3500.0,178029.33333333334
0.219,3500.0,158451.6
0.219,3500.0,255533.0
0.219,3500.0,79735.0
0.219,1439.0,28945.0
0.219,1850.0,107919.5
0.219,3500.0,187510.0
0.219,3500.0,167461.5
0.219,3500.0,112104.0
0.219,3500.0,139450.5
0.219,3500.0,63384.0
0.219,2466.6666666666665,133702.33333333334
0.219,3500.0,215890.0
0.219,2656.0,142618.25
0.219,2690.0,125519.33333333333
0.219,408.6666666666667,13532.666666666666
0.219,2031.75,104223.25
0.219,3500.0,69460.5
0.219,3500.0,150688.0
0.219,841.3333333333334,25483.666666666668
0.219,102.0,108.0
0.219,716.0,15611.666666666666
0.219,2429.0,100186.33333333333
0.219,2657.25,93453.75
0.219,2553.3333333333335,118658.0
0.219,111.0,114.0
0.219,1979.0,73643.5
0.219,3500.0,102155.0
0.219,3500.0,179314.0
0.219,2736.25,120731.25
0.219,3500.0,154710.0
0.219,2081.25,65877.0
0.219,1328.0,32214.0
0.219,3500.0,178616.0
0.219,2418.3333333333335,152006.66666666666
0.219,3500.0,151287.0
0.219,3500.0,92023.0
0.219,2685.3333333333335,134822.66666666666
0.219,3500.0,156576.0
0.219,3500.0,81964.0
0.219,1800.5,106305.0
0.219,111.0,113.0
0.219,3500.0,201765.0
0.219,407.0,1928.0
0.219,2031.5,76449.5
0.219,3500.0,83612.0
0.219,3500.0,134486.5
0.219,530.5,10306.0
0.219,3500.0,95290.0
0.219,1239.0,45322.333333333336
0.219,2363.6666666666665,116126.33333333333
0.219,143.0,480.0
0.219,2682.6666666666665,132169.0
0.219,1790.5,90051.75
0.219,1187.0,40747.5
0.219,1788.5,39160.0
0.219,1780.5,39582.0
0.219,160.0,486.0
0.219,2050.5,54197.0
0.219,708.0,14100.0
0.219,2771.75,74178.75
0.219,3500.0,187977.0
0.219,3500.0,67403.0
0.219,2095.5,79243.5
0.219,2144.0,59957.2
0.219,3500.0,209109.0
0.219,1571.3333333333333,60618.666666666664
0.219,3500.0,119013.5
0.219,2062.5,85581.0
0.219,2299.0,84642.5
0.219,944.5,53992.0
0.219,3500.0,156631.5
0.22,3500.0,215350.0
0.22,3500.0,96886.5
0.22,210.0,245.0
0.22,3500.0,177189.5
0.22,87.5,925.0
0.22,1919.25,62315.0
0.22,2565.3333333333335,104702.33333333333
0.22,3500.0,177719.0
0.22,1401.0,34059.0
0.22,48.0,55.0
0.22,2932.6666666666665,134372.33333333334
0.22,2504.0,128956.66666666667
0.22,2644.5,110127.75
0.22,1799.5,116448.5
0.22,2673.3333333333335,142109.33333333334
0.22,75.0,560.0
0.22,333.0,8735.0
0.22,2654.25,149694.75
0.22,1247.0,57241.333333333336
0.22,1858.0,82974.0
0.22,1858.0,79863.5
0.22,2387.6666666666665,101122.5
0.22,3500.0,146590.0
0.22,3500.0,153407.0
0.22,1648.0,64141.4
0.22,2937.75,139597.5
0.22,1822.0,124723.5
0.22,3500.0,152397.0
0.22,3500.0,183833.5
0.22,2590.3333333333335,106656.66666666667
0.22,3500.0,145123.0
0.22,3500.0,157641.5
0.22,1344.0,39567.333333333336
0.22,3500.0,195472.0
0.22,1183.0,17195.0
0.22,2359.0,73708.33333333333
0.22,3500.0,146449.66666666666
0.22,2370.0,135557.66666666666
0.22,1465.0,43750.0
0.22,1076.75,58145.75
0.22,3500.0,111277.5
0.22,2737.25,117060.0
0.22,1232.3333333333333,20367.666666666668
0.22,3500.0,170386.0
0.22,71.0,85.0
0.22,1390.0,58068.0
0.22,2366.3333333333335,96787.33333333333
0.22,2367.0,102291.0
0.22,3500.0,134707.16666666666
0.22,3500.0,135408.5
0.22,881.0,14954.0
0.22,3500.0,126304.0
0.22,1874.0,24658.0
0.22,1983.0,63124.0
0.22,420.0,25080.0
0.22,1805.5,43218.5
0.22,364.3333333333333,5114.0
0.22,3500.0,217896.66666666666
0.22,2547.6666666666665,78577.0
0.22,1351.6666666666667,34872.0
0.22,3500.0,167208.33333333334
0.22,141.0,179.0
0.22,1618.5,47117.666666666664
0.22,3500.0,183454.0
0.22,1801.5,76776.5
0.22,1825.0,79148.66666666667
0.22,1666.0,93780.66666666667
0.22,3500.0,102819.5
0.22,3500.0,213976.0
0.22,3500.0,166588.33333333334
0.22,945.5,22503.5
0.22,3500.0,176747.0
0.22,515.0,12513.0
0.22,2713.0,126859.5
0.22,2224.4,102189.8
0.22,1821.5,93671.0
0.22,714.0,12407.0
0.22,3500.0,164340.0
0.22,2113.5,85230.0
0.22,3500.0,153526.33333333334
0.22,3500.0,116261.5
0.22,3500.0,152066.0
0.22,2819.6,115571.0
0.221,3500.0,118937.0
0.221,1405.25,29394.25
0.221,3500.0,224013.0
0.221,439.0,12999.0
0.221,3500.0,81770.0
0.221,3500.0,105038.0
0.221,2405.3333333333335,114206.33333333333
0.221,2669.25,118724.25
0.221,3500.0,77866.0
0.221,433.0,7593.0
0.221,1615.6666666666667,70393.66666666667
0.221,1026.8,47140.0
0.221,1252.0,13833.0
0.221,1262.3333333333333,65967.0
0.221,3500.0,182336.5
0.221,2791.6666666666665,187351.0
0.221,2382.3333333333335,74722.66666666667
0.221,3500.0,177026.0
0.221,1582.6666666666667,96633.33333333333
0.221,1744.6666666666667,83917.0
0.221,3500.0,198532.33333333334
0.221,3500.0,147607.0
0.221,1794.5,111120.5
0.221,742.5,22211.5
0.221,3500.0,160531.0
0.221,2680.5,106373.0
0.221,3500.0,130647.0
0.221,2594.0,84280.5
0.221,3500.0,132345.0
0.221,3500.0,139146.0
0.221,2379.0,111144.66666666667
0.221,1367.5,49127.0
0.221,3500.0,190261.0
0.221,1654.0,76475.33333333333
0.221,198.0,2756.0
0.221,1742.2,89890.6
0.221,480.0,9271.0
0.221,2171.5,79768.5
0.221,2481.0,67387.66666666667
0.221,1692.0,65893.66666666667
0.221,2904.6666666666665,123962.0
0.221,2831.2,123761.6
0.221,1781.2,52387.4
0.221,3500.0,79780.0
0.221,3500.0,219245.0
0.221,3500.0,138951.0
0.221,2691.0,154542.5
0.221,3500.0,148521.83333333334
0.221,84.0,86.0
0.221,3500.0,189520.0
0.221,3500.0,123842.0
0.221,3500.0,257027.0
0.221,3500.0,161194.0
0.221,1834.5,49963.5
0.221,3500.0,156929.33333333334
0.221,1874.3333333333333,63674.333333333336
0.221,96.0,159.0
0.221,2376.6666666666665,117971.33333333333
0.221,1258.25,38852.75
0.221,1418.6666666666667,42850.666666666664
0.221,3500.0,102233.0
0.221,638.5,12721.5
0.221,2456.3333333333335,74266.33333333333
0.221,2525.6666666666665,96378.33333333333
0.221,3500.0,193890.0
0.221,2645.75,103357.5
0.221,1804.5,105699.0
0.221,2356.3333333333335,100007.33333333333
0.221,3500.0,198426.5
0.221,1843.0,91782.5
0.221,3500.0,207808.0
0.221,1785.0,114891.0
0.221,2649.5,124637.25
0.221,1843.5,98665.5
0.221,1556.25,54487.25
0.221,3500.0,125956.0
0.221,2010.0,105297.0
0.221,3500.0,150250.0
0.221,1932.0,81596.75
0.221,1085.0,25830.0
0.221,3500.0,142326.6
0.221,1821.5,83630.5
0.221,1799.5,39593.0
0.222,3500.0,82627.0
0.222,2106.5,80895.0
0.222,3500.0,173515.5
0.222,3500.0,174202.0
0.222,1806.0,73750.0
0.222,3500.0,85503.0
0.222,2885.0,117081.0
0.222,102.0,107.0
0.222,3500.0,113037.0
0.222,572.5,10669.5
0.222,99.0,103.0
0.222,3500.0,86699.0
0.222,153.0,221.0
0.222,3500.0,188599.5
0.222,3500.0,156417.75
0.222,1799.0,53546.0
0.222,2048.5,63648.0
0.222,2600.8,75902.0
0.222,2817.8,104306.4
0.222,3500.0,141367.5
0.222,2643.75,120174.25
0.222,1869.0,66429.0
0.222,2645.75,121747.25
0.222,2740.0,129442.66666666667
0.222,1818.8,92603.2
0.222,3500.0,169125.0
0.222,3500.0,150807.0
0.222,2641.3333333333335,78860.0
0.222,3500.0,107366.0
0.222,1797.0,73156.0
0.222,3500.0,180943.5
0.222,772.5,30598.5
0.222,3500.0,127829.33333333333
0.222,2450.3333333333335,90714.66666666667
0.222,3500.0,166293.0
0.222,1376.6666666666667,24239.666666666668
0.222,64.0,566.0
0.222,713.0,17070.0
0.222,3500.0,246433.0
0.222,1944.25,51439.75
0.222,3500.0,96469.0
0.222,1272.0,51349.0
0.222,1831.0,118776.0
0.222,289.0,2898.5
0.222,3500.0,162869.0
0.222,200.0,1447.5
0.222,2908.2,112997.0
0.222,90.0,98.0
0.222,3500.0,183086.0
0.222,3500.0,249426.0
0.222,3500.0,193024.0
0.222,3500.0,145181.0
0.222,3057.0,132350.0
0.222,1901.5,114391.0
0.222,1413.0,33810.0
0.222,143.0,221.0
0.222,3500.0,115029.5
0.222,2476.3333333333335,99571.0
0.222,3500.0,120732.0
0.222,2379.3333333333335,89708.33333333333
0.222,2677.3333333333335,138641.0
0.222,3500.0,145216.5
0.222,3500.0,140093.5
0.222,3500.0,218977.0
0.222,1324.6666666666667,42248.0
0.222,2368.6666666666665,113325.0
0.222,3500.0,133212.0
0.222,2059.0,54490.0
0.222,1785.5,103057.75
0.222,2997.75,113203.5
0.222,1924.5,54710.5
0.222,2459.2,78646.8
0.222,1789.5,52230.5
0.222,1673.0,98667.33333333333
0.222,3500.0,116591.0
0.222,175.5,470.5
0.222,1820.5,118126.0
0.222,15.0,135.0
0.222,3500.0,165174.25
0.222,3500.0,189145.0
0.222,375.0,2703.0
0.222,2374.0,48628.666666666664
0.222,2420.0,151065.66666666666
0.222,2656.25,117276.5
0.222,2355.0,101518.0
0.223,3500.0,159872.33333333334
0.223,69.0,574.0
0.223,1832.0,81260.5
0.223,1804.2,45041.4
0.223,2448.4,79046.2
0.223,1234.3333333333333,72694.0
0.223,2798.0,137378.0
0.223,3500.0,128842.0
0.223,3500.0,154872.5
0.223,3500.0,127474.0
0.223,341.0,4367.75
0.223,3500.0,266606.0
0.223,3500.0,149295.0
0.223,2055.0,40832.25
0.223,3500.0,107820.0
0.223,3500.0,131736.0
0.223,407.3333333333333,8331.333333333334
0.223,1798.0,118286.0
0.223,166.0,4507.0
0.223,2405.0,88095.66666666667
0.223,2650.0,92542.0
0.223,3500.0,113299.0
0.223,3500.0,118492.0
0.223,1794.5,64413.0
0.223,3500.0,186459.0
0.223,1823.0,81461.0
0.223,1950.0,23041.0
0.223,2728.5,102379.75
0.223,2062.0,76913.75
0.223,188.0,317.0
0.223,3500.0,142258.0
0.223,3500.0,101869.0
0.223,3500.0,53712.0
0.223,152.0,157.0
0.223,1772.5,58380.0
0.223,2952.3333333333335,135014.33333333334
0.223,127.0,1728.0
0.223,1419.8333333333333,56032.166666666664
0.223,191.0,437.0
0.223,2592.6666666666665,100026.33333333333
0.223,3500.0,87405.0
0.223,2367.6666666666665,163750.66666666666
0.223,2646.0,103591.0
0.223,3500.0,184999.5
0.223,2686.0,86449.5
0.223,2053.0,89461.5
0.223,1262.6666666666667,55763.333333333336
0.223,331.0,1579.0
0.223,3500.0,176967.0
0.223,3500.0,185770.66666666666
0.223,3500.0,110910.0
0.223,950.75,39937.0
0.223,2356.3333333333335,99234.0
0.223,3500.0,152467.25
0.223,2042.25,108074.0
0.223,1830.5,103336.5
0.223,3500.0,140548.0
0.223,2134.0,79011.5
0.223,2355.2,88607.8
0.223,2393.3333333333335,147208.0
0.223,3500.0,156763.0
0.223,2204.3333333333335,90527.5
0.223,3500.0,152810.0
0.223,1794.0,59748.0
0.223,230.5,3473.5
0.223,3500.0,148073.5
0.223,1590.6666666666667,60353.333333333336
0.223,3500.0,147845.0
0.223,2432.0,81000.5
0.223,3500.0,146428.0
0.223,3106.0,119473.6
0.223,3500.0,173200.0
0.223,2359.0,88561.6
0.223,3500.0,101371.0
0.223,2666.6666666666665,71841.33333333333
0.223,3500.0,187019.33333333334
0.223,1858.0,52919.5
0.223,3016.6,113248.4
0.223,2928.5,119871.0
0.223,3500.0,123386.0
0.223,1811.5,47798.0
0.223,3500.0,173449.0
0.224,1440.5,72018.25
0.224,3500.0,91246.5
0.224,3500.0,137593.75
0.224,3500.0,170271.33333333334
0.224,3500.0,156284.33333333334
0.224,216.0,404.0
0.224,1365.75,22311.75
0.224,2650.25,100305.25
0.224,3500.0,139543.0
0.224,3500.0,226643.0
0.224,3500.0,152749.33333333334
0.224,75.0,535.0
0.224,737.0,28663.0
0.224,2577.5,99172.0
0.224,3500.0,96443.0
0.224,3500.0,190506.0
0.224,1794.0,114195.5
0.224,2459.0,111770.66666666667
0.224,1867.0,61408.5
0.224,76.0,97.0
0.224,3095.1428571428573,117334.28571428571
0.224,143.0,642.5
0.224,2774.25,99613.25
0.224,276.0,6869.0
0.224,2611.8333333333335,93942.33333333333
0.224,3500.0,148212.0
0.224,2653.25,103659.0
0.224,2612.3333333333335,122471.0
0.224,3500.0,138467.5
0.224,3500.0,113298.0
0.224,3500.0,148867.0
0.224,3500.0,236828.0
0.224,3500.0,133027.5
0.224,3500.0,147515.0
0.224,3500.0,160750.0
0.224,1726.0,95231.33333333333
0.224,295.0,2498.0
0.224,1859.0,64063.75
0.224,1801.75,90572.25
0.224,397.0,4274.5
0.224,1257.0,38322.0
0.224,1829.75,46515.5
0.224,3500.0,105281.33333333333
0.224,3500.0,159838.0
0.224,1935.0,72577.5
0.224,3500.0,108007.0
0.224,2538.6666666666665,70672.66666666667
0.224,2817.8,106212.0
0.224,1217.0,84591.66666666667
0.224,2408.0,96816.0
0.224,2646.75,100318.25
0.224,1786.0,97410.0
0.224,3500.0,156734.0
0.224,3500.0,114243.0
0.224,1826.0,136516.0
0.224,1709.0,41480.166666666664
0.224,175.0,619.0
0.224,3500.0,115006.5
0.224,164.0,1229.0
0.224,3500.0,80969.0
0.224,3500.0,117988.66666666667
0.224,3500.0,121933.0
0.224,2505.0,95069.33333333333
0.224,3500.0,116294.5
0.224,1045.5,26534.5
0.224,1788.0,38047.0
0.224,157.0,188.0
0.224,1789.25,98048.0
0.224,1238.0,35719.0
0.224,1787.75,37438.25
0.224,3500.0,147586.0
0.224,2255.5,66331.0
0.224,1350.0,47074.666666666664
0.224,3500.0,76329.5
0.224,2210.5,134777.5
0.224,121.0,151.0
0.224,2142.0,77412.0
0.224,3500.0,142223.5
0.224,3500.0,177112.0
0.224,3500.0,188546.0
0.224,2408.5,101757.83333333333
0.224,3500.0,154894.0
0.225,3500.0,135531.0
0.225,3500.0,98371.0
0.225,3500.0,123185.0
0.225,3500.0,141176.66666666666
0.225,1905.6666666666667,48039.0
0.225,3500.0,64213.0
0.225,1943.2,77086.4
0.225,104.0,107.0
0.225,730.6666666666666,23683.0
0.225,824.5,40097.333333333336
0.225,101.0,110.0
0.225,2819.3333333333335,179205.0
0.225,2692.75,81937.25
0.225,67.0,145.0
0.225,383.0,8391.0
0.225,1854.8,59918.2
0.225,3500.0,97025.0
0.225,3500.0,173415.33333333334
0.225,1772.0,59887.0
0.225,2655.75,93537.75
0.225,2124.5,88579.5
0.225,2196.8,87063.6
0.225,1796.5,44398.0
0.225,2776.0,102560.5
0.225,3500.0,76715.5
0.225,3500.0,93862.5
0.225,1796.25,81793.75
0.225,1848.5,65701.5
0.225,3500.0,131111.0
0.225,3500.0,147627.5
0.225,3500.0,174398.0
0.225,3500.0,79435.0
0.225,2010.5,60115.0
0.225,3500.0,54514.0
0.225,2648.0,156600.25
0.225,2783.0,149647.75
0.225,2423.6666666666665,120927.33333333333
0.225,211.66666666666666,1492.3333333333333
0.225,3500.0,51153.0
0.225,1257.6666666666667,67772.33333333333
0.225,3500.0,187383.0
0.225,3500.0,79060.0
0.225,216.0,277.0
0.225,3500.0,251460.0
0.225,1270.0,61814.333333333336
0.225,2311.0,98596.5
0.225,2136.6,106308.2
0.225,1819.0,65573.5
0.225,1944.0,50841.0
0.225,2369.0,101540.66666666667
0.225,3500.0,214595.0
0.225,1010.0,26467.0
0.225,238.0,1746.0
0.225,3500.0,119613.0
0.225,1843.0,39150.0
0.225,726.8333333333334,25359.666666666668
0.225,2930.3333333333335,101633.66666666667
0.225,1280.0,21938.0
0.225,1355.6666666666667,66329.0
0.225,3500.0,151761.0
0.225,2815.5714285714284,104604.42857142857
0.225,2181.6,67665.6
0.225,2363.6666666666665,60681.333333333336
0.225,3500.0,121888.66666666667
0.225,3500.0,226250.0
0.225,214.0,1684.0
0.225,2909.25,104600.0
0.225,3500.0,89151.0
0.225,2216.0,70728.75
0.225,1843.0,69497.25
0.225,120.0,210.0
0.225,627.5,5258.0
0.225,3500.0,177847.5
0.225,3500.0,182626.0
0.225,3500.0,108022.0
0.225,2679.0,163901.25
0.225,76.0,170.0
0.225,108.0,152.0
0.225,68.0,77.0
0.225,1831.0,52626.5
0.225,1658.6666666666667,39277.666666666664
0.225,2497.0,125039.0
0.225,3500.0,123470.0
0.225,2171.2,101430.6
0.225,2741.8333333333335,111227.83333333333
0.225,1825.0,113824.0
0.226,3500.0,172804.5
0.226,1794.5,88453.5
0.226,2503.0,65560.0
0.226,3161.4,127951.8
0.226,456.0,10783.333333333334
0.226,1447.6666666666667,67053.66666666667
0.226,1680.0,54737.0
0.226,113.0,1085.6666666666667
0.226,3500.0,134932.0
0.226,1996.0,65043.0
0.226,3500.0,155143.0
0.226,2791.75,115030.5
0.226,739.0,14003.0
0.226,3500.0,239646.0
0.226,3500.0,82963.0
0.226,688.0,8134.0
0.226,3500.0,182990.25
0.226,130.0,327.0
0.226,3500.0,153202.0
0.226,3500.0,166332.0
0.226,3500.0,160439.5
0.226,3500.0,165068.0
0.226,159.0,306.0
0.226,86.0,105.0
0.226,3500.0,129193.0
0.226,139.0,174.0
0.226,3500.0,175037.5
0.226,2143.4,52805.0
0.226,1788.0,67871.0
0.226,2364.3333333333335,94625.66666666667
0.226,2387.6666666666665,76963.5
0.226,3032.0,136563.0
0.226,1786.0,72297.5
0.226,2360.6666666666665,108957.66666666667
0.226,1900.0,114845.0
0.226,1189.0,21480.0
0.226,1907.5,44628.5
0.226,3500.0,169750.0
0.226,2394.0,53066.0
0.226,3500.0,86548.0
0.226,184.0,2855.5
0.226,2364.6666666666665,82635.0
0.226,2487.6666666666665,106353.0
0.226,2533.25,85526.25
0.226,2277.8,78781.6
0.226,3010.6666666666665,82736.33333333333
0.226,3500.0,38477.0
0.226,1993.0,28315.0
0.226,1401.0,26695.0
0.226,3500.0,160833.5
0.226,3500.0,132493.0
0.226,2673.6666666666665,121786.66666666667
0.226,3500.0,175376.5
0.226,1800.0,69981.5
0.226,3500.0,95057.0
0.226,1831.5,95723.5
0.226,2412.0,78860.66666666667
0.226,2795.0,145221.33333333334
0.226,3500.0,118926.33333333333
0.226,1818.25,48406.25
0.226,3500.0,162973.0
0.226,380.0,9027.5
0.226,3500.0,246847.0
0.226,2121.5,31735.0
0.226,1722.6666666666667,91609.66666666667
0.226,2119.6666666666665,57496.333333333336
0.226,1385.0,85964.0
0.226,3500.0,72397.0
0.226,1261.0,61235.666666666664
0.226,121.5,170.0
0.226,2025.6666666666667,88926.66666666667
0.226,3500.0,96304.5
0.226,590.0,23527.0
0.226,3500.0,71134.0
0.226,2379.6666666666665,118498.66666666667
0.226,1663.3333333333333,91784.0
0.226,2123.5,98460.0
0.226,1850.5,115774.0
0.226,1898.5,62596.0
0.226,1370.6666666666667,33498.0
0.226,2660.6666666666665,149188.33333333334
0.227,1915.0,44065.5
0.227,1779.5,125118.0
0.227,160.66666666666666,1432.3333333333333
0.227,50.0,54.0
0.227,100.0,173.0
0.227,1793.0,110420.0
0.227,2657.5,91660.25
0.227,2748.0,117852.5
0.227,2371.6666666666665,89981.66666666667
0.227,2043.0,103201.5
0.227,3500.0,128044.0
0.227,65.0,66.0
0.227,3500.0,148202.0
0.227,3500.0,224521.0
0.227,2428.5,73609.0
0.227,3500.0,247565.0
0.227,2364.3333333333335,69340.0
0.227,503.0,20187.333333333332
0.227,1819.5,66237.0
0.227,1847.0,80486.0
0.227,2338.0,85116.66666666667
0.227,3500.0,140447.0
0.227,2385.3333333333335,94237.0
0.227,1804.5,87141.0
0.227,1432.6666666666667,38154.0
0.227,2363.3333333333335,88933.0
0.227,2681.0,149606.25
0.227,1847.5,118337.5
0.227,3500.0,129242.0
0.227,2956.5,162099.5
0.227,104.0,181.0
0.227,32.0,45.0
0.227,3500.0,156423.0
0.227,3500.0,162407.0
0.227,1845.0,55284.0
0.227,1367.75,33471.25
0.227,2457.5,109793.5
0.227,2092.6,110554.2
0.227,2365.0,57103.666666666664
0.227,2195.5,62423.75
0.227,2370.2,98678.4
0.227,2367.2,65052.0
0.227,3500.0,130587.0
0.227,3500.0,208831.5
0.227,2633.25,116150.5
0.227,2775.0,143855.0
0.227,3500.0,205074.0
0.227,3500.0,160577.0
0.227,3500.0,151724.0
0.227,1858.0,93724.0
0.227,1523.0,24340.0
0.227,1226.6666666666667,65902.66666666667
0.227,1848.0,35721.5
0.227,1057.0,37121.5
0.227,3500.0,140981.0
0.227,3500.0,128177.33333333333
0.227,1781.5,104509.0
0.227,1817.0,61075.666666666664
0.227,2720.25,123646.0
0.227,3500.0,179706.0
0.227,1142.0,22810.0
0.227,2381.6666666666665,95797.0
0.227,3500.0,95386.0
0.227,3500.0,41498.0
0.227,3500.0,123105.33333333333
0.227,1765.0,115758.0
0.227,2732.0,140135.66666666666
0.227,3500.0,174106.0
0.227,118.5,137.0
0.227,1789.25,46646.0
0.227,3500.0,140278.0
0.227,94.0,100.0
0.227,1796.5,42050.5
0.227,2310.25,81751.0
0.227,2363.0,60085.5
0.227,3500.0,180156.0
0.227,1712.0,93006.0
0.227,1946.0,101862.0
0.227,3500.0,116006.0
0.227,1522.6,81806.4
0.227,225.0,9414.0
0.228,1476.0,39234.0
0.228,2360.6666666666665,117087.0
0.228,3500.0,222588.0
0.228,3500.0,126022.0
0.228,91.0,98.0
0.228,1858.0,71900.0
0.228,1880.5,75975.25
0.228,1171.8,38068.8
0.228,236.0,346.0
0.228,2812.2,96087.0
0.228,3013.3333333333335,119718.33333333333
0.228,184.0,3217.0
0.228,91.0,152.0
0.228,2369.0,80930.4
0.228,3500.0,196537.0
0.228,2131.0,105598.2
0.228,2345.6666666666665,94725.0
0.228,1458.0,22356.5
0.228,1263.3333333333333,43374.666666666664
0.228,3500.0,125381.0
0.228,524.0,12744.0
0.228,3019.0,103733.33333333333
0.228,2137.2,105928.6
0.228,2629.6,64915.2
0.228,1790.75,58088.75
0.228,42.0,47.0
0.228,2266.5,116043.0
0.228,3500.0,240120.0
0.228,3500.0,209131.0
0.228,1807.0,89602.0
0.228,2022.5,57559.0
0.228,1931.0,72877.5
0.228,2212.8,93610.4
0.228,2758.5,109361.75
0.228,2035.75,69273.25
0.228,3500.0,92901.0
0.228,2368.3333333333335,93533.33333333333
0.228,1228.0,87149.0
0.228,104.0,114.0
0.228,1795.0,96995.5
0.228,1814.75,77379.25
0.228,2532.3333333333335,138033.33333333334
0.228,2537.6,111786.4
0.228,1225.0,58481.333333333336
0.228,3500.0,105505.0
0.228,1933.0,90465.0
0.228,3500.0,199928.5
0.228,3090.0,128941.5
0.228,3500.0,156829.0
0.228,3500.0,137812.0
0.228,2808.5,103727.75
0.228,1424.0,74445.0
0.228,2398.0,114543.66666666667
0.228,1134.0,69709.0
0.228,3500.0,55774.0
0.228,3500.0,95313.5
0.228,3500.0,142479.0
0.228,1522.8,39913.2
0.228,3500.0,151819.0
0.228,1400.5,50456.0
0.228,1234.1666666666667,46974.5
0.228,3500.0,162274.5
0.228,3500.0,88102.0
0.228,3500.0,193036.0
0.228,3500.0,123576.66666666667
0.228,3500.0,124539.0
0.228,2522.0,125707.0
0.228,3500.0,83812.0
0.228,2451.0,115835.85714285714
0.228,1777.5,40191.5
0.228,1879.75,58042.5
0.228,88.0,151.0
0.228,2367.0,107810.0
0.228,1283.6666666666667,52161.333333333336
0.228,3500.0,190667.0
0.228,1175.5,25523.25
0.228,1530.3333333333333,67146.66666666667
0.228,3500.0,138842.5
0.228,1786.0,88482.0
0.228,3500.0,87878.0
0.228,3500.0,166116.0
0.228,2678.5,135107.5
0.228,327.0,4984.0
0.229,2429.6666666666665,61442.0
0.229,2530.0,83164.66666666667
0.229,3500.0,69510.0
0.229,3500.0,129140.0
0.229,849.25,22337.5
0.229,108.0,109.0
0.229,2134.285714285714,78984.14285714286
0.229,2367.0,95556.66666666667
0.229,3500.0,245545.0
0.229,2048.0,61579.0
0.229,3500.0,163913.0
0.229,1759.6,63468.0
0.229,2434.5,77448.0
0.229,3500.0,79361.5
0.229,2367.6666666666665,143191.0
0.229,1679.8,74378.4
0.229,2940.5,130507.16666666667
0.229,3500.0,105641.0
0.229,3500.0,250287.0
0.229,1221.3333333333333,43761.0
0.229,3500.0,67997.0
0.229,91.0,98.0
0.229,1493.5,72288.5
0.229,1799.0,18975.5
0.229,2505.0,95338.33333333333
0.229,2406.0,100943.0
0.229,1386.25,34611.25
0.229,1612.2,61125.2
0.229,1519.4,80588.8
0.229,3500.0,126304.0
0.229,3500.0,83458.0
0.229,3500.0,86051.0
0.229,2610.5,115843.0
0.229,149.5,901.5
0.229,2930.1666666666665,91571.33333333333
0.229,2553.25,74560.5
0.229,2750.75,96113.25
0.229,216.0,321.0
0.229,1861.0,90318.4
0.229,3500.0,99659.0
0.229,3500.0,95914.0
0.229,3500.0,79923.0
0.229,3500.0,86913.0
0.229,1850.75,103480.25
0.229,1918.5,89571.0
0.229,1831.0,70427.0
0.229,3500.0,147120.0
0.229,1799.5,25291.0
0.229,1311.3333333333333,50805.0
0.229,1936.0,48886.0
0.229,1809.0,75531.0
0.229,3500.0,80486.0
0.229,3500.0,81532.0
0.229,1791.3333333333333,108841.66666666667
0.229,2033.5,47673.0
0.229,3500.0,222035.66666666666
0.229,2646.25,72802.0
0.229,3500.0,197387.0
0.229,3500.0,148973.0
0.229,610.0,11039.0
0.229,1629.0,97494.0
0.229,1800.5,87069.0
0.229,2768.0,97455.75
0.229,3500.0,129803.0
0.229,2465.5,75811.5
0.229,1870.0,38247.0
0.229,3500.0,106450.0
0.229,1801.5,106097.0
0.229,1846.0,145437.0
0.229,1785.75,51460.25
0.229,3500.0,141380.0
0.229,3500.0,170468.0
0.229,2760.3333333333335,91257.66666666667
0.229,3500.0,165979.5
0.229,3500.0,161516.0
0.229,2085.5,97531.0
0.229,3500.0,182283.0
0.229,1972.5,62105.5
0.229,3500.0,186349.5
0.229,1793.5,64363.5
0.229,1404.0,66114.0
0.229,291.3333333333333,3326.3333333333335
0.229,464.0,20113.0
0.229,1891.25,36567.75
0.229,216.33333333333334,1515.0
0.229,2649.75,101278.75
0.229,3500.0,156246.0
0.229,1801.5,77002.25
0.229,142.0,315.0
0.23,2544.3333333333335,94433.33333333333
0.23,1860.0,103740.5
0.23,253.5,2398.0
0.23,2912.2,104117.2
0.23,3500.0,102665.0
0.23,2146.4,111532.0
0.23,3500.0,141098.0
0.23,3500.0,169416.0
0.23,144.0,873.0
0.23,3500.0,167537.0
0.23,2730.0,104372.0
0.23,2731.0,161605.66666666666
0.23,1847.0,37883.0
0.23,2361.0,96326.33333333333
0.23,3500.0,184896.0
0.23,3500.0,254626.0
0.23,3500.0,122843.0
0.23,384.0,9373.666666666666
0.23,3500.0,124428.0
0.23,3500.0,120341.5
0.23,3500.0,168557.0
0.23,3500.0,128484.0
0.23,2037.5,115137.5
0.23,104.5,117.0
0.23,3500.0,172180.0
0.23,1234.6666666666667,50386.0
0.23,1219.3333333333333,36632.333333333336
0.23,3500.0,152789.5
0.23,324.0,972.0
0.23,1252.6666666666667,25427.666666666668
0.23,2080.0,61019.0
0.23,3500.0,165904.5
0.23,1793.0,140058.0
0.23,88.0,151.0
0.23,1798.5,80031.5
0.23,90.66666666666667,601.6666666666666
0.23,62.0,703.0
0.23,2650.25,154085.5
0.23,1499.0,29382.0
0.23,3500.0,202492.0
0.23,1929.5,91279.0
0.23,3500.0,143063.0
0.23,2713.0,82293.0
0.23,615.0,15871.0
0.23,83.0,170.0
0.23,765.0,17757.5
0.23,2111.0,38464.0
0.23,115.0,116.0
0.23,3500.0,189351.0
0.23,584.0,9150.0
0.23,2255.5,39955.5
0.23,2369.0,90787.66666666667
0.23,1823.0,52076.5
0.23,59.0,615.0
0.23,1858.0,70363.5
0.23,1068.5,54329.5
0.23,3500.0,119505.0
0.23,2419.3333333333335,102034.33333333333
0.23,3500.0,144240.5
0.23,1165.0,35475.0
0.23,2870.25,109694.5
0.23,1498.0,147018.0
0.23,2861.0,78466.5
0.23,230.0,2107.0
0.23,904.0,33803.0
0.23,3500.0,157201.0
0.23,1911.6666666666667,56230.333333333336
0.23,2315.5,121679.5
0.23,3500.0,189579.0
0.23,3500.0,132367.5
0.23,3500.0,86007.0
0.23,3500.0,89939.0
0.23,1338.0,47076.666666666664
0.23,3500.0,137187.5
0.23,544.5,12014.0
0.23,2141.2,66832.2
0.23,1796.0,34770.5
0.23,2420.5,112521.0
0.23,3500.0,201627.33333333334
0.23,2687.0,110682.75
0.23,1186.0,37454.0
0.23,2926.3333333333335,179476.0
0.231,60.0,86.0
0.231,2446.6666666666665,76822.66666666667
0.231,2782.5,186874.5
0.231,1858.0,69694.5
0.231,3500.0,138398.33333333334
0.231,1794.0,57483.5
0.231,1793.5,53404.5
0.231,3500.0,216716.0
0.231,1406.0,26583.0
0.231,3500.0,155965.0
0.231,1568.0,56282.333333333336
0.231,800.0,29204.0
0.231,90.2,382.6
0.231,3500.0,139034.33333333334
0.231,2734.5,87262.75
0.231,1570.3333333333333,31710.333333333332
0.231,1272.0,67738.0
0.231,2968.0,100618.6
0.231,1258.3333333333333,62226.333333333336
0.231,3500.0,123062.0
0.231,234.0,1922.0
0.231,1012.0,27250.0
0.231,3500.0,145355.0
0.231,2653.25,139384.25
0.231,3500.0,147829.5
0.231,3500.0,89071.0
0.231,3500.0,83043.5
0.231,3500.0,172276.66666666666
0.231,81.0,92.0
0.231,3500.0,107583.0
0.231,3500.0,54043.5
0.231,3500.0,189161.0
0.231,3500.0,86732.0
0.231,2390.5,101108.0
0.231,3500.0,126500.0
0.231,1142.0,34524.0
0.231,143.0,284.5
0.231,1813.0,44461.5
0.231,1882.5,53158.5
0.231,3500.0,85349.0
0.231,1827.5,58683.5
0.231,2642.3333333333335,82829.66666666667
0.231,111.0,167.0
0.231,335.0,7749.0
0.231,135.0,194.0
0.231,3500.0,232382.0
0.231,91.0,181.0
0.231,2720.0,119669.5
0.231,1810.0,85156.0
0.231,134.0,1353.0
0.231,3500.0,69272.0
0.231,1149.0,41858.0
0.231,2325.75,111630.5
0.231,850.3333333333334,29837.333333333332
0.231,3500.0,118419.0
0.231,2906.8,131395.6
0.231,2630.6666666666665,94718.66666666667
0.231,2393.0,90223.0
0.231,2354.0,99777.33333333333
0.231,820.6666666666666,38642.0
0.231,2625.0,89792.8
0.231,1287.0,59382.0
0.231,3500.0,140775.5
0.231,3500.0,173019.0
0.231,3500.0,153023.0
0.231,1382.1,47259.3
0.231,1254.6666666666667,35785.0
0.231,3500.0,214604.0
0.231,1797.0,70290.25
0.231,3500.0,85721.0
0.231,2363.6666666666665,88066.16666666667
0.231,2355.0,124970.33333333333
0.231,2360.3333333333335,128182.0
0.231,1123.0,44047.25
0.231,156.5,1861.0
0.231,3500.0,140164.33333333334
0.231,1271.6666666666667,83755.33333333333
0.231,3113.0,104986.5
0.231,2868.25,101272.75
0.231,3500.0,62901.0
0.231,2362.3333333333335,90247.0
0.231,126.0,141.0
0.231,2057.0,78998.5
0.231,2163.4,91392.8
0.231,2687.3333333333335,144210.0
0.232,2443.5,57306.0
0.232,3500.0,237942.0
0.232,780.5,29781.0
0.232,2108.5,71616.5
0.232,216.0,453.0
0.232,1325.0,38007.0
0.232,2754.75,96165.5
0.232,3500.0,62777.0
0.232,3500.0,173897.0
0.232,1771.0,56251.0
0.232,2651.0,165998.25
0.232,3500.0,198988.0
0.232,1459.6,71189.8
0.232,2671.75,151166.5
0.232,1818.6666666666667,39660.666666666664
0.232,2032.0,79564.75
0.232,60.0,487.0
0.232,3500.0,49876.0
0.232,1820.0,77439.0
0.232,636.0,21887.0
0.232,3500.0,231541.0
0.232,1791.0,101862.5
0.232,1981.75,81939.0
0.232,3500.0,68069.5
0.232,1767.6666666666667,57407.666666666664
0.232,3500.0,170228.5
0.232,3500.0,197505.0
0.232,3500.0,113107.25
0.232,2656.5,105978.75
0.232,3500.0,125518.0
0.232,85.0,97.0
0.232,1806.5,82799.5
0.232,491.0,21144.0
0.232,3500.0,183672.5
0.232,1375.3333333333333,54446.666666666664
0.232,2089.0,112808.0
0.232,1244.6666666666667,75326.33333333333
0.232,3500.0,88944.5
0.232,3500.0,229610.0
0.232,87.0,143.0
0.232,2356.2,89604.0
0.232,2650.25,142824.5
0.232,3500.0,154731.0
0.232,151.0,258.0
0.232,3500.0,126906.5
0.232,3500.0,104163.0
0.232,1786.5,33114.0
0.232,181.0,978.6666666666666
0.232,2819.4,102167.8
0.232,122.0,352.0
0.232,2378.6666666666665,84301.0
0.232,770.0,15347.5
0.232,2205.8,114615.4
0.232,291.0,6146.0
0.232,911.5,48077.0
0.232,1970.25,83303.5
0.232,3500.0,115441.33333333333
0.232,2719.25,78605.25
0.232,3500.0,180247.0
0.232,1841.0,81839.0
0.232,2499.3333333333335,87848.66666666667
0.232,1819.0,62801.5
0.232,1355.5,49952.5
0.232,3500.0,99744.0
0.232,2379.0,96580.0
0.232,3500.0,241405.0
0.232,2513.4,81259.0
0.232,3500.0,165846.33333333334
0.232,130.0,731.0
0.232,3500.0,87141.5
0.232,3500.0,201435.5
0.232,2360.0,91302.33333333333
0.232,2294.5,125231.0
0.232,3500.0,178542.0
0.232,1790.0,91804.75
0.232,3500.0,163985.0
0.232,3500.0,92387.0
0.232,3500.0,215258.0
0.232,3500.0,183768.5
0.232,1928.0,51185.0
0.232,3500.0,101964.5
0.232,2366.3333333333335,62623.0
0.232,1877.5,36501.0
0.233,2413.6666666666665,85260.0
0.233,120.0,1489.0
0.233,2649.5,105099.75
0.233,2389.0,105077.2
0.233,1675.6666666666667,52730.666666666664
0.233,2370.6666666666665,92514.66666666667
0.233,90.0,102.0
0.233,79.0,80.0
0.233,2645.25,107776.75
0.233,1800.5,98417.5
0.233,3500.0,164823.33333333334
0.233,3500.0,185760.0
0.233,2023.4444444444443,77648.0
0.233,197.5,2536.5
0.233,2376.6666666666665,105798.0
0.233,1811.5,90728.0
0.233,1800.0,124425.5
0.233,3500.0,97753.0
0.233,3500.0,220136.0
0.233,3500.0,76171.0
0.233,3500.0,150621.25
0.233,1393.75,52837.75
0.233,2666.75,96940.25
0.233,1184.75,61165.25
0.233,1232.5,28729.5
0.233,702.0,21141.0
0.233,89.0,116.0
0.233,2697.0,154682.66666666666
0.233,175.5,575.5
0.233,3500.0,99728.0
0.233,1933.75,77053.25
0.233,2986.5,83255.75
0.233,3500.0,137859.0
0.233,171.5,372.5
0.233,3128.6,107704.6
0.233,1897.0,87139.5
0.233,1181.0,16226.0
0.233,176.0,2626.0
0.233,1520.5,45783.5
0.233,713.5,16065.5
0.233,1787.5,65654.0
0.233,3500.0,111787.0
0.233,1833.0,70856.5
0.233,3500.0,142219.0
0.233,2146.0,106610.5
0.233,187.0,2472.0
0.233,2395.3333333333335,131841.66666666666
0.233,3500.0,190133.0
0.233,1792.5,93271.5
0.233,1962.5,62775.5
0.233,1792.0,102054.5
0.233,2467.0,119313.0
0.233,262.0,1552.0
0.233,133.66666666666666,205.33333333333334
0.233,2359.6666666666665,70100.0
0.233,83.0,98.0
0.233,2366.0,122139.0
0.233,112.0,191.0
0.233,3500.0,146702.5
0.233,1204.75,42908.25
0.233,291.0,5163.0
0.233,3500.0,153458.5
0.233,221.0,1230.0
0.233,1684.3333333333333,86400.0
0.233,1834.0,42242.5
0.233,1608.3333333333333,63051.666666666664
0.233,1789.0,46699.0
0.233,1813.0,81265.0
0.233,2554.5,122463.625
0.233,3500.0,209173.5
0.233,3500.0,84862.0
0.233,2371.6666666666665,107160.66666666667
0.233,810.0,24753.0
0.233,2157.75,109140.5
0.233,2288.5,49330.0
0.233,187.0,200.0
0.233,3500.0,77379.0
0.233,152.0,169.0
0.233,3500.0,76295.5
0.233,3500.0,149474.0
0.233,3500.0,101644.33333333333
0.233,1800.5,88891.5
0.233,2365.6666666666665,71066.66666666667
0.233,3500.0,171012.0
0.234,1768.5,82377.0
0.234,1994.2,76607.0
0.234,1710.0,83293.0
0.234,3500.0,70874.0
0.234,2365.3333333333335,122510.33333333333
0.234,3500.0,192523.0
0.234,3500.0,154563.0
0.234,3500.0,169966.5
0.234,2369.0,86393.66666666667
0.234,1874.8,49084.8
0.234,1250.5,47845.75
0.234,1780.0,115926.0
0.234,2385.0,65094.0
0.234,1988.0,73902.0
0.234,162.0,2159.0
0.234,1905.5,52906.0
0.234,3500.0,154287.0
0.234,3500.0,162696.5
0.234,3500.0,123584.0
0.234,1056.0,40589.0
0.234,3005.8,145877.4
0.234,3500.0,127091.5
0.234,1951.0,101318.0
0.234,2243.25,102992.0
0.234,3500.0,113543.0
0.234,159.0,409.0
0.234,2379.5,69976.5
0.234,1920.0,66057.75
0.234,3500.0,235035.0
0.234,678.5,22000.0
0.234,2387.4,78635.2
0.234,328.3333333333333,4600.666666666667
0.234,3500.0,162009.0
0.234,112.0,343.5
0.234,2254.5,65291.0
0.234,1623.6666666666667,63581.666666666664
0.234,1497.0,92696.0
0.234,328.5,2032.0
0.234,3500.0,132653.5
0.234,3500.0,232607.0
0.234,3500.0,143057.66666666666
0.234,3500.0,194200.0
0.234,628.0,12363.0
0.234,3500.0,207150.0
0.234,3500.0,73874.0
0.234,1798.5,80294.5
0.234,2361.6666666666665,82852.0
0.234,903.0,47858.0
0.234,1728.0,133598.0
0.234,191.0,409.0
0.234,2513.5,59089.0
0.234,2261.0,119792.5
0.234,3500.0,150636.0
0.234,1099.0,45325.0
0.234,1328.0,58041.666666666664
0.234,2522.0,119908.66666666667
0.234,1916.0,181003.0
0.234,2652.5,93442.5
0.234,80.0,168.0
0.234,2748.0,97529.33333333333
0.234,1232.6666666666667,29873.333333333332
0.234,1234.6666666666667,16864.666666666668
0.234,138.0,166.0
0.234,620.0,9975.0
0.234,3500.0,221385.0
0.234,1803.5,59242.5
0.234,699.5,31772.0
0.234,2411.75,68720.5
0.234,2365.6,145994.4
0.234,1949.0,103933.66666666667
0.234,3500.0,152986.75
0.234,88.33333333333333,121.33333333333333
0.234,82.0,90.0
0.234,3500.0,188003.33333333334
0.234,3500.0,135681.0
0.234,3500.0,48127.0
0.234,1313.5,46302.0
0.234,1988.75,98467.0
0.234,3500.0,98067.0
0.234,1706.6666666666667,79050.33333333333
0.235,3500.0,131579.0
0.235,128.0,343.0
0.235,76.0,81.0
0.235,2395.0,104675.0
0.235,86.0,94.0
0.235,2807.0,97563.0
0.235,3500.0,133257.0
0.235,3500.0,147471.0
0.235,93.0,247.0
0.235,3500.0,160761.0
0.235,280.5,4259.0
0.235,3500.0,101343.5
0.235,616.0,21613.0
0.235,2268.5,117250.5
0.235,1613.1666666666667,68752.33333333333
0.235,1382.5,24361.0
0.235,65.0,735.0
0.235,1131.0,9909.0
0.235,95.0,465.0
0.235,1838.75,45153.0
0.235,3500.0,156567.0
0.235,817.0,20098.666666666668
0.235,2119.75,84359.0
0.235,1857.5,106098.0
0.235,2675.6666666666665,123370.0
0.235,3500.0,124337.0
0.235,929.5,47427.75
0.235,3500.0,209314.0
0.235,3500.0,214815.0
0.235,3500.0,228441.0
0.235,1797.5,45404.75
0.235,1452.0,86827.66666666667
0.235,3500.0,160598.0
0.235,137.5,542.5
0.235,3500.0,156389.0
0.235,1723.6666666666667,45212.666666666664
0.235,607.0,15577.0
0.235,90.0,340.5
0.235,3500.0,205026.0
0.235,3500.0,176863.0
0.235,2174.75,91506.25
0.235,3500.0,137938.5
0.235,1915.0,103793.5
0.235,1800.0,66602.0
0.235,3500.0,182183.0
0.235,3500.0,168326.0
0.235,3500.0,122697.0
0.235,1992.3333333333333,114687.0
0.235,2494.3333333333335,80301.0
0.235,3500.0,155052.33333333334
0.235,3500.0,114564.0
0.235,3500.0,73578.0
0.235,3500.0,77739.0
0.235,243.5,4617.5
0.235,60.0,491.0
0.235,1789.0,45140.5
0.235,2353.3333333333335,57148.0
0.235,1315.25,53711.0
0.235,3500.0,89390.5
0.235,394.0,18816.0
0.235,3500.0,61848.0
0.235,3500.0,154369.0
0.235,1794.5,95847.5
0.235,3500.0,107837.33333333333
0.235,1751.6666666666667,92189.33333333333
0.235,1159.0,44095.0
0.235,3500.0,130874.0
0.235,1721.0,104049.33333333333
0.235,433.0,3705.0
0.235,1787.5,61255.5
0.235,1948.5,102953.0
0.235,152.0,253.0
0.235,2251.5,79588.0
0.235,2616.0,135927.0
0.235,2357.3333333333335,104474.0
0.235,917.8,36908.4
0.235,97.0,122.0
0.235,1752.0,64007.75
0.235,1792.0,69027.0
0.235,2181.0,100610.8
0.235,2523.0,128314.5
0.235,1779.0,84046.0
0.235,3500.0,185781.0
0.235,1324.0,33862.0
0.235,3500.0,124612.5
0.235,2090.0,87906.5
0.236,3500.0,111377.0
0.236,3500.0,89952.0
0.236,3500.0,127353.0
0.236,2416.0,79947.6
0.236,2030.5,107279.5
0.236,1798.5,108058.0
0.236,444.0,10852.0
0.236,3500.0,94414.0
0.236,3500.0,87608.0
0.236,2364.6666666666665,98870.0
0.236,3500.0,212828.5
0.236,3500.0,134392.0
0.236,1801.25,55288.0
0.236,3500.0,78448.0
0.236,2412.2,128084.6
0.236,2834.4,112852.8
0.236,1831.0,33792.0
0.236,1934.5,64560.5
0.236,249.0,4852.5
0.236,2392.3333333333335,62775.666666666664
0.236,1881.5,41638.0
0.236,3500.0,131012.5
0.236,2375.6666666666665,125259.0
0.236,110.0,202.0
0.236,41.0,50.0
0.236,622.0,12392.0
0.236,3500.0,182538.0
0.236,2040.25,77498.25
0.236,3500.0,154439.0
0.236,3500.0,136925.0
0.236,1837.0,65021.0
0.236,1783.5,34181.5
0.236,3500.0,138259.5
0.236,98.0,106.0
0.236,1933.0,36208.0
0.236,1282.6666666666667,59232.333333333336
0.236,1402.0,117659.0
0.236,158.0,1363.0
0.236,1841.0,64940.333333333336
0.236,1349.6666666666667,21715.666666666668
0.236,3500.0,175600.0
0.236,3500.0,194977.0
0.236,3500.0,146147.66666666666
0.236,3500.0,148629.0
0.236,3500.0,125372.0
0.236,1725.6666666666667,74137.0
0.236,2945.0,143837.25
0.236,3500.0,136704.0
0.236,1902.0,95907.5
0.236,3500.0,133688.5
0.236,863.5,18275.5
0.236,2536.6666666666665,86645.0
0.236,3127.2,90024.8
0.236,757.5,27501.0
0.236,88.0,141.0
0.236,3500.0,142057.0
0.236,73.0,212.0
0.236,3500.0,177292.5
0.236,75.0,88.0
0.236,3500.0,142481.0
0.236,1796.5,60031.0
0.236,3500.0,169515.0
0.236,3500.0,125323.0
0.236,3500.0,101248.0
0.236,57.0,158.0
0.236,2576.6666666666665,87830.5
0.236,1796.5,86409.0
0.236,1777.0,76916.5
0.236,2682.6,132551.2
0.236,92.0,98.0
0.236,1845.0,66759.0
0.236,2354.0,84528.0
0.236,213.0,1426.0
0.236,3500.0,82567.0
0.236,3500.0,111237.0
0.236,3500.0,107210.5
0.236,1789.0,73304.5
0.236,3500.0,125041.66666666667
0.236,1433.3333333333333,80685.66666666667
0.236,2521.5,148226.5
0.236,544.0,8472.0
0.236,3500.0,137086.0
0.236,1390.6666666666667,66158.33333333333
0.236,1372.6666666666667,65583.66666666667
0.236,2209.0,90227.0
0.237,3500.0,124405.5
0.237,3500.0,174998.5
0.237,2366.0,51308.0
0.237,3026.8,142442.6
0.237,3500.0,128811.0
0.237,439.0,9095.0
0.237,691.5,31434.5
0.237,3500.0,187558.75
0.237,2643.0,79802.75
0.237,1804.0,66749.5
0.237,2470.6666666666665,119177.0
0.237,562.0,2767.0
0.237,3500.0,153994.66666666666
0.237,1395.0,35257.0
0.237,1802.0,91883.5
0.237,1268.0,40028.0
0.237,2225.25,127487.75
0.237,1800.0,120655.0
0.237,3500.0,167602.0
0.237,2237.8,100552.6
0.237,123.0,1722.0
0.237,3500.0,194495.5
0.237,248.0,3919.0
0.237,3500.0,64942.5
0.237,2404.3333333333335,95775.66666666667
0.237,1793.5,57488.5
0.237,1952.3333333333333,73182.0
0.237,1049.0,37755.0
0.237,1099.0,52415.0
0.237,3500.0,194400.0
0.237,3500.0,201803.0
0.237,2645.0,115684.25
0.237,3500.0,200614.0
0.237,380.0,6229.0
0.237,914.6666666666666,19087.0
0.237,1837.3333333333333,101039.33333333333
0.237,3500.0,168246.0
0.237,2634.0,168669.5
0.237,90.0,96.5
0.237,2120.75,66942.25
0.237,3500.0,217047.0
0.237,3500.0,190735.5
0.237,1805.75,81318.0
0.237,1559.75,69554.5
0.237,216.0,946.0
0.237,1946.75,62587.75
0.237,2366.0,84699.66666666667
0.237,379.0,3791.0
0.237,1815.0,62148.5
0.237,1794.0,70544.5
0.237,2731.4,95257.6
0.237,1430.0,71249.5
0.237,2279.5,62210.0
0.237,2419.6666666666665,61211.333333333336
0.237,123.0,519.5
0.237,3500.0,177472.33333333334
0.237,1816.5,115272.5
0.237,3500.0,79926.0
0.237,1252.0,29934.333333333332
0.237,3500.0,114687.0
0.237,1548.3333333333333,88869.33333333333
0.237,2686.0,86344.5
0.237,1808.5,68745.0
0.237,1246.0,89465.33333333333
0.237,2909.0,115497.5
0.237,3500.0,115459.33333333333
0.237,2275.25,112717.5
0.237,1610.0,67332.0
0.237,1081.5,36546.0
0.237,2406.3333333333335,69740.66666666667
0.237,3500.0,187422.33333333334
0.237,3500.0,213913.0
0.237,2359.6666666666665,101819.66666666667
0.237,2533.6666666666665,73290.33333333333
0.237,1844.0,113312.0
0.237,519.0,5899.0
0.237,2834.3333333333335,151135.33333333334
0.237,1217.6666666666667,65453.666666666664
0.237,3500.0,132387.5
0.237,2011.5,127952.5
0.238,3500.0,111323.0
0.238,2357.6666666666665,66783.0
0.238,2178.0,43372.5
0.238,1789.0,105948.0
0.238,321.0,1592.5
0.238,3500.0,111385.0
0.238,143.5,1132.5
0.238,3500.0,241324.0
0.238,3500.0,73083.0
0.238,134.0,151.0
0.238,372.3333333333333,4617.666666666667
0.238,1902.0,64125.5
0.238,3500.0,132702.5
0.238,3500.0,190169.0
0.238,1577.0,57867.0
0.238,75.0,199.0
0.238,1829.5,119454.0
0.238,1893.75,99570.5
0.238,122.0,435.0
0.238,2556.6666666666665,57781.666666666664
0.238,59.0,450.0
0.238,3500.0,184942.33333333334
0.238,1624.3333333333333,76460.0
0.238,1777.3333333333333,79941.33333333333
0.238,2225.0,104372.5
0.238,83.0,645.0
0.238,1822.0,62294.5
0.238,2503.3333333333335,102441.66666666667
0.238,3500.0,133737.0
0.238,2369.3333333333335,97936.33333333333
0.238,1828.0,98160.5
0.238,128.0,142.0
0.238,3500.0,162040.0
0.238,845.0,22054.0
0.238,1243.6666666666667,41950.0
0.238,1980.0,86231.0
0.238,220.0,359.0
0.238,3500.0,152761.5
0.238,3500.0,81752.0
0.238,1796.5,106792.0
0.238,3500.0,162929.0
0.238,76.0,135.0
0.238,3500.0,215096.0
0.238,3500.0,180806.0
0.238,2021.75,88795.0
0.238,3500.0,151320.5
0.238,3500.0,161138.0
0.238,1904.0,110818.5
0.238,3500.0,184522.33333333334
0.238,3500.0,76659.0
0.238,1817.25,67876.25
0.238,3500.0,115957.0
0.238,3500.0,108703.0
0.238,1892.5,89644.0
0.238,1719.5,49224.5
0.238,2355.0,72139.0
0.238,216.0,464.0
0.238,141.0,399.0
0.238,2261.5,70773.0
0.238,1807.5,87686.5
0.238,795.5,22688.5
0.238,2522.6666666666665,71325.33333333333
0.238,1835.0,36879.5
0.238,95.0,105.0
0.238,893.5,6626.0
0.238,110.66666666666667,163.66666666666666
0.238,1016.5,42197.0
0.238,2075.0,111857.5
0.238,216.0,1398.0
0.238,626.4,8600.2
0.238,3500.0,35101.0
0.238,1798.0,35091.0
0.238,114.5,1209.0
0.238,2415.0,110894.0
0.238,2617.0,126811.33333333333
0.238,3500.0,209210.0
0.238,1792.0,108681.5
0.238,2034.3333333333333,97292.0
0.239,2587.3333333333335,117699.33333333333
0.239,1944.5,64988.25
0.239,1777.5,76194.5
0.239,1969.6666666666667,69969.33333333333
0.239,1203.0,48760.333333333336
0.239,3500.0,133962.5
0.239,3500.0,179692.0
0.239,2477.75,81918.125
0.239,1791.0,65328.5
0.239,2367.6666666666665,63531.666666666664
0.239,1439.5,47352.75
0.239,78.0,342.0
0.239,3500.0,146928.75
0.239,1835.0,86430.5
0.239,1833.5,72619.0
0.239,216.0,1546.0
0.239,158.0,614.5
0.239,3500.0,169256.0
0.239,2383.3333333333335,118621.0
0.239,3500.0,81124.0
0.239,3500.0,221650.5
0.239,3500.0,94621.0
0.239,1673.3333333333333,79438.0
0.239,3500.0,200923.66666666666
0.239,2640.5,119315.5
0.239,1691.6666666666667,57552.0
0.239,1575.0,46703.0
0.239,1480.3333333333333,42919.333333333336
0.239,1579.0,78505.0
0.239,2381.6666666666665,154328.0
0.239,3500.0,75264.0
0.239,3500.0,142470.0
0.239,321.0,6961.0
0.239,1788.25,77561.0
0.239,1991.25,75769.0
0.239,1798.0,68511.5
0.239,1949.0,86122.75
0.239,2026.0,95602.5
0.239,1786.25,79141.75
0.239,1049.0,48120.0
0.239,70.0,87.0
0.239,871.0,14560.0
0.239,2132.5,97973.5
0.239,2694.6666666666665,153659.66666666666
0.239,1794.0,112575.0
0.239,314.0,7605.666666666667
0.239,2259.0,99310.0
0.239,660.0,15501.5
0.239,2607.0,86949.0
0.239,3500.0,149779.0
0.239,3500.0,102772.0
0.239,139.0,147.0
0.239,110.0,155.0
0.239,933.0,39976.0
0.239,2652.75,68209.5
0.239,3500.0,215451.0
0.239,3500.0,176559.5
0.239,1781.5,63201.5
0.239,2274.8,84135.6
0.239,2124.0,54235.166666666664
0.239,3500.0,151426.0
0.239,2585.6666666666665,101561.33333333333
0.239,3500.0,147921.5
0.239,1389.0,47447.0
0.239,3500.0,133754.0
0.239,140.33333333333334,528.6666666666666
0.239,3500.0,90586.0
0.239,3500.0,72226.0
0.239,3500.0,110761.0
0.239,273.0,1481.5
0.239,1846.0,107374.5
0.239,2916.25,138020.0
0.239,2901.0,108100.5
0.239,2751.6666666666665,139640.33333333334
0.239,97.0,193.0
0.239,78.0,93.0
0.239,368.0,6617.0
0.239,2355.0,149835.0
0.239,309.0,2515.0
0.239,1598.6666666666667,82198.33333333333
0.24,3500.0,40760.0
0.24,3500.0,164206.0
0.24,2744.5,79531.0
0.24,2949.0,94537.25
0.24,2361.0,106934.0
0.24,3500.0,131869.66666666666
0.24,3500.0,219380.5
0.24,1506.0,36790.0
0.24,1699.0,64079.0
0.24,1449.5,42720.0
0.24,2299.75,128958.75
0.24,97.0,102.0
0.24,2352.6666666666665,138453.66666666666
0.24,733.0,16055.0
0.24,2348.3333333333335,89726.33333333333
0.24,1899.25,83087.25
0.24,2622.3333333333335,101540.0
0.24,3500.0,129488.0
0.24,1152.75,32427.0
0.24,1633.6666666666667,85989.0
0.24,3500.0,68449.0
0.24,1006.0,44465.5
0.24,1247.0,24664.0
0.24,312.0,9941.5
0.24,583.0,11136.0
0.24,1791.5,81667.5
0.24,1791.5,82377.0
0.24,2602.0,109895.66666666667
0.24,3500.0,140417.0
0.24,341.0,512.0
0.24,2350.3333333333335,84074.33333333333
0.24,1808.6666666666667,54923.0
0.24,1992.25,86714.75
0.24,3500.0,103580.0
0.24,2498.0,93291.0
0.24,2794.0,90379.66666666667
0.24,586.5,12912.0
0.24,3500.0,152748.33333333334
0.24,1798.0,31947.5
0.24,1615.3333333333333,27032.666666666668
0.24,1192.0,54526.0
0.24,1861.0,68223.0
0.24,3500.0,99037.0
0.24,1864.3333333333333,63617.0
0.24,2498.0,107282.5
0.24,721.3333333333334,33172.0
0.24,251.5,715.0
0.24,2695.0,132549.66666666666
0.24,2042.75,79350.75
0.24,1861.5,79461.0
0.24,2069.5,73361.5
0.24,3500.0,178618.0
0.24,71.0,81.0
0.24,147.0,154.0
0.24,243.0,1539.0
0.24,96.0,104.0
0.24,1845.6666666666667,73991.0
0.24,2027.3333333333333,88739.33333333333
0.24,3500.0,206820.0
0.24,2928.2,97458.0
0.24,3500.0,223534.0
0.24,2229.75,80222.0
0.24,652.0,5869.0
0.24,1359.0,46418.0
0.24,3025.3333333333335,114324.66666666667
0.24,3500.0,74878.0
0.24,205.0,3368.0
0.24,3500.0,169823.0
0.24,1796.75,71904.5
0.24,3500.0,135072.0
0.24,1725.0,68463.66666666667
0.24,904.8,50971.2
0.24,1722.0,49233.0
0.24,2693.0,130875.25
0.24,162.0,189.0
0.24,310.0,3337.0
0.24,1705.2,44102.8
0.24,2391.3333333333335,95663.0
0.24,1802.0,77133.5
0.24,2091.0,113725.0
0.24,3500.0,208870.0
0.24,1847.8333333333333,64566.0
0.241,181.0,811.0
0.241,3500.0,162012.0
0.241,2527.6666666666665,77237.0
0.241,2369.6666666666665,97743.33333333333
0.241,82.0,96.0
0.241,3500.0,165466.0
0.241,1177.0,29807.0
0.241,2356.6666666666665,65596.0
0.241,1677.0,57480.0
0.241,1837.0,39498.5
0.241,2780.0,119748.33333333333
0.241,31.0,496.0
0.241,2052.5,92398.0
0.241,1548.3333333333333,27238.666666666668
0.241,3500.0,184506.0
0.241,2322.0,111869.4
0.241,1350.5,54488.166666666664
0.241,3500.0,141307.0
0.241,89.0,96.0
0.241,928.5,38952.0
0.241,3500.0,196925.0
0.241,2624.6666666666665,96126.66666666667
0.241,2822.6,107644.0
0.241,3500.0,86976.0
0.241,2366.3333333333335,80059.66666666667
0.241,3500.0,165113.0
0.241,230.0,671.0
0.241,1999.25,93870.5
0.241,1225.5,34588.0
0.241,2954.3333333333335,117931.33333333333
0.241,1797.0,43029.0
0.241,2751.0,151497.0
0.241,1234.0,24894.0
0.241,2444.3333333333335,130689.0
0.241,1672.25,71659.0
0.241,143.0,153.0
0.241,3500.0,103428.0
0.241,3500.0,133648.5
0.241,1003.0,28862.0
0.241,1819.0,40681.0
0.241,1254.3333333333333,32318.666666666668
0.241,3500.0,128863.5
0.241,3500.0,136743.75
0.241,3500.0,100763.0
0.241,1787.5,83223.0
0.241,579.5,35151.5
0.241,2104.0,84433.5
0.241,124.33333333333333,228.66666666666666
0.241,1719.6666666666667,38518.0
0.241,3500.0,234068.0
0.241,2367.6,93241.0
0.241,1765.5,93757.5
0.241,139.0,861.0
0.241,1789.0,82573.5
0.241,1835.5,81033.0
0.241,628.0,16951.0
0.241,1568.6666666666667,81072.66666666667
0.241,1806.5,107824.5
0.241,1806.5,97323.25
0.241,2410.3333333333335,70011.66666666667
0.241,95.0,96.0
0.241,2284.5,81445.5
0.241,2370.0,131158.0
0.241,153.0,1746.0
0.241,1726.2,48072.8
0.241,3500.0,181216.0
0.241,1031.0,80109.0
0.241,3500.0,100979.0
0.241,2250.5,81859.0
0.241,64.0,261.0
0.241,2719.25,138035.0
0.241,1085.0,48012.0
0.241,2368.6666666666665,97844.0
0.241,1598.0,73632.0
0.241,2696.75,115002.25
0.241,3500.0,132479.0
0.241,1376.0,49354.0
0.241,2365.3333333333335,79129.33333333333
0.241,3500.0,99033.0
0.241,3500.0,190843.0
0.241,1778.0,34945.5
0.241,2769.75,130486.0
0.242,3500.0,94353.0
0.242,3500.0,81031.0
0.242,277.5,2341.5
0.242,2039.0,108282.5
0.242,2355.3333333333335,117679.0
0.242,982.0,15301.0
0.242,1781.5,36984.0
0.242,3500.0,129202.33333333333
0.242,2388.3333333333335,143194.33333333334
0.242,34.0,49.0
0.242,3500.0,175390.0
0.242,70.0,97.0
0.242,1437.75,39532.75
0.242,444.0,9867.0
0.242,1328.25,69691.0
0.242,2712.0,92733.5
0.242,3500.0,176528.0
0.242,3500.0,130557.5
0.242,3500.0,149950.0
0.242,2656.0,98300.75
0.242,97.0,138.0
0.242,1832.5,55068.5
0.242,1154.25,35483.75
0.242,1798.0,46140.5
0.242,98.0,105.0
0.242,2443.625,118345.25
0.242,1803.5,117427.0
0.242,61.0,109.0
0.242,3500.0,147907.0
0.242,2543.0,90095.66666666667
0.242,2375.0,80237.5
0.242,3500.0,101201.5
0.242,2026.25,81863.25
0.242,110.0,196.0
0.242,1406.0,86454.0
0.242,1100.0,21972.5
0.242,3500.0,98938.0
0.242,94.0,102.0
0.242,2279.0,83810.5
0.242,3500.0,150292.0
0.242,1799.5,106452.0
0.242,1315.0,52243.5
0.242,92.0,725.0
0.242,2402.3333333333335,131370.0
0.242,2143.25,36168.25
0.242,1396.0,57029.666666666664
0.242,1817.5,46064.0
0.242,1258.0,76785.0
0.242,3500.0,194976.0
0.242,3500.0,177989.0
0.242,1961.6666666666667,74157.33333333333
0.242,3500.0,234862.0
0.242,3500.0,231984.0
0.242,3500.0,130140.0
0.242,485.0,3007.0
0.242,482.0,2762.0
0.242,2413.0,97554.0
0.242,113.33333333333333,533.0
0.242,84.0,98.0
0.242,3500.0,150786.0
0.242,2484.0,130998.66666666667
0.242,1802.5,92890.16666666667
0.242,155.0,167.0
0.242,3500.0,195484.0
0.242,1806.5,114645.0
0.242,789.0,13104.0
0.242,2702.6666666666665,59682.666666666664
0.242,2922.75,123092.75
0.242,1805.5,68985.5
0.242,566.0,8625.0
0.242,1817.5,72795.5
0.242,786.0,45899.166666666664
0.242,236.5,2194.0
0.242,3500.0,152873.0
0.242,105.0,1171.0
0.242,3500.0,137374.0
0.243,2390.3333333333335,57362.666666666664
0.243,3500.0,189902.0
0.243,1749.0,88703.0
0.243,2363.0,100533.66666666667
0.243,3500.0,173815.0
0.243,3500.0,185525.0
0.243,893.4,29698.4
0.243,1070.0,29346.0
0.243,2326.5,132656.5
0.243,3500.0,85921.66666666667
0.243,1452.0,49181.2
0.243,3500.0,183354.0
0.243,3500.0,93244.0
0.243,3500.0,140975.0
0.243,3141.5,132969.25
0.243,1380.3333333333333,69117.33333333333
0.243,3500.0,137863.2
0.243,1966.5,94741.0
0.243,390.0,9419.5
0.243,3500.0,66402.0
0.243,140.0,155.0
0.243,1825.5,71688.5
0.243,3500.0,215929.0
0.243,1795.5,76717.0
0.243,1271.4,49902.6
0.243,3500.0,127089.5
0.243,3500.0,119525.5
0.243,134.0,1484.0
0.243,2387.8,102105.2
0.243,1412.6666666666667,27110.0
0.243,3500.0,155195.0
0.243,2650.75,90683.0
0.243,1129.2,49891.6
0.243,2929.3333333333335,153262.66666666666
0.243,1076.4285714285713,29273.285714285714
0.243,3500.0,113791.33333333333
0.243,1785.5,70428.5
0.243,3500.0,135162.0
0.243,1756.0,70320.0
0.243,95.0,101.0
0.243,1309.0,18956.666666666668
0.243,3500.0,179633.0
0.243,3500.0,128364.5
0.243,2103.0,72608.5
0.243,2454.3333333333335,107541.66666666667
0.243,3500.0,184951.5
0.243,3500.0,165862.0
0.243,3500.0,123215.0
0.243,1167.4,55984.0
0.243,47.0,58.0
0.243,1461.3333333333333,46708.0
0.243,108.0,152.0
0.243,1260.3333333333333,48690.666666666664
0.243,129.33333333333334,358.3333333333333
0.243,2735.3333333333335,84737.0
0.243,3500.0,189957.0
0.243,1061.5,22914.0
0.243,2933.0,121693.66666666667
0.243,2164.5,87456.5
0.243,1788.5,87957.5
0.243,2493.5,97268.25
0.243,1825.0,78795.5
0.243,1576.5714285714287,70918.28571428571
0.243,3500.0,179300.5
0.243,2657.75,165570.75
0.243,2035.25,81761.0
0.243,3020.6,128103.2
0.243,2350.6666666666665,94298.66666666667
0.243,242.5,3245.5
0.243,1790.5,99688.5
0.243,216.0,711.0
0.243,2099.0,66182.75
0.243,1797.5,44142.5
0.243,1501.3333333333333,85104.33333333333
0.243,1081.0,12971.0
0.243,2411.5,64229.5
0.243,1799.0,100288.5
0.243,2835.2,102971.6
0.243,582.0,12552.0
0.243,2050.5,124523.5
0.243,107.0,114.5
0.243,181.0,6028.5
0.243,53.0,60.0
0.244,3500.0,62656.0
0.244,297.5,4166.5
0.244,1800.0,62272.5
0.244,3500.0,85710.0
0.244,2432.0,89618.0
0.244,1796.0,52877.0
0.244,3500.0,100837.0
0.244,811.0,20031.0
0.244,1096.0,15134.0
0.244,3500.0,148895.0
0.244,2314.0,79167.0
0.244,3500.0,141005.0
0.244,116.0,124.0
0.244,3500.0,194183.0
0.244,3500.0,169694.5
0.244,111.0,154.0
0.244,1199.0,30293.333333333332
0.244,3500.0,61299.0
0.244,1798.5,82366.0
0.244,286.0,5787.0
0.244,3500.0,192684.0
0.244,1352.0,54605.0
0.244,3500.0,80704.0
0.244,1849.5,65650.0
0.244,3500.0,100594.0
0.244,1796.0,56879.0
0.244,3500.0,150015.0
0.244,166.0,992.0
0.244,143.0,293.0
0.244,3500.0,134990.0
0.244,1236.6666666666667,59597.0
0.244,3500.0,77727.0
0.244,1815.0,40929.0
0.244,1777.0,80242.0
0.244,3500.0,159632.5
0.244,3500.0,171598.0
0.244,1568.0,35724.0
0.244,2430.25,85747.75
0.244,1801.5,51947.5
0.244,2702.75,81685.0
0.244,874.0,15330.0
0.244,2395.0,104803.0
0.244,3500.0,201332.0
0.244,1756.6666666666667,59707.666666666664
0.244,2643.25,71538.25
0.244,2367.3333333333335,94120.0
0.244,337.6666666666667,4518.0
0.244,1820.0,81495.66666666667
0.244,3500.0,148232.0
0.244,808.4,52438.0
0.244,2931.0,152949.2
0.244,3500.0,155784.0
0.244,1371.3333333333333,58447.666666666664
0.244,1530.3333333333333,69113.0
0.244,2371.3333333333335,69674.0
0.244,2483.5,74229.0
0.244,1799.0,62501.0
0.244,1797.75,84211.5
0.244,1829.0,55868.0
0.244,59.0,487.0
0.244,176.0,297.0
0.244,2078.0,30928.0
0.244,2646.25,101982.75
0.244,1351.3333333333333,41499.333333333336
0.244,3500.0,174155.0
0.244,3500.0,135425.0
0.244,3500.0,139112.5
0.244,3500.0,83960.0
0.244,1538.0,94444.0
0.244,1600.6666666666667,64959.333333333336
0.244,252.5,6522.5
0.244,3500.0,156557.0
0.244,3500.0,161777.5
0.244,3500.0,252497.0
0.244,2528.3333333333335,135896.33333333334
0.244,1301.0,47415.0
0.244,3500.0,139397.0
0.244,2404.5,106458.0
0.244,3500.0,183125.5
0.245,2251.0,94665.5
0.245,66.0,457.0
0.245,1810.0,52084.0
0.245,1603.0,63813.0
0.245,3113.0,162633.75
0.245,1823.0,26507.5
0.245,2449.6666666666665,143391.66666666666
0.245,3500.0,212869.0
0.245,501.0,17195.75
0.245,107.0,256.0
0.245,2690.6666666666665,55944.666666666664
0.245,2434.0,133104.0
0.245,55.0,63.0
0.245,3500.0,138129.5
0.245,2638.0,109190.0
0.245,3500.0,113200.0
0.245,3500.0,66348.0
0.245,64.0,695.0
0.245,454.5,18734.5
0.245,3500.0,103188.0
0.245,3500.0,92293.0
0.245,2770.0,77566.0
0.245,97.0,216.0
0.245,3500.0,95058.0
0.245,2354.6666666666665,86152.66666666667
0.245,2199.0,57989.5
0.245,441.5,10151.0
0.245,1243.8,43092.8
0.245,102.0,108.0
0.245,3500.0,180255.5
0.245,1783.5,58652.25
0.245,1855.6,56511.4
0.245,72.0,282.5
0.245,1775.0,86591.0
0.245,1204.5,65775.0
0.245,2260.0,126536.0
0.245,3500.0,110811.0
0.245,2531.4,118135.4
0.245,3500.0,209216.0
0.245,564.0,4673.0
0.245,1969.0,79743.0
0.245,3500.0,250010.0
0.245,300.0,3894.0
0.245,1978.6,113290.6
0.245,2817.0,131617.0
0.245,1179.4,57383.4
0.245,2130.5,52483.5
0.245,2753.0,131161.66666666666
0.245,1783.0,34741.5
0.245,3500.0,153914.0
0.245,3500.0,159704.0
0.245,3500.0,104905.0
0.245,2771.75,131116.0
0.245,278.0,761.0
0.245,77.0,91.0
0.245,3500.0,174563.33333333334
0.245,1980.0,126553.0
0.245,3010.5,153922.5
0.245,3500.0,141652.66666666666
0.245,2391.6666666666665,118525.0
0.245,591.5,11309.5
0.245,3500.0,179567.5
0.245,3500.0,104644.0
0.245,2192.75,75018.75
0.245,1807.75,64917.5
0.245,3500.0,115982.66666666667
0.245,92.0,104.0
0.245,1842.0,36052.0
0.245,1655.5,41501.0
0.245,3500.0,126315.0
0.245,3500.0,188182.0
0.245,193.0,2425.0
0.245,3500.0,123776.66666666667
0.245,77.5,441.0
0.245,97.0,98.0
0.245,3500.0,223874.0
0.245,172.0,753.0
0.245,1378.0,81824.66666666667
0.245,3500.0,139945.33333333334
0.246,1138.5,37735.5
0.246,3500.0,195257.66666666666
0.246,3500.0,159654.0
0.246,3500.0,165995.0
0.246,2361.6666666666665,81099.33333333333
0.246,1796.5,112714.0
0.246,169.0,668.0
0.246,1089.0,39716.0
0.246,1818.5,83630.0
0.246,1988.5,56567.5
0.246,911.5,21076.0
0.246,3500.0,187618.0
0.246,3500.0,143910.0
0.246,1272.6666666666667,38359.666666666664
0.246,1802.0,56068.0
0.246,2393.3333333333335,111035.66666666667
0.246,721.5,29476.5
0.246,1391.0,74859.33333333333
0.246,2066.0,135670.0
0.246,3500.0,71686.0
0.246,1289.0,67403.66666666667
0.246,1989.5,73062.0
0.246,3500.0,195687.0
0.246,3500.0,66002.0
0.246,2108.5,58436.5
0.246,1293.0,32650.0
0.246,2413.3333333333335,81882.66666666667
0.246,3500.0,129063.0
0.246,3500.0,74508.0
0.246,3500.0,210027.0
0.246,3500.0,90651.0
0.246,89.0,111.0
0.246,3500.0,75193.0
0.246,730.5,13958.5
0.246,2684.0,131399.0
0.246,3500.0,93961.5
0.246,3500.0,71061.0
0.246,3500.0,162723.0
0.246,3500.0,168803.0
0.246,3500.0,171108.5
0.246,2272.0,59856.5
0.246,1628.25,70174.75
0.246,1812.0,109296.0
0.246,1879.0,38147.5
0.246,2985.75,104736.5
0.246,130.0,443.0
0.246,69.0,72.0
0.246,1814.0,60485.5
0.246,2919.8,127953.8
0.246,2699.75,111053.5
0.246,3500.0,144173.5
0.246,1226.0,51968.0
0.246,1617.0,39845.0
0.246,1820.0,85475.66666666667
0.246,1965.5,100182.5
0.246,3500.0,189399.5
0.246,1797.5,71380.5
0.246,3500.0,128516.0
0.246,3500.0,214112.0
0.246,155.0,312.0
0.246,141.0,778.5
0.246,72.0,76.0
0.246,174.0,609.0
0.246,3500.0,78676.0
0.246,923.0,36579.0
0.246,3500.0,137416.0
0.246,258.0,8587.0
0.246,2655.5,140804.5
0.246,1763.6666666666667,73336.0
0.246,2425.0,106438.0
0.246,3500.0,152098.5
0.246,137.5,804.0
0.246,1567.0,60584.333333333336
0.246,769.0,12355.0
0.246,2589.5,155905.5
0.246,2515.5,114954.0
0.246,2052.0,91535.0
0.246,121.0,302.0
0.246,216.0,395.0
0.246,1873.6666666666667,133253.0
0.246,831.5,19078.0
0.247,2390.3333333333335,124241.0
0.247,2102.5,73568.0
0.247,120.0,1481.0
0.247,1350.0,22793.333333333332
0.247,3500.0,148205.66666666666
0.247,1800.0,117706.0
0.247,3500.0,138354.5
0.247,1353.0,32926.0
0.247,1794.5,39749.5
0.247,1785.0,80321.5
0.247,3500.0,143928.5
0.247,346.5,4392.25
0.247,3500.0,185591.33333333334
0.247,344.5,4632.0
0.247,73.0,102.0
0.247,3500.0,170664.0
0.247,3500.0,143266.5
0.247,3500.0,178283.0
0.247,2358.0,114110.0
0.247,1028.0,24721.0
0.247,214.0,4093.3333333333335
0.247,3500.0,105092.0
0.247,2527.5,85872.5
0.247,1850.0,80563.5
0.247,415.0,3570.0
0.247,1804.75,56637.0
0.247,1228.6666666666667,60866.333333333336
0.247,2534.6,100435.4
0.247,3500.0,192368.0
0.247,1102.25,71697.0
0.247,366.0,4944.0
0.247,130.5,1359.5
0.247,107.0,159.0
0.247,1103.5,37382.75
0.247,3500.0,167383.0
0.247,89.0,99.0
0.247,1844.5,50505.5
0.247,3500.0,183211.66666666666
0.247,3500.0,180751.0
0.247,3500.0,108856.0
0.247,918.0,20176.333333333332
0.247,1798.0,51878.5
0.247,423.5,8272.5
0.247,2400.5,90661.0
0.247,1913.4,71993.8
0.247,3500.0,83548.0
0.247,1939.5,100363.0
0.247,3500.0,125063.0
0.247,1190.0,43924.0
0.247,1792.75,57073.75
0.247,265.5,2101.5
0.247,2041.25,98813.25
0.247,1141.25,49997.5
0.247,1246.0,60259.666666666664
0.247,2363.0,110854.0
0.247,1973.0,102364.0
0.247,1733.6666666666667,45118.0
0.247,268.0,7612.0
0.247,3500.0,162135.0
0.247,1899.8333333333333,87099.33333333333
0.247,202.0,3020.0
0.247,1798.5,97473.0
0.247,2292.5,143550.0
0.247,77.5,129.5
0.247,1872.5,81499.5
0.247,3500.0,56186.0
0.247,3500.0,133791.5
0.247,123.0,174.0
0.247,3500.0,118786.5
0.247,1649.0,89838.0
0.247,1396.75,39748.75
0.247,2542.6666666666665,94819.16666666667
0.247,3500.0,108308.33333333333
0.247,3500.0,211890.0
0.247,3500.0,87630.0
0.247,2365.3333333333335,103513.0
0.247,3500.0,211208.0
0.247,3500.0,201519.5
0.247,2431.0,88026.0
0.247,3500.0,84462.0
0.247,945.0,26646.5
0.247,1244.0,23214.333333333332
0.247,1026.5,45784.5
0.248,213.0,570.0
0.248,3500.0,135019.0
0.248,3500.0,181264.0
0.248,2306.25,92347.5
0.248,1465.6666666666667,56090.333333333336
0.248,84.5,95.0
0.248,317.5,5257.0
0.248,1799.5,76292.0
0.248,1988.5,40957.5
0.248,1954.75,50353.5
0.248,3500.0,115287.5
0.248,116.0,163.0
0.248,615.0,6735.5
0.248,3500.0,143005.0
0.248,1912.0,76932.0
0.248,196.5,3036.0
0.248,104.0,304.0
0.248,1311.0,56037.5
0.248,1647.0,62051.666666666664
0.248,1847.5,43229.0
0.248,91.0,95.0
0.248,649.0,12247.0
0.248,3500.0,173825.0
0.248,3500.0,111287.5
0.248,2013.4,74963.0
0.248,3500.0,68072.0
0.248,1228.3333333333333,45812.666666666664
0.248,819.0,31557.0
0.248,1784.0,61526.0
0.248,2794.6666666666665,117827.66666666667
0.248,124.66666666666667,222.66666666666666
0.248,1796.5,70201.0
0.248,1980.0,56049.333333333336
0.248,1802.5,58926.5
0.248,3500.0,102902.0
0.248,3500.0,201798.0
0.248,2685.0,106209.0
0.248,297.5,3577.0
0.248,881.0,10838.0
0.248,438.5,4905.5
0.248,2881.0,146633.66666666666
0.248,3500.0,69135.0
0.248,1405.0,106886.0
0.248,616.0,5115.0
0.248,1035.0,21344.0
0.248,173.0,630.5
0.248,1414.3333333333333,43597.666666666664
0.248,2726.6666666666665,110237.66666666667
0.248,186.5,468.0
0.248,3500.0,94610.0
0.248,1047.0,10929.0
0.248,3500.0,110771.0
0.248,1348.0,52989.5
0.248,2335.25,82387.75
0.248,1148.0,64527.0
0.248,1783.0,87722.0
0.248,1828.0,77162.5
0.248,3500.0,184266.0
0.248,830.5,29437.0
0.248,3500.0,119753.5
0.248,1928.25,93194.25
0.248,1785.0,76463.5
0.248,1058.5,25646.0
0.248,2679.0,65858.33333333333
0.248,3500.0,95787.0
0.248,1500.0,71428.8
0.248,3500.0,111314.5
0.248,3500.0,79409.0
0.248,2498.4,102058.4
0.248,1188.6,31717.0
0.248,3500.0,176797.0
0.248,2819.8,127244.6
0.248,216.0,504.0
0.248,1822.5,65101.0
0.248,103.0,219.0
0.248,2365.0,115260.33333333333
0.248,3500.0,195620.0
0.248,3500.0,120561.5
0.248,53.0,72.0
0.248,3500.0,175074.5
0.248,1441.6,35434.2
0.248,1561.0,33388.0
0.248,1798.5,37123.5
0.248,1553.6666666666667,60114.666666666664
0.248,212.0,1289.5
0.249,1133.0,30497.0
0.249,188.0,1920.0
0.249,3500.0,157684.5
0.249,2455.3333333333335,108583.66666666667
0.249,1808.0,49907.0
0.249,2313.0,39812.5
0.249,1781.5,34364.5
0.249,3500.0,110051.0
0.249,1353.0,17118.0
0.249,3500.0,229676.5
0.249,776.0,33247.0
0.249,1171.0,26646.0
0.249,1794.0,59105.0
0.249,956.0,38748.0
0.249,1791.5,88947.75
0.249,3500.0,142611.0
0.249,2842.3333333333335,111396.0
0.249,3500.0,100969.0
0.249,1807.0,43712.0
0.249,3500.0,160809.0
0.249,2112.5,105261.25
0.249,2367.6666666666665,81017.66666666667
0.249,1915.5,129991.5
0.249,3500.0,103797.0
0.249,608.0,7081.0
0.249,2686.3333333333335,105130.0
0.249,1922.25,89063.25
0.249,378.0,7242.0
0.249,3500.0,148298.0
0.249,1255.6666666666667,29932.333333333332
0.249,94.0,97.0
0.249,3500.0,160454.0
0.249,3500.0,118374.33333333333
0.249,1136.5,58165.75
0.249,3500.0,74079.0
0.249,3500.0,166941.0
0.249,105.0,115.0
0.249,3500.0,170812.0
0.249,2523.6666666666665,117672.66666666667
0.249,3500.0,65906.5
0.249,3500.0,172439.0
0.249,1794.5,96639.0
0.249,172.0,251.0
0.249,2115.25,97875.0
0.249,1888.0,71190.5
0.249,2360.3333333333335,84951.66666666667
0.249,2912.0,111701.75
0.249,3500.0,147813.0
0.249,3500.0,144862.0
0.249,3500.0,96522.0
0.249,3500.0,143581.0
0.249,79.0,99.0
0.249,765.0,8061.0
0.249,1936.5,73377.25
0.249,96.5,209.0
0.249,620.5,14773.5
0.249,2302.5,73630.0
0.249,3500.0,181679.0
0.249,1269.6666666666667,41583.0
0.249,600.0,9966.5
0.249,176.5,1694.25
0.249,2366.6666666666665,117706.0
0.249,524.5,11003.5
0.249,3500.0,215095.0
0.249,3500.0,169693.33333333334
0.249,1881.5,69173.0
0.249,3500.0,120465.66666666667
0.249,3500.0,139353.0
0.249,1076.5,50114.75
0.249,2200.6,100675.8
0.249,3500.0,178455.0
0.249,3500.0,173458.66666666666
0.249,2156.0,101907.33333333333
0.249,1792.5,76880.0
0.249,3500.0,76384.5
0.249,3500.0,170505.0
0.249,1986.0,93928.0
0.249,3500.0,89805.0
0.249,2413.25,57969.75
0.249,1852.5,56501.5
0.249,186.0,2959.0
0.249,3500.0,123897.5
0.249,3500.0,140122.0
0.249,3500.0,90165.5
0.249,3500.0,171919.5
0.25,1007.0,14558.0
0.25,1398.0,56025.0
0.25,168.0,669.0
0.25,1858.0,32106.0
0.25,3500.0,173645.0
0.25,122.0,1154.0
0.25,1837.0,42684.0
0.25,1943.0,129078.0
0.25,1338.0,79919.66666666667
0.25,3500.0,230960.0
0.25,1402.6666666666667,46562.333333333336
0.25,334.5,7774.0
0.25,262.5,1483.5
0.25,3500.0,169211.0
0.25,3500.0,92960.0
0.25,855.0,37493.5
0.25,3500.0,50789.0
0.25,3500.0,150055.0
0.25,3500.0,165889.0
0.25,89.0,106.0
0.25,95.0,106.0
0.25,1512.0,88537.0
0.25,143.0,724.0
0.25,66.0,88.0
0.25,3500.0,123847.0
0.25,282.0,1544.0
0.25,1993.6666666666667,58143.0
0.25,2253.5,39026.0
0.25,3500.0,127623.0
0.25,100.0,281.3333333333333
0.25,3500.0,184512.0
0.25,3500.0,132381.0
0.25,77.0,81.0
0.25,2654.5,62789.5
0.25,3500.0,184572.0
0.25,1331.6666666666667,62522.0
0.25,3500.0,148587.5
0.25,3500.0,158575.33333333334
0.25,3500.0,101295.0
0.25,3500.0,119490.5
0.25,139.0,148.0
0.25,3500.0,157457.33333333334
0.25,2820.8,124778.4
0.25,2971.6666666666665,154548.66666666666
0.25,2379.3333333333335,102054.33333333333
0.25,3500.0,75842.0
0.25,1496.0,53058.4
0.25,3500.0,160493.0
0.25,2561.3333333333335,102881.0
0.25,232.0,3516.0
0.25,3500.0,122088.0
0.25,827.0,33535.5
0.25,1236.0,47148.333333333336
0.25,1809.5,70516.5
0.25,1924.0,47254.0
0.25,2361.6666666666665,90498.33333333333
0.25,3500.0,176537.0
0.25,3500.0,180627.0
0.25,3500.0,192434.0
0.25,1264.0,41902.0
0.25,1373.3333333333333,52943.666666666664
0.25,1891.25,72764.25
0.25,1739.0,78683.66666666667
0.25,2226.75,85496.25
0.25,3500.0,168505.0
0.25,2541.6666666666665,71872.0
0.25,1243.3333333333333,71206.66666666667
0.25,1839.0,70642.5
0.25,857.4,14171.0
0.25,2209.0,67756.0
0.25,2869.0,149681.0
0.25,2627.3333333333335,105731.33333333333
0.25,3500.0,233139.0
0.25,3500.0,135034.5
0.25,911.5,62927.0
0.25,2019.0,60868.0
0.25,1798.25,61406.75
0.251,628.0,9774.5
0.251,153.0,1098.0
0.251,625.0,18580.0
0.251,210.0,4477.0
0.251,3500.0,152202.0
0.251,2016.3333333333333,82699.33333333333
0.251,2140.5,85446.75
0.251,1817.0,85333.66666666667
0.251,1008.0,15739.0
0.251,3500.0,185117.0
0.251,3500.0,188621.0
0.251,990.0,11037.0
0.251,1851.0,37509.333333333336
0.251,2354.1666666666665,91494.0
0.251,2273.0,111004.5
0.251,2535.0,80905.5
0.251,1825.5,62725.5
0.251,3500.0,104136.0
0.251,1702.8,68222.4
0.251,843.0,10113.0
0.251,2656.75,120169.5
0.251,1857.0,68998.0
0.251,640.0,9661.0
0.251,3500.0,112215.0
0.251,169.0,214.5
0.251,3500.0,136468.0
0.251,1037.0,18249.0
0.251,434.0,10177.0
0.251,2062.0,99300.5
0.251,1425.6666666666667,74801.66666666667
0.251,3500.0,177554.0
0.251,1428.0,39242.0
0.251,3500.0,205712.0
0.251,2381.6666666666665,111210.0
0.251,2359.6666666666665,73610.66666666667
0.251,1838.0,80162.5
0.251,2296.0,109065.0
0.251,92.0,99.0
0.251,107.0,159.0
0.251,179.5,1186.0
0.251,3500.0,118184.5
0.251,1066.0,59667.0
0.251,64.0,468.0
0.251,153.0,337.0
0.251,1802.5,29663.0
0.251,3500.0,71201.0
0.251,85.0,105.0
0.251,3500.0,114577.66666666667
0.251,2369.5,136163.0
0.251,3500.0,123168.33333333333
0.251,491.0,10270.0
0.251,3500.0,132400.0
0.251,1696.3333333333333,69922.0
0.251,1324.0,55876.333333333336
0.251,1874.0,67151.0
0.251,1854.5,43998.5
0.251,1517.8,39825.4
0.251,1042.0,45207.0
0.251,3500.0,133528.0
0.251,162.5,250.0
0.251,3500.0,62477.0
0.251,103.5,406.5
0.251,2647.75,102394.25
0.251,3500.0,100158.0
0.251,2407.5,68840.0
0.251,3500.0,121534.0
0.251,1805.5,80002.75
0.251,3500.0,75194.0
0.251,81.0,107.0
0.251,2515.0,131000.33333333333
0.251,3500.0,102037.0
0.251,3500.0,170771.66666666666
0.251,1670.3333333333333,63825.666666666664
0.251,3500.0,248302.0
0.251,2314.75,106132.25
0.251,1885.0,81642.0
0.251,255.0,3759.0
0.251,3500.0,240574.0
0.251,95.5,99.0
0.251,3500.0,61195.0
0.251,2367.6666666666665,123021.33333333333
0.252,3500.0,139238.0
0.252,1799.0,107378.0
0.252,174.0,1653.0
0.252,3500.0,175469.0
0.252,75.0,77.0
0.252,3500.0,121149.0
0.252,1073.5,20845.5
0.252,1794.5,108615.0
0.252,1360.6666666666667,35559.0
0.252,2203.75,69734.25
0.252,669.0,13249.333333333334
0.252,3500.0,135455.0
0.252,3500.0,222806.0
0.252,1808.0,105638.5
0.252,3500.0,90954.0
0.252,1882.0,60031.333333333336
0.252,1237.6666666666667,59384.0
0.252,1274.3333333333333,38753.666666666664
0.252,1903.25,90814.75
0.252,1032.0,42527.0
0.252,3500.0,207804.0
0.252,1746.8,47912.4
0.252,1778.0,43182.5
0.252,2376.6666666666665,73702.33333333333
0.252,116.0,257.0
0.252,1912.25,65358.25
0.252,3500.0,142467.0
0.252,177.0,398.0
0.252,3500.0,100276.0
0.252,1987.0,63928.0
0.252,1781.0,70402.0
0.252,2294.0,124530.5
0.252,2390.6666666666665,110230.66666666667
0.252,3500.0,80515.0
0.252,3500.0,63710.0
0.252,2285.5,75963.0
0.252,132.0,358.0
0.252,1228.5,26563.5
0.252,97.0,100.0
0.252,3500.0,87593.0
0.252,2159.0,56512.5
0.252,1778.5,48828.0
0.252,143.0,313.0
0.252,94.0,150.0
0.252,2015.0,48149.0
0.252,3500.0,189545.6
0.252,3500.0,211103.0
0.252,3500.0,179135.0
0.252,688.5,18670.0
0.252,72.0,131.0
0.252,3500.0,224902.0
0.252,3500.0,83416.0
0.252,3500.0,107382.0
0.252,2887.3333333333335,124887.0
0.252,214.0,894.0
0.252,227.0,2779.0
0.252,145.0,205.0
0.252,2647.5,102763.25
0.252,3500.0,168469.0
0.252,1786.0,60778.5
0.252,147.0,347.0
0.252,2032.0,123169.0
0.252,92.5,99.5
0.252,744.0,18525.25
0.252,1463.3333333333333,27607.0
0.252,3500.0,144512.0
0.252,1699.0,101422.33333333333
0.252,3500.0,219493.5
0.252,3500.0,226493.0
0.252,2211.4,136319.6
0.252,2320.2,78272.8
0.252,874.0,30576.666666666668
0.252,1310.0,38562.0
0.252,1807.5,91391.0
0.252,2254.6666666666665,100930.66666666667
0.252,3500.0,146852.5
0.252,281.0,2745.0
0.253,3500.0,221088.0
0.253,1332.3333333333333,26917.666666666668
0.253,98.0,211.0
0.253,343.0,4064.0
0.253,1823.0,95459.5
0.253,2906.8,115086.6
0.253,3500.0,107099.66666666667
0.253,69.0,132.0
0.253,45.0,48.0
0.253,122.0,289.5
0.253,3500.0,88960.0
0.253,2927.5,121959.75
0.253,3500.0,145080.66666666666
0.253,1809.0,30714.0
0.253,2640.5,132680.5
0.253,2465.0,94448.0
0.253,1922.0,64009.5
0.253,3500.0,204946.0
0.253,3500.0,106380.0
0.253,1813.5,99804.0
0.253,2713.0,156058.5
0.253,1730.6666666666667,91318.66666666667
0.253,3500.0,240387.0
0.253,2216.8,95676.6
0.253,1067.0,28252.0
0.253,3500.0,182252.0
0.253,1840.0,34036.5
0.253,3500.0,60218.0
0.253,1800.0,38321.5
0.253,3500.0,223267.0
0.253,3500.0,139089.0
0.253,1531.0,52922.75
0.253,3500.0,196946.5
0.253,3500.0,172105.0
0.253,1812.0,75147.0
0.253,301.0,4627.0
0.253,195.0,1987.3333333333333
0.253,1390.0,65358.0
0.253,2436.0,132017.33333333334
0.253,3500.0,125277.0
0.253,135.0,147.0
0.253,1893.0,71978.0
0.253,1468.8,69407.4
0.253,2452.0,121773.33333333333
0.253,2435.0,124203.5
0.253,860.0,31645.0
0.253,1834.5,105715.0
0.253,164.66666666666666,3076.6666666666665
0.253,1129.5,33957.5
0.253,115.0,478.0
0.253,1676.0,53215.666666666664
0.253,2371.3333333333335,98178.66666666667
0.253,1908.75,92087.75
0.253,1248.6666666666667,42162.333333333336
0.253,524.0,9829.0
0.253,116.0,1278.0
0.253,1794.5,65929.5
0.253,1859.25,96252.75
0.253,154.0,234.5
0.253,85.0,105.0
0.253,2382.6666666666665,72423.0
0.253,3500.0,169014.5
0.253,2177.5,106865.66666666667
0.253,3500.0,187103.0
0.253,3500.0,231229.0
0.253,2101.0,83565.66666666667
0.253,3500.0,192254.0
0.253,1874.0,107655.0
0.253,3500.0,203060.0
0.253,3500.0,118966.0
0.253,3500.0,128742.5
0.253,3500.0,183065.0
0.253,1894.75,80837.75
0.253,1258.6666666666667,39425.666666666664
0.253,236.33333333333334,3123.0
0.253,3500.0,196066.0
0.254,93.0,150.0
0.254,3500.0,147499.33333333334
0.254,966.3333333333334,42709.333333333336
0.254,3500.0,132874.0
0.254,1791.0,44427.0
0.254,3500.0,110416.0
0.254,1947.8,64913.0
0.254,2931.1666666666665,113307.16666666667
0.254,148.0,411.0
0.254,3500.0,136548.0
0.254,1372.6666666666667,72389.33333333333
0.254,1679.6666666666667,96515.0
0.254,948.0,42876.0
0.254,2597.5,105562.5
0.254,1804.0,104991.0
0.254,3500.0,183067.0
0.254,3500.0,152434.0
0.254,148.0,289.0
0.254,967.0,52287.5
0.254,3500.0,107635.0
0.254,140.5,867.5
0.254,835.0,22373.5
0.254,1124.25,41494.0
0.254,2013.0,97959.0
0.254,77.5,100.5
0.254,398.0,16349.5
0.254,1338.3333333333333,55267.666666666664
0.254,898.0,18352.0
0.254,3500.0,166778.0
0.254,3500.0,206907.0
0.254,1831.0,57268.5
0.254,3500.0,115345.0
0.254,3500.0,186563.0
0.254,415.5,2945.0
0.254,3500.0,211275.0
0.254,2364.0,128361.33333333333
0.254,2405.0,73991.0
0.254,3500.0,223541.0
0.254,1043.0,21024.0
0.254,2648.5,97885.0
0.254,289.0,11272.0
0.254,1296.6666666666667,61381.0
0.254,1787.0,43278.5
0.254,3500.0,157489.0
0.254,3500.0,121602.0
0.254,1533.0,55237.0
0.254,2320.2,111463.8
0.254,289.5,7183.5
0.254,3500.0,186720.6
0.254,3500.0,75721.0
0.254,3500.0,105649.0
0.254,607.0,11490.0
0.254,1778.0,33077.0
0.254,1940.0,105910.0
0.254,1795.5,87081.5
0.254,162.33333333333334,2859.6666666666665
0.254,322.5,3021.0
0.254,2678.75,120911.5
0.254,3500.0,177784.0
0.254,3500.0,185969.0
0.254,3500.0,72768.0
0.254,1298.6666666666667,61052.666666666664
0.254,619.0,33895.333333333336
0.254,3500.0,197036.66666666666
0.254,1553.25,51037.25
0.254,473.5,8950.5
0.254,1153.0,22346.0
0.254,3500.0,255742.0
0.254,289.0,2495.0
0.254,2363.6666666666665,110563.0
0.254,104.0,173.0
0.254,53.0,59.0
0.254,3500.0,172184.5
0.254,3500.0,175538.0
0.254,764.0,21360.0
0.255,3500.0,176818.0
0.255,3500.0,227415.0
0.255,3500.0,177320.0
0.255,3500.0,177762.0
0.255,117.0,142.0
0.255,1795.25,65301.75
0.255,112.0,118.0
0.255,1316.3333333333333,46913.333333333336
0.255,3500.0,155383.0
0.255,3500.0,97558.0
0.255,216.0,273.0
0.255,1981.0,106863.0
0.255,1427.6666666666667,41733.666666666664
0.255,3500.0,193483.0
0.255,1828.0,31626.5
0.255,115.0,251.5
0.255,1793.5,107316.5
0.255,165.5,1779.0
0.255,1798.5,78139.0
0.255,111.0,113.0
0.255,3500.0,134159.5
0.255,60.0,91.0
0.255,83.0,88.0
0.255,1275.75,69586.75
0.255,880.0,24981.5
0.255,1850.6666666666667,44006.666666666664
0.255,1110.0,30150.0
0.255,1249.6666666666667,47485.666666666664
0.255,147.0,210.0
0.255,2707.3333333333335,118508.0
0.255,2517.5,79717.0
0.255,3500.0,200531.0
0.255,741.0,13510.5
0.255,333.5,5433.5
0.255,3500.0,243398.0
0.255,1242.3333333333333,39098.333333333336
0.255,1307.75,46194.0
0.255,2131.2,73107.2
0.255,1969.0,83406.66666666667
0.255,1155.5,46792.5
0.255,1812.5,44251.5
0.255,3500.0,131340.5
0.255,1375.0,25169.0
0.255,520.0,17708.0
0.255,3500.0,121926.0
0.255,3500.0,135963.0
0.255,3500.0,160842.0
0.255,3500.0,235113.0
0.255,398.0,4782.0
0.255,3500.0,119426.5
0.255,946.0,15725.5
0.255,1781.0,74725.5
0.255,3500.0,142570.0
0.255,3500.0,186465.0
0.255,1221.3333333333333,33974.666666666664
0.255,1393.0,44198.666666666664
0.255,1263.6666666666667,54574.0
0.255,98.0,159.0
0.255,3500.0,103004.0
0.255,106.0,188.0
0.255,3500.0,101695.0
0.255,1824.0,116656.0
0.255,1412.3333333333333,33366.333333333336
0.255,2009.5,59165.5
0.255,1805.0,37755.5
0.255,2111.75,101842.75
0.255,100.0,105.0
0.255,2856.3333333333335,120563.66666666667
0.255,1919.6,53805.8
0.255,1426.0,37826.0
0.255,3500.0,218382.5
0.255,1296.6666666666667,37142.333333333336
0.255,2035.0,81166.0
0.255,368.0,11158.5
0.255,1853.5,54816.5
0.255,216.0,1207.0
0.255,1987.0,105313.0
0.255,534.3333333333334,5977.333333333333
0.255,3500.0,192542.5
0.255,1512.5,46429.5
0.255,734.0,11283.5
0.255,3500.0,227595.0
0.255,2537.0,144464.0
0.255,1202.5,37904.0
0.256,2782.75,100505.0
0.256,1711.6666666666667,52788.666666666664
0.256,1804.5,59611.5
0.256,143.0,203.0
0.256,2057.75,90044.0
0.256,1133.0,30125.0
0.256,2947.75,94808.75
0.256,3500.0,171649.0
0.256,1686.6666666666667,37772.333333333336
0.256,59.0,651.0
0.256,3500.0,129878.0
0.256,2727.0,117322.0
0.256,3500.0,237209.0
0.256,2548.1428571428573,138447.14285714287
0.256,3500.0,146758.0
0.256,3500.0,131534.0
0.256,3500.0,202634.0
0.256,3500.0,102457.0
0.256,3500.0,93648.0
0.256,1814.0,72201.0
0.256,80.0,122.0
0.256,3500.0,134175.0
0.256,3500.0,89230.0
0.256,2838.3333333333335,98544.66666666667
0.256,3500.0,102947.5
0.256,658.5,15039.0
0.256,3500.0,113599.0
0.256,216.0,603.0
0.256,3500.0,136879.0
0.256,1068.0,67561.8
0.256,2165.5,55960.0
0.256,3500.0,119809.0
0.256,1782.0,60548.0
0.256,1484.0,31890.0
0.256,220.0,1770.5
0.256,2237.2,66568.8
0.256,274.0,2683.5
0.256,126.5,489.0
0.256,1588.0,54752.0
0.256,2575.6666666666665,50951.666666666664
0.256,3500.0,137785.0
0.256,1811.0,34231.0
0.256,1841.5,76062.0
0.256,3500.0,146476.0
0.256,2409.3333333333335,91074.33333333333
0.256,1840.0,30995.0
0.256,83.0,89.0
0.256,1903.2,51258.2
0.256,569.0,7198.0
0.256,970.75,47632.0
0.256,3500.0,152853.5
0.256,2417.1666666666665,89536.33333333333
0.256,2649.75,100884.25
0.256,311.0,7864.0
0.256,1670.6666666666667,62655.0
0.256,2421.0,76038.33333333333
0.256,149.5,552.5
0.256,2006.0,60500.0
0.256,940.5,36891.0
0.256,1796.0,85601.5
0.256,1184.75,66298.25
0.256,3500.0,174182.0
0.256,135.0,958.5
0.256,1858.5,82201.5
0.256,2679.0,142105.66666666666
0.256,2711.6,138087.8
0.256,1209.5,28336.0
0.256,945.0,57700.5
0.256,1482.2,59714.4
0.256,3500.0,137506.5
0.256,1867.5,93928.5
0.256,652.3333333333334,11620.0
0.256,1019.6666666666666,30040.333333333332
0.256,3500.0,168076.66666666666
0.256,3500.0,126464.33333333333
0.256,3500.0,136307.33333333334
0.256,3500.0,98763.0
0.256,462.0,8592.0
0.256,1549.0,31848.0
0.256,3500.0,193620.0
0.257,92.0,150.0
0.257,3500.0,110825.0
0.257,564.0,16254.5
0.257,201.5,3970.5
0.257,1880.0,100026.66666666667
0.257,212.0,4159.0
0.257,3500.0,134860.33333333334
0.257,2367.6666666666665,93323.66666666667
0.257,3500.0,143695.75
0.257,2417.0,74598.66666666667
0.257,1665.0,33965.0
0.257,340.5,3517.0
0.257,1911.0,58797.0
0.257,2042.25,119499.5
0.257,2821.5,126999.5
0.257,3500.0,58239.0
0.257,843.0,8772.0
0.257,2567.3333333333335,101736.66666666667
0.257,2534.6666666666665,89388.0
0.257,3500.0,112612.0
0.257,2370.6666666666665,120975.66666666667
0.257,3500.0,134340.0
0.257,3500.0,95695.0
0.257,664.5,19692.0
0.257,1258.3333333333333,70911.66666666667
0.257,3500.0,140260.0
0.257,1517.0,93792.0
0.257,2360.0,73289.66666666667
0.257,1867.0,97196.5
0.257,2405.3333333333335,85326.33333333333
0.257,776.0,26561.5
0.257,3500.0,211004.0
0.257,713.5,14724.0
0.257,2446.0,66929.66666666667
0.257,63.0,617.0
0.257,3500.0,153661.0
0.257,2656.5,141982.25
0.257,3500.0,143599.0
0.257,2365.0,76839.0
0.257,94.0,151.0
0.257,1600.3333333333333,67422.33333333333
0.257,926.0,28086.75
0.257,3500.0,125043.5
0.257,1833.5,52091.5
0.257,103.0,156.0
0.257,1593.6666666666667,32425.333333333332
0.257,2439.6666666666665,97305.66666666667
0.257,74.0,93.0
0.257,1537.25,42154.25
0.257,1651.6666666666667,75304.0
0.257,1251.6666666666667,59583.666666666664
0.257,3500.0,158813.5
0.257,93.0,144.0
0.257,185.0,555.0
0.257,1601.0,86367.0
0.257,117.0,156.0
0.257,953.0,26334.5
0.257,185.0,3471.0
0.257,3500.0,125505.0
0.257,2357.6666666666665,77406.33333333333
0.257,1793.0,92424.0
0.257,3500.0,137153.0
0.257,106.0,631.0
0.257,2362.5,110940.66666666667
0.257,262.0,1320.0
0.257,2288.5,32154.0
0.257,3500.0,110906.66666666667
0.257,3500.0,157918.0
0.257,515.5,8940.5
0.257,2829.4,122288.4
0.257,1200.6666666666667,72558.33333333333
0.257,2367.0,63756.333333333336
0.257,232.0,4066.0
0.257,1630.0,46241.666666666664
0.257,941.5,46432.5
0.257,1784.5,86535.0
0.257,195.0,5332.0
0.257,128.0,1868.0
0.257,2043.0,71559.0
0.257,2647.75,110567.0
0.257,87.0,162.0
0.257,579.5,10589.5
0.258,2262.5,149419.0
0.258,1875.5,113976.0
0.258,216.0,1148.0
0.258,1272.3333333333333,21881.333333333332
0.258,105.0,566.0
0.258,3500.0,214513.0
0.258,1112.0,78067.0
0.258,2586.5,143354.0
0.258,1906.5,61405.5
0.258,481.0,11055.0
0.258,3500.0,153730.0
0.258,70.0,398.0
0.258,1302.6666666666667,31051.666666666668
0.258,277.0,9031.0
0.258,1069.0,30185.0
0.258,3500.0,83300.0
0.258,1928.0,65028.333333333336
0.258,101.0,109.0
0.258,137.0,2476.0
0.258,3500.0,114947.0
0.258,2499.3333333333335,80475.66666666667
0.258,1478.0,34019.0
0.258,216.0,290.0
0.258,2201.0,120416.75
0.258,762.0,10175.0
0.258,301.0,1377.0
0.258,2483.5,83538.5
0.258,1920.0,80394.66666666667
0.258,1799.0,94592.5
0.258,3500.0,74848.0
0.258,2614.0,92393.5
0.258,787.0,25165.0
0.258,749.6666666666666,49376.666666666664
0.258,2134.2,87405.8
0.258,3500.0,259809.0
0.258,1818.0,62823.5
0.258,899.2,42694.8
0.258,2133.0,74419.25
0.258,2056.0,115141.0
0.258,382.5,3091.5
0.258,2010.5,115312.0
0.258,1945.0,111498.5
0.258,3500.0,109268.0
0.258,1945.5,72345.0
0.258,3500.0,174056.0
0.258,3500.0,102822.0
0.258,3500.0,183922.0
0.258,1600.0,130388.0
0.258,2188.75,91228.75
0.258,134.0,194.0
0.258,160.0,513.0
0.258,897.8,28604.2
0.258,1243.0,16753.0
0.258,1181.0,17257.0
0.258,2484.5,91532.0
0.258,1280.6666666666667,78469.66666666667
0.258,233.5,1971.0
0.258,3500.0,191796.5
0.258,3500.0,150310.0
0.258,244.0,7016.0
0.258,1085.0,41905.0
0.258,692.0,17611.0
0.258,590.0,22392.0
0.258,3500.0,78326.0
0.258,102.0,103.0
0.258,1798.0,105944.0
0.258,2349.6666666666665,73671.66666666667
0.258,227.5,1930.5
0.258,98.0,147.0
0.258,382.0,4575.0
0.258,104.0,152.0
0.258,126.0,183.0
0.258,3500.0,255532.0
0.258,84.0,100.5
0.258,2830.6666666666665,114094.66666666667
0.258,3500.0,156063.0
0.258,3500.0,141438.0
0.259,1588.0,53463.0
0.259,724.0,25962.0
0.259,2176.0,103506.0
0.259,1378.3333333333333,21098.0
0.259,1042.0,36591.0
0.259,433.0,1989.0
0.259,1132.0,14389.0
0.259,1824.0,88616.0
0.259,3500.0,130292.75
0.259,1299.0,58106.0
0.259,3500.0,163384.0
0.259,619.0,6545.0
0.259,1703.3333333333333,95760.0
0.259,415.0,10256.0
0.259,1011.0,67310.0
0.259,1892.5,86909.0
0.259,2271.5,84325.5
0.259,468.0,14812.0
0.259,2168.25,107775.25
0.259,3500.0,60916.0
0.259,3500.0,113729.5
0.259,3500.0,67128.0
0.259,2038.0,70767.0
0.259,216.0,482.0
0.259,1275.6666666666667,43274.0
0.259,67.0,123.0
0.259,963.75,36703.25
0.259,3500.0,109520.5
0.259,3500.0,74021.0
0.259,3500.0,82159.0
0.259,3500.0,169559.0
0.259,1029.0,11173.0
0.259,3500.0,125530.33333333333
0.259,1802.0,48682.0
0.259,240.0,2331.0
0.259,1516.0,53117.0
0.259,3500.0,127569.0
0.259,653.0,17658.0
0.259,3500.0,98085.0
0.259,2636.0,158562.0
0.259,3500.0,135268.0
0.259,3500.0,229172.0
0.259,1626.0,36533.0
0.259,2670.25,89795.75
0.259,3500.0,104923.0
0.259,1632.3333333333333,70854.5
0.259,3500.0,218808.0
0.259,856.0,29438.5
0.259,1782.0,106613.0
0.259,1468.0,35055.0
0.259,2607.0,137610.2
0.259,756.5,22175.5
0.259,2424.5,129567.5
0.259,1683.6666666666667,52814.333333333336
0.259,2685.0,69298.0
0.259,1937.0,84001.33333333333
0.259,2669.3333333333335,122038.33333333333
0.259,1219.0,63508.333333333336
0.259,525.0,8980.0
0.259,2847.5,135364.5
0.259,1228.3333333333333,36878.666666666664
0.259,3500.0,116552.5
0.259,525.0,8599.0
0.259,3500.0,130342.66666666667
0.259,3500.0,165760.33333333334
0.259,2354.3333333333335,113683.33333333333
0.259,3500.0,84957.0
0.259,1794.0,104669.5
0.26,1106.0,24686.0
0.26,3500.0,163935.0
0.26,3500.0,107823.0
0.26,3500.0,157446.5
0.26,3500.0,115400.0
0.26,93.0,104.0
0.26,644.3333333333334,26230.0
0.26,3500.0,97649.0
0.26,3500.0,65340.0
0.26,3500.0,144202.0
0.26,3500.0,78335.0
0.26,1506.0,91622.0
0.26,673.0,11544.0
0.26,1258.0,66351.75
0.26,1461.3333333333333,53196.666666666664
0.26,1147.0,29343.5
0.26,1251.0,57861.666666666664
0.26,2048.0,73167.5
0.26,1864.0,64160.333333333336
0.26,949.5,52219.0
0.26,3500.0,151910.0
0.26,3500.0,119504.66666666667
0.26,1168.0,21044.0
0.26,1814.0,90383.5
0.26,142.0,178.0
0.26,3500.0,181249.0
0.26,1902.3333333333333,75792.33333333333
0.26,3500.0,217798.0
0.26,1056.0,25558.0
0.26,3500.0,199446.0
0.26,1254.5,49450.0
0.26,3500.0,217302.0
0.26,3500.0,72419.0
0.26,3500.0,200920.0
0.26,2045.0,103422.5
0.26,160.0,4003.0
0.26,125.0,245.0
0.26,1805.0,80396.5
0.26,2652.5,62598.75
0.26,848.3333333333334,29341.666666666668
0.26,1800.25,94911.5
0.26,118.0,142.0
0.26,2355.3333333333335,100824.33333333333
0.26,2379.3333333333335,45152.666666666664
0.26,3500.0,151134.5
0.26,137.0,409.5
0.26,2893.0,105057.75
0.26,3500.0,119807.5
0.26,1028.0,22064.25
0.26,3019.0,142366.5
0.26,1797.5,109212.5
0.26,3500.0,113480.0
0.26,3500.0,60524.0
0.26,1349.3333333333333,33549.0
0.26,2075.5,96580.25
0.26,3500.0,148496.0
0.26,516.0,3415.0
0.26,1544.25,60104.75
0.26,1750.6,62292.0
0.26,1948.5,68290.5
0.26,160.5,1727.0
0.26,2284.3333333333335,91322.33333333333
0.26,3500.0,149957.5
0.26,1739.3333333333333,58132.333333333336
0.26,1351.3333333333333,62351.0
0.26,118.33333333333333,1587.6666666666667
0.26,1523.2,57446.8
0.26,2001.5,112604.0
0.26,434.0,7857.0
0.26,2804.0,93226.0
0.26,3500.0,187183.0
0.26,1954.0,115955.0
0.26,1836.0,44118.0
0.26,2326.0,110401.5
0.26,110.0,139.0
0.26,985.2,24394.6
0.26,643.0,14510.0
0.26,369.0,6208.0
0.261,1610.0,50622.666666666664
0.261,2381.3333333333335,123727.66666666667
0.261,153.5,576.5
0.261,2494.0,53789.333333333336
0.261,2760.6666666666665,85169.0
0.261,3500.0,164800.0
0.261,3500.0,124402.0
0.261,1352.0,53607.0
0.261,892.0,25106.0
0.261,390.0,4879.0
0.261,636.0,12150.0
0.261,257.5,4065.0
0.261,1290.75,47009.5
0.261,2416.5,86870.5
0.261,81.0,101.0
0.261,57.0,66.0
0.261,2229.8,65814.4
0.261,2358.0,117750.33333333333
0.261,261.6666666666667,5037.0
0.261,1568.4,57303.8
0.261,2282.0,48757.5
0.261,2750.0,150528.5
0.261,342.0,9527.0
0.261,3500.0,143005.0
0.261,2245.5,77588.5
0.261,1404.3333333333333,71003.33333333333
0.261,3500.0,172270.0
0.261,2472.0,139253.5
0.261,96.0,107.0
0.261,1230.0,44244.0
0.261,3500.0,152089.25
0.261,610.0,3031.0
0.261,1914.5,54655.5
0.261,66.0,84.0
0.261,2452.6666666666665,74724.0
0.261,2265.0,46934.0
0.261,1781.0,37519.5
0.261,1846.5,123578.0
0.261,3500.0,159457.0
0.261,149.5,386.5
0.261,3500.0,207761.0
0.261,2142.5,85076.5
0.261,2341.5,99453.5
0.261,1235.0,35970.666666666664
0.261,300.0,2245.5
0.261,502.0,19230.0
0.261,2450.6666666666665,121886.33333333333
0.261,1057.0,22492.0
0.261,1785.5,82227.0
0.261,1833.0,125941.5
0.261,3500.0,139431.5
0.261,1260.0,56471.666666666664
0.261,1209.0,85950.0
0.261,1617.0,85452.0
0.261,663.0,9188.0
0.261,2365.3333333333335,78537.0
0.261,3500.0,166961.0
0.261,1808.0,75429.0
0.261,3500.0,187418.5
0.261,1798.5,110099.5
0.261,589.0,26612.0
0.261,2471.0,105661.33333333333
0.261,934.6666666666666,28993.333333333332
0.261,2548.5,112490.0
0.261,95.0,205.0
0.261,97.0,192.0
0.261,128.5,655.5
0.261,1104.0,13534.0
0.261,1114.5,67845.0
0.261,3500.0,108389.0
0.261,224.0,1760.0
0.261,3500.0,102038.0
0.261,1247.0,34346.0
0.261,67.0,247.0
0.261,171.0,5129.0
0.262,1853.5,75855.5
0.262,168.5,1087.0
0.262,2260.0,110823.0
0.262,1926.0,98232.33333333333
0.262,3500.0,167827.0
0.262,779.0,6133.0
0.262,230.5,2623.5
0.262,99.0,101.0
0.262,1794.25,99959.75
0.262,3500.0,166524.0
0.262,1241.75,59782.5
0.262,2600.6666666666665,91648.0
0.262,1796.5,64372.25
0.262,2090.0,74483.5
0.262,3500.0,149975.0
0.262,2482.5,44307.5
0.262,592.0,12547.666666666666
0.262,65.0,824.0
0.262,2475.0,64282.0
0.262,693.6666666666666,8593.333333333334
0.262,102.0,115.0
0.262,1404.0,73818.0
0.262,115.5,158.5
0.262,1798.75,53534.5
0.262,433.0,5952.0
0.262,373.0,6424.0
0.262,1144.5,23434.0
0.262,134.0,2467.0
0.262,3500.0,121283.0
0.262,2468.6666666666665,115127.66666666667
0.262,3500.0,145966.5
0.262,3500.0,145058.5
0.262,3500.0,185277.5
0.262,3500.0,122298.0
0.262,1803.5,89603.5
0.262,69.0,200.0
0.262,2135.0,91157.75
0.262,1791.5,50069.5
0.262,261.5,2588.0
0.262,225.33333333333334,3302.0
0.262,2837.0,98424.33333333333
0.262,3500.0,98860.0
0.262,3500.0,219122.0
0.262,3500.0,98543.0
0.262,1362.5,36032.5
0.262,226.0,3840.6666666666665
0.262,3500.0,139982.5
0.262,50.0,63.0
0.262,226.66666666666666,3069.3333333333335
0.262,3500.0,161945.0
0.262,3500.0,198130.0
0.262,3500.0,103972.5
0.262,2275.0,45469.0
0.262,3500.0,82499.0
0.262,3500.0,130825.0
0.262,3500.0,120333.0
0.262,848.0,28881.333333333332
0.262,2247.6,72680.4
0.262,1331.6666666666667,32547.0
0.262,1877.0,65479.0
0.262,1830.0,51958.5
0.262,1343.0,49565.5
0.262,662.0,8059.0
0.262,1783.5,69654.5
0.262,173.0,1802.0
0.262,3500.0,154250.0
0.262,1931.5,76175.25
0.262,92.0,185.0
0.262,866.5,23790.0
0.262,3500.0,71043.0
0.262,3500.0,96566.0
0.262,1769.0,39692.0
0.262,2174.0,61269.0
0.262,296.0,1780.3333333333333
0.262,463.0,11396.0
0.262,89.0,100.0
0.263,1789.5,80204.0
0.263,3500.0,115358.0
0.263,1225.6666666666667,46272.333333333336
0.263,2032.0,137917.0
0.263,1285.6666666666667,23593.333333333332
0.263,1795.5,89776.0
0.263,1858.0,112177.0
0.263,641.0,20542.5
0.263,3500.0,173750.0
0.263,193.33333333333334,1375.0
0.263,2136.75,74696.25
0.263,1840.5,89122.5
0.263,594.0,6084.0
0.263,1966.5,140816.0
0.263,1815.5,32814.5
0.263,3500.0,156855.0
0.263,1790.5,31480.0
0.263,2034.0,66435.5
0.263,1867.0,68523.0
0.263,761.0,14730.0
0.263,3500.0,91471.0
0.263,3500.0,122472.0
0.263,1785.5,85722.5
0.263,1247.6666666666667,53632.666666666664
0.263,3500.0,159995.0
0.263,99.0,100.0
0.263,554.0,10117.0
0.263,1554.6666666666667,50546.0
0.263,2366.1666666666665,93941.0
0.263,322.0,4096.0
0.263,61.0,434.0
0.263,1043.5,55891.25
0.263,1245.0,41008.5
0.263,1021.0,13642.0
0.263,2119.25,51240.0
0.263,2652.25,148608.5
0.263,2376.6666666666665,78423.33333333333
0.263,1376.0,21955.0
0.263,95.5,105.5
0.263,1757.0,47815.0
0.263,3500.0,162086.0
0.263,3500.0,147453.0
0.263,3500.0,142622.0
0.263,3500.0,165663.5
0.263,383.0,6305.0
0.263,1787.25,66518.75
0.263,844.5,22627.5
0.263,3500.0,172405.5
0.263,880.0,17093.0
0.263,2244.4,105460.2
0.263,1377.75,53457.25
0.263,141.0,269.0
0.263,1336.25,30346.25
0.263,2551.0,69736.0
0.263,717.0,6109.0
0.263,3500.0,115565.0
0.263,3500.0,68382.0
0.263,2105.6666666666665,79272.33333333333
0.263,3500.0,161176.0
0.263,92.5,130.5
0.263,2033.0,71220.25
0.263,1681.0,54907.333333333336
0.263,978.75,38840.5
0.263,2362.0,69828.66666666667
0.263,304.0,5976.0
0.263,1452.0,57624.6
0.263,3500.0,172005.0
0.263,1800.0,44119.0
0.263,1062.0,25309.0
0.263,3500.0,138714.0
0.263,2412.0,155990.0
0.263,1922.5,88330.5
0.263,2407.6666666666665,126631.83333333333
0.263,3500.0,73056.0
0.263,3057.5,169365.25
0.263,3500.0,162608.0
0.263,1858.0,103996.5
0.263,1818.5,100416.5
0.263,1558.0,33178.666666666664
0.263,162.0,843.0
0.263,3500.0,199587.0
0.263,2642.5,90812.75
0.263,555.0,21725.666666666668
0.264,1423.5,70158.75
0.264,3500.0,95858.0
0.264,616.0,14218.5
0.264,146.25,1060.75
0.264,1802.0,64306.0
0.264,2415.3333333333335,53085.333333333336
0.264,3500.0,106936.0
0.264,199.0,290.0
0.264,3500.0,104401.5
0.264,570.0,11553.0
0.264,65.0,68.0
0.264,3500.0,92119.0
0.264,1949.5,50290.5
0.264,1117.75,23188.25
0.264,101.0,166.0
0.264,3500.0,79238.5
0.264,1803.6666666666667,61993.666666666664
0.264,1969.5,116475.5
0.264,90.0,93.0
0.264,1782.0,107789.5
0.264,3500.0,171121.0
0.264,90.66666666666667,346.0
0.264,3500.0,170240.5
0.264,2736.6666666666665,90172.0
0.264,3500.0,163500.0
0.264,2083.5,113592.5
0.264,1803.5,71157.0
0.264,3500.0,218961.5
0.264,3500.0,150558.0
0.264,3500.0,112037.0
0.264,524.5,12324.5
0.264,3500.0,177337.5
0.264,100.0,117.0
0.264,426.0,5451.0
0.264,1338.0,41273.0
0.264,1880.0,94532.5
0.264,3500.0,80268.0
0.264,2786.0,95012.25
0.264,1020.0,19950.0
0.264,170.0,744.0
0.264,2362.6666666666665,83612.0
0.264,557.0,10822.5
0.264,2761.0,80798.5
0.264,1775.0,83613.0
0.264,1815.0,79903.0
0.264,2413.0,114717.66666666667
0.264,3500.0,73311.0
0.264,236.0,3379.3333333333335
0.264,3500.0,171434.0
0.264,135.0,1657.0
0.264,1803.0,89693.0
0.264,1455.3333333333333,39384.333333333336
0.264,93.0,105.0
0.264,1792.75,83965.0
0.264,3500.0,111948.0
0.264,655.0,12265.0
0.264,3500.0,194321.0
0.264,1649.0,33906.0
0.264,3500.0,166483.5
0.264,2475.0,100997.0
0.264,149.0,212.0
0.264,90.0,217.0
0.264,103.0,160.5
0.264,1067.0,53140.8
0.264,1854.0,65553.0
0.264,408.0,9765.0
0.264,3500.0,219926.0
0.264,1249.6666666666667,26920.0
0.264,964.5,25853.75
0.264,2363.0,117223.5
0.264,1816.5,90231.0
0.264,104.0,130.0
0.264,84.0,90.0
0.264,1810.25,54718.5
0.264,3500.0,208156.0
0.264,3500.0,200191.0
0.264,1947.0,50604.0
0.264,1280.0,48685.666666666664
0.265,3500.0,133185.0
0.265,2667.5,125211.75
0.265,2521.6666666666665,82235.33333333333
0.265,1043.25,28587.5
0.265,2420.2,98304.2
0.265,3500.0,133599.0
0.265,597.5,20819.0
0.265,643.0,8297.5
0.265,3500.0,170258.0
0.265,2176.5,75858.25
0.265,1365.0,42424.0
0.265,92.0,94.0
0.265,100.0,109.0
0.265,851.8,17866.8
0.265,2366.3333333333335,124230.66666666667
0.265,1700.3333333333333,31412.0
0.265,245.5,6473.75
0.265,3500.0,142028.0
0.265,3500.0,184455.0
0.265,2366.6666666666665,87393.33333333333
0.265,1058.75,23399.5
0.265,3500.0,191029.0
0.265,852.0,14606.0
0.265,3500.0,160512.5
0.265,1833.0,43272.0
0.265,1274.0,28602.666666666668
0.265,3500.0,220257.0
0.265,1857.5,111220.0
0.265,84.0,153.0
0.265,3500.0,77545.0
0.265,3500.0,188295.5
0.265,1427.25,43427.75
0.265,3500.0,157045.0
0.265,1616.3333333333333,65068.666666666664
0.265,3500.0,148928.5
0.265,3500.0,210461.5
0.265,3500.0,238346.0
0.265,3500.0,140291.0
0.265,3500.0,149761.5
0.265,215.0,1623.0
0.265,330.5,4079.0
0.265,1359.5,35898.5
0.265,3500.0,160184.0
0.265,83.0,145.0
0.265,1803.0,87983.5
0.265,383.5,3951.0
0.265,1484.0,45270.0
0.265,352.5,4906.0
0.265,107.0,1215.0
0.265,104.0,223.0
0.265,85.0,94.0
0.265,186.0,845.0
0.265,105.0,155.0
0.265,80.0,95.0
0.265,1252.3333333333333,45954.333333333336
0.265,215.5,2926.0
0.265,78.0,101.0
0.265,216.0,1979.0
0.265,61.0,578.0
0.265,2140.5,82826.75
0.265,1820.3333333333333,84199.0
0.265,153.5,222.5
0.265,1829.0,38800.5
0.265,3500.0,103419.0
0.265,3054.0,100335.6
0.265,613.0,7483.0
0.265,2364.3333333333335,126729.0
0.265,2363.6666666666665,92438.66666666667
0.265,1816.4,78830.2
0.265,3500.0,80720.0
0.265,2419.0,118165.66666666667
0.265,3500.0,163987.0
0.265,228.0,4105.0
0.265,433.0,18832.0
0.265,3500.0,122253.0
0.265,3500.0,151375.0
0.265,3500.0,136667.5
0.265,3500.0,118814.5
0.265,363.0,4060.0
0.265,1151.0,24224.0
0.266,789.75,27273.25
0.266,1803.5,64148.5
0.266,1064.0,36303.8
0.266,1781.5,56223.0
0.266,2056.0,91839.0
0.266,2404.0,141000.0
0.266,105.0,109.0
0.266,1352.3333333333333,25676.666666666668
0.266,888.0,25271.5
0.266,1805.0,97149.5
0.266,3500.0,72454.0
0.266,535.0,12176.0
0.266,3500.0,127884.0
0.266,2736.0,176522.0
0.266,2378.0,124407.0
0.266,1800.5,97550.0
0.266,3500.0,124329.0
0.266,1002.0,48887.0
0.266,1876.5,43134.5
0.266,1781.25,77741.0
0.266,1799.0,39399.0
0.266,2479.5,63986.5
0.266,3500.0,65400.5
0.266,3500.0,103192.0
0.266,1636.6666666666667,92814.0
0.266,3500.0,214880.0
0.266,3500.0,89949.0
0.266,1817.5,42787.5
0.266,3500.0,67769.0
0.266,2405.3333333333335,111189.0
0.266,218.0,6351.0
0.266,164.0,211.0
0.266,1319.3333333333333,77081.66666666667
0.266,3500.0,194588.0
0.266,950.0,24421.75
0.266,1432.6666666666667,53643.0
0.266,3500.0,111206.5
0.266,888.0,30426.0
0.266,3500.0,85755.0
0.266,3500.0,178811.0
0.266,94.0,202.0
0.266,3500.0,187619.0
0.266,198.0,1134.5
0.266,374.0,3575.0
0.266,95.0,96.0
0.266,1836.5,47867.0
0.266,2432.0,52138.0
0.266,135.0,1552.6666666666667
0.266,3500.0,134943.0
0.266,1842.5,57149.0
0.266,90.0,151.0
0.266,2484.6666666666665,112428.0
0.266,753.5,49853.5
0.266,65.0,637.0
0.266,3500.0,125676.0
0.266,1716.3333333333333,55778.0
0.266,85.0,155.0
0.266,2732.75,157362.75
0.266,83.0,99.0
0.266,1069.25,26696.5
0.266,3500.0,155619.0
0.266,3500.0,62718.0
0.266,105.5,719.0
0.266,3500.0,213483.0
0.266,109.0,202.0
0.266,2379.6666666666665,110736.66666666667
0.266,1579.0,51855.0
0.266,1818.6666666666667,73941.33333333333
0.266,1642.0,71927.33333333333
0.266,2354.0,114817.66666666667
0.266,1491.5,46999.0
0.266,127.0,1959.0
0.266,1615.0,84478.66666666667
0.266,1874.0,116244.0
0.266,135.33333333333334,660.3333333333334
0.266,100.0,158.0
0.266,3500.0,68327.0
0.266,2363.3333333333335,110456.66666666667
0.266,1780.5,63872.0
0.266,3500.0,161542.5
0.266,64.0,102.0
0.266,3500.0,129606.0
0.266,2365.6666666666665,123738.0
0.266,137.5,153.5
0.267,3500.0,201313.0
0.267,3500.0,194000.5
0.267,3500.0,49705.0
0.267,2334.0,125775.0
0.267,1839.5,99443.5
0.267,59.0,75.0
0.267,1795.0,110428.0
0.267,110.0,161.0
0.267,3500.0,143653.0
0.267,1812.0,50950.0
0.267,3500.0,136745.5
0.267,1996.5,56845.5
0.267,3500.0,99783.0
0.267,3500.0,193704.0
0.267,1220.0,32555.666666666668
0.267,3500.0,87580.0
0.267,1819.5,64707.5
0.267,374.0,13756.0
0.267,903.0,11286.5
0.267,1682.1666666666667,46893.5
0.267,3500.0,176294.0
0.267,143.0,1112.0
0.267,2363.25,93111.25
0.267,2645.0,133879.0
0.267,49.0,66.0
0.267,751.0,27016.0
0.267,1795.5,72366.5
0.267,1117.0,44778.0
0.267,168.0,193.0
0.267,120.33333333333333,858.0
0.267,1849.75,94434.25
0.267,3500.0,96634.0
0.267,1893.3333333333333,61757.666666666664
0.267,3500.0,142338.0
0.267,1832.5,69174.0
0.267,172.0,455.0
0.267,1825.0,57879.5
0.267,728.0,23635.666666666668
0.267,1832.0,61545.5
0.267,3500.0,160403.75
0.267,2361.6666666666665,117191.33333333333
0.267,3500.0,148295.0
0.267,277.0,1705.0
0.267,376.0,5387.0
0.267,139.5,1799.5
0.267,2258.0,81495.0
0.267,1183.0,35539.0
0.267,1461.6666666666667,63028.333333333336
0.267,3500.0,162043.0
0.267,3500.0,153466.0
0.267,3500.0,117657.0
0.267,3500.0,255421.0
0.267,3500.0,166891.0
0.267,2041.5,17071.0
0.267,1813.0,62560.0
0.267,3500.0,151720.0
0.267,3500.0,60479.0
0.267,3500.0,170535.0
0.267,2699.5,144772.0
0.267,146.5,1377.5
0.267,155.0,1642.0
0.267,108.0,109.0
0.267,1900.0,73475.0
0.267,968.25,46680.25
0.267,81.5,100.0
0.267,3500.0,166995.0
0.267,2352.6666666666665,69983.0
0.267,1863.6666666666667,98337.66666666667
0.267,75.0,85.0
0.267,2466.0,132015.66666666666
0.267,1873.5,72066.5
0.267,154.0,325.5
0.267,2692.0,85931.0
0.267,3500.0,93632.0
0.267,3500.0,144689.5
0.267,2368.0,87851.66666666667
0.267,89.0,188.0
0.267,3500.0,118196.0
0.267,107.0,110.0
0.267,1887.0,98429.0
0.267,974.25,31561.5
0.268,2117.5,89638.66666666667
0.268,3500.0,87911.33333333333
0.268,2116.0,99457.0
0.268,1783.5,76669.0
0.268,1728.6666666666667,57044.666666666664
0.268,3500.0,110269.0
0.268,1073.0,62100.5
0.268,1219.3333333333333,29354.666666666668
0.268,2358.3333333333335,111079.33333333333
0.268,3500.0,69415.0
0.268,3500.0,59865.0
0.268,643.6666666666666,16490.666666666668
0.268,1796.0,62217.0
0.268,3500.0,205960.0
0.268,1804.0,33326.0
0.268,2191.2,93695.8
0.268,966.25,31555.5
0.268,3500.0,81557.0
0.268,3500.0,181990.0
0.268,757.0,25937.0
0.268,1497.5,59808.666666666664
0.268,140.0,153.0
0.268,3500.0,119783.0
0.268,3500.0,187353.0
0.268,3500.0,140933.0
0.268,2363.0,111331.66666666667
0.268,220.5,3422.0
0.268,99.0,206.0
0.268,1793.0,51804.5
0.268,1527.6666666666667,57801.666666666664
0.268,2365.0,118009.0
0.268,1216.6666666666667,61453.0
0.268,1793.75,70250.5
0.268,1350.0,60702.0
0.268,1996.0,30193.5
0.268,972.0,38588.5
0.268,1832.0,90894.0
0.268,1801.0,67340.5
0.268,1949.5,89374.75
0.268,1704.0,144208.0
0.268,1775.75,82512.75
0.268,3126.75,120918.25
0.268,407.0,4973.0
0.268,2299.5,127358.5
0.268,134.0,543.5
0.268,152.66666666666666,1380.6666666666667
0.268,1827.0,62357.0
0.268,1013.25,37203.75
0.268,3500.0,93456.0
0.268,3500.0,154109.0
0.268,1171.0,65474.0
0.268,3500.0,230545.0
0.268,3500.0,132179.0
0.268,2741.0,78401.25
0.268,86.0,136.0
0.268,1727.3333333333333,59714.666666666664
0.268,105.0,316.5
0.268,3500.0,149334.66666666666
0.268,2388.6666666666665,142139.33333333334
0.268,560.0,10802.0
0.268,1821.5,45604.5
0.268,98.5,586.5
0.268,99.0,461.3333333333333
0.268,3013.0,156857.0
0.268,3500.0,228793.0
0.268,3500.0,43498.0
0.268,1623.0,147600.0
0.268,306.5,4255.5
0.268,1686.0,30602.0
0.268,2336.0,88097.0
0.268,1612.3333333333333,38839.333333333336
0.268,2552.0,108202.25
0.268,1199.0,26017.333333333332
0.268,2092.75,96030.75
0.268,516.0,3497.0
0.268,3500.0,142328.5
0.268,77.0,179.5
0.268,3500.0,183043.66666666666
0.268,3500.0,60856.0
0.269,3500.0,118998.0
0.269,1817.0,64273.0
0.269,1828.0,70560.0
0.269,920.0,9262.0
0.269,175.0,361.0
0.269,3500.0,69363.0
0.269,2425.6666666666665,100352.66666666667
0.269,3500.0,79645.0
0.269,2044.0,47266.0
0.269,314.0,2612.0
0.269,144.0,561.0
0.269,3500.0,155117.0
0.269,3500.0,194813.0
0.269,1238.0,31019.333333333332
0.269,2160.0,93228.0
0.269,1845.5,60112.5
0.269,3500.0,164559.0
0.269,1850.5,65792.0
0.269,3500.0,107579.5
0.269,1044.6,51382.8
0.269,478.0,11342.0
0.269,1803.0,102363.0
0.269,2328.0,125812.0
0.269,2748.6666666666665,139029.33333333334
0.269,1807.0,79007.5
0.269,3500.0,111666.0
0.269,963.5,77668.5
0.269,3500.0,169725.0
0.269,1599.0,40356.0
0.269,1968.0,96538.5
0.269,913.0,23841.5
0.269,2635.0,116155.66666666667
0.269,1786.5,84149.5
0.269,1796.0,54888.0
0.269,1743.0,85528.0
0.269,3500.0,34410.0
0.269,1800.0,90378.5
0.269,1285.6666666666667,53465.0
0.269,144.0,219.0
0.269,3500.0,175295.0
0.269,3500.0,93016.0
0.269,3500.0,167197.0
0.269,2489.0,70169.0
0.269,3500.0,160622.0
0.269,1211.0,17899.0
0.269,1938.0,42081.5
0.269,1256.6666666666667,55712.0
0.269,1947.25,69362.25
0.269,373.0,6175.0
0.269,3500.0,115412.5
0.269,3500.0,98017.5
0.269,3500.0,206756.0
0.269,1497.3333333333333,58301.666666666664
0.269,1035.0,21235.0
0.269,1619.3333333333333,33915.666666666664
0.269,2558.6666666666665,72615.66666666667
0.269,170.5,200.5
0.269,116.0,241.0
0.269,3500.0,175163.0
0.269,1436.0,78380.0
0.269,316.5,6298.5
0.269,3500.0,140837.0
0.269,85.0,86.0
0.269,3500.0,72064.0
0.269,817.0,23955.0
0.269,1816.75,58446.25
0.269,3500.0,225437.0
0.269,1056.25,45429.5
0.269,2404.6666666666665,49283.0
0.269,177.5,2195.0
0.269,138.0,212.0
0.269,3500.0,126138.0
0.269,450.3333333333333,16616.666666666668
0.269,98.0,113.0
0.269,214.0,500.0
0.269,951.4,47155.0
0.27,121.0,184.0
0.27,251.0,1259.5
0.27,272.0,2766.0
0.27,3500.0,131230.5
0.27,1357.0,44935.0
0.27,143.0,588.0
0.27,1199.75,18817.25
0.27,1038.0,16973.0
0.27,2090.6,72789.8
0.27,1798.5,99751.5
0.27,2363.0,122891.33333333333
0.27,157.5,1957.5
0.27,3500.0,139042.0
0.27,1220.0,21018.0
0.27,500.0,6291.0
0.27,3500.0,66706.0
0.27,3500.0,99477.5
0.27,772.3333333333334,13171.0
0.27,104.0,108.0
0.27,716.0,13153.0
0.27,135.5,465.0
0.27,107.33333333333333,365.6666666666667
0.27,3500.0,186974.0
0.27,698.3333333333334,16292.333333333334
0.27,3500.0,169814.0
0.27,1785.0,75956.5
0.27,2413.0,130927.0
0.27,2106.25,84735.0
0.27,1429.3333333333333,65203.333333333336
0.27,3500.0,236207.0
0.27,1799.0,43116.0
0.27,1802.5,51015.5
0.27,1685.0,37347.0
0.27,3500.0,148402.5
0.27,141.0,288.0
0.27,2305.5,91394.5
0.27,1010.0,18126.25
0.27,700.0,30654.0
0.27,1546.0,40066.0
0.27,622.0,5213.0
0.27,422.5,6787.5
0.27,67.0,94.0
0.27,3500.0,241060.0
0.27,1350.6666666666667,65989.33333333333
0.27,3500.0,158834.0
0.27,1781.5,95304.0
0.27,2452.0,132927.33333333334
0.27,3500.0,112536.0
0.27,1111.0,55735.0
0.27,2354.3333333333335,74681.33333333333
0.27,2246.0,49147.5
0.27,33.0,516.0
0.27,3500.0,165277.0
0.27,74.5,87.0
0.27,2386.3333333333335,74421.33333333333
0.27,226.0,2374.0
0.27,1178.5,53870.0
0.27,3500.0,109339.0
0.27,3500.0,184277.0
0.27,2695.6666666666665,80736.66666666667
0.27,868.5,29211.0
0.27,1801.0,48106.0
0.27,1288.3333333333333,22753.666666666668
0.27,2309.8,107056.4
0.27,647.5,8536.5
0.27,3500.0,158580.0
0.27,3500.0,128137.66666666667
0.27,3500.0,149242.0
0.27,124.0,635.5
0.27,3500.0,153725.0
0.27,127.5,246.0
0.27,526.5,9224.5
0.27,794.0,17110.0
0.27,1801.5,53338.5
0.27,300.0,5748.0
0.27,2705.6666666666665,102164.0
0.27,2390.3333333333335,108465.66666666667
0.27,95.0,103.0
0.271,1265.6666666666667,60383.333333333336
0.271,1894.0,81891.0
0.271,362.3333333333333,2832.3333333333335
0.271,3500.0,126591.0
0.271,2056.0,89723.0
0.271,2647.0,139094.25
0.271,1806.5,77002.5
0.271,1794.0,50008.0
0.271,590.5,12523.5
0.271,1037.0,51692.0
0.271,73.0,96.0
0.271,59.0,490.0
0.271,1161.25,43969.75
0.271,107.0,128.5
0.271,1960.0,75904.0
0.271,1940.5,96633.5
0.271,1890.5,68655.5
0.271,2672.0,115378.0
0.271,1246.3333333333333,48437.666666666664
0.271,3500.0,104120.0
0.271,207.0,1649.0
0.271,1406.0,74898.66666666667
0.271,3500.0,96592.0
0.271,112.5,841.0
0.271,1882.3333333333333,68302.66666666667
0.271,3500.0,209702.0
0.271,613.5,12745.5
0.271,1791.0,64386.5
0.271,148.5,475.5
0.271,2676.0,52067.333333333336
0.271,3500.0,134837.5
0.271,3500.0,268767.0
0.271,1356.0,67055.0
0.271,1419.0,66371.0
0.271,1908.0,123269.0
0.271,1790.5,67011.0
0.271,3500.0,284148.0
0.271,1798.5,48159.0
0.271,81.8,177.6
0.271,2615.0,63675.0
0.271,3500.0,66497.0
0.271,85.0,1347.0
0.271,2374.0,107316.5
0.271,3500.0,100465.0
0.271,3500.0,90013.0
0.271,3500.0,94400.0
0.271,3500.0,154305.0
0.271,2136.5,48134.5
0.271,298.0,2269.0
0.271,3500.0,175006.5
0.271,2476.5,112207.0
0.271,3500.0,206917.5
0.271,242.66666666666666,3483.0
0.271,3011.75,60976.25
0.271,1813.0,33623.5
0.271,946.5,33891.5
0.271,285.3333333333333,5029.666666666667
0.271,3500.0,146003.5
0.271,1778.5,38146.5
0.271,1919.3333333333333,103287.66666666667
0.271,1900.5,50364.0
0.271,3500.0,142151.33333333334
0.271,2678.0,102750.0
0.271,3500.0,150894.0
0.271,3500.0,63207.0
0.271,1679.0,71946.66666666667
0.271,2550.0,153489.5
0.271,105.5,969.0
0.271,1193.0,23415.0
0.271,213.0,878.0
0.271,764.0,10900.5
0.271,3500.0,176032.0
0.272,3500.0,126282.0
0.272,1521.0,87827.0
0.272,3500.0,152180.0
0.272,2547.2,111122.8
0.272,161.0,514.0
0.272,1801.0,27931.5
0.272,98.0,102.0
0.272,2513.0,108732.0
0.272,1824.5,63900.5
0.272,906.0,27362.333333333332
0.272,162.0,4072.0
0.272,2732.25,96773.25
0.272,3500.0,141086.5
0.272,3500.0,123869.0
0.272,3500.0,166301.0
0.272,2645.0,108009.0
0.272,1812.5,105391.5
0.272,3500.0,150450.5
0.272,1181.2,23750.0
0.272,3500.0,210794.5
0.272,3500.0,152202.0
0.272,2589.3333333333335,143345.66666666666
0.272,1781.0,59521.5
0.272,1309.6666666666667,53171.666666666664
0.272,2660.5,82997.5
0.272,2645.75,78115.75
0.272,453.6666666666667,5898.0
0.272,2360.3333333333335,87955.66666666667
0.272,126.0,303.0
0.272,130.5,765.0
0.272,1544.0,105466.0
0.272,1210.0,35809.0
0.272,1495.3333333333333,59702.0
0.272,1278.0,30649.666666666668
0.272,3500.0,86059.0
0.272,165.0,181.0
0.272,1792.5,71983.0
0.272,3500.0,216898.0
0.272,1921.5,43237.75
0.272,838.0,8864.0
0.272,429.75,14877.25
0.272,1363.6666666666667,83581.0
0.272,700.0,22340.5
0.272,1047.0,46733.0
0.272,99.0,126.0
0.272,1373.0,58922.25
0.272,3500.0,120621.0
0.272,776.0,28131.0
0.272,3500.0,97938.0
0.272,111.5,593.5
0.272,1280.0,48167.0
0.272,206.66666666666666,3731.3333333333335
0.272,1791.5,93025.5
0.272,2371.3333333333335,82765.33333333333
0.272,3500.0,145003.5
0.272,1001.0,21976.0
0.272,183.5,477.5
0.272,3500.0,224577.0
0.272,3500.0,103319.33333333333
0.272,2371.6666666666665,110855.66666666667
0.272,1878.0,74131.33333333333
0.272,1873.75,104773.5
0.272,3500.0,80487.0
0.272,414.0,12395.0
0.272,1244.3333333333333,34472.666666666664
0.272,1786.5,112815.0
0.272,81.5,539.0
0.272,93.0,100.0
0.272,1249.0,41513.0
0.272,3500.0,116945.0
0.272,1173.0,39238.0
0.272,3500.0,120031.0
0.272,985.0,54311.0
0.272,1124.6,56711.4
0.273,1031.75,28081.75
0.273,2392.6666666666665,99692.66666666667
0.273,1797.5,46314.5
0.273,1958.5,64112.5
0.273,2088.3333333333335,93272.33333333333
0.273,3500.0,130536.0
0.273,1786.5,52344.0
0.273,1638.0,58305.4
0.273,2590.0,106195.5
0.273,3500.0,94464.5
0.273,1793.0,92906.0
0.273,1995.8333333333333,76507.0
0.273,3500.0,223677.0
0.273,2254.5,83830.75
0.273,3500.0,170232.5
0.273,1889.0,44066.5
0.273,100.0,105.0
0.273,1791.5,93110.5
0.273,3500.0,135921.0
0.273,168.0,3320.0
0.273,3500.0,198548.0
0.273,3500.0,123279.0
0.273,93.0,274.0
0.273,1129.0,19530.0
0.273,878.5,37596.0
0.273,76.0,84.0
0.273,2713.0,77306.66666666667
0.273,2733.3333333333335,122814.33333333333
0.273,1326.25,37778.5
0.273,101.0,102.0
0.273,3500.0,66734.0
0.273,1319.0,31993.0
0.273,1469.3333333333333,37448.166666666664
0.273,201.5,1202.0
0.273,3500.0,152154.5
0.273,3500.0,81372.5
0.273,3500.0,184233.0
0.273,760.5,31914.5
0.273,3500.0,202133.0
0.273,3500.0,124941.5
0.273,773.5,20220.5
0.273,1803.5,34656.0
0.273,3500.0,211671.0
0.273,914.0,15626.0
0.273,2474.0,114471.5
0.273,92.0,152.0
0.273,1862.0,60521.0
0.273,2368.3333333333335,132498.66666666666
0.273,108.66666666666667,407.3333333333333
0.273,644.0,26573.0
0.273,1515.6666666666667,84639.66666666667
0.273,3500.0,227547.0
0.273,814.0,18058.5
0.273,1361.3333333333333,69711.0
0.273,2317.0,114165.33333333333
0.273,476.0,10961.0
0.273,3500.0,195489.0
0.273,3500.0,194899.0
0.273,3500.0,103965.0
0.273,476.0,19383.0
0.273,1898.0,56866.5
0.273,1526.4,51662.8
0.273,1784.0,72534.0
0.273,510.0,11404.0
0.273,839.75,28879.0
0.273,2758.6666666666665,81005.0
0.273,3500.0,92637.0
0.273,1888.5,101542.0
0.273,3500.0,88545.0
0.273,216.0,1718.0
0.273,2539.6666666666665,103239.66666666667
0.273,100.0,160.0
0.274,157.0,182.0
0.274,90.0,97.0
0.274,1148.5,50252.0
0.274,3500.0,187518.0
0.274,1807.0,117992.0
0.274,3500.0,207907.0
0.274,3500.0,158342.5
0.274,507.6666666666667,10507.666666666666
0.274,3500.0,184876.0
0.274,3500.0,188456.5
0.274,1810.5,75556.5
0.274,168.0,1966.5
0.274,63.0,743.0
0.274,3500.0,185300.0
0.274,1804.5,85813.0
0.274,1291.0,22471.666666666668
0.274,811.75,36598.75
0.274,3500.0,64646.0
0.274,1819.25,59481.0
0.274,3500.0,177652.0
0.274,68.0,69.0
0.274,1792.5,73633.5
0.274,2649.5,75725.25
0.274,1716.0,46256.0
0.274,3500.0,217257.0
0.274,2648.75,96040.5
0.274,1230.3333333333333,33426.333333333336
0.274,1814.5,66163.5
0.274,2059.0,73276.5
0.274,3500.0,118596.66666666667
0.274,519.0,7979.0
0.274,824.0,32815.666666666664
0.274,2340.5,68866.5
0.274,1353.0,45111.333333333336
0.274,3500.0,145890.0
0.274,152.0,5006.0
0.274,1261.6666666666667,62965.666666666664
0.274,3500.0,220203.0
0.274,215.0,691.0
0.274,1894.0,66406.0
0.274,1780.5,33041.5
0.274,57.0,107.0
0.274,122.0,603.0
0.274,216.0,495.0
0.274,309.0,4664.0
0.274,2200.5,123584.0
0.274,3500.0,172647.0
0.274,3500.0,129249.0
0.274,3500.0,87050.0
0.274,2541.0,122025.0
0.274,1840.5,67039.0
0.274,1039.0,12856.0
0.274,707.3333333333334,17202.333333333332
0.274,3500.0,112419.5
0.274,103.0,109.0
0.274,2367.3333333333335,126214.66666666667
0.274,104.0,107.0
0.274,1025.3333333333333,24330.666666666668
0.274,1303.0,29985.0
0.274,3500.0,144446.33333333334
0.274,3500.0,111509.0
0.274,3500.0,100792.5
0.274,473.0,5370.0
0.274,648.0,15056.0
0.274,80.0,139.0
0.274,2261.0,94690.5
0.274,1326.0,35295.0
0.274,462.5,4809.0
0.274,126.0,207.5
0.274,3500.0,205965.0
0.274,599.5,14195.5
0.274,2417.0,77626.33333333333
0.274,376.25,11016.25
0.274,1793.0,57425.0
0.274,2410.6666666666665,117890.0
0.274,84.0,92.0
0.274,2299.0,86640.0
0.275,258.0,2482.0
0.275,3500.0,100136.0
0.275,879.0,24204.0
0.275,2724.6666666666665,95487.0
0.275,2126.5,56086.25
0.275,111.0,158.0
0.275,283.0,931.0
0.275,359.5,8261.5
0.275,145.0,160.0
0.275,2640.75,139967.75
0.275,3500.0,175904.0
0.275,775.0,20613.0
0.275,3500.0,103491.5
0.275,3500.0,99029.0
0.275,3500.0,223672.0
0.275,1538.0,77462.0
0.275,1158.75,31507.25
0.275,88.0,140.0
0.275,3500.0,112790.5
0.275,83.0,98.0
0.275,138.0,202.0
0.275,3500.0,129857.0
0.275,509.0,4631.0
0.275,1288.3333333333333,27215.0
0.275,3500.0,59649.0
0.275,678.0,13899.0
0.275,2505.6666666666665,91486.0
0.275,1787.0,97455.0
0.275,3500.0,205301.0
0.275,2446.6666666666665,119942.33333333333
0.275,3500.0,251147.0
0.275,3500.0,195945.0
0.275,3500.0,108541.0
0.275,3500.0,77631.0
0.275,47.0,48.0
0.275,1941.0,87713.0
0.275,3500.0,86063.0
0.275,1620.0,51005.0
0.275,2645.25,106302.5
0.275,88.0,107.0
0.275,3500.0,135784.0
0.275,2437.3333333333335,62599.333333333336
0.275,2625.5,67854.0
0.275,1799.5,115113.5
0.275,3500.0,84684.0
0.275,3500.0,147831.0
0.275,1714.0,71126.0
0.275,2180.5,101082.5
0.275,3500.0,155571.0
0.275,3500.0,176307.0
0.275,1789.5,55764.0
0.275,2364.6666666666665,91083.0
0.275,859.5,17557.0
0.275,3500.0,70420.0
0.275,124.0,187.0
0.275,2127.5,91441.0
0.275,1100.0,45533.0
0.275,497.5,14297.75
0.275,1798.0,79380.66666666667
0.275,105.0,168.0
0.275,1703.4,94739.8
0.275,1836.0,88355.75
0.275,1738.6666666666667,47509.333333333336
0.275,1786.0,59420.5
0.275,1797.0,81306.0
0.275,284.5,3372.5
0.275,88.0,102.0
0.275,96.0,101.0
0.275,2234.5,70813.5
0.275,1195.0,46919.0
0.275,3500.0,146800.0
0.275,1792.0,60641.5
0.275,107.0,514.5
0.275,3500.0,142257.0
0.276,1007.0,15176.0
0.276,3500.0,201040.0
0.276,1516.0,66632.0
0.276,79.0,1239.0
0.276,216.0,780.0
0.276,91.0,92.0
0.276,2207.5,44740.0
0.276,3500.0,192136.0
0.276,2459.0,92336.66666666667
0.276,1787.5,48931.0
0.276,100.0,164.0
0.276,3500.0,171740.0
0.276,81.0,91.0
0.276,379.0,3610.0
0.276,147.0,2409.0
0.276,107.0,110.0
0.276,2358.6666666666665,103959.33333333333
0.276,3500.0,179225.0
0.276,175.0,2415.0
0.276,652.5,29266.5
0.276,138.5,295.5
0.276,971.0,21163.0
0.276,400.0,6769.0
0.276,1792.5,97498.0
0.276,250.5,2124.75
0.276,2389.0,43091.666666666664
0.276,3500.0,149480.0
0.276,1651.0,111229.0
0.276,1858.0,74321.0
0.276,3500.0,119864.5
0.276,1628.5,50667.0
0.276,1550.3333333333333,45957.333333333336
0.276,66.0,467.0
0.276,3500.0,113567.0
0.276,322.0,2739.0
0.276,134.0,155.0
0.276,3500.0,199465.0
0.276,3500.0,80936.0
0.276,149.33333333333334,697.3333333333334
0.276,3500.0,71402.0
0.276,3500.0,119669.0
0.276,110.0,142.0
0.276,3500.0,73764.0
0.276,1550.0,125464.0
0.276,1138.4,56554.4
0.276,1830.5,80826.0
0.276,3500.0,247524.0
0.276,91.0,102.0
0.276,613.0,21321.0
0.276,1760.6666666666667,53610.0
0.276,959.0,26147.5
0.276,1858.0,74113.5
0.276,738.5,22233.0
0.276,654.5,24370.5
0.276,3500.0,132738.0
0.276,3500.0,194352.0
0.276,608.5,30779.0
0.276,2749.5,129207.5
0.276,216.0,2649.0
0.276,1549.0,58975.0
0.276,109.0,219.5
0.276,3500.0,218365.0
0.276,3500.0,127251.0
0.276,145.5,2220.5
0.276,1436.0,62579.0
0.276,98.0,150.0
0.276,2067.5,122070.0
0.276,1800.5,65832.0
0.276,1303.6666666666667,38854.666666666664
0.276,3500.0,200449.0
0.276,95.0,99.0
0.276,3500.0,164691.0
0.276,1794.5,79277.0
0.276,1958.5,100143.5
0.276,60.0,640.0
0.277,2411.5,90853.5
0.277,3500.0,198802.0
0.277,1797.0,90534.0
0.277,1966.0,98154.0
0.277,1548.6,72410.0
0.277,3500.0,162088.0
0.277,1847.0,68874.5
0.277,1303.0,54742.0
0.277,3500.0,95391.0
0.277,1784.0,110196.5
0.277,1770.0,40354.0
0.277,1794.0,97808.5
0.277,2367.6666666666665,62009.333333333336
0.277,3500.0,54388.0
0.277,1798.5,101660.0
0.277,1269.6666666666667,43791.333333333336
0.277,730.5,32217.0
0.277,1141.0,17570.0
0.277,190.0,1010.0
0.277,84.0,88.0
0.277,103.5,145.0
0.277,929.6666666666666,30023.666666666668
0.277,1798.0,90740.5
0.277,1943.5,21716.0
0.277,1218.6666666666667,23759.333333333332
0.277,123.0,327.0
0.277,89.0,152.0
0.277,1608.3333333333333,58061.0
0.277,1907.0,67627.0
0.277,3500.0,112722.0
0.277,1995.0,59439.5
0.277,2263.0,80147.0
0.277,3500.0,187643.33333333334
0.277,1386.0,32460.0
0.277,2201.6,93163.0
0.277,63.0,542.0
0.277,1952.5,71561.0
0.277,76.0,100.0
0.277,454.0,11063.0
0.277,111.0,152.0
0.277,1007.25,25819.75
0.277,2253.0,96455.0
0.277,599.0,14677.666666666666
0.277,1893.0,90365.0
0.277,3500.0,147290.0
0.277,3500.0,170847.0
0.277,3500.0,81790.5
0.277,2149.0,82693.0
0.277,3500.0,170972.0
0.277,1686.25,55467.75
0.277,2014.5,76044.5
0.277,1280.6666666666667,49689.333333333336
0.277,3500.0,136842.0
0.277,2407.0,57528.5
0.277,224.0,2081.0
0.277,1792.5,95785.0
0.277,371.0,11823.0
0.277,1338.0,47573.0
0.277,2378.6666666666665,105454.0
0.277,3500.0,173403.0
0.277,1466.0,37385.0
0.277,2425.0,100948.5
0.277,3500.0,86168.0
0.277,1269.3333333333333,27481.666666666668
0.277,3500.0,158958.0
0.277,1858.0,84267.0
0.277,1800.5,33122.5
0.277,3500.0,63681.0
0.277,1507.0,43036.0
0.277,1932.5,45186.5
0.277,613.6666666666666,14048.333333333334
0.278,3500.0,189981.0
0.278,2868.0,125370.33333333333
0.278,3500.0,119539.5
0.278,1023.0,43536.75
0.278,3500.0,99570.0
0.278,92.0,194.0
0.278,1794.5,60304.5
0.278,2516.0,95964.0
0.278,1182.0,25862.0
0.278,982.75,32095.5
0.278,885.0,20655.333333333332
0.278,622.0,34926.5
0.278,1331.3333333333333,56103.666666666664
0.278,1865.5,48842.0
0.278,3500.0,123807.5
0.278,101.0,1074.0
0.278,1092.0,22600.0
0.278,3500.0,47758.0
0.278,101.0,181.0
0.278,1844.5,87744.5
0.278,419.0,12471.0
0.278,1790.5,60121.0
0.278,356.8,6250.4
0.278,220.0,596.0
0.278,86.0,97.0
0.278,3500.0,156693.0
0.278,95.0,149.0
0.278,3500.0,175616.5
0.278,3500.0,128911.5
0.278,74.0,178.0
0.278,2505.3333333333335,141434.33333333334
0.278,104.0,232.0
0.278,1099.25,33321.5
0.278,2470.5,99694.0
0.278,2027.0,86715.5
0.278,1053.5,48773.0
0.278,1165.0,55430.5
0.278,3500.0,180143.0
0.278,2065.25,106809.0
0.278,1067.0,15879.0
0.278,2379.5,81037.0
0.278,1705.3333333333333,64558.0
0.278,1793.5,52351.5
0.278,1763.0,62600.333333333336
0.278,139.0,651.5
0.278,3500.0,208326.0
0.278,1979.0,138410.0
0.278,1249.0,51402.0
0.278,95.0,152.0
0.278,2381.6666666666665,117861.0
0.278,2920.0,104830.0
0.278,3500.0,160207.0
0.278,1782.0,115052.0
0.278,1263.0,55332.0
0.278,1022.75,41799.5
0.278,101.0,147.0
0.278,2978.6666666666665,95067.0
0.278,820.0,30523.0
0.278,102.0,111.0
0.278,2361.0,88679.33333333333
0.278,1593.6666666666667,61982.0
0.278,750.5,39673.0
0.278,3500.0,160906.0
0.278,1989.6666666666667,107571.33333333333
0.278,130.0,1565.0
0.278,631.0,28411.333333333332
0.278,65.0,567.0
0.278,721.0,27938.333333333332
0.278,3500.0,186668.5
0.278,3500.0,239123.0
0.278,1911.0,75375.0
0.278,3500.0,213957.0
0.278,898.0,45515.666666666664
0.278,339.0,4922.5
0.278,736.0,17120.0
0.279,99.0,103.0
0.279,3500.0,90069.0
0.279,302.0,2100.0
0.279,3500.0,216520.5
0.279,1587.6,55835.6
0.279,337.0,5432.5
0.279,3500.0,148242.0
0.279,995.75,50583.5
0.279,1793.0,80466.5
0.279,3500.0,129497.0
0.279,3500.0,116284.0
0.279,1291.6666666666667,32223.666666666668
0.279,3500.0,173485.0
0.279,1903.5,97086.5
0.279,1796.5,31438.5
0.279,3500.0,101901.0
0.279,216.0,297.0
0.279,3500.0,70759.0
0.279,2006.0,106062.33333333333
0.279,480.0,6611.0
0.279,98.0,104.0
0.279,227.0,4737.0
0.279,3500.0,215795.5
0.279,2022.5,88852.5
0.279,1520.0,30971.0
0.279,133.5,350.0
0.279,2646.5,110719.75
0.279,91.0,140.0
0.279,3500.0,81071.0
0.279,1784.5,44157.5
0.279,70.0,165.0
0.279,2365.3333333333335,60255.0
0.279,3500.0,160515.0
0.279,96.0,149.0
0.279,1231.3333333333333,37145.0
0.279,3500.0,186189.66666666666
0.279,2555.5,93790.5
0.279,1821.0,72403.5
0.279,737.3333333333334,32771.0
0.279,100.0,192.0
0.279,1858.25,80647.25
0.279,1790.5,76788.5
0.279,3500.0,159729.0
0.279,2814.6666666666665,97163.66666666667
0.279,1587.0,61162.4
0.279,1152.0,16709.0
0.279,3500.0,68449.0
0.279,3500.0,50912.0
0.279,3500.0,185574.0
0.279,1330.0,58881.0
0.279,2067.5,82924.5
0.279,1800.5,40893.5
0.279,3500.0,85938.0
0.279,613.0,9945.0
0.279,2424.6666666666665,115705.33333333333
0.279,1912.5,45462.0
0.279,1292.8,53749.8
0.279,105.0,166.0
0.279,468.25,18141.75
0.279,2052.0,43346.5
0.279,1822.25,82553.0
0.279,2201.0,47987.0
0.279,3500.0,159968.66666666666
0.279,2345.0,65103.5
0.279,2383.6666666666665,99669.0
0.279,152.0,217.0
0.279,2157.2,79604.8
0.279,1800.5,43826.5
0.279,396.0,6754.0
0.279,1798.0,111088.5
0.279,169.0,618.0
0.279,1856.0,93761.5
0.279,3500.0,133518.0
0.279,536.3333333333334,15258.666666666666
0.279,117.25,177.25
0.279,214.5,1148.0
0.28,1911.5,94982.5
0.28,3500.0,91195.5
0.28,3500.0,155195.0
0.28,1793.0,66159.5
0.28,241.0,1296.0
0.28,1891.5,66733.0
0.28,3500.0,211554.0
0.28,1013.25,21868.75
0.28,1338.0,42340.5
0.28,1982.5,110940.0
0.28,183.33333333333334,1865.0
0.28,2435.5,50863.0
0.28,113.0,119.0
0.28,3500.0,86551.0
0.28,3500.0,147810.5
0.28,1791.0,44983.5
0.28,3500.0,95088.0
0.28,169.5,753.5
0.28,1728.0,118380.0
0.28,1706.0,29591.0
0.28,3500.0,64533.0
0.28,325.6666666666667,7340.0
0.28,1990.5,142490.0
0.28,2367.6666666666665,101693.0
0.28,80.0,1244.0
0.28,126.0,674.0
0.28,122.0,151.0
0.28,1291.3333333333333,35636.0
0.28,2010.5,79534.0
0.28,2667.0,98141.5
0.28,1894.0,60364.0
0.28,1865.0,121464.0
0.28,132.0,464.0
0.28,3500.0,202990.0
0.28,2075.0,46829.0
0.28,92.0,100.0
0.28,253.0,2521.0
0.28,108.0,208.0
0.28,72.0,82.0
0.28,2423.6666666666665,72675.66666666667
0.28,1814.0,91700.0
0.28,1792.5,99516.5
0.28,2371.3333333333335,139873.33333333334
0.28,665.0,12159.0
0.28,58.0,520.0
0.28,3500.0,168425.0
0.28,1608.0,77078.0
0.28,3500.0,187163.5
0.28,1782.5,62316.0
0.28,1798.5,118240.0
0.28,3500.0,164045.0
0.28,3500.0,162294.0
0.28,1327.6666666666667,29471.333333333332
0.28,2379.6666666666665,108785.0
0.28,86.0,97.0
0.28,3500.0,93661.0
0.28,107.0,109.0
0.28,246.0,7904.0
0.28,127.0,160.0
0.28,3500.0,147537.0
0.28,3500.0,199734.0
0.28,537.0,11887.0
0.28,107.0,500.5
0.28,3500.0,109072.75
0.28,476.75,16357.0
0.28,2837.6,93602.2
0.28,3500.0,106456.0
0.28,1406.0,58235.0
0.28,68.0,91.0
0.28,1013.0,13148.0
0.28,2776.0,66924.0
0.281,273.5,3374.0
0.281,2664.0,89676.5
0.281,3500.0,206516.0
0.281,155.66666666666666,208.66666666666666
0.281,1787.6666666666667,69323.66666666667
0.281,3500.0,163614.0
0.281,96.0,97.0
0.281,1789.5,113181.0
0.281,2321.5,80208.0
0.281,2405.3333333333335,70069.33333333333
0.281,92.0,108.0
0.281,328.0,3044.0
0.281,3500.0,137843.5
0.281,1792.5,65717.5
0.281,91.5,781.5
0.281,3500.0,162582.0
0.281,2347.0,81138.0
0.281,98.5,171.0
0.281,1802.0,58452.5
0.281,1426.0,82950.5
0.281,152.0,161.0
0.281,2642.0,142443.5
0.281,416.0,5429.0
0.281,2823.6,96614.2
0.281,96.0,98.0
0.281,943.5,30886.0
0.281,1810.0,88019.5
0.281,3500.0,241973.0
0.281,2367.3333333333335,97959.33333333333
0.281,1385.25,89254.0
0.281,1062.75,18225.5
0.281,1942.0,77632.0
0.281,846.5,11703.5
0.281,684.0,23757.0
0.281,3500.0,156711.0
0.281,84.0,96.0
0.281,158.0,573.0
0.281,3500.0,172983.0
0.281,3500.0,152162.0
0.281,1250.0,44735.0
0.281,104.0,812.0
0.281,557.5,35942.0
0.281,1293.0,34890.0
0.281,1844.5,40937.5
0.281,68.0,95.0
0.281,1339.6666666666667,50557.0
0.281,1868.5,99655.0
0.281,896.0,14803.0
0.281,3500.0,222634.0
0.281,1781.5,77152.5
0.281,3500.0,191115.0
0.281,1302.5,41086.0
0.281,355.5,8527.5
0.281,1821.5,52092.0
0.281,1155.4,60720.2
0.281,380.0,3494.5
0.281,515.0,13145.0
0.281,70.0,967.0
0.281,791.5,36217.0
0.281,1966.0,39927.0
0.281,222.0,3808.0
0.281,1858.0,100303.5
0.281,3500.0,97652.0
0.281,3500.0,90761.0
0.281,109.0,219.0
0.281,1798.5,66575.5
0.281,547.0,30467.666666666668
0.281,3500.0,181273.0
0.281,1067.0,38063.0
0.282,847.0,18278.666666666668
0.282,3500.0,150983.0
0.282,1796.0,36241.5
0.282,3500.0,218281.0
0.282,1254.0,67304.33333333333
0.282,698.0,13032.0
0.282,67.0,553.0
0.282,1822.6666666666667,62343.333333333336
0.282,2305.0,57478.0
0.282,74.0,88.0
0.282,119.0,861.0
0.282,3500.0,162578.0
0.282,3500.0,177397.0
0.282,1818.5,56663.0
0.282,108.0,147.0
0.282,1369.0,48459.5
0.282,747.0,16071.0
0.282,90.0,146.0
0.282,3500.0,193965.0
0.282,218.0,6719.0
0.282,3500.0,182888.0
0.282,2067.0,58698.5
0.282,125.0,153.0
0.282,306.0,4365.0
0.282,3500.0,187479.0
0.282,333.0,4742.5
0.282,65.0,571.0
0.282,3500.0,75986.5
0.282,805.0,27465.6
0.282,1808.0,104072.0
0.282,141.0,372.0
0.282,1789.5,78830.0
0.282,3500.0,126444.0
0.282,3500.0,199076.0
0.282,3500.0,69641.0
0.282,103.0,115.0
0.282,1725.2,43206.4
0.282,2414.0,120430.5
0.282,1133.0,20857.0
0.282,1204.25,37032.75
0.282,2147.75,78164.0
0.282,3500.0,102925.0
0.282,562.6666666666666,11879.666666666666
0.282,717.6666666666666,11053.0
0.282,1792.5,105379.5
0.282,587.0,9036.5
0.282,917.0,21530.0
0.282,1042.75,49337.75
0.282,777.75,29679.0
0.282,113.0,223.0
0.282,1295.0,42338.0
0.282,245.0,3337.0
0.282,3500.0,165881.0
0.282,1803.75,76613.25
0.282,288.5,3816.5
0.282,3500.0,179287.0
0.282,3500.0,68869.0
0.282,2364.0,104010.0
0.282,1815.5,44678.5
0.282,494.6666666666667,11294.0
0.282,107.0,109.0
0.282,1926.0,58674.0
0.282,463.0,3399.0
0.282,421.0,5599.0
0.282,236.0,5617.0
0.282,778.0,22464.0
0.282,85.0,151.0
0.282,2440.6666666666665,83437.0
0.282,226.0,2602.0
0.282,259.0,3406.0
0.282,990.0,18348.0
0.282,1821.0,76954.0
0.282,1851.5,58636.5
0.282,1697.0,24835.0
0.282,335.5,1521.5
0.283,62.0,79.5
0.283,1318.0,17617.0
0.283,2422.6,132410.2
0.283,89.0,152.0
0.283,78.0,81.0
0.283,1231.6666666666667,59829.666666666664
0.283,2391.5,123713.0
0.283,3500.0,136423.0
0.283,3500.0,86778.0
0.283,1043.3333333333333,60204.666666666664
0.283,1380.0,39442.0
0.283,1486.0,67217.0
0.283,1863.75,38963.25
0.283,3500.0,81599.0
0.283,3500.0,76863.0
0.283,2198.25,77175.75
0.283,3500.0,207159.0
0.283,1786.5,57604.5
0.283,210.0,6855.0
0.283,84.5,803.5
0.283,1799.5,114729.0
0.283,575.0,9792.0
0.283,135.0,181.5
0.283,1049.6666666666667,34725.0
0.283,2621.0,119096.0
0.283,3500.0,111975.0
0.283,3500.0,172414.0
0.283,3500.0,70099.0
0.283,905.0,13630.5
0.283,198.0,364.0
0.283,83.0,92.0
0.283,1799.5,82083.5
0.283,884.8333333333334,15196.166666666666
0.283,1221.3333333333333,38887.666666666664
0.283,78.5,120.5
0.283,713.0,33642.0
0.283,3500.0,138209.0
0.283,122.0,2643.0
0.283,3500.0,87274.0
0.283,290.5,3432.5
0.283,902.0,23354.0
0.283,3500.0,185289.0
0.283,784.0,11616.0
0.283,1626.6666666666667,35152.333333333336
0.283,3500.0,92322.0
0.283,1508.25,51379.25
0.283,138.0,231.0
0.283,94.5,131.75
0.283,125.5,235.0
0.283,190.0,408.0
0.283,3500.0,118804.0
0.283,1773.0,64144.0
0.283,121.0,1375.0
0.283,2572.0,109372.0
0.283,133.0,2389.0
0.283,71.0,854.0
0.283,394.0,4023.0
0.283,352.5,6662.5
0.283,2124.0,85253.5
0.283,3500.0,63239.0
0.283,1380.0,32503.0
0.283,1552.0,43660.0
0.283,3500.0,121765.0
0.283,3500.0,75222.5
0.283,3500.0,159265.0
0.283,121.0,190.0
0.283,3500.0,132931.0
0.283,286.6666666666667,3967.3333333333335
0.283,3500.0,184469.0
0.283,552.0,25940.0
0.283,2086.0,135847.0
0.284,1937.5,90189.5
0.284,3500.0,187693.0
0.284,2106.5,84115.5
0.284,507.5,7410.5
0.284,2475.5,110934.0
0.284,1791.5,85807.0
0.284,3500.0,80929.0
0.284,1974.25,64595.5
0.284,412.0,6471.0
0.284,1917.5,55807.0
0.284,326.5,3556.5
0.284,1785.0,59091.0
0.284,3500.0,205996.0
0.284,1738.3333333333333,76201.0
0.284,3500.0,114611.0
0.284,1171.0,43589.0
0.284,3500.0,162669.0
0.284,146.0,1938.5
0.284,2455.3333333333335,134951.66666666666
0.284,232.0,3880.0
0.284,642.6666666666666,29374.666666666668
0.284,1948.0,64418.0
0.284,1799.5,87432.0
0.284,3500.0,179030.0
0.284,1167.0,60794.0
0.284,184.0,259.0
0.284,1838.5,60032.0
0.284,2240.3333333333335,94540.33333333333
0.284,2704.5,116705.0
0.284,3500.0,222989.0
0.284,3500.0,149245.0
0.284,2084.0,88269.0
0.284,261.6666666666667,3007.6666666666665
0.284,915.0,59443.0
0.284,187.0,3753.0
0.284,2677.5,87185.5
0.284,247.5,2468.5
0.284,3500.0,129230.5
0.284,1588.0,58313.666666666664
0.284,126.0,295.0
0.284,3500.0,97382.0
0.284,1571.0,117884.0
0.284,696.5,14607.5
0.284,304.0,3627.5
0.284,239.0,1139.0
0.284,3500.0,130148.0
0.284,133.0,276.0
0.284,1373.0,54075.0
0.284,1931.3333333333333,54623.333333333336
0.284,2353.6666666666665,78543.0
0.284,1796.5,61116.0
0.284,1783.0,68749.0
0.284,1711.6666666666667,53747.0
0.284,139.5,201.5
0.284,3500.0,124608.0
0.284,639.0,9948.0
0.284,3500.0,97668.0
0.284,3500.0,85757.0
0.284,2532.3333333333335,110065.33333333333
0.284,1252.6666666666667,45976.666666666664
0.284,2027.5,59276.5
0.284,202.5,1989.75
0.284,3500.0,200748.0
0.284,3500.0,186858.0
0.284,1795.5,88170.5
0.284,2287.75,62335.75
0.284,1253.3333333333333,23744.666666666668
0.284,1503.0,39423.0
0.284,2597.5,125040.0
0.285,598.5,11158.5
0.285,3500.0,72097.0
0.285,116.0,130.0
0.285,3500.0,76766.0
0.285,518.0,14776.666666666666
0.285,559.0,7657.5
0.285,1635.3333333333333,39944.333333333336
0.285,1852.5,23793.5
0.285,101.0,107.0
0.285,284.5,4056.5
0.285,3500.0,148756.66666666666
0.285,1871.0,82219.0
0.285,3500.0,77641.0
0.285,3500.0,129309.0
0.285,3500.0,193671.5
0.285,3500.0,96607.5
0.285,1800.5,63518.5
0.285,529.0,17064.0
0.285,107.0,251.0
0.285,100.0,251.0
0.285,3500.0,121338.0
0.285,511.5,17598.5
0.285,3500.0,97350.0
0.285,2386.3333333333335,106498.33333333333
0.285,1797.0,110391.5
0.285,158.5,671.0
0.285,1926.0,59113.0
0.285,164.0,3284.0
0.285,1858.0,87853.0
0.285,3500.0,230438.0
0.285,3500.0,149628.0
0.285,1955.0,98066.5
0.285,75.0,116.0
0.285,273.0,2123.0
0.285,898.5,21343.5
0.285,2405.3333333333335,60347.0
0.285,1625.2,55622.4
0.285,58.0,59.0
0.285,1114.0,31801.0
0.285,2364.5,36921.0
0.285,266.5,2054.0
0.285,102.0,204.0
0.285,3500.0,197221.0
0.285,832.0,32887.0
0.285,1264.6666666666667,36807.333333333336
0.285,1819.0,44195.0
0.285,2961.0,89489.33333333333
0.285,3500.0,147108.5
0.285,3500.0,165395.0
0.285,406.5,6027.5
0.285,1059.0,33744.5
0.285,3500.0,137971.0
0.285,3500.0,62987.0
0.285,303.0,1673.0
0.285,132.0,944.0
0.285,1270.6666666666667,65334.333333333336
0.285,1419.6666666666667,70508.0
0.285,2255.5,37629.0
0.285,80.0,85.0
0.285,3500.0,102120.5
0.285,1732.3333333333333,91343.66666666667
0.285,3500.0,163188.0
0.285,3500.0,198292.0
0.285,2489.3333333333335,108480.0
0.285,620.25,19227.75
0.285,120.5,226.75
0.285,3500.0,210068.0
0.285,3500.0,172828.0
0.285,3500.0,33232.0
0.285,1477.6666666666667,75338.33333333333
0.285,740.0,16715.0
0.285,3500.0,98548.0
0.285,1791.5,71999.0
0.286,90.0,94.0
0.286,1451.0,29256.0
0.286,3500.0,183169.5
0.286,2484.6666666666665,128163.0
0.286,191.25,924.75
0.286,92.0,99.0
0.286,2531.0,99988.0
0.286,136.0,208.0
0.286,3500.0,66941.0
0.286,999.0,17724.0
0.286,80.0,94.0
0.286,3500.0,120076.0
0.286,1715.0,57730.0
0.286,2080.5,109581.5
0.286,1797.0,78386.5
0.286,1797.5,39390.0
0.286,3500.0,196508.0
0.286,116.0,159.0
0.286,1824.5,116670.0
0.286,1055.0,17551.0
0.286,1788.5,78808.0
0.286,2357.3333333333335,89742.33333333333
0.286,1809.25,63991.5
0.286,3500.0,195495.0
0.286,3500.0,138207.0
0.286,2043.75,89688.5
0.286,1596.0,128323.0
0.286,264.0,1096.0
0.286,1722.0,77991.33333333333
0.286,2951.0,110711.0
0.286,3500.0,191200.0
0.286,2367.0,85917.33333333333
0.286,1463.0,50748.2
0.286,115.0,371.0
0.286,1801.0,45109.0
0.286,285.0,2902.0
0.286,3500.0,106699.0
0.286,179.0,925.6666666666666
0.286,1336.3333333333333,68225.33333333333
0.286,578.0,6767.0
0.286,1670.6666666666667,78706.0
0.286,77.0,100.0
0.286,80.0,81.0
0.286,2379.0,77104.66666666667
0.286,62.0,449.0
0.286,1808.0,90367.5
0.286,1567.0,75309.66666666667
0.286,2720.0,147791.5
0.286,433.0,8296.0
0.286,544.0,16417.0
0.286,1623.0,68791.0
0.286,1784.5,37857.0
0.286,82.5,100.5
0.286,1781.5,42493.5
0.286,1337.5,30421.75
0.286,449.5,8821.5
0.286,1798.5,60286.5
0.286,60.0,136.0
0.286,1802.0,82725.5
0.286,3500.0,173252.0
0.286,126.0,646.3333333333334
0.286,1599.0,49886.666666666664
0.286,2332.0,59956.0
0.286,2652.0,112959.0
0.286,595.0,11974.0
0.286,1267.0,73125.33333333333
0.286,3500.0,225055.0
0.286,1778.0,64671.0
0.286,1256.3333333333333,50462.666666666664
0.286,73.0,85.0
0.286,101.0,741.0
0.286,668.0,6891.0
0.286,1800.5,43216.5
0.286,860.0,20732.0
0.286,2418.0,80614.0
0.286,88.0,102.0
0.287,79.0,926.0
0.287,3500.0,143888.5
0.287,520.5,7040.5
0.287,3500.0,161414.0
0.287,1446.3333333333333,63861.0
0.287,3500.0,216094.0
0.287,1888.0,75527.0
0.287,590.5,10631.5
0.287,3500.0,133293.0
0.287,1581.0,99969.0
0.287,921.6666666666666,25323.333333333332
0.287,3500.0,154975.5
0.287,2357.6666666666665,106739.66666666667
0.287,1255.0,34784.5
0.287,481.5,7938.0
0.287,170.5,3839.5
0.287,1811.6666666666667,74979.66666666667
0.287,724.0,26072.5
0.287,1291.0,67448.0
0.287,584.0,12550.0
0.287,1826.0,40317.5
0.287,1601.5,59394.5
0.287,1323.6666666666667,43181.666666666664
0.287,301.0,4555.0
0.287,599.0,8215.0
0.287,969.75,37030.75
0.287,1229.0,51917.25
0.287,111.0,196.0
0.287,2351.5,69180.5
0.287,3500.0,153941.0
0.287,2415.0,120316.0
0.287,1794.5,106935.5
0.287,120.0,1172.0
0.287,267.5,4768.0
0.287,294.0,14135.0
0.287,2599.5,129285.5
0.287,411.0,2756.0
0.287,1073.0,54451.0
0.287,1926.0,120818.5
0.287,727.0,22926.666666666668
0.287,948.0,41916.25
0.287,1794.5,104097.0
0.287,428.0,6607.0
0.287,121.5,1131.5
0.287,1041.5,50432.5
0.287,539.0,10732.0
0.287,1856.0,77593.66666666667
0.287,1833.8333333333333,51623.833333333336
0.287,279.0,4502.0
0.287,1850.75,43295.25
0.287,399.0,7852.5
0.287,908.3333333333334,28240.666666666668
0.287,1750.6,62520.2
0.287,1811.6,52751.0
0.287,685.0,23490.0
0.287,1619.0,70985.0
0.287,3500.0,84369.0
0.287,869.0,26806.0
0.287,3500.0,224586.0
0.287,969.0,21882.0
0.287,3500.0,148345.0
0.287,1658.0,38806.0
0.287,1793.5,38548.0
0.287,3500.0,167174.0
0.287,3500.0,48767.0
0.287,889.5,36053.5
0.287,185.0,970.5
0.287,846.5,32442.5
0.287,2378.0,133555.66666666666
0.287,177.0,2112.0
0.287,2689.3333333333335,156909.66666666666
0.287,3500.0,68324.0
0.287,714.75,18222.75
0.287,3500.0,95860.0
0.288,2377.3333333333335,116233.0
0.288,2412.2,74576.2
0.288,3500.0,158105.0
0.288,3500.0,151885.0
0.288,3500.0,129363.0
0.288,1271.0,21411.0
0.288,1824.0,63752.0
0.288,1365.0,45944.0
0.288,3500.0,46730.0
0.288,1978.5,74813.5
0.288,3500.0,182454.0
0.288,1810.0,93586.75
0.288,1348.3333333333333,44205.333333333336
0.288,1573.0,75918.0
0.288,2360.0,64906.5
0.288,2309.0,119637.5
0.288,3500.0,164375.0
0.288,827.0,18940.5
0.288,2362.3333333333335,118145.66666666667
0.288,3500.0,128869.0
0.288,3500.0,162255.0
0.288,2403.6666666666665,109309.33333333333
0.288,323.0,1884.0
0.288,1549.0,47357.333333333336
0.288,3500.0,236831.0
0.288,1490.6,67671.6
0.288,1360.3333333333333,53435.666666666664
0.288,257.0,4277.0
0.288,3500.0,99883.0
0.288,3500.0,176037.5
0.288,1585.0,87880.0
0.288,3500.0,40204.0
0.288,1072.2857142857142,53755.0
0.288,292.0,4335.0
0.288,1536.0,26947.0
0.288,71.5,237.0
0.288,2248.0,70541.5
0.288,2355.3333333333335,119681.0
0.288,105.0,108.0
0.288,599.5,21376.5
0.288,803.6,15537.8
0.288,1795.0,52735.5
0.288,1815.5,41875.0
0.288,3500.0,98188.0
0.288,2451.3333333333335,59401.0
0.288,141.0,1223.0
0.288,1283.6666666666667,51681.0
0.288,2354.6666666666665,72892.66666666667
0.288,1591.0,87833.0
0.288,3500.0,237653.0
0.288,3500.0,80224.0
0.288,3500.0,181311.33333333334
0.288,1653.0,75389.0
0.288,3500.0,177005.0
0.288,1573.6666666666667,79309.0
0.288,1766.5,67816.5
0.288,3500.0,131440.33333333334
0.288,3500.0,81710.0
0.288,2405.3333333333335,116014.33333333333
0.288,2107.0,64605.0
0.288,2832.3333333333335,89017.66666666667
0.288,1815.5,72744.0
0.288,213.0,1047.5
0.288,3500.0,162817.0
0.289,107.0,210.0
0.289,735.0,44816.5
0.289,99.0,256.0
0.289,1805.5,76825.0
0.289,771.0,16942.5
0.289,156.0,348.0
0.289,2501.6666666666665,62009.333333333336
0.289,1808.5,79556.0
0.289,1841.0,79248.5
0.289,337.0,4835.0
0.289,3500.0,165739.0
0.289,2348.0,114912.0
0.289,3500.0,188607.0
0.289,1789.0,90529.5
0.289,1177.3333333333333,47538.333333333336
0.289,204.33333333333334,2251.0
0.289,3500.0,122727.5
0.289,1213.5,42920.25
0.289,1855.5,75281.5
0.289,500.0,4404.0
0.289,385.6666666666667,19433.333333333332
0.289,102.0,755.0
0.289,2375.3333333333335,94213.33333333333
0.289,1501.6666666666667,26073.333333333332
0.289,1956.0,91506.0
0.289,170.5,1464.5
0.289,3500.0,200903.0
0.289,2297.5,90311.0
0.289,630.5,9741.5
0.289,146.0,490.0
0.289,1559.6666666666667,70664.66666666667
0.289,157.0,402.0
0.289,1374.0,30169.333333333332
0.289,3500.0,226624.0
0.289,89.0,427.0
0.289,70.0,131.0
0.289,2622.0,122466.0
0.289,1807.5,68618.0
0.289,1781.0,103218.0
0.289,1223.75,45381.5
0.289,230.0,3137.0
0.289,118.0,280.0
0.289,2358.6666666666665,100435.33333333333
0.289,3500.0,124355.0
0.289,1804.0,46572.0
0.289,1522.6666666666667,48343.666666666664
0.289,535.0,4003.0
0.289,3500.0,105387.0
0.289,3500.0,172873.0
0.289,3500.0,140259.0
0.289,1317.0,50587.0
0.289,2427.0,60236.0
0.289,761.0,51570.333333333336
0.289,59.0,72.0
0.289,420.0,11549.0
0.289,1190.0,25378.0
0.289,1842.5,93440.5
0.289,3500.0,177238.5
0.289,149.0,997.0
0.289,2225.75,119959.5
0.289,2302.25,75142.5
0.289,444.5,2879.0
0.289,153.0,523.5
0.289,560.6,10996.8
0.289,1413.5,39394.0
0.289,961.75,33505.5
0.29,1852.5,84139.5
0.29,1198.5,28779.0
0.29,340.0,5632.0
0.29,2272.0,58523.5
0.29,1840.0,77055.5
0.29,369.0,5522.0
0.29,3500.0,109018.0
0.29,287.0,7155.5
0.29,2726.0,120762.0
0.29,98.0,99.0
0.29,857.0,23139.2
0.29,2448.5,73168.5
0.29,2390.3333333333335,130626.33333333333
0.29,3500.0,139362.0
0.29,54.0,98.0
0.29,3500.0,195312.5
0.29,1897.5,110975.0
0.29,1797.5,71708.0
0.29,3500.0,83811.0
0.29,567.0,21427.0
0.29,3500.0,215481.0
0.29,1931.6666666666667,55306.0
0.29,231.0,2086.0
0.29,164.5,1174.5
0.29,60.0,642.0
0.29,3500.0,129785.0
0.29,89.0,108.0
0.29,109.0,193.0
0.29,1954.75,91935.75
0.29,1937.75,77247.75
0.29,1095.3333333333333,36062.666666666664
0.29,440.0,12542.0
0.29,425.0,4989.0
0.29,480.0,11078.333333333334
0.29,3500.0,115503.0
0.29,1866.0,70104.33333333333
0.29,93.0,146.0
0.29,1831.5,61418.0
0.29,1799.5,80372.5
0.29,163.0,335.0
0.29,91.0,576.0
0.29,2656.25,118907.25
0.29,790.25,25089.25
0.29,1183.5,60060.5
0.29,636.0,8641.0
0.29,3500.0,199355.0
0.29,1858.0,78722.5
0.29,1334.3333333333333,63183.0
0.29,1909.0,38146.5
0.29,3500.0,135190.0
0.29,624.0,10907.0
0.29,3500.0,218664.0
0.29,405.0,11514.0
0.29,280.0,9408.0
0.29,1070.0,42105.0
0.29,441.6666666666667,7585.0
0.29,3500.0,159383.0
0.29,2356.5,55634.5
0.29,3500.0,110244.66666666667
0.29,112.0,150.0
0.29,3500.0,206992.0
0.29,2728.0,59167.666666666664
0.29,1889.2,58420.8
0.29,3500.0,95241.0
0.29,112.0,269.0
0.29,1791.5,98134.5
0.29,693.4,21958.4
0.29,248.0,1574.0
0.29,91.0,105.0
0.29,161.0,195.0
0.29,71.5,196.5
0.29,2508.0,133540.0
0.29,3500.0,78288.0
0.29,1998.0,111536.0
0.29,1345.0,52401.0
0.29,208.0,485.0
0.29,1902.0,61815.333333333336
0.291,2599.5,67932.0
0.291,3500.0,141420.5
0.291,340.0,11381.0
0.291,1799.5,45655.0
0.291,3500.0,186516.0
0.291,1069.0,34603.0
0.291,329.0,4712.0
0.291,3500.0,102102.75
0.291,194.0,5890.0
0.291,1371.0,33485.0
0.291,122.0,1045.0
0.291,585.5,5322.0
0.291,286.0,7501.0
0.291,1792.5,72363.0
0.291,1679.0,48471.333333333336
0.291,3500.0,112789.0
0.291,599.0,8722.0
0.291,3500.0,174910.0
0.291,545.0,9007.0
0.291,3500.0,165047.0
0.291,1849.5,73132.5
0.291,3500.0,101781.33333333333
0.291,95.0,99.0
0.291,2679.0,106031.0
0.291,83.0,158.0
0.291,3500.0,168274.0
0.291,95.0,110.0
0.291,1409.3333333333333,17712.0
0.291,939.0,43346.0
0.291,3500.0,231634.0
0.291,1353.0,38681.0
0.291,1560.0,86035.0
0.291,1791.5,100408.5
0.291,477.0,10484.0
0.291,1057.0,14470.0
0.291,429.0,6708.0
0.291,2358.6666666666665,95577.66666666667
0.291,555.5,17904.0
0.291,2026.0,58983.666666666664
0.291,2365.5,90399.5
0.291,2320.0,109133.33333333333
0.291,1186.0,27205.0
0.291,121.5,375.0
0.291,557.5,16246.0
0.291,69.0,784.0
0.291,1824.5,39384.5
0.291,216.0,656.0
0.291,1858.0,75054.5
0.291,192.0,259.0
0.291,3500.0,221107.0
0.291,249.0,1105.5
0.291,83.0,88.0
0.291,1409.0,46695.333333333336
0.291,3500.0,108297.0
0.291,3500.0,152400.0
0.291,325.0,7229.0
0.291,2389.0,117292.0
0.291,983.0,27795.5
0.291,3500.0,136407.0
0.291,3500.0,120963.0
0.291,84.0,99.0
0.291,2234.2,72456.6
0.291,543.0,19107.0
0.291,1863.25,94968.5
0.291,3500.0,116082.0
0.291,279.3333333333333,4657.666666666667
0.291,1982.5,57091.5
0.291,3500.0,88226.0
0.292,85.0,1384.0
0.292,1873.0,73846.5
0.292,468.6666666666667,11864.0
0.292,2508.5,129248.5
0.292,60.0,469.0
0.292,903.4,38877.8
0.292,3500.0,175219.5
0.292,1670.3333333333333,83657.33333333333
0.292,1367.0,42937.666666666664
0.292,169.0,484.5
0.292,133.5,254.0
0.292,287.0,1457.5
0.292,3500.0,97856.0
0.292,3500.0,189158.0
0.292,2395.4,113410.4
0.292,1743.0,74963.66666666667
0.292,3500.0,148068.5
0.292,119.0,187.0
0.292,2813.0,117901.0
0.292,3500.0,94806.0
0.292,1651.0,72553.0
0.292,1363.0,26932.0
0.292,79.0,353.0
0.292,1805.0,86071.0
0.292,2423.6666666666665,88136.66666666667
0.292,417.5,8448.5
0.292,967.5,62708.0
0.292,152.0,248.0
0.292,1056.4,41089.4
0.292,92.0,151.0
0.292,74.0,439.5
0.292,82.0,93.0
0.292,3500.0,150795.5
0.292,130.0,153.0
0.292,3500.0,135369.0
0.292,342.0,2641.0
0.292,730.3333333333334,17032.0
0.292,1850.0,57362.5
0.292,2041.75,68954.25
0.292,214.5,1582.5
0.292,716.6666666666666,16673.333333333332
0.292,106.0,262.0
0.292,1982.0,77425.0
0.292,3500.0,71390.0
0.292,3500.0,109839.0
0.292,536.25,11124.5
0.292,566.0,12549.0
0.292,83.0,124.0
0.292,2180.25,77948.5
0.292,3500.0,158470.0
0.292,273.0,2585.0
0.292,111.0,124.0
0.292,618.0,11206.5
0.292,193.0,4808.0
0.292,81.0,188.0
0.292,125.0,179.0
0.292,585.5,15303.0
0.292,3500.0,188355.0
0.292,1709.0,97086.0
0.292,542.0,39640.5
0.292,127.0,135.66666666666666
0.292,3500.0,124388.0
0.292,1830.5,46695.5
0.292,3500.0,149888.0
0.292,3500.0,170928.0
0.292,3500.0,82550.0
0.292,1437.0,29260.0
0.292,177.33333333333334,702.0
0.292,342.0,4220.0
0.292,2036.0,111654.5
0.292,2371.0,66885.66666666667
0.292,1797.5,41006.5
0.292,3500.0,116063.0
0.292,3500.0,197714.0
0.292,73.0,194.0
0.292,1834.0,81368.0
0.293,2258.5,63646.5
0.293,833.0,27087.0
0.293,1397.0,66597.0
0.293,368.5,3028.5
0.293,123.0,243.0
0.293,3500.0,172655.0
0.293,1755.0,39106.0
0.293,278.0,1904.0
0.293,3500.0,162262.0
0.293,622.0,13220.0
0.293,1796.5,78537.0
0.293,3500.0,141589.0
0.293,1794.5,32760.5
0.293,1241.6666666666667,47397.333333333336
0.293,811.5,33452.0
0.293,3500.0,121982.0
0.293,1778.0,78749.5
0.293,642.3333333333334,45235.0
0.293,727.0,14018.0
0.293,1799.75,69056.5
0.293,1823.0,52985.0
0.293,88.0,1741.0
0.293,3500.0,54102.0
0.293,2728.5,139786.5
0.293,623.5,24806.5
0.293,3500.0,219970.0
0.293,625.3333333333334,28168.0
0.293,93.0,97.0
0.293,83.0,94.0
0.293,207.0,506.0
0.293,177.5,550.0
0.293,759.0,22702.0
0.293,3500.0,72455.0
0.293,3500.0,167468.0
0.293,2381.3333333333335,91319.33333333333
0.293,480.5,18073.5
0.293,3500.0,177397.0
0.293,3500.0,95410.66666666667
0.293,181.0,685.5
0.293,90.0,101.0
0.293,78.5,87.0
0.293,245.0,2548.0
0.293,112.0,149.0
0.293,107.0,832.0
0.293,1795.0,47531.0
0.293,1798.5,91024.5
0.293,843.5,25288.0
0.293,1674.3333333333333,97292.66666666667
0.293,1110.5,28792.5
0.293,216.0,1001.0
0.293,1350.5,67315.0
0.293,155.66666666666666,1031.6666666666667
0.293,3500.0,78200.5
0.293,1064.0,25538.5
0.293,45.0,47.0
0.293,95.0,992.5
0.293,1873.5,39457.0
0.293,1610.0,77090.66666666667
0.293,1395.0,41827.666666666664
0.293,1235.0,32361.666666666668
0.293,1262.0,29363.666666666668
0.293,1793.0,106385.0
0.293,1953.0,101927.0
0.293,977.5,32641.0
0.293,3500.0,66337.0
0.293,2237.75,66210.5
0.293,1782.5,53950.5
0.293,1963.5,91335.5
0.293,281.0,3601.0
0.293,1962.0,93200.0
0.293,1962.0,50013.0
0.293,156.5,440.5
0.294,438.0,15474.0
0.294,277.0,2457.0
0.294,184.0,1237.0
0.294,1921.5,48533.0
0.294,2336.0,131684.0
0.294,884.0,53130.0
0.294,2806.0,128111.33333333333
0.294,3500.0,138671.5
0.294,1740.3333333333333,49760.666666666664
0.294,180.0,286.0
0.294,341.0,14000.0
0.294,3500.0,122873.0
0.294,106.0,338.0
0.294,1065.0,23028.0
0.294,1812.5,72483.5
0.294,1313.6666666666667,62594.666666666664
0.294,1706.3333333333333,64351.666666666664
0.294,444.0,9031.0
0.294,3500.0,101893.0
0.294,1829.5,74836.0
0.294,3500.0,82501.5
0.294,585.0,6430.0
0.294,1799.0,59305.0
0.294,1070.0,49210.0
0.294,730.5,25193.0
0.294,3500.0,230363.0
0.294,3500.0,136738.0
0.294,3500.0,137297.0
0.294,240.0,2473.0
0.294,2360.0,68954.33333333333
0.294,470.4,13842.2
0.294,3500.0,140523.0
0.294,3500.0,100283.0
0.294,635.5,7332.0
0.294,93.0,96.0
0.294,2396.6666666666665,104820.33333333333
0.294,1336.0,50005.0
0.294,91.0,299.0
0.294,3500.0,166979.5
0.294,1564.0,72532.33333333333
0.294,120.0,1918.0
0.294,93.0,186.0
0.294,3500.0,77891.0
0.294,300.0,2328.0
0.294,145.0,3655.0
0.294,408.6666666666667,11925.0
0.294,165.0,549.0
0.294,3500.0,141679.0
0.294,421.6666666666667,3990.0
0.294,268.5,3067.5
0.294,3500.0,149246.0
0.294,3500.0,119636.0
0.294,216.5,1809.0
0.294,1837.0,67381.0
0.294,3500.0,172754.0
0.294,3500.0,132872.0
0.294,2526.5,106603.0
0.294,3500.0,65727.0
0.294,969.75,60171.0
0.294,68.66666666666667,97.33333333333333
0.294,112.0,116.0
0.294,1088.0,26509.5
0.294,1794.5,79628.5
0.294,3500.0,152926.0
0.294,3002.6666666666665,183115.33333333334
0.294,1252.0,21421.0
0.294,841.5,28779.0
0.294,3500.0,178478.0
0.294,1369.0,37436.0
0.294,341.0,3975.3333333333335
0.294,3500.0,76732.0
0.294,555.3333333333334,31951.333333333332
0.294,1805.0,63092.0
0.295,162.0,535.0
0.295,1930.5,82037.5
0.295,84.5,92.0
0.295,3500.0,125739.5
0.295,1939.5,115078.5
0.295,2511.3333333333335,152761.66666666666
0.295,131.0,203.0
0.295,3500.0,116752.0
0.295,250.0,4713.0
0.295,1675.2,49369.2
0.295,3500.0,110899.0
0.295,1055.0,15719.0
0.295,642.5,25476.0
0.295,1824.0,80264.0
0.295,1276.0,37476.5
0.295,1925.0,56106.0
0.295,1263.5,64252.333333333336
0.295,1241.0,38576.666666666664
0.295,3500.0,142565.0
0.295,333.5,6296.5
0.295,3500.0,72977.0
0.295,3500.0,210804.0
0.295,54.0,73.0
0.295,106.0,107.0
0.295,654.6666666666666,33155.0
0.295,341.0,1401.0
0.295,3500.0,149842.0
0.295,486.75,15352.5
0.295,323.0,2339.0
0.295,3500.0,180941.0
0.295,2238.5,125020.0
0.295,2500.0,120502.66666666667
0.295,82.0,98.0
0.295,1803.0,71979.0
0.295,3500.0,158009.0
0.295,39.0,666.0
0.295,3500.0,68447.0
0.295,94.0,110.0
0.295,1064.0,19823.0
0.295,529.0,5147.0
0.295,3500.0,69559.0
0.295,3500.0,177384.5
0.295,3500.0,73286.0
0.295,886.0,51914.0
0.295,558.0,14070.0
0.295,1927.5,65722.0
0.295,178.0,1023.0
0.295,3500.0,87594.0
0.295,1800.5,36831.0
0.295,102.5,414.0
0.295,2035.0,63621.25
0.295,2363.0,109803.0
0.295,1715.3333333333333,41266.333333333336
0.295,1007.0,25466.0
0.295,124.0,646.0
0.295,1778.0,65328.0
0.295,1782.5,118284.0
0.295,121.0,1345.0
0.295,1858.0,57426.0
0.295,100.0,279.5
0.295,675.0,11817.0
0.295,805.5,44590.5
0.295,1074.0,74378.0
0.295,3500.0,248483.0
0.295,94.0,99.0
0.295,3500.0,75468.0
0.295,156.0,445.0
0.296,2136.4,65752.6
0.296,183.33333333333334,2790.6666666666665
0.296,2601.0,139833.66666666666
0.296,177.5,1091.0
0.296,3500.0,241479.0
0.296,297.0,807.0
0.296,1796.5,55948.0
0.296,1273.0,35996.75
0.296,3500.0,223571.0
0.296,147.5,598.0
0.296,113.5,229.0
0.296,2364.0,45925.666666666664
0.296,618.0,8609.5
0.296,1923.0,63819.0
0.296,110.5,181.0
0.296,2712.5,150338.5
0.296,2901.3333333333335,137136.0
0.296,59.0,375.0
0.296,220.0,1235.0
0.296,3500.0,118061.0
0.296,578.5,16990.5
0.296,313.5,2798.5
0.296,3500.0,112351.0
0.296,94.0,105.0
0.296,251.0,1808.0
0.296,3500.0,221629.0
0.296,1297.6666666666667,43345.666666666664
0.296,85.5,588.5
0.296,3500.0,106632.0
0.296,1605.0,59347.0
0.296,278.0,2556.0
0.296,121.0,144.0
0.296,1850.0,65916.0
0.296,3500.0,115710.0
0.296,591.0,10613.333333333334
0.296,1972.5,56309.0
0.296,104.0,316.0
0.296,3500.0,137397.0
0.296,1768.0,71656.0
0.296,90.5,166.5
0.296,3500.0,176502.0
0.296,619.0,11096.0
0.296,1798.5,50855.0
0.296,3500.0,119394.0
0.296,290.5,3196.0
0.296,271.0,2595.0
0.296,1831.0,121343.5
0.296,1931.0,37589.5
0.296,1826.0,83965.0
0.296,3500.0,59823.0
0.296,242.33333333333334,2766.3333333333335
0.296,639.6666666666666,24128.666666666668
0.296,77.0,1038.0
0.296,234.0,1271.0
0.296,643.5,22674.5
0.296,1790.5,94309.5
0.296,272.5,1632.5
0.296,3500.0,121460.0
0.296,3500.0,209358.0
0.296,3500.0,163726.0
0.297,3500.0,144694.0
0.297,870.5,12032.5
0.297,727.5,19188.5
0.297,1302.5,76009.25
0.297,466.0,3090.0
0.297,98.5,1263.0
0.297,37.0,53.0
0.297,3500.0,182009.0
0.297,3500.0,144965.0
0.297,3500.0,116919.0
0.297,3500.0,174864.0
0.297,1858.0,61168.0
0.297,1808.0,71782.0
0.297,1279.0,29557.0
0.297,94.0,99.0
0.297,1831.6,69016.2
0.297,64.0,436.5
0.297,514.5,11366.0
0.297,1230.0,20741.0
0.297,3500.0,78805.0
0.297,1879.5,58934.5
0.297,1048.0,51332.0
0.297,3500.0,176954.0
0.297,87.0,102.0
0.297,3500.0,154349.0
0.297,206.5,5184.5
0.297,3500.0,111473.0
0.297,973.5,35779.75
0.297,1496.6666666666667,46189.0
0.297,359.0,3294.5
0.297,68.0,801.0
0.297,1261.0,62527.75
0.297,220.0,3476.0
0.297,1326.6666666666667,65846.0
0.297,3500.0,210697.0
0.297,269.25,5297.0
0.297,127.0,692.0
0.297,3500.0,188322.0
0.297,2361.3333333333335,167936.0
0.297,1663.3333333333333,56166.333333333336
0.297,180.0,6692.0
0.297,3500.0,79251.0
0.297,200.0,3162.0
0.297,59.0,91.0
0.297,3500.0,174243.0
0.297,3500.0,141708.5
0.297,84.0,144.0
0.297,1404.0,16983.0
0.297,122.0,145.0
0.297,2490.6666666666665,54987.666666666664
0.297,112.0,162.0
0.297,1371.0,45245.0
0.297,309.0,2369.0
0.297,66.0,91.0
0.297,1128.0,26144.0
0.297,164.0,606.0
0.297,3500.0,168953.0
0.297,3500.0,128682.0
0.297,3500.0,160463.5
0.297,3500.0,201803.0
0.297,176.0,672.0
0.297,933.5,34840.0
0.297,1614.0,54799.0
0.297,441.0,2701.0
0.297,3500.0,110128.0
0.297,1253.6666666666667,26546.666666666668
0.297,102.0,104.0
0.297,3500.0,206329.0
0.297,117.0,145.0
0.297,988.0,11878.0
0.297,1529.0,44794.666666666664
0.298,461.5,9950.5
0.298,1199.0,38020.0
0.298,3500.0,127654.0
0.298,708.0,32786.0
0.298,116.0,157.0
0.298,95.0,146.0
0.298,354.0,1411.0
0.298,453.0,11670.0
0.298,1304.6666666666667,17078.333333333332
0.298,1445.6666666666667,29377.0
0.298,129.0,902.0
0.298,189.0,260.0
0.298,490.0,2648.0
0.298,1784.5,67467.5
0.298,3500.0,94677.0
0.298,1797.0,85161.0
0.298,244.0,1785.0
0.298,85.0,89.0
0.298,95.0,96.0
0.298,2293.0,124190.0
0.298,228.0,502.0
0.298,1902.0,70823.5
0.298,353.0,7834.0
0.298,1821.5,54433.5
0.298,1090.0,27746.5
0.298,102.0,190.0
0.298,3500.0,137616.0
0.298,1575.0,70130.0
0.298,3500.0,144324.0
0.298,3500.0,209720.0
0.298,1609.0,48174.666666666664
0.298,1598.3333333333333,51995.0
0.298,1404.0,80817.0
0.298,3500.0,98504.0
0.298,77.0,79.0
0.298,1426.3333333333333,23986.666666666668
0.298,1308.857142857143,26591.0
0.298,1284.3333333333333,46904.333333333336
0.298,432.3333333333333,17811.666666666668
0.298,109.0,268.0
0.298,3500.0,142174.66666666666
0.298,2049.6666666666665,73954.66666666667
0.298,843.0,18482.0
0.298,2433.0,48553.5
0.298,625.0,10850.0
0.298,177.0,313.0
0.298,3500.0,137875.0
0.298,83.0,1219.0
0.298,229.0,4077.0
0.298,3500.0,192519.0
0.298,1554.3333333333333,35099.333333333336
0.298,3500.0,114508.0
0.298,127.0,172.0
0.298,369.0,1565.0
0.298,108.0,740.0
0.298,1519.5,92844.5
0.298,2404.3333333333335,90793.0
0.298,512.0,10503.0
0.298,1816.25,51048.0
0.298,3500.0,136451.0
0.298,117.5,715.5
0.298,239.0,2366.0
0.298,251.0,8647.0
0.298,1793.0,97564.0
0.298,856.0,11844.5
0.298,1795.5,67013.0
0.298,1749.0,73505.0
0.298,564.6666666666666,14177.666666666666
0.298,215.0,1823.5
0.298,1717.0,79021.33333333333
0.298,1797.0,72329.0
0.298,2593.0,77048.5
0.299,207.0,1521.0
0.299,177.5,580.5
0.299,1789.5,75132.5
0.299,1013.0,20998.0
0.299,76.0,150.0
0.299,1298.6666666666667,19164.0
0.299,98.0,255.0
0.299,2414.0,110254.33333333333
0.299,3500.0,66661.0
0.299,73.0,90.0
0.299,51.0,67.0
0.299,3500.0,137516.0
0.299,81.0,237.5
0.299,3500.0,81053.0
0.299,2335.0,98775.5
0.299,156.0,732.0
0.299,3500.0,97739.0
0.299,3500.0,110349.5
0.299,435.0,3352.0
0.299,2441.0,71808.0
0.299,301.0,1959.0
0.299,218.0,3528.3333333333335
0.299,1423.0,72225.0
0.299,143.0,1416.0
0.299,237.5,1815.0
0.299,164.5,307.0
0.299,2238.0,79459.0
0.299,519.0,11996.5
0.299,3500.0,100124.0
0.299,3500.0,156003.0
0.299,241.0,1880.0
0.299,1799.0,80722.0
0.299,1118.0,61035.0
0.299,991.0,43203.0
0.299,205.0,1410.0
0.299,1053.0,37352.0
0.299,3500.0,105094.0
0.299,1891.0,63715.666666666664
0.299,1835.0,57654.0
0.299,82.0,93.0
0.299,55.0,93.0
0.299,3500.0,200224.0
0.299,266.5,5728.5
0.299,48.0,373.0
0.299,253.0,3109.0
0.299,2421.3333333333335,84026.66666666667
0.299,1224.3333333333333,42719.0
0.299,433.0,2543.0
0.299,824.0,13550.0
0.299,83.0,109.0
0.299,1585.6666666666667,79317.0
0.299,216.0,1812.0
0.299,675.0,12575.0
0.299,3500.0,97560.0
0.299,1502.8,48690.0
0.299,3500.0,127511.5
0.299,90.5,100.5
0.299,80.4,323.0
0.299,269.6666666666667,3094.6666666666665
0.299,3500.0,115018.5
0.299,574.3333333333334,10886.666666666666
0.299,3500.0,195412.0
0.299,742.0,10478.0
0.299,561.3333333333334,10360.333333333334
0.299,2480.0,97519.5
0.299,3500.0,123217.0
0.299,93.5,414.5
0.299,162.5,887.5
0.299,3500.0,107704.5
0.299,78.0,81.0
0.299,100.5,134.5
0.299,121.0,904.0
0.299,3500.0,148956.0
0.3,3500.0,69931.0
0.3,216.0,326.0
0.3,1512.0,45798.0
0.3,1335.5,40705.0
0.3,83.0,98.0
0.3,1128.0,41153.0
0.3,1046.5,31776.5
0.3,516.0,20842.0
0.3,3500.0,106748.0
0.3,1309.3333333333333,27304.666666666668
0.3,3500.0,119560.0
0.3,106.0,231.0
0.3,1150.0,46791.0
0.3,85.0,101.5
0.3,2557.5,134270.0
0.3,3500.0,157151.0
0.3,1790.5,52373.5
0.3,1554.0,31664.0
0.3,99.0,105.0
0.3,178.5,2005.5
0.3,1814.0,52559.0
0.3,1790.0,43898.0
0.3,1966.5,92494.5
0.3,71.0,84.0
0.3,3500.0,95653.0
0.3,991.6666666666666,48367.666666666664
0.3,1794.5,87148.5
0.3,292.6666666666667,7451.666666666667
0.3,103.0,108.0
0.3,442.5,6813.5
0.3,95.0,99.0
0.3,1924.5,50364.0
0.3,1244.0,54441.0
0.3,156.5,1977.0
0.3,1582.0,90739.0
0.3,237.0,2275.0
0.3,1566.0,80001.0
0.3,833.5,16216.5
0.3,1745.0,69782.0
0.3,101.0,242.0
0.3,1794.5,85471.5
0.3,433.0,6722.0
0.3,839.5,24636.0
0.3,2482.0,49649.5
0.3,91.0,94.0
0.3,845.0,12809.0
0.3,1353.25,27064.0
0.3,481.0,11931.0
0.3,162.66666666666666,826.0
0.3,280.0,4730.0
0.3,480.0,3751.0
0.3,3500.0,241417.0
0.3,2067.0,104520.5
0.3,1783.5,57250.0
0.3,142.0,216.0
0.3,233.5,2788.5
0.3,1018.0,46966.0
0.3,3500.0,127247.0
0.3,344.0,2908.0
0.3,1792.0,101962.0
0.3,1882.0,126272.0
0.3,3500.0,116599.0
0.3,349.0,2094.0
0.3,3500.0,200554.0
0.3,1799.0,115530.5
0.3,1239.6666666666667,34746.666666666664
0.3,329.5,5281.5
0.3,1475.0,77840.0
0.3,163.5,3927.0
0.301,3500.0,69071.0
0.301,1817.0,79821.0
0.301,147.0,167.0
0.301,108.0,247.0
0.301,1800.0,94451.5
0.301,3500.0,103851.0
0.301,3500.0,128230.5
0.301,67.0,139.0
0.301,1400.25,46559.5
0.301,611.0,9257.0
0.301,216.0,342.0
0.301,677.5,23504.5
0.301,2445.0,107865.5
0.301,1217.0,29770.0
0.301,1871.0,85713.5
0.301,302.5,2366.0
0.301,3500.0,191179.0
0.301,3500.0,137291.0
0.301,3500.0,166100.0
0.301,425.75,17858.75
0.301,158.5,598.5
0.301,579.0,5045.0
0.301,93.0,99.0
0.301,3500.0,66864.0
0.301,3500.0,87718.0
0.301,3500.0,192661.0
0.301,1785.0,70101.5
0.301,1878.25,68589.5
0.301,2340.5,73827.0
0.301,1917.5,24093.5
0.301,3500.0,143985.0
0.301,1680.0,78803.0
0.301,1287.3333333333333,54367.333333333336
0.301,216.0,1857.0
0.301,1343.0,29669.0
0.301,145.0,338.0
0.301,3500.0,210050.0
0.301,1565.0,47189.666666666664
0.301,2289.0,121925.0
0.301,3500.0,164036.5
0.301,143.0,1684.0
0.301,504.0,4486.0
0.301,3500.0,177773.0
0.301,207.0,5214.0
0.301,1031.25,50693.25
0.301,84.0,97.0
0.301,124.0,695.0
0.301,3500.0,148264.0
0.301,1786.5,80260.0
0.301,2563.5,100520.5
0.301,306.5,2271.0
0.301,1228.3333333333333,71688.0
0.301,1419.0,62528.0
0.301,3500.0,126097.0
0.301,240.0,4004.5
0.301,1791.0,121719.5
0.301,698.0,16576.0
0.301,261.5,4331.5
0.301,3500.0,96747.0
0.301,95.0,105.0
0.301,207.5,2108.5
0.301,3500.0,179027.0
0.301,1172.0,31567.0
0.301,572.0,5358.0
0.301,2139.0,74654.5
0.301,520.3333333333334,13390.666666666666
0.301,3500.0,254375.0
0.301,191.0,930.0
0.301,3500.0,112591.0
0.302,3500.0,206930.0
0.302,1321.0,27313.0
0.302,1803.0,42485.0
0.302,91.0,92.0
0.302,3500.0,161994.0
0.302,3500.0,154019.0
0.302,1225.0,27072.666666666668
0.302,1032.6,30771.4
0.302,1606.0,51157.666666666664
0.302,106.0,149.0
0.302,1097.75,54718.75
0.302,114.0,116.0
0.302,120.0,400.0
0.302,1404.3333333333333,47162.333333333336
0.302,1380.0,62029.0
0.302,3500.0,198288.0
0.302,404.0,5313.0
0.302,2264.0,54739.5
0.302,107.0,108.0
0.302,3500.0,168894.0
0.302,281.0,3356.0
0.302,1316.0,40164.0
0.302,90.0,99.0
0.302,201.0,1887.0
0.302,3500.0,62752.0
0.302,866.0,10203.5
0.302,1902.25,91507.5
0.302,105.0,117.0
0.302,1526.0,56510.0
0.302,1278.0,33987.0
0.302,3500.0,133667.0
0.302,1827.5,71512.5
0.302,131.0,196.0
0.302,79.0,88.0
0.302,88.0,155.0
0.302,1241.3333333333333,21479.666666666668
0.302,756.5,18084.5
0.302,2404.0,79361.0
0.302,1004.0,18593.0
0.302,149.0,422.0
0.302,998.5,31033.5
0.302,1785.0,49887.5
0.302,3500.0,224763.0
0.302,132.0,299.0
0.302,3500.0,109297.0
0.302,142.0,147.0
0.302,903.5,17768.25
0.302,2058.0,48846.5
0.302,339.5,2404.5
0.302,1745.0,125098.0
0.302,1356.0,35448.0
0.302,3500.0,115810.0
0.302,3500.0,136163.5
0.302,3500.0,134531.5
0.302,200.0,2044.0
0.302,98.5,182.0
0.302,418.6666666666667,8787.0
0.302,556.0,16391.0
0.302,572.5,13893.5
0.302,1783.0,45473.0
0.302,148.0,241.0
0.302,1830.5,76997.5
0.302,1799.5,58342.5
0.302,1413.5,50283.0
0.302,1810.0,60539.5
0.302,329.0,8214.0
0.302,89.0,143.5
0.302,1804.0,88798.0
0.302,1250.6666666666667,29462.666666666668
0.302,57.0,536.0
0.302,2328.0,94100.0
0.302,3500.0,134287.0
0.302,3500.0,82775.0
0.302,1754.6666666666667,39483.0
0.302,639.0,15960.0
0.303,997.0,40716.0
0.303,760.0,8860.0
0.303,542.0,12557.0
0.303,91.0,159.0
0.303,3500.0,104995.0
0.303,216.0,1204.0
0.303,1023.0,38172.0
0.303,791.5,22422.0
0.303,3500.0,137669.5
0.303,1580.0,42209.0
0.303,1791.0,92843.0
0.303,1804.0,93056.0
0.303,1890.5,126000.5
0.303,1365.25,17227.5
0.303,291.0,2481.0
0.303,1237.0,31821.333333333332
0.303,3500.0,205992.0
0.303,141.0,178.5
0.303,1233.3333333333333,49621.666666666664
0.303,1798.0,87464.5
0.303,2357.3333333333335,90904.66666666667
0.303,3500.0,145805.5
0.303,60.0,322.0
0.303,1310.6666666666667,35361.333333333336
0.303,90.5,435.0
0.303,599.0,13279.0
0.303,110.0,367.0
0.303,2431.6666666666665,74653.0
0.303,128.0,201.0
0.303,1858.0,95968.5
0.303,3500.0,67923.5
0.303,262.5,4789.0
0.303,746.5,20170.0
0.303,2072.0,117520.0
0.303,1805.5,78338.5
0.303,1912.75,64381.25
0.303,448.0,6010.0
0.303,64.0,494.0
0.303,2745.3333333333335,62522.666666666664
0.303,3500.0,135256.0
0.303,119.5,157.5
0.303,3500.0,168673.0
0.303,3500.0,98166.0
0.303,223.0,3346.0
0.303,118.0,242.0
0.303,2616.0,98915.33333333333
0.303,117.0,154.0
0.303,3500.0,175240.0
0.303,93.0,94.0
0.303,1796.0,57934.5
0.303,94.0,163.0
0.303,1781.0,88336.0
0.303,1532.5,48524.5
0.303,1537.75,46650.5
0.303,3500.0,118258.0
0.303,1396.3333333333333,30760.333333333332
0.303,81.0,99.0
0.303,122.0,257.0
0.303,1158.0,66750.0
0.303,509.0,9376.0
0.303,3500.0,173187.0
0.303,1622.0,56800.0
0.303,3500.0,89056.0
0.303,576.0,14085.5
0.303,99.0,105.0
0.303,2357.6666666666665,70751.33333333333
0.303,51.0,73.0
0.303,574.5,6578.5
0.303,1300.3333333333333,63347.666666666664
0.303,354.6666666666667,2970.0
0.303,1986.0,47716.0
0.304,1113.0,35899.0
0.304,65.0,522.0
0.304,3500.0,123211.0
0.304,102.66666666666667,165.33333333333334
0.304,3500.0,98046.0
0.304,3500.0,197197.0
0.304,595.0,9386.0
0.304,83.0,99.0
0.304,615.5,19656.0
0.304,308.0,2521.0
0.304,102.0,110.0
0.304,124.0,572.0
0.304,170.5,1021.0
0.304,216.0,5731.5
0.304,1835.5,71586.0
0.304,102.0,322.5
0.304,3500.0,88292.0
0.304,1121.0,64775.0
0.304,3500.0,116428.5
0.304,2710.75,102696.75
0.304,846.0,20550.0
0.304,1785.0,48283.0
0.304,909.0,22762.0
0.304,205.66666666666666,956.0
0.304,1685.3333333333333,41498.0
0.304,832.5,52515.0
0.304,91.5,100.0
0.304,1085.0,49571.0
0.304,262.0,5537.0
0.304,658.3333333333334,12983.666666666666
0.304,1584.0,31799.0
0.304,3500.0,143379.0
0.304,378.0,5613.75
0.304,85.0,92.0
0.304,88.0,106.0
0.304,79.0,121.0
0.304,1804.5,121546.5
0.304,313.25,4000.75
0.304,2440.0,153669.0
0.304,879.0,27843.666666666668
0.304,2809.8,110030.6
0.304,3500.0,182935.0
0.304,918.0,22775.0
0.304,1317.6666666666667,57296.333333333336
0.304,95.0,405.5
0.304,228.0,3769.0
0.304,554.0,10981.0
0.304,3500.0,149210.0
0.304,1258.0,41721.0
0.304,2673.3333333333335,147274.0
0.304,1798.0,110901.5
0.304,111.0,191.0
0.304,1316.0,22157.333333333332
0.304,3500.0,127647.5
0.304,3500.0,107621.0
0.304,1540.0,20154.0
0.304,3500.0,189579.0
0.304,1737.3333333333333,86864.66666666667
0.304,208.0,1274.0
0.304,1658.0,55311.0
0.304,3500.0,214320.0
0.304,167.5,1393.0
0.304,342.0,5340.0
0.304,3500.0,85814.0
0.304,3500.0,170269.0
0.305,863.3333333333334,23350.666666666668
0.305,102.33333333333333,109.33333333333333
0.305,3500.0,83476.0
0.305,711.0,14690.0
0.305,102.5,123.5
0.305,455.0,7641.0
0.305,1799.0,36493.0
0.305,216.0,1388.0
0.305,1783.0,36698.0
0.305,2694.0,105906.25
0.305,1794.5,50885.5
0.305,516.5,6927.0
0.305,2753.0,53226.75
0.305,559.0,7198.0
0.305,1449.0,48747.333333333336
0.305,3500.0,149406.0
0.305,1897.25,37419.75
0.305,1792.5,90321.0
0.305,367.0,12137.0
0.305,141.0,658.0
0.305,458.0,11006.0
0.305,1789.0,65486.0
0.305,1805.5,51255.0
0.305,1994.0,56352.0
0.305,117.0,182.0
0.305,3500.0,58137.0
0.305,82.0,142.0
0.305,1433.0,43986.0
0.305,207.0,1837.0
0.305,96.0,911.0
0.305,934.5,61989.75
0.305,3500.0,112205.0
0.305,758.25,20601.0
0.305,89.0,101.0
0.305,2115.5,69413.0
0.305,112.0,753.0
0.305,1944.0,117692.0
0.305,3500.0,92009.0
0.305,3500.0,65781.0
0.305,538.0,11267.333333333334
0.305,908.0,27070.0
0.305,216.0,580.0
0.305,295.0,2497.0
0.305,1224.6666666666667,62841.333333333336
0.305,3500.0,84395.0
0.305,628.5,28283.5
0.305,3500.0,136565.0
0.305,189.0,569.0
0.305,1972.6666666666667,94968.0
0.305,1588.0,67332.0
0.305,2367.6666666666665,87629.33333333333
0.305,1918.5,78780.0
0.305,1038.25,56492.5
0.305,3500.0,173767.0
0.305,3500.0,117339.5
0.305,530.25,16167.5
0.305,1416.0,25303.0
0.305,3500.0,131163.0
0.305,2366.0,109166.0
0.305,2381.3333333333335,77013.0
0.305,90.5,139.0
0.305,3500.0,83980.0
0.305,115.5,1479.0
0.305,1049.0,33618.0
0.305,1357.0,35532.0
0.305,97.0,103.0
0.306,216.0,431.0
0.306,1891.0,100072.5
0.306,85.0,326.5
0.306,1283.0,37301.0
0.306,3500.0,149141.0
0.306,1320.6666666666667,50677.0
0.306,1799.0,53199.0
0.306,93.5,98.0
0.306,268.0,5385.0
0.306,92.0,114.0
0.306,1965.0,111034.5
0.306,1175.0,36820.0
0.306,1250.75,52949.75
0.306,3500.0,109270.0
0.306,1156.0,46700.0
0.306,1799.0,150488.5
0.306,58.0,526.0
0.306,1370.6666666666667,52219.0
0.306,68.0,144.0
0.306,3500.0,182065.0
0.306,3500.0,183660.5
0.306,3500.0,170026.0
0.306,978.0,21609.0
0.306,508.6666666666667,20594.333333333332
0.306,124.0,161.0
0.306,3500.0,209636.5
0.306,215.0,3832.0
0.306,117.5,123.5
0.306,1100.0,49551.0
0.306,3500.0,151302.0
0.306,114.66666666666667,137.0
0.306,3500.0,83872.0
0.306,3500.0,75024.0
0.306,3500.0,174783.0
0.306,1008.0,29952.0
0.306,3500.0,199337.0
0.306,303.0,4036.0
0.306,171.0,525.0
0.306,1803.0,75037.5
0.306,3500.0,107260.0
0.306,3500.0,202455.0
0.306,1882.0,66573.5
0.306,475.0,13044.0
0.306,3500.0,173432.0
0.306,2187.0,56505.0
0.306,1383.0,46738.5
0.306,100.0,102.0
0.306,141.0,1141.0
0.306,2305.5,91721.5
0.306,783.5,45948.0
0.306,176.0,264.0
0.306,3500.0,120819.0
0.306,379.0,8465.0
0.306,1827.0,58495.5
0.306,175.0,203.0
0.306,297.0,1990.0
0.306,293.0,6071.0
0.306,88.0,97.0
0.306,3500.0,65876.0
0.306,3500.0,118898.0
0.306,1636.0,32869.0
0.306,185.0,4823.5
0.306,3500.0,229444.0
0.306,2376.5,128315.5
0.306,2365.3333333333335,86868.66666666667
0.306,622.0,13784.0
0.306,1843.5,90103.0
0.306,1858.0,65343.5
0.307,279.5,4219.5
0.307,3500.0,140848.0
0.307,3500.0,92795.0
0.307,802.0,22607.5
0.307,693.0,15582.142857142857
0.307,150.0,1750.0
0.307,238.33333333333334,2568.6666666666665
0.307,157.0,240.0
0.307,284.0,3290.0
0.307,1233.0,27739.0
0.307,1065.5,27507.5
0.307,1804.5,64613.0
0.307,1831.0,81624.0
0.307,3500.0,98734.0
0.307,2109.5,86217.75
0.307,415.0,3585.0
0.307,541.0,20551.5
0.307,3500.0,115393.5
0.307,87.0,127.0
0.307,3500.0,97004.0
0.307,1910.5,66177.5
0.307,204.5,2656.5
0.307,174.0,325.0
0.307,3500.0,120382.0
0.307,1835.0,94008.5
0.307,645.0,40077.0
0.307,2767.0,96033.33333333333
0.307,913.0,29886.5
0.307,1806.5,85848.5
0.307,1337.0,48888.666666666664
0.307,64.0,486.0
0.307,1204.0,39084.666666666664
0.307,1829.0,69408.5
0.307,596.0,11918.666666666666
0.307,2349.0,80804.0
0.307,90.0,112.0
0.307,3500.0,93646.0
0.307,1288.3333333333333,41835.666666666664
0.307,100.5,149.5
0.307,608.5,8266.0
0.307,2142.2,48852.8
0.307,2016.5,67316.5
0.307,1213.3333333333333,23173.666666666668
0.307,84.0,87.0
0.307,2007.0,100572.0
0.307,1457.0,38657.0
0.307,2405.5,63034.5
0.307,2678.25,84731.25
0.307,3500.0,107814.0
0.307,1800.5,22947.0
0.307,2679.25,114668.5
0.307,33.0,35.0
0.307,1693.3333333333333,25966.0
0.307,91.0,101.0
0.307,584.3333333333334,25019.0
0.307,619.0,28017.0
0.307,100.0,201.0
0.307,1783.5,65051.0
0.307,108.0,114.0
0.307,112.33333333333333,580.6666666666666
0.307,433.0,5088.0
0.307,270.0,1895.5
0.307,1296.6666666666667,24493.666666666668
0.307,3500.0,170108.0
0.307,86.5,504.0
0.307,3500.0,82717.0
0.307,221.5,2125.0
0.307,623.0,3122.0
0.307,1798.5,35473.0
0.308,3500.0,161487.0
0.308,204.0,5704.0
0.308,2359.6666666666665,88162.33333333333
0.308,583.0,19365.0
0.308,137.0,278.0
0.308,3500.0,161264.0
0.308,80.0,143.0
0.308,3500.0,156006.5
0.308,1339.0,26669.0
0.308,96.0,148.0
0.308,164.5,3256.0
0.308,449.3333333333333,17545.0
0.308,3500.0,138692.0
0.308,1468.0,53231.0
0.308,1468.0,27776.0
0.308,2387.5,116062.0
0.308,129.5,191.0
0.308,1748.0,116503.0
0.308,120.5,216.0
0.308,1254.3333333333333,44140.0
0.308,799.0,32589.0
0.308,112.0,113.0
0.308,3500.0,133274.0
0.308,1345.3333333333333,53935.333333333336
0.308,2369.8,129091.2
0.308,148.0,2271.0
0.308,338.0,4251.0
0.308,160.0,4090.0
0.308,3500.0,80895.0
0.308,74.5,306.5
0.308,1770.0,47695.0
0.308,948.0,27080.0
0.308,3500.0,180979.0
0.308,2122.0,49338.0
0.308,1508.0,68717.0
0.308,1796.75,82206.75
0.308,1490.3333333333333,76147.33333333333
0.308,265.0,2109.0
0.308,175.0,265.0
0.308,3500.0,89486.5
0.308,1799.5,100258.5
0.308,681.0,22751.0
0.308,3500.0,119372.0
0.308,1804.5,82876.5
0.308,3500.0,180047.0
0.308,210.0,540.0
0.308,1410.3333333333333,59219.666666666664
0.308,356.0,6540.5
0.308,996.0,31569.0
0.308,3500.0,186438.0
0.308,100.0,103.0
0.308,1803.5,35296.5
0.308,419.5,6095.5
0.308,88.0,135.0
0.308,2146.1666666666665,72302.0
0.308,1258.6666666666667,55754.666666666664
0.308,1778.0,75251.0
0.308,1835.75,65436.0
0.308,94.0,101.0
0.308,103.0,224.0
0.308,85.0,2050.0
0.308,1234.75,25360.75
0.308,106.0,111.0
0.308,120.0,156.0
0.308,170.33333333333334,2259.6666666666665
0.308,1223.6666666666667,33642.333333333336
0.308,89.0,185.0
0.308,245.0,744.0
0.308,2277.0,90265.4
0.308,31.0,42.0
0.308,622.0,8930.0
0.309,713.0,22667.0
0.309,271.0,456.0
0.309,101.0,113.0
0.309,698.0,27799.666666666668
0.309,102.0,117.0
0.309,2363.6666666666665,82228.66666666667
0.309,115.0,358.0
0.309,2117.0,80424.0
0.309,2147.4,100008.4
0.309,1163.0,51740.0
0.309,114.66666666666667,617.3333333333334
0.309,205.0,349.0
0.309,266.0,5813.0
0.309,1826.0,70744.5
0.309,312.0,5885.0
0.309,3500.0,197160.5
0.309,3500.0,87522.0
0.309,1121.6666666666667,30117.0
0.309,86.0,109.0
0.309,212.0,3033.0
0.309,93.0,94.0
0.309,3500.0,148759.0
0.309,743.0,22082.5
0.309,1618.0,55234.0
0.309,3500.0,167209.5
0.309,269.3333333333333,4975.0
0.309,77.0,144.0
0.309,1142.75,29236.0
0.309,85.0,109.0
0.309,1784.5,83904.0
0.309,262.0,4547.5
0.309,62.0,508.0
0.309,817.0,24593.0
0.309,3500.0,148528.0
0.309,2278.0,100790.5
0.309,1020.0,24449.0
0.309,173.0,532.0
0.309,117.0,1549.0
0.309,127.0,450.5
0.309,494.0,5151.0
0.309,1935.5,45040.5
0.309,1791.5,52469.5
0.309,97.0,110.0
0.309,123.0,180.0
0.309,152.66666666666666,2659.0
0.309,1797.5,39409.5
0.309,1640.0,110636.0
0.309,2647.25,79449.5
0.309,83.0,95.0
0.309,131.0,523.0
0.309,235.0,2665.0
0.309,473.0,14604.0
0.309,678.0,12914.0
0.309,171.0,263.0
0.309,244.66666666666666,1136.3333333333333
0.309,2537.3333333333335,92017.0
0.309,439.0,5264.0
0.309,3500.0,145401.0
0.309,283.5,2416.0
0.309,167.5,1884.0
0.309,1104.0,29613.5
0.309,1790.0,81460.0
0.309,1808.0,56273.0
0.309,1807.5,94174.0
0.309,181.5,2222.5
0.309,3500.0,75253.0
0.309,149.0,252.0
0.309,317.0,2749.0
0.309,2227.0,54804.5
0.309,2214.5,113561.0
0.309,166.0,171.0
0.309,2214.5,159336.0
0.309,93.0,99.0
0.309,2403.0,79278.66666666667
0.309,3500.0,163859.0
0.31,1811.0,69792.0
0.31,1608.0,60720.0
0.31,226.0,2831.0
0.31,295.75,3776.75
0.31,1833.0,82488.0
0.31,46.0,230.0
0.31,298.0,1859.0
0.31,64.0,91.0
0.31,171.0,3325.0
0.31,1761.5,80611.0
0.31,975.0,31796.5
0.31,1809.0,71270.0
0.31,3500.0,117914.0
0.31,100.5,891.0
0.31,1231.3333333333333,39052.333333333336
0.31,1278.0,49702.0
0.31,3500.0,91936.0
0.31,1393.3333333333333,27501.666666666668
0.31,942.75,36866.25
0.31,3500.0,136872.0
0.31,2405.3333333333335,90279.33333333333
0.31,1782.5,116268.0
0.31,95.0,796.0
0.31,81.0,92.0
0.31,369.0,8837.0
0.31,1859.0,62250.5
0.31,3500.0,103801.0
0.31,2396.5,127541.5
0.31,157.33333333333334,2704.6666666666665
0.31,1189.0,60727.0
0.31,1349.0,33723.0
0.31,893.0,22201.5
0.31,3500.0,198315.0
0.31,2264.5,106633.5
0.31,2489.0,98035.0
0.31,3500.0,87488.0
0.31,55.0,993.0
0.31,1322.0,31980.0
0.31,201.0,466.0
0.31,1229.6666666666667,77005.33333333333
0.31,106.5,330.5
0.31,439.0,10745.0
0.31,88.0,90.0
0.31,341.0,11485.0
0.31,1786.5,53567.5
0.31,100.0,521.0
0.31,1836.5,91165.0
0.31,1002.0,36773.8
0.31,400.6666666666667,11248.333333333334
0.31,606.3333333333334,14848.666666666666
0.31,648.0,15884.5
0.31,1894.0,97448.5
0.31,126.0,150.0
0.31,242.0,5665.0
0.31,3500.0,185152.0
0.31,313.5,2615.5
0.31,3500.0,158266.0
0.31,158.5,1093.0
0.31,3500.0,79571.5
0.31,905.0,40287.5
0.31,174.0,1025.0
0.31,3500.0,226184.0
0.311,93.0,98.0
0.311,1595.4,67627.0
0.311,1786.5,115191.5
0.311,2512.0,82329.33333333333
0.311,2487.5,66779.0
0.311,528.0,21209.5
0.311,1007.5,25221.0
0.311,62.0,66.0
0.311,1793.5,78175.5
0.311,1780.5,99661.0
0.311,176.0,236.0
0.311,3500.0,58966.0
0.311,3500.0,120664.0
0.311,3500.0,171719.0
0.311,167.0,983.5
0.311,73.0,1074.0
0.311,3500.0,115811.5
0.311,90.0,146.0
0.311,88.0,92.0
0.311,1786.5,107278.0
0.311,1813.0,72956.5
0.311,1820.6666666666667,54680.333333333336
0.311,2361.6666666666665,115420.33333333333
0.311,1394.0,16097.0
0.311,234.5,2356.0
0.311,1668.0,59050.0
0.311,215.0,2014.0
0.311,2072.0,54580.0
0.311,3500.0,252215.0
0.311,2847.6666666666665,179190.33333333334
0.311,2477.0,91559.33333333333
0.311,1791.5,88065.5
0.311,1824.0,50319.0
0.311,1782.5,37638.5
0.311,93.0,107.0
0.311,690.0,17640.0
0.311,1833.5,53295.0
0.311,237.5,3263.5
0.311,1781.0,93414.5
0.311,3500.0,153992.0
0.311,105.0,115.0
0.311,3500.0,90004.0
0.311,3500.0,209215.0
0.311,1787.5,67350.5
0.311,489.5,8329.5
0.311,2146.5,91729.0
0.311,1930.0,56310.0
0.311,387.0,5517.0
0.311,241.0,6705.0
0.311,1075.5,36219.0
0.311,1233.0,67633.0
0.311,104.0,797.0
0.311,124.0,247.0
0.311,1520.0,63215.0
0.311,3500.0,160087.0
0.311,419.0,4336.0
0.311,3500.0,127576.0
0.311,3500.0,130544.0
0.311,86.0,149.0
0.311,85.0,178.0
0.311,92.0,1193.0
0.311,1393.0,51592.0
0.311,61.5,620.0
0.311,1752.3333333333333,57251.666666666664
0.311,135.0,3041.3333333333335
0.311,1806.5,74569.0
0.311,1650.3333333333333,71219.0
0.311,3500.0,135690.0
0.311,2353.0,126686.33333333333
0.311,1067.0,24123.5
0.312,3500.0,250810.0
0.312,75.0,87.0
0.312,691.0,25166.0
0.312,937.0,17568.0
0.312,992.0,30781.0
0.312,3500.0,96895.0
0.312,384.0,5635.0
0.312,174.0,366.0
0.312,1793.5,94286.5
0.312,2015.5,90655.5
0.312,3500.0,244432.0
0.312,1273.3333333333333,38542.0
0.312,718.3333333333334,20283.333333333332
0.312,105.0,106.0
0.312,1811.0,75621.75
0.312,1782.0,89329.0
0.312,150.33333333333334,2203.6666666666665
0.312,3500.0,69863.0
0.312,95.0,107.0
0.312,3500.0,195715.33333333334
0.312,1337.6666666666667,65326.333333333336
0.312,3500.0,155511.0
0.312,345.0,9547.0
0.312,3500.0,142278.0
0.312,439.0,5363.0
0.312,1309.0,71079.0
0.312,1632.0,82415.66666666667
0.312,97.5,149.5
0.312,1633.3333333333333,52712.666666666664
0.312,999.0,25135.0
0.312,930.5,18007.75
0.312,3500.0,128402.0
0.312,124.0,1335.0
0.312,3500.0,238966.0
0.312,2263.0,76568.5
0.312,609.0,36483.0
0.312,356.0,8805.0
0.312,153.0,1117.0
0.312,1407.0,26364.0
0.312,433.0,791.0
0.312,1411.3333333333333,55675.666666666664
0.312,518.0,36941.0
0.312,88.0,1032.0
0.312,190.5,2373.0
0.312,1831.0,69698.0
0.312,139.0,300.0
0.312,646.0,11691.0
0.312,1153.75,23358.25
0.312,1939.3333333333333,67087.66666666667
0.312,62.0,139.0
0.312,349.25,4934.75
0.312,1794.0,56150.0
0.312,66.0,95.0
0.312,358.0,3639.0
0.312,573.5,23133.5
0.312,3500.0,127437.0
0.312,298.5,5511.5
0.312,1794.0,66453.0
0.312,1782.0,57343.0
0.312,300.0,4903.0
0.312,111.0,140.0
0.312,222.5,1665.0
0.312,1257.0,64922.0
0.312,1001.5,19737.75
0.312,90.0,143.0
0.312,1755.3333333333333,47452.333333333336
0.312,78.0,186.0
0.312,841.0,35987.5
0.312,1809.0,50176.5
0.312,82.0,94.0
0.312,1244.6666666666667,46354.666666666664
0.312,103.0,120.0
0.312,826.6666666666666,39817.0
0.312,1858.0,104777.5
0.313,162.0,2478.5
0.313,1360.0,46274.0
0.313,3500.0,119731.0
0.313,1838.0,48930.5
0.313,99.66666666666667,117.66666666666667
0.313,171.0,200.0
0.313,101.0,102.0
0.313,390.0,15660.0
0.313,3500.0,75976.0
0.313,1866.0,50691.0
0.313,248.5,2419.5
0.313,88.0,114.0
0.313,1008.5,17807.5
0.313,3500.0,157553.0
0.313,1971.0,61672.5
0.313,1896.25,82591.0
0.313,112.5,133.0
0.313,1781.0,54780.666666666664
0.313,2379.0,115921.33333333333
0.313,410.0,3033.0
0.313,92.5,218.5
0.313,1403.6666666666667,31595.0
0.313,378.0,8952.0
0.313,1794.5,42426.0
0.313,101.0,112.0
0.313,176.5,1233.0
0.313,536.5,6861.0
0.313,292.0,2466.3333333333335
0.313,62.0,624.0
0.313,719.0,32296.0
0.313,1227.3333333333333,52399.666666666664
0.313,1382.75,18544.25
0.313,1570.6666666666667,66910.0
0.313,2114.5,103306.0
0.313,3500.0,116690.5
0.313,103.0,186.0
0.313,60.0,199.0
0.313,1092.0,48767.0
0.313,241.75,964.25
0.313,283.0,2735.5
0.313,2590.5,117878.5
0.313,1252.5,64561.75
0.313,3500.0,107506.0
0.313,166.0,444.0
0.313,87.0,139.0
0.313,93.0,148.0
0.313,1587.0,63431.0
0.313,545.0,24520.0
0.313,3500.0,112005.0
0.313,1031.5,52138.5
0.313,1224.6666666666667,27675.0
0.313,116.0,183.0
0.313,247.0,1702.0
0.313,1292.3333333333333,61180.0
0.313,1175.0,30446.75
0.313,85.0,146.0
0.313,1801.5,85536.5
0.313,3500.0,149160.5
0.313,1790.5,103928.5
0.313,1789.5,67435.5
0.313,131.0,261.0
0.313,84.0,100.0
0.313,88.0,95.0
0.313,100.0,109.0
0.313,216.0,996.0
0.313,3500.0,219207.0
0.313,3500.0,139178.0
0.313,106.0,111.5
0.313,465.75,9579.0
0.313,3500.0,199683.0
0.313,1757.0,56047.0
0.314,286.5,9896.0
0.314,415.0,3900.0
0.314,1801.5,91153.5
0.314,201.0,892.0
0.314,1585.0,53780.0
0.314,101.0,180.0
0.314,3500.0,103950.5
0.314,559.5,16032.0
0.314,158.5,341.0
0.314,3500.0,72944.0
0.314,2544.5,96648.0
0.314,3500.0,143301.5
0.314,89.0,99.0
0.314,1851.5,82568.0
0.314,2319.5,71815.0
0.314,288.0,3271.0
0.314,2039.0,111561.0
0.314,105.0,111.5
0.314,933.0,10843.0
0.314,1846.5,59910.5
0.314,263.0,949.0
0.314,3500.0,180492.0
0.314,346.0,10000.0
0.314,216.0,273.0
0.314,3500.0,240602.0
0.314,1090.5,22846.0
0.314,2410.5,134036.5
0.314,108.0,847.0
0.314,126.0,136.0
0.314,186.0,335.0
0.314,661.5,22749.5
0.314,1357.0,81633.0
0.314,1310.3333333333333,68719.33333333333
0.314,499.0,15658.0
0.314,1155.0,25855.0
0.314,1244.0,43843.0
0.314,1825.0,128679.0
0.314,2499.6666666666665,76872.0
0.314,1218.3333333333333,36179.666666666664
0.314,803.0,7853.0
0.314,82.0,93.0
0.314,3500.0,179255.5
0.314,93.0,127.0
0.314,3500.0,148744.0
0.314,3500.0,141700.33333333334
0.314,103.0,1470.0
0.314,760.6666666666666,27382.333333333332
0.314,3500.0,190058.0
0.314,166.0,388.0
0.314,230.0,2889.0
0.314,2404.3333333333335,92530.66666666667
0.314,189.0,1972.6666666666667
0.314,1860.5,34726.5
0.314,1449.0,37613.333333333336
0.314,77.0,1338.0
0.314,82.0,100.0
0.314,1579.0,53013.0
0.314,1488.6666666666667,56114.333333333336
0.314,3500.0,111379.0
0.314,2269.0,70399.0
0.314,227.5,3519.5
0.314,777.5,23525.0
0.314,468.0,7486.0
0.314,163.66666666666666,641.6666666666666
0.314,1215.6666666666667,64239.666666666664
0.314,305.0,1948.0
0.314,1802.0,57108.5
0.314,3500.0,116709.0
0.314,129.0,166.0
0.314,3500.0,200240.0
0.315,1921.5,34389.0
0.315,1800.5,98732.5
0.315,3500.0,182732.0
0.315,1817.5,68470.0
0.315,682.6666666666666,18186.666666666668
0.315,812.6666666666666,28179.0
0.315,242.66666666666666,2089.6666666666665
0.315,186.0,708.0
0.315,1782.5,63179.5
0.315,1360.3333333333333,48632.0
0.315,1351.0,50442.0
0.315,3500.0,64656.0
0.315,129.5,487.5
0.315,1805.0,51528.5
0.315,2360.0,43039.666666666664
0.315,1788.0,65149.0
0.315,3500.0,162034.0
0.315,3500.0,77514.0
0.315,910.5,35779.0
0.315,3500.0,158262.0
0.315,611.0,10184.0
0.315,3500.0,121393.5
0.315,67.0,659.0
0.315,3500.0,178345.5
0.315,343.25,4185.5
0.315,85.0,105.5
0.315,575.0,12818.0
0.315,305.5,4470.5
0.315,1789.5,35063.0
0.315,1950.0,61602.0
0.315,112.0,417.0
0.315,1458.6666666666667,22948.666666666668
0.315,576.3333333333334,13710.333333333334
0.315,1804.5,51569.0
0.315,3500.0,129499.0
0.315,1934.5,69214.5
0.315,1802.5,115517.0
0.315,1811.5,108520.5
0.315,129.0,164.0
0.315,508.5,8709.5
0.315,6.0,27.0
0.315,1420.0,51750.0
0.315,1329.0,46491.0
0.315,3500.0,114085.0
0.315,167.0,264.0
0.315,85.5,446.25
0.315,751.5,21764.0
0.315,721.0,30824.0
0.315,1822.5,64664.0
0.315,55.5,92.0
0.315,101.0,948.5
0.315,372.0,21306.0
0.315,168.75,1062.0
0.315,1364.0,65011.0
0.315,90.0,99.0
0.315,3500.0,144780.0
0.315,2458.3333333333335,66678.33333333333
0.315,3500.0,154664.0
0.315,1826.0,29776.0
0.315,1404.6666666666667,54652.0
0.315,500.0,6759.0
0.315,1883.0,105554.5
0.315,2648.5,98420.5
0.315,604.0,17431.0
0.316,543.6666666666666,20577.0
0.316,221.0,923.0
0.316,10.0,65.0
0.316,164.5,954.5
0.316,308.0,5528.0
0.316,3500.0,123971.0
0.316,62.0,340.0
0.316,112.0,116.0
0.316,170.0,293.0
0.316,1529.25,58172.25
0.316,408.5,14167.5
0.316,83.0,148.0
0.316,3500.0,91678.0
0.316,78.0,368.0
0.316,103.0,106.0
0.316,1227.3333333333333,24180.333333333332
0.316,728.0,19526.0
0.316,1012.25,51156.75
0.316,366.0,9412.5
0.316,134.0,440.0
0.316,2508.5,64319.5
0.316,1547.0,65302.333333333336
0.316,107.0,365.0
0.316,2652.0,133360.0
0.316,340.0,13267.0
0.316,3500.0,78193.0
0.316,82.0,90.0
0.316,94.0,98.0
0.316,3500.0,179326.0
0.316,1733.6666666666667,70655.66666666667
0.316,1339.6666666666667,50958.0
0.316,719.0,22139.666666666668
0.316,90.0,92.5
0.316,3500.0,135943.0
0.316,1344.0,39273.333333333336
0.316,715.0,44969.5
0.316,58.0,81.0
0.316,2362.6666666666665,115852.66666666667
0.316,3500.0,167415.0
0.316,3500.0,161667.0
0.316,3500.0,91896.0
0.316,535.0,21948.0
0.316,3500.0,112016.25
0.316,100.0,460.5
0.316,659.3333333333334,29260.333333333332
0.316,79.0,80.0
0.316,3500.0,156129.0
0.316,1812.5,30007.5
0.316,3500.0,156313.0
0.316,98.0,147.0
0.316,3500.0,63861.0
0.316,1798.5,82441.0
0.316,3500.0,125617.0
0.316,3500.0,137815.0
0.316,1810.5,80480.5
0.316,2704.5,120436.5
0.316,145.0,163.0
0.316,2285.5,60125.0
0.316,1332.0,41878.0
0.316,569.5,8995.0
0.316,1227.0,52860.333333333336
0.316,154.0,395.0
0.316,148.5,263.0
0.316,3500.0,122582.0
0.316,1801.0,59805.0
0.316,302.0,4754.0
0.316,97.0,154.0
0.317,3500.0,71049.0
0.317,1098.0,46346.0
0.317,73.0,137.0
0.317,138.5,586.0
0.317,186.0,2523.0
0.317,26.0,27.0
0.317,161.0,711.5
0.317,662.0,17608.0
0.317,3500.0,113611.0
0.317,1350.6666666666667,30496.666666666668
0.317,3500.0,207102.0
0.317,1531.3333333333333,49662.0
0.317,255.33333333333334,1760.0
0.317,3500.0,97517.0
0.317,109.0,154.0
0.317,741.0,19835.666666666668
0.317,1139.0,32164.0
0.317,3500.0,82028.0
0.317,77.0,81.0
0.317,3500.0,172164.0
0.317,1996.5,46618.5
0.317,223.0,3155.0
0.317,78.5,696.0
0.317,3500.0,142222.0
0.317,2639.5,81237.0
0.317,102.0,110.0
0.317,1007.0,33117.0
0.317,458.0,11673.0
0.317,2007.0,36128.0
0.317,209.0,4493.5
0.317,2339.5,90552.5
0.317,3500.0,208258.5
0.317,1744.3333333333333,40562.666666666664
0.317,1790.5,94451.0
0.317,74.0,92.5
0.317,84.5,90.5
0.317,218.5,3139.5
0.317,91.5,111.5
0.317,3500.0,128391.0
0.317,1864.0,129127.5
0.317,1230.6666666666667,27109.333333333332
0.317,716.6666666666666,22529.333333333332
0.317,179.0,1396.0
0.317,3500.0,231749.0
0.317,2277.0,61849.0
0.317,1272.0,46350.0
0.317,3500.0,134047.0
0.317,2351.3333333333335,89765.33333333333
0.317,1794.0,100412.5
0.317,1067.5,33426.0
0.317,3500.0,146749.0
0.317,3500.0,186605.0
0.317,216.0,255.0
0.317,119.33333333333333,459.6666666666667
0.317,1446.0,32858.0
0.317,105.0,112.0
0.317,3500.0,142587.0
0.317,101.5,204.5
0.317,1704.0,124912.0
0.317,1299.0,83865.0
0.317,61.0,445.0
0.317,3500.0,108224.0
0.317,133.0,394.0
0.317,3500.0,149652.0
0.317,3500.0,127880.0
0.317,93.0,98.0
0.317,1814.0,54542.5
0.317,1055.5,34576.5
0.317,172.0,271.0
0.317,353.0,7605.0
0.318,60.0,544.0
0.318,1933.0,35442.0
0.318,1704.0,67454.33333333333
0.318,3500.0,176478.0
0.318,107.0,563.5
0.318,1781.5,106214.0
0.318,81.0,88.0
0.318,2405.3333333333335,97310.66666666667
0.318,82.0,99.0
0.318,111.0,133.0
0.318,88.0,143.5
0.318,122.0,148.0
0.318,356.0,4937.0
0.318,80.0,145.0
0.318,904.0,43447.5
0.318,597.0,30485.0
0.318,1800.0,73109.5
0.318,118.0,139.0
0.318,90.0,92.0
0.318,1027.0,47988.0
0.318,379.0,4440.0
0.318,1371.0,48444.0
0.318,202.0,2517.0
0.318,84.0,96.0
0.318,94.0,100.0
0.318,109.0,358.6666666666667
0.318,3500.0,161332.0
0.318,1462.0,64032.0
0.318,1798.0,91024.0
0.318,1994.0,96790.0
0.318,280.0,4009.0
0.318,86.0,90.0
0.318,1132.0,34758.666666666664
0.318,76.0,89.0
0.318,1821.0,75371.0
0.318,292.0,800.0
0.318,137.0,489.0
0.318,153.0,165.0
0.318,1824.3333333333333,51681.0
0.318,66.5,699.0
0.318,1271.0,37016.0
0.318,241.75,3443.25
0.318,99.0,183.0
0.318,597.5,44793.0
0.318,213.0,376.0
0.318,730.5,21319.0
0.318,767.6666666666666,22877.333333333332
0.318,103.0,105.0
0.318,1971.0,122392.0
0.318,106.0,107.0
0.318,1664.0,108385.0
0.318,100.0,107.0
0.318,3500.0,151027.0
0.318,108.0,189.5
0.318,1591.0,41859.0
0.318,171.0,348.0
0.318,3500.0,77385.0
0.318,3500.0,144296.0
0.318,684.0,9200.0
0.318,211.0,3340.0
0.318,1602.0,91825.0
0.318,1555.5,149808.5
0.318,979.6,44893.4
0.318,378.0,4868.0
0.318,971.0,15977.0
0.318,1788.0,47210.0
0.318,2022.0,71719.0
0.318,3500.0,216783.0
0.319,2030.5,95508.75
0.319,2085.5,79799.0
0.319,167.0,325.0
0.319,94.0,101.0
0.319,1800.5,67939.5
0.319,3500.0,76358.0
0.319,1221.0,41742.75
0.319,173.2,2065.4
0.319,1855.5,92157.0
0.319,790.0,20543.0
0.319,1529.6666666666667,75215.66666666667
0.319,1851.6666666666667,42451.333333333336
0.319,457.0,10122.0
0.319,116.0,135.0
0.319,2713.0,64458.333333333336
0.319,1801.0,30333.0
0.319,280.5,5189.0
0.319,1793.5,86798.5
0.319,84.0,127.0
0.319,1331.3333333333333,49520.0
0.319,246.0,1480.0
0.319,1890.0,47551.0
0.319,1834.5,75113.75
0.319,1792.5,54436.5
0.319,2744.0,125793.5
0.319,1804.5,58515.0
0.319,1492.6666666666667,42111.333333333336
0.319,1792.0,39665.0
0.319,264.5,3401.0
0.319,1337.0,50366.0
0.319,1895.3333333333333,86779.66666666667
0.319,123.0,188.0
0.319,120.0,137.0
0.319,1027.4,39333.8
0.319,208.0,349.0
0.319,677.0,11716.0
0.319,3500.0,176756.0
0.319,265.0,2851.0
0.319,76.0,90.5
0.319,581.0,6569.0
0.319,97.5,128.5
0.319,1321.0,24287.333333333332
0.319,1323.0,52139.666666666664
0.319,2359.3333333333335,132836.33333333334
0.319,1796.0,105301.5
0.319,283.0,7777.0
0.319,180.0,480.0
0.319,817.0,14934.5
0.319,659.0,11853.5
0.319,3500.0,110743.5
0.319,108.0,913.0
0.319,146.0,888.0
0.319,190.0,2614.0
0.319,3500.0,64978.0
0.319,97.0,100.0
0.319,1338.6666666666667,65127.666666666664
0.319,135.0,139.0
0.319,182.0,424.5
0.319,739.0,16186.0
0.319,74.0,99.0
0.319,55.0,57.0
0.319,1398.6666666666667,24990.666666666668
0.319,1800.0,94246.5
0.319,343.0,5592.5
0.319,2706.5,111524.0
0.319,216.0,705.0
0.319,3500.0,181572.0
0.319,2420.5,99265.0
0.319,756.3333333333334,21108.666666666668
0.319,78.0,1100.0
0.32,142.5,410.0
0.32,188.0,1074.0
0.32,3500.0,199346.0
0.32,105.0,115.0
0.32,1880.5,114835.0
0.32,93.0,148.0
0.32,81.0,90.0
0.32,3500.0,127030.5
0.32,3500.0,102555.0
0.32,2084.6666666666665,80121.66666666667
0.32,120.5,184.0
0.32,3500.0,162946.0
0.32,241.0,589.0
0.32,1930.5,74204.0
0.32,1874.0,84831.5
0.32,635.0,15751.0
0.32,86.0,101.5
0.32,103.0,245.0
0.32,1273.0,66546.0
0.32,1806.5,78251.75
0.32,98.0,109.0
0.32,3500.0,177318.0
0.32,1000.0,38814.0
0.32,307.0,5818.0
0.32,134.0,363.0
0.32,1306.6666666666667,65227.0
0.32,1490.0,55828.0
0.32,215.0,4026.0
0.32,2406.6666666666665,104685.66666666667
0.32,3500.0,163651.0
0.32,862.6666666666666,16014.666666666666
0.32,1642.0,36874.0
0.32,530.0,5233.0
0.32,2433.0,85115.5
0.32,1104.0,38249.0
0.32,82.0,143.0
0.32,767.5,33741.5
0.32,81.0,87.0
0.32,66.0,68.0
0.32,96.0,98.0
0.32,2013.25,72181.5
0.32,279.0,3467.0
0.32,1810.0,78659.5
0.32,96.0,210.0
0.32,622.6666666666666,21048.333333333332
0.32,98.0,99.0
0.32,103.0,109.0
0.32,1244.0,62783.666666666664
0.32,86.0,99.0
0.32,71.0,89.0
0.32,3500.0,72027.0
0.32,1414.0,65300.5
0.32,2737.0,81843.33333333333
0.32,2619.0,93094.5
0.32,99.0,167.0
0.32,286.0,2458.0
0.32,1838.0,39689.0
0.32,265.0,1815.5
0.32,156.0,2128.5
0.32,94.0,101.0
0.321,93.0,96.0
0.321,1885.25,90456.5
0.321,559.0,6194.0
0.321,336.5,7543.5
0.321,1286.0,59544.0
0.321,1953.0,76897.0
0.321,3500.0,190640.0
0.321,93.0,99.0
0.321,137.0,224.5
0.321,3500.0,76814.0
0.321,1703.6666666666667,62361.333333333336
0.321,1982.5,65520.5
0.321,1588.0,98863.0
0.321,74.0,227.0
0.321,3500.0,105933.0
0.321,109.0,145.0
0.321,83.0,104.0
0.321,3500.0,102832.0
0.321,124.0,194.0
0.321,177.0,1274.5
0.321,245.5,2626.5
0.321,3500.0,104074.0
0.321,440.0,10090.0
0.321,92.0,98.0
0.321,280.0,3814.5
0.321,314.0,7610.0
0.321,3500.0,192704.0
0.321,630.0,25298.0
0.321,1782.0,58909.0
0.321,2518.5,61649.0
0.321,341.0,3382.0
0.321,72.0,74.0
0.321,3500.0,147230.0
0.321,3500.0,91391.0
0.321,82.0,88.0
0.321,114.0,155.0
0.321,3500.0,213285.0
0.321,512.0,6230.0
0.321,1975.5,103689.0
0.321,1792.0,99898.0
0.321,1794.5,64773.0
0.321,1611.0,40143.0
0.321,647.0,13143.0
0.321,98.0,100.0
0.321,110.0,160.0
0.321,498.0,17416.0
0.321,88.0,159.0
0.321,139.33333333333334,396.0
0.321,167.5,4965.0
0.321,1304.3333333333333,34183.333333333336
0.321,81.0,135.0
0.321,1797.0,49820.5
0.321,3500.0,108614.5
0.321,1981.3333333333333,100033.33333333333
0.321,1038.0,19883.0
0.321,1068.5,19250.0
0.321,216.0,360.0
0.321,1122.0,45516.0
0.321,298.0,2967.5
0.321,1253.5,49432.0
0.321,1866.5,54034.0
0.321,3500.0,241702.0
0.321,1222.0,42393.0
0.321,3500.0,161485.0
0.322,298.0,8732.0
0.322,159.0,2014.0
0.322,246.5,3552.0
0.322,855.2,16706.8
0.322,387.5,14504.5
0.322,1341.0,34786.0
0.322,1636.75,94447.75
0.322,2167.5,59476.0
0.322,148.0,352.0
0.322,128.5,1105.5
0.322,3500.0,225406.0
0.322,3500.0,67616.0
0.322,3500.0,158943.0
0.322,3500.0,98454.0
0.322,134.5,866.0
0.322,228.5,687.0
0.322,447.0,12242.0
0.322,202.0,694.0
0.322,1216.0,89344.0
0.322,1865.25,59070.5
0.322,3500.0,165379.0
0.322,3500.0,162186.0
0.322,1237.6666666666667,71751.0
0.322,402.0,6699.0
0.322,3500.0,80093.0
0.322,506.0,8864.6
0.322,327.5,4589.0
0.322,181.0,206.0
0.322,1795.0,115803.5
0.322,97.5,106.5
0.322,1553.3333333333333,54418.0
0.322,1560.3333333333333,61512.333333333336
0.322,1587.0,53120.0
0.322,59.5,509.5
0.322,408.5,10390.0
0.322,210.0,399.0
0.322,1231.75,23580.25
0.322,554.5,14617.5
0.322,81.0,369.0
0.322,125.0,215.0
0.322,765.0,36360.0
0.322,1030.0,31531.0
0.322,660.3333333333334,14654.333333333334
0.322,3500.0,129815.0
0.322,153.0,239.0
0.322,1233.6666666666667,20427.0
0.322,93.0,143.0
0.322,3500.0,81670.0
0.322,1305.0,42649.0
0.322,3500.0,143563.0
0.322,176.66666666666666,3250.0
0.322,481.0,6423.0
0.322,1512.6,34660.0
0.322,1145.5,68189.5
0.322,100.0,107.0
0.322,111.0,1082.0
0.322,3500.0,213635.0
0.322,1843.0,64028.5
0.322,128.0,590.0
0.322,3500.0,68171.0
0.322,3500.0,135748.5
0.322,228.0,4204.0
0.322,3500.0,132832.5
0.322,379.5,7284.5
0.322,2067.0,50501.0
0.323,3500.0,191565.0
0.323,3500.0,57884.0
0.323,73.0,1091.0
0.323,1798.0,58331.5
0.323,668.0,9350.0
0.323,446.25,6612.0
0.323,3500.0,119495.0
0.323,124.0,332.0
0.323,1358.3333333333333,59476.333333333336
0.323,1411.0,30926.0
0.323,947.8,42536.6
0.323,1791.5,83084.0
0.323,139.66666666666666,1784.0
0.323,108.0,111.0
0.323,1946.5,32971.5
0.323,1295.6666666666667,33863.333333333336
0.323,1803.75,83884.25
0.323,1773.0,110784.5
0.323,131.5,566.0
0.323,718.5,38756.5
0.323,378.6666666666667,8876.333333333334
0.323,117.0,1199.0
0.323,72.0,293.0
0.323,1808.6666666666667,68962.0
0.323,59.0,138.0
0.323,2543.0,105348.0
0.323,1218.0,54012.0
0.323,2787.285714285714,112464.85714285714
0.323,1668.0,60319.0
0.323,76.0,89.0
0.323,1801.5,102445.0
0.323,3500.0,80338.0
0.323,1021.0,38808.0
0.323,325.5,3946.5
0.323,82.0,199.0
0.323,1367.3333333333333,63008.666666666664
0.323,523.0,12735.0
0.323,2290.0,45430.5
0.323,3500.0,153179.0
0.323,402.0,6236.0
0.323,1866.0,74664.0
0.323,1514.6666666666667,42222.0
0.323,65.0,802.0
0.323,3500.0,131196.5
0.323,91.0,92.0
0.323,522.0,4756.0
0.323,445.5,8336.0
0.323,1291.25,50485.25
0.323,2655.0,127686.75
0.323,63.0,725.0
0.323,3500.0,187895.0
0.323,121.0,551.0
0.323,74.0,86.0
0.323,113.0,171.0
0.323,1845.0,37297.0
0.323,590.0,11637.0
0.323,2014.0,151281.0
0.323,1300.0,21510.0
0.323,63.0,553.0
0.323,86.5,1381.5
0.323,843.5,40980.0
0.323,67.0,106.0
0.323,1037.0,44927.0
0.324,124.0,536.5
0.324,665.5,16434.5
0.324,651.0,18647.0
0.324,1798.0,32846.0
0.324,875.0,11849.0
0.324,86.5,107.0
0.324,2699.5,162893.5
0.324,1332.0,46177.0
0.324,1340.0,37626.0
0.324,50.0,58.0
0.324,376.0,12296.666666666666
0.324,540.0,11356.0
0.324,3500.0,105645.0
0.324,3500.0,129764.0
0.324,95.0,97.0
0.324,1379.0,54716.0
0.324,1252.0,67284.33333333333
0.324,315.0,9385.333333333334
0.324,97.66666666666667,105.33333333333333
0.324,2372.5,131351.5
0.324,1837.0,59926.0
0.324,1301.0,32565.0
0.324,163.0,1980.0
0.324,3500.0,123752.0
0.324,2093.5,35700.5
0.324,1080.5,27174.0
0.324,1119.0,15258.0
0.324,45.0,52.0
0.324,276.25,1815.75
0.324,65.0,69.5
0.324,2380.6666666666665,92561.0
0.324,1927.5,41617.5
0.324,1221.3333333333333,37764.333333333336
0.324,150.0,974.5
0.324,3500.0,138453.0
0.324,136.0,194.0
0.324,1876.0,45088.0
0.324,966.0,34198.4
0.324,1472.0,53703.0
0.324,1816.0,81914.5
0.324,1644.0,42467.4
0.324,2093.0,72229.5
0.324,510.0,2922.0
0.324,76.0,303.0
0.324,3500.0,131630.0
0.324,1762.0,51782.0
0.324,117.0,147.0
0.324,439.6666666666667,7798.0
0.324,244.0,1733.0
0.324,198.0,1673.5
0.324,526.0,14144.0
0.324,1846.0,91124.0
0.324,1327.0,70255.33333333333
0.324,2708.0,135610.5
0.324,107.66666666666667,218.66666666666666
0.324,2061.0,71206.5
0.324,1821.5,40902.0
0.324,125.0,150.0
0.324,90.0,93.0
0.324,1818.0,61268.5
0.324,145.0,1786.5
0.324,1274.0,44121.0
0.324,175.0,1914.0
0.324,96.0,153.0
0.324,1002.0,28545.5
0.325,764.0,33865.0
0.325,710.5,34900.0
0.325,3500.0,96041.0
0.325,112.0,176.0
0.325,1367.0,51041.0
0.325,3500.0,84793.0
0.325,245.0,4773.5
0.325,90.0,96.0
0.325,350.0,2859.0
0.325,60.0,66.0
0.325,569.0,13725.0
0.325,107.0,145.0
0.325,1440.0,38478.0
0.325,3500.0,119763.0
0.325,180.0,1640.0
0.325,121.0,176.0
0.325,3500.0,162016.0
0.325,1091.5,32151.0
0.325,1810.0,100978.5
0.325,190.0,2981.0
0.325,3500.0,87890.0
0.325,246.0,1516.0
0.325,597.0,11700.666666666666
0.325,1812.5,106115.0
0.325,911.0,24923.0
0.325,82.5,101.0
0.325,1022.0,58548.0
0.325,1506.0,71488.0
0.325,1800.0,56568.0
0.325,1449.3333333333333,50298.666666666664
0.325,236.0,1677.0
0.325,3500.0,241824.0
0.325,3500.0,65665.0
0.325,1184.0,39567.0
0.325,1047.0,18123.0
0.325,1112.5,75030.0
0.325,3500.0,161068.0
0.325,260.0,3020.0
0.325,139.66666666666666,1243.6666666666667
0.325,3500.0,141184.0
0.325,86.0,90.0
0.325,1271.5,39677.5
0.325,3500.0,89990.0
0.325,1544.3333333333333,57182.333333333336
0.325,1048.5,19094.5
0.325,993.5,27927.5
0.325,1816.5,122784.5
0.325,1590.0,75884.66666666667
0.325,1799.0,78948.0
0.325,268.0,1818.0
0.325,114.66666666666667,801.3333333333334
0.325,143.0,414.0
0.325,3500.0,212489.0
0.325,853.5,14510.5
0.325,944.0,55953.0
0.325,154.33333333333334,396.3333333333333
0.325,907.0,36177.0
0.325,105.0,359.0
0.325,1811.0,64634.5
0.325,88.5,101.5
0.325,1795.5,49260.5
0.325,1805.0,108883.0
0.325,1257.25,55675.0
0.325,1216.3333333333333,37781.666666666664
0.325,2136.5,45966.0
0.325,119.0,207.0
0.325,1782.0,66654.0
0.325,1816.0,69843.25
0.326,1265.3333333333333,49467.333333333336
0.326,73.0,401.0
0.326,3500.0,148095.0
0.326,1786.5,59366.0
0.326,929.0,24246.0
0.326,1889.5,121422.0
0.326,79.0,89.0
0.326,3500.0,82738.0
0.326,1046.0,28132.0
0.326,1063.0,53399.666666666664
0.326,280.3333333333333,4145.0
0.326,99.0,103.0
0.326,847.5,17974.5
0.326,352.0,6592.5
0.326,101.0,105.0
0.326,1819.5,102049.5
0.326,95.5,433.5
0.326,1944.0,77715.5
0.326,603.5,12181.0
0.326,3500.0,146376.0
0.326,616.0,17292.0
0.326,153.0,2879.0
0.326,112.0,118.0
0.326,3500.0,174981.0
0.326,683.5,12958.0
0.326,1760.0,49593.0
0.326,509.0,3491.0
0.326,2794.6666666666665,63720.333333333336
0.326,62.0,70.0
0.326,3500.0,180023.0
0.326,3500.0,105604.0
0.326,87.0,96.0
0.326,457.0,5231.0
0.326,917.0,34453.0
0.326,72.0,218.0
0.326,349.0,13359.5
0.326,116.0,118.0
0.326,3500.0,82642.0
0.326,64.0,434.0
0.326,86.0,1277.0
0.326,1241.6666666666667,73811.33333333333
0.326,111.0,1271.0
0.326,3500.0,171222.0
0.326,95.0,100.0
0.326,1796.5,115358.0
0.326,168.0,191.0
0.326,1553.0,65966.0
0.326,938.0,41398.833333333336
0.326,2392.5,58851.0
0.326,219.0,2687.5
0.326,1341.3333333333333,63828.666666666664
0.326,406.3333333333333,7929.333333333333
0.326,208.0,2061.0
0.326,3500.0,148672.0
0.326,1786.5,66387.5
0.326,1322.6666666666667,36432.666666666664
0.326,330.5,8271.0
0.326,2363.3333333333335,62982.0
0.326,149.0,1317.0
0.326,735.5,18752.0
0.326,72.0,97.0
0.326,1818.0,50585.0
0.327,1032.0,36307.5
0.327,851.0,27266.0
0.327,65.0,231.0
0.327,3500.0,152887.0
0.327,3500.0,72311.0
0.327,102.0,104.0
0.327,83.0,105.0
0.327,146.0,214.0
0.327,299.3333333333333,7864.333333333333
0.327,58.0,515.0
0.327,1789.0,80304.0
0.327,344.0,5809.0
0.327,71.0,94.0
0.327,260.0,2244.0
0.327,1344.0,69842.0
0.327,1804.5,86896.0
0.327,130.0,197.0
0.327,2306.0,39884.0
0.327,589.5,17526.0
0.327,3500.0,52394.0
0.327,3500.0,73181.0
0.327,3500.0,104861.0
0.327,2434.5,119293.0
0.327,2772.0,130458.33333333333
0.327,1791.0,64346.0
0.327,217.0,1310.0
0.327,443.0,7176.5
0.327,386.0,7334.0
0.327,3500.0,245661.0
0.327,147.0,242.0
0.327,792.0,30910.5
0.327,98.0,99.0
0.327,90.0,92.0
0.327,100.0,151.0
0.327,86.0,133.0
0.327,296.0,1960.0
0.327,98.0,155.0
0.327,233.75,1529.25
0.327,423.0,20124.0
0.327,1799.0,108593.5
0.327,66.0,99.0
0.327,3500.0,62897.0
0.327,1747.0,45346.0
0.327,71.5,94.0
0.327,521.0,13826.0
0.327,271.0,7426.0
0.327,1094.5,53083.5
0.327,1097.0,26267.2
0.327,691.0,15801.5
0.327,1010.0,36842.0
0.327,111.0,536.6666666666666
0.327,96.0,108.0
0.327,120.0,138.0
0.327,447.75,7635.0
0.327,354.0,6494.0
0.327,150.66666666666666,677.3333333333334
0.327,93.0,104.0
0.327,1767.0,113145.0
0.327,172.0,376.0
0.327,81.0,89.0
0.327,618.5,8260.5
0.327,108.0,113.0
0.327,105.0,159.0
0.327,162.0,256.0
0.327,965.0,67032.0
0.327,3500.0,110214.0
0.327,1074.0,25635.0
0.328,83.0,87.0
0.328,1324.3333333333333,86333.0
0.328,1001.0,43140.5
0.328,440.5,11051.5
0.328,1787.6,59224.8
0.328,413.0,8610.0
0.328,139.0,166.0
0.328,1449.0,19237.0
0.328,99.0,144.0
0.328,433.0,2891.0
0.328,78.0,86.0
0.328,156.0,263.0
0.328,114.0,1008.0
0.328,82.0,232.0
0.328,3500.0,93034.0
0.328,1847.0,113093.5
0.328,203.6,1243.8
0.328,891.3333333333334,33367.0
0.328,1289.0,51745.0
0.328,1974.6666666666667,47985.333333333336
0.328,166.0,1374.0
0.328,417.0,10618.0
0.328,82.0,89.0
0.328,114.0,320.0
0.328,3500.0,231253.0
0.328,352.5,2468.0
0.328,104.0,106.0
0.328,3500.0,201128.0
0.328,98.0,105.0
0.328,96.0,99.0
0.328,100.5,147.0
0.328,1155.5,80732.0
0.328,1811.5,83502.5
0.328,176.0,471.0
0.328,65.0,749.0
0.328,1827.0,107714.0
0.328,638.5,37576.5
0.328,206.0,321.0
0.328,867.0,8108.0
0.328,2440.3333333333335,71416.0
0.328,314.0,2582.0
0.328,3500.0,73765.0
0.328,3500.0,144305.0
0.328,107.0,108.0
0.328,83.0,93.0
0.328,179.0,2539.0
0.328,231.5,4375.0
0.328,106.0,346.0
0.328,638.0,18127.0
0.328,949.5,25853.0
0.328,1793.0,106743.0
0.328,621.6666666666666,21219.666666666668
0.328,1346.0,68408.0
0.328,98.0,109.0
0.328,130.66666666666666,1631.6666666666667
0.328,523.0,10965.0
0.328,1231.0,14172.0
0.328,219.0,4745.0
0.328,1801.0,31677.0
0.328,1805.0,52091.5
0.328,1099.0,22373.0
0.328,1783.5,76204.0
0.328,849.0,47932.5
0.328,1521.0,62086.0
0.328,1928.0,36147.0
0.328,1834.0,93417.0
0.329,1097.5,34574.0
0.329,102.0,344.0
0.329,704.3333333333334,18634.666666666668
0.329,439.0,12597.4
0.329,1173.0,35641.0
0.329,223.5,1629.0
0.329,593.0,8835.0
0.329,2005.0,47470.0
0.329,322.5,5473.5
0.329,80.0,88.0
0.329,161.0,444.0
0.329,1876.0,38660.5
0.329,189.0,521.0
0.329,1272.5,38524.0
0.329,82.0,680.0
0.329,682.5,23359.0
0.329,3500.0,143979.0
0.329,299.0,4070.0
0.329,246.5,914.5
0.329,130.0,151.0
0.329,3500.0,169355.0
0.329,131.0,591.0
0.329,2326.0,94062.5
0.329,3500.0,157505.0
0.329,3500.0,116929.5
0.329,146.0,205.0
0.329,204.5,2950.0
0.329,188.33333333333334,680.0
0.329,83.0,101.0
0.329,154.0,376.0
0.329,187.66666666666666,1786.0
0.329,1788.0,36738.0
0.329,3500.0,109662.0
0.329,1583.0,82523.66666666667
0.329,170.0,605.0
0.329,396.0,2906.0
0.329,975.5,18578.0
0.329,156.0,254.0
0.329,83.0,95.0
0.329,1212.0,65702.0
0.329,1202.0,61597.0
0.329,3500.0,188474.0
0.329,126.0,194.0
0.329,433.0,5991.0
0.329,180.0,311.0
0.329,519.0,15325.0
0.329,445.3333333333333,2942.6666666666665
0.329,2126.0,88032.0
0.329,3500.0,134409.0
0.329,1730.0,49763.0
0.329,1304.6666666666667,41036.333333333336
0.329,230.0,1023.0
0.329,1101.0,44652.0
0.329,1803.0,82568.5
0.329,1194.0,75237.0
0.329,581.0,11622.75
0.329,199.0,557.0
0.329,2078.0,110161.0
0.329,938.0,22137.0
0.329,709.5,21128.5
0.329,255.0,2869.5
0.329,1781.5,24835.5
0.329,1800.0,49321.5
0.329,63.0,69.0
0.329,69.0,144.0
0.329,3500.0,230775.0
0.329,1288.3333333333333,37628.0
0.329,3500.0,195132.0
0.329,368.8333333333333,15318.0
0.329,272.6666666666667,3275.3333333333335
0.33,106.0,107.0
0.33,1789.5,79897.0
0.33,138.5,1643.0
0.33,1750.8,57088.4
0.33,161.5,1382.5
0.33,1609.0,96259.0
0.33,529.25,18150.5
0.33,2365.6666666666665,59335.0
0.33,571.5,14986.0
0.33,92.0,99.0
0.33,2364.6666666666665,58048.0
0.33,301.0,3583.5
0.33,84.5,419.0
0.33,536.6666666666666,10880.666666666666
0.33,3500.0,128674.0
0.33,1778.0,77214.0
0.33,833.0,34339.5
0.33,1797.5,45099.5
0.33,3500.0,194215.0
0.33,1229.3333333333333,46514.666666666664
0.33,1128.0,15182.0
0.33,1183.0,48607.0
0.33,1381.0,50240.666666666664
0.33,175.0,434.0
0.33,234.0,6131.0
0.33,2493.0,86010.5
0.33,1786.5,34396.0
0.33,1226.3333333333333,68079.66666666667
0.33,1677.0,37717.0
0.33,268.0,1572.0
0.33,650.0,8260.5
0.33,80.5,104.5
0.33,150.0,1914.5
0.33,3500.0,180136.0
0.33,1790.0,49848.5
0.33,1611.0,66115.0
0.33,1841.0,60611.0
0.33,1674.0,50271.0
0.33,93.0,96.0
0.33,727.5,22047.0
0.33,3500.0,268627.0
0.33,271.0,4136.0
0.33,3500.0,148369.0
0.33,71.5,133.0
0.33,3500.0,186831.0
0.33,1844.0,81395.0
0.33,96.0,142.0
0.33,197.0,550.0
0.33,1216.0,40686.0
0.33,90.0,100.0
0.33,3500.0,164163.66666666666
0.33,1794.5,89317.0
0.33,1998.0,46779.0
0.33,3500.0,145680.0
0.33,1594.0,45777.0
0.33,150.0,304.0
0.33,76.0,105.0
0.33,371.0,6217.0
0.33,581.0,22871.0
0.33,1036.0,37476.5
0.33,1779.5,46481.0
0.33,1815.5,49780.25
0.33,260.0,439.0
0.33,1222.6666666666667,49673.666666666664
0.331,1806.0,66922.5
0.331,85.0,88.0
0.331,330.0,3285.0
0.331,63.0,70.0
0.331,1210.0,18712.0
0.331,173.0,263.0
0.331,109.0,136.0
0.331,216.0,1273.0
0.331,972.0,36589.0
0.331,201.0,2358.0
0.331,1579.6666666666667,54794.666666666664
0.331,3500.0,143088.0
0.331,1828.5,105868.0
0.331,1890.5,33510.0
0.331,233.5,2176.0
0.331,2002.0,30629.5
0.331,95.0,108.0
0.331,196.0,398.0
0.331,142.0,148.0
0.331,167.0,2671.0
0.331,3500.0,65207.5
0.331,476.0,4181.0
0.331,3500.0,162304.5
0.331,97.5,490.5
0.331,313.0,6277.0
0.331,3500.0,171979.0
0.331,1050.0,31504.0
0.331,1140.0,17396.0
0.331,105.0,123.5
0.331,1321.0,56816.333333333336
0.331,101.0,114.0
0.331,101.5,139.5
0.331,1267.0,36758.0
0.331,3500.0,185033.5
0.331,553.6666666666666,16011.0
0.331,3500.0,232378.0
0.331,1119.25,29908.25
0.331,110.0,155.0
0.331,1138.5,31246.0
0.331,71.0,97.0
0.331,83.0,148.0
0.331,146.0,217.0
0.331,1060.0,76555.0
0.331,326.0,2997.0
0.331,1588.0,44496.0
0.331,167.0,1975.0
0.331,3500.0,156185.0
0.331,413.0,5152.0
0.331,2397.5,54841.0
0.331,101.0,102.0
0.331,627.3333333333334,20898.333333333332
0.331,2544.5,109381.0
0.331,195.0,1805.0
0.331,348.0,3072.0
0.331,2240.3333333333335,56855.666666666664
0.331,1352.0,63475.5
0.331,158.0,196.0
0.331,1826.5,33781.0
0.331,75.0,87.0
0.331,531.0,10188.0
0.331,402.0,4687.0
0.331,215.0,6689.0
0.331,2403.5,52603.5
0.331,316.0,4112.0
0.332,685.0,22312.0
0.332,87.0,95.0
0.332,3500.0,142266.0
0.332,3500.0,98529.0
0.332,524.5,22770.5
0.332,71.0,76.5
0.332,1012.0,32934.0
0.332,137.66666666666666,542.6666666666666
0.332,287.0,3418.0
0.332,93.0,95.0
0.332,297.0,9239.0
0.332,1256.3333333333333,45783.666666666664
0.332,1417.75,65202.0
0.332,108.0,109.0
0.332,198.33333333333334,1380.6666666666667
0.332,86.0,97.0
0.332,3500.0,104005.5
0.332,1070.0,17021.0
0.332,3500.0,70548.0
0.332,88.0,93.0
0.332,104.0,165.0
0.332,3500.0,150383.0
0.332,1410.0,15532.0
0.332,269.0,2824.5
0.332,935.5,22124.5
0.332,150.0,169.0
0.332,1796.5,48405.5
0.332,3500.0,147182.0
0.332,281.0,8874.0
0.332,2731.5,82563.0
0.332,88.33333333333333,101.33333333333333
0.332,1805.5,81037.0
0.332,63.0,608.0
0.332,99.0,1180.0
0.332,196.0,3988.0
0.332,1412.0,75153.0
0.332,163.0,480.0
0.332,3500.0,162396.0
0.332,3500.0,218848.0
0.332,292.5,4625.5
0.332,98.5,100.0
0.332,95.0,98.0
0.332,1783.0,62524.0
0.332,184.5,1454.5
0.332,168.0,320.0
0.332,102.5,171.0
0.332,216.0,262.0
0.332,218.0,2837.0
0.332,78.0,134.0
0.332,1348.0,37599.0
0.332,3500.0,76378.0
0.332,1218.3333333333333,38067.333333333336
0.332,772.5,13040.0
0.332,1869.5,79866.5
0.332,3500.0,131152.5
0.332,644.5,9422.0
0.332,75.5,369.0
0.332,1309.0,51846.666666666664
0.332,3500.0,103297.0
0.332,3500.0,212130.0
0.332,73.0,102.0
0.333,1463.0,37487.0
0.333,257.5,2335.75
0.333,3500.0,151616.0
0.333,64.0,659.0
0.333,163.0,248.0
0.333,3500.0,70372.0
0.333,110.0,112.0
0.333,1791.0,49222.5
0.333,172.5,830.0
0.333,3500.0,163584.0
0.333,92.0,96.0
0.333,3500.0,89911.0
0.333,104.33333333333333,232.0
0.333,1569.0,59111.0
0.333,3500.0,184162.0
0.333,3500.0,68482.0
0.333,3500.0,120148.0
0.333,1060.0,28440.5
0.333,74.0,94.0
0.333,75.0,88.0
0.333,1862.5,49560.0
0.333,3500.0,56541.0
0.333,3500.0,158991.0
0.333,1796.5,77132.0
0.333,204.5,1274.5
0.333,1911.0,84023.66666666667
0.333,2431.0,88169.0
0.333,1887.0,127667.5
0.333,123.0,143.0
0.333,93.0,144.0
0.333,208.0,1339.0
0.333,58.0,396.0
0.333,982.25,58152.75
0.333,92.0,107.0
0.333,3500.0,122408.0
0.333,1806.0,22032.0
0.333,2418.5,94742.0
0.333,315.5,6846.5
0.333,1227.0,52680.0
0.333,617.6666666666666,20109.333333333332
0.333,256.0,2278.0
0.333,87.33333333333333,135.33333333333334
0.333,3500.0,135028.0
0.333,165.0,1070.0
0.333,398.0,18061.0
0.333,70.0,138.0
0.333,1370.0,56391.0
0.333,101.0,160.0
0.333,63.0,66.0
0.333,126.5,1444.5
0.333,93.0,96.0
0.333,3500.0,143080.0
0.333,642.0,22043.0
0.333,303.0,9043.0
0.333,665.0,21897.0
0.333,1337.0,34268.0
0.333,535.3333333333334,9971.0
0.333,1795.0,22284.0
0.333,1788.6666666666667,69255.66666666667
0.333,388.0,4245.0
0.333,84.5,90.0
0.333,608.0,8285.0
0.333,102.5,184.5
0.334,56.0,506.0
0.334,2249.5,95906.0
0.334,133.0,561.5
0.334,429.0,14072.0
0.334,111.0,116.0
0.334,3500.0,132670.0
0.334,2540.5,57568.0
0.334,1653.0,42792.0
0.334,275.25,4564.75
0.334,649.0,10441.0
0.334,3500.0,114981.0
0.334,3500.0,85877.0
0.334,1833.5,80368.0
0.334,104.0,146.0
0.334,1818.5,40687.0
0.334,726.3333333333334,17839.666666666668
0.334,91.0,92.0
0.334,1454.0,47984.0
0.334,3500.0,150094.0
0.334,140.33333333333334,839.0
0.334,94.0,149.0
0.334,294.0,3351.5
0.334,105.0,202.0
0.334,3500.0,129919.0
0.334,1068.0,52126.0
0.334,3500.0,138712.0
0.334,237.0,2993.0
0.334,60.0,556.0
0.334,226.5,3772.0
0.334,277.5,3447.5
0.334,1927.5,74339.0
0.334,549.4,17635.8
0.334,279.5,2496.5
0.334,660.0,13441.5
0.334,522.0,13261.5
0.334,71.5,306.0
0.334,565.5,9733.5
0.334,156.0,2102.5
0.334,282.5,2911.5
0.334,1859.0,54690.0
0.334,194.5,2172.5
0.334,1846.5,83703.5
0.334,148.33333333333334,1261.0
0.334,1798.0,52022.5
0.334,232.0,6458.0
0.334,1835.5,36289.0
0.334,83.0,93.0
0.334,3500.0,78939.5
0.334,2651.75,125643.25
0.334,3500.0,174407.0
0.334,110.0,1222.0
0.334,3500.0,96907.0
0.334,69.0,102.0
0.334,3500.0,107974.0
0.334,73.0,90.0
0.334,90.0,194.0
0.334,1020.8333333333334,28229.333333333332
0.334,1792.5,70989.0
0.334,61.0,67.0
0.335,1852.0,54537.0
0.335,158.0,648.0
0.335,304.0,2886.0
0.335,692.0,17598.5
0.335,120.0,143.0
0.335,94.0,1020.0
0.335,3500.0,62972.0
0.335,2307.0,126778.0
0.335,273.0,1361.0
0.335,1712.6666666666667,87143.0
0.335,188.0,1786.5
0.335,722.6666666666666,24558.333333333332
0.335,206.0,2258.0
0.335,247.0,967.0
0.335,84.0,92.0
0.335,424.0,6258.0
0.335,3500.0,93618.0
0.335,2006.0,50074.0
0.335,551.0,7147.0
0.335,89.0,92.0
0.335,1224.0,56670.0
0.335,2362.0,71283.33333333333
0.335,2056.0,114767.0
0.335,267.5,4571.0
0.335,3500.0,159798.0
0.335,1824.0,110304.5
0.335,778.0,23715.0
0.335,163.0,1037.0
0.335,1875.6666666666667,101453.0
0.335,111.0,116.0
0.335,3500.0,83351.0
0.335,1034.0,13505.0
0.335,1525.0,76342.0
0.335,547.0,8939.0
0.335,818.0,34568.5
0.335,3500.0,60951.0
0.335,591.0,5331.0
0.335,3500.0,177374.0
0.335,149.0,379.0
0.335,185.0,550.0
0.335,149.0,3419.0
0.335,1797.0,107068.0
0.335,126.0,890.0
0.335,1589.6666666666667,66942.33333333333
0.335,1793.0,55724.5
0.335,307.0,5149.0
0.335,1214.0,46239.0
0.335,2025.5,62974.5
0.335,1793.5,70204.5
0.335,3500.0,183505.0
0.335,3500.0,103107.0
0.335,1234.6666666666667,56231.666666666664
0.335,641.0,8299.0
0.335,92.0,297.0
0.335,177.66666666666666,739.3333333333334
0.335,1251.3333333333333,30338.333333333332
0.335,76.0,681.0
0.335,1796.0,39883.0
0.335,1506.3333333333333,62578.666666666664
0.335,3500.0,129384.0
0.335,326.0,8509.0
0.335,80.0,148.0
0.335,93.0,99.0
0.335,1783.5,103085.5
0.335,181.0,2047.0
0.335,1937.5,73202.5
0.335,364.0,5314.0
0.335,94.0,147.0
0.336,58.0,60.0
0.336,157.0,618.5
0.336,542.0,21134.0
0.336,167.0,3341.0
0.336,388.5,1949.0
0.336,1785.5,135849.5
0.336,122.0,1316.0
0.336,3500.0,143804.0
0.336,1796.5,94999.0
0.336,371.0,3202.0
0.336,1861.0,49255.5
0.336,690.0,18009.5
0.336,216.0,814.0
0.336,85.0,193.5
0.336,3500.0,74711.0
0.336,3500.0,115239.0
0.336,57.0,87.0
0.336,533.0,24577.5
0.336,3500.0,107865.0
0.336,66.0,641.0
0.336,331.0,10885.0
0.336,3500.0,143887.0
0.336,91.0,99.0
0.336,3500.0,127906.0
0.336,70.0,76.0
0.336,65.0,695.0
0.336,223.5,1349.5
0.336,1796.0,62419.0
0.336,57.0,67.0
0.336,559.5,8376.5
0.336,1861.0,101167.5
0.336,139.0,533.0
0.336,3500.0,129700.0
0.336,216.0,519.0
0.336,104.0,248.0
0.336,324.6666666666667,7741.0
0.336,161.0,671.0
0.336,3500.0,199495.0
0.336,179.0,473.0
0.336,1264.6666666666667,15750.0
0.336,89.5,94.5
0.336,1659.6666666666667,82504.0
0.336,153.0,433.0
0.336,587.0,7372.5
0.336,2202.5,41378.0
0.336,177.0,235.0
0.336,3500.0,107837.5
0.336,406.5,6607.5
0.336,3500.0,173154.0
0.336,3500.0,217752.0
0.336,1804.0,64686.0
0.336,3500.0,124041.0
0.336,584.6666666666666,19227.666666666668
0.336,116.0,179.0
0.336,3500.0,80346.0
0.336,163.0,2761.0
0.336,3500.0,75178.0
0.336,244.0,1013.0
0.336,2428.5,93310.0
0.336,101.0,159.0
0.336,1796.5,54990.5
0.336,1676.0,86294.0
0.336,143.0,371.0
0.336,97.0,104.0
0.336,1798.0,41793.0
0.337,3500.0,88161.0
0.337,1796.5,40746.5
0.337,3500.0,83341.0
0.337,269.0,3150.5
0.337,135.0,250.0
0.337,1522.0,70392.66666666667
0.337,238.0,3274.5
0.337,102.0,695.0
0.337,98.0,140.0
0.337,1644.0,42525.0
0.337,126.5,842.0
0.337,112.0,1253.0
0.337,2455.5,90967.5
0.337,150.66666666666666,346.0
0.337,1883.0,85651.5
0.337,3500.0,121255.0
0.337,3500.0,116710.0
0.337,163.0,1386.0
0.337,70.0,85.0
0.337,3500.0,131558.0
0.337,1229.0,66436.0
0.337,1806.0,94428.0
0.337,3500.0,90637.0
0.337,1268.3333333333333,62761.0
0.337,3500.0,142022.0
0.337,2544.0,120669.5
0.337,1528.0,52028.0
0.337,557.0,7900.5
0.337,1802.5,50316.0
0.337,3500.0,140854.0
0.337,2340.5,133246.0
0.337,109.5,686.0
0.337,1298.6666666666667,29571.666666666668
0.337,1930.0,42708.0
0.337,1130.2,26700.0
0.337,657.0,33820.0
0.337,430.0,4369.0
0.337,104.0,112.0
0.337,484.0,5491.0
0.337,448.0,10569.0
0.337,1820.5,60709.0
0.337,664.0,10141.0
0.337,602.0,9753.0
0.337,107.0,585.5
0.337,3500.0,100211.0
0.337,3500.0,219143.0
0.337,91.0,95.0
0.337,468.0,6039.0
0.337,1291.0,38105.0
0.337,460.0,5197.0
0.337,80.0,90.0
0.337,216.0,544.0
0.337,90.0,309.5
0.337,312.0,3628.0
0.337,67.0,330.5
0.337,3500.0,146656.0
0.337,139.0,144.0
0.337,169.0,251.0
0.337,1378.0,48094.0
0.338,101.0,102.5
0.338,257.0,3111.0
0.338,153.33333333333334,1519.0
0.338,203.0,217.0
0.338,465.0,11497.0
0.338,115.0,262.0
0.338,250.0,3022.0
0.338,165.0,315.0
0.338,197.0,1185.0
0.338,2159.0,91094.2
0.338,1254.3333333333333,60905.0
0.338,58.0,71.0
0.338,3500.0,165653.0
0.338,100.0,214.0
0.338,119.0,142.0
0.338,209.0,1789.0
0.338,535.5,8758.0
0.338,3500.0,122218.0
0.338,254.5,2456.5
0.338,1265.0,51429.333333333336
0.338,3500.0,157715.0
0.338,953.5,26836.5
0.338,635.0,26260.666666666668
0.338,1795.5,51303.0
0.338,379.0,5419.5
0.338,475.0,14611.0
0.338,126.0,1867.0
0.338,1118.0,21996.0
0.338,90.0,97.0
0.338,107.0,164.0
0.338,100.0,946.0
0.338,968.0,36215.0
0.338,216.0,597.0
0.338,2621.5,89141.0
0.338,899.0,50319.0
0.338,3500.0,125520.0
0.338,89.0,95.0
0.338,156.0,3163.0
0.338,74.0,458.0
0.338,216.0,506.0
0.338,103.0,158.0
0.338,1460.0,44734.0
0.338,2441.3333333333335,107818.66666666667
0.338,171.0,530.0
0.338,205.0,648.0
0.338,87.0,148.0
0.338,1047.0,40547.75
0.338,86.5,120.5
0.338,97.0,225.0
0.338,111.0,158.0
0.338,783.0,10031.0
0.338,700.0,19119.5
0.338,1792.5,63312.75
0.338,1221.0,44327.0
0.338,434.0,17725.0
0.338,536.0,11835.0
0.338,1276.5,43472.5
0.338,2337.5,59405.0
0.338,682.0,9560.0
0.338,65.0,693.0
0.338,78.0,91.0
0.339,176.5,1842.5
0.339,169.0,2610.0
0.339,102.0,122.0
0.339,126.0,185.0
0.339,97.5,398.0
0.339,116.0,1228.0
0.339,310.5,4364.0
0.339,3500.0,81655.0
0.339,3500.0,175573.0
0.339,3500.0,81756.0
0.339,3500.0,141317.0
0.339,97.0,98.0
0.339,1529.0,40960.0
0.339,1801.0,54999.0
0.339,116.0,356.0
0.339,399.0,4204.0
0.339,88.0,158.0
0.339,92.75,337.0
0.339,3500.0,62741.0
0.339,3500.0,135044.0
0.339,359.5,7464.5
0.339,83.0,87.0
0.339,3500.0,207901.0
0.339,1799.5,54571.5
0.339,1782.5,88459.0
0.339,356.0,3208.0
0.339,3500.0,156312.0
0.339,152.0,814.0
0.339,326.0,6591.0
0.339,118.0,245.0
0.339,354.0,5832.333333333333
0.339,1216.0,14177.666666666666
0.339,227.0,3228.0
0.339,116.0,198.0
0.339,134.33333333333334,951.0
0.339,372.3333333333333,6882.0
0.339,3500.0,123506.0
0.339,553.0,10473.0
0.339,80.0,288.0
0.339,402.0,4960.0
0.339,1267.0,91745.0
0.339,1014.0,15192.0
0.339,365.0,12397.0
0.339,539.0,10731.0
0.339,1219.25,44547.25
0.339,1048.75,57045.75
0.339,3500.0,67107.0
0.339,1096.0,55966.0
0.339,3500.0,175269.0
0.339,190.0,3145.0
0.339,1006.5,46979.0
0.339,766.5,22744.0
0.339,1803.0,80536.0
0.339,1530.0,44507.0
0.339,1791.5,71234.5
0.339,1799.5,107427.0
0.339,3500.0,132900.0
0.339,78.0,82.0
0.34,503.0,10558.0
0.34,3500.0,169591.0
0.34,79.0,194.5
0.34,2296.5,93101.0
0.34,3500.0,58391.0
0.34,636.6666666666666,12972.333333333334
0.34,94.0,155.0
0.34,409.0,3721.0
0.34,2332.0,89019.0
0.34,3500.0,208482.0
0.34,566.0,28765.5
0.34,3500.0,133625.0
0.34,258.5,1862.5
0.34,1068.0,25971.0
0.34,653.5,11480.0
0.34,1084.0,67031.5
0.34,1091.0,13843.0
0.34,3500.0,58820.0
0.34,266.0,3393.0
0.34,63.0,89.0
0.34,3500.0,121398.0
0.34,822.5,35706.5
0.34,77.0,1013.0
0.34,1420.0,42186.0
0.34,106.0,324.0
0.34,1202.0,38027.0
0.34,77.0,81.0
0.34,339.25,10615.25
0.34,94.0,98.0
0.34,132.5,156.0
0.34,553.0,9497.333333333334
0.34,1804.5,39172.5
0.34,83.0,93.0
0.34,146.0,172.0
0.34,3500.0,66929.0
0.34,96.0,99.0
0.34,360.0,3509.0
0.34,63.5,97.0
0.34,222.0,1381.0
0.34,96.0,106.0
0.34,841.5,46370.0
0.34,1835.0,103770.0
0.34,3500.0,74467.0
0.34,1272.0,52425.0
0.34,1616.0,65982.0
0.34,649.0,8035.5
0.34,103.0,106.0
0.34,449.0,12276.0
0.34,236.0,749.0
0.34,727.0,11786.0
0.34,1331.0,72377.66666666667
0.34,971.0,22620.0
0.34,752.3333333333334,24050.0
0.34,66.0,731.0
0.34,3500.0,128720.0
0.34,664.0,39024.5
0.34,671.0,28086.0
0.34,94.0,112.0
0.34,2742.5,145552.5
0.34,995.5,23176.0
0.34,85.0,94.0
0.34,1229.6666666666667,22869.0
0.34,58.0,398.0
0.34,204.5,4981.0
0.34,1066.0,18374.0
0.341,183.0,1627.0
0.341,207.0,325.0
0.341,2053.0,44704.5
0.341,101.0,111.0
0.341,347.0,3192.0
0.341,92.0,209.0
0.341,984.6666666666666,64445.666666666664
0.341,84.0,87.0
0.341,1468.0,37360.0
0.341,62.0,74.0
0.341,918.5,47247.5
0.341,94.0,193.0
0.341,1799.5,41855.0
0.341,233.0,2711.0
0.341,105.0,106.0
0.341,66.0,594.0
0.341,482.0,5757.0
0.341,69.0,693.0
0.341,156.0,183.0
0.341,1783.0,32502.0
0.341,908.0,27969.0
0.341,89.0,99.0
0.341,209.0,5627.0
0.341,291.0,5035.0
0.341,180.5,1066.5
0.341,1868.0,98550.0
0.341,221.0,2522.0
0.341,594.0,19810.0
0.341,1584.0,85943.0
0.341,60.0,428.0
0.341,1216.0,20626.0
0.341,437.0,3789.0
0.341,269.0,2202.0
0.341,3500.0,47538.0
0.341,1801.0,87409.5
0.341,3500.0,157284.0
0.341,116.0,1235.0
0.341,1478.0,40417.0
0.341,3500.0,171515.0
0.341,3500.0,119370.0
0.341,162.5,443.5
0.341,273.0,998.5
0.341,1991.0,68765.0
0.341,3500.0,72876.5
0.341,242.0,3251.0
0.341,196.0,2605.0
0.341,1762.0,46499.333333333336
0.341,125.5,152.5
0.341,3500.0,198666.0
0.341,1576.6666666666667,50597.0
0.341,90.5,93.5
0.341,253.0,3333.0
0.341,80.0,97.0
0.341,104.66666666666667,289.6666666666667
0.341,421.0,13227.5
0.341,139.0,153.0
0.341,3500.0,154101.0
0.342,105.0,111.0
0.342,75.0,172.0
0.342,166.0,417.0
0.342,280.0,3198.0
0.342,1400.0,42911.333333333336
0.342,3500.0,167087.0
0.342,1605.0,71781.0
0.342,1828.0,54247.0
0.342,77.0,136.0
0.342,75.0,80.0
0.342,490.0,7217.0
0.342,2458.5,73736.0
0.342,1605.0,31532.0
0.342,325.0,3144.0
0.342,231.0,606.0
0.342,175.0,214.0
0.342,649.0,11590.0
0.342,98.0,112.0
0.342,1856.5,64730.0
0.342,103.5,422.5
0.342,95.0,584.0
0.342,141.5,848.5
0.342,1330.0,59256.0
0.342,1825.0,26131.0
0.342,474.0,4061.0
0.342,391.0,3500.0
0.342,2370.6666666666665,117424.0
0.342,312.0,3806.0
0.342,225.0,1367.0
0.342,3500.0,86808.0
0.342,95.0,142.0
0.342,51.0,52.0
0.342,2516.0,129345.5
0.342,1930.0,85262.5
0.342,101.0,106.0
0.342,1939.5,38249.5
0.342,88.0,92.0
0.342,246.0,4506.5
0.342,159.0,299.0
0.342,2039.5,53178.5
0.342,3500.0,122299.0
0.342,121.0,275.0
0.342,3500.0,157962.0
0.342,575.0,17493.0
0.342,88.0,90.0
0.342,3500.0,123952.0
0.342,2469.6666666666665,138969.66666666666
0.342,3500.0,92140.33333333333
0.342,93.0,94.0
0.342,76.0,95.0
0.342,1670.0,126711.0
0.342,3500.0,216630.0
0.342,3500.0,89030.0
0.342,141.0,209.0
0.342,292.0,4225.0
0.342,505.0,16709.666666666668
0.342,70.0,153.0
0.342,1460.0,41197.4
0.342,3500.0,186308.0
0.342,82.0,249.0
0.342,313.5,7076.0
0.342,171.0,2490.0
0.342,1300.6666666666667,71305.0
0.342,142.0,219.0
0.342,101.5,130.0
0.342,773.0,18732.0
0.342,106.0,108.0
0.342,117.0,145.0
0.342,749.5,14835.0
0.343,88.5,95.0
0.343,1207.3333333333333,72633.66666666667
0.343,98.5,741.0
0.343,79.0,123.5
0.343,1884.0,112695.0
0.343,458.0,7174.0
0.343,163.5,1416.0
0.343,1324.0,46811.0
0.343,3500.0,188348.0
0.343,66.0,70.0
0.343,215.0,3458.5
0.343,3500.0,216982.0
0.343,1446.6,71243.6
0.343,1264.6666666666667,46217.666666666664
0.343,445.0,12778.0
0.343,123.0,140.0
0.343,485.0,8301.0
0.343,1091.0,75715.0
0.343,657.5,24743.0
0.343,2368.5,105545.0
0.343,3500.0,81800.0
0.343,1562.0,32351.0
0.343,1790.0,37407.5
0.343,106.0,1242.0
0.343,3500.0,158536.0
0.343,224.0,552.0
0.343,3500.0,165489.0
0.343,136.0,152.0
0.343,92.0,100.0
0.343,409.0,4321.5
0.343,3500.0,119427.0
0.343,3500.0,108667.0
0.343,228.5,3757.0
0.343,3500.0,61696.5
0.343,116.5,1209.5
0.343,133.0,188.0
0.343,135.5,688.5
0.343,188.0,1170.0
0.343,133.66666666666666,1185.6666666666667
0.343,3500.0,147566.0
0.343,153.0,1216.0
0.343,1047.0,45432.5
0.343,3500.0,78488.0
0.343,82.0,91.0
0.343,138.66666666666666,2224.6666666666665
0.343,979.0,59608.0
0.343,1789.5,62873.5
0.343,717.0,24028.5
0.343,483.0,5759.0
0.343,153.0,229.0
0.343,336.0,9266.0
0.343,111.66666666666667,1340.0
0.343,191.0,4657.0
0.343,322.0,5794.0
0.343,134.5,1289.5
0.343,92.75,257.0
0.343,74.5,214.0
0.343,3500.0,116507.0
0.343,100.0,108.0
0.343,60.0,63.0
0.343,85.0,96.0
0.343,1056.0,48210.0
0.343,136.0,260.0
0.343,1793.0,39349.0
0.343,1833.5,68145.5
0.344,413.0,8431.5
0.344,142.0,406.0
0.344,3500.0,79274.0
0.344,1790.0,104338.0
0.344,140.5,1985.0
0.344,227.0,3293.0
0.344,294.0,1064.0
0.344,302.0,8527.0
0.344,139.0,1791.0
0.344,95.0,143.0
0.344,1339.0,21333.0
0.344,120.33333333333333,378.0
0.344,108.0,483.3333333333333
0.344,241.0,5334.0
0.344,622.5,32261.0
0.344,1091.0,45532.0
0.344,486.5,4814.0
0.344,899.4,37685.0
0.344,129.5,234.0
0.344,3500.0,177703.0
0.344,1140.0,41681.0
0.344,3500.0,68682.0
0.344,156.0,161.0
0.344,613.0,16643.5
0.344,559.0,6547.0
0.344,3500.0,89093.0
0.344,2448.3333333333335,89619.0
0.344,129.0,319.0
0.344,173.0,204.0
0.344,204.0,4306.0
0.344,1424.0,63489.666666666664
0.344,1801.5,40401.0
0.344,540.5,9653.5
0.344,619.5,18224.5
0.344,96.0,98.0
0.344,102.0,114.0
0.344,152.66666666666666,1629.3333333333333
0.344,3500.0,89181.0
0.344,256.0,2357.0
0.344,303.0,5329.0
0.344,791.0,17434.0
0.344,59.0,150.0
0.344,173.33333333333334,1699.3333333333333
0.344,3500.0,189475.0
0.344,822.0,19689.0
0.344,937.0,47015.0
0.344,1807.5,33302.0
0.344,148.5,267.0
0.344,674.5,27291.5
0.344,207.66666666666666,2737.0
0.344,317.0,8346.0
0.344,975.5,46827.5
0.344,1806.0,70688.5
0.344,1346.3333333333333,31486.0
0.344,1774.0,109575.0
0.344,850.5,57418.0
0.344,91.0,193.0
0.344,188.0,206.0
0.344,157.0,3702.5
0.344,3500.0,96239.0
0.344,156.0,213.0
0.344,2472.5,117156.5
0.344,181.0,1024.5
0.344,89.0,95.0
0.345,83.0,107.0
0.345,1793.5,102598.0
0.345,1913.5,76242.5
0.345,992.0,31829.0
0.345,267.0,3779.0
0.345,1406.0,89480.0
0.345,1782.0,63462.5
0.345,2706.0,120870.0
0.345,385.5,9125.5
0.345,141.0,385.0
0.345,985.0,27177.0
0.345,215.5,1160.0
0.345,114.0,162.0
0.345,75.0,100.0
0.345,80.0,153.0
0.345,1963.0,107207.0
0.345,3500.0,224552.0
0.345,1015.0,25918.0
0.345,229.0,2679.0
0.345,193.0,205.0
0.345,79.0,85.0
0.345,231.0,2630.0
0.345,151.0,1768.0
0.345,721.0,5804.0
0.345,151.0,177.0
0.345,198.0,1740.0
0.345,433.0,3088.0
0.345,162.0,209.0
0.345,166.0,242.0
0.345,349.6666666666667,2704.3333333333335
0.345,88.0,104.0
0.345,516.5,12951.0
0.345,762.0,24864.75
0.345,3500.0,109795.0
0.345,2392.3333333333335,65872.0
0.345,1123.0,47984.0
0.345,1793.0,37221.5
0.345,64.0,439.0
0.345,770.0,7069.0
0.345,96.0,100.0
0.345,1406.0,37777.0
0.345,3500.0,158207.0
0.345,1785.5,72702.5
0.345,103.0,528.5
0.345,1261.0,35481.0
0.345,114.0,280.0
0.345,115.0,753.0
0.345,1834.5,33707.5
0.345,157.0,1132.0
0.345,1801.5,85033.5
0.345,687.0,22004.5
0.345,100.33333333333333,389.6666666666667
0.345,1805.5,27084.5
0.345,1034.0,37279.0
0.345,110.0,112.0
0.345,1805.0,78057.5
0.345,162.0,1425.0
0.345,1085.5,34144.0
0.345,1413.0,48062.0
0.345,413.0,6670.5
0.345,1960.0,102902.0
0.345,230.66666666666666,4048.6666666666665
0.345,372.5,6498.5
0.345,943.0,20464.0
0.346,109.5,277.5
0.346,57.0,60.0
0.346,1234.25,40368.75
0.346,1837.0,68622.5
0.346,1806.0,37849.0
0.346,133.0,1847.5
0.346,3500.0,188150.0
0.346,80.0,99.0
0.346,559.0,6750.666666666667
0.346,83.0,88.0
0.346,3500.0,75101.0
0.346,201.0,1004.0
0.346,2357.0,83541.66666666667
0.346,1942.5,98212.0
0.346,1560.0,50335.0
0.346,354.0,4386.0
0.346,376.5,3622.0
0.346,80.0,123.0
0.346,1408.3333333333333,81277.33333333333
0.346,193.0,2581.0
0.346,1793.0,74608.5
0.346,85.0,90.0
0.346,1788.5,62514.5
0.346,1906.5,45031.0
0.346,95.0,107.0
0.346,549.3333333333334,11557.0
0.346,1834.5,108194.5
0.346,1457.0,53114.0
0.346,210.0,735.0
0.346,1412.3333333333333,69486.33333333333
0.346,3500.0,95359.0
0.346,3500.0,90693.0
0.346,641.0,10114.0
0.346,521.0,7339.0
0.346,69.0,640.0
0.346,192.5,643.0
0.346,272.0,342.0
0.346,113.66666666666667,1250.6666666666667
0.346,128.0,256.0
0.346,79.0,96.0
0.346,3500.0,152271.0
0.346,1111.0,45615.0
0.346,339.0,3629.0
0.346,93.0,147.0
0.346,224.0,2290.0
0.346,1091.5,73400.5
0.346,711.0,7018.5
0.346,189.0,3564.0
0.346,338.25,4591.0
0.346,1237.0,49259.0
0.346,272.0,3961.0
0.346,276.0,3692.0
0.346,1600.6666666666667,49879.333333333336
0.346,243.5,1962.5
0.346,1041.0,20909.0
0.346,699.0,19921.0
0.346,168.0,283.0
0.346,1304.0,108055.0
0.346,3500.0,201905.0
0.346,364.0,3365.0
0.346,166.5,718.0
0.346,2360.3333333333335,100410.0
0.346,80.0,86.0
0.347,236.0,4617.0
0.347,3500.0,164637.0
0.347,2227.0,71586.25
0.347,209.5,4369.0
0.347,486.0,10130.0
0.347,2331.5,51384.5
0.347,504.0,5254.0
0.347,114.5,203.5
0.347,168.5,947.5
0.347,121.0,1888.0
0.347,1787.0,41702.0
0.347,457.0,5317.0
0.347,165.0,313.0
0.347,94.0,102.0
0.347,1665.6666666666667,54983.0
0.347,99.0,130.5
0.347,165.0,297.5
0.347,3500.0,108443.0
0.347,82.0,95.0
0.347,93.5,96.5
0.347,3500.0,137942.0
0.347,3500.0,145262.0
0.347,461.0,3728.0
0.347,473.5,3585.5
0.347,754.6666666666666,7942.0
0.347,3500.0,169088.0
0.347,3500.0,124688.0
0.347,87.0,108.0
0.347,309.6666666666667,3248.3333333333335
0.347,1809.5,25462.0
0.347,3500.0,80753.0
0.347,1539.0,51748.0
0.347,266.0,3484.5
0.347,122.0,174.0
0.347,1780.0,44517.0
0.347,3500.0,137283.0
0.347,1792.0,82222.5
0.347,1310.3333333333333,46911.666666666664
0.347,71.0,73.0
0.347,1807.5,97345.0
0.347,3500.0,46538.0
0.347,94.0,98.0
0.347,3500.0,43697.0
0.347,595.3333333333334,17267.666666666668
0.347,1799.0,68621.5
0.347,1127.0,80084.0
0.347,2352.6666666666665,54261.666666666664
0.347,62.0,621.0
0.347,160.0,256.0
0.347,76.0,94.0
0.347,345.0,3076.0
0.347,904.0,34357.0
0.347,183.0,241.0
0.347,560.0,7581.0
0.347,3500.0,101509.0
0.347,225.0,756.0
0.347,90.0,108.0
0.347,1791.0,53658.0
0.347,1798.0,102954.0
0.347,88.0,90.0
0.347,134.0,166.0
0.347,344.0,3793.0
0.347,3500.0,68047.0
0.347,114.0,355.0
0.348,163.5,356.0
0.348,598.5,11492.25
0.348,176.0,1119.0
0.348,3500.0,64210.0
0.348,91.0,216.5
0.348,952.5,18983.5
0.348,1802.0,74852.0
0.348,424.0,3005.0
0.348,218.0,2151.0
0.348,279.0,12470.0
0.348,78.0,85.0
0.348,1285.0,36264.666666666664
0.348,1802.0,86657.0
0.348,138.0,152.0
0.348,1847.0,113359.5
0.348,743.5,20342.5
0.348,3500.0,187954.0
0.348,3500.0,123226.0
0.348,2022.0,85393.25
0.348,646.0,20837.5
0.348,105.0,258.0
0.348,1925.5,82258.0
0.348,159.0,228.0
0.348,234.0,5889.0
0.348,61.5,80.0
0.348,93.0,99.33333333333333
0.348,477.0,3897.0
0.348,3500.0,181902.0
0.348,63.0,489.0
0.348,98.0,102.5
0.348,224.0,644.0
0.348,89.0,103.0
0.348,3500.0,158841.0
0.348,216.0,1505.0
0.348,99.0,198.0
0.348,1754.0,57919.0
0.348,141.5,179.5
0.348,186.0,4595.5
0.348,3500.0,178264.0
0.348,279.0,4453.0
0.348,308.0,4698.0
0.348,1678.6666666666667,77572.33333333333
0.348,3500.0,108359.0
0.348,1595.0,35938.0
0.348,1782.0,89935.0
0.348,120.0,555.0
0.348,1800.5,38698.5
0.348,3500.0,167708.5
0.348,985.0,16916.0
0.348,139.0,313.0
0.348,1583.6666666666667,61707.333333333336
0.348,418.0,7393.0
0.348,281.0,2191.0
0.348,83.0,93.0
0.348,125.0,365.0
0.348,3500.0,162274.0
0.348,1205.0,51146.0
0.348,142.0,246.0
0.348,210.0,977.0
0.348,100.0,1614.0
0.348,264.0,4387.0
0.348,1804.5,114106.0
0.348,3500.0,161340.0
0.348,122.0,152.0
0.348,68.0,833.0
0.349,98.0,107.0
0.349,105.0,154.0
0.349,702.5,44682.0
0.349,304.0,2162.0
0.349,123.0,1290.5
0.349,93.0,782.0
0.349,62.0,593.0
0.349,77.0,141.0
0.349,1424.3333333333333,37290.0
0.349,3500.0,196179.0
0.349,216.0,673.0
0.349,1787.5,62490.0
0.349,640.5,15015.25
0.349,90.0,94.0
0.349,102.5,621.0
0.349,130.0,193.0
0.349,1203.0,32653.0
0.349,1266.0,22966.333333333332
0.349,106.0,132.0
0.349,3500.0,91339.0
0.349,92.0,109.0
0.349,110.0,551.0
0.349,1636.0,100091.0
0.349,3500.0,181450.0
0.349,116.66666666666667,694.3333333333334
0.349,81.0,83.0
0.349,2648.75,85931.25
0.349,3500.0,113886.0
0.349,3500.0,51770.0
0.349,110.0,209.0
0.349,104.0,217.0
0.349,1197.0,49174.0
0.349,215.0,839.0
0.349,892.0,24579.5
0.349,2541.0,113672.0
0.349,789.5,11199.5
0.349,115.0,154.0
0.349,1792.0,48906.5
0.349,508.0,3516.0
0.349,84.5,241.5
0.349,3500.0,181240.0
0.349,1566.0,84884.0
0.349,573.5,20829.0
0.349,223.0,842.0
0.349,829.0,6554.0
0.349,291.0,2611.0
0.349,112.0,169.5
0.349,99.0,101.0
0.349,1256.6666666666667,21778.333333333332
0.349,140.0,244.0
0.349,638.6666666666666,18619.666666666668
0.349,379.3333333333333,17170.333333333332
0.349,111.0,113.0
0.349,1275.0,34564.0
0.349,3500.0,156858.0
0.349,1337.5,55191.75
0.349,976.0,47155.5
0.349,627.6666666666666,31474.666666666668
0.349,3500.0,112000.0
0.35,1306.6666666666667,26243.0
0.35,450.0,6262.0
0.35,3500.0,146692.0
0.35,1624.0,39523.0
0.35,83.0,91.0
0.35,658.0,10167.5
0.35,3500.0,182456.0
0.35,1221.3333333333333,20065.666666666668
0.35,76.0,89.0
0.35,93.0,99.0
0.35,270.5,2929.5
0.35,3500.0,81427.0
0.35,289.0,3151.0
0.35,220.5,5533.0
0.35,101.0,104.0
0.35,160.0,338.0
0.35,94.33333333333333,465.0
0.35,83.0,141.0
0.35,1793.0,120698.5
0.35,483.0,13383.0
0.35,3500.0,125319.5
0.35,70.0,771.0
0.35,1353.0,48729.5
0.35,2739.6666666666665,82159.33333333333
0.35,2369.3333333333335,52552.0
0.35,56.0,79.0
0.35,1626.0,38385.0
0.35,1239.6666666666667,41462.666666666664
0.35,89.0,102.0
0.35,1858.0,48871.0
0.35,3500.0,182449.0
0.35,151.0,258.0
0.35,1273.0,40252.333333333336
0.35,1055.0,19412.0
0.35,94.0,1176.0
0.35,1160.3333333333333,43184.333333333336
0.35,3500.0,120742.0
0.35,3500.0,74412.0
0.35,94.0,158.0
0.35,1953.0,66125.0
0.35,97.0,106.0
0.35,74.0,135.0
0.35,248.0,2234.0
0.35,133.5,519.0
0.35,1693.0,51991.0
0.35,81.0,88.0
0.35,1945.5,77343.0
0.35,58.0,313.0
0.35,114.0,127.5
0.35,1301.6666666666667,33433.0
0.35,78.0,80.0
0.35,693.5,21719.5
0.35,61.0,100.0
0.35,247.5,850.5
0.35,93.66666666666667,132.33333333333334
0.35,89.0,560.5
0.35,3500.0,177022.0
0.35,93.0,99.0
0.35,304.5,5722.5
0.35,3500.0,175102.0
0.35,586.0,7434.0
0.35,3500.0,104308.0
0.35,3500.0,117330.0
0.35,2480.0,44664.0
0.351,1881.0,117538.5
0.351,1311.0,103925.0
0.351,507.0,7368.5
0.351,123.0,135.0
0.351,1802.5,95551.5
0.351,89.0,101.0
0.351,125.0,180.0
0.351,257.5,1298.0
0.351,141.0,950.0
0.351,1851.5,63450.5
0.351,3500.0,101318.0
0.351,69.0,444.0
0.351,295.0,8934.5
0.351,96.0,658.0
0.351,500.5,11847.5
0.351,3500.0,103686.0
0.351,78.0,148.0
0.351,1797.0,38467.5
0.351,84.0,90.0
0.351,431.0,6565.0
0.351,104.5,135.5
0.351,3500.0,116460.0
0.351,336.0,4639.0
0.351,332.4,13669.0
0.351,145.0,2216.0
0.351,968.5,57047.5
0.351,96.0,99.0
0.351,1028.0,25287.0
0.351,101.5,229.0
0.351,510.0,12190.5
0.351,446.0,5506.0
0.351,2071.0,64651.0
0.351,167.5,3141.0
0.351,267.0,1304.0
0.351,83.0,86.0
0.351,3500.0,184980.0
0.351,666.5,19996.5
0.351,3500.0,123518.0
0.351,1263.6666666666667,23780.0
0.351,136.0,288.0
0.351,1162.0,67625.0
0.351,105.33333333333333,209.66666666666666
0.351,84.0,86.0
0.351,90.0,94.0
0.351,243.0,6257.666666666667
0.351,209.5,3158.5
0.351,431.0,13592.666666666666
0.351,577.0,6988.0
0.351,676.0,43452.5
0.351,100.0,107.0
0.351,3500.0,141069.0
0.351,1884.5,67210.0
0.351,78.0,344.5
0.351,437.0,5533.0
0.351,1233.3333333333333,35286.0
0.351,92.0,141.0
0.351,170.33333333333334,2359.0
0.351,1632.0,82129.0
0.351,58.0,78.0
0.352,91.0,102.0
0.352,87.0,90.0
0.352,195.5,3741.0
0.352,1819.0,24270.0
0.352,1251.0,41289.0
0.352,216.0,1989.0
0.352,653.0,23481.0
0.352,1154.0,40472.0
0.352,717.0,33696.0
0.352,344.0,2124.0
0.352,95.0,152.0
0.352,144.5,1416.0
0.352,1934.5,36597.5
0.352,1276.3333333333333,59424.0
0.352,148.66666666666666,1173.3333333333333
0.352,106.0,169.0
0.352,221.0,3129.0
0.352,598.5,23661.0
0.352,789.0,19821.5
0.352,130.0,146.0
0.352,498.75,16641.25
0.352,3500.0,172800.0
0.352,85.0,91.0
0.352,1792.5,46485.0
0.352,330.0,6218.5
0.352,1137.0,35957.0
0.352,1797.5,68315.0
0.352,87.0,90.5
0.352,74.0,126.0
0.352,3500.0,86988.0
0.352,3500.0,98624.0
0.352,320.0,3618.0
0.352,90.0,209.0
0.352,3500.0,164634.0
0.352,98.0,100.0
0.352,223.0,5933.0
0.352,278.0,4415.5
0.352,410.0,6483.333333333333
0.352,3500.0,162917.0
0.352,62.5,96.0
0.352,94.0,108.0
0.352,80.0,865.0
0.352,145.5,1040.0
0.352,3500.0,174315.0
0.352,301.0,8946.0
0.352,259.0,1206.0
0.352,81.0,98.0
0.352,701.0,15831.5
0.352,84.0,100.0
0.352,211.5,556.0
0.352,3500.0,126788.0
0.352,98.0,120.5
0.352,1027.0,35355.25
0.352,2092.0,136461.0
0.352,139.0,1732.0
0.352,65.0,90.0
0.352,3500.0,154967.5
0.352,1282.0,30488.0
0.352,3500.0,141505.0
0.352,3500.0,93623.0
0.352,74.0,88.0
0.352,216.0,633.0
0.352,330.5,2435.0
0.352,3500.0,214705.0
0.352,1795.5,56865.0
0.352,1791.5,53669.0
0.352,3500.0,155733.0
0.352,2771.0,78449.0
0.352,3500.0,184540.0
0.352,1428.5,59088.5
0.352,2366.0,84888.0
0.352,1135.0,47079.0
0.353,355.0,9481.5
0.353,1928.0,89769.5
0.353,933.0,26104.0
0.353,97.0,133.0
0.353,145.0,265.0
0.353,488.75,8576.5
0.353,1913.5,108925.0
0.353,567.0,11136.5
0.353,1781.0,80062.5
0.353,2077.0,64891.666666666664
0.353,630.0,20916.5
0.353,864.5,27366.5
0.353,608.0,2940.0
0.353,105.0,112.0
0.353,1324.0,19733.0
0.353,136.66666666666666,1587.6666666666667
0.353,102.0,105.0
0.353,2410.6666666666665,142689.33333333334
0.353,71.0,85.0
0.353,156.5,2925.5
0.353,1138.0,37913.0
0.353,657.0,9250.0
0.353,83.5,913.0
0.353,3500.0,59201.0
0.353,59.0,592.0
0.353,58.0,379.0
0.353,902.5,37143.5
0.353,166.0,612.0
0.353,163.0,757.0
0.353,163.0,920.0
0.353,1805.0,94885.0
0.353,3500.0,165844.0
0.353,102.0,1031.0
0.353,2177.5,67759.5
0.353,841.5,18996.0
0.353,277.0,1326.0
0.353,1369.0,59372.0
0.353,1928.5,51287.0
0.353,3500.0,146714.0
0.353,133.0,141.0
0.353,76.0,157.0
0.353,187.5,1173.5
0.353,513.0,4265.0
0.353,94.0,99.0
0.353,138.0,252.0
0.353,1133.0,34075.0
0.353,1850.5,107555.0
0.353,1799.0,106330.5
0.353,52.0,960.0
0.353,111.0,153.0
0.353,127.5,704.0
0.353,92.0,101.0
0.353,3500.0,76295.0
0.353,139.0,154.0
0.353,73.0,211.0
0.353,3500.0,113547.0
0.353,76.0,126.0
0.353,3500.0,108206.0
0.354,88.0,141.0
0.354,79.0,83.0
0.354,620.0,6267.0
0.354,2090.0,163181.0
0.354,114.0,208.0
0.354,1781.0,67807.5
0.354,1818.5,57163.0
0.354,185.5,286.5
0.354,1897.0,66940.0
0.354,172.0,1629.0
0.354,182.0,1328.0
0.354,3500.0,124093.0
0.354,117.0,137.0
0.354,110.0,166.0
0.354,2388.0,58254.0
0.354,276.0,7683.0
0.354,3500.0,89405.0
0.354,1282.3333333333333,25849.0
0.354,2782.5,107912.0
0.354,102.0,138.0
0.354,80.0,231.0
0.354,1232.3333333333333,43673.333333333336
0.354,159.0,363.0
0.354,2355.0,81101.66666666667
0.354,676.0,37696.0
0.354,84.0,92.0
0.354,80.5,109.5
0.354,3500.0,162670.0
0.354,1440.0,58717.0
0.354,62.0,492.0
0.354,216.0,852.0
0.354,63.0,523.0
0.354,876.0,29439.5
0.354,1558.0,91961.0
0.354,275.0,4273.0
0.354,3500.0,129939.0
0.354,112.0,296.0
0.354,2369.3333333333335,67865.33333333333
0.354,88.0,130.0
0.354,215.5,3228.5
0.354,76.0,108.0
0.354,3500.0,191057.0
0.354,971.0,28786.5
0.354,3500.0,139559.0
0.354,107.0,387.0
0.354,1794.0,59066.0
0.354,1231.0,88331.0
0.354,204.66666666666666,4772.333333333333
0.354,3500.0,122644.0
0.354,3500.0,65562.0
0.354,95.5,144.0
0.354,651.0,21523.0
0.354,3500.0,171800.0
0.355,1163.75,56157.25
0.355,71.0,131.0
0.355,1212.0,44556.0
0.355,2514.5,69046.5
0.355,1791.5,53224.0
0.355,121.0,455.0
0.355,3500.0,95335.0
0.355,91.0,102.0
0.355,350.0,3930.0
0.355,408.3333333333333,8343.0
0.355,447.75,12430.25
0.355,3500.0,146887.0
0.355,3500.0,159713.0
0.355,1631.3333333333333,68102.33333333333
0.355,91.0,103.0
0.355,1962.5,113027.0
0.355,102.0,141.0
0.355,1317.6666666666667,47494.0
0.355,70.0,78.5
0.355,84.0,94.0
0.355,3500.0,109270.0
0.355,186.5,450.5
0.355,324.0,5351.5
0.355,776.0,14160.0
0.355,561.5,9567.0
0.355,116.0,126.0
0.355,2246.0,92936.5
0.355,104.0,868.0
0.355,63.0,533.0
0.355,1824.0,68958.0
0.355,968.0,46186.25
0.355,438.0,7662.0
0.355,79.0,89.5
0.355,2690.0,100252.0
0.355,73.0,591.5
0.355,371.0,3387.0
0.355,76.0,89.0
0.355,92.5,107.5
0.355,1301.3333333333333,23835.0
0.355,3500.0,175541.0
0.355,54.0,109.0
0.355,1121.0,45741.0
0.355,289.0,5039.0
0.355,1065.0,48932.0
0.355,100.0,111.0
0.355,254.5,1250.0
0.355,134.0,146.0
0.355,281.0,1766.0
0.355,101.0,160.0
0.355,1255.6666666666667,24255.0
0.355,225.5,3020.5
0.355,70.0,85.0
0.355,1718.6666666666667,36332.666666666664
0.355,1808.0,92786.0
0.355,3500.0,148680.0
0.355,144.0,393.0
0.355,351.0,4611.0
0.355,569.0,5726.0
0.355,1976.0,86535.5
0.355,1840.5,100899.0
0.355,3500.0,153858.0
0.355,120.0,133.0
0.355,640.3333333333334,23651.333333333332
0.356,332.5,3790.0
0.356,87.0,95.0
0.356,328.0,7049.0
0.356,144.5,2285.5
0.356,1794.5,108823.0
0.356,3500.0,147860.0
0.356,1622.6666666666667,88254.66666666667
0.356,92.0,149.0
0.356,1621.6666666666667,32465.666666666668
0.356,101.0,104.0
0.356,68.0,89.0
0.356,116.0,145.0
0.356,1164.0,28756.0
0.356,256.0,3640.5
0.356,640.0,27384.5
0.356,338.0,1614.0
0.356,72.0,457.5
0.356,3500.0,108435.0
0.356,94.0,108.0
0.356,68.0,382.0
0.356,372.0,4297.0
0.356,144.0,360.0
0.356,945.25,43410.75
0.356,1411.0,62724.0
0.356,135.0,152.0
0.356,1643.6666666666667,40239.666666666664
0.356,1934.0,115792.0
0.356,173.0,651.0
0.356,1769.0,52415.0
0.356,273.0,1324.0
0.356,219.33333333333334,3392.6666666666665
0.356,1262.0,24953.333333333332
0.356,3500.0,152269.0
0.356,3500.0,97550.0
0.356,286.0,3910.0
0.356,78.0,86.0
0.356,495.6666666666667,16743.666666666668
0.356,263.0,4993.0
0.356,1797.0,106768.0
0.356,245.0,3348.5
0.356,676.5,23301.5
0.356,1799.5,102238.5
0.356,77.0,91.0
0.356,105.33333333333333,457.0
0.356,194.0,1637.0
0.356,1797.5,52422.5
0.356,1457.0,71403.6
0.356,80.0,87.0
0.356,1941.5,41271.5
0.356,216.0,2509.0
0.356,3500.0,169128.0
0.356,164.66666666666666,1712.6666666666667
0.356,181.0,509.0
0.356,68.0,970.0
0.356,165.25,3467.25
0.356,217.0,3503.0
0.356,1275.0,77214.0
0.356,3500.0,121922.0
0.357,179.5,3908.5
0.357,1356.0,85241.0
0.357,118.0,223.0
0.357,174.0,406.0
0.357,3500.0,82497.0
0.357,1581.6666666666667,42337.666666666664
0.357,1228.6666666666667,59480.333333333336
0.357,1044.0,41302.0
0.357,1364.0,27982.0
0.357,3500.0,115410.0
0.357,250.33333333333334,3071.0
0.357,92.66666666666667,161.33333333333334
0.357,3500.0,126838.0
0.357,111.0,646.0
0.357,1809.5,41345.0
0.357,96.0,120.0
0.357,256.0,980.0
0.357,3500.0,171087.0
0.357,185.5,5088.0
0.357,1818.5,104656.5
0.357,1580.0,28384.0
0.357,74.33333333333333,288.0
0.357,80.0,83.0
0.357,81.0,84.0
0.357,216.0,1522.0
0.357,1801.5,33832.5
0.357,3500.0,154488.0
0.357,573.0,9400.0
0.357,278.6666666666667,5322.0
0.357,63.0,151.0
0.357,306.5,8424.0
0.357,505.0,6350.0
0.357,108.0,1138.0
0.357,205.0,2155.0
0.357,3500.0,206943.0
0.357,216.0,495.0
0.357,3500.0,177290.0
0.357,1333.0,54617.0
0.357,79.0,102.0
0.357,215.0,2475.0
0.357,783.0,24138.5
0.357,91.5,121.5
0.357,3500.0,179391.0
0.357,3500.0,84335.0
0.357,2076.5,57587.5
0.357,90.0,184.0
0.357,152.0,3146.0
0.357,91.0,102.5
0.357,99.0,111.0
0.357,3500.0,205338.0
0.357,67.0,723.0
0.357,1128.0,37076.0
0.357,233.0,1501.0
0.357,1785.5,47675.0
0.357,1798.0,81245.0
0.357,1434.0,64866.0
0.357,77.0,464.5
0.358,101.0,105.0
0.358,239.66666666666666,3267.0
0.358,126.5,214.5
0.358,3500.0,230226.0
0.358,1279.6666666666667,29398.666666666668
0.358,1017.0,34859.0
0.358,3500.0,146640.0
0.358,159.0,246.0
0.358,103.0,112.0
0.358,111.0,196.0
0.358,325.6666666666667,3471.3333333333335
0.358,3500.0,202268.0
0.358,1838.5,68628.5
0.358,2409.6666666666665,111684.0
0.358,1833.5,106186.0
0.358,92.0,162.0
0.358,3500.0,151303.0
0.358,471.5,10285.5
0.358,165.5,1231.0
0.358,1781.0,79898.5
0.358,1391.6666666666667,57967.333333333336
0.358,95.0,126.5
0.358,423.0,3414.0
0.358,87.0,96.0
0.358,308.75,4493.0
0.358,1231.0,23267.0
0.358,94.0,105.0
0.358,1244.0,58385.0
0.358,1276.0,62967.666666666664
0.358,152.0,1546.0
0.358,87.0,92.0
0.358,832.0,9031.0
0.358,1221.3333333333333,65665.33333333333
0.358,423.0,5232.5
0.358,1357.3333333333333,40544.666666666664
0.358,1841.5,114710.5
0.358,3500.0,149785.0
0.358,1380.0,62030.0
0.358,93.0,101.0
0.358,511.0,13711.0
0.358,2528.0,57329.0
0.358,163.0,213.0
0.358,203.66666666666666,2186.0
0.358,95.0,108.0
0.358,177.5,923.5
0.358,1250.0,43932.333333333336
0.358,1815.5,68525.5
0.358,562.0,12842.0
0.358,78.0,135.0
0.358,3500.0,202103.0
0.358,412.5,7011.5
0.358,504.5,18184.5
0.358,63.0,249.0
0.358,91.0,105.0
0.358,93.33333333333333,140.0
0.358,258.0,1351.0
0.358,3500.0,168074.0
0.358,1395.0,43532.0
0.358,183.5,1438.0
0.358,114.25,755.0
0.358,2641.25,122806.5
0.358,331.0,4865.0
0.358,84.0,97.0
0.359,261.0,5847.0
0.359,2685.5,108308.0
0.359,172.25,2186.25
0.359,69.0,89.0
0.359,150.0,334.0
0.359,204.0,840.0
0.359,83.0,87.0
0.359,702.0,6800.0
0.359,90.0,96.5
0.359,121.0,188.0
0.359,422.5,5328.0
0.359,1601.0,52455.0
0.359,83.5,127.0
0.359,1881.0,54961.0
0.359,173.25,1271.75
0.359,1085.0,37206.0
0.359,261.6666666666667,2521.3333333333335
0.359,955.25,17727.5
0.359,426.0,8870.75
0.359,157.0,486.0
0.359,3500.0,167219.0
0.359,100.0,149.0
0.359,1799.5,20832.0
0.359,1782.5,48787.5
0.359,174.33333333333334,1618.6666666666667
0.359,79.0,284.5
0.359,86.0,103.0
0.359,224.0,3669.0
0.359,3500.0,114661.0
0.359,3500.0,140502.0
0.359,3500.0,147509.0
0.359,612.5,43699.25
0.359,220.0,2927.0
0.359,3500.0,137926.0
0.359,222.5,2209.0
0.359,355.5,4392.0
0.359,103.5,521.5
0.359,895.0,18183.0
0.359,270.0,2283.5
0.359,3500.0,78744.0
0.359,94.0,474.0
0.359,440.0,9425.0
0.359,203.0,3394.0
0.359,3500.0,68319.0
0.359,169.0,418.0
0.359,89.0,598.0
0.359,532.0,10295.0
0.359,110.0,113.0
0.359,98.0,153.0
0.359,179.5,1614.5
0.359,2239.0,42721.0
0.359,108.0,118.0
0.359,971.0,22919.5
0.359,329.0,5036.0
0.359,3500.0,64817.0
0.359,152.0,157.0
0.359,165.0,4946.0
0.359,3500.0,143366.0
0.359,216.0,2153.0
0.359,160.0,1724.0
0.359,455.0,11242.0
0.359,139.5,162.5
0.36,171.5,3824.5
0.36,1318.0,97605.0
0.36,306.75,3696.0
0.36,209.0,3264.0
0.36,334.0,7672.0
0.36,88.5,152.5
0.36,92.0,99.0
0.36,1835.5,98529.0
0.36,465.0,9099.0
0.36,87.0,105.0
0.36,60.0,115.0
0.36,142.0,1392.5
0.36,616.0,8892.0
0.36,3500.0,70772.0
0.36,437.0,7167.5
0.36,1346.0,38740.0
0.36,127.0,182.5
0.36,95.5,130.0
0.36,308.0,4645.0
0.36,1798.5,36367.5
0.36,251.0,6421.0
0.36,90.0,143.0
0.36,1132.0,51298.0
0.36,78.0,83.0
0.36,370.0,6676.0
0.36,67.0,94.0
0.36,3500.0,125535.0
0.36,1820.5,54649.0
0.36,3500.0,52227.0
0.36,274.5,3670.0
0.36,1796.5,46299.5
0.36,3500.0,129574.0
0.36,63.0,533.0
0.36,210.0,3733.0
0.36,745.5,61282.0
0.36,1431.0,55234.0
0.36,216.0,262.0
0.36,559.0,19608.0
0.36,3500.0,122884.0
0.36,109.0,114.0
0.36,132.5,163.0
0.36,216.0,3207.0
0.36,140.0,152.0
0.36,138.0,1289.0
0.36,126.0,218.0
0.36,307.0,1978.0
0.36,262.0,1267.5
0.36,105.5,182.5
0.36,90.0,113.0
0.36,618.3333333333334,19669.666666666668
0.36,1245.0,53212.666666666664
0.36,85.0,99.0
0.36,90.0,97.0
0.36,1805.0,36161.0
0.36,422.0,4259.0
0.36,103.0,106.0
0.36,3500.0,105437.0
0.36,3500.0,82398.0
0.36,75.5,78.5
0.36,96.0,199.0
0.36,1770.0,65372.0
0.361,78.0,103.0
0.361,1357.0,44523.0
0.361,265.0,5675.0
0.361,102.0,111.0
0.361,1816.5,71137.5
0.361,170.0,195.0
0.361,3500.0,164531.0
0.361,1797.0,37966.5
0.361,58.0,73.0
0.361,103.0,1218.0
0.361,63.0,585.0
0.361,1797.5,101223.5
0.361,88.0,91.0
0.361,2319.5,102347.0
0.361,40.0,61.0
0.361,71.0,1791.0
0.361,90.5,727.5
0.361,68.0,431.0
0.361,384.0,3978.0
0.361,60.0,356.0
0.361,81.0,90.0
0.361,864.0,59789.0
0.361,291.0,1292.3333333333333
0.361,3500.0,108175.0
0.361,116.0,117.0
0.361,1282.6666666666667,31055.333333333332
0.361,98.0,126.5
0.361,103.0,954.0
0.361,1811.5,74817.5
0.361,196.25,2491.25
0.361,647.5,15829.0
0.361,99.0,200.0
0.361,97.5,113.0
0.361,412.0,7162.0
0.361,210.0,302.0
0.361,3500.0,132456.0
0.361,3500.0,151892.0
0.361,1812.0,96601.5
0.361,2296.5,123177.0
0.361,1095.6,49229.4
0.361,81.0,93.5
0.361,2430.0,107772.66666666667
0.361,3500.0,132273.0
0.361,188.0,449.0
0.361,174.33333333333334,1103.3333333333333
0.361,143.0,1599.5
0.361,186.0,3650.0
0.361,695.0,22267.0
0.361,576.0,20053.5
0.361,109.0,211.0
0.361,191.0,314.0
0.361,156.0,290.0
0.361,3500.0,92355.0
0.361,252.0,3405.0
0.361,3500.0,64293.0
0.361,3500.0,200038.0
0.361,949.5,29153.0
0.361,276.0,4975.0
0.361,3500.0,150913.0
0.361,187.0,1265.0
0.361,1058.0,44338.0
0.361,79.0,95.0
0.361,130.0,153.0
0.361,3500.0,139782.0
0.361,3500.0,152187.0
0.362,3500.0,149805.0
0.362,1898.0,83886.0
0.362,3500.0,226251.0
0.362,981.0,24679.0
0.362,1204.0,36958.0
0.362,3500.0,103978.0
0.362,109.33333333333333,637.3333333333334
0.362,1428.0,38764.0
0.362,1037.0,35773.0
0.362,3500.0,167000.0
0.362,105.0,153.0
0.362,1694.0,65937.0
0.362,3500.0,173808.0
0.362,92.0,94.0
0.362,973.0,54708.5
0.362,1966.5,63351.0
0.362,1788.5,73948.5
0.362,93.0,94.0
0.362,231.0,5107.0
0.362,154.0,531.0
0.362,249.5,3504.75
0.362,1181.0,26103.0
0.362,3500.0,71085.0
0.362,1792.0,74214.5
0.362,232.66666666666666,3410.6666666666665
0.362,85.0,95.0
0.362,961.25,24551.25
0.362,713.0,14958.0
0.362,125.5,246.0
0.362,93.0,100.0
0.362,437.0,3677.0
0.362,135.0,772.0
0.362,187.0,665.0
0.362,1344.6666666666667,47294.0
0.362,104.0,206.0
0.362,183.0,3123.0
0.362,3500.0,151358.0
0.362,477.0,16321.0
0.362,638.0,15599.5
0.362,122.0,136.0
0.362,1905.0,34700.0
0.362,86.0,108.0
0.362,215.0,2922.0
0.362,1077.6666666666667,61970.0
0.362,107.0,215.0
0.362,85.0,97.0
0.362,293.0,1858.0
0.362,1746.0,50721.0
0.362,1794.0,97670.0
0.362,83.0,557.5
0.362,3500.0,182683.0
0.362,1465.0,42749.0
0.362,3500.0,106159.0
0.362,601.0,16407.5
0.362,3500.0,172443.0
0.362,831.5,21888.5
0.362,439.0,9226.0
0.363,901.0,28446.0
0.363,3500.0,185803.0
0.363,1213.0,12121.0
0.363,257.0,3284.0
0.363,1979.0,65833.0
0.363,237.0,816.0
0.363,1895.0,70407.5
0.363,1042.5,44180.0
0.363,324.0,4108.0
0.363,3500.0,166783.5
0.363,1021.0,11429.0
0.363,141.66666666666666,984.3333333333334
0.363,1805.5,42481.5
0.363,107.0,186.0
0.363,241.0,5842.0
0.363,3500.0,162646.0
0.363,1779.5,93861.0
0.363,3500.0,190047.0
0.363,922.5,30897.0
0.363,1152.0,28539.0
0.363,1784.5,69680.0
0.363,895.5,16698.5
0.363,1815.5,50179.5
0.363,1833.0,66593.5
0.363,88.0,90.0
0.363,107.0,231.0
0.363,176.5,2343.0
0.363,2437.5,137000.0
0.363,1899.0,92424.5
0.363,276.0,2921.5
0.363,95.0,99.0
0.363,98.0,101.0
0.363,91.0,93.0
0.363,96.5,180.0
0.363,83.5,99.0
0.363,102.0,159.0
0.363,97.0,106.0
0.363,215.0,1238.0
0.363,476.0,11760.0
0.363,1118.8,42750.0
0.363,88.0,101.5
0.363,362.5,2916.0
0.363,130.0,436.0
0.363,34.0,601.0
0.363,167.0,2166.0
0.363,86.0,99.0
0.363,112.0,130.0
0.363,728.0,19517.0
0.363,3500.0,93120.0
0.363,1112.0,49671.0
0.363,1895.5,89929.0
0.363,192.0,251.0
0.363,73.0,79.0
0.363,3500.0,211759.0
0.363,228.5,1885.0
0.363,182.0,2167.0
0.363,1013.5,56338.5
0.363,1479.0,49930.0
0.364,79.0,140.0
0.364,1845.5,88036.5
0.364,274.0,2541.0
0.364,664.0,37999.0
0.364,140.5,1301.0
0.364,96.0,97.0
0.364,1396.0,24775.0
0.364,107.0,988.0
0.364,846.5,27503.0
0.364,121.0,159.0
0.364,1784.0,69308.66666666667
0.364,2635.0,137176.0
0.364,3500.0,127956.0
0.364,206.0,3529.5
0.364,349.5,3112.0
0.364,3500.0,104717.0
0.364,162.5,1590.0
0.364,184.0,4434.0
0.364,171.0,2921.0
0.364,1220.3333333333333,37191.666666666664
0.364,59.0,454.0
0.364,191.5,299.5
0.364,91.0,112.0
0.364,3500.0,97651.0
0.364,225.0,2761.0
0.364,79.0,224.0
0.364,3500.0,42287.0
0.364,89.0,206.0
0.364,171.0,586.0
0.364,107.0,108.0
0.364,93.0,96.0
0.364,99.0,817.0
0.364,122.0,191.0
0.364,3500.0,161040.0
0.364,1155.0,76364.0
0.364,910.0,22942.0
0.364,950.0,16911.0
0.364,654.0,9248.0
0.364,73.0,86.0
0.364,393.0,2311.0
0.364,92.0,93.0
0.364,1781.5,66965.5
0.364,2110.5,95051.0
0.364,87.5,121.75
0.364,90.5,124.0
0.364,3500.0,244643.0
0.364,117.0,198.0
0.364,159.0,980.0
0.364,191.0,1061.0
0.364,244.0,1868.0
0.364,146.0,430.0
0.364,155.0,216.0
0.364,61.0,406.0
0.364,75.0,88.0
0.364,101.0,107.0
0.364,355.0,7700.0
0.364,1357.0,36034.0
0.364,198.0,1092.5
0.364,260.0,4579.0
0.364,3500.0,183388.0
0.364,2491.0,115370.5
0.365,93.0,105.0
0.365,1114.5,29961.5
0.365,103.0,204.0
0.365,463.0,6264.0
0.365,842.5,25025.5
0.365,148.0,173.0
0.365,102.0,108.0
0.365,146.0,1246.0
0.365,111.0,272.0
0.365,103.0,696.0
0.365,88.33333333333333,142.66666666666666
0.365,667.0,11231.0
0.365,3500.0,125621.0
0.365,1050.0,26121.0
0.365,1829.0,77951.0
0.365,573.0,7377.0
0.365,576.0,26578.0
0.365,534.0,13695.5
0.365,778.0,18487.0
0.365,153.0,262.0
0.365,1567.0,103317.0
0.365,3500.0,185786.0
0.365,1452.6666666666667,37339.333333333336
0.365,151.0,157.0
0.365,81.0,97.0
0.365,171.0,1872.5
0.365,1710.0,90892.0
0.365,1236.0,17331.0
0.365,712.0,11306.0
0.365,3500.0,181719.0
0.365,1658.0,94726.0
0.365,1798.0,83890.5
0.365,1788.0,61758.0
0.365,1834.0,105484.0
0.365,3500.0,183592.0
0.365,116.0,824.0
0.365,91.0,93.0
0.365,1840.5,74491.25
0.365,98.0,171.5
0.365,96.0,98.0
0.365,2500.0,120337.33333333333
0.365,1241.3333333333333,33980.666666666664
0.365,930.0,14878.0
0.365,205.5,2633.75
0.365,606.0,8979.0
0.365,86.0,95.0
0.365,89.0,98.0
0.365,3500.0,232211.0
0.365,800.0,11230.0
0.365,245.5,5590.0
0.365,1808.5,79798.0
0.365,1796.5,63370.0
0.365,3500.0,205114.0
0.365,130.5,168.0
0.365,563.6666666666666,20027.0
0.365,485.0,20369.0
0.365,1154.0,64616.0
0.365,254.0,484.0
0.365,2572.5,132301.0
0.365,103.5,125.0
0.366,38.0,51.0
0.366,139.0,517.5
0.366,83.0,85.0
0.366,594.5,21901.75
0.366,146.0,264.0
0.366,645.0,14723.666666666666
0.366,152.0,1405.0
0.366,84.0,91.0
0.366,126.0,1188.0
0.366,993.5,41520.5
0.366,3500.0,85648.0
0.366,206.0,472.0
0.366,111.0,114.0
0.366,580.0,13156.0
0.366,131.0,1267.0
0.366,1149.0,26416.0
0.366,170.0,299.0
0.366,1275.3333333333333,35909.0
0.366,3500.0,174954.0
0.366,958.3333333333334,37460.0
0.366,83.5,105.0
0.366,1796.5,104204.5
0.366,237.0,2582.0
0.366,92.0,98.0
0.366,1825.0,109079.0
0.366,92.5,98.0
0.366,68.0,370.0
0.366,518.0,6125.0
0.366,90.0,211.5
0.366,233.0,3253.0
0.366,1846.0,25478.5
0.366,1985.0,77939.0
0.366,261.0,4784.0
0.366,235.0,397.0
0.366,1488.3333333333333,38234.666666666664
0.366,142.0,1880.5
0.366,396.25,6859.5
0.366,63.0,66.0
0.366,335.0,4417.0
0.366,2392.0,79364.5
0.366,84.0,99.0
0.366,110.0,290.0
0.366,140.0,756.75
0.366,96.0,530.5
0.366,91.0,152.0
0.366,135.0,140.0
0.366,442.0,12322.0
0.366,3500.0,152434.0
0.366,1797.0,61255.5
0.366,80.0,82.0
0.366,414.0,5408.0
0.366,260.5,1569.5
0.366,98.0,106.33333333333333
0.366,76.5,305.0
0.366,1056.0,34825.5
0.366,1625.0,54720.0
0.366,89.0,117.0
0.366,260.0,2243.0
0.366,221.0,860.0
0.366,80.0,83.0
0.366,196.0,3337.0
0.366,103.0,163.0
0.366,241.0,4954.0
0.367,169.0,617.0
0.367,55.0,59.0
0.367,199.0,2407.0
0.367,203.0,1864.0
0.367,100.0,251.0
0.367,776.0,26668.0
0.367,120.0,226.0
0.367,147.0,1057.5
0.367,166.33333333333334,3066.0
0.367,2685.0,70058.5
0.367,3500.0,135063.0
0.367,1992.5,67554.5
0.367,1904.5,42018.5
0.367,523.5,14245.0
0.367,122.66666666666667,228.66666666666666
0.367,650.0,12123.0
0.367,3500.0,154477.0
0.367,508.6666666666667,9622.0
0.367,1006.25,40096.75
0.367,64.0,604.0
0.367,82.0,97.0
0.367,242.0,2647.5
0.367,257.0,8175.0
0.367,66.0,919.0
0.367,97.5,451.5
0.367,2212.5,86647.5
0.367,1965.0,97319.5
0.367,944.75,21341.5
0.367,1825.0,35724.0
0.367,710.0,8679.0
0.367,265.0,611.0
0.367,394.0,4449.0
0.367,130.5,288.5
0.367,554.0,5898.0
0.367,115.0,117.0
0.367,379.5,16725.0
0.367,128.0,255.0
0.367,107.0,113.0
0.367,2277.5,56921.0
0.367,61.0,548.0
0.367,434.3333333333333,11993.0
0.367,937.5,23235.0
0.367,1828.5,96840.5
0.367,145.5,272.5
0.367,75.0,91.0
0.367,594.5,12651.5
0.367,3500.0,139437.0
0.367,111.0,141.0
0.367,119.5,123.5
0.367,2281.5,54806.5
0.367,114.0,132.0
0.367,97.0,100.0
0.367,1806.0,81608.0
0.367,1776.0,101252.5
0.367,128.0,161.0
0.367,1229.6666666666667,76475.66666666667
0.367,3500.0,75077.0
0.367,187.5,972.0
0.367,498.0,13776.0
0.367,3500.0,124677.0
0.367,282.0,4931.0
0.367,107.0,112.0
0.367,1632.0,66248.0
0.367,3500.0,115537.0
0.368,1251.0,48337.5
0.368,724.0,15355.0
0.368,94.0,103.0
0.368,624.0,7129.0
0.368,102.0,1220.0
0.368,106.66666666666667,319.0
0.368,3500.0,196937.0
0.368,172.0,1281.0
0.368,2255.5,46940.5
0.368,2364.6666666666665,113431.66666666667
0.368,1048.0,44696.0
0.368,87.0,98.0
0.368,222.0,1086.0
0.368,72.0,110.0
0.368,1023.0,16054.0
0.368,70.0,87.0
0.368,92.0,100.5
0.368,100.0,249.0
0.368,104.0,113.0
0.368,259.0,3660.0
0.368,216.0,1027.0
0.368,267.0,5848.0
0.368,143.5,1126.0
0.368,954.0,62123.0
0.368,2069.5,91061.0
0.368,979.0,13316.0
0.368,687.0,26049.5
0.368,391.0,4880.0
0.368,141.0,276.0
0.368,98.5,158.0
0.368,603.0,36779.0
0.368,177.0,1000.0
0.368,416.5,14220.0
0.368,246.0,2364.6666666666665
0.368,88.0,103.0
0.368,2488.0,89803.0
0.368,186.0,1332.0
0.368,1875.5,48791.5
0.368,138.0,297.0
0.368,207.0,3506.0
0.368,1765.5,100545.0
0.368,89.0,97.0
0.368,141.0,159.0
0.368,3500.0,66432.0
0.368,680.0,34025.0
0.368,1786.0,56380.0
0.368,85.0,391.0
0.368,3500.0,59697.0
0.368,1837.0,52302.5
0.368,76.5,110.5
0.368,582.6666666666666,15725.666666666666
0.368,180.5,1787.0
0.368,1978.0,44395.5
0.369,100.0,106.0
0.369,317.0,2940.0
0.369,350.0,8565.333333333334
0.369,204.0,1762.25
0.369,3500.0,151774.0
0.369,691.0,15449.5
0.369,210.0,6675.5
0.369,755.0,18287.5
0.369,666.0,17887.5
0.369,101.0,145.0
0.369,106.0,168.0
0.369,3500.0,132056.0
0.369,1826.5,71936.0
0.369,99.0,546.5
0.369,1056.0,30979.5
0.369,87.0,94.0
0.369,3500.0,83227.0
0.369,1794.5,110796.0
0.369,158.0,1873.0
0.369,189.0,589.5
0.369,141.0,713.0
0.369,3500.0,53786.0
0.369,274.0,1277.0
0.369,115.0,1135.0
0.369,65.0,97.0
0.369,768.0,24895.0
0.369,112.0,116.0
0.369,124.5,838.5
0.369,3500.0,87720.5
0.369,2058.0,67229.0
0.369,855.0,15200.0
0.369,1325.0,34318.0
0.369,204.0,1736.0
0.369,84.0,96.0
0.369,135.0,273.5
0.369,1092.0,43140.0
0.369,687.0,18451.0
0.369,112.0,191.0
0.369,81.5,379.0
0.369,122.0,1114.0
0.369,227.0,329.0
0.369,216.0,1776.0
0.369,259.0,4479.0
0.369,141.0,1261.0
0.369,1317.0,56321.0
0.369,3500.0,121136.0
0.369,80.0,160.0
0.369,182.33333333333334,1285.6666666666667
0.369,106.0,222.0
0.369,159.0,282.0
0.369,2299.5,100128.5
0.369,238.0,3951.0
0.369,3500.0,143021.0
0.369,89.5,100.5
0.369,1802.5,60233.0
0.369,1365.0,32998.0
0.369,720.0,22839.5
0.369,129.0,237.5
0.37,753.0,17446.0
0.37,143.5,285.0
0.37,1818.5,49626.5
0.37,3500.0,67808.0
0.37,1083.0,12843.0
0.37,94.0,96.0
0.37,1793.0,112277.5
0.37,1075.5,41004.0
0.37,316.3333333333333,5465.0
0.37,101.0,110.0
0.37,80.0,86.0
0.37,91.0,99.0
0.37,307.0,1274.0
0.37,132.0,259.0
0.37,250.5,2104.0
0.37,94.0,109.0
0.37,1757.5,82897.5
0.37,139.33333333333334,1316.0
0.37,80.0,99.0
0.37,216.0,296.0
0.37,451.6666666666667,10513.333333333334
0.37,3500.0,121248.0
0.37,1094.0,22888.5
0.37,59.0,498.0
0.37,1791.0,37679.5
0.37,296.0,2709.0
0.37,91.0,94.0
0.37,1655.0,125071.0
0.37,2370.3333333333335,73951.66666666667
0.37,263.0,3196.0
0.37,1801.5,72887.5
0.37,3500.0,74386.0
0.37,216.0,3007.0
0.37,3500.0,105492.0
0.37,64.0,90.0
0.37,168.5,2515.0
0.37,499.0,20776.666666666668
0.37,97.0,99.0
0.37,1132.0,30837.0
0.37,80.0,86.0
0.37,345.0,3979.6666666666665
0.37,2353.3333333333335,118487.0
0.37,3500.0,152561.0
0.37,801.0,24727.0
0.37,260.5,2795.0
0.37,335.0,4026.0
0.37,690.0,31334.0
0.37,3500.0,113185.0
0.37,3500.0,155644.0
0.37,886.0,22775.0
0.37,1788.5,29506.5
0.371,3500.0,75706.0
0.371,584.0,9522.0
0.371,190.0,4368.0
0.371,378.0,12508.0
0.371,54.0,67.0
0.371,99.0,105.0
0.371,96.0,105.0
0.371,711.5,50352.0
0.371,1358.5,29404.0
0.371,123.0,483.0
0.371,259.0,4920.0
0.371,671.0,16583.0
0.371,242.0,978.5
0.371,592.0,15235.0
0.371,118.0,322.0
0.371,1568.6,51542.2
0.371,97.0,99.0
0.371,109.0,115.0
0.371,106.0,633.0
0.371,1089.0,42836.5
0.371,3500.0,85331.0
0.371,1812.0,74360.5
0.371,375.0,2052.0
0.371,107.0,112.0
0.371,433.0,3480.0
0.371,114.0,165.0
0.371,102.0,104.0
0.371,134.0,254.0
0.371,3500.0,89859.5
0.371,102.0,769.0
0.371,86.0,149.0
0.371,3500.0,156938.0
0.371,2546.3333333333335,108270.66666666667
0.371,973.0,24496.0
0.371,3500.0,184515.0
0.371,845.5,38774.5
0.371,75.0,131.0
0.371,320.0,6072.0
0.371,100.5,157.0
0.371,3500.0,99362.0
0.371,51.0,74.0
0.371,1228.0,49951.333333333336
0.371,70.0,82.0
0.371,209.0,8862.0
0.371,2357.0,80915.66666666667
0.371,136.0,155.0
0.371,105.0,110.0
0.371,279.0,4692.0
0.371,331.0,839.0
0.371,83.0,99.0
0.371,100.0,178.0
0.371,599.5,22342.0
0.371,99.0,110.0
0.371,74.0,145.0
0.371,200.0,1103.0
0.371,3500.0,132377.0
0.371,3500.0,123095.0
0.371,355.5,5358.5
0.371,1169.0,82823.0
0.371,205.0,938.0
0.371,101.0,107.0
0.371,198.66666666666666,905.0
0.371,1899.0,70936.0
0.371,196.0,1215.0
0.371,94.0,304.5
0.371,136.0,2057.0
0.371,280.0,5284.0
0.371,105.0,1231.0
0.371,3500.0,144758.0
0.371,88.0,90.0
0.372,587.0,14206.5
0.372,155.5,2827.0
0.372,62.0,405.0
0.372,3500.0,56078.0
0.372,210.0,393.0
0.372,1655.0,52464.333333333336
0.372,246.0,2008.5
0.372,2164.5,96724.5
0.372,164.0,193.0
0.372,124.5,2322.0
0.372,391.0,5765.0
0.372,90.0,101.0
0.372,265.0,4158.0
0.372,1823.0,28455.5
0.372,209.0,284.0
0.372,342.5,5348.25
0.372,1799.5,41588.5
0.372,3500.0,117740.0
0.372,1219.0,61800.666666666664
0.372,1823.0,80907.5
0.372,94.0,459.5
0.372,139.5,269.5
0.372,114.0,890.5
0.372,273.6666666666667,2916.0
0.372,94.5,123.5
0.372,1824.0,87007.0
0.372,1628.0,56763.0
0.372,1825.0,36244.0
0.372,3500.0,102537.0
0.372,102.0,206.0
0.372,3500.0,147054.0
0.372,320.5,3345.5
0.372,93.0,149.0
0.372,309.5,4035.5
0.372,64.0,729.0
0.372,3500.0,179881.0
0.372,89.0,110.5
0.372,3500.0,206439.0
0.372,89.5,176.5
0.372,319.0,5763.0
0.372,90.0,94.0
0.372,84.0,85.0
0.372,1797.5,74825.5
0.372,3500.0,180453.0
0.372,560.5,15063.0
0.372,128.0,154.0
0.372,511.0,5709.0
0.372,382.0,2749.0
0.372,282.5,4452.5
0.372,1780.0,61362.5
0.372,184.0,910.0
0.372,1242.6666666666667,31799.666666666668
0.372,65.0,704.0
0.372,61.0,536.0
0.373,100.0,105.0
0.373,183.33333333333334,2550.3333333333335
0.373,1219.3333333333333,55413.666666666664
0.373,107.0,202.0
0.373,1830.0,70186.0
0.373,320.0,6294.5
0.373,147.5,2390.5
0.373,3500.0,137179.0
0.373,3500.0,92275.0
0.373,55.0,57.0
0.373,148.0,185.0
0.373,3500.0,110300.0
0.373,95.0,113.0
0.373,1095.0,64632.0
0.373,111.0,132.0
0.373,63.0,322.0
0.373,149.0,3386.0
0.373,141.0,947.5
0.373,136.0,194.0
0.373,78.0,212.0
0.373,270.0,5552.0
0.373,439.0,2675.0
0.373,1992.5,111756.5
0.373,163.0,4171.0
0.373,164.0,4016.0
0.373,192.0,2143.0
0.373,186.0,210.0
0.373,492.0,7928.0
0.373,87.0,100.0
0.373,155.0,837.0
0.373,531.0,9152.0
0.373,110.0,113.0
0.373,146.0,333.0
0.373,82.0,91.0
0.373,1801.0,54863.0
0.373,2362.0,101859.33333333333
0.373,393.0,18625.75
0.373,903.0,18447.5
0.373,92.0,99.0
0.373,100.5,122.5
0.373,89.0,100.0
0.373,186.0,4477.0
0.373,3500.0,138379.0
0.373,368.0,2059.0
0.373,145.0,164.0
0.373,152.0,1406.5
0.373,3500.0,70019.0
0.373,105.0,113.0
0.373,216.0,1209.0
0.373,95.0,210.0
0.373,57.0,110.0
0.373,90.5,99.0
0.373,99.0,102.0
0.373,94.0,104.0
0.373,163.0,231.0
0.373,258.0,1936.5
0.373,97.0,106.0
0.373,175.0,332.0
0.373,259.0,1659.0
0.373,3500.0,135294.0
0.373,90.0,93.0
0.373,3500.0,194701.0
0.374,1966.0,95146.0
0.374,1318.0,37659.0
0.374,154.0,1682.5
0.374,1829.0,98582.5
0.374,167.0,3007.0
0.374,83.5,97.5
0.374,487.0,8128.0
0.374,83.0,92.0
0.374,1102.0,13677.0
0.374,401.0,7736.0
0.374,161.0,1152.0
0.374,1238.3333333333333,48958.333333333336
0.374,246.5,1230.5
0.374,87.0,101.0
0.374,126.66666666666667,1339.0
0.374,142.0,444.0
0.374,140.0,347.0
0.374,1167.0,35462.0
0.374,1786.0,39844.5
0.374,95.0,100.0
0.374,77.0,178.0
0.374,71.0,93.0
0.374,88.0,115.5
0.374,130.66666666666666,223.66666666666666
0.374,738.3333333333334,23012.0
0.374,1303.0,54350.0
0.374,1793.5,53451.5
0.374,850.5,27717.5
0.374,165.0,6113.0
0.374,3500.0,144247.0
0.374,161.0,299.0
0.374,146.0,488.0
0.374,130.0,143.0
0.374,61.0,430.0
0.374,60.0,126.0
0.374,214.0,648.0
0.374,498.0,4176.0
0.374,87.0,144.0
0.374,3500.0,255657.0
0.374,3500.0,141366.0
0.374,103.0,110.0
0.374,101.0,160.0
0.374,175.0,476.0
0.374,3500.0,168495.0
0.374,2187.5,88283.0
0.374,344.0,5455.0
0.374,1350.0,35157.0
0.374,1216.0,38650.666666666664
0.374,60.0,63.0
0.374,96.0,132.0
0.374,314.0,5545.0
0.374,631.0,20101.0
0.374,44.0,45.0
0.374,680.0,20267.0
0.374,42.0,100.0
0.374,3500.0,87136.0
0.374,3500.0,165422.0
0.374,3500.0,43573.0
0.374,1934.0,62341.5
0.374,1527.0,61754.0
0.374,1191.0,63332.0
0.375,1126.0,22967.0
0.375,322.0,4797.5
0.375,64.0,657.0
0.375,1252.0,69946.0
0.375,74.0,97.0
0.375,3500.0,221923.0
0.375,253.0,3744.0
0.375,178.0,1580.0
0.375,3500.0,221925.0
0.375,288.0,4162.0
0.375,65.0,863.0
0.375,1229.0,38018.333333333336
0.375,70.0,927.0
0.375,107.0,155.5
0.375,118.0,264.0
0.375,98.0,104.0
0.375,519.0,5598.0
0.375,3500.0,96178.0
0.375,349.0,2578.0
0.375,1124.0,50832.0
0.375,3500.0,97125.0
0.375,3500.0,174102.0
0.375,1984.0,60890.0
0.375,249.0,1622.0
0.375,65.5,275.5
0.375,103.0,106.0
0.375,192.0,665.0
0.375,615.0,18081.5
0.375,1392.0,38304.0
0.375,1303.0,35012.0
0.375,102.0,1838.0
0.375,308.0,2412.0
0.375,82.0,98.0
0.375,2402.6666666666665,94628.33333333333
0.375,1278.5,31284.0
0.375,132.0,162.0
0.375,549.0,16918.5
0.375,74.0,84.0
0.375,3500.0,74675.0
0.375,2368.3333333333335,93496.0
0.375,302.5,5607.0
0.375,702.0,22500.0
0.375,297.0,5728.0
0.375,216.0,2275.0
0.375,1908.5,79890.0
0.375,96.0,140.0
0.375,3500.0,166025.0
0.375,117.0,151.0
0.375,89.0,206.0
0.375,553.3333333333334,14239.666666666666
0.375,1940.0,79674.0
0.375,3500.0,147567.0
0.375,3500.0,100623.0
0.375,479.0,30042.0
0.375,3500.0,136015.5
0.375,1226.3333333333333,45362.666666666664
0.375,3500.0,75184.0
0.375,98.0,102.0
0.375,418.0,2233.0
0.375,92.0,119.0
0.375,2166.5,61902.0
0.375,3500.0,79008.0
0.375,128.0,444.0
0.376,220.0,1349.0
0.376,120.0,986.0
0.376,98.0,104.0
0.376,1900.0,152943.0
0.376,85.0,149.0
0.376,465.0,16157.0
0.376,84.0,150.0
0.376,78.5,108.5
0.376,1228.0,37470.0
0.376,137.0,193.0
0.376,413.0,1296.0
0.376,616.0,12899.5
0.376,2387.0,67543.66666666667
0.376,372.0,1689.0
0.376,78.5,335.5
0.376,1223.0,29522.0
0.376,95.0,99.0
0.376,105.5,986.0
0.376,105.0,161.0
0.376,844.0,13074.0
0.376,95.0,99.0
0.376,464.5,3066.5
0.376,99.0,108.0
0.376,97.0,158.0
0.376,3500.0,159278.0
0.376,126.0,2024.0
0.376,96.0,102.0
0.376,3500.0,168604.0
0.376,109.0,1118.0
0.376,64.0,103.0
0.376,289.0,3012.0
0.376,1444.0,48812.0
0.376,109.0,251.0
0.376,495.0,17060.0
0.376,481.0,5052.0
0.376,274.0,4626.0
0.376,109.0,168.5
0.376,98.0,111.0
0.376,80.66666666666667,292.6666666666667
0.376,3500.0,141202.0
0.376,228.0,2862.0
0.376,418.0,1227.0
0.376,697.5,40431.5
0.376,379.0,6586.0
0.376,256.0,5003.0
0.376,1467.0,70672.0
0.376,216.0,408.0
0.376,318.0,4431.0
0.376,1785.0,71101.5
0.376,98.0,99.0
0.376,1282.3333333333333,30273.0
0.376,711.5,12033.0
0.376,299.0,3807.0
0.376,477.0,15441.5
0.376,61.0,456.0
0.376,198.0,1094.0
0.376,3500.0,97842.0
0.376,98.0,154.0
0.377,80.0,90.0
0.377,1065.0,15266.0
0.377,58.0,110.0
0.377,1836.5,74501.0
0.377,117.0,143.0
0.377,131.5,1270.5
0.377,56.0,92.0
0.377,1806.5,58557.5
0.377,1043.0,34532.0
0.377,91.0,195.0
0.377,68.0,509.0
0.377,1288.0,21952.333333333332
0.377,73.0,110.0
0.377,748.0,7460.0
0.377,2147.5,62075.0
0.377,215.0,1385.0
0.377,102.0,103.0
0.377,778.3333333333334,21339.0
0.377,1230.6666666666667,81867.66666666667
0.377,103.0,160.0
0.377,1630.0,70754.0
0.377,1060.0,25751.0
0.377,98.0,197.0
0.377,261.6666666666667,2993.0
0.377,1212.3333333333333,39140.333333333336
0.377,1317.3333333333333,32446.333333333332
0.377,84.0,93.0
0.377,134.0,489.0
0.377,240.0,4894.0
0.377,3500.0,190062.0
0.377,952.0,18261.0
0.377,100.5,136.5
0.377,124.0,175.0
0.377,101.0,107.0
0.377,164.0,1605.0
0.377,722.0,9401.0
0.377,95.0,111.0
0.377,97.0,127.5
0.377,1228.6666666666667,59434.666666666664
0.377,93.0,202.0
0.377,101.0,158.0
0.377,883.0,13751.0
0.377,3500.0,70695.0
0.377,622.0,19826.5
0.377,109.0,169.0
0.377,3500.0,111414.0
0.377,112.0,113.0
0.377,141.0,2458.3333333333335
0.377,63.0,80.0
0.377,2551.3333333333335,89758.33333333333
0.377,105.0,115.0
0.378,76.0,181.0
0.378,90.0,101.0
0.378,125.0,1312.0
0.378,1975.0,62959.5
0.378,3500.0,146629.0
0.378,1794.0,58633.0
0.378,433.0,5386.0
0.378,146.66666666666666,1150.3333333333333
0.378,1315.3333333333333,58680.333333333336
0.378,3500.0,116552.0
0.378,253.0,5007.0
0.378,220.5,2506.5
0.378,71.5,316.0
0.378,65.0,600.5
0.378,302.0,5144.0
0.378,43.0,62.0
0.378,114.0,245.0
0.378,2502.5,82924.5
0.378,127.0,230.0
0.378,97.0,100.0
0.378,844.0,24554.0
0.378,3500.0,163852.0
0.378,945.5,27102.0
0.378,439.0,2707.0
0.378,3500.0,178783.0
0.378,131.0,273.0
0.378,88.0,270.0
0.378,90.0,531.0
0.378,78.5,340.5
0.378,1804.0,90941.5
0.378,99.66666666666667,152.0
0.378,95.0,103.0
0.378,3500.0,135802.0
0.378,1083.0,36308.5
0.378,91.0,123.0
0.378,3500.0,200289.0
0.378,3500.0,108756.0
0.378,267.0,1887.0
0.378,121.0,186.0
0.378,3500.0,166310.0
0.378,79.0,81.0
0.378,213.0,399.0
0.378,633.0,10295.0
0.378,1856.0,52595.5
0.378,83.5,110.0
0.378,130.0,320.5
0.378,102.0,105.0
0.378,89.0,139.0
0.378,101.0,146.0
0.378,138.0,355.0
0.378,371.5,2686.5
0.378,78.0,93.0
0.378,797.0,25674.0
0.378,53.0,73.0
0.378,276.0,2381.0
0.378,98.0,103.5
0.378,248.0,5327.0
0.378,71.0,87.0
0.379,1851.0,55130.0
0.379,291.0,2145.0
0.379,3500.0,139018.0
0.379,3500.0,236459.0
0.379,3500.0,72474.0
0.379,170.0,3111.5
0.379,1795.0,31998.0
0.379,109.0,787.0
0.379,2044.5,49041.0
0.379,1563.0,85017.0
0.379,98.0,626.0
0.379,1791.0,57664.5
0.379,369.0,5654.5
0.379,3500.0,49967.0
0.379,2282.5,119291.0
0.379,864.0,28879.0
0.379,111.0,116.0
0.379,284.0,719.0
0.379,104.66666666666667,218.0
0.379,143.5,1639.5
0.379,3500.0,153354.0
0.379,174.0,1353.5
0.379,213.0,741.0
0.379,104.0,1054.0
0.379,1276.0,46287.0
0.379,1850.5,124047.0
0.379,86.0,93.0
0.379,85.0,88.0
0.379,83.0,149.0
0.379,3500.0,150111.0
0.379,180.0,873.5
0.379,249.5,3631.5
0.379,237.0,3062.0
0.379,98.0,144.0
0.379,69.0,96.0
0.379,186.0,569.0
0.379,3500.0,111966.0
0.379,225.0,2612.5
0.379,1844.0,91392.0
0.379,116.5,217.5
0.379,58.0,387.0
0.379,197.0,1237.0
0.379,3500.0,154390.0
0.379,490.0,6146.0
0.379,1273.0,18985.0
0.379,1119.0,16981.0
0.379,75.0,894.0
0.379,267.0,2163.0
0.38,230.0,473.0
0.38,2529.0,131524.0
0.38,864.5,43664.0
0.38,172.5,1048.0
0.38,634.5,12222.0
0.38,1815.0,60808.5
0.38,1260.3333333333333,42049.0
0.38,1237.6666666666667,36284.0
0.38,104.0,105.0
0.38,278.5,2227.5
0.38,320.0,1979.0
0.38,1254.6666666666667,40613.666666666664
0.38,3500.0,171905.0
0.38,1780.5,86971.0
0.38,477.0,27680.0
0.38,2363.3333333333335,111669.33333333333
0.38,1138.0,20245.0
0.38,97.0,101.0
0.38,3500.0,178482.0
0.38,58.0,579.0
0.38,3500.0,123809.0
0.38,456.0,7089.0
0.38,391.5,5784.5
0.38,1919.0,41814.5
0.38,3500.0,78794.0
0.38,152.5,488.0
0.38,152.0,356.0
0.38,1802.0,84124.0
0.38,100.0,103.0
0.38,91.0,102.0
0.38,179.0,2383.0
0.38,304.0,4206.0
0.38,3500.0,69783.0
0.38,193.0,804.0
0.38,81.0,98.0
0.38,80.0,90.0
0.38,78.0,85.0
0.38,83.0,94.0
0.38,130.5,1084.5
0.38,105.0,108.0
0.38,3500.0,144576.0
0.38,68.0,153.0
0.38,136.5,566.0
0.38,3500.0,168056.0
0.38,98.0,156.0
0.38,90.0,92.0
0.38,118.0,278.5
0.38,66.0,290.0
0.38,1402.75,67458.0
0.38,3500.0,136952.0
0.38,96.0,97.0
0.38,182.0,2244.0
0.38,3500.0,173621.0
0.38,1640.0,126421.0
0.38,569.0,3417.0
0.38,110.0,114.0
0.38,509.0,8710.0
0.38,107.5,147.0
0.38,1901.0,52785.0
0.38,105.0,962.0
0.381,315.0,2760.5
0.381,1123.0,39701.0
0.381,62.0,534.0
0.381,1947.5,79817.5
0.381,313.0,3439.0
0.381,83.0,103.0
0.381,133.0,232.0
0.381,113.0,114.0
0.381,91.0,98.0
0.381,165.0,2607.0
0.381,163.0,255.0
0.381,814.0,19105.0
0.381,600.5,27214.0
0.381,1821.0,65243.0
0.381,74.0,107.33333333333333
0.381,139.5,509.0
0.381,1156.0,14845.0
0.381,3500.0,55209.0
0.381,118.0,160.5
0.381,325.0,1238.0
0.381,1456.0,82436.0
0.381,338.0,3123.0
0.381,3500.0,46743.0
0.381,96.33333333333333,295.0
0.381,1794.5,56718.0
0.381,116.0,1583.0
0.381,1858.0,30816.5
0.381,383.0,6917.0
0.381,104.0,115.0
0.381,623.0,30651.0
0.381,245.5,6327.5
0.381,99.0,104.0
0.381,781.0,10467.0
0.381,221.0,1839.0
0.381,1233.3333333333333,45896.333333333336
0.381,277.0,762.0
0.381,1822.0,79588.0
0.381,686.75,30285.75
0.381,1105.0,36584.0
0.381,1798.5,24081.5
0.381,382.5,14022.75
0.381,2350.0,59374.0
0.381,122.0,182.0
0.381,89.0,98.0
0.381,66.0,597.0
0.381,179.0,358.0
0.381,2269.5,99377.0
0.381,787.75,22633.75
0.381,3500.0,112438.0
0.382,1885.5,94496.5
0.382,1981.0,165806.0
0.382,115.0,482.0
0.382,95.0,96.0
0.382,94.0,105.5
0.382,354.5,9163.0
0.382,113.0,127.5
0.382,134.0,353.0
0.382,96.0,98.0
0.382,562.5,13281.0
0.382,1807.0,107715.0
0.382,91.0,102.0
0.382,274.0,3599.0
0.382,71.0,145.0
0.382,93.0,106.0
0.382,950.0,17678.0
0.382,751.5,19780.0
0.382,137.0,588.0
0.382,1623.0,56033.0
0.382,183.0,625.0
0.382,1791.0,31563.0
0.382,97.0,104.0
0.382,1859.0,54744.5
0.382,247.5,3995.5
0.382,447.0,10406.0
0.382,214.0,788.0
0.382,79.0,84.0
0.382,1274.0,51909.333333333336
0.382,248.0,5970.5
0.382,86.0,95.0
0.382,1496.0,40463.0
0.382,246.0,2792.0
0.382,68.0,781.0
0.382,158.0,391.0
0.382,257.0,1093.0
0.382,146.0,2055.0
0.382,3500.0,85543.0
0.382,544.3333333333334,7786.0
0.382,97.5,182.5
0.382,1853.5,78623.0
0.382,87.0,360.5
0.382,146.0,198.0
0.382,1313.6666666666667,45767.666666666664
0.382,103.0,107.0
0.382,95.0,189.0
0.382,73.5,359.5
0.382,3500.0,224075.0
0.382,78.0,80.0
0.382,90.0,578.0
0.382,103.0,248.0
0.382,391.0,3228.0
0.382,95.0,101.0
0.382,122.0,208.0
0.382,315.0,6980.0
0.382,1357.0,28410.0
0.382,229.0,1780.0
0.382,132.0,317.5
0.382,339.3333333333333,8060.0
0.382,242.0,3271.0
0.383,104.0,107.0
0.383,86.0,99.0
0.383,1833.5,49963.5
0.383,95.0,97.0
0.383,135.0,143.0
0.383,98.0,100.0
0.383,60.0,542.0
0.383,3500.0,159781.0
0.383,1214.0,31237.0
0.383,99.0,111.0
0.383,60.0,585.0
0.383,126.0,146.0
0.383,91.0,94.0
0.383,401.0,3887.0
0.383,60.0,295.0
0.383,65.0,620.0
0.383,420.3333333333333,5939.0
0.383,485.6666666666667,9815.333333333334
0.383,96.0,97.0
0.383,167.0,1052.5
0.383,150.5,2656.0
0.383,364.0,2135.0
0.383,239.0,1492.0
0.383,1295.0,77851.0
0.383,113.0,265.0
0.383,95.0,130.5
0.383,248.5,3665.0
0.383,94.0,102.0
0.383,926.0,80111.0
0.383,74.0,105.0
0.383,110.0,226.0
0.383,1792.5,114295.5
0.383,84.0,103.0
0.383,1683.0,57464.333333333336
0.383,3500.0,102497.0
0.383,103.0,392.5
0.383,251.0,5067.0
0.383,129.5,1312.5
0.383,416.0,3298.0
0.383,3500.0,90302.0
0.383,108.0,170.0
0.383,89.0,101.0
0.383,1956.0,63871.0
0.383,226.0,1565.0
0.383,77.0,131.0
0.383,81.0,98.0
0.383,1003.0,43814.5
0.383,92.0,148.0
0.383,540.0,6156.0
0.383,3500.0,121084.0
0.383,3500.0,126929.0
0.383,164.5,869.0
0.383,74.0,194.0
0.383,1799.0,153525.0
0.383,1955.5,42835.0
0.383,85.5,100.0
0.383,777.0,16793.0
0.384,113.33333333333333,137.66666666666666
0.384,362.25,14027.5
0.384,127.5,306.5
0.384,313.5,2135.0
0.384,65.0,431.0
0.384,3500.0,154237.0
0.384,92.0,106.0
0.384,178.0,302.0
0.384,1897.0,27309.5
0.384,71.0,459.0
0.384,327.0,5961.0
0.384,197.0,1177.5
0.384,106.0,110.0
0.384,3500.0,65785.0
0.384,1822.0,79374.5
0.384,220.0,2751.5
0.384,109.0,171.0
0.384,166.0,278.0
0.384,688.0,13989.5
0.384,105.0,756.0
0.384,75.5,86.0
0.384,76.0,96.0
0.384,138.0,160.0
0.384,1492.0,67589.5
0.384,416.5,4544.0
0.384,101.0,102.0
0.384,3500.0,150647.0
0.384,1311.0,87101.0
0.384,173.0,2158.5
0.384,86.0,91.0
0.384,1821.5,52168.0
0.384,199.0,3048.0
0.384,98.0,101.5
0.384,3500.0,154599.0
0.384,1313.0,27590.0
0.384,1777.5,72966.5
0.384,3500.0,111460.0
0.384,3500.0,96080.0
0.384,84.0,93.0
0.384,3500.0,214131.0
0.384,214.0,1851.0
0.384,3500.0,60587.0
0.384,1073.0,21976.0
0.384,910.0,32522.5
0.384,1095.0,19414.0
0.384,3500.0,165236.0
0.384,101.0,349.0
0.384,86.0,146.0
0.384,126.0,239.0
0.384,680.0,24943.0
0.384,122.0,231.0
0.384,183.0,1616.0
0.384,111.5,145.0
0.384,794.5,29818.5
0.384,1292.0,27133.0
0.384,243.0,2405.0
0.384,1799.5,49562.0
0.384,1062.0,14336.0
0.384,67.0,653.0
0.385,104.0,201.0
0.385,72.0,82.0
0.385,100.0,101.0
0.385,1818.5,32717.0
0.385,79.66666666666667,114.66666666666667
0.385,80.5,108.5
0.385,105.0,154.0
0.385,312.0,3161.0
0.385,113.0,170.0
0.385,1569.2,42019.8
0.385,348.0,7404.0
0.385,95.0,98.0
0.385,99.0,103.0
0.385,130.0,1181.0
0.385,1230.0,35031.0
0.385,967.0,36540.0
0.385,142.0,312.5
0.385,705.0,8750.0
0.385,155.66666666666666,807.6666666666666
0.385,243.0,667.0
0.385,642.5,18858.0
0.385,262.0,2039.0
0.385,79.0,91.0
0.385,328.3333333333333,3848.0
0.385,111.0,290.0
0.385,3500.0,170147.0
0.385,844.5,41025.5
0.385,1782.0,56317.5
0.385,3500.0,189030.0
0.385,848.0,28498.2
0.385,94.0,101.0
0.385,144.0,941.5
0.385,120.0,361.0
0.385,79.0,98.0
0.385,1020.5,49273.5
0.385,270.0,693.0
0.385,103.0,110.0
0.385,94.0,99.0
0.385,92.0,103.0
0.385,86.5,98.5
0.385,275.0,641.0
0.385,112.0,977.0
0.385,88.0,145.0
0.385,622.5,24394.0
0.385,674.0,36519.0
0.385,102.0,114.0
0.385,175.0,303.0
0.385,98.0,101.0
0.385,159.5,836.0
0.385,1024.0,26964.0
0.385,1497.0,37942.0
0.385,78.5,270.0
0.385,112.0,313.0
0.385,298.0,3209.0
0.385,148.0,255.0
0.385,408.0,5022.0
0.385,168.0,1554.5
0.385,3500.0,164711.0
0.386,107.0,168.0
0.386,124.0,875.5
0.386,66.0,611.0
0.386,130.0,192.0
0.386,407.5,6747.5
0.386,160.0,1443.0
0.386,1374.0,50131.0
0.386,200.0,212.0
0.386,1233.0,28363.0
0.386,1570.3333333333333,30727.333333333332
0.386,216.0,1604.0
0.386,1220.0,62402.333333333336
0.386,76.5,352.0
0.386,1244.3333333333333,60395.0
0.386,732.3333333333334,19500.666666666668
0.386,80.0,332.0
0.386,122.0,483.5
0.386,639.3333333333334,21824.0
0.386,351.0,4343.0
0.386,481.0,4819.0
0.386,494.6666666666667,12881.666666666666
0.386,1799.0,50247.5
0.386,1209.0,41266.0
0.386,77.0,86.0
0.386,467.5,12720.75
0.386,2309.0,106651.0
0.386,402.0,1341.0
0.386,624.3333333333334,15659.333333333334
0.386,67.0,818.0
0.386,1081.5,34488.5
0.386,127.5,165.0
0.386,235.5,1908.5
0.386,289.0,2420.0
0.386,111.5,221.0
0.386,122.5,230.5
0.386,3500.0,63707.0
0.386,215.0,1289.0
0.386,101.0,167.0
0.386,101.75,120.0
0.386,3500.0,203231.0
0.386,67.0,779.0
0.386,75.5,397.5
0.386,1788.0,65913.0
0.386,149.5,791.5
0.386,3500.0,210669.0
0.386,66.0,547.0
0.386,96.0,97.0
0.386,72.0,87.0
0.386,97.0,99.0
0.386,477.5,18995.5
0.386,3500.0,58275.0
0.386,3500.0,64315.0
0.386,62.0,543.0
0.386,95.0,104.0
0.386,552.0,3631.0
0.386,109.0,141.0
0.386,1593.0,62259.0
0.386,1221.0,41432.666666666664
0.387,201.4,2384.6
0.387,144.5,1977.5
0.387,92.0,102.0
0.387,216.0,758.0
0.387,1816.0,58260.5
0.387,1055.0,43350.0
0.387,112.0,1011.0
0.387,1221.0,49956.0
0.387,129.0,409.0
0.387,135.5,195.0
0.387,127.0,172.0
0.387,60.0,359.5
0.387,592.0,22481.0
0.387,161.0,905.0
0.387,202.0,2642.0
0.387,1798.5,79345.5
0.387,1788.5,83302.5
0.387,96.0,154.0
0.387,81.0,82.0
0.387,1235.3333333333333,23999.333333333332
0.387,58.0,69.0
0.387,194.0,1746.0
0.387,3500.0,220190.0
0.387,68.0,118.0
0.387,722.5,50954.5
0.387,125.75,846.0
0.387,3500.0,146162.0
0.387,114.0,115.0
0.387,64.0,279.5
0.387,113.0,116.0
0.387,1210.0,54242.0
0.387,140.0,1155.0
0.387,568.0,11842.0
0.387,107.5,262.0
0.387,1806.5,82471.0
0.387,1495.0,55878.0
0.387,121.0,136.0
0.387,3500.0,136944.0
0.387,184.0,2179.0
0.387,1784.5,61252.5
0.387,158.5,336.0
0.387,101.0,112.0
0.387,83.0,140.0
0.387,60.0,684.0
0.387,94.0,95.0
0.387,1225.6666666666667,70276.0
0.387,139.5,981.5
0.387,216.0,1227.0
0.387,219.5,1952.0
0.387,161.0,187.0
0.387,1182.0,43976.0
0.387,647.0,14128.0
0.387,80.0,94.0
0.387,349.5,6270.5
0.387,145.0,1427.0
0.387,3500.0,123930.0
0.387,363.0,3735.0
0.387,98.0,863.0
0.387,267.0,1384.0
0.387,89.0,91.0
0.388,354.5,3323.5
0.388,3500.0,168230.0
0.388,2409.6666666666665,92086.0
0.388,115.0,150.0
0.388,132.0,288.0
0.388,1225.3333333333333,38505.0
0.388,105.5,147.0
0.388,62.0,625.0
0.388,240.5,2507.0
0.388,162.0,304.0
0.388,98.0,145.0
0.388,1872.5,40432.0
0.388,2300.0,63497.5
0.388,205.25,937.0
0.388,174.0,1978.0
0.388,653.0,6593.0
0.388,3500.0,173859.0
0.388,193.0,802.5
0.388,290.0,4561.5
0.388,394.0,4619.0
0.388,104.5,955.5
0.388,3500.0,105053.0
0.388,187.0,1106.0
0.388,89.5,157.0
0.388,90.5,130.5
0.388,207.0,3056.0
0.388,761.5,23025.0
0.388,256.0,3448.0
0.388,1251.6666666666667,33960.666666666664
0.388,124.0,487.0
0.388,129.0,996.5
0.388,1780.0,112612.5
0.388,99.5,166.0
0.388,1879.0,103288.5
0.388,315.0,8077.0
0.388,153.0,563.0
0.388,1217.3333333333333,31302.666666666668
0.388,140.0,478.0
0.388,99.0,100.0
0.388,136.0,1108.6666666666667
0.388,1550.0,50088.0
0.388,757.5,18847.5
0.388,600.0,8779.0
0.388,171.0,1465.0
0.388,3500.0,109117.0
0.388,123.5,158.0
0.388,1097.0,42913.0
0.388,179.5,1566.0
0.388,101.0,109.0
0.388,237.5,1845.5
0.388,280.0,2018.0
0.388,2540.0,86876.0
0.388,324.0,4984.0
0.388,124.0,2124.0
0.388,92.0,97.0
0.388,95.0,144.0
0.388,1718.0,57627.0
0.389,1513.0,46952.0
0.389,304.0,5742.5
0.389,257.0,5832.0
0.389,973.5,44891.0
0.389,158.0,816.0
0.389,275.0,7270.5
0.389,145.5,306.0
0.389,954.0,14943.0
0.389,1888.0,63315.0
0.389,83.5,102.0
0.389,237.0,6763.0
0.389,1268.3333333333333,32199.333333333332
0.389,560.0,14247.0
0.389,137.0,525.0
0.389,74.0,754.0
0.389,472.0,9062.0
0.389,3500.0,199663.0
0.389,2049.0,141401.0
0.389,188.0,722.0
0.389,145.0,225.0
0.389,79.5,593.0
0.389,113.0,176.0
0.389,169.0,616.0
0.389,64.0,638.0
0.389,788.0,28083.0
0.389,100.0,258.0
0.389,631.5,21690.0
0.389,79.0,89.0
0.389,1782.0,54390.333333333336
0.389,156.5,1812.5
0.389,107.5,474.0
0.389,651.5,14546.0
0.389,142.5,563.0
0.389,3500.0,154274.0
0.389,144.0,1682.0
0.389,96.0,110.0
0.389,2112.0,62084.5
0.389,277.25,2885.5
0.389,613.0,14641.0
0.389,97.0,103.0
0.389,188.0,1049.5
0.389,678.0,9041.5
0.389,155.0,527.0
0.389,768.0,40592.5
0.389,244.0,2661.0
0.389,207.0,5418.0
0.389,150.5,224.0
0.389,114.0,167.0
0.389,101.0,102.0
0.389,100.0,402.5
0.389,1235.3333333333333,46203.666666666664
0.389,228.0,2616.0
0.389,1229.0,36602.0
0.389,2464.5,70396.5
0.389,92.0,146.0
0.389,257.0,2132.0
0.39,3500.0,128960.0
0.39,701.0,11160.5
0.39,66.0,561.0
0.39,206.0,2060.0
0.39,210.5,2419.5
0.39,455.0,4286.0
0.39,100.0,114.0
0.39,610.0,16012.0
0.39,1903.5,86964.5
0.39,215.5,2908.5
0.39,1111.0,33637.0
0.39,161.0,2026.0
0.39,192.5,3671.5
0.39,1025.3333333333333,54800.666666666664
0.39,433.5,2964.5
0.39,3500.0,66800.0
0.39,60.0,87.5
0.39,106.0,153.0
0.39,163.0,1415.5
0.39,155.33333333333334,2213.6666666666665
0.39,94.0,95.0
0.39,90.0,203.0
0.39,94.0,97.0
0.39,181.0,1418.5
0.39,216.0,673.0
0.39,194.0,633.0
0.39,157.0,1777.0
0.39,1839.0,45992.5
0.39,1788.0,47337.0
0.39,89.0,95.0
0.39,237.0,2569.5
0.39,86.0,101.0
0.39,3500.0,104538.0
0.39,131.0,265.0
0.39,1793.0,73957.5
0.39,375.0,4648.0
0.39,88.0,96.0
0.39,442.3333333333333,6756.666666666667
0.39,70.5,312.5
0.39,415.0,11314.0
0.39,63.0,531.0
0.39,870.5,26193.5
0.39,93.5,125.5
0.39,122.5,614.0
0.39,63.0,682.0
0.39,99.0,102.0
0.39,106.0,113.0
0.39,95.0,104.0
0.39,100.0,146.33333333333334
0.39,86.0,143.0
0.39,257.0,751.0
0.39,83.0,141.0
0.39,153.0,1828.0
0.39,372.0,4506.5
0.39,84.0,366.0
0.39,2473.0,103198.66666666667
0.39,191.0,254.0
0.391,1678.0,142768.0
0.391,62.0,744.0
0.391,216.0,575.0
0.391,849.0,22326.0
0.391,465.6666666666667,21878.333333333332
0.391,78.0,91.0
0.391,81.0,107.0
0.391,984.4,33932.0
0.391,1178.0,22165.0
0.391,96.0,346.3333333333333
0.391,267.0,1418.0
0.391,95.0,358.0
0.391,15.0,135.0
0.391,1836.5,94172.0
0.391,88.0,106.0
0.391,527.0,3903.0
0.391,1203.6666666666667,33941.333333333336
0.391,92.0,95.5
0.391,85.0,97.0
0.391,216.0,635.0
0.391,700.3333333333334,16975.666666666668
0.391,93.0,113.0
0.391,3500.0,106072.0
0.391,734.0,19888.5
0.391,551.0,6482.0
0.391,77.0,95.0
0.391,121.0,190.0
0.391,465.0,4976.0
0.391,265.0,4457.0
0.391,83.0,91.0
0.391,172.0,1426.0
0.391,1227.6666666666667,20990.666666666668
0.391,425.3333333333333,6219.333333333333
0.391,193.0,2496.0
0.391,75.0,87.0
0.391,1462.6666666666667,62189.0
0.391,3500.0,202227.0
0.391,1080.0,33639.0
0.391,1859.0,72912.0
0.391,783.5,36361.0
0.391,106.0,252.0
0.391,93.5,106.0
0.391,61.0,602.0
0.391,115.5,152.5
0.391,312.0,4165.0
0.391,160.0,295.0
0.391,1380.0,65647.0
0.391,3500.0,105907.0
0.391,105.0,227.0
0.391,3500.0,68611.0
0.391,96.0,99.0
0.391,266.0,1315.0
0.391,82.0,85.0
0.391,2051.0,82425.0
0.391,355.0,4391.0
0.392,1436.0,53203.0
0.392,108.0,939.0
0.392,1307.0,33206.0
0.392,474.0,3292.0
0.392,1794.5,61574.0
0.392,136.0,160.0
0.392,79.5,543.5
0.392,520.5,8558.5
0.392,1915.0,31131.0
0.392,66.0,819.0
0.392,59.0,498.0
0.392,529.6666666666666,9839.666666666666
0.392,3500.0,74735.0
0.392,211.5,2786.0
0.392,3500.0,169934.0
0.392,141.0,829.6666666666666
0.392,69.5,89.0
0.392,87.0,104.0
0.392,65.0,697.0
0.392,300.0,6480.0
0.392,85.0,99.0
0.392,85.0,95.0
0.392,94.0,98.0
0.392,3500.0,167079.0
0.392,101.0,130.0
0.392,420.0,13202.333333333334
0.392,177.0,515.0
0.392,2097.0,148326.0
0.392,1154.0,69354.0
0.392,137.0,149.0
0.392,1056.0,38003.0
0.392,1709.0,61274.0
0.392,201.0,3423.0
0.392,108.5,524.0
0.392,240.0,1899.5
0.392,3500.0,93786.0
0.392,112.5,396.0
0.392,61.0,62.0
0.392,3500.0,110011.0
0.392,94.0,109.0
0.392,446.3333333333333,11562.0
0.392,79.0,81.0
0.392,878.0,71803.5
0.392,95.0,99.0
0.392,264.0,4472.0
0.392,1798.5,60594.0
0.392,98.0,372.0
0.392,1763.0,77144.0
0.392,277.5,5169.0
0.392,1455.0,47248.0
0.392,3500.0,181011.0
0.392,1657.0,36722.333333333336
0.392,1615.0,39315.0
0.392,158.0,740.0
0.392,1787.0,94638.5
0.392,136.0,3573.5
0.392,79.0,89.0
0.392,141.0,534.0
0.393,94.0,96.0
0.393,83.0,102.0
0.393,420.5,20340.0
0.393,500.0,10352.0
0.393,93.0,157.0
0.393,474.0,4353.0
0.393,447.0,6234.0
0.393,871.0,39941.5
0.393,1080.0,35551.0
0.393,173.0,388.0
0.393,271.5,3909.5
0.393,3500.0,85665.0
0.393,105.0,106.0
0.393,1450.0,46733.0
0.393,1459.0,40816.0
0.393,125.0,299.0
0.393,213.0,1787.5
0.393,3500.0,168607.0
0.393,117.0,397.0
0.393,327.0,3608.0
0.393,904.0,62761.0
0.393,195.0,395.5
0.393,3500.0,195546.0
0.393,1787.5,53274.0
0.393,95.0,293.0
0.393,173.0,401.0
0.393,298.0,2817.0
0.393,1801.0,112288.0
0.393,73.5,89.0
0.393,215.0,679.0
0.393,180.0,543.0
0.393,342.0,4117.0
0.393,75.5,99.0
0.393,3500.0,189451.0
0.393,99.0,111.0
0.393,99.0,100.0
0.393,191.0,496.0
0.393,101.0,108.0
0.393,106.0,110.0
0.393,1800.0,44605.0
0.393,100.0,101.0
0.393,120.0,246.0
0.393,340.0,4539.0
0.393,3500.0,64215.0
0.393,3500.0,124265.0
0.393,211.0,879.0
0.393,3500.0,146020.0
0.393,266.5,3716.5
0.393,96.0,161.0
0.393,147.0,310.0
0.393,91.0,100.0
0.393,93.0,363.0
0.393,37.0,41.0
0.393,1322.0,43414.0
0.393,88.0,91.0
0.393,124.0,965.5
0.393,170.0,338.0
0.393,109.0,2053.0
0.393,196.5,1563.0
0.393,89.0,147.0
0.393,137.5,383.0
0.393,63.0,517.0
0.394,310.0,3483.0
0.394,60.0,507.0
0.394,95.0,99.0
0.394,162.0,402.0
0.394,341.3333333333333,4504.0
0.394,214.0,2079.0
0.394,178.0,352.0
0.394,57.5,313.0
0.394,82.0,87.0
0.394,187.0,2208.0
0.394,84.0,102.0
0.394,181.0,3082.0
0.394,367.3333333333333,7606.0
0.394,90.0,93.0
0.394,85.0,86.0
0.394,97.0,199.0
0.394,117.0,194.0
0.394,170.0,4043.0
0.394,215.0,7505.0
0.394,206.0,1113.0
0.394,1324.6666666666667,36906.666666666664
0.394,94.0,103.0
0.394,1224.3333333333333,37677.0
0.394,250.0,838.0
0.394,103.0,695.5
0.394,139.66666666666666,882.3333333333334
0.394,111.0,1477.0
0.394,67.0,617.0
0.394,1811.0,60464.5
0.394,112.0,116.0
0.394,3500.0,129048.0
0.394,402.0,6394.5
0.394,353.75,5990.75
0.394,121.0,136.0
0.394,1255.3333333333333,42949.333333333336
0.394,153.0,2422.0
0.394,127.0,1992.0
0.394,232.0,6549.0
0.394,138.0,149.0
0.394,919.0,9742.0
0.394,86.0,141.0
0.394,1768.0,34907.666666666664
0.394,1797.0,89269.0
0.394,701.0,20114.0
0.394,108.33333333333333,872.0
0.394,100.0,111.0
0.394,85.0,90.66666666666667
0.394,216.0,912.0
0.394,84.0,132.0
0.394,446.0,2900.0
0.394,1404.0,58957.0
0.394,116.0,1169.0
0.394,84.0,93.0
0.394,97.0,99.0
0.394,1508.0,66800.0
0.394,198.0,477.0
0.394,98.0,110.0
0.395,210.0,3635.5
0.395,63.0,427.0
0.395,97.0,103.0
0.395,244.0,5435.0
0.395,127.0,188.0
0.395,1546.0,42370.0
0.395,115.0,483.3333333333333
0.395,1019.5,34221.5
0.395,118.33333333333333,267.6666666666667
0.395,260.0,2612.0
0.395,241.0,1655.0
0.395,1242.6666666666667,64902.333333333336
0.395,747.0,6184.0
0.395,64.0,502.0
0.395,93.5,173.0
0.395,87.0,145.0
0.395,2839.3333333333335,94234.66666666667
0.395,392.0,6314.0
0.395,120.0,1922.0
0.395,132.0,138.0
0.395,146.0,226.0
0.395,1098.0,58498.0
0.395,1093.25,30016.25
0.395,271.0,2630.5
0.395,3500.0,171504.0
0.395,3500.0,200266.0
0.395,170.0,1723.0
0.395,2080.0,78826.0
0.395,217.0,3373.0
0.395,586.0,5404.0
0.395,118.0,1270.0
0.395,127.5,2450.0
0.395,209.0,571.0
0.395,3500.0,209885.0
0.395,678.0,28325.0
0.395,61.0,150.0
0.395,80.5,434.5
0.395,150.0,2945.5
0.395,294.0,3504.0
0.395,113.66666666666667,171.0
0.395,1944.0,52842.0
0.395,571.0,20944.0
0.395,95.0,2243.0
0.395,91.0,96.0
0.395,308.6,3469.4
0.395,126.5,240.5
0.395,3500.0,120713.0
0.395,378.0,4222.0
0.395,87.0,625.0
0.395,571.0,35800.0
0.395,129.0,161.0
0.395,87.0,113.0
0.395,101.0,154.0
0.396,92.0,188.0
0.396,71.5,301.0
0.396,195.0,1830.0
0.396,101.0,262.0
0.396,1120.0,40481.0
0.396,94.0,96.0
0.396,1146.0,87086.0
0.396,99.0,118.0
0.396,1341.6666666666667,27330.0
0.396,98.0,148.0
0.396,97.0,469.5
0.396,3500.0,100825.0
0.396,1054.0,11568.0
0.396,549.0,20031.0
0.396,222.33333333333334,2023.6666666666667
0.396,129.0,135.0
0.396,119.5,737.5
0.396,272.0,4148.0
0.396,101.0,104.0
0.396,186.0,2573.0
0.396,1234.6666666666667,48961.666666666664
0.396,166.0,2172.0
0.396,1422.0,78145.0
0.396,1389.0,54046.0
0.396,625.0,15390.0
0.396,299.0,4162.5
0.396,1785.0,78171.0
0.396,507.0,9755.0
0.396,252.0,3193.0
0.396,31.0,33.0
0.396,137.0,148.0
0.396,287.0,524.0
0.396,598.3333333333334,16922.0
0.396,474.0,9992.5
0.396,87.0,91.0
0.396,327.0,4794.0
0.396,70.0,73.0
0.396,225.0,1235.0
0.396,60.0,521.0
0.396,125.5,173.5
0.396,126.0,393.0
0.396,890.0,30875.5
0.396,126.0,243.0
0.396,3500.0,99194.0
0.396,1799.0,90183.5
0.396,165.0,265.0
0.396,685.0,11786.0
0.396,91.0,160.0
0.396,3500.0,88138.0
0.396,92.0,583.0
0.396,105.0,112.0
0.396,134.8,1011.6
0.396,95.0,145.0
0.396,103.0,1065.0
0.396,688.0,29238.0
0.396,168.0,1367.0
0.396,82.0,84.0
0.396,3500.0,106852.0
0.396,814.0,9125.0
0.396,202.0,1363.5
0.397,471.0,9879.0
0.397,1799.5,66047.0
0.397,887.0,26123.5
0.397,286.0,22468.0
0.397,603.8,18969.8
0.397,84.0,142.0
0.397,806.5,29133.0
0.397,594.5,21516.5
0.397,144.0,315.0
0.397,175.33333333333334,1013.3333333333334
0.397,171.5,1324.0
0.397,107.5,190.5
0.397,1804.0,45531.0
0.397,292.0,1957.0
0.397,804.0,16921.0
0.397,221.5,1434.0
0.397,140.5,304.5
0.397,1300.6666666666667,22860.0
0.397,84.0,90.0
0.397,447.0,7116.666666666667
0.397,267.0,2703.0
0.397,645.5,7832.5
0.397,98.0,100.0
0.397,1814.5,67298.5
0.397,101.0,108.0
0.397,138.0,341.0
0.397,108.0,109.0
0.397,201.0,1314.0
0.397,3500.0,106068.0
0.397,75.0,82.0
0.397,3500.0,127711.0
0.397,252.0,2391.0
0.397,263.0,11953.0
0.397,1248.0,35107.0
0.397,201.0,7730.0
0.397,93.0,103.0
0.397,117.5,149.5
0.397,246.0,1547.0
0.397,90.0,99.0
0.397,136.66666666666666,979.6666666666666
0.397,95.5,126.5
0.397,211.5,1852.5
0.397,96.0,136.0
0.397,176.0,1828.5
0.397,90.0,95.0
0.397,3500.0,78557.0
0.397,130.0,157.0
0.397,118.0,785.0
0.397,257.0,1159.0
0.397,229.0,3789.0
0.397,219.5,3196.5
0.397,741.0,16916.0
0.397,1109.0,70235.0
0.398,69.0,810.0
0.398,154.0,1174.75
0.398,175.0,295.0
0.398,1665.6666666666667,60420.333333333336
0.398,118.0,1659.0
0.398,1106.0,23440.0
0.398,1811.0,64777.5
0.398,86.0,98.5
0.398,1100.0,25145.0
0.398,155.0,375.5
0.398,1795.5,87898.5
0.398,83.0,498.5
0.398,107.5,1009.0
0.398,93.0,103.0
0.398,95.0,105.0
0.398,111.0,112.0
0.398,86.0,98.0
0.398,118.0,844.0
0.398,113.0,646.0
0.398,78.0,87.0
0.398,80.0,89.0
0.398,188.0,2530.0
0.398,88.0,95.0
0.398,148.0,315.0
0.398,529.0,9153.0
0.398,155.0,2193.0
0.398,82.0,143.0
0.398,76.0,82.0
0.398,124.5,207.0
0.398,3500.0,183313.0
0.398,1798.5,59131.0
0.398,156.0,240.0
0.398,80.5,348.5
0.398,111.5,834.5
0.398,133.0,292.0
0.398,98.0,1076.0
0.398,76.0,84.0
0.398,332.0,1652.0
0.398,425.0,7023.0
0.398,1149.0,69056.5
0.398,170.0,1271.0
0.398,373.0,4107.0
0.398,113.0,1931.0
0.398,102.0,119.0
0.398,167.0,1439.0
0.398,59.0,82.5
0.398,1059.5,40931.5
0.398,323.3333333333333,4167.833333333333
0.398,112.0,163.0
0.398,159.0,1087.0
0.398,115.0,653.5
0.398,194.0,267.0
0.398,107.5,167.0
0.398,1804.5,86997.0
0.398,1622.0,72637.0
0.398,131.0,152.0
0.398,129.0,791.0
0.398,303.0,6297.0
0.398,1841.5,61735.5
0.398,1527.0,45432.0
0.398,502.0,4606.0
0.398,153.0,1302.0
0.399,244.5,2256.5
0.399,97.0,205.0
0.399,85.0,101.0
0.399,638.5,30308.0
0.399,106.0,206.0
0.399,3500.0,131614.5
0.399,3500.0,119866.5
0.399,3500.0,184745.0
0.399,1794.5,89415.5
0.399,97.0,98.0
0.399,853.0,10431.0
0.399,47.0,173.0
0.399,95.0,258.0
0.399,81.0,95.0
0.399,163.0,311.0
0.399,66.0,98.0
0.399,93.0,107.0
0.399,83.5,88.5
0.399,81.0,95.0
0.399,107.0,455.0
0.399,111.5,631.5
0.399,88.0,159.0
0.399,1343.3333333333333,51158.666666666664
0.399,814.5,37944.5
0.399,92.0,97.0
0.399,72.0,794.0
0.399,634.0,23395.0
0.399,3500.0,145944.0
0.399,420.0,6685.0
0.399,118.0,133.0
0.399,95.0,238.0
0.399,173.0,1578.0
0.399,106.5,122.0
0.399,1091.0,27299.0
0.399,100.0,231.0
0.399,1858.0,93556.0
0.399,3500.0,61788.0
0.399,64.0,136.0
0.399,226.0,663.0
0.399,138.0,312.0
0.399,150.5,1414.5
0.399,131.0,421.0
0.399,120.0,170.0
0.399,453.0,3894.0
0.399,551.5,19361.5
0.399,132.5,1115.0
0.399,101.0,103.0
0.399,127.0,1255.0
0.399,297.0,957.0
0.399,137.75,1948.75
0.399,286.0,3077.0
0.399,120.0,140.0
0.399,1812.5,61931.5
0.399,64.0,93.0
0.399,122.0,255.0
0.399,90.0,157.0
0.399,299.0,4763.0
0.399,790.0,26584.0
0.399,1796.5,57193.5
0.399,88.0,101.0
0.399,236.0,1375.5
0.4,96.0,97.0
0.4,59.0,64.0
0.4,57.0,63.0
0.4,88.0,104.0
0.4,60.0,546.0
0.4,763.0,23454.0
0.4,1243.0,34357.0
0.4,1163.0,26824.0
0.4,213.0,1099.0
0.4,523.0,4446.0
0.4,106.0,114.0
0.4,89.0,197.0
0.4,433.0,2911.0
0.4,1795.5,44392.0
0.4,193.0,1326.0
0.4,47.0,673.0
0.4,82.0,230.0
0.4,79.5,187.0
0.4,153.5,815.0
0.4,132.5,229.0
0.4,76.0,83.0
0.4,90.0,267.0
0.4,133.0,144.0
0.4,105.0,110.0
0.4,106.0,108.0
0.4,337.5,4363.5
0.4,107.0,109.0
0.4,98.0,155.0
0.4,644.0,15048.0
0.4,1792.0,50674.0
0.4,199.0,249.0
0.4,96.0,157.0
0.4,67.0,514.0
0.4,124.0,1592.0
0.4,3500.0,115107.0
0.4,82.0,104.0
