evolution rate,arithmetic mean length lived,arithmetic mean species population time
0.05,2410.3333333333335,165709.66666666666
0.052,2363.0,115112.0
0.062,3713.4444444444443,243469.0
0.073,4001.0,282286.3333333333
0.074,288.0,618.0
0.075,67.0,69.0
0.085,4001.0,266018.6
0.089,223.0,400.0
0.095,96.0,98.0
0.097,4001.0,284003.8
0.104,356.0,3448.0
0.107,492.0,1957.0
0.108,4001.0,272528.625
0.12,3712.3,256979.8
0.122,112.0,143.0
0.124,154.0,805.0
0.128,80.0,150.0
0.132,3262.25,216260.75
0.143,4001.0,277207.5
0.144,146.0,702.0
0.155,1660.0,35994.0
0.167,2573.0,141754.5
0.178,2925.8,141734.2
0.179,337.0,799.0
0.184,908.0,4729.0
0.187,119.0,141.0
0.188,98.0,100.0
0.19,2407.75,121332.75
0.191,102.0,111.0
0.192,549.0,1618.0
0.196,810.0,1711.0
0.197,100.0,102.0
0.2,122.0,136.0
0.202,2031.1666666666667,108024.66666666667
0.213,1956.0,68630.6
0.225,1467.5,33092.5
0.227,424.0,7028.0
0.237,1874.857142857143,55174.42857142857
0.241,555.0,3038.0
0.242,75.0,95.0
0.248,1396.0,40549.5
0.26,2961.0,152345.5
0.272,416.0,6187.25
0.273,113.0,251.0
0.283,1420.4,43878.0
0.289,82.0,99.0
0.295,1302.3333333333333,28468.333333333332
0.318,941.3333333333334,26986.666666666668
0.328,102.0,108.0
0.348,134.0,197.0
0.353,830.0,4347.0
0.356,79.0,87.0
0.365,1995.0,76754.5
0.366,206.0,783.0
0.37,301.0,912.0
0.377,550.0,6393.0
0.391,106.0,142.0
0.392,90.0,98.0
0.399,93.0,99.0
