{"frame_count": 833000, "start_time": 1770868442.389824, "elapsed_seconds": 569.7413820829825, "amnt_of_species": 798, "amnt_of_medium_species": 186, "amnt_of_big_species": 12, "final": false}