evolution rate,arithmetic mean length lived,arithmetic mean species population time
0.05,2046.5,147918.5
0.062,4001.0,279976.5
0.073,4001.0,301275.0
0.082,129.0,153.0
0.085,4001.0,287653.8333333333
0.096,89.0,92.0
0.108,4001.0,306068.0
0.12,3450.285714285714,240501.57142857142
0.132,3494.8,227984.2
0.137,124.0,132.0
0.143,4001.0,301583.5
0.146,418.0,617.0
0.147,657.0,5065.0
0.155,4001.0,286360.5
0.167,2012.0,118449.0
0.178,1729.6666666666667,53147.666666666664
0.19,1378.0,40488.0
0.202,2854.75,169961.5
0.213,1572.5,81483.5
0.224,87.0,114.0
0.225,4001.0,287534.0
0.233,128.0,586.0
0.237,2169.0,113809.33333333333
0.238,84.0,114.0
0.257,249.0,424.0
0.26,2025.3333333333333,107391.66666666667
0.272,1017.0,25327.0
0.283,1043.0,17594.0
0.295,1123.0,8549.0
0.298,65.0,93.0
0.307,1737.0,35588.0
0.318,1452.3333333333333,48466.0
0.33,584.5,17028.0
0.348,152.0,222.0
0.376,88.0,96.0
0.388,14.0,16.0
0.391,167.0,424.0
0.396,91.0,191.0
