{"frame_count": 171600, "start_time": 1770851837.2850251, "elapsed_seconds": 137.73265733401058, "amnt_of_species": 164, "amnt_of_medium_species": 39, "amnt_of_big_species": 5, "final": true}