evolution rate,arithmetic mean length lived,arithmetic mean species population time
0.064,115.0,301.0
0.085,4001.0,228034.0
0.097,4001.0,266863.0
0.12,4001.0,286387.6666666667
0.126,744.0,24393.0
0.132,4001.0,308396.0
0.14,89.0,101.0
0.143,4001.0,295739.0
0.167,100.0,354.0
0.178,1133.0,19934.0
0.202,4001.0,283027.0
0.225,1852.3333333333333,55501.0
0.237,1164.0,7887.0
0.247,337.0,496.0
0.256,154.0,186.0
0.283,2951.0,149506.0
0.309,48.0,59.0
