{"frame_count": 22066250, "start_time": 1771177647.001058, "elapsed_seconds": 20055.615432333994, "amnt_of_species": 20788, "amnt_of_small_species": 15519, "amnt_of_medium_species": 4677, "amnt_of_big_species": 592, "final": true}