{"frame_count": 21836000, "start_time": 1771177647.001058, "elapsed_seconds": 19917.57330858399, "amnt_of_species": 20603, "amnt_of_small_species": 15379, "amnt_of_medium_species": 4639, "amnt_of_big_species": 585, "final": false}