evolution rate,arithmetic mean length lived,arithmetic mean species population time
0.05,2679.6666666666665,162919.0
0.052,215.0,627.0
0.054,122.0,222.0
0.062,1729.6,73290.4
0.064,203.0,370.0
0.065,101.0,108.0
0.066,100.0,109.0
0.073,4001.0,249631.0
0.075,135.0,160.0
0.085,783.0,20204.0
0.093,285.0,744.0
0.097,1648.2,117570.4
0.105,120.0,146.0
0.107,45.0,47.0
0.108,3602.1666666666665,257402.33333333334
0.114,141.0,258.0
0.117,163.0,552.0
0.12,3586.5,247200.33333333334
0.128,352.0,2422.0
0.13,95.0,103.0
0.132,2202.0,117182.0
0.138,62.0,70.0
0.141,138.0,158.0
0.143,4001.0,258688.66666666666
0.153,270.0,1633.0
0.154,111.0,114.0
0.155,2975.0,181881.14285714287
0.165,85.0,104.0
0.167,2428.8,162740.6
0.169,81.5,120.5
0.171,95.0,102.0
0.173,83.0,87.0
0.176,104.0,130.0
0.178,2848.8,154310.4
0.19,2208.4285714285716,126944.0
0.202,3373.0,220788.54545454544
0.207,159.0,212.0
0.208,105.0,134.0
0.213,1999.8,117438.8
0.216,192.0,767.0
0.218,138.0,192.0
0.225,3696.0,249044.0
0.226,151.0,262.0
0.232,96.0,112.0
0.233,388.0,1764.0
0.237,3123.6,194977.4
0.248,2636.285714285714,136115.42857142858
0.252,117.0,279.0
0.254,140.0,165.0
0.262,178.0,400.0
0.267,96.0,100.0
0.272,3251.5,212259.25
0.279,342.0,1053.0
0.282,82.0,92.0
0.283,2216.3333333333335,126442.5
0.29,228.0,357.0
0.295,1941.0,102428.0
0.296,604.0,7217.0
0.301,94.0,124.0
0.306,166.0,241.0
0.307,2233.8333333333335,129945.5
0.318,879.5,27520.25
0.326,135.0,155.0
0.33,1294.8,44393.2
0.339,200.0,254.0
0.365,650.5,17366.0
0.371,218.0,623.0
0.376,102.0,110.0
0.377,189.33333333333334,2479.0
0.378,571.0,18500.0
0.388,613.0,17389.333333333332
0.396,121.0,220.0
