evolution rate,arithmetic mean length lived,arithmetic mean species population time
0.05,4001.0,208792.0
0.059,143.0,212.0
0.062,3418.4,223795.8
0.073,4001.0,286602.0
0.076,502.0,1964.0
0.085,3404.4,223182.0
0.097,4001.0,288909.6666666667
0.108,2695.6666666666665,192515.33333333334
0.12,4001.0,282929.0
0.121,70.0,80.0
0.128,194.0,327.0
0.132,4001.0,304574.0
0.143,4001.0,299699.3333333333
0.155,2228.0,44395.0
0.167,4001.0,290036.0
0.178,2100.75,96975.75
0.181,82.0,84.0
0.19,4001.0,274935.0
0.213,1281.5,18347.5
0.225,1806.0,24504.0
0.231,98.0,112.0
0.237,2263.6666666666665,127239.0
0.245,113.0,116.0
0.295,1855.0,81447.5
0.307,82.0,84.0
0.312,95.0,138.0
0.321,86.0,88.0
0.337,91.0,187.0
0.339,168.0,215.0
0.341,198.0,426.0
0.342,137.0,201.0
0.352,81.0,264.0
0.353,1012.0,50830.0
0.388,1259.0,53168.0
0.394,90.0,103.0
