{"frame_count": 155100, "start_time": 1770851837.237393, "elapsed_seconds": 137.80815683299443, "amnt_of_species": 151, "amnt_of_medium_species": 40, "amnt_of_big_species": 4, "final": true}