{"frame_count": 17322000, "start_time": 1771867978.2322369, "elapsed_seconds": 13756.258210929002, "amnt_of_species": 14534, "amnt_of_small_species": 9672, "amnt_of_medium_species": 3162, "amnt_of_big_species": 1700, "final": false}