{"frame_count": 16243000, "start_time": 1771867978.2322369, "elapsed_seconds": 12819.197736385999, "amnt_of_species": 13622, "amnt_of_small_species": 9056, "amnt_of_medium_species": 2969, "amnt_of_big_species": 1597, "final": false}