{"frame_count": 17797817, "start_time": 1770852138.422177, "elapsed_seconds": 13868.394955166994, "amnt_of_species": 17039, "amnt_of_medium_species": 4599, "amnt_of_big_species": 284, "final": true}