{"frame_count": 22482000, "start_time": 1771177646.9924648, "elapsed_seconds": 19917.55267866701, "amnt_of_species": 21197, "amnt_of_small_species": 15840, "amnt_of_medium_species": 4786, "amnt_of_big_species": 571, "final": false}