{"frame_count": 22703700, "start_time": 1771177646.9924648, "elapsed_seconds": 20055.569932042003, "amnt_of_species": 21326, "amnt_of_small_species": 15943, "amnt_of_medium_species": 4807, "amnt_of_big_species": 576, "final": true}