{"frame_count": 350647, "start_time": 1770850746.235242, "elapsed_seconds": 205.6923702089989, "amnt_of_species": 338, "amnt_of_medium_species": 92, "amnt_of_big_species": 2, "final": true}