evolution rate,geometric mean length lived,geometric mean species population time
0.085,3832.449738744137,245051.82240497615
0.097,4001.0,292162.9999999999
0.108,4001.0,287129.0000000001
0.132,4001.0,321411.9999999997
0.143,113.99999999999999,1311.0000000000002
0.167,4001.0,284453.0
0.19,1420.0,18320.999999999996
0.295,1224.0000000000002,49797.00000000002
