evolution rate,arithmetic mean length lived,arithmetic mean species population time
0.051,256.0,353.0
0.062,578.0,42901.0
0.073,117.0,1604.0
0.075,342.0,10761.0
0.076,144.0,298.0
0.081,275.0,5278.0
0.085,759.5,58436.0
0.1,381.0,1437.0
0.108,665.0,34146.0
0.109,100.0,142.0
0.113,280.0,1979.0
0.128,238.0,368.5
0.136,298.6666666666667,10396.666666666666
0.143,2318.5,153089.0
0.145,97.0,110.0
0.149,181.0,249.0
0.156,317.5,2349.0
0.164,73.0,100.0
0.167,1776.3333333333333,116632.0
0.172,3380.0,213842.0
0.178,3091.0,175318.5
0.186,101.0,103.0
0.192,289.0,737.0
0.193,215.0,321.0
0.209,471.0,6050.5
0.228,91.0,110.0
0.229,4001.0,277172.0
0.237,111.5,196.0
0.246,1034.0,49673.0
0.254,108.0,134.0
0.278,104.0,113.0
0.283,1431.6666666666667,88675.0
0.296,84.0,86.0
0.307,3960.0,225338.0
0.31,93.0,110.0
0.318,2370.0,134845.0
0.325,1450.0,63451.0
0.328,93.0,102.0
0.335,778.0,25657.0
0.336,123.0,316.0
0.341,95.0,196.0
0.352,481.0,6382.0
0.353,3613.0,184777.0
0.358,1561.0,53023.0
0.359,131.0,189.0
0.362,110.0,112.0
0.365,4001.0,241441.0
0.366,774.0,11997.0
0.37,223.5,555.5
0.374,113.0,142.0
0.386,252.0,906.0
0.391,94.0,145.0
0.395,1591.0,70700.0
