evolution rate,length lived,species population time,population
0.353333,55,146,2
0.291271,470,12750,27
0.190908,211,791,3
0.144637,316,7901,25
0.128216,73,141,1
0.0523,339,3233,9
0.132635,339,15516,45
0.08495,338,145820,431
0.343236,54,94,1
0.160927,2377,449769,189
0.096913,211,8528,40
0.061726,245,19101,77
0.103777,296,74247,250
0.11212,336,27592,82
0.091323,139,2899,20
0.33,55,137,2
