{"frame_count": 16910000, "start_time": 1771867978.2993996, "elapsed_seconds": 13756.021134611, "amnt_of_species": 14190, "amnt_of_small_species": 9489, "amnt_of_medium_species": 3044, "amnt_of_big_species": 1657, "final": false}