{"frame_count": 15797000, "start_time": 1771867978.2993996, "elapsed_seconds": 12819.561304253999, "amnt_of_species": 13257, "amnt_of_small_species": 8868, "amnt_of_medium_species": 2838, "amnt_of_big_species": 1551, "final": false}