evolution rate,arithmetic mean length lived,arithmetic mean species population time
0.05,4001.0,211927.0
0.053,103.0,150.0
0.062,639.5,26825.0
0.07,83.0,92.0
0.073,4001.0,254911.33333333334
0.083,154.0,731.0
0.097,4001.0,292962.0
0.107,77.0,95.0
0.108,2532.5,175964.5
0.12,4001.0,286460.0
0.124,239.0,578.0
0.132,3563.3333333333335,257099.66666666666
0.143,462.0,10441.0
0.155,422.0,8625.0
0.167,4001.0,284816.0
0.172,93.0,151.0
0.178,2780.5,167520.5
0.19,4001.0,288658.6666666667
0.201,156.0,324.0
0.202,2693.5,149655.5
0.209,89.0,153.0
0.225,1914.25,101177.5
0.237,4001.0,266630.0
0.245,118.0,196.0
0.248,887.0,21518.0
0.25,102.0,108.0
0.26,4001.0,278049.0
0.275,374.0,3350.0
0.278,85.0,88.0
0.285,86.0,146.0
0.295,2716.3333333333335,170410.0
0.304,80.0,98.0
0.307,267.0,1583.0
0.318,2047.5,156618.5
0.325,333.0,973.0
0.329,101.0,105.0
0.33,56.0,378.0
0.338,108.0,197.0
0.34,92.0,96.0
0.353,986.5,36839.0
0.358,261.0,1452.0
0.365,402.5,5596.0
0.371,91.0,96.0
0.375,77.0,107.0
0.387,91.0,95.0
0.388,1279.0,25025.0
0.39,160.0,222.0
0.392,251.0,1172.0
