{"frame_count": 282835, "start_time": 1770851193.910048, "elapsed_seconds": 166.73640566601534, "amnt_of_species": 275, "amnt_of_medium_species": 77, "amnt_of_big_species": 2, "final": true}