evolution rate,arithmetic mean length lived,arithmetic mean species population time
0.05,3337.0,225091.25
0.056,88.0,100.0
0.059,89.0,107.0
0.061,56.0,125.0
0.062,3643.0,247432.2857142857
0.073,4001.0,271860.6666666667
0.075,290.0,822.0
0.081,105.0,107.0
0.085,3792.5,267249.8333333333
0.087,324.0,426.0
0.089,399.0,870.0
0.097,2030.0,159191.5
0.107,161.0,364.0
0.108,3456.285714285714,234599.14285714287
0.118,127.0,392.0
0.12,3722.4,238611.0
0.132,3015.5,195069.0
0.143,1913.3333333333333,93598.33333333333
0.153,314.0,804.0
0.155,4001.0,277260.0
0.159,79.0,92.0
0.167,3035.5,156585.5
0.19,3127.0,201741.5
0.194,468.0,1971.0
0.202,2604.75,118800.75
0.209,101.0,106.0
0.213,3701.0,181239.66666666666
0.225,1159.5,13288.0
0.233,305.0,555.0
0.237,2868.25,132719.75
0.248,2828.5,73535.0
0.27,300.0,2618.0
0.272,1254.5,17258.75
0.282,79.0,94.0
0.295,1526.0,49943.0
0.309,182.0,500.0
0.314,92.0,95.0
0.315,412.0,1149.0
0.318,1537.0,41554.0
0.33,1285.0,26752.0
0.342,1683.0,41299.0
0.348,177.0,283.0
0.399,92.0,112.0
