evolution rate,arithmetic mean length lived,arithmetic mean species population time
0.062,4001.0,243264.0
0.073,1293.5,83680.0
0.081,71.0,84.0
0.082,106.0,138.66666666666666
0.083,211.0,1933.0
0.085,1400.6666666666667,72043.66666666667
0.089,148.0,211.0
0.096,149.0,443.0
0.097,4001.0,275398.0
0.098,204.0,412.0
0.1,54.0,63.0
0.106,204.0,3105.0
0.108,3122.6666666666665,209213.66666666666
0.117,87.0,98.0
0.12,4001.0,283014.4
0.122,308.0,5880.0
0.132,4001.0,278686.0
0.14,131.0,209.0
0.143,4001.0,260846.0
0.148,61.0,63.0
0.155,2935.0,166262.6
0.164,204.0,508.0
0.167,1389.2,79653.4
0.168,109.0,131.0
0.173,468.0,1783.0
0.178,3067.8333333333335,201732.33333333334
0.181,4001.0,271752.0
0.182,136.0,145.0
0.19,2683.0,167595.25
0.198,146.0,196.0
0.202,2015.0,119898.66666666667
0.204,115.0,536.0
0.205,1521.0,25228.0
0.208,180.0,365.0
0.211,165.0,1174.0
0.213,3382.5,236260.16666666666
0.214,88.0,93.0
0.224,354.0,3948.0
0.227,98.0,162.0
0.231,92.0,106.0
0.232,50.0,51.0
0.237,4001.0,258944.25
0.246,158.0,304.0
0.248,2194.0,137279.25
0.249,113.0,204.0
0.255,82.0,105.0
0.26,3426.25,218994.75
0.266,152.0,556.0
0.272,2308.3333333333335,128021.33333333333
0.277,70.0,82.0
0.278,107.0,109.0
0.283,2382.6,143522.6
0.295,1298.0,75767.5
0.302,344.0,15763.0
0.307,4001.0,280353.0
0.311,175.0,180.0
0.313,86.0,103.0
0.316,102.0,147.0
0.318,2802.0,188587.33333333334
0.327,88.0,95.0
0.33,1065.0,23257.0
0.334,204.0,1880.0
0.342,128.0,1413.0
0.348,4001.0,258266.0
0.353,786.5,21721.5
0.356,108.0,155.0
0.362,139.0,204.0
0.365,4001.0,267317.0
0.377,2688.6666666666665,193908.66666666666
0.38,108.0,110.0
0.387,102.0,115.0
0.388,100.0,200.0
0.39,92.0,99.0
0.392,91.0,107.0
