{"frame_count": 16034000, "start_time": 1771867978.266716, "elapsed_seconds": 12819.709901918002, "amnt_of_species": 13446, "amnt_of_small_species": 8928, "amnt_of_medium_species": 2964, "amnt_of_big_species": 1554, "final": false}