{"frame_count": 17098000, "start_time": 1771867978.266716, "elapsed_seconds": 13755.949797474997, "amnt_of_species": 14329, "amnt_of_small_species": 9472, "amnt_of_medium_species": 3185, "amnt_of_big_species": 1672, "final": false}