{"frame_count": 179770000, "start_time": 1770878489.8799942, "elapsed_seconds": 136057.79195049804, "amnt_of_species": 168649, "amnt_of_small_species": 126280, "amnt_of_medium_species": 37799, "amnt_of_big_species": 4570, "final": false}