{"frame_count": 179771650, "start_time": 1770878489.8799942, "elapsed_seconds": 136068.85101545605, "amnt_of_species": 168651, "amnt_of_small_species": 126282, "amnt_of_medium_species": 37799, "amnt_of_big_species": 4570, "final": true}