evolution rate,arithmetic mean length lived,arithmetic mean species population time
0.05,4001.0,272084.0
0.058,98.0,102.0
0.062,2509.6666666666665,166254.83333333334
0.07,95.0,138.0
0.073,4001.0,251380.25
0.085,4001.0,291383.0
0.097,4001.0,277290.0
0.108,4001.0,284502.0
0.114,346.0,855.0
0.12,4001.0,288530.3333333333
0.121,279.0,446.0
0.122,387.0,3946.0
0.132,4001.0,288790.0
0.134,271.0,3297.0
0.143,3870.75,272990.0
0.152,264.0,444.0
0.155,3196.0,212698.66666666666
0.167,1284.0,42524.0
0.178,4001.0,273742.0
0.19,4001.0,287967.0
0.195,135.0,200.0
0.202,1527.3333333333333,61290.666666666664
0.203,71.0,76.0
0.213,4001.0,264960.0
0.225,2132.0,150749.5
0.237,3437.0,209808.6
0.241,177.0,605.0
0.246,488.0,5549.0
0.248,4001.0,263596.0
0.26,2079.0,116712.0
0.262,540.0,4617.0
0.266,81.0,86.0
0.272,931.5,26761.0
0.283,2828.5,171641.0
0.295,1397.0,86184.0
0.307,218.0,390.0
0.318,2991.4,184205.8
0.321,89.0,92.0
0.327,74.0,87.0
0.33,1548.0,68282.0
0.34,83.0,88.0
0.355,775.0,9266.0
0.356,168.0,249.0
0.36,144.0,772.0
0.365,4001.0,256737.0
0.369,109.0,148.0
0.377,105.0,1178.0
0.388,1089.0,16019.0
