{"frame_count": 1044000, "start_time": 1770866134.68381, "elapsed_seconds": 679.958403083001, "amnt_of_species": 998, "amnt_of_medium_species": 291, "amnt_of_big_species": 13, "final": false}