{"frame_count": 158000, "start_time": 1770873822.2747068, "elapsed_seconds": 90.49008424999192, "amnt_of_species": 149, "amnt_of_medium_species": 34, "amnt_of_big_species": 2, "final": false}