{"frame_count": 172658, "start_time": 1770851370.049249, "elapsed_seconds": 123.73617862502579, "amnt_of_species": 166, "amnt_of_medium_species": 50, "amnt_of_big_species": 3, "final": true}