evolution rate,arithmetic mean length lived,arithmetic mean species population time
0.05,4001.0,260320.0
0.062,101.0,213.0
0.066,150.0,196.0
0.108,1241.0,94656.0
0.115,154.0,200.0
0.118,145.0,336.0
0.12,4001.0,302537.6666666667
0.132,4001.0,282013.0
0.155,2440.5,133973.25
0.19,1768.6666666666667,67411.0
0.213,3036.6666666666665,185413.0
0.26,1825.0,66415.0
0.283,97.0,103.0
0.368,120.0,211.0
0.372,104.0,259.0
