{"frame_count": 306000, "start_time": 1770867234.041331, "elapsed_seconds": 207.76164512502146, "amnt_of_species": 295, "amnt_of_medium_species": 76, "amnt_of_big_species": 4, "final": false}