evolution rate,geometric mean length lived,geometric mean species population time
0.05,1113.9999999999998,46116.0
0.05,891.9999999999998,82130.00000000001
0.05,1213.0000000000002,48072.0
0.05,1138.0,58126.0
0.05,1042.9999999999998,38264.999999999985
0.051,1662.0,75102.99999999996
0.051,1296.0000000000005,90853.99999999997
0.051,1244.3190909087593,70171.0181627714
0.051,428.2522621072771,3373.4036224561087
0.051,3499.999999999999,193188.99999999997
0.051,3499.999999999999,97602.99999999996
0.051,1522.9999999999998,115464.00000000003
0.051,1156.9999999999998,78883.0
0.051,388.0,20541.000000000007
0.051,1375.0000000000002,59044.999999999985
0.052,1141.0000000000002,114914.00000000001
0.052,138.0,443.00000000000006
0.052,1009.0,53987.0
0.052,1542.9999999999998,54000.00000000002
0.052,1327.0000000000002,70603.00000000001
0.052,3499.999999999999,113018.00000000006
0.052,1045.0,85352.0
0.052,1297.0,56503.99999999997
0.052,2570.8151461514285,75503.14181273588
0.052,618.0000000000001,11142.000000000004
0.052,2000.9999999999998,221583.0
0.052,1908.9999999999995,65832.0
0.052,3499.999999999999,127705.99999999997
0.052,1399.0,47742.999999999985
0.052,1243.0,39472.0
0.052,68.0,960.0000000000001
0.053,2500.199992000639,89720.57369410875
0.053,3499.999999999999,110984.27183164288
0.053,1065.0,42881.000000000015
0.053,1285.9999999999998,54100.999999999985
0.053,3499.999999999999,144508.61774994596
0.053,445.0,14161.000000000002
0.053,1908.0000000000002,129493.0
0.053,3499.999999999999,187089.00000000006
0.053,3499.999999999999,110323.8256497661
0.053,1092.0000000000002,82746.00000000003
0.053,1069.0,43368.000000000015
0.053,919.9999999999999,57528.00000000002
0.053,447.0,16246.000000000007
0.053,94.0,95.0
0.053,2031.9999999999998,117753.00000000001
0.054,740.0000000000001,36562.00000000001
0.054,3499.999999999999,227059.00000000012
0.054,1657.0,88122.00000000001
0.054,3499.999999999999,118392.99999999999
0.054,65.0,657.0
0.054,3499.999999999999,161591.0
0.054,3499.999999999999,150283.99999999997
0.054,3499.999999999999,104331.0
0.054,3499.999999999999,216567.99999999988
0.054,1125.0000000000002,93505.99999999999
0.054,2258.982071642004,113954.036435749
0.054,529.0,31385.000000000004
0.055,1505.0000000000005,91372.99999999999
0.055,1195.0,39307.00000000001
0.055,78.0,1316.0000000000002
0.055,1353.0000000000002,22474.000000000004
0.055,3499.999999999999,237898.99999999997
0.055,1034.9999999999998,77131.0
0.055,1356.9999999999998,75656.00000000001
0.055,1183.9999999999998,84287.99999999997
0.055,2002.7481119701501,156270.7664152191
0.055,1010.0,59788.999999999985
0.055,1176.0,89699.99999999999
0.055,1285.9999999999998,112304.99999999997
0.055,1274.9999999999995,88192.00000000003
0.055,1750.0000000000005,108409.99999999994
0.055,1312.9904797826985,85753.46850127987
0.055,99.0,114.99999999999999
0.056,1094.0,28664.000000000004
0.056,225.0,566.0
0.056,1065.0,69219.0
0.056,999.0,72177.0
0.056,1032.0,93274.99999999997
0.056,1017.0,40496.0
0.056,1203.9999999999998,52073.00000000002
0.056,1678.9999999999995,33218.00000000001
0.056,1298.9026137474666,41955.08842798451
0.056,734.9999999999999,65713.99999999997
0.056,1223.0,82378.00000000001
0.056,3499.999999999999,145311.00000000003
0.056,1403.9999999999998,90500.99999999997
0.056,3499.999999999999,73600.00000000003
0.056,3499.999999999999,161858.99999999997
0.056,1619.0000000000005,147395.00000000003
0.056,1453.0,139705.00000000003
0.057,3499.999999999999,168891.0000000001
0.057,1303.0,37556.00000000001
0.057,3499.999999999999,189120.99999999994
0.057,1203.0,28123.0
0.057,1272.3030299421594,68268.6104223603
0.057,1021.0000000000002,55702.00000000002
0.057,1165.0000000000002,50348.00000000002
0.057,176.0,213.0
0.057,1229.7251725487283,70582.12117101612
0.057,1038.9999999999998,43444.00000000001
0.057,1572.9999999999998,82798.99999999999
0.057,3499.999999999999,227776.00000000003
0.057,3499.999999999999,125711.48910501381
0.057,1211.9999999999998,66450.00000000001
0.057,712.0,61261.999999999985
0.057,63.0,517.0
0.057,1056.0,67252.99999999997
0.058,3499.999999999999,97283.99999999999
0.058,61.0,745.0000000000001
0.058,3499.999999999999,168582.9999999999
0.058,100.14988766843425,403.61863187915407
0.058,1524.0,122163.99999999999
0.058,1121.0,53726.00000000002
0.058,3499.999999999999,265772.9999999999
0.058,1559.9999999999998,21821.999999999993
0.058,1547.0000000000005,84612.99999999997
0.058,2212.8036514792716,82195.783833479
0.058,3499.999999999999,145496.99999999997
0.058,1340.0,66220.99999999999
0.058,1142.0,61583.000000000015
0.058,174.0,254.99999999999997
0.059,3499.999999999999,108169.00000000006
0.059,1274.0,92959.99999999999
0.059,83.0,388.0
0.059,3499.999999999999,136363.00000000003
0.059,1776.0000000000002,108686.99999999999
0.059,1524.0,28843.00000000001
0.059,697.4955196988722,5754.366168397699
0.059,1621.0,49395.00000000001
0.059,1183.9999999999998,62267.99999999999
0.059,1281.9999999999998,91418.99999999999
0.059,2084.1065231892535,129300.8750666444
0.059,354.0,8324.000000000002
0.059,1575.9999999999995,157481.99999999997
0.059,1678.0000000000005,61914.99999999998
0.059,1142.0,42024.000000000015
0.06,1584.9999999999998,98740.00000000001
0.06,1232.0000000000002,44768.000000000015
0.06,3499.999999999999,226119.99999999988
0.06,1714.9999999999995,138879.0
0.06,1108.0000000000002,50372.000000000015
0.06,1046.0,33259.0
0.06,3499.999999999999,124370.00000000003
0.06,1678.0000000000005,103471.99999999996
0.06,3499.999999999999,205494.0000000001
0.06,1319.0,125680.00000000001
0.06,1322.3978221397674,66869.48212749964
0.06,3499.999999999999,141428.0
0.06,194.0,2894.0000000000005
0.06,1197.0000000000002,91681.0
0.061,3499.999999999999,116330.99999999994
0.061,3499.999999999999,209332.99999999994
0.061,1247.0,133029.0
0.061,1009.0,77582.0
0.061,3499.999999999999,105528.00000000001
0.061,3499.999999999999,123304.99999999996
0.061,3499.999999999999,245810.0
0.061,64.0,558.0
0.061,1215.9999999999998,76972.00000000004
0.061,3499.999999999999,95939.00000000003
0.061,3499.999999999999,163093.0000000001
0.061,3499.999999999999,263315.0
0.061,525.0,26206.0
0.061,3499.999999999999,74701.00000000001
0.062,1303.9999999999998,39438.00000000001
0.062,1324.0000000000002,42217.0
0.062,3499.999999999999,81938.99999999997
0.062,79.0,1123.0000000000002
0.062,1152.0,38791.0
0.062,3499.999999999999,164709.99999999997
0.062,3499.999999999999,105646.00000000003
0.062,3499.999999999999,61490.999999999985
0.062,2168.8706738761534,104565.75437493868
0.062,53.0,93.0
0.062,3499.999999999999,107526.99999999996
0.062,84.0,156.0
0.062,1050.9999999999998,85586.99999999999
0.062,157.0,12602.999999999998
0.063,554.9774770204642,3487.79815929764
0.063,3499.999999999999,175736.99999999994
0.063,3499.999999999999,91136.00000000003
0.063,3499.999999999999,108384.99999999997
0.063,1320.0,103245.99999999999
0.063,1186.9999999999998,56668.00000000001
0.063,3499.999999999999,53433.00000000001
0.063,190.0,194.0
0.063,79.0,97.0
0.063,3499.999999999999,170523.00000000006
0.063,34.00000000000001,438.99999999999994
0.063,77.0,78.0
0.063,1244.0,60694.999999999985
0.063,3499.999999999999,190951.99999999994
0.064,3499.999999999999,175231.0
0.064,3499.999999999999,141808.82368879602
0.064,3499.999999999999,205356.0000000001
0.064,150.0,2719.999999999999
0.064,1000.0000000000002,69614.00000000001
0.064,3499.999999999999,113408.99999999994
0.064,3499.999999999999,121899.0
0.064,98.0,101.0
0.064,836.0000000000001,51517.99999999997
0.064,815.9999999999999,58704.999999999985
0.064,57.99999999999999,99.0
0.064,65.0,577.0
0.064,3499.999999999999,201157.00000000006
0.064,567.0000000000001,4405.999999999999
0.065,1355.0000000000005,45700.99999999999
0.065,3499.999999999999,168352.99999999997
0.065,1287.0,33983.00000000001
0.065,286.0,2188.0000000000005
0.065,3499.999999999999,148914.99999999997
0.065,1097.0000000000002,107503.00000000001
0.065,1402.0000000000002,106719.99999999999
0.065,1155.9999999999998,61291.00000000001
0.065,225.0,9917.999999999998
0.065,3499.999999999999,188472.99999999997
0.065,1694.9999999999995,103607.99999999994
0.065,3499.999999999999,117412.99999999999
0.066,1182.0,68592.00000000001
0.066,1255.9999999999998,60325.99999999998
0.066,1832.9999999999995,173962.0
0.066,1345.0,87974.99999999997
0.066,3499.999999999999,151016.00000000006
0.066,1122.0000000000002,74836.0
0.066,1064.0000000000002,92357.00000000001
0.066,1363.9999999999998,93105.0
0.066,3499.999999999999,102355.99999999996
0.066,2461.8473795991813,121974.57312223705
0.066,694.982014155762,17490.915327677976
0.066,3499.999999999999,66651.00000000001
0.066,3499.999999999999,71789.99999999999
0.066,1074.9999999999998,40050.99999999999
0.067,1176.0,75991.0
0.067,3499.999999999999,103549.0
0.067,3499.999999999999,242263.99999999988
0.067,748.0,44747.99999999999
0.067,1473.9999999999998,77030.0
0.067,3499.999999999999,86252.00000000003
0.067,1963.0333670113707,94468.86953912386
0.067,1451.9999999999998,51526.99999999998
0.067,3499.999999999999,230456.00000000003
0.068,1202.0000000000002,73359.0
0.068,1640.0000000000002,78915.00000000001
0.068,3499.999999999999,155548.00000000006
0.068,1000.9999999999998,40768.0
0.068,3499.999999999999,180028.99999999994
0.068,3499.999999999999,185896.99999999994
0.068,1166.9999999999998,94686.99999999997
0.068,1479.9999999999998,73401.00000000001
0.068,3499.999999999999,151448.0
0.068,1439.9999999999998,41587.999999999985
0.068,1309.9999999999998,64530.00000000001
0.068,128.0,155.0
0.068,3499.999999999999,182273.99999999994
0.069,1451.0,73205.00000000001
0.069,891.9999999999998,46345.00000000001
0.069,629.9999999999999,27268.999999999993
0.069,1155.0000000000002,38148.000000000015
0.069,1675.9999999999998,102558.00000000001
0.069,1035.9999999999998,28011.000000000007
0.069,1473.9999999999998,58730.99999999997
0.069,1155.9999999999998,53533.00000000001
0.069,1885.0000000000005,62971.99999999999
0.069,3499.999999999999,130488.00000000001
0.069,70.0,208.0
0.069,1144.0,36974.00000000001
0.069,1223.0,42920.0
0.069,1141.0000000000002,61230.00000000001
0.07,3499.999999999999,138647.00000000006
0.07,3499.999999999999,153754.29676922853
0.07,1384.0000000000002,35763.00000000001
0.07,61.0,1351.9999999999998
0.07,888.0000000000001,35302.0
0.07,1686.0,57832.00000000001
0.07,1036.9999999999998,53082.00000000003
0.071,1069.0,65522.00000000003
0.071,1636.0000000000002,77208.00000000001
0.071,3499.999999999999,89510.99999999999
0.071,1973.702105182036,116960.93127621713
0.071,3499.999999999999,285630.0
0.071,882.0,69348.99999999997
0.071,3499.999999999999,126595.99999999996
0.071,2138.808079281543,113187.41516617475
0.071,1609.9999999999998,108463.00000000006
0.071,3499.999999999999,189397.00000000006
0.071,3499.999999999999,110316.00000000003
0.071,1245.0,85130.00000000001
0.071,3499.999999999999,180440.99999999997
0.071,3499.999999999999,129992.00000000003
0.072,3499.999999999999,229138.00000000006
0.072,3499.999999999999,98395.99999999999
0.072,438.0,27802.0
0.072,3499.999999999999,131033.0
0.072,1010.9999999999998,63635.0
0.072,411.00000000000006,4393.0
0.072,1257.0,99220.99999999999
0.072,1483.0000000000002,92566.99999999999
0.072,1348.9999999999998,104608.00000000004
0.072,125.0,1136.0
0.072,3499.999999999999,140907.99999999994
0.072,1657.0,83543.00000000001
0.072,550.0,42375.99999999999
0.072,1058.300524425836,17051.11697221036
0.072,1411.0,13226.000000000002
0.072,3499.999999999999,141182.99999999997
0.072,3499.999999999999,249168.99999999997
0.072,3499.999999999999,100862.00000000004
0.072,223.0,3729.999999999999
0.072,1093.0,90290.00000000001
0.073,3499.999999999999,125695.0
0.073,1348.9999999999998,27033.999999999996
0.073,3499.999999999999,138206.00000000003
0.073,434.0,11855.000000000002
0.073,1527.9999999999998,95187.00000000003
0.073,2424.871130596428,102835.6688800146
0.073,3499.999999999999,108631.00000000001
0.073,3499.999999999999,198535.99999999994
0.073,1149.0,55278.00000000001
0.073,3499.999999999999,150328.10983312476
0.073,3499.999999999999,147506.00000000006
0.073,3499.999999999999,87469.00000000003
0.073,1191.0000000000002,74857.00000000003
0.073,1718.0000000000002,51684.99999999998
0.074,1299.0000000000002,66926.99999999997
0.074,1193.9999999999998,67367.00000000001
0.074,1156.9999999999998,63054.99999999997
0.074,1339.0,157786.00000000003
0.074,1348.0,88725.00000000003
0.074,61.0,159.0
0.074,1115.0000000000002,27877.000000000004
0.074,3499.999999999999,206394.49289649184
0.074,1063.0000000000002,53776.999999999985
0.074,1541.0000000000002,108058.0
0.074,3499.999999999999,206454.0000000001
0.074,105.0,111.00000000000001
0.074,1017.9999999999998,71825.99999999999
0.074,1047.9999999999998,63629.99999999999
0.074,3499.999999999999,108582.99999999994
0.074,3499.999999999999,80240.00000000003
0.074,3499.999999999999,134124.45842201932
0.074,151.0,578.0
0.074,114.99999999999999,1055.0
0.074,1232.0000000000002,124288.00000000006
0.074,3499.999999999999,192414.0000000001
0.074,1078.0,99833.0
0.075,3499.999999999999,65527.00000000001
0.075,3499.999999999999,149145.00000000003
0.075,1011.9999999999999,50284.0
0.075,1700.9999999999998,92457.0
0.075,3499.999999999999,162220.99999999997
0.075,2000.9999999999998,218742.99999999994
0.075,3499.999999999999,174346.00000000006
0.075,1144.0,106388.00000000003
0.075,3499.999999999999,203373.99999999997
0.075,1188.9999999999998,101125.00000000004
0.075,1153.180384848788,60785.30371726376
0.075,3499.999999999999,101421.00000000004
0.075,1507.4415411550788,106646.04702941408
0.075,3499.999999999999,99005.00000000003
0.076,1005.0000000000001,38522.0
0.076,3499.999999999999,66898.00000000003
0.076,1524.9999999999998,104815.00000000006
0.076,57.99999999999999,469.00000000000006
0.076,3499.999999999999,90898.00000000003
0.076,1626.0000000000002,61959.99999999999
0.076,1974.5885647394996,129576.78562149938
0.076,84.0,1407.9999999999998
0.076,3499.999999999999,145053.99999999994
0.076,3499.999999999999,196532.99999999994
0.076,1324.0000000000002,83174.99999999997
0.077,1071.0,68767.99999999999
0.077,3499.999999999999,249436.99999999994
0.077,3499.999999999999,48991.000000000015
0.077,1318.0,77791.0
0.077,1988.0,226708.99999999997
0.077,3499.999999999999,163260.0
0.077,487.0,12972.0
0.077,100.0,659.9999999999999
0.077,3499.999999999999,103735.00000000001
0.077,3499.999999999999,193646.9999999999
0.077,1215.9999999999998,50792.99999999998
0.077,1881.0901094843914,87751.23958098826
0.077,1052.0,87396.00000000004
0.077,3499.999999999999,170627.00000000006
0.077,1065.0,93627.99999999997
0.077,2130.6102412219834,122255.1671218849
0.077,1278.9999999999998,62560.000000000015
0.077,462.0606020859168,8342.814872691351
0.078,54.0,101.0
0.078,3499.999999999999,94506.0
0.078,2157.5449010391417,101120.2544300597
0.078,3499.999999999999,144721.0
0.078,1255.0000000000002,129988.99999999997
0.078,3499.999999999999,196882.99999999994
0.078,1128.9999999999998,47027.00000000001
0.078,3499.999999999999,281817.9999999999
0.078,1334.9999999999998,50678.0
0.078,1159.618040563357,53659.22239466389
0.078,1752.0,90005.0
0.078,1172.0,56532.000000000015
0.078,1248.9999999999998,35187.999999999985
0.078,557.0,11617.000000000004
0.078,3499.999999999999,100355.99999999999
0.078,3499.999999999999,271068.99999999994
0.078,3499.999999999999,138519.99999999997
0.078,204.99999999999997,250.99999999999997
0.078,1040.0,40910.00000000001
0.078,351.99999999999994,5761.999999999998
0.079,1870.828693386971,81841.46479627545
0.079,1407.0000000000002,58956.000000000015
0.079,1436.0,114156.0
0.079,1214.9999999999998,65715.00000000001
0.079,1077.0000000000002,107234.99999999999
0.079,1144.0,52300.000000000015
0.079,3499.999999999999,113039.00000000003
0.079,779.0,21020.000000000004
0.079,1136.9999999999998,99609.99999999999
0.079,3499.999999999999,145854.12884454103
0.079,1254.0,77801.99999999997
0.079,3499.999999999999,303989.0000000002
0.079,1007.9999999999998,89953.00000000001
0.08,3499.999999999999,235119.0
0.08,3499.999999999999,83424.00000000003
0.08,99.0,108.0
0.08,1059.0000000000002,108119.00000000003
0.08,3499.999999999999,122544.0
0.08,1214.0000000000002,10046.000000000002
0.08,1964.8155129680752,140345.84186216563
0.08,1202.0000000000002,76465.99999999997
0.08,1233.9999999999998,39640.00000000001
0.08,1149.0,61370.00000000003
0.08,1938.8140705080516,105669.47993626163
0.08,3499.999999999999,219101.00000000012
0.08,738.9181280764466,17751.0156329152
0.08,3499.999999999999,94936.0
0.08,1125.9999999999998,30665.000000000007
0.08,67.0,1734.0000000000005
0.081,1046.0,43224.00000000001
0.081,3499.999999999999,168706.00000000003
0.081,1259.0000000000002,74633.00000000003
0.081,3499.999999999999,178442.99999999994
0.081,3499.999999999999,105775.00000000004
0.081,3499.999999999999,80397.00000000003
0.081,3499.999999999999,101145.00000000004
0.081,3499.999999999999,76174.0
0.081,3499.999999999999,79918.00000000001
0.081,3499.999999999999,74771.00000000001
0.081,3499.999999999999,220363.99999999994
0.081,1377.0,63712.99999999998
0.081,125.0,199.0
0.081,108.0,1131.9999999999998
0.081,80.29943959953893,259.42821743210584
0.081,92.0,1062.0
0.081,1176.0,19274.000000000004
0.081,3499.999999999999,74372.99999999999
0.081,56.99999999999999,96.0
0.081,1447.0,37638.999999999985
0.081,988.0000000000001,43461.999999999985
0.082,417.0,16530.999999999996
0.082,1149.9999999999998,60236.99999999998
0.082,3499.999999999999,120420.0
0.082,1141.0000000000002,13038.999999999993
0.082,3499.999999999999,144072.00000000006
0.082,1156.9999999999998,57055.000000000015
0.082,3499.999999999999,259437.00000000003
0.082,999.0,18817.999999999993
0.082,1468.9999999999998,77439.0
0.082,480.0,1991.0
0.082,2303.4756347745465,141277.50057599405
0.082,61.0,210.0
0.082,3499.999999999999,62106.999999999985
0.082,1934.2957374713926,65933.82658393186
0.082,238.0,10743.000000000002
0.082,3499.999999999999,180484.9999999999
0.082,1180.0,58217.999999999985
0.083,3499.999999999999,87473.00000000003
0.083,3499.999999999999,234329.0000000001
0.083,3499.999999999999,144827.00000000006
0.083,1897.9999999999998,132421.00000000006
0.083,1069.9999999999998,66496.0
0.083,3499.999999999999,156493.99999999997
0.083,1851.0807653908564,82107.76372548455
0.083,426.0,3404.9999999999995
0.083,751.0000000000001,20368.000000000007
0.083,3499.999999999999,191465.0
0.083,3499.999999999999,271235.00000000006
0.083,2051.097267318154,137248.2387865142
0.083,1202.0000000000002,138984.00000000006
0.083,1296.0000000000005,90848.00000000003
0.083,1329.9939849488042,83314.60093525026
0.083,64.0,639.0
0.083,3499.999999999999,119525.99999999997
0.083,1555.0,40497.99999999999
0.084,425.0,9151.0
0.084,3499.999999999999,124987.00000000001
0.084,3499.999999999999,95941.99999999999
0.084,1029.0,54007.99999999999
0.084,469.57427527495577,7134.756267736129
0.084,3499.999999999999,90244.00000000003
0.084,1488.9999999999998,137297.0
0.084,97.0,102.0
0.084,3499.999999999999,168982.00000000006
0.084,107.0,111.00000000000001
0.084,1108.0000000000002,39311.999999999985
0.084,1155.9999999999998,70795.00000000004
0.084,1757.0000000000005,116228.00000000004
0.085,1309.0,14131.000000000004
0.085,3499.999999999999,83409.30526026462
0.085,66.0,256.0
0.085,1071.0,20775.000000000004
0.085,1047.0000000000002,111480.99999999994
0.085,237.0,6937.0
0.085,68.0,156.0
0.085,1960.3571103245447,105817.645900861
0.085,2229.3496809607946,185081.3762592012
0.085,873.9999999999999,44474.999999999985
0.085,161.0,4831.000000000001
0.085,3499.999999999999,80273.00000000003
0.085,3499.999999999999,163497.99999999997
0.085,3499.999999999999,101342.99999999999
0.085,1470.0,154896.99999999997
0.085,3499.999999999999,72007.99999999999
0.085,2033.101079631802,91508.51606271406
0.086,1140.0,100343.99999999999
0.086,1156.9999999999998,51573.000000000015
0.086,1334.0000000000005,41732.000000000015
0.086,3499.999999999999,179901.99999999994
0.086,77.0,335.0
0.086,3499.999999999999,236368.00000000003
0.086,3499.999999999999,123351.00000000003
0.086,1079.0,18586.000000000004
0.086,3499.999999999999,214287.00000000003
0.086,2463.534046852205,177478.5584542538
0.086,3499.999999999999,248068.9999999999
0.086,748.0,49483.00000000001
0.086,3499.999999999999,297721.00000000006
0.086,3499.999999999999,245530.9999999999
0.086,1159.7719603439293,22467.9313689534
0.086,3499.999999999999,105153.00000000001
0.086,1924.0000000000002,99186.99999999997
0.086,1172.0,85248.99999999999
0.086,744.0000000000001,12081.0
0.087,1635.0000000000005,62084.000000000015
0.087,3499.999999999999,194743.00000000006
0.087,1730.0,93815.99999999996
0.087,3499.999999999999,175539.00000000003
0.087,1421.0,94794.99999999996
0.087,62.0,587.0000000000001
0.087,334.0,12471.999999999998
0.087,3499.999999999999,76223.00000000003
0.087,69.0,99.0
0.087,1073.9999999999998,54280.999999999985
0.087,3499.999999999999,215736.00000000006
0.088,1190.0,77153.99999999997
0.088,1193.9999999999998,85475.99999999999
0.088,1196.0000000000002,37724.000000000015
0.088,331.5448687583628,2886.7499025720954
0.088,3499.999999999999,203645.99999999997
0.088,3499.999999999999,91363.00000000004
0.088,3499.999999999999,70365.0
0.088,3499.999999999999,158606.00000000003
0.088,243.00000000000003,299.0
0.088,3499.999999999999,149697.99999999994
0.088,3499.999999999999,120433.0
0.088,3499.999999999999,100474.00000000004
0.088,1079.0,34629.0
0.088,1567.0000000000002,135148.00000000006
0.088,1009.0,80509.00000000003
0.089,1244.0,49272.00000000002
0.089,140.0,1230.9999999999998
0.089,3499.999999999999,109336.00000000001
0.089,3499.999999999999,251481.99999999997
0.089,1257.0,96910.00000000003
0.089,3499.999999999999,266517.9999999999
0.089,3499.999999999999,130275.0
0.089,3499.999999999999,289763.9999999998
0.089,1427.9999999999998,82777.0
0.09,3499.999999999999,141142.99999999997
0.09,3499.999999999999,223820.9999999999
0.09,53.0,55.00000000000001
0.09,3499.999999999999,188953.00000000003
0.09,1350.0,42639.99999999999
0.09,1208.9999999999998,79243.0
0.09,1531.9999999999998,60722.000000000015
0.09,3499.999999999999,223101.00000000006
0.09,3499.999999999999,109155.00000000004
0.091,1606.9999999999998,192059.99999999994
0.091,101.0,103.0
0.091,3499.999999999999,160672.00000000006
0.091,1193.9999999999998,93485.00000000001
0.091,3499.999999999999,193832.9999999999
0.091,1340.9999999999995,70266.99999999997
0.091,3499.999999999999,108531.99999999997
0.091,3499.999999999999,146239.99999999997
0.091,1203.9999999999998,39892.999999999985
0.091,1125.0000000000002,76324.00000000003
0.091,3499.999999999999,140873.00000000006
0.091,3499.999999999999,173052.00000000006
0.091,642.6507605223851,17374.401716318185
0.091,1935.0000000000005,122117.99999999999
0.091,1366.0000000000002,30252.0
0.091,3499.999999999999,246641.99999999997
0.092,2021.0000000000005,109822.99999999999
0.092,3499.999999999999,225175.99999999997
0.092,3499.999999999999,91995.99999999997
0.092,3499.999999999999,231121.99999999997
0.092,3499.999999999999,177506.00000000003
0.092,3499.999999999999,154064.31820509254
0.092,1192.9999999999998,79759.99999999999
0.092,3499.999999999999,173225.99999999997
0.092,3499.999999999999,146347.99999999994
0.092,695.0000000000001,30260.999999999996
0.092,3499.999999999999,165372.5798190257
0.092,92.0,101.0
0.092,2153.485546735803,65991.98480876295
0.092,1372.0000000000002,92282.00000000001
0.092,3499.999999999999,139036.00000000003
0.092,1983.4313701260246,102043.02331859835
0.092,3499.999999999999,102964.00000000001
0.093,1069.0,33530.99999999999
0.093,1828.9999999999995,122137.99999999997
0.093,3499.999999999999,265846.0
0.093,3499.999999999999,176204.99999999994
0.093,3499.999999999999,218060.0
0.093,1103.0,56582.99999999998
0.093,3499.999999999999,122169.0
0.093,3499.999999999999,228325.99999999994
0.093,3499.999999999999,113018.99999999996
0.093,202.0,265.0
0.093,3499.999999999999,157767.00000000006
0.093,3499.999999999999,100106.99999999999
0.093,3499.999999999999,227796.99999999988
0.093,3499.999999999999,121965.00000000003
0.093,1065.0,47709.999999999985
0.093,303.63464887920816,9207.29167562319
0.093,1077.0000000000002,43456.99999999999
0.093,3499.999999999999,124218.0
0.093,3499.999999999999,179040.0
0.093,3499.999999999999,87629.00000000003
0.093,274.0,475.0
0.094,3499.999999999999,129601.0
0.094,62.0,430.0
0.094,3499.999999999999,310861.0
0.094,3499.999999999999,217703.00000000006
0.094,1307.0000000000005,51059.00000000001
0.094,1503.9999999999998,159568.99999999997
0.094,3499.999999999999,172481.99999999994
0.094,3499.999999999999,192687.00000000003
0.094,3499.999999999999,173723.00000000006
0.094,3499.999999999999,138534.99999999997
0.094,175.0,359.0
0.094,250.0,1618.0000000000002
0.094,1042.0000000000002,24266.999999999996
0.094,1609.9999999999998,126376.0
0.094,3499.999999999999,192395.00000000003
0.095,3499.999999999999,133340.00000000006
0.095,613.5275054958825,7219.454619290853
0.095,3499.999999999999,157425.00000000006
0.095,487.0,4861.0
0.095,93.0,202.99999999999997
0.095,1080.9999999999998,119019.00000000003
0.095,3499.999999999999,99955.00000000001
0.095,999.0,91526.99999999999
0.095,1259.0000000000002,101268.0
0.095,808.0,30536.0
0.095,583.9999999999999,2144.0
0.095,167.0,1765.9999999999995
0.095,3499.999999999999,203632.00000000006
0.095,61.0,441.0
0.095,3499.999999999999,289284.99999999994
0.096,3499.999999999999,259760.00000000003
0.096,678.9999999999999,51843.00000000001
0.096,3499.999999999999,101233.00000000004
0.096,112.99999999999999,1451.9999999999998
0.096,3499.999999999999,259371.99999999994
0.096,3499.999999999999,126236.99999999994
0.096,3499.999999999999,96427.00000000001
0.096,1885.0000000000005,67500.00000000003
0.096,2067.2445428637607,102103.61465197986
0.096,61.0,496.0
0.096,3499.999999999999,104530.99999999997
0.096,1064.0000000000002,38389.99999999999
0.096,635.9496835442252,17697.53222909905
0.096,3499.999999999999,197240.00000000006
0.096,1696.0,32918.00000000001
0.096,3499.999999999999,132181.00000000003
0.096,3499.999999999999,132504.823783891
0.096,1676.9999999999995,65860.0
0.096,591.0,13472.999999999996
0.097,3499.999999999999,165389.0000000001
0.097,3499.999999999999,102273.99999999997
0.097,3499.999999999999,272915.00000000006
0.097,1253.0,49092.00000000002
0.097,3499.999999999999,177864.00000000006
0.097,3499.999999999999,176514.00000000006
0.097,1116.0,31223.99999999999
0.097,3499.999999999999,90954.00000000003
0.097,2096.9999999999995,77137.00000000003
0.097,3499.999999999999,261092.0000000001
0.097,3499.999999999999,307809.0
0.097,3499.999999999999,123320.0
0.097,1222.0,79329.00000000001
0.097,102.0,117.0
0.097,3499.999999999999,117075.00000000004
0.097,3499.999999999999,117684.99999999994
0.098,3499.999999999999,172830.00000000003
0.098,3499.999999999999,172039.0
0.098,1399.0,52742.00000000002
0.098,3499.999999999999,127321.99999999999
0.098,3499.999999999999,188012.00000000006
0.098,3499.999999999999,69108.99999999999
0.098,3499.999999999999,196714.0000000001
0.098,162.0,165.0
0.098,3499.999999999999,78106.0
0.098,3499.999999999999,146745.99999999997
0.098,3499.999999999999,304211.99999999994
0.098,316.07594024221453,8013.329520243133
0.099,2074.8493921246436,104285.0945725227
0.099,218.00000000000003,1451.0
0.099,3499.999999999999,308504.0
0.099,3499.999999999999,85154.00000000003
0.099,2634.704817105395,142807.45475688216
0.099,3499.999999999999,87899.00000000001
0.099,2184.5159311461316,144720.33263957387
0.099,2002.0,144955.00000000003
0.1,889.381807774366,8665.815022258439
0.1,3499.999999999999,189094.0000000001
0.1,3499.999999999999,186901.99999999994
0.1,3499.999999999999,276168.00000000006
0.1,3499.999999999999,138048.99999999994
0.1,3499.999999999999,181904.00000000003
0.1,3499.999999999999,189195.0
0.1,3499.999999999999,101208.00000000004
0.1,2378.2346393911603,159514.7230759594
0.1,1002.9999999999999,39372.00000000001
0.1,3499.999999999999,228096.99999999997
0.1,1038.0,78723.00000000003
0.1,3499.999999999999,190484.0
0.1,3499.999999999999,229758.9999999999
0.1,1125.0000000000002,66564.00000000001
0.1,1483.0000000000002,70694.0
0.101,3499.999999999999,73271.99999999999
0.101,1506.9999999999998,86562.00000000001
0.101,3499.999999999999,190886.00000000003
0.101,3499.999999999999,74537.99999999999
0.101,1215.9999999999998,71583.00000000004
0.101,100.0,162.0
0.101,3499.999999999999,101194.17199127631
0.101,3499.999999999999,71479.00000000001
0.101,3499.999999999999,197017.0000000001
0.101,3499.999999999999,123483.00000000001
0.101,1164.0,61269.00000000003
0.101,3499.999999999999,173411.58028517006
0.101,3499.999999999999,86338.00000000003
0.101,3499.999999999999,124913.00000000006
0.101,3499.999999999999,204611.00000000006
0.101,1291.0,81155.99999999999
0.101,3499.999999999999,237572.99999999994
0.101,2224.634801489899,143043.7386256386
0.102,3499.999999999999,226304.99999999994
0.102,1023.0,45997.0
0.102,3499.999999999999,216228.00000000006
0.102,2648.165337443037,90167.20749570377
0.102,3499.999999999999,211407.00000000006
0.102,902.0,60849.00000000002
0.102,1225.9999999999998,35982.99999999999
0.102,649.9999999999999,34285.000000000015
0.102,3499.999999999999,207764.0
0.102,3499.999999999999,158088.0
0.102,3499.999999999999,162702.00000000006
0.102,3499.999999999999,238622.00000000006
0.102,107.0,110.00000000000001
0.102,1235.0,46785.0
0.103,1093.0,86934.99999999999
0.103,1257.0,35233.99999999999
0.103,1003.9999999999998,31227.0
0.103,2019.2820506308678,101024.46235937113
0.103,3499.999999999999,252278.9999999999
0.103,3499.999999999999,140068.00000000003
0.103,3499.999999999999,228512.9999999999
0.103,3499.999999999999,162370.00000000003
0.103,1258.0000000000002,42562.0
0.103,3499.999999999999,87774.00000000003
0.103,1044.0000000000002,16548.0
0.103,2004.49494885869,120895.98876720428
0.103,1123.9999999999998,50967.99999999999
0.103,3499.999999999999,169127.0
0.103,325.0,18874.000000000004
0.103,3499.999999999999,202594.99999999997
0.104,3499.999999999999,57623.99999999999
0.104,3499.999999999999,94544.00000000004
0.104,3499.999999999999,162236.00000000003
0.104,936.0,13500.000000000004
0.104,3499.999999999999,216769.99999999997
0.104,3499.999999999999,155283.00000000003
0.104,97.0,98.0
0.104,3499.999999999999,216873.0
0.104,1011.9999999999999,9320.999999999998
0.104,541.7875739671179,14112.48286979641
0.104,3499.999999999999,112696.00000000003
0.104,3499.999999999999,268220.0
0.104,313.0,1361.0
0.104,3499.999999999999,173119.0
0.104,3499.999999999999,166578.00000000006
0.104,1034.0,39636.00000000001
0.104,1050.9999999999998,34092.000000000015
0.104,3499.999999999999,260109.00000000006
0.104,3499.999999999999,190866.99999999997
0.105,3499.999999999999,92740.99999999996
0.105,3499.999999999999,135776.5937560668
0.105,3499.999999999999,122675.0
0.105,1375.0000000000002,101261.99999999997
0.105,3499.999999999999,148114.0
0.105,1138.0,47010.00000000001
0.105,3499.999999999999,262294.0
0.105,1034.9999999999998,19455.0
0.105,1230.0000000000002,48161.999999999985
0.105,3499.999999999999,206129.99999999997
0.105,3499.999999999999,219991.0
0.105,3499.999999999999,87139.99999999997
0.105,3499.999999999999,157268.99999999997
0.105,3499.999999999999,116210.00000000001
0.105,2060.461113440387,93472.07742422337
0.105,3499.999999999999,290736.0
0.105,1627.0,159396.00000000003
0.105,3499.999999999999,114820.00000000003
0.106,3499.999999999999,214761.99999999994
0.106,3499.999999999999,98949.00000000003
0.106,3499.999999999999,99090.99999999996
0.106,69.0,104.0
0.106,3499.999999999999,136436.00000000003
0.106,1348.0,74644.00000000004
0.106,1431.0000000000002,28760.000000000007
0.106,3499.999999999999,210444.99999999997
0.106,3499.999999999999,190938.99999999994
0.106,1000.9999999999998,80709.99999999999
0.106,40.0,677.0
0.106,3499.999999999999,77823.0
0.106,1758.9999999999995,135016.00000000006
0.106,3499.999999999999,239996.00000000006
0.106,3499.999999999999,241119.0000000001
0.106,3499.999999999999,127305.0
0.106,3499.999999999999,189155.00000000003
0.107,1076.3363786474931,35504.19220317511
0.107,1200.0,76275.99999999999
0.107,1990.0000000000002,81423.00000000003
0.107,3499.999999999999,67674.00000000003
0.107,3499.999999999999,211294.99999999988
0.107,1427.0000000000002,33884.0
0.107,3499.999999999999,196296.00000000006
0.107,155.0,2670.9999999999995
0.107,3499.999999999999,275294.0
0.107,1331.9999999999998,89176.00000000003
0.107,3499.999999999999,193245.99999999994
0.107,1391.0,83282.0
0.107,3499.999999999999,199752.9999999999
0.107,1211.0000000000002,95685.0
0.108,3499.999999999999,242744.99999999997
0.108,3499.999999999999,206680.00000000003
0.108,3499.999999999999,228029.99999999994
0.108,625.0000000000001,12120.999999999996
0.108,3499.999999999999,260105.9999999999
0.108,3499.999999999999,150129.0
0.108,3499.999999999999,189309.00000000003
0.108,1196.3995987963217,54117.79374660431
0.108,3499.999999999999,133452.7101073635
0.108,3499.999999999999,160561.99999999997
0.108,1247.9999999999998,43400.000000000015
0.108,1092.0000000000002,83008.00000000001
0.108,1297.0,65428.99999999997
0.108,1027.0,50335.0
0.108,3499.999999999999,119354.00000000004
0.108,2399.4791101403653,93200.58404323434
0.109,3499.999999999999,95104.99999999996
0.109,3499.999999999999,105731.99999999997
0.109,393.0,8299.0
0.109,3499.999999999999,165532.00000000006
0.109,3499.999999999999,112631.00000000001
0.109,3499.999999999999,256159.0
0.109,551.8151864528558,3967.639222510031
0.109,3499.999999999999,153284.99999999997
0.109,1093.0,35526.0
0.109,168.0,2471.9999999999995
0.109,3499.999999999999,91320.99999999997
0.109,3499.999999999999,170925.00000000006
0.109,3499.999999999999,113413.99999999997
0.109,227.0,15611.999999999995
0.109,1149.0,85220.99999999997
0.109,3499.999999999999,173927.0
0.109,3499.999999999999,97637.00000000003
0.109,1559.9999999999998,68189.99999999999
0.11,3499.999999999999,282590.0000000001
0.11,1036.9999999999998,49506.000000000015
0.11,3499.999999999999,83923.0
0.11,653.4523701081816,8577.816272222208
0.11,3499.999999999999,93085.99999999997
0.11,1829.2074786639155,111554.56005919262
0.11,1289.0000000000002,67951.0
0.11,1238.9999999999998,45421.999999999985
0.11,64.0,570.0000000000001
0.11,3499.999999999999,265061.99999999994
0.11,3499.999999999999,87926.00000000003
0.11,135.0,139.0
0.11,3499.999999999999,113326.0
0.11,1827.0,93171.99999999999
0.11,3499.999999999999,213439.99999999997
0.11,3499.999999999999,141650.0
0.11,3499.999999999999,229222.00000000003
0.11,3499.999999999999,178595.00000000006
0.11,3499.999999999999,95161.99999999997
0.11,3499.999999999999,221937.0
0.111,3499.999999999999,253531.9999999999
0.111,3499.999999999999,180286.99999999994
0.111,1934.0,82970.99999999999
0.111,3499.999999999999,280932.99999999994
0.111,3499.999999999999,135756.99999999997
0.111,77.0,100.0
0.111,3499.999999999999,84013.00000000003
0.111,3499.999999999999,226470.00000000003
0.111,3499.999999999999,181277.85562500457
0.111,3499.999999999999,174601.00000000006
0.111,1488.0000000000005,80427.99999999997
0.111,3499.999999999999,198180.00000000006
0.111,3499.999999999999,177155.00000000003
0.111,3499.999999999999,220746.99999999997
0.111,1395.0,86890.00000000003
0.111,1343.0000000000002,69705.00000000001
0.111,3499.999999999999,111200.0
0.111,3499.999999999999,153948.0
0.111,3499.999999999999,108611.00000000003
0.111,3499.999999999999,255706.0
0.111,3499.999999999999,109570.00000000004
0.111,1233.9999999999998,52174.000000000015
0.112,3499.999999999999,142088.27126473168
0.112,3499.999999999999,80902.00000000001
0.112,3499.999999999999,88928.12068181808
0.112,1397.0,53609.99999999998
0.112,1376.0,146515.0
0.112,63.0,433.0
0.112,3499.999999999999,90934.0
0.112,82.0,92.0
0.112,3499.999999999999,230528.00000000003
0.112,66.0,706.9999999999999
0.112,3499.999999999999,281810.99999999994
0.112,3499.999999999999,126601.00000000003
0.112,3499.999999999999,247109.00000000006
0.112,1038.9999999999998,56369.00000000003
0.112,3499.999999999999,196861.00000000006
0.113,3499.999999999999,146865.0
0.113,3499.999999999999,44329.0
0.113,1554.0,136551.00000000006
0.113,3499.999999999999,92238.00000000001
0.113,3499.999999999999,92256.00000000003
0.113,3499.999999999999,199474.00000000006
0.113,3499.999999999999,142506.99999999994
0.113,1285.9999999999998,67182.0
0.113,1082.0000000000002,76532.0
0.113,3499.999999999999,153786.32292892618
0.113,1014.0,12821.0
0.113,1333.0,45493.000000000015
0.113,1049.0,23133.0
0.113,1025.0,18871.999999999996
0.113,1188.9999999999998,37857.999999999985
0.113,3499.999999999999,293263.0000000001
0.114,3499.999999999999,170341.0
0.114,3499.999999999999,210676.00000000003
0.114,1361.0,51394.99999999999
0.114,1393.9999999999998,125280.99999999997
0.114,128.0,455.00000000000006
0.114,3499.999999999999,197904.00000000003
0.114,3499.999999999999,190200.00000000003
0.114,3499.999999999999,100297.00000000004
0.114,3499.999999999999,212619.99999999994
0.114,3499.999999999999,110350.00000000003
0.114,164.0,511.00000000000006
0.114,3499.999999999999,103032.99999999994
0.114,3499.999999999999,159968.00000000006
0.114,3499.999999999999,178437.0
0.114,1303.0,41638.000000000015
0.114,3499.999999999999,110651.99999999997
0.114,3499.999999999999,91801.00000000003
0.114,1097.9999999999998,49515.000000000015
0.115,992.9999999999998,26557.000000000004
0.115,3499.999999999999,239673.99999999988
0.115,3499.999999999999,312962.0
0.115,1446.0000000000002,97859.99999999999
0.115,3499.999999999999,211014.0000000001
0.115,1454.0,75867.0
0.115,3499.999999999999,213220.90491788095
0.115,3499.999999999999,141420.99999999997
0.115,3499.999999999999,255546.0000000001
0.115,3499.999999999999,157168.99999999997
0.115,65.0,110.00000000000001
0.115,3499.999999999999,224567.99999999988
0.115,3499.999999999999,138357.99999999994
0.115,3499.999999999999,142310.00000000003
0.115,3499.999999999999,173011.99999999994
0.115,3499.999999999999,151754.99999999994
0.116,3499.999999999999,296377.00000000006
0.116,324.8076353782343,7398.343868731705
0.116,3499.999999999999,194705.00000000003
0.116,3499.999999999999,162786.9999999999
0.116,1238.0000000000002,38783.99999999999
0.116,62.0,151.0
0.116,3499.999999999999,181778.99999999994
0.116,3499.999999999999,241777.00000000006
0.116,1050.0,68995.00000000003
0.116,3499.999999999999,197319.99999999994
0.116,55.00000000000001,1233.9999999999998
0.116,1499.0,48037.00000000001
0.116,1033.0,33315.99999999999
0.117,3499.999999999999,154849.00000000003
0.117,3499.999999999999,108345.4349199818
0.117,3499.999999999999,189978.00000000003
0.117,3499.999999999999,117061.00000000003
0.117,3499.999999999999,279357.00000000006
0.117,3499.999999999999,201106.99999999997
0.117,3499.999999999999,138796.0
0.117,3499.999999999999,98250.0
0.117,3499.999999999999,199712.0
0.117,3499.999999999999,103797.99999999999
0.117,108.0,697.0
0.117,1011.9999999999999,67065.00000000001
0.117,3499.999999999999,93116.00000000003
0.117,411.00000000000006,21269.0
0.117,62.0,430.99999999999994
0.117,3499.999999999999,140734.99999999997
0.117,242.0,2750.0000000000005
0.117,1542.9999999999998,27361.999999999996
0.117,3499.999999999999,143713.41048072028
0.117,1236.0000000000002,101192.99999999996
0.117,1181.4998942022803,30199.62299433555
0.118,3499.999999999999,248542.99999999988
0.118,3499.999999999999,133184.99999999994
0.118,1168.0000000000002,18954.000000000004
0.118,3499.999999999999,167665.81240968595
0.118,3499.999999999999,93224.99999999997
0.118,3499.999999999999,167622.00000000006
0.118,3499.999999999999,97217.0
0.118,3499.999999999999,114113.00000000003
0.118,3499.999999999999,165078.99999999997
0.118,3499.999999999999,260661.99999999988
0.118,1954.993606127652,128962.99971697312
0.118,55.00000000000001,91.0
0.118,359.0,3761.999999999999
0.118,624.0,12044.999999999998
0.118,3499.999999999999,205778.9999999999
0.118,990.9999999999999,32665.000000000004
0.118,82.0,4059.0000000000005
0.119,3499.999999999999,66554.0
0.119,3499.999999999999,100149.99999999999
0.119,3499.999999999999,219060.00000000003
0.119,3499.999999999999,298968.0000000001
0.119,1115.0000000000002,86616.0
0.119,3499.999999999999,256230.00000000003
0.119,637.1812928829596,4648.371973067558
0.119,3499.999999999999,109701.0
0.119,3499.999999999999,119775.99999999997
0.119,999.0,38432.0
0.119,3499.999999999999,235085.0
0.119,1248.9999999999998,19531.000000000007
0.119,3499.999999999999,119602.00000000001
0.12,3499.999999999999,212810.00000000003
0.12,6.0,8.999999999999998
0.12,3499.999999999999,181994.00000000003
0.12,999.0,37565.0
0.12,1557.0000000000002,48421.99999999999
0.12,3499.999999999999,143577.99999999994
0.12,3499.999999999999,196284.99999999994
0.12,3499.999999999999,134252.00000000003
0.12,3499.999999999999,145923.00000000006
0.12,3499.999999999999,265607.99999999994
0.12,3499.999999999999,136409.0
0.12,1522.0,49481.00000000001
0.12,3499.999999999999,223070.00000000003
0.12,2328.4114756631825,158603.6814358355
0.12,3499.999999999999,198337.00000000003
0.12,3499.999999999999,107127.25434734148
0.12,126.0,2031.9999999999998
0.12,3499.999999999999,248610.00000000003
0.121,3499.999999999999,152986.99999999997
0.121,3499.999999999999,134918.00000000006
0.121,3499.999999999999,153814.00000000006
0.121,3499.999999999999,169401.00000000006
0.121,434.99999999999994,5399.0
0.121,59.0,530.0
0.121,3499.999999999999,137943.0
0.121,3499.999999999999,145385.9999999999
0.121,3499.999999999999,231388.00000000006
0.121,157.0,2653.0000000000005
0.121,3499.999999999999,164173.00000000006
0.121,3499.999999999999,111418.99999999999
0.121,3499.999999999999,225983.0000000001
0.122,3499.999999999999,157531.99999999994
0.122,1171.0,84375.00000000003
0.122,3499.999999999999,187569.0
0.122,3499.999999999999,164091.00000000003
0.122,1330.9999999999998,90698.00000000001
0.122,3499.999999999999,138172.99999999997
0.122,3499.999999999999,239576.99999999994
0.122,3499.999999999999,194626.99999999994
0.122,3499.999999999999,157576.99999999994
0.122,3499.999999999999,93913.99999999997
0.122,149.0,1261.0
0.122,3499.999999999999,139840.0
0.122,822.0000000000001,25201.999999999996
0.122,3499.999999999999,246873.99999999988
0.122,3499.999999999999,233917.00000000006
0.122,1162.0,34079.999999999985
0.122,3499.999999999999,149186.0
0.122,3499.999999999999,121500.0
0.122,3499.999999999999,165988.53974898387
0.122,3499.999999999999,105316.00000000006
0.122,955.6542261717885,22946.60770135753
0.122,3499.999999999999,261214.99999999997
0.122,3499.999999999999,144306.99999999997
0.123,3499.999999999999,238106.99999999997
0.123,1165.9999999999998,35423.0
0.123,3499.999999999999,136429.00000000003
0.123,3499.999999999999,142221.00000000006
0.123,71.0,376.99999999999994
0.123,1038.0,24861.999999999996
0.123,3499.999999999999,309339.0000000002
0.123,3499.999999999999,138901.00000000003
0.123,1144.0,80262.00000000003
0.123,522.0,24712.000000000004
0.123,3499.999999999999,78433.00000000004
0.123,2025.0000000000005,107966.00000000006
0.123,3499.999999999999,162852.99999999997
0.123,3499.999999999999,243420.00000000006
0.123,3499.999999999999,99862.00000000001
0.123,84.0,1482.0000000000005
0.124,3499.999999999999,133817.0
0.124,3499.999999999999,231309.0
0.124,61.0,615.0000000000001
0.124,3499.999999999999,188082.99999999994
0.124,3499.999999999999,243390.00000000006
0.124,1012.9999999999999,14671.000000000004
0.124,1439.9999999999998,108722.00000000003
0.124,1471.0,27703.99999999999
0.124,3499.999999999999,270381.00000000006
0.124,61.0,106.0
0.124,3499.999999999999,89780.0
0.124,1919.7656106931386,115909.60857927178
0.124,53.0,99.0
0.124,3499.999999999999,168100.00000000006
0.124,1401.0000000000002,110900.99999999997
0.124,3499.999999999999,120742.00000000003
0.124,3499.999999999999,116794.99999999996
0.124,1195.0,55793.99999999999
0.125,3499.999999999999,62237.000000000015
0.125,3499.999999999999,113956.99999999997
0.125,3499.999999999999,200454.99999999994
0.125,1203.0,19746.0
0.125,3499.999999999999,142961.00000000003
0.125,1608.2599292402956,40504.50725536602
0.125,3499.999999999999,122526.00000000003
0.125,3499.999999999999,108946.00000000003
0.125,3499.999999999999,127793.99999999999
0.125,399.0,22560.000000000007
0.125,3499.999999999999,174588.0
0.125,280.2498884923953,3223.1897244810134
0.125,3499.999999999999,220325.0
0.125,3499.999999999999,192185.9999999999
0.126,3499.999999999999,168040.99999999994
0.126,1510.9999999999998,39920.00000000001
0.126,3499.999999999999,175884.00000000003
0.126,3499.999999999999,110558.99999999999
0.126,3499.999999999999,174545.00000000006
0.126,3499.999999999999,104736.00000000001
0.126,3499.999999999999,186909.0
0.126,3499.999999999999,144566.00000000006
0.126,3499.999999999999,260866.99999999997
0.126,97.0,99.0
0.126,1320.0,32913.00000000001
0.126,3499.999999999999,102215.00000000001
0.126,1396.0,37849.999999999985
0.126,64.0,532.0
0.126,3499.999999999999,107271.00000000003
0.126,3499.999999999999,104876.99999999997
0.126,3499.999999999999,217724.9999999999
0.127,2069.7825972792407,60817.47209478535
0.127,1155.0000000000002,59242.999999999985
0.127,1082.0000000000002,78772.99999999999
0.127,3499.999999999999,120352.99999999996
0.127,3499.999999999999,84599.99999999997
0.127,3499.999999999999,200275.99999999994
0.127,3499.999999999999,134252.00000000003
0.127,3499.999999999999,131893.00000000006
0.127,3499.999999999999,100987.00000000001
0.127,3499.999999999999,220140.99999999994
0.127,3499.999999999999,214232.99999999994
0.128,3499.999999999999,258441.9999999999
0.128,2163.215199650741,93832.32283174063
0.128,3499.999999999999,209838.00000000006
0.128,3499.999999999999,255402.99999999997
0.128,3499.999999999999,135676.0
0.128,1093.0,53385.0
0.128,1281.0000000000002,53833.000000000015
0.128,3499.999999999999,187873.0
0.129,3499.999999999999,321968.00000000023
0.129,3499.999999999999,272757.99999999994
0.129,3499.999999999999,231769.99999999994
0.129,3499.999999999999,236231.0000000001
0.129,1330.0000000000002,40272.0
0.129,3499.999999999999,178633.9999999999
0.129,3499.999999999999,246819.99999999994
0.129,1507.9999999999998,64877.00000000001
0.129,3499.999999999999,160689.00000000006
0.129,3499.999999999999,122877.00000000004
0.129,3499.999999999999,244638.0
0.129,3499.999999999999,216492.99999999997
0.129,79.0,1028.0
0.129,3499.999999999999,228844.99999999994
0.129,3499.999999999999,175810.99999999994
0.129,1661.0000000000002,83851.00000000003
0.129,3499.999999999999,243872.99999999994
0.129,3499.999999999999,215010.9999999999
0.129,65.0,156.0
0.13,721.0,34059.0
0.13,3499.999999999999,249727.0000000001
0.13,3499.999999999999,214173.00000000006
0.13,3499.999999999999,97649.99999999997
0.13,271.0,15006.999999999996
0.13,3499.999999999999,105379.0
0.13,3499.999999999999,117970.0
0.13,3499.999999999999,248516.0000000001
0.13,2431.357645431869,130354.81117703328
0.13,375.0,6951.000000000001
0.13,3499.999999999999,184372.99999999994
0.13,3499.999999999999,220096.00000000006
0.13,3499.999999999999,144896.00000000006
0.13,473.2863826479693,10386.44583098569
0.13,3499.999999999999,142055.0
0.13,3499.999999999999,239038.00000000012
0.131,3499.999999999999,139167.0
0.131,120.0,2110.0
0.131,3499.999999999999,117510.00000000001
0.131,1065.0,32901.0
0.131,3499.999999999999,263725.00000000006
0.131,3499.999999999999,196744.0
0.131,3499.999999999999,125822.00000000004
0.131,3499.999999999999,121584.00000000004
0.131,3499.999999999999,114461.00000000003
0.131,927.9008567729635,8853.761234639205
0.131,570.5260730238364,4909.564237282164
0.132,3499.999999999999,88808.0
0.132,3499.999999999999,116611.99999999994
0.132,3499.999999999999,207772.00000000003
0.132,67.0,634.0
0.132,3499.999999999999,185533.9999999999
0.132,169.64374435858224,692.056356086699
0.132,3499.999999999999,195526.99999999994
0.132,3499.999999999999,185640.0
0.132,3499.999999999999,312335.99999999977
0.132,3499.999999999999,101382.0
0.132,3499.999999999999,94780.0
0.132,3499.999999999999,112521.14454625848
0.132,3499.999999999999,187193.9999999999
0.132,3499.999999999999,127536.99999999994
0.132,3499.999999999999,136356.00000000003
0.132,3499.999999999999,105280.00000000001
0.132,3499.999999999999,204853.99999999994
0.133,3499.999999999999,197006.99999999997
0.133,3499.999999999999,196177.66688387332
0.133,3499.999999999999,179395.00000000006
0.133,3499.999999999999,237784.99999999994
0.133,3499.999999999999,184959.00000000003
0.133,3499.999999999999,202552.99999999994
0.133,73.0,398.0
0.133,3499.999999999999,178864.00000000003
0.133,1340.9999999999995,104153.99999999996
0.133,3499.999999999999,74854.00000000001
0.133,3499.999999999999,178755.00000000003
0.133,3499.999999999999,105050.0
0.133,3499.999999999999,217183.0000000001
0.133,3499.999999999999,304721.9999999999
0.133,113.99999999999999,1476.0000000000002
0.133,3499.999999999999,190348.00000000006
0.133,3499.999999999999,123524.0
0.134,100.0,1141.0000000000002
0.134,3499.999999999999,194310.06184961187
0.134,3499.999999999999,41857.0
0.134,3499.999999999999,271257.99999999994
0.134,3499.999999999999,270823.9999999999
0.134,1003.9999999999998,27885.000000000004
0.134,109.00000000000001,6772.0
0.134,3499.999999999999,139701.00000000003
0.134,3499.999999999999,119775.99999999997
0.134,3499.999999999999,173053.99999999997
0.134,3499.999999999999,198835.0
0.134,62.0,576.0000000000001
0.134,3499.999999999999,276451.0
0.134,3499.999999999999,163433.41107619347
0.134,3499.999999999999,109552.00000000004
0.135,3499.999999999999,229164.0000000001
0.135,1471.0,40787.999999999985
0.135,3499.999999999999,224770.9999999999
0.135,3499.999999999999,114947.99999999996
0.135,56.99999999999999,64.0
0.135,3499.999999999999,202451.0
0.135,3499.999999999999,234001.1299972715
0.135,1946.0,92663.99999999999
0.135,3499.999999999999,177724.93481501125
0.135,3499.999999999999,150729.99999999997
0.135,3499.999999999999,227076.00000000003
0.135,673.0,36632.00000000001
0.135,3499.999999999999,157391.0
0.135,3499.999999999999,100166.0
0.135,3499.999999999999,247521.99999999997
0.135,3499.999999999999,326424.9999999997
0.135,3499.999999999999,49731.000000000015
0.135,615.0000000000001,23621.999999999996
0.136,3499.999999999999,126817.99999999999
0.136,3499.999999999999,198854.0
0.136,3499.999999999999,202743.00000000006
0.136,1128.9999999999998,38824.999999999985
0.136,3499.999999999999,288633.99999999994
0.136,3499.999999999999,238700.0000000001
0.136,3499.999999999999,150889.00000000003
0.136,3499.999999999999,81030.00000000001
0.136,60.0,422.0
0.136,450.55521304275226,9959.6644521791
0.136,1198.0,30795.00000000001
0.136,1112.0,36814.00000000001
0.136,3499.999999999999,227585.00000000003
0.136,167.0,1660.0000000000005
0.136,3499.999999999999,245618.0000000001
0.136,2321.243017008775,52912.403709641236
0.136,1294.0,70170.00000000001
0.136,3499.999999999999,98936.00000000003
0.136,3499.999999999999,52722.99999999999
0.137,3499.999999999999,161412.99999999994
0.137,3499.999999999999,115721.99999999999
0.137,3499.999999999999,134042.32568483727
0.137,1180.0,25922.000000000004
0.137,3499.999999999999,74317.99999999997
0.137,326.0,745.0000000000001
0.137,1035.9999999999998,28913.0
0.137,3499.999999999999,284858.99999999994
0.137,3499.999999999999,81181.00000000001
0.137,494.00000000000006,9998.999999999996
0.137,3499.999999999999,243731.0000000001
0.137,3499.999999999999,313256.99999999977
0.137,3499.999999999999,103531.99999999997
0.138,3499.999999999999,241855.99999999994
0.138,287.0,3622.999999999999
0.138,3499.999999999999,186560.99999999997
0.138,3499.999999999999,173542.99999999994
0.138,3499.999999999999,70765.00000000001
0.138,3499.999999999999,201822.00000000006
0.138,3499.999999999999,178799.99999999994
0.138,3499.999999999999,110757.16520388189
0.138,1693.0000000000002,70372.99999999997
0.138,3499.999999999999,86087.00000000003
0.138,3499.999999999999,195240.99999999997
0.138,1575.9999999999995,61616.99999999997
0.138,3499.999999999999,134670.00000000006
0.138,1462.0000000000002,78806.0
0.138,1098.9999999999998,31958.999999999985
0.138,3499.999999999999,228910.0000000001
0.138,3499.999999999999,176785.0
0.139,3499.999999999999,154046.00000000003
0.139,2209.637979398435,117505.99082174494
0.139,3499.999999999999,103512.00000000001
0.139,56.99999999999999,514.0
0.139,3499.999999999999,175421.00000000006
0.139,62.0,497.0
0.139,3499.999999999999,282464.99999999994
0.139,3499.999999999999,211189.9999999999
0.139,3499.999999999999,199121.99999999997
0.139,3499.999999999999,166306.00000000003
0.139,3499.999999999999,195221.00000000003
0.139,1725.8331321422709,34313.73142052609
0.139,3499.999999999999,184496.00000000003
0.139,664.0,11901.000000000004
0.139,81.0,93.0
0.139,3499.999999999999,113913.84747255272
0.14,3499.999999999999,172831.00000000003
0.14,3499.999999999999,95583.99999999999
0.14,3499.999999999999,194121.99999999997
0.14,3499.999999999999,269382.0000000001
0.14,3499.999999999999,241139.0
0.14,3499.999999999999,162235.0
0.14,3499.999999999999,179395.00000000006
0.14,1188.9999999999998,31243.0
0.14,3499.999999999999,220437.9999999999
0.14,2224.634801489899,90338.19608559828
0.14,3499.999999999999,80024.0
0.14,83.0,738.0
0.14,1031.0000000000002,24963.000000000004
0.14,3499.999999999999,179940.00000000003
0.14,3499.999999999999,175792.99999999994
0.14,183.0,350.0
0.14,3499.999999999999,103512.00000000001
0.141,3499.999999999999,248123.99999999994
0.141,3499.999999999999,259502.0000000001
0.141,3499.999999999999,309833.00000000006
0.141,3499.999999999999,175412.00000000003
0.141,3499.999999999999,134932.0
0.141,3499.999999999999,245609.00000000006
0.141,3499.999999999999,98721.00000000004
0.141,3499.999999999999,223453.53695567223
0.141,3499.999999999999,171944.99999999994
0.141,1135.0,58288.99999999998
0.141,3499.999999999999,139868.00000000003
0.141,3499.999999999999,239730.9999999999
0.141,505.4700782440044,9135.789839964578
0.141,3499.999999999999,83496.00000000004
0.141,1327.0000000000002,34054.99999999999
0.141,3499.999999999999,87977.99999999996
0.142,563.0,8818.999999999998
0.142,53.0,135.0
0.142,3499.999999999999,174914.0
0.142,3499.999999999999,117773.99999999997
0.142,3499.999999999999,187983.00000000003
0.142,1198.9999999999998,39848.000000000015
0.142,3499.999999999999,205964.0
0.142,3499.999999999999,204268.99999999994
0.142,480.62459362791657,10614.279391461292
0.142,3499.999999999999,137980.00000000003
0.142,1053.9999999999998,45281.000000000015
0.142,3499.999999999999,116370.00000000004
0.142,1107.0000000000002,40527.000000000015
0.142,3499.999999999999,140816.00000000006
0.142,1258.0000000000002,61522.99999999999
0.142,3499.999999999999,274958.00000000006
0.142,3499.999999999999,175135.0
0.143,3499.999999999999,183696.99999999994
0.143,3499.999999999999,258239.9999999999
0.143,3499.999999999999,60579.99999999999
0.143,3499.999999999999,73331.0
0.143,1441.0000000000005,29405.99999999999
0.143,628.0,50624.99999999998
0.143,74.0,88.0
0.143,3499.999999999999,144819.68126604898
0.143,3499.999999999999,208228.99999999994
0.143,1845.3996857049692,107434.9957881509
0.143,1003.9999999999998,8493.999999999998
0.143,3499.999999999999,101543.99999999999
0.143,3499.999999999999,239399.99999999994
0.143,1863.0,70467.99999999999
0.143,3499.999999999999,111661.99999999997
0.144,3499.999999999999,114861.00000000001
0.144,1138.0,77348.00000000003
0.144,3499.999999999999,101974.00000000004
0.144,349.5897595754201,2714.236540907958
0.144,129.0,1995.9999999999998
0.144,3499.999999999999,197712.5364158782
0.144,1392.4798023669857,32828.26678336826
0.144,3499.999999999999,156510.9999999999
0.144,3499.999999999999,131668.73391963638
0.144,3499.999999999999,176261.9999999999
0.144,3499.999999999999,144381.5825102841
0.144,3499.999999999999,158870.99999999994
0.144,3499.999999999999,161646.00000000003
0.144,3499.999999999999,162705.22971312256
0.145,3499.999999999999,98780.00000000003
0.145,3499.999999999999,214556.00000000003
0.145,3499.999999999999,247837.99999999997
0.145,3499.999999999999,275531.00000000006
0.145,1060.0,33159.0
0.145,1556.0000000000005,64508.00000000003
0.145,3499.999999999999,91566.00000000003
0.145,3499.999999999999,102159.00000000004
0.145,3499.999999999999,199182.00000000003
0.145,1094.0,21048.999999999996
0.145,3499.999999999999,88069.00000000001
0.145,1213.0000000000002,31821.00000000001
0.145,3499.999999999999,234344.99999999997
0.145,3499.999999999999,150296.99999999997
0.145,3499.999999999999,120448.99999999996
0.145,1208.9999999999998,65913.99999999997
0.145,3499.999999999999,84558.00000000001
0.146,809.0117428072352,6567.504853443201
0.146,1414.0,72624.00000000001
0.146,3499.999999999999,130990.00000000001
0.146,3499.999999999999,167503.00000000003
0.146,1673.0,82907.99999999997
0.146,3499.999999999999,259207.00000000012
0.146,82.0,188.0
0.146,1562.9999999999998,49207.999999999985
0.146,3499.999999999999,57376.00000000001
0.146,3499.999999999999,150735.0
0.146,223.0,1501.9999999999995
0.146,3499.999999999999,314464.00000000023
0.146,3499.999999999999,54580.00000000001
0.146,1077.0000000000002,35634.999999999985
0.146,3499.999999999999,102080.0
0.146,3499.999999999999,221248.00000000006
0.146,3499.999999999999,190277.99999999994
0.146,3499.999999999999,143845.00000000006
0.146,3499.999999999999,198642.0
0.146,3499.999999999999,114041.00000000003
0.146,1550.9999999999998,77883.00000000003
0.146,3499.999999999999,260457.99999999994
0.146,1214.0000000000002,12513.000000000004
0.147,3499.999999999999,151162.99999999994
0.147,3499.999999999999,142763.00000000006
0.147,3499.999999999999,291107.0000000002
0.147,3499.999999999999,128320.00000000004
0.147,3499.999999999999,161820.00000000003
0.147,3499.999999999999,119509.54886535215
0.147,3499.999999999999,203926.0000000001
0.147,3499.999999999999,223615.00000000006
0.147,3499.999999999999,222798.0000000001
0.147,3499.999999999999,140483.99999999997
0.147,994.9999999999999,25769.999999999993
0.147,1113.9999999999998,16005.000000000002
0.147,3499.999999999999,265363.0000000001
0.147,3499.999999999999,198360.6416353809
0.147,3499.999999999999,53750.999999999985
0.147,61.0,192.0
0.147,3499.999999999999,103124.99999999997
0.147,3499.999999999999,228681.0
0.147,3499.999999999999,102098.99999999997
0.147,60.0,486.00000000000006
0.148,3499.999999999999,102011.00000000003
0.148,3499.999999999999,175280.0
0.148,63.0,540.0
0.148,3499.999999999999,81158.0
0.148,3499.999999999999,217393.99999999997
0.148,3499.999999999999,288946.00000000006
0.148,3499.999999999999,216942.00000000006
0.148,746.0,4280.999999999999
0.148,3499.999999999999,121825.0
0.148,1583.9999999999995,72712.0
0.148,3499.999999999999,234947.99999999994
0.148,1426.0000000000002,51459.00000000003
0.148,3499.999999999999,121864.99999999999
0.148,95.0,149.0
0.148,3499.999999999999,200628.00000000003
0.148,3499.999999999999,92243.00000000001
0.148,66.0,534.0
0.148,3499.999999999999,178197.16852969347
0.148,72.0,155.0
0.148,3499.999999999999,125590.00000000001
0.148,1111.0,4968.999999999999
0.148,3499.999999999999,256563.99999999988
0.149,1131.9999999999998,15615.000000000005
0.149,1329.0,17246.000000000004
0.149,3499.999999999999,108549.60764553685
0.149,480.62459362791657,5907.425327500976
0.149,1435.170721551969,18678.71047476243
0.149,3499.999999999999,59108.000000000015
0.149,3499.999999999999,166238.0
0.149,3499.999999999999,108253.99999999996
0.149,1018.9999999999998,33538.99999999998
0.149,3499.999999999999,190535.9999999999
0.149,3499.999999999999,104932.0
0.149,603.9999999999999,9049.0
0.149,3499.999999999999,222200.0000000001
0.149,809.0117428072352,15170.835375812365
0.149,3499.999999999999,230023.0000000001
0.149,270.0,1162.0
0.149,3499.999999999999,161896.1262322234
0.149,1067.9999999999998,23559.999999999993
0.149,1426.0000000000002,37113.000000000015
0.15,3499.999999999999,118018.00000000003
0.15,3499.999999999999,259160.0
0.15,3499.999999999999,113865.00000000001
0.15,3499.999999999999,139230.99999999994
0.15,3499.999999999999,298404.00000000006
0.15,855.9999999999999,33183.00000000001
0.15,3499.999999999999,275312.0
0.15,1165.9999999999998,50158.00000000001
0.15,3499.999999999999,91666.99999999999
0.15,3499.999999999999,197933.0000000001
0.15,3499.999999999999,246335.0000000001
0.15,3499.999999999999,99380.0
0.15,3499.999999999999,86434.00000000001
0.15,3499.999999999999,249216.0
0.15,263.0,815.0
0.15,3499.999999999999,122694.00000000003
0.15,3499.999999999999,112870.00000000003
0.15,1351.9999999999998,35063.0
0.15,3499.999999999999,105718.0
0.15,3499.999999999999,127068.99999999996
0.15,3499.999999999999,255536.0
0.15,3499.999999999999,205742.00000000006
0.15,298.0,10993.000000000004
0.15,3499.999999999999,188275.99999999994
0.151,3499.999999999999,207920.00000000006
0.151,3499.999999999999,224258.0
0.151,3499.999999999999,255092.99999999988
0.151,3499.999999999999,164901.0
0.151,3499.999999999999,102324.00000000003
0.151,3499.999999999999,199601.00000000003
0.151,97.0,189.0
0.151,697.0,12064.000000000002
0.151,3499.999999999999,270319.99999999994
0.151,3499.999999999999,124534.99999999994
0.151,3499.999999999999,175970.00000000003
0.151,3499.999999999999,197720.00000000006
0.151,3499.999999999999,199226.99999999994
0.151,3499.999999999999,99684.99999999997
0.151,3499.999999999999,195827.00000000006
0.151,3499.999999999999,206639.0
0.151,3499.999999999999,251928.00000000003
0.152,1464.0000000000005,62516.99999999999
0.152,3499.999999999999,195122.99999999994
0.152,3499.999999999999,138577.00000000003
0.152,3499.999999999999,274270.0
0.152,3499.999999999999,189269.0000000001
0.152,3499.999999999999,112580.00000000001
0.152,3499.999999999999,201056.00000000003
0.152,83.0,1371.0000000000005
0.152,3499.999999999999,110928.00000000004
0.152,3499.999999999999,215883.9999999999
0.152,3499.999999999999,105680.99999999997
0.152,3499.999999999999,200128.99999999997
0.152,3499.999999999999,129724.99999999996
0.152,3499.999999999999,256576.00000000003
0.152,3499.999999999999,128345.99999999996
0.152,1650.9999999999998,35486.0
0.152,3499.999999999999,150283.99999999997
0.152,1074.7092630102336,53027.73802454715
0.152,3499.999999999999,103525.00000000003
0.152,3499.999999999999,118384.00000000001
0.152,282.0,1796.9999999999995
0.153,3499.999999999999,148748.00000000006
0.153,3499.999999999999,89572.00000000004
0.153,3499.999999999999,155554.00000000003
0.153,3499.999999999999,91961.00000000003
0.153,176.0,1355.0000000000005
0.153,3499.999999999999,91859.00000000004
0.153,329.1230772826481,2164.618673115429
0.153,66.0,612.0
0.153,3499.999999999999,135609.0
0.153,3499.999999999999,280879.0000000001
0.153,3499.999999999999,291436.0000000001
0.153,3499.999999999999,174172.0
0.153,1083.9999999999998,53920.00000000001
0.154,172.0,957.9999999999998
0.154,3499.999999999999,143832.99999999994
0.154,1188.0,65108.000000000015
0.154,3499.999999999999,144320.99999999997
0.154,3499.999999999999,250698.99999999994
0.154,3499.999999999999,277526.9999999999
0.154,3499.999999999999,60759.000000000015
0.154,3499.999999999999,84157.33395254392
0.154,1107.0000000000002,40243.99999999999
0.154,1246.0,37805.0
0.154,3499.999999999999,147672.99999999994
0.154,3499.999999999999,93721.0
0.154,3499.999999999999,249263.0
0.154,3499.999999999999,100203.0
0.155,1744.0000000000002,37032.0
0.155,3499.999999999999,119034.99999999994
0.155,3499.999999999999,180609.99999999997
0.155,3499.999999999999,234807.00000000006
0.155,359.99999999999994,2512.0
0.155,3499.999999999999,99500.0
0.155,3499.999999999999,236082.9999999999
0.155,3499.999999999999,94895.99999999996
0.155,3499.999999999999,221104.00000000003
0.155,1107.0000000000002,59186.000000000015
0.155,1185.0,94046.0
0.155,180.0,673.0
0.155,1093.0,15914.000000000002
0.155,3499.999999999999,219655.8245301043
0.155,3499.999999999999,154530.99999999994
0.155,377.99999999999994,1531.9999999999998
0.155,2111.052835161631,105418.60028793903
0.156,3499.999999999999,215455.2186047022
0.156,3499.999999999999,178182.00000000003
0.156,3499.999999999999,95464.00000000001
0.156,3499.999999999999,239153.00000000003
0.156,3499.999999999999,271451.9999999999
0.156,1306.9047402163633,25517.12115423681
0.156,1141.0000000000002,34791.99999999999
0.156,3499.999999999999,55842.00000000002
0.156,3499.999999999999,165288.00000000003
0.156,1053.9999999999998,17590.999999999993
0.156,84.0,643.0
0.156,1366.0000000000002,47805.999999999985
0.156,815.9999999999999,10847.999999999996
0.156,3499.999999999999,160669.00000000006
0.156,3499.999999999999,248448.0
0.156,3499.999999999999,131137.00000000003
0.156,3499.999999999999,277193.0
0.156,3499.999999999999,162504.0
0.156,1291.0,44573.00000000002
0.156,3499.999999999999,198322.9999999999
0.156,426.0,1334.9999999999998
0.156,3499.999999999999,151936.00000000006
0.156,3499.999999999999,199695.99999999997
0.157,3499.999999999999,136109.0
0.157,1086.9999999999998,40996.999999999985
0.157,3499.999999999999,128217.00000000006
0.157,3499.999999999999,102080.0
0.157,3499.999999999999,116308.79207953287
0.157,3499.999999999999,122071.00000000004
0.157,3499.999999999999,157047.00000000006
0.157,334.4966367543925,3289.517441814224
0.157,3499.999999999999,191760.00000000006
0.157,1090.9999999999998,14746.999999999995
0.157,3499.999999999999,138067.00000000003
0.157,1100.9999999999998,85863.00000000003
0.157,1165.0000000000002,53250.99999999998
0.157,3499.999999999999,142120.0
0.157,2723.4469168182422,99147.56342835906
0.157,3499.999999999999,197543.00000000006
0.157,3499.999999999999,199916.0000000001
0.157,3499.999999999999,153989.00000000006
0.157,3499.999999999999,235055.00000000003
0.157,1056.0,14353.999999999993
0.158,3499.999999999999,197145.55605947596
0.158,3499.999999999999,159125.00000000006
0.158,64.0,537.0
0.158,3499.999999999999,189002.00000000003
0.158,82.0,244.0
0.158,3499.999999999999,157588.0
0.158,3499.999999999999,180897.00000000006
0.158,3499.999999999999,231116.9999999999
0.158,1635.0000000000005,55448.99999999998
0.158,3499.999999999999,200166.00000000003
0.158,1387.0,36375.000000000015
0.158,1311.2398712668862,25368.913181293374
0.158,3499.999999999999,228132.00000000003
0.159,3499.999999999999,183152.48532029262
0.159,3499.999999999999,289671.0000000001
0.159,250.99999999999997,4626.000000000001
0.159,3499.999999999999,146309.00000000003
0.159,3499.999999999999,138062.00000000003
0.159,3499.999999999999,146253.00000000003
0.159,56.00000000000001,461.00000000000006
0.159,3499.999999999999,158963.99999999997
0.159,3499.999999999999,117639.00000000003
0.159,3499.999999999999,110950.99999999997
0.159,3499.999999999999,215887.9999999999
0.159,3499.999999999999,246087.94629156467
0.159,61.0,914.0
0.159,3499.999999999999,121909.99999999999
0.159,413.0,6446.999999999998
0.159,3499.999999999999,132362.0
0.159,3499.999999999999,118481.0
0.159,3499.999999999999,85649.99999999997
0.159,3499.999999999999,107909.00000000004
0.159,135.0,149.0
0.16,3499.999999999999,162089.00000000006
0.16,3499.999999999999,254452.0000000001
0.16,3499.999999999999,210256.0000000001
0.16,3499.999999999999,95987.99999999996
0.16,3499.999999999999,78119.0
0.16,163.0,211.0
0.16,62.0,113.99999999999999
0.16,3499.999999999999,117319.00000000003
0.16,1982.548864467153,51548.205933863515
0.16,3499.999999999999,110269.0
0.16,1964.0,122279.00000000001
0.16,3499.999999999999,112650.0
0.16,1093.0,30576.999999999993
0.16,1207.9999999999998,23668.999999999993
0.16,3499.999999999999,98009.00000000004
0.16,3499.999999999999,137138.00000000003
0.161,1012.9999999999999,8645.999999999998
0.161,3499.999999999999,98227.0
0.161,3499.999999999999,135205.00000000003
0.161,3499.999999999999,260773.00000000015
0.161,3499.999999999999,147020.00000000003
0.161,3499.999999999999,147565.0000000001
0.161,3499.999999999999,180631.00000000006
0.161,3499.999999999999,279371.99999999994
0.161,2215.964801164495,97749.44728232484
0.161,3499.999999999999,192602.00000000006
0.161,3499.999999999999,191569.99999999994
0.161,3499.999999999999,129141.00000000001
0.161,3499.999999999999,103727.00000000001
0.162,1222.0,17968.999999999996
0.162,3499.999999999999,162509.0
0.162,3499.999999999999,108855.99999999994
0.162,1138.0,13730.999999999998
0.162,3499.999999999999,199502.00000000006
0.162,65.0,515.0
0.162,3499.999999999999,100516.00000000001
0.162,3499.999999999999,131267.0
0.162,3499.999999999999,198742.00000000006
0.162,3499.999999999999,270643.99999999994
0.162,3499.999999999999,138862.00000000003
0.162,3499.999999999999,82025.0
0.162,3499.999999999999,146481.00000000003
0.162,3499.999999999999,183758.99999999997
0.162,1678.9999999999995,44051.999999999985
0.162,3499.999999999999,194101.0
0.162,3499.999999999999,242676.9999999999
0.162,331.99999999999994,661.0
0.163,3499.999999999999,118003.00000000004
0.163,3499.999999999999,116425.67497764394
0.163,3499.999999999999,68995.00000000003
0.163,3499.999999999999,146730.99999999994
0.163,511.99999999999994,10518.0
0.163,3499.999999999999,170570.00000000003
0.163,3499.999999999999,303815.99999999994
0.163,66.0,705.0000000000001
0.163,665.0,8366.000000000002
0.163,3499.999999999999,199306.00000000003
0.163,3499.999999999999,216240.99999999994
0.163,3499.999999999999,113646.99999999996
0.163,1395.0,55739.999999999985
0.163,331.0,8439.000000000004
0.163,3499.999999999999,142376.00000000003
0.163,165.0,283.0
0.163,109.00000000000001,1142.0
0.163,3499.999999999999,130053.00000000004
0.163,235.0,11099.999999999996
0.163,107.0,211.0
0.163,3499.999999999999,128997.00000000004
0.163,3499.999999999999,95726.99999999997
0.163,3499.999999999999,228022.99999999994
0.164,3499.999999999999,238459.0
0.164,3499.999999999999,103717.0
0.164,3499.999999999999,213290.99999999994
0.164,978.9999999999999,22388.000000000007
0.164,3499.999999999999,104721.99999999999
0.164,66.0,693.0
0.164,2214.3847904101945,135737.09872028365
0.164,3499.999999999999,144750.99999999997
0.164,3499.999999999999,139708.00000000003
0.164,3499.999999999999,247883.00000000003
0.164,3499.999999999999,134276.0
0.164,1203.0,45367.000000000015
0.164,3499.999999999999,155716.99999999997
0.164,3499.999999999999,63959.000000000015
0.164,3499.999999999999,156933.99999999994
0.164,1053.328059058525,19002.822948183246
0.164,3499.999999999999,178369.99999999997
0.164,1814.9999999999995,56614.0
0.164,3499.999999999999,144593.89725711115
0.164,62.0,471.0
0.164,3499.999999999999,255769.00000000006
0.164,1706.9999999999998,116545.00000000003
0.164,3499.999999999999,177050.99999999997
0.164,3499.999999999999,237783.99999999997
0.165,365.0,7850.999999999997
0.165,3499.999999999999,130904.99999999996
0.165,3499.999999999999,233907.00000000006
0.165,888.0000000000001,43808.99999999998
0.165,1083.9999999999998,17928.999999999996
0.165,73.0,147.0
0.165,3499.999999999999,164916.0
0.165,159.0,1250.0000000000002
0.165,3499.999999999999,180758.99999999994
0.165,3499.999999999999,93702.99999999996
0.165,3499.999999999999,154534.99999999994
0.165,3499.999999999999,135391.00000000003
0.165,3499.999999999999,171304.4200538912
0.165,3499.999999999999,215921.99999999994
0.165,2046.0,62724.0
0.165,3499.999999999999,185361.9999999999
0.165,3499.999999999999,189536.99999999994
0.165,3499.999999999999,254549.9999999999
0.166,3499.999999999999,194183.9999999999
0.166,3499.999999999999,211933.0
0.166,3499.999999999999,150067.00000000006
0.166,3499.999999999999,76031.0
0.166,204.99999999999997,405.99999999999994
0.166,3499.999999999999,151642.99999999997
0.166,1128.0,55482.00000000001
0.166,1361.9999999999998,34602.999999999985
0.166,3499.999999999999,265872.0
0.166,3499.999999999999,242951.00000000006
0.166,3499.999999999999,163640.00000000006
0.166,1959.4642124825864,92503.86058970731
0.166,3499.999999999999,162954.00000000006
0.166,3499.999999999999,245676.9999999999
0.166,3499.999999999999,137780.99999999997
0.166,3499.999999999999,176447.00000000006
0.166,62.0,88.0
0.166,3499.999999999999,226261.99999999994
0.166,3499.999999999999,286449.99999999994
0.166,65.0,591.0
0.166,111.1215550647128,119.8415620725965
0.166,3499.999999999999,118167.0
0.167,180.0,209.0
0.167,76.0,262.0
0.167,318.841653489628,7014.600772674094
0.167,555.0,5717.000000000001
0.167,2682.5361134568166,86225.81998450345
0.167,3499.999999999999,168765.0
0.167,3499.999999999999,155164.00000000003
0.167,3499.999999999999,132449.46945911105
0.167,3499.999999999999,185415.99999999997
0.167,3499.999999999999,129775.00000000004
0.167,1468.0000000000002,24968.999999999996
0.167,3499.999999999999,206107.99999999994
0.167,3499.999999999999,114508.99999999994
0.167,3499.999999999999,107738.00000000001
0.167,2297.389823255948,174014.43765389128
0.167,2091.650066335188,40377.57439470576
0.167,3499.999999999999,129601.79674680448
0.167,3499.999999999999,136721.99999999997
0.167,3499.999999999999,121847.00000000003
0.167,3499.999999999999,261504.00000000003
0.168,3499.999999999999,239241.0
0.168,1385.0000000000002,45691.0
0.168,751.0000000000001,20409.000000000004
0.168,1160.0000000000002,26677.999999999993
0.168,3499.999999999999,143703.0
0.168,3499.999999999999,181057.2171359098
0.168,3499.999999999999,105806.0
0.168,3499.999999999999,73494.00000000004
0.168,3499.999999999999,103787.00000000003
0.168,3499.999999999999,211793.99999999997
0.168,3499.999999999999,74726.99999999999
0.168,3499.999999999999,130257.99999999997
0.168,3499.999999999999,88319.99999999999
0.168,1441.0000000000005,35589.00000000001
0.168,3499.999999999999,111850.00000000003
0.168,3499.999999999999,258488.00000000006
0.168,1053.192290135092,24367.725540148393
0.168,1848.9999999999998,64503.999999999985
0.168,3499.999999999999,165878.99999999997
0.168,101.0,1010.0
0.169,3499.999999999999,128467.80490068317
0.169,3499.999999999999,206977.0000000001
0.169,781.0000000000001,11673.000000000004
0.169,650.7687761409577,6376.462812563089
0.169,1036.9999999999998,20025.000000000007
0.169,3499.999999999999,121019.0
0.169,1247.0,14222.0
0.169,1032.0,16907.999999999996
0.169,1336.9999999999995,41288.99999999999
0.169,286.9668970456349,3470.1365967350616
0.169,3499.999999999999,87313.0
0.169,3499.999999999999,187115.0
0.169,3499.999999999999,62289.999999999985
0.169,1822.0,66960.00000000001
0.169,1412.0,62873.99999999998
0.169,3499.999999999999,181772.99999999997
0.169,189.0,476.99999999999994
0.169,3499.999999999999,101228.00000000001
0.169,576.6281297335397,7080.353804719084
0.17,63.0,135.0
0.17,3499.999999999999,203411.99999999997
0.17,3499.999999999999,160249.99999999997
0.17,3499.999999999999,156212.00000000003
0.17,3499.999999999999,60084.0
0.17,3499.999999999999,94255.99999999996
0.17,3499.999999999999,233847.99999999994
0.17,3499.999999999999,142633.88721829045
0.17,1041.0,18374.000000000004
0.17,3499.999999999999,174524.99999999994
0.17,3499.999999999999,132102.00000000006
0.17,3499.999999999999,168899.99999999994
0.17,3499.999999999999,176487.75108205105
0.17,3499.999999999999,77600.00000000003
0.17,331.99999999999994,413.0
0.171,3499.999999999999,94073.00000000003
0.171,3499.999999999999,225381.0
0.171,3499.999999999999,59158.99999999998
0.171,3499.999999999999,90617.00000000003
0.171,3499.999999999999,144893.99999999997
0.171,3499.999999999999,261250.00000000006
0.171,883.9999999999998,7421.999999999997
0.171,3499.999999999999,77993.99999999997
0.171,3499.999999999999,86487.99999999997
0.171,3499.999999999999,138019.99999999997
0.171,3499.999999999999,262170.0
0.171,3499.999999999999,95379.0
0.171,3499.999999999999,110733.56613060011
0.171,60.0,1030.0
0.171,280.8166661720774,3621.6648105532913
0.171,3499.999999999999,142316.00000000003
0.171,3499.999999999999,132986.07460933644
0.171,448.00000000000006,2055.0000000000005
0.172,3499.999999999999,267848.0000000001
0.172,3499.999999999999,71119.00000000001
0.172,3499.999999999999,115489.00000000006
0.172,3499.999999999999,150534.0
0.172,3499.999999999999,154288.99999999997
0.172,1492.0000000000002,39251.999999999985
0.172,616.0000000000001,3845.0000000000005
0.172,3499.999999999999,87385.00000000001
0.172,1822.0,115741.00000000003
0.172,77.0,1073.0
0.172,1888.5179374313605,33129.28749611137
0.172,3499.999999999999,138836.99999999994
0.172,1006.0000000000002,8918.999999999996
0.172,3499.999999999999,262552.0
0.172,3499.999999999999,232860.00000000003
0.172,3499.999999999999,158752.00000000006
0.172,3499.999999999999,223153.00000000003
0.172,65.0,470.0
0.172,84.00000000000001,328.63353450309967
0.172,1393.0,59269.00000000001
0.172,3499.999999999999,114787.00000000001
0.172,3499.999999999999,123834.00000000004
0.172,3499.999999999999,115232.99999999994
0.172,3499.999999999999,230157.00000000003
0.172,3499.999999999999,316062.0000000002
0.173,3499.999999999999,164451.00000000003
0.173,3499.999999999999,173737.99999999997
0.173,1162.0,32092.0
0.173,3499.999999999999,304114.9999999998
0.173,123.0,1793.0000000000002
0.173,3499.999999999999,197730.0
0.173,151.0,2021.9999999999995
0.173,3499.999999999999,129836.99999999997
0.173,3499.999999999999,135295.95683537624
0.173,705.9999999999999,19893.00000000001
0.173,3499.999999999999,265534.00000000006
0.173,2543.9143067328346,156176.06876535213
0.173,3499.999999999999,115516.00000000003
0.173,1053.0,35342.000000000015
0.173,3499.999999999999,174540.00000000006
0.173,3499.999999999999,173155.00000000003
0.174,3499.999999999999,164808.9999999999
0.174,1003.9999999999998,16454.999999999996
0.174,3499.999999999999,84451.00000000003
0.174,3499.999999999999,76713.99999999997
0.174,3499.999999999999,201290.99999999994
0.174,3499.999999999999,118821.99999999996
0.174,3499.999999999999,221225.00000000006
0.174,3499.999999999999,84108.00000000004
0.174,3499.999999999999,96172.99999999999
0.174,3499.999999999999,104322.99999999996
0.174,3499.999999999999,88062.00000000001
0.174,93.0,1007.9999999999998
0.174,3499.999999999999,183330.09765993146
0.174,3499.999999999999,109936.99999999999
0.174,3499.999999999999,133311.99999999997
0.174,3499.999999999999,122691.65105846938
0.174,242.0,3730.9999999999995
0.174,70.0,163.0
0.175,3499.999999999999,122742.00000000003
0.175,3499.999999999999,60053.00000000001
0.175,3499.999999999999,219530.00000000003
0.175,140.0,263.0
0.175,3499.999999999999,189736.0
0.175,3499.999999999999,141616.52678977838
0.175,1272.8668429965487,47441.32730015043
0.175,3499.999999999999,151535.99999999997
0.175,3499.999999999999,297129.0
0.175,3499.999999999999,186979.00000000006
0.175,3499.999999999999,257637.9999999999
0.175,515.751878329105,12790.26485261349
0.175,3499.999999999999,114656.00000000004
0.175,3499.999999999999,173525.99999999994
0.175,3499.999999999999,134333.27525226204
0.175,3499.999999999999,127334.00000000001
0.175,3499.999999999999,216526.9999999999
0.175,3499.999999999999,263726.00000000006
0.175,79.0,83.0
0.175,3499.999999999999,134664.00000000006
0.175,3499.999999999999,93584.99999999996
0.176,3499.999999999999,259302.0000000001
0.176,518.0,3521.000000000001
0.176,3499.999999999999,231381.0
0.176,1080.0,20185.999999999993
0.176,3499.999999999999,124836.99999999997
0.176,3499.999999999999,153987.00000000003
0.176,1303.0,43913.999999999985
0.176,3499.999999999999,176083.00000000003
0.176,1448.0000000000002,107798.99999999997
0.176,3499.999999999999,179382.00000000003
0.176,3499.999999999999,175576.63035267536
0.176,192.0,633.0
0.176,208.0,5570.0
0.176,3499.999999999999,231008.99999999997
0.176,3499.999999999999,162348.00000000006
0.176,1246.0,43388.00000000001
0.176,3499.999999999999,164791.0
0.176,3499.999999999999,165031.99999999997
0.177,3499.999999999999,87315.63416708374
0.177,3499.999999999999,114651.0
0.177,3499.999999999999,154340.62511212006
0.177,3499.999999999999,193181.99999999994
0.177,179.0,331.99999999999994
0.177,73.0,91.0
0.177,3499.999999999999,199274.00000000003
0.177,3499.999999999999,76312.99999999999
0.177,3499.999999999999,178787.00000000003
0.177,3499.999999999999,223340.99999999994
0.177,1263.9999999999998,23633.000000000004
0.177,57.99999999999999,145.0
0.177,3499.999999999999,97390.99999999996
0.177,1198.9999999999998,17383.999999999996
0.177,3499.999999999999,215677.00000000006
0.177,3499.999999999999,232623.99999999994
0.177,3499.999999999999,194304.96866266697
0.177,3499.999999999999,230453.99999999994
0.177,492.0,9467.999999999996
0.178,1963.0,35575.99999999999
0.178,3499.999999999999,172709.9999999999
0.178,3499.999999999999,193178.0
0.178,3499.999999999999,197991.0
0.178,3499.999999999999,182170.99999999994
0.178,3499.999999999999,188033.99999999997
0.178,3499.999999999999,186335.00000000006
0.178,942.0,14503.0
0.178,3499.999999999999,176318.0000000001
0.178,3499.999999999999,72699.99999999999
0.178,3499.999999999999,196370.0000000001
0.178,1575.0000000000002,38912.000000000015
0.178,1573.0543537970964,44261.63196268299
0.178,3499.999999999999,153214.99999999997
0.178,3499.999999999999,185036.99999999988
0.178,577.0,3375.0
0.178,3499.999999999999,118276.00000000003
0.178,3499.999999999999,222582.00000000003
0.179,592.0,11532.0
0.179,3499.999999999999,132516.6302620165
0.179,3499.999999999999,144061.99999999997
0.179,3499.999999999999,137678.99999999997
0.179,3499.999999999999,148135.99999999994
0.179,3499.999999999999,170927.00000000006
0.179,1097.0000000000002,48148.99999999999
0.179,3499.999999999999,150748.2853799671
0.179,3499.999999999999,262330.99999999994
0.179,3499.999999999999,144507.99999999997
0.179,3499.999999999999,232947.9999999999
0.179,567.4504383644443,3940.7552575616783
0.179,3499.999999999999,195832.0000000001
0.179,3499.999999999999,102303.0
0.179,3499.999999999999,131620.99999999997
0.179,3499.999999999999,165484.99999999994
0.179,3499.999999999999,85481.99999999999
0.179,1247.9999999999998,74415.00000000003
0.179,3499.999999999999,110569.0
0.179,3499.999999999999,174130.0
0.179,802.9999999999999,24768.000000000007
0.179,3499.999999999999,203296.0
0.179,3499.999999999999,98531.99999999997
0.179,3499.999999999999,99169.99999999999
0.179,186.51541491254818,2601.1055341911833
0.18,3499.999999999999,143286.0
0.18,3499.999999999999,187020.99999999994
0.18,3499.999999999999,181280.99999999997
0.18,83.0,396.00000000000006
0.18,3499.999999999999,158508.00000000003
0.18,109.00000000000001,1044.0000000000002
0.18,3499.999999999999,174999.00000000003
0.18,3499.999999999999,165190.00000000003
0.18,1162.0,10088.000000000002
0.18,1177.0000000000002,19323.000000000004
0.18,3499.999999999999,233196.00000000006
0.18,3499.999999999999,117289.99999999999
0.18,1768.0,17385.0
0.18,3499.999999999999,260682.00000000012
0.18,3499.999999999999,195852.00000000006
0.18,76.0,550.0
0.18,3499.999999999999,132152.99999999997
0.18,3499.999999999999,88461.99999999997
0.181,3499.999999999999,103103.99999999997
0.181,3499.999999999999,204286.0833365797
0.181,3499.999999999999,210834.99999999994
0.181,3499.999999999999,127347.00000000004
0.181,3499.999999999999,114015.99999999999
0.181,3499.999999999999,178055.00000000003
0.181,88.0,409.99999999999994
0.181,3499.999999999999,192410.0
0.181,793.0000000000001,24933.0
0.181,3499.999999999999,134614.99999999997
0.181,3499.999999999999,146165.0
0.181,952.0000000000001,19035.0
0.181,3499.999999999999,140866.00000000006
0.181,3499.999999999999,147168.99999999997
0.181,3499.999999999999,111212.00000000001
0.181,3499.999999999999,111367.7022189644
0.181,540.5219699512685,12401.677507498734
0.181,3499.999999999999,172538.00000000006
0.181,3499.999999999999,225323.99999999988
0.181,231.99999999999997,564.0
0.181,1211.0000000000002,24780.999999999993
0.181,3499.999999999999,81095.0
0.181,2271.343214928118,93187.7919686908
0.181,3499.999999999999,93187.0
0.181,3499.999999999999,88895.0
0.182,3499.999999999999,225569.00000000006
0.182,3499.999999999999,84389.99999999997
0.182,505.0,5604.000000000001
0.182,1673.9999999999995,46921.99999999999
0.182,1873.9999999999998,62092.99999999997
0.182,3499.999999999999,82437.00000000001
0.182,3499.999999999999,166934.99999999997
0.182,3499.999999999999,112133.99999999997
0.182,3499.999999999999,141776.99999999994
0.182,3499.999999999999,43283.999999999985
0.182,3499.999999999999,223478.99999999994
0.182,3499.999999999999,175547.00000000006
0.182,3499.999999999999,277249.0
0.182,3499.999999999999,204777.74598329765
0.182,3499.999999999999,135798.00000000006
0.182,3499.999999999999,199016.0
0.182,631.0,8680.000000000002
0.182,1168.0000000000002,45509.999999999985
0.183,3499.999999999999,137261.0
0.183,3499.999999999999,203972.99999999997
0.183,978.9999999999999,6652.0
0.183,3499.999999999999,152454.99999999994
0.183,3499.999999999999,100028.00000000003
0.183,61.0,127.0
0.183,3499.999999999999,205172.00000000006
0.183,1031.0000000000002,31167.0
0.183,3499.999999999999,216469.91002908465
0.183,3499.999999999999,105278.99999999996
0.183,3499.999999999999,156657.00000000006
0.183,3499.999999999999,69533.00000000001
0.183,1361.0,29779.000000000004
0.183,63.0,571.0
0.183,3499.999999999999,204510.00000000006
0.183,3499.999999999999,246844.00000000006
0.183,1575.9999999999995,48872.0
0.183,3499.999999999999,194966.31755767454
0.183,3499.999999999999,73572.99999999999
0.183,1883.0000000000002,65057.00000000003
0.184,3499.999999999999,152918.0
0.184,3499.999999999999,201328.99999999994
0.184,3499.999999999999,130517.00000000003
0.184,3499.999999999999,220067.968500643
0.184,3499.999999999999,156835.99999999997
0.184,63.0,548.0
0.184,2566.5151470427763,141984.0092968219
0.184,3499.999999999999,65528.99999999997
0.184,3499.999999999999,104074.0
0.184,3499.999999999999,122762.00000000001
0.184,3499.999999999999,152810.27678137354
0.184,1806.1007723823159,44406.674599658996
0.184,466.0000000000001,7031.999999999998
0.184,3499.999999999999,126020.99999999999
0.184,1170.0,38444.999999999985
0.184,97.0,158.0
0.184,1119.9999999999998,43666.99999999999
0.184,108.0,114.99999999999999
0.184,3499.999999999999,129203.99999999997
0.184,3499.999999999999,96625.99999999997
0.184,3499.999999999999,194213.0
0.184,3499.999999999999,192555.0
0.185,3499.999999999999,258748.0
0.185,3499.999999999999,175997.00000000003
0.185,419.00000000000006,10886.999999999996
0.185,1191.9999999999998,18510.000000000004
0.185,1763.0000000000002,24415.999999999996
0.185,3499.999999999999,230733.0
0.185,1000.0000000000002,16166.0
0.185,1060.0,15493.999999999995
0.185,1006.0000000000002,17570.999999999993
0.185,254.0,2222.0
0.185,3499.999999999999,305603.99999999994
0.185,2576.7227247028336,104000.70218032176
0.185,1417.0000000000005,23808.999999999993
0.186,3499.999999999999,123022.99999999996
0.186,3499.999999999999,113537.99999999999
0.186,3499.999999999999,205062.0
0.186,3499.999999999999,128411.00000000003
0.186,3499.999999999999,104178.0
0.186,3499.999999999999,62509.90304743723
0.186,3499.999999999999,182830.00000000003
0.186,148.0,801.9999999999998
0.186,3499.999999999999,151892.0
0.186,3499.999999999999,170922.99999999997
0.186,1090.9999999999998,12301.0
0.186,3499.999999999999,132921.00000000003
0.186,3499.999999999999,121211.99999999994
0.186,3499.999999999999,122197.99999999996
0.186,1058.0,36388.99999999999
0.186,3499.999999999999,133460.00000000003
0.186,3499.999999999999,181532.99999999997
0.186,1073.0,27071.999999999993
0.186,3499.999999999999,83292.99999999996
0.187,1366.0000000000002,37684.0
0.187,3499.999999999999,93997.00000000001
0.187,3499.999999999999,108069.00000000006
0.187,3499.999999999999,176115.00000000003
0.187,121.0,208.0
0.187,3499.999999999999,159095.00000000006
0.187,142.0,612.0
0.187,3499.999999999999,121847.99999999996
0.187,3499.999999999999,210981.99999999997
0.187,3499.999999999999,137544.00000000003
0.187,3499.999999999999,176704.99999999997
0.187,275.0,2474.0
0.187,216.0,6198.0
0.187,3499.999999999999,192187.00000000006
0.187,277.99999999999994,376.99999999999994
0.187,3499.999999999999,180106.00000000003
0.187,3499.999999999999,209619.99999999994
0.187,3499.999999999999,54483.000000000015
0.187,3499.999999999999,201398.99999999994
0.187,3499.999999999999,86487.99999999997
0.187,1780.0,80007.00000000001
0.187,3499.999999999999,114525.00000000003
0.187,2094.158542231223,45589.01130755087
0.187,92.0,102.0
0.187,1390.0,38447.99999999999
0.187,78.0,146.0
0.187,3499.999999999999,117155.0
0.188,3499.999999999999,182335.0
0.188,3499.999999999999,253207.00000000012
0.188,3499.999999999999,125521.99999999996
0.188,2030.517175499877,97077.04352729331
0.188,3499.999999999999,210776.9999999999
0.188,3499.999999999999,209245.00000000003
0.188,1331.9999999999998,62313.000000000015
0.188,3499.999999999999,194686.0
0.188,3499.999999999999,132654.0
0.188,563.0,24821.00000000001
0.188,3499.999999999999,137348.23950819322
0.188,3499.999999999999,163838.0
0.188,598.0,7173.000000000004
0.188,3499.999999999999,117083.40204315903
0.188,77.74959806970065,237.74986855937482
0.188,3499.999999999999,194137.0
0.189,1171.0,41648.99999999999
0.189,3499.999999999999,203032.03956026255
0.189,85.0,86.0
0.189,522.0,7412.999999999998
0.189,3499.999999999999,126821.99999999999
0.189,3499.999999999999,222257.00000000003
0.189,3499.999999999999,188054.00000000003
0.189,1931.5796644197717,67724.19315133995
0.189,1272.9999999999998,45977.00000000001
0.189,1032.0,35420.00000000001
0.189,3499.999999999999,96301.00000000001
0.189,3499.999999999999,271486.99999999994
0.189,3499.999999999999,211998.0
0.189,3499.999999999999,171264.99999999997
0.189,3499.999999999999,260304.99999999994
0.189,3499.999999999999,129190.00000000001
0.189,3499.999999999999,209880.9999999999
0.189,3499.999999999999,175847.99999999997
0.189,3499.999999999999,185535.99999999994
0.189,3499.999999999999,263715.0000000001
0.189,3499.999999999999,169873.54945664734
0.19,3499.999999999999,142568.00000000006
0.19,3499.999999999999,213884.99999999994
0.19,1246.0,45916.0
0.19,1154.0,25936.0
0.19,772.1036199889236,14183.208663768582
0.19,3499.999999999999,153231.99999999994
0.19,3499.999999999999,166767.0
0.19,538.9805191284745,3736.47909133719
0.19,374.0,3547.0
0.19,3499.999999999999,104136.99999999999
0.19,3499.999999999999,154379.0
0.19,3499.999999999999,98008.00000000001
0.19,3499.999999999999,77675.99999999999
0.19,559.0,6352.000000000002
0.19,3499.999999999999,84230.0
0.19,3499.999999999999,147711.99999999994
0.19,381.0,3296.0
0.19,3499.999999999999,189541.31477859913
0.19,3499.999999999999,259719.0000000001
0.19,313.0,6936.000000000003
0.19,3499.999999999999,143168.0000000001
0.19,3499.999999999999,114984.99999999999
0.19,3499.999999999999,94073.00000000003
0.191,3499.999999999999,171351.0
0.191,3499.999999999999,162889.00000000006
0.191,70.0,113.99999999999999
0.191,3499.999999999999,100014.00000000001
0.191,3499.999999999999,88470.00000000003
0.191,3499.999999999999,87938.90724815724
0.191,3499.999999999999,70891.0
0.191,3499.999999999999,122444.0
0.191,1100.0000000000002,45526.999999999985
0.191,978.9999999999999,22767.999999999996
0.191,3499.999999999999,43136.0
0.191,3499.999999999999,158465.99405550715
0.191,3499.999999999999,167269.99999999997
0.191,3499.999999999999,101530.00000000004
0.191,3499.999999999999,280680.0000000001
0.191,3499.999999999999,100311.00000000003
0.191,3499.999999999999,239918.0000000001
0.191,3499.999999999999,219110.99999999997
0.191,1528.9999999999998,28216.000000000015
0.191,3499.999999999999,230497.99999999994
0.191,2112.4630174277604,42257.29986641362
0.191,3499.999999999999,314158.00000000006
0.191,3499.999999999999,261785.40474021857
0.191,869.9999999999998,31317.000000000007
0.191,1131.9999999999998,34591.99999999999
0.191,3499.999999999999,154570.0
0.191,3499.999999999999,76331.99999999997
0.191,642.0,10355.000000000002
0.192,3499.999999999999,181007.99999999994
0.192,3499.999999999999,215836.0
0.192,3499.999999999999,93633.99999999999
0.192,3499.999999999999,243683.0
0.192,3499.999999999999,257930.00000000006
0.192,1093.0,42149.99999999999
0.192,3499.999999999999,216456.9999999999
0.192,1681.9999999999998,25925.0
0.192,3499.999999999999,122716.99999999999
0.192,2344.141633946208,93154.16847892529
0.192,3499.999999999999,261343.11477251508
0.192,56.99999999999999,391.0
0.192,642.0,11163.000000000002
0.192,1128.9999999999998,24310.999999999993
0.192,3499.999999999999,174370.00000000006
0.192,3499.999999999999,184811.99999999997
0.192,3499.999999999999,186013.0000000001
0.192,3499.999999999999,169793.99999999994
0.192,3499.999999999999,202471.00000000006
0.192,3499.999999999999,113551.99999999997
0.192,3499.999999999999,117993.0
0.192,3499.999999999999,166066.00000000003
0.192,3499.999999999999,196990.99999999994
0.193,3499.999999999999,93484.00000000001
0.193,1289.0000000000002,42387.999999999985
0.193,3499.999999999999,79904.00000000003
0.193,3499.999999999999,78370.0
0.193,3499.999999999999,238569.99999999997
0.193,1723.0,13700.000000000004
0.193,3499.999999999999,193654.0
0.193,283.0,7490.000000000004
0.193,1042.9999999999998,22105.999999999993
0.193,3499.999999999999,148741.99999999997
0.193,1312.0000000000002,45141.00000000002
0.193,3499.999999999999,260307.00000000012
0.193,65.0,681.0
0.193,3499.999999999999,98500.00000000001
0.193,139.0,252.99999999999997
0.193,3499.999999999999,186024.0
0.193,3499.999999999999,212992.00000000006
0.193,101.0,102.0
0.193,1180.0,13826.999999999995
0.194,3499.999999999999,238599.00000000006
0.194,3499.999999999999,68064.00000000001
0.194,3499.999999999999,101179.99999999996
0.194,1588.0,39129.99999999999
0.194,1033.0,9815.0
0.194,3499.999999999999,181875.00000000006
0.194,1433.0000000000002,30589.0
0.194,3499.999999999999,175613.0000000001
0.194,3499.999999999999,184621.00000000006
0.194,3499.999999999999,222873.0000000001
0.194,3499.999999999999,107481.00000000001
0.194,3499.999999999999,193772.00000000006
0.194,3499.999999999999,276224.9999999999
0.194,3499.999999999999,108090.00000000006
0.194,375.0,6967.0
0.194,3499.999999999999,91394.99999999999
0.194,3499.999999999999,173875.0
0.194,565.0000000000001,9990.999999999996
0.194,1155.9999999999998,45035.00000000001
0.194,3499.999999999999,171610.0
0.194,3499.999999999999,114327.00000000001
0.195,3499.999999999999,132940.0
0.195,3499.999999999999,159643.99999999997
0.195,3499.999999999999,175924.00000000003
0.195,3499.999999999999,73313.0
0.195,2030.0,54949.999999999985
0.195,3499.999999999999,257953.00000000012
0.195,3499.999999999999,64236.0
0.195,1168.0000000000002,25692.0
0.195,664.0,22669.999999999996
0.195,3499.999999999999,197717.99999999997
0.195,2014.9441679609884,82802.37201916381
0.195,3499.999999999999,193155.0
0.195,3499.999999999999,296917.99999999994
0.195,3499.999999999999,179665.99999999997
0.195,3499.999999999999,153925.00000000003
0.195,274.0,5418.0
0.195,3499.999999999999,233226.99999999994
0.195,3499.999999999999,135286.99999999994
0.195,3499.999999999999,115070.99999999999
0.196,3499.999999999999,158322.99999999994
0.196,3499.999999999999,224538.00000000006
0.196,3499.999999999999,160053.0
0.196,242.0,7115.000000000004
0.196,1166.9999999999998,23696.999999999993
0.196,96.0,103.0
0.196,1773.9999999999998,68771.00000000003
0.196,3499.999999999999,238077.0
0.196,275.23807876091564,3245.335421801574
0.196,3499.999999999999,80068.99999999999
0.196,3499.999999999999,32065.999999999993
0.196,3499.999999999999,262348.0000000001
0.196,1180.0,19305.000000000007
0.196,256.0,11754.000000000004
0.196,1131.0,37339.00000000001
0.196,3499.999999999999,174621.00000000003
0.196,3499.999999999999,157784.0
0.196,3499.999999999999,156267.0
0.196,1044.0000000000002,76579.0
0.197,76.0,83.0
0.197,480.62459362791657,10085.01571639827
0.197,3499.999999999999,321847.0
0.197,1089.0,26289.000000000004
0.197,3499.999999999999,125785.00000000003
0.197,1620.2123381681138,44808.126713466234
0.197,3499.999999999999,140378.00000000003
0.197,3499.999999999999,239467.99999999994
0.197,1014.615690791346,13117.133528328508
0.197,1345.0,24500.00000000001
0.197,3499.999999999999,222540.99999999988
0.197,1093.0,27035.000000000004
0.197,231.99999999999997,5663.000000000001
0.197,3499.999999999999,132809.9999999999
0.197,3499.999999999999,158610.0
0.197,2057.911562725668,41660.927774114694
0.197,690.0,12392.999999999996
0.197,3499.999999999999,152924.4566771451
0.197,3499.999999999999,258593.9999999999
0.198,3499.999999999999,181469.0
0.198,3499.999999999999,161654.00000000006
0.198,3499.999999999999,53329.00000000001
0.198,3499.999999999999,135715.0
0.198,3499.999999999999,97477.99999999997
0.198,3499.999999999999,136817.99999999997
0.198,1097.9999999999998,18705.0
0.198,3499.999999999999,306328.0000000002
0.198,3499.999999999999,93050.0
0.198,3499.999999999999,183159.9999999999
0.198,3499.999999999999,96587.00000000003
0.198,3499.999999999999,121888.99999999999
0.198,2150.232545563386,68438.54184595108
0.198,3499.999999999999,44892.00000000002
0.198,3499.999999999999,265695.00000000006
0.198,3499.999999999999,171981.9999999999
0.198,3499.999999999999,201413.00000000003
0.198,70.0,162.0
0.199,1299.0000000000002,69094.00000000004
0.199,3499.999999999999,162220.99999999997
0.199,1767.9083686662038,102297.82965439689
0.199,3499.999999999999,213212.0000000001
0.199,3499.999999999999,213738.0
0.199,611.0,11527.000000000004
0.199,83.0,101.0
0.199,694.0,5743.000000000002
0.199,3499.999999999999,132372.99999999997
0.199,2045.1161336217563,76887.1783459375
0.199,89.0,322.99999999999994
0.199,1113.9999999999998,26016.000000000015
0.199,3499.999999999999,130771.0
0.199,1001.9999999999998,28099.00000000001
0.199,1468.0000000000002,47846.00000000001
0.199,3499.999999999999,94747.99999999999
0.199,106.62082348209472,285.6308806834443
0.199,1309.9999999999998,68566.0
0.199,3499.999999999999,222388.99999999994
0.199,3499.999999999999,162136.00000000006
0.199,3499.999999999999,270153.0
0.2,1897.0,99398.99999999997
0.2,1657.0,57518.99999999999
0.2,3499.999999999999,183294.00000000006
0.2,3499.999999999999,146101.00000000003
0.2,1361.9999999999998,22377.000000000007
0.2,441.0,2872.0
0.2,3499.999999999999,48324.99999999999
0.2,68.0,789.0
0.2,3499.999999999999,169356.00000000003
0.2,2166.4487069856973,75628.3890678626
0.2,3499.999999999999,106291.99999999999
0.2,246.0,271.0
0.2,3499.999999999999,137235.0
0.2,1135.0,28633.999999999985
0.2,1096.0,27222.000000000007
0.2,64.0,646.0
0.2,3499.999999999999,48533.000000000015
0.201,3499.999999999999,217356.0
0.201,3499.999999999999,107911.00000000001
0.201,3499.999999999999,176759.0
0.201,73.0,340.99999999999994
0.201,3499.999999999999,215513.99999999994
0.201,3499.999999999999,217751.99999999994
0.201,3499.999999999999,192688.25325898826
0.201,267.08051220558946,3778.227494474096
0.201,1360.0000000000002,29710.999999999996
0.201,3499.999999999999,212546.8964863991
0.201,3499.999999999999,103056.00000000004
0.201,3499.999999999999,255107.00000000012
0.201,3499.999999999999,207051.00000000006
0.201,3499.999999999999,242546.99999999997
0.201,3499.999999999999,173587.0
0.201,3499.999999999999,217662.0
0.201,81.0,101.0
0.201,3499.999999999999,156402.0
0.201,1645.9040069214243,39109.473149097765
0.201,3499.999999999999,237030.00000000003
0.201,3499.999999999999,98672.99999999997
0.201,3499.999999999999,97563.99999999997
0.201,1747.0,29285.000000000007
0.201,1086.9999999999998,27702.999999999996
0.201,3499.999999999999,180890.0
0.201,3499.999999999999,144655.99999999997
0.202,3499.999999999999,122709.99999999999
0.202,1262.0,73243.00000000001
0.202,3499.999999999999,243327.99999999994
0.202,3499.999999999999,104565.00000000006
0.202,3499.999999999999,249552.99999999997
0.202,209.59007610094523,3243.262246565948
0.202,98.0,100.0
0.202,72.0,151.0
0.202,3499.999999999999,126263.98178815686
0.202,3499.999999999999,213683.0
0.202,3499.999999999999,205785.0000000001
0.202,3499.999999999999,225174.00000000003
0.202,1597.0000000000002,48615.00000000001
0.202,3499.999999999999,172974.00000000003
0.202,1182.0,7565.000000000004
0.202,3499.999999999999,179501.00000000006
0.203,1297.0,68151.99999999997
0.203,3499.999999999999,226596.99999999994
0.203,3499.999999999999,107663.00000000006
0.203,1426.0000000000002,48100.99999999999
0.203,3499.999999999999,80554.99999999997
0.203,937.5393325082422,16128.887717384618
0.203,3499.999999999999,175021.00000000006
0.203,3499.999999999999,158215.0000000001
0.203,3499.999999999999,178618.0000000001
0.203,3499.999999999999,142368.0
0.203,3499.999999999999,175746.0
0.203,1170.0,24197.000000000004
0.203,3499.999999999999,162164.99999999997
0.203,3499.999999999999,145728.0
0.204,1597.0000000000002,25819.0
0.204,598.0,13311.000000000004
0.204,1027.0,21753.99999999999
0.204,1920.6769639895192,92318.83028938354
0.204,476.9696007084728,13035.186534913877
0.204,3499.999999999999,219302.99999999997
0.204,3499.999999999999,126035.13137216942
0.204,978.9999999999999,13320.000000000002
0.204,3499.999999999999,218313.99999999988
0.204,2194.5386758952322,75895.96173710437
0.204,3499.999999999999,215276.00000000006
0.204,3499.999999999999,88663.00000000003
0.204,3499.999999999999,90537.64996950171
0.204,3499.999999999999,106055.0
0.205,3499.999999999999,150000.0
0.205,1564.0000000000005,41619.0
0.205,3499.999999999999,175907.00000000006
0.205,2095.8291915134682,69120.2792095055
0.205,3499.999999999999,155622.99999999997
0.205,1178.9999999999998,12378.999999999998
0.205,3499.999999999999,228196.91909401395
0.205,3499.999999999999,70704.00000000001
0.205,364.00000000000006,5645.999999999998
0.205,3499.999999999999,157835.99999999997
0.205,426.99999999999994,7450.0
0.205,3499.999999999999,115578.00000000001
0.205,3499.999999999999,276502.99999999994
0.205,3499.999999999999,216588.99999999988
0.205,462.0606020859168,9871.028315226336
0.205,3499.999999999999,103307.99999999997
0.205,3499.999999999999,231880.00000000006
0.206,476.9696007084728,11280.816193875336
0.206,1360.0000000000002,51309.99999999999
0.206,3499.999999999999,223480.00000000006
0.206,94.0,106.0
0.206,3499.999999999999,143836.00000000003
0.206,3499.999999999999,77146.00000000001
0.206,3499.999999999999,90889.00000000003
0.206,3499.999999999999,98059.00000000001
0.206,3499.999999999999,185986.9999999999
0.206,1582.0,49253.000000000015
0.206,3499.999999999999,98953.41873831343
0.206,3499.999999999999,190577.0
0.206,3499.999999999999,225659.99999999994
0.206,1579.9999999999998,69743.99999999999
0.206,3499.999999999999,114430.0
0.206,3499.999999999999,154551.99999999994
0.206,3499.999999999999,184446.99999999997
0.206,3499.999999999999,105546.99999999999
0.206,3499.999999999999,138726.99999999994
0.206,3499.999999999999,102866.00000000001
0.206,1401.2494424619763,66192.2445003944
0.206,3499.999999999999,95546.00000000004
0.206,594.5586598477898,11987.228453650154
0.206,3499.999999999999,70904.99999999997
0.207,3499.999999999999,107472.0
0.207,3499.999999999999,227166.0
0.207,1318.0,16161.999999999995
0.207,1210.0,41742.99999999999
0.207,980.9999999999999,35486.99999999999
0.207,1055.0,16512.0
0.207,3499.999999999999,197106.99999999994
0.207,1603.0,62553.99999999997
0.207,1090.0,19985.000000000004
0.207,3499.999999999999,157953.56465113413
0.207,1449.1376746189437,28527.164948518795
0.207,106.0,150.0
0.207,3499.999999999999,249339.0000000001
0.207,3499.999999999999,202217.00000000006
0.207,1237.0,36978.99999999999
0.208,2009.0,101945.00000000003
0.208,3499.999999999999,193109.00000000003
0.208,522.0,4302.000000000001
0.208,1168.0000000000002,44668.99999999999
0.208,1940.9999999999995,132617.00000000003
0.208,3499.999999999999,126278.0
0.208,3499.999999999999,85752.00000000001
0.208,3499.999999999999,180073.99999999994
0.208,3499.999999999999,162233.64476889485
0.208,3499.999999999999,117693.99999999999
0.208,1247.9983974348684,34665.73732087633
0.208,3499.999999999999,136750.0
0.208,3499.999999999999,176375.00000000006
0.208,3499.999999999999,88375.00000000003
0.209,3499.999999999999,60288.000000000015
0.209,3499.999999999999,250287.99999999997
0.209,3499.999999999999,224302.00000000006
0.209,95.0,97.0
0.209,3499.999999999999,141105.00000000006
0.209,2010.5969262883098,62005.852788265125
0.209,3499.999999999999,130388.00000000006
0.209,3499.999999999999,96588.00000000001
0.209,1869.893045069691,59828.09183819922
0.209,3499.999999999999,147418.99999999997
0.209,1290.7362240210045,39023.827721021924
0.209,855.9999999999999,20630.00000000001
0.209,3499.999999999999,226819.0
0.209,380.0,9487.0
0.209,3499.999999999999,169634.99999999994
0.209,3499.999999999999,135441.00000000006
0.209,556.0,7359.0
0.21,60.0,578.0
0.21,3499.999999999999,102660.99999999997
0.21,3499.999999999999,202878.00000000006
0.21,3499.999999999999,240989.0
0.21,3499.999999999999,158886.0
0.21,3499.999999999999,107640.99999999999
0.21,426.0,3005.0000000000005
0.21,3499.999999999999,102265.00000000003
0.21,1974.5885647394996,110465.36415546725
0.21,340.99999999999994,11561.999999999998
0.21,3499.999999999999,162379.99999999994
0.21,3499.999999999999,270590.99999999994
0.21,3499.999999999999,185724.00000000006
0.21,3499.999999999999,269588.00000000006
0.21,3499.999999999999,298849.0093843381
0.211,3499.999999999999,200925.9999999999
0.211,3499.999999999999,139925.99999999994
0.211,3499.999999999999,145722.0
0.211,3499.999999999999,95774.00000000001
0.211,3499.999999999999,197405.00000000003
0.211,3499.999999999999,192057.99999999997
0.211,157.0,1669.0000000000002
0.211,3499.999999999999,146134.0
0.211,3499.999999999999,212375.0000000001
0.211,3499.999999999999,83263.00000000003
0.211,1590.9999999999998,54512.0
0.211,3499.999999999999,110146.99999999996
0.211,1473.9999999999998,75664.00000000001
0.211,3499.999999999999,108413.8408184121
0.211,3499.999999999999,237085.0000000001
0.211,3499.999999999999,39786.999999999985
0.211,1033.0,15837.000000000004
0.211,3499.999999999999,169206.0
0.211,3499.999999999999,144771.99999999994
0.211,3499.999999999999,70005.00000000001
0.211,3499.999999999999,237524.00000000003
0.212,2115.7740900200088,58717.30984130661
0.212,3499.999999999999,288901.00000000006
0.212,3499.999999999999,210388.00000000012
0.212,3499.999999999999,221379.99999999997
0.212,3499.999999999999,108728.99999999997
0.212,3499.999999999999,74130.99999999999
0.212,3499.999999999999,245515.0
0.212,3499.999999999999,66083.0
0.212,3499.999999999999,135701.6201561352
0.212,3499.999999999999,106465.00000000001
0.212,3499.999999999999,146780.0
0.212,3499.999999999999,164909.00000000003
0.212,1590.9999999999998,80397.00000000003
0.212,3499.999999999999,188314.99999999997
0.212,3499.999999999999,126031.00000000001
0.212,3499.999999999999,202098.00000000006
0.212,3499.999999999999,100093.62255408682
0.212,3499.999999999999,112659.99999999999
0.212,3499.999999999999,186800.99999999997
0.212,999.0,26042.000000000015
0.213,1258.0000000000002,21425.999999999996
0.213,3499.999999999999,99184.00000000004
0.213,3499.999999999999,205526.99999999994
0.213,814.0,7787.999999999996
0.213,3499.999999999999,146539.00000000003
0.213,3499.999999999999,197461.00000000006
0.213,62.0,368.99999999999994
0.213,3499.999999999999,79654.00000000003
0.213,1290.0,47359.99999999999
0.213,3499.999999999999,125219.00000000003
0.213,3499.999999999999,126899.99999999997
0.213,1540.0000000000002,43582.0
0.213,3499.999999999999,224068.9999999999
0.213,2064.0000000000005,47272.999999999985
0.213,1010.0,19816.000000000004
0.213,211.0,2998.0000000000005
0.213,3499.999999999999,84336.0
0.213,3499.999999999999,88824.99999999999
0.213,3499.999999999999,60859.99999999999
0.214,1149.9999999999998,40672.99999999999
0.214,3499.999999999999,93295.0
0.214,3499.999999999999,159932.9999999999
0.214,3499.999999999999,195937.00000000003
0.214,3499.999999999999,72172.00000000001
0.214,3499.999999999999,144247.00000000006
0.214,3499.999999999999,111241.00000000003
0.214,3499.999999999999,60063.999999999985
0.214,3499.999999999999,188148.99999999997
0.214,3499.999999999999,124028.99999999997
0.214,3499.999999999999,220998.00000000006
0.214,3499.999999999999,104490.99999999996
0.214,3499.999999999999,246010.0000000001
0.214,3499.999999999999,112327.0
0.214,3499.999999999999,171403.99999999997
0.214,1758.9999999999995,111654.99999999997
0.214,603.3241251599342,12279.555366543209
0.214,2454.2819723902953,72971.18580645378
0.214,3499.999999999999,118473.99999999997
0.214,3499.999999999999,243425.0
0.214,3499.999999999999,281799.9999999999
0.214,109.00000000000001,771.9999999999998
0.214,3499.999999999999,227611.99999999994
0.214,2694.5133207871017,105336.81331022139
0.214,3499.999999999999,221398.99999999997
0.214,136.0,1281.0000000000002
0.215,3499.999999999999,98428.27644025876
0.215,3499.999999999999,112950.00000000003
0.215,1370.0,10880.000000000004
0.215,3499.999999999999,200711.6634146897
0.215,85.0,96.0
0.215,81.0,133.0
0.215,3499.999999999999,185334.0
0.215,3499.999999999999,146165.0
0.215,1065.9999999999998,14080.000000000007
0.215,3499.999999999999,205247.00000000006
0.215,1483.7452611550268,56169.50910413939
0.215,177.0,3171.9999999999995
0.215,3499.999999999999,209002.0
0.215,110.00000000000001,148.0
0.215,3499.999999999999,205928.00000000003
0.215,394.00000000000006,4791.0
0.215,3499.999999999999,130466.00000000006
0.216,141.0,152.0
0.216,3499.999999999999,77392.99999999999
0.216,3499.999999999999,164304.99999999997
0.216,932.0000000000002,34479.99999999999
0.216,3499.999999999999,189132.00000000006
0.216,3499.999999999999,200454.0000000001
0.216,150.0,2323.9999999999995
0.216,1366.0000000000002,18097.000000000007
0.216,3499.999999999999,192400.00000000003
0.216,900.0000000000002,30935.999999999996
0.216,3499.999999999999,209410.08750296623
0.216,81.0,151.0
0.216,1113.9999999999998,23681.99999999999
0.216,639.9218702310461,6254.458409806562
0.216,3499.999999999999,161711.2294802065
0.216,3499.999999999999,203783.9999999999
0.216,62.0,573.0
0.216,3499.999999999999,181796.00000000006
0.216,3499.999999999999,141185.0
0.216,3499.999999999999,193455.99999999994
0.216,3499.999999999999,122137.00000000003
0.216,3499.999999999999,196367.97620029602
0.216,462.0606020859168,5417.2456100863665
0.217,3499.999999999999,171631.9999999999
0.217,3499.999999999999,186050.00000000003
0.217,3499.999999999999,216443.99999999997
0.217,3499.999999999999,193489.99999999994
0.217,3499.999999999999,105490.00000000003
0.217,3499.999999999999,90074.70033255724
0.217,3499.999999999999,110612.00000000003
0.217,3499.999999999999,210180.00000000012
0.217,487.8524367060187,9149.771035386619
0.217,3499.999999999999,134158.6620162858
0.217,3499.999999999999,70466.0
0.217,3499.999999999999,254343.99999999997
0.217,3499.999999999999,204985.50661449216
0.217,3499.999999999999,64870.00000000003
0.217,1010.0,47544.000000000015
0.217,3499.999999999999,100465.99999999999
0.217,3499.999999999999,232783.0
0.217,1840.9999999999995,48531.00000000001
0.217,1166.9999999999998,24069.999999999996
0.217,2198.5222309542373,131356.6756887521
0.217,3499.999999999999,333013.9999999999
0.217,60.0,104.0
0.217,3499.999999999999,133001.99999999994
0.218,3499.999999999999,147156.0
0.218,2089.138578457638,71052.84747284939
0.218,135.0,145.0
0.218,3499.999999999999,129377.00000000001
0.218,1140.0,26447.99999999999
0.218,62.0,499.0
0.218,1527.9999999999998,22821.00000000001
0.218,3499.999999999999,119567.99999999996
0.218,3499.999999999999,129835.99999999997
0.218,112.00000000000001,351.99999999999994
0.218,3499.999999999999,113701.99999999997
0.218,3499.999999999999,93923.0
0.218,3499.999999999999,185643.0000000001
0.218,2722.345421484015,108865.81340726677
0.218,1340.0,22749.00000000001
0.218,3499.999999999999,109678.00000000004
0.218,3499.999999999999,80789.99999999999
0.218,3499.999999999999,146737.0
0.218,3499.999999999999,115784.99999999997
0.218,3499.999999999999,214078.00000000003
0.218,73.0,148.0
0.219,225.0,1202.0000000000002
0.219,3499.999999999999,126853.99999999996
0.219,1055.0,10371.0
0.219,3499.999999999999,124833.00000000004
0.219,1324.0000000000002,35231.00000000001
0.219,3499.999999999999,152285.0
0.219,282.0,662.0
0.219,3499.999999999999,109983.99999999999
0.219,442.0,14157.0
0.219,3499.999999999999,102090.99999999996
0.219,3499.999999999999,127158.99999999999
0.219,3499.999999999999,224749.99999999994
0.219,137.0,264.0
0.219,3499.999999999999,220089.0
0.219,3499.999999999999,54102.99999999997
0.219,3499.999999999999,157821.00000000003
0.219,3499.999999999999,99728.00000000001
0.219,3499.999999999999,108172.00000000004
0.219,808.0,26948.000000000015
0.219,1031.0000000000002,27779.000000000004
0.219,1140.0,26938.999999999993
0.219,3499.999999999999,218097.00000000003
0.219,138.0,146.0
0.219,3499.999999999999,189357.9999999999
0.219,3499.999999999999,142500.00000000006
0.219,3499.999999999999,169215.99999999997
0.22,3499.999999999999,164312.75498877134
0.22,3499.999999999999,233226.00000000003
0.22,2080.7450588671363,101497.1979908805
0.22,3499.999999999999,105915.3424957876
0.22,3499.999999999999,105053.99999999996
0.22,3499.999999999999,168212.19327979768
0.22,1024.0,18931.999999999993
0.22,3499.999999999999,140688.0
0.22,3499.999999999999,252985.0
0.22,3499.999999999999,161943.99999999997
0.22,1050.0,27024.00000000001
0.22,1324.0000000000002,24926.0
0.22,3499.999999999999,229148.0
0.22,3499.999999999999,294171.9999999999
0.221,3499.999999999999,288295.0
0.221,155.0,2318.0
0.221,3499.999999999999,232490.0000000001
0.221,3499.999999999999,119683.99999999999
0.221,2337.413099988959,44350.17086776553
0.221,3499.999999999999,177423.0
0.221,1908.795431679361,28531.51893958679
0.221,3499.999999999999,77832.00000000003
0.221,526.0000000000001,12734.999999999995
0.221,3499.999999999999,101600.00000000003
0.221,3499.999999999999,162040.0
0.221,3499.999999999999,78150.00000000001
0.221,3499.999999999999,181751.99999999997
0.221,904.0000000000001,5197.0
0.221,3499.999999999999,232100.00000000006
0.221,491.4264950122245,7614.578648881364
0.221,3499.999999999999,116883.99999999999
0.221,140.0,150.0
0.221,3499.999999999999,161634.0
0.222,3499.999999999999,207035.99999999997
0.222,3499.999999999999,206190.0
0.222,1245.0,25204.000000000004
0.222,3499.999999999999,270473.99999999994
0.222,3499.999999999999,243763.00000000012
0.222,3499.999999999999,276175.99999999994
0.222,3499.999999999999,101390.99999999999
0.222,3499.999999999999,172963.00000000006
0.222,68.0,876.0
0.222,1014.0,24181.000000000007
0.222,3499.999999999999,111518.00000000003
0.222,3499.999999999999,124969.92076495852
0.222,3499.999999999999,147091.0
0.222,3499.999999999999,220964.0
0.222,3499.999999999999,216786.00000000006
0.222,1548.9999999999998,46833.99999999998
0.222,1287.0,25936.999999999996
0.222,3499.999999999999,159141.99999999994
0.222,76.0,398.0
0.222,3499.999999999999,79385.99999999999
0.222,3499.999999999999,196044.00000000003
0.222,90.0,1271.9999999999998
0.222,401.24805295477756,10536.54872337237
0.222,835.0,19514.999999999993
0.223,3499.999999999999,224023.0000000001
0.223,1103.9999999999998,42520.99999999998
0.223,3499.999999999999,154887.99999999997
0.223,3499.999999999999,178974.70910718074
0.223,210.0,2673.9999999999995
0.223,3499.999999999999,119477.99999999997
0.223,1119.9999999999998,21706.000000000007
0.223,3499.999999999999,96271.00000000003
0.223,3499.999999999999,185225.99999999994
0.223,3499.999999999999,157792.99999999997
0.223,3499.999999999999,82612.99999999997
0.223,3499.999999999999,86281.99999999999
0.223,3499.999999999999,139491.0
0.223,689.1506815339952,11494.674802478567
0.223,254.0,9467.999999999996
0.223,3499.999999999999,135202.99999999997
0.223,3499.999999999999,193837.0
0.223,3499.999999999999,112460.99999999997
0.223,3499.999999999999,188132.99999999994
0.223,3499.999999999999,184755.0
0.224,1113.9999999999998,19486.000000000004
0.224,1949.9999999999995,53515.999999999985
0.224,1963.0,38366.0
0.224,583.0,15025.999999999996
0.224,1979.0149064623033,74477.82139670837
0.224,3499.999999999999,102679.0
0.224,93.0,1830.0000000000005
0.224,3499.999999999999,249802.99999999997
0.224,3499.999999999999,94658.0
0.224,1155.9999999999998,12558.999999999998
0.224,3499.999999999999,98669.99999999999
0.224,3499.999999999999,124242.34622301688
0.224,564.3580423808985,5131.386752136307
0.224,3499.999999999999,74089.0
0.224,702.0,23667.999999999996
0.224,1324.0000000000002,38388.99999999998
0.225,3499.999999999999,98563.99999999999
0.225,480.62459362791657,9788.93211744774
0.225,3499.999999999999,143750.00000000006
0.225,3499.999999999999,220619.99999999994
0.225,625.0000000000001,12687.000000000005
0.225,3499.999999999999,85670.99999999999
0.225,111.00000000000001,1116.0
0.225,3499.999999999999,183351.00000000003
0.225,3499.999999999999,258042.00000000006
0.225,3499.999999999999,176168.0000000001
0.225,3499.999999999999,99273.99999999999
0.225,3499.999999999999,236642.0
0.225,3499.999999999999,31336.99999999999
0.225,1500.9999999999998,43610.0
0.225,3499.999999999999,197188.00000000006
0.226,1992.0000000000002,108442.99999999996
0.226,252.0,594.0
0.226,104.0,1747.0
0.226,3499.999999999999,112518.0
0.226,3499.999999999999,218278.00000000003
0.226,3499.999999999999,83748.00000000001
0.226,3499.999999999999,224312.0
0.226,3499.999999999999,81209.99999999999
0.226,3499.999999999999,169463.00000000006
0.226,3499.999999999999,152710.9999999999
0.226,96.0,362.99999999999994
0.226,3499.999999999999,147940.00000000003
0.226,1078.0,8656.999999999996
0.226,3499.999999999999,205594.00000000006
0.226,3499.999999999999,149783.00000000006
0.226,348.0,6545.999999999998
0.226,3499.999999999999,301437.99999999994
0.226,1133.0000000000002,17208.999999999996
0.226,3499.999999999999,254004.0000000001
0.226,3499.999999999999,90547.00000000004
0.226,3499.999999999999,124423.99999999997
0.226,3499.999999999999,140867.6821701841
0.226,3499.999999999999,212516.0
0.226,1542.9999999999998,38191.0
0.227,3499.999999999999,104605.00000000004
0.227,3499.999999999999,214089.0
0.227,1407.9999999999998,25371.000000000004
0.227,3499.999999999999,184729.00000000003
0.227,1878.0,64726.0
0.227,386.0,5281.000000000001
0.227,3499.999999999999,147384.99999999994
0.227,473.2863826479693,8934.080254844366
0.227,3499.999999999999,140692.00000000006
0.227,1345.0,41394.000000000015
0.227,3499.999999999999,127799.99999999997
0.227,3499.999999999999,145592.99999999994
0.227,3499.999999999999,151651.0
0.227,3499.999999999999,175952.00000000003
0.227,629.9999999999999,11198.000000000005
0.227,3499.999999999999,137616.00000000003
0.227,596.0,13044.999999999998
0.227,1162.0,21074.999999999993
0.227,3499.999999999999,153239.00000000003
0.227,98.0,160.0
0.227,1603.0,64504.99999999997
0.227,131.0,1627.0
0.228,3499.999999999999,70108.0
0.228,924.5052731055675,44442.3968300541
0.228,3499.999999999999,123954.99999999997
0.228,3499.999999999999,210777.99999999997
0.228,3499.999999999999,63702.99999999997
0.228,3499.999999999999,117425.00000000003
0.228,3499.999999999999,169082.00000000003
0.228,3499.999999999999,120998.99999999997
0.228,3499.999999999999,187290.01980885156
0.228,3499.999999999999,109252.00000000004
0.228,1207.0000000000002,48564.99999999998
0.228,3499.999999999999,104956.0
0.228,3499.999999999999,186256.00000000006
0.228,3499.999999999999,141349.0
0.228,3499.999999999999,223117.99999999997
0.228,3499.999999999999,158936.99999999994
0.228,3499.999999999999,99951.00000000003
0.228,1439.3137253566372,23140.51103584362
0.228,3499.999999999999,133738.0
0.228,418.0,13821.0
0.228,3499.999999999999,91925.99999999999
0.228,3499.999999999999,133239.0
0.228,1549.9999999999998,76968.00000000003
0.228,68.0,799.9999999999998
0.229,3499.999999999999,245965.99999999994
0.229,1312.0000000000002,36944.000000000015
0.229,3499.999999999999,163975.99999999997
0.229,3499.999999999999,106518.37342918827
0.229,3499.999999999999,106943.99999999999
0.229,145.0,3964.999999999999
0.229,414.1255848169731,3707.9026416560623
0.229,1088.0000000000002,72248.00000000003
0.229,3499.999999999999,81185.0
0.229,3499.999999999999,143784.99999999997
0.229,3499.999999999999,89707.99999999999
0.229,113.99999999999999,1274.9999999999995
0.229,3499.999999999999,170314.00000000006
0.23,2014.9999999999995,76229.0
0.23,3499.999999999999,246745.00000000006
0.23,3499.999999999999,218621.00000000006
0.23,325.0,2638.0
0.23,3499.999999999999,50973.00000000001
0.23,1306.0,12277.0
0.23,3499.999999999999,90458.99999999999
0.23,1033.0,30222.999999999996
0.23,3499.999999999999,168425.99999999994
0.23,85.0,102.0
0.23,3499.999999999999,194044.99999999994
0.23,3499.999999999999,220337.0
0.23,3499.999999999999,162706.00000000003
0.23,3499.999999999999,165509.0
0.23,3499.999999999999,130860.00000000003
0.23,2221.485989152306,99378.37159060322
0.23,3499.999999999999,176752.99999999994
0.231,1036.9999999999998,21033.00000000001
0.231,65.0,411.00000000000006
0.231,3499.999999999999,147520.9559689741
0.231,3499.999999999999,134439.99999999997
0.231,658.0000000000001,16438.999999999993
0.231,470.0,10599.999999999996
0.231,3499.999999999999,222209.0
0.231,1183.0000000000002,26261.999999999996
0.231,3499.999999999999,87755.00000000001
0.231,236.0,4336.999999999999
0.231,3499.999999999999,219119.99999999997
0.231,3499.999999999999,150909.99999999997
0.231,1603.0,83997.99999999999
0.231,3499.999999999999,178840.00000000003
0.231,3499.999999999999,169076.0
0.231,3499.999999999999,115103.00000000004
0.231,3499.999999999999,86824.00000000003
0.231,1286.7050944175203,23634.322583903264
0.231,105.0,113.99999999999999
0.231,1372.0000000000002,40434.000000000015
0.231,107.0,111.00000000000001
0.231,3499.999999999999,73186.00000000003
0.231,3499.999999999999,87740.99999999999
0.231,2048.5360626554757,56015.76735170197
0.231,3499.999999999999,267347.99999999994
0.232,993.4787365615834,51722.16584792251
0.232,3499.999999999999,97661.00000000003
0.232,3499.999999999999,231731.0
0.232,3499.999999999999,127357.99999999997
0.232,2030.9999999999998,43125.000000000015
0.232,1542.9999999999998,94538.99999999999
0.232,3499.999999999999,137775.99999999994
0.232,3499.999999999999,91096.00000000001
0.232,1570.827807240501,47521.884811105745
0.232,3499.999999999999,106312.99999999997
0.232,3499.999999999999,99585.91183495786
0.232,1318.0,14328.999999999993
0.232,475.0,7208.999999999997
0.232,3499.999999999999,201624.00000000006
0.232,3499.999999999999,108901.00000000004
0.232,3499.999999999999,171624.99999999997
0.233,3499.999999999999,126941.00000000001
0.233,3499.999999999999,107491.00000000001
0.233,1678.0000000000005,48698.99999999999
0.233,3499.999999999999,282402.0000000001
0.233,98.0,102.0
0.233,111.00000000000001,719.0
0.233,1495.0,51554.00000000001
0.233,3499.999999999999,79167.00000000003
0.233,3499.999999999999,197995.99999999997
0.233,1063.0000000000002,24220.999999999993
0.233,1661.0000000000002,35317.0
0.233,3499.999999999999,179681.00000000003
0.233,511.99999999999994,12150.999999999998
0.233,3499.999999999999,157518.99999999997
0.233,3499.999999999999,144080.0
0.233,1135.0,16640.0
0.233,3499.999999999999,90138.99999999997
0.233,111.00000000000001,590.0
0.234,3499.999999999999,117380.0
0.234,62.0,107.0
0.234,3499.999999999999,154739.0
0.234,3499.999999999999,212816.0
0.234,3499.999999999999,142296.99999999997
0.234,3499.999999999999,225746.99999999997
0.234,3499.999999999999,102519.0
0.234,3499.999999999999,150909.0
0.234,3499.999999999999,156616.99999999994
0.234,2059.0000000000005,98297.99999999997
0.234,3499.999999999999,168457.99999999994
0.234,59.0,117.0
0.234,924.1212041718338,8146.762915416164
0.234,1114.9838563853737,25077.323481583917
0.234,3499.999999999999,139756.1777310757
0.235,3499.999999999999,90126.99999999999
0.235,1456.0,28599.999999999993
0.235,1237.0,20617.999999999996
0.235,3499.999999999999,202531.00000000003
0.235,3499.999999999999,201400.99999999994
0.235,1027.0,58912.99999999998
0.235,3499.999999999999,194809.00000000003
0.235,63.0,516.0
0.235,3499.999999999999,198621.00000000003
0.236,3499.999999999999,150809.00000000006
0.236,2304.2352310473852,52911.03971762417
0.236,3499.999999999999,167293.0000000001
0.236,75.0,83.0
0.236,1624.0000000000002,77147.99999999997
0.236,438.99999999999994,5009.0
0.236,3499.999999999999,175761.99999999997
0.236,3499.999999999999,164553.99999999994
0.236,1118.0000000000002,61709.000000000015
0.236,3499.999999999999,184802.00000000003
0.236,1603.0,44063.99999999998
0.236,3499.999999999999,146600.99999999997
0.236,3499.999999999999,231565.0000000001
0.236,1141.0000000000002,35912.999999999985
0.236,3499.999999999999,236338.99999999988
0.236,319.0,7028.000000000003
0.236,56.00000000000001,425.0
0.236,883.0000000000002,15770.999999999995
0.236,3499.999999999999,152309.99999999994
0.236,3499.999999999999,111050.0
0.236,3499.999999999999,107365.00000000003
0.237,3499.999999999999,227494.0
0.237,1399.0,35931.0
0.237,1086.9999999999998,12981.0
0.237,3499.999999999999,175244.99999999997
0.237,3499.999999999999,189454.0
0.237,3499.999999999999,93855.99999999999
0.237,350.99999999999994,2673.9999999999995
0.237,1899.605222144854,92224.54165784719
0.237,3499.999999999999,119421.00000000003
0.237,598.0,13055.999999999998
0.237,1657.0,61195.000000000015
0.237,1110.0,18534.999999999993
0.237,385.0,7510.000000000002
0.237,1424.0000000000002,45804.000000000015
0.237,1215.9999999999998,16386.000000000004
0.237,540.0,19680.999999999993
0.237,738.8236117566025,18558.60376605084
0.237,3499.999999999999,159779.00000000003
0.237,3499.999999999999,127528.00000000001
0.237,3499.999999999999,156933.99999999994
0.238,1076.3363786474931,30012.061325407172
0.238,3499.999999999999,187458.00000000006
0.238,1078.0,19944.999999999993
0.238,1291.0,26684.999999999993
0.238,3499.999999999999,174227.00000000006
0.238,3499.999999999999,124834.00000000001
0.238,3499.999999999999,237083.0000000001
0.238,2579.4379232693304,91689.73461080581
0.238,1675.4103974847471,22099.490242989785
0.238,122.0,1505.0000000000005
0.238,2288.9954128394397,78023.17644136262
0.238,3499.999999999999,115716.00000000001
0.238,1238.9999999999998,20355.999999999993
0.238,1003.9999999999998,23565.0
0.238,3499.999999999999,114542.4273446307
0.238,3499.999999999999,147633.0
0.238,139.0,150.0
0.238,3499.999999999999,74535.00000000001
0.238,2338.1616710569865,131298.83020423292
0.239,1882.0000000000005,104297.0
0.239,3499.999999999999,110411.00000000001
0.239,388.0,5224.000000000002
0.239,1017.0,26661.999999999996
0.239,3499.999999999999,114170.99999999996
0.239,3499.999999999999,127728.00000000004
0.239,1097.0000000000002,88347.99999999999
0.239,3499.999999999999,168512.99999999994
0.239,3499.999999999999,249554.00000000003
0.239,3499.999999999999,183523.1538525862
0.239,151.0,1617.0000000000005
0.239,1017.0,30133.999999999996
0.239,3499.999999999999,189667.00000000003
0.24,1426.0000000000002,55377.00000000001
0.24,3499.999999999999,199903.99999999994
0.24,194.0,1528.9999999999998
0.24,3499.999999999999,154015.5277885968
0.24,1324.0000000000002,32810.0
0.24,3499.999999999999,88526.99999999999
0.24,1135.0,41566.99999999999
0.24,3499.999999999999,237158.0000000001
0.24,3499.999999999999,218572.68065794514
0.24,3499.999999999999,129886.99999999997
0.24,3499.999999999999,59754.99999999999
0.24,1321.0,33041.000000000015
0.24,3499.999999999999,84236.00000000003
0.24,2369.428313153462,75672.41500337355
0.24,1585.9999999999995,33528.00000000001
0.24,3499.999999999999,113477.0975351414
0.24,3499.999999999999,243665.00000000006
0.24,501.99999999999994,15315.999999999996
0.241,3499.999999999999,118457.00000000004
0.241,2080.0000000000005,90032.99999999999
0.241,3499.999999999999,125727.02698704043
0.241,3499.999999999999,113743.00000000003
0.241,3499.999999999999,242671.0000000001
0.241,112.00000000000001,130.0
0.241,1141.0000000000002,19013.0
0.241,573.9999999999999,12839.999999999998
0.241,66.0,731.9999999999999
0.241,1555.0,33999.000000000015
0.241,337.8105978207315,3360.1165158369126
0.241,1006.0000000000002,16318.999999999995
0.241,3499.999999999999,218705.00000000003
0.241,3499.999999999999,176847.76056823554
0.241,3499.999999999999,174469.99999999997
0.241,3499.999999999999,171505.8077588045
0.242,3499.999999999999,165212.0
0.242,1263.9999999999998,19561.0
0.242,1124.0551587889274,26793.364402403815
0.242,62.0,475.0
0.242,3499.999999999999,142304.0
0.242,1427.9999999999998,22435.999999999996
0.242,3499.999999999999,67250.0
0.242,3499.999999999999,214484.54897264755
0.242,3499.999999999999,232122.00000000006
0.242,3499.999999999999,136749.00000000003
0.242,3499.999999999999,213283.00000000003
0.242,85.0,163.0
0.242,365.0,8122.000000000001
0.242,3499.999999999999,189465.0
0.242,3499.999999999999,130834.99999999999
0.242,1149.9999999999998,34466.99999999999
0.242,3499.999999999999,165629.00000000003
0.242,3499.999999999999,202499.99999999994
0.242,118.0,1539.0000000000002
0.242,3499.999999999999,131596.0
0.242,3499.999999999999,137655.99999999997
0.242,3499.999999999999,159991.00000000006
0.242,1022.0000000000001,20533.000000000004
0.242,3499.999999999999,112775.00000000004
0.242,3499.999999999999,143729.99999999994
0.243,67.0,853.9999999999999
0.243,3499.999999999999,147600.0
0.243,3499.999999999999,205508.9999999999
0.243,2031.9999999999998,113270.00000000003
0.243,515.751878329105,6268.1135918233
0.243,626.0000000000001,10295.000000000004
0.243,3499.999999999999,97644.00000000001
0.243,3499.999999999999,141021.99999999997
0.243,3499.999999999999,59974.000000000015
0.243,3499.999999999999,87676.00000000003
0.243,3499.999999999999,215078.00000000003
0.243,1270.0,20084.0
0.243,1152.0,24156.99999999999
0.243,3499.999999999999,279859.0000000001
0.243,1039.508105484319,25389.629207672537
0.243,1214.0000000000002,36052.999999999985
0.244,3499.999999999999,105446.0
0.244,2081.585933849477,65015.715023369536
0.244,1393.0,54592.00000000002
0.244,339.00000000000006,5866.999999999999
0.244,2071.0,120441.00000000003
0.244,3499.999999999999,209360.0
0.244,435.9947745074141,3868.8127311645026
0.244,3499.999999999999,116517.99999999999
0.244,1322.9999999999998,44782.00000000001
0.244,571.0,13715.999999999996
0.244,1606.0000000000002,27102.999999999985
0.244,1848.9999999999998,43596.0
0.244,3499.999999999999,115747.99999999999
0.244,3499.999999999999,212414.00000000003
0.245,3499.999999999999,92140.00000000001
0.245,613.4818660726655,8170.71832827445
0.245,3499.999999999999,235981.99999999997
0.245,3499.999999999999,155402.99999999994
0.245,3499.999999999999,267757.00000000006
0.245,3499.999999999999,184545.00000000006
0.245,3499.999999999999,145316.0
0.245,3499.999999999999,112789.00000000006
0.245,1619.9999999999995,34620.99999999999
0.245,415.00000000000006,9080.999999999998
0.245,3499.999999999999,121153.00000000004
0.245,3499.999999999999,241075.0
0.245,3499.999999999999,266151.0000000001
0.245,3499.999999999999,181920.00000000006
0.245,3499.999999999999,192704.00000000003
0.246,1346.0000000000002,15059.000000000005
0.246,1519.9999999999998,41437.000000000015
0.246,2094.9999999999995,77178.99999999999
0.246,3499.999999999999,140405.0
0.246,3499.999999999999,193672.0000000001
0.246,1985.0000000000002,65623.00000000003
0.247,182.0,4047.0000000000005
0.247,3499.999999999999,194092.99999999997
0.247,340.0,9155.000000000002
0.247,3499.999999999999,86933.00000000004
0.247,2123.2051243344335,82781.86243374815
0.247,3499.999999999999,105213.99999999999
0.247,277.0,1899.9999999999995
0.247,1215.9999999999998,27754.000000000004
0.247,3499.999999999999,83704.99999999996
0.247,1298.0,30320.0
0.247,1000.9999999999998,26448.999999999996
0.247,3499.999999999999,123445.00000000004
0.247,305.99999999999994,3897.0
0.247,2078.0,129627.00000000004
0.247,1042.9999999999998,19238.999999999996
0.247,3499.999999999999,126766.00000000006
0.247,3499.999999999999,192195.00000000006
0.248,582.6662852782886,5514.336587478132
0.248,3499.999999999999,128513.99999999997
0.248,3499.999999999999,145713.0
0.248,1125.9999999999998,21876.0
0.248,303.0,6354.000000000001
0.248,118.0,1210.0
0.248,3499.999999999999,148854.00000000003
0.248,1384.9187701811252,30093.400206689836
0.248,1493.0,31303.000000000007
0.248,3499.999999999999,78767.99999999997
0.248,115.99999999999999,1336.9999999999995
0.248,839.5832299420945,15127.54633111397
0.248,476.9696007084728,12055.365610382793
0.248,869.0000000000001,7038.999999999997
0.248,97.0,101.0
0.248,63.0,147.0
0.248,3499.999999999999,223792.0
0.248,1828.0,43051.00000000001
0.248,165.0,2833.0
0.249,501.99999999999994,16366.000000000005
0.249,3499.999999999999,73270.00000000003
0.249,1737.0000000000005,19851.000000000004
0.249,3499.999999999999,80363.99999999999
0.249,3499.999999999999,145470.0
0.249,1427.0000000000002,54063.999999999985
0.249,3499.999999999999,114045.00000000003
0.249,3499.999999999999,124753.73236099994
0.249,3499.999999999999,230397.9999999999
0.249,3499.999999999999,93781.99999999999
0.249,3499.999999999999,143446.00000000003
0.249,217.0,1581.0
0.249,3499.999999999999,173623.54612206263
0.249,96.0,1331.9999999999998
0.249,779.0,14155.999999999998
0.25,1237.0,26035.999999999996
0.25,3499.999999999999,167117.00000000003
0.25,3499.999999999999,147112.00000000006
0.25,156.0,1671.0
0.25,3499.999999999999,172224.99999999994
0.25,3499.999999999999,143460.99999999994
0.25,3499.999999999999,76519.99999999999
0.25,3499.999999999999,207986.0
0.25,2295.865849739483,47113.14105427486
0.25,3499.999999999999,93543.99999999999
0.25,1221.0,17824.999999999996
0.25,509.99999999999994,16749.999999999993
0.25,891.0,17505.999999999996
0.25,869.0000000000001,13463.999999999996
0.25,1059.0000000000002,51015.99999999999
0.25,3499.999999999999,101456.99999999999
0.251,3499.999999999999,146064.00000000003
0.251,1136.9999999999998,32433.999999999993
0.251,3499.999999999999,142081.00000000003
0.251,3499.999999999999,257284.0
0.251,1908.9999999999995,117446.0
0.251,3499.999999999999,84634.00000000001
0.251,1038.9999999999998,17026.999999999996
0.251,303.0,8698.000000000004
0.251,3499.999999999999,182830.74816069653
0.251,59.0,105.0
0.251,3499.999999999999,83282.0
0.251,3499.999999999999,122844.00000000006
0.251,361.00000000000006,2296.0000000000005
0.251,3499.999999999999,134231.28534361869
0.251,3499.999999999999,99380.99999999997
0.251,1489.9999999999998,17722.999999999993
0.252,505.0,6933.0
0.252,3499.999999999999,82627.99999999997
0.252,1033.0,22598.0
0.252,3499.999999999999,86528.00000000003
0.252,3499.999999999999,120188.99999999999
0.252,3499.999999999999,183086.0
0.252,3499.999999999999,123809.00000000001
0.252,189.0,3269.0
0.252,3499.999999999999,74618.0
0.252,3499.999999999999,94737.99999999997
0.252,156.0,1463.0
0.253,112.99999999999999,1515.0000000000005
0.253,3499.999999999999,242461.00000000006
0.253,3499.999999999999,239824.99999999994
0.253,1885.7359306117069,58510.98549845149
0.253,224.00000000000003,6794.0
0.253,3499.999999999999,206138.0
0.253,3499.999999999999,76138.99999999997
0.253,1461.1639196202452,47155.474952543955
0.253,1862.3909364040617,53032.53122376866
0.253,2348.6166140943483,131402.3352912725
0.253,3499.999999999999,113280.99999999994
0.253,1034.9999999999998,26354.999999999996
0.254,1045.0,22533.0
0.254,94.0,301.0
0.254,3499.999999999999,156988.0000000001
0.254,1960.0000000000005,130263.00000000006
0.254,131.0,1754.0000000000002
0.254,3499.999999999999,136418.99999999997
0.254,1861.0000000000002,22139.0
0.254,331.99999999999994,2007.9999999999998
0.254,522.0,6868.000000000001
0.254,1842.0000000000002,86766.99999999996
0.254,3499.999999999999,116105.00000000004
0.254,1747.0,86323.0
0.255,394.00000000000006,4352.0
0.255,3499.999999999999,52026.0
0.255,1166.9999999999998,25746.999999999993
0.255,112.99999999999999,1067.9999999999998
0.255,3499.999999999999,140209.0
0.255,3499.999999999999,270957.0000000001
0.255,3499.999999999999,64766.99999999997
0.255,3499.999999999999,84711.0
0.255,197.0,3206.999999999999
0.255,3499.999999999999,119430.12960723102
0.255,413.0,3235.0
0.255,3499.999999999999,182076.00000000003
0.255,3499.999999999999,74306.99999999999
0.255,3499.999999999999,155132.00000000003
0.256,1479.0199457749036,37536.1253194839
0.256,3499.999999999999,80452.99999999996
0.256,3499.999999999999,175893.99999999994
0.256,3499.999999999999,106508.99999999997
0.256,475.0,5764.999999999998
0.256,3499.999999999999,191178.0
0.256,3499.999999999999,178782.00000000003
0.256,974.0395269186972,28315.61406715383
0.256,3499.999999999999,204639.9156371992
0.256,236.0,8310.999999999996
0.256,1042.0000000000002,17652.00000000001
0.256,47.0,65.0
0.256,405.5243519198323,1935.8584659008518
0.256,3499.999999999999,75947.0
0.256,470.0,8070.999999999996
0.256,986.9999999999999,10343.0
0.257,3499.999999999999,84662.00000000003
0.257,3499.999999999999,134491.0
0.257,3499.999999999999,110593.00000000003
0.257,112.00000000000001,728.0
0.257,109.00000000000001,1252.0
0.257,910.0,19840.000000000007
0.257,340.99999999999994,4936.000000000001
0.257,264.0,5065.999999999999
0.257,1928.0,52335.99999999998
0.257,3499.999999999999,65759.99999999999
0.258,3499.999999999999,73779.00000000001
0.258,3499.999999999999,133191.00000000003
0.258,3499.999999999999,153426.00000000003
0.258,275.99999999999994,1346.0000000000002
0.258,3499.999999999999,133286.99999999994
0.258,1574.0,46367.99999999999
0.258,3499.999999999999,302400.0000000002
0.258,138.0,151.0
0.258,3499.999999999999,160537.00000000003
0.258,1085.9999999999998,32413.999999999985
0.258,3499.999999999999,300507.99999999994
0.258,1547.9999999999998,82652.99999999997
0.258,3499.999999999999,144996.0
0.258,61.0,184.0
0.258,2094.9940334043918,51365.22397498134
0.258,3499.999999999999,96799.99999999997
0.258,2029.6551431216087,62133.41328946933
0.259,1698.9999999999998,36796.00000000001
0.259,3499.999999999999,109237.99999999997
0.259,3499.999999999999,290034.0000000001
0.259,1704.9999999999998,64219.00000000001
0.259,3499.999999999999,198770.99999999997
0.259,1837.0,46986.00000000001
0.259,1108.0000000000002,22789.0
0.259,275.0,7143.000000000004
0.259,1561.9999999999998,43350.000000000015
0.259,3499.999999999999,288628.0
0.259,3499.999999999999,101432.99999999997
0.259,1795.0,34815.00000000001
0.259,1224.0000000000002,20391.000000000004
0.259,170.0,1648.0
0.259,300.00000000000006,2088.0000000000005
0.259,925.0000000000002,16686.0
0.259,3499.999999999999,147209.0
0.259,2037.9999999999995,88491.99999999996
0.259,1541.0000000000002,18077.999999999993
0.259,1516.0000000000002,100820.0
0.259,3499.999999999999,161960.00000000006
0.259,372.0,10696.0
0.259,188.0,5655.0
0.259,1057.0000000000002,18562.999999999996
0.259,63.0,107.0
0.26,1094.0,41407.99999999998
0.26,434.0,4378.0
0.26,2260.5309110914627,96395.39213053705
0.26,166.0,1084.9999999999998
0.26,1203.9999999999998,13878.0
0.26,609.0976933136425,9093.243645696513
0.26,3499.999999999999,243583.0
0.26,3499.999999999999,142702.00000000006
0.26,3499.999999999999,128723.00000000003
0.261,3499.999999999999,183557.99999999997
0.261,3499.999999999999,193387.99999999997
0.261,63.0,547.0
0.261,3499.999999999999,119765.99999999996
0.261,3499.999999999999,252475.00000000006
0.261,267.0,13221.999999999996
0.261,3499.999999999999,157966.0000000001
0.261,108.0,742.0
0.261,273.0,893.0000000000001
0.261,672.0,13670.999999999995
0.261,227.99999999999997,2640.0
0.261,3499.999999999999,189057.9999999999
0.261,1276.0,51680.999999999985
0.261,3499.999999999999,118847.0
0.261,3499.999999999999,95135.99999999997
0.262,3499.999999999999,228026.99999999994
0.262,583.0,14412.0
0.262,3499.999999999999,174132.0
0.262,209.0,1283.0
0.262,3499.999999999999,196333.99999999997
0.262,1621.0,101730.99999999999
0.262,3499.999999999999,184485.0
0.262,1056.645635963164,31773.728676376646
0.262,295.0,6106.0
0.262,74.0,294.0
0.262,3499.999999999999,145607.99999999994
0.262,3499.999999999999,195640.00000000006
0.263,3499.999999999999,71603.99999999999
0.263,3499.999999999999,218252.99999999994
0.263,1773.9999999999998,46066.99999999999
0.263,271.0,3436.0000000000005
0.263,3499.999999999999,71551.0
0.263,1721.0,46818.999999999985
0.263,3499.999999999999,219243.9999999999
0.263,3499.999999999999,254917.99999999997
0.263,272.0,2915.9999999999995
0.263,183.0,250.0
0.263,78.0,90.0
0.263,1086.9999999999998,10405.000000000002
0.263,3499.999999999999,122490.00000000003
0.263,3499.999999999999,73626.0
0.263,1441.87378088375,45127.23342949354
0.264,277.99999999999994,518.0
0.264,511.00000000000006,5430.0
0.264,3499.999999999999,82695.99999999999
0.264,3499.999999999999,182503.00000000006
0.264,1350.9999999999995,17898.000000000004
0.264,1441.0000000000005,68538.0
0.264,472.0,6623.999999999998
0.264,190.0,1854.0
0.264,3499.999999999999,164307.9999999999
0.264,3499.999999999999,130694.00000000003
0.264,1365.0000000000002,35742.00000000002
0.264,1300.0,30475.999999999993
0.264,112.00000000000001,173.0
0.264,3499.999999999999,189978.00000000003
0.264,458.2575694955839,4378.648764173714
0.264,1129.918416330451,36961.425517221454
0.264,3499.999999999999,131449.0
0.264,722.0,8134.999999999998
0.264,1301.0000000000002,21714.0
0.265,3499.999999999999,202789.0000000001
0.265,240.0,1535.9999999999995
0.265,3499.999999999999,124146.99999999996
0.265,57.99999999999999,442.0
0.265,64.0,567.9999999999999
0.265,3499.999999999999,88845.00000000001
0.265,3499.999999999999,99498.00000000001
0.265,3499.999999999999,153907.0
0.265,3499.999999999999,230460.99999999997
0.265,3499.999999999999,184014.00000000006
0.265,3499.999999999999,91046.99999999999
0.265,3499.999999999999,68063.00000000003
0.265,3499.999999999999,144765.99999999994
0.265,3499.999999999999,117207.99999999997
0.265,3499.999999999999,123489.00000000003
0.265,1403.0,33696.0
0.265,3499.999999999999,93560.99999999999
0.265,3499.999999999999,103177.00000000004
0.265,3499.999999999999,123967.00000000003
0.266,3499.999999999999,133100.00000000006
0.266,3499.999999999999,119133.99999999999
0.266,1603.0,41541.00000000001
0.266,752.9999999999999,17841.000000000004
0.266,1227.9999999999998,32535.000000000015
0.266,1254.0,22877.000000000004
0.266,3499.999999999999,85668.99999999997
0.266,299.0,4713.0
0.266,1488.9999999999998,32116.000000000007
0.266,3499.999999999999,192514.00000000003
0.266,1090.0,36081.999999999985
0.267,3499.999999999999,129320.99999999999
0.267,1476.9999999999998,52672.0
0.267,3499.999999999999,226730.00000000003
0.267,1346.0000000000002,33389.0
0.267,96.0,187.0
0.267,411.00000000000006,13430.999999999995
0.268,1176.0,19132.000000000004
0.268,1420.0,107317.0
0.268,100.0,1178.9999999999998
0.268,576.6281297335397,4173.980114950238
0.268,80.0,89.0
0.268,1333.0,37593.999999999985
0.268,1006.0000000000002,30383.999999999993
0.268,598.0,9428.000000000002
0.268,90.0,112.00000000000001
0.268,925.0000000000002,16273.000000000005
0.268,3499.999999999999,209445.00000000003
0.268,310.0,8704.999999999996
0.268,87.0,98.0
0.268,624.0,14716.000000000005
0.268,3499.999999999999,136233.00000000003
0.269,3499.999999999999,126078.00000000004
0.269,3499.999999999999,149675.00000000006
0.269,100.0,840.0
0.269,3499.999999999999,200704.0
0.269,1768.0,51903.0
0.269,3499.999999999999,142651.00000000006
0.269,2175.925532026598,99959.89399374704
0.269,1421.0,29265.999999999993
0.269,3499.999999999999,254771.0
0.269,1924.0000000000002,31841.000000000015
0.269,3499.999999999999,197396.00000000006
0.269,3499.999999999999,116677.00000000001
0.269,71.0,876.0
0.269,1093.0,14239.999999999998
0.269,658.0000000000001,9335.000000000004
0.269,3499.999999999999,154702.99999999994
0.27,1624.4999230532453,41520.35626051395
0.27,3499.999999999999,225522.00000000003
0.27,1338.0,44498.999999999985
0.27,1962.1416870348578,63367.604325869856
0.27,653.0,8156.999999999999
0.27,112.99999999999999,1073.0
0.27,1281.9999999999998,63463.999999999985
0.27,3499.999999999999,102581.00000000001
0.27,167.0,2066.0000000000005
0.27,1140.0,19826.000000000004
0.27,204.0,564.0
0.27,3499.999999999999,162242.00000000003
0.271,3499.999999999999,100145.0
0.271,3499.999999999999,206125.0
0.271,2350.1063805708873,110529.84591050506
0.271,1074.9999999999998,42490.0
0.271,3499.999999999999,137058.00000000003
0.271,1859.0000000000005,42587.00000000001
0.271,598.0,23325.999999999996
0.271,611.9640512317696,6564.541872819455
0.271,2085.9999999999995,91090.00000000001
0.271,3499.999999999999,194383.00000000003
0.271,1083.9999999999998,11088.0
0.271,3499.999999999999,215434.00000000006
0.271,1285.0,28710.000000000007
0.272,1215.9999999999998,15103.999999999993
0.272,1141.0000000000002,22385.999999999996
0.272,3499.999999999999,232071.99999999994
0.272,65.0,436.00000000000006
0.272,1698.9999999999998,85195.99999999997
0.272,2355.313142662775,79136.39055453565
0.272,3499.999999999999,146251.00000000006
0.272,1307.0000000000005,31402.00000000001
0.272,3499.999999999999,190643.0000000001
0.272,1007.0,15848.000000000002
0.272,3499.999999999999,277625.9999999999
0.273,68.0,619.0
0.273,517.0,9505.999999999998
0.273,3499.999999999999,105841.00000000001
0.273,383.00000000000006,4877.0
0.273,1780.0,33440.0
0.273,1399.9999999999995,23353.99999999999
0.273,471.0,11103.000000000004
0.273,1053.9999999999998,51497.000000000015
0.273,63.0,576.0000000000001
0.273,3499.999999999999,133895.0
0.273,3499.999999999999,157583.00000000003
0.273,3499.999999999999,136646.0
0.274,62.0,676.0
0.274,1424.0000000000002,51470.000000000015
0.274,3499.999999999999,62119.00000000003
0.274,469.00000000000006,5370.0
0.274,3499.999999999999,161644.99999999997
0.274,984.6319109189992,31459.66204522866
0.274,897.9999999999999,23886.0
0.274,3499.999999999999,141527.00000000003
0.274,243.00000000000003,6568.999999999998
0.274,3499.999999999999,169928.00000000003
0.274,1630.0000000000005,77129.0
0.274,3499.999999999999,138291.0
0.274,64.0,233.0
0.274,103.0,972.9999999999999
0.274,3499.999999999999,139773.0
0.274,657.0,13587.000000000005
0.274,1122.0000000000002,19553.999999999993
0.274,3499.999999999999,85112.99999999997
0.274,355.1168821669845,1614.3822347882797
0.275,1420.0,37972.99999999999
0.275,1042.9999999999998,14709.000000000005
0.275,3499.999999999999,236852.99999999994
0.275,627.2224485778552,19561.612433539318
0.275,3499.999999999999,136142.99999999997
0.275,1468.0000000000002,23165.000000000004
0.275,204.45048300260873,1032.4751812997736
0.275,40.0,893.0000000000001
0.275,3499.999999999999,104304.48065639373
0.275,71.0,912.0000000000001
0.275,2044.0000000000005,35085.0
0.275,3499.999999999999,193820.00000000006
0.275,1252.1980673998821,41059.918071033724
0.275,86.0,552.9999999999999
0.276,51.0,86.0
0.276,65.0,491.0
0.276,3499.999999999999,111376.99999999996
0.276,57.99999999999999,426.0
0.276,3499.999999999999,105868.00000000006
0.276,1697.0,109691.99999999996
0.276,3499.999999999999,129850.99999999997
0.276,2253.552750658391,86769.36308398261
0.276,1014.0,33680.999999999985
0.276,3499.999999999999,71035.99999999999
0.276,93.0,601.0
0.276,525.8326730053963,13547.814879160404
0.276,476.0,14920.000000000004
0.276,405.99999999999994,12903.0
0.277,415.00000000000006,4740.000000000001
0.277,1527.9999999999998,62929.99999999997
0.277,3499.999999999999,288117.9999999999
0.277,3499.999999999999,172765.0
0.277,3499.999999999999,265814.99999999994
0.277,3499.999999999999,100852.00000000001
0.277,65.0,751.0000000000001
0.277,545.4356057317856,14602.255510707917
0.277,250.0,3942.0
0.277,237.0,14508.999999999995
0.277,3499.999999999999,272406.00000000006
0.278,3499.999999999999,164159.0
0.278,3499.999999999999,85930.99999999996
0.278,3499.999999999999,121730.00000000001
0.278,67.0,149.0
0.278,1270.0,29425.00000000001
0.278,3499.999999999999,184495.00000000003
0.278,1179.7347159425292,26759.59226146768
0.278,1281.9999999999998,24581.999999999996
0.278,3499.999999999999,161074.99999999997
0.278,3499.999999999999,102497.00000000004
0.278,110.00000000000001,1569.9999999999998
0.278,233.0,555.0
0.279,82.0,165.0
0.279,2064.0000000000005,72087.99999999997
0.279,3499.999999999999,197759.00000000003
0.279,614.8170459575759,14169.812137075072
0.279,1970.9999999999998,123212.99999999997
0.279,2472.0436889343196,128415.38359558018
0.279,3499.999999999999,107579.00000000004
0.279,3499.999999999999,166966.00000000006
0.279,3499.999999999999,126983.0
0.279,3499.999999999999,278560.0
0.279,3499.999999999999,119321.0
0.279,1165.9999999999998,10697.999999999996
0.28,3499.999999999999,93904.99999999996
0.28,1887.9999999999995,67707.00000000001
0.28,1086.9999999999998,18460.000000000004
0.28,3499.999999999999,133610.99999999994
0.28,275.0,4011.0
0.28,1168.0000000000002,25786.999999999996
0.28,2119.079989051853,58489.00419737031
0.28,3499.999999999999,81098.00000000001
0.28,3499.999999999999,163992.0
0.28,356.99999999999994,3286.999999999999
0.281,3499.999999999999,181159.9999999999
0.281,1080.9999999999998,18185.000000000007
0.281,1208.9999999999998,13590.000000000005
0.281,3499.999999999999,91696.0
0.281,547.0,9866.000000000002
0.281,65.0,567.0000000000001
0.281,570.5260730238364,12281.936980786057
0.282,3499.999999999999,89723.99999999997
0.282,3499.999999999999,76070.00000000003
0.282,1141.0000000000002,17392.0
0.282,118.0,1032.0
0.282,3499.999999999999,119539.00000000003
0.282,3499.999999999999,220551.9999999999
0.282,242.0,7108.000000000003
0.282,3499.999999999999,168593.0000000001
0.282,3499.999999999999,272592.0000000001
0.282,210.0,2932.0
0.282,114.99999999999999,1116.0
0.282,3499.999999999999,213770.00000000003
0.282,1128.9999999999998,38227.00000000001
0.282,747.5117539715419,5974.10731807094
0.282,1027.0,16148.000000000005
0.282,706.9999999999999,9622.999999999998
0.282,3499.999999999999,62719.99999999999
0.282,375.0,536.0000000000001
0.282,1990.0000000000002,122961.99999999999
0.283,3499.999999999999,69530.99999999999
0.283,1422.9999999999998,43185.00000000001
0.283,1552.9999999999998,53955.00000000001
0.283,64.0,264.0
0.283,144.0,1622.9999999999998
0.283,473.00000000000006,8374.000000000002
0.283,3499.999999999999,211063.99999999988
0.284,3499.999999999999,142428.00000000003
0.284,3499.999999999999,57214.0
0.284,527.0,13460.999999999998
0.284,3499.999999999999,159543.99999999997
0.284,3499.999999999999,95640.99999999996
0.284,214.0,1869.0000000000005
0.284,3499.999999999999,186365.9999999999
0.284,1360.0000000000002,42311.999999999985
0.284,3499.999999999999,226008.9999999999
0.285,1118.0000000000002,38083.0
0.285,3499.999999999999,146344.99999999997
0.285,426.99999999999994,7433.999999999999
0.285,112.00000000000001,1113.0000000000002
0.285,529.150262212918,4370.424235700694
0.285,3499.999999999999,77942.99999999997
0.286,269.0,4867.000000000001
0.286,96.0,672.0
0.286,396.00000000000006,6080.999999999998
0.286,3499.999999999999,65689.0
0.286,3499.999999999999,198378.0
0.286,3499.999999999999,103608.99999999994
0.286,100.0,911.0
0.286,733.0,17743.0
0.286,3499.999999999999,184797.99999999994
0.286,3499.999999999999,124807.99999999994
0.287,3499.999999999999,166526.00000000006
0.287,3499.999999999999,119375.00000000003
0.287,3499.999999999999,180165.0000000001
0.287,305.99999999999994,14179.999999999998
0.287,3499.999999999999,68390.00000000003
0.287,3499.999999999999,161331.99999999994
0.287,375.0,6958.999999999999
0.287,1154.0,20337.0
0.287,1065.0,74604.00000000001
0.287,475.0,9734.000000000002
0.288,65.0,627.0
0.288,3499.999999999999,245182.00000000006
0.288,225.99999999999997,2290.0
0.288,3499.999999999999,120749.99999999996
0.288,170.0,2762.9999999999995
0.288,665.0,9685.000000000002
0.288,142.0,2111.0
0.289,2032.9999999999998,38000.00000000001
0.289,1203.0,21141.999999999996
0.289,80.39900496896712,336.0684454095624
0.289,3499.999999999999,125271.00000000004
0.289,3499.999999999999,168200.00000000006
0.289,676.0,12269.999999999996
0.289,3499.999999999999,177820.99999999994
0.289,3499.999999999999,106161.99999999994
0.289,3499.999999999999,134769.00000000003
0.289,62.0,667.9999999999999
0.289,386.99999999999994,7789.999999999998
0.29,3499.999999999999,192396.00000000006
0.29,3499.999999999999,181441.99999999994
0.29,64.0,273.0
0.29,3499.999999999999,182249.00000000006
0.29,75.0,292.0
0.29,3499.999999999999,256000.0
0.29,1010.0,27830.0
0.29,91.0,154.0
0.291,3499.999999999999,246104.99999999994
0.291,3499.999999999999,62525.0
0.291,1826.0000000000002,30887.000000000007
0.291,195.0,347.0
0.291,3499.999999999999,164186.0
0.291,3499.999999999999,134026.0
0.291,1118.0000000000002,26746.999999999996
0.291,3499.999999999999,156854.99999999997
0.292,3499.999999999999,127673.99999999997
0.292,3499.999999999999,182805.00000000003
0.292,98.0,781.0000000000001
0.292,311.0,14222.999999999993
0.292,1820.0,40485.999999999985
0.293,3499.999999999999,154473.0
0.293,1360.0000000000002,74382.00000000003
0.293,1845.0,69569.0
0.293,162.0,2611.0000000000005
0.293,796.0000000000001,13613.0
0.293,1038.9999999999998,53197.000000000015
0.293,3499.999999999999,115197.99999999999
0.293,3499.999999999999,221548.99999999994
0.293,3499.999999999999,237219.0
0.293,3499.999999999999,177964.0000000001
0.293,172.0,4065.9999999999995
0.293,579.2020372892347,7988.472695077576
0.293,401.0,17240.999999999993
0.294,30.0,44.0
0.294,798.890480604194,21259.70639496227
0.294,188.0,2128.9999999999995
0.294,3499.999999999999,119752.0
0.294,465.00000000000006,6927.000000000001
0.294,3499.999999999999,159926.0
0.294,13.0,104.0
0.294,1140.0,94358.0
0.294,3499.999999999999,162153.00000000003
0.295,3499.999999999999,130189.00000000006
0.295,317.0,2178.9999999999995
0.295,211.0,2504.9999999999995
0.295,386.0,10346.000000000004
0.295,1232.9999999999998,24131.000000000007
0.296,1136.0,34541.00000000001
0.296,370.00000000000006,3488.000000000001
0.296,625.0000000000001,8886.000000000002
0.296,835.0,9088.000000000002
0.296,61.0,464.00000000000006
0.296,211.0,5315.0
0.297,240.0,3160.0
0.297,3499.999999999999,133040.00000000003
0.297,113.99999999999999,362.0
0.297,731.9999999999999,5528.999999999998
0.297,455.00000000000006,5268.999999999999
0.297,86.0,98.0
0.297,1669.0000000000002,41870.99999999998
0.297,1217.0000000000002,27583.999999999993
0.298,86.0,94.0
0.298,331.99999999999994,11222.0
0.298,499.2033653732714,4925.735985616767
0.298,3499.999999999999,175824.00000000006
0.298,94.0,790.0000000000002
0.298,322.1738661033822,3610.94973656516
0.298,101.0,143.0
0.298,1828.0,76627.99999999996
0.298,66.0,257.0
0.298,3499.999999999999,129114.00000000003
0.298,113.99999999999999,1274.0
0.298,3499.999999999999,215587.0000000001
0.298,3499.999999999999,120831.0
0.298,3499.999999999999,171972.00000000003
0.299,71.0,634.0
0.299,3499.999999999999,156539.0
0.299,176.0,194.0
0.299,3499.999999999999,148879.00000000003
0.299,3499.999999999999,89055.0
0.299,397.00000000000006,4070.000000000001
0.3,3499.999999999999,218036.00000000006
0.3,1297.0,32294.99999999999
0.3,3499.999999999999,217632.00000000006
0.3,3499.999999999999,188600.00000000006
0.3,3499.999999999999,130583.99999999993
0.3,93.0,97.0
0.3,3499.999999999999,80449.00000000003
0.3,319.19899749216006,6273.78354742973
0.3,3499.999999999999,65192.99999999999
0.3,1752.0,36686.999999999985
0.3,407.0,7126.000000000004
0.3,92.0,426.0
0.3,423.00000000000006,5868.999999999998
0.3,3499.999999999999,70697.00000000001
0.3,562.0,11650.999999999996
0.301,3499.999999999999,91305.00000000003
0.301,1420.0,60877.0
0.301,1168.0000000000002,20034.000000000007
0.301,322.99999999999994,2705.0000000000005
0.301,1023.0,31331.00000000001
0.301,1618.0000000000002,108058.0
0.302,361.00000000000006,9395.999999999998
0.302,57.99999999999999,154.0
0.302,1160.0000000000002,12893.000000000004
0.302,3499.999999999999,106453.0
0.302,364.00000000000006,7831.999999999998
0.302,3499.999999999999,155752.99999999994
0.302,3499.999999999999,203311.99999999988
0.302,3499.999999999999,234131.9999999999
0.303,202.99999999999997,1565.9999999999995
0.303,3499.999999999999,200471.00000000003
0.303,1038.9999999999998,27642.000000000007
0.303,3499.999999999999,245950.00000000006
0.303,3499.999999999999,54797.99999999999
0.303,3499.999999999999,161131.00000000003
0.303,3499.999999999999,210879.0000000001
0.304,3499.999999999999,234082.99999999994
0.304,970.9999999999999,9658.0
0.304,126.0,3626.0
0.304,371.00000000000006,2699.0000000000005
0.304,99.0,958.9999999999998
0.304,1705.9999999999995,40149.99999999999
0.304,3499.999999999999,118805.99999999994
0.304,62.0,583.0
0.304,63.0,552.0
0.305,3499.999999999999,122411.99999999994
0.305,1062.0,33787.00000000001
0.305,1401.0000000000002,55459.0
0.305,3499.999999999999,197670.99999999997
0.305,1409.0000000000002,74784.00000000001
0.305,119.0,1232.0000000000002
0.305,100.0,101.0
0.305,3499.999999999999,152498.99999999994
0.305,1655.9999999999998,38938.000000000015
0.305,968.9999999999998,39372.99999999999
0.306,3499.999999999999,157370.99999999994
0.306,3499.999999999999,100230.99999999994
0.306,3499.999999999999,220801.00000000003
0.306,59.0,663.0
0.306,252.0,1385.0000000000002
0.306,1917.028951268081,86072.04310924652
0.306,3499.999999999999,190495.99999999994
0.307,3499.999999999999,158493.00000000006
0.307,3499.999999999999,134796.00000000003
0.307,68.0,156.0
0.307,3499.999999999999,145330.0
0.308,3499.999999999999,120721.00000000003
0.308,391.2480031897926,4888.1741990236
0.308,379.0,3320.000000000001
0.308,1079.0,23629.000000000004
0.308,65.0,687.9999999999999
0.308,1298.0,79114.00000000001
0.308,1536.9999999999998,36622.00000000001
0.308,217.0,4702.000000000001
0.309,1399.0,70987.99999999999
0.309,63.0,544.0
0.309,3499.999999999999,110345.99999999999
0.309,82.0,92.0
0.309,1229.0,16967.0
0.309,3499.999999999999,189461.00000000006
0.309,1453.0,63801.00000000002
0.31,3499.999999999999,241536.99999999988
0.31,3499.999999999999,103337.99999999997
0.31,266.0,5711.999999999997
0.31,66.0,543.0
0.31,3499.999999999999,160053.99999999994
0.31,1711.0,37484.0
0.31,1006.0000000000002,24878.99999999999
0.31,84.0,710.0
0.31,3499.999999999999,236887.9999999999
0.31,3499.999999999999,106416.00000000003
0.311,59.0,231.99999999999997
0.311,3499.999999999999,143513.0
0.311,501.0,7767.0
0.311,97.0,104.0
0.311,36.0,37.0
0.311,1664.0000000000005,56446.0
0.311,1420.0,52314.999999999985
0.311,3499.999999999999,83317.00000000001
0.312,301.0,2098.0
0.312,63.0,206.0
0.312,3499.999999999999,175159.9999999999
0.312,83.0,90.0
0.312,442.0,7767.0
0.312,127.0,146.0
0.312,1782.0000000000005,86383.99999999999
0.312,3499.999999999999,88601.00000000001
0.312,231.99999999999997,5003.000000000001
0.312,1055.0,28463.999999999993
0.312,1471.0,22784.0
0.312,90.0,301.0
0.312,211.0,7164.999999999999
0.312,72.0,105.0
0.312,525.0,11090.999999999995
0.312,64.0,654.0
0.313,102.0,795.0000000000001
0.313,3499.999999999999,112455.00000000001
0.313,46.0,575.0
0.313,3499.999999999999,202364.99999999994
0.313,74.0,1233.9999999999998
0.314,63.0,539.0
0.314,1958.9999999999995,84856.00000000001
0.314,66.0,393.0
0.315,3499.999999999999,94337.0
0.315,1640.9999999999995,64060.99999999999
0.315,170.0,2263.9999999999995
0.315,1664.9999999999995,120169.99999999999
0.315,484.99999999999994,1507.9999999999998
0.315,78.0,1139.0000000000002
0.315,1213.0000000000002,40091.00000000002
0.316,1325.0,42293.000000000015
0.316,1188.9999999999998,33482.000000000015
0.316,262.0,509.0
0.316,256.0,5988.000000000001
0.316,164.0,1713.9999999999998
0.316,211.0,4153.999999999999
0.316,3499.999999999999,89395.0
0.316,1297.4975915199225,22628.55757665523
0.316,258.0,5355.999999999999
0.316,1297.0,23735.999999999993
0.316,1038.9999999999998,26241.99999999999
0.316,3499.999999999999,173884.00000000006
0.316,110.00000000000001,112.99999999999999
0.316,103.0,148.0
0.316,2065.0,56315.00000000001
0.317,318.0,9550.0
0.317,1484.9999999999998,75572.0
0.317,3499.999999999999,286075.0
0.317,82.0,2449.0
0.317,3499.999999999999,168955.9999999999
0.317,569.0000000000001,6556.999999999999
0.317,72.0,458.0
0.317,199.0,3351.0000000000005
0.317,550.0,13579.000000000005
0.317,1100.9999999999998,23953.000000000004
0.318,1040.0,10981.999999999996
0.318,144.0,150.0
0.318,117.0,413.99999999999994
0.318,3499.999999999999,129182.00000000004
0.318,324.0,4071.000000000001
0.318,571.0,5564.999999999999
0.318,277.99999999999994,5549.000000000003
0.319,1903.0,123237.00000000001
0.319,125.0,210.0
0.319,3499.999999999999,135175.00000000003
0.319,3499.999999999999,106449.99999999997
0.319,3499.999999999999,97084.0
0.319,466.0000000000001,7464.0
0.319,1702.0,55196.99999999999
0.319,3499.999999999999,91917.0
0.319,537.1703640373322,4109.695852493224
0.319,162.0,4204.0
0.319,64.0,204.99999999999997
0.319,114.99999999999999,1627.0
0.32,79.0,463.0
0.32,100.0,611.0
0.32,401.0,9034.0
0.32,617.6568626672904,6715.40289185988
0.32,57.99999999999999,227.99999999999997
0.32,788.0000000000001,10343.0
0.32,421.0,4785.999999999999
0.321,400.0,5678.0
0.321,302.0,937.9999999999999
0.321,409.99999999999994,6359.000000000004
0.321,255.3429066960741,1493.7844556695586
0.321,266.0,1017.0
0.322,3499.999999999999,153606.00000000003
0.322,1483.0000000000002,31339.999999999996
0.322,1303.0,66010.0
0.322,66.0,478.0
0.322,1354.0,48794.99999999999
0.322,244.0,3748.0000000000005
0.323,3499.999999999999,105106.00000000004
0.323,3499.999999999999,203422.99999999994
0.323,3499.999999999999,223695.00000000006
0.323,687.0,8512.0
0.323,3499.999999999999,125540.00000000003
0.323,69.0,742.0
0.323,157.67688479926284,1015.6623454672326
0.323,1367.9999999999998,52992.99999999997
0.323,3499.999999999999,230408.00000000003
0.323,3499.999999999999,86240.99999999996
0.323,3499.999999999999,196062.99999999994
0.323,111.00000000000001,216.0
0.323,3499.999999999999,164734.0
0.323,329.0,1960.0000000000005
0.324,211.0,4642.999999999999
0.324,3499.999999999999,132415.99999999997
0.324,3499.999999999999,125573.0
0.324,3499.999999999999,281550.0
0.324,97.0,883.9999999999998
0.324,62.0,499.0
0.324,3499.999999999999,203062.9999999999
0.324,3499.999999999999,226701.00000000012
0.325,277.99999999999994,3990.999999999999
0.325,98.0,99.0
0.325,59.0,241.0
0.325,543.0,19794.999999999993
0.325,339.00000000000006,5665.999999999999
0.325,3499.999999999999,183658.00000000003
0.325,52.0,144.0
0.326,3499.999999999999,179091.0
0.326,3499.999999999999,223145.99999999997
0.326,421.0,7612.999999999996
0.326,64.0,553.9999999999999
0.326,99.0,104.0
0.326,3499.999999999999,89183.00000000004
0.326,3499.999999999999,106772.99999999999
0.326,182.0,3165.0000000000005
0.326,145.0,1277.0000000000002
0.327,98.04080783020915,408.18623200691127
0.327,227.0,2508.0
0.328,3499.999999999999,145334.99999999997
0.328,3499.999999999999,50929.0
0.328,3499.999999999999,107440.00000000001
0.33,65.0,473.00000000000006
0.33,57.99999999999999,525.0
0.33,53.0,404.0
0.33,1084.9999999999998,7631.000000000003
0.33,3499.999999999999,73071.99999999999
0.33,65.0,694.0
0.331,1331.9999999999998,45966.99999999999
0.331,2378.2346393911603,68543.63917972255
0.331,3499.999999999999,183234.0
0.331,93.0,98.0
0.331,1446.0000000000002,33756.999999999985
0.331,233.0,5213.000000000001
0.332,260.0,3151.9999999999995
0.332,447.0,8934.000000000004
0.332,455.99999999999994,7559.000000000004
0.332,3499.999999999999,167171.0
0.332,741.0000000000001,7839.000000000003
0.332,101.0,104.0
0.332,114.99999999999999,1309.0
0.332,3499.999999999999,71303.00000000001
0.332,3499.999999999999,72799.00000000001
0.332,128.0,206.0
0.332,102.0,108.0
0.333,291.0,8174.000000000003
0.333,98.0,99.0
0.333,1350.9999999999995,27315.999999999993
0.333,3499.999999999999,154595.99999999997
0.333,65.0,449.0
0.333,925.0000000000002,10444.000000000002
0.333,1172.0,27164.000000000004
0.333,1077.0000000000002,45844.00000000001
0.334,438.0,8087.000000000002
0.334,3499.999999999999,96105.99999999999
0.334,1581.0,50837.999999999985
0.335,3499.999999999999,100250.00000000003
0.335,272.0,2083.0
0.335,507.0,8029.000000000001
0.335,236.0,498.00000000000006
0.336,3499.999999999999,77391.99999999996
0.336,162.0,4307.999999999999
0.336,3499.999999999999,152274.00000000003
0.336,448.00000000000006,2782.0000000000005
0.336,463.0,3702.000000000001
0.336,507.0,11301.000000000005
0.336,82.0,94.0
0.336,263.0,1842.0000000000002
0.337,356.99999999999994,9389.0
0.337,82.0,1200.0
0.337,3499.999999999999,206998.99999999994
0.337,373.0,6467.000000000002
0.337,458.0,8535.0
0.337,3499.999999999999,88874.99999999997
0.338,3499.999999999999,132963.0
0.338,3499.999999999999,127045.99999999999
0.338,66.0,615.0000000000001
0.339,321.0,4980.0
0.339,86.0,666.0
0.339,415.00000000000006,4263.0
0.339,1599.0,72913.99999999997
0.339,3499.999999999999,162087.0
0.339,63.0,653.0
0.339,1496.0,67178.99999999999
0.339,3499.999999999999,183447.00000000003
0.34,75.0,324.0
0.34,286.0,8064.0
0.34,67.0,692.0000000000001
0.34,284.0,3197.0000000000005
0.34,3499.999999999999,88983.00000000001
0.34,3499.999999999999,94358.99999999999
0.34,1763.0000000000002,67752.00000000001
0.34,3499.999999999999,136640.00000000006
0.341,153.0,321.0
0.341,1713.0000000000002,43331.999999999985
0.341,62.0,444.00000000000006
0.341,324.0,7139.0
0.341,120.0,850.0
0.341,1920.0000000000002,58826.00000000002
0.341,1021.0000000000002,28544.99999999999
0.342,258.0,2797.0000000000005
0.342,354.0,3404.0
0.342,1119.9999999999998,16229.999999999996
0.342,61.0,610.0
0.342,225.0,7331.000000000003
0.342,3499.999999999999,110679.99999999997
0.343,448.00000000000006,8045.999999999998
0.343,1624.0000000000002,54949.999999999985
0.343,257.0,1801.9999999999995
0.343,1067.9999999999998,17998.999999999996
0.344,3499.999999999999,143508.9999999999
0.344,261.0,4704.999999999999
0.344,3499.999999999999,253248.0000000001
0.344,103.0,111.00000000000001
0.344,351.99999999999994,8276.000000000004
0.344,373.0,3233.9999999999995
0.344,3499.999999999999,221757.00000000012
0.345,3499.999999999999,213700.00000000006
0.345,3499.999999999999,217227.00000000006
0.345,90.0,1116.9999999999998
0.345,3499.999999999999,194374.99999999997
0.345,1473.9999999999998,58942.00000000001
0.345,3499.999999999999,169614.99999999997
0.345,426.99999999999994,6011.999999999999
0.345,1322.0000000000002,80756.99999999999
0.345,95.0,260.0
0.345,3499.999999999999,143689.0
0.345,117.0,119.0
0.345,119.0,1518.0000000000002
0.346,145.0,493.0
0.346,64.0,92.0
0.346,169.0,2892.9999999999995
0.346,91.0,109.00000000000001
0.346,283.0,5384.0
0.347,267.0,1317.0
0.347,270.0,4960.000000000001
0.347,287.0,6106.999999999997
0.347,1666.0,45945.00000000001
0.347,64.0,631.0
0.348,162.0,3765.0
0.348,3499.999999999999,74269.99999999997
0.348,3499.999999999999,151528.00000000003
0.348,188.0,553.9999999999999
0.348,77.0,515.0
0.349,43.0,71.0
0.349,1920.0000000000002,35557.0
0.349,3499.999999999999,228923.99999999988
0.35,359.99999999999994,1592.0000000000002
0.35,81.0,1303.9999999999998
0.35,245.00000000000003,4121.000000000001
0.35,62.0,242.0
0.35,137.0,311.0
0.35,1397.0,23689.999999999996
0.35,244.0,3656.000000000001
0.35,430.99999999999994,6920.000000000002
0.35,3499.999999999999,128810.99999999994
0.35,117.0,472.0
0.351,3499.999999999999,127245.00000000003
0.351,70.0,351.99999999999994
0.351,3499.999999999999,82905.99999999999
0.351,1038.9999999999998,16054.000000000005
0.351,95.0,1393.9999999999998
0.351,673.0,20635.0
0.351,265.0,5348.0
0.352,69.0,168.0
0.352,93.0,848.0
0.352,68.0,320.0
0.352,426.99999999999994,7768.000000000001
0.353,1414.0,15775.999999999996
0.353,206.0,3301.0
0.353,110.00000000000001,163.0
0.353,180.0,319.0
0.354,59.0,409.99999999999994
0.354,286.0,7186.0
0.354,101.0,1031.0000000000002
0.354,1038.9999999999998,31768.00000000001
0.355,1035.9999999999998,32754.99999999999
0.355,760.3683317971627,17888.014143554334
0.355,269.0,2292.9999999999995
0.355,109.00000000000001,1686.9999999999998
0.356,95.0,96.0
0.356,321.0,5214.000000000001
0.356,238.0,7589.0
0.356,3499.999999999999,168904.99999999994
0.356,208.0,1954.0000000000002
0.356,117.0,1344.0000000000002
0.356,19.0,209.0
0.357,544.0,5997.000000000003
0.357,260.0,7011.000000000002
0.357,227.0,2785.0
0.357,183.0,1565.9999999999995
0.357,348.0,5647.0
0.357,1356.9999999999998,30961.000000000015
0.358,91.0,92.0
0.358,1333.0,45174.000000000015
0.359,98.0,953.9999999999999
0.359,1000.9999999999998,28529.000000000015
0.359,131.0,1489.9999999999998
0.359,110.00000000000001,1277.9999999999998
0.36,3499.999999999999,191819.99999999997
0.36,299.26910966553163,3073.9681195484127
0.36,247.00000000000003,3151.9999999999995
0.36,3499.999999999999,99691.00000000003
0.361,1044.0000000000002,13588.999999999998
0.361,168.0,969.9999999999998
0.361,3499.999999999999,197779.99999999994
0.361,359.99999999999994,5631.999999999998
0.361,3499.999999999999,77431.0
0.361,88.0,96.0
0.362,1082.0000000000002,82349.00000000003
0.363,1006.0000000000002,40587.00000000001
0.363,1106.0000000000002,52058.00000000001
0.363,85.0,105.0
0.363,141.0,206.99999999999997
0.363,523.0,4985.999999999999
0.363,1203.0,11688.0
0.363,100.0,101.0
0.363,1720.0,41838.00000000001
0.364,169.0,275.99999999999994
0.364,401.0,8405.0
0.364,3499.999999999999,72151.0
0.364,56.00000000000001,193.0
0.365,3499.999999999999,160597.99999999997
0.365,93.0,99.0
0.365,1006.0000000000002,22082.000000000004
0.365,283.0,2629.0000000000005
0.365,89.0,95.0
0.365,288.99999999999994,5013.0
0.365,3499.999999999999,218778.9999999999
0.366,508.0000000000001,3933.0
0.366,304.0,2486.0
0.366,3499.999999999999,199657.0000000001
0.366,131.0,1243.0
0.366,3499.999999999999,127550.00000000004
0.366,152.0,3259.9999999999995
0.366,691.0000000000001,10056.999999999996
0.367,1370.0,36813.0
0.367,3499.999999999999,181773.99999999994
0.367,288.0,3547.9999999999995
0.367,3499.999999999999,210391.9999999999
0.367,693.0,25084.0
0.367,297.0,4659.0
0.367,3499.999999999999,158340.99999999997
0.367,143.0,261.0
0.367,3499.999999999999,162639.0
0.367,1848.9999999999998,59284.00000000003
0.368,105.0,108.0
0.368,3499.999999999999,85182.0
0.368,192.0,2297.0000000000005
0.368,103.0,798.9999999999999
0.368,309.0,5040.0
0.369,254.0,5761.999999999998
0.369,149.0,2559.0
0.369,95.0,684.0
0.369,1011.9999999999999,41765.99999999999
0.37,331.0,2201.0
0.37,67.0,199.0
0.37,374.0,4196.999999999999
0.37,63.0,473.00000000000006
0.37,380.0,6051.999999999997
0.37,496.3305350268104,13886.88528792543
0.371,57.99999999999999,227.0
0.371,69.0,711.0
0.371,82.0,157.0
0.371,3499.999999999999,49933.000000000015
0.371,3499.999999999999,98527.99999999996
0.371,453.9999999999999,3756.000000000001
0.372,344.0,3346.000000000001
0.372,61.0,745.0000000000001
0.373,3499.999999999999,213145.99999999997
0.373,68.0,592.0
0.373,63.0,606.0
0.373,3499.999999999999,189643.0000000001
0.373,114.99999999999999,145.0
0.374,64.0,263.0
0.374,41.0,69.0
0.374,71.0,474.0
0.374,215.0,12115.999999999996
0.374,351.99999999999994,2011.0000000000002
0.374,1535.9999999999995,108334.99999999997
0.374,103.0,441.0
0.374,98.0,823.0
0.375,62.0,629.9999999999999
0.375,3499.999999999999,142641.99999999997
0.375,1030.0,26027.0
0.375,3499.999999999999,185764.00000000006
0.375,164.0,1237.0
0.375,200.99999999999997,1113.0000000000002
0.375,155.0,1669.0000000000002
0.376,185.0,1126.9999999999998
0.376,3499.999999999999,164071.00000000003
0.376,1263.0,44544.000000000015
0.376,62.0,840.0
0.377,84.0,98.0
0.377,192.0,4021.999999999999
0.377,290.0,5624.999999999999
0.377,3499.999999999999,210012.99999999997
0.377,67.0,738.0
0.377,107.0,327.00000000000006
0.377,86.0,254.99999999999997
0.378,237.0,5070.0
0.378,301.0,6552.000000000001
0.378,105.0,246.0
0.378,65.0,229.99999999999997
0.378,78.0,282.0
0.379,138.0,2879.9999999999995
0.379,126.0,1214.9999999999998
0.379,155.0,1303.9999999999998
0.379,57.99999999999999,136.0
0.379,3499.999999999999,95637.00000000001
0.379,258.0,3907.0
0.379,325.0,8213.999999999998
0.38,139.0,350.0
0.38,103.0,167.0
0.38,342.00000000000006,1832.0000000000005
0.38,309.0,2620.0
0.38,3499.999999999999,147625.99999999994
0.381,68.0,781.0000000000001
0.381,80.0,97.0
0.381,163.0,5135.000000000001
0.381,204.0,3411.9999999999995
0.381,3499.999999999999,69381.0
0.381,256.0,3686.9999999999995
0.381,130.0,1005.0000000000001
0.382,124.0,1339.0
0.382,3499.999999999999,92366.99999999996
0.382,3499.999999999999,189289.99999999994
0.383,64.0,720.0
0.383,112.00000000000001,112.99999999999999
0.383,3499.999999999999,116819.00000000003
0.383,1191.9999999999998,20103.999999999993
0.383,3499.999999999999,101739.00000000001
0.384,242.0,3326.0
0.384,199.0,3213.000000000001
0.384,3499.999999999999,122413.00000000001
0.384,3499.999999999999,232271.0000000001
0.384,141.0,1178.9999999999998
0.384,64.0,567.0000000000001
0.384,1475.0000000000002,38847.0
0.385,50.0,345.0
0.385,252.0,3564.000000000001
0.385,1278.9999999999998,86910.99999999997
0.385,122.0,1896.0000000000005
0.387,3499.999999999999,85023.0
0.388,715.0,25088.999999999993
0.388,3499.999999999999,171242.99999999994
0.389,219.0,490.00000000000006
0.389,93.0,1028.0
0.389,62.0,417.0
0.389,148.0,1077.0000000000002
0.389,138.0,157.0
0.39,1366.0000000000002,44861.00000000001
0.39,57.99999999999999,129.0
0.39,117.0,1028.0
0.391,96.0,689.0
0.391,93.0,94.0
0.391,186.0,3132.9999999999995
0.392,176.0,1956.0000000000002
0.392,238.0,4973.0
0.392,3499.999999999999,103219.99999999999
0.392,1059.0000000000002,17247.000000000007
0.392,82.0,161.0
0.392,64.0,239.0
0.392,227.0,2062.9999999999995
0.392,217.0,4047.0000000000005
0.393,257.0,1007.9999999999998
0.393,108.0,167.0
0.394,3499.999999999999,131780.0
0.394,396.00000000000006,5243.999999999999
0.394,350.99999999999994,4213.999999999999
0.394,86.0,185.0
0.395,163.0,3329.0000000000005
0.395,61.0,496.0
0.395,89.0,137.0
0.395,3499.999999999999,241220.00000000003
0.395,122.0,3230.0000000000005
0.396,128.0,1694.9999999999995
0.396,81.0,1077.0000000000002
0.397,1731.0000000000002,49285.0
0.397,91.0,99.0
0.397,74.0,537.0
0.397,129.0,245.00000000000003
0.397,61.0,356.99999999999994
0.397,317.0,4952.999999999999
0.398,95.0,838.0000000000002
0.398,189.0,1348.0
0.398,110.00000000000001,894.0
0.398,1057.0000000000002,94624.99999999997
0.398,144.0,1970.9999999999998
0.399,129.75361266646874,1823.831680830224
0.399,3499.999999999999,102458.00000000001
0.399,88.0,669.0
0.399,188.0,2901.0000000000005
0.399,65.0,349.0
0.399,213.0,2383.0
0.399,391.99999999999994,5116.0
0.4,123.0,1823.0
