evolution rate,arithmetic mean length lived,arithmetic mean species population time
0.062,4001.0,271876.0
0.074,109.0,137.0
0.085,4001.0,261296.0
0.108,4001.0,275531.3333333333
0.12,4001.0,264198.3333333333
0.143,4001.0,269725.0
0.167,2059.0,109129.0
0.178,1847.0,61525.0
0.19,1358.0,40792.5
0.202,2172.0,126081.0
0.251,178.0,404.0
0.272,579.0,5472.0
0.295,1089.0,13048.0
0.305,105.0,220.0
0.307,1329.0,9471.0
0.318,2794.0,114338.0
0.33,1134.0,34778.0
0.353,2991.0,122290.0
