{"frame_count": 251000, "start_time": 1770867572.6682482, "elapsed_seconds": 186.18247850000625, "amnt_of_species": 241, "amnt_of_medium_species": 60, "amnt_of_big_species": 2, "final": false}