{"frame_count": 15880000, "start_time": 1771867978.2290592, "elapsed_seconds": 12819.628794877004, "amnt_of_species": 13307, "amnt_of_small_species": 8912, "amnt_of_medium_species": 2915, "amnt_of_big_species": 1480, "final": false}