{"frame_count": 16972000, "start_time": 1771867978.2290592, "elapsed_seconds": 13755.827994229003, "amnt_of_species": 14234, "amnt_of_small_species": 9551, "amnt_of_medium_species": 3100, "amnt_of_big_species": 1583, "final": false}