{"frame_count": 404759, "start_time": 1770851553.446348, "elapsed_seconds": 256.8901604170096, "amnt_of_species": 387, "amnt_of_medium_species": 98, "amnt_of_big_species": 4, "final": true}