evolution rate,arithmetic mean length lived,arithmetic mean species population time
0.05,801.5,34543.5
0.05,1655.0,59213.0
0.05,1613.0,50182.0
0.05,1419.0,103211.0
0.05,1155.0,46999.0
0.05,2900.3333333333335,148877.0
0.05,1721.3333333333333,80851.33333333333
0.05,1417.5,109431.5
0.05,671.5,25386.5
0.05,133.0,821.0
0.05,1729.0,43645.0
0.05,404.0,21121.0
0.05,1001.0,57274.0
0.05,3500.0,222303.0
0.05,1183.0,49263.0
0.05,2348.0,86756.0
0.05,1045.0,67423.0
0.05,570.3333333333334,29487.0
0.05,3500.0,64201.0
0.05,3500.0,139088.0
0.05,1139.0,23094.0
0.05,3500.0,202773.0
0.05,1340.0,98858.0
0.05,2223.0,80800.75
0.05,1187.0,40596.0
0.05,1056.0,60765.0
0.05,2609.5,192034.5
0.05,89.0,145.0
0.05,790.0,73648.5
0.05,763.0,27572.0
0.05,130.0,454.0
0.05,2264.5,47619.0
0.05,833.0,61399.0
0.05,3500.0,149272.0
0.05,1620.75,72007.0
0.05,3500.0,186306.0
0.05,1840.5,76989.5
0.05,3500.0,110500.0
0.05,1841.0,58575.0
0.05,111.5,3768.0
0.05,597.0,20570.0
0.05,1607.0,167473.0
0.05,2427.0,105781.0
0.05,1308.0,97283.0
0.05,3500.0,169757.0
0.05,1489.0,52998.0
0.05,1858.6666666666667,108903.0
0.05,777.0,31461.0
0.05,3500.0,165564.0
0.05,670.5,30784.5
0.05,3500.0,195554.0
0.05,808.5,17008.0
0.051,1797.0,38479.0
0.051,1065.6666666666667,63213.666666666664
0.051,1822.5,70914.0
0.051,1320.0,123806.0
0.051,3500.0,71278.0
0.051,80.0,128.0
0.051,476.3333333333333,18762.666666666668
0.051,1585.0,129295.0
0.051,1137.0,113181.0
0.051,1237.0,90387.5
0.051,3500.0,152706.5
0.051,2311.5,58466.0
0.051,1981.0,75795.0
0.051,1521.0,64966.0
0.051,2258.5,100080.5
0.051,546.0,23475.0
0.051,2255.5,61321.0
0.051,1117.0,95906.0
0.051,3500.0,130526.0
0.051,634.0,10785.0
0.051,2251.0,91888.5
0.051,1630.0,60354.0
0.051,1613.75,96774.25
0.051,60.0,613.0
0.051,1169.0,60504.0
0.051,885.5,71111.5
0.051,3500.0,104466.5
0.051,1182.0,57303.0
0.051,1046.0,39836.5
0.051,3500.0,72519.0
0.051,1193.0,94245.5
0.051,1024.5,68961.5
0.051,2683.3333333333335,101919.33333333333
0.051,2369.3333333333335,103200.33333333333
0.051,669.5,25729.0
0.051,1847.0,91454.33333333333
0.051,1727.25,67561.75
0.051,1022.0,93787.0
0.051,1553.0,64595.0
0.051,593.0,54522.0
0.051,80.0,2222.0
0.051,1715.0,89296.0
0.051,1554.0,60868.0
0.051,3500.0,174509.0
0.051,3500.0,116317.0
0.051,2425.3333333333335,114827.33333333333
0.051,1783.5,33566.5
0.051,610.0,22570.0
0.051,1467.0,70509.0
0.051,3500.0,117528.5
0.051,1559.5,84048.0
0.051,1150.0,89340.5
0.051,1300.0,98705.5
0.051,1604.5,63975.0
0.051,91.0,1127.0
0.051,117.0,208.0
0.051,1148.5,89868.0
0.051,1086.0,52428.0
0.051,1112.5,71819.5
0.051,1173.0,81894.0
0.051,662.0,18718.5
0.051,1955.0,54905.25
0.051,851.5,58350.0
0.051,2306.0,105049.0
0.051,577.5,43459.0
0.051,1627.0,78365.66666666667
0.051,104.0,112.0
0.051,1738.5,96900.0
0.051,1239.0,21425.0
0.051,3500.0,112147.0
0.051,2634.5,136791.0
0.051,1422.0,62071.0
0.051,989.3333333333334,38352.666666666664
0.051,1328.0,69742.0
0.052,217.0,525.0
0.052,834.0,23308.0
0.052,1289.5,96635.5
0.052,1981.0,64468.0
0.052,1177.0,92468.0
0.052,3500.0,160194.0
0.052,2298.5,83082.5
0.052,3500.0,78361.0
0.052,818.5,29100.0
0.052,2498.5,98396.0
0.052,3500.0,191291.0
0.052,1077.0,48352.0
0.052,262.0,20324.0
0.052,438.5,11639.5
0.052,2375.0,133542.5
0.052,1783.5,96163.0
0.052,1232.5,86202.5
0.052,3500.0,112883.0
0.052,3500.0,173319.0
0.052,2009.6666666666667,99376.33333333333
0.052,1800.0,72637.0
0.052,2353.6666666666665,66981.33333333333
0.052,1847.0,90235.0
0.052,2561.0,121489.0
0.052,2093.0,72295.66666666667
0.052,119.0,1825.0
0.052,1975.3333333333333,117714.33333333333
0.052,2368.0,128062.5
0.052,1473.0,46959.0
0.052,1789.0,91299.0
0.052,3500.0,160710.0
0.052,1466.0,43439.0
0.052,61.0,779.0
0.052,171.0,294.0
0.052,2421.0,152204.0
0.052,1435.0,139431.0
0.052,301.0,10862.0
0.052,1873.0,87590.66666666667
0.052,1066.0,68449.0
0.052,1872.6666666666667,78616.66666666667
0.052,1050.0,92915.0
0.052,1161.5,42207.5
0.052,3500.0,89467.0
0.052,3500.0,78377.0
0.052,1327.0,43095.75
0.052,1307.0,48237.0
0.052,1990.0,70565.0
0.052,3500.0,148427.0
0.052,1135.0,46578.0
0.052,1845.0,74405.5
0.052,201.0,1062.0
0.052,2701.6666666666665,88928.33333333333
0.052,3500.0,120353.0
0.052,929.5,40376.5
0.052,1284.5,60490.0
0.052,3500.0,76453.0
0.052,1091.5,60382.5
0.052,634.0,26481.0
0.052,1114.0,41380.0
0.052,2053.0,35606.0
0.052,420.0,9143.5
0.052,1130.5,61690.5
0.052,3500.0,95874.0
0.052,1204.0,112117.0
0.052,3500.0,169212.0
0.052,1237.0,37374.0
0.052,1979.0,108382.66666666667
0.052,1796.5,55133.0
0.052,3500.0,193967.0
0.052,2266.5,133879.0
0.052,2700.3333333333335,118833.66666666667
0.052,1499.0,66664.0
0.052,2076.0,112238.0
0.053,1280.0,56983.0
0.053,1078.0,39056.0
0.053,1795.3333333333333,89689.0
0.053,1530.25,50413.25
0.053,1036.0,47978.0
0.053,1821.75,99969.75
0.053,839.5,31909.0
0.053,3500.0,131094.0
0.053,1533.5,83495.5
0.053,2353.5,109975.5
0.053,1267.0,35562.0
0.053,1321.0,91205.0
0.053,1205.0,82920.0
0.053,184.5,2461.0
0.053,35.0,620.0
0.053,1213.0,37939.0
0.053,1967.3333333333333,64141.666666666664
0.053,3500.0,229707.0
0.053,3500.0,149494.0
0.053,3500.0,119966.0
0.053,1213.0,33974.0
0.053,2494.0,105379.5
0.053,677.0,36202.5
0.053,1905.5,75374.0
0.053,1187.0,52669.0
0.053,115.0,823.0
0.053,1141.0,40269.0
0.053,1170.0,114463.0
0.053,2517.5,75821.5
0.053,1163.0,100518.0
0.053,1310.5,40775.0
0.053,1088.0,39339.0
0.053,1294.0,99749.0
0.053,1597.0,52439.0
0.053,1553.75,66985.0
0.053,1493.0,106919.5
0.053,1077.5,64620.5
0.053,1717.5,71190.5
0.053,3500.0,119888.0
0.053,1840.0,85356.0
0.053,999.0,21818.0
0.053,1216.5,42145.5
0.053,1132.0,79605.0
0.053,1536.3333333333333,101512.0
0.053,2255.5,85528.0
0.053,1305.0,81936.0
0.053,3500.0,112905.0
0.053,3500.0,245680.0
0.053,923.5,16846.0
0.053,406.0,27646.0
0.053,1118.0,85284.25
0.053,363.5,11325.5
0.053,1118.6666666666667,51496.5
0.053,3500.0,68408.0
0.053,2340.0,112497.0
0.053,3500.0,106700.0
0.053,1015.0,70337.0
0.053,1226.0,32087.0
0.053,1360.0,116297.0
0.053,1585.0,82241.0
0.053,99.0,332.0
0.053,3500.0,132554.0
0.053,898.0,38877.666666666664
0.053,1537.6666666666667,102316.0
0.053,76.0,443.0
0.053,2452.5,100658.0
0.053,1446.0,61449.0
0.053,1277.0,68933.0
0.053,1316.0,76926.5
0.053,311.0,2725.0
0.053,1242.5,51161.0
0.053,2315.5,128918.5
0.053,669.0,27600.0
0.053,1414.0,35286.0
0.053,2324.5,95746.0
0.053,1158.0,104177.5
0.054,60.0,499.0
0.054,1959.0,92623.0
0.054,1292.0,37884.0
0.054,3500.0,226775.0
0.054,1304.5,60048.5
0.054,1864.0,111691.0
0.054,2492.0,105187.5
0.054,3500.0,137749.0
0.054,1789.0,78767.0
0.054,746.0,43690.5
0.054,2650.5,85720.0
0.054,1052.0,78915.0
0.054,3500.0,81694.0
0.054,3500.0,190980.0
0.054,2073.5,96849.5
0.054,2674.6666666666665,120961.0
0.054,1965.5,55812.5
0.054,1414.0,95757.5
0.054,1577.0,41093.0
0.054,3500.0,123114.0
0.054,1221.0,33116.0
0.054,1226.5,43705.5
0.054,2392.0,92294.5
0.054,719.0,18303.0
0.054,1497.75,70544.25
0.054,746.5,42534.5
0.054,614.3333333333334,30385.333333333332
0.054,2667.0,99132.66666666667
0.054,1349.0,86795.0
0.054,1852.0,67835.0
0.054,2264.0,87444.0
0.054,1520.0,52354.5
0.054,1915.4,73598.0
0.054,1466.0,78198.66666666667
0.054,1161.6666666666667,71081.0
0.054,1186.0,65832.0
0.054,2217.75,93836.75
0.054,2848.5,75920.0
0.054,1638.0,69743.66666666667
0.054,1399.0,81083.66666666667
0.054,3500.0,108766.0
0.054,3500.0,146262.0
0.054,923.0,52670.0
0.054,1381.0,71008.0
0.054,3500.0,98684.0
0.054,930.5,48608.5
0.054,2039.0,75421.0
0.054,2423.6666666666665,76549.66666666667
0.054,1789.0,53839.0
0.054,1303.0,72288.0
0.054,779.0,34496.0
0.054,2025.3333333333333,88898.0
0.054,925.0,29379.0
0.054,1558.0,81052.0
0.054,2391.3333333333335,83012.33333333333
0.054,3500.0,102253.5
0.054,100.0,157.0
0.054,584.0,19881.0
0.054,2369.5,79389.5
0.054,3500.0,216480.0
0.054,1262.0,103099.0
0.054,1300.0,66543.5
0.054,1686.0,144728.0
0.054,1058.0,72286.0
0.054,1000.0,34824.0
0.054,3500.0,85041.5
0.054,1162.5,55627.5
0.054,1211.0,61853.0
0.054,1185.0,37075.0
0.054,1208.5,60989.0
0.055,311.0,1052.0
0.055,2644.6666666666665,99209.33333333333
0.055,1118.0,90641.0
0.055,1034.5,59463.0
0.055,2596.5,113522.0
0.055,448.0,13624.0
0.055,1507.0,78987.0
0.055,1111.0,33111.333333333336
0.055,1072.0,68845.0
0.055,202.0,2222.5
0.055,885.6666666666666,31901.666666666668
0.055,840.25,65673.0
0.055,2404.3333333333335,63954.333333333336
0.055,1140.5,63041.5
0.055,2801.6666666666665,114248.66666666667
0.055,3500.0,279746.0
0.055,2010.0,99063.0
0.055,2008.3333333333333,91006.33333333333
0.055,1615.3333333333333,100208.66666666667
0.055,2726.6666666666665,90585.66666666667
0.055,1577.6666666666667,59098.0
0.055,1035.0,80414.0
0.055,1551.0,56550.5
0.055,1226.0,49876.5
0.055,3500.0,137062.0
0.055,3500.0,152966.0
0.055,2293.0,78357.5
0.055,2333.0,108996.0
0.055,836.5,52902.0
0.055,3500.0,186263.0
0.055,1007.0,45936.0
0.055,3060.5,99434.5
0.055,2574.3333333333335,146267.0
0.055,3500.0,184597.0
0.055,2431.6666666666665,84246.66666666667
0.055,880.5,48813.0
0.055,1689.5,78263.5
0.055,2132.6666666666665,69066.33333333333
0.055,3500.0,132114.0
0.055,1528.6666666666667,69255.33333333333
0.055,1265.5,77745.0
0.055,2033.6666666666667,93519.0
0.055,1900.0,102969.5
0.055,2378.0,75919.5
0.055,1527.0,74806.0
0.055,1450.0,80820.5
0.055,2960.25,111933.25
0.055,793.5,29116.0
0.055,1708.3333333333333,42875.0
0.055,2093.0,119552.33333333333
0.055,2681.5,140678.5
0.055,1813.0,108676.0
0.055,3500.0,173126.0
0.055,3500.0,130911.0
0.055,1608.0,83117.0
0.055,3500.0,175175.0
0.055,729.0,25262.5
0.055,1053.0,22817.0
0.055,3500.0,77906.0
0.055,1884.5,86897.25
0.055,673.0,32017.0
0.055,345.0,12097.5
0.055,1201.6666666666667,40773.666666666664
0.055,1374.5,84861.0
0.055,1198.0,102326.0
0.055,1126.0,67935.0
0.055,99.0,101.0
0.055,1470.0,54698.0
0.055,3500.0,177526.5
0.055,3500.0,114813.0
0.055,542.0,3593.0
0.055,1479.0,57055.5
0.055,1168.0,107307.0
0.055,1152.0,41503.0
0.056,1243.5,61557.5
0.056,168.0,253.0
0.056,98.0,2002.0
0.056,2374.5,110490.0
0.056,1107.0,65752.0
0.056,1795.0,65222.5
0.056,1155.5,46354.5
0.056,1006.0,71988.0
0.056,1285.0,41587.0
0.056,2368.5,106532.5
0.056,1165.0,120623.0
0.056,1235.0,103914.0
0.056,640.0,62686.0
0.056,1036.6666666666667,75472.66666666667
0.056,311.0,9166.0
0.056,2685.0,190898.33333333334
0.056,630.5,20017.5
0.056,3500.0,128306.0
0.056,1219.0,38108.0
0.056,223.5,13895.0
0.056,1456.5,33406.0
0.056,1291.0,53260.4
0.056,3500.0,200291.0
0.056,1141.6666666666667,71544.66666666667
0.056,2380.0,108876.0
0.056,105.0,153.0
0.056,2544.3333333333335,153551.33333333334
0.056,3500.0,123912.0
0.056,3500.0,169659.0
0.056,1425.0,35737.0
0.056,1259.5,84806.5
0.056,2329.5,100517.5
0.056,1251.0,37901.0
0.056,1033.0,38329.0
0.056,1045.0,93061.5
0.056,1756.5,47818.0
0.056,1048.0,57179.0
0.056,1375.6666666666667,71276.33333333333
0.056,2284.5,86343.0
0.056,2921.6666666666665,114803.0
0.056,1504.0,81591.0
0.056,3500.0,94474.0
0.056,1805.0,61491.5
0.056,1472.0,140533.0
0.056,2367.3333333333335,72309.0
0.056,224.0,3033.0
0.056,3500.0,44992.0
0.056,1811.25,63887.25
0.056,3500.0,147028.0
0.056,1241.0,97974.0
0.056,120.0,191.0
0.056,2391.0,126736.0
0.056,1247.3333333333333,91702.33333333333
0.056,1160.0,84367.0
0.056,66.0,546.0
0.056,1423.0,79614.0
0.056,609.0,29736.0
0.056,1704.0,105950.66666666667
0.056,1984.6666666666667,56159.666666666664
0.056,1559.5,52309.0
0.056,3500.0,158079.0
0.056,1328.6666666666667,82776.66666666667
0.056,1213.6666666666667,68783.0
0.056,767.0,39335.333333333336
0.056,1780.2,92315.8
0.056,3500.0,95357.0
0.056,84.0,89.0
0.056,3500.0,85814.0
0.056,1903.0,127956.0
0.056,1669.0,83847.0
0.056,824.0,47367.0
0.056,1141.0,71334.0
0.056,1433.0,46412.333333333336
0.056,858.0,81284.0
0.056,682.5,19539.5
0.056,3500.0,112606.0
0.057,2470.5,85658.5
0.057,3500.0,118096.0
0.057,1283.5,82854.5
0.057,1941.0,116938.25
0.057,1753.0,95158.0
0.057,2394.5,90440.5
0.057,3500.0,60855.0
0.057,3500.0,160266.0
0.057,2539.25,111063.75
0.057,564.0,18146.0
0.057,1081.0,78582.0
0.057,605.0,37017.2
0.057,2736.0,160616.33333333334
0.057,3500.0,79085.0
0.057,610.0,24426.5
0.057,1680.0,88931.66666666667
0.057,2083.0,81783.5
0.057,1235.6666666666667,61484.666666666664
0.057,1757.0,89449.0
0.057,1731.0,113556.0
0.057,3500.0,162483.0
0.057,3500.0,110377.0
0.057,65.0,714.0
0.057,2215.75,81673.0
0.057,1054.0,63298.0
0.057,3500.0,177186.0
0.057,2411.5,67177.5
0.057,1096.0,87994.0
0.057,1448.3333333333333,74675.0
0.057,3500.0,88175.5
0.057,2294.0,152772.5
0.057,2576.0,160022.5
0.057,1001.0,45771.0
0.057,63.0,596.0
0.057,1084.6666666666667,53217.666666666664
0.057,3500.0,221388.0
0.057,2587.8,90908.0
0.057,1191.6666666666667,67825.66666666667
0.057,1105.5,59652.5
0.057,1077.0,84909.0
0.057,762.0,52767.0
0.057,2482.0,128442.66666666667
0.057,2220.6666666666665,80369.33333333333
0.057,748.0,41631.0
0.057,106.0,915.0
0.057,201.0,3182.0
0.057,367.0,12764.0
0.057,3500.0,153682.0
0.057,1265.0,92200.5
0.057,808.5,49766.5
0.057,533.8,16253.8
0.057,810.0,50445.0
0.057,3500.0,220387.0
0.057,1508.75,59247.25
0.057,1966.0,63289.0
0.057,2508.5,106962.5
0.057,3500.0,236616.0
0.057,808.0,47760.0
0.057,334.5,9240.75
0.057,1641.6666666666667,58340.0
0.057,2400.5,141053.25
0.057,1579.0,71706.0
0.057,3500.0,110127.0
0.057,1423.0,68297.0
0.057,210.0,703.0
0.057,2260.0,95215.0
0.057,1781.0,111114.6
0.057,2726.0,88323.66666666667
0.057,1152.0,47661.0
0.057,1277.5,105894.0
0.058,1486.6666666666667,78808.0
0.058,3500.0,129241.0
0.058,115.0,1656.0
0.058,1519.0,49022.0
0.058,851.6666666666666,43677.333333333336
0.058,987.0,49794.0
0.058,1215.5,64676.0
0.058,2259.5,52771.0
0.058,1355.0,31023.0
0.058,1054.0,86804.0
0.058,1874.0,106302.33333333333
0.058,1801.5,66696.5
0.058,3500.0,172386.0
0.058,1179.0,85749.0
0.058,3500.0,251875.0
0.058,890.0,49079.0
0.058,1178.0,85028.0
0.058,1024.0,99345.0
0.058,2261.5,97489.5
0.058,1794.6666666666667,94522.33333333333
0.058,1116.0,81086.0
0.058,102.0,160.0
0.058,1193.0,43674.0
0.058,1922.5,111611.75
0.058,1399.0,78543.0
0.058,3500.0,226382.0
0.058,1577.6666666666667,83828.0
0.058,1738.5,89487.0
0.058,1186.0,107865.0
0.058,1822.6666666666667,120604.66666666667
0.058,1082.0,64311.0
0.058,3500.0,73400.0
0.058,1988.4,102753.6
0.058,1394.0,59653.0
0.058,1426.0,56651.5
0.058,634.5,28122.5
0.058,1109.0,48887.0
0.058,2337.5,74055.5
0.058,2895.5,128319.75
0.058,950.3333333333334,77515.66666666667
0.058,531.5,38148.5
0.058,1426.5,46538.5
0.058,1028.0,51737.0
0.058,3500.0,181967.5
0.058,1307.3333333333333,51253.666666666664
0.058,655.5,16557.5
0.058,1235.0,82305.5
0.058,1426.5,93919.0
0.058,3500.0,198734.0
0.058,2824.3333333333335,88547.33333333333
0.058,1183.0,49745.0
0.058,1225.0,31482.0
0.058,3500.0,111739.0
0.058,946.0,46480.0
0.058,1204.5,71386.5
0.058,1808.0,94189.25
0.058,1364.0,45512.5
0.058,2374.0,119812.5
0.058,1044.0,39301.0
0.058,1804.0,70746.66666666667
0.058,1361.6666666666667,47240.0
0.058,2668.0,136992.0
0.058,61.0,449.0
0.058,3500.0,133185.5
0.059,1126.0,47280.0
0.059,3500.0,90389.0
0.059,3500.0,185710.0
0.059,3500.0,160801.0
0.059,1273.0,57630.0
0.059,1284.25,101468.25
0.059,1453.0,69112.0
0.059,3500.0,131402.0
0.059,311.0,3338.0
0.059,326.0,11738.0
0.059,2300.5,82433.0
0.059,2742.0,75131.0
0.059,1214.0,87561.0
0.059,1841.5,82282.0
0.059,3500.0,157013.0
0.059,1270.0,97555.0
0.059,2278.5,143270.5
0.059,3500.0,237004.0
0.059,1081.0,50909.0
0.059,966.5,57008.5
0.059,1401.0,75735.0
0.059,1100.5,23764.5
0.059,2398.5,117463.5
0.059,64.0,649.0
0.059,2435.6,116985.4
0.059,3500.0,230218.0
0.059,2602.6666666666665,67723.66666666667
0.059,1302.0,103765.0
0.059,2285.5,103648.0
0.059,1240.0,53992.0
0.059,702.0,61661.0
0.059,1071.0,43634.0
0.059,1624.3333333333333,83906.66666666667
0.059,3500.0,133752.0
0.059,1014.0,55438.0
0.059,1264.0,72574.0
0.059,2081.8,90135.0
0.059,1197.0,55838.666666666664
0.059,3500.0,197097.0
0.059,87.0,1976.0
0.059,2442.5,98305.25
0.059,1431.3333333333333,83355.0
0.059,1108.0,74396.0
0.059,817.0,45685.0
0.059,2139.0,133784.5
0.059,1429.0,79802.0
0.059,1765.0,99565.0
0.059,1041.0,67284.0
0.059,704.0,23931.0
0.059,3500.0,140744.0
0.059,3500.0,63271.0
0.059,1670.3333333333333,45067.0
0.059,1289.0,71174.66666666667
0.059,1558.0,63432.0
0.059,1319.0,63088.5
0.059,1369.0,61583.0
0.059,602.5,31736.0
0.059,1882.5,40749.5
0.059,1657.0,67096.0
0.059,1629.0,66422.0
0.059,3500.0,109680.0
0.059,1952.0,159753.0
0.059,62.0,625.0
0.059,1449.0,66898.0
0.059,1258.0,56907.0
0.059,2338.0,123023.5
0.059,697.5,34299.5
0.059,1195.0,98041.0
0.059,705.5,25823.0
0.059,3500.0,199334.5
0.059,867.0,38996.0
0.059,118.0,1224.0
0.059,2064.2,70698.8
0.059,92.0,100.0
0.059,3500.0,141004.0
0.06,1170.0,60910.5
0.06,3500.0,98031.0
0.06,2549.0,96589.33333333333
0.06,434.0,25799.0
0.06,1778.0,77964.33333333333
0.06,1861.0,65609.0
0.06,1786.0,61169.5
0.06,2488.2,122795.0
0.06,1061.0,90221.0
0.06,2900.6666666666665,103720.0
0.06,2741.6666666666665,142801.33333333334
0.06,3500.0,98252.0
0.06,1255.0,67647.5
0.06,3500.0,87679.5
0.06,3500.0,164301.0
0.06,1030.0,38287.0
0.06,1343.0,51815.0
0.06,2048.5,69181.0
0.06,3500.0,176201.0
0.06,1028.5,64078.5
0.06,3500.0,132498.0
0.06,1799.5,53727.0
0.06,1218.0,56327.0
0.06,2794.6666666666665,145269.66666666666
0.06,3500.0,118458.0
0.06,2089.0,99043.33333333333
0.06,1816.0,72818.0
0.06,3500.0,106675.0
0.06,881.3333333333334,28989.0
0.06,3500.0,70310.0
0.06,1652.6666666666667,53214.333333333336
0.06,2301.0,99320.0
0.06,1907.6666666666667,128210.33333333333
0.06,1830.0,69852.0
0.06,1578.0,68405.0
0.06,1340.0,46321.0
0.06,2250.0,74441.0
0.06,1553.0,53685.0
0.06,83.0,341.5
0.06,61.0,592.0
0.06,1102.0,41460.0
0.06,1355.0,90917.0
0.06,89.0,97.0
0.06,667.0,15184.0
0.06,3500.0,72725.0
0.06,2422.5,98028.0
0.06,1601.25,63308.25
0.06,2668.3333333333335,107821.66666666667
0.06,2726.0,87094.0
0.06,3500.0,130790.0
0.06,2307.6666666666665,107315.33333333333
0.06,3500.0,128635.5
0.06,916.5,66380.5
0.06,3500.0,112191.0
0.06,2396.5,121593.0
0.06,386.5,17379.0
0.06,1037.0,56104.0
0.06,746.5,27984.5
0.06,1308.25,44340.25
0.06,1236.0,24534.0
0.06,572.0,29205.0
0.06,125.0,1252.0
0.06,1705.0,94915.0
0.06,2352.5,126047.0
0.06,2057.6666666666665,101189.0
0.06,1631.5,59359.75
0.06,2162.5,92890.0
0.06,3500.0,121146.0
0.06,2646.0,136196.5
0.061,3500.0,99817.0
0.061,1583.25,64051.25
0.061,1244.0,78664.0
0.061,2253.0,58167.5
0.061,2356.0,44885.0
0.061,3500.0,160143.0
0.061,2047.5,75186.0
0.061,3500.0,103963.0
0.061,1709.0,25570.333333333332
0.061,3500.0,107816.0
0.061,2278.5,110316.5
0.061,1783.5,54620.5
0.061,2281.0,137624.5
0.061,3500.0,195317.0
0.061,1862.0,68237.0
0.061,1282.0,58220.0
0.061,1044.0,53226.0
0.061,1237.6666666666667,44162.333333333336
0.061,3500.0,135685.0
0.061,689.0,23912.0
0.061,1784.0,70252.5
0.061,3500.0,166092.5
0.061,2906.75,150640.25
0.061,1397.4,74079.4
0.061,3500.0,65413.0
0.061,3500.0,110527.0
0.061,3500.0,207980.0
0.061,3500.0,94579.0
0.061,1189.0,59063.0
0.061,1555.0,93582.0
0.061,1799.5,120964.5
0.061,2901.0,162038.66666666666
0.061,229.0,5129.0
0.061,1915.0,113779.0
0.061,694.0,27742.0
0.061,2320.5,59232.5
0.061,3500.0,158587.0
0.061,1218.0,80899.33333333333
0.061,3500.0,90503.0
0.061,1764.25,92936.25
0.061,2351.0,115341.0
0.061,2527.0,122285.0
0.061,3500.0,120845.0
0.061,843.0,38912.333333333336
0.061,88.0,145.0
0.061,948.8,60474.8
0.061,1097.0,67992.5
0.061,1719.0,71972.5
0.061,1497.0,68758.0
0.061,516.0,18507.0
0.061,1186.0,33292.0
0.061,65.0,812.0
0.061,335.0,9640.5
0.061,154.0,3189.0
0.061,1367.0,37306.0
0.061,2625.5,85695.0
0.061,682.0,33005.0
0.061,1417.0,93798.0
0.061,3500.0,189595.33333333334
0.061,2661.3333333333335,156584.66666666666
0.061,1253.0,84475.0
0.061,2489.5,128889.5
0.061,1751.25,74770.0
0.061,1711.2,75129.6
0.061,1495.0,72452.0
0.061,1006.0,81180.0
0.061,1929.0,91488.0
0.061,3500.0,183421.0
0.061,877.0,47350.5
0.061,1236.5,95713.0
0.061,3500.0,55446.0
0.061,1790.5,89617.0
0.061,1929.0,137202.0
0.061,1517.0,97069.0
0.062,699.0,4046.0
0.062,1561.0,81562.0
0.062,1195.0,75182.5
0.062,2204.3333333333335,119984.66666666667
0.062,2309.0,197009.0
0.062,2880.3333333333335,105720.0
0.062,1417.0,37089.0
0.062,1803.5,75623.5
0.062,2137.3333333333335,74838.0
0.062,380.0,21583.0
0.062,1746.0,106119.5
0.062,1506.0,121086.0
0.062,1942.25,148785.25
0.062,1929.3333333333333,79703.33333333333
0.062,2750.0,108701.0
0.062,1177.0,55353.0
0.062,2369.6666666666665,102158.0
0.062,1147.5,48610.5
0.062,1403.0,56276.0
0.062,3500.0,116511.0
0.062,454.0,17832.0
0.062,2629.0,63219.0
0.062,2068.0,72268.75
0.062,1783.5,79096.5
0.062,2668.6666666666665,114577.0
0.062,448.6666666666667,10813.333333333334
0.062,1251.6666666666667,64810.666666666664
0.062,1371.0,56835.0
0.062,62.0,581.0
0.062,1090.0,48080.0
0.062,2441.5,93899.0
0.062,1154.0,80770.0
0.062,3500.0,143314.0
0.062,1528.0,203527.0
0.062,3500.0,143234.0
0.062,3500.0,139697.0
0.062,93.0,100.0
0.062,2394.0,108553.0
0.062,2908.75,143711.0
0.062,1799.5,43976.5
0.062,1178.0,35283.0
0.062,901.0,46022.0
0.062,3500.0,253067.0
0.062,1224.5,79234.5
0.062,542.0,39323.5
0.062,3500.0,99759.0
0.062,891.0,49167.0
0.062,2062.0,42772.0
0.062,3500.0,184214.0
0.062,2349.25,84141.75
0.062,1350.0,67982.0
0.062,873.0,63250.333333333336
0.062,537.0,28672.5
0.062,112.5,1542.5
0.062,1781.5,43162.0
0.062,2471.0,62625.0
0.062,145.0,1321.0
0.062,780.5,64500.5
0.062,568.0,25112.0
0.062,1786.0,100389.0
0.062,2406.3333333333335,57338.0
0.062,1366.0,119260.0
0.062,2676.0,71074.0
0.062,1169.0,60741.0
0.062,2699.3333333333335,100364.66666666667
0.062,1184.5,63873.0
0.062,3500.0,137801.0
0.062,3500.0,110513.8
0.062,1698.6666666666667,61764.666666666664
0.062,2421.1666666666665,97768.66666666667
0.062,63.0,536.0
0.062,812.3333333333334,48123.0
0.062,102.0,108.0
0.062,3500.0,189929.0
0.062,2317.5,109045.25
0.062,1771.0,77026.0
0.062,256.0,11160.0
0.063,3500.0,179472.0
0.063,1882.5,109269.0
0.063,2484.0,160979.75
0.063,89.0,99.0
0.063,1078.0,67449.0
0.063,60.0,80.0
0.063,3500.0,271482.0
0.063,2422.5,118587.0
0.063,3500.0,194162.0
0.063,3500.0,91215.0
0.063,178.0,2484.0
0.063,1654.5,94526.66666666667
0.063,3500.0,117000.0
0.063,1088.0,52572.0
0.063,1298.5,59050.5
0.063,1652.6666666666667,73694.33333333333
0.063,1077.0,42096.0
0.063,3006.25,101419.75
0.063,1074.0,50456.5
0.063,2272.5,175821.0
0.063,1025.0,27677.0
0.063,829.0,61345.0
0.063,1394.8,47065.2
0.063,1010.3333333333334,59192.0
0.063,2230.25,99294.5
0.063,1401.0,111668.5
0.063,1611.0,50401.0
0.063,1113.3333333333333,83690.0
0.063,3500.0,43056.0
0.063,3500.0,200047.0
0.063,2273.0,149480.5
0.063,1996.0,89835.5
0.063,1870.6666666666667,102055.66666666667
0.063,613.5,52308.0
0.063,442.3333333333333,14097.666666666666
0.063,1287.0,56653.0
0.063,1053.0,20481.0
0.063,1803.0,53191.0
0.063,1164.8,42663.6
0.063,3500.0,119305.0
0.063,3500.0,88926.0
0.063,3500.0,74817.0
0.063,3500.0,114342.0
0.063,2054.5,111043.0
0.063,2313.0,89081.5
0.063,1104.0,32599.0
0.063,2488.5,76593.5
0.063,3500.0,110315.0
0.063,1174.0,131191.0
0.063,3500.0,135132.0
0.063,1110.6666666666667,76642.66666666667
0.063,1941.3333333333333,63297.666666666664
0.063,1237.0,90390.0
0.063,3500.0,204769.0
0.063,737.0,36393.666666666664
0.063,3500.0,125531.33333333333
0.063,1140.0,45651.0
0.063,1958.75,82026.0
0.063,3500.0,157413.0
0.063,1692.0,51779.75
0.063,3500.0,96758.0
0.063,2907.25,109065.0
0.063,3500.0,139401.0
0.063,3500.0,194284.5
0.063,1336.0,75917.0
0.063,1893.0,54454.0
0.063,2767.5,78632.5
0.063,1146.0,46453.0
0.063,1726.0,50960.0
0.063,1594.0,49463.0
0.063,2763.3333333333335,132295.0
0.063,2120.75,105321.25
0.063,3500.0,90240.0
0.064,1824.5,93131.5
0.064,879.0,46184.0
0.064,3500.0,146748.5
0.064,1305.0,44391.0
0.064,645.0,19687.666666666668
0.064,3500.0,109400.0
0.064,62.0,585.0
0.064,1237.0,90995.0
0.064,3500.0,195015.0
0.064,1030.0,67030.0
0.064,560.0,8617.0
0.064,1339.0,69596.0
0.064,1079.0,33875.5
0.064,1821.5,51247.5
0.064,3500.0,138195.0
0.064,1468.0,73681.5
0.064,1358.5,95107.0
0.064,1447.5,71681.0
0.064,2293.0,113539.0
0.064,1521.0,74393.0
0.064,2096.3333333333335,102362.66666666667
0.064,3500.0,103785.0
0.064,1705.0,67077.0
0.064,3500.0,118525.0
0.064,1227.0,67264.0
0.064,1333.0,63608.0
0.064,241.0,5565.0
0.064,1373.0,117741.0
0.064,1181.0,39598.0
0.064,2394.0,91041.66666666667
0.064,1143.0,43777.0
0.064,684.0,21988.5
0.064,2331.5,137423.5
0.064,3500.0,133128.0
0.064,159.33333333333334,1966.6666666666667
0.064,59.0,437.0
0.064,1247.5,51638.5
0.064,1186.6666666666667,74600.0
0.064,58.0,566.0
0.064,644.0,33649.0
0.064,1345.0,118612.0
0.064,1195.0,83178.0
0.064,2680.3333333333335,118861.33333333333
0.064,3500.0,173273.0
0.064,1817.5,66116.5
0.064,2324.5,184248.5
0.064,2922.25,112291.0
0.064,1153.0,39495.0
0.064,3500.0,118056.66666666667
0.064,1247.0,98815.0
0.064,1022.0,70440.0
0.064,3500.0,111293.0
0.064,1986.8,54017.2
0.064,3500.0,92589.5
0.064,1331.0,48189.0
0.064,3500.0,115952.0
0.064,3500.0,40813.0
0.064,2482.5,116041.5
0.064,1194.0,93109.0
0.064,101.0,131.5
0.064,3500.0,93709.5
0.064,1249.0,87459.0
0.064,3500.0,75280.5
0.064,1405.0,61012.5
0.064,3500.0,88500.0
0.064,1123.0,96451.0
0.064,3500.0,128304.0
0.064,2009.5,92632.0
0.064,1280.0,89314.0
0.064,3500.0,128561.66666666667
0.064,187.0,3478.0
0.064,1865.0,74968.8
0.064,950.5,66611.5
0.064,1007.25,33228.25
0.064,1198.0,47910.5
0.065,1034.75,53309.25
0.065,284.0,4562.0
0.065,2109.3333333333335,135043.33333333334
0.065,95.0,142.0
0.065,3500.0,130824.0
0.065,1298.0,115117.0
0.065,860.0,38616.5
0.065,1374.0,131488.0
0.065,979.0,52284.0
0.065,3500.0,202857.5
0.065,1559.0,58225.0
0.065,2062.5,99338.75
0.065,1038.0,69353.0
0.065,1134.8,99757.2
0.065,3500.0,118052.0
0.065,1184.0,67886.5
0.065,3500.0,196956.5
0.065,2521.4,154929.0
0.065,1241.0,37798.0
0.065,1077.0,66979.0
0.065,1657.25,76636.5
0.065,289.0,14878.0
0.065,2023.25,75152.75
0.065,1215.6666666666667,85308.0
0.065,2037.0,67433.0
0.065,3500.0,224251.0
0.065,3500.0,115067.0
0.065,85.0,98.0
0.065,1644.0,109744.0
0.065,1381.0,58134.0
0.065,3500.0,104594.0
0.065,2699.6666666666665,100506.66666666667
0.065,484.0,16853.0
0.065,61.0,626.0
0.065,3500.0,165170.0
0.065,2898.3333333333335,110251.66666666667
0.065,762.5,52314.0
0.065,3500.0,111162.0
0.065,89.0,92.0
0.065,1033.0,70156.0
0.065,1331.0,39010.0
0.065,3021.6666666666665,165942.0
0.065,913.5,117196.0
0.065,2652.0,95775.0
0.065,1762.6666666666667,82666.33333333333
0.065,1204.0,76196.4
0.065,3500.0,90488.0
0.065,3500.0,169039.0
0.065,1093.0,81867.0
0.065,3500.0,155800.0
0.065,1308.0,102821.5
0.065,3500.0,134609.0
0.065,3500.0,129445.5
0.065,2528.5,147887.0
0.065,3500.0,91163.0
0.065,1346.0,106754.5
0.065,2354.5,84323.0
0.065,3500.0,141855.0
0.065,3500.0,120174.0
0.065,1041.0,96596.0
0.065,2216.0,130812.0
0.065,1365.0,97547.0
0.065,1238.5,110108.0
0.065,2585.5,83982.5
0.065,3500.0,165836.5
0.065,3500.0,107093.0
0.065,3500.0,171748.5
0.065,1009.0,46448.0
0.065,3500.0,133510.5
0.065,1150.0,132920.0
0.065,1559.3333333333333,117288.66666666667
0.065,3500.0,142125.0
0.065,1501.5,70163.0
0.065,1768.6666666666667,81705.33333333333
0.065,1018.0,62213.0
0.065,1183.0,80369.0
0.066,3500.0,233815.0
0.066,3500.0,150651.0
0.066,866.0,57763.0
0.066,608.0,46551.0
0.066,1709.3333333333333,65438.0
0.066,669.0,27762.5
0.066,786.0,47964.0
0.066,1255.5,62274.5
0.066,2076.0,127743.0
0.066,3500.0,209338.0
0.066,1162.0,69587.5
0.066,2041.25,53652.25
0.066,169.0,1097.0
0.066,736.0,60283.0
0.066,1044.0,85162.0
0.066,1849.0,166645.0
0.066,1902.0,88255.0
0.066,2713.3333333333335,132322.0
0.066,3500.0,113355.0
0.066,2322.5,91947.5
0.066,2964.25,96831.0
0.066,2375.0,73244.0
0.066,1568.0,50210.0
0.066,1053.0,37616.0
0.066,2328.5,95997.5
0.066,1693.6666666666667,73599.0
0.066,831.0,58612.0
0.066,2494.5,79082.0
0.066,1332.4,58370.8
0.066,1816.0,44685.0
0.066,1938.0,152533.0
0.066,3500.0,89966.0
0.066,2319.5,82292.5
0.066,2639.5,96109.0
0.066,1139.0,32376.0
0.066,1869.0,108260.33333333333
0.066,1039.0,91020.0
0.066,1120.0,121146.0
0.066,1235.0,103950.33333333333
0.066,2900.25,122255.0
0.066,3500.0,75425.0
0.066,2930.6666666666665,147759.33333333334
0.066,3500.0,130051.5
0.066,2394.0,167976.0
0.066,1093.0,38529.0
0.066,3500.0,102535.5
0.066,3500.0,95079.0
0.066,3500.0,82052.0
0.066,3500.0,114726.0
0.066,1097.0,69929.0
0.066,59.0,567.0
0.066,555.5,31751.0
0.066,3500.0,150461.0
0.066,2181.0,136508.66666666666
0.066,1019.0,52268.0
0.066,3500.0,163121.0
0.066,3500.0,80869.0
0.066,2413.0,83496.5
0.066,1233.5,69240.0
0.066,2179.3333333333335,124407.0
0.066,1519.25,66025.0
0.066,2910.25,97103.0
0.066,2739.6666666666665,61898.333333333336
0.066,3500.0,190786.0
0.066,3500.0,116349.0
0.066,1573.0,62326.5
0.066,92.0,817.0
0.066,2740.0,123493.66666666667
0.066,1001.0,33949.0
0.066,3500.0,151268.66666666666
0.066,536.0,29739.5
0.066,1417.0,59642.0
0.066,543.0,18026.0
0.066,2583.3333333333335,91606.33333333333
0.066,3500.0,109175.0
0.066,2441.0,95890.25
0.066,3500.0,125966.0
0.066,3500.0,120251.0
0.066,1509.0,114965.0
0.066,2392.5,117041.5
0.066,3033.8,127573.8
0.067,3500.0,140443.5
0.067,2715.0,118090.66666666667
0.067,2451.0,93718.5
0.067,1044.0,28686.0
0.067,1895.3333333333333,107616.33333333333
0.067,3500.0,165397.33333333334
0.067,2370.6666666666665,68332.0
0.067,2644.5,97053.5
0.067,2017.25,82252.0
0.067,1191.0,35080.0
0.067,1852.6666666666667,71162.66666666667
0.067,3500.0,146552.0
0.067,3500.0,160863.0
0.067,1802.0,56353.0
0.067,3500.0,69167.0
0.067,939.6666666666666,38257.0
0.067,2520.3333333333335,144363.0
0.067,2316.0,129557.0
0.067,2325.5,80929.0
0.067,1660.0,49149.0
0.067,1140.0,38851.0
0.067,696.0,29237.666666666668
0.067,1004.0,69320.0
0.067,2612.0,135524.5
0.067,2265.6666666666665,90024.33333333333
0.067,2926.0,89168.0
0.067,2308.0,67849.0
0.067,2797.5,89123.0
0.067,2345.0,102144.0
0.067,1655.0,65046.0
0.067,905.5,22222.0
0.067,806.6666666666666,51101.666666666664
0.067,1821.0,104472.5
0.067,1290.0,68100.0
0.067,870.6666666666666,32878.333333333336
0.067,1909.6666666666667,106331.66666666667
0.067,2518.5,110813.5
0.067,2691.6666666666665,117245.33333333333
0.067,2011.5,127789.5
0.067,1780.0,91126.5
0.067,2047.0,107692.0
0.067,2777.6666666666665,120310.66666666667
0.067,1213.0,104380.0
0.067,1086.0,57543.0
0.067,1061.0,52467.0
0.067,3500.0,216956.0
0.067,2743.3333333333335,120984.33333333333
0.067,3166.0,117412.42857142857
0.067,2685.75,90247.75
0.067,1672.25,63430.5
0.067,139.0,412.0
0.067,1165.0,77524.0
0.067,1841.5,37160.0
0.067,2392.3333333333335,137310.0
0.067,3500.0,184566.0
0.067,1000.5,44850.0
0.067,1424.6666666666667,79011.33333333333
0.067,1345.0,117261.5
0.067,2396.5,108043.0
0.067,64.0,763.0
0.067,1101.0,63663.0
0.067,3500.0,263537.0
0.067,623.0,11395.0
0.067,1971.0,95029.75
0.067,2085.5,112911.5
0.067,1873.6666666666667,91780.33333333333
0.067,1081.0,49003.5
0.067,3500.0,107840.0
0.067,1808.3333333333333,56520.666666666664
0.067,1560.0,67752.0
0.067,3500.0,197033.0
0.067,2210.4,123883.0
0.067,3500.0,184730.0
0.067,2548.6666666666665,142946.0
0.067,1532.0,118767.0
0.067,1906.0,118013.33333333333
0.067,2330.5,104933.5
0.067,547.5,16587.5
0.067,2695.0,88802.66666666667
0.067,2949.0,117851.5
0.068,1000.25,57181.25
0.068,3500.0,225631.0
0.068,3500.0,96678.0
0.068,1801.5,65278.0
0.068,2774.0,93537.0
0.068,2372.3333333333335,117559.66666666667
0.068,760.0,21094.0
0.068,1265.6666666666667,53054.666666666664
0.068,2693.0,92555.33333333333
0.068,1381.0,59348.0
0.068,2338.5,142356.0
0.068,1182.5,37693.0
0.068,2281.0,155852.5
0.068,1490.0,128483.0
0.068,1520.0,117771.0
0.068,1341.0,68971.0
0.068,3500.0,162327.0
0.068,3500.0,193974.5
0.068,2334.5,47911.5
0.068,271.0,1699.0
0.068,485.0,29012.0
0.068,135.0,213.0
0.068,2144.3333333333335,108979.33333333333
0.068,2137.0,101028.0
0.068,1002.5,52718.5
0.068,1474.0,96990.0
0.068,3500.0,200166.0
0.068,2392.5,69376.5
0.068,2190.3333333333335,96155.33333333333
0.068,597.75,24695.75
0.068,2054.5,71645.75
0.068,3500.0,112356.0
0.068,3500.0,202287.5
0.068,3500.0,101311.0
0.068,800.0,29903.333333333332
0.068,2268.0,107550.0
0.068,3500.0,185437.0
0.068,2881.5,124059.75
0.068,1018.0,37214.0
0.068,3500.0,173888.0
0.068,1319.0,61506.0
0.068,3500.0,74965.0
0.068,3500.0,92666.0
0.068,3500.0,95637.0
0.068,330.0,16053.5
0.068,2554.5,114403.5
0.068,2898.0,126006.33333333333
0.068,3500.0,118221.5
0.068,1175.6666666666667,97417.66666666667
0.068,1479.5,65476.25
0.068,1239.0,100308.0
0.068,687.0,25678.0
0.068,3500.0,234248.0
0.068,1863.0,116568.5
0.068,97.0,100.0
0.068,62.0,652.0
0.068,1679.0,56192.75
0.068,1089.0,70238.0
0.068,2501.5,103733.0
0.068,132.0,139.0
0.068,1001.0,53384.0
0.068,2346.0,108087.5
0.068,1343.0,28404.0
0.068,3500.0,61201.0
0.068,1909.0,81548.0
0.068,3500.0,159069.0
0.068,1661.0,70249.0
0.068,3500.0,64909.0
0.068,86.0,98.0
0.068,2071.3333333333335,156257.66666666666
0.069,1781.0,54018.0
0.069,1020.0,49407.0
0.069,828.6666666666666,54150.333333333336
0.069,3500.0,136247.0
0.069,2395.0,70567.5
0.069,506.0,28047.666666666668
0.069,1618.0,72400.5
0.069,1650.0,57525.25
0.069,3500.0,99120.0
0.069,3500.0,78065.0
0.069,2321.0,110010.75
0.069,2369.0,131385.0
0.069,427.5,19729.0
0.069,661.3333333333334,28336.0
0.069,1830.0,67332.0
0.069,2025.5,92775.5
0.069,3500.0,136459.0
0.069,3500.0,197707.0
0.069,2833.6666666666665,114404.66666666667
0.069,1614.0,50421.666666666664
0.069,2286.5,85253.0
0.069,188.0,237.0
0.069,3500.0,97843.5
0.069,59.0,598.0
0.069,1792.75,50267.5
0.069,3500.0,69958.0
0.069,1924.0,79907.0
0.069,1112.5,72578.0
0.069,1762.3333333333333,90909.0
0.069,814.0,39755.0
0.069,1579.0,113008.0
0.069,1266.0,80984.0
0.069,2454.0,138772.0
0.069,2356.0,57509.333333333336
0.069,1994.3333333333333,92374.0
0.069,2349.75,145638.25
0.069,2062.5,111741.75
0.069,2465.5,90676.0
0.069,1475.0,72144.25
0.069,1313.5,66174.0
0.069,540.5,19889.0
0.069,1010.0,44794.0
0.069,1007.0,22184.0
0.069,1854.5,114470.0
0.069,323.0,13246.0
0.069,3500.0,173706.5
0.069,1091.0,54945.5
0.069,1529.6666666666667,60560.666666666664
0.069,1547.0,77234.66666666667
0.069,3500.0,123466.5
0.069,2338.0,127276.25
0.069,67.0,835.0
0.069,3500.0,179533.5
0.069,2326.0,112114.75
0.069,1025.0,52167.0
0.069,1039.0,81779.0
0.069,1120.0,38835.0
0.069,2770.6666666666665,75790.66666666667
0.069,3500.0,143713.0
0.069,768.5,47063.0
0.069,2338.5,91950.0
0.069,2422.0,147143.5
0.069,3500.0,173478.0
0.069,1387.0,63170.0
0.069,1123.0,67744.0
0.069,2362.0,115559.0
0.069,592.5,9981.5
0.07,1799.0,95371.5
0.07,1579.0,82372.66666666667
0.07,1277.0,99333.0
0.07,1206.5,90950.0
0.07,1856.3333333333333,69627.33333333333
0.07,3500.0,80762.0
0.07,1391.5,61884.75
0.07,1780.5,75346.0
0.07,2045.0,101694.33333333333
0.07,3085.1666666666665,161672.83333333334
0.07,2602.5,162897.5
0.07,3500.0,91147.0
0.07,2282.0,81296.5
0.07,592.5,26033.0
0.07,550.0,8951.0
0.07,3500.0,204245.0
0.07,2285.5,88516.75
0.07,3500.0,146365.0
0.07,709.0,19777.5
0.07,61.0,596.0
0.07,2309.75,86260.75
0.07,1360.0,45956.0
0.07,3500.0,84044.0
0.07,221.0,15217.0
0.07,1954.6666666666667,92616.0
0.07,3500.0,140822.0
0.07,3500.0,188343.0
0.07,2285.0,128101.5
0.07,1377.0,85813.0
0.07,2413.0,114114.0
0.07,1365.0,91393.0
0.07,62.0,497.0
0.07,1085.0,44714.0
0.07,87.0,200.0
0.07,3500.0,165699.0
0.07,3500.0,119054.5
0.07,3500.0,70033.0
0.07,3500.0,149493.0
0.07,438.0,661.0
0.07,1212.6666666666667,27043.666666666668
0.07,2368.5,122401.0
0.07,3500.0,198558.0
0.07,711.0,39307.0
0.07,1127.0,105853.0
0.07,2843.6666666666665,157593.0
0.07,1618.3333333333333,77659.0
0.07,3500.0,155343.0
0.07,1205.5,25828.0
0.07,2439.0,97408.8
0.07,90.0,95.0
0.07,2462.5,71549.0
0.07,1882.3333333333333,115364.0
0.07,1117.5,54025.0
0.07,2828.6666666666665,139074.66666666666
0.07,3500.0,71327.0
0.07,615.0,22478.0
0.07,610.0,33513.0
0.07,1049.0,88965.0
0.07,2259.0,89070.0
0.07,1196.75,70007.0
0.07,2958.0,156044.75
0.07,2667.0,112216.66666666667
0.07,2170.5,75823.25
0.07,3500.0,73610.0
0.07,1790.5,38021.5
0.07,3500.0,187606.5
0.07,1548.6666666666667,80067.0
0.07,1392.0,52500.0
0.07,1376.0,67814.5
0.07,2354.3333333333335,71291.33333333333
0.07,157.0,10384.0
0.07,1316.0,69608.0
0.07,1297.0,140335.0
0.07,2497.5,108358.5
0.07,3500.0,152953.0
0.07,2332.5,102926.5
0.07,913.0,40569.0
0.071,90.0,1890.0
0.071,3500.0,86263.0
0.071,2578.5,91790.0
0.071,2768.0,120043.5
0.071,2739.3333333333335,141358.0
0.071,3500.0,89085.0
0.071,3500.0,270877.0
0.071,3500.0,282137.0
0.071,1691.5,69301.75
0.071,1374.0,72755.0
0.071,1751.5,92120.5
0.071,1549.0,55681.0
0.071,743.5,41457.5
0.071,1982.0,45801.5
0.071,1944.6666666666667,45883.666666666664
0.071,2290.0,61786.5
0.071,2727.5,133977.0
0.071,1028.0,76644.0
0.071,919.2,61432.8
0.071,787.0,33499.0
0.071,1881.3333333333333,96213.33333333333
0.071,2876.0,148920.33333333334
0.071,2289.0,121895.0
0.071,1946.0,80824.33333333333
0.071,1867.0,97732.0
0.071,2604.0,113104.0
0.071,3500.0,223436.0
0.071,3500.0,201788.0
0.071,1057.0,22930.0
0.071,134.0,2285.0
0.071,1781.0,79650.0
0.071,278.0,4945.0
0.071,2021.25,81263.5
0.071,1213.0,89870.0
0.071,2314.5,108705.5
0.071,2074.0,126057.0
0.071,2309.0,112253.5
0.071,2517.5,107799.66666666667
0.071,1294.3333333333333,82194.66666666667
0.071,1099.0,73879.0
0.071,1953.5,61485.0
0.071,2918.5,168175.0
0.071,1020.0,68375.0
0.071,2373.0,85300.0
0.071,3500.0,234898.0
0.071,2036.3333333333333,122993.33333333333
0.071,704.0,43672.333333333336
0.071,3500.0,213011.5
0.071,2841.0,128333.33333333333
0.071,1128.0,43472.6
0.071,2461.0,97151.5
0.071,1330.0,85516.0
0.071,1640.5,121125.0
0.071,1247.6666666666667,64052.0
0.071,1103.0,92711.0
0.071,3500.0,180069.66666666666
0.071,3500.0,185634.0
0.071,2707.6,81504.2
0.071,148.0,2394.0
0.071,1591.0,66120.33333333333
0.071,1990.0,112083.0
0.071,3500.0,154830.0
0.071,1296.0,74020.0
0.071,641.0,55130.0
0.071,1849.5,62060.0
0.071,2842.0,100307.66666666667
0.071,1379.0,52016.0
0.071,2379.5,112805.0
0.071,2570.0,103951.0
0.071,3500.0,111438.0
0.071,1261.0,92700.0
0.071,2390.6666666666665,92914.66666666667
0.071,3500.0,126889.0
0.071,3500.0,127920.0
0.071,49.0,905.0
0.071,458.0,18144.0
0.071,664.5,61192.5
0.071,2440.0,76711.5
0.071,2576.0,88568.5
0.071,1995.0,193599.0
0.071,1135.5,46349.5
0.072,1783.5,53690.5
0.072,1900.6666666666667,118792.33333333333
0.072,632.5,14442.0
0.072,3500.0,105310.0
0.072,3500.0,155475.5
0.072,1256.3333333333333,68144.66666666667
0.072,1865.5,64118.5
0.072,1488.0,55190.0
0.072,3500.0,71979.0
0.072,3500.0,169133.5
0.072,631.0,33719.0
0.072,1309.0,111367.0
0.072,2680.3333333333335,151750.66666666666
0.072,374.0,6902.0
0.072,1402.0,72359.0
0.072,1174.5,51078.75
0.072,1812.5,45749.0
0.072,2461.0,159526.5
0.072,2725.6666666666665,116673.33333333333
0.072,3500.0,183824.5
0.072,2037.3333333333333,68284.33333333333
0.072,1215.6666666666667,47351.666666666664
0.072,955.0,10774.0
0.072,3500.0,167701.0
0.072,919.6666666666666,41855.666666666664
0.072,830.0,29549.0
0.072,2560.8,75568.8
0.072,3500.0,146170.0
0.072,3500.0,162259.0
0.072,3500.0,129403.0
0.072,1090.0,35802.0
0.072,1323.5,53248.0
0.072,1223.0,64720.0
0.072,817.0,67528.5
0.072,393.0,20902.0
0.072,2147.0,115883.33333333333
0.072,252.5,4439.5
0.072,1357.0,43904.0
0.072,2763.3333333333335,125611.33333333333
0.072,583.0,20341.0
0.072,1114.0,63893.0
0.072,3500.0,120516.0
0.072,2434.5,94424.0
0.072,1935.6666666666667,66196.33333333333
0.072,1124.0,48955.0
0.072,2145.75,79269.25
0.072,2967.25,147313.75
0.072,1059.0,9466.0
0.072,1828.5,86838.5
0.072,1878.8,99547.8
0.072,1429.0,65021.0
0.072,1027.0,86154.0
0.072,64.0,552.0
0.072,1858.0,80046.66666666667
0.072,2280.0,172771.0
0.072,1073.0,45902.0
0.072,3500.0,159061.0
0.072,2061.6,99558.0
0.072,3500.0,121475.33333333333
0.072,2154.5,47842.0
0.072,667.5,47407.0
0.072,3500.0,119815.0
0.072,1197.5,51496.25
0.072,2342.25,82380.75
0.072,2447.5,151810.0
0.072,1081.0,37335.5
0.072,3500.0,127814.5
0.072,2288.5,96725.0
0.072,3500.0,158926.0
0.072,1277.0,46018.5
0.072,3500.0,104439.0
0.072,1133.5,88989.0
0.072,2376.0,127015.5
0.072,3500.0,119147.0
0.072,681.0,29714.5
0.072,1119.0,62540.0
0.072,1074.3333333333333,103682.66666666667
0.073,108.0,169.0
0.073,591.0,35672.5
0.073,2128.5,127996.5
0.073,1138.0,78418.0
0.073,2082.75,76707.75
0.073,1356.5,38586.0
0.073,3500.0,125981.0
0.073,2352.3333333333335,84092.0
0.073,2759.0,97896.0
0.073,69.0,756.0
0.073,3500.0,149437.25
0.073,1993.3333333333333,81383.66666666667
0.073,3500.0,143707.5
0.073,1630.3333333333333,47444.0
0.073,1285.0,39218.0
0.073,1158.0,70125.0
0.073,1906.0,131038.0
0.073,3500.0,90961.0
0.073,1946.6666666666667,113876.66666666667
0.073,2330.5,111467.5
0.073,2104.5,46309.0
0.073,2036.0,55393.0
0.073,1863.6666666666667,71415.66666666667
0.073,1563.3333333333333,57440.333333333336
0.073,1262.0,83753.5
0.073,93.0,803.0
0.073,573.0,27544.0
0.073,2332.0,111263.0
0.073,3500.0,87475.0
0.073,1086.0,37581.0
0.073,1034.0,59775.0
0.073,1939.6666666666667,68070.0
0.073,68.0,191.0
0.073,642.0,10890.0
0.073,1302.0,56451.0
0.073,2355.0,110654.5
0.073,1781.5,108041.0
0.073,1892.5,96983.5
0.073,3500.0,164802.0
0.073,1431.0,103033.0
0.073,1768.3333333333333,72184.66666666667
0.073,1182.0,68125.66666666667
0.073,3500.0,150362.0
0.073,2445.0,169417.5
0.073,1822.6666666666667,94029.0
0.073,1800.0,99229.33333333333
0.073,3500.0,168903.0
0.073,1588.0,46232.0
0.073,2275.4,112017.4
0.073,1337.0,107320.0
0.073,3500.0,104295.0
0.073,1477.0,54312.0
0.073,2690.0,105920.66666666667
0.073,2760.6666666666665,107840.66666666667
0.073,1196.0,96049.0
0.073,1441.0,95944.0
0.073,2044.5,39302.0
0.073,1935.0,96059.0
0.073,164.0,721.0
0.073,2842.6666666666665,110739.0
0.073,2101.3333333333335,117964.33333333333
0.073,656.5,25691.0
0.073,65.0,560.0
0.073,2786.1666666666665,93542.83333333333
0.073,3066.75,108026.25
0.073,1707.0,42800.0
0.073,1882.5,73293.0
0.073,2436.6666666666665,142883.66666666666
0.073,1805.6666666666667,53264.333333333336
0.073,99.5,345.5
0.073,1082.0,55088.0
0.073,3500.0,166807.0
0.073,1283.0,59852.0
0.073,1561.75,90445.5
0.073,71.0,781.0
0.073,2692.3333333333335,69944.33333333333
0.074,2355.3333333333335,121538.0
0.074,2363.3333333333335,96695.66666666667
0.074,3500.0,100314.0
0.074,1821.0,51888.5
0.074,450.0,27819.0
0.074,1370.5,106109.5
0.074,2295.5,46413.5
0.074,3500.0,249989.0
0.074,3500.0,92799.0
0.074,1264.0,75172.0
0.074,3500.0,211615.0
0.074,415.0,31586.0
0.074,3500.0,124057.0
0.074,968.0,33341.0
0.074,250.0,598.0
0.074,124.0,2652.0
0.074,3500.0,212708.0
0.074,2060.6666666666665,81732.66666666667
0.074,2409.5,140862.0
0.074,3500.0,145918.0
0.074,2709.6666666666665,163765.66666666666
0.074,1537.2,59299.2
0.074,1340.5,77458.0
0.074,1193.0,58303.0
0.074,1308.0,86079.0
0.074,1798.0,45730.0
0.074,3500.0,198028.0
0.074,1781.25,67796.75
0.074,1811.0,55726.0
0.074,1202.0,44504.0
0.074,561.0,13620.5
0.074,2728.0,122734.66666666667
0.074,1056.8,39734.4
0.074,2645.0,166032.0
0.074,3500.0,169233.0
0.074,1869.5,80115.0
0.074,2087.0,76600.25
0.074,3500.0,116302.5
0.074,1022.0,19935.0
0.074,3500.0,160590.0
0.074,1545.0,36037.0
0.074,2422.5,115003.0
0.074,2909.8,116665.6
0.074,2406.0,95980.0
0.074,1631.0,44390.0
0.074,61.0,612.0
0.074,1672.0,41039.0
0.074,2573.6666666666665,59695.333333333336
0.074,1950.5,36910.0
0.074,3500.0,115174.0
0.074,1092.0,38658.0
0.074,2701.6666666666665,91318.33333333333
0.074,1925.6666666666667,118067.0
0.074,2864.0,131599.33333333334
0.074,3500.0,190837.5
0.074,3500.0,115228.0
0.074,2269.0,88667.66666666667
0.074,3500.0,106414.0
0.074,1809.5,89950.0
0.074,1841.5,83737.5
0.074,1910.0,43361.0
0.074,744.0,39731.0
0.074,3500.0,120656.0
0.074,2610.6666666666665,102833.66666666667
0.074,1609.6666666666667,79221.0
0.074,3500.0,131241.0
0.074,2228.4,82510.6
0.074,3500.0,96042.0
0.074,3500.0,131570.0
0.074,2652.25,102973.25
0.074,3500.0,174015.0
0.074,3500.0,149143.0
0.074,1309.0,59388.0
0.074,289.0,2035.0
0.074,1298.3333333333333,56342.666666666664
0.074,2253.5,71670.0
0.074,2590.5,98958.0
0.074,3500.0,144769.0
0.075,2486.5,127683.0
0.075,3500.0,119864.66666666667
0.075,817.0,46342.0
0.075,1268.0,101955.0
0.075,3500.0,128835.0
0.075,2334.8,121909.8
0.075,3500.0,130766.0
0.075,901.0,31013.0
0.075,3500.0,194920.0
0.075,3500.0,178969.0
0.075,2431.5,144005.5
0.075,1928.5,74242.5
0.075,2449.0,123003.0
0.075,3500.0,155780.0
0.075,1579.0,55881.0
0.075,1096.0,72605.0
0.075,2641.5,146045.5
0.075,477.0,22850.0
0.075,1782.5,85702.5
0.075,1284.0,44612.0
0.075,1164.6666666666667,51213.0
0.075,2299.0,48629.5
0.075,1284.0,44553.0
0.075,2709.0,94607.33333333333
0.075,3500.0,73636.5
0.075,920.0,58690.5
0.075,3500.0,190585.0
0.075,3500.0,124697.5
0.075,1040.0,84583.0
0.075,3500.0,216652.0
0.075,1178.0,59821.666666666664
0.075,1680.4,56284.8
0.075,1059.0,39389.2
0.075,2399.5,87647.0
0.075,3500.0,143604.0
0.075,2011.0,67580.0
0.075,1538.6666666666667,103697.66666666667
0.075,2308.0,97943.0
0.075,557.5,18135.0
0.075,2299.5,61624.5
0.075,3500.0,88193.0
0.075,2569.0,154125.0
0.075,1068.0,97346.0
0.075,3500.0,163773.66666666666
0.075,2732.0,138192.66666666666
0.075,1782.5,47614.5
0.075,601.0,32521.5
0.075,1793.5,84563.5
0.075,3500.0,254512.0
0.075,121.0,1824.0
0.075,2340.5,37949.5
0.075,1415.0,53631.0
0.075,1474.25,51628.0
0.075,1783.5,57143.0
0.075,188.5,6668.0
0.075,3500.0,97743.0
0.075,3500.0,131973.0
0.075,196.0,4575.0
0.075,2353.0,49450.0
0.075,3500.0,185724.0
0.075,2318.0,114360.0
0.075,1639.0,94074.66666666667
0.075,850.0,47983.0
0.075,1934.5,73494.5
0.075,1840.25,81579.75
0.075,3500.0,89064.0
0.075,1317.0,47182.5
0.075,3500.0,204027.5
0.075,90.0,195.0
0.075,1099.5,73624.0
0.075,3500.0,194899.33333333334
0.075,2014.0,158730.33333333334
0.075,3500.0,73565.0
0.076,1796.5,58980.5
0.076,3500.0,126408.33333333333
0.076,1383.0,50202.0
0.076,3500.0,90620.0
0.076,1210.3333333333333,50345.333333333336
0.076,2885.75,136907.0
0.076,2674.3333333333335,76846.0
0.076,1328.0,99375.0
0.076,3500.0,125348.5
0.076,1154.0,97068.0
0.076,2069.6,96762.2
0.076,633.0,40086.0
0.076,1784.0,44954.0
0.076,803.0,19937.0
0.076,1243.0,78969.0
0.076,3500.0,151293.5
0.076,570.5,21118.5
0.076,3500.0,217312.0
0.076,1226.0,54684.666666666664
0.076,2210.0,82821.0
0.076,2741.6666666666665,113894.33333333333
0.076,3500.0,96877.0
0.076,3500.0,281978.0
0.076,2377.5,156829.0
0.076,367.0,11666.0
0.076,3500.0,153305.0
0.076,2736.3333333333335,84911.0
0.076,1801.5,67478.5
0.076,2203.5,107903.5
0.076,1098.0,51924.0
0.076,2111.2,88966.0
0.076,3500.0,114701.66666666667
0.076,2850.5,85367.75
0.076,2259.5,51064.5
0.076,3500.0,181526.0
0.076,99.0,239.0
0.076,467.0,16600.0
0.076,2583.5,95807.5
0.076,1146.0,64957.0
0.076,3500.0,131662.0
0.076,3500.0,174307.66666666666
0.076,1001.0,53004.0
0.076,3500.0,257362.0
0.076,117.0,195.0
0.076,1038.75,69463.25
0.076,1801.0,28396.0
0.076,2451.5,152434.0
0.076,3500.0,160122.0
0.076,2713.3333333333335,191488.33333333334
0.076,1695.2,85817.8
0.076,1008.5,42564.5
0.076,2307.0,107104.0
0.076,2289.0,73315.0
0.076,139.0,1942.0
0.076,1816.0,40505.5
0.076,856.0,44300.666666666664
0.076,1391.0,127595.0
0.076,140.0,2651.0
0.076,1256.0,117385.0
0.076,1791.0,55954.75
0.076,2266.0,95030.75
0.076,2376.0,71510.5
0.076,3500.0,114148.0
0.076,3500.0,91434.0
0.076,2670.6666666666665,98364.33333333333
0.076,778.5,62619.0
0.076,2826.3333333333335,84592.0
0.076,2513.6666666666665,113000.33333333333
0.076,768.5,46871.0
0.076,2689.6666666666665,140299.0
0.077,1780.0,129965.5
0.077,2213.6666666666665,101802.0
0.077,3500.0,227753.5
0.077,1875.3333333333333,51381.666666666664
0.077,2700.6666666666665,96441.0
0.077,2268.0,79169.5
0.077,2719.0,132770.33333333334
0.077,1017.3333333333334,61415.666666666664
0.077,3500.0,120067.0
0.077,3500.0,130735.0
0.077,590.0,25182.5
0.077,2253.0,60483.5
0.077,3500.0,230676.0
0.077,2615.0,167129.5
0.077,2010.0,62579.0
0.077,3500.0,176383.0
0.077,1629.6666666666667,73935.33333333333
0.077,1399.0,84769.0
0.077,1013.0,71308.33333333333
0.077,1318.0,36773.0
0.077,922.0,53192.75
0.077,2882.0,117585.5
0.077,1327.0,46279.0
0.077,1852.6666666666667,77107.33333333333
0.077,3500.0,150044.0
0.077,101.0,106.0
0.077,3500.0,212130.0
0.077,1811.75,85410.25
0.077,2468.0,126101.5
0.077,3500.0,168319.0
0.077,1700.0,135585.0
0.077,3500.0,79006.5
0.077,3500.0,206290.5
0.077,1728.6,60169.4
0.077,1338.0,80401.0
0.077,464.0,3490.0
0.077,2502.5,221416.5
0.077,3500.0,126854.33333333333
0.077,1377.3333333333333,82842.33333333333
0.077,1144.0,102624.0
0.077,2698.0,93466.0
0.077,64.0,244.0
0.077,136.5,7714.0
0.077,3500.0,74010.5
0.077,1030.0,30308.0
0.077,3500.0,128630.0
0.077,1093.5,73533.0
0.077,3500.0,86166.0
0.077,116.5,937.5
0.077,2343.5,96750.5
0.077,1093.0,55347.0
0.077,1188.0,93496.0
0.077,1138.0,68537.0
0.077,1154.0,101598.0
0.077,1575.6666666666667,60183.666666666664
0.077,1647.0,184660.0
0.077,2692.5,83493.5
0.077,3500.0,168503.0
0.077,3500.0,164109.0
0.077,2709.3333333333335,111747.33333333333
0.077,2260.5,114949.5
0.077,1490.0,68258.75
0.077,2716.0,97220.66666666667
0.077,2284.5,148250.5
0.077,1042.0,44403.0
0.077,1876.5,104998.5
0.077,3500.0,184216.0
0.077,1284.0,106343.0
0.077,1009.3333333333334,40917.333333333336
0.077,1168.0,54202.0
0.077,3500.0,293777.0
0.077,2283.0,98510.0
0.077,3500.0,78776.0
0.078,3500.0,155269.33333333334
0.078,3500.0,97501.5
0.078,2507.8,130044.4
0.078,3500.0,147735.0
0.078,1904.5,72293.5
0.078,991.0,53119.0
0.078,1287.6666666666667,96581.0
0.078,2576.0,77490.0
0.078,3500.0,221745.0
0.078,1158.6666666666667,38194.0
0.078,1043.0,61953.0
0.078,1011.5,58941.0
0.078,2564.5,86081.0
0.078,1217.6666666666667,64304.666666666664
0.078,241.0,1756.0
0.078,1961.0,68636.66666666667
0.078,1043.0,54775.0
0.078,2272.0,83074.5
0.078,3500.0,189639.0
0.078,1236.0,45163.0
0.078,2255.0,149211.0
0.078,2280.5,132086.5
0.078,3500.0,124757.0
0.078,1326.0,106085.0
0.078,657.0,26006.0
0.078,1417.0,57898.0
0.078,1705.0,79443.0
0.078,1666.0,79201.0
0.078,264.0,2789.0
0.078,1317.0,122942.0
0.078,1501.0,58557.0
0.078,1860.5,78033.5
0.078,1245.0,51124.0
0.078,3500.0,149871.0
0.078,2834.0,97293.0
0.078,1810.5,72493.5
0.078,3500.0,128270.0
0.078,2006.1666666666667,94017.66666666667
0.078,3500.0,231556.0
0.078,3500.0,144578.0
0.078,3500.0,203060.0
0.078,3500.0,90198.0
0.078,61.0,663.0
0.078,123.0,1440.0
0.078,2941.6666666666665,123534.66666666667
0.078,1851.0,44030.0
0.078,3500.0,158688.0
0.078,603.5,37883.5
0.078,3500.0,210482.5
0.078,774.5,47679.0
0.078,1259.0,34137.0
0.078,1494.0,108991.0
0.078,2536.0,149541.0
0.078,2370.6666666666665,79643.33333333333
0.078,2276.0,120082.5
0.078,3500.0,188792.0
0.078,2485.5,120566.5
0.078,3500.0,171232.0
0.078,1373.0,38047.0
0.078,3500.0,158011.0
0.078,2735.3333333333335,155685.0
0.078,3500.0,224727.0
0.078,1688.3333333333333,59272.0
0.078,2910.75,80511.75
0.078,3500.0,78564.0
0.078,3500.0,73785.0
0.078,1795.5,132975.0
0.078,2106.5,161671.0
0.078,3500.0,146581.66666666666
0.078,3500.0,106028.0
0.079,2320.5,82746.5
0.079,2003.0,70073.0
0.079,3500.0,81271.0
0.079,3500.0,183870.0
0.079,3039.5,90766.0
0.079,1271.0,109091.0
0.079,1733.0,176019.0
0.079,2026.5,72881.0
0.079,1358.0,102660.0
0.079,1317.0,41975.0
0.079,1778.75,108952.5
0.079,2413.6666666666665,59353.0
0.079,1712.25,79450.5
0.079,1095.0,83586.0
0.079,1246.0,34524.5
0.079,1633.0,39560.666666666664
0.079,3500.0,171986.0
0.079,1666.0,58291.333333333336
0.079,1442.0,88560.0
0.079,2466.5,151687.0
0.079,3500.0,127277.0
0.079,2070.25,81144.25
0.079,2122.0,68193.0
0.079,1107.0,54993.25
0.079,3500.0,103574.5
0.079,1319.25,53406.5
0.079,3500.0,126664.0
0.079,3500.0,258207.0
0.079,2390.0,95537.0
0.079,1280.5,31007.0
0.079,1717.0,71778.0
0.079,824.0,57300.0
0.079,3500.0,232435.0
0.079,2932.75,118727.0
0.079,2367.3333333333335,83742.33333333333
0.079,1297.6666666666667,68299.33333333333
0.079,62.0,408.0
0.079,1782.0,87222.5
0.079,104.0,1408.0
0.079,2915.75,157421.25
0.079,1276.0,76303.0
0.079,3500.0,121617.0
0.079,2631.0,46436.0
0.079,1786.6666666666667,114583.0
0.079,1456.3333333333333,52141.0
0.079,3500.0,134144.0
0.079,2933.75,137817.75
0.079,1087.0,33634.0
0.079,2272.4,112844.2
0.079,3500.0,150338.33333333334
0.079,2979.3333333333335,100299.0
0.079,3500.0,167932.0
0.079,1536.0,60369.8
0.079,3500.0,150042.5
0.079,1251.0,77683.5
0.079,1310.0,42616.0
0.079,2291.5,62336.0
0.079,1918.6666666666667,100188.33333333333
0.079,2095.6,75848.2
0.079,3500.0,122041.0
0.079,1260.0,49941.0
0.079,1275.0,78807.0
0.079,89.0,103.0
0.079,2369.5,131707.5
0.079,2485.0,101203.5
0.079,2072.0,58591.0
0.079,3500.0,162744.0
0.079,2337.0,105414.5
0.079,1804.5,69671.5
0.079,2293.5,65924.5
0.079,2862.2,124732.0
0.079,2061.0,131448.5
0.079,212.0,2193.0
0.079,1070.5,57958.0
0.079,2366.5,100598.5
0.079,1066.0,63478.0
0.079,3500.0,125820.5
0.079,411.0,13774.5
0.079,913.0,34415.0
0.079,1215.0,124903.0
0.08,3500.0,167524.0
0.08,1098.0,101447.0
0.08,1324.5,45309.0
0.08,3500.0,72568.0
0.08,763.6666666666666,30487.0
0.08,3500.0,171182.0
0.08,1699.0,93763.0
0.08,2431.5,113437.5
0.08,1797.5,39777.5
0.08,1448.2,59732.8
0.08,3500.0,135901.0
0.08,3500.0,188657.0
0.08,2802.25,121762.5
0.08,3500.0,73690.0
0.08,2728.0,124223.0
0.08,212.0,8040.0
0.08,1110.0,82797.0
0.08,3500.0,146338.0
0.08,1044.0,76000.0
0.08,3500.0,219860.0
0.08,2048.3333333333335,69740.33333333333
0.08,1780.0,58640.0
0.08,115.0,1372.0
0.08,2011.6666666666667,125182.33333333333
0.08,962.3333333333334,58919.0
0.08,165.0,2171.0
0.08,60.0,617.0
0.08,1214.0,15757.0
0.08,918.0,41792.333333333336
0.08,433.0,22390.0
0.08,2975.2,122160.4
0.08,1759.0,61327.0
0.08,810.0,16447.0
0.08,2919.75,112448.25
0.08,1258.0,58051.0
0.08,1094.0,66209.0
0.08,1824.0,74029.5
0.08,1308.3333333333333,100395.0
0.08,924.0,77624.5
0.08,68.0,84.0
0.08,101.0,162.0
0.08,1684.0,130311.0
0.08,3500.0,164720.0
0.08,3500.0,163841.0
0.08,1378.4,65608.8
0.08,3500.0,145294.5
0.08,1234.3333333333333,81787.0
0.08,3500.0,190337.0
0.08,2290.5,123464.0
0.08,3500.0,187454.0
0.08,1117.0,62212.0
0.08,1835.75,93467.25
0.08,2978.75,175931.25
0.08,3500.0,82566.0
0.08,1147.2,48450.2
0.08,193.0,11285.0
0.08,3500.0,131223.0
0.08,3500.0,150278.0
0.08,822.5,29039.5
0.08,3500.0,161720.0
0.08,1194.0,124308.0
0.08,3500.0,272727.0
0.08,2786.5,116717.5
0.08,1136.0,61827.0
0.08,1064.0,82599.0
0.08,2700.0,104527.5
0.08,1375.0,111090.0
0.08,3500.0,40669.0
0.08,3500.0,91132.0
0.08,921.5,84507.0
0.08,1712.6666666666667,49874.333333333336
0.08,1971.0,59371.0
0.08,3500.0,114050.5
0.08,1457.0,49122.0
0.08,3500.0,301399.0
0.08,1326.0,73126.0
0.08,2326.25,90374.25
0.08,3500.0,165347.0
0.08,1944.5,43183.5
0.08,3500.0,271768.0
0.08,1566.0,86919.0
0.081,3500.0,135392.33333333334
0.081,1434.0,82183.0
0.081,2001.0,137813.0
0.081,932.6666666666666,47417.666666666664
0.081,1303.5,75060.0
0.081,2023.6666666666667,99735.66666666667
0.081,1078.0,63328.0
0.081,662.5,50314.0
0.081,549.0,23146.5
0.081,3500.0,176357.0
0.081,3500.0,212361.0
0.081,2801.6666666666665,71430.0
0.081,3500.0,230504.0
0.081,1463.0,75604.0
0.081,2262.0,116072.0
0.081,2442.0,101963.0
0.081,853.0,21677.0
0.081,1888.5,94780.5
0.081,3500.0,128961.5
0.081,2295.0,114638.5
0.081,2739.0,202137.5
0.081,1817.5,69181.0
0.081,2386.5,146042.25
0.081,3500.0,167272.0
0.081,1415.5,88249.5
0.081,1434.3333333333333,57140.0
0.081,3500.0,132635.0
0.081,3500.0,103923.5
0.081,816.0,19101.0
0.081,3500.0,172730.0
0.081,2711.0,145793.0
0.081,3500.0,129232.5
0.081,1313.0,66909.0
0.081,3500.0,106055.5
0.081,1124.5,89234.0
0.081,1807.5,59239.0
0.081,2370.0,121670.0
0.081,1176.0,54622.0
0.081,3500.0,218825.0
0.081,3500.0,177359.5
0.081,2295.0,135253.5
0.081,2092.75,114522.5
0.081,3500.0,246467.0
0.081,3500.0,181880.0
0.081,2358.5,82545.0
0.081,2282.5,166449.5
0.081,2043.5,88613.25
0.081,1010.0,24507.0
0.081,2288.0,80978.5
0.081,811.25,30524.5
0.081,1056.0,76576.0
0.081,1909.6666666666667,90595.66666666667
0.081,2022.5,69699.0
0.081,3500.0,101142.0
0.081,1807.5,49052.5
0.081,1661.0,54388.0
0.081,2353.0,116036.33333333333
0.081,3500.0,87264.0
0.081,3500.0,286051.0
0.081,3500.0,84340.0
0.081,3500.0,155557.0
0.081,3500.0,274693.0
0.081,3500.0,141475.0
0.081,1864.0,35535.0
0.081,1021.0,55927.0
0.081,1770.3333333333333,67639.0
0.081,1798.0,50049.5
0.081,3500.0,114067.0
0.081,3500.0,89963.0
0.081,1789.0,129568.0
0.081,2096.4,134318.0
0.081,3500.0,121845.5
0.082,2232.0,100265.5
0.082,2413.8,112783.8
0.082,3500.0,203867.5
0.082,1504.0,161416.0
0.082,1131.0,63696.0
0.082,2486.4,117236.6
0.082,1262.5,102409.5
0.082,1972.3333333333333,96498.66666666667
0.082,2423.5,100121.5
0.082,3500.0,206791.0
0.082,3500.0,142095.0
0.082,1185.0,66142.0
0.082,873.0,55426.0
0.082,3500.0,203377.0
0.082,192.0,3689.0
0.082,296.0,2045.0
0.082,1028.0,31127.0
0.082,3500.0,136548.0
0.082,1639.0,33774.0
0.082,1337.0,65753.5
0.082,3500.0,116655.0
0.082,3500.0,103634.0
0.082,1048.0,40125.0
0.082,2464.5,122250.5
0.082,864.5,57810.0
0.082,3500.0,130985.0
0.082,1141.6666666666667,49485.666666666664
0.082,3500.0,87134.0
0.082,1136.0,39770.0
0.082,2190.3333333333335,181960.66666666666
0.082,1119.0,11530.0
0.082,1079.5,32496.5
0.082,3500.0,159543.0
0.082,3500.0,117294.0
0.082,1461.0,91368.25
0.082,1554.5,92725.5
0.082,3500.0,99883.0
0.082,1781.0,97448.5
0.082,2765.0,98605.33333333333
0.082,2391.5,170755.5
0.082,3500.0,88293.0
0.082,1844.8,94405.8
0.082,59.0,626.0
0.082,2403.5,120397.5
0.082,2701.6666666666665,125615.0
0.082,2035.5,56785.5
0.082,1007.5,53780.0
0.082,1273.0,67456.0
0.082,2260.5,73924.5
0.082,3500.0,59345.0
0.082,2286.0,166632.0
0.082,1159.7142857142858,60518.57142857143
0.082,3500.0,130670.0
0.082,3500.0,203176.0
0.082,3500.0,129186.0
0.082,1454.5,92949.5
0.082,3500.0,125697.0
0.082,1782.5,84244.0
0.082,1284.5,43911.0
0.082,1097.0,47330.5
0.082,1721.3333333333333,125286.66666666667
0.082,96.0,145.0
0.082,938.0,49851.0
0.082,639.0,35770.5
0.082,1324.0,93922.0
0.082,2372.2,96493.6
0.082,570.5,47134.5
0.082,1147.3333333333333,54742.333333333336
0.082,2251.0,105876.0
0.082,2004.0,116622.33333333333
0.082,1780.5,140302.5
0.082,2322.5,64445.0
0.082,3500.0,122240.0
0.082,2467.75,127664.25
0.082,713.5,27175.5
0.082,2689.25,112899.0
0.082,61.0,677.0
0.082,3500.0,136506.0
0.082,3500.0,112985.0
0.082,1098.0,80913.0
0.082,3500.0,140787.66666666666
0.082,3500.0,148492.66666666666
0.083,1405.25,36386.75
0.083,1989.6666666666667,76336.33333333333
0.083,3500.0,87482.0
0.083,3500.0,125778.0
0.083,2657.1666666666665,115942.16666666667
0.083,2704.6666666666665,125248.0
0.083,3500.0,142406.0
0.083,1027.0,43586.0
0.083,2335.5,120981.0
0.083,217.0,6206.0
0.083,2708.5,209095.0
0.083,1252.6666666666667,113107.33333333333
0.083,1228.0,61652.0
0.083,2122.5,92280.5
0.083,60.0,533.0
0.083,2221.5,88870.5
0.083,2781.3333333333335,92833.33333333333
0.083,1791.0,117906.0
0.083,3500.0,159436.0
0.083,1305.0,43178.0
0.083,92.0,666.0
0.083,2522.5,88049.5
0.083,1604.0,68092.0
0.083,3500.0,199676.0
0.083,2515.3333333333335,108961.33333333333
0.083,2151.0,76401.4
0.083,2271.5,102763.0
0.083,3500.0,90582.0
0.083,2753.0,170307.5
0.083,1077.5,64524.5
0.083,2072.3333333333335,107939.33333333333
0.083,792.0,22163.0
0.083,3500.0,90393.0
0.083,1751.0,63531.0
0.083,2690.5,118576.0
0.083,1465.0,79105.0
0.083,608.5,52603.5
0.083,2025.6666666666667,55959.333333333336
0.083,2287.5,156656.5
0.083,2264.2,96187.0
0.083,3500.0,80349.0
0.083,1034.0,81241.0
0.083,2285.25,64960.0
0.083,1975.0,75521.66666666667
0.083,1129.3333333333333,42331.0
0.083,3500.0,180571.0
0.083,2087.0,144718.0
0.083,1902.0,122430.33333333333
0.083,2354.0,70144.0
0.083,570.5,24542.0
0.083,133.0,248.0
0.083,3500.0,142497.0
0.083,3500.0,290498.0
0.083,3500.0,130118.0
0.083,2916.5,83632.5
0.083,3500.0,169092.33333333334
0.083,3500.0,151224.0
0.083,1070.0,13852.0
0.083,367.0,923.0
0.083,98.0,243.0
0.083,1141.0,89540.5
0.083,2405.5,154402.5
0.083,2569.6666666666665,158679.0
0.083,2372.3333333333335,81224.33333333333
0.083,2360.2,144477.4
0.083,1247.0,42517.0
0.083,218.33333333333334,6895.0
0.083,3500.0,128806.0
0.083,3500.0,95635.0
0.083,1126.0,55245.0
0.083,1316.0,60679.5
0.083,1681.6666666666667,88225.33333333333
0.083,1074.5,73862.0
0.083,1077.0,50318.0
0.083,2370.0,183039.0
0.083,3500.0,95886.0
0.083,2387.0,158473.5
0.083,2718.0,74917.5
0.083,3500.0,67321.0
0.083,798.0,20883.5
0.083,64.0,455.0
0.083,1438.3333333333333,44379.333333333336
0.083,3500.0,196462.5
0.083,1664.0,114679.0
0.084,2484.5,105120.5
0.084,2725.6666666666665,67072.0
0.084,2327.3333333333335,163721.66666666666
0.084,2339.5,112437.0
0.084,231.0,9349.0
0.084,2730.0,115977.0
0.084,1584.0,94426.33333333333
0.084,3500.0,144589.0
0.084,2462.0,143903.5
0.084,3500.0,214303.0
0.084,2879.0,145369.75
0.084,3500.0,131498.0
0.084,1846.5,86624.0
0.084,1105.0,48363.5
0.084,181.0,9742.0
0.084,2247.0,114345.5
0.084,1237.25,58864.0
0.084,1768.5,69793.0
0.084,3500.0,194954.5
0.084,1318.0,50187.0
0.084,2365.6666666666665,66703.33333333333
0.084,1162.0,74105.5
0.084,1862.6666666666667,63410.666666666664
0.084,1422.5,81613.0
0.084,1046.0,77881.0
0.084,1832.0,89572.0
0.084,3500.0,78355.0
0.084,1690.0,49689.0
0.084,1214.0,74836.8
0.084,3500.0,90728.0
0.084,1535.3333333333333,71448.33333333333
0.084,2305.0,105571.5
0.084,3500.0,198367.0
0.084,3500.0,117012.0
0.084,3500.0,171039.0
0.084,3500.0,138852.0
0.084,1041.6666666666667,37346.333333333336
0.084,1210.0,64534.0
0.084,1015.0,24591.0
0.084,3500.0,111728.0
0.084,3500.0,99197.0
0.084,63.0,443.0
0.084,795.0,70140.5
0.084,2709.3333333333335,107509.0
0.084,2625.5,77465.0
0.084,3500.0,123771.0
0.084,1921.3333333333333,143713.0
0.084,2334.0,84182.0
0.084,3500.0,112598.0
0.084,2383.5,85084.0
0.084,2701.6666666666665,93066.0
0.084,1802.5,71327.0
0.084,3500.0,77832.0
0.084,1117.0,64385.0
0.084,3500.0,154966.5
0.084,3500.0,161469.0
0.084,1194.0,58301.0
0.084,1022.0,53124.0
0.084,3500.0,195535.0
0.084,1129.0,18321.0
0.084,2639.8571428571427,164884.2857142857
0.084,2154.25,84220.0
0.084,3001.75,97689.5
0.084,3500.0,116762.5
0.084,2349.6666666666665,109590.0
0.084,1532.0,114510.0
0.084,1256.0,25618.0
0.084,3500.0,89845.0
0.084,1444.0,64950.0
0.084,1876.0,65182.666666666664
0.084,3500.0,99784.0
0.084,2561.5,145182.5
0.084,2680.6666666666665,104572.0
0.084,1144.0,60574.0
0.084,2687.0,114205.0
0.084,1734.0,115932.66666666667
0.084,3500.0,69011.0
0.084,2297.0,79318.0
0.084,2894.75,123448.75
0.084,2240.3333333333335,124684.33333333333
0.085,3500.0,213404.5
0.085,88.0,97.0
0.085,3500.0,88853.0
0.085,3500.0,143840.0
0.085,2264.5,154835.0
0.085,3500.0,159396.0
0.085,2602.5,117899.0
0.085,3500.0,114334.5
0.085,3500.0,62884.0
0.085,1066.0,24454.0
0.085,2819.3333333333335,142558.66666666666
0.085,2601.5,116947.5
0.085,2155.75,119970.75
0.085,1978.0,131641.0
0.085,1540.6666666666667,46004.666666666664
0.085,3500.0,120899.0
0.085,3500.0,108086.0
0.085,2639.0,125174.5
0.085,1855.5,104981.0
0.085,2374.0,91548.66666666667
0.085,2339.8,96626.6
0.085,3500.0,109667.0
0.085,1217.5,61061.75
0.085,3500.0,253901.0
0.085,1084.5,65501.5
0.085,3500.0,229369.0
0.085,2493.6666666666665,116689.33333333333
0.085,2844.0,87918.66666666667
0.085,2417.5,144585.5
0.085,1093.0,56692.5
0.085,1541.0,118501.0
0.085,2831.6666666666665,169024.0
0.085,3500.0,101448.5
0.085,2713.3333333333335,180445.66666666666
0.085,2260.5,123841.75
0.085,1029.0,60225.0
0.085,3500.0,184411.0
0.085,2105.5,128229.0
0.085,1465.0,68389.0
0.085,3500.0,292459.0
0.085,3500.0,175477.5
0.085,3500.0,148438.0
0.085,1562.5,72957.5
0.085,2385.5,86422.0
0.085,3500.0,157424.0
0.085,1079.5,32473.5
0.085,3500.0,193160.0
0.085,2787.25,97825.75
0.085,1782.0,41336.0
0.085,2530.5,113111.5
0.085,1282.5,98517.5
0.085,2701.6666666666665,128445.0
0.085,2277.0,107395.5
0.085,802.0,44816.0
0.085,1382.0,93729.0
0.085,1054.0,78911.0
0.085,2652.6666666666665,116391.66666666667
0.085,2009.0,74116.75
0.085,725.5,23020.5
0.085,1498.0,65500.0
0.085,3500.0,294829.0
0.085,3500.0,77207.5
0.085,2294.75,73429.5
0.085,2327.5,92531.0
0.085,135.0,674.0
0.085,3500.0,160986.0
0.085,1189.0,94392.0
0.085,3500.0,158958.0
0.085,1572.0,69508.0
0.085,2430.0,168133.25
0.085,3500.0,97440.0
0.085,1029.0,58978.75
0.085,3500.0,268570.0
0.085,3500.0,202606.0
0.085,1417.5,101251.0
0.086,1588.5,80987.75
0.086,2429.3333333333335,49428.666666666664
0.086,1172.5,89898.5
0.086,3500.0,129163.0
0.086,2360.0,134785.66666666666
0.086,3500.0,98649.0
0.086,1429.0,49716.0
0.086,984.5,21450.0
0.086,2374.0,166193.0
0.086,3500.0,208884.0
0.086,3010.6666666666665,162188.66666666666
0.086,163.5,2477.5
0.086,3500.0,70767.0
0.086,713.0,46949.333333333336
0.086,2301.5,98430.0
0.086,2182.0,88413.0
0.086,2729.0,129997.5
0.086,3035.4,150068.8
0.086,2402.5,121700.0
0.086,2307.0,130642.5
0.086,3500.0,124766.0
0.086,736.0,47818.0
0.086,3500.0,232828.0
0.086,2704.0,125420.66666666667
0.086,1781.5,113245.0
0.086,1864.3333333333333,64682.666666666664
0.086,2966.75,175219.75
0.086,2488.0,150986.0
0.086,2368.6666666666665,123727.33333333333
0.086,3500.0,76534.0
0.086,1095.0,37214.0
0.086,3500.0,305190.0
0.086,3500.0,94322.0
0.086,2648.5,117293.0
0.086,629.0,25125.0
0.086,3500.0,227040.0
0.086,2747.3333333333335,155905.66666666666
0.086,3500.0,73676.0
0.086,1778.0,146353.0
0.086,3500.0,256875.0
0.086,1970.3333333333333,91386.66666666667
0.086,3500.0,90184.0
0.086,3500.0,230981.0
0.086,2767.0,123197.33333333333
0.086,2301.5,92378.25
0.086,2498.3333333333335,121347.0
0.086,3500.0,114220.0
0.086,3500.0,259056.0
0.086,1138.0,69239.0
0.086,67.0,656.0
0.086,1781.0,113087.0
0.086,1223.0,77571.33333333333
0.086,1737.5,96795.0
0.086,1605.25,64007.75
0.086,3500.0,109666.0
0.086,3500.0,255069.0
0.086,96.0,99.0
0.086,2936.6666666666665,187493.33333333334
0.086,287.0,16346.0
0.086,424.3333333333333,22186.666666666668
0.086,2301.0,82697.5
0.086,1465.0,42305.0
0.086,1251.0,50402.0
0.086,3500.0,207746.0
0.086,1885.0,103349.5
0.086,363.0,7486.0
0.086,3500.0,113169.0
0.086,689.0,46448.5
0.086,2031.5,105244.5
0.086,91.0,1565.0
0.086,3500.0,173094.0
0.086,3500.0,97635.0
0.086,2669.3333333333335,206519.0
0.086,1107.0,82777.0
0.086,2409.3333333333335,150806.66666666666
0.086,3500.0,121460.0
0.086,1107.0,63923.0
0.086,1141.5,40262.5
0.086,2377.5,69608.0
0.086,2238.0,92658.0
0.087,1367.0,75308.0
0.087,3500.0,122233.0
0.087,3500.0,98688.66666666667
0.087,2280.5,97672.0
0.087,189.0,387.0
0.087,2193.3333333333335,146063.0
0.087,127.5,1864.5
0.087,2667.6666666666665,181730.0
0.087,3500.0,155655.0
0.087,2429.5,92434.5
0.087,1891.75,76502.25
0.087,1200.0,83341.0
0.087,3500.0,226320.0
0.087,3500.0,142632.0
0.087,3500.0,250402.0
0.087,1880.3333333333333,70236.0
0.087,234.0,1226.0
0.087,135.0,207.0
0.087,1149.0,36006.0
0.087,2880.25,127603.25
0.087,2434.0,99027.0
0.087,2875.2,144278.8
0.087,2149.8,105987.0
0.087,2640.0,155339.0
0.087,2269.0,101972.5
0.087,3500.0,100803.0
0.087,1921.3333333333333,92594.0
0.087,1822.0,71174.0
0.087,1522.0,138569.0
0.087,3500.0,132461.0
0.087,2566.2,115519.2
0.087,2166.0,102155.5
0.087,1300.0,35431.666666666664
0.087,1825.0,78861.0
0.087,1181.0,57885.0
0.087,3500.0,142761.0
0.087,2264.5,133842.5
0.087,3500.0,217058.0
0.087,3500.0,89343.0
0.087,1085.0,47091.0
0.087,1780.5,47723.5
0.087,1131.0,89380.0
0.087,3500.0,81475.0
0.087,3500.0,187084.0
0.087,3500.0,123469.5
0.087,936.0,68714.0
0.087,1601.6666666666667,54361.333333333336
0.087,2304.75,87981.0
0.087,1530.0,66752.0
0.087,2205.5,84217.0
0.087,3500.0,97784.0
0.087,3500.0,121616.0
0.087,1156.5,61551.5
0.087,1010.0,22580.0
0.087,889.0,86082.66666666667
0.087,3500.0,167326.0
0.087,2286.0,138454.0
0.087,1131.0,46092.0
0.087,2453.5,100797.0
0.087,3500.0,159252.33333333334
0.087,2376.5,122334.5
0.087,1401.0,54663.0
0.087,861.3333333333334,38910.666666666664
0.087,2301.0,104593.0
0.087,2392.0,125383.66666666667
0.087,2374.25,83220.75
0.087,1738.6,51457.4
0.087,2060.6666666666665,155773.33333333334
0.087,3500.0,127362.33333333333
0.087,2352.5,106943.0
0.087,1791.5,68817.5
0.087,2207.25,115366.0
0.087,3500.0,129255.5
0.088,2329.0,144381.5
0.088,396.5,6375.0
0.088,2352.0,118503.0
0.088,3500.0,233226.5
0.088,3500.0,150235.0
0.088,3500.0,142062.5
0.088,1011.0,73010.0
0.088,2253.0,94721.5
0.088,1547.0,124179.0
0.088,3500.0,180219.4
0.088,2374.5,131401.5
0.088,1874.3333333333333,116714.66666666667
0.088,1015.3333333333334,74051.33333333333
0.088,3500.0,188342.0
0.088,3500.0,176298.5
0.088,2386.0,138403.5
0.088,3500.0,110972.0
0.088,3500.0,140269.0
0.088,2030.5,68442.5
0.088,2826.25,121974.0
0.088,1595.3333333333333,125222.0
0.088,60.0,660.0
0.088,1093.0,80618.0
0.088,3500.0,187516.33333333334
0.088,1941.6666666666667,56421.333333333336
0.088,2658.0,134627.0
0.088,1011.6666666666666,48636.0
0.088,2424.0,117963.0
0.088,61.0,1090.0
0.088,2189.3333333333335,131281.0
0.088,1058.0,90710.0
0.088,3500.0,184195.25
0.088,3500.0,155825.0
0.088,127.0,138.0
0.088,2329.5,65520.0
0.088,2429.5,127394.5
0.088,3500.0,130869.0
0.088,134.0,140.0
0.088,1069.0,46170.0
0.088,3500.0,80471.0
0.088,3500.0,174580.0
0.088,77.0,769.0
0.088,68.0,727.0
0.088,2701.6666666666665,91366.0
0.088,1273.0,57536.0
0.088,3500.0,187589.0
0.088,2953.3333333333335,181447.33333333334
0.088,3500.0,319359.0
0.088,2682.8,160985.8
0.088,1111.0,42853.0
0.088,2313.0,104547.0
0.088,3500.0,241184.0
0.088,826.0,42791.5
0.088,1539.0,84287.66666666667
0.088,3500.0,208006.0
0.088,1465.0,37182.0
0.088,2320.5,147714.5
0.088,2413.5,107564.5
0.088,2046.6666666666667,74305.33333333333
0.088,3500.0,132013.5
0.088,2198.3333333333335,108178.83333333333
0.088,559.5,12030.5
0.088,1688.0,78231.75
0.088,3500.0,99943.0
0.088,3500.0,182506.0
0.088,3500.0,138294.0
0.088,1048.0,43095.0
0.088,3500.0,218549.0
0.088,3500.0,109893.0
0.088,3500.0,196926.0
0.088,3500.0,93206.0
0.088,3500.0,58657.0
0.088,3500.0,134022.5
0.088,56.0,385.0
0.088,1070.0,50376.0
0.088,2256.5,78884.0
0.088,740.0,60711.5
0.088,3500.0,273244.0
0.088,1222.3333333333333,38599.666666666664
0.089,1816.5,101315.75
0.089,3500.0,176688.0
0.089,2807.0,118326.66666666667
0.089,3500.0,154473.66666666666
0.089,2052.0,119009.0
0.089,89.0,96.0
0.089,2419.5,186989.5
0.089,3500.0,94846.0
0.089,1450.3333333333333,80636.33333333333
0.089,2447.5,72537.5
0.089,2649.75,162356.25
0.089,60.0,418.0
0.089,2384.2,79054.8
0.089,2375.0,102422.0
0.089,3500.0,103302.5
0.089,3500.0,55730.0
0.089,3500.0,173556.66666666666
0.089,66.0,633.0
0.089,1076.0,93267.0
0.089,2377.75,178873.25
0.089,2908.5,99291.25
0.089,1809.0,91181.0
0.089,3500.0,104962.0
0.089,1779.5,39288.0
0.089,3500.0,79898.0
0.089,3500.0,124884.0
0.089,1050.0,24584.0
0.089,266.0,7036.0
0.089,1062.0,26036.0
0.089,3500.0,156370.5
0.089,2802.0,104340.33333333333
0.089,1002.0,58273.0
0.089,152.0,458.0
0.089,2468.6666666666665,105698.33333333333
0.089,3500.0,165096.66666666666
0.089,2360.0,109123.33333333333
0.089,3500.0,220706.5
0.089,1018.0,39829.0
0.089,3500.0,112900.5
0.089,2355.0,116608.0
0.089,3500.0,121628.0
0.089,690.0,35019.0
0.089,2420.0,76035.0
0.089,2191.2,103595.2
0.089,2389.0,97569.25
0.089,3500.0,144663.5
0.089,2328.5,93043.5
0.089,3500.0,66914.0
0.089,2324.5,108393.5
0.089,1296.75,57478.75
0.089,91.0,93.0
0.089,2334.0,166190.0
0.089,2474.0,118009.0
0.089,3500.0,88196.0
0.089,3500.0,155315.0
0.089,3500.0,100254.0
0.089,311.0,1741.0
0.089,2083.0,99759.0
0.089,3500.0,186103.0
0.089,2256.0,145876.0
0.089,3500.0,87605.0
0.089,2040.75,86512.5
0.089,3500.0,137531.0
0.089,3500.0,164089.0
0.089,3500.0,156180.5
0.089,3500.0,203890.0
0.089,3500.0,207252.0
0.089,3500.0,92658.0
0.089,1927.0,65076.0
0.089,3500.0,78778.0
0.089,2608.0,114954.0
0.089,3500.0,130001.5
0.089,2486.0,94115.25
0.09,1126.0,58212.5
0.09,261.5,9589.5
0.09,2043.3333333333333,89208.66666666667
0.09,1809.0,121675.5
0.09,3500.0,178321.33333333334
0.09,3500.0,118714.0
0.09,2329.0,93214.0
0.09,3500.0,130913.0
0.09,3500.0,118013.33333333333
0.09,2416.5,95996.0
0.09,1622.25,104536.25
0.09,2373.5,83929.33333333333
0.09,1081.0,51956.0
0.09,3500.0,168751.0
0.09,2454.4,102347.0
0.09,78.0,1344.0
0.09,2883.0,122820.0
0.09,3500.0,138077.66666666666
0.09,1690.75,51896.25
0.09,1965.0,100998.83333333333
0.09,2646.0,136935.5
0.09,1959.3333333333333,95833.66666666667
0.09,3500.0,105999.0
0.09,1795.5,79821.5
0.09,2341.5,114778.5
0.09,3500.0,192170.0
0.09,1005.3333333333334,42284.666666666664
0.09,2911.0,177620.0
0.09,656.0,52246.0
0.09,1911.6666666666667,108431.33333333333
0.09,3014.0,113825.0
0.09,2388.5,117440.0
0.09,3500.0,115626.0
0.09,3500.0,217312.0
0.09,1015.0,47024.0
0.09,113.0,1406.0
0.09,3500.0,134723.0
0.09,2783.3333333333335,140074.66666666666
0.09,1259.0,104281.0
0.09,3500.0,148245.0
0.09,1694.0,137702.0
0.09,2347.5,63410.0
0.09,1783.0,105140.5
0.09,3500.0,167915.5
0.09,1230.0,56416.0
0.09,3500.0,187475.0
0.09,2886.5,154095.5
0.09,2567.5,77793.5
0.09,2383.5,138451.5
0.09,2329.5,78295.5
0.09,2395.6666666666665,119023.33333333333
0.09,1106.0,28989.5
0.09,257.0,668.0
0.09,3500.0,112385.0
0.09,3500.0,242596.0
0.09,3500.0,53378.0
0.09,1434.0,87424.0
0.09,1895.0,61129.0
0.09,3500.0,145257.33333333334
0.09,2287.5,67457.5
0.09,2153.5,70838.5
0.09,3500.0,112114.0
0.09,2768.0,106914.33333333333
0.09,2313.0,113565.0
0.09,1533.6666666666667,105307.66666666667
0.09,3500.0,159709.0
0.09,1513.0,96762.0
0.09,2465.5,121010.5
0.09,3500.0,136027.0
0.09,3500.0,217577.0
0.09,1794.5,51870.5
0.09,3500.0,127881.0
0.09,3500.0,152086.0
0.091,2272.5,135397.0
0.091,2249.2,91284.6
0.091,3012.25,179618.75
0.091,1377.0,66559.0
0.091,1033.0,40203.0
0.091,1154.0,51716.0
0.091,2069.25,125089.0
0.091,1028.0,88929.0
0.091,1208.0,37421.0
0.091,752.0,74431.0
0.091,2021.0,132867.66666666666
0.091,3500.0,97223.0
0.091,3500.0,85094.0
0.091,1591.0,51835.25
0.091,3500.0,115999.0
0.091,1342.5,94183.0
0.091,3500.0,137299.0
0.091,2350.5,151793.0
0.091,3500.0,75365.5
0.091,149.0,3761.0
0.091,171.0,2505.0
0.091,1816.5,84682.75
0.091,2788.5,255020.0
0.091,780.5,17372.0
0.091,3500.0,159175.0
0.091,1528.5,126511.0
0.091,2368.0,66247.66666666667
0.091,227.0,321.0
0.091,2713.6666666666665,120917.33333333333
0.091,2284.5,142391.0
0.091,1759.6,108970.2
0.091,2378.6666666666665,148082.66666666666
0.091,3500.0,158657.0
0.091,3500.0,122369.66666666667
0.091,2289.0,144249.5
0.091,2516.5,75971.0
0.091,3500.0,202526.0
0.091,3500.0,86454.0
0.091,3500.0,133919.0
0.091,3500.0,159557.0
0.091,1634.5,84391.5
0.091,149.0,548.0
0.091,551.0,35610.5
0.091,1800.0,54068.0
0.091,2832.3333333333335,128687.0
0.091,1660.0,78372.66666666667
0.091,1007.0,29806.0
0.091,1008.0,62945.0
0.091,3500.0,223456.0
0.091,1657.0,104486.0
0.091,3500.0,193864.0
0.091,1717.0,41091.0
0.091,2915.5,104651.25
0.091,1793.5,66399.0
0.091,1107.0,38906.0
0.091,3500.0,194105.0
0.091,3500.0,115233.5
0.091,3500.0,84524.0
0.091,2674.0,105254.0
0.091,1181.5,35838.5
0.091,3500.0,118172.5
0.091,3500.0,191339.0
0.091,1781.5,58868.0
0.091,1787.5,41863.0
0.091,3500.0,157659.0
0.091,3500.0,163528.0
0.091,1939.6666666666667,108952.66666666667
0.091,3500.0,108391.0
0.091,665.0,23655.0
0.091,2091.5,71936.5
0.091,3500.0,137700.5
0.091,71.0,85.0
0.091,109.0,114.0
0.091,1216.0,119512.0
0.091,986.5,25173.5
0.091,1923.0,54186.0
0.091,1568.0,71939.0
0.092,1110.0,82600.0
0.092,1209.0,43417.666666666664
0.092,1122.0,70789.0
0.092,2750.0,107402.33333333333
0.092,138.0,1592.0
0.092,1981.0,92962.0
0.092,1139.0,39862.0
0.092,1978.6666666666667,99445.0
0.092,1401.5,115105.0
0.092,1134.0,70128.0
0.092,2289.0,130891.5
0.092,3500.0,87683.0
0.092,1114.0,45762.0
0.092,3500.0,128013.5
0.092,3500.0,241482.5
0.092,2737.6666666666665,146759.33333333334
0.092,2345.0,102694.0
0.092,1134.5,72011.5
0.092,962.5,51045.0
0.092,2254.5,137485.0
0.092,3500.0,190401.0
0.092,3500.0,144966.0
0.092,1357.0,78167.0
0.092,3500.0,235567.0
0.092,1091.0,51954.0
0.092,3500.0,93827.0
0.092,2733.0,130140.33333333333
0.092,1816.25,87102.0
0.092,1009.0,33680.0
0.092,1078.0,46468.0
0.092,3500.0,151803.0
0.092,3500.0,106500.0
0.092,1119.0,72478.0
0.092,2446.5,132215.5
0.092,3500.0,227427.0
0.092,3500.0,132506.0
0.092,3500.0,89057.0
0.092,1255.0,51072.333333333336
0.092,2075.5,71364.5
0.092,1188.0,35949.0
0.092,1345.0,67352.0
0.092,1091.0,103989.0
0.092,1086.0,44335.0
0.092,2643.5,163860.75
0.092,1633.0,46371.0
0.092,3500.0,158612.0
0.092,1167.0,54691.5
0.092,1272.0,45911.0
0.092,2147.25,125656.25
0.092,3500.0,107657.0
0.092,2353.0,86255.5
0.092,3500.0,173886.5
0.092,593.5,52873.0
0.092,1027.6666666666667,21799.666666666668
0.092,2738.0,119749.0
0.092,3500.0,217856.0
0.092,2286.0,131071.0
0.092,187.0,728.0
0.092,2318.5,102381.0
0.092,3500.0,128919.0
0.092,2414.0,159829.5
0.092,1084.0,64627.0
0.092,1264.0,31270.0
0.092,1097.0,55523.0
0.092,2524.6666666666665,101692.0
0.092,1966.0,129994.33333333333
0.092,3500.0,140570.5
0.092,2895.25,145349.0
0.092,1954.0,70520.0
0.092,3500.0,128009.0
0.092,3500.0,118046.0
0.092,1020.0,50513.0
0.092,3500.0,265272.0
0.092,3500.0,229394.0
0.092,3500.0,130148.5
0.092,3500.0,136646.0
0.092,3500.0,222190.66666666666
0.093,1208.4,41032.2
0.093,2671.875,93327.125
0.093,3500.0,85850.0
0.093,3500.0,209758.0
0.093,1712.6666666666667,76240.66666666667
0.093,110.0,113.0
0.093,2086.0,105594.25
0.093,1756.5,58874.5
0.093,3500.0,189246.0
0.093,1928.6,89366.4
0.093,3500.0,216972.25
0.093,2151.0,116034.0
0.093,1001.0,53675.0
0.093,3500.0,105075.0
0.093,3500.0,168219.0
0.093,1033.0,66203.0
0.093,1001.0,56382.0
0.093,2429.6666666666665,127469.33333333333
0.093,2766.3333333333335,108443.66666666667
0.093,1787.3333333333333,87447.33333333333
0.093,1940.857142857143,84191.0
0.093,3500.0,247572.0
0.093,1430.5,92763.0
0.093,1085.0,62500.5
0.093,769.6666666666666,37256.0
0.093,1654.0,172783.0
0.093,1023.0,44492.5
0.093,1241.0,55913.0
0.093,2669.3333333333335,106823.66666666667
0.093,3500.0,131037.5
0.093,3500.0,285807.0
0.093,1269.0,78141.0
0.093,1808.75,68171.5
0.093,937.0,47497.5
0.093,262.0,1291.0
0.093,1820.0,68493.5
0.093,2659.5,140461.83333333334
0.093,2254.8,81229.6
0.093,1303.0,61208.75
0.093,3500.0,111551.0
0.093,1296.0,68754.0
0.093,3500.0,135551.0
0.093,74.0,1042.0
0.093,1882.0,124296.0
0.093,3500.0,187991.0
0.093,3500.0,173241.0
0.093,3500.0,112342.5
0.093,1867.25,69887.25
0.093,1223.5,68034.5
0.093,1025.0,87023.0
0.093,3500.0,101708.0
0.093,3500.0,181166.5
0.093,2540.5,201588.0
0.093,2102.5,84724.75
0.093,3500.0,139362.5
0.093,1879.5,71387.5
0.093,3500.0,189178.0
0.093,2446.5,130146.5
0.093,3500.0,203411.0
0.093,3500.0,107875.33333333333
0.093,1311.5,70992.0
0.093,2139.0,91772.4
0.093,2782.0,134692.5
0.093,2298.0,208761.5
0.093,1818.0,50966.0
0.093,3500.0,120560.5
0.093,148.0,2281.0
0.093,3500.0,176476.0
0.093,3500.0,159587.0
0.093,1471.0,80161.75
0.093,3045.8,107268.6
0.093,2261.5,178946.5
0.093,3500.0,181446.0
0.093,3500.0,148810.0
0.093,2309.5,125611.5
0.093,1922.3333333333333,55813.333333333336
0.093,3500.0,204435.0
0.093,1656.0,57255.666666666664
0.093,3500.0,228594.0
0.093,2604.0,132433.2
0.093,1634.3333333333333,89894.33333333333
0.094,2363.6666666666665,136399.0
0.094,1837.5,124439.0
0.094,691.0,43881.0
0.094,2685.0,113203.0
0.094,3500.0,162828.0
0.094,1818.0,57461.0
0.094,1559.0,115459.0
0.094,3500.0,179819.0
0.094,2393.8333333333335,105973.66666666667
0.094,704.5,24478.0
0.094,3500.0,226567.0
0.094,511.5,8356.0
0.094,1933.75,105816.5
0.094,619.0,31595.5
0.094,2282.0,81955.0
0.094,3500.0,154182.0
0.094,904.0,59265.333333333336
0.094,1781.5,117455.0
0.094,138.0,313.0
0.094,903.5,34162.0
0.094,3500.0,177001.0
0.094,1296.0,68142.0
0.094,3500.0,171933.0
0.094,2792.5,107305.75
0.094,2199.25,113306.0
0.094,3500.0,148117.0
0.094,3500.0,161056.0
0.094,2314.5,186836.0
0.094,3500.0,158978.0
0.094,3500.0,100963.0
0.094,2298.5,67383.5
0.094,822.0,45683.0
0.094,2863.6666666666665,103486.33333333333
0.094,3500.0,188338.0
0.094,876.0,86555.0
0.094,239.0,2958.0
0.094,3500.0,125828.0
0.094,3500.0,187805.0
0.094,1242.5,72566.75
0.094,1565.0,93634.25
0.094,2392.6,105844.0
0.094,3500.0,147497.0
0.094,1602.5,69472.5
0.094,2284.5,159525.0
0.094,3500.0,238823.0
0.094,3500.0,130187.0
0.094,1068.0,23940.0
0.094,1351.0,134498.0
0.094,1566.0,41613.666666666664
0.094,965.0,74765.0
0.094,78.0,80.0
0.094,3500.0,204535.0
0.094,2273.0,170028.5
0.094,2385.3333333333335,65727.33333333333
0.094,3500.0,221700.0
0.094,2610.0,128952.33333333333
0.094,2713.0,170785.0
0.094,3500.0,108476.0
0.094,1564.0,61923.0
0.094,2444.0,122067.0
0.094,835.5,36240.0
0.094,3500.0,115953.0
0.094,1527.2,68202.8
0.094,3500.0,221077.0
0.094,3500.0,129466.0
0.094,3500.0,119981.0
0.094,2235.0,90624.75
0.094,2300.0,91064.0
0.094,3500.0,170238.25
0.094,2044.0,96485.5
0.094,524.0,12206.0
0.094,2790.5,151663.5
0.094,3500.0,239330.5
0.094,617.0,29533.0
0.094,3500.0,107953.0
0.094,1250.0,61931.0
0.094,1796.0,95758.0
0.094,2297.5,169463.5
0.095,1621.3333333333333,70125.66666666667
0.095,1935.5,60299.5
0.095,2379.0,99391.0
0.095,2694.6666666666665,136831.0
0.095,1534.3333333333333,109186.66666666667
0.095,2859.6666666666665,96797.33333333333
0.095,3500.0,245094.0
0.095,3500.0,147158.0
0.095,3500.0,268014.0
0.095,2784.0,125136.0
0.095,1582.6666666666667,68760.66666666667
0.095,1667.5,119978.0
0.095,25.0,350.0
0.095,3500.0,122435.0
0.095,2304.0,82865.5
0.095,3500.0,63260.0
0.095,3500.0,168398.0
0.095,3500.0,111240.0
0.095,1195.0,52572.0
0.095,3500.0,101663.0
0.095,1857.0,88119.0
0.095,1919.0,99373.0
0.095,1096.5,53616.0
0.095,2161.0,118091.75
0.095,576.5,26253.5
0.095,3500.0,177667.5
0.095,3500.0,99174.0
0.095,1781.5,84716.0
0.095,2291.0,93872.0
0.095,3500.0,246987.0
0.095,89.0,195.0
0.095,2277.5,109015.0
0.095,1519.5,86819.5
0.095,3500.0,139947.0
0.095,1014.0,35485.0
0.095,822.3333333333334,38204.666666666664
0.095,2271.5,134008.0
0.095,2694.25,134388.75
0.095,3500.0,55397.0
0.095,1105.0,45656.0
0.095,2832.6666666666665,135864.0
0.095,1854.6666666666667,72689.66666666667
0.095,1167.0,115683.0
0.095,3500.0,271634.0
0.095,3500.0,273864.0
0.095,84.0,480.0
0.095,2356.6666666666665,103570.0
0.095,3500.0,216058.0
0.095,2340.0,145754.0
0.095,2416.0,103717.5
0.095,1725.0,66229.0
0.095,2553.6666666666665,79247.0
0.095,1310.3333333333333,46047.0
0.095,2664.5,96606.25
0.095,166.0,660.0
0.095,2372.0,165317.0
0.095,1070.5,52195.5
0.095,2960.0,158035.0
0.095,1008.0,43072.5
0.095,1336.6666666666667,38741.333333333336
0.095,1781.5,71329.5
0.095,2357.0,88686.0
0.095,1144.5,48898.0
0.095,3500.0,110660.0
0.095,790.0,14179.0
0.095,1304.3333333333333,110964.66666666667
0.095,96.0,145.0
0.095,1282.5,63228.25
0.095,2670.0,196026.0
0.095,2063.6666666666665,44542.333333333336
0.095,1312.0,76655.5
0.095,1404.0,67102.5
0.095,1892.5,60300.5
0.095,1259.5,46741.5
0.095,1705.0,47764.333333333336
0.095,3500.0,96356.0
0.095,3500.0,96138.0
0.095,2747.3333333333335,119660.0
0.095,3500.0,239325.0
0.095,2968.0,122139.25
0.095,1043.3333333333333,61663.0
0.096,759.0,12347.0
0.096,3500.0,165921.0
0.096,1024.0,38010.0
0.096,2263.0,84568.0
0.096,3500.0,122004.0
0.096,3500.0,99015.0
0.096,1836.5,125842.0
0.096,3500.0,143629.0
0.096,2030.0,97260.0
0.096,3500.0,153416.66666666666
0.096,3500.0,106333.0
0.096,2393.0,112057.33333333333
0.096,3500.0,176090.0
0.096,1012.0,25920.0
0.096,1164.3333333333333,35003.0
0.096,2303.25,127512.25
0.096,3055.0,151748.8
0.096,3500.0,142987.33333333334
0.096,1127.0,46340.0
0.096,2322.5,180380.0
0.096,3500.0,195954.0
0.096,1521.3333333333333,75910.33333333333
0.096,2359.5,71368.5
0.096,3500.0,105666.0
0.096,2200.5,79590.5
0.096,2929.0,122339.75
0.096,2403.3333333333335,127922.0
0.096,1115.3333333333333,42221.333333333336
0.096,63.0,741.0
0.096,1782.5,44445.5
0.096,3500.0,90109.5
0.096,3500.0,151132.0
0.096,3500.0,205502.5
0.096,1549.0,78427.5
0.096,2423.5,106029.0
0.096,833.0,38776.0
0.096,3500.0,144840.0
0.096,3500.0,175874.5
0.096,1282.0,60307.0
0.096,2373.6666666666665,135959.33333333334
0.096,1447.0,50254.0
0.096,2279.0,130169.5
0.096,1160.0,26740.0
0.096,3500.0,128288.0
0.096,3500.0,79568.0
0.096,2369.5,131575.5
0.096,3500.0,120752.0
0.096,3500.0,239519.0
0.096,3500.0,132915.0
0.096,2526.5,123669.0
0.096,1184.6666666666667,62058.0
0.096,1822.5,85366.5
0.096,92.0,94.0
0.096,1250.6666666666667,69631.0
0.096,1301.5,35691.25
0.096,1796.5,103276.0
0.096,1111.0,35157.0
0.096,2355.3333333333335,80701.66666666667
0.096,593.5,44312.5
0.096,2345.5,163497.0
0.096,3500.0,171222.0
0.096,3500.0,224528.0
0.096,1689.0,127256.0
0.096,3500.0,106047.5
0.096,3500.0,256506.0
0.096,3500.0,115334.0
0.096,1170.0,70839.0
0.096,2780.0,133670.33333333334
0.096,2363.0,108893.5
0.096,3500.0,102398.0
0.096,2687.3333333333335,116825.66666666667
0.096,3500.0,202223.75
0.096,2354.3333333333335,86170.33333333333
0.096,138.0,1796.0
0.097,1802.5,45707.0
0.097,1379.0,15540.0
0.097,2366.0,111492.5
0.097,3500.0,139260.0
0.097,2036.6666666666667,113780.0
0.097,2223.8,142607.2
0.097,3500.0,177404.5
0.097,3500.0,231825.0
0.097,3500.0,85355.0
0.097,1703.0,153097.0
0.097,2382.6666666666665,141172.33333333334
0.097,2093.5,88825.25
0.097,3500.0,170009.0
0.097,2282.5,106229.5
0.097,2400.5,106713.0
0.097,316.0,17121.0
0.097,3500.0,207597.0
0.097,3500.0,100176.0
0.097,1590.0,71739.33333333333
0.097,2863.0,164630.66666666666
0.097,2487.0,157109.0
0.097,1344.0,21125.0
0.097,1842.5,56948.5
0.097,2553.5,150204.0
0.097,1226.0,66484.75
0.097,2362.6666666666665,63481.333333333336
0.097,3500.0,160768.0
0.097,1954.5,123586.0
0.097,3500.0,153188.0
0.097,2296.5,67459.5
0.097,1709.0,97527.16666666667
0.097,3500.0,203450.0
0.097,1602.0,63468.0
0.097,1429.8,71526.6
0.097,2369.75,94460.75
0.097,3500.0,192122.0
0.097,3500.0,139678.0
0.097,2257.0,76725.0
0.097,1850.75,92517.0
0.097,1334.0,60269.0
0.097,3500.0,75245.0
0.097,3500.0,101482.0
0.097,3500.0,265079.0
0.097,2697.0,155293.66666666666
0.097,1838.0,69334.0
0.097,3500.0,100042.0
0.097,1125.0,19041.0
0.097,1020.0,82478.0
0.097,3500.0,126770.0
0.097,1008.0,68968.0
0.097,63.0,548.0
0.097,1536.0,53844.25
0.097,3500.0,160404.0
0.097,3500.0,154918.5
0.097,2241.5,155684.5
0.097,3500.0,121359.0
0.097,1934.0,80779.5
0.097,2432.5,143825.5
0.097,3500.0,224765.0
0.097,2525.0,160325.33333333334
0.097,3500.0,216520.0
0.097,2086.6666666666665,112256.66666666667
0.097,2305.0,82161.5
0.097,1605.5,69135.25
0.097,3500.0,170746.66666666666
0.097,1566.0,42691.333333333336
0.097,569.0,20652.0
0.097,2162.5,103966.5
0.097,2527.8,128742.6
0.097,3500.0,243265.0
0.097,3500.0,102121.5
0.097,2326.0,88163.66666666667
0.097,3500.0,114636.0
0.097,2544.0,133149.5
0.097,3500.0,136808.66666666666
0.097,1621.0,90216.66666666667
0.097,3500.0,232491.0
0.097,2066.6666666666665,108494.33333333333
0.097,2000.6666666666667,113049.33333333333
0.097,2112.0,66879.0
0.097,869.0,25743.5
0.097,120.0,146.0
0.098,62.0,444.0
0.098,829.0,45228.0
0.098,1059.0,17152.0
0.098,3500.0,175280.5
0.098,3500.0,102813.0
0.098,828.0,52424.5
0.098,2804.25,130822.75
0.098,1588.0,51337.666666666664
0.098,3500.0,181657.0
0.098,3500.0,84659.0
0.098,2685.0,72983.66666666667
0.098,2086.0,115992.0
0.098,3500.0,229506.5
0.098,2258.5,73853.0
0.098,626.0,14541.5
0.098,1800.0,43380.5
0.098,3500.0,112702.0
0.098,3500.0,181729.5
0.098,3028.25,88404.25
0.098,1003.0,31316.0
0.098,1174.5,58666.5
0.098,3500.0,131184.5
0.098,2259.0,142551.5
0.098,2291.5,132326.0
0.098,3500.0,189618.5
0.098,2362.6666666666665,105908.33333333333
0.098,2607.0,151037.5
0.098,3500.0,183987.0
0.098,93.0,834.0
0.098,1825.0,71357.5
0.098,1461.5,65814.5
0.098,799.5,56994.0
0.098,1161.0,31257.0
0.098,2345.5,87143.0
0.098,2674.5,220463.5
0.098,1246.0,47892.0
0.098,1785.0,55162.5
0.098,3500.0,198835.0
0.098,1636.0,69602.0
0.098,3500.0,157087.0
0.098,2741.6666666666665,112726.0
0.098,2051.5,77018.25
0.098,3500.0,197360.66666666666
0.098,3500.0,248378.0
0.098,3500.0,146384.0
0.098,2889.25,140338.0
0.098,1530.0,85171.0
0.098,3500.0,181586.0
0.098,1782.5,93679.0
0.098,2162.0,127971.0
0.098,1782.0,86639.5
0.098,817.5,46026.0
0.098,2358.0,51126.0
0.098,1838.0,98820.66666666667
0.098,1830.0,118834.0
0.098,2290.3333333333335,95871.0
0.098,3500.0,188673.0
0.098,3500.0,250421.0
0.098,1223.3333333333333,58264.333333333336
0.098,2086.0,115712.66666666667
0.098,1108.5,42852.5
0.098,1579.3333333333333,97878.66666666667
0.098,1018.0,33593.0
0.098,1781.0,47603.0
0.098,1244.0,87892.0
0.098,1111.3333333333333,35682.333333333336
0.098,1243.0,24361.0
0.098,2260.5,67981.5
0.098,3500.0,198036.0
0.098,3500.0,58715.0
0.098,2259.5,128743.5
0.098,2417.714285714286,133049.14285714287
0.098,3500.0,128061.5
0.098,3500.0,134005.5
0.098,1254.6666666666667,49361.333333333336
0.098,2360.0,104023.0
0.098,2644.25,112073.25
0.099,3500.0,146110.0
0.099,1216.0,29843.0
0.099,3500.0,200185.0
0.099,2722.0,183514.0
0.099,2031.3333333333333,64925.666666666664
0.099,1781.0,79766.0
0.099,2772.3333333333335,146109.0
0.099,3500.0,96369.0
0.099,2007.0,120417.66666666667
0.099,3500.0,148675.0
0.099,2765.0,117609.66666666667
0.099,2345.5,68195.0
0.099,2368.5,132166.0
0.099,1018.0,49024.0
0.099,2203.5,134234.83333333334
0.099,3010.714285714286,128872.85714285714
0.099,3500.0,120053.0
0.099,3500.0,264411.0
0.099,3500.0,155117.0
0.099,665.5,35896.5
0.099,3500.0,132199.0
0.099,2906.5,182755.5
0.099,3500.0,128062.5
0.099,2097.75,119218.75
0.099,3500.0,200643.0
0.099,1164.0,50538.5
0.099,3500.0,115551.5
0.099,1464.5,77102.5
0.099,2679.0,181611.33333333334
0.099,1901.0,80703.25
0.099,539.0,39000.0
0.099,3500.0,193181.0
0.099,3500.0,100989.0
0.099,3500.0,253111.0
0.099,1970.8,99225.8
0.099,2119.3333333333335,90309.33333333333
0.099,3500.0,172148.0
0.099,3500.0,191514.0
0.099,3500.0,106997.0
0.099,2079.0,61183.5
0.099,1937.6666666666667,103908.0
0.099,3500.0,73276.0
0.099,1262.0,53113.6
0.099,389.5,17674.0
0.099,3500.0,211253.0
0.099,3500.0,154727.0
0.099,3500.0,68838.0
0.099,1050.0,25163.0
0.099,3500.0,180485.5
0.099,3500.0,150551.5
0.099,2793.3333333333335,166241.66666666666
0.099,879.0,27722.0
0.099,92.0,141.0
0.099,1543.0,58880.0
0.099,3500.0,116145.5
0.099,3500.0,142289.0
0.099,3500.0,139408.0
0.099,2365.6666666666665,120000.66666666667
0.099,3500.0,227068.5
0.099,3500.0,169129.0
0.099,3500.0,149839.5
0.099,1040.0,60902.0
0.099,98.0,108.0
0.099,3500.0,218364.0
0.099,2258.5,131488.5
0.099,2643.25,114099.75
0.099,855.5,44438.5
0.099,2353.6666666666665,131487.66666666666
0.099,679.0,33332.666666666664
0.099,1792.5,98184.0
0.099,2182.0,128922.5
0.099,1037.0,40882.0
0.099,3500.0,164298.75
0.099,543.5,15679.5
0.099,892.0,27569.0
0.099,2020.5,66194.5
0.099,3500.0,175788.66666666666
0.099,3500.0,230696.5
0.099,1051.0,89377.0
0.099,1280.0,74256.0
0.099,972.5,88841.0
0.099,2151.6666666666665,85639.33333333333
0.099,695.0,14832.5
0.1,1952.0,98785.0
0.1,3500.0,178034.0
0.1,3500.0,134577.0
0.1,2417.6666666666665,127478.66666666667
0.1,3500.0,79772.0
0.1,2691.1666666666665,134072.66666666666
0.1,1219.0,91551.33333333333
0.1,3500.0,111014.0
0.1,1116.0,96185.0
0.1,2382.0,87736.0
0.1,2734.6666666666665,109447.66666666667
0.1,2210.0,119383.5
0.1,2641.0,82343.25
0.1,443.0,25207.0
0.1,3500.0,145092.5
0.1,3500.0,201163.0
0.1,64.0,754.0
0.1,3500.0,147832.5
0.1,3500.0,151156.4
0.1,3500.0,107242.0
0.1,2825.6666666666665,86806.33333333333
0.1,2354.0,116268.33333333333
0.1,1228.5,44620.5
0.1,2830.6666666666665,124474.33333333333
0.1,1012.5,39796.5
0.1,2060.5,62802.0
0.1,3500.0,233220.33333333334
0.1,1398.25,67429.75
0.1,1631.75,85962.75
0.1,3006.6,159686.0
0.1,3500.0,112221.0
0.1,2184.5,126106.5
0.1,3500.0,77062.0
0.1,2467.0,107951.0
0.1,1117.0,59467.5
0.1,1521.0,84449.0
0.1,2457.75,163619.75
0.1,2097.5,127711.5
0.1,2277.5,133623.5
0.1,3500.0,141415.0
0.1,1028.5,74514.5
0.1,407.5,4657.0
0.1,1784.0,30475.5
0.1,3500.0,221034.0
0.1,2697.3333333333335,140552.66666666666
0.1,2862.0,208926.33333333334
0.1,1791.0,70716.0
0.1,2706.0,118319.0
0.1,3500.0,181167.5
0.1,90.0,102.0
0.1,2272.0,163096.0
0.1,2774.6666666666665,129247.33333333333
0.1,2395.5,164146.0
0.1,1579.0,133195.0
0.1,512.0,20367.0
0.1,2716.3333333333335,149837.33333333334
0.1,1049.0,50070.0
0.1,3500.0,159781.0
0.1,3500.0,170949.0
0.1,1671.6666666666667,49466.333333333336
0.1,2705.5,127315.5
0.1,488.0,15405.0
0.1,2357.0,92585.33333333333
0.1,2300.0,120310.5
0.1,3500.0,203820.0
0.1,3500.0,63288.0
0.1,3500.0,291554.0
0.1,3500.0,202694.5
0.1,2366.3333333333335,143286.33333333334
0.1,3500.0,79470.0
0.1,2081.0,96481.75
0.1,3500.0,175090.0
0.1,1216.0,80445.0
0.1,2319.5,85028.0
0.101,568.0,24934.0
0.101,3500.0,92618.0
0.101,2351.25,125015.5
0.101,1826.0,127346.0
0.101,3500.0,276705.0
0.101,2739.6666666666665,84381.0
0.101,2334.0,119620.8
0.101,1144.0,86935.0
0.101,3500.0,172029.0
0.101,2384.6666666666665,114943.0
0.101,3009.0,130059.4
0.101,1136.6666666666667,53760.666666666664
0.101,3500.0,209881.0
0.101,2398.0,97094.5
0.101,1065.0,36139.0
0.101,3500.0,218196.5
0.101,2601.0,139874.5
0.101,1610.0,118370.66666666667
0.101,3500.0,128945.0
0.101,3500.0,152849.5
0.101,1045.0,57684.0
0.101,1002.0,54578.0
0.101,2521.5,107913.0
0.101,3500.0,170242.5
0.101,832.5,62001.0
0.101,1850.0,42886.5
0.101,2007.2,99662.0
0.101,1797.5,47321.5
0.101,3500.0,123829.5
0.101,311.0,465.0
0.101,1651.0,68336.0
0.101,1782.0,52189.5
0.101,1607.0,67524.0
0.101,2308.0,104761.5
0.101,3500.0,147042.0
0.101,2777.3333333333335,122754.33333333333
0.101,3500.0,144920.0
0.101,2169.0,89301.2
0.101,3500.0,167531.0
0.101,3500.0,269004.0
0.101,2297.0,87324.0
0.101,2938.4,143292.2
0.101,3500.0,187302.0
0.101,3500.0,209803.0
0.101,2640.0,117429.5
0.101,872.3333333333334,61785.666666666664
0.101,1192.0,99818.0
0.101,2352.25,117007.75
0.101,3056.2,157797.4
0.101,155.5,732.5
0.101,3096.8333333333335,173274.33333333334
0.101,3500.0,118237.0
0.101,2605.0,127262.6
0.101,1239.0,75326.0
0.101,2243.6666666666665,113008.0
0.101,2483.0,122801.0
0.101,3500.0,165146.66666666666
0.101,2383.0,65781.0
0.101,2703.0,175008.66666666666
0.101,3500.0,173314.5
0.101,2379.5,188892.5
0.101,3500.0,136345.0
0.101,1556.3333333333333,113675.66666666667
0.101,1496.0,113198.5
0.101,2289.0,98957.0
0.101,3500.0,220929.0
0.101,3500.0,110137.0
0.101,2344.5,56004.5
0.101,2700.6666666666665,110288.66666666667
0.101,1804.5,41919.5
0.101,1040.6666666666667,74716.66666666667
0.101,1026.0,68725.0
0.101,2538.6666666666665,147576.66666666666
0.101,2258.0,58544.0
0.101,1001.0,31948.0
0.101,2039.5,68655.25
0.101,1793.0,99200.5
0.101,688.0,18339.0
0.101,37.0,42.0
0.101,3500.0,171271.0
0.102,66.0,543.0
0.102,1158.0,30014.0
0.102,3500.0,189291.0
0.102,3500.0,188678.25
0.102,3500.0,238720.0
0.102,1595.0,51608.5
0.102,1539.3333333333333,112484.66666666667
0.102,3500.0,215566.0
0.102,1065.0,31914.0
0.102,3500.0,238124.0
0.102,1118.0,48425.0
0.102,3500.0,126826.0
0.102,2438.0,65368.666666666664
0.102,3500.0,109963.5
0.102,2390.0,119680.6
0.102,3500.0,149070.0
0.102,3500.0,122145.0
0.102,1036.0,53656.0
0.102,1381.0,76339.5
0.102,3500.0,214288.0
0.102,3500.0,190049.0
0.102,1557.5,65573.5
0.102,1339.0,112875.0
0.102,2526.1666666666665,132346.5
0.102,985.0,86187.0
0.102,3500.0,66114.0
0.102,3500.0,132241.0
0.102,3500.0,135096.66666666666
0.102,1003.6666666666666,62937.0
0.102,2129.1666666666665,75265.83333333333
0.102,3500.0,279043.0
0.102,3500.0,189941.0
0.102,1182.0,50310.0
0.102,3500.0,262383.0
0.102,3003.75,122028.0
0.102,887.3333333333334,39879.666666666664
0.102,3500.0,76768.0
0.102,2436.0,118129.5
0.102,1311.0,105099.0
0.102,1150.0,130331.0
0.102,2408.5,140166.0
0.102,711.0,19980.0
0.102,2536.5,121015.5
0.102,1545.5,82247.0
0.102,1457.0,126524.0
0.102,2544.5,124728.0
0.102,3500.0,311725.0
0.102,2766.75,147146.75
0.102,3500.0,227606.0
0.102,3500.0,203711.0
0.102,1781.5,83195.5
0.102,2059.3333333333335,79056.0
0.102,3500.0,131060.0
0.102,3500.0,66316.0
0.102,1035.6666666666667,36010.333333333336
0.102,92.5,97.5
0.102,1816.5,46571.5
0.102,1139.0,44645.0
0.102,3500.0,89546.0
0.102,2358.5,136600.5
0.102,3500.0,130206.0
0.102,2981.25,157747.0
0.102,880.0,28730.25
0.102,1409.0,101000.0
0.102,3500.0,114202.0
0.102,2352.5,109929.5
0.102,64.0,546.0
0.102,3500.0,139119.5
0.102,3500.0,171102.66666666666
0.102,1144.0,39340.5
0.102,3500.0,91097.0
0.102,3500.0,210231.75
0.102,3500.0,267636.0
0.102,3500.0,263270.0
0.102,2421.6666666666665,99309.0
0.102,3500.0,197004.0
0.102,59.0,76.0
0.102,3500.0,141118.5
0.102,3500.0,102141.0
0.102,2597.6,87950.6
0.102,3500.0,196537.0
0.103,1880.75,100145.75
0.103,3500.0,207880.5
0.103,3500.0,193045.0
0.103,1036.0,45479.0
0.103,2662.5,115530.5
0.103,1252.0,66859.5
0.103,2399.0,112090.57142857143
0.103,2672.1666666666665,179088.66666666666
0.103,3500.0,223034.0
0.103,2183.25,76475.25
0.103,1017.0,69991.0
0.103,1329.3333333333333,55404.333333333336
0.103,3500.0,97987.5
0.103,921.3333333333334,24019.0
0.103,3500.0,153524.66666666666
0.103,1160.0,65889.5
0.103,3500.0,215122.5
0.103,2436.0,94770.5
0.103,2361.6666666666665,140900.66666666666
0.103,3500.0,117546.0
0.103,1112.0,108566.0
0.103,68.0,87.0
0.103,1116.0,9570.0
0.103,2449.0,126866.0
0.103,1822.0,71980.33333333333
0.103,537.6666666666666,27760.0
0.103,2170.0,75722.0
0.103,3500.0,188301.0
0.103,1531.6,74927.6
0.103,3500.0,75842.0
0.103,2218.3333333333335,81723.0
0.103,1379.0,65669.0
0.103,81.0,1388.0
0.103,1900.0,56647.666666666664
0.103,3500.0,108531.0
0.103,1035.0,39076.0
0.103,2397.0,111362.4
0.103,3500.0,130617.0
0.103,3500.0,129012.5
0.103,1233.0,78850.0
0.103,3500.0,122813.5
0.103,1184.0,69958.0
0.103,1256.0,43857.25
0.103,2006.4,97983.0
0.103,2061.25,88088.75
0.103,2017.5,87038.5
0.103,3500.0,94095.0
0.103,1478.25,37630.25
0.103,2260.5,137733.5
0.103,1947.0,69174.5
0.103,3500.0,137592.0
0.103,3500.0,96902.0
0.103,2322.4,114380.2
0.103,3500.0,166761.0
0.103,2301.5,87511.5
0.103,1911.2,105929.8
0.103,3500.0,184661.33333333334
0.103,1057.0,61925.0
0.103,3500.0,108094.0
0.103,3500.0,106350.0
0.103,2825.6666666666665,145535.66666666666
0.103,1376.0,98004.0
0.103,1403.0,136673.5
0.103,3500.0,149559.5
0.103,1787.0,58797.0
0.103,1110.0,53237.0
0.103,1518.0,32831.5
0.103,2873.6666666666665,119094.33333333333
0.103,3500.0,88039.0
0.103,1087.0,37620.0
0.103,3500.0,167870.0
0.103,2949.5,130625.5
0.103,3500.0,157516.5
0.103,1888.5,34926.5
0.103,73.0,908.0
0.104,1932.3333333333333,69517.33333333333
0.104,3500.0,128364.0
0.104,966.2,42014.2
0.104,3500.0,146372.33333333334
0.104,3500.0,129560.0
0.104,2368.0,116143.0
0.104,734.6666666666666,25264.666666666668
0.104,2204.75,107046.25
0.104,3500.0,147858.0
0.104,3500.0,103571.66666666667
0.104,3500.0,156004.0
0.104,2318.5,155187.0
0.104,2301.0,106758.5
0.104,1025.0,19197.0
0.104,2646.0,119607.0
0.104,1669.0,64775.0
0.104,3500.0,202680.0
0.104,2573.5,114913.5
0.104,1703.0,172360.0
0.104,2491.6666666666665,87135.66666666667
0.104,3500.0,237771.0
0.104,3500.0,115720.0
0.104,2672.0,142480.66666666666
0.104,1092.0,18638.0
0.104,3500.0,142663.0
0.104,3500.0,121600.0
0.104,2306.0,56050.5
0.104,2070.0,92831.66666666667
0.104,1796.5,47293.0
0.104,2557.0,192411.0
0.104,3500.0,136695.0
0.104,3500.0,157905.5
0.104,3055.4,193704.2
0.104,2645.25,80871.75
0.104,3500.0,194286.5
0.104,1027.0,31621.0
0.104,3500.0,192857.0
0.104,3139.5714285714284,114542.71428571429
0.104,2022.75,110149.75
0.104,2602.0,162101.5
0.104,1633.3333333333333,71575.33333333333
0.104,2880.3333333333335,105481.0
0.104,3500.0,215214.0
0.104,3500.0,154054.0
0.104,1353.6666666666667,55993.333333333336
0.104,3500.0,150859.0
0.104,2940.75,124894.75
0.104,3500.0,242588.0
0.104,997.0,65256.5
0.104,695.5,25769.5
0.104,3500.0,172331.0
0.104,1171.5,81272.0
0.104,1203.0,41556.0
0.104,2694.3333333333335,147375.33333333334
0.104,3500.0,186204.0
0.104,1398.0,128892.0
0.104,2666.3333333333335,93076.33333333333
0.104,3500.0,119212.0
0.104,3500.0,172574.0
0.104,3500.0,91165.0
0.104,3500.0,205196.5
0.104,1453.0,81086.5
0.104,2668.0,109225.5
0.104,2914.0,132529.25
0.104,3500.0,194778.33333333334
0.104,3500.0,164308.0
0.104,3500.0,192552.0
0.104,1244.0,93602.0
0.104,3500.0,183495.0
0.104,1326.5,63608.5
0.104,1296.0,32362.333333333332
0.104,2354.3333333333335,109172.33333333333
0.104,3500.0,141931.33333333334
0.104,66.0,1219.0
0.104,2562.25,192325.5
0.104,3500.0,199139.66666666666
0.104,1200.6666666666667,83494.33333333333
0.105,3500.0,206675.5
0.105,1765.0,74339.25
0.105,3500.0,89544.0
0.105,3500.0,175544.66666666666
0.105,2425.0,91625.5
0.105,3500.0,206475.0
0.105,2147.0,102598.66666666667
0.105,2601.0,147642.5
0.105,3500.0,152060.5
0.105,2728.3333333333335,95055.66666666667
0.105,3500.0,151242.0
0.105,133.0,1788.0
0.105,1441.0,71803.0
0.105,3500.0,189303.5
0.105,2813.0,170954.0
0.105,2410.5,115360.5
0.105,811.5,68704.0
0.105,1796.0,114990.5
0.105,2296.25,115034.75
0.105,3500.0,156687.0
0.105,738.0,47430.0
0.105,3500.0,208649.0
0.105,3500.0,114805.0
0.105,3500.0,212418.0
0.105,3500.0,183781.0
0.105,2901.25,114688.75
0.105,3500.0,131847.0
0.105,3500.0,164687.0
0.105,2711.6666666666665,95798.66666666667
0.105,1708.0,119906.0
0.105,60.0,696.0
0.105,2786.5,117498.5
0.105,3500.0,104334.5
0.105,3500.0,223876.0
0.105,2254.0,116982.5
0.105,1972.1666666666667,103436.0
0.105,2879.75,142777.0
0.105,1085.0,51470.0
0.105,3500.0,53775.0
0.105,3500.0,259544.0
0.105,1553.3333333333333,90127.0
0.105,3500.0,206134.5
0.105,3500.0,146567.0
0.105,1054.0,34716.0
0.105,3500.0,140134.0
0.105,3500.0,205898.0
0.105,1640.3333333333333,69421.0
0.105,3500.0,254211.0
0.105,2693.25,111407.5
0.105,1096.0,43611.0
0.105,3018.0,173513.66666666666
0.105,2050.8,65322.0
0.105,3500.0,135081.0
0.105,3500.0,185278.5
0.105,2901.25,149628.5
0.105,2935.0,109605.66666666667
0.105,3500.0,193707.0
0.105,3500.0,214258.5
0.105,1079.0,62306.0
0.105,1485.0,106704.0
0.105,3006.2,141779.6
0.105,1682.0,128439.0
0.105,808.5,45507.5
0.105,2341.5,126372.0
0.105,3500.0,252628.5
0.105,2667.3333333333335,96484.0
0.105,3500.0,156450.0
0.105,3500.0,185052.0
0.105,2356.3333333333335,119009.66666666667
0.105,2255.5,138828.5
0.105,840.5,56990.5
0.105,3500.0,110068.0
0.105,3500.0,242982.5
0.105,1452.5,89442.0
0.105,1953.5,122381.5
0.105,1694.25,101812.0
0.105,3500.0,150131.0
0.105,3500.0,157897.5
0.105,2299.0,136994.5
0.105,2667.5,111001.75
0.105,2379.0,119485.66666666667
0.106,3500.0,123271.5
0.106,3500.0,122232.0
0.106,2729.6666666666665,168921.66666666666
0.106,3500.0,136816.0
0.106,2326.5,147997.5
0.106,3500.0,136604.0
0.106,3500.0,182165.5
0.106,3500.0,103499.0
0.106,2761.0,121397.66666666667
0.106,3500.0,245933.5
0.106,3500.0,65969.0
0.106,2789.0,140757.33333333334
0.106,3500.0,205960.0
0.106,2371.0,127762.0
0.106,1616.75,48506.75
0.106,3500.0,125445.0
0.106,3500.0,198191.0
0.106,3500.0,232287.0
0.106,3500.0,162409.0
0.106,3500.0,183088.0
0.106,1837.0,79858.5
0.106,3500.0,206123.0
0.106,2381.5,79806.0
0.106,2290.5,69969.5
0.106,3500.0,222012.0
0.106,3500.0,234766.0
0.106,3500.0,215736.0
0.106,3500.0,182011.0
0.106,3500.0,195822.66666666666
0.106,3500.0,86562.0
0.106,3500.0,165379.66666666666
0.106,2455.0,155418.0
0.106,1519.0,129401.0
0.106,2911.0,147907.0
0.106,3500.0,74155.0
0.106,1614.6666666666667,89307.0
0.106,3500.0,177730.33333333334
0.106,1781.0,71893.5
0.106,1957.5,86580.0
0.106,105.0,110.0
0.106,3500.0,142405.0
0.106,2278.25,86975.5
0.106,2711.75,159310.0
0.106,700.5,39650.5
0.106,2829.0,77921.66666666667
0.106,1108.0,57022.0
0.106,3500.0,127952.0
0.106,3500.0,219226.0
0.106,1865.0,63149.333333333336
0.106,2538.5,107806.75
0.106,1398.6666666666667,82648.66666666667
0.106,1575.0,60774.0
0.106,3500.0,88150.5
0.106,3500.0,110498.66666666667
0.106,2251.5,129998.0
0.106,1837.5,145686.0
0.106,3500.0,112321.0
0.106,1783.6,71881.0
0.106,2249.5,71824.5
0.106,3500.0,139705.66666666666
0.106,267.0,10836.0
0.106,800.0,33646.5
0.106,2274.5,101467.0
0.106,2628.5,69928.5
0.106,3500.0,163716.0
0.106,3500.0,154179.0
0.106,2598.4,133256.2
0.106,2377.0,110493.83333333333
0.106,2735.6666666666665,142382.66666666666
0.106,3500.0,211512.66666666666
0.106,2104.25,49367.0
0.106,3500.0,81103.0
0.106,3500.0,155655.0
0.107,1884.5,106943.5
0.107,1916.6666666666667,118664.66666666667
0.107,1508.0,98274.0
0.107,3500.0,105105.0
0.107,73.5,1021.0
0.107,3500.0,108920.0
0.107,2454.0,166135.0
0.107,2730.6666666666665,129472.66666666667
0.107,3500.0,168826.5
0.107,1145.0,15143.0
0.107,3500.0,275441.0
0.107,3500.0,206066.5
0.107,311.0,7317.0
0.107,101.0,159.0
0.107,3500.0,68045.0
0.107,1364.0,42764.0
0.107,2394.6666666666665,161745.0
0.107,3500.0,133935.5
0.107,2901.25,105788.0
0.107,3500.0,227035.0
0.107,3500.0,201558.0
0.107,1806.5,121385.0
0.107,1103.0,59810.0
0.107,3500.0,135825.0
0.107,3500.0,136868.0
0.107,2928.0,148440.66666666666
0.107,2685.0,96872.66666666667
0.107,1089.5,38137.5
0.107,1669.3333333333333,79668.66666666667
0.107,3500.0,72101.5
0.107,2237.5,96444.25
0.107,3500.0,130125.0
0.107,2680.0,103993.0
0.107,2392.5,74021.5
0.107,2249.5,75016.5
0.107,3500.0,207246.0
0.107,3500.0,193527.0
0.107,2393.0,160045.0
0.107,3500.0,85236.0
0.107,604.0,34273.0
0.107,2563.0,113600.6
0.107,1509.0,30873.0
0.107,163.0,2541.0
0.107,2714.0,136959.5
0.107,3500.0,194223.0
0.107,2349.1666666666665,134504.16666666666
0.107,2391.5,125515.0
0.107,3500.0,271999.0
0.107,3500.0,71220.0
0.107,1741.6666666666667,55742.333333333336
0.107,3500.0,177675.66666666666
0.107,3500.0,154593.0
0.107,2726.3333333333335,136783.0
0.107,3500.0,139648.5
0.107,2397.5,173950.5
0.107,2550.3333333333335,133322.0
0.107,3500.0,231664.0
0.107,59.0,484.0
0.107,3500.0,162653.0
0.107,3500.0,254011.0
0.107,567.0,5740.0
0.107,267.0,6672.5
0.107,1237.5,47101.5
0.107,3500.0,243124.5
0.107,755.0,33146.0
0.107,299.0,3151.0
0.107,62.0,552.0
0.107,3500.0,117772.0
0.107,155.0,2076.0
0.107,2083.6,103668.8
0.107,3500.0,254173.0
0.107,598.0,21911.5
0.107,1906.6666666666667,107787.66666666667
0.107,3012.0,163650.4
0.107,3500.0,116949.0
0.107,3500.0,164995.0
0.107,2680.6666666666665,139660.33333333334
0.108,1564.0,104303.33333333333
0.108,3500.0,146734.33333333334
0.108,3500.0,197932.0
0.108,2019.6666666666667,127517.33333333333
0.108,2436.0,179787.0
0.108,2281.5,100238.0
0.108,3500.0,175343.75
0.108,2463.0,146263.5
0.108,1595.0,36160.0
0.108,1249.0,52794.0
0.108,2675.0,172793.33333333334
0.108,1247.0,97957.0
0.108,2076.0,67173.0
0.108,3500.0,103093.0
0.108,3500.0,194564.75
0.108,3500.0,229134.0
0.108,3500.0,218501.0
0.108,3500.0,128164.0
0.108,3500.0,134831.0
0.108,2352.0,140458.33333333334
0.108,3500.0,227925.0
0.108,2412.0,107189.0
0.108,3500.0,186836.5
0.108,1823.0,63766.5
0.108,2355.6666666666665,144774.33333333334
0.108,3500.0,138729.0
0.108,2739.5,141464.0
0.108,2133.0,103091.2
0.108,3038.4,150363.4
0.108,3500.0,94457.0
0.108,3500.0,277160.0
0.108,3500.0,189398.75
0.108,1131.0,26650.0
0.108,2073.0,103269.5
0.108,3500.0,203169.0
0.108,2417.0,122937.5
0.108,2684.0,116902.0
0.108,1567.0,111645.66666666667
0.108,439.0,13345.0
0.108,3500.0,203264.0
0.108,1106.0,31529.0
0.108,1154.0,14348.0
0.108,2856.3333333333335,90056.33333333333
0.108,2397.0,100431.0
0.108,2406.5,112904.0
0.108,1195.0,66396.0
0.108,1650.0,89670.0
0.108,1235.0,55883.0
0.108,1510.0,57527.5
0.108,649.0,52223.0
0.108,3500.0,196237.0
0.108,2371.5,87996.0
0.108,2346.0,119217.0
0.108,2072.6666666666665,87334.66666666667
0.108,2310.0,73192.5
0.108,3500.0,180028.0
0.108,3500.0,205519.0
0.108,2276.5,79183.0
0.108,2770.3333333333335,91969.0
0.108,2697.6666666666665,152335.0
0.108,3500.0,191251.0
0.108,531.0,25074.0
0.108,3500.0,116541.0
0.108,3500.0,198554.0
0.108,3500.0,85460.0
0.108,1513.0,82564.0
0.108,3500.0,153410.0
0.108,1578.6666666666667,91661.66666666667
0.108,2042.0,115637.66666666667
0.108,1481.0,87813.5
0.108,3500.0,152263.0
0.108,2677.3333333333335,130590.33333333333
0.108,3500.0,201871.5
0.108,3000.0,178119.0
0.108,3500.0,138863.0
0.108,1109.0,53851.0
0.108,590.5,7999.0
0.108,1576.3333333333333,81899.33333333333
0.108,3500.0,97036.0
0.108,3500.0,121210.0
0.109,2102.2,110477.6
0.109,1181.0,26598.0
0.109,3500.0,107699.0
0.109,3500.0,189127.0
0.109,2568.6,141334.6
0.109,2294.0,143418.0
0.109,2671.75,129345.75
0.109,3500.0,125637.0
0.109,3500.0,109720.5
0.109,2184.75,98327.0
0.109,2338.0,79630.0
0.109,3500.0,286830.0
0.109,3500.0,170982.75
0.109,3500.0,157746.0
0.109,3500.0,183767.5
0.109,749.0,27011.5
0.109,3500.0,214702.0
0.109,2680.6666666666665,136045.0
0.109,2673.25,147856.25
0.109,2843.25,122472.5
0.109,3500.0,100545.0
0.109,1264.0,17021.0
0.109,3500.0,130106.0
0.109,1986.0,106312.66666666667
0.109,3500.0,144012.25
0.109,3500.0,219683.0
0.109,2338.5,100694.0
0.109,3500.0,90119.0
0.109,3500.0,175099.5
0.109,2258.5,64477.5
0.109,1692.0,94580.66666666667
0.109,2672.6666666666665,97131.33333333333
0.109,1923.0,105355.0
0.109,1606.0,103744.0
0.109,1879.3333333333333,79916.33333333333
0.109,2404.5,104890.0
0.109,1019.0,36497.0
0.109,3500.0,205947.0
0.109,3500.0,211737.0
0.109,2373.0,118709.0
0.109,3500.0,126517.0
0.109,2881.25,114059.5
0.109,3500.0,194245.5
0.109,2344.0,140802.25
0.109,3500.0,123703.0
0.109,3500.0,142189.5
0.109,2673.8,125566.4
0.109,3500.0,153964.0
0.109,2056.75,130405.0
0.109,2265.4,99102.2
0.109,97.0,158.0
0.109,3500.0,211736.5
0.109,2736.3333333333335,133928.33333333334
0.109,1176.5,92592.5
0.109,3500.0,76426.0
0.109,3500.0,129599.66666666667
0.109,3500.0,200751.0
0.109,3500.0,102425.0
0.109,2381.0,187085.5
0.109,60.0,469.0
0.109,3500.0,195751.5
0.109,1121.0,54980.333333333336
0.109,312.0,2538.0
0.109,1805.0,38966.5
0.109,1809.0,80214.5
0.109,1965.0,110683.33333333333
0.109,3500.0,151429.0
0.109,3500.0,187997.0
0.109,2732.6666666666665,84594.66666666667
0.109,92.0,144.0
0.109,3500.0,155291.0
0.109,2451.5,164367.0
0.109,794.6666666666666,26307.333333333332
0.109,3500.0,115663.0
0.109,3500.0,153922.5
0.11,1978.5,113316.5
0.11,3500.0,250031.66666666666
0.11,3500.0,83868.0
0.11,2533.8333333333335,107859.66666666667
0.11,2385.6,121727.4
0.11,2062.5,90154.5
0.11,190.0,217.0
0.11,2248.6666666666665,89425.33333333333
0.11,3500.0,149582.5
0.11,2295.0,145394.5
0.11,3500.0,239336.0
0.11,1192.5,43439.5
0.11,3500.0,248190.0
0.11,1089.0,22520.0
0.11,2745.0,168852.33333333334
0.11,311.0,881.0
0.11,3500.0,189533.5
0.11,2381.5,163147.5
0.11,2575.3333333333335,110703.0
0.11,1411.0,50393.0
0.11,3500.0,96948.5
0.11,1551.0,45365.0
0.11,906.0,43371.0
0.11,2725.6666666666665,124584.66666666667
0.11,1937.0,49016.5
0.11,107.0,993.0
0.11,288.0,4911.0
0.11,1403.0,50076.0
0.11,3500.0,163132.0
0.11,2647.0,87037.66666666667
0.11,2310.0,141231.5
0.11,2691.3333333333335,103591.66666666667
0.11,1480.0,92623.0
0.11,2648.5,98246.0
0.11,3089.3333333333335,134444.33333333334
0.11,3500.0,153046.0
0.11,1317.0,38745.0
0.11,3500.0,271052.0
0.11,3500.0,207616.66666666666
0.11,1912.0,83860.0
0.11,3500.0,156200.0
0.11,1343.0,103195.0
0.11,3500.0,224050.0
0.11,585.6666666666666,4927.666666666667
0.11,3500.0,186417.0
0.11,2388.6666666666665,159996.33333333334
0.11,3500.0,147521.0
0.11,2372.3333333333335,132931.33333333334
0.11,3500.0,186984.5
0.11,850.0,7913.5
0.11,2045.4,114110.8
0.11,3500.0,137349.0
0.11,3500.0,209794.0
0.11,2694.0,96983.66666666667
0.11,3500.0,114627.5
0.11,3500.0,164911.5
0.11,1796.0,53882.5
0.11,3500.0,112964.75
0.11,1089.0,83982.0
0.11,1843.0,140218.0
0.11,3500.0,86656.0
0.11,1266.6666666666667,87319.0
0.11,1268.0,52161.0
0.11,1131.5,42350.5
0.11,1587.3333333333333,124042.33333333333
0.11,3500.0,89591.0
0.11,701.0,31807.0
0.11,3500.0,146064.0
0.11,1360.0,131621.0
0.11,1493.0,50999.333333333336
0.11,2646.75,99288.0
0.11,1477.0,84334.0
0.11,3500.0,94675.0
0.11,2475.0,75547.5
0.11,1165.5,39771.5
0.11,2873.6666666666665,180793.0
0.11,2135.75,83538.25
0.11,3500.0,132575.0
0.11,3500.0,172155.33333333334
0.11,617.0,23816.0
0.11,3500.0,240756.0
0.11,3500.0,155409.5
0.111,1878.75,109767.75
0.111,615.5,29360.0
0.111,2773.0,93393.0
0.111,2353.0,101157.0
0.111,3500.0,75483.0
0.111,792.0,31823.0
0.111,3500.0,110487.0
0.111,1806.5,90647.0
0.111,2722.5,198917.0
0.111,3500.0,134908.0
0.111,1248.0,30974.0
0.111,2371.0,119184.5
0.111,3500.0,130804.0
0.111,2302.5,141132.5
0.111,3500.0,247166.0
0.111,1275.0,77172.0
0.111,3500.0,111667.0
0.111,3500.0,246107.5
0.111,1321.0,94716.0
0.111,3500.0,160955.0
0.111,3500.0,91871.5
0.111,2725.3333333333335,162117.0
0.111,65.0,661.0
0.111,3500.0,184838.5
0.111,1013.0,13158.0
0.111,3500.0,145000.0
0.111,3500.0,161859.0
0.111,2820.6,110269.6
0.111,2690.0,174416.33333333334
0.111,2642.3333333333335,140678.33333333334
0.111,2130.25,67112.25
0.111,2354.3333333333335,66255.33333333333
0.111,3500.0,191455.0
0.111,3500.0,100868.0
0.111,3500.0,123820.0
0.111,2688.6666666666665,115341.66666666667
0.111,1250.5,29031.0
0.111,2270.8571428571427,119827.71428571429
0.111,311.0,5270.0
0.111,2956.75,220914.75
0.111,3500.0,113839.0
0.111,2301.5,107096.0
0.111,1636.0,57149.0
0.111,3500.0,189588.0
0.111,1009.0,52923.0
0.111,3500.0,159017.25
0.111,576.5,13801.5
0.111,3500.0,239784.0
0.111,2659.5,157807.0
0.111,3500.0,271642.5
0.111,2696.0,161119.66666666666
0.111,1561.0,49176.333333333336
0.111,1913.0,107456.0
0.111,1894.0,89895.0
0.111,1781.5,64605.5
0.111,2723.3333333333335,169850.0
0.111,3500.0,184961.5
0.111,3500.0,220362.0
0.111,3500.0,118726.0
0.111,1934.5,72459.5
0.111,1826.0,84652.5
0.111,3500.0,211073.0
0.111,2011.2,112879.8
0.111,439.0,9933.0
0.111,2903.75,140215.0
0.111,1006.0,27618.0
0.111,1866.75,122995.5
0.111,801.3333333333334,21309.0
0.111,1023.0,65823.0
0.111,3500.0,192681.0
0.111,3500.0,101050.0
0.111,310.5,5460.5
0.111,108.0,113.0
0.111,2354.0,112769.5
0.111,3500.0,193486.5
0.111,3500.0,202174.0
0.111,1792.5,55889.5
0.111,3500.0,134005.5
0.111,1209.6666666666667,57273.333333333336
0.112,3500.0,154882.0
0.112,3500.0,117283.0
0.112,1820.0,51238.5
0.112,3500.0,218471.0
0.112,264.0,6983.0
0.112,1085.0,17160.0
0.112,1113.0,34147.0
0.112,1055.0,96172.0
0.112,3500.0,95810.0
0.112,2317.25,99166.5
0.112,3500.0,186266.0
0.112,1767.5,55670.5
0.112,3500.0,201482.0
0.112,3500.0,213771.5
0.112,3500.0,295338.0
0.112,773.0,38043.0
0.112,1895.0,101617.0
0.112,3500.0,227916.0
0.112,2269.5,73568.5
0.112,1168.3333333333333,51638.333333333336
0.112,3019.2,166390.0
0.112,3500.0,150794.0
0.112,2488.5,171682.0
0.112,3500.0,75450.0
0.112,2367.3333333333335,62860.0
0.112,3500.0,176923.5
0.112,2690.0,114617.0
0.112,3500.0,266956.0
0.112,1128.0,62492.0
0.112,2813.3333333333335,112066.66666666667
0.112,3500.0,101973.0
0.112,683.5,35090.5
0.112,1990.6666666666667,70263.33333333333
0.112,2400.6666666666665,81620.0
0.112,2738.6666666666665,116115.0
0.112,3500.0,182616.0
0.112,2841.75,162463.0
0.112,3500.0,156060.0
0.112,1336.0,46462.5
0.112,1223.0,60610.0
0.112,2710.6666666666665,98068.0
0.112,2901.0,153123.0
0.112,1171.0,80481.0
0.112,3500.0,126146.0
0.112,1853.3333333333333,85192.33333333333
0.112,3500.0,223588.0
0.112,1795.0,88000.0
0.112,1260.0,63885.0
0.112,2119.3333333333335,111125.66666666667
0.112,3500.0,104706.0
0.112,2917.0,104702.33333333333
0.112,3500.0,139961.0
0.112,3500.0,211613.0
0.112,3500.0,225329.0
0.112,1943.0,130531.33333333333
0.112,1068.5,35310.0
0.112,3500.0,142271.0
0.112,2081.0,85086.66666666667
0.112,2374.6666666666665,114270.0
0.112,3500.0,107371.5
0.112,2411.0,101134.5
0.112,3091.5,149322.66666666666
0.112,498.0,10716.0
0.112,1682.0,71560.33333333333
0.112,753.0,27194.5
0.112,2903.5,147946.0
0.112,3500.0,172474.66666666666
0.112,2364.3333333333335,131313.0
0.112,2294.5,146068.5
0.112,3500.0,172853.0
0.112,3500.0,185838.33333333334
0.112,1256.0,63668.333333333336
0.112,3500.0,147070.66666666666
0.112,3500.0,220877.66666666666
0.112,3500.0,153308.0
0.112,1572.0,93068.33333333333
0.113,2902.5,146599.75
0.113,3500.0,238909.5
0.113,3500.0,160801.0
0.113,3500.0,134396.0
0.113,3500.0,113354.5
0.113,3500.0,154968.0
0.113,3500.0,101359.0
0.113,1390.0,77659.0
0.113,3500.0,87393.0
0.113,3500.0,84178.0
0.113,3500.0,244131.5
0.113,3500.0,148392.0
0.113,3500.0,153403.0
0.113,2765.6666666666665,178204.0
0.113,2537.6666666666665,117064.33333333333
0.113,1394.0,71254.0
0.113,3500.0,107185.0
0.113,1138.0,18278.0
0.113,3500.0,193542.0
0.113,2384.0,69522.5
0.113,3500.0,239048.33333333334
0.113,3500.0,91412.0
0.113,1616.3333333333333,78556.0
0.113,1799.0,72325.0
0.113,1903.3333333333333,88771.0
0.113,2397.6666666666665,137102.0
0.113,2622.3333333333335,170363.33333333334
0.113,2717.6666666666665,109482.66666666667
0.113,3500.0,150562.5
0.113,1068.0,29972.0
0.113,3500.0,158895.0
0.113,2370.0,82070.0
0.113,2700.6666666666665,95977.0
0.113,3500.0,143250.0
0.113,3500.0,166712.0
0.113,3128.3333333333335,186209.66666666666
0.113,3500.0,181101.66666666666
0.113,1969.0,64530.5
0.113,2258.0,121717.0
0.113,3500.0,63424.0
0.113,3500.0,141512.25
0.113,3500.0,139292.0
0.113,2343.0,87930.0
0.113,3500.0,159126.5
0.113,2900.0,155445.0
0.113,2768.6666666666665,123713.0
0.113,3500.0,159647.66666666666
0.113,1443.0,82090.0
0.113,3500.0,103874.5
0.113,3500.0,100912.0
0.113,184.0,390.0
0.113,2886.75,118757.75
0.113,3500.0,135097.0
0.113,2741.6666666666665,118083.0
0.113,3500.0,152198.0
0.113,3500.0,149575.0
0.113,3500.0,114022.75
0.113,2147.6666666666665,95301.83333333333
0.113,3500.0,248207.0
0.113,3018.4,110359.2
0.113,817.0,29672.0
0.113,970.5,69574.5
0.113,1808.3333333333333,90214.66666666667
0.113,1653.0,111200.6
0.113,2637.25,90793.5
0.113,3500.0,101983.0
0.113,3500.0,114964.0
0.113,3500.0,201594.33333333334
0.113,3500.0,50473.0
0.113,2315.25,106446.25
0.113,3500.0,90463.0
0.113,1375.0,111638.0
0.113,2701.0,171932.66666666666
0.113,3500.0,150880.0
0.113,2853.6666666666665,104318.33333333333
0.113,3500.0,297163.0
0.113,3500.0,221229.5
0.113,3500.0,251585.5
0.113,3500.0,159189.5
0.114,2744.0,140139.0
0.114,1092.0,53740.666666666664
0.114,3500.0,139337.0
0.114,3500.0,121064.0
0.114,3500.0,243480.0
0.114,3500.0,111220.0
0.114,3500.0,194532.0
0.114,3500.0,131759.0
0.114,3500.0,113547.0
0.114,2411.3333333333335,77122.66666666667
0.114,2370.3333333333335,127518.66666666667
0.114,63.0,490.0
0.114,3500.0,152931.5
0.114,3500.0,108589.33333333333
0.114,3500.0,132616.0
0.114,3500.0,187591.33333333334
0.114,3500.0,182395.0
0.114,3500.0,127639.0
0.114,2370.6666666666665,159223.33333333334
0.114,3500.0,209661.0
0.114,2056.5,114492.5
0.114,3500.0,147260.0
0.114,3500.0,185484.0
0.114,2388.0,168511.66666666666
0.114,597.0,9721.5
0.114,1164.0,58193.0
0.114,3500.0,133035.0
0.114,3500.0,287017.0
0.114,3500.0,121887.0
0.114,2396.75,81944.5
0.114,1015.0,57401.0
0.114,3500.0,151888.0
0.114,216.0,2430.0
0.114,1484.3333333333333,83079.66666666667
0.114,3500.0,139263.0
0.114,3500.0,178271.5
0.114,1801.0,113192.0
0.114,3500.0,104588.0
0.114,3500.0,215085.0
0.114,3500.0,76325.0
0.114,2311.5,83326.0
0.114,3500.0,192952.5
0.114,2264.25,109324.5
0.114,1781.0,82992.0
0.114,3500.0,156684.75
0.114,2525.5,183043.0
0.114,3500.0,103173.0
0.114,2296.5,156133.0
0.114,2325.0,143551.5
0.114,3500.0,132390.33333333334
0.114,226.0,12578.0
0.114,3500.0,222833.0
0.114,3500.0,214456.0
0.114,3500.0,230673.0
0.114,1792.0,79337.0
0.114,2721.1666666666665,135982.16666666666
0.114,3500.0,138802.5
0.114,3500.0,121754.5
0.114,690.0,31806.0
0.114,3500.0,284066.0
0.114,1530.5,50339.5
0.114,1864.0,129347.5
0.114,2495.5,155776.0
0.114,1437.0,70670.0
0.114,2438.5,115020.5
0.114,3500.0,93238.0
0.114,103.0,184.0
0.114,2400.3333333333335,157045.33333333334
0.114,3500.0,226706.75
0.114,3500.0,75219.0
0.114,1913.0,138870.33333333334
0.114,3500.0,141353.5
0.114,2998.75,121641.75
0.114,3500.0,75279.0
0.114,1518.0,48166.0
0.114,3500.0,155340.5
0.115,3500.0,181398.0
0.115,1431.5,80744.75
0.115,3500.0,133687.5
0.115,2928.25,127289.0
0.115,3059.5,152285.5
0.115,3500.0,141055.5
0.115,131.0,148.0
0.115,1670.8,81365.6
0.115,1574.0,76702.0
0.115,47.0,849.0
0.115,2476.125,121202.125
0.115,3500.0,78968.5
0.115,3024.6,134565.4
0.115,2250.0,180579.5
0.115,3500.0,108060.0
0.115,3500.0,221115.0
0.115,3500.0,88914.0
0.115,1585.6666666666667,51615.666666666664
0.115,3500.0,96103.5
0.115,1814.0,121929.0
0.115,3065.4,172211.2
0.115,115.0,1157.5
0.115,3500.0,156925.0
0.115,2331.0,90345.0
0.115,3500.0,158278.66666666666
0.115,709.0,8718.0
0.115,3500.0,189068.0
0.115,3500.0,145412.0
0.115,2466.6666666666665,127625.66666666667
0.115,3500.0,110862.5
0.115,3500.0,204847.5
0.115,2782.25,118540.75
0.115,1626.6666666666667,51673.0
0.115,2858.6666666666665,116922.33333333333
0.115,2368.3333333333335,122749.33333333333
0.115,3500.0,106951.0
0.115,3500.0,178269.0
0.115,1847.6666666666667,38599.333333333336
0.115,3500.0,116870.0
0.115,3500.0,237580.0
0.115,1439.0,97665.0
0.115,1146.5,56617.0
0.115,3500.0,193007.0
0.115,2723.3333333333335,117443.0
0.115,64.0,502.5
0.115,2311.5,123707.5
0.115,3500.0,140983.5
0.115,1025.5,47602.5
0.115,3500.0,203823.5
0.115,1129.0,52824.0
0.115,2281.5,100414.5
0.115,2356.5,79767.5
0.115,1211.5,84051.0
0.115,103.0,848.0
0.115,67.0,587.0
0.115,1859.5,82124.5
0.115,3500.0,287006.0
0.115,3500.0,139435.0
0.115,653.0,23575.0
0.115,3500.0,191195.0
0.115,2057.0,95119.5
0.115,2332.5,53203.5
0.115,3500.0,195646.5
0.115,3500.0,289015.0
0.115,961.0,69333.0
0.115,2380.5,89079.5
0.115,3500.0,177937.5
0.115,1344.75,52532.25
0.115,3500.0,226452.0
0.115,2653.75,61885.0
0.115,988.5,69153.5
0.115,2722.0,87512.0
0.115,2320.5,90237.0
0.115,3500.0,71754.0
0.115,3500.0,298941.0
0.116,3500.0,161470.0
0.116,2466.0,140178.5
0.116,1805.5,32074.0
0.116,2397.3333333333335,127711.0
0.116,1402.0,152218.0
0.116,1873.3333333333333,60092.0
0.116,2904.25,161669.0
0.116,3500.0,268557.0
0.116,1536.0,45526.0
0.116,1101.0,78650.0
0.116,1579.0,87984.0
0.116,3500.0,217560.0
0.116,3500.0,141949.66666666666
0.116,1790.5,111429.5
0.116,257.0,4897.0
0.116,2820.2,138410.4
0.116,3500.0,194496.5
0.116,749.0,59065.0
0.116,2630.75,84705.0
0.116,3500.0,273362.5
0.116,1081.0,58639.0
0.116,3500.0,154171.0
0.116,3500.0,176011.33333333334
0.116,3500.0,236381.0
0.116,3500.0,144418.0
0.116,715.5,29770.0
0.116,3500.0,189469.0
0.116,1304.0,52785.0
0.116,109.0,1567.0
0.116,1259.0,49108.0
0.116,2761.0,149257.33333333334
0.116,1223.3333333333333,46088.0
0.116,2523.0,130900.0
0.116,3500.0,150002.0
0.116,2449.0,138901.5
0.116,3500.0,97849.0
0.116,3500.0,107712.0
0.116,1781.5,72661.0
0.116,143.0,1668.0
0.116,2267.5,124127.5
0.116,3500.0,186748.0
0.116,3047.0,139890.4
0.116,2254.5,155244.5
0.116,1907.75,62719.25
0.116,3500.0,106322.0
0.116,84.0,85.0
0.116,2137.0,71932.0
0.116,3500.0,143284.0
0.116,3500.0,253987.0
0.116,2492.0,124531.33333333333
0.116,2070.0,127688.33333333333
0.116,3500.0,172741.0
0.116,1908.3333333333333,53357.666666666664
0.116,3500.0,258847.0
0.116,3500.0,151188.0
0.116,247.0,325.0
0.116,149.0,2091.0
0.116,3500.0,116691.0
0.116,3500.0,172980.0
0.116,3500.0,219431.0
0.116,2448.0,183714.5
0.116,1787.75,80215.0
0.116,2675.0,147360.0
0.116,2723.6666666666665,131359.33333333334
0.116,1801.0,114250.5
0.116,1807.0,60856.666666666664
0.116,3500.0,175946.0
0.116,104.0,156.0
0.116,1402.25,62125.25
0.116,1527.0,40511.0
0.116,3500.0,78048.5
0.116,3500.0,249886.5
0.116,186.0,303.0
0.116,3500.0,108519.66666666667
0.116,2139.8,117319.4
0.116,3500.0,153707.0
0.116,1113.0,53339.0
0.116,3500.0,180269.5
0.116,3500.0,161635.0
0.117,3500.0,120262.0
0.117,2336.5,102489.0
0.117,2607.5,164219.5
0.117,3500.0,249059.0
0.117,3500.0,103975.0
0.117,3500.0,176609.0
0.117,3500.0,223050.5
0.117,2797.6666666666665,175132.0
0.117,2252.5,84205.0
0.117,667.0,50243.0
0.117,2689.0,129191.0
0.117,3500.0,132913.0
0.117,3500.0,243578.0
0.117,2236.0,106344.5
0.117,1471.0,27526.0
0.117,3500.0,144112.0
0.117,1400.0,39514.0
0.117,2086.75,92208.25
0.117,2123.6666666666665,122755.66666666667
0.117,3500.0,138216.0
0.117,3500.0,137204.0
0.117,3500.0,125090.0
0.117,3500.0,209826.66666666666
0.117,1632.6666666666667,51616.666666666664
0.117,3500.0,129447.5
0.117,1782.5,43942.0
0.117,3500.0,306890.0
0.117,3500.0,104231.5
0.117,3500.0,199325.0
0.117,2729.3333333333335,148871.0
0.117,3500.0,86452.0
0.117,644.5,17563.0
0.117,3500.0,225835.0
0.117,3500.0,159184.0
0.117,3500.0,239155.0
0.117,1583.0,52668.666666666664
0.117,3500.0,73915.0
0.117,2382.5,79087.5
0.117,1326.5,102325.0
0.117,2280.5,110979.0
0.117,3500.0,286034.0
0.117,2358.0,95988.66666666667
0.117,2272.75,85827.75
0.117,1803.5,100369.0
0.117,2373.3333333333335,170613.0
0.117,2370.0,85070.0
0.117,61.0,622.0
0.117,3500.0,194505.0
0.117,1461.0,80851.0
0.117,1918.0,70207.0
0.117,3088.5,122883.83333333333
0.117,2350.0,135686.5
0.117,1783.0,56317.0
0.117,3500.0,227121.0
0.117,3500.0,173459.0
0.117,3500.0,141164.0
0.117,1788.0,24902.5
0.117,1609.4,73806.0
0.117,3500.0,180168.0
0.117,3500.0,153015.0
0.117,3500.0,177948.0
0.117,3500.0,118927.0
0.117,2875.75,121075.75
0.117,2429.6666666666665,77377.0
0.117,2595.6666666666665,122331.33333333333
0.117,3500.0,253956.0
0.117,1825.5,38768.0
0.117,1103.0,43013.0
0.117,3500.0,195275.0
0.117,3500.0,67137.0
0.117,981.75,56956.5
0.117,2392.5,131731.0
0.117,2507.0,141698.0
0.117,2041.5,126410.0
0.117,1212.0,46478.5
0.117,1030.0,33846.0
0.117,1292.0,66533.66666666667
0.117,3500.0,135422.5
0.117,1771.25,62485.0
0.118,3500.0,186967.33333333334
0.118,3500.0,128705.0
0.118,2428.5,186595.5
0.118,1834.0,58529.0
0.118,3500.0,275845.0
0.118,3500.0,190203.0
0.118,3500.0,140666.0
0.118,1629.0,66055.0
0.118,3500.0,203170.5
0.118,1237.0,32132.0
0.118,3500.0,165453.0
0.118,3500.0,139929.14285714287
0.118,3500.0,232937.0
0.118,2641.75,126072.25
0.118,3500.0,174994.0
0.118,2365.0,113057.0
0.118,3500.0,142097.5
0.118,3500.0,225235.25
0.118,1795.5,135330.0
0.118,3500.0,237439.0
0.118,917.5,30715.5
0.118,1653.6666666666667,75748.33333333333
0.118,3500.0,109714.0
0.118,3500.0,107187.33333333333
0.118,2666.6666666666665,147735.33333333334
0.118,3500.0,159485.0
0.118,2689.25,105965.25
0.118,3500.0,136029.0
0.118,2817.6,108799.0
0.118,3500.0,128548.0
0.118,1233.6666666666667,25044.666666666668
0.118,2641.75,138054.75
0.118,1370.0,31626.333333333332
0.118,3500.0,192020.25
0.118,3500.0,179659.0
0.118,3500.0,120711.0
0.118,2429.0,177994.5
0.118,2417.6666666666665,144961.0
0.118,3500.0,169672.0
0.118,3500.0,234411.0
0.118,60.0,588.0
0.118,1786.0,45023.666666666664
0.118,2391.0,100981.33333333333
0.118,2337.0,158811.25
0.118,3500.0,163199.0
0.118,3500.0,156136.0
0.118,3500.0,176728.0
0.118,3500.0,120903.0
0.118,3500.0,169831.0
0.118,3500.0,95437.0
0.118,99.0,101.0
0.118,1644.75,70888.5
0.118,1863.0,65454.666666666664
0.118,1749.6666666666667,75607.0
0.118,3500.0,222430.33333333334
0.118,1355.0,55159.0
0.118,3500.0,308030.0
0.118,2939.0,97481.75
0.118,3500.0,148403.0
0.118,3500.0,124970.0
0.118,3500.0,138966.6
0.118,3500.0,201094.0
0.118,2689.6666666666665,118213.0
0.118,3500.0,244405.0
0.118,3500.0,194811.25
0.118,2144.5,81453.0
0.118,3500.0,144483.8
0.118,3500.0,81837.0
0.118,1046.0,76022.0
0.118,1349.0,92521.0
0.118,3500.0,186463.0
0.118,2687.0,92758.33333333333
0.118,2265.0,139718.5
0.118,3500.0,129946.0
0.118,1842.5,30487.5
0.118,3500.0,91512.0
0.118,3500.0,215582.5
0.118,2396.0,95306.0
0.118,2367.0,99652.66666666667
0.118,1004.0,8539.0
0.118,3500.0,122257.0
0.118,1821.5,76569.0
0.118,3500.0,195775.0
0.119,3500.0,140564.0
0.119,3500.0,161175.5
0.119,2333.0,172032.5
0.119,3500.0,183961.5
0.119,3500.0,216134.0
0.119,3500.0,217667.0
0.119,3500.0,128051.0
0.119,2176.6,163053.4
0.119,2653.0,106620.0
0.119,2343.0,78760.66666666667
0.119,2909.0,70210.75
0.119,3500.0,194146.0
0.119,3023.0,120624.0
0.119,1986.5,74889.5
0.119,3500.0,100855.0
0.119,3500.0,44565.0
0.119,157.0,4743.0
0.119,3500.0,141442.33333333334
0.119,764.0,20898.0
0.119,3500.0,176507.5
0.119,1874.0,145058.5
0.119,3500.0,274747.0
0.119,974.5,64461.5
0.119,3500.0,139176.33333333334
0.119,1875.0,84308.0
0.119,3500.0,167828.5
0.119,3500.0,126067.0
0.119,3500.0,256520.0
0.119,2369.6666666666665,106102.0
0.119,3500.0,258966.0
0.119,1789.0,139219.5
0.119,3500.0,236413.33333333334
0.119,2397.0,107885.66666666667
0.119,876.0,52723.0
0.119,3500.0,175305.0
0.119,3500.0,200293.0
0.119,1324.0,130505.0
0.119,3500.0,329041.0
0.119,2207.0,80536.0
0.119,1226.6666666666667,100033.0
0.119,3500.0,236983.0
0.119,3500.0,235671.0
0.119,1239.0,27485.0
0.119,3500.0,152889.0
0.119,2913.0,88562.25
0.119,3500.0,89465.0
0.119,3500.0,136553.5
0.119,3500.0,240889.0
0.119,2693.0,161617.33333333334
0.119,75.0,91.0
0.119,3500.0,229613.0
0.119,2685.6666666666665,101952.66666666667
0.119,2722.0,110909.33333333333
0.119,1171.0,95239.0
0.119,1577.0,116519.0
0.119,1939.6666666666667,70028.0
0.119,1861.5,91960.5
0.119,2808.6666666666665,157608.33333333334
0.119,3500.0,230251.33333333334
0.119,3500.0,176367.5
0.119,3500.0,162463.0
0.119,1783.5,65131.0
0.119,2317.0,110975.0
0.119,1880.5,68562.0
0.119,3500.0,300380.0
0.119,3500.0,199440.5
0.119,3500.0,169341.5
0.119,3500.0,100591.0
0.119,1771.5,57841.0
0.119,3500.0,80489.0
0.119,1749.6666666666667,82676.33333333333
0.119,2441.0,140589.5
0.119,3500.0,65545.5
0.119,3104.0,184605.0
0.119,1795.0,34088.0
0.119,3500.0,172346.0
0.119,2927.0,153797.25
0.119,2714.6666666666665,182447.66666666666
0.12,3500.0,193144.0
0.12,3500.0,162509.0
0.12,3500.0,250693.0
0.12,1375.0,78806.5
0.12,2002.5,127842.0
0.12,234.0,5323.0
0.12,2275.0,76425.0
0.12,668.0,30765.5
0.12,2760.6666666666665,88867.33333333333
0.12,3500.0,148797.5
0.12,3500.0,169709.0
0.12,3500.0,304196.0
0.12,2954.75,158000.75
0.12,2277.0,126697.33333333333
0.12,1817.0,116350.5
0.12,3500.0,136325.0
0.12,832.0,27764.5
0.12,3500.0,200600.5
0.12,2103.5,117960.5
0.12,3500.0,225000.66666666666
0.12,3500.0,209100.5
0.12,3500.0,144818.0
0.12,2142.0,147414.5
0.12,1403.0,63027.0
0.12,3500.0,110987.66666666667
0.12,2682.3333333333335,209842.0
0.12,3500.0,213506.0
0.12,2640.75,114934.0
0.12,2480.75,71346.5
0.12,1932.0,46261.0
0.12,55.0,73.0
0.12,2791.6666666666665,132872.0
0.12,3500.0,85073.0
0.12,2797.0,170835.33333333334
0.12,2368.0,124636.0
0.12,3500.0,156232.33333333334
0.12,3500.0,180256.5
0.12,3500.0,136983.5
0.12,3500.0,224149.5
0.12,3500.0,235505.0
0.12,3500.0,160849.0
0.12,3500.0,143840.0
0.12,3500.0,121871.0
0.12,3500.0,82976.0
0.12,65.0,679.0
0.12,1331.0,43053.0
0.12,3500.0,222426.0
0.12,1675.0,86383.66666666667
0.12,3500.0,189393.5
0.12,1169.5,59368.5
0.12,1056.0,18198.0
0.12,2571.6666666666665,106920.33333333333
0.12,1970.5,78789.5
0.12,3500.0,268487.0
0.12,2022.0,70695.25
0.12,1808.5,65337.5
0.12,3500.0,164473.0
0.12,87.0,139.0
0.12,3500.0,190749.33333333334
0.12,3500.0,165445.5
0.12,3500.0,107502.66666666667
0.12,3500.0,159904.0
0.12,2684.6666666666665,132028.0
0.12,3500.0,118671.0
0.12,2263.5,87540.0
0.12,82.0,1168.0
0.12,3500.0,169385.66666666666
0.12,3500.0,247302.0
0.12,3500.0,127834.66666666667
0.12,3500.0,200372.0
0.12,3500.0,96200.0
0.12,767.5,29857.0
0.12,3500.0,130940.0
0.12,2553.5,132923.0
0.12,2637.25,91531.0
0.12,3500.0,200968.66666666666
0.12,3500.0,138344.0
0.12,1808.5,87347.5
0.12,2411.5,70877.0
0.12,2790.0,159385.5
0.12,2378.5,68884.5
0.12,3500.0,124023.0
0.121,3500.0,92565.5
0.121,1633.0,101020.0
0.121,3500.0,164574.0
0.121,1093.0,53461.0
0.121,2921.5,160058.5
0.121,3500.0,162276.0
0.121,3500.0,113517.0
0.121,2266.5,110109.0
0.121,3500.0,153539.0
0.121,3500.0,115866.0
0.121,3500.0,203215.0
0.121,3500.0,108962.0
0.121,2690.0,167186.0
0.121,3500.0,230657.0
0.121,3500.0,254000.0
0.121,1731.3333333333333,118324.0
0.121,3500.0,134255.5
0.121,3500.0,208918.5
0.121,3500.0,109295.5
0.121,3063.2,201333.4
0.121,3500.0,148885.5
0.121,3500.0,166983.5
0.121,3500.0,120104.0
0.121,130.0,1938.0
0.121,3500.0,84109.0
0.121,2365.3333333333335,118403.0
0.121,3500.0,125525.66666666667
0.121,3500.0,180260.0
0.121,2345.0,54943.5
0.121,3500.0,194888.5
0.121,2415.3333333333335,183921.66666666666
0.121,1784.0,87987.5
0.121,3500.0,127163.0
0.121,3500.0,88324.0
0.121,1576.3333333333333,47091.333333333336
0.121,3500.0,199922.0
0.121,1799.0,40762.5
0.121,3500.0,253027.0
0.121,1781.5,88026.0
0.121,2565.6,112264.6
0.121,1536.0,86345.33333333333
0.121,3500.0,171107.0
0.121,3206.2,214272.6
0.121,3500.0,172709.5
0.121,2702.0,93348.66666666667
0.121,3500.0,227423.0
0.121,3500.0,145591.5
0.121,2571.0,118068.16666666667
0.121,3500.0,88928.0
0.121,3500.0,235502.0
0.121,2805.0,154991.0
0.121,3500.0,111353.0
0.121,2352.6666666666665,182949.0
0.121,1200.0,34954.0
0.121,3500.0,257479.0
0.121,1418.5,82411.0
0.121,2326.5,110254.0
0.121,3500.0,178257.25
0.121,2572.5,83378.5
0.121,2300.0,187275.5
0.121,3500.0,192073.5
0.121,3500.0,123743.0
0.121,2457.0,154313.0
0.121,3500.0,110673.0
0.121,207.0,5971.0
0.121,2359.0,153612.0
0.121,3500.0,199214.0
0.121,3500.0,161105.0
0.121,2680.6666666666665,177272.0
0.121,3500.0,139783.0
0.121,3500.0,119291.0
0.121,3500.0,270293.0
0.121,1714.0,79788.0
0.121,2345.5,110890.5
0.121,3500.0,106543.0
0.121,1513.0,89911.0
0.121,3500.0,114618.33333333333
0.121,1783.5,105850.5
0.121,3500.0,166706.0
0.121,3500.0,258013.0
0.121,2563.0,92785.0
0.121,3500.0,109851.0
0.122,3500.0,163511.0
0.122,2475.0,139903.0
0.122,1783.5,141255.0
0.122,3500.0,254417.0
0.122,2418.0,77711.5
0.122,3500.0,120200.0
0.122,3500.0,205068.0
0.122,2699.6666666666665,148072.33333333334
0.122,3500.0,125643.0
0.122,3500.0,260811.5
0.122,3500.0,98815.0
0.122,2756.0,158178.5
0.122,3500.0,211974.0
0.122,2357.6666666666665,82525.33333333333
0.122,3500.0,138586.5
0.122,2370.5,133162.0
0.122,3500.0,207680.5
0.122,2494.0,104115.33333333333
0.122,3500.0,232385.0
0.122,3500.0,152877.25
0.122,3500.0,239563.5
0.122,3500.0,167081.0
0.122,1642.0,79564.66666666667
0.122,2135.6,89804.6
0.122,1659.6666666666667,47425.333333333336
0.122,1074.3333333333333,42992.666666666664
0.122,2253.0,138622.0
0.122,3500.0,124715.5
0.122,3500.0,225150.5
0.122,3500.0,174234.5
0.122,3500.0,148987.33333333334
0.122,1799.5,48960.0
0.122,3500.0,146005.0
0.122,1352.0,88090.0
0.122,426.0,8276.666666666666
0.122,3500.0,154719.5
0.122,3500.0,204106.0
0.122,3500.0,168784.0
0.122,3500.0,194006.5
0.122,2445.5,129956.5
0.122,671.0,48104.0
0.122,2254.5,62606.5
0.122,1080.0,33493.0
0.122,2761.6666666666665,170438.0
0.122,2889.25,183328.25
0.122,3500.0,96666.0
0.122,2314.5,111844.75
0.122,2565.0,97291.5
0.122,3500.0,188207.0
0.122,3500.0,193131.0
0.122,2647.25,131584.0
0.122,499.0,2230.0
0.122,3500.0,177525.66666666666
0.122,3500.0,261285.0
0.122,2972.75,113171.25
0.122,3500.0,186472.66666666666
0.122,3500.0,108118.0
0.122,3500.0,175339.66666666666
0.122,3500.0,187199.5
0.122,2254.0,92963.5
0.122,3500.0,105355.0
0.122,3500.0,112226.0
0.122,3500.0,232018.0
0.122,965.0,52054.0
0.122,652.5,31918.5
0.122,2418.6,156598.6
0.122,1265.0,49873.0
0.122,3500.0,144709.0
0.122,3500.0,69148.0
0.122,2708.3333333333335,113074.0
0.122,2435.5,81484.5
0.122,2895.25,99942.75
0.123,3500.0,173273.5
0.123,3500.0,235378.0
0.123,1787.0,83836.5
0.123,3500.0,211691.0
0.123,2676.5,129870.0
0.123,3500.0,248316.0
0.123,2651.75,137341.25
0.123,3500.0,147781.0
0.123,2394.8333333333335,128557.83333333333
0.123,1247.0,104477.0
0.123,3500.0,157428.5
0.123,1853.5,91831.5
0.123,2073.6666666666665,103438.83333333333
0.123,3500.0,214778.0
0.123,2252.0,163746.5
0.123,1081.0,70681.0
0.123,3500.0,235794.5
0.123,3500.0,166389.5
0.123,3500.0,183578.0
0.123,3500.0,251446.0
0.123,3078.8,103359.0
0.123,2140.5,101251.0
0.123,3500.0,241798.0
0.123,3500.0,211864.5
0.123,3500.0,209514.0
0.123,3500.0,131820.0
0.123,3500.0,149151.0
0.123,2297.5,76866.0
0.123,3500.0,60797.0
0.123,3500.0,184149.25
0.123,1569.0,44577.0
0.123,3500.0,149031.0
0.123,3500.0,73069.5
0.123,3500.0,144581.4
0.123,3500.0,218240.66666666666
0.123,3500.0,156371.0
0.123,1569.0,99380.0
0.123,2265.0,109881.0
0.123,2702.3333333333335,123785.66666666667
0.123,908.5,56616.0
0.123,3500.0,211577.0
0.123,2049.6666666666665,73992.0
0.123,1062.0,7651.0
0.123,3500.0,247382.0
0.123,3500.0,173123.0
0.123,105.0,151.0
0.123,3500.0,137538.0
0.123,604.0,31933.0
0.123,3500.0,138708.0
0.123,3500.0,186065.0
0.123,3500.0,144915.66666666666
0.123,3500.0,78621.0
0.123,2102.6666666666665,136019.33333333334
0.123,2771.0,122048.25
0.123,2845.8,156960.2
0.123,2296.5,74740.5
0.123,3500.0,219950.0
0.123,3500.0,215316.0
0.123,2674.0,230668.0
0.123,1835.5,62982.5
0.123,2425.0,197465.0
0.123,3500.0,184304.0
0.123,177.0,335.0
0.123,2691.0,134656.33333333334
0.123,2025.0,96607.5
0.123,1505.0,75984.25
0.123,3500.0,99396.0
0.123,2309.5,122648.5
0.123,3500.0,179704.0
0.123,3500.0,128246.0
0.123,1338.6666666666667,81617.0
0.123,3500.0,146894.0
0.123,3500.0,150796.0
0.123,3500.0,118868.0
0.123,502.0,16697.0
0.123,3500.0,165895.0
0.124,1784.0,117033.0
0.124,3500.0,70211.0
0.124,536.0,40713.5
0.124,1107.4,57690.2
0.124,277.0,13065.0
0.124,3500.0,173049.33333333334
0.124,2795.0,153256.66666666666
0.124,3500.0,236458.33333333334
0.124,439.6666666666667,17733.0
0.124,1779.5,101119.0
0.124,3028.8,155549.4
0.124,2689.75,127487.25
0.124,2670.3333333333335,170249.33333333334
0.124,3500.0,222654.0
0.124,2398.5,120360.5
0.124,3500.0,231373.0
0.124,73.0,837.0
0.124,1974.5,104379.0
0.124,2348.0,65770.0
0.124,1215.6666666666667,59455.333333333336
0.124,3500.0,134477.0
0.124,3500.0,178866.5
0.124,156.0,2468.0
0.124,1020.0,8470.0
0.124,3500.0,161601.66666666666
0.124,3500.0,148350.5
0.124,3500.0,176468.0
0.124,3500.0,250126.0
0.124,3500.0,228236.33333333334
0.124,1790.5,35533.0
0.124,1804.5,127266.5
0.124,2190.5,88190.5
0.124,3500.0,178616.5
0.124,3500.0,166433.5
0.124,3500.0,192654.0
0.124,3500.0,150039.66666666666
0.124,2579.3333333333335,135981.33333333334
0.124,3500.0,87512.0
0.124,2761.6666666666665,136438.0
0.124,3500.0,185759.0
0.124,2253.5,159660.0
0.124,3500.0,236131.0
0.124,3500.0,108055.5
0.124,3500.0,184588.0
0.124,3500.0,148930.0
0.124,2703.6666666666665,156930.0
0.124,1821.0,81259.5
0.124,3500.0,90165.0
0.124,3500.0,97661.0
0.124,3500.0,118530.5
0.124,3500.0,160700.0
0.124,3500.0,238634.66666666666
0.124,1692.0,92080.0
0.124,3500.0,263787.0
0.124,1153.0,88022.0
0.124,1981.3333333333333,73652.0
0.124,3500.0,189548.5
0.124,3500.0,101023.5
0.124,1788.0,123239.5
0.124,592.0,15986.5
0.124,3500.0,139194.0
0.124,3500.0,166273.0
0.124,3500.0,238554.0
0.124,3500.0,145627.5
0.124,3500.0,173490.5
0.124,3500.0,182901.0
0.124,3500.0,221269.0
0.124,2935.75,112341.5
0.124,976.75,36283.5
0.124,3500.0,140908.0
0.124,3500.0,117422.0
0.124,1799.5,71640.5
0.124,3500.0,284244.0
0.124,1299.0,37808.5
0.124,3500.0,213655.5
0.124,3500.0,155853.5
0.124,1782.0,52131.0
0.124,3500.0,238993.0
0.124,3500.0,169432.0
0.124,2508.0,141233.33333333334
0.124,3500.0,175476.4
0.124,3500.0,149065.5
0.125,3500.0,192766.66666666666
0.125,1831.5,124283.0
0.125,2352.5,140533.0
0.125,2457.0,142556.2
0.125,3500.0,169055.0
0.125,3500.0,170478.0
0.125,3500.0,194643.0
0.125,1289.5,59452.5
0.125,3500.0,178839.0
0.125,2370.0,91648.5
0.125,3500.0,239567.0
0.125,3500.0,261078.0
0.125,3500.0,242836.0
0.125,1594.3333333333333,88242.0
0.125,2686.5,107628.5
0.125,3500.0,145936.0
0.125,637.5,14762.0
0.125,2909.5,159889.5
0.125,2354.0,128950.66666666667
0.125,2795.0,178043.33333333334
0.125,3500.0,148362.0
0.125,3500.0,76565.0
0.125,3500.0,188645.0
0.125,2639.5,131885.75
0.125,2307.0,64695.5
0.125,3500.0,94182.0
0.125,2006.0,61480.0
0.125,3500.0,291783.0
0.125,3500.0,235326.66666666666
0.125,3500.0,162500.0
0.125,198.0,7228.0
0.125,3500.0,231598.0
0.125,3500.0,251650.0
0.125,3500.0,168442.0
0.125,2265.0,134340.0
0.125,3500.0,184729.4
0.125,3500.0,173281.0
0.125,383.0,19034.0
0.125,1767.0,89350.5
0.125,3500.0,130971.0
0.125,2367.6666666666665,100841.66666666667
0.125,3500.0,172448.75
0.125,3500.0,142689.5
0.125,1999.5,111243.0
0.125,3500.0,150097.0
0.125,2225.5,101996.25
0.125,2843.8333333333335,161456.83333333334
0.125,1594.6666666666667,102182.33333333333
0.125,2918.75,94516.75
0.125,1517.5,107656.5
0.125,3500.0,149937.5
0.125,2119.5,92087.5
0.125,3500.0,125627.0
0.125,2673.0,159215.66666666666
0.125,3500.0,217385.0
0.125,1798.5,128801.0
0.125,3500.0,200472.33333333334
0.125,650.0,49743.5
0.125,3500.0,119782.0
0.125,2180.5,130403.0
0.125,3500.0,160860.0
0.125,1239.6666666666667,78153.33333333333
0.125,3500.0,180647.0
0.125,3500.0,119606.0
0.125,3500.0,173962.33333333334
0.125,3500.0,188942.66666666666
0.125,3500.0,175471.0
0.125,2373.3333333333335,116907.33333333333
0.125,3500.0,169605.0
0.125,1983.0,93120.66666666667
0.125,2251.0,68683.5
0.125,901.8,52045.6
0.125,1237.0,43313.0
0.125,108.0,224.0
0.125,2287.0,59718.5
0.125,3500.0,81274.0
0.125,73.0,423.5
0.125,2994.0,100029.25
0.125,2353.0,129968.33333333333
0.125,3500.0,239885.66666666666
0.126,3500.0,125227.0
0.126,2376.0,102427.66666666667
0.126,1779.0,106002.5
0.126,1787.5,87773.5
0.126,3500.0,221425.5
0.126,3500.0,129270.0
0.126,2022.3333333333333,94703.33333333333
0.126,3500.0,235899.0
0.126,3500.0,182823.33333333334
0.126,1790.0,85842.0
0.126,2352.3333333333335,142403.33333333334
0.126,1614.0,88980.0
0.126,2500.5,69563.5
0.126,3500.0,99510.0
0.126,3500.0,95804.0
0.126,1774.5,127152.0
0.126,3500.0,110976.0
0.126,3500.0,135208.0
0.126,3500.0,239088.5
0.126,3500.0,205151.0
0.126,1780.5,75909.0
0.126,3500.0,147712.5
0.126,2689.6666666666665,145209.33333333334
0.126,3500.0,115201.0
0.126,3500.0,268889.0
0.126,3500.0,207830.0
0.126,1836.0,166155.0
0.126,1015.0,36433.0
0.126,2419.0,108236.66666666667
0.126,1228.0,76321.0
0.126,3500.0,195467.0
0.126,2757.3333333333335,126272.66666666667
0.126,3500.0,155532.0
0.126,1042.0,19337.0
0.126,1780.0,99194.0
0.126,2284.5,73549.0
0.126,693.5,38995.0
0.126,1674.3333333333333,96627.0
0.126,2410.5,112212.0
0.126,1403.2,58958.0
0.126,3500.0,249535.66666666666
0.126,3500.0,104553.0
0.126,3500.0,192572.0
0.126,3500.0,100065.0
0.126,3500.0,202339.66666666666
0.126,1235.0,83471.0
0.126,1503.6666666666667,68575.0
0.126,3500.0,114690.0
0.126,3500.0,153430.0
0.126,3500.0,139402.33333333334
0.126,3500.0,139657.33333333334
0.126,1962.0,89898.0
0.126,3500.0,186753.0
0.126,3500.0,191839.0
0.126,2953.5,140589.25
0.126,2323.6,117426.6
0.126,3500.0,164822.5
0.126,3500.0,119766.5
0.126,1072.0,84308.0
0.126,3500.0,161821.0
0.126,1350.0,98772.0
0.126,3500.0,181957.5
0.126,3500.0,158822.0
0.126,2183.2,79479.0
0.126,3500.0,114464.0
0.126,3500.0,181056.25
0.126,796.0,51177.0
0.126,3500.0,100365.0
0.126,3500.0,131488.0
0.126,3500.0,124511.0
0.126,3500.0,63647.0
0.126,2291.0,153271.0
0.126,2640.75,93194.5
0.126,3500.0,235338.0
0.126,3500.0,191824.16666666666
0.126,3500.0,161062.0
0.126,3500.0,237516.66666666666
0.126,3500.0,161924.5
0.126,2174.5,167651.5
0.126,2124.3333333333335,72814.0
0.127,1976.6666666666667,48498.333333333336
0.127,3500.0,227735.0
0.127,3500.0,167586.0
0.127,3056.25,130508.5
0.127,3500.0,202528.0
0.127,3500.0,120178.0
0.127,3500.0,225900.0
0.127,3500.0,250228.5
0.127,1538.25,78764.0
0.127,3500.0,176449.33333333334
0.127,95.0,103.0
0.127,3500.0,175217.5
0.127,2387.0,49978.5
0.127,2126.2,109272.0
0.127,2749.5,101028.0
0.127,1113.0,20292.0
0.127,1592.0,75447.5
0.127,3500.0,143888.0
0.127,2724.0,125859.0
0.127,456.0,5519.5
0.127,1325.0,40390.0
0.127,3500.0,210118.0
0.127,3500.0,137980.0
0.127,3500.0,176657.0
0.127,2429.0,71291.5
0.127,1947.5,81636.0
0.127,2656.0,151323.5
0.127,3500.0,225936.0
0.127,1811.0,73642.5
0.127,3500.0,131845.0
0.127,1813.0,69788.5
0.127,1982.0,55086.5
0.127,3500.0,234856.0
0.127,3500.0,235336.0
0.127,3500.0,193139.0
0.127,3500.0,226524.0
0.127,1104.0,38249.0
0.127,3500.0,186055.25
0.127,3500.0,231081.66666666666
0.127,2275.75,115030.0
0.127,1855.0,124809.0
0.127,3500.0,220943.2
0.127,3500.0,263091.5
0.127,1121.0,67074.5
0.127,2933.0,172729.83333333334
0.127,3500.0,168127.33333333334
0.127,1806.0,63844.0
0.127,82.0,100.0
0.127,2195.5,151884.5
0.127,2936.25,141210.0
0.127,1793.5,95653.0
0.127,3500.0,217404.5
0.127,57.0,61.0
0.127,3500.0,219718.0
0.127,2375.0,135448.0
0.127,1917.5,93508.5
0.127,3500.0,120041.0
0.127,3500.0,150617.0
0.127,1818.0,71745.5
0.127,3500.0,178007.33333333334
0.127,3500.0,79821.0
0.127,3500.0,182148.0
0.127,3500.0,142668.0
0.127,3500.0,120017.0
0.127,3500.0,241793.0
0.127,1530.0,43504.666666666664
0.127,3500.0,186653.0
0.127,3500.0,94777.0
0.127,3500.0,172346.5
0.127,2748.6666666666665,121673.33333333333
0.127,3500.0,138750.0
0.127,3500.0,62264.0
0.127,3500.0,156146.0
0.127,2764.3333333333335,108538.33333333333
0.127,3500.0,151715.0
0.128,3500.0,96810.0
0.128,3500.0,113100.0
0.128,3500.0,145694.4
0.128,3500.0,137809.0
0.128,1327.0,42781.0
0.128,3500.0,161594.0
0.128,224.0,1054.0
0.128,1202.0,75930.0
0.128,3500.0,140883.0
0.128,2595.5,144233.5
0.128,1915.6666666666667,67530.66666666667
0.128,2006.0,80612.5
0.128,3500.0,105843.0
0.128,2835.3333333333335,84774.33333333333
0.128,990.0,124045.0
0.128,780.4,27661.8
0.128,3500.0,106313.0
0.128,2188.6666666666665,80688.33333333333
0.128,3500.0,234556.0
0.128,3500.0,189917.0
0.128,2122.6666666666665,104788.0
0.128,2890.25,132992.25
0.128,3500.0,187734.0
0.128,1187.0,42067.0
0.128,3500.0,222760.0
0.128,2301.5,112724.0
0.128,3500.0,202141.0
0.128,3500.0,107847.0
0.128,3500.0,174529.0
0.128,1129.0,43056.0
0.128,3500.0,184855.0
0.128,3500.0,170341.0
0.128,88.0,4168.0
0.128,2349.5,71149.5
0.128,3500.0,213279.0
0.128,2883.6666666666665,96449.66666666667
0.128,3500.0,223110.0
0.128,2252.5,72296.5
0.128,3500.0,89298.0
0.128,2748.6666666666665,123173.0
0.128,3500.0,102307.0
0.128,2430.0,108162.66666666667
0.128,3500.0,99866.5
0.128,2590.6666666666665,131937.66666666666
0.128,3500.0,172064.5
0.128,3500.0,114295.0
0.128,3500.0,212512.5
0.128,1813.0,57711.5
0.128,3500.0,178161.66666666666
0.128,2923.3333333333335,141114.0
0.128,3500.0,101307.0
0.128,3500.0,177723.0
0.128,1262.0,145908.0
0.128,3500.0,203337.5
0.128,2383.6666666666665,101858.33333333333
0.128,3500.0,133112.0
0.128,1781.5,49343.5
0.128,1790.0,51862.0
0.128,3500.0,123891.0
0.128,1780.5,53815.5
0.128,1173.0,69719.5
0.128,2377.75,70970.25
0.128,2077.5,76628.0
0.128,3500.0,239787.0
0.128,3500.0,82979.0
0.128,3500.0,103002.0
0.128,3500.0,168469.0
0.128,1818.5,72442.0
0.128,3500.0,106319.0
0.128,3500.0,178565.0
0.128,1324.75,50498.75
0.128,3500.0,300146.0
0.128,2825.0,128801.0
0.128,2362.3333333333335,94318.0
0.128,3500.0,197375.0
0.129,381.0,26475.0
0.129,2186.5,119976.0
0.129,2670.3333333333335,139373.66666666666
0.129,2830.6,124544.2
0.129,1572.0,58541.666666666664
0.129,3500.0,206312.5
0.129,2818.2,183868.0
0.129,2096.25,100489.0
0.129,3500.0,115483.5
0.129,1675.75,96089.0
0.129,3500.0,168046.0
0.129,1866.0,53702.5
0.129,3500.0,128398.0
0.129,2367.0,128834.66666666667
0.129,3500.0,206489.0
0.129,1847.0,66032.33333333333
0.129,3500.0,131221.0
0.129,3500.0,133714.0
0.129,3500.0,121774.5
0.129,3500.0,152326.0
0.129,3500.0,150978.0
0.129,3500.0,163417.0
0.129,1798.0,52780.5
0.129,2327.8,127128.6
0.129,3500.0,194860.5
0.129,2307.0,86166.5
0.129,3500.0,196440.33333333334
0.129,2379.3333333333335,97408.0
0.129,3500.0,187416.0
0.129,613.0,7634.0
0.129,3500.0,278966.0
0.129,3500.0,191464.0
0.129,1805.5,49983.5
0.129,1813.0,117583.0
0.129,3500.0,171722.0
0.129,2913.5,104894.25
0.129,2846.0,125772.0
0.129,2387.6666666666665,96740.0
0.129,2895.25,165018.75
0.129,3500.0,158551.0
0.129,1800.0,66486.5
0.129,2282.0,123113.5
0.129,1876.3333333333333,72430.66666666667
0.129,3500.0,115724.0
0.129,3500.0,191267.0
0.129,3500.0,87397.5
0.129,3500.0,256873.0
0.129,3500.0,174200.66666666666
0.129,1956.0,116858.5
0.129,3208.5,127590.75
0.129,3500.0,166532.5
0.129,3500.0,150713.0
0.129,1872.5,101141.5
0.129,3500.0,172518.0
0.129,1464.0,132777.0
0.129,2370.5,79066.5
0.129,102.0,223.0
0.129,2349.0,109601.0
0.129,2287.0,162902.0
0.129,2064.75,113885.25
0.129,3500.0,97459.0
0.129,1013.0,23315.0
0.129,3500.0,174039.33333333334
0.129,3500.0,73581.0
0.129,2384.0,152992.33333333334
0.129,3500.0,249495.0
0.129,3500.0,283816.0
0.129,3500.0,180519.0
0.129,3086.3333333333335,157780.83333333334
0.129,2414.0,133978.0
0.129,3500.0,100955.0
0.129,1594.0,85718.0
0.129,3500.0,234935.0
0.129,519.5,33504.5
0.129,3500.0,122606.0
0.129,709.5,80431.5
0.129,3500.0,221382.0
0.129,3500.0,133396.0
0.129,1816.5,123679.5
0.129,2079.0,76884.0
0.129,3500.0,159832.0
0.129,3500.0,154774.0
0.129,2118.5,115668.0
0.13,1784.25,95591.5
0.13,3500.0,121503.0
0.13,1790.0,103541.0
0.13,1266.3333333333333,54391.333333333336
0.13,3009.25,153081.25
0.13,1220.6666666666667,29770.333333333332
0.13,3500.0,113480.0
0.13,2688.25,127859.5
0.13,3500.0,130648.0
0.13,2353.6666666666665,96192.66666666667
0.13,3500.0,99539.0
0.13,3500.0,184347.5
0.13,3500.0,214243.5
0.13,3500.0,190677.0
0.13,3500.0,172217.5
0.13,3500.0,181606.33333333334
0.13,2585.8,136538.0
0.13,3500.0,141734.0
0.13,2400.0,126361.5
0.13,1719.3333333333333,126292.0
0.13,3500.0,177530.33333333334
0.13,2459.6666666666665,117879.33333333333
0.13,3500.0,122944.5
0.13,3500.0,212154.25
0.13,3500.0,179335.5
0.13,3500.0,240340.0
0.13,3500.0,137219.5
0.13,3110.3333333333335,194639.66666666666
0.13,2320.5,147131.5
0.13,1724.2,110783.2
0.13,1124.0,73313.25
0.13,3002.4,185104.6
0.13,3500.0,175411.66666666666
0.13,2767.6666666666665,143398.0
0.13,2716.0,130957.0
0.13,3500.0,93840.0
0.13,3500.0,147409.0
0.13,1027.0,70822.0
0.13,65.0,893.0
0.13,2647.0,121053.5
0.13,2668.3333333333335,121162.66666666667
0.13,3500.0,81016.0
0.13,3500.0,186174.0
0.13,2328.5,79571.0
0.13,3500.0,236757.0
0.13,2853.0,209377.66666666666
0.13,1092.0,36444.0
0.13,3500.0,233917.25
0.13,3018.6,158202.0
0.13,3500.0,159244.0
0.13,1241.0,63463.0
0.13,2678.3333333333335,112166.33333333333
0.13,3500.0,118609.0
0.13,3030.25,137743.5
0.13,1879.5,141830.5
0.13,3500.0,90961.0
0.13,3500.0,255998.5
0.13,2276.5,68595.5
0.13,1843.5,60217.5
0.13,3500.0,207688.0
0.13,3500.0,196137.0
0.13,2338.0,128882.0
0.13,3500.0,91532.0
0.13,3500.0,185888.5
0.13,255.0,7654.0
0.13,2355.8,87433.8
0.13,805.0,28933.0
0.13,3500.0,225165.0
0.13,1204.0,45301.0
0.13,3500.0,210541.5
0.13,3500.0,173166.6
0.13,2101.0,64727.333333333336
0.13,3135.1666666666665,110412.0
0.13,3500.0,208909.66666666666
0.13,1868.0,85606.5
0.13,3500.0,152445.0
0.13,3500.0,258240.0
0.131,2361.0,166804.33333333334
0.131,3500.0,282354.0
0.131,1287.5,68009.5
0.131,2364.0,66169.66666666667
0.131,2648.5,123812.75
0.131,1489.0,42644.0
0.131,3500.0,186238.5
0.131,1799.0,134009.5
0.131,1448.0,20691.0
0.131,1945.5,88221.83333333333
0.131,3500.0,169462.33333333334
0.131,1780.0,104785.0
0.131,3500.0,261328.0
0.131,3500.0,209069.0
0.131,1361.0,20580.0
0.131,3500.0,184713.5
0.131,2901.0,128934.0
0.131,2551.8,90403.0
0.131,2789.0,101374.0
0.131,1259.0,42950.0
0.131,3019.0,142219.8
0.131,3500.0,229773.33333333334
0.131,3500.0,134553.0
0.131,2312.5,132698.0
0.131,2452.3333333333335,161014.0
0.131,2785.5,77546.5
0.131,2344.5,115430.5
0.131,1161.0,32797.0
0.131,2263.0,74162.0
0.131,2640.25,134345.0
0.131,3500.0,144106.66666666666
0.131,1015.0,46771.0
0.131,3500.0,116514.5
0.131,3500.0,122528.0
0.131,2112.25,113114.5
0.131,3500.0,194165.5
0.131,1543.0,31807.0
0.131,1164.0,43351.0
0.131,3500.0,91790.0
0.131,3500.0,194478.5
0.131,1839.0,90956.25
0.131,3500.0,185557.0
0.131,3500.0,193948.0
0.131,1600.0,51380.0
0.131,3500.0,99539.0
0.131,2366.6666666666665,95973.66666666667
0.131,2125.5,85885.75
0.131,1775.0,44328.0
0.131,3500.0,235271.0
0.131,97.0,106.0
0.131,3500.0,180551.0
0.131,3500.0,189873.0
0.131,3500.0,271404.0
0.131,648.5,13925.0
0.131,1814.0,85827.0
0.131,3500.0,212534.0
0.131,3500.0,176577.0
0.131,634.5,22232.5
0.131,3500.0,149013.0
0.131,3500.0,203519.5
0.131,3500.0,152260.5
0.131,3500.0,167202.0
0.131,3500.0,237745.66666666666
0.131,3500.0,215587.0
0.131,1462.0,90733.16666666667
0.131,238.0,16751.0
0.131,3500.0,101339.0
0.131,3500.0,192800.0
0.131,3500.0,110455.5
0.131,3500.0,196968.0
0.131,3500.0,176072.0
0.131,2066.75,84555.75
0.131,3500.0,145005.5
0.131,1876.5,48757.0
0.131,3500.0,174172.0
0.131,2923.5,137106.5
0.131,2105.0,100797.25
0.131,3500.0,35271.0
0.131,2304.5,93814.5
0.131,2398.6666666666665,152161.0
0.131,2834.6,146441.2
0.131,3500.0,200180.33333333334
0.131,3500.0,168127.5
0.132,2370.3333333333335,116922.66666666667
0.132,37.0,487.0
0.132,3500.0,144843.0
0.132,3500.0,191582.0
0.132,3500.0,69711.0
0.132,3500.0,115604.0
0.132,3500.0,151701.0
0.132,2173.5,70618.0
0.132,2299.5,101770.0
0.132,1234.5,69092.0
0.132,1427.0,83665.66666666667
0.132,1101.0,18995.0
0.132,3500.0,177003.6
0.132,3500.0,140122.5
0.132,2681.6666666666665,92662.0
0.132,3500.0,103877.0
0.132,2356.5,90877.0
0.132,3500.0,205041.0
0.132,3500.0,187248.0
0.132,3500.0,231431.0
0.132,3500.0,240732.0
0.132,2718.6666666666665,190071.66666666666
0.132,2673.6666666666665,177975.0
0.132,2348.5,105514.5
0.132,3500.0,109898.5
0.132,3500.0,211030.5
0.132,2812.2,130403.0
0.132,3500.0,222962.0
0.132,3500.0,245406.0
0.132,3500.0,176901.0
0.132,2678.0,79169.33333333333
0.132,3500.0,168869.5
0.132,3500.0,146055.33333333334
0.132,2661.0,115443.5
0.132,2766.0,133442.5
0.132,3500.0,185503.0
0.132,3500.0,253436.0
0.132,3500.0,97426.0
0.132,1830.0,52925.0
0.132,3500.0,154134.0
0.132,3500.0,111455.0
0.132,1827.0,104815.5
0.132,3500.0,155938.0
0.132,3500.0,238191.0
0.132,361.0,8340.0
0.132,3500.0,81684.0
0.132,3500.0,145583.0
0.132,3500.0,166685.0
0.132,3500.0,64430.0
0.132,2720.3333333333335,123555.0
0.132,1804.0,79717.5
0.132,3500.0,182096.0
0.132,2314.5,128206.5
0.132,2672.6666666666665,147668.33333333334
0.132,3500.0,198048.33333333334
0.132,3500.0,174919.5
0.132,3500.0,114504.5
0.132,1323.0,43099.0
0.132,1198.0,31094.0
0.132,2062.0,66878.33333333333
0.132,3500.0,179624.0
0.132,2097.5,161827.0
0.132,1542.3333333333333,69391.66666666667
0.132,3500.0,127103.4
0.132,3500.0,162118.0
0.132,3500.0,203102.5
0.132,3500.0,228981.5
0.132,2730.3333333333335,120680.0
0.132,2437.6666666666665,119505.33333333333
0.132,638.5,15676.0
0.132,3500.0,213471.0
0.132,3500.0,165004.6
0.132,2607.0,120593.0
0.132,2677.0,113823.33333333333
0.132,3500.0,163649.5
0.132,2391.1666666666665,102445.66666666667
0.132,3500.0,206322.66666666666
0.132,2740.6666666666665,143913.0
0.132,815.0,24650.0
0.132,1827.0,101045.5
0.133,2302.5,69446.0
0.133,1816.0,77180.0
0.133,3500.0,274441.0
0.133,3500.0,240257.0
0.133,3500.0,104378.5
0.133,3500.0,139291.0
0.133,3500.0,134770.5
0.133,1025.0,35884.0
0.133,3500.0,119302.0
0.133,2834.0,78778.66666666667
0.133,2665.3333333333335,148211.33333333334
0.133,3500.0,167077.0
0.133,846.0,19498.5
0.133,1886.5,123882.0
0.133,2219.2,81684.6
0.133,3500.0,173462.8
0.133,2398.25,96641.75
0.133,1818.0,78944.0
0.133,3018.2,174208.6
0.133,3500.0,195781.0
0.133,2688.25,161005.75
0.133,3500.0,162219.0
0.133,3500.0,130498.66666666667
0.133,3500.0,235009.0
0.133,3500.0,135045.5
0.133,2853.6666666666665,121646.66666666667
0.133,2350.0,182121.5
0.133,3500.0,186467.66666666666
0.133,63.0,494.0
0.133,2266.5,88531.0
0.133,3500.0,158829.0
0.133,3500.0,208030.66666666666
0.133,3500.0,163341.0
0.133,717.0,20325.0
0.133,3500.0,194174.66666666666
0.133,3500.0,163262.6
0.133,3500.0,203090.0
0.133,2316.75,95467.0
0.133,2366.0,90284.33333333333
0.133,1932.5714285714287,68730.14285714286
0.133,651.0,27077.0
0.133,3031.0,133025.75
0.133,1782.0,92030.0
0.133,3500.0,158385.0
0.133,1075.0,34669.5
0.133,3500.0,184394.0
0.133,2500.6666666666665,89694.33333333333
0.133,2363.6666666666665,79341.66666666667
0.133,3500.0,259818.0
0.133,3500.0,171788.75
0.133,1861.75,86678.5
0.133,1202.0,89218.0
0.133,3500.0,118479.0
0.133,2995.75,145132.75
0.133,2337.0,112027.4
0.133,1883.0,126298.0
0.133,3500.0,130038.0
0.133,601.5,12177.0
0.133,3500.0,134279.0
0.133,2477.75,89760.75
0.133,1034.0,26633.0
0.133,3500.0,155980.0
0.133,3500.0,208182.66666666666
0.133,3500.0,110434.0
0.133,1851.0,44175.0
0.133,3500.0,154566.0
0.133,3500.0,203214.5
0.133,301.0,13843.0
0.133,3500.0,227006.66666666666
0.133,609.5,32486.0
0.133,151.0,7190.0
0.133,3500.0,165503.0
0.133,1865.5,134323.5
0.133,3500.0,181184.33333333334
0.133,2899.0,151596.75
0.134,3500.0,264190.0
0.134,3500.0,165489.5
0.134,2295.5,70596.5
0.134,304.0,3826.0
0.134,2257.0,94676.5
0.134,2460.5,99406.5
0.134,3500.0,226204.0
0.134,355.0,3655.0
0.134,2115.5,86650.0
0.134,3500.0,118232.0
0.134,3500.0,151998.0
0.134,2004.5,118725.0
0.134,3500.0,104475.5
0.134,3500.0,168152.0
0.134,3500.0,79792.0
0.134,1798.5,53877.0
0.134,1796.0,62091.0
0.134,1883.6666666666667,72113.33333333333
0.134,3500.0,175487.25
0.134,2127.5,124132.5
0.134,2784.0,127744.0
0.134,3500.0,60219.0
0.134,2287.5,131588.5
0.134,1441.0,67607.66666666667
0.134,3500.0,266192.0
0.134,3500.0,87259.0
0.134,3500.0,136203.0
0.134,3500.0,242784.0
0.134,108.0,111.0
0.134,3500.0,185352.25
0.134,3500.0,160660.0
0.134,1409.0,39650.0
0.134,3500.0,157895.5
0.134,3500.0,160970.0
0.134,2417.8,95546.0
0.134,3500.0,207635.0
0.134,1680.6,64628.0
0.134,3500.0,260788.0
0.134,2980.6666666666665,166521.0
0.134,3500.0,120077.5
0.134,1882.3333333333333,90847.0
0.134,3500.0,118063.0
0.134,2821.3333333333335,130830.33333333333
0.134,2890.3333333333335,165538.0
0.134,1455.0,69968.0
0.134,3500.0,296300.0
0.134,3500.0,158353.0
0.134,3500.0,61636.0
0.134,3500.0,142851.0
0.134,1742.0,52161.666666666664
0.134,3018.8,133658.8
0.134,2710.3333333333335,105596.0
0.134,3500.0,114274.8
0.134,2316.0,106759.0
0.134,2676.6666666666665,63316.333333333336
0.134,3500.0,139785.5
0.134,3500.0,119698.0
0.134,3500.0,98435.0
0.134,2556.0,151590.0
0.134,1812.5,62797.5
0.134,3500.0,238133.0
0.134,3500.0,209785.33333333334
0.134,3012.8,142765.6
0.134,2897.3333333333335,112657.66666666667
0.134,3500.0,222215.5
0.134,3500.0,149929.0
0.134,3500.0,90453.0
0.134,3500.0,193984.5
0.134,2415.0,163449.33333333334
0.134,3500.0,179626.0
0.134,3500.0,93801.0
0.134,3500.0,184972.66666666666
0.134,1080.0,59994.0
0.134,3500.0,169165.33333333334
0.134,2033.5,123177.5
0.134,2947.0,157796.0
0.134,2667.6666666666665,103373.0
0.134,2240.5,124372.5
0.134,3500.0,97132.0
0.134,3500.0,63033.0
0.135,3500.0,237527.5
0.135,2918.75,147482.25
0.135,1176.0,12512.0
0.135,3500.0,213433.0
0.135,3500.0,96252.0
0.135,2132.0,93044.4
0.135,3500.0,227261.0
0.135,3500.0,180561.0
0.135,3500.0,166541.0
0.135,1131.0,18923.0
0.135,89.0,99.0
0.135,3500.0,101889.0
0.135,3500.0,168826.0
0.135,3500.0,123138.0
0.135,1207.0,84214.0
0.135,3500.0,188259.0
0.135,3500.0,177197.0
0.135,2679.0,136055.5
0.135,3500.0,165054.0
0.135,3500.0,205970.0
0.135,3500.0,213753.5
0.135,3500.0,175724.33333333334
0.135,3500.0,173622.0
0.135,3500.0,159254.5
0.135,3500.0,104038.0
0.135,3500.0,196272.0
0.135,3500.0,169403.0
0.135,3500.0,77980.5
0.135,3500.0,218560.66666666666
0.135,3500.0,141822.0
0.135,2221.5,69703.5
0.135,2374.0,80192.66666666667
0.135,3500.0,179720.0
0.135,3500.0,185761.33333333334
0.135,3500.0,201669.0
0.135,3500.0,207867.0
0.135,173.0,1869.0
0.135,1668.6666666666667,73067.0
0.135,3500.0,130536.0
0.135,1866.0,48416.0
0.135,3500.0,116164.5
0.135,104.0,1633.0
0.135,108.0,1180.0
0.135,2265.0,137646.5
0.135,3500.0,118530.5
0.135,2641.5,101206.5
0.135,69.0,99.0
0.135,3500.0,167902.0
0.135,2386.0,189787.0
0.135,2145.8,116330.8
0.135,3500.0,184667.0
0.135,3500.0,230545.5
0.135,2725.0,134559.0
0.135,1297.0,98457.0
0.135,2279.0,132078.75
0.135,2705.6666666666665,119607.33333333333
0.135,2327.5,72819.0
0.135,3500.0,133636.0
0.135,3500.0,153017.0
0.135,3500.0,157530.0
0.135,3500.0,230603.0
0.135,2355.0,131422.0
0.135,3500.0,156291.5
0.135,1826.0,44196.5
0.135,61.0,883.0
0.135,3500.0,254419.0
0.135,3500.0,258921.0
0.135,3500.0,132690.0
0.135,2701.6666666666665,177243.0
0.135,1297.0,41660.333333333336
0.135,2367.3333333333335,132521.0
0.135,2915.3333333333335,209627.66666666666
0.135,3500.0,102607.0
0.135,3500.0,68953.0
0.135,3500.0,142365.25
0.135,3500.0,125265.0
0.135,3500.0,136592.0
0.135,2330.75,65576.0
0.135,3500.0,141769.0
0.135,3500.0,175816.0
0.135,2275.5,115346.5
0.136,3500.0,193739.4
0.136,3500.0,96917.0
0.136,2300.0,104915.5
0.136,3500.0,105544.5
0.136,3500.0,119673.5
0.136,2681.6666666666665,93448.66666666667
0.136,1035.0,30045.0
0.136,3500.0,176030.33333333334
0.136,219.0,355.0
0.136,3500.0,193108.0
0.136,3500.0,174419.0
0.136,3500.0,206288.5
0.136,3500.0,175340.33333333334
0.136,173.0,267.0
0.136,3500.0,139489.5
0.136,3500.0,163283.0
0.136,2678.6666666666665,84585.0
0.136,3500.0,129287.0
0.136,62.0,581.0
0.136,2354.0,160942.33333333334
0.136,2791.0,146229.33333333334
0.136,1793.0,71011.5
0.136,2397.0,82708.66666666667
0.136,3500.0,153589.0
0.136,2338.5,116111.0
0.136,1940.5,95767.5
0.136,1523.25,87355.75
0.136,1803.0,115391.5
0.136,1779.5,52325.0
0.136,3500.0,88722.5
0.136,2675.3333333333335,71734.33333333333
0.136,2686.6666666666665,100641.0
0.136,2886.0,145341.5
0.136,1799.5,98010.5
0.136,3500.0,96160.0
0.136,1441.0,100769.0
0.136,2189.0,92995.75
0.136,2054.6666666666665,58914.666666666664
0.136,2741.6666666666665,166637.0
0.136,3500.0,83856.0
0.136,3500.0,80617.0
0.136,2376.0,120926.33333333333
0.136,2064.0,66126.0
0.136,2290.5,61420.5
0.136,3500.0,174325.33333333334
0.136,2375.0,87722.0
0.136,3500.0,111666.0
0.136,3500.0,249243.0
0.136,1797.5,100335.0
0.136,2695.0,165738.0
0.136,3500.0,233550.66666666666
0.136,3500.0,141777.0
0.136,989.5,47580.5
0.136,3500.0,105263.0
0.136,3500.0,106680.5
0.136,2252.0,79496.75
0.136,1809.5,73084.0
0.136,3500.0,80238.0
0.136,2750.3333333333335,159961.33333333334
0.136,2971.25,120882.0
0.136,3500.0,128396.33333333333
0.136,3500.0,122988.5
0.136,115.0,502.3333333333333
0.136,1560.0,35310.666666666664
0.136,3500.0,163617.25
0.136,3500.0,175027.2
0.136,3195.2,148750.2
0.136,3500.0,192947.0
0.136,3500.0,200179.0
0.136,3500.0,154395.0
0.136,3500.0,159970.6
0.136,3500.0,191860.5
0.136,3500.0,241365.33333333334
0.136,2170.4,106479.0
0.136,3500.0,169782.5
0.136,3500.0,121887.33333333333
0.136,3500.0,245704.0
0.136,1172.0,36707.0
0.137,1231.0,48443.0
0.137,1405.0,55606.25
0.137,2350.3333333333335,104905.66666666667
0.137,87.5,329.5
0.137,3500.0,168919.0
0.137,2402.0,126343.0
0.137,3500.0,207429.0
0.137,3500.0,97834.0
0.137,3500.0,193750.0
0.137,1278.3333333333333,81372.0
0.137,3500.0,201410.0
0.137,2567.8333333333335,102837.0
0.137,3500.0,65009.0
0.137,3500.0,199021.0
0.137,3500.0,239465.0
0.137,3500.0,110731.5
0.137,3500.0,181046.0
0.137,2551.5,82102.0
0.137,3500.0,133820.33333333334
0.137,1083.0,39678.5
0.137,2259.5,60126.0
0.137,2278.0,116282.0
0.137,1798.5,61062.5
0.137,3500.0,246579.0
0.137,3500.0,155403.5
0.137,3500.0,346680.0
0.137,3500.0,199708.0
0.137,105.0,106.0
0.137,1031.0,37470.0
0.137,3500.0,171026.0
0.137,3500.0,226967.0
0.137,1050.0,22450.0
0.137,3500.0,103576.0
0.137,3500.0,239811.0
0.137,3500.0,136808.0
0.137,1781.5,64584.5
0.137,3500.0,239411.0
0.137,1874.0,124311.5
0.137,2690.6666666666665,75868.0
0.137,3500.0,227590.0
0.137,3500.0,128731.5
0.137,3500.0,165742.0
0.137,3500.0,189555.33333333334
0.137,3500.0,267100.5
0.137,2027.6666666666667,95190.16666666667
0.137,3500.0,245370.0
0.137,3500.0,154875.0
0.137,2277.0,77859.0
0.137,3500.0,243982.0
0.137,152.0,1884.0
0.137,3500.0,202736.0
0.137,3500.0,116818.0
0.137,1830.5,96632.0
0.137,3500.0,134838.0
0.137,2722.6666666666665,122321.0
0.137,2507.0,128134.0
0.137,2663.75,144537.75
0.137,2883.0,102280.5
0.137,1795.5,84135.5
0.137,3500.0,210856.5
0.137,398.0,3625.0
0.137,3500.0,125004.0
0.137,2023.0,119301.0
0.137,1903.5,69759.5
0.137,3005.75,130096.5
0.137,2853.25,141885.0
0.137,1210.0,37882.0
0.137,3500.0,138287.25
0.137,1509.0,30523.0
0.137,1176.0,56692.0
0.137,3500.0,200557.0
0.137,3500.0,65515.5
0.137,1798.5,86980.0
0.137,1153.0,56778.0
0.137,3500.0,145011.66666666666
0.137,3500.0,179234.25
0.137,3500.0,181279.0
0.137,846.5,11039.5
0.137,3500.0,164080.0
0.137,2894.25,141085.0
0.137,3500.0,187772.0
0.138,3500.0,234226.0
0.138,3500.0,69948.0
0.138,3500.0,159222.0
0.138,3500.0,261583.0
0.138,2346.5,36894.5
0.138,1201.0,52371.0
0.138,2991.0,143352.66666666666
0.138,3500.0,123088.33333333333
0.138,1807.0,68276.0
0.138,1575.0,54832.0
0.138,1115.25,64831.5
0.138,3500.0,117919.0
0.138,2734.3333333333335,156027.0
0.138,2768.3333333333335,139561.66666666666
0.138,3500.0,147815.5
0.138,1655.6666666666667,60738.666666666664
0.138,1137.0,20073.0
0.138,3500.0,151452.5
0.138,2383.5,86965.5
0.138,1463.0,36708.0
0.138,497.0,8947.0
0.138,3500.0,231293.0
0.138,3500.0,158692.4
0.138,3500.0,150632.66666666666
0.138,2391.0,101157.5
0.138,1068.0,63702.0
0.138,2286.5,132117.5
0.138,1324.0,66591.0
0.138,3500.0,224331.0
0.138,2345.0,198682.0
0.138,2578.0,122009.0
0.138,3500.0,213868.0
0.138,3500.0,203605.0
0.138,3500.0,157256.5
0.138,1857.0,128599.5
0.138,3500.0,167909.25
0.138,1153.5,38368.0
0.138,3500.0,234793.5
0.138,2746.3333333333335,83023.66666666667
0.138,3500.0,92319.0
0.138,2577.8333333333335,127842.33333333333
0.138,3500.0,166156.5
0.138,2382.3333333333335,121788.66666666667
0.138,3500.0,111265.0
0.138,2872.8,152804.8
0.138,1603.2,108298.8
0.138,3500.0,135790.0
0.138,63.0,461.0
0.138,941.3333333333334,17445.666666666668
0.138,3500.0,115886.5
0.138,3500.0,200785.0
0.138,219.0,2225.0
0.138,2073.4,138018.2
0.138,2294.5,139886.5
0.138,3500.0,170264.5
0.138,3500.0,242281.33333333334
0.138,3500.0,188929.0
0.138,1815.0,123121.0
0.138,3500.0,218892.0
0.138,3500.0,145923.0
0.138,3500.0,120945.0
0.138,3500.0,120904.0
0.138,3500.0,242689.0
0.138,3500.0,241678.0
0.138,2473.5,105906.5
0.138,93.0,134.0
0.138,3500.0,92505.0
0.138,3500.0,204200.0
0.138,3500.0,109895.5
0.138,3500.0,187629.0
0.138,3500.0,290970.0
0.138,1804.0,127366.0
0.138,809.0,25572.5
0.138,3500.0,246576.0
0.138,3500.0,92469.0
0.138,2404.6666666666665,147143.33333333334
0.138,3500.0,276279.0
0.138,3500.0,170961.33333333334
0.138,3500.0,171210.5
0.138,1957.5,107078.16666666667
0.138,3500.0,177648.0
0.138,3500.0,65411.0
0.138,2201.5,123299.0
0.138,3500.0,135842.5
0.138,3500.0,168001.33333333334
0.139,3500.0,134736.66666666666
0.139,3126.5,185557.5
0.139,3021.8571428571427,142125.7142857143
0.139,3500.0,144149.5
0.139,3500.0,140627.0
0.139,1906.0,70126.0
0.139,3500.0,123975.0
0.139,3500.0,188145.0
0.139,2685.6666666666665,150470.0
0.139,3500.0,169304.5
0.139,3500.0,267362.0
0.139,3500.0,189323.33333333334
0.139,1095.0,19253.0
0.139,2149.5,94888.0
0.139,3500.0,190495.66666666666
0.139,2371.8,87873.6
0.139,3500.0,87853.0
0.139,3500.0,212490.0
0.139,3500.0,171709.25
0.139,3500.0,172517.0
0.139,3500.0,116466.0
0.139,3500.0,190273.66666666666
0.139,1796.5,96824.5
0.139,56.0,493.0
0.139,2907.25,125730.75
0.139,2281.0,116049.5
0.139,3500.0,149610.0
0.139,2648.25,79248.0
0.139,3071.2,137941.2
0.139,3500.0,79730.0
0.139,2121.0,134534.75
0.139,2414.5,61487.5
0.139,3500.0,222358.0
0.139,3500.0,103574.5
0.139,3500.0,177175.25
0.139,3500.0,119489.0
0.139,3500.0,186498.0
0.139,2886.4,115586.2
0.139,3500.0,145556.66666666666
0.139,3500.0,178788.5
0.139,296.5,14495.5
0.139,708.5,25124.0
0.139,2295.75,79909.25
0.139,3500.0,191722.66666666666
0.139,3500.0,129172.25
0.139,2812.6666666666665,161583.66666666666
0.139,2755.3333333333335,114507.66666666667
0.139,3500.0,189772.0
0.139,1210.0,42297.333333333336
0.139,82.0,1274.0
0.139,1127.0,25221.0
0.139,2346.5,96374.25
0.139,1856.0,25071.0
0.139,3500.0,148075.0
0.139,3500.0,149859.0
0.139,3500.0,157873.66666666666
0.139,3500.0,220541.33333333334
0.139,3500.0,114197.5
0.139,2271.5,96680.5
0.139,3500.0,153786.0
0.139,3500.0,235101.0
0.139,3500.0,160869.0
0.139,3500.0,282748.0
0.139,1068.0,57768.0
0.139,2877.75,128748.75
0.139,3500.0,166943.0
0.139,3500.0,212030.5
0.139,3500.0,69771.0
0.139,3500.0,231657.0
0.139,3500.0,139494.5
0.139,3500.0,109983.5
0.139,3500.0,80980.5
0.139,3500.0,229180.0
0.139,3500.0,173098.0
0.139,3500.0,177789.33333333334
0.139,213.5,1361.5
0.139,1781.0,67793.0
0.139,3500.0,199275.0
0.139,1651.0,72135.0
0.139,2354.0,89608.33333333333
0.14,2355.6666666666665,126712.33333333333
0.14,1199.0,38336.0
0.14,3500.0,179436.0
0.14,620.0,12916.0
0.14,2791.0,74052.33333333333
0.14,3500.0,155141.5
0.14,3500.0,123915.0
0.14,3500.0,189225.5
0.14,3500.0,115885.0
0.14,3500.0,100233.0
0.14,2028.0,73881.75
0.14,3500.0,197673.33333333334
0.14,3500.0,99577.0
0.14,3500.0,295739.0
0.14,2751.6666666666665,170118.0
0.14,2464.5,78241.5
0.14,3500.0,181243.5
0.14,3500.0,184934.0
0.14,1783.5,60810.25
0.14,2355.3333333333335,155563.33333333334
0.14,2640.75,109581.5
0.14,3500.0,186184.5
0.14,2267.5,102599.0
0.14,3500.0,127056.5
0.14,3500.0,163984.33333333334
0.14,2264.75,134002.25
0.14,3500.0,153557.0
0.14,2301.0,141942.5
0.14,3500.0,197059.25
0.14,2893.3333333333335,183199.66666666666
0.14,1084.3333333333333,48724.0
0.14,1011.0,15930.0
0.14,3089.2,156266.4
0.14,3500.0,195826.0
0.14,2380.5,159156.5
0.14,3500.0,247842.0
0.14,3500.0,125708.0
0.14,579.5,11017.0
0.14,3500.0,186143.0
0.14,731.5,22504.0
0.14,3500.0,154163.0
0.14,1782.0,41006.0
0.14,3500.0,160805.0
0.14,1099.6666666666667,34017.0
0.14,1323.0,28345.0
0.14,1785.3333333333333,70762.0
0.14,3500.0,147249.66666666666
0.14,1820.5,73736.0
0.14,688.0,18450.5
0.14,3500.0,196994.75
0.14,3500.0,196737.0
0.14,3500.0,176224.5
0.14,236.0,2584.0
0.14,1780.0,96737.0
0.14,2240.8571428571427,100400.0
0.14,3500.0,198852.33333333334
0.14,2604.5,134136.0
0.14,2700.6666666666665,147809.66666666666
0.14,1328.0,35889.0
0.14,1825.0,127775.0
0.14,2882.0,202919.75
0.14,3500.0,205554.0
0.14,1545.3333333333333,46376.333333333336
0.14,2347.3333333333335,134447.66666666666
0.14,1781.0,108136.5
0.14,684.0,19439.5
0.14,2393.6666666666665,112242.0
0.14,3500.0,116706.0
0.14,2357.6666666666665,114282.0
0.14,3009.8,147682.8
0.14,3500.0,132385.0
0.14,2722.0,78291.66666666667
0.14,65.0,548.0
0.14,3500.0,212870.66666666666
0.14,3099.75,134213.0
0.14,2850.8,106795.4
0.14,2374.6666666666665,83930.33333333333
0.14,3500.0,140711.66666666666
0.14,3500.0,220948.5
0.14,1783.5,31832.0
0.14,3500.0,176509.6
0.14,3500.0,212523.5
0.14,1219.0,74233.33333333333
0.141,3500.0,166956.5
0.141,3500.0,156568.0
0.141,2365.0,106660.5
0.141,3500.0,57045.0
0.141,2329.6666666666665,126193.83333333333
0.141,3500.0,259535.0
0.141,3500.0,252796.0
0.141,2445.0,100124.0
0.141,3500.0,169024.0
0.141,2047.8,48993.4
0.141,3500.0,202397.33333333334
0.141,3500.0,175079.66666666666
0.141,2693.0,105294.33333333333
0.141,3500.0,220376.5
0.141,1194.0,19461.0
0.141,3500.0,180563.0
0.141,3500.0,148622.5
0.141,1996.6666666666667,51688.666666666664
0.141,2896.0,153624.75
0.141,2464.0,98727.5
0.141,3500.0,132488.83333333334
0.141,69.0,904.0
0.141,3500.0,135041.5
0.141,3500.0,209970.0
0.141,3500.0,245319.0
0.141,2260.75,75483.75
0.141,153.0,1854.0
0.141,2370.3333333333335,100389.33333333333
0.141,3500.0,184637.0
0.141,3500.0,287450.0
0.141,3500.0,121702.0
0.141,3500.0,86859.0
0.141,1347.5,54395.0
0.141,3500.0,163102.0
0.141,3500.0,213447.0
0.141,3500.0,153184.0
0.141,1907.0,107102.5
0.141,2998.0,131816.33333333334
0.141,1784.0,99547.5
0.141,2146.0,104600.33333333333
0.141,3500.0,216626.0
0.141,2689.3333333333335,166723.33333333334
0.141,2373.0,97364.5
0.141,3500.0,149306.0
0.141,2440.5,66326.5
0.141,2947.5,120071.75
0.141,1819.5,44136.0
0.141,3500.0,186591.66666666666
0.141,3500.0,200977.0
0.141,3500.0,109571.0
0.141,3500.0,223249.0
0.141,3500.0,179087.0
0.141,1784.6666666666667,78606.0
0.141,3500.0,80776.0
0.141,1766.0,146157.0
0.141,3500.0,122463.0
0.141,3500.0,243017.0
0.141,2384.3333333333335,103000.66666666667
0.141,3500.0,171420.33333333334
0.141,3500.0,181245.0
0.141,3500.0,118982.5
0.141,1811.0,57390.0
0.141,3500.0,123832.5
0.141,2938.5,144152.5
0.141,3500.0,103186.0
0.141,2533.3333333333335,77855.66666666667
0.141,2363.6666666666665,78149.33333333333
0.141,3500.0,190887.0
0.141,3500.0,91975.0
0.141,3500.0,166528.0
0.141,2972.75,181466.75
0.141,2357.0,92004.5
0.141,3500.0,87299.0
0.141,3022.6,138214.6
0.141,2818.2,120041.6
0.141,1083.0,34753.0
0.141,1798.75,74744.5
0.141,3500.0,216956.0
0.141,3500.0,139201.0
0.141,3500.0,77948.0
0.142,3500.0,146336.0
0.142,2458.3333333333335,124963.66666666667
0.142,2342.5,112281.5
0.142,2049.6666666666665,61741.666666666664
0.142,3500.0,117329.0
0.142,2378.5,159656.0
0.142,3500.0,199595.0
0.142,3500.0,188219.0
0.142,2320.0,70359.5
0.142,2538.5,102141.0
0.142,3500.0,201225.0
0.142,2655.75,78128.0
0.142,3500.0,185794.0
0.142,3500.0,61848.0
0.142,3500.0,80824.0
0.142,1793.5,119774.0
0.142,3500.0,167741.0
0.142,3500.0,128778.33333333333
0.142,1773.5,61497.5
0.142,3500.0,186131.0
0.142,3500.0,92935.0
0.142,365.5,6847.0
0.142,2415.0,165576.0
0.142,3168.285714285714,114950.71428571429
0.142,3500.0,148230.5
0.142,970.0,22182.0
0.142,3500.0,168549.0
0.142,2980.375,107958.25
0.142,3500.0,174036.0
0.142,3500.0,185720.0
0.142,1784.0,48900.0
0.142,1667.3333333333333,52216.0
0.142,3500.0,173701.5
0.142,2677.0,95926.0
0.142,3500.0,234322.0
0.142,2716.3333333333335,108614.33333333333
0.142,3500.0,243724.5
0.142,3500.0,163233.0
0.142,151.0,244.0
0.142,2342.5,59920.5
0.142,2364.3333333333335,100562.66666666667
0.142,3014.4,186298.8
0.142,1798.0,86798.5
0.142,3500.0,136964.0
0.142,3500.0,211739.0
0.142,3500.0,115662.5
0.142,2358.5,58903.0
0.142,2152.0,86528.25
0.142,1099.0,48371.0
0.142,3500.0,170479.0
0.142,3500.0,193359.5
0.142,3500.0,185378.0
0.142,3500.0,214858.33333333334
0.142,3500.0,220913.5
0.142,2277.0,83625.0
0.142,3500.0,200609.0
0.142,1974.0,52477.0
0.142,2706.6666666666665,158864.33333333334
0.142,1742.0,91791.0
0.142,3500.0,234800.0
0.142,1795.5,109502.0
0.142,2281.5,131761.75
0.142,3500.0,152715.5
0.142,2745.0,110084.33333333333
0.142,3500.0,197545.5
0.142,3500.0,68898.0
0.142,1844.0,52549.666666666664
0.142,1917.0,37696.0
0.142,3500.0,180707.75
0.142,3500.0,171857.0
0.142,1373.0,92840.66666666667
0.142,1194.0,7707.0
0.142,3500.0,170607.0
0.142,2482.0,89123.66666666667
0.142,1783.0,35318.5
0.142,3500.0,184543.5
0.142,3500.0,144067.33333333334
0.142,1786.0,59541.0
0.142,3500.0,190545.0
0.142,1250.25,57146.5
0.142,2852.0,170321.33333333334
0.142,106.0,906.0
0.142,3500.0,120210.0
0.142,1951.6666666666667,144991.33333333334
0.143,1780.0,75649.0
0.143,3500.0,176385.5
0.143,108.0,2115.0
0.143,3500.0,294413.0
0.143,3500.0,138549.25
0.143,3500.0,261361.0
0.143,3500.0,157816.75
0.143,1962.5,147827.0
0.143,1287.3333333333333,33106.0
0.143,2644.75,97973.0
0.143,2815.6666666666665,98356.66666666667
0.143,3500.0,198506.0
0.143,3500.0,68410.0
0.143,3500.0,226467.0
0.143,3500.0,140680.5
0.143,3500.0,160121.0
0.143,2392.5,138988.5
0.143,2462.0,117140.0
0.143,75.0,788.0
0.143,2275.5,48454.0
0.143,2524.5,103901.0
0.143,3186.0,153075.0
0.143,3500.0,219044.5
0.143,3500.0,80986.0
0.143,3500.0,194541.66666666666
0.143,1711.0,75008.33333333333
0.143,2354.3333333333335,96660.66666666667
0.143,2565.6666666666665,93852.66666666667
0.143,3500.0,149580.33333333334
0.143,3500.0,160796.0
0.143,3500.0,89350.0
0.143,3500.0,209545.0
0.143,2355.6666666666665,84637.66666666667
0.143,855.0,56120.0
0.143,3500.0,128935.0
0.143,3500.0,145613.0
0.143,2285.5,121433.5
0.143,3500.0,173428.5
0.143,2294.0,115895.5
0.143,3500.0,155611.33333333334
0.143,3500.0,127731.66666666667
0.143,3500.0,166470.33333333334
0.143,2641.0,133083.0
0.143,3500.0,220914.0
0.143,1788.75,128028.5
0.143,3500.0,261061.0
0.143,2415.6666666666665,102674.0
0.143,2194.0,120905.0
0.143,2584.6666666666665,101524.66666666667
0.143,3500.0,153329.0
0.143,2403.6666666666665,150841.0
0.143,3500.0,124608.0
0.143,3027.25,166331.25
0.143,1849.0,70000.0
0.143,83.0,104.0
0.143,3500.0,135777.0
0.143,3500.0,171152.0
0.143,3500.0,210181.0
0.143,1598.3333333333333,65314.333333333336
0.143,3500.0,237148.0
0.143,3500.0,212048.0
0.143,3500.0,250105.0
0.143,3500.0,166736.0
0.143,3500.0,162567.5
0.143,3500.0,125931.66666666667
0.143,3500.0,164972.0
0.143,2904.75,149503.5
0.143,2789.6666666666665,162339.66666666666
0.143,2756.3333333333335,96650.33333333333
0.143,60.0,481.0
0.143,2275.5,110786.0
0.143,2276.75,83991.5
0.143,1845.3333333333333,59688.0
0.143,3500.0,121109.0
0.143,3500.0,182998.75
0.144,3500.0,131153.0
0.144,2300.0,168135.5
0.144,3500.0,201164.0
0.144,2251.5,115033.0
0.144,3500.0,161087.66666666666
0.144,3500.0,175855.33333333334
0.144,3500.0,171758.0
0.144,2723.3333333333335,163596.33333333334
0.144,3500.0,155065.0
0.144,2912.5,91854.75
0.144,3500.0,226567.5
0.144,3500.0,109319.8
0.144,2355.6666666666665,109443.0
0.144,3500.0,162868.0
0.144,3500.0,124438.0
0.144,3500.0,158994.5
0.144,3500.0,183440.0
0.144,2946.25,84748.75
0.144,229.0,3580.0
0.144,3500.0,230033.5
0.144,2719.0,83872.0
0.144,3500.0,187688.5
0.144,2039.5,72516.5
0.144,3500.0,172948.0
0.144,3500.0,84761.0
0.144,1732.0,85980.66666666667
0.144,2313.0,81712.5
0.144,3500.0,153539.5
0.144,3500.0,115199.5
0.144,2345.5,104375.5
0.144,3500.0,141404.0
0.144,3500.0,201878.0
0.144,2852.6,113961.0
0.144,2186.5,71996.5
0.144,2253.0,89591.0
0.144,3500.0,243304.0
0.144,3500.0,187456.0
0.144,3500.0,145727.5
0.144,2564.0,69408.0
0.144,2890.0,104501.5
0.144,1834.5,85516.5
0.144,3500.0,161620.0
0.144,3500.0,257802.0
0.144,3500.0,199818.0
0.144,3500.0,127605.0
0.144,2836.6666666666665,131352.33333333334
0.144,3500.0,127154.5
0.144,1638.0,62177.0
0.144,3500.0,141987.0
0.144,2410.5,132931.0
0.144,3500.0,150512.0
0.144,3500.0,93439.0
0.144,2250.0,83303.0
0.144,3500.0,105625.0
0.144,3500.0,164585.0
0.144,1704.3333333333333,102350.0
0.144,3500.0,115410.5
0.144,2397.0,107022.0
0.144,3500.0,192135.25
0.144,2878.75,132312.5
0.144,3500.0,236862.5
0.144,3500.0,268235.0
0.144,2202.5,126607.75
0.144,3500.0,129239.75
0.144,3500.0,116597.0
0.144,2759.0,176690.0
0.144,1806.75,83679.0
0.144,3500.0,139960.0
0.144,2712.3333333333335,134495.66666666666
0.144,3500.0,86055.0
0.144,3500.0,153863.0
0.144,1135.0,35997.0
0.144,3500.0,149564.33333333334
0.144,3500.0,102718.0
0.144,3500.0,65117.5
0.144,3500.0,108030.0
0.144,2816.4,102040.2
0.144,3500.0,190228.5
0.144,3500.0,168592.75
0.144,3500.0,187518.0
0.145,3500.0,187021.0
0.145,613.0,16120.0
0.145,3500.0,220171.33333333334
0.145,2645.5,118797.0
0.145,3500.0,137673.0
0.145,3500.0,287178.0
0.145,2737.3333333333335,142027.66666666666
0.145,2355.5,168617.0
0.145,69.0,1011.0
0.145,3500.0,148435.5
0.145,2991.5,180471.25
0.145,2639.5,145165.5
0.145,2637.25,97956.0
0.145,1946.3333333333333,79941.0
0.145,2530.25,106732.75
0.145,2939.4,123197.4
0.145,2682.0,87116.33333333333
0.145,3500.0,166836.0
0.145,3500.0,145928.0
0.145,136.0,2484.0
0.145,3500.0,106622.5
0.145,1398.0,84152.66666666667
0.145,3500.0,140266.0
0.145,3500.0,209990.0
0.145,3500.0,50746.0
0.145,1630.3333333333333,88570.0
0.145,3000.0,136659.6
0.145,1983.5,93214.83333333333
0.145,2296.0,70853.0
0.145,1284.0,27004.0
0.145,3054.2,95621.2
0.145,2716.8,135456.8
0.145,3500.0,120923.33333333333
0.145,3500.0,111836.0
0.145,104.0,144.0
0.145,2368.6666666666665,81092.0
0.145,2299.0,111609.5
0.145,3500.0,138043.0
0.145,1890.0,118301.66666666667
0.145,3500.0,246021.5
0.145,2817.0,145317.0
0.145,1797.5,91769.5
0.145,3500.0,197195.0
0.145,1107.0,6996.0
0.145,1429.0,81721.5
0.145,2687.0,121879.25
0.145,3500.0,183993.33333333334
0.145,3500.0,236507.0
0.145,3500.0,302478.0
0.145,3500.0,133747.5
0.145,3500.0,175386.25
0.145,3500.0,158391.0
0.145,2481.0,88707.25
0.145,3500.0,133956.0
0.145,3500.0,175726.25
0.145,3500.0,163633.5
0.145,2317.0,55116.0
0.145,2674.3333333333335,101873.0
0.145,2902.5,127563.5
0.145,3500.0,134566.5
0.145,1736.3333333333333,45451.333333333336
0.145,2911.25,166014.0
0.145,3500.0,132595.0
0.145,2673.6666666666665,151774.66666666666
0.145,2281.5,44203.5
0.145,3500.0,123727.0
0.145,3500.0,152665.5
0.145,79.0,146.0
0.145,1799.5,40684.5
0.145,3500.0,173514.0
0.145,2941.0,153706.66666666666
0.145,3054.25,167147.25
0.145,3500.0,204214.5
0.145,2490.6,114915.6
0.145,3500.0,206984.0
0.145,3500.0,220060.0
0.145,2352.6666666666665,90884.66666666667
0.145,2841.6666666666665,132883.66666666666
0.145,3500.0,127558.5
0.145,3500.0,127699.0
0.145,2941.75,131029.0
0.146,3500.0,225423.0
0.146,3500.0,116706.0
0.146,3500.0,180682.0
0.146,2280.0,99276.25
0.146,3500.0,102977.33333333333
0.146,3500.0,263822.0
0.146,265.0,11887.0
0.146,3500.0,150046.0
0.146,530.0,5496.0
0.146,2378.3333333333335,95561.66666666667
0.146,2363.0,95120.66666666667
0.146,3500.0,111164.0
0.146,3500.0,115538.0
0.146,3500.0,175996.25
0.146,3500.0,125461.5
0.146,3500.0,112564.0
0.146,3500.0,130939.0
0.146,2838.0,112024.4
0.146,3500.0,133822.0
0.146,2848.0,128678.28571428571
0.146,801.0,62620.0
0.146,1014.0,25426.0
0.146,3500.0,281084.0
0.146,3500.0,240689.5
0.146,2522.0,102617.5
0.146,3500.0,127698.33333333333
0.146,2474.0,169491.5
0.146,1245.0,14566.5
0.146,3500.0,146700.5
0.146,577.0,17657.5
0.146,1143.0,14974.0
0.146,3500.0,120074.0
0.146,3500.0,267666.0
0.146,105.0,108.0
0.146,262.0,4045.0
0.146,3500.0,230259.66666666666
0.146,68.0,700.0
0.146,1781.5,45303.5
0.146,1632.6,63109.8
0.146,2548.4,126329.6
0.146,3500.0,186211.0
0.146,3500.0,131226.0
0.146,3500.0,171386.0
0.146,1779.0,103558.0
0.146,2070.5,79136.0
0.146,3500.0,147480.5
0.146,2720.0,68887.75
0.146,2321.0,99904.5
0.146,2966.5,103800.5
0.146,3500.0,170108.33333333334
0.146,3500.0,270271.0
0.146,2789.0,96395.66666666667
0.146,1184.5,22632.5
0.146,2684.0,103420.33333333333
0.146,3500.0,187435.0
0.146,2356.6666666666665,102402.33333333333
0.146,3500.0,149977.25
0.146,536.5,34637.5
0.146,3500.0,104988.0
0.146,3500.0,113609.0
0.146,3500.0,93627.5
0.146,2790.0,106229.66666666667
0.146,1885.2,94735.8
0.146,2757.6666666666665,131284.33333333334
0.146,2937.3333333333335,116407.66666666667
0.146,3500.0,169176.0
0.146,113.0,2514.0
0.146,3500.0,145347.0
0.146,3500.0,109588.0
0.146,3500.0,98480.0
0.146,3500.0,186854.0
0.146,3500.0,128048.0
0.146,1551.5,40227.5
0.146,3500.0,174352.0
0.146,2695.0,149966.2
0.146,2890.25,126649.25
0.146,1946.5,52508.0
0.146,3500.0,178391.5
0.146,3500.0,167647.0
0.146,3500.0,257896.0
0.146,2472.3333333333335,112871.66666666667
0.146,3500.0,249715.0
0.147,3500.0,229329.33333333334
0.147,3500.0,171289.0
0.147,2135.0,61940.0
0.147,3500.0,83989.0
0.147,2368.3333333333335,109516.66666666667
0.147,3500.0,149705.0
0.147,3500.0,131880.0
0.147,3500.0,196628.0
0.147,2096.5,56697.0
0.147,2648.5714285714284,112575.14285714286
0.147,2297.0,86385.5
0.147,3500.0,135815.0
0.147,896.5,17971.0
0.147,2925.6666666666665,76425.0
0.147,3500.0,131571.0
0.147,2721.0,160530.5
0.147,3500.0,131299.0
0.147,2682.0,169727.0
0.147,2453.0,138593.33333333334
0.147,2343.5,108483.0
0.147,2444.6,117590.0
0.147,3500.0,164904.0
0.147,2813.6,117673.4
0.147,3500.0,167930.0
0.147,3500.0,156929.5
0.147,1810.5,49701.5
0.147,2383.0,116152.0
0.147,3500.0,81041.0
0.147,2360.3333333333335,153383.33333333334
0.147,3500.0,160023.0
0.147,1797.0,107539.5
0.147,2874.25,146004.75
0.147,1687.0,64256.0
0.147,3500.0,146279.0
0.147,1923.3333333333333,83279.33333333333
0.147,2689.0,96227.33333333333
0.147,3191.8333333333335,114728.66666666667
0.147,2819.0,110076.6
0.147,457.6666666666667,20224.0
0.147,3500.0,172387.0
0.147,2339.5,84371.0
0.147,3500.0,152212.5
0.147,1781.5,43900.0
0.147,1933.5,41152.0
0.147,2312.0,53409.0
0.147,2605.2,142424.4
0.147,2366.0,103259.0
0.147,2019.25,117158.75
0.147,1816.5,68491.75
0.147,3500.0,199264.0
0.147,2807.0,125040.66666666667
0.147,158.0,2003.0
0.147,3500.0,178287.75
0.147,2773.25,143593.5
0.147,2273.2,135797.8
0.147,2391.0,121489.0
0.147,2478.0,118242.66666666667
0.147,3500.0,134238.0
0.147,3159.6,163127.4
0.147,3500.0,270356.0
0.147,1036.0,36083.0
0.147,3500.0,220340.0
0.147,2418.8,98589.0
0.147,2725.6666666666665,142984.33333333334
0.147,2901.25,141801.0
0.147,3500.0,190993.0
0.147,3500.0,146967.0
0.147,3500.0,227899.5
0.147,300.0,11059.5
0.147,3500.0,117810.0
0.147,3500.0,102450.0
0.147,2115.25,63450.25
0.147,3021.4285714285716,143558.14285714287
0.147,2944.0,157031.75
0.147,1782.0,83144.5
0.147,2455.3333333333335,77834.66666666667
0.147,2229.5,122383.0
0.147,2344.0,78141.0
0.147,1366.0,66124.5
0.147,3500.0,155806.0
0.147,3500.0,290367.0
0.147,1595.0,32702.333333333332
0.148,3500.0,146422.0
0.148,1033.0,27694.0
0.148,548.0,1560.0
0.148,3500.0,172057.0
0.148,3500.0,183423.0
0.148,1060.0,27947.0
0.148,3500.0,148977.0
0.148,2704.0,107515.66666666667
0.148,3500.0,182008.5
0.148,3500.0,125367.0
0.148,3003.6666666666665,151589.0
0.148,1010.5,35507.0
0.148,1535.6,72675.8
0.148,593.0,14300.5
0.148,3500.0,207738.0
0.148,3500.0,171887.33333333334
0.148,3500.0,159960.0
0.148,2121.25,52211.5
0.148,2420.6666666666665,93332.0
0.148,2364.6666666666665,163305.66666666666
0.148,2714.6666666666665,136868.33333333334
0.148,3500.0,165288.0
0.148,2809.6666666666665,155335.33333333334
0.148,3500.0,211923.8
0.148,2690.714285714286,88321.28571428571
0.148,215.0,2220.0
0.148,2435.0,99186.5
0.148,2925.0,169576.25
0.148,1920.0,87916.33333333333
0.148,1126.0,36434.5
0.148,3500.0,206892.5
0.148,3500.0,156009.0
0.148,3500.0,174696.5
0.148,3500.0,180350.0
0.148,3500.0,183588.0
0.148,2148.4,73843.4
0.148,2381.5,104680.5
0.148,2675.4,124461.4
0.148,3500.0,185991.33333333334
0.148,1858.5,139457.5
0.148,3500.0,177350.25
0.148,2487.25,70855.25
0.148,3500.0,128571.0
0.148,2729.0,125782.33333333333
0.148,3500.0,140892.0
0.148,1570.75,64330.5
0.148,3500.0,148491.0
0.148,3500.0,114049.0
0.148,3500.0,243609.66666666666
0.148,3500.0,160331.66666666666
0.148,3500.0,149568.75
0.148,1822.5,149229.0
0.148,3500.0,175641.0
0.148,3500.0,103806.0
0.148,2362.6666666666665,136272.66666666666
0.148,2309.0,54014.0
0.148,3500.0,89097.25
0.148,1553.0,87241.33333333333
0.148,3500.0,121119.0
0.148,2856.3333333333335,146003.33333333334
0.148,3500.0,208871.5
0.148,2368.0,109065.66666666667
0.148,1795.3333333333333,58064.0
0.148,445.0,8711.0
0.148,3500.0,136246.0
0.148,1107.5,46191.0
0.148,2252.0,65353.0
0.148,3500.0,221369.5
0.148,671.0,16861.0
0.148,3500.0,108897.0
0.148,3500.0,77801.0
0.148,3500.0,220163.0
0.148,3500.0,124889.5
0.148,2694.0,154685.66666666666
0.148,974.5,39530.5
0.148,1321.0,45806.0
0.148,2067.0,70161.25
0.148,1173.0,76356.0
0.148,2355.0,109140.0
0.148,3500.0,189217.0
0.148,2364.0,82099.66666666667
0.148,3500.0,136060.66666666666
0.148,3500.0,243866.0
0.148,2809.3333333333335,178427.33333333334
0.148,2368.5,78679.0
0.148,387.0,8650.5
0.148,3500.0,163792.0
0.149,1817.0,49701.0
0.149,2955.25,133595.0
0.149,1759.6666666666667,61479.0
0.149,1676.6666666666667,30828.666666666668
0.149,2981.0,122731.25
0.149,3500.0,124018.0
0.149,3500.0,90085.0
0.149,2179.6,126538.2
0.149,3500.0,146670.5
0.149,3500.0,166776.0
0.149,3500.0,188539.5
0.149,2923.5,122407.75
0.149,2713.0,130048.0
0.149,2386.3333333333335,95472.33333333333
0.149,3500.0,179746.66666666666
0.149,3500.0,121523.0
0.149,2337.6666666666665,122432.0
0.149,2709.3333333333335,135525.33333333334
0.149,3500.0,120004.0
0.149,3500.0,242976.0
0.149,2352.3333333333335,90114.66666666667
0.149,3500.0,169617.0
0.149,3500.0,153629.0
0.149,2367.0,81516.5
0.149,3500.0,177158.25
0.149,3500.0,207632.0
0.149,3500.0,182388.0
0.149,3180.8333333333335,152480.5
0.149,3500.0,160100.66666666666
0.149,3500.0,116722.0
0.149,2512.5,99764.0
0.149,3500.0,212763.75
0.149,2401.25,102190.5
0.149,1705.0,66342.0
0.149,3060.0,132909.0
0.149,305.0,13375.0
0.149,3500.0,81438.0
0.149,1894.5,48403.5
0.149,3500.0,121850.0
0.149,2265.5,159670.5
0.149,3500.0,142078.0
0.149,1368.75,67640.75
0.149,681.5,23269.5
0.149,3500.0,153229.0
0.149,3500.0,204745.0
0.149,3500.0,109184.0
0.149,3500.0,197354.0
0.149,3500.0,98838.0
0.149,1907.0,36037.0
0.149,2442.6666666666665,128016.33333333333
0.149,2901.0,127886.75
0.149,2422.25,119176.0
0.149,3500.0,90086.0
0.149,3500.0,251385.0
0.149,3500.0,128502.0
0.149,3500.0,125163.66666666667
0.149,3500.0,269544.0
0.149,2197.0,117302.8
0.149,3500.0,187079.33333333334
0.149,3500.0,198943.0
0.149,2115.3333333333335,88665.33333333333
0.149,1364.0,48554.0
0.149,3500.0,249061.5
0.149,1634.3333333333333,43413.333333333336
0.149,2155.8,74083.4
0.149,2420.0,128545.66666666667
0.149,3500.0,72254.0
0.149,3500.0,199032.0
0.149,564.3333333333334,13267.666666666666
0.149,3500.0,171645.0
0.149,1567.6666666666667,49016.666666666664
0.149,1920.5,56840.5
0.149,3500.0,177319.0
0.149,2538.5,147395.0
0.149,3500.0,214797.5
0.149,3500.0,142577.5
0.149,1251.0,76069.66666666667
0.149,3500.0,69666.0
0.149,3500.0,190604.5
0.149,3500.0,100479.0
0.149,1838.0,141151.0
0.149,3500.0,150719.4
0.149,2884.4,145488.6
0.149,3500.0,100708.0
0.149,1078.5,35873.5
0.15,3500.0,192285.33333333334
0.15,897.0,18729.0
0.15,2651.75,100462.5
0.15,1310.6666666666667,101307.66666666667
0.15,3500.0,174227.0
0.15,3500.0,195950.0
0.15,1792.0,122255.5
0.15,3500.0,126989.0
0.15,1115.0,54969.0
0.15,2693.6666666666665,140040.33333333334
0.15,2371.3333333333335,92303.0
0.15,701.0,11670.0
0.15,3500.0,158437.66666666666
0.15,3500.0,125257.5
0.15,3500.0,231103.0
0.15,3500.0,111068.0
0.15,3500.0,122264.0
0.15,3500.0,129034.0
0.15,1359.0,38366.666666666664
0.15,1729.0,50344.0
0.15,2312.5,112467.5
0.15,1807.0,94186.5
0.15,1016.0,20815.0
0.15,3500.0,114306.0
0.15,1618.3333333333333,100497.66666666667
0.15,2649.5,129162.0
0.15,3500.0,101681.5
0.15,3500.0,89018.0
0.15,1777.5,57204.0
0.15,3500.0,251491.5
0.15,3500.0,155181.5
0.15,3500.0,199282.5
0.15,2997.6666666666665,110202.0
0.15,3500.0,180745.0
0.15,2379.3333333333335,67326.0
0.15,210.0,1161.0
0.15,3500.0,204389.0
0.15,3500.0,79652.0
0.15,2409.5,115487.5
0.15,3500.0,206608.0
0.15,3500.0,133436.5
0.15,1800.0,125653.5
0.15,3133.2,122142.8
0.15,3500.0,158174.0
0.15,3500.0,141850.5
0.15,3500.0,155608.0
0.15,2083.0,89146.4
0.15,3500.0,111450.5
0.15,2783.5,148271.0
0.15,3500.0,148172.8
0.15,2453.5,138279.5
0.15,3500.0,164501.0
0.15,1051.0,50393.0
0.15,2269.5,95515.5
0.15,2557.0,104938.28571428571
0.15,3500.0,187831.0
0.15,3500.0,286723.0
0.15,2699.3333333333335,85725.0
0.15,3500.0,202510.0
0.15,2941.75,123185.0
0.15,1719.3333333333333,81182.66666666667
0.15,2460.5,128849.0
0.15,3500.0,182662.0
0.15,1175.0,67764.0
0.15,2355.0,84967.66666666667
0.15,1844.5,74705.0
0.15,3500.0,214106.0
0.15,2642.0,132916.0
0.15,3500.0,222430.0
0.15,410.0,13694.0
0.15,3500.0,215425.0
0.15,1942.75,103177.25
0.15,3500.0,185409.5
0.15,3500.0,175093.5
0.15,2076.5,85399.75
0.15,3500.0,134512.4
0.15,3500.0,86823.0
0.15,2164.5,120011.0
0.15,3500.0,222794.0
0.15,3500.0,192229.0
0.15,3500.0,136484.5
0.15,2301.0,75532.0
0.15,3500.0,137248.0
0.151,1869.0,76367.0
0.151,3500.0,216517.0
0.151,3500.0,170086.5
0.151,3500.0,102716.0
0.151,3500.0,135932.2
0.151,2493.6666666666665,149491.0
0.151,3500.0,141035.0
0.151,1628.0,36595.0
0.151,3500.0,103859.0
0.151,3500.0,92714.0
0.151,3500.0,156503.0
0.151,2272.5,73749.0
0.151,2326.5,102225.0
0.151,3500.0,200650.33333333334
0.151,3500.0,168559.0
0.151,768.5,19856.0
0.151,2729.6666666666665,161831.33333333334
0.151,2692.6666666666665,144774.33333333334
0.151,3500.0,194232.0
0.151,3500.0,88053.0
0.151,3500.0,197431.0
0.151,2379.5,158945.5
0.151,1995.3333333333333,74289.0
0.151,1234.0,28199.666666666668
0.151,3500.0,159442.0
0.151,3500.0,191920.5
0.151,3500.0,107245.0
0.151,3500.0,124262.33333333333
0.151,149.0,208.0
0.151,3500.0,148294.0
0.151,2434.0,112075.5
0.151,1300.0,27597.0
0.151,3500.0,203061.0
0.151,2045.25,99431.75
0.151,3500.0,131193.0
0.151,3500.0,163496.0
0.151,2681.0,64400.0
0.151,3500.0,217034.0
0.151,1534.0,72363.5
0.151,3500.0,180286.5
0.151,2470.5,106271.0
0.151,3500.0,200035.0
0.151,101.0,1260.0
0.151,3500.0,256494.0
0.151,2307.0,121552.0
0.151,2357.3333333333335,72513.33333333333
0.151,3500.0,134025.5
0.151,3500.0,180720.5
0.151,1619.0,108486.0
0.151,2375.5,117282.0
0.151,2754.6666666666665,74985.33333333333
0.151,2787.75,122440.5
0.151,3500.0,96390.0
0.151,3500.0,154197.5
0.151,3500.0,105671.0
0.151,1497.0,43447.0
0.151,3500.0,94193.0
0.151,1689.6666666666667,36362.0
0.151,3500.0,110599.75
0.151,3500.0,153537.0
0.151,3114.75,136990.0
0.151,1263.5,33630.5
0.151,3500.0,267761.0
0.151,3500.0,114833.0
0.151,1559.0,59060.0
0.151,1854.0,52064.0
0.151,234.0,2594.0
0.151,2632.5,83721.0
0.151,1884.5,81714.0
0.151,2831.4,132399.2
0.151,3500.0,239624.0
0.151,3500.0,143057.0
0.151,3500.0,59209.0
0.151,2647.25,83585.5
0.151,2469.0,152612.0
0.151,1579.0,42890.0
0.151,2877.0,136715.5
0.151,2530.0,115080.0
0.151,1908.0,62888.0
0.151,1794.5,112774.0
0.151,3500.0,128312.33333333333
0.151,3500.0,137807.0
0.151,1778.5,111608.0
0.151,2687.3333333333335,122715.66666666667
0.151,2476.0,128223.5
0.151,3500.0,205952.0
0.151,3500.0,209891.0
0.152,3500.0,171183.33333333334
0.152,3500.0,128889.0
0.152,3500.0,273455.0
0.152,3500.0,177567.75
0.152,3500.0,188557.0
0.152,3500.0,245376.0
0.152,3500.0,126179.0
0.152,3024.4,133287.2
0.152,1871.3333333333333,64474.333333333336
0.152,3500.0,185489.6
0.152,3500.0,145064.33333333334
0.152,2922.6666666666665,105190.66666666667
0.152,1684.0,62215.0
0.152,3500.0,183776.0
0.152,3500.0,113298.5
0.152,2354.0,119226.0
0.152,3500.0,129800.0
0.152,3500.0,177626.0
0.152,3045.2,95907.2
0.152,2953.6666666666665,107174.0
0.152,3500.0,192355.0
0.152,3500.0,155041.0
0.152,3500.0,158944.5
0.152,3500.0,159852.0
0.152,2677.0,97702.33333333333
0.152,2365.3333333333335,85213.0
0.152,1723.4,60226.2
0.152,3500.0,169361.0
0.152,3500.0,174084.33333333334
0.152,3500.0,100745.0
0.152,3500.0,58151.0
0.152,3500.0,161109.0
0.152,2260.2,110059.6
0.152,2443.0,82830.0
0.152,2717.0,115620.66666666667
0.152,3500.0,139706.5
0.152,1230.0,18893.0
0.152,2681.6666666666665,96859.33333333333
0.152,2690.6666666666665,68430.66666666667
0.152,2237.5,131747.5
0.152,3500.0,159983.0
0.152,2752.0,115147.5
0.152,3500.0,198369.5
0.152,3500.0,127882.33333333333
0.152,2088.5,94684.5
0.152,263.0,8774.0
0.152,3500.0,178913.0
0.152,3500.0,86367.0
0.152,1645.0,49936.0
0.152,3500.0,263978.0
0.152,3500.0,144230.0
0.152,1211.6666666666667,40849.666666666664
0.152,2288.4,89154.2
0.152,3042.8,130457.4
0.152,3500.0,132831.0
0.152,3500.0,151103.0
0.152,2390.0,138503.0
0.152,3500.0,106680.33333333333
0.152,1922.0,65443.5
0.152,3500.0,87978.0
0.152,3500.0,125515.0
0.152,3500.0,115749.0
0.152,3500.0,112180.25
0.152,3500.0,249732.0
0.152,3500.0,237058.5
0.152,2767.3333333333335,164310.33333333334
0.152,3500.0,190986.33333333334
0.152,1022.0,20758.0
0.152,1783.0,119913.0
0.152,3500.0,188495.0
0.152,3500.0,141743.0
0.152,3500.0,122999.25
0.152,3062.75,182513.75
0.152,3500.0,80422.0
0.152,1981.6666666666667,119005.0
0.152,3500.0,149195.0
0.152,2939.0,113219.25
0.152,3500.0,229168.5
0.152,2754.3333333333335,153617.66666666666
0.152,3500.0,231490.0
0.152,3500.0,135977.0
0.152,2320.75,147668.75
0.152,3500.0,144789.0
0.152,3500.0,129745.5
0.152,2362.5,65595.5
0.153,636.3333333333334,10776.666666666666
0.153,3500.0,126003.0
0.153,1783.5,86446.5
0.153,3500.0,157111.66666666666
0.153,3500.0,83840.0
0.153,2019.5,113660.5
0.153,2372.3333333333335,74929.33333333333
0.153,2690.0,88898.33333333333
0.153,1782.0,107407.5
0.153,3500.0,110706.0
0.153,3500.0,118096.0
0.153,1874.5,78759.0
0.153,3500.0,151622.0
0.153,1676.3333333333333,62565.666666666664
0.153,1328.5,87501.0
0.153,2354.6666666666665,149716.66666666666
0.153,3500.0,165656.5
0.153,2402.0,153555.6
0.153,1254.6666666666667,42637.0
0.153,3500.0,166201.0
0.153,2037.5,113204.0
0.153,2391.0,102344.8
0.153,3500.0,189202.0
0.153,2356.5,102838.5
0.153,2821.0,102209.8
0.153,3500.0,243672.0
0.153,2724.0,135275.33333333334
0.153,3500.0,163674.66666666666
0.153,2362.0,101487.33333333333
0.153,2544.0,164512.0
0.153,3500.0,281503.0
0.153,2469.5,67468.5
0.153,825.0,20986.0
0.153,3500.0,216503.5
0.153,2419.5,142694.5
0.153,3500.0,191990.0
0.153,3500.0,183057.0
0.153,2134.25,110783.5
0.153,2316.5,127827.0
0.153,3500.0,188980.0
0.153,3500.0,181993.0
0.153,2579.4,101973.6
0.153,3500.0,263388.0
0.153,3500.0,193657.0
0.153,2361.6666666666665,84584.0
0.153,2667.0,167443.0
0.153,3500.0,280375.0
0.153,1795.0,59311.166666666664
0.153,3500.0,269743.0
0.153,2561.8333333333335,119032.83333333333
0.153,2017.0,195839.0
0.153,2320.5,72844.5
0.153,2591.6,82934.0
0.153,3500.0,171774.5
0.153,3500.0,182280.25
0.153,1585.8333333333333,61836.166666666664
0.153,1604.3333333333333,91952.0
0.153,3500.0,132761.66666666666
0.153,1768.6666666666667,41569.666666666664
0.153,3500.0,132697.0
0.153,3500.0,234006.66666666666
0.153,64.0,639.0
0.153,3500.0,261276.5
0.153,1994.0,72996.66666666667
0.153,3500.0,155547.5
0.153,3500.0,141475.0
0.153,1283.6666666666667,54633.333333333336
0.153,2027.0,84409.25
0.153,3500.0,216737.0
0.153,1798.5,134205.5
0.153,2626.5,150226.5
0.153,3500.0,56553.0
0.153,3500.0,131249.0
0.153,2426.125,100820.625
0.153,3500.0,132321.0
0.153,3500.0,172914.25
0.153,1806.5,67293.0
0.153,3500.0,143391.5
0.153,2120.5,70431.0
0.153,2642.0,133456.5
0.153,3500.0,99051.0
0.153,3500.0,151020.5
0.153,3500.0,130075.0
0.154,3500.0,146956.66666666666
0.154,2672.0,134870.33333333334
0.154,1609.0,111892.0
0.154,2393.0,91394.0
0.154,3500.0,187308.5
0.154,3500.0,152973.0
0.154,3071.0,131886.6
0.154,2789.3333333333335,111303.66666666667
0.154,3204.75,155703.625
0.154,2709.6666666666665,67152.66666666667
0.154,2326.5,85391.0
0.154,3500.0,140995.0
0.154,2767.0,133411.0
0.154,3500.0,253401.5
0.154,2244.75,114245.0
0.154,2753.0,146542.25
0.154,2701.6666666666665,154645.33333333334
0.154,3500.0,161518.0
0.154,62.0,470.0
0.154,3500.0,185626.0
0.154,1528.3333333333333,86436.33333333333
0.154,3500.0,88984.0
0.154,3500.0,173127.33333333334
0.154,2887.75,75310.75
0.154,2143.6,105837.4
0.154,3500.0,260478.0
0.154,2917.25,145317.5
0.154,2839.6666666666665,140031.0
0.154,1227.0,55942.0
0.154,3500.0,103602.0
0.154,2713.0,114172.66666666667
0.154,1393.0,27446.0
0.154,2326.5,54763.0
0.154,3500.0,155874.0
0.154,3500.0,98929.0
0.154,1843.5,112104.5
0.154,2055.25,112190.0
0.154,2642.0,99426.5
0.154,3044.6,113120.4
0.154,522.0,10071.0
0.154,1902.3333333333333,84468.66666666667
0.154,2356.3333333333335,78370.66666666667
0.154,1935.3333333333333,75715.66666666667
0.154,2519.2,115155.6
0.154,3025.2,148902.0
0.154,2668.0,122981.33333333333
0.154,2224.75,137820.5
0.154,3500.0,107312.0
0.154,2649.5,72609.75
0.154,3500.0,116420.0
0.154,3500.0,127369.66666666667
0.154,3500.0,184221.0
0.154,1254.0,44870.0
0.154,3500.0,95203.0
0.154,1881.3333333333333,65611.66666666667
0.154,3500.0,112091.5
0.154,3500.0,257827.0
0.154,3500.0,156357.0
0.154,2944.0,115091.66666666667
0.154,2694.0,100795.0
0.154,3500.0,121791.5
0.154,2936.3333333333335,153218.66666666666
0.154,3500.0,116637.5
0.154,3500.0,189693.5
0.154,2595.8,141724.2
0.154,3500.0,214753.5
0.154,3500.0,172157.0
0.154,1781.5,75894.5
0.154,3500.0,154391.0
0.154,3500.0,130954.5
0.154,3500.0,71490.0
0.154,3058.8,148156.4
0.154,1177.0,50014.0
0.154,3500.0,83892.0
0.154,2361.0,73718.0
0.154,2073.5,111535.5
0.154,3500.0,105491.0
0.154,2979.25,162207.5
0.154,1783.0,71019.0
0.154,3500.0,207967.5
0.154,1813.5,120137.0
0.154,3500.0,165372.0
0.154,3500.0,195799.66666666666
0.154,579.0,19058.0
0.154,1067.0,83116.0
0.154,3500.0,148734.0
0.154,2502.6666666666665,126690.0
0.155,3500.0,156392.0
0.155,2673.5,135725.0
0.155,2534.0,118026.5
0.155,587.0,6977.0
0.155,2252.0,96032.5
0.155,2643.5,126857.75
0.155,3500.0,199520.66666666666
0.155,2482.5,79328.0
0.155,1146.0,19953.0
0.155,2005.0,79084.33333333333
0.155,3500.0,242162.0
0.155,3500.0,138581.0
0.155,3500.0,89271.0
0.155,3500.0,115256.0
0.155,195.0,1063.0
0.155,1849.5,108127.5
0.155,3500.0,185298.5
0.155,3500.0,289192.0
0.155,2504.6666666666665,112820.33333333333
0.155,736.0,47934.0
0.155,1825.5,106826.5
0.155,3500.0,162138.5
0.155,2078.5,124516.0
0.155,3500.0,132072.2
0.155,3500.0,171149.0
0.155,3500.0,265164.0
0.155,3500.0,239095.0
0.155,3500.0,155022.0
0.155,2111.5,109204.0
0.155,2453.6666666666665,144302.0
0.155,3500.0,224391.0
0.155,3500.0,206408.0
0.155,1506.6666666666667,82482.66666666667
0.155,3500.0,203276.0
0.155,3500.0,174549.0
0.155,3116.1666666666665,123421.5
0.155,2156.0,98807.0
0.155,3500.0,175978.0
0.155,3500.0,210995.5
0.155,2705.6666666666665,100273.66666666667
0.155,3500.0,159324.0
0.155,1410.0,55299.5
0.155,1165.5,14382.0
0.155,3017.25,143156.75
0.155,1820.6666666666667,96011.33333333333
0.155,1218.0,48838.5
0.155,99.0,158.0
0.155,3500.0,218777.66666666666
0.155,2529.6666666666665,173736.33333333334
0.155,2830.0,171687.25
0.155,3500.0,245048.0
0.155,3500.0,185031.0
0.155,3500.0,207504.0
0.155,3500.0,180987.0
0.155,2628.25,125780.5
0.155,3500.0,125537.0
0.155,3500.0,160350.4
0.155,1599.0,86948.0
0.155,1232.0,27787.0
0.155,803.3333333333334,14271.333333333334
0.155,2916.25,147905.0
0.155,2151.5,104570.0
0.155,3500.0,79284.0
0.155,1020.0,42759.0
0.155,3500.0,121972.66666666667
0.155,2877.25,157934.25
0.155,2258.0,133241.0
0.155,2934.4,147517.2
0.155,3500.0,196568.5
0.155,3500.0,98582.0
0.155,3500.0,190300.0
0.155,3500.0,177698.5
0.155,2351.5,128574.5
0.155,3500.0,118622.0
0.155,3500.0,92552.0
0.155,2186.0,118414.25
0.155,61.0,602.0
0.155,2170.25,96286.75
0.155,3500.0,129250.0
0.155,2365.3333333333335,115608.33333333333
0.155,2656.75,111352.75
0.155,1213.0,30421.0
0.155,3500.0,130337.0
0.155,3500.0,121355.0
0.155,3500.0,129912.0
0.155,2381.3333333333335,115964.66666666667
0.155,60.0,516.0
0.156,2356.6666666666665,146982.0
0.156,1864.0,90606.0
0.156,2371.4,128384.2
0.156,3217.4285714285716,122797.85714285714
0.156,3500.0,138727.5
0.156,3500.0,220743.0
0.156,2356.6666666666665,81656.0
0.156,2354.0,77562.0
0.156,3500.0,248992.0
0.156,2518.5,141659.5
0.156,121.5,817.5
0.156,3500.0,106094.0
0.156,2341.5,88632.5
0.156,3500.0,81675.0
0.156,2021.4,79540.6
0.156,3500.0,149946.5
0.156,3500.0,199463.0
0.156,1503.0,69083.0
0.156,3500.0,200762.5
0.156,253.0,2989.0
0.156,1833.5,61401.5
0.156,3500.0,115935.66666666667
0.156,1776.0,52537.0
0.156,1609.0,63435.0
0.156,1311.5,45695.0
0.156,3500.0,135442.33333333334
0.156,2701.0,129561.66666666667
0.156,2612.0,93725.66666666667
0.156,3500.0,189015.0
0.156,2320.5,111984.5
0.156,3500.0,180933.33333333334
0.156,1824.0,54743.0
0.156,3500.0,205385.0
0.156,2359.0,67721.66666666667
0.156,3500.0,153273.0
0.156,3500.0,144830.5
0.156,2426.3333333333335,128414.0
0.156,3500.0,161659.5
0.156,1396.0,18512.0
0.156,3500.0,292550.0
0.156,1160.0,20693.0
0.156,3500.0,135997.6
0.156,3500.0,118987.0
0.156,2555.5,73777.0
0.156,1880.0,95160.0
0.156,3500.0,189621.0
0.156,3500.0,221098.0
0.156,2330.0,126413.0
0.156,2758.5,127399.0
0.156,3500.0,274631.0
0.156,3500.0,109241.0
0.156,1799.5,100476.0
0.156,1866.75,76503.75
0.156,2917.0,181732.75
0.156,2362.6666666666665,94036.33333333333
0.156,195.0,598.0
0.156,3500.0,125641.25
0.156,3500.0,241319.0
0.156,3500.0,123938.5
0.156,3500.0,91692.0
0.156,3500.0,185612.0
0.156,1209.6666666666667,63209.0
0.156,2643.0,66312.33333333333
0.156,1781.5,102069.0
0.156,2372.6666666666665,112010.66666666667
0.156,2699.3333333333335,170510.33333333334
0.156,3500.0,137363.0
0.156,64.0,602.0
0.156,3500.0,193663.0
0.156,3500.0,164465.75
0.156,2385.6666666666665,133507.66666666666
0.156,2373.0,81676.33333333333
0.156,2764.0,159917.33333333334
0.156,2360.714285714286,106656.85714285714
0.156,3500.0,101678.0
0.156,2358.3333333333335,72123.0
0.156,3500.0,107879.0
0.156,3500.0,88441.0
0.156,3500.0,216440.0
0.156,3066.4,154944.2
0.156,3500.0,142235.33333333334
0.156,3500.0,289225.0
0.156,2929.0,106797.0
0.156,1782.5,39347.0
0.156,1800.0,53361.0
0.156,3500.0,170546.0
0.156,3500.0,97488.0
0.157,3500.0,118801.0
0.157,3500.0,194428.25
0.157,647.0,10633.0
0.157,3500.0,119347.5
0.157,2903.75,90425.5
0.157,1774.3333333333333,89578.66666666667
0.157,3500.0,151727.5
0.157,2568.1666666666665,110175.83333333333
0.157,2363.6666666666665,161676.0
0.157,3500.0,134647.0
0.157,1240.6666666666667,69104.33333333333
0.157,1786.5,88453.0
0.157,3500.0,174892.0
0.157,3500.0,244877.0
0.157,1531.0,64885.333333333336
0.157,2032.0,91918.0
0.157,3500.0,161491.5
0.157,3500.0,148284.33333333334
0.157,2788.0,100387.75
0.157,1887.3333333333333,94902.0
0.157,3500.0,248016.0
0.157,2456.0,108218.0
0.157,2365.3333333333335,152283.0
0.157,2380.5,41549.5
0.157,3500.0,203228.0
0.157,3500.0,182479.0
0.157,2130.0,84627.25
0.157,2682.0,98035.33333333333
0.157,3500.0,57454.0
0.157,3500.0,152704.0
0.157,3500.0,184372.0
0.157,2802.5,193668.25
0.157,1828.0,58444.0
0.157,2130.6,118545.2
0.157,1350.0,78131.0
0.157,1791.5,66610.5
0.157,3500.0,112999.0
0.157,2498.0,71963.0
0.157,3500.0,159964.66666666666
0.157,3500.0,118207.0
0.157,1810.0,65782.5
0.157,2092.5,111901.5
0.157,3500.0,165723.0
0.157,3500.0,173482.0
0.157,3500.0,154565.14285714287
0.157,2663.75,114650.75
0.157,3500.0,155986.0
0.157,3500.0,231407.5
0.157,3500.0,131017.0
0.157,3500.0,144308.25
0.157,1888.6666666666667,43234.0
0.157,3500.0,209824.0
0.157,3500.0,145790.0
0.157,2779.0,192828.0
0.157,2534.2,73246.4
0.157,2042.75,84294.0
0.157,3500.0,91715.0
0.157,3500.0,166153.66666666666
0.157,3500.0,215842.0
0.157,1984.4285714285713,95027.28571428571
0.157,709.5,18481.5
0.157,2777.6666666666665,132164.66666666666
0.157,221.0,9063.0
0.157,3500.0,274439.0
0.157,3500.0,76521.0
0.157,2285.5,66723.0
0.157,1423.0,27458.0
0.157,2478.0,138984.25
0.157,3500.0,165573.0
0.157,3500.0,142507.0
0.157,3500.0,76342.0
0.157,2494.6666666666665,75726.33333333333
0.157,3500.0,261354.0
0.157,3500.0,249785.0
0.157,3500.0,239505.0
0.157,1151.0,10133.0
0.157,2760.3333333333335,160880.33333333334
0.157,3500.0,70319.0
0.157,3500.0,154036.33333333334
0.157,2611.0,59584.5
0.158,3500.0,151047.5
0.158,1215.0,73611.5
0.158,2689.0,166438.66666666666
0.158,3500.0,168986.33333333334
0.158,3500.0,195081.33333333334
0.158,2398.5,109984.5
0.158,3500.0,172243.66666666666
0.158,1805.0,49212.0
0.158,2988.25,160958.25
0.158,3500.0,117881.0
0.158,1963.0,130308.66666666667
0.158,2176.5,83717.25
0.158,3500.0,186686.66666666666
0.158,2600.6666666666665,117436.33333333333
0.158,2552.0,115256.71428571429
0.158,2730.3333333333335,128720.66666666667
0.158,2670.6666666666665,87246.66666666667
0.158,3500.0,171711.0
0.158,2685.5,100897.25
0.158,2721.0,116265.33333333333
0.158,3500.0,160546.5
0.158,3500.0,92801.5
0.158,3500.0,186347.0
0.158,3500.0,203875.0
0.158,2192.6666666666665,102181.0
0.158,1785.5,143743.0
0.158,3500.0,263483.0
0.158,3500.0,124254.0
0.158,3500.0,96953.33333333333
0.158,3500.0,185217.33333333334
0.158,3500.0,104149.0
0.158,3500.0,195029.33333333334
0.158,3500.0,179501.8
0.158,2344.0,73735.5
0.158,2310.5,57559.0
0.158,2366.5,87967.5
0.158,3500.0,93865.0
0.158,3500.0,158850.0
0.158,2611.6666666666665,152293.0
0.158,3500.0,315819.0
0.158,2702.0,88036.33333333333
0.158,3500.0,190507.0
0.158,3500.0,111279.5
0.158,2362.5,65305.0
0.158,2463.6666666666665,106586.0
0.158,2696.3333333333335,84023.33333333333
0.158,2676.0,123814.66666666667
0.158,3500.0,136334.5
0.158,3500.0,225749.0
0.158,3500.0,190272.0
0.158,3500.0,144025.2
0.158,3500.0,158140.66666666666
0.158,3500.0,125033.0
0.158,2921.5,143466.0
0.158,3500.0,222594.0
0.158,3500.0,180161.66666666666
0.158,3500.0,215112.5
0.158,3500.0,92624.0
0.158,1880.8,84805.6
0.158,3500.0,105187.0
0.158,3500.0,82801.0
0.158,2767.6666666666665,107171.33333333333
0.158,3500.0,77090.66666666667
0.158,3500.0,110508.0
0.158,3500.0,157805.0
0.158,1825.5,61315.0
0.158,3500.0,218870.0
0.158,3500.0,179757.33333333334
0.158,2354.3333333333335,119868.0
0.158,2640.25,114816.75
0.158,3500.0,178315.5
0.158,3500.0,115340.0
0.158,2802.3333333333335,154819.33333333334
0.158,2331.5,67928.0
0.158,2874.3333333333335,117553.33333333333
0.158,2665.714285714286,85714.71428571429
0.158,3500.0,182872.0
0.159,3500.0,159855.5
0.159,3500.0,165798.6
0.159,3500.0,145201.0
0.159,3500.0,163705.0
0.159,3500.0,166672.0
0.159,3500.0,146940.5
0.159,2081.5,121976.5
0.159,3500.0,136827.33333333334
0.159,1796.5,34760.5
0.159,3500.0,138488.0
0.159,3500.0,213207.0
0.159,1792.5,77096.5
0.159,1466.0,71214.4
0.159,2391.6,132487.6
0.159,708.0,12649.5
0.159,1057.0,29484.0
0.159,2664.6666666666665,131535.66666666666
0.159,3500.0,148088.0
0.159,3500.0,168503.5
0.159,2013.8333333333333,95919.16666666667
0.159,3500.0,65982.0
0.159,3500.0,168815.0
0.159,2768.0,91720.66666666667
0.159,1596.3333333333333,41792.666666666664
0.159,3500.0,187344.0
0.159,3500.0,117207.0
0.159,3500.0,165921.75
0.159,1800.5,110405.5
0.159,2641.0,100559.0
0.159,3500.0,170349.5
0.159,3500.0,164388.75
0.159,3500.0,126357.0
0.159,1572.6666666666667,81986.66666666667
0.159,2851.6,154878.2
0.159,3119.0,162260.4
0.159,2728.6666666666665,88341.33333333333
0.159,1787.0,86714.0
0.159,2789.6666666666665,144822.0
0.159,3500.0,174536.0
0.159,2258.0,35089.0
0.159,1784.0,58998.5
0.159,3500.0,156549.5
0.159,3500.0,185243.0
0.159,1785.5,114014.5
0.159,2931.5,123194.25
0.159,2440.5,78070.5
0.159,3500.0,212720.0
0.159,2388.5,87580.0
0.159,3500.0,191985.0
0.159,3500.0,159365.0
0.159,3500.0,127241.0
0.159,3500.0,166471.2
0.159,3500.0,95279.0
0.159,3500.0,119575.5
0.159,3500.0,220764.0
0.159,3500.0,114712.66666666667
0.159,125.0,141.0
0.159,1922.5,114019.25
0.159,3500.0,124354.5
0.159,1119.0,89649.5
0.159,3500.0,273093.0
0.159,3500.0,230117.0
0.159,3010.3333333333335,134915.0
0.159,3117.8,99433.6
0.159,1968.0,81383.66666666667
0.159,373.0,10528.5
0.159,3500.0,118073.0
0.159,3500.0,194943.66666666666
0.159,1801.5,113165.0
0.159,3500.0,136593.66666666666
0.159,3500.0,191725.0
0.159,3500.0,182498.66666666666
0.159,108.0,897.0
0.159,3500.0,68124.0
0.159,3500.0,139178.0
0.159,2447.0,74064.5
0.159,2910.25,163720.0
0.159,3500.0,258360.0
0.159,2265.0,104962.25
0.159,3103.5,132580.0
0.159,3500.0,199197.0
0.159,2671.75,70965.25
0.159,3500.0,116728.0
0.159,3500.0,111543.33333333333
0.16,1790.5,118835.0
0.16,2551.3333333333335,82565.33333333333
0.16,3500.0,140676.0
0.16,3500.0,137941.33333333334
0.16,3500.0,63911.0
0.16,2354.0,59229.333333333336
0.16,2674.3333333333335,101453.33333333333
0.16,2725.6666666666665,69751.66666666667
0.16,3500.0,162826.25
0.16,1448.0,68209.5
0.16,3500.0,196091.0
0.16,1042.0,37117.0
0.16,3500.0,92834.0
0.16,3500.0,140980.6
0.16,946.5,21977.0
0.16,3047.2,142184.8
0.16,1266.6666666666667,54525.333333333336
0.16,3500.0,167513.5
0.16,3500.0,100588.0
0.16,2425.2,135641.6
0.16,2878.5714285714284,162111.14285714287
0.16,3500.0,124213.0
0.16,1297.0,43807.0
0.16,3500.0,255628.0
0.16,2290.5,154455.0
0.16,2672.6666666666665,88576.0
0.16,1157.0,26656.0
0.16,2360.0,93944.5
0.16,1822.0,106259.0
0.16,3500.0,179152.0
0.16,2352.3333333333335,87259.0
0.16,2820.4,144204.4
0.16,782.0,37390.0
0.16,2598.6,88401.0
0.16,3500.0,147354.66666666666
0.16,2679.0,140622.66666666666
0.16,2729.3333333333335,114850.0
0.16,1941.2857142857142,81815.85714285714
0.16,3500.0,122865.0
0.16,1782.5,75156.5
0.16,2865.3333333333335,145541.66666666666
0.16,3500.0,222773.0
0.16,2307.0,62074.0
0.16,3500.0,190199.0
0.16,3500.0,282268.0
0.16,1042.0,34396.0
0.16,3500.0,214746.0
0.16,3500.0,191085.0
0.16,2942.25,105751.0
0.16,3500.0,122880.75
0.16,613.0,9319.0
0.16,1943.0,122685.0
0.16,2363.0,73688.0
0.16,195.0,1033.0
0.16,3500.0,103907.0
0.16,1118.5,29282.0
0.16,2345.0,118696.0
0.16,3500.0,95294.0
0.16,2950.75,139144.25
0.16,3500.0,204036.0
0.16,3500.0,162711.33333333334
0.16,3500.0,179450.5
0.16,2653.25,131361.25
0.16,3079.75,137691.75
0.16,2889.0,162910.5
0.16,2640.75,91551.0
0.16,2431.0,90150.8
0.16,3500.0,143125.66666666666
0.16,3500.0,150593.33333333334
0.16,2431.5,85272.0
0.16,3500.0,148432.5
0.16,2439.5,86532.5
0.16,3500.0,163132.33333333334
0.16,3500.0,114371.5
0.16,2947.25,114522.0
0.16,3500.0,105554.25
0.16,1884.75,87470.25
0.16,2725.6666666666665,174751.0
0.16,3500.0,138966.0
0.16,3500.0,112208.5
0.16,2315.5,119118.5
0.16,2374.0,113797.5
0.16,3500.0,141646.5
0.16,3500.0,158829.0
0.16,501.0,9123.0
0.16,2883.6666666666665,102606.33333333333
0.16,1839.3333333333333,66668.33333333333
0.16,3500.0,66118.0
0.161,785.0,28704.0
0.161,3500.0,147246.75
0.161,3500.0,141909.5
0.161,365.0,2540.0
0.161,2781.6666666666665,146720.66666666666
0.161,3500.0,159415.0
0.161,2019.5,101173.75
0.161,1912.5,89345.0
0.161,2356.25,116695.75
0.161,3500.0,192042.0
0.161,3500.0,111586.0
0.161,2910.75,102898.25
0.161,1323.0,56417.0
0.161,2532.5,146244.33333333334
0.161,2432.6666666666665,93934.0
0.161,3500.0,145523.5
0.161,1118.0,19844.5
0.161,3500.0,97939.0
0.161,3500.0,155572.5
0.161,3500.0,159806.5
0.161,99.0,104.0
0.161,1384.25,41344.75
0.161,3500.0,143610.33333333334
0.161,2649.25,147013.75
0.161,1445.3333333333333,72839.33333333333
0.161,2446.5,137006.5
0.161,3500.0,91228.0
0.161,3500.0,147688.0
0.161,3500.0,184201.5
0.161,2686.3333333333335,138582.66666666666
0.161,117.0,1846.0
0.161,3500.0,151407.0
0.161,3500.0,130320.5
0.161,3500.0,156004.5
0.161,3500.0,109281.0
0.161,3500.0,123211.0
0.161,3500.0,247409.0
0.161,2918.0,147444.8
0.161,3500.0,192729.0
0.161,2601.6666666666665,115140.66666666667
0.161,3500.0,106415.0
0.161,3500.0,175542.0
0.161,2644.75,113679.5
0.161,3500.0,105410.0
0.161,2007.0,75465.66666666667
0.161,3500.0,181385.66666666666
0.161,2900.75,118040.5
0.161,3500.0,216560.0
0.161,3092.8333333333335,141495.83333333334
0.161,3500.0,98737.0
0.161,3500.0,151627.0
0.161,2354.6666666666665,113611.0
0.161,1862.0,40391.0
0.161,3500.0,162504.0
0.161,3500.0,140007.0
0.161,3500.0,197396.0
0.161,3500.0,166742.0
0.161,554.0,8447.0
0.161,1966.0,77777.5
0.161,3500.0,195309.5
0.161,1909.0,89313.0
0.161,3500.0,150312.0
0.161,1483.0,80569.0
0.161,2670.6666666666665,181086.33333333334
0.161,1520.0,58984.666666666664
0.161,3500.0,163047.25
0.161,3500.0,131771.0
0.161,2087.0,85359.0
0.161,2681.6666666666665,128581.66666666667
0.161,3500.0,135921.0
0.161,3500.0,310421.0
0.161,3500.0,115024.5
0.161,3500.0,208747.5
0.161,3500.0,135750.8
0.161,3500.0,180496.33333333334
0.161,3500.0,78063.0
0.161,3500.0,201209.0
0.161,1038.0,9364.0
0.161,579.5,16695.0
0.161,3500.0,131456.0
0.161,1235.0,21555.0
0.162,1886.5,74128.0
0.162,124.0,249.0
0.162,2725.6666666666665,130138.66666666667
0.162,3500.0,148913.33333333334
0.162,1348.5,21899.5
0.162,3500.0,214877.66666666666
0.162,2685.0,95444.66666666667
0.162,2899.75,134757.25
0.162,1969.3333333333333,75055.5
0.162,3500.0,108551.0
0.162,2837.3333333333335,118752.66666666667
0.162,2708.0,180865.33333333334
0.162,3500.0,203173.5
0.162,2655.25,178083.0
0.162,3500.0,123567.0
0.162,3500.0,78848.5
0.162,2399.5,65553.0
0.162,1975.0,93638.0
0.162,3500.0,201271.66666666666
0.162,3500.0,105068.5
0.162,2114.5,122864.0
0.162,908.25,50879.0
0.162,2374.3333333333335,74581.66666666667
0.162,2643.0,149449.5
0.162,341.0,2537.0
0.162,1822.0,57803.25
0.162,2666.25,106793.0
0.162,3500.0,133133.0
0.162,3500.0,152871.33333333334
0.162,3500.0,116303.0
0.162,1019.0,47201.0
0.162,3500.0,100010.0
0.162,2415.1666666666665,114574.83333333333
0.162,3500.0,93570.0
0.162,1808.75,82131.25
0.162,1429.0,61441.0
0.162,87.0,958.0
0.162,3500.0,193263.5
0.162,2148.5,103084.0
0.162,2800.0,166029.66666666666
0.162,2892.2,104041.0
0.162,3500.0,127230.5
0.162,2550.5,91202.0
0.162,3500.0,227803.0
0.162,3500.0,106867.0
0.162,3500.0,208976.33333333334
0.162,2305.5,95646.0
0.162,3500.0,194001.0
0.162,2742.0,125150.0
0.162,3500.0,207302.33333333334
0.162,2920.25,171023.0
0.162,3167.4,132924.2
0.162,2440.0,51440.0
0.162,1795.0,99859.0
0.162,3500.0,177290.0
0.162,3500.0,149323.0
0.162,2326.25,80049.75
0.162,2026.5,78724.0
0.162,3500.0,163896.0
0.162,2394.0,116634.66666666667
0.162,1693.0,104131.0
0.162,2892.5,145150.25
0.162,3500.0,278269.0
0.162,2909.6,161232.0
0.162,3500.0,259252.0
0.162,3500.0,202257.0
0.162,2273.5,100884.0
0.162,2652.0,136980.5
0.162,2382.0,74723.5
0.162,3500.0,203782.0
0.162,2396.0,137143.0
0.162,649.75,11870.0
0.162,3500.0,185623.0
0.162,1101.0,15515.0
0.162,3500.0,180254.5
0.162,2315.0,97001.75
0.162,3500.0,211842.0
0.162,1566.0,33470.0
0.162,2896.25,95378.75
0.162,3500.0,152673.33333333334
0.162,1158.0,35955.0
0.163,1626.8333333333333,67137.83333333333
0.163,2548.3333333333335,76260.0
0.163,2081.5,56159.0
0.163,2956.5,128523.0
0.163,3500.0,232397.0
0.163,3500.0,115693.0
0.163,3500.0,79502.0
0.163,3500.0,137590.0
0.163,2031.5,67233.5
0.163,2380.3333333333335,85890.33333333333
0.163,1868.6666666666667,87980.33333333333
0.163,2356.5,83206.5
0.163,2798.0,113321.75
0.163,2368.0,93200.66666666667
0.163,2376.75,56311.75
0.163,3500.0,157761.0
0.163,2363.3333333333335,62803.666666666664
0.163,3500.0,155878.5
0.163,3500.0,72997.0
0.163,3500.0,167815.0
0.163,2737.6666666666665,114815.0
0.163,3500.0,134236.0
0.163,1423.0,44662.0
0.163,3500.0,132346.5
0.163,2100.6666666666665,83038.66666666667
0.163,2680.25,113485.5
0.163,3500.0,111717.0
0.163,2364.6666666666665,142440.33333333334
0.163,3500.0,149832.0
0.163,2281.5,65413.0
0.163,299.0,670.0
0.163,1672.0,105872.5
0.163,1429.5,51576.5
0.163,3500.0,171251.0
0.163,2575.8333333333335,113506.33333333333
0.163,3500.0,196786.0
0.163,1333.0,75700.0
0.163,3500.0,96275.0
0.163,1809.0,52329.5
0.163,3500.0,146750.0
0.163,1142.0,18780.0
0.163,2379.3333333333335,119513.66666666667
0.163,3500.0,207037.66666666666
0.163,2537.8333333333335,95686.5
0.163,2681.3333333333335,101593.0
0.163,1782.0,70178.5
0.163,2408.0,112718.66666666667
0.163,1119.0,51592.0
0.163,3500.0,195575.0
0.163,1097.0,20602.0
0.163,3500.0,148608.66666666666
0.163,3500.0,178052.5
0.163,3500.0,132774.0
0.163,2391.2,102244.0
0.163,976.0,37291.333333333336
0.163,3023.2,130842.2
0.163,3500.0,97064.0
0.163,3500.0,231610.0
0.163,1208.0,20042.0
0.163,3500.0,223316.0
0.163,2170.5,139997.5
0.163,70.0,407.0
0.163,1810.0,40271.5
0.163,3500.0,104383.0
0.163,2666.25,120074.0
0.163,3500.0,247367.0
0.163,3015.25,164880.5
0.163,1246.0,38210.0
0.163,3500.0,156352.0
0.163,2740.0,116236.66666666667
0.163,3500.0,170879.25
0.163,1875.0,72814.0
0.163,3500.0,110562.0
0.163,3500.0,197440.0
0.163,2723.25,122928.0
0.163,1798.0,50815.0
0.163,1793.0,83536.0
0.163,1990.5,107788.5
0.163,3500.0,124741.0
0.163,3046.8,149208.2
0.163,3500.0,97824.0
0.163,3500.0,201731.0
0.163,2847.4285714285716,173209.57142857142
0.163,3500.0,162695.0
0.163,2382.6666666666665,112971.66666666667
0.163,1281.0,37848.0
0.163,3500.0,202777.0
0.163,2409.5,135260.0
0.164,3500.0,103042.0
0.164,1829.5,127221.0
0.164,2368.5,113924.0
0.164,2711.3333333333335,97205.66666666667
0.164,3500.0,207388.0
0.164,1926.0,67921.0
0.164,3500.0,202482.5
0.164,2953.8,158975.2
0.164,2516.5,117206.5
0.164,1611.3333333333333,43758.666666666664
0.164,3500.0,110349.0
0.164,3500.0,271108.0
0.164,1798.5,106898.5
0.164,3500.0,157356.25
0.164,3500.0,173572.5
0.164,2064.5,120051.0
0.164,2080.0,72513.5
0.164,2729.6666666666665,90163.0
0.164,3500.0,219190.0
0.164,2265.5,77392.75
0.164,3500.0,282151.0
0.164,2326.4,132770.0
0.164,2820.0,145376.0
0.164,2856.25,106628.25
0.164,1923.6666666666667,77884.16666666667
0.164,2088.0,63212.5
0.164,2751.3333333333335,128036.0
0.164,1781.0,151166.0
0.164,1811.5,63715.0
0.164,3500.0,220726.0
0.164,3500.0,176183.33333333334
0.164,1906.5,26088.0
0.164,2660.0,132511.25
0.164,3500.0,100576.33333333333
0.164,3500.0,161256.5
0.164,2811.6,143321.2
0.164,3034.2,143147.4
0.164,1072.0,14790.0
0.164,2424.3333333333335,77361.0
0.164,2585.5,120115.5
0.164,3500.0,208831.0
0.164,2725.5,159498.0
0.164,538.6666666666666,9895.0
0.164,2160.75,100656.25
0.164,3500.0,167264.5
0.164,2252.0,123420.5
0.164,2474.5,115841.5
0.164,3500.0,146056.0
0.164,1843.6666666666667,75889.66666666667
0.164,3500.0,90936.33333333333
0.164,2446.5,110032.5
0.164,3500.0,142489.33333333334
0.164,3500.0,225067.0
0.164,3500.0,169827.0
0.164,3500.0,161199.5
0.164,3500.0,150808.5
0.164,3500.0,152360.33333333334
0.164,2549.25,94645.25
0.164,3500.0,117459.0
0.164,3500.0,208501.0
0.164,3500.0,228077.0
0.164,2390.5,126751.0
0.164,2781.0,95156.0
0.164,2932.6666666666665,124039.16666666667
0.164,3500.0,99118.5
0.164,3500.0,158515.0
0.164,3500.0,109357.0
0.164,3500.0,200294.8
0.164,3500.0,194189.0
0.164,2942.4,125428.0
0.164,2801.0,168863.0
0.164,3500.0,121702.0
0.164,3500.0,117255.0
0.164,3500.0,93331.0
0.164,1788.5,49390.5
0.164,3500.0,138786.0
0.164,2690.5,151623.75
0.164,1025.0,23139.0
0.164,3500.0,192127.0
0.164,3500.0,227103.0
0.164,3500.0,229994.5
0.164,1093.0,44130.0
0.164,2708.3333333333335,133420.33333333334
0.164,70.0,805.0
0.164,3500.0,110142.0
0.164,3500.0,72514.0
0.164,3500.0,80169.0
0.165,3500.0,189685.0
0.165,2354.6666666666665,92511.0
0.165,3500.0,155158.0
0.165,3500.0,141733.0
0.165,384.0,10424.0
0.165,3500.0,179245.0
0.165,1303.0,22603.0
0.165,3500.0,221244.0
0.165,2266.5,99309.5
0.165,2666.0,121820.0
0.165,2360.0,146974.66666666666
0.165,2133.5,116471.5
0.165,3500.0,157225.0
0.165,2528.0,71917.0
0.165,91.0,94.0
0.165,2339.0,54330.5
0.165,3500.0,133408.0
0.165,3500.0,188953.0
0.165,179.0,2685.0
0.165,2537.0,112500.33333333333
0.165,3500.0,178207.5
0.165,3500.0,159953.0
0.165,3500.0,177712.0
0.165,3500.0,136434.66666666666
0.165,1757.6666666666667,88794.33333333333
0.165,3500.0,259912.0
0.165,3500.0,208705.5
0.165,2086.0,88508.5
0.165,1823.5,91989.0
0.165,2363.3333333333335,143743.33333333334
0.165,1213.0,49042.0
0.165,2308.5,152469.0
0.165,2350.25,109237.75
0.165,2888.0,141786.25
0.165,3500.0,240396.0
0.165,565.0,3553.0
0.165,2648.0,41970.5
0.165,3500.0,117613.66666666667
0.165,1409.5,41883.0
0.165,3500.0,163325.33333333334
0.165,3500.0,206242.5
0.165,3500.0,94998.0
0.165,1077.0,25689.0
0.165,3500.0,106178.0
0.165,2697.6666666666665,122328.33333333333
0.165,3500.0,214763.0
0.165,2142.6,108615.2
0.165,3500.0,114100.25
0.165,3500.0,94574.0
0.165,3500.0,118483.5
0.165,3500.0,203868.0
0.165,2265.5,134408.0
0.165,980.0,42727.0
0.165,3500.0,112635.0
0.165,2474.5,147119.0
0.165,1732.0,95193.66666666667
0.165,1780.75,41881.0
0.165,2578.0,142256.0
0.165,3500.0,275793.0
0.165,3500.0,169734.0
0.165,1688.6666666666667,65815.66666666667
0.165,3500.0,145493.0
0.165,2652.5,97431.25
0.165,3500.0,158194.0
0.165,2779.0,98707.5
0.165,3500.0,214076.0
0.165,3500.0,145042.0
0.165,3500.0,134092.5
0.165,3500.0,61936.0
0.165,3500.0,100307.0
0.165,2351.6666666666665,151309.66666666666
0.165,2621.2,123282.6
0.165,3500.0,80240.0
0.165,2928.0,117282.4
0.165,3500.0,90716.0
0.165,3500.0,131860.33333333334
0.165,3500.0,199230.66666666666
0.165,1845.0,37436.5
0.165,3500.0,246020.0
0.165,3500.0,155629.0
0.165,3500.0,189776.0
0.165,1147.0,17606.0
0.165,1385.5,40264.0
0.165,3500.0,170978.0
0.165,1126.0,10655.0
0.165,160.0,4095.0
0.166,2332.5,65319.0
0.166,3500.0,160415.0
0.166,1082.6666666666667,36247.333333333336
0.166,2359.6666666666665,88707.66666666667
0.166,3500.0,98782.0
0.166,3232.5714285714284,139980.7142857143
0.166,1074.0,54447.0
0.166,3500.0,104711.0
0.166,3500.0,145776.0
0.166,3500.0,133821.0
0.166,3500.0,201831.0
0.166,3500.0,206694.0
0.166,3500.0,114031.0
0.166,1519.3333333333333,46266.666666666664
0.166,2149.8,91585.4
0.166,3500.0,134430.5
0.166,2824.6666666666665,136728.0
0.166,3500.0,159918.0
0.166,3500.0,187801.5
0.166,3500.0,236870.0
0.166,3500.0,186141.0
0.166,1949.5,46347.0
0.166,2363.0,117722.66666666667
0.166,1825.75,107402.75
0.166,1106.5,15350.5
0.166,3500.0,135651.33333333334
0.166,3500.0,169489.66666666666
0.166,3500.0,106267.5
0.166,3500.0,107934.0
0.166,2660.6666666666665,118463.33333333333
0.166,1840.0,29264.5
0.166,1463.0,88607.66666666667
0.166,3500.0,127528.75
0.166,85.0,739.0
0.166,3500.0,182839.0
0.166,3500.0,157092.0
0.166,3500.0,167074.0
0.166,3500.0,190689.0
0.166,3500.0,178648.5
0.166,1925.0,87326.75
0.166,3500.0,232479.0
0.166,1782.5,134328.0
0.166,1071.0,47099.0
0.166,2440.3333333333335,72322.5
0.166,2436.5,102937.0
0.166,3500.0,120807.66666666667
0.166,1905.3333333333333,76523.0
0.166,2449.0,146465.33333333334
0.166,3500.0,158036.0
0.166,3500.0,158008.0
0.166,2502.6666666666665,145114.0
0.166,3500.0,172679.0
0.166,3500.0,185526.0
0.166,2766.3333333333335,99627.0
0.166,724.0,6453.0
0.166,2355.0,96064.33333333333
0.166,3500.0,113835.0
0.166,3500.0,180189.5
0.166,2788.0,94577.66666666667
0.166,2343.5,87290.5
0.166,3500.0,148430.33333333334
0.166,2552.3333333333335,120036.66666666667
0.166,3500.0,143219.33333333334
0.166,724.5,25706.5
0.166,2926.0,133386.75
0.166,3500.0,219083.0
0.166,2821.8,132598.8
0.166,2512.5,41880.0
0.166,2087.0,129840.25
0.166,3500.0,188738.33333333334
0.166,1839.6,82474.0
0.166,2535.6666666666665,72360.66666666667
0.166,1928.5,143113.5
0.166,2015.5,43937.5
0.166,2733.5,136281.75
0.166,1940.5,78069.0
0.166,124.0,1956.0
0.166,3500.0,184989.0
0.166,3500.0,94251.5
0.167,3500.0,70787.0
0.167,1796.5,115991.0
0.167,2429.5,56484.0
0.167,3500.0,85729.0
0.167,3500.0,184378.0
0.167,2365.0,88527.0
0.167,101.0,146.0
0.167,2976.2,103708.8
0.167,3500.0,180103.0
0.167,3500.0,128579.0
0.167,3500.0,148996.0
0.167,2280.0,99398.0
0.167,2130.6,108178.0
0.167,3500.0,100722.66666666667
0.167,2368.5,63009.5
0.167,2721.6666666666665,129713.66666666667
0.167,3500.0,188009.5
0.167,2884.25,119460.5
0.167,2352.3333333333335,113313.66666666667
0.167,3500.0,175531.6
0.167,1800.0,95911.5
0.167,403.0,5634.0
0.167,1129.0,13235.0
0.167,3500.0,202901.66666666666
0.167,3096.3333333333335,115591.0
0.167,3500.0,172493.0
0.167,3500.0,163434.5
0.167,2580.8333333333335,111472.5
0.167,3500.0,120940.0
0.167,3500.0,99711.33333333333
0.167,3500.0,189956.0
0.167,2354.3333333333335,116054.66666666667
0.167,3500.0,113182.5
0.167,3500.0,173907.0
0.167,3500.0,190858.5
0.167,2084.0,97617.5
0.167,3500.0,158039.0
0.167,3500.0,164660.0
0.167,3500.0,113639.0
0.167,3500.0,134755.0
0.167,3500.0,217478.33333333334
0.167,3500.0,235161.66666666666
0.167,65.0,685.0
0.167,2818.8,123116.8
0.167,127.0,152.0
0.167,3500.0,113078.0
0.167,3500.0,182617.0
0.167,2549.6666666666665,62213.333333333336
0.167,2416.5,142316.0
0.167,1618.3333333333333,92333.66666666667
0.167,3500.0,228552.0
0.167,3500.0,130635.0
0.167,3500.0,92209.0
0.167,3500.0,197022.0
0.167,2775.25,95868.25
0.167,3053.75,130570.75
0.167,1938.6666666666667,57695.666666666664
0.167,3500.0,172196.0
0.167,1809.3333333333333,84793.0
0.167,3500.0,169900.75
0.167,3500.0,122782.66666666667
0.167,3500.0,165092.0
0.167,3500.0,160867.0
0.167,1187.0,38517.0
0.167,1721.75,48670.25
0.167,2472.3333333333335,113026.33333333333
0.167,3500.0,97295.0
0.167,2923.5,163255.0
0.167,2698.0,142171.33333333334
0.167,1350.25,55394.5
0.167,3500.0,144920.33333333334
0.167,2272.5,67236.5
0.167,3500.0,99925.0
0.167,1924.5,92160.0
0.167,2400.6666666666665,80508.33333333333
0.167,3500.0,247004.0
0.167,3500.0,250641.0
0.167,3500.0,168577.0
0.167,3500.0,140878.0
0.167,3500.0,209089.0
0.167,3500.0,109073.0
0.167,3500.0,90879.5
0.167,2406.0,106793.0
0.167,1306.0,29625.5
0.167,1795.0,55643.0
0.168,1885.6666666666667,76594.33333333333
0.168,3500.0,218850.33333333334
0.168,2042.5,110866.5
0.168,1393.3333333333333,72867.66666666667
0.168,2253.0,98710.5
0.168,2311.5,127876.5
0.168,3500.0,182163.0
0.168,3500.0,107526.0
0.168,728.0,19304.0
0.168,3500.0,206472.5
0.168,3500.0,149985.0
0.168,2284.5,80933.0
0.168,2415.3333333333335,150554.0
0.168,2897.6666666666665,135909.66666666666
0.168,3500.0,88480.5
0.168,2831.4,154189.8
0.168,113.0,1740.0
0.168,3500.0,114301.0
0.168,3500.0,84888.0
0.168,1857.0,120774.5
0.168,3500.0,82987.5
0.168,3500.0,99015.0
0.168,1784.0,108012.0
0.168,3500.0,177787.0
0.168,3500.0,120189.0
0.168,3500.0,200722.0
0.168,2628.5,121959.16666666667
0.168,2301.5,134826.0
0.168,3500.0,164678.0
0.168,1174.0,29886.0
0.168,1586.0,45341.0
0.168,1299.3333333333333,44066.333333333336
0.168,3500.0,172163.0
0.168,3500.0,167207.0
0.168,3500.0,267796.0
0.168,3500.0,158104.0
0.168,3500.0,222075.0
0.168,1071.5,17967.0
0.168,2646.25,119090.0
0.168,3500.0,95147.5
0.168,2752.6666666666665,179318.0
0.168,2669.0,91564.66666666667
0.168,3500.0,135741.0
0.168,2627.6666666666665,106141.33333333333
0.168,3500.0,128477.0
0.168,3500.0,107079.0
0.168,3500.0,179828.0
0.168,2160.2,121182.6
0.168,3500.0,133548.0
0.168,3500.0,210105.0
0.168,2467.8,107683.4
0.168,1797.25,27020.0
0.168,2999.75,112665.5
0.168,2190.5,110696.0
0.168,1435.25,76760.0
0.168,3500.0,91982.5
0.168,2320.8333333333335,99128.66666666667
0.168,3500.0,86306.0
0.168,3500.0,193806.0
0.168,2293.0,112649.0
0.168,2308.5,83377.0
0.168,2493.5,97408.0
0.168,3500.0,133175.0
0.168,3500.0,165108.0
0.168,1106.6666666666667,43136.333333333336
0.168,3500.0,134850.6
0.168,75.0,389.0
0.168,2048.0,93073.5
0.168,3500.0,129477.66666666667
0.168,3500.0,126314.0
0.168,3500.0,197302.0
0.168,3500.0,176024.0
0.168,3500.0,188539.0
0.168,2323.0,166947.8
0.168,2005.3333333333333,83571.66666666667
0.168,238.0,4985.666666666667
0.168,2722.0,88347.25
0.168,2884.5,89894.5
0.168,2483.3333333333335,150403.66666666666
0.168,3500.0,116982.0
0.168,3500.0,120002.33333333333
0.168,2889.0,138246.25
0.168,860.5,19567.5
0.168,2675.0,79407.25
0.169,3500.0,164889.0
0.169,3500.0,179107.0
0.169,3500.0,145931.66666666666
0.169,3500.0,178472.0
0.169,866.5,48574.5
0.169,3500.0,93499.0
0.169,78.0,218.0
0.169,3500.0,166553.5
0.169,2491.0,90183.66666666667
0.169,3500.0,189047.0
0.169,3500.0,146793.5
0.169,3500.0,113332.5
0.169,3500.0,250177.0
0.169,2767.3333333333335,163712.33333333334
0.169,2304.5,128318.0
0.169,3500.0,147268.0
0.169,3500.0,69409.0
0.169,3500.0,208679.0
0.169,3500.0,117378.33333333333
0.169,2004.3333333333333,99473.16666666667
0.169,3500.0,171231.0
0.169,2400.5,114215.5
0.169,3500.0,95126.0
0.169,3500.0,156136.0
0.169,1866.6666666666667,47033.666666666664
0.169,3134.875,155465.0
0.169,1799.5,48809.0
0.169,2149.75,67825.5
0.169,3500.0,145491.0
0.169,2357.3333333333335,92861.0
0.169,3500.0,95492.0
0.169,2392.5,103455.5
0.169,1819.75,89454.0
0.169,2337.5,59228.0
0.169,2261.75,112792.75
0.169,972.5,33739.5
0.169,2376.25,78984.5
0.169,2200.5,102245.0
0.169,3500.0,72289.0
0.169,2138.5,81114.0
0.169,2645.75,89625.75
0.169,3500.0,184794.0
0.169,3500.0,123690.0
0.169,2978.75,176415.5
0.169,833.0,25446.0
0.169,776.0,23422.0
0.169,3005.3333333333335,88148.33333333333
0.169,2299.0,150603.5
0.169,2134.8,79254.2
0.169,66.0,710.0
0.169,3500.0,136881.0
0.169,2791.0,127579.0
0.169,3500.0,140825.5
0.169,3500.0,102253.0
0.169,91.0,104.0
0.169,3500.0,211999.5
0.169,3500.0,97420.0
0.169,3500.0,201534.5
0.169,1636.3333333333333,69920.33333333333
0.169,2595.6,99687.0
0.169,1289.6666666666667,51515.333333333336
0.169,1069.0,14988.0
0.169,1962.3333333333333,145732.66666666666
0.169,3500.0,160417.5
0.169,2648.6666666666665,118204.66666666667
0.169,3500.0,238657.0
0.169,2514.4,101712.8
0.169,3500.0,133441.0
0.169,3500.0,128125.0
0.169,2672.0,98480.0
0.169,1894.2,78015.2
0.169,1919.5,115187.0
0.169,750.6666666666666,19715.0
0.169,2314.5,93932.0
0.169,2417.0,122352.5
0.169,3500.0,167703.5
0.169,3500.0,118671.0
0.169,2537.0,83783.0
0.169,1235.6666666666667,30803.666666666668
0.169,1797.0,57295.5
0.169,1081.0,47939.5
0.169,553.0,17462.0
0.169,3500.0,149180.0
0.169,3082.75,99455.5
0.17,2217.5,109989.5
0.17,3500.0,134505.8
0.17,2717.3333333333335,104639.33333333333
0.17,2434.0,119081.33333333333
0.17,3500.0,306775.0
0.17,3500.0,130031.5
0.17,949.0,46072.0
0.17,3500.0,160291.0
0.17,2693.3333333333335,127594.33333333333
0.17,3500.0,186963.66666666666
0.17,3500.0,170014.33333333334
0.17,3500.0,231462.0
0.17,3500.0,183821.0
0.17,3500.0,159493.5
0.17,3500.0,110786.0
0.17,3500.0,154265.0
0.17,1542.6,89459.6
0.17,2713.6666666666665,93004.0
0.17,3500.0,230304.0
0.17,1031.0,26322.0
0.17,3500.0,107889.0
0.17,3078.6,185052.0
0.17,2606.6666666666665,121419.66666666667
0.17,3500.0,216300.0
0.17,3500.0,166023.0
0.17,1833.0,58397.5
0.17,2683.3333333333335,68680.33333333333
0.17,3500.0,258453.0
0.17,2229.0,98618.83333333333
0.17,3046.0,136821.0
0.17,2388.6666666666665,115163.33333333333
0.17,102.5,459.5
0.17,3500.0,163119.5
0.17,2687.0,124093.5
0.17,2116.75,85241.75
0.17,3500.0,101989.0
0.17,3500.0,175042.5
0.17,3500.0,225753.0
0.17,2363.6666666666665,57248.666666666664
0.17,3500.0,121261.0
0.17,694.0,9859.0
0.17,2878.75,125728.25
0.17,2092.0,45610.0
0.17,3500.0,158378.0
0.17,2720.0,166126.0
0.17,3500.0,155273.25
0.17,2353.0,105191.66666666667
0.17,1891.0,73301.0
0.17,2752.3333333333335,130444.0
0.17,3095.2,152566.4
0.17,3500.0,147508.0
0.17,2536.3333333333335,118091.83333333333
0.17,3500.0,163985.0
0.17,1081.0,52067.0
0.17,3118.5,133087.5
0.17,3500.0,102457.0
0.17,981.5,23057.5
0.17,3500.0,108177.0
0.17,2893.0,135333.75
0.17,3500.0,203815.0
0.17,3500.0,214877.5
0.17,2973.3333333333335,100899.66666666667
0.17,2302.5,87070.0
0.17,3500.0,147824.66666666666
0.17,2313.8571428571427,122749.14285714286
0.17,3500.0,227595.5
0.17,3500.0,184778.0
0.17,3155.6666666666665,142684.0
0.17,3500.0,135646.5
0.17,1547.75,61854.0
0.17,2032.5,106177.0
0.17,3500.0,155342.66666666666
0.17,2751.0,137210.33333333334
0.17,1942.0,75214.8
0.17,3500.0,115376.75
0.17,2508.3333333333335,122699.66666666667
0.17,3500.0,161087.0
0.17,1816.4,62852.6
0.17,2355.6666666666665,149136.0
0.17,864.6666666666666,32762.666666666668
0.17,3500.0,147725.0
0.171,2045.5,116816.75
0.171,3500.0,114431.0
0.171,765.5,26669.5
0.171,95.0,118.0
0.171,3500.0,133559.0
0.171,3500.0,127777.0
0.171,2785.6666666666665,113501.66666666667
0.171,3500.0,184729.0
0.171,2705.6666666666665,88678.66666666667
0.171,2758.5,119840.5
0.171,3500.0,124191.33333333333
0.171,1557.0,40271.0
0.171,2404.3333333333335,103350.66666666667
0.171,3500.0,218215.5
0.171,3135.25,112556.5
0.171,3500.0,194948.5
0.171,3500.0,96401.5
0.171,1887.3333333333333,49471.333333333336
0.171,960.0,6570.0
0.171,3500.0,227541.0
0.171,3500.0,110741.0
0.171,3500.0,111605.0
0.171,1053.0,19612.0
0.171,1788.0,91603.0
0.171,3500.0,198779.66666666666
0.171,3500.0,235106.0
0.171,3500.0,247087.0
0.171,3500.0,112139.0
0.171,3500.0,178734.25
0.171,1547.3333333333333,69578.0
0.171,3500.0,204605.0
0.171,3500.0,186534.33333333334
0.171,2571.0,83887.0
0.171,3500.0,130764.5
0.171,1367.5,35461.0
0.171,2366.3333333333335,80005.33333333333
0.171,3500.0,270476.0
0.171,3500.0,124910.0
0.171,3500.0,99517.0
0.171,2291.0,80293.5
0.171,2556.5,131043.5
0.171,3500.0,200966.0
0.171,2036.75,88962.25
0.171,2861.6666666666665,135893.33333333334
0.171,3500.0,224313.0
0.171,3500.0,148634.0
0.171,3500.0,161006.0
0.171,1209.0,38112.0
0.171,3014.75,115501.0
0.171,2759.25,152097.25
0.171,2652.5,155813.25
0.171,3500.0,105471.66666666667
0.171,1878.6666666666667,113137.66666666667
0.171,2061.5,77582.0
0.171,1782.0,105393.5
0.171,3500.0,193162.0
0.171,2697.6666666666665,104429.66666666667
0.171,3500.0,104032.0
0.171,2753.0,140140.0
0.171,3500.0,256912.0
0.171,3083.8333333333335,97865.0
0.171,2352.6666666666665,99424.66666666667
0.171,2647.0,101218.25
0.171,3500.0,147167.5
0.171,3500.0,108897.0
0.171,3500.0,227523.5
0.171,2137.5,69193.25
0.171,2989.75,101419.25
0.171,3500.0,145895.0
0.171,3500.0,156070.0
0.171,3500.0,219523.0
0.171,3244.125,112751.125
0.171,3500.0,123140.75
0.171,3500.0,164444.0
0.171,3500.0,159424.0
0.171,3500.0,143016.66666666666
0.171,3500.0,112359.2
0.171,3500.0,129030.0
0.171,1376.0,54186.0
0.171,1983.0,123701.0
0.171,2778.25,118179.0
0.171,2307.0,92597.0
0.171,3500.0,118080.5
0.171,2854.3333333333335,166731.66666666666
0.171,2321.5,67572.0
0.171,2283.5,90666.0
0.172,3500.0,212057.5
0.172,3500.0,140333.0
0.172,3500.0,98904.0
0.172,3500.0,222995.5
0.172,2332.8571428571427,63423.28571428572
0.172,3500.0,175202.33333333334
0.172,2677.6666666666665,170708.66666666666
0.172,2272.5,98933.0
0.172,1818.5,129573.5
0.172,3500.0,153011.0
0.172,2345.0,90499.0
0.172,2553.0,141881.0
0.172,595.0,8247.5
0.172,2770.75,98377.0
0.172,3500.0,99704.0
0.172,3500.0,163061.5
0.172,3500.0,170495.75
0.172,3500.0,126298.0
0.172,1756.5,94311.5
0.172,3016.0,134992.66666666666
0.172,3500.0,192354.66666666666
0.172,3500.0,202057.0
0.172,3500.0,268457.0
0.172,1825.5,132192.25
0.172,1514.75,42670.25
0.172,3500.0,203928.0
0.172,3500.0,202856.0
0.172,3500.0,134330.0
0.172,1844.5,87683.0
0.172,2046.0,64177.0
0.172,2375.0,76473.33333333333
0.172,3500.0,137007.0
0.172,2295.0,120016.0
0.172,3500.0,113665.0
0.172,1346.0,64534.5
0.172,1809.0,54940.5
0.172,3500.0,98371.0
0.172,3500.0,123364.0
0.172,1846.3333333333333,79308.33333333333
0.172,3500.0,165787.0
0.172,3500.0,187102.0
0.172,1014.0,40362.0
0.172,3500.0,230817.33333333334
0.172,2369.6666666666665,89093.66666666667
0.172,3500.0,176351.0
0.172,1846.4,86857.8
0.172,3500.0,193403.5
0.172,1395.6666666666667,59995.666666666664
0.172,2355.6666666666665,140949.66666666666
0.172,3500.0,161133.4
0.172,3500.0,127453.2
0.172,3500.0,170284.66666666666
0.172,1831.0,57987.0
0.172,3500.0,246582.5
0.172,1251.25,43261.5
0.172,402.0,5825.0
0.172,100.0,104.0
0.172,3500.0,158045.5
0.172,3500.0,131338.0
0.172,1781.4,83161.2
0.172,1781.5,120018.5
0.172,3500.0,158680.0
0.172,2364.6666666666665,61668.666666666664
0.172,3500.0,78752.0
0.172,2926.3333333333335,183083.16666666666
0.172,3266.0,158292.5
0.172,2896.25,89607.75
0.172,3500.0,198618.0
0.172,3500.0,173426.5
0.172,2113.3333333333335,91061.66666666667
0.172,3500.0,269123.5
0.172,1550.0,64806.666666666664
0.172,3500.0,140691.0
0.172,877.0,42546.0
0.172,1802.0,60941.5
0.172,813.3333333333334,22682.333333333332
0.172,3500.0,162084.5
0.172,2296.75,112908.5
0.172,1046.0,20684.0
0.172,3500.0,117731.0
0.172,3500.0,173384.5
0.172,3500.0,93841.0
0.172,2412.0,70993.0
0.172,3500.0,182838.0
0.172,1612.6666666666667,49173.333333333336
0.172,1096.0,41524.0
0.173,3500.0,203625.0
0.173,2385.75,131533.25
0.173,76.5,873.0
0.173,3500.0,166366.66666666666
0.173,3500.0,158415.0
0.173,3500.0,160331.5
0.173,3500.0,178872.0
0.173,3500.0,66371.0
0.173,3500.0,150866.0
0.173,3500.0,171542.0
0.173,3500.0,102226.5
0.173,3500.0,181027.0
0.173,3500.0,248015.0
0.173,1789.0,97540.0
0.173,3500.0,88990.0
0.173,3500.0,120261.0
0.173,3500.0,144829.0
0.173,3500.0,188069.5
0.173,2737.6666666666665,138458.66666666666
0.173,484.6666666666667,23027.333333333332
0.173,3500.0,170413.33333333334
0.173,2254.5,93144.0
0.173,1269.4285714285713,48363.57142857143
0.173,2643.3333333333335,121279.66666666667
0.173,2821.0,182732.0
0.173,2518.2,105826.8
0.173,1796.0,71274.0
0.173,2358.6666666666665,123682.66666666667
0.173,2681.0,112129.5
0.173,3500.0,198132.0
0.173,2250.75,102520.75
0.173,3500.0,198588.4
0.173,572.0,10865.0
0.173,2353.0,90602.0
0.173,3126.4285714285716,123481.28571428571
0.173,3500.0,223196.0
0.173,3500.0,171990.33333333334
0.173,3500.0,158447.0
0.173,1803.6666666666667,80682.66666666667
0.173,2297.75,76045.0
0.173,1153.0,32025.0
0.173,3500.0,150722.33333333334
0.173,1331.0,38715.0
0.173,2887.25,128896.5
0.173,2716.5,145290.25
0.173,2326.0,135866.5
0.173,3500.0,188282.0
0.173,3500.0,135638.25
0.173,3500.0,159897.0
0.173,742.5,25406.5
0.173,3500.0,177617.0
0.173,3500.0,145420.4
0.173,3500.0,75264.0
0.173,3500.0,280170.0
0.173,3500.0,117133.0
0.173,2689.6666666666665,134265.66666666666
0.173,3500.0,108580.0
0.173,3500.0,174116.5
0.173,3500.0,232194.0
0.173,1840.4,76670.0
0.173,1156.0,17163.0
0.173,3500.0,199091.0
0.173,3500.0,169881.0
0.173,1360.0,68597.25
0.173,1255.0,22816.333333333332
0.173,2265.5,99527.5
0.173,3500.0,207043.0
0.173,3195.5,168083.83333333334
0.173,3132.0,172472.5
0.173,2894.75,127890.5
0.173,3500.0,237163.0
0.173,3500.0,169198.0
0.173,2635.5,101137.0
0.173,2995.3333333333335,175889.0
0.173,2680.3333333333335,92776.0
0.173,823.0,29340.0
0.173,3500.0,217177.5
0.173,1897.25,80393.5
0.173,3500.0,137898.0
0.173,2495.0,50412.333333333336
0.173,3500.0,152329.0
0.173,3500.0,139323.75
0.173,3500.0,126652.66666666667
0.173,3500.0,176048.0
0.173,3500.0,143856.0
0.174,3500.0,183041.66666666666
0.174,2721.0,112510.0
0.174,1483.0,29894.5
0.174,1578.8333333333333,68939.83333333333
0.174,1033.0,22794.0
0.174,3147.0,134174.14285714287
0.174,3500.0,122198.5
0.174,2380.6666666666665,158688.33333333334
0.174,2356.3333333333335,96219.0
0.174,2037.0,115593.75
0.174,2048.75,82596.25
0.174,1206.6666666666667,75147.33333333333
0.174,3500.0,91294.0
0.174,3500.0,203868.5
0.174,3500.0,140782.0
0.174,2689.0,146923.66666666666
0.174,3500.0,155810.5
0.174,1080.5,31064.75
0.174,3085.2,181691.8
0.174,3500.0,152251.66666666666
0.174,1864.0,69036.0
0.174,3500.0,151730.0
0.174,2675.3333333333335,143517.66666666666
0.174,1966.0,97099.0
0.174,3500.0,186593.0
0.174,1009.0,23869.0
0.174,3500.0,206657.0
0.174,1487.0,23734.0
0.174,1804.5,41681.5
0.174,3500.0,150149.0
0.174,3500.0,127562.75
0.174,1829.0,113359.0
0.174,1223.6666666666667,86092.0
0.174,1801.5,91646.0
0.174,1813.0,87555.0
0.174,2372.0,89746.75
0.174,2286.5,65717.0
0.174,3500.0,168788.16666666666
0.174,3500.0,106356.0
0.174,3500.0,149673.0
0.174,3500.0,43388.0
0.174,3500.0,170156.5
0.174,3500.0,168605.0
0.174,3500.0,263322.0
0.174,1827.6666666666667,78300.0
0.174,2690.3333333333335,128148.0
0.174,3500.0,122950.5
0.174,2402.2,86837.0
0.174,3500.0,112890.5
0.174,3500.0,97696.0
0.174,2695.6666666666665,141951.0
0.174,3500.0,253691.5
0.174,3500.0,193072.0
0.174,3500.0,86720.0
0.174,2324.6,139473.8
0.174,2768.0,161432.33333333334
0.174,107.0,903.0
0.174,2488.5,134504.0
0.174,3500.0,103612.5
0.174,2357.3333333333335,73480.66666666667
0.174,2525.0,152723.66666666666
0.174,3500.0,210168.75
0.174,58.0,518.0
0.174,2716.0,97904.66666666667
0.174,2405.2,57752.0
0.174,2103.0,96809.75
0.174,3500.0,243146.5
0.174,2927.5,89144.33333333333
0.174,2576.0,126089.66666666667
0.174,1277.0,43260.0
0.174,3500.0,207441.0
0.174,3500.0,110903.0
0.174,94.0,95.0
0.174,3500.0,187793.0
0.174,3500.0,136713.0
0.174,3500.0,129602.0
0.174,3500.0,183795.0
0.174,3500.0,129351.0
0.174,2054.5,64463.25
0.174,1606.0,91027.0
0.174,2354.6666666666665,85228.33333333333
0.174,1825.6666666666667,77622.66666666667
0.174,2668.25,159668.0
0.175,2356.5,169573.5
0.175,2817.6666666666665,120795.66666666667
0.175,3500.0,124502.0
0.175,1702.8,35896.6
0.175,2196.25,66861.0
0.175,1857.3333333333333,64354.0
0.175,3500.0,269109.0
0.175,1896.5,89173.0
0.175,2290.5,98325.5
0.175,88.0,99.0
0.175,2597.6666666666665,150815.33333333334
0.175,3500.0,237904.0
0.175,1644.6666666666667,91469.0
0.175,3500.0,151888.0
0.175,2640.25,119399.5
0.175,3500.0,218889.0
0.175,1525.3333333333333,101557.0
0.175,3500.0,211514.0
0.175,3500.0,141879.5
0.175,2024.5,128889.25
0.175,3500.0,217880.75
0.175,2818.0,107153.25
0.175,2332.5,144305.0
0.175,1465.0,54328.0
0.175,3500.0,167939.5
0.175,1242.5,63110.5
0.175,2431.2,79080.2
0.175,3500.0,125973.5
0.175,167.0,336.0
0.175,3500.0,246563.0
0.175,89.0,93.0
0.175,2685.5,75469.5
0.175,2266.285714285714,112422.71428571429
0.175,2245.3333333333335,53987.0
0.175,2572.5,52173.5
0.175,1787.5,40560.5
0.175,2032.5,106170.0
0.175,2550.4,79904.6
0.175,2381.2,50370.4
0.175,2351.0,140097.0
0.175,1620.0,64809.25
0.175,1814.5,85757.0
0.175,3500.0,62688.0
0.175,733.0,9710.0
0.175,2690.0,134755.0
0.175,2696.0,103889.5
0.175,2161.0,104081.2
0.175,1643.8,86884.2
0.175,3500.0,189111.66666666666
0.175,3500.0,258893.0
0.175,1899.0,137244.5
0.175,2699.3333333333335,94033.0
0.175,3500.0,171364.5
0.175,3500.0,132659.0
0.175,3500.0,232333.0
0.175,3152.6,126625.0
0.175,3500.0,230692.0
0.175,3500.0,246250.0
0.175,3500.0,137999.25
0.175,3500.0,199892.0
0.175,2650.0,91451.25
0.175,3500.0,168458.0
0.175,3500.0,119827.0
0.175,3500.0,168492.0
0.175,3500.0,111698.0
0.175,1780.0,86966.0
0.175,3500.0,190021.0
0.175,2757.6666666666665,115423.66666666667
0.175,1638.6666666666667,91801.33333333333
0.175,3500.0,237091.0
0.175,660.0,21035.0
0.175,2685.0,79581.0
0.175,354.0,1327.0
0.175,3500.0,148136.5
0.175,3035.8,122165.4
0.175,3500.0,153130.66666666666
0.175,1816.5,98251.5
0.175,3500.0,207378.0
0.175,3500.0,168038.33333333334
0.175,1788.5,67156.0
0.175,2043.5,128938.0
0.175,2362.0,74940.66666666667
0.175,63.0,562.0
0.175,3500.0,246167.0
0.175,2451.0,161600.0
0.175,3500.0,133644.0
0.176,3500.0,173909.0
0.176,2737.6666666666665,90861.0
0.176,2563.6666666666665,115935.66666666667
0.176,3500.0,176631.0
0.176,3500.0,203085.33333333334
0.176,3500.0,208082.0
0.176,1564.6666666666667,81936.33333333333
0.176,2997.0,105302.25
0.176,3500.0,128000.0
0.176,3500.0,149293.66666666666
0.176,3500.0,161950.5
0.176,3500.0,106501.0
0.176,3500.0,198719.0
0.176,74.0,964.0
0.176,2760.3333333333335,143059.66666666666
0.176,3500.0,192499.0
0.176,3500.0,97504.0
0.176,1860.0,101955.33333333333
0.176,3500.0,187990.0
0.176,2932.6666666666665,86226.0
0.176,72.0,848.0
0.176,3500.0,217518.0
0.176,1926.0,55880.5
0.176,2008.0,83704.0
0.176,2139.0,77144.0
0.176,2264.0,50071.5
0.176,3037.8,136593.4
0.176,193.0,5648.0
0.176,3500.0,180075.0
0.176,1417.0,62017.0
0.176,3500.0,135594.0
0.176,3500.0,160622.5
0.176,2639.5,141958.0
0.176,3500.0,185901.25
0.176,2573.8333333333335,134296.5
0.176,3500.0,278844.0
0.176,2822.8,125733.4
0.176,3500.0,205667.5
0.176,2685.6666666666665,71416.66666666667
0.176,1973.3333333333333,61584.0
0.176,3500.0,185942.0
0.176,3500.0,245595.0
0.176,3500.0,145554.33333333334
0.176,3500.0,111041.0
0.176,2355.0,179578.0
0.176,3500.0,232453.0
0.176,2384.5,126463.0
0.176,3500.0,168015.66666666666
0.176,2669.3333333333335,83678.33333333333
0.176,3500.0,220415.4
0.176,2544.4285714285716,119935.14285714286
0.176,2337.0,116524.5
0.176,2397.3333333333335,111736.66666666667
0.176,3500.0,238388.0
0.176,1560.3333333333333,87170.33333333333
0.176,3500.0,141456.5
0.176,2249.5,95544.5
0.176,2663.0,77708.0
0.176,1780.5,75824.5
0.176,3500.0,177740.33333333334
0.176,3500.0,232431.0
0.176,3500.0,185535.0
0.176,1929.6666666666667,74884.0
0.176,2385.5,92588.5
0.176,3500.0,196368.66666666666
0.176,1705.5,80325.75
0.176,3500.0,137448.0
0.176,2420.0,98562.5
0.176,2877.5,82310.75
0.176,3500.0,148446.0
0.176,1876.6666666666667,78236.66666666667
0.176,2607.5,136081.5
0.176,3500.0,91286.0
0.176,3500.0,221818.0
0.176,2369.6666666666665,46786.666666666664
0.176,3500.0,201739.0
0.176,2004.0,57453.5
0.176,1820.5,73119.0
0.176,1135.0,13690.0
0.176,3500.0,140735.5
0.176,3500.0,181695.0
0.176,2909.75,111958.0
0.176,3500.0,103993.5
0.176,3500.0,182804.0
0.176,2118.5,105430.0
0.176,3500.0,217055.0
0.176,3500.0,184301.0
0.176,2153.4,114626.0
0.177,2006.0,70069.0
0.177,2537.3333333333335,121732.33333333333
0.177,2812.4,125932.8
0.177,2470.6666666666665,187855.66666666666
0.177,3500.0,253932.0
0.177,3500.0,185707.0
0.177,3500.0,86999.0
0.177,3500.0,126809.0
0.177,3500.0,154701.0
0.177,2212.75,105082.25
0.177,361.0,17263.0
0.177,1147.0,11991.0
0.177,1963.0,67138.5
0.177,72.0,1643.0
0.177,1594.0,79775.66666666667
0.177,1028.0,37186.0
0.177,3500.0,199376.33333333334
0.177,3500.0,193673.5
0.177,2990.75,163839.0
0.177,2437.0,84010.66666666667
0.177,3104.5,131707.83333333334
0.177,3500.0,213351.5
0.177,3500.0,94692.0
0.177,3500.0,72753.0
0.177,58.0,459.0
0.177,3007.0,59252.0
0.177,2498.0,100920.33333333333
0.177,3500.0,158219.0
0.177,2883.6666666666665,164708.66666666666
0.177,1059.0,20766.0
0.177,3500.0,196124.0
0.177,1437.0,56265.0
0.177,1836.0,52005.0
0.177,3500.0,159032.0
0.177,1158.5,43981.5
0.177,2623.3333333333335,146816.5
0.177,3500.0,182598.33333333334
0.177,3500.0,141776.0
0.177,3500.0,178174.33333333334
0.177,2293.0,64464.0
0.177,1117.0,35210.0
0.177,2359.6666666666665,81322.66666666667
0.177,3500.0,218850.0
0.177,2274.0,55128.0
0.177,3146.1666666666665,152838.66666666666
0.177,1097.5,24115.0
0.177,2366.5,150940.0
0.177,2641.25,112872.0
0.177,3500.0,61125.0
0.177,2644.5,116095.5
0.177,101.0,1157.0
0.177,1971.6666666666667,142924.0
0.177,2260.5,86987.0
0.177,3500.0,166086.6
0.177,2115.25,107797.75
0.177,2817.0,61991.0
0.177,3500.0,134616.0
0.177,99.0,104.0
0.177,3500.0,142452.33333333334
0.177,3500.0,170155.33333333334
0.177,3500.0,177609.0
0.177,3500.0,106501.75
0.177,2355.3333333333335,111700.33333333333
0.177,2908.75,128111.25
0.177,3500.0,159387.33333333334
0.177,3500.0,140849.0
0.177,1806.5,74682.5
0.177,2265.0,148926.5
0.177,2164.0,67160.5
0.177,1419.0,70208.0
0.177,1690.5,53205.25
0.177,3500.0,226133.0
0.177,3500.0,142012.0
0.177,2473.25,75828.0
0.177,2920.2,144281.2
0.177,3500.0,119219.33333333333
0.177,3500.0,175264.5
0.177,3500.0,107789.5
0.178,1778.5,94810.0
0.178,81.0,679.0
0.178,2678.1428571428573,109716.14285714286
0.178,2364.0,126774.0
0.178,3500.0,225633.0
0.178,3500.0,239130.33333333334
0.178,2258.0,56116.0
0.178,3500.0,199450.33333333334
0.178,3500.0,148564.75
0.178,3500.0,256501.0
0.178,3500.0,69487.5
0.178,3031.5,139397.25
0.178,2696.285714285714,92769.57142857143
0.178,3500.0,182642.0
0.178,3500.0,173881.0
0.178,2441.25,72167.75
0.178,103.0,110.0
0.178,3131.75,185209.0
0.178,3500.0,122531.0
0.178,3500.0,179180.0
0.178,2756.0,171055.0
0.178,2432.0,74687.0
0.178,1283.0,56541.0
0.178,1052.3333333333333,20275.333333333332
0.178,3500.0,169668.0
0.178,2790.0,110829.0
0.178,3500.0,122213.0
0.178,3500.0,167627.25
0.178,2515.3333333333335,74739.33333333333
0.178,3500.0,145033.0
0.178,3500.0,169084.66666666666
0.178,2337.0,97688.0
0.178,3120.8333333333335,171381.33333333334
0.178,3500.0,190708.33333333334
0.178,1976.5,106005.5
0.178,3500.0,104930.0
0.178,2647.5,81593.25
0.178,3500.0,254801.0
0.178,1935.3333333333333,55712.666666666664
0.178,1631.6666666666667,54388.666666666664
0.178,2380.0,115341.33333333333
0.178,1094.0,32110.5
0.178,3500.0,147605.5
0.178,2877.0,138492.25
0.178,2996.8333333333335,146511.5
0.178,2763.0,151537.0
0.178,3500.0,170524.66666666666
0.178,3500.0,212546.0
0.178,3500.0,155130.0
0.178,2190.25,102611.25
0.178,2291.5,115816.5
0.178,2875.0,123873.25
0.178,3500.0,47828.0
0.178,3500.0,142839.0
0.178,2263.5,62565.0
0.178,3500.0,96966.0
0.178,3500.0,122546.5
0.178,3500.0,95772.0
0.178,3500.0,223952.0
0.178,2354.3333333333335,77484.0
0.178,1789.0,76222.5
0.178,3500.0,80550.5
0.178,3500.0,187028.5
0.178,2855.2,146912.2
0.178,3500.0,183900.0
0.178,2931.5,122164.0
0.178,2373.5,74358.0
0.178,1671.6666666666667,53705.0
0.178,2013.0,99679.0
0.178,2317.0,97838.5
0.178,3500.0,225430.0
0.178,1657.0,40409.666666666664
0.178,2686.0,146673.0
0.178,2856.0,108745.66666666667
0.178,3500.0,110525.5
0.178,3500.0,190806.66666666666
0.178,2581.0,92126.0
0.178,2516.6666666666665,95591.33333333333
0.178,1775.2,92112.6
0.178,2128.0,88748.4
0.178,3500.0,153126.33333333334
0.178,3500.0,230002.0
0.178,2552.8,94975.0
0.178,2720.3333333333335,90652.0
0.178,2518.0,106663.8
0.178,3500.0,227105.0
0.178,2942.8,151904.4
0.178,3500.0,189520.5
0.178,3500.0,267881.5
0.178,2353.0,89212.5
0.178,3500.0,219900.0
0.179,3500.0,192196.0
0.179,1949.6666666666667,60550.666666666664
0.179,3500.0,145025.5
0.179,3500.0,150005.0
0.179,2757.6666666666665,158194.66666666666
0.179,1862.6666666666667,52027.333333333336
0.179,3500.0,135316.5
0.179,2897.6666666666665,106434.0
0.179,3500.0,193359.0
0.179,3500.0,278989.0
0.179,3500.0,163659.0
0.179,3500.0,198856.0
0.179,2702.3333333333335,137282.66666666666
0.179,3500.0,238383.0
0.179,2469.6666666666665,139118.66666666666
0.179,3500.0,89778.0
0.179,3500.0,272505.0
0.179,3500.0,198353.0
0.179,3500.0,172722.0
0.179,2344.0,142688.66666666666
0.179,74.0,84.0
0.179,204.0,2142.0
0.179,1225.0,47172.0
0.179,1899.5,50093.0
0.179,3500.0,115054.0
0.179,1941.0,93447.5
0.179,2266.6666666666665,95197.0
0.179,3500.0,124445.5
0.179,3500.0,133939.0
0.179,3500.0,90081.0
0.179,3500.0,303221.0
0.179,3500.0,183023.0
0.179,3500.0,105139.5
0.179,3500.0,121811.0
0.179,2215.5,134232.5
0.179,3500.0,126813.5
0.179,3500.0,91622.0
0.179,3500.0,201899.0
0.179,1060.0,30408.0
0.179,3500.0,128279.5
0.179,3500.0,136024.0
0.179,3500.0,196687.0
0.179,3500.0,259306.5
0.179,2655.5,133252.0
0.179,1799.0,115784.5
0.179,2635.6666666666665,96542.66666666667
0.179,2943.5,145640.66666666666
0.179,3500.0,231257.0
0.179,3500.0,218267.0
0.179,3500.0,171414.0
0.179,3500.0,94358.0
0.179,2528.6666666666665,147969.66666666666
0.179,3108.5,176982.33333333334
0.179,2354.6666666666665,90675.33333333333
0.179,3500.0,221065.0
0.179,3500.0,187560.5
0.179,3500.0,168041.0
0.179,1924.5,113703.5
0.179,2357.1428571428573,91653.14285714286
0.179,3500.0,69643.0
0.179,1783.5,37295.5
0.179,2932.5,132196.0
0.179,2355.3333333333335,70911.33333333333
0.179,1638.6666666666667,58066.0
0.179,1323.0,37738.0
0.179,2295.5,80694.5
0.179,3500.0,265494.0
0.179,119.0,718.0
0.179,2654.5,128803.25
0.179,3500.0,140128.0
0.179,3500.0,197176.5
0.179,3500.0,256920.0
0.179,2713.6666666666665,70153.66666666667
0.179,3500.0,201392.5
0.179,1103.0,8031.0
0.179,3500.0,236941.0
0.179,1883.0,67685.66666666667
0.179,3500.0,214113.0
0.179,3500.0,113102.5
0.179,2354.3333333333335,105307.0
0.179,3500.0,90853.0
0.179,3500.0,152332.0
0.179,3500.0,227558.0
0.179,3500.0,92757.0
0.179,3500.0,182258.5
0.179,2298.0,104265.16666666667
0.179,3500.0,149944.5
0.18,3500.0,74658.0
0.18,2506.0,88356.5
0.18,3500.0,205459.83333333334
0.18,2696.0,62912.0
0.18,3500.0,68690.0
0.18,3500.0,92578.0
0.18,1921.0,76918.0
0.18,2301.5,67504.0
0.18,2355.75,67530.5
0.18,3500.0,131114.5
0.18,2279.5,142060.0
0.18,2363.0,126392.66666666667
0.18,3500.0,191223.5
0.18,114.0,1329.5
0.18,3500.0,156706.66666666666
0.18,3500.0,182318.33333333334
0.18,3500.0,150622.0
0.18,3500.0,117180.0
0.18,3500.0,167792.5
0.18,2333.0,92478.0
0.18,1795.0,65391.0
0.18,3500.0,99491.0
0.18,1606.25,90383.25
0.18,3500.0,149750.0
0.18,910.0,19259.0
0.18,3500.0,183792.0
0.18,2596.5,164894.0
0.18,1153.0,61661.0
0.18,3500.0,157473.66666666666
0.18,3500.0,129316.0
0.18,2926.0,164380.5
0.18,3500.0,212188.0
0.18,2640.25,133995.0
0.18,3500.0,135877.25
0.18,2567.6,74641.0
0.18,3500.0,157926.5
0.18,2656.75,120436.5
0.18,1021.0,22819.0
0.18,2693.3333333333335,74858.33333333333
0.18,3500.0,199863.0
0.18,3500.0,151004.0
0.18,3500.0,181379.33333333334
0.18,3500.0,209295.5
0.18,2338.0,81390.0
0.18,1273.0,49237.0
0.18,3500.0,127935.0
0.18,1009.0,40541.0
0.18,3500.0,170364.0
0.18,1503.75,36542.5
0.18,1655.0,112055.0
0.18,2168.2,113300.4
0.18,3500.0,189167.0
0.18,3500.0,110809.0
0.18,2368.5,108478.0
0.18,2789.6666666666665,161058.66666666666
0.18,1839.0,42066.0
0.18,3500.0,147443.0
0.18,2291.0,42167.0
0.18,3500.0,128873.0
0.18,3500.0,187131.0
0.18,2821.5,128958.0
0.18,3500.0,100222.0
0.18,3500.0,108461.0
0.18,1569.25,50382.75
0.18,3500.0,226700.5
0.18,3500.0,167318.75
0.18,3500.0,124386.0
0.18,3500.0,106154.5
0.18,150.5,1800.0
0.18,2400.6666666666665,107070.0
0.18,3500.0,189839.33333333334
0.18,2739.0,118017.66666666667
0.18,2327.5,98794.5
0.18,3500.0,118602.0
0.18,1357.0,27661.0
0.18,3500.0,86119.0
0.18,3500.0,164833.0
0.18,1365.0,46360.0
0.18,2854.25,140711.5
0.18,2706.25,96598.5
0.18,1334.0,35212.75
0.18,2935.0,129467.16666666667
0.181,2385.0,170446.33333333334
0.181,2918.5,144901.0
0.181,2392.5,80857.5
0.181,3500.0,136014.0
0.181,3500.0,158842.33333333334
0.181,2685.6666666666665,113696.33333333333
0.181,87.0,661.0
0.181,3500.0,202619.0
0.181,3500.0,191698.0
0.181,3500.0,156123.0
0.181,2720.6666666666665,100560.0
0.181,3500.0,167783.0
0.181,3500.0,158329.0
0.181,3500.0,116018.0
0.181,3500.0,157632.33333333334
0.181,3500.0,138103.66666666666
0.181,3500.0,116853.5
0.181,2649.0,99287.5
0.181,3500.0,190165.0
0.181,3500.0,130179.0
0.181,2249.5,105364.5
0.181,3500.0,135693.0
0.181,3500.0,203647.0
0.181,2744.3333333333335,66824.66666666667
0.181,2373.5714285714284,120589.42857142857
0.181,2707.0,63272.333333333336
0.181,3500.0,156816.0
0.181,2320.5,70831.0
0.181,2912.0,114475.0
0.181,3060.25,145966.0
0.181,2611.6,105858.6
0.181,2177.75,123861.0
0.181,3500.0,153006.0
0.181,3500.0,214783.0
0.181,825.0,8714.0
0.181,66.0,547.0
0.181,2201.5,71991.75
0.181,2309.25,90162.5
0.181,3500.0,217657.0
0.181,2370.6666666666665,136188.0
0.181,3500.0,185319.0
0.181,3500.0,169393.5
0.181,2067.3333333333335,79800.0
0.181,3500.0,188282.0
0.181,2692.6666666666665,99099.66666666667
0.181,3093.6666666666665,159244.66666666666
0.181,2636.5,183010.0
0.181,3500.0,172105.5
0.181,636.0,12698.5
0.181,2196.25,79373.75
0.181,3500.0,109983.33333333333
0.181,3500.0,90827.0
0.181,2509.5,91731.5
0.181,2698.0,131417.66666666666
0.181,2369.0,125257.33333333333
0.181,3500.0,171933.33333333334
0.181,1641.0,74350.0
0.181,3500.0,214130.33333333334
0.181,1813.0,64489.666666666664
0.181,3500.0,229543.5
0.181,1294.75,27415.75
0.181,3500.0,153670.0
0.181,3500.0,161256.5
0.181,3092.6666666666665,154287.33333333334
0.181,3500.0,169126.5
0.181,3500.0,166226.5
0.181,1437.6666666666667,65763.33333333333
0.181,104.0,205.0
0.181,2791.6666666666665,67810.0
0.181,3500.0,148901.0
0.181,1795.0,79059.0
0.181,2718.3333333333335,119449.0
0.181,3500.0,162862.5
0.181,3500.0,116991.0
0.181,2003.1666666666667,54221.5
0.181,3500.0,143132.0
0.181,3047.5,137068.0
0.181,3500.0,131682.0
0.181,3500.0,324563.0
0.181,3500.0,101659.66666666667
0.181,3146.2,158198.2
0.181,3500.0,183892.0
0.181,1056.0,20118.0
0.181,3500.0,216361.0
0.181,3500.0,154313.0
0.182,3500.0,139459.5
0.182,3500.0,135358.33333333334
0.182,3500.0,185962.0
0.182,3500.0,174060.25
0.182,3500.0,203419.33333333334
0.182,2289.0,108211.25
0.182,3500.0,219480.0
0.182,3500.0,209528.0
0.182,3500.0,240727.0
0.182,3500.0,99468.0
0.182,3500.0,259286.5
0.182,2260.3333333333335,87122.16666666667
0.182,2341.75,99139.5
0.182,2291.6666666666665,98689.33333333333
0.182,1810.0,78566.0
0.182,3500.0,220080.0
0.182,250.0,3250.0
0.182,1507.0,46310.333333333336
0.182,3034.8,150006.0
0.182,2122.25,97364.75
0.182,3500.0,201110.0
0.182,3500.0,159260.0
0.182,3500.0,148612.5
0.182,3500.0,185550.0
0.182,2700.3333333333335,150171.66666666666
0.182,3500.0,111216.0
0.182,3500.0,184593.0
0.182,3500.0,180059.0
0.182,3500.0,171440.0
0.182,1502.5,42931.5
0.182,3500.0,117954.0
0.182,1796.0,98207.5
0.182,3500.0,222241.0
0.182,104.0,105.0
0.182,2932.0,136830.33333333334
0.182,2111.5,99613.5
0.182,3500.0,240807.5
0.182,3500.0,154316.0
0.182,137.0,149.0
0.182,3500.0,168500.33333333334
0.182,3500.0,181397.0
0.182,2427.0,86128.5
0.182,3500.0,199875.0
0.182,2725.3333333333335,123576.33333333333
0.182,1745.0,47484.333333333336
0.182,3500.0,173208.0
0.182,2850.0,118267.2
0.182,3500.0,148148.5
0.182,3500.0,220816.0
0.182,2909.0,152097.0
0.182,1854.3333333333333,71953.66666666667
0.182,2271.5,91586.5
0.182,3500.0,135784.0
0.182,2886.25,110555.25
0.182,3017.8,164784.0
0.182,3500.0,152254.66666666666
0.182,3500.0,120697.0
0.182,3500.0,164084.5
0.182,3500.0,155317.5
0.182,3500.0,99607.0
0.182,2382.5,105898.25
0.182,2772.6666666666665,103363.0
0.182,1320.0,47078.0
0.182,2383.3333333333335,84892.66666666667
0.182,2961.5,96137.25
0.182,3500.0,136639.0
0.182,3500.0,283636.0
0.182,3500.0,163607.66666666666
0.182,3500.0,213724.5
0.182,2323.8,63595.4
0.182,3500.0,148610.0
0.182,657.0,33828.0
0.182,3059.4,150736.0
0.182,2518.0,121959.5
0.182,49.0,1190.0
0.182,3500.0,135445.0
0.182,3500.0,185831.0
0.182,1558.6666666666667,68795.33333333333
0.182,3086.6,129744.6
0.182,3500.0,143545.5
0.183,3500.0,172330.0
0.183,2367.3333333333335,115315.33333333333
0.183,3500.0,191723.0
0.183,1082.75,34368.5
0.183,1799.0,176446.0
0.183,3500.0,160421.0
0.183,2704.5,151766.0
0.183,3500.0,141796.2
0.183,2257.5,93274.5
0.183,2305.0,60195.0
0.183,1627.0,93015.5
0.183,1524.0,14530.0
0.183,3500.0,209499.0
0.183,106.0,944.0
0.183,3500.0,172338.66666666666
0.183,2647.5,91964.5
0.183,1844.5,65528.0
0.183,1380.5,42760.5
0.183,2357.5,55815.5
0.183,627.5,5460.0
0.183,2486.3333333333335,128667.33333333333
0.183,3500.0,241142.0
0.183,2469.2,126227.0
0.183,3500.0,152722.0
0.183,1045.0,28674.0
0.183,2685.0,95036.33333333333
0.183,2322.75,115809.0
0.183,633.0,10222.5
0.183,2488.5,91999.5
0.183,2877.5,112995.25
0.183,1918.0,91947.5
0.183,2600.3333333333335,105521.0
0.183,2494.5,114840.0
0.183,3500.0,145541.5
0.183,3500.0,205071.0
0.183,1058.0,14257.0
0.183,2356.0,106832.66666666667
0.183,3500.0,186014.66666666666
0.183,1786.3333333333333,58663.333333333336
0.183,3500.0,94247.0
0.183,3500.0,170720.5
0.183,3500.0,189750.33333333334
0.183,2408.6666666666665,142140.0
0.183,2701.3333333333335,127478.0
0.183,3500.0,109354.0
0.183,2816.8,89754.4
0.183,3500.0,84354.0
0.183,3500.0,159369.5
0.183,2763.5,118773.5
0.183,3500.0,178711.0
0.183,1760.5,121116.0
0.183,2595.0,158853.0
0.183,2679.25,88939.5
0.183,3500.0,186832.0
0.183,2248.5,132975.0
0.183,1787.3333333333333,85818.0
0.183,1788.5,96257.5
0.183,2369.5,105749.0
0.183,3500.0,212477.0
0.183,3500.0,136494.66666666666
0.183,3500.0,132132.0
0.183,3500.0,177574.0
0.183,3500.0,127257.0
0.183,2841.0,64437.666666666664
0.183,3500.0,179614.0
0.183,3500.0,148452.0
0.183,2887.0,84337.5
0.183,2355.0,139312.33333333334
0.183,3500.0,128858.0
0.183,3099.8,124018.0
0.183,3500.0,126504.0
0.183,1795.5,87733.0
0.183,3500.0,103789.0
0.183,3500.0,150061.0
0.183,143.0,195.0
0.183,3500.0,77616.0
0.183,3500.0,120468.6
0.183,2384.6666666666665,85301.33333333333
0.183,1039.0,18347.0
0.183,3500.0,118314.75
0.183,2974.75,122631.0
0.183,2308.5,122622.5
0.183,3500.0,216866.5
0.183,2055.8333333333335,102625.33333333333
0.183,3500.0,113072.0
0.183,2387.0,118364.0
0.183,2254.5,98063.0
0.184,2668.6666666666665,95549.66666666667
0.184,3500.0,177561.0
0.184,1656.0,26088.0
0.184,3500.0,94527.0
0.184,2658.8,104945.0
0.184,1743.0,87098.66666666667
0.184,2917.6666666666665,123548.33333333333
0.184,3500.0,90729.0
0.184,3500.0,148880.5
0.184,1291.0,67030.66666666667
0.184,662.5,16955.0
0.184,3500.0,49762.0
0.184,705.0,7719.0
0.184,1919.75,57938.25
0.184,3500.0,280259.0
0.184,2732.6666666666665,110415.66666666667
0.184,3500.0,127026.5
0.184,3500.0,113094.66666666667
0.184,1707.0,50312.333333333336
0.184,3500.0,91038.0
0.184,3500.0,167869.66666666666
0.184,2485.0,112697.5
0.184,3500.0,168529.66666666666
0.184,2357.3333333333335,135557.66666666666
0.184,721.6666666666666,10528.0
0.184,3500.0,198172.0
0.184,2952.75,175207.5
0.184,2932.6666666666665,94887.16666666667
0.184,1763.5,70618.5
0.184,3500.0,256191.0
0.184,3500.0,180409.33333333334
0.184,2966.0,136641.25
0.184,1428.0,21757.0
0.184,2294.5,123081.0
0.184,2286.0,101812.25
0.184,3500.0,168561.0
0.184,1243.0,29071.0
0.184,3500.0,150594.0
0.184,798.0,9079.0
0.184,3500.0,207096.0
0.184,1094.0,18543.0
0.184,3500.0,166468.0
0.184,2073.0,64108.0
0.184,1912.0,91200.5
0.184,2662.25,177760.25
0.184,3500.0,303706.0
0.184,3500.0,153507.0
0.184,3500.0,208159.0
0.184,2663.5,92264.75
0.184,2606.2,109457.0
0.184,3500.0,240599.0
0.184,3500.0,157708.0
0.184,3500.0,166694.8
0.184,3500.0,197979.33333333334
0.184,1410.0,33043.0
0.184,3500.0,162698.66666666666
0.184,3500.0,118255.0
0.184,69.0,742.0
0.184,2652.0,130912.0
0.184,2272.5,72673.5
0.184,1555.0,56590.666666666664
0.184,2158.5,102695.0
0.184,3500.0,195737.0
0.184,2354.3333333333335,121076.66666666667
0.184,3500.0,160838.0
0.184,3500.0,73671.0
0.184,3500.0,155388.0
0.184,1792.5,144040.5
0.184,3500.0,184390.0
0.184,2310.0,103440.0
0.184,3500.0,149142.2
0.184,3500.0,103710.0
0.184,2826.6,122716.6
0.184,1715.3333333333333,62421.666666666664
0.184,1854.0,53525.0
0.184,3500.0,219482.0
0.184,2285.5,60251.0
0.184,3500.0,245115.0
0.184,3500.0,200004.5
0.184,3061.2,119747.6
0.184,3500.0,85089.0
0.184,92.0,826.0
0.184,3146.25,162695.75
0.184,2004.6666666666667,109798.33333333333
0.184,1800.3333333333333,101289.33333333333
0.184,2476.5,54925.0
0.184,3500.0,122045.5
0.185,2932.1666666666665,147338.83333333334
0.185,3500.0,175563.0
0.185,1928.0,36377.666666666664
0.185,1800.5,110733.5
0.185,3500.0,147461.5
0.185,3500.0,154564.0
0.185,681.0,11409.0
0.185,3500.0,190168.0
0.185,3500.0,232095.0
0.185,2148.0,90809.0
0.185,2697.6666666666665,116292.66666666667
0.185,3500.0,247289.0
0.185,3500.0,176125.66666666666
0.185,3500.0,146952.33333333334
0.185,2641.0,143066.25
0.185,1930.5,123870.5
0.185,2650.5,127682.16666666667
0.185,3500.0,170220.5
0.185,129.0,257.0
0.185,2522.75,97206.75
0.185,2668.5,145687.5
0.185,2408.5,78321.0
0.185,3500.0,137690.4
0.185,2644.25,108376.25
0.185,2913.0,152126.5
0.185,3500.0,167781.0
0.185,2518.5,94317.0
0.185,3500.0,183360.5
0.185,2604.5,103457.75
0.185,2561.3333333333335,89536.0
0.185,2885.3333333333335,69475.33333333333
0.185,145.0,219.0
0.185,3500.0,102730.0
0.185,2874.75,89840.75
0.185,2037.25,80984.25
0.185,2650.25,79964.5
0.185,3500.0,183478.0
0.185,217.0,533.0
0.185,3500.0,177010.0
0.185,1567.6666666666667,49576.0
0.185,88.5,939.5
0.185,3500.0,93987.0
0.185,3500.0,232964.0
0.185,2371.6666666666665,100974.33333333333
0.185,3500.0,76468.0
0.185,2249.5,77572.0
0.185,3500.0,218360.0
0.185,3500.0,159645.0
0.185,63.0,463.0
0.185,2290.5,101719.5
0.185,1670.6666666666667,59522.0
0.185,2048.0,70691.5
0.185,2392.6666666666665,109583.33333333333
0.185,2145.6666666666665,132042.0
0.185,2022.6666666666667,112586.33333333333
0.185,3500.0,212252.5
0.185,3500.0,78980.0
0.185,2259.0,68876.0
0.185,2352.3333333333335,129836.0
0.185,2679.0,137824.66666666666
0.185,2882.75,116611.25
0.185,3500.0,252419.0
0.185,3500.0,143906.0
0.185,422.5,3418.5
0.185,3500.0,131664.5
0.185,2452.0,72083.0
0.185,2314.5,64066.5
0.185,3500.0,156455.0
0.185,2344.5,108809.0
0.185,3500.0,204510.0
0.185,3500.0,192237.0
0.185,2927.75,96532.5
0.185,181.0,1235.0
0.185,1511.6,94495.4
0.185,3500.0,139776.0
0.185,3500.0,160852.0
0.185,1600.0,83375.0
0.185,3500.0,87222.0
0.185,3500.0,198101.5
0.185,3011.2,170895.6
0.186,3500.0,178189.66666666666
0.186,2763.3333333333335,140809.33333333334
0.186,3500.0,92395.5
0.186,87.0,93.0
0.186,3500.0,75280.0
0.186,1614.0,71929.33333333333
0.186,2138.6666666666665,63670.666666666664
0.186,2841.25,109207.0
0.186,3500.0,167066.2
0.186,2561.75,139352.0
0.186,3500.0,127577.25
0.186,1086.0,19864.0
0.186,3500.0,75821.0
0.186,1209.0,20405.0
0.186,2377.0,111311.33333333333
0.186,2576.5,114069.0
0.186,2751.3333333333335,139375.66666666666
0.186,3500.0,223828.0
0.186,2137.5,86326.5
0.186,1316.3333333333333,72029.33333333333
0.186,2481.75,109775.5
0.186,1779.5,112425.0
0.186,3500.0,119249.25
0.186,3500.0,214762.0
0.186,1819.5,85114.0
0.186,1079.0,47237.0
0.186,3500.0,162625.5
0.186,252.0,3706.0
0.186,3500.0,164840.0
0.186,2589.8333333333335,106198.66666666667
0.186,3500.0,153588.33333333334
0.186,3500.0,155214.5
0.186,2361.3333333333335,124607.66666666667
0.186,2411.3333333333335,107111.66666666667
0.186,3500.0,108163.5
0.186,1715.0,36570.0
0.186,3500.0,195351.0
0.186,2687.375,101263.375
0.186,2781.6666666666665,121829.66666666667
0.186,38.0,53.0
0.186,2084.0,88828.0
0.186,2655.25,119695.25
0.186,3500.0,142614.8
0.186,3500.0,126823.0
0.186,3500.0,123973.0
0.186,3000.6,118094.6
0.186,1826.5,143199.0
0.186,2809.8,136474.0
0.186,2933.1666666666665,144820.33333333334
0.186,2881.6,107149.8
0.186,3500.0,143812.5
0.186,3500.0,172980.5
0.186,1670.25,72074.75
0.186,3500.0,278972.5
0.186,2876.6666666666665,116601.33333333333
0.186,3500.0,133820.0
0.186,1888.5,88700.5
0.186,3500.0,102222.0
0.186,2498.5,70290.5
0.186,2678.3333333333335,102280.66666666667
0.186,3500.0,141657.75
0.186,3500.0,176941.0
0.186,3500.0,208531.0
0.186,1636.5,33782.5
0.186,2437.0,135667.66666666666
0.186,3500.0,173601.5
0.186,3500.0,137926.33333333334
0.186,2386.0,115792.0
0.186,2368.3333333333335,126806.0
0.186,3500.0,182735.0
0.186,3500.0,138381.0
0.186,1399.0,39348.5
0.186,3500.0,103684.5
0.186,3500.0,140833.5
0.186,1303.0,76717.0
0.186,2380.1666666666665,95808.0
0.186,2878.0,167763.25
0.186,3109.6,119942.0
0.186,3500.0,120082.0
0.186,2651.5,153270.0
0.186,2442.5,94924.5
0.186,849.0,20927.0
0.186,3500.0,258584.0
0.186,3500.0,202423.0
0.187,1361.0,20115.0
0.187,3500.0,152086.0
0.187,1576.4,37206.8
0.187,2113.0,97875.0
0.187,3500.0,149662.0
0.187,2359.5,74789.5
0.187,3500.0,116530.66666666667
0.187,3500.0,56308.0
0.187,2924.0,109503.0
0.187,3500.0,133711.75
0.187,3070.5,111649.0
0.187,1784.5,77607.5
0.187,3500.0,160152.0
0.187,1635.3333333333333,65730.33333333333
0.187,2632.5,90309.5
0.187,3500.0,149061.0
0.187,2673.0,109281.0
0.187,3180.714285714286,140716.57142857142
0.187,2417.6666666666665,101406.0
0.187,3500.0,71084.5
0.187,1695.6666666666667,83494.33333333333
0.187,2491.0,87248.5
0.187,3500.0,100706.0
0.187,843.5,10659.5
0.187,3500.0,118880.66666666667
0.187,3500.0,180707.0
0.187,2345.0,73413.0
0.187,3500.0,166128.33333333334
0.187,1831.75,82745.0
0.187,2311.5,80420.0
0.187,1822.5,54763.5
0.187,3500.0,78567.0
0.187,2707.3333333333335,99960.33333333333
0.187,3500.0,125213.0
0.187,2362.3333333333335,125721.33333333333
0.187,1993.6666666666667,44374.666666666664
0.187,3500.0,166511.0
0.187,2523.3333333333335,85685.33333333333
0.187,1935.6666666666667,89835.0
0.187,3500.0,206055.0
0.187,3500.0,184884.5
0.187,2404.6666666666665,101469.0
0.187,3500.0,169300.5
0.187,2641.0,121265.0
0.187,2704.0,69827.5
0.187,2741.6666666666665,157997.66666666666
0.187,3500.0,187490.0
0.187,63.0,65.0
0.187,3500.0,89181.0
0.187,3500.0,168432.4
0.187,1352.0,42942.25
0.187,1176.0,16797.0
0.187,3500.0,204198.0
0.187,3021.0,94496.0
0.187,3500.0,119161.0
0.187,2753.6666666666665,158193.0
0.187,3500.0,110852.0
0.187,3500.0,177467.0
0.187,3500.0,151045.0
0.187,3500.0,155902.6
0.187,2556.0,88350.66666666667
0.187,1800.5,21043.5
0.187,130.0,1487.0
0.187,1591.0,44218.0
0.187,1021.0,15855.0
0.187,3500.0,158879.5
0.187,3040.0,147040.8
0.187,3500.0,202635.5
0.187,3500.0,186849.66666666666
0.187,3500.0,215416.0
0.187,397.0,11363.0
0.187,3500.0,188233.0
0.187,3500.0,153909.0
0.187,3500.0,105385.8
0.187,3500.0,76127.5
0.187,3080.25,166846.75
0.187,3500.0,159231.0
0.187,2007.6666666666667,123994.66666666667
0.187,2363.5,58512.0
0.187,2799.0,135117.0
0.187,3500.0,150709.66666666666
0.187,3500.0,124337.0
0.187,3500.0,300562.0
0.187,3500.0,120005.0
0.187,3500.0,220824.0
0.187,3500.0,195158.0
0.187,2253.0,103320.0
0.187,2736.3333333333335,122809.33333333333
0.187,2654.25,154294.5
0.188,1885.0,115025.0
0.188,2374.0,70312.33333333333
0.188,2064.75,108660.0
0.188,1786.0,96750.0
0.188,2098.5,72817.0
0.188,3500.0,195203.5
0.188,112.0,788.0
0.188,1909.5,76140.5
0.188,1710.6666666666667,97140.33333333333
0.188,2669.4285714285716,98967.42857142857
0.188,2582.8333333333335,123591.83333333333
0.188,3500.0,137586.75
0.188,2356.0,86015.0
0.188,2882.0,121324.0
0.188,3500.0,147195.33333333334
0.188,3500.0,195303.0
0.188,3500.0,179645.0
0.188,3500.0,235322.0
0.188,3500.0,146793.33333333334
0.188,3500.0,134187.0
0.188,3500.0,258417.0
0.188,263.0,2558.0
0.188,2769.0,77178.0
0.188,1223.5,31614.5
0.188,3500.0,195943.0
0.188,3500.0,222295.0
0.188,3500.0,110562.0
0.188,2476.0,136594.33333333334
0.188,3500.0,126811.66666666667
0.188,2949.5,85945.5
0.188,1803.0,63729.666666666664
0.188,3500.0,148113.0
0.188,3500.0,301196.0
0.188,3500.0,114424.0
0.188,3500.0,165562.5
0.188,3500.0,152595.33333333334
0.188,2637.6666666666665,110608.0
0.188,3500.0,132270.0
0.188,3500.0,151687.0
0.188,3500.0,105993.0
0.188,128.0,2264.0
0.188,2555.2,102386.8
0.188,3500.0,119580.0
0.188,3001.8,149290.0
0.188,2549.0,91178.75
0.188,3500.0,134100.0
0.188,2276.5,128747.5
0.188,3500.0,168794.0
0.188,277.0,2398.0
0.188,3500.0,209817.5
0.188,3500.0,203017.0
0.188,1597.0,79709.0
0.188,3500.0,212220.5
0.188,3500.0,137767.66666666666
0.188,3500.0,142415.66666666666
0.188,1090.5,43742.5
0.188,2278.0,107030.0
0.188,3500.0,136361.0
0.188,3500.0,173147.5
0.188,2705.6666666666665,123233.0
0.188,2250.5,59439.5
0.188,2116.0,74940.0
0.188,3500.0,165082.0
0.188,1795.0,61294.0
0.188,1782.5,54070.0
0.188,2780.5,79283.0
0.188,1876.1666666666667,83508.83333333333
0.188,3500.0,99539.0
0.188,2712.75,118787.75
0.188,2692.0,124724.5
0.188,3500.0,117320.0
0.188,3500.0,111455.0
0.188,2042.5,80488.25
0.188,2385.5,125293.0
0.188,3500.0,103006.0
0.188,1978.5,49272.0
0.188,1873.0,107476.5
0.188,3500.0,155182.66666666666
0.188,3500.0,159587.0
0.188,1861.5,85053.0
0.188,720.3333333333334,19333.333333333332
0.189,951.5,35253.0
0.189,2685.4285714285716,129970.85714285714
0.189,1947.6666666666667,59942.0
0.189,3500.0,137985.0
0.189,3500.0,187405.0
0.189,3500.0,196390.0
0.189,3029.0,140566.2
0.189,3500.0,184603.66666666666
0.189,3500.0,164227.5
0.189,3500.0,218394.5
0.189,1470.75,58298.0
0.189,1219.0,84869.66666666667
0.189,2930.4,134338.8
0.189,2536.6666666666665,128051.33333333333
0.189,3500.0,183726.33333333334
0.189,1835.8,51891.6
0.189,3500.0,142885.0
0.189,3500.0,169052.5
0.189,2132.8,108168.8
0.189,1872.6666666666667,78937.33333333333
0.189,2667.6666666666665,131551.66666666666
0.189,2689.0,131115.0
0.189,2399.3333333333335,94301.66666666667
0.189,1892.5,48539.0
0.189,3500.0,171265.5
0.189,1474.6666666666667,91173.0
0.189,3500.0,100647.66666666667
0.189,3500.0,159853.5
0.189,1986.5,140611.0
0.189,3500.0,161798.0
0.189,3500.0,127036.33333333333
0.189,3500.0,133320.0
0.189,3500.0,181019.5
0.189,3500.0,142153.0
0.189,2393.0,82553.33333333333
0.189,2063.3333333333335,117956.0
0.189,2276.5,61561.5
0.189,3500.0,128727.5
0.189,2354.6666666666665,123093.33333333333
0.189,2509.3333333333335,79838.33333333333
0.189,3500.0,145824.0
0.189,3500.0,167356.2
0.189,1140.6666666666667,47840.333333333336
0.189,2335.6,113026.8
0.189,2742.0,148487.25
0.189,2112.5,60308.5
0.189,3500.0,122703.66666666667
0.189,690.6666666666666,12077.666666666666
0.189,1081.0,16988.0
0.189,1974.6666666666667,73172.0
0.189,3500.0,169751.0
0.189,3500.0,121649.66666666667
0.189,1781.0,124891.5
0.189,3500.0,115125.0
0.189,2738.75,140131.5
0.189,2365.6666666666665,70757.33333333333
0.189,3500.0,192352.0
0.189,3500.0,51858.0
0.189,2240.75,101712.75
0.189,1473.5,44592.5
0.189,3500.0,191663.5
0.189,2379.0,71478.66666666667
0.189,1962.0,79826.0
0.189,2698.75,118581.25
0.189,2520.0,77136.0
0.189,2253.0,55961.5
0.189,3500.0,150441.5
0.189,2825.0,159267.2
0.189,3500.0,173678.0
0.189,2259.5,119744.0
0.189,3500.0,202416.66666666666
0.189,1836.5,29302.0
0.189,3500.0,150070.0
0.189,2401.5,80537.66666666667
0.189,2824.4,126033.6
0.189,3500.0,140197.0
0.189,3500.0,104760.5
0.189,3500.0,166602.33333333334
0.189,3500.0,101267.0
0.189,151.0,1618.0
0.189,2468.0,86527.0
0.189,3500.0,158255.0
0.189,2302.6,133873.0
0.189,2353.3333333333335,80761.33333333333
0.189,3500.0,150750.0
0.189,2145.0,89504.2
0.189,3500.0,80511.0
0.19,2082.5,134983.0
0.19,2408.0,89326.66666666667
0.19,3500.0,135075.0
0.19,2482.5,91821.0
0.19,1957.0,38943.333333333336
0.19,2692.8333333333335,109218.33333333333
0.19,1890.0,42595.5
0.19,3500.0,228336.0
0.19,2905.6666666666665,118766.0
0.19,3160.125,164333.625
0.19,2705.6666666666665,109124.66666666667
0.19,3500.0,99143.0
0.19,2460.0,122641.0
0.19,3500.0,265879.0
0.19,3500.0,192226.2
0.19,1544.6666666666667,35115.666666666664
0.19,1846.5,83422.0
0.19,3500.0,174530.0
0.19,2098.5,109246.5
0.19,3500.0,155517.33333333334
0.19,3500.0,208985.0
0.19,3500.0,209960.0
0.19,2485.25,88041.0
0.19,2784.5,64517.0
0.19,3500.0,71176.0
0.19,3500.0,200850.75
0.19,562.0,6615.0
0.19,1844.5,53607.5
0.19,2474.6666666666665,98263.33333333333
0.19,1403.3333333333333,59298.0
0.19,1830.5,47848.0
0.19,3500.0,194451.0
0.19,2650.75,126635.25
0.19,2641.0,106092.75
0.19,2071.5,106886.0
0.19,3500.0,219393.0
0.19,2770.3333333333335,164917.33333333334
0.19,384.5,7827.0
0.19,3500.0,163960.66666666666
0.19,3500.0,146940.66666666666
0.19,3500.0,129942.0
0.19,2125.0,115309.6
0.19,2053.0,117312.75
0.19,3500.0,182903.5
0.19,2324.0,122473.5
0.19,3500.0,114439.0
0.19,3500.0,117004.0
0.19,1792.5,58107.0
0.19,712.5,27496.0
0.19,3500.0,184051.0
0.19,3500.0,136953.25
0.19,3500.0,183960.5
0.19,1217.0,56889.0
0.19,2907.3333333333335,123996.0
0.19,3100.2,169452.2
0.19,3500.0,126419.5
0.19,3500.0,151693.75
0.19,2652.75,94814.75
0.19,3500.0,126524.0
0.19,3500.0,141163.4
0.19,2707.3333333333335,110199.66666666667
0.19,1904.25,56230.75
0.19,1344.0,36495.0
0.19,1794.5,120766.5
0.19,3500.0,211215.0
0.19,2177.3333333333335,115835.83333333333
0.19,1129.0,28980.0
0.19,2165.3333333333335,126498.33333333333
0.19,2355.3333333333335,154312.33333333334
0.19,3500.0,111429.0
0.19,2773.0,116628.25
0.19,299.0,504.0
0.19,1783.5,102281.0
0.19,2840.0,146460.0
0.19,3500.0,124873.0
0.19,2113.3333333333335,85851.33333333333
0.19,3500.0,160706.0
0.19,2350.25,97842.75
0.19,2036.3333333333333,91361.0
0.19,2013.6666666666667,67393.66666666667
0.19,3500.0,193873.0
0.19,2512.6666666666665,100813.0
0.19,3500.0,195752.5
0.19,3500.0,110590.0
0.19,3500.0,159213.0
0.19,2296.5,133926.5
0.191,2441.5,69212.0
0.191,3500.0,146208.0
0.191,2730.5,178075.0
0.191,2958.25,191871.25
0.191,2371.0,94686.33333333333
0.191,3500.0,152307.33333333334
0.191,1585.0,60994.0
0.191,1790.0,60380.5
0.191,3500.0,122873.25
0.191,1624.0,52428.0
0.191,3500.0,144898.0
0.191,2260.0,111942.5
0.191,3500.0,220742.5
0.191,644.0,18972.0
0.191,3500.0,146248.0
0.191,3009.4,108318.2
0.191,3500.0,232310.0
0.191,2068.6666666666665,80741.83333333333
0.191,2212.6666666666665,97751.33333333333
0.191,3500.0,132821.0
0.191,2261.0,68859.0
0.191,3500.0,75896.0
0.191,2339.0,113359.5
0.191,2812.3333333333335,113301.66666666667
0.191,1873.0,49848.5
0.191,2343.0,148303.0
0.191,2464.6666666666665,134558.33333333334
0.191,3500.0,178689.0
0.191,3500.0,87459.5
0.191,3500.0,107861.66666666667
0.191,2392.5,56025.5
0.191,2649.6666666666665,202474.33333333334
0.191,1782.0,50846.5
0.191,2748.0,109917.66666666667
0.191,1050.0,63454.0
0.191,3500.0,178890.5
0.191,2687.6666666666665,193260.66666666666
0.191,3500.0,167519.0
0.191,2731.6666666666665,109467.0
0.191,3500.0,120967.0
0.191,3500.0,131682.0
0.191,3500.0,82799.0
0.191,1813.0,75597.5
0.191,3500.0,251865.0
0.191,1723.6666666666667,81598.33333333333
0.191,3500.0,160404.0
0.191,3500.0,103538.0
0.191,3500.0,159408.2
0.191,3500.0,134983.0
0.191,2995.0,109324.66666666667
0.191,2260.5,86801.5
0.191,2797.0,74553.66666666667
0.191,3500.0,132024.0
0.191,3500.0,148215.0
0.191,2480.5,85544.0
0.191,2781.3333333333335,98176.66666666667
0.191,3500.0,229203.0
0.191,1024.3333333333333,25779.666666666668
0.191,1907.0,80168.25
0.191,2846.4,111799.0
0.191,3500.0,121161.0
0.191,2378.75,141007.25
0.191,3500.0,165435.0
0.191,750.0,24692.5
0.191,3500.0,160593.75
0.191,2529.3333333333335,109634.33333333333
0.191,3500.0,201051.0
0.191,1467.3333333333333,70459.0
0.191,1816.25,76980.25
0.191,1401.0,66806.0
0.191,3500.0,143395.33333333334
0.191,3500.0,167937.75
0.191,3500.0,185270.0
0.191,3500.0,131950.5
0.191,3500.0,243657.0
0.191,2694.0,104702.0
0.191,2723.8571428571427,138139.57142857142
0.191,697.0,27093.5
0.191,3009.8,92283.4
0.191,3500.0,148601.75
0.191,3500.0,194795.0
0.191,2039.0,42453.0
0.191,2737.6666666666665,127310.0
0.191,3500.0,125879.66666666667
0.191,2367.6666666666665,129788.66666666667
0.191,2339.0,128124.5
0.191,231.5,5944.5
0.191,1821.0,111306.66666666667
0.191,3500.0,83318.0
0.191,1550.0,40030.0
0.192,2568.5,118350.5
0.192,3500.0,164106.0
0.192,3500.0,199272.0
0.192,2488.5,117476.5
0.192,1788.0,70966.25
0.192,3500.0,184133.0
0.192,3500.0,195218.66666666666
0.192,2354.3333333333335,101264.33333333333
0.192,1796.5,136971.5
0.192,3500.0,184954.0
0.192,2355.6666666666665,50178.333333333336
0.192,3500.0,200895.66666666666
0.192,3500.0,181861.0
0.192,3500.0,226410.0
0.192,1170.0,37420.0
0.192,3500.0,126013.0
0.192,2054.25,61713.5
0.192,111.0,2601.0
0.192,2298.75,46850.75
0.192,1293.3333333333333,56645.0
0.192,3500.0,188560.5
0.192,3500.0,252733.0
0.192,3500.0,220585.0
0.192,3500.0,109766.5
0.192,3500.0,119212.5
0.192,2977.6666666666665,99159.66666666667
0.192,1105.0,16939.0
0.192,3500.0,172260.5
0.192,3500.0,71640.0
0.192,2861.2,153860.2
0.192,2679.5,104212.0
0.192,2272.5,100513.5
0.192,1522.6666666666667,46215.666666666664
0.192,1014.5,29701.5
0.192,1213.0,75523.0
0.192,1768.5,79813.0
0.192,2342.0,112970.5
0.192,2039.0,60602.5
0.192,3500.0,252141.0
0.192,2702.75,129021.25
0.192,3500.0,64201.0
0.192,3500.0,174161.0
0.192,1357.0,31057.0
0.192,2815.6,117686.4
0.192,2683.6666666666665,136654.66666666666
0.192,2521.6666666666665,109976.0
0.192,1142.0,30111.0
0.192,1856.0,73839.33333333333
0.192,3500.0,146005.5
0.192,1858.0,74988.0
0.192,1849.0,84419.5
0.192,2353.5,61995.0
0.192,3500.0,108507.0
0.192,1379.0,29925.0
0.192,3500.0,238397.0
0.192,2646.5,130839.75
0.192,2649.75,111915.25
0.192,1934.4,87668.2
0.192,3500.0,168539.0
0.192,3500.0,182144.5
0.192,3500.0,138559.66666666666
0.192,1795.0,63877.0
0.192,64.0,65.0
0.192,1806.0,44065.0
0.192,3500.0,149937.125
0.192,3500.0,119637.25
0.192,1787.0,94232.5
0.192,1991.0,101582.5
0.192,3500.0,79309.0
0.192,3500.0,277931.0
0.192,2277.0,69104.0
0.192,3500.0,151778.0
0.192,3500.0,234381.0
0.192,3500.0,210267.5
0.192,2753.25,132813.25
0.192,1135.0,38708.0
0.192,1878.0,78345.66666666667
0.192,3500.0,184345.33333333334
0.192,3500.0,171200.0
0.192,3500.0,145502.5
0.192,1245.3333333333333,46454.666666666664
0.193,3500.0,149110.5
0.193,1391.3333333333333,87092.0
0.193,2703.3333333333335,60630.0
0.193,2121.25,84460.0
0.193,3500.0,91849.0
0.193,2218.0,131601.0
0.193,3500.0,115372.5
0.193,2374.3333333333335,63633.333333333336
0.193,1378.0,42381.0
0.193,1839.4,100961.4
0.193,2784.6666666666665,131008.5
0.193,1943.1666666666667,77489.33333333333
0.193,1685.0,57562.0
0.193,3044.2,129485.0
0.193,2389.5,115812.5
0.193,3500.0,110054.0
0.193,3005.6666666666665,133258.66666666666
0.193,1790.75,122239.25
0.193,3500.0,145465.0
0.193,3500.0,173891.0
0.193,3500.0,130272.33333333333
0.193,3500.0,135829.0
0.193,3500.0,198639.0
0.193,3500.0,231281.0
0.193,2907.25,159610.75
0.193,3500.0,170877.0
0.193,3500.0,186214.66666666666
0.193,2873.6666666666665,50751.333333333336
0.193,1978.6666666666667,62688.333333333336
0.193,3500.0,158458.66666666666
0.193,2769.25,138595.5
0.193,3500.0,95476.0
0.193,2462.6666666666665,148831.66666666666
0.193,3500.0,210971.0
0.193,1800.5,80060.0
0.193,2380.0,57225.666666666664
0.193,1901.3333333333333,70813.0
0.193,3000.8333333333335,113287.83333333333
0.193,2057.5,52301.25
0.193,3500.0,197908.0
0.193,2353.6666666666665,85737.0
0.193,3150.4,134033.6
0.193,3500.0,163068.0
0.193,3500.0,184139.5
0.193,3500.0,164368.66666666666
0.193,2272.5,25103.5
0.193,3200.5,138890.5
0.193,3500.0,116248.5
0.193,1153.0,16855.0
0.193,2635.3333333333335,110115.66666666667
0.193,2366.6,106322.6
0.193,914.0,15663.0
0.193,2302.5,100038.5
0.193,2260.5,105815.5
0.193,2684.25,79106.0
0.193,2061.25,96500.75
0.193,1919.5,112311.5
0.193,2372.0,120463.85714285714
0.193,1923.0,90224.0
0.193,1125.0,85224.0
0.193,3500.0,144173.0
0.193,2195.75,90320.75
0.193,2761.3333333333335,93522.16666666667
0.193,3500.0,198071.0
0.193,2481.75,134152.25
0.193,1987.857142857143,93621.42857142857
0.193,3500.0,160699.5
0.193,3500.0,223017.0
0.193,3112.25,171518.0
0.193,1795.5,54870.0
0.193,3017.8,127189.4
0.193,2364.6666666666665,152377.33333333334
0.193,2368.0,83274.66666666667
0.193,3500.0,121925.0
0.193,3500.0,145708.0
0.193,2259.0,125073.5
0.193,3500.0,121874.25
0.193,1299.6666666666667,68807.66666666667
0.193,3500.0,160130.66666666666
0.193,3500.0,201018.0
0.193,2205.8333333333335,135755.83333333334
0.193,3500.0,105291.0
0.193,2439.3333333333335,92713.33333333333
0.193,3500.0,190442.0
0.194,2355.3333333333335,145784.33333333334
0.194,3500.0,205118.5
0.194,2527.0,113579.5
0.194,2879.75,143374.5
0.194,3500.0,167169.5
0.194,1919.0,89711.0
0.194,3500.0,110189.0
0.194,2388.3333333333335,128537.66666666667
0.194,3500.0,278077.0
0.194,1739.3333333333333,59982.0
0.194,3500.0,168309.0
0.194,2821.6666666666665,82548.33333333333
0.194,1288.0,39812.666666666664
0.194,3500.0,142544.0
0.194,3500.0,116923.0
0.194,2349.5,104471.0
0.194,1401.3333333333333,28214.666666666668
0.194,1729.0,38685.0
0.194,3500.0,93597.0
0.194,2370.6,94502.4
0.194,2570.6666666666665,142940.66666666666
0.194,3500.0,205146.0
0.194,2685.6666666666665,81341.66666666667
0.194,3500.0,130539.66666666667
0.194,3500.0,211520.0
0.194,2265.5,80891.5
0.194,3500.0,140140.5
0.194,1907.5,37975.5
0.194,2730.0,86072.66666666667
0.194,2643.2,73796.6
0.194,3500.0,128182.0
0.194,2406.5,108618.75
0.194,3500.0,112506.5
0.194,3500.0,132849.0
0.194,3500.0,141169.0
0.194,3500.0,263037.0
0.194,3500.0,136441.0
0.194,2677.3333333333335,103381.33333333333
0.194,2757.3333333333335,116977.0
0.194,2528.5,105459.5
0.194,2926.3333333333335,106969.33333333333
0.194,3054.0,149617.5
0.194,1154.0,20218.0
0.194,2324.714285714286,104704.14285714286
0.194,3500.0,121085.0
0.194,2451.5,69764.5
0.194,2011.6,67575.8
0.194,2377.5,127880.0
0.194,2739.714285714286,107002.28571428571
0.194,3500.0,126249.33333333333
0.194,3500.0,171963.0
0.194,3500.0,180429.33333333334
0.194,3500.0,141511.0
0.194,1514.3333333333333,47443.0
0.194,2458.0,89642.8
0.194,2447.6666666666665,144030.0
0.194,2511.0,68316.0
0.194,3500.0,232358.0
0.194,1215.0,17124.0
0.194,1782.5,38063.5
0.194,3500.0,202655.0
0.194,3500.0,155100.0
0.194,2978.25,145883.75
0.194,2254.5,84966.5
0.194,326.0,5812.0
0.194,3500.0,139285.75
0.194,3500.0,193475.0
0.194,3500.0,195839.5
0.194,2895.25,108116.75
0.194,3500.0,153664.66666666666
0.194,3500.0,215206.0
0.194,3500.0,150002.66666666666
0.194,87.0,780.0
0.194,3500.0,145308.0
0.194,1251.0,32544.0
0.194,1225.0,18997.0
0.194,1998.6666666666667,94466.66666666667
0.194,435.0,9364.0
0.194,3500.0,127214.0
0.194,3500.0,182033.0
0.194,1782.0,51423.0
0.194,3500.0,170800.5
0.194,3500.0,144417.33333333334
0.194,2317.5,85176.5
0.195,3500.0,104040.0
0.195,3500.0,130158.0
0.195,400.0,3010.0
0.195,2104.8,74381.2
0.195,2077.0,53296.5
0.195,2134.0,72075.57142857143
0.195,3500.0,122446.5
0.195,2920.6,108268.0
0.195,217.0,2240.0
0.195,3500.0,138708.5
0.195,2307.5,59548.0
0.195,2124.8,92879.0
0.195,3500.0,161875.33333333334
0.195,2675.0,118385.75
0.195,3147.8,102666.4
0.195,3500.0,128437.0
0.195,3500.0,256415.0
0.195,3500.0,122775.25
0.195,3128.0,183335.4
0.195,1579.25,34422.75
0.195,3175.1428571428573,117274.57142857143
0.195,3500.0,79515.0
0.195,1809.25,101279.0
0.195,3054.25,124532.5
0.195,2031.75,90948.25
0.195,2701.0,141689.66666666666
0.195,83.0,1396.0
0.195,3500.0,125179.0
0.195,3500.0,199660.0
0.195,3500.0,152811.66666666666
0.195,3500.0,176910.0
0.195,3500.0,232714.0
0.195,3500.0,86978.0
0.195,1838.0,82139.6
0.195,3500.0,202365.66666666666
0.195,3500.0,169013.5
0.195,2359.3333333333335,76840.66666666667
0.195,3500.0,116186.0
0.195,2437.0,115594.0
0.195,2537.6666666666665,65692.33333333333
0.195,2822.2,107752.4
0.195,3500.0,173404.0
0.195,1084.0,25926.0
0.195,3500.0,102035.5
0.195,1076.0,28812.0
0.195,3500.0,181842.2
0.195,3500.0,110246.0
0.195,2488.5,91695.5
0.195,1450.25,31347.25
0.195,3500.0,237912.0
0.195,3500.0,147813.25
0.195,580.0,7412.5
0.195,3500.0,139592.0
0.195,2644.75,100189.75
0.195,3500.0,175754.0
0.195,3500.0,230151.0
0.195,481.0,4704.0
0.195,3500.0,127406.5
0.195,3500.0,188072.5
0.195,3500.0,204097.0
0.195,1853.0,95483.0
0.195,2813.0,109243.6
0.195,2813.0,123359.0
0.195,2043.25,62844.75
0.195,3500.0,178750.2
0.195,2289.5,100047.5
0.195,2721.0,91895.66666666667
0.195,1513.0,36835.0
0.195,726.5,22377.0
0.195,2354.3333333333335,165305.0
0.195,3500.0,143189.0
0.195,2291.5,62082.5
0.195,1654.3333333333333,103583.66666666667
0.195,1789.0,123876.0
0.195,2760.6666666666665,119806.33333333333
0.195,3500.0,121077.0
0.195,3500.0,89733.0
0.195,3500.0,165952.25
0.195,1646.3333333333333,30670.333333333332
0.195,2405.6666666666665,94237.33333333333
0.195,3500.0,110936.0
0.195,3500.0,144619.0
0.195,3500.0,148407.0
0.195,1309.0,16317.0
0.195,2704.3333333333335,121310.66666666667
0.195,3500.0,183039.0
0.195,2316.5,132770.5
0.195,3500.0,142442.0
0.195,3500.0,159425.75
0.196,3500.0,98850.0
0.196,1805.0,104039.0
0.196,1152.0,34616.0
0.196,2142.0,91765.0
0.196,2474.0,170257.0
0.196,3500.0,203738.0
0.196,3500.0,96815.0
0.196,3500.0,150242.0
0.196,3500.0,131129.0
0.196,3500.0,134853.33333333334
0.196,2386.6,138070.8
0.196,1807.5,83468.0
0.196,3500.0,154930.5
0.196,2969.3333333333335,166496.0
0.196,1477.0,23929.0
0.196,1391.0,18040.0
0.196,2777.0,148250.66666666666
0.196,3500.0,109492.0
0.196,3500.0,195696.0
0.196,3500.0,127633.0
0.196,95.0,153.5
0.196,3500.0,108988.5
0.196,3500.0,258808.0
0.196,2653.0,111043.75
0.196,3500.0,116966.5
0.196,2416.5,130591.5
0.196,2611.5,94321.16666666667
0.196,2560.5,144681.5
0.196,111.0,113.0
0.196,2463.0,113802.0
0.196,2837.6666666666665,174485.0
0.196,2520.6666666666665,73007.66666666667
0.196,2827.3333333333335,139653.33333333334
0.196,1226.0,52633.0
0.196,2649.75,57787.0
0.196,1798.5,87324.5
0.196,1480.3333333333333,66694.0
0.196,2256.5,73398.75
0.196,3500.0,167195.33333333334
0.196,2926.3333333333335,147161.66666666666
0.196,2883.25,141994.75
0.196,2538.8,91359.2
0.196,2614.2,108550.6
0.196,1557.3333333333333,100292.66666666667
0.196,658.0,21238.5
0.196,3500.0,72067.0
0.196,2673.6666666666665,156480.33333333334
0.196,1640.6666666666667,63469.333333333336
0.196,3500.0,194119.0
0.196,2352.8,77585.6
0.196,1081.0,17936.0
0.196,3500.0,206516.0
0.196,2540.0,67868.0
0.196,3500.0,177523.0
0.196,203.0,4091.0
0.196,2768.6666666666665,103115.66666666667
0.196,2111.0,78778.0
0.196,2446.6666666666665,82284.66666666667
0.196,2010.5,79550.0
0.196,3500.0,156483.66666666666
0.196,2507.0,143959.33333333334
0.196,2291.0,79515.0
0.196,1881.0,34687.0
0.196,3500.0,141534.0
0.196,3500.0,177432.0
0.196,3500.0,132997.0
0.196,618.0,10839.0
0.196,3500.0,97781.0
0.196,3500.0,172235.0
0.196,1031.0,10025.0
0.196,3500.0,114188.0
0.196,2423.5,126921.5
0.196,3500.0,153617.0
0.196,3500.0,178810.5
0.196,2903.0,136598.5
0.196,2760.0,113372.5
0.196,2710.75,81015.75
0.196,2459.0,79742.66666666667
0.196,3500.0,215791.0
0.196,3500.0,128465.0
0.196,1078.3333333333333,29681.333333333332
0.196,2035.0,76075.0
0.196,3500.0,158746.0
0.197,1109.0,21733.0
0.197,3500.0,146308.0
0.197,2338.5,59074.5
0.197,2383.6666666666665,114616.33333333333
0.197,2715.25,161511.5
0.197,3500.0,223307.0
0.197,3500.0,156308.0
0.197,2320.5,124804.5
0.197,3500.0,154041.0
0.197,2144.75,107048.5
0.197,3500.0,291022.0
0.197,3500.0,189861.0
0.197,1480.6666666666667,38012.0
0.197,265.5,4815.0
0.197,3500.0,183551.33333333334
0.197,3500.0,198865.0
0.197,3500.0,110640.0
0.197,2955.3333333333335,157775.0
0.197,3500.0,179104.0
0.197,1954.5,63263.75
0.197,2685.6666666666665,131575.66666666666
0.197,2372.5,91221.5
0.197,3500.0,119682.0
0.197,2812.4,104674.4
0.197,2692.0,105634.0
0.197,3500.0,212441.5
0.197,3500.0,197443.0
0.197,1793.5,109765.0
0.197,2652.25,78028.75
0.197,1945.0,71802.0
0.197,2447.0,73389.33333333333
0.197,2075.0,94819.75
0.197,3500.0,174249.0
0.197,3500.0,125666.0
0.197,2366.3333333333335,74900.0
0.197,3500.0,238379.0
0.197,3500.0,158981.0
0.197,62.0,570.0
0.197,3500.0,73610.0
0.197,3500.0,140469.75
0.197,2641.75,156732.75
0.197,2474.6666666666665,101260.0
0.197,3500.0,170313.0
0.197,3500.0,236258.0
0.197,3500.0,181238.5
0.197,2884.6,171285.8
0.197,3500.0,168026.4
0.197,2364.3333333333335,103103.66666666667
0.197,3500.0,171782.0
0.197,1704.3333333333333,58829.333333333336
0.197,3500.0,157699.0
0.197,2433.0,96472.33333333333
0.197,3500.0,114131.0
0.197,1881.6,59366.4
0.197,3500.0,212864.0
0.197,3500.0,151375.6
0.197,3500.0,188395.5
0.197,1830.0,91322.0
0.197,3500.0,136698.0
0.197,3500.0,144943.5
0.197,2355.0,108996.33333333333
0.197,3500.0,171221.66666666666
0.197,3500.0,153923.0
0.197,2694.3333333333335,134124.0
0.197,1751.0,30586.0
0.197,2309.0,75625.0
0.197,2417.3333333333335,89848.33333333333
0.197,3500.0,73439.0
0.197,3500.0,160400.5
0.197,1057.0,33288.0
0.197,1862.6666666666667,58471.0
0.197,3500.0,199892.66666666666
0.197,3500.0,42521.0
0.197,3500.0,181935.0
0.197,3500.0,214673.75
0.197,2323.0,86472.0
0.197,92.0,107.0
0.197,3500.0,119908.0
0.197,3500.0,118212.5
0.197,3500.0,225967.0
0.197,2297.5,70405.5
0.197,2790.0,145814.33333333334
0.197,3500.0,138959.0
0.197,1795.6666666666667,70872.0
0.197,2676.0,121906.0
0.197,1941.6666666666667,54907.666666666664
0.197,1189.0,61610.5
0.198,3127.0,134004.25
0.198,3500.0,110865.0
0.198,3500.0,145047.0
0.198,3500.0,98955.0
0.198,2490.0,89870.66666666667
0.198,3133.8,162129.6
0.198,1333.0,86417.33333333333
0.198,2453.5,121461.5
0.198,2281.5,93256.0
0.198,2574.75,121415.0
0.198,2077.6666666666665,70652.66666666667
0.198,3500.0,112227.66666666667
0.198,3500.0,78694.25
0.198,2813.0,136608.6
0.198,2093.25,108146.5
0.198,2361.5,112323.0
0.198,2535.5714285714284,126088.14285714286
0.198,3500.0,126671.5
0.198,3500.0,58769.0
0.198,3500.0,153973.5
0.198,3500.0,185817.0
0.198,3500.0,184846.66666666666
0.198,1930.0,38871.0
0.198,3500.0,174479.5
0.198,86.0,675.0
0.198,3500.0,212328.0
0.198,3500.0,98812.5
0.198,3500.0,81923.5
0.198,2641.5,121065.5
0.198,699.5,15165.0
0.198,1248.0,35765.5
0.198,1684.0,94247.2
0.198,562.0,7707.0
0.198,2307.25,102310.5
0.198,3500.0,154516.0
0.198,3500.0,160706.8
0.198,3500.0,149980.5
0.198,3500.0,213423.5
0.198,3500.0,126661.0
0.198,2942.25,136966.0
0.198,2048.6666666666665,75688.33333333333
0.198,2737.6666666666665,202044.0
0.198,3500.0,195853.0
0.198,3500.0,178211.33333333334
0.198,1220.3333333333333,61748.333333333336
0.198,3500.0,111102.0
0.198,3500.0,86299.0
0.198,2270.25,111420.25
0.198,3500.0,162880.33333333334
0.198,3500.0,180829.33333333334
0.198,3500.0,109392.0
0.198,1794.0,40996.5
0.198,2884.0,149260.75
0.198,3500.0,76930.0
0.198,2501.3333333333335,53935.0
0.198,3500.0,212008.0
0.198,3500.0,174709.0
0.198,3500.0,150693.2
0.198,2308.5,97749.0
0.198,3500.0,97898.33333333333
0.198,2370.3333333333335,118657.33333333333
0.198,2258.0,86295.0
0.198,799.0,16671.0
0.198,2354.6666666666665,67236.33333333333
0.198,3500.0,81555.0
0.198,2279.5,74159.5
0.198,2664.5,121120.5
0.198,2575.0,129921.8
0.198,3500.0,160029.5
0.198,3500.0,189557.0
0.198,1902.5,66132.0
0.198,3500.0,138718.66666666666
0.198,2582.2,99805.6
0.198,186.0,215.0
0.198,3500.0,193145.0
0.198,2109.5,64183.25
0.198,3500.0,158134.5
0.198,3500.0,192529.0
0.198,3500.0,226445.0
0.198,754.0,20722.0
0.198,3500.0,164246.6
0.198,3500.0,177057.25
0.198,1942.4285714285713,105829.85714285714
0.198,2350.5,175274.5
0.198,2544.1666666666665,130956.83333333333
0.198,3500.0,249117.0
0.198,92.0,105.0
0.198,3500.0,143553.0
0.199,2741.5,104084.5
0.199,2031.0,75464.5
0.199,3500.0,272093.0
0.199,2876.75,141870.75
0.199,2352.6666666666665,97689.0
0.199,2172.75,140827.125
0.199,3500.0,168760.0
0.199,3500.0,123531.0
0.199,1983.8333333333333,48837.833333333336
0.199,3500.0,235808.0
0.199,409.0,9526.0
0.199,3500.0,172608.33333333334
0.199,1973.0,125399.0
0.199,2444.5,95199.0
0.199,3500.0,191616.0
0.199,2148.5,98964.5
0.199,3500.0,133322.0
0.199,3500.0,125807.0
0.199,3500.0,209579.0
0.199,2128.0,97083.33333333333
0.199,2328.5,98899.75
0.199,1798.5,56908.0
0.199,1237.6666666666667,63954.333333333336
0.199,2355.5,105888.5
0.199,3500.0,164038.0
0.199,3500.0,174088.0
0.199,2338.5,78087.0
0.199,3500.0,209559.0
0.199,1865.6666666666667,58726.666666666664
0.199,2778.3333333333335,101613.0
0.199,2640.5,134694.25
0.199,3500.0,150543.0
0.199,2475.75,121547.25
0.199,2265.0,117658.0
0.199,1788.25,74124.25
0.199,1799.0,71622.33333333333
0.199,3500.0,200961.66666666666
0.199,3500.0,184686.0
0.199,565.0,7425.0
0.199,2313.5,116237.0
0.199,1115.5,27062.5
0.199,3259.8333333333335,177956.33333333334
0.199,3500.0,145603.66666666666
0.199,3500.0,198307.66666666666
0.199,96.0,450.0
0.199,3500.0,168197.5
0.199,3500.0,105677.66666666667
0.199,3500.0,164955.75
0.199,1798.0,67287.5
0.199,3033.0,141136.6
0.199,3500.0,144713.0
0.199,2948.5,115737.66666666667
0.199,3500.0,103633.0
0.199,2919.5,77181.75
0.199,1685.6666666666667,75468.33333333333
0.199,3500.0,167691.0
0.199,2662.0,121237.75
0.199,1040.0,17206.0
0.199,1798.5,104236.0
0.199,2118.25,41589.75
0.199,500.0,4282.0
0.199,1862.5,36047.5
0.199,2675.3333333333335,113653.33333333333
0.199,3074.4,141727.8
0.199,3500.0,195556.5
0.199,3500.0,81412.0
0.199,3500.0,269821.0
0.199,2347.0,135032.6
0.199,3500.0,119051.33333333333
0.199,3500.0,140895.0
0.199,3500.0,202223.66666666666
0.199,2761.0,87962.66666666667
0.199,3500.0,203357.0
0.199,3500.0,132776.5
0.199,3500.0,178675.0
0.199,2693.3333333333335,88268.33333333333
0.199,2874.75,109463.5
0.199,2128.8,121643.2
0.199,1870.75,68780.5
0.199,3160.8333333333335,168381.83333333334
0.199,2351.0,72887.5
0.199,1787.5,109273.0
0.199,3500.0,160231.5
0.199,2915.0,160285.5
0.199,3500.0,189920.0
0.199,3500.0,199088.0
0.199,3500.0,211991.0
0.199,2745.75,111061.25
0.2,3500.0,189696.5
0.2,2865.25,191331.0
0.2,3500.0,220261.66666666666
0.2,3500.0,143325.6
0.2,1633.0,28401.0
0.2,1714.4,69911.4
0.2,3500.0,124973.0
0.2,3500.0,212062.0
0.2,2919.8,81332.4
0.2,3500.0,153728.5
0.2,3500.0,134878.66666666666
0.2,3500.0,191576.0
0.2,2639.25,85240.5
0.2,1598.0,70094.0
0.2,3500.0,200276.0
0.2,2739.25,112674.25
0.2,685.0,15867.0
0.2,2306.5,95476.0
0.2,3500.0,216728.0
0.2,3500.0,142582.0
0.2,1798.5,116374.0
0.2,3500.0,110029.0
0.2,2694.3333333333335,140225.33333333334
0.2,3500.0,196094.66666666666
0.2,1806.5,55216.0
0.2,3500.0,152267.0
0.2,2502.0,57863.666666666664
0.2,3500.0,164560.83333333334
0.2,2641.0,78966.25
0.2,2004.3333333333333,50337.0
0.2,1862.3333333333333,49375.0
0.2,3099.2,135221.4
0.2,3500.0,121647.0
0.2,3500.0,183411.0
0.2,3500.0,203950.0
0.2,3500.0,211747.0
0.2,3500.0,179458.2
0.2,3106.8333333333335,136844.5
0.2,3500.0,169350.5
0.2,2997.6666666666665,133569.33333333334
0.2,1795.3333333333333,106014.33333333333
0.2,2425.0,107513.75
0.2,3500.0,188180.66666666666
0.2,1971.6666666666667,60445.666666666664
0.2,3500.0,147956.5
0.2,3500.0,81739.0
0.2,3190.2,150147.2
0.2,3500.0,138991.0
0.2,2100.2,72433.8
0.2,2876.5,109487.0
0.2,1784.5,67194.5
0.2,2282.0,126731.0
0.2,2359.5,38917.0
0.2,1756.6666666666667,124918.0
0.2,3500.0,164679.25
0.2,3009.0,129857.6
0.2,3500.0,232013.0
0.2,3500.0,266595.5
0.2,3500.0,234637.0
0.2,2674.75,124463.25
0.2,2673.6666666666665,104863.66666666667
0.2,2251.5,93808.5
0.2,3500.0,138462.5
0.2,3500.0,214322.0
0.2,3500.0,184791.0
0.2,317.5,3457.5
0.2,1354.3333333333333,90627.33333333333
0.2,2792.6666666666665,143937.33333333334
0.2,3500.0,108668.66666666667
0.2,2681.75,144121.75
0.2,3500.0,57829.0
0.2,3500.0,104446.33333333333
0.2,3500.0,132473.0
0.2,3500.0,228534.5
0.2,3500.0,113909.5
0.2,2653.0,94408.0
0.2,1786.5,94841.5
0.2,431.0,21074.0
0.2,674.0,12955.0
0.2,1552.6666666666667,65156.333333333336
0.2,1940.0,30255.0
0.2,3500.0,175937.5
0.2,2359.6666666666665,72874.0
0.2,2376.0,129983.33333333333
0.2,1968.0,103020.75
0.201,2449.8,110241.8
0.201,2899.3333333333335,141779.33333333334
0.201,2677.6666666666665,110384.0
0.201,3500.0,180574.0
0.201,2366.0,110542.0
0.201,3500.0,144155.5
0.201,1199.0,41767.5
0.201,77.0,986.0
0.201,2743.3333333333335,89590.0
0.201,3500.0,87043.0
0.201,3500.0,128736.8
0.201,3500.0,143048.0
0.201,2205.714285714286,87512.71428571429
0.201,1440.0,31432.0
0.201,3500.0,116653.0
0.201,3500.0,160351.0
0.201,3500.0,151383.4
0.201,3090.8333333333335,138282.83333333334
0.201,1015.5,39821.5
0.201,3500.0,219426.5
0.201,1349.0,26627.0
0.201,2380.5,101066.0
0.201,2112.25,117475.75
0.201,2853.5714285714284,109009.42857142857
0.201,546.0,4872.5
0.201,2354.6666666666665,71391.0
0.201,3500.0,184892.33333333334
0.201,3500.0,194124.2
0.201,3500.0,154393.5
0.201,3500.0,148562.33333333334
0.201,2928.8333333333335,128898.66666666667
0.201,989.0,26428.0
0.201,3500.0,133768.0
0.201,2018.5,85800.0
0.201,2020.5,139070.0
0.201,2387.75,72232.5
0.201,2366.3333333333335,93287.33333333333
0.201,3500.0,135108.0
0.201,1621.5,49640.5
0.201,3500.0,163884.66666666666
0.201,2364.6666666666665,120688.0
0.201,3500.0,166039.25
0.201,2379.0,102086.0
0.201,3500.0,164845.33333333334
0.201,3500.0,113638.5
0.201,2000.0,65994.8
0.201,3063.6,123734.6
0.201,1572.3333333333333,66111.33333333333
0.201,3500.0,163287.0
0.201,2633.5,102681.0
0.201,3500.0,111380.0
0.201,3500.0,162847.0
0.201,3500.0,120493.0
0.201,3500.0,217236.5
0.201,2658.0,74663.0
0.201,3500.0,205251.0
0.201,1031.0,16862.0
0.201,3500.0,188944.0
0.201,3500.0,171396.5
0.201,2119.2,134089.0
0.201,3080.75,170562.5
0.201,2373.3333333333335,152561.66666666666
0.201,3500.0,159485.5
0.201,3500.0,129332.0
0.201,1774.5,77887.5
0.201,3500.0,157235.0
0.201,3500.0,196455.0
0.201,3500.0,138895.75
0.201,1800.0,89783.75
0.201,2978.2,164256.6
0.201,2553.1666666666665,121940.0
0.201,1148.0,8820.0
0.201,2974.6666666666665,118463.66666666667
0.201,2641.5,117926.0
0.201,2815.0,121714.33333333333
0.201,3500.0,169410.0
0.201,3500.0,220075.0
0.201,3500.0,166555.0
0.201,3500.0,140466.0
0.201,1042.5,25589.0
0.201,2365.0,92165.5
0.201,3500.0,201408.0
0.201,3500.0,113267.0
0.201,2400.3333333333335,80307.0
0.201,2527.0,112232.57142857143
0.202,2471.0,152076.5
0.202,2837.6,118706.6
0.202,2278.5,98389.0
0.202,2311.0,58610.75
0.202,3500.0,193505.0
0.202,3500.0,121485.0
0.202,1812.5,59032.5
0.202,3500.0,264331.0
0.202,1699.3333333333333,68702.33333333333
0.202,3500.0,151273.66666666666
0.202,1223.0,71786.0
0.202,2295.75,72748.25
0.202,3500.0,150481.5
0.202,3500.0,261454.5
0.202,2862.2,92081.4
0.202,3500.0,144847.6
0.202,3500.0,127935.5
0.202,93.0,94.0
0.202,3500.0,179062.0
0.202,2296.5,141846.0
0.202,3011.25,105886.5
0.202,3500.0,135527.0
0.202,3500.0,155206.0
0.202,1052.0,58426.5
0.202,3500.0,187155.0
0.202,2874.4,106603.0
0.202,3500.0,172756.0
0.202,1914.3333333333333,75138.33333333333
0.202,2909.75,149955.0
0.202,3500.0,120702.75
0.202,3011.4285714285716,117955.14285714286
0.202,2365.3333333333335,80866.66666666667
0.202,2883.75,144359.25
0.202,2382.5,68842.0
0.202,3500.0,220043.5
0.202,3500.0,112758.0
0.202,2054.0,72701.0
0.202,2463.8,112882.0
0.202,2608.0,94480.0
0.202,2750.0,143076.0
0.202,3500.0,162091.66666666666
0.202,3500.0,144985.0
0.202,3500.0,160842.33333333334
0.202,3500.0,153408.0
0.202,2682.3333333333335,79914.0
0.202,1939.0,96341.0
0.202,2878.5,130310.5
0.202,2681.0,134158.33333333334
0.202,3500.0,244200.0
0.202,2820.0,89411.8
0.202,3151.6,105620.6
0.202,2729.6666666666665,162687.66666666666
0.202,3500.0,175654.0
0.202,2548.5,136745.0
0.202,2342.0,95978.0
0.202,2877.0,89864.75
0.202,3500.0,162638.0
0.202,1184.4,42548.2
0.202,541.0,7762.0
0.202,1090.0,17528.0
0.202,2254.5,54996.0
0.202,2270.5,95821.0
0.202,3500.0,128886.33333333333
0.202,802.0,25621.5
0.202,3500.0,186825.0
0.202,398.0,4919.0
0.202,2045.3333333333333,95721.33333333333
0.202,2647.0,134281.5
0.202,646.0,12691.0
0.202,3500.0,134480.75
0.202,2447.6666666666665,122920.0
0.202,581.0,16117.0
0.202,3500.0,148712.0
0.202,3500.0,207402.0
0.202,3500.0,109815.75
0.202,403.0,12639.0
0.202,3500.0,137711.0
0.202,3500.0,120273.0
0.202,888.0,29037.0
0.202,3500.0,152249.0
0.203,1611.6666666666667,40309.0
0.203,3500.0,93044.0
0.203,684.0,15574.0
0.203,3500.0,150533.66666666666
0.203,3500.0,50409.0
0.203,3500.0,81427.0
0.203,603.0,13339.0
0.203,3500.0,112952.33333333333
0.203,3500.0,154459.5
0.203,3500.0,216964.5
0.203,2365.0,52978.666666666664
0.203,3500.0,181143.66666666666
0.203,1843.0,59558.0
0.203,2519.8333333333335,105575.66666666667
0.203,2664.5,135411.75
0.203,109.0,1699.5
0.203,3500.0,74706.0
0.203,3500.0,173061.0
0.203,3500.0,171886.0
0.203,3500.0,169588.0
0.203,2354.3333333333335,182946.33333333334
0.203,2123.0,130772.0
0.203,2931.3333333333335,112487.83333333333
0.203,3144.2,127862.6
0.203,2389.0,114341.5
0.203,3500.0,141900.0
0.203,3500.0,159079.0
0.203,3500.0,113655.0
0.203,3500.0,199379.66666666666
0.203,3500.0,185540.0
0.203,2743.6666666666665,166549.33333333334
0.203,3500.0,79524.0
0.203,3500.0,216616.0
0.203,1681.0,50488.0
0.203,3500.0,206932.5
0.203,2276.0,76314.0
0.203,1121.0,38926.0
0.203,2745.75,177885.25
0.203,3500.0,93611.33333333333
0.203,2470.2,113577.2
0.203,2338.0,109442.85714285714
0.203,2698.0,112870.66666666667
0.203,3500.0,128040.6
0.203,223.0,18046.0
0.203,3500.0,163141.0
0.203,3500.0,134760.5
0.203,3500.0,156759.0
0.203,2050.5,96822.5
0.203,2385.3333333333335,167811.0
0.203,3500.0,146330.33333333334
0.203,3500.0,102161.0
0.203,3500.0,160005.0
0.203,3500.0,130552.5
0.203,2361.0,156205.0
0.203,3500.0,138757.0
0.203,3500.0,152381.5
0.203,2303.5,140768.0
0.203,3500.0,176461.5
0.203,3500.0,155732.25
0.203,3500.0,171275.0
0.203,164.0,618.0
0.203,2481.0,58192.333333333336
0.203,3500.0,183626.0
0.203,3500.0,127154.5
0.203,3500.0,174318.0
0.203,3500.0,67023.5
0.203,2511.5,73035.0
0.203,3500.0,221600.0
0.203,3500.0,202464.0
0.203,3500.0,188257.5
0.203,3500.0,103788.0
0.203,2324.4,102542.8
0.203,2167.25,112360.0
0.203,2090.5,100859.0
0.203,2508.6666666666665,112870.33333333333
0.203,3146.8333333333335,111382.0
0.203,3500.0,132103.0
0.203,3500.0,221577.0
0.203,3500.0,118024.0
0.203,157.0,1356.0
0.203,2641.0,134835.25
0.203,3500.0,149119.33333333334
0.203,2245.8,96298.0
0.203,3500.0,116912.0
0.203,3500.0,96513.0
0.204,1240.0,35266.0
0.204,3500.0,170163.5
0.204,460.0,5737.5
0.204,2900.0,97031.0
0.204,3500.0,107197.0
0.204,3500.0,235712.5
0.204,2977.5,120012.75
0.204,1899.0,51129.0
0.204,2505.5,104193.0
0.204,3500.0,172724.0
0.204,3500.0,116150.0
0.204,2012.0,49715.5
0.204,3500.0,91424.5
0.204,3500.0,155917.0
0.204,3500.0,140505.4
0.204,2817.6666666666665,112412.33333333333
0.204,2194.0,90353.25
0.204,3500.0,184180.0
0.204,3020.6,149932.4
0.204,3500.0,218737.0
0.204,2883.75,120515.5
0.204,1024.0,19049.0
0.204,3500.0,169550.0
0.204,3500.0,98258.0
0.204,1023.0,42057.0
0.204,2973.5,166461.5
0.204,3500.0,150585.0
0.204,3500.0,176697.5
0.204,3500.0,147921.5
0.204,3500.0,113977.5
0.204,3500.0,221198.0
0.204,136.0,1339.0
0.204,2643.5,116716.0
0.204,2067.0,63840.5
0.204,3500.0,153018.0
0.204,2356.3333333333335,67423.33333333333
0.204,1792.0,151932.0
0.204,3150.8333333333335,154938.66666666666
0.204,3500.0,184627.0
0.204,658.5,20162.5
0.204,3500.0,162558.5
0.204,3500.0,187497.5
0.204,3500.0,164246.0
0.204,3500.0,163774.0
0.204,3500.0,201140.5
0.204,1517.0,22585.0
0.204,2437.0,89446.0
0.204,2523.0,66637.5
0.204,2890.0,97328.25
0.204,2690.3333333333335,106755.33333333333
0.204,1971.6666666666667,83728.0
0.204,3000.25,170551.0
0.204,3500.0,148425.8
0.204,3500.0,129413.2
0.204,3500.0,140439.5
0.204,712.25,8029.0
0.204,2683.6666666666665,137237.66666666666
0.204,3500.0,141486.0
0.204,2487.5,152794.5
0.204,3500.0,202182.0
0.204,2278.5,70744.5
0.204,2650.25,124968.5
0.204,1897.6666666666667,25659.333333333332
0.204,3500.0,105018.0
0.204,2319.5,54980.5
0.204,2646.75,105981.0
0.204,3500.0,131953.33333333334
0.204,1093.0,18998.0
0.204,1824.5,111578.0
0.204,3500.0,254297.0
0.204,3500.0,102327.0
0.204,3500.0,195112.5
0.204,2689.6666666666665,111416.33333333333
0.204,1494.0,48582.0
0.204,2353.3333333333335,116857.66666666667
0.204,2703.0,133131.5
0.204,2350.3333333333335,98349.33333333333
0.204,3500.0,104600.5
0.204,3500.0,148988.0
0.204,3500.0,138529.33333333334
0.204,2325.5,120835.5
0.204,2574.25,99714.0
0.204,2833.6666666666665,82137.33333333333
0.204,3500.0,110913.0
0.204,2309.0,77296.0
0.204,3500.0,156357.0
0.204,3500.0,170288.5
0.205,1858.0,35952.0
0.205,1465.0,26472.0
0.205,2738.0,120267.6
0.205,2652.25,84949.75
0.205,3500.0,112694.0
0.205,3500.0,149761.0
0.205,3500.0,161783.0
0.205,3500.0,221100.0
0.205,1886.5,60888.0
0.205,1473.75,78229.0
0.205,61.0,473.0
0.205,3500.0,153011.0
0.205,3500.0,266237.0
0.205,3500.0,144849.0
0.205,72.0,985.0
0.205,71.0,779.0
0.205,3500.0,140176.0
0.205,77.0,275.0
0.205,2701.6666666666665,66247.66666666667
0.205,3500.0,122456.0
0.205,3500.0,218634.0
0.205,3500.0,161645.0
0.205,3500.0,149716.0
0.205,3500.0,162733.6
0.205,3500.0,138725.5
0.205,1464.6666666666667,56284.0
0.205,3500.0,89929.33333333333
0.205,3500.0,265862.0
0.205,3500.0,165259.0
0.205,2606.3333333333335,150055.66666666666
0.205,2361.6666666666665,104406.0
0.205,1865.25,45376.25
0.205,1076.5,10912.5
0.205,3500.0,256269.0
0.205,2825.8,145762.2
0.205,3500.0,109885.2
0.205,2942.6666666666665,125937.0
0.205,2435.0,68606.0
0.205,2393.5,125148.0
0.205,2483.0,149409.5
0.205,3500.0,149780.33333333334
0.205,2641.0,89111.25
0.205,3500.0,124592.0
0.205,2132.0,62448.0
0.205,1926.0,58666.333333333336
0.205,3500.0,68463.0
0.205,3500.0,229884.0
0.205,2212.8571428571427,95944.85714285714
0.205,3500.0,139382.5
0.205,2641.5,103349.0
0.205,3500.0,156576.33333333334
0.205,2667.0,96346.33333333333
0.205,3500.0,98860.0
0.205,2700.6666666666665,87938.66666666667
0.205,3500.0,143291.5
0.205,3500.0,173897.0
0.205,3500.0,135248.0
0.205,3500.0,47669.0
0.205,2546.4,100983.6
0.205,1790.5,84932.0
0.205,2707.0,123829.66666666667
0.205,2069.0,136813.0
0.205,1223.0,39821.0
0.205,849.0,32938.0
0.205,1641.0,99445.33333333333
0.205,2177.0,102763.5
0.205,2398.5,74544.5
0.205,3500.0,149221.0
0.205,3500.0,179737.0
0.205,3070.8571428571427,116381.14285714286
0.205,3500.0,131573.0
0.205,2682.3333333333335,121810.0
0.205,3500.0,122011.0
0.205,3500.0,170153.0
0.205,2669.6666666666665,115070.0
0.205,2834.0,97519.25
0.205,3500.0,183753.33333333334
0.205,3500.0,212627.0
0.205,3500.0,119169.0
0.205,2255.5,92090.0
0.205,3500.0,131270.5
0.205,2529.6666666666665,97891.33333333333
0.205,2785.3333333333335,180881.66666666666
0.205,2483.0,116398.66666666667
0.205,3500.0,165735.0
0.205,2454.75,73426.5
0.205,2686.25,110813.75
0.206,2435.8,74361.2
0.206,448.0,9122.0
0.206,3500.0,132483.0
0.206,2814.6,106333.0
0.206,1784.0,53107.5
0.206,2832.25,149232.75
0.206,2295.5,59026.0
0.206,2280.5,86742.5
0.206,3084.5,150335.66666666666
0.206,3500.0,224037.5
0.206,2911.75,119572.5
0.206,3500.0,170091.66666666666
0.206,3500.0,205077.0
0.206,1540.0,26414.0
0.206,3500.0,160082.25
0.206,1316.0,63172.0
0.206,3500.0,146033.0
0.206,3500.0,202290.33333333334
0.206,2873.8,122736.4
0.206,3018.4,127722.2
0.206,845.0,16146.0
0.206,3500.0,114241.5
0.206,3500.0,214731.0
0.206,2540.0,88864.0
0.206,1276.3333333333333,57881.666666666664
0.206,2355.3333333333335,85957.66666666667
0.206,3500.0,172246.0
0.206,3500.0,185397.0
0.206,3500.0,187147.33333333334
0.206,2833.6666666666665,86940.33333333333
0.206,3500.0,136379.0
0.206,2354.0,124414.66666666667
0.206,3031.8,117302.4
0.206,2765.6666666666665,184716.0
0.206,1163.2,37711.2
0.206,3500.0,179116.4
0.206,2644.0,141192.25
0.206,1810.0,93868.25
0.206,2354.6666666666665,127272.33333333333
0.206,2275.8333333333335,127380.16666666667
0.206,3500.0,146448.0
0.206,2897.25,122099.75
0.206,2920.0,125868.0
0.206,89.0,175.0
0.206,2281.5,77714.0
0.206,1790.5,28263.0
0.206,3500.0,114133.0
0.206,3500.0,177030.0
0.206,3082.6,144220.0
0.206,3500.0,131431.0
0.206,2796.714285714286,112644.57142857143
0.206,3500.0,87909.0
0.206,3500.0,220797.0
0.206,3500.0,181407.5
0.206,2715.3333333333335,90835.0
0.206,513.6666666666666,11551.0
0.206,303.0,9011.0
0.206,2266.5,61523.0
0.206,3500.0,250829.0
0.206,3500.0,130986.33333333333
0.206,1538.8333333333333,59912.666666666664
0.206,1919.0,58280.5
0.206,3500.0,149431.0
0.206,2238.0,87922.0
0.206,2347.6,88690.6
0.206,2275.0,136974.0
0.206,2421.6666666666665,143186.0
0.206,3500.0,109604.33333333333
0.206,3500.0,195323.0
0.206,2969.5,146698.25
0.206,3500.0,148843.0
0.206,3500.0,76221.0
0.206,1850.5,86581.0
0.206,3500.0,265678.0
0.206,3500.0,221833.0
0.206,61.0,534.0
0.206,100.0,707.0
0.206,3500.0,186311.0
0.206,2691.0,105278.33333333333
0.206,2894.0,127337.33333333333
0.206,1803.0,44634.0
0.206,3500.0,269284.0
0.206,3069.8,170961.2
0.206,3500.0,244354.0
0.206,690.0,23504.0
0.206,3500.0,136500.66666666666
0.207,3500.0,133690.66666666666
0.207,1181.0,40122.0
0.207,1939.6666666666667,99101.66666666667
0.207,2680.3333333333335,177860.33333333334
0.207,3117.25,150549.0
0.207,3084.6666666666665,135149.33333333334
0.207,2564.1666666666665,132218.16666666666
0.207,1192.0,27925.0
0.207,3500.0,139330.5
0.207,2326.5,151678.0
0.207,2869.0,141047.66666666666
0.207,2653.0,103538.75
0.207,3500.0,82915.0
0.207,3500.0,163936.0
0.207,2797.6666666666665,128318.33333333333
0.207,3500.0,151448.33333333334
0.207,3500.0,149573.0
0.207,3500.0,162470.75
0.207,3500.0,147779.0
0.207,1850.0,66781.5
0.207,3500.0,154116.0
0.207,3039.4,143995.2
0.207,3500.0,184055.0
0.207,2654.0,132522.0
0.207,3500.0,68024.0
0.207,1969.0,53672.0
0.207,1250.0,31112.5
0.207,3500.0,120628.0
0.207,2294.75,115287.0
0.207,3500.0,127609.28571428571
0.207,3500.0,122688.0
0.207,2703.6666666666665,141796.66666666666
0.207,2657.75,108342.25
0.207,2822.0,102537.66666666667
0.207,1458.5,42961.0
0.207,2943.25,131925.0
0.207,1841.8,61661.8
0.207,3500.0,121797.33333333333
0.207,1298.25,42297.0
0.207,3500.0,134448.5
0.207,3500.0,189032.66666666666
0.207,3500.0,117327.0
0.207,2701.6666666666665,137704.0
0.207,2788.6666666666665,82418.0
0.207,2939.75,116890.5
0.207,3500.0,102125.0
0.207,1893.3333333333333,75403.0
0.207,1802.6,98861.4
0.207,3500.0,151016.5
0.207,2749.0,135925.5
0.207,3500.0,90988.0
0.207,2500.5,85362.0
0.207,2915.25,118437.25
0.207,815.3333333333334,24142.333333333332
0.207,3500.0,138294.0
0.207,2361.3333333333335,99704.0
0.207,1781.0,100136.66666666667
0.207,3500.0,228929.0
0.207,3500.0,193520.5
0.207,1127.0,31164.0
0.207,2518.6666666666665,106793.83333333333
0.207,2009.3333333333333,85532.0
0.207,3077.75,150483.75
0.207,73.0,101.0
0.207,3500.0,165854.0
0.207,2141.5,77664.0
0.207,3500.0,140451.66666666666
0.207,1055.0,25801.0
0.207,2678.6666666666665,121714.66666666667
0.207,1971.0,106623.0
0.207,2693.0,119916.5
0.207,2347.3333333333335,100825.33333333333
0.207,2382.0,77681.0
0.207,3500.0,125363.0
0.207,3500.0,148649.0
0.207,3500.0,175917.5
0.207,2240.5,107551.0
0.207,2005.3333333333333,59460.666666666664
0.207,3500.0,142344.25
0.207,1029.0,19886.0
0.207,1818.0,99438.5
0.207,3109.8333333333335,128890.66666666667
0.207,2913.5,80588.0
0.207,2803.6666666666665,109963.33333333333
0.208,3500.0,177777.5
0.208,1782.0,123327.0
0.208,3500.0,111892.0
0.208,1789.0,68954.0
0.208,3500.0,139441.0
0.208,3500.0,173336.5
0.208,3500.0,195115.66666666666
0.208,3500.0,142734.7142857143
0.208,3500.0,142861.0
0.208,2762.0,131036.33333333333
0.208,3500.0,127775.0
0.208,3500.0,161813.5
0.208,2385.0,100851.5
0.208,3500.0,156799.5
0.208,1829.0,72011.0
0.208,3500.0,155649.5
0.208,3500.0,150318.33333333334
0.208,3500.0,186561.5
0.208,967.0,28567.5
0.208,73.0,102.0
0.208,2687.0,93292.33333333333
0.208,3500.0,160063.0
0.208,1800.0,71740.0
0.208,2883.75,98198.25
0.208,3500.0,125399.0
0.208,2896.0,107504.25
0.208,1659.0,92655.8
0.208,1179.0,51039.0
0.208,2771.25,140221.25
0.208,2549.0,134512.33333333334
0.208,2763.6666666666665,103045.0
0.208,2170.3333333333335,85296.0
0.208,2139.5,92843.0
0.208,93.0,105.0
0.208,3146.25,182172.75
0.208,3500.0,194747.5
0.208,767.0,9445.0
0.208,3500.0,126751.0
0.208,1790.5,87954.5
0.208,2640.75,147218.5
0.208,2973.3333333333335,89290.33333333333
0.208,2075.25,74950.0
0.208,3500.0,159088.5
0.208,2302.5,91386.0
0.208,984.5,38453.0
0.208,2545.0,60992.666666666664
0.208,3500.0,123415.0
0.208,3500.0,156483.66666666666
0.208,3500.0,208167.0
0.208,2173.0,91906.6
0.208,3500.0,158211.0
0.208,3500.0,97593.0
0.208,3500.0,94048.0
0.208,3500.0,111159.0
0.208,3500.0,151593.5
0.208,2647.0,107577.5
0.208,1814.75,78418.75
0.208,1801.5,116558.5
0.208,2506.3333333333335,97538.66666666667
0.208,3500.0,237243.0
0.208,2260.5,67857.0
0.208,3500.0,135225.0
0.208,2521.5,79736.0
0.208,2938.5,137143.16666666666
0.208,3500.0,168134.33333333334
0.208,2985.0,112256.0
0.208,2809.75,73588.5
0.208,2380.6666666666665,172702.0
0.208,3500.0,168901.5
0.208,3500.0,141650.5
0.208,2316.0,68506.5
0.208,3264.5,164256.0
0.208,3500.0,168882.25
0.208,1791.0,88965.0
0.208,3500.0,98163.0
0.208,2432.0,54085.5
0.208,2460.2,113799.4
0.208,93.0,379.0
0.208,3500.0,135573.66666666666
0.208,3500.0,175315.5
0.208,3205.8,188049.6
0.208,3500.0,166716.0
0.208,1902.5,31565.0
0.208,1795.5,71910.0
0.208,3500.0,130574.0
0.208,1799.5,95959.5
0.209,2361.5,103443.5
0.209,3500.0,153916.0
0.209,2415.75,104947.25
0.209,2098.25,52012.5
0.209,2695.6666666666665,103589.0
0.209,3500.0,134305.75
0.209,949.0,22878.0
0.209,1055.0,29195.0
0.209,3500.0,128806.0
0.209,3500.0,265062.0
0.209,3015.6666666666665,159868.0
0.209,2785.6666666666665,114029.0
0.209,3500.0,76394.0
0.209,3500.0,133276.66666666666
0.209,1790.5,82486.0
0.209,3500.0,89155.0
0.209,2651.5,115694.75
0.209,3500.0,140189.33333333334
0.209,2372.3333333333335,92045.66666666667
0.209,481.0,6519.0
0.209,2641.0,96055.0
0.209,2943.25,150753.0
0.209,3500.0,131713.0
0.209,3500.0,177525.0
0.209,3500.0,225173.5
0.209,3500.0,144712.0
0.209,2375.6666666666665,93865.33333333333
0.209,3500.0,94667.0
0.209,3500.0,125901.0
0.209,2131.5,83952.75
0.209,2362.0,71809.5
0.209,1798.5,110821.5
0.209,2692.0,129073.25
0.209,2067.3333333333335,67065.83333333333
0.209,1772.0,134949.5
0.209,2369.0,130697.0
0.209,3500.0,187863.0
0.209,2768.5,87977.5
0.209,3500.0,164857.33333333334
0.209,3500.0,196757.5
0.209,3500.0,167069.0
0.209,1124.0,8838.0
0.209,3500.0,137717.0
0.209,2957.75,115074.25
0.209,3500.0,80889.0
0.209,2212.6666666666665,84602.33333333333
0.209,3500.0,193913.0
0.209,2819.2,85695.2
0.209,1815.25,76293.25
0.209,3500.0,171768.5
0.209,3500.0,187394.5
0.209,3500.0,151852.5
0.209,3500.0,107531.33333333333
0.209,3500.0,102052.0
0.209,180.0,485.0
0.209,3500.0,261316.0
0.209,3500.0,126325.0
0.209,3500.0,195195.0
0.209,2966.25,121492.75
0.209,2285.0,111168.5
0.209,3500.0,160361.0
0.209,3500.0,172510.8
0.209,2371.0,142514.66666666666
0.209,2623.0,112093.8
0.209,3500.0,145333.66666666666
0.209,3500.0,116265.0
0.209,2560.3333333333335,138627.66666666666
0.209,1942.5,105062.0
0.209,2882.25,124165.0
0.209,1213.0,13459.0
0.209,2725.6666666666665,143228.33333333334
0.209,2717.6666666666665,111756.0
0.209,3500.0,150988.5
0.209,3500.0,150475.5
0.209,3500.0,197891.0
0.209,3140.75,120592.25
0.209,2265.0,41557.0
0.209,742.5,31754.5
0.209,2500.6666666666665,91552.0
0.209,3500.0,160515.5
0.209,2288.5,105898.75
0.209,3500.0,256375.0
0.209,3500.0,118699.66666666667
0.209,1875.8,59106.2
0.209,3500.0,88538.0
0.209,2099.0,37061.0
0.209,3500.0,187728.0
0.21,2422.5,76597.5
0.21,2541.0,143567.83333333334
0.21,3500.0,175705.0
0.21,3500.0,148675.0
0.21,129.0,1610.0
0.21,2371.0,166711.0
0.21,3500.0,153249.5
0.21,3500.0,91248.0
0.21,2392.5,69339.0
0.21,3500.0,97129.0
0.21,1911.0,54443.5
0.21,3500.0,100600.0
0.21,3500.0,104460.5
0.21,2518.2,98144.4
0.21,2789.6666666666665,128889.33333333333
0.21,2969.5,148479.5
0.21,3500.0,161884.75
0.21,2364.3333333333335,125276.0
0.21,1780.5,85696.0
0.21,1165.0,17939.0
0.21,3500.0,182885.33333333334
0.21,3500.0,196287.0
0.21,3500.0,90642.0
0.21,3500.0,188688.0
0.21,2188.5,63903.25
0.21,3065.25,102463.75
0.21,2357.0,99176.66666666667
0.21,2982.25,148923.0
0.21,3500.0,143986.5
0.21,3500.0,166838.33333333334
0.21,3500.0,143685.5
0.21,2457.0,90788.0
0.21,3500.0,162664.4
0.21,3500.0,184618.0
0.21,1199.0,49621.0
0.21,3500.0,150179.66666666666
0.21,1540.0,77878.0
0.21,3008.0,93340.75
0.21,3500.0,208956.0
0.21,3500.0,135799.0
0.21,2489.0,96888.0
0.21,2284.5,66994.0
0.21,3500.0,85793.66666666667
0.21,3500.0,142619.0
0.21,2929.8333333333335,108630.5
0.21,2373.0,93744.33333333333
0.21,2746.0,74965.0
0.21,371.0,3346.0
0.21,3500.0,144467.5
0.21,3500.0,234572.0
0.21,2907.75,95801.0
0.21,2650.0,93946.33333333333
0.21,3086.0,132549.0
0.21,3500.0,154279.7142857143
0.21,3500.0,225691.5
0.21,2137.4,97730.0
0.21,2322.8,111477.6
0.21,2492.5,83848.5
0.21,3500.0,124413.5
0.21,3500.0,122927.5
0.21,2706.25,91973.0
0.21,2278.5,87198.5
0.21,2405.0,72887.66666666667
0.21,3500.0,146510.0
0.21,3500.0,100433.0
0.21,3500.0,142873.6
0.21,64.0,655.0
0.21,3500.0,176348.25
0.21,3500.0,153001.0
0.21,3500.0,194585.0
0.21,1799.5,59089.0
0.21,3500.0,162699.0
0.21,2739.6,129178.8
0.21,2690.3333333333335,70338.33333333333
0.21,2228.0,97893.5
0.21,3500.0,142793.25
0.21,3500.0,66600.0
0.21,2137.0,82413.0
0.21,1728.4,69171.8
0.21,2003.5,100962.0
0.21,2295.0,106658.0
0.21,3500.0,132258.0
0.21,1955.3333333333333,104320.33333333333
0.21,2417.3333333333335,146766.33333333334
0.21,528.0,2759.0
0.21,3500.0,179885.0
0.21,2666.6666666666665,158916.66666666666
0.21,3500.0,151785.5
0.21,1030.0,29180.0
0.211,3500.0,187762.0
0.211,3500.0,86314.33333333333
0.211,3114.8333333333335,113836.66666666667
0.211,3500.0,88053.0
0.211,3500.0,163089.0
0.211,3500.0,91569.5
0.211,2706.6666666666665,121661.0
0.211,2211.0,109240.0
0.211,2296.5,128385.0
0.211,2203.0,95852.44444444444
0.211,2230.5,93646.0
0.211,2685.0,111424.33333333333
0.211,2429.0,79996.33333333333
0.211,1075.5,21093.5
0.211,3500.0,175323.33333333334
0.211,3047.0,129035.6
0.211,3500.0,84753.66666666667
0.211,2353.6666666666665,126729.33333333333
0.211,3500.0,99100.5
0.211,3500.0,201244.33333333334
0.211,2932.5,80223.5
0.211,2675.0,153355.33333333334
0.211,1652.0,33291.333333333336
0.211,1622.5,59620.75
0.211,3500.0,153350.25
0.211,1556.3333333333333,33795.0
0.211,1134.0,21626.5
0.211,1777.0,90641.75
0.211,3500.0,259410.0
0.211,3500.0,199570.0
0.211,3500.0,152398.0
0.211,2366.6666666666665,178526.0
0.211,3500.0,205108.0
0.211,3500.0,128489.0
0.211,3500.0,203549.0
0.211,3500.0,160645.66666666666
0.211,2725.6666666666665,94957.0
0.211,3500.0,124411.0
0.211,3500.0,98368.0
0.211,3500.0,124178.5
0.211,3500.0,136792.0
0.211,3500.0,175062.25
0.211,2756.5,130763.75
0.211,3500.0,101572.0
0.211,2090.3333333333335,47699.666666666664
0.211,3500.0,163862.5
0.211,1864.5,79911.0
0.211,1482.3333333333333,36631.333333333336
0.211,3500.0,171011.5
0.211,2430.2,93859.4
0.211,1821.0,77384.5
0.211,1439.0,92809.66666666667
0.211,3500.0,113750.5
0.211,1247.0,21316.0
0.211,2641.25,118936.75
0.211,3500.0,182993.0
0.211,2883.0,146869.0
0.211,3500.0,157504.5
0.211,2924.2,98170.0
0.211,3500.0,168888.0
0.211,2687.5,148185.5
0.211,1210.0,29496.0
0.211,3500.0,159886.0
0.211,1899.5,74622.0
0.211,3500.0,143353.0
0.211,3500.0,135502.0
0.211,3500.0,151238.4
0.211,1153.0,32369.0
0.211,2839.6666666666665,127609.66666666667
0.211,3500.0,166888.5
0.211,3500.0,121836.5
0.211,2749.6666666666665,153272.0
0.211,1565.6666666666667,51410.666666666664
0.211,2924.8333333333335,129966.83333333333
0.211,1086.0,32507.0
0.211,1795.5,67620.5
0.211,2826.2,133935.2
0.211,3500.0,162882.33333333334
0.211,1051.6666666666667,19896.666666666668
0.211,1161.0,64855.0
0.211,1942.5,104031.5
0.211,2411.0,130493.33333333333
0.212,1244.3333333333333,23657.666666666668
0.212,3500.0,100982.0
0.212,2900.3333333333335,136085.0
0.212,3240.8333333333335,145610.83333333334
0.212,3500.0,174564.0
0.212,3500.0,141269.0
0.212,3500.0,107528.0
0.212,2498.5,56115.0
0.212,2697.6666666666665,159810.0
0.212,3500.0,159070.0
0.212,3500.0,146017.66666666666
0.212,2278.5,136537.0
0.212,2258.5,99005.0
0.212,3500.0,103815.33333333333
0.212,1666.4,79876.6
0.212,2395.5,56247.0
0.212,1401.0,69679.25
0.212,3500.0,142388.0
0.212,3500.0,183129.33333333334
0.212,3500.0,156899.0
0.212,3500.0,167211.0
0.212,3145.8571428571427,134164.85714285713
0.212,1983.5,93756.5
0.212,2771.0,91985.66666666667
0.212,3500.0,161263.0
0.212,3500.0,115156.33333333333
0.212,2168.5,77168.16666666667
0.212,3500.0,225171.0
0.212,3500.0,146317.0
0.212,3500.0,154406.66666666666
0.212,3500.0,72549.0
0.212,2010.0,67609.5
0.212,3500.0,187773.0
0.212,3500.0,201529.0
0.212,2692.6666666666665,125934.66666666667
0.212,2331.5,90136.5
0.212,1940.0,48127.0
0.212,1385.3333333333333,34547.333333333336
0.212,3500.0,171638.0
0.212,2189.0,76261.5
0.212,2365.5,93503.25
0.212,3021.6,99696.2
0.212,2767.5714285714284,126620.28571428571
0.212,2396.4,142080.4
0.212,2359.6666666666665,156975.0
0.212,3500.0,191717.66666666666
0.212,68.0,151.0
0.212,3500.0,109763.5
0.212,3500.0,133712.0
0.212,2032.25,74619.75
0.212,2188.5,106820.5
0.212,2185.285714285714,104975.85714285714
0.212,3500.0,176699.5
0.212,1016.0,25074.0
0.212,2030.0,109215.5
0.212,3500.0,167786.0
0.212,3500.0,122306.0
0.212,3500.0,123343.0
0.212,2283.5,59054.0
0.212,2813.0,132043.8
0.212,3322.125,151922.75
0.212,1448.0,24892.0
0.212,2669.0,49453.333333333336
0.212,3500.0,159439.25
0.212,3500.0,177221.0
0.212,3500.0,287507.0
0.212,3500.0,136538.0
0.212,2570.2,124188.8
0.212,3500.0,186111.5
0.212,1173.3333333333333,30148.333333333332
0.212,3023.0,120520.0
0.212,3500.0,188965.0
0.212,3500.0,247897.0
0.212,1798.5,96789.5
0.212,2847.6,140658.4
0.212,1313.0,37851.666666666664
0.212,3500.0,146148.33333333334
0.212,1824.5,61534.5
0.212,3500.0,197799.0
0.212,2778.3333333333335,142479.0
0.212,2589.0,148797.5
0.212,3500.0,165034.0
0.212,1780.0,131161.0
0.212,3500.0,164750.25
0.212,2414.8333333333335,74040.5
0.213,2371.6666666666665,89542.33333333333
0.213,1272.5,20200.0
0.213,3500.0,105391.33333333333
0.213,2502.0,131403.2
0.213,3500.0,171211.66666666666
0.213,1695.3333333333333,82012.0
0.213,2641.75,119786.5
0.213,3500.0,129951.33333333333
0.213,3500.0,239335.0
0.213,3500.0,177638.5
0.213,2693.6666666666665,82105.66666666667
0.213,2578.5,105629.0
0.213,3500.0,158106.0
0.213,1214.0,73982.0
0.213,3500.0,124521.66666666667
0.213,3156.0,129136.6
0.213,3020.6666666666665,115002.33333333333
0.213,3500.0,228357.0
0.213,2325.0,70691.5
0.213,2690.0,70998.33333333333
0.213,2681.0,91511.66666666667
0.213,3500.0,177193.5
0.213,1890.5,108605.5
0.213,2060.75,63862.5
0.213,3500.0,224203.5
0.213,3500.0,85531.0
0.213,3500.0,129363.0
0.213,2414.375,92703.625
0.213,3500.0,198044.0
0.213,3051.25,132841.5
0.213,2721.25,120693.5
0.213,3112.5,139839.5
0.213,3500.0,115478.5
0.213,3500.0,121066.0
0.213,2620.5,75364.5
0.213,2650.75,116175.75
0.213,3500.0,144922.2
0.213,1928.0,91668.66666666667
0.213,3500.0,163916.66666666666
0.213,2735.0,121567.33333333333
0.213,3500.0,224793.5
0.213,2350.5,57205.0
0.213,2533.6666666666665,93457.83333333333
0.213,3500.0,230323.0
0.213,568.3333333333334,15569.666666666666
0.213,2009.5,67866.0
0.213,2374.5,90546.75
0.213,3041.0,129257.5
0.213,1653.0,31507.666666666668
0.213,2977.8,111173.0
0.213,3500.0,135755.0
0.213,3500.0,145401.0
0.213,3500.0,225528.0
0.213,2710.3333333333335,95816.33333333333
0.213,2417.75,109487.5
0.213,3500.0,183848.0
0.213,3500.0,155943.5
0.213,2956.0,177215.75
0.213,3191.5,131989.66666666666
0.213,3500.0,114882.0
0.213,2813.2,131292.6
0.213,3500.0,241796.0
0.213,1786.0,53054.0
0.213,2387.6666666666665,104506.66666666667
0.213,3500.0,170114.5
0.213,1890.0,37910.5
0.213,3500.0,150510.0
0.213,1915.0,53864.6
0.213,604.5,31359.0
0.213,3500.0,79979.0
0.213,1153.0,16328.0
0.213,2909.6666666666665,84247.66666666667
0.213,2365.0,84960.0
0.213,2640.5,99145.0
0.213,1718.4,88655.2
0.213,2933.0,117057.66666666667
0.213,2052.0,80653.5
0.213,2714.3333333333335,76281.16666666667
0.214,2695.25,157838.5
0.214,941.25,22239.5
0.214,3500.0,133047.0
0.214,3500.0,203218.75
0.214,1810.0,40378.5
0.214,3500.0,176229.0
0.214,3500.0,171913.25
0.214,1232.5,37092.0
0.214,2827.0,134432.0
0.214,2542.3333333333335,118820.5
0.214,3500.0,157738.2
0.214,2746.6666666666665,91454.33333333333
0.214,3500.0,119013.5
0.214,3500.0,139837.5
0.214,2432.3333333333335,104048.33333333333
0.214,3500.0,139638.0
0.214,3500.0,136515.5
0.214,3500.0,172783.0
0.214,3500.0,107270.33333333333
0.214,1442.0,36963.0
0.214,1401.0,32071.0
0.214,62.0,594.0
0.214,1792.5,121587.5
0.214,2812.0,147834.0
0.214,3500.0,201036.0
0.214,1922.0,57490.0
0.214,2709.6666666666665,141392.33333333334
0.214,2873.6666666666665,97109.66666666667
0.214,1066.0,20687.0
0.214,2477.3333333333335,101755.33333333333
0.214,1000.0,20052.0
0.214,3500.0,174879.0
0.214,2046.5,76523.16666666667
0.214,3500.0,148178.33333333334
0.214,3500.0,170226.85714285713
0.214,3500.0,111493.0
0.214,581.0,1627.0
0.214,3500.0,166517.0
0.214,2384.5,146944.0
0.214,2527.3333333333335,95376.0
0.214,3500.0,170154.33333333334
0.214,3500.0,127525.0
0.214,1220.6666666666667,43163.333333333336
0.214,2878.5,187887.5
0.214,2399.0,122754.5
0.214,2735.0,62923.333333333336
0.214,2296.5,142785.0
0.214,3500.0,136972.75
0.214,96.0,1560.0
0.214,3500.0,100237.0
0.214,3500.0,181388.33333333334
0.214,1573.0,76847.66666666667
0.214,2647.0,68063.0
0.214,2666.0,155865.57142857142
0.214,3500.0,148150.0
0.214,1510.3333333333333,58143.0
0.214,1801.0,52184.0
0.214,104.0,110.0
0.214,3500.0,188734.5
0.214,3500.0,162698.0
0.214,2693.6666666666665,116964.66666666667
0.214,3500.0,157407.0
0.214,3500.0,44617.0
0.214,2647.75,151291.0
0.214,63.0,592.0
0.214,2975.4444444444443,97633.55555555556
0.214,1716.6666666666667,48258.666666666664
0.214,3500.0,166413.33333333334
0.214,3500.0,139818.25
0.214,3500.0,210089.0
0.214,1817.5,113039.5
0.214,3500.0,109417.0
0.214,3500.0,106535.0
0.214,1797.0,99846.5
0.214,3500.0,217939.66666666666
0.214,1948.5,91125.0
0.214,506.0,9292.666666666666
0.214,3500.0,185833.0
0.214,1781.5,114944.5
0.214,2368.3333333333335,73977.66666666667
0.214,2832.25,143879.25
0.214,3500.0,119178.5
0.214,1305.75,41636.0
0.214,3500.0,159451.0
0.214,3500.0,163411.5
0.214,2173.75,94760.75
0.214,2034.0,93425.33333333333
0.214,2811.8,111216.0
0.214,3500.0,139441.25
0.215,2891.0,100003.66666666667
0.215,2610.75,87600.0
0.215,3500.0,218346.5
0.215,1796.0,77020.5
0.215,3500.0,126899.0
0.215,3500.0,230409.5
0.215,3500.0,168857.33333333334
0.215,3500.0,126529.0
0.215,2842.2,146838.6
0.215,148.0,231.0
0.215,3051.4285714285716,143135.85714285713
0.215,1986.3333333333333,33046.666666666664
0.215,3500.0,120878.5
0.215,3500.0,111624.0
0.215,3500.0,166148.0
0.215,2215.5,80729.0
0.215,3500.0,107147.33333333333
0.215,3500.0,126833.5
0.215,1790.0,56457.25
0.215,3500.0,134587.5
0.215,2813.8571428571427,150940.42857142858
0.215,2194.5,77301.5
0.215,3500.0,135377.5
0.215,1621.0,21865.0
0.215,2286.8,102145.6
0.215,2341.0,111159.5
0.215,1105.0,17204.0
0.215,2427.6666666666665,100177.66666666667
0.215,2422.5,91355.5
0.215,3500.0,145914.0
0.215,3500.0,179251.5
0.215,3500.0,89441.0
0.215,3500.0,108664.0
0.215,3500.0,203511.0
0.215,3500.0,123405.5
0.215,3500.0,144542.0
0.215,3500.0,166619.25
0.215,3500.0,149826.5
0.215,88.0,92.0
0.215,519.0,14233.25
0.215,2931.5,116513.16666666667
0.215,3500.0,181216.8
0.215,3500.0,167649.0
0.215,3500.0,119380.33333333333
0.215,863.5,26403.0
0.215,2652.0,134530.0
0.215,2872.0,75659.66666666667
0.215,105.0,334.0
0.215,3500.0,131365.66666666666
0.215,3500.0,226077.0
0.215,2629.6666666666665,105198.66666666667
0.215,3069.25,105725.75
0.215,3500.0,115564.0
0.215,3500.0,153734.5
0.215,3500.0,236334.0
0.215,3500.0,135285.0
0.215,2718.6666666666665,132091.33333333334
0.215,2358.0,110432.66666666667
0.215,1126.0,28239.0
0.215,3500.0,155178.5
0.215,2637.5,71208.0
0.215,2552.0,73131.5
0.215,3500.0,175657.5
0.215,3500.0,284316.0
0.215,1841.5,34681.0
0.215,1268.0,19952.5
0.215,3500.0,174284.25
0.215,1799.0,72686.5
0.215,1857.0,115115.0
0.215,3500.0,163471.2
0.215,1786.5,74801.5
0.215,3500.0,129575.25
0.215,3500.0,223280.33333333334
0.215,3500.0,185543.0
0.215,3500.0,150981.0
0.215,2715.6666666666665,110372.33333333333
0.215,3500.0,168970.33333333334
0.215,1677.6666666666667,37578.666666666664
0.215,3500.0,143827.0
0.215,862.5,19092.0
0.215,922.6666666666666,29238.333333333332
0.215,1842.0,44774.0
0.215,2936.6666666666665,101073.33333333333
0.216,2808.0,171619.33333333334
0.216,3500.0,143978.5
0.216,3500.0,135719.5
0.216,3500.0,84421.0
0.216,3500.0,178083.66666666666
0.216,3500.0,216477.5
0.216,2290.5,97146.0
0.216,2765.6666666666665,91511.66666666667
0.216,2368.0,102075.33333333333
0.216,3500.0,119990.66666666667
0.216,2286.25,86271.75
0.216,2179.5,77245.0
0.216,2133.8,81628.2
0.216,2384.6,92705.8
0.216,1023.0,25419.0
0.216,1771.6666666666667,49507.333333333336
0.216,3500.0,126685.33333333333
0.216,1912.0,66388.66666666667
0.216,3031.4,121204.4
0.216,3500.0,243093.0
0.216,2364.3333333333335,98820.66666666667
0.216,3500.0,164869.5
0.216,3104.8333333333335,106240.66666666667
0.216,2865.1666666666665,117386.5
0.216,1531.0,70260.75
0.216,2461.0,115333.5
0.216,2026.6666666666667,59758.333333333336
0.216,3500.0,179802.5
0.216,3500.0,127598.33333333333
0.216,3500.0,211047.0
0.216,1459.0,70297.5
0.216,1286.0,21446.0
0.216,3500.0,184995.0
0.216,103.0,110.0
0.216,3500.0,139187.5
0.216,82.0,91.0
0.216,2788.3333333333335,192259.0
0.216,3500.0,189686.5
0.216,2880.25,115315.5
0.216,3048.25,140739.5
0.216,3500.0,133974.0
0.216,3500.0,150205.0
0.216,3500.0,226263.0
0.216,2653.75,129142.25
0.216,3500.0,134526.0
0.216,2293.0,80658.5
0.216,3500.0,68215.0
0.216,2213.4,87451.0
0.216,2353.0,115715.0
0.216,3500.0,99665.0
0.216,2282.285714285714,85270.57142857143
0.216,2701.0,148837.5
0.216,2135.4,116869.8
0.216,656.0,13944.0
0.216,2346.4,97575.0
0.216,1255.0,30405.0
0.216,2250.5,105752.0
0.216,2609.8,87989.0
0.216,3500.0,253334.0
0.216,3500.0,174724.0
0.216,1606.0,48762.0
0.216,1196.5,31799.0
0.216,3500.0,124490.0
0.216,1208.0,56039.0
0.216,2754.5,128237.75
0.216,2589.3333333333335,103183.83333333333
0.216,3500.0,181997.0
0.216,3500.0,227753.5
0.216,3500.0,213864.0
0.216,3500.0,177523.0
0.216,3500.0,112877.0
0.216,2358.5,136193.0
0.216,3500.0,203994.0
0.216,2787.0,54303.333333333336
0.216,3500.0,103721.5
0.216,3500.0,169421.0
0.216,2389.3333333333335,85364.33333333333
0.216,3500.0,113700.0
0.216,3500.0,245705.5
0.216,3500.0,186663.0
0.216,2364.6666666666665,103633.0
0.216,3500.0,109530.0
0.216,2257.0,87818.25
0.216,3500.0,98708.0
0.216,1349.0,48540.5
0.216,2601.5,117280.83333333333
0.217,2364.3333333333335,94205.0
0.217,2298.0,159057.5
0.217,3009.0,164223.4
0.217,2895.3333333333335,106458.66666666667
0.217,3500.0,92821.0
0.217,2903.2,94756.8
0.217,1839.75,79507.25
0.217,1009.0,15052.0
0.217,2369.5,83014.0
0.217,385.0,4815.0
0.217,3500.0,182305.66666666666
0.217,3500.0,143158.33333333334
0.217,2923.5,128137.75
0.217,1782.5,83059.5
0.217,3024.8,165543.2
0.217,3500.0,224052.0
0.217,3148.25,184155.0
0.217,2789.0,60212.5
0.217,3500.0,82381.0
0.217,2566.0,95032.66666666667
0.217,3500.0,128437.5
0.217,3500.0,246216.0
0.217,3500.0,99122.0
0.217,3500.0,243787.5
0.217,3500.0,190465.5
0.217,1241.0,44603.333333333336
0.217,1655.3333333333333,37152.0
0.217,3500.0,267037.0
0.217,2362.0,108651.5
0.217,3216.3333333333335,130604.66666666667
0.217,3500.0,115395.66666666667
0.217,1631.0,48846.75
0.217,3500.0,143741.5
0.217,3500.0,135109.0
0.217,3500.0,87462.0
0.217,3500.0,94506.0
0.217,3500.0,184949.0
0.217,67.0,551.0
0.217,3500.0,151128.5
0.217,3500.0,147984.0
0.217,2070.75,119043.75
0.217,3500.0,165461.5
0.217,3500.0,154864.0
0.217,3500.0,100641.0
0.217,2528.5,140011.0
0.217,2066.0,74666.25
0.217,1536.0,56377.0
0.217,1211.0,29432.333333333332
0.217,3012.8,119614.4
0.217,3500.0,272645.0
0.217,3500.0,145177.0
0.217,2354.0,143416.33333333334
0.217,3500.0,124613.0
0.217,3050.75,128908.25
0.217,3500.0,144261.66666666666
0.217,2773.0,121374.66666666667
0.217,3500.0,160170.75
0.217,2913.6666666666665,122711.66666666667
0.217,2711.6666666666665,133960.33333333334
0.217,3500.0,184008.5
0.217,2423.0,132968.5
0.217,1552.0,71922.66666666667
0.217,3500.0,48533.0
0.217,2559.5,59729.5
0.217,3500.0,199876.75
0.217,2438.6,75819.8
0.217,2682.0,136638.25
0.217,2352.4,120355.0
0.217,2422.3333333333335,128082.33333333333
0.217,1795.0,96583.0
0.217,1002.0,28794.0
0.217,1661.6666666666667,46271.666666666664
0.217,3500.0,118101.0
0.217,3500.0,170354.4
0.217,3500.0,84115.0
0.217,2738.3333333333335,92499.66666666667
0.217,3500.0,203992.5
0.217,1878.75,70607.75
0.217,3500.0,112239.0
0.217,2469.0,80045.5
0.217,3500.0,174396.5
0.217,1791.0,103145.0
0.217,2904.0,100274.5
0.217,3500.0,73373.0
0.217,3500.0,192442.0
0.218,2920.6,118641.8
0.218,3500.0,77614.5
0.218,1381.0,35935.0
0.218,2463.0,122149.0
0.218,3500.0,142145.33333333334
0.218,1009.5,28746.5
0.218,3500.0,132582.0
0.218,2725.6666666666665,138132.0
0.218,1875.5,69983.5
0.218,3500.0,119298.2
0.218,3500.0,123996.0
0.218,2357.3333333333335,125100.66666666667
0.218,3500.0,100197.0
0.218,1821.5,65246.0
0.218,1877.3333333333333,53740.333333333336
0.218,1538.3333333333333,43292.333333333336
0.218,2765.5,127580.0
0.218,1571.0,91585.33333333333
0.218,2882.25,171058.75
0.218,2686.75,122997.5
0.218,2075.0,84250.5
0.218,2673.6666666666665,75086.33333333333
0.218,2359.3333333333335,118399.33333333333
0.218,3500.0,236952.0
0.218,3500.0,146878.66666666666
0.218,1240.0,23993.75
0.218,3500.0,218515.75
0.218,3500.0,102291.0
0.218,3500.0,138286.4
0.218,2508.4,103180.6
0.218,2113.5,66463.0
0.218,2984.5,103055.75
0.218,3500.0,211432.0
0.218,3500.0,179934.75
0.218,1822.0,52002.0
0.218,3500.0,149266.75
0.218,2237.8,99908.8
0.218,3500.0,192083.66666666666
0.218,3500.0,172928.66666666666
0.218,2458.5,123099.5
0.218,58.5,549.5
0.218,2876.75,129656.75
0.218,1621.3333333333333,51271.0
0.218,2548.5,71460.5
0.218,3500.0,194815.0
0.218,3500.0,177041.5
0.218,3500.0,250242.0
0.218,3500.0,156588.57142857142
0.218,3500.0,156074.0
0.218,3500.0,105798.0
0.218,3500.0,114126.2
0.218,3500.0,247687.0
0.218,2392.0,87733.0
0.218,3500.0,159145.0
0.218,130.0,1490.0
0.218,2972.3333333333335,106316.0
0.218,1800.0,55531.0
0.218,3500.0,74567.0
0.218,3500.0,110856.5
0.218,3500.0,220346.0
0.218,615.0,13870.0
0.218,3133.8,148564.6
0.218,3500.0,216161.0
0.218,3500.0,245407.33333333334
0.218,2476.0,135450.66666666666
0.218,3500.0,182551.0
0.218,1970.1666666666667,79721.66666666667
0.218,3500.0,144032.0
0.218,3500.0,153832.5
0.218,2252.5,79640.5
0.218,3500.0,184889.0
0.218,1040.5,25985.0
0.218,1346.0,46341.75
0.218,3500.0,139178.0
0.218,1085.0,19754.0
0.218,3500.0,144483.0
0.218,2364.6666666666665,178533.66666666666
0.218,2773.6666666666665,112038.66666666667
0.218,3500.0,136149.5
0.218,1048.0,32062.0
0.218,81.0,89.0
0.218,3500.0,165492.0
0.218,3500.0,79854.0
0.218,2354.6666666666665,100444.33333333333
0.218,3500.0,149619.5
0.218,3500.0,189295.33333333334
0.218,3500.0,99402.0
0.218,3500.0,58106.0
0.219,2400.0,54430.5
0.219,3500.0,167806.0
0.219,2333.8333333333335,112819.0
0.219,2994.0,147367.75
0.219,3500.0,118487.0
0.219,3500.0,146134.5
0.219,3500.0,92558.0
0.219,3500.0,225234.0
0.219,3500.0,191691.0
0.219,3500.0,126003.33333333333
0.219,3500.0,199837.66666666666
0.219,2813.25,123663.75
0.219,2368.5,60727.0
0.219,3500.0,223907.0
0.219,1850.5,53033.0
0.219,2323.1428571428573,123477.85714285714
0.219,3500.0,164366.0
0.219,757.0,20423.0
0.219,3500.0,127909.0
0.219,3500.0,99524.0
0.219,2363.0,116280.66666666667
0.219,3500.0,99817.66666666667
0.219,3500.0,196792.0
0.219,3500.0,97116.0
0.219,2925.25,156874.0
0.219,3500.0,152582.5
0.219,3500.0,141669.33333333334
0.219,3500.0,115351.0
0.219,3500.0,190986.0
0.219,1162.0,20797.0
0.219,2161.0,69956.5
0.219,3500.0,101808.66666666667
0.219,3500.0,176692.0
0.219,3500.0,125396.75
0.219,2378.0,74730.5
0.219,1906.5,70932.0
0.219,166.0,2206.0
0.219,3500.0,246102.0
0.219,1717.0,82718.0
0.219,2505.0,121184.66666666667
0.219,2075.0,64740.0
0.219,2970.25,155270.0
0.219,3500.0,126914.8
0.219,2461.0,65482.5
0.219,3500.0,76051.0
0.219,670.0,13404.5
0.219,1174.0,21157.0
0.219,3500.0,191130.0
0.219,3500.0,105262.0
0.219,2883.5,124227.0
0.219,3500.0,270878.0
0.219,3500.0,188266.33333333334
0.219,1575.0,46686.0
0.219,2013.5,94397.5
0.219,1807.0,63162.5
0.219,3500.0,132277.0
0.219,2350.0,77360.66666666667
0.219,2713.6666666666665,83358.0
0.219,3500.0,92979.5
0.219,3500.0,96951.0
0.219,2740.25,105350.5
0.219,3500.0,131925.66666666666
0.219,2937.25,109652.5
0.219,3500.0,160600.57142857142
0.219,2350.5,62047.0
0.219,1962.8,88682.2
0.219,3500.0,265093.0
0.219,3500.0,119049.66666666667
0.219,1797.5,122615.0
0.219,3500.0,126970.66666666667
0.219,2036.0,116708.5
0.219,3500.0,143681.5
0.219,886.5,21467.5
0.219,2650.5,108796.5
0.219,1465.0,35657.25
0.219,2753.6666666666665,168322.33333333334
0.219,3500.0,97634.5
0.219,1774.5,80825.5
0.219,3500.0,200724.0
0.22,3500.0,145339.0
0.22,376.0,8973.0
0.22,1002.0,11684.0
0.22,2354.5,96992.0
0.22,3500.0,138082.5
0.22,3500.0,123493.0
0.22,2306.4,108542.6
0.22,3500.0,149781.0
0.22,2768.0,111429.33333333333
0.22,3500.0,220140.0
0.22,3500.0,210783.0
0.22,3500.0,148040.0
0.22,3500.0,208941.0
0.22,2462.0,142083.0
0.22,3500.0,101664.0
0.22,2325.5,52081.0
0.22,3028.2,169720.2
0.22,1885.5,68455.0
0.22,2400.5,120375.5
0.22,3500.0,93538.0
0.22,3500.0,132695.0
0.22,2646.75,100119.0
0.22,364.0,4413.0
0.22,3500.0,224027.5
0.22,2835.25,104433.375
0.22,3500.0,140924.25
0.22,1397.0,20836.0
0.22,2088.0,46187.0
0.22,3500.0,175883.0
0.22,3500.0,154695.0
0.22,65.0,521.0
0.22,2443.2,113433.4
0.22,3500.0,135667.0
0.22,3500.0,181731.0
0.22,2354.3333333333335,110434.66666666667
0.22,1468.3333333333333,18292.333333333332
0.22,1195.0,56654.0
0.22,3000.25,107514.5
0.22,2040.0,84300.0
0.22,3060.5,155778.5
0.22,2924.5,152076.5
0.22,284.0,3884.0
0.22,3500.0,174721.0
0.22,3500.0,167337.8
0.22,2050.0,145784.0
0.22,3500.0,183039.0
0.22,3500.0,120242.0
0.22,3500.0,154966.0
0.22,2777.3333333333335,107263.0
0.22,3500.0,206884.0
0.22,2919.0,133213.33333333334
0.22,1304.0,35407.0
0.22,1227.5,29649.0
0.22,2762.3333333333335,77512.33333333333
0.22,869.0,11548.0
0.22,267.0,2205.0
0.22,3500.0,131791.5
0.22,2884.0,117872.0
0.22,3500.0,118444.75
0.22,1428.3333333333333,42550.666666666664
0.22,3197.0,103155.2
0.22,3500.0,163913.25
0.22,2554.1666666666665,97054.0
0.22,3500.0,144814.0
0.22,3500.0,251963.0
0.22,1809.5,63917.0
0.22,2291.75,133736.75
0.22,3500.0,215036.6
0.22,3500.0,129647.25
0.22,1141.0,21895.5
0.22,2487.6666666666665,105257.0
0.22,3500.0,164240.0
0.22,3500.0,117036.0
0.22,1940.0,76687.0
0.22,3500.0,92896.0
0.22,2123.3333333333335,86471.33333333333
0.22,3500.0,87365.0
0.22,3500.0,150389.75
0.22,3500.0,138494.0
0.22,3500.0,183424.5
0.22,2073.0,92134.0
0.22,1846.5,103868.5
0.22,2370.6666666666665,100115.33333333333
0.22,2257.5,90472.0
0.221,3500.0,145184.0
0.221,3500.0,173890.0
0.221,3500.0,161406.25
0.221,2369.6666666666665,85381.66666666667
0.221,65.0,633.0
0.221,3500.0,64655.0
0.221,2753.0,58526.666666666664
0.221,3500.0,123045.0
0.221,3500.0,171997.0
0.221,3500.0,133734.66666666666
0.221,65.0,829.0
0.221,3500.0,240022.0
0.221,1441.0,44259.0
0.221,1785.5,73707.25
0.221,1089.5,28695.5
0.221,3500.0,139972.0
0.221,3500.0,155228.5
0.221,3500.0,85574.0
0.221,3500.0,238574.0
0.221,3500.0,172031.5
0.221,2696.75,113764.0
0.221,3500.0,251970.0
0.221,3500.0,174480.0
0.221,2883.25,109223.625
0.221,1971.0,69775.0
0.221,2647.375,127032.75
0.221,1181.0,31390.0
0.221,3058.25,123844.5
0.221,1489.0,37001.0
0.221,2355.0,150511.33333333334
0.221,3500.0,205105.0
0.221,3500.0,125644.0
0.221,1012.0,76116.0
0.221,2762.0,148228.66666666666
0.221,3500.0,210293.0
0.221,3500.0,119265.0
0.221,3500.0,174127.0
0.221,1922.5,51775.0
0.221,3500.0,113659.0
0.221,3500.0,117906.5
0.221,3500.0,110383.0
0.221,3500.0,101706.0
0.221,2363.0,91782.66666666667
0.221,2383.0,109655.66666666667
0.221,3500.0,65442.0
0.221,3500.0,150050.66666666666
0.221,1422.0,33269.666666666664
0.221,2363.0,90979.66666666667
0.221,3500.0,122486.0
0.221,2833.6666666666665,105188.66666666667
0.221,2319.5,88605.5
0.221,3500.0,220384.0
0.221,2733.6666666666665,86421.33333333333
0.221,3500.0,91860.0
0.221,3021.0,142037.0
0.221,3500.0,152404.0
0.221,956.0,18139.5
0.221,1796.5,42021.0
0.221,2073.0,67603.25
0.221,3500.0,181823.33333333334
0.221,254.0,1140.0
0.221,2913.25,124717.0
0.221,266.0,4420.0
0.221,2800.0,103655.33333333333
0.221,3500.0,219730.0
0.221,3500.0,179995.0
0.221,1155.0,32997.0
0.221,2363.6666666666665,102632.33333333333
0.221,3500.0,128349.5
0.221,3500.0,120642.0
0.221,3500.0,143865.0
0.221,2191.2,93709.6
0.221,2198.4,75572.6
0.221,3500.0,160849.0
0.221,3500.0,110548.0
0.221,3500.0,119785.0
0.221,3500.0,68525.0
0.221,3500.0,164116.0
0.221,1279.2,33323.6
0.221,3500.0,175602.0
0.221,1789.0,31691.0
0.221,3500.0,204654.33333333334
0.221,3500.0,148852.0
0.221,2517.285714285714,115605.57142857143
0.221,2290.6666666666665,95502.33333333333
0.221,3500.0,152634.4
0.221,1694.8,67901.6
0.222,3500.0,130886.0
0.222,2416.5,98203.0
0.222,3500.0,153947.0
0.222,1356.5,26554.0
0.222,3500.0,193893.0
0.222,2014.25,102528.75
0.222,3500.0,150309.0
0.222,3500.0,156836.0
0.222,3500.0,185880.0
0.222,2915.3333333333335,145369.0
0.222,466.0,7246.0
0.222,875.0,7634.0
0.222,3500.0,174793.5
0.222,2290.5,142173.5
0.222,253.0,2033.0
0.222,2200.5,95246.5
0.222,3500.0,77763.0
0.222,3500.0,197726.0
0.222,1963.5,81375.5
0.222,1797.0,48044.0
0.222,2641.5,100576.0
0.222,2363.3333333333335,85511.0
0.222,2811.3333333333335,95522.66666666667
0.222,3500.0,92245.0
0.222,2338.25,135787.5
0.222,3500.0,145763.0
0.222,3500.0,81250.0
0.222,2319.5,65929.0
0.222,3500.0,62662.0
0.222,3500.0,147739.66666666666
0.222,2145.8333333333335,104273.0
0.222,734.5,7757.0
0.222,2975.5,154961.5
0.222,2262.5,136945.0
0.222,3500.0,74350.0
0.222,2892.25,123392.5
0.222,2775.75,145030.75
0.222,3500.0,126208.0
0.222,171.0,1940.6666666666667
0.222,1781.5,32449.0
0.222,2296.5,108362.0
0.222,1343.0,63109.0
0.222,3500.0,277244.0
0.222,3500.0,174994.0
0.222,3500.0,168777.0
0.222,2278.5,65189.5
0.222,2254.5,95103.0
0.222,1110.0,25998.0
0.222,3016.5714285714284,153970.7142857143
0.222,2298.0,42533.5
0.222,2523.0,104830.0
0.222,3500.0,114363.0
0.222,1071.0,34562.5
0.222,3500.0,242633.0
0.222,3500.0,214381.5
0.222,999.0,47231.0
0.222,1879.0,51704.5
0.222,2355.3333333333335,89065.0
0.222,1021.0,46797.0
0.222,3500.0,74795.0
0.222,3500.0,117712.0
0.222,2364.3333333333335,154444.66666666666
0.222,3500.0,210625.0
0.222,1043.0,42069.5
0.222,1902.5,62062.0
0.222,3500.0,268755.0
0.222,3500.0,287806.0
0.222,3500.0,163338.5
0.222,3500.0,142882.66666666666
0.222,3250.3333333333335,146270.66666666666
0.222,3500.0,85230.5
0.222,2690.6666666666665,80764.66666666667
0.222,3500.0,129294.0
0.222,2252.0,107498.5
0.222,2953.0,104157.0
0.222,376.0,8539.333333333334
0.222,3500.0,133929.0
0.222,3500.0,201100.0
0.222,2377.6666666666665,73924.33333333333
0.222,2327.5,75910.5
0.222,2369.3333333333335,145388.66666666666
0.222,3500.0,224354.0
0.222,3500.0,178082.0
0.222,3500.0,185141.0
0.223,3500.0,204156.0
0.223,3002.6,128756.6
0.223,1592.6666666666667,90653.33333333333
0.223,3500.0,132823.0
0.223,2919.25,108552.75
0.223,3037.8,89753.6
0.223,3500.0,164358.5
0.223,2458.0,85300.0
0.223,726.0,8819.0
0.223,2448.5,58950.0
0.223,3500.0,157792.0
0.223,3500.0,108163.0
0.223,3500.0,138120.5
0.223,3500.0,218120.5
0.223,2813.25,141309.75
0.223,1832.0,115871.66666666667
0.223,3500.0,186015.0
0.223,3500.0,67423.0
0.223,3500.0,112383.0
0.223,1908.0,81164.5
0.223,1783.6666666666667,53294.333333333336
0.223,3086.25,137463.0
0.223,1801.0,108845.5
0.223,2015.25,103577.75
0.223,3500.0,106100.33333333333
0.223,3500.0,191155.0
0.223,1738.6666666666667,101125.33333333333
0.223,3500.0,194245.0
0.223,3500.0,128187.0
0.223,1924.5,56920.5
0.223,2202.0,104020.33333333333
0.223,3500.0,174769.0
0.223,3500.0,142926.5
0.223,2097.25,73978.0
0.223,3500.0,177233.5
0.223,3500.0,154031.33333333334
0.223,2294.0,100141.0
0.223,3500.0,94122.33333333333
0.223,3500.0,94320.0
0.223,2758.5,64160.5
0.223,3500.0,112099.66666666667
0.223,3500.0,197020.0
0.223,1644.0,34510.25
0.223,2712.0,94305.0
0.223,488.0,6204.0
0.223,2329.25,105917.25
0.223,2778.0,124375.33333333333
0.223,2396.6666666666665,94828.66666666667
0.223,1802.0,124111.5
0.223,3500.0,160218.33333333334
0.223,3500.0,162524.0
0.223,3500.0,200607.0
0.223,2765.0,91919.0
0.223,2362.3333333333335,95388.66666666667
0.223,3500.0,168427.66666666666
0.223,2092.0,106609.5
0.223,3500.0,92452.0
0.223,3500.0,103560.0
0.223,2739.6666666666665,103441.66666666667
0.223,3500.0,162608.66666666666
0.223,1861.0,121536.5
0.223,3500.0,170348.0
0.223,2270.0,118281.0
0.223,3500.0,183182.0
0.223,3500.0,140223.0
0.223,1670.0,141353.0
0.223,2404.0,71891.0
0.223,1338.25,58311.5
0.223,2778.6666666666665,88681.66666666667
0.223,2169.5,81589.5
0.223,3500.0,60898.0
0.223,2365.6666666666665,95887.66666666667
0.223,3500.0,124559.33333333333
0.223,3500.0,167337.5
0.223,3500.0,151365.0
0.223,3500.0,138686.66666666666
0.223,2042.75,62084.5
0.223,3500.0,202674.5
0.223,3500.0,181961.0
0.223,3500.0,297145.0
0.223,2972.5,144488.75
0.223,3500.0,156342.5
0.223,2294.5,45426.0
0.223,3500.0,208929.0
0.223,3500.0,226037.0
0.223,2662.3333333333335,145000.0
0.223,2972.0,71600.33333333333
0.224,1633.0,66684.0
0.224,3500.0,83092.66666666667
0.224,3500.0,158216.5
0.224,3500.0,114043.0
0.224,1671.6666666666667,72403.33333333333
0.224,2408.0,37834.5
0.224,66.0,600.0
0.224,3500.0,308749.0
0.224,3500.0,101988.0
0.224,3500.0,292065.0
0.224,2611.3333333333335,114171.33333333333
0.224,3500.0,62773.5
0.224,2678.5,106139.0
0.224,1879.75,96236.25
0.224,3500.0,157821.5
0.224,3500.0,122791.0
0.224,3500.0,252869.0
0.224,2319.0,88803.25
0.224,3500.0,217726.0
0.224,2074.0,136357.0
0.224,2380.5,118863.0
0.224,2292.0,77242.0
0.224,3034.6,139494.4
0.224,2715.3333333333335,141507.33333333334
0.224,3500.0,147252.5
0.224,1177.0,63028.0
0.224,3500.0,129637.0
0.224,2734.5,179693.0
0.224,3500.0,150856.66666666666
0.224,3500.0,101365.0
0.224,3500.0,218290.0
0.224,3500.0,151473.5
0.224,1057.0,27503.0
0.224,2455.0,124744.0
0.224,1826.5,88756.5
0.224,2421.6666666666665,84714.66666666667
0.224,2446.5,67844.5
0.224,3500.0,134380.33333333334
0.224,2365.3333333333335,75100.33333333333
0.224,3500.0,77263.0
0.224,2468.5,46836.0
0.224,1193.0,41235.0
0.224,2720.3333333333335,104211.33333333333
0.224,3500.0,74874.0
0.224,3500.0,79466.0
0.224,3500.0,96579.0
0.224,3500.0,170177.0
0.224,3500.0,113398.5
0.224,3500.0,175564.0
0.224,2809.8,116152.8
0.224,3500.0,93370.0
0.224,3500.0,119532.0
0.224,3500.0,260785.0
0.224,2614.0,175456.5
0.224,1884.5,114250.0
0.224,2283.0,132385.0
0.224,1783.5,94755.0
0.224,3500.0,295923.0
0.224,2641.25,141766.5
0.224,2367.0,102242.0
0.224,1837.3333333333333,74807.66666666667
0.224,3500.0,247964.0
0.224,2131.8,132795.0
0.224,1588.0,86015.66666666667
0.224,1283.0,20893.0
0.224,3500.0,108068.5
0.224,2369.25,127778.0
0.224,2958.25,130061.5
0.224,3500.0,107985.0
0.224,1910.0,96359.0
0.224,2430.6666666666665,145313.33333333334
0.224,3500.0,103775.33333333333
0.224,2048.6666666666665,62703.333333333336
0.224,3500.0,108352.0
0.224,3500.0,180846.0
0.224,3500.0,107522.0
0.224,1667.0,36596.333333333336
0.224,2350.0,123975.66666666667
0.224,1366.0,43058.0
0.224,3500.0,191660.5
0.225,3500.0,116462.0
0.225,2509.0,110239.0
0.225,3500.0,81353.5
0.225,1789.0,142932.0
0.225,3500.0,120368.0
0.225,2996.6666666666665,132058.0
0.225,2649.5,110584.0
0.225,3500.0,162264.5
0.225,3500.0,131104.5
0.225,3500.0,171698.5
0.225,3015.8,114519.6
0.225,3500.0,132671.0
0.225,2714.0,124123.0
0.225,209.0,3658.0
0.225,3500.0,96152.0
0.225,2565.0,99264.66666666667
0.225,3500.0,129930.0
0.225,3500.0,184672.0
0.225,3500.0,142789.5
0.225,3500.0,150364.0
0.225,2366.0,130580.33333333333
0.225,3500.0,235824.0
0.225,2500.6666666666665,67317.66666666667
0.225,1105.0,17678.0
0.225,2900.0,97955.8
0.225,3500.0,202974.0
0.225,1633.0,24877.0
0.225,3500.0,134017.0
0.225,2094.0,59371.333333333336
0.225,2658.5,77258.5
0.225,1374.0,38113.0
0.225,3500.0,114718.66666666667
0.225,1126.0,27933.0
0.225,3500.0,148580.33333333334
0.225,3500.0,116948.0
0.225,2782.3333333333335,106328.0
0.225,3500.0,133262.66666666666
0.225,3500.0,140381.0
0.225,3500.0,198091.0
0.225,1751.6666666666667,54229.333333333336
0.225,2146.0,70116.0
0.225,3500.0,162234.2
0.225,3500.0,144652.0
0.225,3500.0,147778.5
0.225,3500.0,124392.0
0.225,3500.0,163366.0
0.225,1788.6666666666667,68281.66666666667
0.225,2014.5,61636.5
0.225,3500.0,151941.33333333334
0.225,2485.0,124234.33333333333
0.225,2293.5,103150.0
0.225,3500.0,210838.0
0.225,2394.5,45065.0
0.225,3500.0,195302.0
0.225,3500.0,220219.0
0.225,3500.0,84736.0
0.225,3500.0,126194.25
0.225,3500.0,155818.0
0.225,3500.0,143154.66666666666
0.225,2380.3333333333335,115992.0
0.225,2148.0,93596.0
0.225,781.0,9781.0
0.225,3500.0,146066.0
0.225,2577.0,72905.5
0.225,3500.0,234317.0
0.225,3500.0,120319.66666666667
0.225,1549.75,60008.625
0.225,2362.5,97876.5
0.225,3500.0,173873.0
0.225,3500.0,143930.33333333334
0.225,1722.5,94647.75
0.225,3500.0,168651.0
0.225,3500.0,139278.0
0.225,3500.0,152498.0
0.225,2633.5,108252.0
0.225,739.0,23421.0
0.225,2785.6666666666665,104992.0
0.225,3500.0,192900.0
0.225,3044.4285714285716,153590.42857142858
0.225,3500.0,181760.0
0.225,3003.0,104241.75
0.225,2645.8333333333335,112773.83333333333
0.225,3500.0,213347.5
0.225,3500.0,77371.0
0.226,3500.0,187480.33333333334
0.226,1783.0,39115.5
0.226,1293.3333333333333,67296.66666666667
0.226,3500.0,222065.5
0.226,3500.0,98329.0
0.226,3500.0,133647.0
0.226,3500.0,196502.66666666666
0.226,3500.0,173421.0
0.226,2020.5,104088.5
0.226,1780.5,68300.5
0.226,2125.5,100597.5
0.226,3500.0,155606.66666666666
0.226,3500.0,207363.5
0.226,3500.0,206697.0
0.226,2332.5,137144.5
0.226,3500.0,99596.5
0.226,2345.2,108909.0
0.226,3500.0,108908.0
0.226,1222.6666666666667,33839.666666666664
0.226,3500.0,105281.0
0.226,3500.0,100114.5
0.226,2640.25,101810.0
0.226,3500.0,159366.33333333334
0.226,2269.0,127847.0
0.226,2527.5,113065.0
0.226,3500.0,89567.33333333333
0.226,2703.0,146368.0
0.226,3500.0,196876.0
0.226,3500.0,119251.5
0.226,1404.0,70506.0
0.226,2636.75,106297.0
0.226,3500.0,95640.0
0.226,897.0,19564.0
0.226,3500.0,178091.8
0.226,2510.3333333333335,92356.33333333333
0.226,3500.0,206630.5
0.226,3500.0,173497.33333333334
0.226,3500.0,152785.0
0.226,2707.25,159386.75
0.226,3500.0,288919.0
0.226,1840.0,132753.5
0.226,2354.6666666666665,114477.0
0.226,3500.0,166940.83333333334
0.226,2355.3333333333335,98152.33333333333
0.226,2825.6666666666665,171303.33333333334
0.226,3500.0,176634.0
0.226,3500.0,83006.0
0.226,3500.0,236618.0
0.226,3500.0,104060.0
0.226,2676.0,123013.66666666667
0.226,3016.75,114087.0
0.226,3500.0,147532.0
0.226,667.0,15284.666666666666
0.226,3500.0,194042.5
0.226,1786.0,69019.0
0.226,3500.0,227020.0
0.226,3500.0,132996.0
0.226,862.0,18530.0
0.226,1099.0,37173.0
0.226,3500.0,197495.5
0.226,3500.0,219628.0
0.226,1027.0,48465.0
0.226,3500.0,197796.4
0.226,2516.8,136472.0
0.226,2644.25,155924.75
0.226,3500.0,116006.0
0.226,3500.0,194459.0
0.226,1535.2,55774.8
0.226,3500.0,188374.0
0.226,3500.0,151160.0
0.226,2515.0,127210.5
0.226,1783.5,53147.0
0.226,3500.0,272785.0
0.226,2455.6666666666665,132278.66666666666
0.226,92.0,100.0
0.226,2623.6666666666665,68097.33333333333
0.226,2559.0,125708.5
0.226,2298.0,74029.0
0.226,1922.3333333333333,43038.666666666664
0.226,2398.5,122895.0
0.226,3500.0,188387.0
0.226,3500.0,145364.5
0.226,3013.5,157873.0
0.226,3500.0,95732.0
0.226,3014.4285714285716,127469.0
0.226,3500.0,132777.5
0.227,3500.0,225907.0
0.227,2350.5,102971.0
0.227,3136.25,119358.25
0.227,3500.0,161872.0
0.227,2355.3333333333335,105575.33333333333
0.227,3500.0,79054.0
0.227,3500.0,239405.0
0.227,3500.0,167029.0
0.227,2725.6666666666665,101244.66666666667
0.227,3500.0,107607.0
0.227,569.0,9779.0
0.227,3500.0,133382.0
0.227,3500.0,143354.0
0.227,2429.0,65950.0
0.227,3500.0,156705.0
0.227,96.0,98.0
0.227,2993.6666666666665,114312.33333333333
0.227,2277.285714285714,114815.42857142857
0.227,1588.0,64897.0
0.227,1729.3333333333333,63079.0
0.227,3500.0,210944.0
0.227,1155.75,24571.0
0.227,1966.6666666666667,81633.66666666667
0.227,3500.0,181132.0
0.227,3500.0,114997.0
0.227,2051.6666666666665,113224.33333333333
0.227,2816.6,109989.0
0.227,1846.0,74761.0
0.227,3500.0,156220.5
0.227,3500.0,175676.0
0.227,3500.0,171327.33333333334
0.227,99.0,240.0
0.227,2485.6666666666665,81934.33333333333
0.227,2065.5,68762.0
0.227,2361.0,103896.66666666667
0.227,1906.3333333333333,87555.0
0.227,3500.0,141557.0
0.227,3500.0,152157.0
0.227,1838.0,58201.0
0.227,3500.0,174255.0
0.227,3500.0,130032.5
0.227,2484.8,108913.2
0.227,1981.5,101682.75
0.227,2847.714285714286,118857.42857142857
0.227,3500.0,201371.0
0.227,2602.5,130580.5
0.227,3500.0,199961.0
0.227,2953.75,141454.25
0.227,2296.5,127670.5
0.227,3500.0,233849.5
0.227,3500.0,195323.0
0.227,3500.0,131501.0
0.227,1213.0,17240.0
0.227,2721.6666666666665,133493.66666666666
0.227,2464.5,98155.0
0.227,3500.0,125964.66666666667
0.227,757.0,10530.0
0.227,3500.0,95634.0
0.227,3500.0,129813.0
0.227,1952.0,48804.5
0.227,1834.2,72294.6
0.227,2280.5,67320.0
0.227,2367.25,77111.25
0.227,3500.0,85957.0
0.227,1924.5,57894.5
0.227,2308.0,123544.5
0.227,2898.2,107550.4
0.227,3500.0,67149.0
0.227,1733.4,87634.4
0.227,1675.0,48911.666666666664
0.227,3500.0,129719.0
0.227,2944.6,140737.0
0.227,3500.0,244573.0
0.227,2384.6666666666665,140912.33333333334
0.227,2927.5,118443.5
0.227,3500.0,79818.0
0.227,780.3333333333334,18867.0
0.227,920.5,28721.5
0.227,2200.5,62092.0
0.227,3500.0,264201.0
0.227,1782.0,80708.0
0.227,3500.0,146069.0
0.228,3500.0,141038.2
0.228,1805.0,86586.5
0.228,893.5,14572.5
0.228,995.0,35060.5
0.228,3500.0,119418.0
0.228,3500.0,193194.0
0.228,3500.0,115003.0
0.228,2525.6666666666665,101834.66666666667
0.228,3500.0,211261.0
0.228,3500.0,87516.0
0.228,2739.0,96661.0
0.228,3500.0,187667.0
0.228,3500.0,140238.0
0.228,3500.0,194348.0
0.228,3500.0,206491.5
0.228,3500.0,146852.0
0.228,3500.0,161013.66666666666
0.228,2455.5,139850.0
0.228,1805.0,70000.0
0.228,1211.0,55446.0
0.228,2215.8,69910.4
0.228,2478.25,120335.5
0.228,3500.0,100234.5
0.228,3500.0,138951.0
0.228,3500.0,206322.66666666666
0.228,2709.6666666666665,129998.0
0.228,3500.0,308097.0
0.228,2410.5,77547.5
0.228,1018.0,21236.0
0.228,542.0,18228.5
0.228,1681.0,55899.0
0.228,3500.0,176350.33333333334
0.228,2344.5,128372.0
0.228,2691.0,87187.5
0.228,2298.0,57616.0
0.228,2331.5,150123.5
0.228,3500.0,114354.0
0.228,3500.0,142436.33333333334
0.228,1944.0,107928.0
0.228,1867.5,71494.25
0.228,2355.0,74034.0
0.228,3500.0,151603.83333333334
0.228,2647.25,115240.75
0.228,2721.6666666666665,139415.66666666666
0.228,3500.0,57726.0
0.228,121.0,137.0
0.228,3500.0,135861.0
0.228,3500.0,199666.5
0.228,2312.0,96613.0
0.228,3500.0,187513.33333333334
0.228,137.0,153.0
0.228,1698.0,52820.666666666664
0.228,3500.0,126613.0
0.228,2823.0,143055.4
0.228,3072.5,122585.5
0.228,3500.0,161800.0
0.228,3500.0,145251.0
0.228,3500.0,189809.0
0.228,2373.0,86698.25
0.228,2656.5,151171.0
0.228,2933.3333333333335,141093.16666666666
0.228,3500.0,157218.0
0.228,2904.3333333333335,114731.33333333333
0.228,2279.5,92704.0
0.228,3500.0,179310.0
0.228,2699.5,174574.25
0.228,3500.0,121699.0
0.228,2901.25,115031.5
0.228,3500.0,57647.0
0.228,2605.0,131534.33333333334
0.228,3500.0,216879.0
0.228,811.0,16396.5
0.228,1413.6666666666667,58067.0
0.228,3500.0,199890.0
0.228,2001.0,62417.0
0.228,1383.0,29702.0
0.228,3500.0,160121.0
0.228,3500.0,183367.0
0.228,3500.0,215064.0
0.228,2018.5,69804.5
0.228,3500.0,195863.0
0.228,3500.0,145796.0
0.228,2741.6666666666665,145995.66666666666
0.228,3500.0,145299.5
0.228,3500.0,125925.5
0.229,3500.0,120409.0
0.229,2245.5,49614.5
0.229,1367.0,60971.0
0.229,3500.0,120936.0
0.229,2832.6666666666665,160436.33333333334
0.229,2288.0,135931.0
0.229,2883.25,130117.0
0.229,1507.1666666666667,61558.833333333336
0.229,3500.0,99159.0
0.229,2371.3333333333335,119352.66666666667
0.229,3500.0,160748.0
0.229,2509.3333333333335,111390.66666666667
0.229,3500.0,108871.5
0.229,2778.6666666666665,89819.33333333333
0.229,1786.0,94464.0
0.229,3500.0,119538.66666666667
0.229,3500.0,150280.25
0.229,3500.0,112598.0
0.229,3500.0,81098.0
0.229,2916.0,94292.33333333333
0.229,3500.0,192431.33333333334
0.229,3500.0,166959.0
0.229,2109.0,91642.0
0.229,2715.6666666666665,77639.33333333333
0.229,2355.3333333333335,109117.33333333333
0.229,2883.5,147472.5
0.229,1470.6,32440.6
0.229,1985.5,126142.0
0.229,2121.5,81148.0
0.229,3500.0,167709.0
0.229,3500.0,84100.0
0.229,3084.8333333333335,115527.0
0.229,1886.6666666666667,66563.33333333333
0.229,3500.0,102296.0
0.229,3500.0,153195.0
0.229,3500.0,176832.66666666666
0.229,1884.5,110504.5
0.229,1609.0,65842.66666666667
0.229,2354.0,123106.66666666667
0.229,3500.0,146102.0
0.229,3500.0,170438.33333333334
0.229,3500.0,168903.5
0.229,3500.0,173707.5
0.229,3500.0,158278.0
0.229,3500.0,151426.0
0.229,3500.0,162870.0
0.229,541.0,3733.0
0.229,3132.8333333333335,120555.33333333333
0.229,1385.0,17698.0
0.229,3500.0,185604.0
0.229,3500.0,225719.0
0.229,361.0,6616.0
0.229,2391.3333333333335,52798.666666666664
0.229,86.0,93.0
0.229,2943.0,102560.0
0.229,3500.0,97796.0
0.229,1714.75,51985.25
0.229,2357.5,52577.5
0.229,3500.0,160434.5
0.229,3500.0,149709.0
0.229,3500.0,138961.0
0.229,3500.0,161268.5
0.229,3500.0,307069.0
0.229,2330.0,109351.0
0.229,3500.0,164038.0
0.229,3500.0,80831.0
0.229,2744.6666666666665,107104.66666666667
0.229,2374.6666666666665,73181.83333333333
0.229,3500.0,121943.0
0.229,2241.5,69204.0
0.229,865.0,19713.0
0.229,3135.75,100259.5
0.229,3500.0,112417.0
0.229,3500.0,187533.0
0.229,870.5,20042.5
0.229,2344.5,64283.5
0.229,3500.0,123225.33333333333
0.229,2157.25,95210.5
0.229,3500.0,117102.0
0.229,3500.0,191950.5
0.229,3005.6666666666665,125636.66666666667
0.229,3500.0,173619.33333333334
0.229,2353.0,141739.33333333334
0.229,3500.0,124894.0
0.229,2902.25,72412.0
0.229,3500.0,182010.5
0.229,2645.0,117376.0
0.229,3500.0,197317.0
0.229,3500.0,85183.0
0.23,3500.0,247426.0
0.23,3500.0,70575.0
0.23,3500.0,117370.0
0.23,1573.6666666666667,73055.0
0.23,459.0,14237.0
0.23,2920.5,112780.75
0.23,3500.0,113289.0
0.23,2754.6666666666665,96226.0
0.23,2424.0,118222.0
0.23,3500.0,211090.0
0.23,2642.0,68731.0
0.23,3500.0,262267.5
0.23,1336.0,14806.0
0.23,2368.5,98444.5
0.23,3500.0,150868.0
0.23,3500.0,95146.0
0.23,3500.0,173305.0
0.23,2494.5,136676.5
0.23,61.0,367.0
0.23,3500.0,95123.0
0.23,3500.0,177079.0
0.23,1078.0,38473.5
0.23,1686.6666666666667,83996.0
0.23,3500.0,120328.66666666667
0.23,3500.0,243654.0
0.23,2800.0,108889.33333333333
0.23,148.0,853.0
0.23,2336.0,148921.0
0.23,607.5,25737.5
0.23,3500.0,174420.0
0.23,3500.0,214956.5
0.23,1028.0,26401.0
0.23,2544.0,149237.25
0.23,1779.0,86133.5
0.23,3500.0,106768.0
0.23,542.0,9167.0
0.23,3500.0,141245.0
0.23,3500.0,191113.0
0.23,2979.25,100182.75
0.23,205.5,4165.5
0.23,2280.5,83273.0
0.23,2526.0,97323.0
0.23,3500.0,120493.0
0.23,1615.5,39786.5
0.23,942.6666666666666,24883.0
0.23,2428.5,84750.5
0.23,2793.0,101045.5
0.23,3500.0,155972.33333333334
0.23,1794.5,28694.0
0.23,2044.0,88595.75
0.23,3500.0,161123.33333333334
0.23,1731.6666666666667,77615.33333333333
0.23,3500.0,104637.0
0.23,3500.0,88157.0
0.23,2194.5,72875.5
0.23,2676.0,147357.2
0.23,2339.25,135438.75
0.23,1883.3333333333333,47493.0
0.23,3500.0,182709.0
0.23,3500.0,152482.0
0.23,3500.0,159570.75
0.23,2977.0,168907.5
0.23,3500.0,175559.0
0.23,3500.0,139806.5
0.23,1931.0,61725.0
0.23,1702.0,33913.0
0.23,3500.0,171359.0
0.23,2156.0,107715.4
0.23,2709.3333333333335,110013.33333333333
0.23,2076.25,55714.5
0.23,1844.0,67377.0
0.23,2370.0,101108.66666666667
0.23,3500.0,92137.0
0.23,2828.3333333333335,115462.0
0.23,766.5,24471.5
0.23,1841.5,120808.0
0.23,1914.6666666666667,74866.0
0.23,223.0,1651.0
0.23,3500.0,190974.0
0.23,3500.0,175947.0
0.23,3500.0,176089.33333333334
0.23,1149.0,7651.0
0.23,3500.0,168686.0
0.23,2289.0,85853.75
0.23,3500.0,175474.66666666666
0.23,3500.0,207494.0
0.23,2491.3333333333335,84409.66666666667
0.23,2715.6666666666665,111003.33333333333
0.231,3500.0,122092.0
0.231,1603.0,49944.0
0.231,3500.0,187910.0
0.231,2772.625,99600.625
0.231,2881.0,126980.5
0.231,1876.5,114237.5
0.231,3500.0,160980.0
0.231,2516.0,106451.25
0.231,1846.5,49432.5
0.231,2578.5,91772.33333333333
0.231,3500.0,131804.0
0.231,1805.0,74589.0
0.231,2641.6666666666665,114276.66666666667
0.231,3500.0,98079.0
0.231,1186.0,38640.0
0.231,3029.6666666666665,161795.66666666666
0.231,1907.0,30874.0
0.231,3500.0,169040.0
0.231,3500.0,162877.0
0.231,3500.0,262511.0
0.231,3500.0,202901.0
0.231,2677.0,114111.66666666667
0.231,682.0,12047.0
0.231,3500.0,220488.66666666666
0.231,3500.0,250328.0
0.231,2716.0,61035.666666666664
0.231,3500.0,127596.0
0.231,3500.0,183244.5
0.231,2067.5,80456.5
0.231,3500.0,120398.0
0.231,1830.0,47870.0
0.231,3500.0,240255.5
0.231,3500.0,141680.0
0.231,1107.5,35193.5
0.231,3500.0,192768.0
0.231,1597.0,70370.0
0.231,3500.0,130732.0
0.231,3500.0,119392.0
0.231,2674.0,82794.66666666667
0.231,2396.0,98642.0
0.231,2775.0,100425.66666666667
0.231,1895.0,76120.25
0.231,1607.0,33877.0
0.231,3500.0,221539.66666666666
0.231,1364.0,52711.0
0.231,2874.8,135633.2
0.231,3500.0,231430.0
0.231,2891.0,84506.0
0.231,3500.0,203289.0
0.231,1139.5,27519.5
0.231,1916.0,76269.66666666667
0.231,2062.0,69145.0
0.231,1779.5,60195.0
0.231,3500.0,103749.5
0.231,3500.0,130466.0
0.231,2136.25,61056.25
0.231,3500.0,175949.0
0.231,2335.0,97011.5
0.231,2010.0,94469.5
0.231,3500.0,168944.0
0.231,3500.0,140807.0
0.231,410.0,5198.0
0.231,2927.1666666666665,117161.66666666667
0.231,3500.0,215458.0
0.231,3500.0,185202.5
0.231,3500.0,139760.0
0.231,205.0,2860.0
0.231,2978.3333333333335,105790.66666666667
0.231,3500.0,115598.0
0.231,3500.0,119437.66666666667
0.231,3500.0,131996.0
0.231,2914.0,107552.0
0.231,2281.5,66479.5
0.231,101.0,755.0
0.231,3500.0,206836.5
0.231,2447.6666666666665,132169.66666666666
0.231,1063.0,27151.0
0.231,66.0,466.0
0.231,1874.0,59740.0
0.231,2700.0,100840.33333333333
0.231,2730.0,146162.5
0.231,3500.0,117545.0
0.231,994.0,27037.5
0.231,1486.8,41023.6
0.232,2016.6666666666667,106228.33333333333
0.232,3500.0,276604.0
0.232,2639.6666666666665,96081.0
0.232,3500.0,192520.0
0.232,3500.0,211096.66666666666
0.232,3500.0,153117.66666666666
0.232,2693.6666666666665,127272.0
0.232,3500.0,167408.5
0.232,1799.0,89207.5
0.232,3500.0,182138.0
0.232,687.0,16817.0
0.232,2900.0,74414.75
0.232,3500.0,108393.0
0.232,3500.0,159809.25
0.232,3500.0,161260.0
0.232,1685.25,86798.25
0.232,3500.0,55076.0
0.232,3500.0,200398.0
0.232,3500.0,153687.0
0.232,3500.0,166861.0
0.232,3500.0,227366.0
0.232,2765.25,118059.75
0.232,3500.0,181391.0
0.232,1388.6666666666667,50479.333333333336
0.232,3500.0,117034.0
0.232,1683.3333333333333,32354.0
0.232,2543.0,109650.6
0.232,2359.0,101150.33333333333
0.232,3500.0,86276.0
0.232,1311.6666666666667,67927.33333333333
0.232,1864.5,79751.0
0.232,3500.0,142702.0
0.232,3500.0,96302.0
0.232,653.0,8918.0
0.232,1854.0,81261.0
0.232,206.0,1577.0
0.232,2310.5,124887.0
0.232,2703.0,117836.33333333333
0.232,1373.6666666666667,62902.0
0.232,2704.6666666666665,129813.33333333333
0.232,1780.5,80974.5
0.232,2251.0,86351.0
0.232,2468.0,106298.28571428571
0.232,2654.0,136408.5
0.232,3500.0,111879.0
0.232,2377.5,78619.5
0.232,2773.6666666666665,109431.33333333333
0.232,3500.0,137500.0
0.232,1053.3333333333333,43899.333333333336
0.232,1114.0,12946.0
0.232,1803.0,48336.0
0.232,1919.0,52632.0
0.232,1297.0,41276.0
0.232,3500.0,189108.0
0.232,2927.8333333333335,160347.33333333334
0.232,3500.0,206007.0
0.232,3500.0,108081.66666666667
0.232,3500.0,85748.66666666667
0.232,2065.5,81268.0
0.232,3500.0,171877.0
0.232,1810.75,85253.25
0.232,2385.3333333333335,106801.0
0.232,3500.0,131781.0
0.232,2195.0,71285.75
0.232,1925.6666666666667,51459.0
0.232,2902.0,122442.4
0.232,84.0,1135.0
0.232,2673.0,84175.5
0.232,3500.0,52755.0
0.232,3500.0,180802.0
0.232,1806.0,66459.5
0.232,1984.0,45598.0
0.232,2898.0,145102.33333333334
0.232,1924.5,132540.5
0.232,2737.3333333333335,119036.33333333333
0.232,1840.5,137061.0
0.232,271.0,7901.0
0.232,3500.0,141384.75
0.232,2161.4,106239.2
0.232,2705.5,107156.0
0.232,3500.0,128797.0
0.232,3500.0,125361.8
0.232,3500.0,137111.33333333334
0.233,2702.3333333333335,100422.0
0.233,2377.3333333333335,71431.5
0.233,2254.0,77611.5
0.233,3500.0,198561.0
0.233,3021.6666666666665,143808.0
0.233,3500.0,215194.5
0.233,2365.0,68839.33333333333
0.233,3500.0,216070.0
0.233,86.0,2273.0
0.233,3500.0,98239.0
0.233,2873.0,101417.33333333333
0.233,3500.0,90650.0
0.233,2079.0,63718.666666666664
0.233,3500.0,137306.33333333334
0.233,3500.0,74276.0
0.233,2175.5,155450.5
0.233,3500.0,133337.0
0.233,1917.1666666666667,99059.83333333333
0.233,3500.0,200710.0
0.233,1840.3333333333333,65311.0
0.233,3500.0,176112.0
0.233,3500.0,130548.5
0.233,2478.6666666666665,112285.66666666667
0.233,1711.0,34494.0
0.233,3500.0,145483.0
0.233,2575.1666666666665,79130.33333333333
0.233,2152.25,87529.75
0.233,2704.0,56227.0
0.233,2640.75,85987.25
0.233,2875.25,152578.25
0.233,1873.5,82340.5
0.233,2414.0,100504.66666666667
0.233,3500.0,139160.0
0.233,3500.0,150885.0
0.233,2114.5,71774.75
0.233,2353.3333333333335,72650.33333333333
0.233,422.5,6800.5
0.233,3500.0,142973.5
0.233,86.5,606.5
0.233,3500.0,103390.0
0.233,1847.0,69972.33333333333
0.233,2264.25,110292.5
0.233,682.5,23954.0
0.233,2448.3333333333335,131753.66666666666
0.233,3500.0,134421.25
0.233,2639.5,39342.5
0.233,3500.0,88833.5
0.233,1783.5,49335.0
0.233,3008.6666666666665,93328.66666666667
0.233,2476.0,97704.33333333333
0.233,2329.5,131080.5
0.233,2001.0,87811.66666666667
0.233,2313.0,136816.5
0.233,2545.4,83109.6
0.233,3500.0,87360.0
0.233,2355.0,107194.0
0.233,687.0,18466.0
0.233,2710.0,140714.33333333334
0.233,1028.0,13083.0
0.233,3500.0,174055.0
0.233,3500.0,104120.0
0.233,3500.0,122788.0
0.233,3500.0,170140.0
0.233,1043.0,31461.5
0.233,2025.6666666666667,48938.0
0.233,1470.25,39919.25
0.233,2936.25,90250.75
0.233,2681.6666666666665,140037.33333333334
0.233,3500.0,147708.0
0.233,274.0,6267.0
0.233,3500.0,170196.33333333334
0.233,3132.0,127675.85714285714
0.233,3500.0,84748.0
0.233,3500.0,152330.0
0.233,3500.0,195741.0
0.233,1378.2,30620.8
0.233,950.0,33642.0
0.233,3500.0,148952.33333333334
0.233,2657.0,141359.0
0.233,2719.1428571428573,96197.57142857143
0.233,3500.0,167462.5
0.233,2422.5,116049.0
0.233,2335.4,97559.4
0.233,3500.0,152602.0
0.234,3500.0,153218.5
0.234,3500.0,189990.5
0.234,3500.0,234795.0
0.234,2069.0,126851.0
0.234,3500.0,117625.0
0.234,2187.5,50412.5
0.234,90.0,144.0
0.234,2730.3333333333335,92940.33333333333
0.234,1895.75,48898.0
0.234,99.0,105.0
0.234,92.0,1401.0
0.234,3500.0,71477.0
0.234,3500.0,51465.0
0.234,3500.0,201187.0
0.234,2406.3333333333335,114807.66666666667
0.234,3500.0,150962.33333333334
0.234,3500.0,154107.5
0.234,3500.0,146112.66666666666
0.234,3500.0,195714.25
0.234,3500.0,122462.0
0.234,2057.5,66537.0
0.234,3092.6666666666665,134298.16666666666
0.234,1796.5,36896.5
0.234,3500.0,143754.66666666666
0.234,2355.6666666666665,107865.66666666667
0.234,2925.3333333333335,109493.33333333333
0.234,2671.6,83955.6
0.234,756.0,11621.0
0.234,1933.5,99337.5
0.234,1781.5,88010.0
0.234,3500.0,124083.0
0.234,3500.0,136794.0
0.234,3500.0,145135.0
0.234,3500.0,126376.0
0.234,3500.0,163586.0
0.234,1446.25,73949.0
0.234,3500.0,175644.0
0.234,2278.0,64719.5
0.234,3500.0,221521.0
0.234,2305.5,126287.5
0.234,2841.6666666666665,118839.0
0.234,2361.6,87084.4
0.234,2169.8571428571427,70743.28571428571
0.234,1758.6666666666667,48093.0
0.234,2804.6,106414.8
0.234,2989.6666666666665,166571.66666666666
0.234,2680.1666666666665,91727.33333333333
0.234,2688.6666666666665,115394.16666666667
0.234,1536.0,28421.5
0.234,2250.5,50979.5
0.234,2893.3333333333335,110753.88888888889
0.234,2765.0,94193.5
0.234,3500.0,96769.0
0.234,3500.0,129849.33333333333
0.234,1551.0,78512.33333333333
0.234,3500.0,115621.0
0.234,2403.0,56449.5
0.234,2708.0,126707.66666666667
0.234,2325.5,57349.5
0.234,1728.5,36925.5
0.234,1726.0,46999.5
0.234,3500.0,73426.0
0.234,1715.3333333333333,71861.0
0.234,1230.0,21397.0
0.234,3500.0,86106.0
0.234,3500.0,126894.5
0.234,2758.5,92949.5
0.234,3500.0,235904.5
0.234,104.0,106.0
0.234,2215.1666666666665,110873.5
0.234,2374.0,74992.6
0.234,3500.0,187711.5
0.234,3500.0,233257.0
0.234,3500.0,151529.0
0.234,2855.8,126458.6
0.234,1511.6666666666667,33778.0
0.234,3500.0,150168.0
0.234,3500.0,97791.0
0.234,1272.0,39652.0
0.234,3500.0,147756.33333333334
0.234,3500.0,70953.5
0.234,3500.0,135682.0
0.234,877.0,36987.0
0.235,1728.25,40616.5
0.235,197.0,410.0
0.235,3500.0,172950.33333333334
0.235,3500.0,130356.0
0.235,128.0,142.0
0.235,588.0,8743.0
0.235,2380.6666666666665,162710.33333333334
0.235,3500.0,194258.0
0.235,1573.6,80294.2
0.235,3500.0,150130.33333333334
0.235,1899.0,42908.0
0.235,3500.0,136709.5
0.235,3500.0,210358.0
0.235,3500.0,241445.0
0.235,704.0,12291.5
0.235,2654.5,105929.0
0.235,3500.0,155405.66666666666
0.235,734.0,10950.0
0.235,1473.6666666666667,68532.33333333333
0.235,2614.5,138289.5
0.235,1814.0,61288.5
0.235,2622.3333333333335,100790.33333333333
0.235,3500.0,194739.33333333334
0.235,3500.0,162959.0
0.235,2196.0,99678.4
0.235,3500.0,161508.0
0.235,2257.6666666666665,100804.33333333333
0.235,2512.0,120700.83333333333
0.235,2985.25,141041.75
0.235,3500.0,151562.0
0.235,3500.0,174569.0
0.235,2260.5,101880.5
0.235,1307.0,18157.0
0.235,2888.75,92232.0
0.235,3500.0,237030.66666666666
0.235,2053.3333333333335,58218.0
0.235,3500.0,182866.0
0.235,3500.0,106483.0
0.235,3500.0,224142.0
0.235,3500.0,211724.5
0.235,3500.0,171397.0
0.235,2526.3333333333335,87931.66666666667
0.235,1506.0,90482.66666666667
0.235,2007.0,112870.0
0.235,2651.75,151615.25
0.235,95.0,903.0
0.235,2044.5,64860.5
0.235,1585.6666666666667,52387.0
0.235,1849.5,69641.5
0.235,3500.0,197949.0
0.235,2475.3333333333335,99955.33333333333
0.235,3500.0,179344.0
0.235,540.0,10055.0
0.235,354.0,2508.0
0.235,2737.3333333333335,108416.33333333333
0.235,1685.6666666666667,75042.0
0.235,2393.6666666666665,120608.33333333333
0.235,2688.25,137792.0
0.235,2482.5,85234.5
0.235,3500.0,150325.0
0.235,2695.0,124417.33333333333
0.235,2262.0,62117.5
0.235,2812.0,147444.66666666666
0.235,3500.0,140469.0
0.235,3500.0,73657.0
0.235,2024.5,56998.0
0.235,2897.6666666666665,143339.33333333334
0.235,2449.3333333333335,129599.0
0.235,1242.0,14865.0
0.235,2185.0,117432.0
0.235,1037.0,35438.0
0.235,3500.0,142211.33333333334
0.235,2338.4,85226.6
0.235,1412.0,79351.0
0.235,1810.0,41164.5
0.235,62.0,433.0
0.235,1516.0,66620.0
0.235,3500.0,162326.0
0.235,2916.25,104204.75
0.235,61.0,426.0
0.235,3500.0,188490.0
0.235,2097.5,93233.0
0.235,1797.0,50113.5
0.235,3500.0,165771.0
0.235,2062.25,119926.25
0.235,2371.0,100096.0
0.235,2699.0,100874.0
0.235,1666.6666666666667,20122.666666666668
0.236,3500.0,189805.0
0.236,1211.5,26952.5
0.236,2730.3333333333335,91788.33333333333
0.236,1803.5,68976.5
0.236,1778.0,94229.0
0.236,1079.5,36842.0
0.236,3005.75,114680.5
0.236,3500.0,234363.5
0.236,3500.0,184140.0
0.236,2308.5,118358.0
0.236,65.0,584.0
0.236,1930.0,54565.0
0.236,409.0,10631.0
0.236,1796.0,69026.0
0.236,1543.0,84106.0
0.236,2783.6666666666665,115247.66666666667
0.236,2398.3333333333335,90110.33333333333
0.236,2261.6666666666665,114108.66666666667
0.236,78.0,1440.0
0.236,2650.25,157866.25
0.236,1994.0,126002.0
0.236,3500.0,137395.0
0.236,2770.3333333333335,186517.33333333334
0.236,3500.0,261782.0
0.236,3500.0,118601.5
0.236,3500.0,99733.0
0.236,2090.6,88568.2
0.236,2754.25,102106.0
0.236,3500.0,203705.0
0.236,1586.25,86207.0
0.236,1379.0,50232.0
0.236,2954.5,144176.25
0.236,1052.0,26683.0
0.236,2746.1666666666665,119367.16666666667
0.236,2316.5,82966.0
0.236,2664.0,125764.25
0.236,3500.0,94968.0
0.236,1040.0,38629.0
0.236,2801.3333333333335,95795.66666666667
0.236,1198.0,35617.5
0.236,2356.0,105515.33333333333
0.236,3500.0,168183.0
0.236,3500.0,124859.0
0.236,3500.0,206853.0
0.236,3500.0,178014.0
0.236,1942.8,76532.0
0.236,3500.0,162552.33333333334
0.236,2313.0,81740.5
0.236,1354.0,40560.25
0.236,2653.75,80344.75
0.236,2639.0,76928.5
0.236,1462.5,65375.0
0.236,1823.0,49899.8
0.236,2717.0,50624.5
0.236,2374.5,71185.0
0.236,3500.0,126956.5
0.236,1223.0,23014.0
0.236,3500.0,192293.0
0.236,3500.0,113881.5
0.236,3123.3333333333335,137225.16666666666
0.236,547.0,11418.5
0.236,2703.0,126074.66666666667
0.236,2488.6666666666665,101098.0
0.236,3500.0,127434.5
0.236,211.0,292.0
0.236,2614.0,55974.6
0.236,90.0,248.0
0.236,2690.0,126619.0
0.236,3500.0,71093.0
0.236,3500.0,129558.0
0.236,1947.0,27544.0
0.236,3500.0,197119.0
0.236,3500.0,97689.0
0.236,3500.0,150660.33333333334
0.236,1255.0,25652.0
0.236,3500.0,132808.0
0.236,3012.285714285714,126144.57142857143
0.236,2353.6666666666665,118727.33333333333
0.236,3500.0,159177.0
0.236,2018.6,89686.0
0.236,2292.5,53619.0
0.236,2663.5,150402.5
0.237,1793.6666666666667,45078.666666666664
0.237,1801.5,51188.0
0.237,1088.0,47202.5
0.237,2417.25,78070.75
0.237,3500.0,84652.0
0.237,2693.6666666666665,92656.66666666667
0.237,1843.0,78146.0
0.237,2295.0,51443.5
0.237,3500.0,163691.0
0.237,2380.5,121828.5
0.237,2920.75,92727.5
0.237,2017.0,103691.0
0.237,3500.0,187006.33333333334
0.237,371.0,8728.0
0.237,2977.0,116069.0
0.237,3500.0,115180.0
0.237,2296.5,111502.5
0.237,2388.5,131541.0
0.237,3500.0,195873.5
0.237,3500.0,134685.0
0.237,2335.0,116111.5
0.237,3010.3333333333335,144305.33333333334
0.237,2685.6666666666665,128897.33333333333
0.237,1866.0,66607.0
0.237,2420.0,94267.66666666667
0.237,2328.0,58833.5
0.237,1057.0,20420.0
0.237,3500.0,115180.0
0.237,1871.75,54300.5
0.237,2313.5,108521.0
0.237,2949.25,135133.25
0.237,692.5,10770.0
0.237,2612.6666666666665,88277.66666666667
0.237,1752.0,54322.0
0.237,2371.3333333333335,96336.33333333333
0.237,2533.4,94375.0
0.237,3500.0,191965.0
0.237,3500.0,145185.75
0.237,3500.0,101385.0
0.237,3500.0,221342.0
0.237,3500.0,61579.0
0.237,3500.0,100130.0
0.237,1062.0,42615.666666666664
0.237,1840.0,45487.0
0.237,3500.0,121950.33333333333
0.237,3500.0,170473.0
0.237,1096.6666666666667,20077.0
0.237,3500.0,240652.0
0.237,3500.0,174074.0
0.237,3500.0,175381.0
0.237,2382.6666666666665,80716.0
0.237,1369.3333333333333,85656.33333333333
0.237,2249.5,57658.0
0.237,3500.0,183404.0
0.237,2490.2,81148.0
0.237,509.3333333333333,9823.666666666666
0.237,2769.8571428571427,126728.14285714286
0.237,2506.5,100859.0
0.237,2667.0,126535.33333333333
0.237,1667.8,84448.0
0.237,3500.0,182107.0
0.237,1423.0,26803.0
0.237,2281.5,124507.5
0.237,966.25,29434.75
0.237,3500.0,194798.0
0.237,3500.0,101922.0
0.237,3500.0,128685.0
0.237,566.0,2835.0
0.237,3500.0,102850.0
0.237,2366.6666666666665,94243.66666666667
0.237,1831.0,107528.5
0.237,3500.0,186434.0
0.237,2351.0,70384.5
0.237,999.0,25905.0
0.237,1075.0,54875.0
0.237,1609.6666666666667,40860.333333333336
0.237,3500.0,118378.0
0.237,1556.0,46724.0
0.237,1776.6666666666667,61576.666666666664
0.237,3500.0,172956.0
0.237,3500.0,160481.0
0.237,3500.0,83011.0
0.237,2106.75,108699.0
0.238,2697.75,134520.0
0.238,1782.5,123884.0
0.238,3500.0,214640.0
0.238,2289.5,158899.5
0.238,310.0,3005.0
0.238,3500.0,101566.0
0.238,3500.0,134874.0
0.238,1472.5,34359.0
0.238,3500.0,227706.0
0.238,3500.0,206716.0
0.238,2422.0,125511.0
0.238,3500.0,182517.5
0.238,2463.0,98774.0
0.238,1223.0,58874.666666666664
0.238,1783.6666666666667,45947.333333333336
0.238,2272.5,151050.5
0.238,1647.0,39997.0
0.238,2852.0,99236.33333333333
0.238,1948.5,61696.5
0.238,1792.75,77856.25
0.238,3500.0,106041.0
0.238,3500.0,152943.5
0.238,2528.5,167266.5
0.238,623.5,16036.0
0.238,1349.0,29739.5
0.238,2369.0,76975.0
0.238,2757.0,80556.33333333333
0.238,2751.3333333333335,111662.0
0.238,2350.5,92697.5
0.238,2730.25,93800.5
0.238,2656.5,197388.5
0.238,2908.2,120536.6
0.238,3500.0,181584.0
0.238,3500.0,211757.0
0.238,138.0,1029.0
0.238,3014.0,173819.66666666666
0.238,2899.6666666666665,133447.66666666666
0.238,1167.0,47671.0
0.238,2734.5,79856.0
0.238,3500.0,91929.0
0.238,2452.5,57572.0
0.238,1698.5,72467.75
0.238,3500.0,188587.0
0.238,140.0,247.0
0.238,3500.0,144842.0
0.238,3500.0,255351.0
0.238,1914.25,118052.75
0.238,3500.0,184745.5
0.238,3500.0,144191.0
0.238,2314.5,74865.0
0.238,98.0,794.0
0.238,2746.3333333333335,85356.0
0.238,2790.0,142223.0
0.238,2324.8333333333335,99100.33333333333
0.238,2391.5,161032.5
0.238,3500.0,207223.0
0.238,3500.0,147324.0
0.238,3500.0,151953.0
0.238,3500.0,140944.0
0.238,2372.0,85593.33333333333
0.238,2081.5,81319.0
0.238,3500.0,166383.0
0.238,1093.0,21649.0
0.238,1919.5,56366.0
0.238,3500.0,96713.66666666667
0.238,2249.4,58572.0
0.238,2047.2,102040.4
0.238,3500.0,181400.5
0.238,3500.0,208670.33333333334
0.238,3500.0,140702.5
0.238,1838.25,66066.75
0.238,3500.0,131721.0
0.238,1804.0,89260.5
0.238,96.0,1032.0
0.238,3500.0,130260.5
0.238,2478.6666666666665,120253.66666666667
0.238,2398.0,36297.0
0.238,1779.0,58274.0
0.238,1946.5,30324.5
0.238,2345.5,32720.5
0.238,1833.0,100136.0
0.238,3500.0,114486.0
0.238,1429.6,57062.0
0.238,2770.0,147196.0
0.238,2310.5,75820.0
0.238,2368.3333333333335,120239.33333333333
0.239,2900.4,109826.8
0.239,3500.0,155957.33333333334
0.239,3500.0,127671.0
0.239,1501.5,51690.75
0.239,1693.6666666666667,54761.0
0.239,3500.0,78566.0
0.239,2391.3333333333335,110158.33333333333
0.239,3500.0,163438.5
0.239,659.0,21584.0
0.239,2053.0,56620.0
0.239,3500.0,199660.5
0.239,1154.0,51831.0
0.239,2542.5,56228.5
0.239,632.5,23000.0
0.239,1827.5,83273.0
0.239,3500.0,172420.0
0.239,3500.0,148646.5
0.239,2661.8,109870.4
0.239,1910.6,59603.2
0.239,1099.5,30488.25
0.239,3500.0,124656.0
0.239,1021.0,36945.0
0.239,2375.6666666666665,111240.0
0.239,1781.5,61241.0
0.239,1584.6666666666667,56450.666666666664
0.239,2295.0,104817.5
0.239,3500.0,276888.0
0.239,3500.0,151822.0
0.239,3500.0,168782.0
0.239,3500.0,123652.0
0.239,3500.0,278691.0
0.239,3500.0,116217.0
0.239,1847.0,111832.5
0.239,3500.0,172823.0
0.239,3500.0,113594.0
0.239,3500.0,151991.5
0.239,2335.5,112825.0
0.239,3500.0,130785.5
0.239,1780.0,100860.5
0.239,1836.6666666666667,40757.333333333336
0.239,2264.0,65600.5
0.239,63.0,512.0
0.239,3500.0,114725.0
0.239,293.0,2429.0
0.239,2113.0,76763.25
0.239,2123.5,72622.5
0.239,1789.0,82752.0
0.239,3127.0,104328.25
0.239,3500.0,141769.0
0.239,3500.0,162193.0
0.239,729.0,9880.0
0.239,3500.0,122503.0
0.239,1745.0,75200.0
0.239,3500.0,99459.0
0.239,1722.0,56812.0
0.239,3500.0,113713.0
0.239,3500.0,96718.0
0.239,3500.0,54077.0
0.239,2261.5,63970.5
0.239,3500.0,195948.33333333334
0.239,3168.8,104010.2
0.239,2768.0,98714.0
0.239,3500.0,94133.0
0.239,2103.75,92948.0
0.239,2657.2,98988.2
0.239,1132.5,18855.0
0.239,3500.0,260964.0
0.239,2130.0,80602.33333333333
0.239,3500.0,269105.0
0.239,2082.0,76314.0
0.239,2775.25,129138.0
0.239,3500.0,217493.33333333334
0.239,82.0,443.0
0.239,3500.0,159315.0
0.239,2707.0,115779.66666666667
0.239,1020.0,31404.666666666668
0.239,1290.0,30688.0
0.239,2391.3333333333335,122972.5
0.239,3500.0,238265.0
0.239,3500.0,142298.0
0.239,2488.5,108398.5
0.24,1021.0,29228.0
0.24,1428.0,91721.0
0.24,1798.5,78373.5
0.24,2681.6666666666665,113114.0
0.24,1770.0,66549.0
0.24,2055.5,70713.5
0.24,3500.0,106477.0
0.24,3500.0,267249.0
0.24,3500.0,280446.0
0.24,1970.0,103321.5
0.24,3500.0,186879.0
0.24,3500.0,86877.0
0.24,979.75,31524.25
0.24,1251.3333333333333,86200.33333333333
0.24,3500.0,134054.0
0.24,3500.0,68995.0
0.24,3500.0,172724.66666666666
0.24,3500.0,186917.5
0.24,3500.0,131421.33333333334
0.24,2998.0,157907.25
0.24,3500.0,175589.33333333334
0.24,1417.0,42519.5
0.24,114.0,972.0
0.24,2641.5,66928.5
0.24,3500.0,160556.5
0.24,2320.0,135681.5
0.24,3500.0,161328.66666666666
0.24,1085.0,22608.0
0.24,103.0,681.0
0.24,3500.0,229289.0
0.24,2043.75,83080.0
0.24,1795.0,61415.4
0.24,604.0,8606.5
0.24,935.5,25999.5
0.24,2308.5,58063.0
0.24,3500.0,124469.0
0.24,1767.6666666666667,117478.0
0.24,2345.0,128435.0
0.24,2458.75,86702.25
0.24,3500.0,172870.0
0.24,3500.0,127471.0
0.24,395.5,8404.5
0.24,1071.0,25495.5
0.24,2461.0,95929.75
0.24,1329.5,57241.5
0.24,3020.4,143895.2
0.24,3500.0,130957.0
0.24,2648.5,75974.25
0.24,3500.0,223511.0
0.24,2370.5,42463.5
0.24,3500.0,156495.0
0.24,1009.3333333333334,23370.666666666668
0.24,3500.0,105439.0
0.24,3500.0,81168.5
0.24,3500.0,140031.0
0.24,2264.0,83985.0
0.24,617.0,15237.0
0.24,3500.0,190577.0
0.24,690.5,12586.0
0.24,93.0,100.0
0.24,3500.0,117653.0
0.24,1158.0,10757.0
0.24,2102.0,86492.0
0.24,1383.0,67664.0
0.24,2648.3333333333335,82903.66666666667
0.24,3500.0,296222.0
0.24,124.0,148.0
0.24,3500.0,220867.0
0.24,752.5,24060.5
0.24,3500.0,120830.5
0.24,2644.25,107784.5
0.24,1827.3333333333333,90703.33333333333
0.24,1367.3333333333333,32124.666666666668
0.24,2725.3333333333335,65027.333333333336
0.24,2259.0,86912.0
0.24,2375.0,93806.5
0.24,3500.0,112092.0
0.24,1621.0,21057.0
0.24,2058.0,58852.0
0.24,1280.0,32015.0
0.24,2091.3333333333335,58557.666666666664
0.24,1634.0,40013.0
0.24,3500.0,169155.0
0.24,2718.3333333333335,92385.33333333333
0.24,2046.0,49403.5
0.241,3500.0,146224.0
0.241,2913.0,71801.25
0.241,615.3333333333334,9801.666666666666
0.241,2094.0,85662.5
0.241,2990.3333333333335,71764.66666666667
0.241,2401.5,88443.0
0.241,2356.0,87785.66666666667
0.241,778.6666666666666,14236.666666666666
0.241,96.0,109.0
0.241,3500.0,112961.0
0.241,2434.5,53634.0
0.241,97.0,784.0
0.241,3500.0,103170.0
0.241,2467.0,94719.4
0.241,2978.0,98024.25
0.241,3500.0,161507.0
0.241,2589.5,140634.0
0.241,3500.0,122762.5
0.241,3500.0,192766.0
0.241,2441.6666666666665,167504.0
0.241,2742.4,149125.4
0.241,1032.0,25597.0
0.241,76.0,948.0
0.241,3500.0,178508.0
0.241,3500.0,98971.66666666667
0.241,2565.6666666666665,153536.33333333334
0.241,3500.0,131274.0
0.241,3500.0,66185.66666666667
0.241,740.0,41424.0
0.241,1658.3333333333333,112757.0
0.241,2944.3333333333335,71821.33333333333
0.241,3500.0,156406.0
0.241,2458.6666666666665,130173.66666666667
0.241,2811.8,135540.0
0.241,3500.0,107398.0
0.241,3500.0,254159.5
0.241,1861.0,56863.0
0.241,1589.0,39460.0
0.241,2680.0,96074.0
0.241,1900.5,36957.0
0.241,1969.5,68372.75
0.241,2714.3333333333335,97642.66666666667
0.241,3500.0,160152.25
0.241,2409.0,70818.25
0.241,3500.0,196587.0
0.241,2938.5,125959.75
0.241,1765.0,103886.0
0.241,2662.5,125075.5
0.241,3500.0,109094.0
0.241,1117.0,20067.0
0.241,3500.0,154648.5
0.241,849.0,22645.5
0.241,1959.5,107290.5
0.241,2889.25,135847.0
0.241,2066.6666666666665,70244.66666666667
0.241,2358.0,128334.66666666667
0.241,3500.0,120045.0
0.241,2306.0,118799.25
0.241,2708.75,157199.0
0.241,3500.0,185693.0
0.241,2835.0,125415.0
0.241,1616.5,74490.5
0.241,1035.0,11735.0
0.241,3500.0,138447.5
0.241,1869.0,51831.5
0.241,3500.0,118828.0
0.241,232.0,4677.0
0.241,1238.25,93279.0
0.241,1842.5,50488.5
0.241,3062.2,123719.8
0.241,703.0,19266.333333333332
0.241,1825.5,43760.0
0.241,3500.0,121035.5
0.241,3500.0,158799.0
0.241,3001.8,125304.6
0.241,1845.5,33828.0
0.241,3500.0,102655.33333333333
0.242,3500.0,157584.5
0.242,1155.0,14519.0
0.242,2416.0,117124.0
0.242,3500.0,103505.0
0.242,3500.0,165617.0
0.242,1998.6666666666667,87897.66666666667
0.242,1520.1666666666667,63983.166666666664
0.242,3500.0,131746.0
0.242,1774.5,70468.0
0.242,1990.0,38228.0
0.242,266.0,480.0
0.242,3500.0,94916.0
0.242,3500.0,126687.5
0.242,2968.6666666666665,175633.33333333334
0.242,3500.0,140581.0
0.242,3500.0,161648.5
0.242,2457.5,140820.5
0.242,3500.0,172772.5
0.242,3500.0,108979.0
0.242,2699.5,77401.75
0.242,3500.0,107367.0
0.242,3500.0,105985.0
0.242,2563.3333333333335,74585.33333333333
0.242,2959.0,147590.25
0.242,2325.5,68047.5
0.242,3500.0,106370.0
0.242,3500.0,153525.5
0.242,1913.3333333333333,66839.0
0.242,2527.3333333333335,80935.0
0.242,3500.0,215622.0
0.242,1897.0,96779.0
0.242,1594.0,28281.0
0.242,1801.5,56622.5
0.242,3500.0,218634.0
0.242,2353.6666666666665,69931.66666666667
0.242,3500.0,100397.5
0.242,3500.0,33878.0
0.242,61.0,468.0
0.242,3500.0,183398.0
0.242,3500.0,112504.0
0.242,3500.0,171733.66666666666
0.242,595.0,16936.5
0.242,2897.5,129115.0
0.242,3086.0,136205.75
0.242,3500.0,110006.66666666667
0.242,2563.0,86659.66666666667
0.242,1945.3333333333333,44986.333333333336
0.242,2977.0,140491.0
0.242,2743.5,185327.5
0.242,2260.5,97048.5
0.242,1766.25,84667.5
0.242,3500.0,177342.0
0.242,3500.0,134332.0
0.242,3500.0,132471.5
0.242,3500.0,177974.0
0.242,113.0,566.0
0.242,3500.0,149074.0
0.242,97.0,2173.0
0.242,107.0,109.0
0.242,299.0,4363.0
0.242,1779.25,44143.75
0.242,1558.0,37496.0
0.242,1576.0,30577.666666666668
0.242,3500.0,146903.66666666666
0.242,1080.0,28671.0
0.242,2534.0,84883.6
0.242,2428.5,104735.0
0.242,1986.5,135839.0
0.242,2418.3333333333335,125862.66666666667
0.242,3500.0,201659.0
0.242,3500.0,134579.0
0.242,83.0,621.5
0.242,209.0,1108.0
0.242,1791.0,64800.0
0.242,3500.0,167464.0
0.242,2435.0,80170.66666666667
0.242,3500.0,111428.5
0.242,3500.0,252861.0
0.242,3500.0,122876.0
0.242,1781.0,50454.5
0.242,67.0,633.0
0.242,1610.6666666666667,45742.0
0.242,131.0,403.0
0.243,2014.3333333333333,62724.333333333336
0.243,1890.5,84780.75
0.243,102.0,302.0
0.243,2348.0,118233.33333333333
0.243,3500.0,144063.0
0.243,1628.3333333333333,68108.33333333333
0.243,2284.5,131865.0
0.243,46.0,60.0
0.243,3500.0,222274.5
0.243,3500.0,157290.0
0.243,3500.0,170106.5
0.243,1339.0,43000.0
0.243,2047.5,97697.0
0.243,2310.0,125375.5
0.243,3500.0,111621.66666666667
0.243,3500.0,270399.0
0.243,3500.0,157968.5
0.243,2548.5,109831.5
0.243,2685.0,79827.33333333333
0.243,2428.5,145080.0
0.243,2855.6666666666665,88067.66666666667
0.243,3500.0,150566.0
0.243,3500.0,223998.5
0.243,2253.6666666666665,70971.0
0.243,3500.0,93454.0
0.243,3500.0,113067.0
0.243,2513.6666666666665,111535.0
0.243,810.5,23285.5
0.243,3500.0,160471.0
0.243,2429.0,120061.0
0.243,2743.3333333333335,105074.0
0.243,2283.0,150344.5
0.243,3500.0,88395.0
0.243,3500.0,58532.0
0.243,3500.0,201957.0
0.243,1465.6666666666667,70066.33333333333
0.243,3500.0,185212.0
0.243,2365.3333333333335,66549.33333333333
0.243,1383.3333333333333,25351.333333333332
0.243,3500.0,66018.0
0.243,1103.0,11663.0
0.243,3500.0,193917.0
0.243,2133.0,109685.33333333333
0.243,2980.6666666666665,94202.0
0.243,2966.3333333333335,109035.0
0.243,2391.0,92062.66666666667
0.243,2764.0,160218.0
0.243,119.0,141.0
0.243,3500.0,75592.0
0.243,2355.3333333333335,42449.666666666664
0.243,72.0,103.0
0.243,2337.25,105188.5
0.243,645.0,13601.0
0.243,3500.0,94407.0
0.243,1537.0,51169.0
0.243,3500.0,178641.0
0.243,2046.5,72006.0
0.243,1079.0,24998.0
0.243,3500.0,152812.0
0.243,3500.0,87076.0
0.243,3500.0,108771.0
0.243,3014.3333333333335,148659.0
0.243,1755.3333333333333,103864.0
0.243,3500.0,162893.0
0.243,629.0,12332.5
0.243,2978.0,123315.33333333333
0.243,3500.0,161004.4
0.243,1888.5,96610.33333333333
0.243,1909.3333333333333,51649.333333333336
0.243,1129.0,25068.5
0.243,3500.0,136654.0
0.243,1794.0,67541.0
0.243,3500.0,174680.33333333334
0.243,1136.0,34356.0
0.243,2586.0,146663.0
0.243,1304.0,50707.0
0.243,2564.5,76322.5
0.243,3500.0,87930.0
0.243,3500.0,158423.0
0.243,3500.0,185417.0
0.243,3500.0,147422.0
0.243,3500.0,238805.0
0.243,1788.0,68492.5
0.243,2988.25,85212.25
0.243,2868.5,124428.75
0.243,1375.0,29486.0
0.243,3500.0,195666.0
0.244,1305.75,36187.5
0.244,1759.6666666666667,64258.333333333336
0.244,2544.0,117935.0
0.244,1345.0,49306.5
0.244,70.0,190.0
0.244,3500.0,70168.0
0.244,1934.0,110713.0
0.244,3500.0,162424.75
0.244,3500.0,129253.75
0.244,3500.0,220542.0
0.244,1801.5,29838.0
0.244,3500.0,121462.0
0.244,3500.0,151677.2
0.244,3500.0,110545.0
0.244,2335.5,74353.5
0.244,3500.0,198903.0
0.244,2295.0,132129.0
0.244,1273.5,31470.5
0.244,2405.5,149707.0
0.244,654.5,14081.5
0.244,1719.3333333333333,43835.333333333336
0.244,1491.0,43230.666666666664
0.244,541.5,10569.0
0.244,2131.8,77963.8
0.244,3500.0,220986.0
0.244,3500.0,107219.5
0.244,3500.0,145361.0
0.244,3500.0,165986.0
0.244,3500.0,193176.0
0.244,3500.0,139030.0
0.244,2261.0,153758.0
0.244,1476.0,19049.0
0.244,1550.3333333333333,81891.0
0.244,3500.0,238982.0
0.244,3500.0,90635.0
0.244,3500.0,195148.66666666666
0.244,2447.0,55888.5
0.244,326.0,8685.0
0.244,3025.6666666666665,134632.66666666666
0.244,2831.6,114094.6
0.244,1643.3333333333333,82199.66666666667
0.244,3500.0,150473.0
0.244,3500.0,173556.0
0.244,593.6666666666666,14587.333333333334
0.244,763.3333333333334,23479.0
0.244,1523.0,25131.0
0.244,3500.0,77675.5
0.244,2896.75,121230.25
0.244,3500.0,68464.0
0.244,70.0,578.0
0.244,2492.0,70897.5
0.244,3500.0,158287.66666666666
0.244,2359.0,86967.83333333333
0.244,2217.5,62626.0
0.244,2958.2,145904.8
0.244,2261.5,104803.0
0.244,3500.0,156453.0
0.244,3500.0,180654.75
0.244,2371.0,136307.5
0.244,3500.0,273456.0
0.244,2129.0,88896.5
0.244,112.0,223.0
0.244,3500.0,111489.66666666667
0.244,3500.0,208051.0
0.244,1971.8,97360.6
0.244,359.0,2596.0
0.244,1662.6666666666667,44816.0
0.244,2899.0,140803.33333333334
0.244,3500.0,164986.0
0.244,62.0,604.0
0.244,217.0,1225.0
0.244,212.0,907.0
0.244,1306.0,30047.0
0.244,1833.0,67702.0
0.244,2693.25,103658.0
0.244,429.0,8533.0
0.244,472.0,8106.0
0.244,3500.0,195294.0
0.244,3500.0,173833.5
0.245,2032.3333333333333,52325.666666666664
0.245,473.0,11847.0
0.245,1371.0,57080.0
0.245,2099.0,44545.0
0.245,2740.6666666666665,109242.0
0.245,2897.6666666666665,128976.66666666667
0.245,1882.0,51878.75
0.245,3500.0,203015.0
0.245,3500.0,102095.0
0.245,3500.0,238614.5
0.245,82.0,539.0
0.245,1893.0,102389.25
0.245,1788.0,97855.5
0.245,574.0,20930.5
0.245,211.0,817.0
0.245,1580.4,83451.2
0.245,1777.5,81987.0
0.245,3500.0,246197.0
0.245,906.3333333333334,38852.666666666664
0.245,3500.0,188148.0
0.245,1920.5,47368.0
0.245,1048.0,22244.0
0.245,1915.5,128045.5
0.245,1903.5,89038.5
0.245,3500.0,225971.0
0.245,2758.0,114090.33333333333
0.245,1228.0,57957.0
0.245,2259.0,153153.5
0.245,3500.0,84679.0
0.245,3500.0,182662.0
0.245,61.0,521.0
0.245,2368.5,145779.0
0.245,3500.0,140036.0
0.245,1801.5,93868.5
0.245,1831.5,134992.5
0.245,3500.0,221068.0
0.245,1978.6666666666667,78129.33333333333
0.245,781.0,9447.0
0.245,64.0,576.0
0.245,3500.0,161818.0
0.245,3500.0,163163.0
0.245,1545.3333333333333,64756.0
0.245,1678.3333333333333,83003.33333333333
0.245,2684.5,180000.0
0.245,1225.5,26209.0
0.245,3500.0,138953.0
0.245,3500.0,140927.0
0.245,145.0,243.0
0.245,3500.0,181997.0
0.245,3500.0,151132.0
0.245,1815.75,49415.75
0.245,3500.0,188272.66666666666
0.245,1907.5,54496.5
0.245,1844.2,104708.0
0.245,3500.0,167312.66666666666
0.245,115.5,1652.0
0.245,1063.3333333333333,26583.333333333332
0.245,2668.0,143881.0
0.245,1303.0,21618.0
0.245,1948.5,81216.5
0.245,3500.0,176375.5
0.245,2382.0,97381.0
0.245,3500.0,207409.0
0.245,2715.0,83679.5
0.245,2667.5,149044.5
0.245,3500.0,186870.0
0.245,3500.0,151774.5
0.245,2407.0,135534.0
0.245,1769.3333333333333,106155.33333333333
0.245,3500.0,209982.5
0.245,3500.0,175053.5
0.245,3500.0,220103.5
0.245,1825.5,69541.0
0.245,1928.0,59366.0
0.245,2714.6666666666665,96646.33333333333
0.245,2152.3333333333335,103501.66666666667
0.245,1587.25,43248.5
0.245,2421.5,71568.5
0.245,2181.5,117035.0
0.245,3500.0,116695.5
0.245,2680.0,171854.0
0.245,3500.0,190814.0
0.246,1001.5,20145.5
0.246,3500.0,196482.0
0.246,3500.0,122709.5
0.246,3500.0,184042.5
0.246,156.0,1323.0
0.246,2630.5,113497.5
0.246,2171.2,131630.2
0.246,3500.0,107181.0
0.246,1105.0,35045.0
0.246,2647.25,123078.75
0.246,2339.5,101446.0
0.246,2741.75,95983.5
0.246,3500.0,156838.5
0.246,1235.5,55426.0
0.246,2370.0,77852.0
0.246,3500.0,222008.5
0.246,3500.0,155731.33333333334
0.246,3500.0,115109.0
0.246,3500.0,167845.0
0.246,3500.0,148026.5
0.246,3500.0,169450.5
0.246,1223.0,39257.0
0.246,1808.5,48406.5
0.246,3500.0,194369.0
0.246,1813.0,56738.0
0.246,91.0,151.0
0.246,362.0,5604.0
0.246,1721.0,34974.0
0.246,3500.0,76656.0
0.246,3500.0,147140.5
0.246,3500.0,163913.5
0.246,1004.0,32077.0
0.246,3500.0,168758.5
0.246,1483.3333333333333,70511.0
0.246,2150.6666666666665,80638.33333333333
0.246,3042.0,136176.0
0.246,3500.0,132798.5
0.246,1939.6666666666667,51050.0
0.246,2368.0,88252.33333333333
0.246,442.0,6855.0
0.246,2547.5,71391.0
0.246,2895.25,119554.0
0.246,2976.3333333333335,73613.0
0.246,3500.0,88844.33333333333
0.246,71.0,140.0
0.246,1251.0,25793.0
0.246,2519.5,75887.0
0.246,2540.5,43069.5
0.246,551.0,27315.5
0.246,3500.0,185712.0
0.246,3500.0,93891.0
0.246,1033.0,17506.0
0.246,2103.75,88867.25
0.246,1931.0,78444.0
0.246,2678.5,119170.0
0.246,1935.5,113513.5
0.246,3500.0,67052.0
0.246,3500.0,153842.0
0.246,2362.0,87631.2
0.246,3500.0,69080.0
0.246,3500.0,129722.0
0.246,3500.0,175470.0
0.246,3500.0,150090.33333333334
0.246,3500.0,142644.0
0.246,1834.5,36333.5
0.246,3500.0,105581.0
0.246,1824.0,60037.0
0.246,174.5,577.0
0.246,2733.5,66682.5
0.246,578.5,13904.0
0.246,3500.0,188745.0
0.246,3500.0,196059.0
0.246,2795.5,154729.0
0.246,3500.0,218666.66666666666
0.246,3500.0,169790.0
0.246,3500.0,185310.0
0.246,2434.5,104306.5
0.246,1830.5,70345.5
0.246,3500.0,158716.0
0.246,2057.0,50310.5
0.246,3500.0,80372.0
0.246,2731.6666666666665,132720.66666666666
0.247,3031.4,117991.4
0.247,939.0,18592.0
0.247,3500.0,110110.0
0.247,2800.6666666666665,107268.33333333333
0.247,2386.6666666666665,92901.16666666667
0.247,3500.0,91890.0
0.247,1096.0,28835.0
0.247,2363.5,86300.5
0.247,952.75,55352.25
0.247,2296.5,44932.5
0.247,1798.0,105126.0
0.247,3500.0,101605.0
0.247,2099.6,85712.6
0.247,155.0,705.0
0.247,1253.0,82875.75
0.247,1692.3333333333333,49036.0
0.247,2002.0,71324.0
0.247,3500.0,195505.0
0.247,3500.0,120201.5
0.247,1597.0,50868.0
0.247,1445.0,37974.5
0.247,1790.0,72227.5
0.247,2714.3333333333335,125653.33333333333
0.247,2566.5,83556.0
0.247,1660.25,77403.5
0.247,3500.0,131128.66666666666
0.247,1018.0,24877.0
0.247,3500.0,187689.0
0.247,1633.0,60722.0
0.247,3500.0,133999.0
0.247,2285.0,92866.5
0.247,3500.0,171744.0
0.247,1010.0,28276.0
0.247,1417.0,39349.5
0.247,187.0,697.0
0.247,3500.0,155172.0
0.247,3500.0,98384.0
0.247,621.5,24143.25
0.247,2545.0,98762.0
0.247,3500.0,146592.0
0.247,3500.0,157802.5
0.247,1783.5,106075.0
0.247,3500.0,142258.4
0.247,2011.5,111975.75
0.247,2207.6,107087.2
0.247,1970.0,116424.5
0.247,1102.0,18541.5
0.247,1706.0,79228.0
0.247,3500.0,164959.5
0.247,3500.0,159347.0
0.247,1780.0,74326.5
0.247,1450.0,44774.0
0.247,3500.0,107901.5
0.247,2395.0,76301.66666666667
0.247,2091.0,92537.5
0.247,2355.5,60335.5
0.247,3500.0,87908.0
0.247,109.0,165.0
0.247,2509.0,89668.0
0.247,3500.0,167092.0
0.247,3500.0,110825.0
0.247,1848.0,89967.75
0.247,3018.5,113556.75
0.247,3500.0,255216.0
0.247,3500.0,131077.0
0.247,3500.0,170859.0
0.247,2093.6666666666665,93987.0
0.247,1876.5,108654.0
0.247,3500.0,102733.5
0.247,1275.0,34246.0
0.247,86.0,113.0
0.247,2275.0,116220.0
0.247,3500.0,103082.0
0.247,3500.0,163663.0
0.247,3500.0,153268.0
0.248,3011.6666666666665,148260.0
0.248,3500.0,278383.0
0.248,2563.0,99925.66666666667
0.248,3500.0,146799.0
0.248,2684.6666666666665,138672.0
0.248,1499.0,40317.5
0.248,3500.0,157162.0
0.248,3500.0,95787.0
0.248,3500.0,231375.0
0.248,89.0,141.0
0.248,3500.0,265619.0
0.248,94.0,709.0
0.248,2644.5,98939.5
0.248,732.0,11354.5
0.248,3500.0,171660.5
0.248,97.0,100.0
0.248,1895.5,64962.5
0.248,3500.0,146561.0
0.248,2005.0,90306.0
0.248,3500.0,193167.66666666666
0.248,2088.0,45962.5
0.248,1517.6666666666667,45908.666666666664
0.248,3500.0,132502.66666666666
0.248,3053.75,201102.0
0.248,3500.0,126533.5
0.248,2539.5,57393.5
0.248,3500.0,142053.0
0.248,2877.25,132501.25
0.248,3500.0,142519.0
0.248,1782.0,92833.0
0.248,1636.75,77445.5
0.248,3500.0,216277.0
0.248,1934.75,80020.25
0.248,2080.6666666666665,77288.66666666667
0.248,2408.0,51675.5
0.248,1316.3333333333333,58564.666666666664
0.248,3500.0,145316.0
0.248,3500.0,181542.0
0.248,2051.6,66270.6
0.248,3500.0,171302.0
0.248,1003.0,35618.0
0.248,3500.0,99748.5
0.248,2902.25,105044.75
0.248,2509.0,97161.5
0.248,570.5,4791.0
0.248,1278.6666666666667,24820.666666666668
0.248,2763.5,94043.5
0.248,2033.5,79719.25
0.248,3500.0,152653.0
0.248,1980.5,69912.0
0.248,1815.6666666666667,129471.66666666667
0.248,3500.0,107771.0
0.248,2356.6666666666665,67060.0
0.248,2365.6666666666665,74386.66666666667
0.248,2812.2,150846.2
0.248,2217.5,86650.5
0.248,49.0,58.0
0.248,2428.5,114048.0
0.248,3009.3333333333335,88004.0
0.248,1345.0,54978.0
0.248,3500.0,125401.5
0.248,3500.0,231302.5
0.248,2355.6666666666665,113917.66666666667
0.248,582.0,18320.0
0.248,3500.0,197440.0
0.248,3500.0,215421.0
0.248,750.5,11784.5
0.248,2525.0,121638.5
0.248,3500.0,101652.0
0.248,3500.0,110250.0
0.248,2683.3333333333335,103622.33333333333
0.248,2353.5,73842.0
0.248,3500.0,137300.66666666666
0.248,1882.0,56781.5
0.248,2323.5,134367.5
0.248,80.0,1012.0
0.249,3500.0,164245.0
0.249,2039.0,109898.5
0.249,3065.75,146314.5
0.249,3500.0,72702.0
0.249,3500.0,165902.66666666666
0.249,2414.75,92611.25
0.249,2547.6666666666665,120640.33333333333
0.249,3500.0,128673.0
0.249,2570.8,116409.4
0.249,2392.0,87202.33333333333
0.249,3500.0,219154.0
0.249,2816.0,123417.0
0.249,3500.0,164146.5
0.249,2940.25,123631.0
0.249,1871.0,39928.0
0.249,2348.5,112184.5
0.249,360.0,5674.0
0.249,2941.6666666666665,116080.66666666667
0.249,3500.0,92901.0
0.249,3500.0,176057.0
0.249,992.0,26327.5
0.249,2403.5,56533.5
0.249,2744.0,133746.33333333334
0.249,3500.0,88010.0
0.249,1114.0,20654.0
0.249,2716.0,130312.33333333333
0.249,680.0,6415.0
0.249,2268.0,85903.0
0.249,1525.0,22976.0
0.249,2817.6666666666665,86317.66666666667
0.249,2034.5,112500.5
0.249,3500.0,163705.0
0.249,2584.5,80664.5
0.249,1007.5,61576.5
0.249,3500.0,180192.0
0.249,3500.0,231371.0
0.249,3500.0,101205.0
0.249,1553.25,55012.25
0.249,1730.0,107580.0
0.249,1555.0,41890.0
0.249,80.0,97.0
0.249,3500.0,173725.5
0.249,2025.5,68339.0
0.249,1642.6666666666667,39750.666666666664
0.249,2230.0,126974.5
0.249,3500.0,92691.0
0.249,1902.5,78777.5
0.249,1785.5,73970.5
0.249,2374.3333333333335,149014.66666666666
0.249,3500.0,130492.0
0.249,3500.0,79466.0
0.249,112.0,977.0
0.249,2856.25,121663.75
0.249,3500.0,210642.0
0.249,1052.0,28065.0
0.249,3500.0,92287.0
0.249,3500.0,97804.0
0.249,1259.0,39389.666666666664
0.249,2766.3333333333335,146425.33333333334
0.249,1778.0,69663.0
0.249,2314.0,69985.5
0.249,3500.0,257803.0
0.249,2906.75,136498.25
0.249,1528.0,33781.0
0.249,1552.6666666666667,61627.0
0.249,1440.0,65825.0
0.249,1333.0,26314.0
0.249,3500.0,88803.0
0.249,3500.0,163479.5
0.249,2888.5,152201.0
0.249,1742.3333333333333,82899.0
0.249,1679.0,20578.0
0.249,2385.3333333333335,104725.0
0.249,3500.0,143871.33333333334
0.249,3500.0,198052.16666666666
0.249,3500.0,83036.0
0.249,3500.0,169546.0
0.249,1879.0,62278.5
0.249,1406.0,75975.0
0.249,3500.0,128582.5
0.249,2765.6666666666665,147062.0
0.249,2471.0,120978.5
0.25,749.0,9620.0
0.25,2733.6666666666665,114823.66666666667
0.25,1781.5,23707.5
0.25,1585.0,46100.0
0.25,1958.0,85376.33333333333
0.25,2052.5,86280.0
0.25,2060.0,59133.25
0.25,1331.0,37767.0
0.25,3500.0,152908.0
0.25,1396.0,38764.5
0.25,2959.6666666666665,130148.66666666667
0.25,77.0,408.0
0.25,2353.0,86701.33333333333
0.25,1781.0,45362.5
0.25,3500.0,114291.0
0.25,1142.0,20562.0
0.25,2673.6666666666665,87013.33333333333
0.25,2898.25,138487.75
0.25,2357.0,56941.0
0.25,3500.0,93274.0
0.25,1524.6666666666667,100199.0
0.25,1040.0,22554.0
0.25,1086.75,50796.5
0.25,2267.0,54271.0
0.25,1681.3333333333333,60153.333333333336
0.25,1261.0,11338.0
0.25,1987.6666666666667,59428.333333333336
0.25,3500.0,85015.0
0.25,2819.0,127257.5
0.25,1103.0,10821.0
0.25,2672.0,124778.66666666667
0.25,2355.6666666666665,98983.33333333333
0.25,3500.0,111091.0
0.25,2733.0,109354.5
0.25,2833.6666666666665,149562.33333333334
0.25,3500.0,129726.0
0.25,2716.6666666666665,169464.33333333334
0.25,1622.0,49092.5
0.25,2343.0,39431.5
0.25,3500.0,210563.0
0.25,1817.0,98921.66666666667
0.25,3500.0,127300.0
0.25,2702.75,81855.5
0.25,3500.0,136181.0
0.25,1676.3333333333333,52028.0
0.25,3500.0,158285.0
0.25,1346.5,50027.5
0.25,2029.0,104676.0
0.25,2677.6666666666665,117460.33333333333
0.25,1269.75,51390.75
0.25,1973.5,110492.0
0.25,1031.0,20738.0
0.25,3500.0,190744.0
0.25,3500.0,70395.0
0.25,2099.3333333333335,85309.66666666667
0.25,1879.0,119669.5
0.25,1082.0,38308.0
0.25,3500.0,170369.5
0.25,3500.0,141759.0
0.25,158.0,4195.0
0.25,2945.0,94353.33333333333
0.25,170.0,1027.0
0.25,3500.0,175990.0
0.25,1786.5,112276.5
0.25,1392.0,20811.0
0.25,3500.0,194033.5
0.25,2254.5,61009.5
0.25,3500.0,195651.33333333334
0.25,3500.0,145596.0
0.25,2933.5,111848.66666666667
0.25,3500.0,131937.0
0.25,809.0,12954.0
0.25,2663.75,121298.25
0.25,3500.0,144534.0
0.25,3500.0,169196.66666666666
0.25,3500.0,182567.2
0.25,1454.5,70493.0
0.25,3500.0,188801.0
0.25,3500.0,124368.0
0.25,3500.0,54981.0
0.25,2028.0,60281.0
0.251,2375.0,75033.8
0.251,2793.3333333333335,163398.33333333334
0.251,3500.0,177218.0
0.251,3500.0,162487.5
0.251,527.0,12189.0
0.251,3500.0,143927.0
0.251,3500.0,235404.0
0.251,2767.3333333333335,121889.0
0.251,1453.0,41785.0
0.251,3500.0,109300.0
0.251,421.0,5951.0
0.251,3500.0,161382.0
0.251,3500.0,200635.0
0.251,2438.6666666666665,89079.66666666667
0.251,3500.0,255429.0
0.251,3500.0,96500.0
0.251,3500.0,229571.0
0.251,3029.0,128582.0
0.251,3500.0,101965.0
0.251,2300.5,68987.5
0.251,3500.0,127360.0
0.251,3500.0,152251.0
0.251,3500.0,100417.0
0.251,1769.3333333333333,60634.0
0.251,2633.0,122657.5
0.251,2362.3333333333335,81670.33333333333
0.251,3500.0,151130.0
0.251,2692.6666666666665,94549.33333333333
0.251,1537.0,61380.0
0.251,3500.0,167825.0
0.251,3500.0,90219.66666666667
0.251,3500.0,252586.5
0.251,2371.3333333333335,140295.33333333334
0.251,3500.0,170603.0
0.251,1535.0,60455.0
0.251,3500.0,94942.0
0.251,97.0,98.0
0.251,3500.0,130179.0
0.251,2427.0,144882.33333333334
0.251,3500.0,242012.0
0.251,88.0,202.0
0.251,3500.0,117782.0
0.251,3500.0,138473.5
0.251,3500.0,174297.0
0.251,3500.0,161940.0
0.251,2438.6666666666665,112856.66666666667
0.251,575.0,33384.0
0.251,476.3333333333333,18072.666666666668
0.251,3500.0,115433.0
0.251,3500.0,163615.0
0.251,3500.0,131885.0
0.251,3500.0,111788.5
0.251,319.5,2025.0
0.251,3500.0,209994.0
0.251,3500.0,111799.0
0.251,548.0,5445.0
0.251,1834.6,53342.6
0.251,2457.5,97202.5
0.251,841.3333333333334,22493.666666666668
0.251,3500.0,238810.0
0.251,1046.0,37167.0
0.251,108.5,735.5
0.251,1993.0,70216.0
0.251,3500.0,146036.0
0.251,440.0,5896.0
0.251,3500.0,91500.0
0.251,3500.0,151375.5
0.251,3500.0,196499.0
0.251,1289.6666666666667,22612.333333333332
0.251,2270.0,47530.0
0.251,2161.25,79544.0
0.251,1331.0,44228.0
0.251,1571.0,87755.66666666667
0.251,2392.0,114016.0
0.251,1917.3333333333333,87842.66666666667
0.251,2837.6666666666665,108820.0
0.251,2232.75,105208.0
0.251,3500.0,217721.0
0.251,3500.0,156751.0
0.252,66.0,700.0
0.252,3500.0,160858.0
0.252,2429.6666666666665,144399.0
0.252,2144.2,78758.8
0.252,66.0,174.0
0.252,3500.0,94155.0
0.252,61.0,475.0
0.252,614.0,8200.0
0.252,1213.0,33686.0
0.252,3500.0,194632.5
0.252,3500.0,171357.0
0.252,2008.5,54727.5
0.252,3500.0,258951.0
0.252,3500.0,195066.0
0.252,57.0,396.0
0.252,3500.0,76970.0
0.252,3500.0,149718.0
0.252,2913.25,134228.25
0.252,3500.0,95313.0
0.252,3500.0,206200.0
0.252,2436.8,112495.2
0.252,3500.0,140831.5
0.252,583.0,15867.5
0.252,3500.0,242455.0
0.252,3500.0,152326.0
0.252,1796.0,62866.5
0.252,2680.0,128885.5
0.252,3500.0,85924.0
0.252,3020.3333333333335,91325.33333333333
0.252,3500.0,128319.0
0.252,3013.6666666666665,134076.0
0.252,877.5,20984.0
0.252,3500.0,128694.5
0.252,3500.0,108036.5
0.252,455.0,2806.0
0.252,1501.0,47760.0
0.252,1798.0,55865.0
0.252,2698.5,103484.0
0.252,958.0,46767.0
0.252,2731.0,126300.0
0.252,2012.0,76225.0
0.252,1782.0,119589.0
0.252,3500.0,176640.0
0.252,767.0,16447.0
0.252,1582.25,82821.5
0.252,2209.6666666666665,92894.66666666667
0.252,2400.0,64426.0
0.252,3500.0,224497.0
0.252,3500.0,113404.0
0.252,2495.5,105992.5
0.252,2269.0,120970.75
0.252,3500.0,76163.0
0.252,2774.0,176100.5
0.252,3500.0,205682.0
0.252,3500.0,160155.0
0.252,3500.0,234959.0
0.252,2721.0,92340.75
0.252,2284.0,78087.0
0.252,1574.0,35695.333333333336
0.252,1012.0,27034.5
0.252,1231.0,32980.0
0.252,3500.0,128127.0
0.252,406.5,14463.5
0.252,201.0,1138.5
0.252,3500.0,269535.0
0.252,3500.0,175647.75
0.252,3500.0,150685.0
0.252,2528.75,72557.0
0.252,1309.0,11447.0
0.252,3500.0,162948.0
0.252,284.5,4576.0
0.252,3500.0,141380.5
0.252,1212.0,22992.0
0.252,3500.0,159690.33333333334
0.252,3500.0,172580.33333333334
0.252,1550.6666666666667,28335.333333333332
0.252,3500.0,258456.0
0.252,1443.25,48390.5
0.253,3500.0,150714.0
0.253,2518.0,108659.0
0.253,1806.5,51746.5
0.253,2705.6666666666665,113736.0
0.253,2781.6666666666665,96109.66666666667
0.253,697.0,19272.5
0.253,1759.2,35990.8
0.253,1930.0,34515.0
0.253,1765.5,112120.0
0.253,3500.0,113825.0
0.253,2079.3333333333335,58098.666666666664
0.253,3500.0,205971.0
0.253,1881.0,36968.0
0.253,3500.0,186513.0
0.253,1782.0,103048.5
0.253,2265.5,106568.5
0.253,3500.0,142540.5
0.253,1797.0,114680.5
0.253,2521.0,95170.0
0.253,529.0,9720.0
0.253,3500.0,185224.33333333334
0.253,3500.0,150820.0
0.253,2655.0,122373.33333333333
0.253,1789.5,75840.0
0.253,3500.0,100575.0
0.253,2098.0,38448.0
0.253,3500.0,125310.66666666667
0.253,1593.0,30268.0
0.253,83.0,91.0
0.253,285.0,3418.0
0.253,2410.0,60837.5
0.253,3500.0,168734.5
0.253,2574.8333333333335,75352.33333333333
0.253,3500.0,147145.0
0.253,3500.0,111224.0
0.253,349.0,5574.0
0.253,3500.0,140379.0
0.253,2598.0,48522.0
0.253,3500.0,203389.5
0.253,1057.0,14670.0
0.253,1568.0,24526.0
0.253,2005.0,86990.0
0.253,2395.5,105530.0
0.253,803.0,8237.0
0.253,1945.0,88161.0
0.253,3500.0,146420.33333333334
0.253,2022.0,87167.0
0.253,2766.6666666666665,78965.66666666667
0.253,2398.5,54374.5
0.253,3500.0,217171.5
0.253,361.0,7104.0
0.253,2494.6666666666665,130399.0
0.253,3500.0,172301.0
0.253,1382.0,38328.5
0.253,1822.5,121229.0
0.253,3500.0,104281.5
0.253,3500.0,173361.0
0.253,1886.0,131288.0
0.253,2999.5,154111.25
0.253,3500.0,40999.0
0.253,3500.0,82312.0
0.253,1616.0,72409.33333333333
0.253,2353.25,89456.0
0.253,3256.0,127537.0
0.253,1358.0,55049.333333333336
0.253,64.0,505.0
0.253,565.0,21123.0
0.253,1378.0,52804.0
0.253,2274.6666666666665,90756.0
0.253,2478.5,64724.0
0.253,1726.0,53504.0
0.253,2481.6666666666665,145097.66666666666
0.253,3500.0,121036.0
0.253,2180.0,112516.5
0.253,3128.0,117387.25
0.253,2811.6,138172.0
0.253,1591.0,93537.0
0.254,360.0,3176.0
0.254,2972.3333333333335,143327.66666666666
0.254,2353.0,133386.33333333334
0.254,3500.0,135827.0
0.254,1068.0,26105.0
0.254,2111.8,54957.6
0.254,3500.0,234218.0
0.254,708.5,22844.5
0.254,3500.0,107194.0
0.254,2907.0,81377.0
0.254,2085.0,88275.0
0.254,3042.4,122482.6
0.254,752.0,8833.0
0.254,3500.0,93954.0
0.254,3500.0,121843.5
0.254,3500.0,84283.0
0.254,2579.5,140538.0
0.254,3500.0,245120.0
0.254,1043.0,43861.0
0.254,3500.0,141588.5
0.254,2363.0,95859.5
0.254,1912.5,52952.5
0.254,3500.0,112344.5
0.254,1088.0,9766.0
0.254,3500.0,123220.0
0.254,2475.0,116444.0
0.254,1354.3333333333333,54081.666666666664
0.254,1234.0,49747.0
0.254,64.0,732.0
0.254,1892.0,75962.0
0.254,3500.0,252964.0
0.254,2646.0,91701.5
0.254,3500.0,173810.0
0.254,3500.0,157406.0
0.254,3500.0,244402.0
0.254,2670.0,60255.666666666664
0.254,945.6666666666666,13885.0
0.254,2329.5,42369.5
0.254,2089.0,82778.0
0.254,3500.0,127899.0
0.254,1063.0,12543.0
0.254,3500.0,114615.0
0.254,3500.0,109730.33333333333
0.254,2223.25,76014.25
0.254,2513.6666666666665,134735.0
0.254,1800.5,61208.5
0.254,3500.0,76156.5
0.254,3500.0,90825.0
0.254,3500.0,134975.0
0.254,876.3333333333334,23036.0
0.254,3500.0,75173.0
0.254,3500.0,143559.5
0.254,3500.0,240145.0
0.254,3500.0,237795.0
0.254,2272.0,61732.5
0.254,1201.0,17666.0
0.254,3500.0,209885.0
0.254,3500.0,127886.5
0.254,1524.0,25244.0
0.254,3500.0,108320.0
0.254,1003.0,24320.0
0.254,3500.0,193575.0
0.254,3500.0,233432.0
0.254,3500.0,177402.0
0.254,3500.0,123830.0
0.254,3500.0,183349.0
0.254,65.0,714.0
0.254,3500.0,234431.0
0.254,1916.0,66659.33333333333
0.254,3500.0,147122.0
0.254,3500.0,144372.5
0.254,3500.0,168167.0
0.254,3500.0,146564.0
0.254,1781.5,44169.5
0.254,2426.0,151286.0
0.254,2326.0,78508.5
0.254,3500.0,277383.0
0.254,2535.0,95806.0
0.254,3500.0,134869.0
0.254,954.3333333333334,28643.0
0.255,3014.2,150537.2
0.255,3500.0,160426.5
0.255,2363.3333333333335,88330.0
0.255,2696.3333333333335,90879.33333333333
0.255,1586.3333333333333,31811.333333333332
0.255,1929.5,77119.5
0.255,1718.4,61207.2
0.255,1892.5,46008.5
0.255,3500.0,96375.0
0.255,1175.0,23870.0
0.255,3500.0,90132.0
0.255,3500.0,224867.0
0.255,1211.5,22056.0
0.255,1795.0,84694.0
0.255,105.0,271.0
0.255,2017.0,86283.0
0.255,3500.0,108648.0
0.255,1417.0,58341.25
0.255,3500.0,95805.0
0.255,3500.0,158765.0
0.255,2161.75,112796.25
0.255,2718.25,133437.5
0.255,1022.5,14699.0
0.255,3500.0,214908.66666666666
0.255,3500.0,203778.0
0.255,3500.0,229725.0
0.255,1792.5,86382.0
0.255,1810.5,68799.0
0.255,2027.0,44011.0
0.255,1781.5,120621.0
0.255,2019.5,61098.0
0.255,3500.0,131798.5
0.255,2024.0,81805.66666666667
0.255,230.0,2356.0
0.255,3500.0,97968.5
0.255,236.0,5937.0
0.255,1794.0,70186.0
0.255,1275.5,40954.0
0.255,1798.0,40750.5
0.255,1540.0,92714.0
0.255,3500.0,130965.33333333333
0.255,3500.0,88487.0
0.255,1580.0,81479.33333333333
0.255,1894.5,88298.5
0.255,2910.25,127298.25
0.255,745.6,21709.2
0.255,2320.5,114890.0
0.255,3500.0,184973.0
0.255,2312.5,92577.5
0.255,3500.0,163222.0
0.255,2305.0,56647.0
0.255,1057.0,10021.0
0.255,2730.6666666666665,129472.66666666667
0.255,3500.0,170345.0
0.255,2593.6666666666665,146797.66666666666
0.255,69.0,710.0
0.255,1256.0,34623.0
0.255,3500.0,113456.0
0.255,1141.0,21322.0
0.255,2724.25,157385.25
0.255,2753.6666666666665,123799.33333333333
0.255,3500.0,150178.0
0.255,3500.0,150754.0
0.255,1109.0,36418.0
0.255,3500.0,148473.33333333334
0.255,2761.2,67550.0
0.255,3500.0,110365.5
0.255,1554.0,64023.5
0.255,2344.5,98960.0
0.255,2633.5,178158.5
0.255,2330.4,101059.6
0.255,1172.0,26029.0
0.255,848.0,23348.0
0.255,2529.6666666666665,114543.66666666667
0.255,1825.0,63890.0
0.255,100.0,266.0
0.255,123.0,263.0
0.255,2650.5,143852.5
0.255,2568.0,166211.66666666666
0.255,3500.0,124876.0
0.255,1000.0,19736.0
0.256,1799.0,50267.5
0.256,57.0,61.0
0.256,3500.0,124698.0
0.256,3500.0,117811.0
0.256,1363.3333333333333,37157.0
0.256,565.0,7626.0
0.256,1081.0,32021.0
0.256,1543.3333333333333,51922.666666666664
0.256,2252.0,93368.5
0.256,2770.6666666666665,134692.66666666666
0.256,3500.0,107832.0
0.256,3500.0,130357.0
0.256,2023.0,44369.5
0.256,3500.0,95971.5
0.256,1436.0,68991.0
0.256,449.0,17009.0
0.256,1004.0,23591.0
0.256,1617.0,35668.333333333336
0.256,2672.75,99345.25
0.256,3500.0,138615.0
0.256,1918.0,34756.0
0.256,3500.0,182939.0
0.256,550.0,10920.0
0.256,2640.5,66506.5
0.256,3500.0,158415.0
0.256,3500.0,84157.0
0.256,73.0,839.0
0.256,3500.0,223023.0
0.256,3500.0,262728.0
0.256,1593.75,39690.25
0.256,2640.0,104218.5
0.256,2105.75,75689.5
0.256,3500.0,140901.0
0.256,2714.5,144915.5
0.256,3039.25,156152.5
0.256,1334.0,29886.666666666668
0.256,2447.75,102186.5
0.256,3500.0,95276.0
0.256,1975.6666666666667,70091.0
0.256,778.0,3939.0
0.256,1337.5,42084.5
0.256,3500.0,151470.0
0.256,2596.6,125962.0
0.256,505.0,5834.0
0.256,2380.5,81679.0
0.256,605.0,11912.0
0.256,3500.0,133015.0
0.256,2433.5,74427.5
0.256,3500.0,159867.0
0.256,3500.0,107737.5
0.256,1804.5,77065.0
0.256,2321.5,128289.0
0.256,2194.0,100038.0
0.256,3500.0,276917.0
0.256,3500.0,117266.5
0.256,1274.0,29286.0
0.256,3500.0,234947.0
0.256,2899.5,143839.25
0.256,2343.5,92524.0
0.256,2032.0,72102.0
0.256,3500.0,125739.0
0.256,3500.0,125645.66666666667
0.256,3500.0,113205.0
0.256,1780.0,39969.0
0.256,1868.0,30668.0
0.256,2948.0,111883.0
0.256,1702.0,43172.5
0.256,2412.0,89319.66666666667
0.256,1536.0,65150.333333333336
0.256,2439.0,84165.0
0.256,479.0,4048.0
0.256,3500.0,152431.0
0.256,3500.0,124986.5
0.256,2339.0,81162.75
0.256,2161.0,65814.5
0.256,3500.0,217153.0
0.256,1040.0,61356.5
0.257,3500.0,88132.2
0.257,190.0,1369.0
0.257,3500.0,165302.5
0.257,1782.5,91379.5
0.257,1180.0,41577.8
0.257,2273.5,57951.5
0.257,1362.0,32881.0
0.257,3500.0,306360.0
0.257,2848.0,103880.33333333333
0.257,2296.5,77161.5
0.257,1110.0,21935.0
0.257,3500.0,91580.0
0.257,3500.0,91218.0
0.257,2380.3333333333335,88159.66666666667
0.257,75.0,265.0
0.257,3500.0,190416.0
0.257,1462.3333333333333,61416.0
0.257,2404.5,113814.0
0.257,751.5,6294.0
0.257,342.0,2795.0
0.257,1005.5,32149.0
0.257,2734.5,151149.5
0.257,3500.0,72716.0
0.257,2317.0,86719.0
0.257,796.5,17077.5
0.257,1221.0,11457.0
0.257,3500.0,167308.0
0.257,3500.0,146390.2
0.257,1796.0,111112.5
0.257,683.75,18074.25
0.257,1981.5,52999.0
0.257,2694.1666666666665,109250.83333333333
0.257,2249.5,99319.5
0.257,770.5,28254.0
0.257,1059.0,23465.0
0.257,3500.0,133455.0
0.257,99.0,788.0
0.257,1752.0,55820.333333333336
0.257,1095.5,16756.5
0.257,2969.0,111897.33333333333
0.257,1570.0,62819.25
0.257,1337.0,18225.0
0.257,1653.4,62077.8
0.257,1981.5,133366.0
0.257,1789.0,73187.5
0.257,1831.5,54471.0
0.257,1668.75,60406.75
0.257,3500.0,79543.0
0.257,1792.0,62162.5
0.257,3500.0,127881.0
0.257,3013.5,117001.0
0.257,76.0,602.0
0.257,3500.0,151329.0
0.257,3500.0,187063.0
0.257,3500.0,152485.0
0.257,1571.0,82330.0
0.257,280.6666666666667,3238.6666666666665
0.257,3500.0,145907.0
0.257,68.0,98.0
0.257,3500.0,123981.0
0.257,1582.0,43259.0
0.257,3500.0,225798.0
0.257,696.5,9136.0
0.257,3500.0,149144.66666666666
0.257,1800.0,82395.5
0.257,1207.0,59378.666666666664
0.257,605.0,7236.5
0.257,2306.0,122698.0
0.257,3500.0,111343.0
0.257,2287.5,99501.0
0.257,2233.2,86480.2
0.257,2781.6666666666665,93107.66666666667
0.257,2084.25,69066.5
0.257,3500.0,190579.0
0.257,791.6666666666666,17296.666666666668
0.257,1888.4,89085.6
0.257,2312.25,59910.75
0.257,3500.0,81031.0
0.258,2597.6,94438.2
0.258,1971.4,67120.8
0.258,3500.0,137594.0
0.258,3500.0,207337.0
0.258,1924.5,106875.0
0.258,3500.0,152339.0
0.258,2018.0,103625.0
0.258,1302.6666666666667,52949.0
0.258,3500.0,190358.0
0.258,3500.0,113408.0
0.258,1417.0,79061.0
0.258,1375.3333333333333,44350.333333333336
0.258,65.0,569.0
0.258,2301.5,66884.0
0.258,3500.0,149568.5
0.258,121.0,946.0
0.258,443.0,10490.0
0.258,2354.0,77773.33333333333
0.258,3500.0,144028.0
0.258,2069.25,91055.5
0.258,3500.0,171222.0
0.258,2001.0,130588.5
0.258,3500.0,167157.0
0.258,3500.0,150952.0
0.258,3500.0,121499.0
0.258,1052.0,31998.0
0.258,2150.0,67555.5
0.258,261.0,726.0
0.258,2621.5,118217.5
0.258,3500.0,211443.0
0.258,1222.0,38803.0
0.258,2573.5,65526.5
0.258,1691.0,68933.33333333333
0.258,2364.0,145145.33333333334
0.258,2217.5,124225.5
0.258,1011.0,35419.0
0.258,1800.5,56593.0
0.258,71.0,79.0
0.258,3500.0,97480.0
0.258,1315.5,50302.0
0.258,2649.0,65327.25
0.258,1917.0,48775.0
0.258,3500.0,174040.33333333334
0.258,3500.0,195361.5
0.258,3500.0,165804.0
0.258,2450.5,102860.0
0.258,1782.5,54512.5
0.258,2473.5,97532.0
0.258,946.0,29933.0
0.258,3500.0,145650.5
0.258,3500.0,156105.0
0.258,3500.0,91200.0
0.258,2409.0,83599.0
0.258,2709.6666666666665,105959.33333333333
0.258,3500.0,125333.66666666667
0.258,3500.0,98179.0
0.258,3500.0,131723.0
0.258,1220.6666666666667,34148.0
0.258,1131.5,73044.75
0.258,3500.0,151315.0
0.258,3500.0,162091.5
0.258,197.0,3428.0
0.258,1922.6666666666667,78018.66666666667
0.258,1881.0,43741.5
0.258,3500.0,114641.0
0.258,1405.0,26049.0
0.258,1481.0,47972.0
0.258,3500.0,86769.0
0.258,1873.0,129927.0
0.258,2039.75,97637.75
0.259,2735.5,86041.0
0.259,2666.8,110145.2
0.259,2043.3333333333333,83520.0
0.259,3500.0,255360.0
0.259,3500.0,216071.0
0.259,1404.6666666666667,60490.333333333336
0.259,3500.0,187443.66666666666
0.259,2445.6666666666665,96375.33333333333
0.259,3500.0,151864.0
0.259,1526.6666666666667,56779.0
0.259,3500.0,136026.0
0.259,3500.0,185342.0
0.259,2243.0,58698.75
0.259,3500.0,110248.0
0.259,1883.0,118873.0
0.259,2384.0,89306.33333333333
0.259,2428.5,81751.5
0.259,3500.0,163147.0
0.259,3500.0,255623.0
0.259,3500.0,147974.0
0.259,1432.0,42024.0
0.259,2444.25,84505.75
0.259,2294.5,87452.0
0.259,1641.6666666666667,44897.666666666664
0.259,1784.0,84478.0
0.259,3000.6666666666665,138248.0
0.259,67.0,747.0
0.259,1469.5,67420.0
0.259,85.5,140.0
0.259,1805.0,79822.5
0.259,3500.0,249602.0
0.259,3500.0,131279.5
0.259,1890.0,49919.5
0.259,333.0,8416.5
0.259,1454.0,29190.0
0.259,2326.0,48540.0
0.259,1546.5,56768.25
0.259,1213.0,27566.0
0.259,3500.0,158991.0
0.259,1119.0,18794.0
0.259,3500.0,159313.0
0.259,2475.0,97666.0
0.259,1693.0,43213.0
0.259,3500.0,187719.5
0.259,3500.0,145834.0
0.259,3500.0,133399.0
0.259,794.3333333333334,13919.333333333334
0.259,2783.0,120876.0
0.259,3500.0,188570.0
0.259,2045.6,63209.4
0.259,2789.5,99697.0
0.259,1861.0,44381.0
0.259,3500.0,136773.0
0.259,1838.5,111184.0
0.259,1006.0,15830.0
0.259,2641.75,104452.5
0.259,3500.0,98309.0
0.259,2653.6666666666665,158619.66666666666
0.259,684.5,7359.5
0.259,2709.6666666666665,129388.66666666667
0.259,3500.0,196944.0
0.259,91.0,1744.3333333333333
0.259,330.0,9934.0
0.259,1808.0,90239.0
0.259,1304.0,27706.0
0.259,93.0,112.0
0.259,1902.75,68798.75
0.259,231.0,1640.0
0.259,134.0,926.5
0.259,1804.0,49673.333333333336
0.259,67.0,690.0
0.259,222.0,1547.0
0.259,3500.0,100271.0
0.259,3500.0,138650.5
0.259,772.0,10478.0
0.259,1640.5,46451.0
0.259,1400.3333333333333,61699.666666666664
0.259,466.0,6316.0
0.26,1917.5,130531.5
0.26,3500.0,119880.0
0.26,3500.0,165791.0
0.26,1217.0,25077.0
0.26,2597.5,123956.33333333333
0.26,2960.3333333333335,66222.0
0.26,3500.0,154158.5
0.26,2877.25,142640.75
0.26,3500.0,203770.0
0.26,3500.0,179877.33333333334
0.26,3500.0,201881.66666666666
0.26,481.0,3873.0
0.26,3500.0,152203.0
0.26,1447.5,81934.5
0.26,409.5,11813.5
0.26,1497.0,29147.0
0.26,3500.0,177320.0
0.26,2354.5,117470.0
0.26,3500.0,165396.5
0.26,2257.5,90665.5
0.26,3500.0,139888.66666666666
0.26,2512.8,78998.4
0.26,320.0,5730.0
0.26,3025.0,132037.33333333334
0.26,1585.0,66869.0
0.26,2206.0,76588.0
0.26,332.0,2590.0
0.26,3500.0,157916.0
0.26,3500.0,181705.0
0.26,3500.0,201510.0
0.26,1596.0,61702.0
0.26,1382.0,48618.0
0.26,603.3333333333334,17660.0
0.26,816.5,14917.5
0.26,1796.25,99555.25
0.26,2393.0,60206.5
0.26,3500.0,113876.0
0.26,1780.5,33883.0
0.26,467.0,9791.0
0.26,2611.0,107043.5
0.26,3500.0,155853.0
0.26,816.5,14468.5
0.26,712.6666666666666,14524.666666666666
0.26,3500.0,168070.0
0.26,3500.0,187007.0
0.26,3500.0,115727.0
0.26,1833.5,48018.5
0.26,3500.0,156735.5
0.26,3500.0,80607.0
0.26,1229.5,32552.5
0.26,1531.0,56372.5
0.26,134.0,151.0
0.26,1009.0,11997.0
0.26,2025.0,80022.66666666667
0.26,2685.0,103850.66666666667
0.26,3500.0,131471.0
0.26,3500.0,164752.0
0.26,3500.0,134769.0
0.26,1711.6666666666667,51410.666666666664
0.26,3500.0,190622.0
0.26,3500.0,112557.5
0.26,3500.0,130627.5
0.26,590.6666666666666,6164.666666666667
0.26,3500.0,151731.0
0.26,1732.0,32893.0
0.26,577.0,14069.5
0.26,215.5,1650.5
0.26,1843.4,54306.0
0.26,731.0,17283.0
0.26,443.0,6973.0
0.26,3500.0,201796.0
0.261,1893.5,51791.5
0.261,2408.5,97295.5
0.261,1385.6666666666667,39628.333333333336
0.261,2338.5,64340.5
0.261,3500.0,111684.0
0.261,3500.0,113434.75
0.261,1048.0,36570.666666666664
0.261,3500.0,113829.66666666667
0.261,2308.5,121038.0
0.261,685.0,24432.0
0.261,3500.0,100759.0
0.261,3500.0,146603.0
0.261,2889.6666666666665,116373.0
0.261,2655.5,162463.5
0.261,3500.0,195268.0
0.261,301.6666666666667,5288.0
0.261,248.0,2922.0
0.261,1454.0,22599.0
0.261,2278.5,124280.5
0.261,3500.0,69692.0
0.261,3500.0,78789.0
0.261,1797.0,103976.0
0.261,3500.0,140763.66666666666
0.261,3500.0,91220.0
0.261,1753.25,57526.25
0.261,571.5,9021.0
0.261,3500.0,257293.0
0.261,1876.75,40868.75
0.261,2521.6666666666665,83834.66666666667
0.261,3500.0,177920.0
0.261,1917.25,57719.0
0.261,2270.5,38579.5
0.261,1661.0,67400.5
0.261,3500.0,113050.0
0.261,1564.0,36355.5
0.261,3500.0,85705.0
0.261,3500.0,220640.0
0.261,3500.0,261604.0
0.261,3500.0,176737.0
0.261,3500.0,209714.0
0.261,2579.6666666666665,141113.66666666666
0.261,3500.0,171543.0
0.261,321.0,5238.0
0.261,2057.25,72731.25
0.261,1791.0,99979.0
0.261,583.5,24229.0
0.261,107.5,275.5
0.261,68.0,287.6666666666667
0.261,229.5,2280.5
0.261,1497.6666666666667,54275.333333333336
0.261,121.0,180.0
0.261,1780.0,120334.0
0.261,2266.5,103476.5
0.261,1657.0,58062.0
0.261,2628.0,64779.0
0.261,1128.5,39708.5
0.261,2402.5,90189.0
0.261,1558.6666666666667,66289.66666666667
0.261,840.0,13836.0
0.261,85.0,644.0
0.261,2326.5,57399.5
0.261,2153.5,52524.0
0.261,1872.5,78044.5
0.261,3500.0,209247.0
0.261,66.0,757.0
0.261,3500.0,210155.0
0.261,3500.0,107718.0
0.261,3500.0,149464.5
0.261,1782.0,112537.5
0.261,2949.6666666666665,118317.33333333333
0.261,3500.0,174846.0
0.261,3500.0,93172.66666666667
0.261,2050.5,60994.5
0.261,2270.5,54654.0
0.261,1927.6666666666667,36890.666666666664
0.261,3500.0,142999.66666666666
0.262,3500.0,121548.0
0.262,3500.0,168308.5
0.262,2365.0,117321.0
0.262,3500.0,166773.0
0.262,1063.0,20614.0
0.262,2659.6666666666665,131703.0
0.262,2382.4,115210.8
0.262,3500.0,167238.0
0.262,2648.75,124258.5
0.262,3500.0,147688.5
0.262,2056.6666666666665,74990.0
0.262,1917.0,52027.333333333336
0.262,3500.0,210384.0
0.262,3500.0,106568.0
0.262,3500.0,141347.0
0.262,1794.0,55471.0
0.262,2431.0,140190.5
0.262,249.0,1788.0
0.262,2614.5,107554.75
0.262,1081.0,33889.0
0.262,736.0,25029.0
0.262,3014.0,146677.0
0.262,187.5,1265.5
0.262,1286.0,27804.75
0.262,3500.0,110848.5
0.262,2744.3333333333335,99293.33333333333
0.262,1256.0,39021.0
0.262,67.0,790.0
0.262,1796.5,85982.5
0.262,1337.0,36605.0
0.262,3500.0,102738.0
0.262,2449.5,83368.5
0.262,3500.0,139648.0
0.262,2353.25,123813.0
0.262,1938.0,73858.25
0.262,2754.5,114097.5
0.262,2407.0,131108.0
0.262,2250.0,81610.5
0.262,3500.0,215477.0
0.262,3500.0,137175.0
0.262,3500.0,197423.0
0.262,329.0,4454.0
0.262,1090.3333333333333,25466.666666666668
0.262,3500.0,153597.0
0.262,1145.0,23918.0
0.262,1132.75,38702.0
0.262,110.0,1723.0
0.262,1644.6666666666667,85535.66666666667
0.262,3500.0,130925.0
0.262,3500.0,148071.0
0.262,2596.0,88657.5
0.262,341.75,5538.0
0.262,2904.25,110365.75
0.262,3500.0,213593.0
0.262,1584.5,55912.0
0.262,223.0,3302.0
0.262,1282.25,67865.0
0.262,665.5,7596.5
0.262,3500.0,94625.0
0.262,594.0,30629.5
0.262,2289.0,126325.0
0.262,3500.0,93089.0
0.262,3500.0,249372.0
0.262,3500.0,225717.0
0.262,2023.5,73453.0
0.262,294.5,2408.5
0.262,3500.0,130130.0
0.262,2429.0,144085.0
0.262,3500.0,127174.0
0.262,3500.0,151530.0
0.262,2288.3333333333335,97527.0
0.262,3500.0,101192.5
0.262,3500.0,217206.0
0.262,841.0,29239.0
0.262,3500.0,312806.0
0.262,2276.5,52572.5
0.262,122.0,138.0
0.262,3500.0,171991.0
0.262,1877.0,53132.5
0.263,3500.0,179572.0
0.263,1308.0,56598.75
0.263,3500.0,132410.0
0.263,366.0,2532.0
0.263,124.0,140.0
0.263,3500.0,150306.0
0.263,267.0,741.0
0.263,2741.6666666666665,122392.66666666667
0.263,3500.0,131345.0
0.263,1128.0,26720.0
0.263,78.0,83.0
0.263,2126.0,84691.0
0.263,1844.5,44489.0
0.263,3500.0,145313.0
0.263,1586.0,70308.0
0.263,2595.5,134685.5
0.263,3500.0,128630.0
0.263,3500.0,187069.0
0.263,3500.0,113246.0
0.263,3500.0,175678.0
0.263,3500.0,152064.0
0.263,2741.5,126697.25
0.263,2694.6666666666665,126263.0
0.263,63.0,443.0
0.263,2722.5,108717.0
0.263,788.3333333333334,15180.666666666666
0.263,1876.0,125023.0
0.263,2446.5,135393.5
0.263,3500.0,203301.0
0.263,3500.0,158335.0
0.263,3500.0,139202.0
0.263,2697.0,125861.5
0.263,2577.5,77264.0
0.263,620.0,10227.5
0.263,2324.0,61717.5
0.263,3031.25,131813.0
0.263,1221.6666666666667,52996.333333333336
0.263,2589.5,76364.5
0.263,3500.0,142466.0
0.263,1451.25,60890.0
0.263,1382.5,54277.5
0.263,103.0,105.0
0.263,113.0,331.5
0.263,2405.5,89378.0
0.263,3500.0,225490.0
0.263,543.0,5822.0
0.263,1160.0,49172.666666666664
0.263,3500.0,129243.66666666667
0.263,3500.0,84406.0
0.263,2788.0,86927.66666666667
0.263,3500.0,172121.0
0.263,2345.0,108439.25
0.263,3500.0,112691.0
0.263,2359.0,50936.0
0.263,1678.0,54460.0
0.263,3500.0,94516.0
0.263,3500.0,178750.5
0.263,2997.25,69051.0
0.263,1807.0,37817.0
0.263,2425.0,50811.5
0.263,1044.0,31300.5
0.263,1856.3333333333333,55815.333333333336
0.263,1096.0,14120.0
0.263,2960.0,132135.0
0.263,3500.0,120826.0
0.263,3500.0,81338.5
0.263,1231.6666666666667,30477.666666666668
0.263,1253.6666666666667,50437.666666666664
0.263,1692.2,75058.8
0.263,1107.0,13579.0
0.263,3500.0,137312.0
0.263,806.5,29891.5
0.263,670.0,26087.0
0.264,3500.0,158951.0
0.264,1784.0,39098.5
0.264,1806.0,62144.0
0.264,2077.0,61815.0
0.264,2418.0,134311.0
0.264,2540.0,87400.0
0.264,2665.25,114714.25
0.264,3500.0,215509.5
0.264,3500.0,149836.0
0.264,3500.0,233055.0
0.264,1440.0,49248.0
0.264,3500.0,154277.0
0.264,1057.0,26990.0
0.264,1789.5,37127.0
0.264,1033.0,16142.0
0.264,1751.0,85773.33333333333
0.264,2256.0,75751.0
0.264,1493.0,18748.0
0.264,3500.0,145497.0
0.264,251.0,5401.0
0.264,1958.0,57176.5
0.264,474.0,7018.0
0.264,3500.0,157646.0
0.264,1985.0,84461.0
0.264,2122.5,84039.0
0.264,1111.6666666666667,41624.666666666664
0.264,96.0,724.0
0.264,3500.0,83314.0
0.264,3500.0,162167.5
0.264,3500.0,121045.0
0.264,2458.5,71991.5
0.264,1917.0,36792.0
0.264,1768.5,50538.0
0.264,3500.0,88408.0
0.264,1887.0,55377.0
0.264,1888.5,64883.25
0.264,1235.0,13067.5
0.264,90.0,108.0
0.264,59.0,573.0
0.264,3500.0,171887.0
0.264,3500.0,271267.0
0.264,485.0,5317.0
0.264,458.0,10845.333333333334
0.264,2560.5,112177.0
0.264,2495.6666666666665,88187.66666666667
0.264,2035.25,65950.75
0.264,3500.0,150207.0
0.264,1864.5,57349.0
0.264,1029.0,48082.0
0.264,2554.0,123919.25
0.264,3500.0,203294.0
0.264,1672.6666666666667,62374.666666666664
0.264,3500.0,138885.33333333334
0.264,1782.0,58321.0
0.264,1816.0,129763.5
0.264,1288.0,36694.0
0.264,1795.0,110772.0
0.264,2569.6666666666665,81141.0
0.264,255.0,1183.0
0.264,2476.5,65832.5
0.264,855.0,16221.0
0.264,3500.0,123967.0
0.264,3500.0,97116.0
0.264,3500.0,106420.0
0.264,3500.0,111620.0
0.264,1326.0,38564.0
0.264,1869.0,98774.0
0.264,3500.0,189568.0
0.264,3500.0,77777.5
0.264,1697.0,35194.0
0.264,195.5,3391.5
0.265,695.5,6200.5
0.265,3500.0,120379.0
0.265,112.0,2105.0
0.265,2325.5,50146.0
0.265,3500.0,114675.0
0.265,2673.5,84620.75
0.265,75.0,826.0
0.265,1370.6666666666667,66191.66666666667
0.265,504.6666666666667,8826.0
0.265,2355.0,87714.33333333333
0.265,3500.0,99436.5
0.265,1081.0,28203.0
0.265,3500.0,125099.0
0.265,705.0,18793.5
0.265,2740.5,91275.5
0.265,104.0,200.0
0.265,98.0,771.0
0.265,626.0,21482.5
0.265,2715.3333333333335,120669.66666666667
0.265,493.0,10287.0
0.265,3500.0,126680.0
0.265,3500.0,118506.0
0.265,3500.0,200236.0
0.265,2746.0,40265.5
0.265,2851.0,117934.8
0.265,116.0,980.0
0.265,3500.0,205984.0
0.265,1343.0,31601.0
0.265,1850.0,65425.0
0.265,1669.0,51870.0
0.265,3500.0,260595.0
0.265,1947.3333333333333,92483.0
0.265,1261.0,81028.0
0.265,3500.0,74660.0
0.265,1804.0,19546.0
0.265,3500.0,145201.66666666666
0.265,662.0,14997.5
0.265,2409.75,90177.75
0.265,2958.25,157152.5
0.265,3500.0,226239.0
0.265,3500.0,185074.0
0.265,3500.0,138011.0
0.265,1083.0,50589.0
0.265,2289.5714285714284,107676.0
0.265,2573.0,165452.5
0.265,3500.0,88327.0
0.265,3500.0,169885.5
0.265,3500.0,192902.0
0.265,2185.0,96181.66666666667
0.265,153.5,2497.0
0.265,3500.0,97427.0
0.265,1534.0,67878.0
0.265,789.0,13650.0
0.265,1739.25,51222.5
0.265,1822.5,82071.0
0.265,1796.0,101595.5
0.265,2895.25,133624.75
0.265,3500.0,157433.0
0.265,702.3333333333334,14725.666666666666
0.265,999.0,38542.0
0.265,2274.0,64748.0
0.265,1857.0,135113.5
0.265,2443.6,84227.8
0.265,2003.5,126414.5
0.265,3500.0,161803.0
0.265,3500.0,184343.0
0.265,3500.0,103520.0
0.266,1315.0,39829.0
0.266,72.0,797.0
0.266,2737.6666666666665,103914.0
0.266,3500.0,166061.0
0.266,227.0,1678.0
0.266,3500.0,263195.0
0.266,3500.0,238118.0
0.266,1655.3333333333333,49355.666666666664
0.266,1354.0,32680.75
0.266,2350.5,113801.0
0.266,3500.0,155334.0
0.266,3500.0,124744.0
0.266,3500.0,86594.0
0.266,3500.0,138031.0
0.266,2543.5,76207.0
0.266,3500.0,124391.0
0.266,2659.25,145921.0
0.266,2320.5,64776.5
0.266,1129.0,17523.0
0.266,3500.0,220431.0
0.266,1619.0,14463.0
0.266,1072.6666666666667,21951.333333333332
0.266,1393.0,43961.0
0.266,79.0,107.0
0.266,3500.0,148946.5
0.266,3500.0,96919.0
0.266,3500.0,148699.0
0.266,1820.5,97969.5
0.266,3500.0,268733.0
0.266,1630.0,70991.5
0.266,3500.0,133921.5
0.266,3500.0,164234.0
0.266,1145.0,19761.0
0.266,1570.0,53639.0
0.266,1906.0,45030.0
0.266,1621.0,67178.0
0.266,1835.5,105282.5
0.266,3500.0,184749.5
0.266,1557.5,45220.5
0.266,2264.5,88414.5
0.266,2773.3333333333335,111255.33333333333
0.266,221.0,805.0
0.266,61.0,548.0
0.266,3500.0,190928.0
0.266,2397.5,86144.0
0.266,1208.5,26877.5
0.266,1443.3333333333333,67505.33333333333
0.266,482.0,11492.0
0.266,1822.0,96371.0
0.266,1913.0,44280.0
0.266,3500.0,163942.0
0.266,295.5,4950.5
0.266,3500.0,131131.0
0.266,1129.5,27807.0
0.266,3500.0,98919.0
0.266,1782.0,73288.5
0.266,3500.0,158234.0
0.266,3500.0,51742.0
0.266,2391.0,132231.33333333334
0.266,3500.0,118773.0
0.266,1261.0,24839.0
0.266,1799.0,73807.5
0.266,2493.3333333333335,124780.66666666667
0.266,877.0,13808.333333333334
0.266,2398.5,84547.0
0.266,598.5,13425.5
0.266,3020.3333333333335,129475.33333333333
0.266,1819.5,122556.5
0.266,1511.0,25114.0
0.266,2224.2,84598.2
0.266,3500.0,109129.0
0.266,573.0,31292.5
0.266,1749.5,68166.0
0.266,3500.0,80609.0
0.267,3500.0,197371.25
0.267,3500.0,112417.0
0.267,91.0,720.0
0.267,391.0,16438.5
0.267,1952.0,61692.0
0.267,91.0,1859.0
0.267,2272.5,122958.0
0.267,3500.0,190008.0
0.267,2512.5,98505.5
0.267,2331.5,73208.5
0.267,1783.0,76777.0
0.267,3500.0,235349.0
0.267,3500.0,187362.0
0.267,3500.0,129540.33333333333
0.267,2110.5,88165.5
0.267,3500.0,105254.0
0.267,1215.6666666666667,54072.666666666664
0.267,3500.0,123824.5
0.267,1517.5,26479.5
0.267,1237.0,16587.0
0.267,1749.0,61636.5
0.267,2254.5,65908.5
0.267,3500.0,112034.5
0.267,3500.0,195937.0
0.267,985.5,21988.0
0.267,1172.0,21074.0
0.267,758.5,23536.5
0.267,99.0,104.0
0.267,2281.5,61325.5
0.267,1212.6666666666667,42145.333333333336
0.267,3500.0,271130.0
0.267,1811.0,53426.0
0.267,1549.8,64137.8
0.267,3500.0,162196.0
0.267,3500.0,118491.0
0.267,3500.0,166075.0
0.267,3500.0,122742.5
0.267,700.0,12176.0
0.267,3500.0,90956.0
0.267,1834.5,88862.5
0.267,3500.0,182892.0
0.267,3500.0,165379.0
0.267,3500.0,155888.0
0.267,3500.0,180861.0
0.267,1297.6666666666667,39615.0
0.267,1197.0,35818.0
0.267,1800.0,98827.5
0.267,100.0,105.0
0.267,3500.0,150597.0
0.267,2680.0,147300.66666666666
0.267,3500.0,155292.0
0.267,3500.0,153069.0
0.267,3500.0,206542.5
0.267,2726.3333333333335,57237.333333333336
0.267,1925.3333333333333,64184.666666666664
0.267,1222.0,28394.0
0.267,2597.8,113032.6
0.267,3500.0,113777.0
0.267,3500.0,137429.0
0.267,112.5,1782.5
0.267,1811.0,95519.0
0.267,2252.0,57124.5
0.267,3500.0,219607.0
0.267,3500.0,167159.0
0.267,911.0,20727.0
0.267,3500.0,73112.0
0.268,1005.0,21781.0
0.268,2057.5,98186.75
0.268,3500.0,106068.0
0.268,1351.0,61160.0
0.268,702.0,10022.0
0.268,3500.0,143744.0
0.268,1274.6666666666667,47679.0
0.268,2122.0,103701.0
0.268,1172.0,35582.0
0.268,631.0,20221.5
0.268,433.0,10023.0
0.268,1777.0,102745.0
0.268,1799.0,83452.0
0.268,2275.5,70599.0
0.268,3500.0,109452.0
0.268,2176.5,73940.0
0.268,3500.0,184363.0
0.268,1018.3333333333334,26449.666666666668
0.268,2301.5,131617.5
0.268,2128.5,96974.0
0.268,2029.0,80473.0
0.268,1807.0,92097.0
0.268,3500.0,191685.5
0.268,3500.0,253441.0
0.268,3500.0,175751.0
0.268,3500.0,65858.0
0.268,2657.75,65601.0
0.268,2270.5,115172.0
0.268,3500.0,123856.0
0.268,3500.0,222592.0
0.268,2420.5,151904.5
0.268,3500.0,188140.0
0.268,781.0,11447.0
0.268,1902.0,59966.0
0.268,1921.0,31149.0
0.268,3500.0,152763.0
0.268,1293.0,42771.333333333336
0.268,2380.8,108353.4
0.268,3500.0,156442.0
0.268,2410.0,85487.5
0.268,1194.0,26072.0
0.268,3500.0,166922.0
0.268,3500.0,121330.0
0.268,1527.3333333333333,60913.0
0.268,793.0,24487.5
0.268,3500.0,94919.0
0.268,3500.0,147872.0
0.268,846.0,9711.0
0.268,3500.0,151917.0
0.268,3500.0,223720.0
0.268,1900.5,59677.5
0.268,1552.0,22832.0
0.268,2340.5,147395.0
0.268,2361.5,58632.5
0.268,1263.0,25482.666666666668
0.268,1217.0,20499.5
0.268,3500.0,182807.0
0.268,2329.5,48863.5
0.268,3500.0,116983.0
0.268,544.0,4500.0
0.268,3500.0,140296.0
0.268,1796.6666666666667,80884.33333333333
0.268,2682.0,108676.5
0.268,3500.0,127425.0
0.268,1670.0,35204.0
0.268,2016.0,117097.0
0.268,114.0,1270.0
0.268,795.5,29188.0
0.268,3500.0,109587.0
0.268,3500.0,73589.0
0.268,1937.0,98499.0
0.268,3500.0,232210.0
0.268,3500.0,160111.33333333334
0.268,3500.0,99947.0
0.269,721.6666666666666,12027.333333333334
0.269,2635.75,88442.5
0.269,1789.0,60371.0
0.269,2872.6666666666665,96032.66666666667
0.269,3500.0,125063.0
0.269,2332.5,78023.5
0.269,2413.6666666666665,76563.33333333333
0.269,3500.0,146564.0
0.269,3500.0,142730.0
0.269,1818.5,98013.0
0.269,3500.0,151837.0
0.269,69.0,639.0
0.269,1631.6666666666667,52873.333333333336
0.269,3500.0,52157.0
0.269,228.5,4533.0
0.269,1029.0,12142.0
0.269,60.0,417.0
0.269,2690.3333333333335,113405.0
0.269,1647.0,77997.0
0.269,1033.0,49023.0
0.269,137.0,231.0
0.269,3500.0,87344.0
0.269,100.0,261.0
0.269,98.0,99.0
0.269,3500.0,165470.0
0.269,3500.0,143841.5
0.269,3500.0,134009.0
0.269,1050.0,6511.0
0.269,3500.0,77732.5
0.269,3500.0,81403.0
0.269,3500.0,170271.0
0.269,2821.3333333333335,104379.33333333333
0.269,2058.6666666666665,80889.0
0.269,2368.0,99574.33333333333
0.269,3500.0,181255.0
0.269,3054.5,133239.0
0.269,2506.0,114142.5
0.269,3500.0,181573.0
0.269,856.75,26449.25
0.269,3500.0,213335.0
0.269,673.0,10717.5
0.269,1916.6666666666667,39762.0
0.269,3500.0,103764.0
0.269,3500.0,152273.0
0.269,2386.5,66009.0
0.269,3500.0,153652.0
0.269,1783.0,47464.0
0.269,193.0,420.0
0.269,2320.5,108804.5
0.269,3500.0,117993.0
0.269,2302.5,82734.5
0.269,926.0,27459.0
0.269,3500.0,143145.5
0.269,3500.0,166669.0
0.269,2257.5,48252.5
0.269,134.0,574.5
0.269,1621.0,51099.0
0.269,2777.1666666666665,91582.0
0.269,3500.0,228170.5
0.269,3500.0,279723.0
0.269,2054.8,60555.6
0.269,3500.0,162897.0
0.269,795.0,9820.0
0.269,1286.6666666666667,58689.333333333336
0.269,2355.3333333333335,63037.333333333336
0.269,2999.75,123008.75
0.269,3500.0,151144.0
0.269,3500.0,152144.0
0.269,2332.5,83708.25
0.269,435.0,11993.0
0.27,3500.0,79617.0
0.27,265.0,7458.0
0.27,2884.3333333333335,75786.66666666667
0.27,1535.0,54927.5
0.27,2538.0,104885.5
0.27,2654.3333333333335,135258.0
0.27,429.0,3189.0
0.27,3500.0,189373.0
0.27,1823.0,94498.5
0.27,1381.0,33389.5
0.27,85.0,96.0
0.27,1984.5,120695.5
0.27,1393.0,48062.0
0.27,561.3333333333334,15132.333333333334
0.27,229.0,1716.0
0.27,1833.0,61021.0
0.27,1183.0,44476.0
0.27,1565.5,50376.0
0.27,3500.0,186325.0
0.27,1660.0,23495.0
0.27,768.0,12485.333333333334
0.27,346.0,3450.0
0.27,2580.3333333333335,135091.66666666666
0.27,1767.5,80953.0
0.27,939.6666666666666,12436.0
0.27,2408.0,87868.5
0.27,3500.0,100285.0
0.27,2468.6666666666665,82387.0
0.27,3500.0,165629.0
0.27,65.0,517.0
0.27,3500.0,136248.0
0.27,2463.2,91251.4
0.27,1554.0,74131.5
0.27,2901.0,114540.66666666667
0.27,1780.0,51870.5
0.27,1321.0,42357.0
0.27,3500.0,133843.0
0.27,636.5,16531.0
0.27,3500.0,188938.0
0.27,1781.0,41918.5
0.27,3500.0,103027.0
0.27,726.0,10951.333333333334
0.27,3500.0,161947.0
0.27,2525.5,115166.5
0.27,107.0,1370.5
0.27,217.5,3910.5
0.27,3500.0,102013.0
0.27,254.0,3578.0
0.27,1986.6666666666667,67940.66666666667
0.27,3500.0,191674.0
0.27,2584.5,173505.0
0.27,591.0,9902.0
0.27,3500.0,123988.0
0.27,2329.0,80891.75
0.27,3500.0,234959.0
0.27,1892.0,67263.5
0.27,3500.0,208487.0
0.27,1797.3333333333333,71299.66666666667
0.27,3500.0,104835.0
0.27,1177.0,21828.0
0.27,2275.0,46096.0
0.27,1432.0,65394.333333333336
0.27,2357.5,113965.0
0.27,2353.6666666666665,90012.0
0.27,3500.0,121292.0
0.27,1198.0,64713.0
0.27,1335.0,20345.0
0.27,63.0,567.0
0.27,3500.0,138874.0
0.27,2351.0,141898.5
0.27,2547.5,80729.5
0.271,1191.0,29119.0
0.271,631.0,10728.0
0.271,1558.0,77646.0
0.271,1105.0,24210.0
0.271,3500.0,88331.0
0.271,3500.0,139498.33333333334
0.271,1405.0,38084.0
0.271,1903.5,49143.5
0.271,2511.0,119616.5
0.271,2260.5,40375.5
0.271,2380.5,118660.5
0.271,844.5,29341.5
0.271,53.0,71.0
0.271,2366.0,102144.66666666667
0.271,2294.5,75455.5
0.271,1679.5,51857.0
0.271,2338.0,84852.5
0.271,1117.0,54513.0
0.271,1796.0,40939.333333333336
0.271,1081.0,19773.0
0.271,2325.5,82398.0
0.271,326.0,7486.5
0.271,3500.0,65694.0
0.271,3500.0,165609.0
0.271,3500.0,224710.0
0.271,2365.0,153584.33333333334
0.271,3500.0,167534.0
0.271,1879.6666666666667,56683.0
0.271,1381.3333333333333,64141.0
0.271,2365.0,116432.33333333333
0.271,518.0,7960.5
0.271,2016.0,69259.0
0.271,3500.0,98101.0
0.271,1765.0,48917.0
0.271,3500.0,83008.0
0.271,81.0,1104.0
0.271,3500.0,188505.0
0.271,2680.0,86450.33333333333
0.271,1276.6666666666667,70891.33333333333
0.271,3500.0,203656.0
0.271,64.0,832.0
0.271,3500.0,180944.0
0.271,979.0,19573.0
0.271,1953.0,104319.0
0.271,2633.0,109953.0
0.271,3500.0,198514.0
0.271,654.5,40539.5
0.271,753.6666666666666,14572.666666666666
0.271,465.0,1950.0
0.271,2825.0,119666.33333333333
0.271,793.0,10342.5
0.271,2021.75,91354.25
0.271,1879.0,118787.5
0.271,108.0,136.0
0.271,3500.0,129801.5
0.271,900.5,43609.5
0.271,3500.0,91391.0
0.271,103.0,118.0
0.271,1023.0,61784.0
0.271,1781.5,18978.0
0.271,1175.0,80562.0
0.271,112.0,761.0
0.271,3500.0,102058.0
0.271,1074.0,10247.0
0.272,3500.0,91232.0
0.272,2312.0,128006.0
0.272,2140.5,62888.0
0.272,2738.6666666666665,118917.66666666667
0.272,1919.0,75260.0
0.272,2673.6666666666665,112229.66666666667
0.272,108.0,109.0
0.272,3500.0,84685.0
0.272,2568.5,93585.0
0.272,2277.5,134088.5
0.272,1332.0,37454.0
0.272,351.0,2437.3333333333335
0.272,1346.0,73014.0
0.272,3500.0,129285.0
0.272,1415.0,28327.0
0.272,2321.5,67427.5
0.272,94.0,437.5
0.272,1229.3333333333333,52528.0
0.272,1792.5,35527.5
0.272,2484.5,74746.0
0.272,467.5,17016.5
0.272,3500.0,77101.0
0.272,3018.0,142425.6
0.272,1621.0,62227.0
0.272,3500.0,137144.0
0.272,2455.0,138156.0
0.272,95.0,381.5
0.272,1049.0,9542.0
0.272,1693.0,43732.5
0.272,3500.0,91167.0
0.272,1526.0,41282.0
0.272,106.0,941.0
0.272,3500.0,111269.0
0.272,3500.0,138824.0
0.272,2391.2,87157.4
0.272,3500.0,150772.5
0.272,3500.0,125603.0
0.272,147.5,1530.5
0.272,1006.0,25437.0
0.272,3500.0,137892.0
0.272,967.0,16588.0
0.272,3500.0,152737.75
0.272,3500.0,69144.0
0.272,3500.0,225106.0
0.272,3500.0,145034.5
0.272,364.0,6864.0
0.272,1735.3333333333333,60053.666666666664
0.272,2691.3333333333335,105116.66666666667
0.272,3500.0,211921.0
0.272,2525.0,118678.5
0.272,1796.5,102073.5
0.272,2920.5,133148.0
0.272,2265.0,87266.0
0.272,1007.3333333333334,32968.333333333336
0.272,1816.5,116388.5
0.272,49.0,593.0
0.272,3500.0,236505.0
0.272,1851.0,58502.0
0.272,3500.0,122901.0
0.272,1380.0,25780.0
0.272,1018.0,20004.0
0.272,2271.5,111048.5
0.272,3500.0,161971.0
0.272,1013.0,13627.0
0.272,3500.0,102821.0
0.272,91.0,92.0
0.272,1503.5,72418.5
0.272,2656.0,100924.5
0.272,3500.0,193406.0
0.272,3500.0,90519.0
0.272,3500.0,241718.0
0.272,3026.4,106740.2
0.272,2260.0,92317.5
0.272,2672.6,88932.4
0.272,62.5,420.5
0.272,1009.0,20021.0
0.272,2790.6666666666665,136477.0
0.272,2579.0,126058.0
0.272,2347.5,56971.5
0.273,1187.0,30588.0
0.273,1927.0,96263.0
0.273,2585.6666666666665,92089.33333333333
0.273,3500.0,118603.0
0.273,593.5,8263.5
0.273,2447.0,104619.5
0.273,3500.0,227880.0
0.273,1881.0,75801.5
0.273,3500.0,113065.0
0.273,3500.0,221312.0
0.273,3500.0,208201.0
0.273,1018.0,20227.0
0.273,3500.0,202831.0
0.273,3500.0,90900.0
0.273,2316.5,86673.0
0.273,3500.0,127123.0
0.273,3500.0,185116.0
0.273,3500.0,100816.0
0.273,3500.0,138082.0
0.273,3500.0,114197.0
0.273,2404.5,85498.5
0.273,3500.0,143285.5
0.273,3500.0,248136.0
0.273,3500.0,114217.0
0.273,3500.0,199877.0
0.273,3500.0,146360.0
0.273,3500.0,141843.0
0.273,1401.0,43432.0
0.273,171.0,1132.0
0.273,2626.0,59548.5
0.273,1794.0,84502.5
0.273,2011.3333333333333,108096.33333333333
0.273,277.0,6609.0
0.273,878.5,20799.0
0.273,3500.0,256444.0
0.273,1904.0,41283.5
0.273,3500.0,100229.0
0.273,2337.5,123522.5
0.273,1120.5,30643.0
0.273,3500.0,122286.0
0.273,1781.5,115145.5
0.273,3500.0,159642.5
0.273,2920.0,148046.66666666666
0.273,793.0,15717.0
0.273,2316.5,119459.5
0.273,3500.0,188771.5
0.273,1812.5,107324.5
0.273,1441.0,55916.0
0.273,100.5,617.0
0.273,3500.0,81430.0
0.273,1196.0,37649.0
0.273,2291.0,76576.5
0.273,3500.0,246227.0
0.273,705.0,32070.5
0.273,3500.0,130529.0
0.273,2440.5,98558.0
0.273,3500.0,154992.0
0.273,1540.6666666666667,88874.0
0.273,2306.5,87252.5
0.273,1187.0,25111.0
0.273,2737.0,163606.5
0.273,3500.0,106911.25
0.273,282.0,4681.0
0.273,3500.0,181307.5
0.273,290.0,5302.0
0.273,3500.0,176789.5
0.273,779.0,9349.0
0.273,3500.0,140331.0
0.273,1425.0,21412.0
0.273,2391.6666666666665,88206.0
0.274,3500.0,223396.0
0.274,1480.0,67447.0
0.274,691.5,40091.0
0.274,1705.6666666666667,76435.0
0.274,3500.0,155629.0
0.274,2688.3333333333335,79723.66666666667
0.274,3500.0,165438.0
0.274,3500.0,200607.0
0.274,93.0,102.0
0.274,266.0,3517.0
0.274,3500.0,189885.0
0.274,3500.0,164619.0
0.274,3500.0,129028.0
0.274,1782.5,94616.5
0.274,1888.0,90260.8
0.274,2401.5,97711.5
0.274,3500.0,74918.0
0.274,159.0,3946.0
0.274,1753.0,27638.0
0.274,3500.0,129542.66666666667
0.274,3500.0,151529.5
0.274,64.0,431.0
0.274,389.0,3778.0
0.274,1509.0,47956.0
0.274,1841.6666666666667,74010.0
0.274,1864.5,82543.0
0.274,3500.0,81984.0
0.274,93.0,94.0
0.274,2637.0,152185.33333333334
0.274,397.6666666666667,7097.666666666667
0.274,1814.5,56214.5
0.274,2300.6666666666665,97391.66666666667
0.274,1438.0,81463.0
0.274,2822.4,148104.2
0.274,2361.6666666666665,125027.33333333333
0.274,1871.0,66940.0
0.274,3500.0,157259.66666666666
0.274,886.5,25157.5
0.274,557.0,11766.0
0.274,620.0,16811.0
0.274,2124.75,112591.75
0.274,2269.0,91550.5
0.274,1782.5,98931.5
0.274,1069.0,16453.0
0.274,189.0,2802.5
0.274,2461.0,86661.5
0.274,579.0,7007.0
0.274,3500.0,273527.0
0.274,2055.5,87615.5
0.274,2364.6666666666665,116299.66666666667
0.274,142.5,1054.5
0.274,1008.0,12235.0
0.274,61.0,563.0
0.274,1618.0,30007.0
0.274,3500.0,159666.0
0.274,2072.0,99629.66666666667
0.274,1802.5,78178.0
0.274,864.6666666666666,40903.666666666664
0.274,2397.3333333333335,92003.66666666667
0.274,2408.5,141081.0
0.274,1119.0,33843.0
0.274,880.0,18889.0
0.274,1555.3333333333333,59122.333333333336
0.274,3500.0,102548.0
0.274,1598.6666666666667,82654.66666666667
0.274,3500.0,160736.0
0.274,1538.3333333333333,42289.333333333336
0.275,3500.0,125288.0
0.275,113.0,1205.0
0.275,1749.0,48497.0
0.275,617.0,11557.5
0.275,2035.0,68863.25
0.275,3500.0,149266.0
0.275,211.0,1587.0
0.275,1063.0,10313.0
0.275,135.0,319.0
0.275,275.0,5599.0
0.275,2504.6666666666665,137294.33333333334
0.275,3500.0,121003.66666666667
0.275,3500.0,276925.0
0.275,2752.5,86032.5
0.275,1939.0,84188.0
0.275,3500.0,78610.0
0.275,275.0,2256.0
0.275,3500.0,144371.0
0.275,1745.0,52397.0
0.275,2314.0,131346.66666666666
0.275,3500.0,144399.5
0.275,1984.3333333333333,33757.666666666664
0.275,3500.0,237461.0
0.275,1332.3333333333333,65914.0
0.275,1713.75,69026.5
0.275,1827.0,84175.5
0.275,3500.0,127092.0
0.275,1140.0,14252.0
0.275,1326.0,33884.0
0.275,3500.0,98925.0
0.275,1557.3333333333333,38684.0
0.275,1043.0,18631.0
0.275,2415.0,105410.0
0.275,2338.0,82333.5
0.275,765.0,15820.666666666666
0.275,3500.0,131154.0
0.275,2590.5,139398.0
0.275,3500.0,166314.0
0.275,3500.0,166271.0
0.275,1853.5,70880.0
0.275,2043.0,72894.75
0.275,3500.0,112505.0
0.275,1593.0,56235.666666666664
0.275,2772.6666666666665,117149.33333333333
0.275,3500.0,215029.0
0.275,3500.0,163149.0
0.275,1225.0,35844.0
0.275,704.5,20486.5
0.275,654.0,6882.0
0.275,1492.0,34580.0
0.275,212.0,907.5
0.275,1171.0,18405.0
0.275,3500.0,61303.0
0.275,3500.0,89309.0
0.275,2422.5,97862.0
0.275,2011.0,85791.0
0.275,799.6666666666666,44155.0
0.275,2358.0,93109.33333333333
0.275,1782.5,101008.5
0.275,2615.0,84026.0
0.275,3500.0,148100.0
0.275,901.0,18460.5
0.275,3500.0,250870.0
0.275,945.0,19690.0
0.275,3500.0,232579.0
0.275,2148.6666666666665,72463.66666666667
0.275,1050.5,41317.5
0.275,2366.0,103230.0
0.276,1608.3333333333333,71770.33333333333
0.276,3500.0,209658.0
0.276,1474.0,48617.0
0.276,2364.3333333333335,128716.33333333333
0.276,3500.0,80997.0
0.276,492.0,6220.0
0.276,2647.0,90397.4
0.276,3500.0,223305.0
0.276,151.0,1010.0
0.276,2477.0,160560.5
0.276,265.0,3111.0
0.276,2524.3333333333335,50495.666666666664
0.276,112.0,178.0
0.276,730.0,10526.666666666666
0.276,3500.0,145053.0
0.276,2461.0,76946.66666666667
0.276,158.0,763.0
0.276,3500.0,128327.0
0.276,1776.6666666666667,113928.33333333333
0.276,2366.0,79091.33333333333
0.276,3500.0,157487.0
0.276,2494.0,86065.0
0.276,1211.6666666666667,26012.0
0.276,3500.0,154002.0
0.276,2260.5,90643.0
0.276,1566.0,52640.333333333336
0.276,63.0,444.0
0.276,2737.6666666666665,80868.66666666667
0.276,990.0,9118.0
0.276,3500.0,190828.5
0.276,1783.0,68766.5
0.276,2733.6666666666665,91326.33333333333
0.276,3500.0,180165.0
0.276,617.0,16742.333333333332
0.276,1030.0,16320.0
0.276,1151.0,25418.0
0.276,3500.0,134808.66666666666
0.276,2313.0,104296.5
0.276,1309.5,37069.0
0.276,873.0,11525.0
0.276,1795.0,43742.5
0.276,2709.5,107499.5
0.276,3500.0,151189.0
0.276,374.0,1473.0
0.276,326.0,3091.5
0.276,3500.0,171011.66666666666
0.276,3500.0,103033.0
0.276,3500.0,67390.0
0.276,2366.0,71691.33333333333
0.276,2062.5,133695.5
0.276,2480.0,140126.5
0.276,2979.3333333333335,115107.66666666667
0.276,1135.6666666666667,33817.666666666664
0.276,501.0,17619.0
0.276,2301.5,103913.5
0.276,1792.0,74403.0
0.276,3500.0,250139.0
0.276,1576.3333333333333,29235.333333333332
0.276,3500.0,205114.5
0.276,3500.0,170336.0
0.276,482.3333333333333,4657.0
0.276,1084.3333333333333,59837.333333333336
0.276,1780.5,67924.0
0.276,3500.0,142519.66666666666
0.276,238.5,5297.0
0.276,2764.6666666666665,140259.0
0.276,3500.0,99619.0
0.277,1348.0,27701.0
0.277,3500.0,239983.0
0.277,1808.0,111206.0
0.277,145.33333333333334,1822.6666666666667
0.277,3500.0,149588.0
0.277,65.0,582.0
0.277,3500.0,200775.0
0.277,1953.5,116031.0
0.277,668.0,32170.0
0.277,3500.0,176904.0
0.277,3500.0,133193.0
0.277,3500.0,120434.0
0.277,2510.3333333333335,95977.66666666667
0.277,3500.0,89285.0
0.277,2361.8,65066.0
0.277,3500.0,139547.0
0.277,2673.0,90449.5
0.277,3500.0,66584.0
0.277,1926.0,103640.33333333333
0.277,60.0,510.0
0.277,1693.6666666666667,60299.0
0.277,2667.25,124800.75
0.277,3500.0,112468.0
0.277,1819.5,68801.25
0.277,3500.0,158464.0
0.277,2367.3333333333335,58014.333333333336
0.277,1109.0,45753.0
0.277,3500.0,127828.33333333333
0.277,508.0,11448.0
0.277,2018.0,121590.5
0.277,3500.0,209192.0
0.277,3500.0,145880.0
0.277,674.0,11849.0
0.277,3500.0,142885.5
0.277,1013.0,30146.0
0.277,3500.0,150151.0
0.277,1800.0,37816.5
0.277,2065.0,69408.0
0.277,3500.0,153147.75
0.277,961.0,21340.0
0.277,2293.5,55537.5
0.277,1269.0,58102.333333333336
0.277,3500.0,191972.0
0.277,196.0,1860.0
0.277,82.0,1443.0
0.277,3500.0,130478.0
0.277,1205.0,25735.0
0.277,2003.0,72424.0
0.277,96.0,560.0
0.277,3500.0,131875.33333333334
0.277,1246.0,35528.0
0.277,2545.5,111477.5
0.277,1447.3333333333333,37608.333333333336
0.277,2223.0,43519.0
0.277,2284.5,120043.5
0.277,1163.75,40262.75
0.277,2478.5,53043.0
0.277,2386.0,121945.66666666667
0.277,3500.0,116868.5
0.277,3500.0,130311.0
0.277,1752.0,72385.0
0.277,3500.0,108252.0
0.277,3500.0,184474.0
0.277,1115.0,18340.0
0.277,3500.0,228752.0
0.277,1962.5,57980.5
0.277,2467.5,152974.5
0.277,3500.0,210067.0
0.277,2420.0,50828.666666666664
0.277,1796.5,70540.0
0.277,3500.0,103564.0
0.277,1839.0,54873.5
0.278,2644.5,80051.5
0.278,2350.5,94771.5
0.278,1824.0,57509.0
0.278,699.0,8532.0
0.278,3500.0,147285.0
0.278,3500.0,95622.0
0.278,3500.0,77617.0
0.278,3500.0,145331.0
0.278,1027.0,48199.0
0.278,2957.6666666666665,110996.0
0.278,2052.6666666666665,76167.0
0.278,2460.5,87961.5
0.278,1346.75,41530.75
0.278,3500.0,121516.0
0.278,3500.0,168971.0
0.278,3500.0,191342.0
0.278,931.5,34908.0
0.278,3500.0,116105.0
0.278,3500.0,269394.0
0.278,3500.0,183390.0
0.278,230.0,5923.0
0.278,1780.5,40165.5
0.278,3500.0,91013.0
0.278,3500.0,184903.0
0.278,3500.0,205527.0
0.278,482.0,3929.0
0.278,677.0,15101.0
0.278,243.0,4042.5
0.278,2668.6666666666665,147796.33333333334
0.278,1984.5,97414.0
0.278,1656.6666666666667,40711.666666666664
0.278,2356.5,119056.0
0.278,3500.0,93301.0
0.278,3500.0,143199.66666666666
0.278,3500.0,198964.0
0.278,108.0,155.0
0.278,3500.0,136315.0
0.278,1818.5,71513.0
0.278,108.0,115.0
0.278,2037.5,64916.0
0.278,1620.0,68900.0
0.278,3500.0,275194.0
0.278,1790.5,65199.5
0.278,2602.5,150435.5
0.278,1003.0,14782.0
0.278,252.0,559.0
0.278,311.0,1442.0
0.278,3500.0,133014.0
0.278,2725.0,99230.66666666667
0.278,1302.0,97235.0
0.278,2248.5,102195.5
0.278,133.0,741.0
0.278,2002.5,65420.5
0.278,2052.5,67989.5
0.278,1338.75,56865.25
0.278,3500.0,201572.0
0.278,3500.0,147172.0
0.278,131.0,1170.0
0.278,1429.0,27443.0
0.278,3500.0,81821.0
0.278,219.0,4752.0
0.278,2777.6666666666665,96113.33333333333
0.278,1389.0,33872.0
0.278,195.0,1420.0
0.278,3500.0,132783.5
0.279,2666.25,101580.75
0.279,2416.0,121812.66666666667
0.279,3500.0,164643.0
0.279,1949.0,99280.0
0.279,1525.0,65909.0
0.279,3500.0,86498.0
0.279,3500.0,123167.0
0.279,3500.0,177353.5
0.279,3500.0,246430.0
0.279,3500.0,149751.0
0.279,2636.25,75589.75
0.279,3500.0,140701.0
0.279,94.0,468.0
0.279,2377.0,109684.0
0.279,3500.0,70475.0
0.279,1066.5,41805.25
0.279,820.6666666666666,16947.333333333332
0.279,1278.0,34860.0
0.279,1358.0,32616.0
0.279,2440.5,86392.5
0.279,3500.0,68433.0
0.279,3500.0,212472.0
0.279,3500.0,113149.0
0.279,617.0,14178.5
0.279,3500.0,130462.0
0.279,1267.0,29019.5
0.279,188.0,1972.5
0.279,3500.0,139019.5
0.279,64.0,660.0
0.279,64.0,608.0
0.279,3500.0,134692.66666666666
0.279,1027.0,20730.0
0.279,696.0,14069.0
0.279,1114.0,77247.0
0.279,1320.0,25623.0
0.279,1393.0,58298.0
0.279,1406.0,30310.0
0.279,1537.0,41951.0
0.279,3500.0,188201.0
0.279,3500.0,83788.0
0.279,3500.0,146837.0
0.279,2432.0,151780.0
0.279,3500.0,151593.0
0.279,1031.0,17759.0
0.279,64.0,458.0
0.279,90.0,92.0
0.279,1800.0,112087.0
0.279,1135.0,18356.0
0.279,1513.0,76584.0
0.279,1822.5,34203.5
0.279,179.0,2768.0
0.279,2038.0,46469.0
0.279,162.0,2610.0
0.279,3500.0,210897.0
0.279,3500.0,115365.0
0.279,3500.0,129670.0
0.279,1839.0,56878.0
0.279,1798.0,61399.5
0.279,2649.25,124705.75
0.279,3500.0,132364.5
0.279,3500.0,93723.0
0.279,2408.0,100519.0
0.279,3500.0,142143.0
0.279,2561.25,131557.0
0.279,3500.0,140026.0
0.279,2002.5,46649.5
0.279,189.0,2113.0
0.279,3500.0,213397.0
0.279,3500.0,221337.0
0.279,1387.0,10356.0
0.28,3500.0,197122.0
0.28,1045.0,34678.0
0.28,541.0,3633.0
0.28,601.0,12197.0
0.28,3500.0,202628.0
0.28,1801.0,68177.0
0.28,3500.0,134126.0
0.28,1457.0,67926.0
0.28,1922.5,104531.5
0.28,63.0,496.0
0.28,2280.5,86678.0
0.28,2551.2,119573.8
0.28,1869.0,74691.5
0.28,966.0,37887.5
0.28,3500.0,140917.0
0.28,797.5,23166.0
0.28,643.0,15372.0
0.28,2441.0,95589.33333333333
0.28,3500.0,188258.0
0.28,3500.0,186324.0
0.28,1800.0,79993.5
0.28,1818.0,63148.0
0.28,2212.25,85371.25
0.28,1685.0,57439.0
0.28,1268.25,42360.25
0.28,507.0,9548.5
0.28,1053.0,22391.0
0.28,113.5,807.5
0.28,1779.5,75524.5
0.28,2284.5,114981.0
0.28,62.0,509.0
0.28,62.0,489.0
0.28,1782.5,82933.5
0.28,2196.5,62129.0
0.28,3500.0,207070.0
0.28,2365.0,90886.66666666667
0.28,3500.0,94142.0
0.28,105.0,822.0
0.28,2345.0,114903.5
0.28,2379.6666666666665,134339.33333333334
0.28,2314.5,68014.5
0.28,220.0,2039.0
0.28,3500.0,169407.5
0.28,3500.0,123890.0
0.28,3500.0,114471.0
0.28,3500.0,163664.0
0.28,290.0,2637.0
0.28,1799.5,112971.5
0.28,3500.0,202757.0
0.28,86.0,138.0
0.28,1065.0,27724.0
0.28,818.0,36179.5
0.28,731.0,17004.0
0.28,1087.0,35749.0
0.28,311.0,5584.0
0.28,3500.0,94604.0
0.28,3500.0,256373.0
0.28,1113.0,16460.0
0.28,3500.0,104269.5
0.28,1796.5,39498.5
0.28,1728.0,120330.0
0.28,2683.5,119702.0
0.28,1297.0,21468.0
0.28,3500.0,107591.0
0.281,1752.3333333333333,36021.666666666664
0.281,3500.0,181183.0
0.281,1430.5,71656.5
0.281,3500.0,61551.0
0.281,3500.0,124661.0
0.281,2416.5,101847.5
0.281,2428.5,98270.0
0.281,3500.0,147041.0
0.281,60.0,434.0
0.281,2032.5,73990.5
0.281,3500.0,139607.0
0.281,3500.0,106454.0
0.281,1762.0,52244.666666666664
0.281,3500.0,156228.0
0.281,1047.0,55570.5
0.281,3500.0,166192.5
0.281,3500.0,81046.0
0.281,2354.3333333333335,58698.333333333336
0.281,70.0,887.0
0.281,1585.3333333333333,56359.333333333336
0.281,3500.0,92135.0
0.281,91.0,92.0
0.281,1726.0,69006.0
0.281,3500.0,188719.0
0.281,3500.0,99275.0
0.281,3500.0,72875.0
0.281,3500.0,163834.0
0.281,3500.0,77841.0
0.281,1838.0,66889.0
0.281,2359.0,77132.0
0.281,2000.3333333333333,74788.33333333333
0.281,3500.0,75641.0
0.281,109.0,1163.0
0.281,71.0,108.0
0.281,176.5,837.0
0.281,115.5,814.5
0.281,2734.5,145092.0
0.281,813.0,13084.5
0.281,1074.5,30871.5
0.281,3500.0,249191.0
0.281,3500.0,157300.0
0.281,3500.0,88986.0
0.281,2321.5,73644.0
0.281,1153.0,30274.0
0.281,1324.0,35109.0
0.281,3500.0,170007.5
0.281,3500.0,180568.0
0.281,3500.0,140535.5
0.281,1782.5,61364.5
0.281,3500.0,128998.5
0.281,3500.0,178397.0
0.281,3500.0,201565.0
0.281,1779.5,60688.0
0.281,3500.0,191441.0
0.281,1482.25,73327.0
0.281,1794.5,88600.5
0.281,2898.75,101145.75
0.281,1297.0,39159.0
0.281,3500.0,147126.0
0.281,175.0,379.0
0.281,2406.0,146991.0
0.282,1929.3333333333333,71951.33333333333
0.282,63.0,710.0
0.282,2089.0,77967.0
0.282,3500.0,241327.5
0.282,2808.6666666666665,111360.0
0.282,1590.0,54379.0
0.282,3500.0,97477.0
0.282,3500.0,172127.0
0.282,1381.0,28018.0
0.282,3500.0,134209.0
0.282,1783.5,108861.0
0.282,2998.3333333333335,116092.0
0.282,907.0,19057.333333333332
0.282,3500.0,77042.0
0.282,3500.0,122931.0
0.282,2390.0,104104.25
0.282,3500.0,143028.5
0.282,461.0,8788.0
0.282,1713.5,84871.0
0.282,2322.5,86684.5
0.282,3500.0,107576.5
0.282,1388.0,46489.0
0.282,69.0,738.0
0.282,3500.0,183888.0
0.282,2314.0,86318.5
0.282,1814.3333333333333,79018.66666666667
0.282,1884.0,88945.0
0.282,1063.0,22668.0
0.282,1582.3333333333333,49762.0
0.282,555.0,13127.0
0.282,3500.0,186217.0
0.282,3500.0,147604.0
0.282,2344.5,82391.0
0.282,733.6666666666666,24420.333333333332
0.282,2008.5,56585.5
0.282,1636.0,48253.8
0.282,2367.5,107591.0
0.282,3500.0,238936.0
0.282,2671.5,67635.75
0.282,1543.6666666666667,45257.666666666664
0.282,2599.5,112581.5
0.282,1521.0,48262.0
0.282,1157.5,43228.0
0.282,2485.0,51325.0
0.282,1781.0,91282.0
0.282,3500.0,155993.0
0.282,2437.0,90707.66666666667
0.282,999.0,8649.0
0.282,3500.0,177419.0
0.282,2251.5,72360.0
0.282,3500.0,38236.0
0.282,822.0,18433.666666666668
0.282,3500.0,66575.0
0.282,112.0,294.0
0.282,1789.5,98051.0
0.282,2345.0,62000.5
0.282,3500.0,165820.0
0.282,517.0,12828.0
0.282,3500.0,99541.0
0.282,99.0,156.0
0.283,1009.0,31753.0
0.283,3500.0,203777.0
0.283,850.0,8546.0
0.283,3500.0,97829.5
0.283,3500.0,151106.5
0.283,3500.0,134421.0
0.283,3500.0,144239.0
0.283,2137.5,96051.5
0.283,3500.0,93868.0
0.283,3500.0,215231.0
0.283,3500.0,201577.0
0.283,2656.5,109396.5
0.283,1483.0,65248.0
0.283,1309.3333333333333,43339.0
0.283,3500.0,114032.0
0.283,3500.0,165625.0
0.283,2740.5,54546.0
0.283,283.0,10584.0
0.283,1792.5,77315.0
0.283,495.6666666666667,6584.333333333333
0.283,2365.6666666666665,110585.0
0.283,2726.3333333333335,136095.0
0.283,2359.5,132833.0
0.283,65.0,700.0
0.283,3500.0,133303.0
0.283,3500.0,133702.0
0.283,2590.5,80360.0
0.283,1799.0,40841.0
0.283,3500.0,217131.0
0.283,1588.0,42819.75
0.283,1166.0,25122.0
0.283,766.5,32767.5
0.283,1354.0,26997.0
0.283,3500.0,118583.33333333333
0.283,3500.0,228768.0
0.283,3500.0,181578.0
0.283,2274.5,116411.25
0.283,1273.5,49269.5
0.283,65.0,539.0
0.283,3500.0,122785.0
0.283,1597.0,73846.0
0.283,3500.0,241885.0
0.283,3500.0,152660.0
0.283,2059.3333333333335,76201.66666666667
0.283,245.0,1214.0
0.283,1679.0,98743.0
0.283,436.5,5762.5
0.283,1259.5,32519.5
0.283,83.0,330.0
0.283,1542.0,68207.0
0.283,3500.0,250099.0
0.283,126.0,1140.0
0.283,2790.6666666666665,151011.0
0.283,3500.0,127962.0
0.283,3500.0,198110.0
0.283,1061.0,21954.0
0.283,1586.0,46446.0
0.283,1894.0,53269.0
0.283,3500.0,145422.0
0.283,1345.0,38230.0
0.283,2244.5,95396.75
0.284,1880.2,72522.6
0.284,3500.0,198929.0
0.284,1319.0,17368.5
0.284,2251.0,98413.0
0.284,1680.0,60485.333333333336
0.284,1783.3333333333333,59029.0
0.284,306.0,5871.0
0.284,1271.0,51358.0
0.284,1322.0,21134.0
0.284,3500.0,67935.0
0.284,112.0,1241.0
0.284,307.0,7172.0
0.284,2206.5,141569.0
0.284,3500.0,96318.5
0.284,860.0,11573.5
0.284,1385.0,73127.0
0.284,1801.0,100257.0
0.284,575.0,14660.0
0.284,652.0,9108.0
0.284,3500.0,117508.0
0.284,3500.0,141761.0
0.284,154.0,1258.0
0.284,545.0,8296.5
0.284,2185.6,87389.2
0.284,846.0,14327.0
0.284,589.0,8601.0
0.284,3500.0,206969.0
0.284,831.0,15820.666666666666
0.284,1390.0,75951.0
0.284,3500.0,276392.0
0.284,1380.5,25854.0
0.284,2513.5,110086.5
0.284,3500.0,136094.0
0.284,3500.0,133976.0
0.284,3500.0,194041.0
0.284,1783.5,101154.5
0.284,147.0,1177.0
0.284,1156.0,40872.0
0.284,95.0,418.0
0.284,1800.0,53780.0
0.284,3500.0,128707.0
0.284,429.0,6880.0
0.284,775.0,35091.5
0.284,404.0,9060.0
0.284,1852.5,47201.5
0.284,2603.5,94231.5
0.284,3500.0,191686.0
0.284,1803.5,78640.5
0.284,2074.0,144835.0
0.284,3500.0,115888.0
0.284,1889.5,71666.0
0.284,76.0,103.0
0.284,3500.0,94122.0
0.284,1781.0,62366.0
0.284,1016.0,21026.0
0.284,143.0,1466.0
0.284,1282.0,44249.0
0.284,3500.0,147769.0
0.284,3500.0,188926.0
0.284,2522.0,91655.0
0.284,1117.0,45757.0
0.284,1941.0,63107.0
0.284,65.0,536.0
0.284,555.0,10443.5
0.284,382.0,7459.0
0.285,1069.0,33340.0
0.285,58.0,428.0
0.285,2566.5,76670.5
0.285,2583.5,128666.5
0.285,3500.0,128232.0
0.285,1880.5,93716.0
0.285,1628.0,51165.0
0.285,3500.0,110656.0
0.285,3500.0,73443.0
0.285,224.0,1939.0
0.285,2054.6666666666665,126591.0
0.285,3106.25,136050.75
0.285,3500.0,114887.0
0.285,3500.0,97712.0
0.285,1974.8,93293.8
0.285,1783.0,105346.0
0.285,3500.0,96501.0
0.285,3500.0,222591.0
0.285,1357.0,31098.0
0.285,86.0,100.0
0.285,1820.0,108580.5
0.285,2790.25,123193.75
0.285,349.0,2114.0
0.285,3500.0,217054.0
0.285,546.0,3360.0
0.285,1777.5,87848.0
0.285,1488.0,30915.0
0.285,965.3333333333334,34820.666666666664
0.285,512.0,8782.0
0.285,2355.0,79601.33333333333
0.285,3500.0,88209.0
0.285,1443.3333333333333,102037.66666666667
0.285,111.0,1083.0
0.285,3500.0,109487.0
0.285,665.5,11944.0
0.285,1278.0,41754.0
0.285,706.0,12853.0
0.285,1604.0,34719.0
0.285,60.0,544.0
0.285,1792.6666666666667,61079.333333333336
0.285,53.0,138.0
0.285,762.6666666666666,18864.333333333332
0.285,623.0,7793.0
0.285,2682.6666666666665,150850.0
0.285,1954.0,112093.0
0.285,176.0,2198.0
0.285,1576.0,50386.666666666664
0.285,3500.0,158042.0
0.285,1794.5,101639.0
0.285,3500.0,296005.0
0.285,3500.0,117831.0
0.285,1139.25,43817.25
0.285,3500.0,220892.0
0.285,216.0,4637.0
0.285,533.0,6035.0
0.285,408.0,7562.0
0.285,3500.0,196551.0
0.285,3500.0,155589.0
0.285,94.0,134.0
0.285,2590.5,71228.5
0.285,1209.0,43163.0
0.285,582.75,16350.0
0.285,3500.0,94086.5
0.285,40.0,46.0
0.285,69.0,621.0
0.285,1736.3333333333333,73287.66666666667
0.285,1796.25,55113.75
0.286,3500.0,89548.0
0.286,392.0,2991.0
0.286,2530.3333333333335,109950.0
0.286,103.0,107.0
0.286,3500.0,190676.0
0.286,1475.0,35750.5
0.286,1304.0,44721.0
0.286,2441.6666666666665,133100.0
0.286,2717.0,128695.66666666667
0.286,3500.0,202651.5
0.286,77.0,1226.0
0.286,3500.0,187558.0
0.286,3500.0,156720.0
0.286,113.0,1315.0
0.286,67.0,560.0
0.286,772.0,7374.0
0.286,2045.0,87153.0
0.286,3500.0,168420.0
0.286,2134.0,80191.5
0.286,3500.0,88486.0
0.286,2439.0,86647.0
0.286,3500.0,164515.0
0.286,2946.3333333333335,153483.0
0.286,839.5,36011.5
0.286,2286.5,103187.5
0.286,3500.0,34569.0
0.286,1052.0,32143.0
0.286,3500.0,121077.0
0.286,98.0,643.0
0.286,1731.3333333333333,93855.66666666667
0.286,675.5,32038.0
0.286,64.0,725.0
0.286,3500.0,115238.0
0.286,3500.0,81399.0
0.286,2328.3333333333335,120966.0
0.286,3500.0,142489.0
0.286,892.75,38168.5
0.286,3500.0,166221.0
0.286,84.0,99.0
0.286,3500.0,261579.0
0.286,222.33333333333334,4131.666666666667
0.286,71.0,917.0
0.286,2485.6666666666665,114131.66666666667
0.286,3500.0,86045.0
0.286,3500.0,74732.0
0.286,3500.0,94190.0
0.286,1590.3333333333333,41782.0
0.286,72.0,729.0
0.286,440.0,4587.0
0.286,2560.0,125266.0
0.286,373.5,8968.0
0.286,570.3333333333334,15145.666666666666
0.286,2697.6666666666665,108090.0
0.286,2863.3333333333335,102989.33333333333
0.286,3500.0,83093.0
0.286,3500.0,127346.5
0.286,1008.0,24014.0
0.286,1104.0,13608.0
0.286,2098.0,146660.0
0.286,1509.0,29276.0
0.286,1906.5,80240.0
0.286,1780.5,68409.5
0.287,2743.0,159638.33333333334
0.287,1833.0,57633.5
0.287,1531.0,66687.0
0.287,1910.0,115433.5
0.287,1159.0,48446.666666666664
0.287,3500.0,87497.5
0.287,1045.0,21778.0
0.287,170.0,1049.0
0.287,1796.5,77690.0
0.287,3500.0,183006.0
0.287,1559.3333333333333,54037.0
0.287,246.5,5672.5
0.287,217.5,3626.5
0.287,1373.3333333333333,32511.333333333332
0.287,1209.0,35457.0
0.287,3500.0,135662.0
0.287,315.0,4963.0
0.287,1400.0,58062.333333333336
0.287,337.0,5826.0
0.287,2368.5,106224.5
0.287,787.6666666666666,26863.333333333332
0.287,1591.6666666666667,48302.333333333336
0.287,3500.0,127653.0
0.287,3500.0,179840.0
0.287,3500.0,161206.0
0.287,2501.3333333333335,69429.0
0.287,3500.0,99202.0
0.287,3500.0,95312.0
0.287,2381.3333333333335,93817.66666666667
0.287,1093.0,37316.0
0.287,1783.5,92782.0
0.287,176.0,1621.0
0.287,3500.0,91201.0
0.287,2781.6666666666665,115441.0
0.287,2354.6666666666665,113929.0
0.287,88.0,151.0
0.287,3500.0,138837.0
0.287,2320.5,77355.5
0.287,3500.0,161873.0
0.287,3500.0,68708.0
0.287,2487.6666666666665,111205.66666666667
0.287,157.0,1752.0
0.287,64.0,495.0
0.287,1602.3333333333333,47664.0
0.287,514.0,10865.0
0.287,1541.3333333333333,27744.666666666668
0.287,760.0,13023.5
0.287,1268.0,40371.0
0.287,1859.5,53626.0
0.287,3500.0,187446.0
0.287,1321.0,32026.0
0.287,524.3333333333334,6177.333333333333
0.287,1590.3333333333333,75589.0
0.287,3500.0,112706.0
0.287,2043.3333333333333,41074.666666666664
0.287,2379.5,86115.5
0.287,3500.0,117425.0
0.287,1781.5,69862.0
0.287,2325.5,61862.5
0.287,395.0,6066.0
0.288,1125.0,23714.0
0.288,3500.0,123933.5
0.288,1044.0,25362.0
0.288,368.0,2649.0
0.288,847.25,21263.0
0.288,173.0,320.0
0.288,1093.0,19843.0
0.288,1063.0,21079.0
0.288,2785.0,114083.0
0.288,1802.5,95651.0
0.288,1755.0,38283.0
0.288,3500.0,110896.0
0.288,85.5,897.5
0.288,78.0,804.0
0.288,753.0,7099.0
0.288,1781.0,115283.0
0.288,3500.0,108727.0
0.288,351.0,2915.0
0.288,91.0,1107.0
0.288,1070.0,43156.0
0.288,1346.0,25644.0
0.288,400.0,9947.0
0.288,2536.6666666666665,94421.33333333333
0.288,3500.0,109455.0
0.288,553.0,17778.75
0.288,96.0,191.0
0.288,3500.0,125923.0
0.288,1572.0,51273.0
0.288,1256.0,55129.666666666664
0.288,2683.0,52970.666666666664
0.288,1073.0,18107.0
0.288,3500.0,188391.0
0.288,1629.0,36504.0
0.288,1609.0,28017.0
0.288,1568.0,22489.0
0.288,136.0,1532.6666666666667
0.288,3500.0,119219.5
0.288,1789.5,108913.0
0.288,483.0,4970.0
0.288,3500.0,196455.0
0.288,3500.0,113373.0
0.288,96.0,99.0
0.288,2286.5,85033.5
0.288,2691.5,79886.0
0.288,3500.0,172610.0
0.288,3500.0,98252.0
0.288,1800.5,116503.0
0.288,452.0,5668.0
0.288,3500.0,140471.33333333334
0.288,430.0,15465.0
0.288,3500.0,184848.0
0.288,1084.0,23317.0
0.288,3110.5,122039.5
0.288,2380.5,126459.5
0.288,544.0,5182.0
0.288,3500.0,198090.0
0.288,1122.0,38895.0
0.288,2111.0,146634.0
0.288,2550.0,122463.5
0.288,3500.0,163291.0
0.288,1465.0,43073.0
0.289,1932.5,91789.0
0.289,3500.0,241917.0
0.289,1462.0,96572.66666666667
0.289,3500.0,157096.0
0.289,408.0,5086.0
0.289,605.0,11670.0
0.289,3500.0,158726.0
0.289,116.0,523.0
0.289,3500.0,120345.0
0.289,3500.0,210870.0
0.289,150.0,1385.0
0.289,781.0,15099.0
0.289,1179.0,35620.0
0.289,3500.0,157454.0
0.289,1193.0,17879.0
0.289,1873.5,36045.5
0.289,861.0,9776.0
0.289,1790.0,39151.0
0.289,3500.0,140446.5
0.289,3500.0,199274.0
0.289,2528.5,140912.5
0.289,3500.0,126385.0
0.289,2395.3333333333335,88607.33333333333
0.289,1399.0,20272.0
0.289,3500.0,73192.0
0.289,3500.0,227273.0
0.289,1786.0,51809.5
0.289,558.0,6553.0
0.289,2395.5,80395.5
0.289,3500.0,173785.0
0.289,3500.0,171291.0
0.289,77.0,108.0
0.289,2375.6666666666665,133532.66666666666
0.289,382.3333333333333,9144.666666666666
0.289,3500.0,183568.0
0.289,3500.0,104609.0
0.289,2672.5,74432.5
0.289,75.0,112.0
0.289,1437.25,39240.5
0.289,301.0,2404.0
0.289,1158.0,10646.0
0.289,433.0,7116.0
0.289,1033.0,29335.0
0.289,3500.0,72783.0
0.289,804.0,32586.0
0.289,421.0,6620.0
0.289,1505.0,76706.0
0.289,3500.0,80520.0
0.289,1101.0,23003.0
0.289,80.0,1223.0
0.289,2355.0,84190.66666666667
0.289,2994.3333333333335,137800.66666666666
0.289,3500.0,164029.5
0.289,3500.0,109716.5
0.289,382.0,3143.0
0.289,97.0,99.0
0.289,2059.75,104747.75
0.289,3500.0,145904.0
0.289,3500.0,169214.5
0.289,595.0,2770.0
0.289,2404.6666666666665,87571.0
0.289,490.0,11080.0
0.289,674.0,25971.0
0.289,1848.6666666666667,41645.333333333336
0.289,98.0,997.0
0.289,3500.0,151641.0
0.289,1335.0,46010.5
0.289,3500.0,36289.0
0.289,3500.0,146280.0
0.289,3500.0,173266.0
0.289,3500.0,96217.0
0.289,120.0,1093.0
0.289,3500.0,163428.0
0.29,3500.0,98804.0
0.29,1080.6666666666667,37876.0
0.29,1322.6666666666667,71319.33333333333
0.29,442.0,7244.0
0.29,357.0,7840.0
0.29,3500.0,165393.0
0.29,238.0,3957.0
0.29,452.0,795.0
0.29,150.0,2570.0
0.29,3500.0,177917.0
0.29,1801.3333333333333,93372.0
0.29,1645.0,78066.0
0.29,2352.6666666666665,81893.0
0.29,1048.0,44836.5
0.29,1229.0,43847.0
0.29,1781.75,80669.25
0.29,3500.0,95657.0
0.29,3500.0,253942.0
0.29,1765.0,82662.33333333333
0.29,90.0,101.0
0.29,1310.0,24823.0
0.29,3500.0,98540.0
0.29,2121.25,75477.25
0.29,2056.5,78713.0
0.29,1985.0,107437.0
0.29,3500.0,155596.0
0.29,3500.0,152753.0
0.29,1475.3333333333333,67354.33333333333
0.29,830.5,41209.5
0.29,592.5,21247.5
0.29,3500.0,105510.0
0.29,1026.0,14640.0
0.29,2150.5,90913.5
0.29,370.0,5048.0
0.29,2303.6666666666665,82413.33333333333
0.29,1416.0,35462.0
0.29,459.5,14121.5
0.29,1891.0,81470.0
0.29,1115.0,15233.0
0.29,3500.0,234928.0
0.29,163.0,1543.0
0.29,3500.0,137845.0
0.29,634.0,17880.0
0.29,3500.0,86112.0
0.29,3500.0,139590.0
0.29,1438.0,43935.5
0.29,1617.0,49246.666666666664
0.29,3500.0,240743.0
0.29,3500.0,187974.0
0.29,1249.0,36940.0
0.29,87.0,521.0
0.29,3500.0,156828.0
0.29,2038.0,78754.0
0.29,1193.0,33253.0
0.29,2361.0,61119.0
0.29,738.5,17175.0
0.29,1801.5,48530.5
0.29,3500.0,153273.0
0.29,3500.0,183724.0
0.29,3500.0,90064.0
0.29,74.0,137.0
0.29,719.0,9581.0
0.29,1356.0,58952.4
0.291,3500.0,154003.0
0.291,678.0,24359.0
0.291,3500.0,68401.0
0.291,2584.5,113253.0
0.291,1975.0,133458.0
0.291,2353.3333333333335,66643.0
0.291,1830.0,60174.5
0.291,1761.0,43088.4
0.291,649.0,42240.0
0.291,3500.0,171389.0
0.291,1809.0,62235.0
0.291,670.3333333333334,17269.666666666668
0.291,2399.0,149472.33333333334
0.291,2249.5,59632.5
0.291,1873.5,75586.0
0.291,447.0,8056.0
0.291,3500.0,84758.0
0.291,1808.5,74190.5
0.291,3500.0,220305.0
0.291,1153.0,24449.0
0.291,2633.0,124809.0
0.291,473.0,15769.0
0.291,3500.0,78142.0
0.291,1110.0,16958.0
0.291,3500.0,85073.0
0.291,2355.5,62424.5
0.291,3500.0,166180.5
0.291,3500.0,139531.5
0.291,3500.0,175340.5
0.291,1938.0,84155.0
0.291,3500.0,97219.0
0.291,1128.0,30022.0
0.291,2500.0,67034.0
0.291,3500.0,204685.0
0.291,1032.0,15513.0
0.291,1561.0,49760.0
0.291,907.5,13869.0
0.291,2060.0,102083.0
0.291,3500.0,208568.5
0.291,3500.0,158306.66666666666
0.291,916.5,10892.5
0.291,764.5,42859.5
0.291,1785.0,44425.0
0.291,1143.0,13682.0
0.291,260.5,3264.0
0.291,3500.0,138584.0
0.291,3500.0,86044.0
0.291,1178.0,17118.0
0.291,1372.3333333333333,39492.666666666664
0.291,1750.0,56023.0
0.291,3500.0,209427.0
0.291,3500.0,138345.0
0.291,2174.6666666666665,80489.0
0.291,2815.6666666666665,111175.33333333333
0.291,1318.0,42370.0
0.291,1566.6666666666667,66980.66666666667
0.291,2473.0,110105.0
0.291,3500.0,84840.0
0.291,102.0,111.0
0.291,1431.3333333333333,24288.666666666668
0.291,2441.6666666666665,109737.33333333333
0.291,3500.0,170929.0
0.291,1124.0,29344.5
0.291,2536.5,106831.0
0.291,3500.0,181271.0
0.291,115.0,1204.0
0.291,2553.0,56851.0
0.291,1881.0,49150.333333333336
0.292,1588.3333333333333,50084.666666666664
0.292,3500.0,149914.0
0.292,3500.0,131783.0
0.292,1851.0,50771.5
0.292,272.0,4770.0
0.292,3500.0,46565.0
0.292,3500.0,138798.0
0.292,3500.0,224803.0
0.292,921.0,41272.5
0.292,1896.0,105650.0
0.292,3500.0,109773.0
0.292,2346.5,74965.5
0.292,469.0,9614.0
0.292,3500.0,100782.0
0.292,3500.0,141837.0
0.292,3500.0,185742.0
0.292,101.0,167.0
0.292,61.0,487.0
0.292,83.0,1381.0
0.292,1588.6666666666667,51379.666666666664
0.292,469.0,4901.0
0.292,892.5,16333.5
0.292,3500.0,162983.0
0.292,1568.0,59079.0
0.292,1353.3333333333333,79172.0
0.292,1578.0,39402.0
0.292,394.0,6322.0
0.292,627.0,6340.5
0.292,3500.0,203445.0
0.292,2708.5,94136.66666666667
0.292,156.0,557.5
0.292,2671.6666666666665,132191.66666666666
0.292,1851.0,123691.0
0.292,3500.0,112118.0
0.292,3500.0,71551.0
0.292,2460.5,59289.0
0.292,3500.0,189591.0
0.292,3500.0,153274.0
0.292,77.0,966.0
0.292,418.0,13582.0
0.292,1393.0,52147.0
0.292,2690.6666666666665,100761.0
0.292,86.0,1491.0
0.292,588.0,10398.0
0.292,3500.0,185981.0
0.292,1914.0,81145.5
0.292,2285.0,159444.0
0.292,3500.0,119521.5
0.292,3500.0,145505.0
0.292,2262.0,70629.0
0.292,727.0,23202.0
0.292,3500.0,264237.0
0.292,3500.0,158087.0
0.292,1692.25,65110.25
0.292,194.0,1732.0
0.292,1894.0,73934.5
0.292,2319.5,70020.5
0.293,193.0,3045.0
0.293,1036.0,11653.0
0.293,1782.0,62138.5
0.293,605.0,8465.0
0.293,68.0,576.0
0.293,3500.0,88388.0
0.293,1229.0,83949.0
0.293,1406.0,56197.0
0.293,155.0,2151.0
0.293,3500.0,90885.0
0.293,3500.0,170848.0
0.293,1097.0,28080.0
0.293,273.0,1992.0
0.293,1928.0,68320.0
0.293,107.0,935.0
0.293,88.0,157.0
0.293,2031.5,43151.5
0.293,3500.0,199484.0
0.293,1356.0,54852.0
0.293,3500.0,198232.0
0.293,2445.0,142375.0
0.293,2456.5,91299.0
0.293,3500.0,188211.0
0.293,3500.0,127633.0
0.293,2125.2,103248.6
0.293,429.0,4829.0
0.293,2029.5,47526.0
0.293,1867.6666666666667,62156.0
0.293,3500.0,190674.0
0.293,3500.0,209606.0
0.293,3500.0,78235.0
0.293,102.0,110.0
0.293,1897.0,54324.5
0.293,3500.0,250089.0
0.293,3500.0,162997.0
0.293,1708.0,93989.0
0.293,1988.0,81971.5
0.293,2284.5,96461.5
0.293,182.0,1169.0
0.293,2303.0,73800.5
0.293,2590.0,111165.0
0.293,2009.5,77586.5
0.293,2400.0,70793.0
0.293,3500.0,150231.5
0.293,1780.0,119415.0
0.293,2596.5,91815.5
0.293,1489.0,17299.0
0.293,93.0,95.0
0.293,3500.0,143398.0
0.293,1674.0,48115.0
0.293,151.0,199.0
0.293,2433.6,82468.6
0.293,3500.0,156538.0
0.293,3500.0,78392.0
0.293,1073.0,32319.0
0.293,886.5,48998.5
0.293,651.5,19342.0
0.293,1199.5,38713.0
0.293,1896.3333333333333,79273.33333333333
0.293,3500.0,170499.0
0.294,175.0,491.0
0.294,1074.0,22126.0
0.294,110.0,155.0
0.294,1042.0,47613.5
0.294,217.0,1967.0
0.294,2056.5,135972.0
0.294,1693.0,101131.0
0.294,356.0,6217.0
0.294,3500.0,174360.0
0.294,1610.75,33146.5
0.294,1361.6666666666667,27718.333333333332
0.294,1917.0,113911.0
0.294,3500.0,165988.0
0.294,1706.3333333333333,41926.666666666664
0.294,1333.0,37842.0
0.294,3500.0,80729.0
0.294,1021.0,30817.0
0.294,2134.5,70343.0
0.294,1042.0,25681.0
0.294,3500.0,82864.0
0.294,3500.0,132394.66666666666
0.294,2050.0,79033.5
0.294,601.5,14072.0
0.294,119.0,154.0
0.294,1768.3333333333333,60600.666666666664
0.294,61.0,511.0
0.294,1108.0,16257.0
0.294,1037.0,12065.0
0.294,1945.0,94227.5
0.294,1057.0,13314.0
0.294,1698.6666666666667,67683.0
0.294,1982.0,76692.0
0.294,3500.0,141058.5
0.294,222.0,2570.0
0.294,1163.0,24590.0
0.294,250.0,5340.5
0.294,3500.0,236634.0
0.294,3500.0,190196.0
0.294,371.0,7274.0
0.294,1383.0,33032.0
0.294,236.5,3342.0
0.294,3500.0,121422.0
0.294,3500.0,157965.5
0.294,103.0,652.0
0.294,1814.0,64828.0
0.294,2264.5,87735.5
0.294,763.5,14819.5
0.294,3500.0,63965.0
0.294,3500.0,149740.0
0.294,3500.0,183112.0
0.294,2339.5,125301.5
0.294,2365.3333333333335,93834.33333333333
0.294,262.0,4971.0
0.294,49.0,996.0
0.294,3500.0,177348.0
0.294,2260.5,66290.5
0.294,1829.0,126774.0
0.294,2314.5,137698.0
0.295,764.0,25913.0
0.295,3500.0,131680.5
0.295,3500.0,145790.5
0.295,2757.5,175697.0
0.295,3500.0,146370.0
0.295,1949.0,73291.0
0.295,889.0,6566.0
0.295,108.0,1230.0
0.295,1519.3333333333333,73869.0
0.295,3500.0,162842.0
0.295,383.0,3577.0
0.295,2297.0,103710.5
0.295,1910.5,71443.0
0.295,3500.0,145981.0
0.295,3500.0,164060.0
0.295,2407.3333333333335,57309.666666666664
0.295,1978.5,102617.5
0.295,1010.5,34049.0
0.295,73.0,126.0
0.295,533.0,7273.0
0.295,1782.0,88896.0
0.295,1274.5,24963.5
0.295,575.0,7201.666666666667
0.295,2463.0,117008.0
0.295,569.0,11140.0
0.295,124.0,1413.0
0.295,3500.0,212150.0
0.295,2485.6666666666665,80644.33333333333
0.295,1456.0,49539.5
0.295,355.0,5748.0
0.295,1657.0,126280.0
0.295,3500.0,101078.0
0.295,3500.0,143968.0
0.295,3500.0,195648.0
0.295,88.0,192.0
0.295,2365.6666666666665,96912.0
0.295,454.0,4404.0
0.295,3500.0,183047.0
0.295,2764.0,163483.0
0.295,1908.5,114667.5
0.295,297.6666666666667,4386.333333333333
0.295,392.0,8515.0
0.295,385.0,11486.0
0.295,2488.5,118700.0
0.295,217.0,1904.0
0.295,193.0,5867.0
0.295,530.0,7332.0
0.295,60.0,197.0
0.295,342.0,4762.0
0.295,2979.6666666666665,146810.0
0.295,110.0,1082.0
0.295,1004.0,42092.0
0.295,142.33333333333334,2371.6666666666665
0.295,2067.0,66601.0
0.295,3500.0,144477.0
0.295,95.0,105.0
0.296,240.0,3393.0
0.296,128.0,151.0
0.296,2285.75,46224.75
0.296,3500.0,172246.0
0.296,3500.0,211819.0
0.296,997.6666666666666,17716.0
0.296,1863.0,86299.33333333333
0.296,105.5,778.0
0.296,1784.0,79139.5
0.296,2374.5,64449.5
0.296,3500.0,199193.0
0.296,3500.0,51958.0
0.296,736.0,17387.0
0.296,349.5,7078.5
0.296,3500.0,146596.0
0.296,2214.5,105458.0
0.296,1669.0,34169.0
0.296,3500.0,155905.0
0.296,1028.0,37229.5
0.296,152.0,167.0
0.296,3500.0,273662.0
0.296,1157.0,18715.0
0.296,169.0,3780.0
0.296,3500.0,200316.0
0.296,629.0,5972.0
0.296,111.0,712.0
0.296,1258.3333333333333,78370.0
0.296,1773.0,50237.0
0.296,3500.0,154410.0
0.296,1405.0,16590.0
0.296,3500.0,112624.0
0.296,3500.0,276848.0
0.296,3500.0,156171.0
0.296,816.5,30122.5
0.296,1804.5,50266.0
0.296,1517.0,70976.0
0.296,1252.0,25212.5
0.296,3500.0,109928.33333333333
0.296,3500.0,150711.0
0.296,482.3333333333333,11502.0
0.296,847.5,32886.0
0.296,1394.1666666666667,68488.0
0.296,950.0,12371.0
0.296,1988.0,63642.0
0.296,904.0,17838.333333333332
0.296,385.0,7440.0
0.296,1945.6666666666667,70013.33333333333
0.296,3500.0,140092.0
0.296,460.0,2933.0
0.296,2320.5,138611.0
0.296,313.0,2156.0
0.296,100.0,153.0
0.296,322.0,6595.0
0.296,1938.0,76077.66666666667
0.296,56.0,77.0
0.296,2757.0,139933.66666666666
0.296,1165.0,8991.0
0.296,3500.0,107983.0
0.296,279.0,4604.0
0.296,3500.0,123723.5
0.296,102.0,219.0
0.296,62.0,510.0
0.297,3500.0,139842.0
0.297,1348.0,27100.333333333332
0.297,96.0,1409.0
0.297,273.0,4265.5
0.297,2290.5,129144.0
0.297,3500.0,89570.0
0.297,3500.0,205992.0
0.297,3500.0,112557.0
0.297,85.0,95.0
0.297,1055.0,17388.0
0.297,3500.0,100841.0
0.297,1166.5,45466.0
0.297,3500.0,143751.0
0.297,65.0,686.0
0.297,1173.0,40519.0
0.297,3500.0,98141.0
0.297,1394.3333333333333,54772.333333333336
0.297,248.0,2531.0
0.297,286.0,1028.0
0.297,3500.0,110358.0
0.297,3500.0,70162.0
0.297,2713.3333333333335,92904.33333333333
0.297,2453.0,83739.0
0.297,284.0,4268.0
0.297,104.0,117.0
0.297,3500.0,78739.0
0.297,1786.0,70221.0
0.297,808.5,26154.5
0.297,3500.0,195469.0
0.297,1357.0,41968.0
0.297,1885.0,86732.0
0.297,2494.5,68202.5
0.297,1820.0,47016.0
0.297,1796.5,54250.5
0.297,473.0,11150.0
0.297,2337.5,65220.0
0.297,3500.0,153366.0
0.297,627.0,7632.5
0.297,106.0,893.0
0.297,1797.0,133378.0
0.297,2035.0,67644.25
0.297,3500.0,224684.0
0.297,3500.0,148705.0
0.297,67.0,636.0
0.297,1001.5,43896.0
0.297,1822.0,44099.0
0.297,3500.0,167521.0
0.297,155.0,1182.0
0.297,1808.5,106112.5
0.297,450.0,6562.0
0.297,1179.25,38934.75
0.297,3500.0,96195.0
0.297,2402.3333333333335,129271.66666666667
0.297,96.0,102.0
0.297,1441.0,56808.0
0.297,3500.0,102912.0
0.297,3500.0,92755.5
0.297,3500.0,99705.0
0.297,3500.0,218917.0
0.297,61.0,508.0
0.297,69.0,242.5
0.297,440.0,9263.5
0.297,434.0,8462.0
0.297,1398.0,49057.0
0.297,654.0,8178.0
0.298,1718.0,29611.0
0.298,108.0,109.0
0.298,1805.0,75096.5
0.298,1798.0,105701.5
0.298,2256.5,96905.0
0.298,1710.0,109723.0
0.298,728.5,9996.5
0.298,441.0,9761.0
0.298,186.0,828.0
0.298,259.0,1427.0
0.298,3500.0,78518.0
0.298,1099.0,26170.0
0.298,3500.0,103977.0
0.298,3500.0,107013.0
0.298,809.5,19420.0
0.298,2398.0,97860.5
0.298,217.0,611.0
0.298,1142.0,16182.0
0.298,652.0,8951.0
0.298,3500.0,131424.0
0.298,1238.0,16581.0
0.298,1957.0,84958.0
0.298,83.5,382.5
0.298,1600.0,64746.0
0.298,63.0,330.0
0.298,3500.0,202632.0
0.298,129.0,1539.0
0.298,2346.6666666666665,94526.33333333333
0.298,673.0,13747.0
0.298,1323.0,83218.66666666667
0.298,1279.0,41787.0
0.298,1782.5,73396.0
0.298,3500.0,147610.0
0.298,1796.5,47366.5
0.298,90.0,757.0
0.298,189.0,2097.0
0.298,84.0,101.0
0.298,2336.5,95937.0
0.298,2668.6,91869.2
0.298,1629.0,18573.0
0.298,138.0,180.0
0.298,3500.0,189830.0
0.298,1319.0,22429.0
0.298,200.0,2888.0
0.298,1965.5,67929.5
0.298,3500.0,223639.0
0.298,1174.0,32513.0
0.298,3500.0,272049.0
0.298,1780.0,73941.0
0.298,3500.0,169584.0
0.298,1117.0,38936.0
0.298,834.6666666666666,49954.333333333336
0.298,3500.0,133757.0
0.299,1383.0,19706.0
0.299,111.0,243.5
0.299,107.0,234.0
0.299,3500.0,156627.0
0.299,328.0,7339.0
0.299,1077.0,27181.0
0.299,144.5,3451.5
0.299,133.0,187.0
0.299,144.0,1962.0
0.299,2718.5,152692.5
0.299,3500.0,60791.0
0.299,2345.0,115996.0
0.299,909.0,30796.666666666668
0.299,1357.0,68576.0
0.299,3500.0,213025.0
0.299,1015.0,26423.0
0.299,2728.5,85843.5
0.299,1305.25,24461.5
0.299,3500.0,110550.0
0.299,122.0,2014.5
0.299,1446.0,30193.0
0.299,394.0,7149.0
0.299,369.0,7125.0
0.299,1726.0,68045.0
0.299,3500.0,239588.0
0.299,2985.6666666666665,100147.0
0.299,3500.0,138105.0
0.299,1679.6666666666667,93694.0
0.299,239.0,3449.0
0.299,90.0,99.0
0.299,380.0,623.0
0.299,2410.5,48453.0
0.299,3500.0,106398.0
0.299,61.0,643.0
0.299,3500.0,136095.0
0.299,78.0,100.0
0.299,994.5,45137.5
0.299,1311.0,21160.0
0.299,1458.0,37121.0
0.299,1777.5,45246.5
0.299,2050.5,101560.5
0.299,3500.0,152636.0
0.299,3500.0,194026.0
0.299,1237.0,38424.5
0.299,1942.5,30573.5
0.299,2279.0,59773.0
0.299,1384.5,42625.0
0.299,276.0,2279.0
0.299,856.75,23307.75
0.299,1493.0,38823.0
0.299,1088.0,40756.0
0.299,1709.0,60054.333333333336
0.299,2258.0,55264.5
0.3,2507.5,87222.5
0.3,2991.6666666666665,178855.33333333334
0.3,1788.5,93350.0
0.3,1126.5,15354.0
0.3,1953.5,86831.5
0.3,3500.0,96107.0
0.3,525.0,8535.0
0.3,1054.0,36058.0
0.3,3500.0,267361.0
0.3,2080.5,80780.5
0.3,1796.5,29629.5
0.3,3500.0,74740.0
0.3,3500.0,71101.0
0.3,1886.5,112339.5
0.3,349.0,3145.0
0.3,1593.0,114247.0
0.3,2659.0,98179.0
0.3,1937.3333333333333,88498.33333333333
0.3,3500.0,123743.0
0.3,31.0,512.0
0.3,3500.0,122717.0
0.3,2815.6666666666665,96916.0
0.3,1784.0,53272.5
0.3,1168.0,49130.5
0.3,3500.0,123299.0
0.3,1139.0,44529.0
0.3,2826.6666666666665,135853.33333333334
0.3,3500.0,82038.0
0.3,249.0,1048.0
0.3,2434.5,132589.0
0.3,3500.0,111023.0
0.3,858.0,33004.666666666664
0.3,3500.0,200696.0
0.3,59.0,810.5
0.3,203.0,2602.0
0.3,335.0,17361.0
0.3,1875.5,40702.0
0.3,1246.0,63749.666666666664
0.3,479.6666666666667,8272.0
0.3,532.0,8294.0
0.3,1669.0,59786.0
0.3,1839.0,56847.333333333336
0.3,3500.0,80303.0
0.3,705.0,12659.0
0.3,1570.0,37328.0
0.3,1647.3333333333333,56364.666666666664
0.3,3500.0,75337.0
0.3,62.0,547.0
0.3,3500.0,202534.0
0.3,123.0,1185.0
0.3,3500.0,105605.0
0.3,347.0,4283.0
0.3,81.0,831.0
0.3,3500.0,111784.0
0.3,3500.0,281916.0
0.3,3500.0,252399.0
0.3,322.0,2217.0
0.3,2773.6666666666665,92913.0
0.3,1015.0,21347.5
0.3,2264.5,60671.5
0.3,548.0,9661.0
0.3,1138.0,49173.0
0.3,1797.5,41574.0
0.301,1669.3333333333333,47590.666666666664
0.301,111.0,1247.0
0.301,2737.25,125775.75
0.301,1298.0,43198.0
0.301,1250.3333333333333,30175.666666666668
0.301,1117.0,41388.0
0.301,3500.0,172758.0
0.301,3500.0,160562.0
0.301,3500.0,174177.0
0.301,84.0,148.0
0.301,963.5,19587.75
0.301,1430.0,38774.0
0.301,2673.0,57368.5
0.301,203.0,1076.0
0.301,2736.0,100065.5
0.301,3500.0,265610.0
0.301,99.0,149.0
0.301,1918.5,84123.0
0.301,3500.0,190957.0
0.301,3500.0,158917.0
0.301,296.0,10638.0
0.301,553.0,7593.0
0.301,3500.0,155951.0
0.301,1876.0,102700.5
0.301,1826.5,47959.5
0.301,3500.0,146441.0
0.301,1996.0,73075.5
0.301,712.0,22767.0
0.301,2336.0,83147.5
0.301,3500.0,187609.0
0.301,2881.6666666666665,163405.0
0.301,1805.0,61254.0
0.301,1796.0,90222.5
0.301,145.0,2673.0
0.301,235.0,1298.0
0.301,733.0,12543.0
0.301,469.0,5429.0
0.301,1231.0,35745.0
0.301,1234.0,19273.0
0.301,1786.0,61460.0
0.301,3500.0,124568.0
0.301,2373.5,68852.0
0.301,1782.0,53774.0
0.301,565.0,19858.0
0.301,69.0,878.0
0.301,180.0,2707.0
0.301,3500.0,176213.0
0.301,3500.0,260428.0
0.301,3500.0,122398.0
0.301,3500.0,104051.0
0.301,3500.0,107402.0
0.301,63.0,631.0
0.301,342.0,4076.0
0.301,1956.0,103209.0
0.301,623.0,4391.0
0.301,603.5,23290.5
0.301,3500.0,169236.0
0.301,3500.0,109911.0
0.301,3500.0,281993.0
0.301,1136.0,15723.0
0.301,2346.6666666666665,77237.66666666667
0.301,184.0,529.0
0.301,1449.0,56119.0
0.301,2357.5,108282.75
0.301,384.0,5224.0
0.301,334.0,6193.0
0.301,63.0,624.0
0.302,1681.0,68931.0
0.302,1775.0,54861.0
0.302,2078.0,104397.0
0.302,3500.0,106549.0
0.302,1832.5,93845.5
0.302,583.0,11149.0
0.302,1008.0,42238.0
0.302,3500.0,69817.0
0.302,3500.0,82621.0
0.302,1647.0,78531.0
0.302,3500.0,134858.0
0.302,1126.0,12556.0
0.302,3500.0,112653.0
0.302,1333.0,60705.0
0.302,1924.0,69407.0
0.302,1307.0,32830.0
0.302,1013.0,34145.0
0.302,2015.5,145140.5
0.302,179.0,3585.0
0.302,3500.0,157747.5
0.302,1058.0,24626.0
0.302,3500.0,89060.0
0.302,3500.0,63077.0
0.302,1951.0,97778.0
0.302,1910.0,50538.333333333336
0.302,2028.5,54953.5
0.302,2510.0,120605.0
0.302,3500.0,135156.5
0.302,666.5,24691.5
0.302,3500.0,123457.0
0.302,477.0,5636.0
0.302,1794.0,50301.0
0.302,1983.6666666666667,64384.333333333336
0.302,3500.0,206073.0
0.302,1005.0,19800.0
0.302,250.0,3053.3333333333335
0.302,3500.0,178109.0
0.302,3500.0,106244.0
0.302,3500.0,190590.0
0.302,59.0,139.0
0.302,2589.0,151587.0
0.302,3500.0,117994.0
0.302,647.0,9036.0
0.302,3500.0,128500.0
0.302,1297.0,23270.0
0.302,3500.0,182762.0
0.302,3500.0,200826.0
0.302,213.0,4337.0
0.302,1021.0,26165.0
0.302,237.0,3041.0
0.302,1784.0,70430.5
0.302,3500.0,133340.0
0.302,1807.5,84599.5
0.303,2365.6666666666665,59210.666666666664
0.303,1105.0,17679.0
0.303,2724.0,61138.0
0.303,246.0,1860.0
0.303,690.0,29867.0
0.303,1307.0,51612.0
0.303,505.0,6838.0
0.303,1669.0,43987.0
0.303,1820.0,73838.5
0.303,1034.0,31669.0
0.303,3500.0,93091.0
0.303,3500.0,108653.0
0.303,79.0,102.0
0.303,3500.0,49057.0
0.303,483.0,6941.0
0.303,128.0,1687.0
0.303,147.0,210.0
0.303,1285.0,27305.0
0.303,56.0,425.0
0.303,2058.75,101517.75
0.303,909.0,21643.0
0.303,59.0,493.0
0.303,254.0,2533.0
0.303,325.0,6108.0
0.303,188.5,2767.5
0.303,1817.0,54276.0
0.303,3500.0,125328.5
0.303,1177.0,25810.0
0.303,1045.0,11347.0
0.303,2365.3333333333335,98282.66666666667
0.303,1797.5,78087.5
0.303,3500.0,188674.0
0.303,3500.0,145424.0
0.303,1564.0,61707.0
0.303,2435.5,129901.0
0.303,1682.0,38786.0
0.303,81.0,98.0
0.303,1616.0,21771.0
0.303,61.0,466.0
0.303,3500.0,246911.0
0.303,74.0,837.0
0.303,257.0,11343.0
0.303,59.5,431.0
0.303,3500.0,143001.0
0.303,97.0,1118.0
0.303,3500.0,203168.33333333334
0.303,3500.0,176044.0
0.303,677.0,12667.0
0.303,3500.0,158714.0
0.303,484.0,19323.0
0.303,98.0,141.0
0.303,3500.0,135132.0
0.303,66.0,676.0
0.303,340.0,10219.0
0.303,1149.5,56887.0
0.303,3500.0,206746.0
0.303,1651.0,62022.0
0.304,252.0,3044.0
0.304,3500.0,87157.0
0.304,3500.0,216994.0
0.304,3500.0,128353.5
0.304,350.0,2770.0
0.304,421.0,14507.0
0.304,1973.0,69443.0
0.304,1803.3333333333333,51634.333333333336
0.304,1802.0,104116.5
0.304,78.0,1005.0
0.304,918.0,18409.0
0.304,107.0,1492.0
0.304,2398.5,113028.0
0.304,689.0,26542.5
0.304,101.0,116.0
0.304,1066.0,10620.0
0.304,346.5,4023.0
0.304,1829.0,60326.0
0.304,2256.0,59474.5
0.304,3500.0,162575.0
0.304,861.6666666666666,17111.333333333332
0.304,267.0,3383.0
0.304,3500.0,195954.0
0.304,3500.0,55751.0
0.304,105.0,1398.0
0.304,628.0,10357.0
0.304,253.0,3807.0
0.304,194.0,6092.0
0.304,928.0,51083.5
0.304,1994.5,56077.0
0.304,737.0,12545.0
0.304,2353.3333333333335,62004.333333333336
0.304,1044.0,37488.0
0.304,3500.0,67757.0
0.304,3500.0,90468.0
0.304,3500.0,218071.0
0.304,3500.0,92185.0
0.304,2266.0,63755.5
0.304,2064.0,55670.0
0.304,2070.0,65713.25
0.304,316.0,4906.0
0.304,3500.0,136327.0
0.304,3500.0,120582.0
0.304,3500.0,92908.0
0.304,1016.0,10931.0
0.304,2380.5,139674.5
0.304,89.0,105.0
0.304,144.0,2795.0
0.304,406.0,9196.0
0.304,62.0,501.0
0.304,1977.0,62481.0
0.304,528.0,6601.0
0.305,3500.0,126329.5
0.305,2039.0,75702.0
0.305,3500.0,148874.0
0.305,213.33333333333334,1501.3333333333333
0.305,3500.0,115192.0
0.305,1736.0,82500.0
0.305,2432.6666666666665,97300.0
0.305,766.5,26161.0
0.305,1021.0,26177.0
0.305,299.0,2633.0
0.305,888.5,13089.0
0.305,498.0,8967.5
0.305,1097.0,31124.0
0.305,98.0,101.0
0.305,149.0,1411.3333333333333
0.305,359.0,4572.0
0.305,1862.0,73576.0
0.305,249.0,3895.0
0.305,1781.0,61555.0
0.305,201.0,1773.0
0.305,1376.0,28215.0
0.305,3500.0,185227.0
0.305,382.0,5307.0
0.305,2552.0,85678.5
0.305,1091.25,21883.0
0.305,3500.0,87244.0
0.305,1921.0,42623.0
0.305,696.5,11631.5
0.305,433.0,6440.0
0.305,384.0,6386.0
0.305,2270.5,88719.0
0.305,1193.0,29373.0
0.305,1092.0,41161.0
0.305,367.0,2756.0
0.305,1309.0,59442.0
0.305,1261.0,45110.0
0.305,299.0,3811.0
0.305,3500.0,121570.66666666667
0.305,1253.0,23193.0
0.305,3500.0,94855.0
0.305,641.0,7212.0
0.305,246.0,2710.5
0.305,1391.0,88317.33333333333
0.305,1261.0,49393.0
0.305,3500.0,180057.0
0.305,3500.0,192687.0
0.305,25.0,350.0
0.305,1192.3333333333333,63494.666666666664
0.305,1831.0,94839.0
0.305,3500.0,133789.0
0.305,2382.0,105353.66666666667
0.305,104.0,113.0
0.305,1300.0,65978.0
0.305,2991.0,87717.66666666667
0.305,106.0,114.0
0.305,3500.0,116409.5
0.305,100.0,854.0
0.305,3500.0,214891.0
0.305,83.0,196.0
0.305,1805.0,39559.0
0.305,1794.5,34889.5
0.305,266.0,9654.0
0.306,2354.3333333333335,88475.66666666667
0.306,1803.5,66860.0
0.306,87.0,948.0
0.306,3500.0,145867.0
0.306,88.0,1149.0
0.306,2458.5,53577.0
0.306,88.0,107.0
0.306,3500.0,74108.0
0.306,3500.0,203800.0
0.306,877.5,55371.5
0.306,158.0,821.0
0.306,1069.0,27819.0
0.306,92.0,113.0
0.306,3500.0,169768.0
0.306,3500.0,118930.0
0.306,674.5,24050.5
0.306,1120.0,34934.0
0.306,669.0,16035.0
0.306,237.0,5683.0
0.306,1370.0,51334.0
0.306,3500.0,120672.0
0.306,275.0,5042.0
0.306,3500.0,100562.0
0.306,130.0,166.0
0.306,2371.0,68748.5
0.306,243.0,1307.0
0.306,3500.0,109588.0
0.306,3500.0,166200.0
0.306,3500.0,159254.0
0.306,1794.0,103636.5
0.306,1933.0,94271.0
0.306,60.0,68.0
0.306,1356.0,34874.0
0.306,521.0,4364.0
0.306,132.0,203.0
0.306,3500.0,86087.0
0.306,1157.0,18830.0
0.306,3500.0,127134.5
0.306,594.0,30438.5
0.306,1753.0,80914.0
0.306,3500.0,192402.0
0.306,161.0,1618.0
0.306,3500.0,86649.0
0.306,3500.0,141108.0
0.306,248.0,6416.0
0.306,80.0,2030.0
0.306,3500.0,144287.0
0.306,389.0,6273.0
0.306,1194.0,30933.0
0.306,224.0,4005.0
0.306,3500.0,81344.0
0.306,2383.3333333333335,99177.66666666667
0.306,804.5,21623.5
0.306,1017.0,16454.0
0.306,1839.0,111585.0
0.306,2424.3333333333335,75702.33333333333
0.306,1695.0,97336.0
0.306,1025.0,10822.0
0.306,3500.0,156663.0
0.306,178.0,243.0
0.307,3500.0,215235.0
0.307,218.0,5031.0
0.307,3500.0,136427.0
0.307,107.0,165.0
0.307,1345.0,40775.0
0.307,3500.0,180311.0
0.307,3500.0,109388.0
0.307,3500.0,137948.0
0.307,3500.0,185570.0
0.307,3500.0,120220.0
0.307,3500.0,150581.0
0.307,135.0,937.0
0.307,3500.0,78465.0
0.307,122.0,148.0
0.307,3500.0,155902.0
0.307,270.0,1562.0
0.307,3500.0,136988.5
0.307,3500.0,84803.0
0.307,314.0,2975.0
0.307,1890.5,49261.5
0.307,1795.5,118730.5
0.307,1007.0,9112.0
0.307,1337.0,61082.0
0.307,150.0,216.0
0.307,2362.6666666666665,106299.66666666667
0.307,3500.0,118881.5
0.307,1025.0,18597.0
0.307,3500.0,110514.0
0.307,1737.0,74582.0
0.307,1139.0,47439.0
0.307,3500.0,165233.0
0.307,502.5,7533.5
0.307,84.0,96.0
0.307,775.0,25866.333333333332
0.307,1126.0,24602.0
0.307,1280.0,50107.0
0.307,167.0,492.0
0.307,353.3333333333333,7402.666666666667
0.307,2291.5,129710.5
0.307,410.0,5498.0
0.307,428.0,8351.666666666666
0.307,3500.0,140824.0
0.307,321.0,1899.0
0.307,3500.0,195202.5
0.307,770.6666666666666,14189.333333333334
0.307,146.0,1503.0
0.308,102.0,103.0
0.308,2019.5,69707.5
0.308,1370.0,14818.0
0.308,2379.0,87944.5
0.308,223.0,2843.0
0.308,2457.5,101726.5
0.308,1905.5,86316.0
0.308,3500.0,60288.0
0.308,449.0,3535.0
0.308,1202.0,33316.5
0.308,2524.0,118852.5
0.308,96.0,149.0
0.308,62.0,563.0
0.308,132.0,143.0
0.308,3500.0,130359.0
0.308,201.0,1268.0
0.308,1177.0,34702.0
0.308,466.0,21897.0
0.308,2691.0,83122.33333333333
0.308,3500.0,175551.5
0.308,3500.0,183777.0
0.308,262.0,3629.0
0.308,1875.0,50175.5
0.308,1863.5,64940.5
0.308,3500.0,273390.0
0.308,3500.0,129860.0
0.308,3500.0,117477.0
0.308,1838.0,72433.0
0.308,117.0,785.0
0.308,3500.0,244341.0
0.308,1067.0,16858.0
0.308,64.0,695.0
0.308,1297.0,35785.0
0.308,96.0,865.0
0.308,94.0,725.0
0.308,305.0,4903.0
0.308,726.3333333333334,24915.0
0.308,1002.0,7361.0
0.308,573.0,7726.0
0.308,3500.0,145804.0
0.308,544.0,8531.0
0.308,3500.0,131002.0
0.308,3500.0,90945.0
0.308,188.0,1071.0
0.308,1793.0,43475.0
0.308,494.0,10111.0
0.308,991.75,19886.5
0.308,3500.0,98690.0
0.308,3500.0,79769.0
0.309,116.0,129.0
0.309,757.0,11020.0
0.309,297.0,2639.0
0.309,1643.0,59576.0
0.309,3500.0,134575.0
0.309,75.0,185.5
0.309,1091.0,23861.5
0.309,129.0,2280.0
0.309,3500.0,135274.5
0.309,3500.0,160115.0
0.309,3500.0,116853.5
0.309,3500.0,222003.0
0.309,671.0,11665.0
0.309,3500.0,234293.0
0.309,2407.0,84166.66666666667
0.309,1084.0,39180.0
0.309,207.0,1392.0
0.309,1244.0,23391.0
0.309,1261.0,32003.0
0.309,3500.0,83351.0
0.309,3500.0,93423.0
0.309,3500.0,221579.5
0.309,379.0,5450.0
0.309,3500.0,182567.0
0.309,649.0,10526.0
0.309,3500.0,105773.0
0.309,1346.0,27073.0
0.309,636.5,10419.5
0.309,462.0,8716.0
0.309,90.0,92.0
0.309,3500.0,101578.0
0.309,1091.0,51886.0
0.309,409.0,9782.0
0.309,1842.5,34629.0
0.309,1911.5,116044.0
0.309,587.6666666666666,22940.333333333332
0.309,3500.0,172705.0
0.309,656.5,9803.0
0.309,2523.3333333333335,63742.0
0.309,1845.0,56204.5
0.309,2508.5,78712.5
0.309,3500.0,135818.0
0.309,3500.0,75266.0
0.309,2331.5,113651.0
0.309,1822.5,55470.5
0.309,2308.5,67274.5
0.309,1853.0,62631.0
0.309,3500.0,210758.0
0.309,73.0,80.0
0.309,2353.3333333333335,130131.66666666667
0.309,103.0,590.0
0.309,509.0,5428.0
0.31,1023.0,59319.0
0.31,3500.0,87698.0
0.31,3500.0,180821.0
0.31,135.0,270.5
0.31,581.0,9047.666666666666
0.31,1141.0,28427.0
0.31,1882.0,66175.5
0.31,121.0,1273.0
0.31,3500.0,217743.0
0.31,2798.3333333333335,107958.0
0.31,1292.0,24627.0
0.31,3500.0,137455.0
0.31,161.0,1448.0
0.31,3500.0,92224.0
0.31,2518.5,105436.5
0.31,3500.0,129533.0
0.31,85.0,100.0
0.31,3500.0,59131.0
0.31,66.5,71.0
0.31,183.5,1474.5
0.31,92.0,98.0
0.31,382.0,5651.0
0.31,348.0,2456.0
0.31,1386.0,58758.0
0.31,674.0,12958.0
0.31,1250.5,17187.5
0.31,3500.0,194180.0
0.31,1859.5,54472.0
0.31,98.0,202.0
0.31,3500.0,93613.0
0.31,1292.0,39702.0
0.31,741.0,31702.0
0.31,1780.0,105845.0
0.31,17.0,180.0
0.31,3500.0,207805.5
0.31,3500.0,158586.0
0.31,1422.0,48134.0
0.31,1775.0,46125.0
0.31,1783.0,40483.0
0.31,3500.0,104466.0
0.31,3500.0,170239.0
0.31,1014.25,33720.25
0.31,1369.0,42009.0
0.31,61.0,1323.0
0.31,373.0,4536.0
0.31,2766.0,110993.0
0.31,1221.3333333333333,24103.666666666668
0.31,1227.0,44739.0
0.31,578.5,12586.5
0.31,1003.0,15039.0
0.31,807.0,25111.0
0.31,1268.75,43041.25
0.31,319.0,3172.0
0.31,1299.0,71104.0
0.31,1057.0,59603.0
0.31,170.0,359.0
0.31,3500.0,117948.0
0.31,1959.5,63002.0
0.31,3500.0,77761.0
0.31,3500.0,94158.0
0.31,61.0,912.0
0.31,1991.0,128936.0
0.311,308.0,3912.0
0.311,79.5,255.0
0.311,1964.5,76484.5
0.311,3500.0,105735.0
0.311,2038.5,78612.5
0.311,3500.0,67023.0
0.311,153.0,1556.0
0.311,3500.0,190948.0
0.311,65.0,632.0
0.311,3500.0,172162.0
0.311,814.0,7070.0
0.311,3021.3333333333335,129891.0
0.311,1647.3333333333333,83069.66666666667
0.311,3500.0,254868.0
0.311,682.0,18887.0
0.311,1859.0,82243.5
0.311,220.0,5168.0
0.311,1506.0,49387.0
0.311,3500.0,185608.0
0.311,3500.0,181853.0
0.311,262.0,2507.0
0.311,1968.6666666666667,68767.33333333333
0.311,3500.0,121978.0
0.311,2408.0,58015.666666666664
0.311,3500.0,108358.0
0.311,3500.0,212571.0
0.311,1783.5,53819.0
0.311,1079.0,27062.0
0.311,1736.0,91287.0
0.311,3500.0,163883.0
0.311,2116.5,109704.0
0.311,283.0,3278.0
0.311,3500.0,61841.0
0.311,3500.0,105573.0
0.311,3500.0,115225.0
0.311,1792.5,97638.0
0.311,63.0,643.0
0.311,1033.0,23432.0
0.311,295.0,2258.0
0.311,3500.0,67729.0
0.311,3500.0,180557.0
0.311,1779.5,62172.0
0.311,1789.0,95483.5
0.311,663.0,17576.0
0.311,1062.0,26205.0
0.311,1214.6666666666667,32977.666666666664
0.311,101.0,175.0
0.311,111.0,175.0
0.311,1390.0,59342.0
0.311,3500.0,157201.0
0.311,2298.5,67133.0
0.312,1801.5,88796.5
0.312,1621.0,81761.0
0.312,3500.0,102417.66666666667
0.312,1104.0,37784.0
0.312,3500.0,43791.0
0.312,668.0,27403.0
0.312,491.0,10085.0
0.312,746.5,20467.5
0.312,3500.0,98074.0
0.312,91.0,96.0
0.312,3500.0,75581.0
0.312,1369.0,87915.0
0.312,2763.0,144041.5
0.312,3500.0,226583.0
0.312,361.0,2523.0
0.312,3500.0,71518.0
0.312,2255.5,58831.5
0.312,1398.3333333333333,32796.333333333336
0.312,1096.0,36098.0
0.312,3500.0,142111.0
0.312,2396.0,82206.33333333333
0.312,60.0,485.0
0.312,3500.0,155136.0
0.312,1782.0,100862.5
0.312,1316.6666666666667,65512.0
0.312,3500.0,89067.0
0.312,3500.0,102933.0
0.312,384.0,8047.0
0.312,3500.0,143351.0
0.312,1329.0,36397.0
0.312,107.5,112.5
0.312,3500.0,129067.0
0.312,443.0,7091.0
0.312,166.0,1016.5
0.312,216.5,2663.5
0.312,1456.75,43227.25
0.312,1032.5,37830.5
0.312,400.0,5301.0
0.312,2265.0,79845.5
0.312,1011.0,22339.0
0.312,2429.0,138024.5
0.312,3500.0,110841.0
0.313,3500.0,141100.0
0.313,1782.5,110645.5
0.313,3500.0,105884.5
0.313,1257.0,62782.0
0.313,736.5,19743.0
0.313,3500.0,78882.0
0.313,3500.0,166575.0
0.313,3500.0,149709.0
0.313,63.0,584.0
0.313,1285.0,29777.0
0.313,1139.0,16437.0
0.313,1845.5,89016.0
0.313,242.0,8043.0
0.313,377.0,4683.0
0.313,44.0,927.0
0.313,3500.0,144612.5
0.313,2429.5,96055.0
0.313,3500.0,142070.0
0.313,2578.5,127302.5
0.313,414.0,9079.0
0.313,3500.0,101147.0
0.313,2429.3333333333335,93342.0
0.313,451.0,6886.5
0.313,3500.0,132614.0
0.313,63.5,603.0
0.313,1074.0,35918.0
0.313,1968.5,62981.5
0.313,113.0,1444.0
0.313,108.0,843.0
0.313,329.0,5173.5
0.313,3500.0,101281.0
0.313,88.0,89.0
0.313,1801.0,54713.5
0.313,3500.0,210050.0
0.313,1249.0,52519.0
0.313,1610.6666666666667,49178.666666666664
0.313,132.0,1944.3333333333333
0.313,186.0,2953.5
0.313,3500.0,221266.0
0.313,3500.0,145176.0
0.313,643.0,9558.0
0.313,2492.3333333333335,77666.0
0.313,2589.0,180725.5
0.313,3500.0,121665.0
0.313,293.6666666666667,7956.333333333333
0.313,2267.0,93724.0
0.313,168.0,1504.0
0.313,291.5,3411.0
0.313,348.0,2530.0
0.313,152.0,167.0
0.313,931.0,19332.0
0.313,1778.0,26804.0
0.314,2043.0,66762.0
0.314,3500.0,88710.0
0.314,1017.0,10061.0
0.314,1284.3333333333333,47990.333333333336
0.314,1336.0,40974.0
0.314,214.0,1438.0
0.314,3500.0,209848.0
0.314,3500.0,214595.0
0.314,1845.0,123526.0
0.314,2819.4,92880.4
0.314,166.5,2308.0
0.314,1559.0,77498.0
0.314,1054.0,41000.0
0.314,767.0,22838.5
0.314,1442.0,74533.0
0.314,109.0,1117.0
0.314,757.0,6566.0
0.314,3500.0,82880.0
0.314,1441.0,125100.0
0.314,1105.0,19793.0
0.314,3500.0,219012.0
0.314,2348.6666666666665,125024.33333333333
0.314,3500.0,197065.0
0.314,365.0,8022.0
0.314,1026.0,31203.0
0.314,77.0,90.0
0.314,124.0,1035.0
0.314,846.0,9292.0
0.314,3500.0,267385.0
0.314,812.5,26357.5
0.314,1142.0,18425.0
0.314,1321.0,39167.0
0.314,1283.0,56675.0
0.314,1537.0,94721.0
0.314,1691.6666666666667,64014.0
0.314,1003.0,37345.0
0.314,541.0,9795.0
0.314,404.0,1352.0
0.314,3500.0,114953.0
0.314,1997.0,59978.0
0.314,1271.0,23742.0
0.314,589.0,8280.0
0.314,95.0,107.0
0.314,1773.5,38919.5
0.314,112.0,872.0
0.315,3500.0,195445.0
0.315,3500.0,197034.0
0.315,3500.0,195617.0
0.315,155.0,168.0
0.315,708.5,15515.5
0.315,525.0,17948.0
0.315,3500.0,183362.0
0.315,3500.0,125798.0
0.315,1439.0,52911.0
0.315,154.0,1460.0
0.315,1790.5,39947.0
0.315,2434.5,82932.0
0.315,527.0,4265.0
0.315,338.0,4306.0
0.315,3500.0,203201.0
0.315,1013.0,36549.0
0.315,350.0,2964.0
0.315,241.0,2137.0
0.315,118.5,510.5
0.315,1188.0,26135.0
0.315,64.0,503.0
0.315,1305.0,29901.0
0.315,100.0,105.0
0.315,105.0,107.0
0.315,1779.0,60541.0
0.315,2777.6666666666665,121847.33333333333
0.315,239.0,3914.0
0.315,1321.0,30100.0
0.315,3500.0,238203.0
0.315,3500.0,167635.0
0.315,471.5,4126.5
0.315,94.0,103.0
0.315,3500.0,97375.0
0.315,3500.0,69265.0
0.315,1044.0,26568.0
0.315,85.0,103.0
0.315,178.0,2571.0
0.315,3500.0,133273.0
0.315,3500.0,73072.0
0.315,1886.5,42635.0
0.315,694.5,12811.5
0.315,790.0,32645.5
0.315,2002.5,58978.0
0.315,1280.5,48677.5
0.315,1798.5,73965.5
0.315,1797.0,75687.5
0.315,203.5,4409.0
0.315,221.0,3259.0
0.315,3500.0,146427.5
0.315,1414.0,45190.5
0.315,3500.0,79821.0
0.315,3500.0,161103.0
0.315,491.0,9880.0
0.315,3500.0,122481.0
0.315,300.0,6261.0
0.316,1024.0,22670.0
0.316,3500.0,128187.33333333333
0.316,554.0,8879.5
0.316,334.0,5712.0
0.316,1825.0,94951.0
0.316,3500.0,100555.0
0.316,236.0,1499.0
0.316,387.0,2428.0
0.316,2328.5,156057.5
0.316,245.0,2852.5
0.316,584.5,46724.0
0.316,1505.0,57920.0
0.316,3500.0,132388.25
0.316,3500.0,113645.0
0.316,3500.0,178725.0
0.316,397.0,7066.0
0.316,769.0,13470.0
0.316,660.5,11473.0
0.316,243.0,1188.0
0.316,3500.0,178358.0
0.316,3500.0,131464.0
0.316,3500.0,139634.0
0.316,84.0,90.0
0.316,1476.75,46779.5
0.316,2584.5,85243.0
0.316,344.0,8128.0
0.316,1285.0,76593.0
0.316,273.0,8291.0
0.316,1864.0,86118.0
0.316,902.0,29993.0
0.316,1939.5,37070.5
0.316,63.0,628.0
0.316,3500.0,153561.0
0.316,1358.3333333333333,49384.0
0.316,3500.0,158166.0
0.316,817.0,11358.0
0.316,340.5,3391.5
0.316,3500.0,117606.0
0.316,1803.5,71083.0
0.316,841.0,21488.0
0.316,421.0,4831.0
0.316,631.5,17411.0
0.316,3500.0,143614.0
0.316,192.0,342.0
0.316,2259.5,93240.0
0.316,3500.0,98555.0
0.316,3500.0,42045.0
0.316,956.5,35454.0
0.316,3500.0,147178.0
0.317,240.0,9150.0
0.317,449.0,8728.0
0.317,3500.0,86713.0
0.317,142.0,153.0
0.317,2370.5,89166.0
0.317,1599.0,17052.0
0.317,2424.5,78885.0
0.317,237.0,2812.0
0.317,1301.0,52808.0
0.317,3500.0,138266.0
0.317,971.0,44960.0
0.317,1789.0,80080.0
0.317,3500.0,178656.0
0.317,1791.0,43777.5
0.317,3500.0,83372.0
0.317,2136.0,77197.66666666667
0.317,3500.0,64077.0
0.317,927.5,40373.5
0.317,3500.0,129436.0
0.317,152.0,164.0
0.317,3500.0,59381.0
0.317,2367.0,102066.66666666667
0.317,1792.0,37746.5
0.317,240.0,3773.0
0.317,1788.0,92038.0
0.317,278.0,1712.0
0.317,576.0,26752.0
0.317,3500.0,89769.0
0.317,3500.0,163772.0
0.317,3500.0,139170.0
0.317,1778.0,93961.5
0.317,90.0,1786.0
0.317,1073.0,16423.0
0.317,3500.0,134588.0
0.317,979.0,18715.0
0.317,1780.5,41999.5
0.317,1902.0,82083.0
0.317,172.0,919.0
0.317,78.0,438.0
0.317,1912.6666666666667,55444.666666666664
0.317,557.0,11496.5
0.317,3500.0,63925.0
0.317,163.0,1447.0
0.317,2186.5,120530.5
0.317,3500.0,141332.0
0.317,3500.0,87507.0
0.317,3500.0,108536.5
0.317,1856.5,47809.5
0.317,3500.0,174617.0
0.317,343.0,3786.0
0.317,1304.0,56970.666666666664
0.317,1324.0,34120.0
0.317,3500.0,183252.0
0.317,3500.0,115626.0
0.318,1780.5,148655.5
0.318,590.0,16238.5
0.318,88.0,91.0
0.318,113.0,217.0
0.318,652.5,17023.5
0.318,1635.0,64152.0
0.318,3500.0,213188.0
0.318,82.0,135.0
0.318,503.0,8041.0
0.318,1089.0,19423.0
0.318,848.0,26613.5
0.318,64.0,531.0
0.318,263.0,1403.0
0.318,1913.5,69176.0
0.318,3500.0,141335.0
0.318,658.5,13483.5
0.318,204.0,2767.0
0.318,400.0,4285.0
0.318,504.0,13405.0
0.318,180.0,2774.5
0.318,1333.0,27320.0
0.318,3500.0,68045.0
0.318,457.0,4582.0
0.318,562.0,16020.0
0.318,3500.0,128912.0
0.318,78.0,699.0
0.318,1924.5,37012.0
0.318,3500.0,196329.0
0.318,2327.5,117290.5
0.318,3500.0,83210.0
0.318,1712.6666666666667,77290.0
0.318,1069.0,25904.0
0.318,3500.0,99265.0
0.318,1934.5,42192.0
0.318,3500.0,134600.0
0.318,84.0,992.0
0.318,354.5,8089.5
0.318,856.25,22235.25
0.318,813.0,37771.5
0.318,293.0,1377.0
0.318,71.0,312.0
0.318,186.0,2279.0
0.318,101.0,782.0
0.318,2410.0,117687.0
0.318,79.0,1690.0
0.318,3500.0,145593.0
0.318,144.5,1467.0
0.318,3500.0,180556.5
0.318,62.0,440.0
0.318,1294.5,50175.0
0.318,99.0,575.0
0.318,94.0,106.0
0.318,3500.0,170601.0
0.318,101.0,154.0
0.318,63.0,679.0
0.319,3500.0,126550.5
0.319,165.0,2604.0
0.319,290.0,2276.5
0.319,1960.5,38202.5
0.319,3500.0,92259.5
0.319,741.5,27949.0
0.319,1201.0,19549.0
0.319,1090.6666666666667,47824.333333333336
0.319,95.5,102.5
0.319,3500.0,221290.0
0.319,1791.0,29115.5
0.319,99.0,832.0
0.319,415.0,13955.0
0.319,152.0,2152.0
0.319,59.0,432.0
0.319,3500.0,209844.0
0.319,93.0,733.0
0.319,3500.0,131473.0
0.319,964.0,40781.5
0.319,682.0,10361.5
0.319,3500.0,99773.0
0.319,3500.0,213898.0
0.319,1010.0,25730.0
0.319,427.0,3711.0
0.319,1399.0,38617.0
0.319,2024.5,56709.0
0.319,3500.0,132126.0
0.319,1591.0,38616.0
0.319,2451.5,94651.0
0.319,63.0,622.0
0.319,1795.0,96269.0
0.319,1986.0,46246.5
0.319,2641.5,78719.0
0.319,186.0,1314.0
0.319,3500.0,104135.0
0.319,208.0,1722.0
0.319,407.0,3437.0
0.319,3500.0,140153.0
0.319,3500.0,185901.0
0.319,1842.0,98510.0
0.319,3500.0,124464.0
0.319,3500.0,130084.0
0.319,1560.0,66442.5
0.319,568.5,16183.5
0.319,411.6666666666667,7024.666666666667
0.319,201.0,1183.0
0.319,3500.0,116716.0
0.319,3500.0,130088.0
0.319,3500.0,98674.0
0.319,323.0,4125.0
0.319,147.0,1689.0
0.319,480.0,9919.0
0.319,2397.0,59763.5
0.32,3500.0,119903.5
0.32,3500.0,80627.0
0.32,58.0,423.0
0.32,115.0,139.0
0.32,61.0,392.0
0.32,559.6666666666666,10877.666666666666
0.32,629.5,11840.5
0.32,100.0,331.0
0.32,1045.0,21051.0
0.32,1725.0,64576.0
0.32,3500.0,158633.5
0.32,3500.0,218280.0
0.32,2020.6666666666667,81547.0
0.32,3500.0,92586.0
0.32,113.0,1214.0
0.32,65.0,575.0
0.32,114.0,1169.0
0.32,69.0,287.0
0.32,3500.0,171891.0
0.32,111.0,954.0
0.32,3500.0,93039.0
0.32,872.5,26916.0
0.32,3500.0,216802.0
0.32,2145.5,116006.5
0.32,419.0,8129.5
0.32,1809.0,90163.0
0.32,3500.0,145387.0
0.32,3500.0,160288.0
0.32,1081.0,39583.0
0.32,2039.0,66640.0
0.32,160.0,1670.0
0.32,1923.0,81097.5
0.32,594.0,8785.0
0.32,439.0,5968.0
0.32,3500.0,55072.0
0.32,137.0,899.0
0.32,2335.0,85799.5
0.32,619.5,23893.5
0.32,3500.0,184821.5
0.32,881.5,24324.5
0.32,3500.0,131331.5
0.32,1021.0,63072.0
0.32,108.0,1157.0
0.32,108.0,643.0
0.32,3500.0,72872.0
0.32,3500.0,111170.0
0.32,231.0,826.6666666666666
0.321,578.0,7780.0
0.321,49.0,1163.0
0.321,59.0,546.0
0.321,63.0,578.0
0.321,1923.5,36083.5
0.321,972.0,17787.0
0.321,3500.0,107768.0
0.321,1218.0,36327.0
0.321,1916.5,39271.5
0.321,619.5,28843.0
0.321,2075.0,80581.0
0.321,3500.0,90266.0
0.321,1072.0,30416.0
0.321,1609.6666666666667,32858.666666666664
0.321,1785.0,66149.0
0.321,86.0,1444.0
0.321,148.0,2279.0
0.321,1423.6666666666667,44810.666666666664
0.321,153.0,3303.0
0.321,103.5,457.0
0.321,80.0,104.0
0.321,1796.0,52921.5
0.321,87.0,97.0
0.321,1301.0,36385.0
0.321,3500.0,152021.5
0.321,746.0,27501.0
0.321,3500.0,159416.0
0.321,3500.0,162528.0
0.321,138.0,261.0
0.321,3500.0,180410.0
0.321,607.5,10063.0
0.321,73.0,899.0
0.321,159.0,2150.0
0.321,119.0,1269.0
0.321,118.0,858.0
0.321,862.0,16310.0
0.321,275.5,9224.5
0.321,246.0,2375.0
0.321,1799.5,47882.5
0.321,3500.0,123416.0
0.321,1231.0,45624.0
0.321,143.0,1258.0
0.321,3500.0,213882.0
0.321,1663.0,69966.0
0.321,205.0,4538.0
0.322,1412.0,36571.0
0.322,3500.0,202163.0
0.322,173.0,2355.0
0.322,3500.0,122212.0
0.322,61.0,561.0
0.322,1317.0,73072.33333333333
0.322,3500.0,36769.0
0.322,1849.5,128988.0
0.322,1048.6666666666667,46959.0
0.322,1004.0,33830.0
0.322,1910.0,65671.5
0.322,249.0,4943.0
0.322,3500.0,68461.0
0.322,99.0,162.0
0.322,1781.5,93063.5
0.322,1941.0,82527.0
0.322,1799.0,46858.0
0.322,3500.0,217100.0
0.322,3500.0,163398.5
0.322,1367.25,69277.0
0.322,98.0,103.0
0.322,3500.0,179424.0
0.322,145.0,239.0
0.322,1892.0,37568.0
0.322,1297.0,15020.0
0.322,1109.0,35344.0
0.322,2525.0,77156.33333333333
0.322,1984.0,55429.0
0.322,3500.0,183870.0
0.322,107.0,780.0
0.322,619.0,17943.0
0.322,279.0,4715.0
0.322,111.0,1204.0
0.322,1767.0,56478.0
0.322,3500.0,147708.0
0.322,528.0,5871.0
0.322,3500.0,153420.0
0.322,97.0,153.0
0.322,1413.0,36629.0
0.322,3500.0,74345.0
0.322,103.0,1131.0
0.322,3500.0,167570.0
0.322,1664.6666666666667,83991.33333333333
0.322,2435.0,103658.5
0.322,182.0,979.0
0.322,3500.0,114155.0
0.323,1017.0,22787.0
0.323,144.0,1187.0
0.323,3500.0,71777.0
0.323,380.0,3722.0
0.323,1147.0,29052.0
0.323,1769.0,130041.0
0.323,246.0,3073.0
0.323,379.0,4101.0
0.323,672.5,8973.0
0.323,3500.0,189511.0
0.323,1071.6666666666667,41022.333333333336
0.323,315.0,7663.0
0.323,111.0,1248.0
0.323,2404.0,145979.5
0.323,1926.0,67334.5
0.323,45.0,46.0
0.323,3500.0,74633.0
0.323,70.0,1075.0
0.323,80.5,389.0
0.323,286.0,4146.0
0.323,3500.0,111370.0
0.323,759.0,28216.5
0.323,3500.0,79452.0
0.323,147.0,946.0
0.323,1414.0,19826.0
0.323,1794.5,143530.0
0.323,1801.5,116505.5
0.323,1899.0,100904.0
0.323,3500.0,127300.0
0.323,3500.0,203953.0
0.323,2578.5,151477.5
0.323,228.5,1308.5
0.323,82.0,631.0
0.323,362.0,5508.0
0.323,1795.5,105336.5
0.323,1021.0,24808.0
0.323,88.0,642.0
0.323,64.0,434.0
0.323,246.0,2825.0
0.323,3500.0,98293.0
0.323,68.5,470.0
0.323,59.0,647.0
0.323,1297.0,73293.0
0.323,1791.5,60800.5
0.323,1822.0,108622.5
0.323,1235.0,60779.0
0.323,2340.0,75385.0
0.323,320.0,6517.0
0.323,60.0,525.0
0.323,1045.0,13975.0
0.323,1526.0,34396.5
0.323,304.0,3249.0
0.323,22.0,275.0
0.323,3500.0,116992.0
0.324,3500.0,210749.0
0.324,1415.3333333333333,68502.66666666667
0.324,1930.0,20973.0
0.324,337.0,6338.0
0.324,3500.0,166181.0
0.324,1620.0,70447.0
0.324,1616.0,34045.0
0.324,256.5,5627.5
0.324,2236.5,69957.5
0.324,87.0,89.0
0.324,103.0,152.0
0.324,1333.0,42345.0
0.324,82.0,189.0
0.324,255.0,3715.0
0.324,175.0,1584.0
0.324,64.0,561.0
0.324,751.0,32596.5
0.324,3500.0,137631.0
0.324,1523.0,71357.0
0.324,3500.0,163132.0
0.324,3500.0,170014.0
0.324,1709.6666666666667,45652.666666666664
0.324,325.0,1536.0
0.324,88.0,107.0
0.324,172.0,1604.0
0.324,3500.0,159086.0
0.324,2035.3333333333333,65936.0
0.324,3500.0,108689.0
0.324,85.0,92.0
0.324,677.5,10683.0
0.324,3500.0,175831.0
0.324,1045.0,44780.0
0.324,3500.0,186265.0
0.324,263.0,4262.0
0.324,55.0,495.0
0.324,2051.0,109338.0
0.324,1664.0,71444.0
0.324,3500.0,239872.0
0.324,559.6666666666666,14666.0
0.324,88.0,584.0
0.324,3500.0,241614.0
0.324,3500.0,227864.0
0.324,96.0,105.0
0.324,224.0,3381.0
0.324,395.0,6616.0
0.324,145.0,1971.5
0.324,2597.0,178394.0
0.324,314.0,2800.0
0.325,3500.0,163968.0
0.325,65.0,492.0
0.325,3500.0,223823.0
0.325,337.0,1606.0
0.325,740.0,15898.0
0.325,1118.0,20316.0
0.325,3500.0,201778.5
0.325,3500.0,150245.0
0.325,220.0,2215.0
0.325,1680.5,69726.0
0.325,80.0,434.0
0.325,122.0,1343.0
0.325,66.0,524.0
0.325,1251.6666666666667,56531.0
0.325,1888.0,34283.0
0.325,89.0,1057.0
0.325,209.0,3404.0
0.325,97.0,141.0
0.325,613.0,9516.0
0.325,931.0,19855.5
0.325,110.0,1001.0
0.325,131.0,231.0
0.325,110.0,1261.0
0.325,1306.0,73915.0
0.325,155.0,3630.0
0.325,1479.6666666666667,16082.333333333334
0.325,329.5,4610.5
0.325,111.0,1554.0
0.325,3500.0,59400.0
0.325,2272.5,92709.5
0.325,3500.0,96536.0
0.325,2265.0,144689.0
0.325,959.0,10518.5
0.325,1801.0,79727.5
0.325,350.0,4997.0
0.325,3500.0,163883.0
0.325,364.0,2240.0
0.325,236.0,4688.0
0.325,69.0,108.0
0.325,3500.0,89405.0
0.325,1851.0,89915.5
0.325,107.0,1003.0
0.325,282.0,1167.0
0.326,3500.0,153120.0
0.326,3500.0,111667.0
0.326,841.0,9831.0
0.326,3500.0,98159.0
0.326,94.0,99.0
0.326,421.0,5928.0
0.326,1791.5,89359.5
0.326,101.0,212.0
0.326,3500.0,113017.0
0.326,3500.0,211094.0
0.326,2415.5,133265.5
0.326,3500.0,165926.0
0.326,3500.0,219876.0
0.326,2961.6666666666665,85466.66666666667
0.326,934.5,29479.0
0.326,2789.0,172636.0
0.326,3500.0,85146.0
0.326,1805.5,40195.5
0.326,380.0,4187.0
0.326,1570.0,62490.0
0.326,3500.0,163562.0
0.326,3500.0,66693.0
0.326,261.0,7830.0
0.326,3500.0,213360.0
0.326,2054.0,47979.0
0.326,238.0,5193.0
0.326,1826.5,34455.5
0.326,1378.0,49445.0
0.326,865.0,4619.0
0.326,3500.0,56092.0
0.326,2324.0,119070.0
0.326,3500.0,187692.0
0.326,115.0,1374.0
0.326,361.0,6564.0
0.326,3500.0,260370.0
0.326,2020.0,94080.0
0.326,3500.0,208219.0
0.326,785.5,45815.0
0.326,888.0,18989.0
0.326,1883.0,60238.0
0.326,360.0,4770.0
0.326,2340.0,102247.0
0.326,3500.0,118242.0
0.326,808.5,20418.0
0.327,100.0,634.0
0.327,1341.0,41850.0
0.327,3500.0,161836.0
0.327,1349.6666666666667,22241.666666666668
0.327,115.0,203.0
0.327,3500.0,66471.0
0.327,125.0,151.0
0.327,3500.0,79675.0
0.327,3500.0,239680.5
0.327,3500.0,219504.0
0.327,3500.0,123948.0
0.327,1349.0,54424.0
0.327,3500.0,170767.0
0.327,144.0,1122.0
0.327,79.0,94.0
0.327,2030.0,157586.0
0.327,1907.0,55786.0
0.327,848.0,17533.0
0.327,116.0,1395.0
0.327,2049.5,82933.0
0.327,894.0,25544.0
0.327,347.0,2604.0
0.327,61.0,588.0
0.327,107.0,163.0
0.327,320.0,7378.0
0.327,3500.0,105191.0
0.327,1779.5,58196.0
0.327,3500.0,165655.0
0.327,1359.6666666666667,84312.66666666667
0.327,64.0,349.0
0.327,3500.0,124258.0
0.327,2256.5,80870.5
0.327,707.3333333333334,12156.666666666666
0.327,2696.3333333333335,112251.66666666667
0.327,1795.0,82473.0
0.327,65.0,651.0
0.327,107.0,169.0
0.327,3500.0,84016.0
0.327,3500.0,177369.0
0.327,102.0,130.0
0.328,3500.0,218474.0
0.328,1829.0,88996.5
0.328,1798.5,59068.0
0.328,2098.0,86874.0
0.328,2440.5,51051.0
0.328,1800.0,87011.5
0.328,1069.0,42183.0
0.328,81.0,1011.5
0.328,3500.0,145121.0
0.328,576.6666666666666,17208.333333333332
0.328,571.6666666666666,8808.666666666666
0.328,1833.0,62601.0
0.328,108.0,762.0
0.328,3500.0,110769.0
0.328,381.0,11656.0
0.328,1171.0,66323.0
0.328,3500.0,185344.0
0.328,3500.0,69320.0
0.328,3500.0,213911.0
0.328,62.0,619.0
0.328,429.0,10299.0
0.328,541.0,10398.0
0.328,3500.0,125803.0
0.328,1857.0,46503.0
0.328,3500.0,84520.0
0.328,1607.0,58245.0
0.328,142.0,149.0
0.328,2064.0,82943.0
0.328,1081.0,34688.0
0.328,2293.5,78151.5
0.328,3500.0,181885.0
0.328,100.5,848.0
0.328,1080.0,21114.0
0.328,3500.0,194475.0
0.328,306.0,4245.0
0.328,447.0,2995.0
0.328,627.0,12212.5
0.328,3500.0,244185.0
0.328,92.5,100.5
0.328,146.0,159.0
0.328,1101.0,21752.0
0.328,1455.0,49244.0
0.329,2378.6666666666665,70532.33333333333
0.329,3500.0,101800.0
0.329,803.5,13465.5
0.329,1025.0,15262.0
0.329,1780.0,67072.0
0.329,98.0,202.0
0.329,148.0,1270.0
0.329,3500.0,112771.0
0.329,3500.0,182022.0
0.329,236.0,301.0
0.329,325.0,2704.0
0.329,3500.0,223152.0
0.329,103.0,106.0
0.329,1041.0,17478.0
0.329,127.0,2089.0
0.329,1513.0,73737.0
0.329,415.0,3505.0
0.329,3500.0,113666.5
0.329,1883.0,41676.5
0.329,3500.0,75602.0
0.329,565.5,6171.0
0.329,65.0,812.0
0.329,92.0,666.0
0.329,1274.0,61527.0
0.329,910.5,24916.5
0.329,145.0,1541.0
0.329,259.0,3553.0
0.329,3500.0,184252.33333333334
0.329,250.0,8190.0
0.329,3500.0,68025.0
0.329,3500.0,108389.0
0.329,3500.0,99622.0
0.329,3500.0,99409.0
0.329,3500.0,128583.33333333333
0.329,3500.0,121609.0
0.329,1261.0,79705.0
0.329,168.0,2530.0
0.33,162.0,761.0
0.33,64.0,679.0
0.33,3500.0,113640.0
0.33,100.0,109.0
0.33,235.0,1366.0
0.33,1105.0,25217.0
0.33,659.0,19905.5
0.33,1271.0,64426.0
0.33,140.5,1194.5
0.33,698.5,17840.5
0.33,1094.0,58429.5
0.33,229.0,1369.0
0.33,3500.0,105573.0
0.33,1544.5,51859.5
0.33,308.5,4324.5
0.33,70.0,71.0
0.33,1943.3333333333333,66604.33333333333
0.33,210.5,3401.5
0.33,1959.5,41410.0
0.33,3500.0,151871.0
0.33,1991.3333333333333,72627.66666666667
0.33,1800.0,31136.5
0.33,1107.0,14381.0
0.33,85.0,1565.0
0.33,3500.0,133392.0
0.33,3500.0,134038.0
0.33,61.0,419.0
0.33,1252.6666666666667,38031.333333333336
0.33,2084.0,114206.0
0.33,61.0,452.0
0.33,3500.0,155540.0
0.33,72.0,775.0
0.33,59.0,514.0
0.33,432.0,5169.0
0.33,1319.0,58609.0
0.33,1570.0,73037.0
0.33,90.0,101.0
0.33,306.0,4024.0
0.33,1873.0,85670.0
0.33,1913.0,96803.0
0.33,2464.5,118865.0
0.33,221.0,969.0
0.33,45.5,306.5
0.33,1780.5,45736.5
0.33,3500.0,115836.0
0.33,3500.0,81140.0
0.33,291.5,4237.0
0.33,331.0,5148.0
0.33,3500.0,92781.0
0.33,161.0,1723.0
0.33,615.0,10714.5
0.33,341.0,6335.0
0.33,3500.0,136253.0
0.331,1792.0,98560.5
0.331,267.5,1644.0
0.331,741.0,8883.0
0.331,1148.0,11637.0
0.331,90.0,102.0
0.331,173.0,704.6666666666666
0.331,3500.0,162865.0
0.331,968.25,34770.0
0.331,3500.0,186630.0
0.331,2371.0,69636.0
0.331,59.0,202.0
0.331,3500.0,129443.5
0.331,3500.0,113267.0
0.331,225.0,2321.0
0.331,177.0,4750.0
0.331,2354.3333333333335,116304.0
0.331,3500.0,138674.0
0.331,613.0,12949.0
0.331,51.0,136.0
0.331,3500.0,221677.0
0.331,3500.0,71227.0
0.331,3500.0,93651.0
0.331,1217.0,20945.0
0.331,65.0,594.0
0.331,81.0,783.0
0.331,539.0,11645.5
0.331,95.0,98.0
0.331,49.0,1062.0
0.331,1902.0,135707.0
0.331,3500.0,80556.0
0.331,1357.0,35920.5
0.331,395.0,7180.0
0.331,1878.5,90755.5
0.331,1796.5,93198.5
0.331,1084.0,52486.0
0.331,1247.0,46629.0
0.331,1936.0,60858.0
0.331,935.0,35819.0
0.331,2413.0,102469.0
0.331,25.0,361.0
0.331,205.0,3275.0
0.331,3500.0,126288.0
0.331,1582.0,106779.0
0.331,3500.0,182837.5
0.331,1494.0,43454.0
0.332,261.0,2841.0
0.332,721.0,9501.0
0.332,112.0,983.0
0.332,1990.5,65271.0
0.332,1654.6666666666667,70677.0
0.332,3500.0,167731.0
0.332,2284.5,103225.5
0.332,1102.0,43749.0
0.332,166.0,2677.0
0.332,3500.0,98010.0
0.332,1360.6666666666667,42052.0
0.332,1948.5,77904.5
0.332,71.0,744.0
0.332,198.0,1929.5
0.332,282.0,5228.0
0.332,260.0,3179.0
0.332,87.0,88.0
0.332,241.0,8268.333333333334
0.332,1491.5,32969.5
0.332,183.0,3586.0
0.332,157.0,1519.0
0.332,3500.0,136194.0
0.332,313.0,8500.0
0.332,60.0,651.0
0.332,92.0,148.0
0.332,1234.0,41391.0
0.332,300.0,7563.0
0.332,575.0,10675.5
0.332,3500.0,261535.0
0.332,1693.0,66802.0
0.332,3500.0,164587.0
0.332,126.5,788.0
0.332,3500.0,167237.0
0.332,754.0,13379.0
0.332,1297.0,44830.0
0.332,3500.0,106898.0
0.332,1333.0,95674.0
0.332,1588.0,23391.0
0.332,1250.3333333333333,52248.666666666664
0.332,3500.0,193885.0
0.333,3500.0,133725.0
0.333,1299.0,20039.0
0.333,754.0,26622.5
0.333,2043.5,116396.0
0.333,3500.0,128995.0
0.333,1305.5,50066.5
0.333,321.0,4690.0
0.333,3500.0,133760.0
0.333,297.0,1504.0
0.333,101.0,1065.0
0.333,1796.0,73649.5
0.333,2105.0,59424.5
0.333,207.5,1570.0
0.333,345.0,4455.0
0.333,61.0,669.0
0.333,1874.0,68359.0
0.333,563.5,12486.0
0.333,1297.0,41432.0
0.333,125.0,1732.0
0.333,204.0,2590.0
0.333,199.0,2304.0
0.333,334.0,4805.0
0.333,110.0,170.0
0.333,3500.0,207162.0
0.333,3500.0,96554.0
0.333,2765.6666666666665,97035.0
0.333,1795.5,101522.5
0.333,560.5,27775.0
0.333,1585.0,57193.0
0.333,325.0,1815.0
0.333,173.0,2773.0
0.333,74.0,965.0
0.333,3500.0,148594.0
0.333,3500.0,126972.0
0.333,1976.0,108968.0
0.333,437.0,4572.0
0.333,1609.0,99817.0
0.333,3500.0,187679.0
0.333,1666.0,50139.0
0.333,64.0,645.0
0.333,3500.0,200700.0
0.333,127.0,1299.0
0.334,2267.0,73659.5
0.334,1353.5,24651.5
0.334,561.0,9206.0
0.334,303.0,8791.0
0.334,1058.0,46022.5
0.334,2268.0,91865.5
0.334,118.0,1589.0
0.334,1045.0,12651.0
0.334,3500.0,159935.0
0.334,1783.5,40354.0
0.334,1657.0,73012.0
0.334,1069.0,33185.0
0.334,2014.0,128720.0
0.334,78.0,1124.0
0.334,949.0,20570.0
0.334,3500.0,199003.0
0.334,1454.75,58103.5
0.334,1785.5,47533.5
0.334,83.0,473.0
0.334,1811.0,54876.0
0.334,351.0,5074.0
0.334,66.0,807.0
0.334,467.0,8003.0
0.334,1780.5,103479.0
0.334,162.0,214.0
0.334,3500.0,111720.0
0.334,94.0,128.0
0.334,3500.0,56942.0
0.334,324.0,3267.0
0.334,3500.0,213981.0
0.334,1887.0,79826.5
0.334,56.0,165.0
0.334,268.0,6057.5
0.334,298.0,4953.0
0.334,471.0,5123.0
0.334,584.5,14320.5
0.334,2354.3333333333335,114004.0
0.334,1812.0,48098.5
0.334,3500.0,156996.0
0.334,3500.0,184380.0
0.334,3500.0,102601.0
0.334,3500.0,226679.0
0.334,73.5,248.0
0.334,62.0,448.0
0.334,209.5,1872.0
0.334,1278.0,45761.0
0.334,79.0,87.0
0.334,1745.3333333333333,80507.0
0.334,617.5,23653.0
0.334,352.0,1508.0
0.334,3500.0,172794.5
0.334,204.0,3311.0
0.334,62.5,607.5
0.334,3500.0,121068.0
0.334,1158.0,65645.0
0.335,415.0,6693.0
0.335,102.0,797.0
0.335,58.0,437.0
0.335,1338.0,36558.0
0.335,2390.3333333333335,132872.66666666666
0.335,3500.0,205697.0
0.335,946.0,21218.0
0.335,3500.0,79137.0
0.335,377.0,6506.5
0.335,60.0,104.0
0.335,3500.0,139559.5
0.335,96.0,144.0
0.335,380.0,2374.0
0.335,3500.0,60336.0
0.335,3500.0,143361.0
0.335,3500.0,88202.0
0.335,922.0,31214.666666666668
0.335,1285.0,109359.0
0.335,320.0,4466.0
0.335,189.0,2058.0
0.335,1789.0,122122.0
0.335,83.0,511.0
0.335,1954.0,67651.0
0.335,3500.0,97011.0
0.335,240.0,5261.0
0.335,3500.0,104362.0
0.335,289.0,4160.0
0.335,2374.5,87972.0
0.335,1779.5,86156.5
0.335,3500.0,87189.0
0.335,190.0,1437.0
0.335,3500.0,116873.0
0.335,1939.5,99158.5
0.335,1320.0,39246.0
0.335,3500.0,110668.0
0.335,1657.3333333333333,40671.333333333336
0.335,289.0,5137.0
0.335,258.5,4074.0
0.335,1785.5,35038.5
0.335,409.0,2777.0
0.336,1796.5,48015.0
0.336,238.0,3164.0
0.336,618.0,11578.0
0.336,53.0,54.0
0.336,1050.0,18241.0
0.336,950.0,23854.0
0.336,937.0,24066.0
0.336,221.0,4022.0
0.336,81.0,143.0
0.336,59.0,1500.0
0.336,3500.0,115083.0
0.336,1115.0,16215.0
0.336,2052.3333333333335,39164.666666666664
0.336,1289.0,23406.0
0.336,1727.4,68681.2
0.336,3500.0,271997.0
0.336,1138.0,22225.0
0.336,312.0,6281.0
0.336,374.0,4755.0
0.336,61.0,703.0
0.336,1919.3333333333333,98618.33333333333
0.336,3500.0,113412.0
0.336,2571.5,55774.5
0.336,3500.0,120930.0
0.336,1768.5,121290.0
0.336,114.0,927.0
0.336,2256.0,43383.5
0.336,3500.0,91726.0
0.336,424.0,6798.0
0.336,237.0,4683.0
0.336,229.0,2169.0
0.336,276.0,7019.0
0.336,1201.0,69699.0
0.336,3500.0,106217.0
0.336,1269.0,30466.0
0.336,94.0,140.0
0.336,117.0,210.0
0.336,161.0,2000.0
0.336,316.0,13676.0
0.336,579.0,4034.0
0.336,2415.5,104073.5
0.336,1045.0,84514.0
0.336,195.0,333.0
0.336,71.0,145.0
0.337,3500.0,265255.0
0.337,164.0,339.0
0.337,1904.0,55194.0
0.337,79.0,146.0
0.337,71.0,644.0
0.337,93.5,318.5
0.337,65.0,824.0
0.337,128.0,147.0
0.337,1809.0,90087.5
0.337,3500.0,98826.0
0.337,3500.0,83677.0
0.337,3500.0,96624.0
0.337,1800.0,112617.5
0.337,1798.5,45000.5
0.337,125.0,181.0
0.337,1581.0,98199.0
0.337,94.0,96.0
0.337,1780.5,67148.5
0.337,373.5,3650.5
0.337,842.5,30230.5
0.337,322.0,4891.5
0.337,391.0,5875.0
0.337,213.0,2061.0
0.337,1930.5,77874.0
0.337,91.0,94.0
0.337,536.0,12239.0
0.337,238.0,2380.0
0.337,63.0,540.0
0.337,3500.0,173053.0
0.337,3500.0,106261.0
0.337,184.0,1287.0
0.337,162.0,855.0
0.337,3500.0,78104.0
0.337,1803.0,117439.5
0.337,3500.0,158893.0
0.337,3500.0,95036.0
0.337,191.0,5374.0
0.337,1219.3333333333333,31473.0
0.337,911.0,18454.0
0.337,601.0,17296.0
0.337,106.0,166.0
0.337,3500.0,129227.0
0.337,168.0,627.0
0.337,3500.0,187537.0
0.337,63.0,661.0
0.337,1528.0,73281.0
0.338,623.0,9623.0
0.338,736.0,11596.5
0.338,3500.0,163779.0
0.338,101.5,731.0
0.338,610.0,20693.0
0.338,3500.0,147143.0
0.338,3500.0,110760.0
0.338,62.0,577.0
0.338,103.0,106.0
0.338,99.0,198.0
0.338,1173.0,29014.0
0.338,359.0,3968.0
0.338,3500.0,105399.0
0.338,281.0,1268.0
0.338,395.0,3066.0
0.338,1935.5,88761.5
0.338,3500.0,210624.0
0.338,1815.0,101657.0
0.338,385.0,3854.0
0.338,1810.0,46674.5
0.338,1859.0,67239.0
0.338,92.0,95.0
0.338,87.0,136.0
0.338,61.0,636.0
0.338,65.0,427.0
0.338,1203.0,17717.0
0.338,227.5,2538.5
0.338,1479.2,56957.0
0.338,3500.0,125124.0
0.338,112.0,894.0
0.338,241.0,1937.0
0.338,94.0,204.0
0.338,2456.5,61499.0
0.338,3500.0,193307.0
0.339,2055.5,56590.5
0.339,2297.5,149510.5
0.339,63.0,593.0
0.339,270.0,6708.0
0.339,234.0,3387.0
0.339,3500.0,126986.0
0.339,3500.0,113454.0
0.339,1230.6666666666667,59764.0
0.339,3500.0,211580.0
0.339,1859.0,56806.5
0.339,2470.6666666666665,90854.0
0.339,685.0,8919.0
0.339,1222.3333333333333,57532.666666666664
0.339,185.0,1919.0
0.339,146.0,210.0
0.339,1709.3333333333333,66933.33333333333
0.339,95.0,99.0
0.339,74.0,633.0
0.339,76.5,271.5
0.339,3500.0,49828.0
0.339,3500.0,157706.0
0.339,87.0,134.0
0.339,3500.0,139229.0
0.339,1999.5,38581.0
0.339,221.0,3937.0
0.339,3500.0,175157.0
0.339,218.0,5024.0
0.339,63.0,675.0
0.339,274.0,2078.0
0.339,208.0,2297.0
0.339,65.5,674.5
0.339,3500.0,166982.0
0.339,317.0,2343.0
0.339,3500.0,193043.0
0.339,3500.0,236805.0
0.339,503.0,3054.0
0.339,83.0,1382.0
0.339,3500.0,172619.0
0.339,337.0,3229.0
0.339,1439.0,44013.0
0.339,413.0,6538.0
0.339,415.0,14220.0
0.339,3500.0,130963.0
0.339,925.0,29564.0
0.339,176.0,2943.0
0.34,323.5,5099.0
0.34,1264.0,44820.0
0.34,1805.0,66940.5
0.34,3500.0,111380.0
0.34,1887.6666666666667,73910.66666666667
0.34,2288.5,125009.0
0.34,1567.3333333333333,68049.33333333333
0.34,1927.0,97472.0
0.34,3500.0,226275.0
0.34,1609.0,54153.0
0.34,2020.5,22321.5
0.34,3500.0,229924.0
0.34,3500.0,201625.0
0.34,3500.0,135425.0
0.34,1945.5,77150.0
0.34,112.0,1038.0
0.34,224.0,3162.0
0.34,3500.0,67849.0
0.34,3500.0,74082.0
0.34,553.0,9329.0
0.34,399.0,6710.0
0.34,152.0,443.0
0.34,3500.0,168340.0
0.34,265.0,1287.0
0.34,166.0,1784.0
0.34,3500.0,236809.0
0.34,1105.0,35912.0
0.34,108.0,110.0
0.34,1575.0,84794.0
0.34,89.0,107.0
0.34,1843.5,51399.0
0.34,414.0,3026.0
0.34,1355.0,34677.0
0.34,985.0,33292.0
0.34,165.0,3306.0
0.34,1537.0,33033.0
0.34,673.0,7171.0
0.34,214.0,338.0
0.34,3500.0,140350.0
0.34,63.0,502.0
0.34,97.0,100.0
0.34,477.0,13267.0
0.34,64.0,657.0
0.34,1218.0,26761.0
0.34,3500.0,184955.0
0.34,169.0,980.5
0.341,2511.0,80336.5
0.341,3500.0,135059.5
0.341,1003.0,28755.0
0.341,247.0,3785.0
0.341,211.0,3261.0
0.341,441.0,3751.0
0.341,148.0,1274.0
0.341,3500.0,147650.0
0.341,588.0,2138.0
0.341,267.0,2750.0
0.341,1129.0,20882.0
0.341,340.0,4781.0
0.341,3500.0,51099.0
0.341,3500.0,92569.0
0.341,1119.0,28694.0
0.341,3500.0,222281.0
0.341,186.0,2181.0
0.341,3500.0,191069.0
0.341,3500.0,44735.0
0.341,3500.0,93706.0
0.341,465.0,10025.666666666666
0.341,114.5,1583.0
0.341,115.0,1166.0
0.341,1174.0,15157.0
0.341,584.0,10244.0
0.341,343.0,5529.0
0.341,2363.5,81678.0
0.341,1903.0,72742.0
0.341,128.0,161.0
0.341,3500.0,112202.0
0.341,3500.0,86315.5
0.341,94.0,106.0
0.341,283.0,4760.0
0.341,304.0,3358.0
0.341,3500.0,170815.0
0.341,2582.0,88052.5
0.341,1066.0,17646.0
0.341,62.0,432.0
0.341,113.0,160.0
0.341,1621.0,90870.0
0.341,1931.0,58792.0
0.341,434.0,4912.0
0.341,1441.0,68192.0
0.341,1007.0,39529.0
0.341,3500.0,154003.0
0.341,241.0,4326.0
0.341,238.0,2000.0
0.341,345.0,2013.0
0.341,1054.0,27258.0
0.342,64.0,519.0
0.342,3500.0,145612.0
0.342,66.0,768.0
0.342,1106.0,31309.0
0.342,1796.0,100804.5
0.342,2380.5,104810.0
0.342,69.0,855.0
0.342,63.0,560.0
0.342,113.0,1085.0
0.342,197.0,1706.0
0.342,583.0,9915.0
0.342,1277.6666666666667,21958.333333333332
0.342,64.0,458.0
0.342,2036.5,67155.0
0.342,3500.0,94062.0
0.342,206.5,2042.0
0.342,1005.0,18761.0
0.342,496.0,6181.0
0.342,3500.0,141925.0
0.342,125.0,1803.0
0.342,447.0,10714.0
0.342,130.0,1666.0
0.342,334.0,2647.0
0.342,1824.5,57030.5
0.342,3500.0,142106.0
0.342,1887.0,94041.5
0.342,3500.0,169119.0
0.342,102.0,109.0
0.342,175.0,7959.0
0.342,211.0,4051.0
0.342,3500.0,168110.0
0.342,167.0,1226.0
0.342,3500.0,174227.0
0.342,289.5,4789.5
0.342,327.0,4630.0
0.342,84.0,97.0
0.342,3500.0,235378.0
0.342,299.0,7189.0
0.342,3500.0,205217.0
0.342,649.0,32163.0
0.342,2389.5,78131.5
0.342,3500.0,132595.0
0.342,1213.0,26457.333333333332
0.342,3500.0,202090.0
0.343,1807.0,34385.0
0.343,91.0,147.0
0.343,219.0,3714.0
0.343,3500.0,192756.0
0.343,2278.5,92713.0
0.343,98.0,1177.0
0.343,212.0,2459.0
0.343,1031.0,54291.0
0.343,1500.5,44282.0
0.343,167.0,371.0
0.343,1573.0,34829.0
0.343,136.0,1055.0
0.343,132.0,1530.5
0.343,1001.0,32029.0
0.343,1347.0,47679.0
0.343,85.0,94.0
0.343,3500.0,189835.0
0.343,193.0,2046.0
0.343,115.0,1477.0
0.343,66.0,711.0
0.343,218.0,7477.0
0.343,3500.0,73553.0
0.343,241.0,3383.0
0.343,174.0,6931.0
0.343,3500.0,256657.0
0.343,2363.5,86600.0
0.343,3500.0,105572.0
0.343,86.0,99.0
0.343,1780.5,75436.5
0.343,1781.5,98023.5
0.343,179.5,2091.0
0.343,157.0,1404.0
0.343,3500.0,90487.0
0.343,3500.0,153003.0
0.343,286.0,4648.0
0.343,70.0,667.0
0.343,3500.0,74299.0
0.343,3500.0,200219.0
0.343,107.0,1164.0
0.343,1240.0,20858.0
0.343,119.0,222.0
0.343,94.0,146.0
0.344,3500.0,121322.0
0.344,1317.0,40974.0
0.344,100.0,228.5
0.344,302.0,8260.0
0.344,1775.0,114675.0
0.344,179.0,1379.0
0.344,1936.5,94051.0
0.344,85.0,99.0
0.344,441.0,11099.0
0.344,1895.5,78617.5
0.344,1845.5,59286.0
0.344,1797.0,90017.0
0.344,90.0,97.0
0.344,460.0,4578.0
0.344,63.0,646.0
0.344,92.0,950.0
0.344,81.0,121.0
0.344,3500.0,140321.0
0.344,914.5,29803.5
0.344,3500.0,147307.5
0.344,3500.0,80729.0
0.344,151.0,1643.0
0.344,639.0,11157.0
0.344,562.0,8462.0
0.344,396.0,4692.0
0.344,3500.0,216907.0
0.344,2412.5,76547.5
0.344,634.5,8984.0
0.344,632.0,21497.0
0.344,3500.0,116345.0
0.344,3500.0,145434.5
0.344,1116.0,49071.0
0.344,283.0,4735.0
0.344,283.0,4432.0
0.344,3500.0,127123.0
0.344,208.5,2188.0
0.344,1813.5,80764.5
0.344,118.0,557.0
0.344,238.0,2939.0
0.345,2273.0,155064.5
0.345,3500.0,79294.0
0.345,230.0,2407.0
0.345,1789.0,104343.5
0.345,507.0,10199.0
0.345,146.0,339.0
0.345,101.0,1292.0
0.345,325.0,8282.0
0.345,3500.0,112294.0
0.345,3500.0,118310.0
0.345,3500.0,181389.0
0.345,116.0,2052.0
0.345,3500.0,85575.0
0.345,1906.5,81150.0
0.345,93.0,1769.0
0.345,154.0,2347.0
0.345,1260.0,33484.0
0.345,3500.0,224599.0
0.345,1522.0,25948.0
0.345,227.0,3671.0
0.345,1421.0,21867.0
0.345,1068.0,58295.0
0.345,3500.0,119111.0
0.345,721.0,10484.0
0.345,247.0,5905.0
0.345,254.0,1801.0
0.345,803.0,14222.5
0.345,3500.0,105433.0
0.345,1039.0,34394.0
0.345,235.0,3424.0
0.345,3500.0,202221.0
0.345,1796.5,56066.0
0.345,59.0,507.0
0.345,1081.0,39127.0
0.345,62.0,590.0
0.345,1918.0,72522.5
0.345,1087.5,11052.0
0.345,3500.0,137038.0
0.346,3500.0,145979.0
0.346,325.0,4068.0
0.346,1960.5,85892.5
0.346,255.0,3692.0
0.346,213.0,2165.0
0.346,1854.5,51869.5
0.346,2699.5,111177.75
0.346,265.0,6151.0
0.346,3500.0,128580.0
0.346,1114.0,14570.0
0.346,1779.5,33746.5
0.346,809.0,26544.0
0.346,109.0,957.0
0.346,151.5,2170.0
0.346,1387.5,72784.0
0.346,1027.0,24071.5
0.346,3500.0,124092.0
0.346,272.0,1014.0
0.346,101.0,140.0
0.346,1096.5,29437.25
0.346,1801.5,100356.0
0.346,110.0,367.0
0.346,207.0,4145.0
0.346,107.0,1682.0
0.346,553.0,3231.0
0.346,1803.0,76460.0
0.346,1755.0,81972.5
0.346,64.0,725.0
0.346,97.0,682.0
0.346,120.0,146.0
0.346,3500.0,174977.0
0.346,140.0,1781.0
0.346,135.0,1357.0
0.346,437.0,5329.0
0.346,303.0,4339.0
0.346,94.5,326.0
0.346,2378.0,75339.5
0.346,188.0,3702.0
0.346,81.0,675.0
0.346,1799.0,69959.0
0.346,3500.0,169757.0
0.346,244.0,1476.0
0.346,3500.0,199023.0
0.346,71.0,91.0
0.346,2490.5,78485.5
0.346,197.0,611.0
0.346,91.0,99.0
0.347,239.0,5741.0
0.347,1573.0,65092.0
0.347,555.3333333333334,16585.333333333332
0.347,277.0,3863.0
0.347,517.0,9205.0
0.347,1851.5,113937.0
0.347,272.5,4685.0
0.347,1172.5,56559.5
0.347,322.0,4230.0
0.347,58.0,471.0
0.347,1964.0,110785.5
0.347,95.0,159.0
0.347,1159.0,37435.5
0.347,912.5,17415.5
0.347,76.0,105.0
0.347,86.0,149.0
0.347,1242.0,50720.0
0.347,349.0,9504.0
0.347,817.0,15846.0
0.347,52.0,157.0
0.347,3500.0,150036.0
0.347,1177.0,25268.5
0.347,780.0,41760.5
0.347,65.0,776.0
0.347,114.0,582.5
0.347,81.0,376.0
0.347,1248.0,57841.0
0.347,1803.5,44146.0
0.347,3500.0,88215.0
0.347,243.0,2388.0
0.347,2294.5,96037.5
0.347,1249.0,28301.0
0.347,1941.0,71918.0
0.347,466.0,7365.0
0.347,3500.0,123642.5
0.347,1609.0,51163.0
0.347,88.0,707.0
0.347,647.5,19164.5
0.347,123.0,136.0
0.347,3500.0,245006.0
0.347,159.0,368.0
0.347,3500.0,127142.0
0.347,63.0,690.0
0.347,96.0,201.0
0.347,208.5,2798.0
0.347,82.0,102.0
0.347,1740.0,64516.0
0.347,1232.3333333333333,51254.333333333336
0.347,64.0,556.0
0.347,95.0,96.0
0.347,216.0,2350.0
0.347,1029.0,21960.0
0.347,1334.5,38976.75
0.347,85.5,291.5
0.348,253.0,3101.0
0.348,71.0,734.0
0.348,165.0,3312.0
0.348,87.0,635.5
0.348,67.0,162.0
0.348,1743.0,81926.0
0.348,1006.0,35527.0
0.348,1082.0,66087.0
0.348,1800.0,35187.0
0.348,3500.0,124748.0
0.348,63.0,513.0
0.348,3500.0,150766.0
0.348,173.0,4404.5
0.348,301.0,3517.0
0.348,3500.0,112849.0
0.348,627.0,18685.0
0.348,126.0,144.0
0.348,585.0,4682.0
0.348,100.0,154.0
0.348,64.0,625.0
0.348,3500.0,169025.0
0.348,491.0,7864.0
0.348,73.0,212.0
0.348,124.0,147.0
0.348,440.0,5271.0
0.348,1780.5,59636.5
0.348,1879.5,112514.0
0.348,225.0,1199.0
0.348,3500.0,54910.0
0.348,166.0,1779.0
0.348,1480.0,63083.0
0.348,96.5,530.0
0.348,62.0,525.0
0.348,282.0,3839.0
0.348,3500.0,166010.0
0.348,337.0,4995.0
0.348,265.0,1258.0
0.349,3500.0,93242.0
0.349,3500.0,182934.0
0.349,1779.5,78437.0
0.349,70.0,806.0
0.349,703.3333333333334,12453.333333333334
0.349,124.0,205.0
0.349,98.0,864.0
0.349,826.0,48036.0
0.349,1368.0,30310.0
0.349,3500.0,71944.0
0.349,90.0,138.0
0.349,301.0,8014.0
0.349,315.0,5665.0
0.349,2484.0,123183.5
0.349,103.0,1058.0
0.349,1308.0,19327.0
0.349,2414.5,76199.5
0.349,1803.0,36549.5
0.349,3500.0,116262.0
0.349,1014.0,25369.0
0.349,675.5,6955.5
0.349,143.0,2221.0
0.349,103.0,162.0
0.349,59.0,478.0
0.349,1850.0,48217.0
0.349,3500.0,139679.0
0.349,1712.0,70747.0
0.349,317.0,3653.0
0.349,97.0,938.0
0.349,3500.0,124460.0
0.349,305.0,3804.0
0.349,311.0,5179.0
0.349,182.0,441.0
0.349,1000.0,33038.0
0.349,3500.0,163946.0
0.349,96.0,103.0
0.349,99.0,320.0
0.349,258.0,1202.0
0.349,1281.6666666666667,92157.66666666667
0.349,2088.5,45667.5
0.349,508.5,8746.5
0.349,1006.0,11336.0
0.349,3500.0,128002.0
0.349,3500.0,80561.0
0.35,68.0,600.0
0.35,1057.0,14574.0
0.35,3500.0,135853.0
0.35,1103.0,17038.0
0.35,1227.0,15346.0
0.35,3500.0,78266.0
0.35,116.0,1513.0
0.35,1270.6666666666667,44922.0
0.35,205.0,2808.0
0.35,3500.0,99013.0
0.35,1357.0,17610.0
0.35,65.0,529.0
0.35,95.0,147.0
0.35,546.0,9898.0
0.35,389.0,4564.0
0.35,371.0,9383.0
0.35,76.0,1085.0
0.35,181.0,271.0
0.35,1244.0,70157.0
0.35,100.0,631.0
0.35,295.0,4217.5
0.35,146.0,1694.0
0.35,412.0,3628.0
0.35,57.0,397.0
0.35,84.0,679.0
0.35,1413.0,33795.0
0.35,1780.5,119172.0
0.35,2257.0,77050.0
0.35,3500.0,167621.0
0.35,3500.0,131138.0
0.35,114.0,1170.0
0.35,1018.0,28802.0
0.35,3500.0,50723.0
0.35,1325.0,53447.0
0.35,1857.0,89544.0
0.35,3500.0,97057.0
0.35,1783.0,39393.0
0.35,1865.0,54710.0
0.35,58.0,499.0
0.35,3500.0,182734.5
0.35,1823.5,75974.0
0.35,1901.0,51018.0
0.35,1811.0,84964.5
0.35,425.0,5705.0
0.351,557.0,26622.666666666668
0.351,82.0,777.5
0.351,310.0,7111.0
0.351,77.0,99.0
0.351,3500.0,122700.0
0.351,1053.3333333333333,46593.0
0.351,841.5,19224.0
0.351,1960.0,78027.0
0.351,88.0,104.0
0.351,1127.0,38277.0
0.351,3500.0,119715.0
0.351,64.0,559.0
0.351,285.0,3915.5
0.351,259.0,2899.0
0.351,3500.0,194414.0
0.351,3500.0,165409.0
0.351,111.0,1130.0
0.351,3500.0,103683.0
0.351,693.0,18208.5
0.351,56.0,385.0
0.351,489.0,9615.0
0.351,84.0,87.0
0.351,306.0,4991.0
0.351,517.0,10542.0
0.351,3500.0,86155.0
0.351,3500.0,119067.0
0.351,64.0,509.0
0.351,1048.0,20603.0
0.351,3500.0,135874.0
0.351,133.0,303.0
0.351,486.0,6701.0
0.351,3500.0,75364.0
0.351,3500.0,210557.0
0.351,64.0,488.0
0.351,370.0,6633.0
0.351,684.0,32950.5
0.351,1872.5,54001.5
0.351,103.0,109.0
0.351,3500.0,124617.0
0.351,1788.0,62580.0
0.351,2571.5,113253.0
0.351,3500.0,182717.0
0.352,409.0,2825.0
0.352,66.0,777.0
0.352,175.0,1190.5
0.352,1021.0,37895.0
0.352,1836.0,86765.0
0.352,94.0,363.5
0.352,95.0,533.0
0.352,3500.0,116253.0
0.352,723.0,14408.0
0.352,188.0,4672.0
0.352,257.0,5404.0
0.352,102.0,112.0
0.352,75.0,522.0
0.352,86.0,786.0
0.352,3500.0,196556.0
0.352,207.0,2829.0
0.352,319.0,4522.0
0.352,3500.0,214840.0
0.352,247.0,2289.5
0.352,193.0,358.0
0.352,101.0,107.0
0.352,322.0,1075.0
0.352,376.0,3690.0
0.352,1352.0,46972.0
0.352,3500.0,204752.0
0.352,364.5,10880.0
0.352,1540.5,31653.0
0.352,2427.5,108211.0
0.352,727.0,12255.0
0.352,1783.0,43179.5
0.352,225.5,2474.0
0.352,1816.0,99080.0
0.352,3500.0,69959.0
0.352,84.33333333333333,506.0
0.352,525.0,5412.0
0.352,86.0,96.0
0.352,3500.0,126687.5
0.352,111.0,112.0
0.352,3500.0,171354.0
0.352,3500.0,192869.0
0.352,2400.5,94532.0
0.353,1103.0,18286.0
0.353,2337.0,75885.0
0.353,63.0,433.0
0.353,446.0,3730.0
0.353,1501.0,107911.0
0.353,3500.0,160246.0
0.353,68.0,787.0
0.353,275.0,4400.0
0.353,3500.0,61529.0
0.353,94.0,156.0
0.353,1780.0,92613.5
0.353,3500.0,185816.0
0.353,3500.0,124147.0
0.353,385.0,3636.0
0.353,111.0,163.0
0.353,68.0,662.0
0.353,185.0,240.0
0.353,1135.0,30086.0
0.353,89.0,101.0
0.353,1778.5,33972.5
0.353,61.0,95.0
0.353,238.0,3221.0
0.353,100.0,104.0
0.353,209.0,1620.5
0.353,439.5,9270.0
0.353,3500.0,146624.0
0.353,1109.0,27378.0
0.353,69.0,973.0
0.353,1780.5,111186.0
0.353,3500.0,138498.0
0.353,365.0,4637.0
0.353,262.0,1266.0
0.353,171.0,1744.0
0.353,222.0,3877.5
0.353,37.0,695.0
0.353,78.0,615.0
0.353,3500.0,154033.0
0.353,255.0,1409.0
0.353,3500.0,91306.0
0.353,208.0,2913.0
0.353,3500.0,189206.0
0.353,158.0,1487.0
0.353,64.0,532.0
0.353,119.0,150.0
0.353,304.0,2724.0
0.354,178.0,574.0
0.354,3500.0,100743.0
0.354,1189.0,20836.0
0.354,63.0,556.0
0.354,3500.0,100055.0
0.354,1297.0,26971.0
0.354,252.0,5974.0
0.354,119.0,149.0
0.354,1124.0,56517.0
0.354,3500.0,63173.0
0.354,155.0,1606.5
0.354,93.0,903.0
0.354,65.0,720.0
0.354,3500.0,110217.0
0.354,373.0,6895.0
0.354,552.0,26612.0
0.354,1220.0,32318.0
0.354,92.0,806.0
0.354,3500.0,167783.0
0.354,148.0,245.0
0.354,1846.0,111165.5
0.354,60.0,377.0
0.354,66.0,98.0
0.354,163.0,407.0
0.354,1213.0,57865.0
0.354,2098.0,71188.0
0.354,1217.0,47820.0
0.354,3500.0,232864.0
0.354,58.0,88.0
0.354,3500.0,137658.0
0.354,60.0,403.0
0.354,1091.0,52097.0
0.354,205.0,4935.0
0.354,92.0,1284.0
0.354,87.0,99.0
0.354,275.0,2078.0
0.354,3500.0,85670.0
0.354,2422.0,129847.5
0.354,3500.0,158634.0
0.354,59.0,668.0
0.354,1482.6666666666667,59745.333333333336
0.354,3500.0,105673.0
0.354,197.0,1124.0
0.354,59.0,412.0
0.354,63.0,488.0
0.354,215.0,2864.0
0.354,319.5,6167.5
0.355,326.0,8693.0
0.355,1054.5,33648.5
0.355,3500.0,125459.0
0.355,488.0,4948.0
0.355,3500.0,162897.0
0.355,961.0,45864.0
0.355,1503.0,99958.0
0.355,94.0,106.0
0.355,3500.0,72016.0
0.355,420.0,6795.0
0.355,106.0,959.0
0.355,184.0,2505.0
0.355,817.0,56234.5
0.355,3500.0,215993.0
0.355,1188.0,77774.0
0.355,86.0,99.0
0.355,3500.0,160628.0
0.355,3500.0,283268.0
0.355,115.0,1520.0
0.355,2296.5,95196.5
0.355,211.0,2453.0
0.355,1408.0,47870.0
0.355,1285.0,43652.0
0.355,93.0,139.0
0.355,1456.0,48710.0
0.355,220.0,1007.0
0.355,3500.0,135336.0
0.355,1784.5,73136.5
0.355,1672.0,62786.333333333336
0.355,3500.0,71711.0
0.355,415.0,16812.0
0.355,3500.0,128294.0
0.355,191.0,6131.0
0.355,311.0,6294.0
0.355,1061.0,34687.0
0.355,649.0,12707.0
0.355,686.0,6751.5
0.355,283.0,2554.0
0.355,3500.0,62846.0
0.355,82.0,812.0
0.355,66.0,802.0
0.355,356.0,3818.0
0.356,1791.0,39840.5
0.356,3500.0,139964.0
0.356,127.0,254.0
0.356,65.0,600.0
0.356,3500.0,146929.0
0.356,557.0,2754.0
0.356,3500.0,198129.5
0.356,57.0,419.0
0.356,89.0,1443.0
0.356,1032.0,49850.0
0.356,3500.0,152779.0
0.356,217.0,3344.0
0.356,653.0,13535.0
0.356,3500.0,157798.0
0.356,3500.0,155075.0
0.356,67.0,536.0
0.356,192.0,2853.0
0.356,482.0,26706.0
0.356,126.0,1948.0
0.356,3500.0,185879.0
0.356,1783.0,62786.0
0.356,98.0,720.0
0.356,1449.0,74541.0
0.356,210.0,3096.0
0.356,109.0,900.0
0.356,126.0,253.0
0.356,233.5,3986.5
0.356,107.0,764.0
0.356,2362.6666666666665,91718.66666666667
0.356,74.0,534.0
0.356,113.0,166.0
0.356,66.0,497.0
0.356,141.0,255.0
0.356,829.0,9555.0
0.356,567.0,4360.0
0.356,3500.0,78409.0
0.356,11.0,77.0
0.356,64.0,764.0
0.356,3500.0,152526.0
0.356,2052.0,92283.0
0.356,3500.0,146817.0
0.356,244.0,6190.0
0.356,64.0,753.0
0.356,517.0,9763.0
0.356,94.0,206.0
0.356,195.0,1923.0
0.356,80.0,94.0
0.357,142.0,160.0
0.357,66.0,562.0
0.357,577.0,14911.0
0.357,149.0,2619.0
0.357,99.0,167.0
0.357,175.0,3038.0
0.357,186.0,1189.0
0.357,2116.0,90798.0
0.357,3500.0,148343.0
0.357,325.0,7495.0
0.357,61.0,433.0
0.357,190.0,1567.0
0.357,224.0,5406.0
0.357,1350.0,41098.0
0.357,3500.0,71283.0
0.357,1297.0,35519.0
0.357,3500.0,101650.0
0.357,90.0,91.0
0.357,140.0,1188.0
0.357,415.0,4083.0
0.357,13.0,104.0
0.357,261.0,3324.0
0.357,3500.0,227753.0
0.357,80.0,95.0
0.357,96.0,581.0
0.357,234.0,2015.0
0.357,2364.6666666666665,117965.33333333333
0.357,66.0,571.0
0.357,256.0,1985.0
0.357,3500.0,131339.0
0.357,658.5,5543.0
0.357,313.0,2475.0
0.357,553.0,10703.0
0.357,397.0,5523.0
0.357,595.0,24155.5
0.357,1441.0,65693.0
0.357,1626.0,71341.0
0.357,157.0,306.0
0.358,389.0,2543.0
0.358,3500.0,136356.0
0.358,84.0,87.0
0.358,1489.0,56026.0
0.358,3500.0,118028.0
0.358,113.0,187.0
0.358,61.0,527.0
0.358,35.0,670.0
0.358,162.0,1904.0
0.358,1139.0,107001.0
0.358,698.5,9855.0
0.358,300.5,7245.5
0.358,817.5,18633.0
0.358,110.0,1020.0
0.358,157.0,1676.5
0.358,299.0,3527.0
0.358,208.0,7282.0
0.358,3500.0,84502.0
0.358,64.0,658.0
0.358,3500.0,108231.0
0.358,106.0,836.0
0.358,37.0,685.0
0.358,85.0,827.0
0.358,140.0,2219.0
0.358,283.0,1628.0
0.358,727.0,11665.0
0.358,94.0,745.0
0.358,303.0,4781.0
0.358,1194.0,31362.0
0.358,157.0,1175.5
0.358,1746.0,66059.0
0.358,154.0,3607.5
0.358,2283.0,96707.0
0.358,1108.0,22574.0
0.358,251.0,3326.0
0.358,141.0,193.0
0.358,83.0,460.6666666666667
0.359,3500.0,116317.0
0.359,1783.0,33156.0
0.359,148.0,2823.0
0.359,381.0,4223.0
0.359,683.0,21957.5
0.359,67.0,721.0
0.359,3500.0,104861.0
0.359,1224.0,60363.0
0.359,1265.0,42762.0
0.359,220.0,5629.0
0.359,3500.0,118772.0
0.359,176.0,1143.0
0.359,177.0,5202.0
0.359,2351.0,109865.0
0.359,214.0,2665.0
0.359,344.0,7171.0
0.359,116.0,1155.0
0.359,79.0,106.0
0.359,1077.5,27513.0
0.359,68.0,583.0
0.359,259.0,1753.0
0.359,384.0,7778.0
0.359,173.0,2451.0
0.359,2404.5,121962.0
0.359,3500.0,80865.0
0.359,175.0,1501.0
0.359,85.0,90.0
0.359,276.0,3532.0
0.359,3500.0,181088.0
0.359,64.0,528.0
0.359,49.0,234.0
0.359,318.0,3483.0
0.359,1078.0,12246.0
0.359,222.0,1495.0
0.359,62.0,625.0
0.359,103.0,265.0
0.359,74.0,87.0
0.36,1013.5,16145.0
0.36,212.0,2264.0
0.36,394.0,8004.5
0.36,84.0,96.0
0.36,125.0,1865.0
0.36,127.33333333333333,1358.0
0.36,124.0,138.0
0.36,64.0,465.0
0.36,323.0,5399.0
0.36,209.0,2932.0
0.36,368.0,4874.0
0.36,1209.0,34747.0
0.36,66.0,499.0
0.36,3500.0,257563.0
0.36,3500.0,124652.0
0.36,70.0,826.0
0.36,1078.0,56369.0
0.36,136.5,3118.0
0.36,115.5,128.0
0.36,1900.5,56418.5
0.36,172.0,1683.5
0.36,1506.0,46832.0
0.36,136.0,963.0
0.36,1125.0,56316.0
0.36,3500.0,99380.0
0.36,3500.0,189694.0
0.36,68.0,743.0
0.36,2455.5,111561.5
0.36,112.0,116.0
0.36,253.0,4415.0
0.36,1882.5,55619.0
0.36,1806.5,35367.5
0.36,349.0,2383.0
0.36,3500.0,113863.0
0.36,500.0,9167.0
0.36,1980.0,46474.5
0.36,1012.0,16616.0
0.36,448.0,4495.0
0.361,91.0,92.0
0.361,1573.0,110335.0
0.361,1139.0,23496.0
0.361,260.0,2464.0
0.361,1886.0,88868.0
0.361,251.0,4091.0
0.361,1842.5,103999.0
0.361,112.0,1395.0
0.361,243.0,5332.0
0.361,139.5,1511.5
0.361,90.0,94.0
0.361,215.0,4189.0
0.361,361.0,5571.0
0.361,58.0,121.0
0.361,52.0,137.0
0.361,3500.0,272224.0
0.361,59.0,355.0
0.361,1782.5,54010.5
0.361,3500.0,107258.0
0.361,3500.0,161645.0
0.361,367.0,3452.0
0.361,1331.0,32838.333333333336
0.361,1846.5,42960.0
0.361,229.0,2557.0
0.361,178.0,2285.0
0.361,3500.0,111278.0
0.361,256.0,1480.0
0.361,355.0,7487.0
0.361,1063.0,43570.5
0.361,231.0,7511.0
0.361,97.0,115.0
0.361,1116.0,41625.0
0.362,165.0,1567.5
0.362,61.0,512.0
0.362,275.0,4144.0
0.362,86.0,97.0
0.362,100.0,629.0
0.362,133.0,658.5
0.362,198.0,1114.0
0.362,259.0,2889.0
0.362,89.0,1537.0
0.362,973.0,44275.0
0.362,151.0,927.5
0.362,371.0,4046.0
0.362,91.0,102.0
0.362,102.0,953.0
0.362,71.0,99.0
0.362,3500.0,88168.0
0.362,190.5,3014.0
0.362,3500.0,102263.0
0.362,1935.0,72981.0
0.362,86.0,110.0
0.362,2314.5,69949.5
0.362,1782.0,96121.0
0.362,3500.0,190640.0
0.362,1034.0,9375.0
0.362,864.3333333333334,22981.333333333332
0.362,98.0,102.0
0.362,63.0,557.0
0.362,1025.0,41815.0
0.362,253.0,3845.0
0.363,269.0,5301.0
0.363,417.0,20743.0
0.363,60.0,536.0
0.363,3500.0,97445.0
0.363,3500.0,92399.0
0.363,119.0,154.0
0.363,88.0,739.0
0.363,138.0,553.0
0.363,708.5,21961.5
0.363,1245.0,35624.0
0.363,1012.0,20166.0
0.363,87.0,105.0
0.363,3500.0,172056.0
0.363,3500.0,184243.0
0.363,3500.0,138661.0
0.363,923.0,23135.0
0.363,100.0,1001.0
0.363,1189.0,30453.0
0.363,857.0,15557.0
0.363,85.0,97.0
0.363,519.0,8907.0
0.363,131.0,442.0
0.363,228.0,2711.0
0.363,133.0,1328.0
0.363,84.0,86.0
0.363,100.0,111.0
0.363,96.0,147.0
0.363,65.0,666.0
0.363,241.0,4021.0
0.363,954.0,69002.0
0.363,3500.0,140874.0
0.363,1066.0,11836.0
0.363,230.0,6031.0
0.363,108.0,697.0
0.363,381.0,12763.0
0.363,111.0,1495.0
0.363,585.5,24487.5
0.363,91.0,1748.0
0.363,1237.5,64416.0
0.364,147.0,1355.0
0.364,3500.0,157468.0
0.364,62.0,555.0
0.364,262.0,4002.5
0.364,1105.0,33438.0
0.364,229.0,3953.0
0.364,1552.0,83794.0
0.364,148.0,1116.0
0.364,1818.0,46891.5
0.364,369.0,3092.0
0.364,205.0,1014.0
0.364,886.0,40315.5
0.364,64.0,668.0
0.364,184.0,1294.0
0.364,3500.0,83365.0
0.364,72.0,1160.0
0.364,345.0,7738.0
0.364,1129.0,39139.0
0.364,64.0,708.0
0.364,3500.0,120534.0
0.364,65.0,735.0
0.364,201.0,2556.0
0.364,1240.0,28892.0
0.364,103.0,244.0
0.364,105.33333333333333,108.0
0.364,423.0,4407.0
0.364,3500.0,157838.0
0.364,336.0,5391.0
0.364,84.0,86.0
0.364,3500.0,174676.0
0.364,72.0,89.0
0.364,62.0,320.0
0.364,66.0,545.0
0.364,88.0,89.0
0.364,200.0,1383.0
0.364,239.0,1098.0
0.364,251.0,3876.0
0.364,3500.0,121337.0
0.364,300.0,3272.0
0.364,1003.0,30067.0
0.365,82.0,1299.0
0.365,3500.0,114136.0
0.365,160.0,2513.0
0.365,1658.0,30273.0
0.365,289.0,2135.0
0.365,1562.0,103556.0
0.365,64.0,594.0
0.365,1679.0,37749.0
0.365,272.0,3735.0
0.365,3500.0,116333.0
0.365,1876.0,76946.5
0.365,1559.0,46753.0
0.365,1542.0,46107.0
0.365,366.0,4348.0
0.365,1945.0,84980.0
0.365,207.0,2118.0
0.365,3500.0,69848.0
0.365,96.0,928.0
0.365,211.0,2688.0
0.365,249.0,5526.0
0.365,193.0,1398.0
0.365,61.0,629.0
0.365,3500.0,97825.0
0.365,1307.0,60619.0
0.365,197.0,369.0
0.365,63.0,466.0
0.365,105.0,395.0
0.365,3500.0,136690.0
0.365,220.0,7428.0
0.365,351.0,2357.0
0.365,185.0,1057.5
0.365,364.0,4521.0
0.365,126.5,163.0
0.366,287.0,5060.0
0.366,163.0,670.0
0.366,153.0,2404.0
0.366,96.0,112.0
0.366,3500.0,171516.0
0.366,162.0,1469.0
0.366,1045.0,16872.0
0.366,1803.5,61719.5
0.366,308.0,5578.0
0.366,442.5,6852.0
0.366,94.0,99.0
0.366,207.0,672.0
0.366,591.6666666666666,12635.0
0.366,305.0,7433.0
0.366,3500.0,211893.0
0.366,1092.0,61084.0
0.366,1009.0,42658.0
0.366,304.0,4560.5
0.366,226.0,1507.0
0.366,3500.0,69908.0
0.366,65.0,795.0
0.366,1210.3333333333333,61288.0
0.366,109.5,507.5
0.366,3500.0,135952.0
0.366,285.5,3266.0
0.366,66.0,952.0
0.366,112.0,126.0
0.366,119.0,202.0
0.366,777.0,17780.0
0.366,95.0,97.0
0.366,98.0,104.0
0.366,228.0,2883.0
0.366,356.0,3519.0
0.366,979.0,19487.0
0.366,221.0,5002.0
0.366,408.0,4387.0
0.366,1126.5,21169.0
0.366,909.5,25085.0
0.366,3500.0,74448.0
0.366,402.0,1816.0
0.366,3500.0,55671.0
0.366,3500.0,162751.0
0.367,197.0,4489.0
0.367,1317.0,32414.0
0.367,74.0,1001.0
0.367,242.0,3694.0
0.367,82.0,105.0
0.367,540.0,30870.5
0.367,692.0,12507.0
0.367,201.5,3043.0
0.367,186.0,2005.0
0.367,62.0,627.0
0.367,413.0,10028.333333333334
0.367,205.0,4107.0
0.367,257.0,1888.0
0.367,3500.0,104365.0
0.367,3500.0,145785.0
0.367,421.0,14394.0
0.367,323.0,3742.0
0.367,61.0,591.0
0.367,37.0,702.0
0.367,1570.0,48330.0
0.367,269.0,3826.0
0.367,241.0,5638.0
0.367,2702.6666666666665,138913.0
0.367,96.0,97.0
0.367,1680.0,54426.5
0.367,61.0,609.0
0.367,3500.0,155570.5
0.367,192.0,1472.0
0.367,1095.0,48346.0
0.367,172.0,3351.0
0.367,3500.0,115216.0
0.367,3500.0,83198.0
0.367,462.5,6173.0
0.367,251.0,7868.0
0.367,85.0,93.0
0.367,60.0,403.0
0.367,169.0,204.0
0.367,195.0,442.0
0.367,62.0,569.0
0.367,1042.0,44069.0
0.367,181.0,2527.0
0.367,3500.0,159982.0
0.368,1025.0,10881.0
0.368,148.0,252.0
0.368,83.0,87.0
0.368,96.5,508.0
0.368,3500.0,179664.0
0.368,265.0,2522.0
0.368,1699.0,54224.5
0.368,158.0,1715.0
0.368,1809.0,52314.5
0.368,165.0,2819.0
0.368,1275.0,33580.0
0.368,252.0,2037.0
0.368,1038.0,30524.0
0.368,1875.5,89762.5
0.368,62.5,551.0
0.368,73.0,843.0
0.368,248.0,1703.0
0.368,357.0,17826.0
0.368,1287.3333333333333,41415.333333333336
0.368,3500.0,102990.0
0.368,85.0,92.0
0.368,1765.0,78187.0
0.368,3500.0,106801.0
0.368,90.0,93.0
0.368,337.0,4518.0
0.368,302.5,9245.5
0.368,208.0,2065.0
0.368,73.0,134.0
0.368,3500.0,96485.0
0.368,62.0,394.0
0.369,3500.0,158551.0
0.369,1035.0,30591.0
0.369,92.0,96.0
0.369,1228.0,62941.0
0.369,3500.0,117513.0
0.369,1940.0,75460.5
0.369,3500.0,161014.0
0.369,410.0,5517.333333333333
0.369,108.0,737.0
0.369,64.0,577.0
0.369,253.0,1893.5
0.369,103.0,110.0
0.369,88.0,89.0
0.369,124.0,811.0
0.369,106.0,113.0
0.369,248.0,2793.0
0.369,429.0,2989.0
0.369,61.0,391.0
0.369,62.0,507.0
0.369,67.0,796.0
0.369,330.0,11537.0
0.369,67.0,752.0
0.369,93.0,105.0
0.369,257.0,2014.0
0.369,775.5,30901.0
0.369,1261.0,56461.0
0.369,202.0,2604.0
0.369,674.0,8982.5
0.369,1037.0,45386.0
0.369,3500.0,70151.0
0.369,105.0,1106.0
0.369,191.0,297.0
0.369,762.0,8432.0
0.369,3500.0,110767.0
0.37,162.0,1274.0
0.37,218.0,3132.0
0.37,269.0,3072.5
0.37,80.0,88.0
0.37,228.0,1329.0
0.37,3500.0,213426.0
0.37,181.0,2396.0
0.37,93.0,298.0
0.37,2027.0,111193.0
0.37,3500.0,85000.0
0.37,297.0,4826.0
0.37,135.0,1374.0
0.37,99.0,106.0
0.37,1273.0,42749.0
0.37,1027.0,57305.0
0.37,45.0,48.0
0.37,3500.0,92523.0
0.37,85.0,159.0
0.37,715.0,10375.5
0.37,3500.0,175932.0
0.37,137.0,1482.0
0.37,536.0,15282.0
0.37,93.0,102.0
0.37,300.0,4645.0
0.37,361.0,7735.0
0.37,3500.0,84912.0
0.37,904.0,21760.0
0.37,69.0,372.0
0.37,80.0,690.0
0.37,914.0,19980.0
0.37,96.0,182.0
0.37,211.0,3431.0
0.37,589.0,13173.0
0.37,1069.0,25045.0
0.37,208.0,2716.0
0.37,163.0,1832.0
0.37,199.0,3023.0
0.37,149.0,1101.0
0.37,100.0,102.0
0.37,74.0,704.0
0.371,3500.0,132028.0
0.371,132.0,442.0
0.371,292.0,4159.0
0.371,1890.0,154067.0
0.371,628.0,39107.5
0.371,88.0,103.0
0.371,1700.3333333333333,76210.66666666667
0.371,64.0,98.0
0.371,3500.0,75069.0
0.371,1638.0,56314.666666666664
0.371,337.0,975.0
0.371,1452.0,38803.0
0.371,1806.5,77870.0
0.371,641.0,6193.0
0.371,134.0,208.0
0.371,479.0,12526.333333333334
0.371,902.0,21234.5
0.371,769.0,14058.0
0.371,101.0,772.0
0.371,1134.0,28537.0
0.371,230.0,3274.0
0.371,1054.0,51271.0
0.371,116.0,1678.0
0.371,361.0,7248.0
0.371,1001.0,32077.0
0.371,66.0,812.0
0.371,3500.0,106197.0
0.371,76.0,87.0
0.371,1509.0,12874.0
0.371,3500.0,120706.0
0.371,66.0,880.0
0.371,145.0,157.0
0.371,275.0,2227.0
0.371,307.0,1247.5
0.371,1313.0,55012.0
0.371,168.0,2001.0
0.371,147.0,1632.0
0.371,295.0,3360.0
0.371,150.0,1363.0
0.371,61.0,367.0
0.372,102.0,105.0
0.372,62.0,726.0
0.372,3500.0,162436.0
0.372,3500.0,162620.0
0.372,3500.0,130289.0
0.372,142.0,159.0
0.372,1803.0,62728.5
0.372,98.0,100.0
0.372,3500.0,130693.0
0.372,95.0,513.0
0.372,3500.0,71550.0
0.372,59.0,198.0
0.372,3500.0,156046.0
0.372,3500.0,142104.0
0.372,92.0,101.0
0.372,95.0,102.0
0.372,121.0,3957.0
0.372,102.0,106.0
0.372,64.0,671.0
0.372,833.0,7533.0
0.372,2367.0,112971.0
0.372,806.0,13008.0
0.372,193.0,4141.0
0.372,3500.0,151412.0
0.372,3500.0,182032.0
0.372,1270.0,33381.0
0.372,88.33333333333333,916.3333333333334
0.372,418.0,4015.0
0.372,3500.0,102425.0
0.372,3500.0,163952.0
0.372,92.0,101.0
0.372,3500.0,117049.0
0.372,228.0,2100.0
0.372,70.0,512.0
0.373,157.0,2850.0
0.373,1134.0,10437.0
0.373,104.0,111.0
0.373,253.0,634.0
0.373,182.0,2635.0
0.373,3500.0,143997.5
0.373,3500.0,165751.0
0.373,98.0,108.0
0.373,64.0,546.0
0.373,1148.0,22463.0
0.373,1043.0,27536.0
0.373,296.0,3945.0
0.373,85.0,89.0
0.373,3500.0,181701.0
0.373,54.0,71.0
0.373,303.0,2726.0
0.373,131.0,153.0
0.373,3500.0,169067.0
0.373,194.0,1425.5
0.373,1782.0,72206.0
0.373,227.0,1050.0
0.373,61.0,1284.0
0.373,1412.0,100355.0
0.373,3500.0,85809.0
0.373,1869.0,43351.5
0.373,243.5,2485.5
0.373,1920.0,44334.0
0.373,1366.0,37445.0
0.373,1350.0,30644.0
0.373,275.0,2287.0
0.373,70.0,745.0
0.373,1313.3333333333333,72194.0
0.373,1177.0,27082.0
0.373,63.0,584.0
0.373,301.0,5194.0
0.373,1727.6666666666667,94695.66666666667
0.373,379.0,9012.0
0.373,275.0,3620.0
0.373,149.0,1157.0
0.374,726.0,29443.5
0.374,840.0,28369.0
0.374,241.0,1346.0
0.374,3500.0,166007.0
0.374,99.0,103.0
0.374,145.0,249.0
0.374,135.0,3983.0
0.374,1899.0,43669.5
0.374,268.0,2924.0
0.374,79.0,145.0
0.374,261.0,5637.0
0.374,120.0,1525.0
0.374,241.0,3322.0
0.374,63.0,505.0
0.374,3500.0,197663.0
0.374,101.0,208.0
0.374,342.0,4051.0
0.374,3500.0,178256.0
0.374,1070.0,21073.0
0.374,3500.0,123041.0
0.374,3500.0,189265.0
0.374,1031.0,49855.0
0.374,104.0,1126.0
0.374,66.0,646.0
0.374,164.0,1349.0
0.374,1968.5,71152.0
0.374,229.5,1866.0
0.374,3500.0,171716.0
0.374,270.5,3183.5
0.374,3500.0,71390.0
0.374,1160.5,16260.5
0.374,556.0,11676.5
0.374,1783.0,113257.5
0.374,1381.0,61358.0
0.374,3500.0,129528.0
0.374,202.0,2353.0
0.374,3500.0,169796.0
0.374,225.0,3448.0
0.374,173.0,2495.0
0.374,691.5,20849.0
0.374,215.0,502.0
0.374,3500.0,134263.0
0.374,1584.0,56139.0
0.375,64.0,521.0
0.375,1784.0,98714.5
0.375,3500.0,83902.0
0.375,3500.0,47252.0
0.375,221.0,1640.0
0.375,96.0,145.0
0.375,63.0,540.0
0.375,171.0,1291.5
0.375,2113.5,91749.0
0.375,1081.0,46935.0
0.375,2312.0,134733.0
0.375,57.0,388.0
0.375,169.0,489.0
0.375,324.0,657.0
0.375,188.5,2588.0
0.375,1057.0,44373.0
0.375,64.0,518.0
0.375,326.5,4247.0
0.375,2302.5,125612.5
0.375,503.0,10158.0
0.375,1912.5,77505.0
0.375,324.0,4878.0
0.375,1162.0,37872.0
0.375,160.0,1543.0
0.375,92.0,101.0
0.375,138.0,941.0
0.375,3500.0,143772.0
0.375,227.0,3990.0
0.375,3500.0,106482.0
0.375,1432.0,22836.0
0.375,1264.0,29149.0
0.375,96.0,584.0
0.376,3500.0,139102.0
0.376,508.0,3565.0
0.376,1432.0,86633.0
0.376,3500.0,194984.0
0.376,312.0,3559.0
0.376,1235.3333333333333,40952.0
0.376,394.0,2932.5
0.376,489.0,7669.0
0.376,66.0,626.0
0.376,3500.0,86680.0
0.376,95.0,103.0
0.376,1095.0,41823.0
0.376,268.0,1904.0
0.376,67.0,430.0
0.376,567.0,4157.0
0.376,1891.0,48090.0
0.376,2032.0,40155.0
0.376,162.0,2487.0
0.376,463.0,5921.0
0.376,1879.5,60632.5
0.376,149.5,663.5
0.376,1258.0,41385.0
0.376,59.0,565.0
0.376,3500.0,148717.0
0.376,1266.6666666666667,23953.0
0.376,684.5,23374.0
0.376,3500.0,155305.0
0.376,175.0,2570.5
0.376,86.0,90.0
0.376,102.0,1598.0
0.376,79.0,93.0
0.376,659.0,12596.0
0.376,451.0,4985.0
0.376,112.0,230.0
0.376,205.0,2692.0
0.376,3500.0,64715.0
0.376,409.0,8076.0
0.376,334.0,4643.5
0.376,3500.0,175455.0
0.376,85.0,450.0
0.377,1836.3333333333333,54281.666666666664
0.377,77.0,98.0
0.377,117.0,1541.0
0.377,503.0,5224.0
0.377,162.0,1151.0
0.377,77.0,983.0
0.377,621.0,10905.5
0.377,3500.0,139027.0
0.377,87.0,98.0
0.377,100.0,491.0
0.377,265.0,4724.0
0.377,1230.0,104550.0
0.377,1573.0,51486.0
0.377,139.0,857.0
0.377,325.0,9068.0
0.377,255.0,2387.0
0.377,165.0,2023.0
0.377,243.0,3223.0
0.377,3500.0,140662.0
0.377,277.0,3156.0
0.377,428.0,6085.0
0.377,91.0,626.0
0.377,85.0,632.5
0.377,1845.5,61836.0
0.377,3500.0,139449.0
0.377,1738.0,42398.0
0.377,184.0,1618.0
0.377,62.0,634.0
0.377,88.0,97.0
0.377,146.0,198.0
0.377,96.0,97.0
0.377,176.0,1807.0
0.377,335.0,3265.0
0.377,1461.0,47074.0
0.377,67.0,549.0
0.378,62.0,596.0
0.378,681.5,28956.5
0.378,472.6666666666667,19612.0
0.378,100.0,392.0
0.378,318.0,4619.0
0.378,63.0,446.0
0.378,94.0,106.0
0.378,165.0,2113.0
0.378,222.0,4577.0
0.378,82.0,351.0
0.378,313.0,4885.0
0.378,439.0,7593.0
0.378,182.0,2799.0
0.378,154.0,161.0
0.378,1782.5,80106.5
0.378,3500.0,89485.0
0.378,595.0,9035.0
0.378,522.0,11639.0
0.378,279.0,3980.0
0.378,416.0,10277.0
0.378,84.0,1015.0
0.378,3500.0,249129.0
0.378,236.0,1696.0
0.378,1796.0,91337.0
0.378,263.0,9594.0
0.378,47.0,987.0
0.378,230.0,4795.0
0.378,342.0,1748.0
0.378,465.0,9066.0
0.378,196.0,2333.0
0.378,3500.0,76530.0
0.378,3500.0,94284.0
0.378,3500.0,129071.0
0.378,1898.0,87078.0
0.378,243.0,3374.0
0.378,3500.0,187623.0
0.379,63.0,656.0
0.379,284.5,2498.0
0.379,408.0,3133.0
0.379,575.5,13476.0
0.379,99.0,2128.0
0.379,175.0,355.0
0.379,239.5,3563.0
0.379,267.0,5366.0
0.379,3500.0,195898.0
0.379,289.0,6433.0
0.379,1008.0,38094.5
0.379,431.0,6476.0
0.379,1877.5,85903.0
0.379,284.0,6615.0
0.379,54.0,114.0
0.379,93.0,99.0
0.379,3500.0,142085.0
0.379,206.0,5714.0
0.379,116.0,593.5
0.379,286.0,8126.0
0.379,294.0,3912.0
0.379,1570.0,56655.0
0.379,220.0,3498.0
0.379,3500.0,81090.0
0.379,168.0,1424.0
0.379,102.0,650.0
0.379,1781.5,81483.0
0.379,111.0,817.0
0.379,99.0,102.0
0.379,141.0,1655.0
0.379,85.0,478.0
0.379,138.0,1846.0
0.379,3500.0,255297.0
0.379,131.0,1128.0
0.379,61.0,539.0
0.38,293.5,8384.0
0.38,68.0,71.0
0.38,266.0,2950.0
0.38,132.0,142.0
0.38,137.0,257.0
0.38,364.0,2031.0
0.38,265.0,3631.0
0.38,2349.6666666666665,135746.0
0.38,77.0,101.0
0.38,1687.0,60584.0
0.38,1843.6666666666667,66468.33333333333
0.38,95.0,129.0
0.38,1318.0,56780.0
0.38,231.0,3158.0
0.38,68.0,773.0
0.38,146.5,2002.5
0.38,83.0,360.0
0.38,1315.0,36239.0
0.38,90.0,97.0
0.38,107.0,1168.0
0.38,3500.0,140325.0
0.38,126.0,209.0
0.38,1831.5,59241.5
0.38,3500.0,139265.0
0.38,664.0,22608.0
0.38,74.0,95.0
0.38,60.0,376.0
0.38,138.0,154.0
0.38,97.0,105.0
0.38,3500.0,82745.0
0.38,98.0,152.0
0.38,323.0,2895.0
0.38,143.0,1423.0
0.38,535.0,6568.0
0.38,154.0,2327.0
0.38,3500.0,110114.0
0.38,101.0,1212.0
0.38,335.0,2494.0
0.38,57.0,547.0
0.381,223.0,2890.0
0.381,3500.0,166228.0
0.381,112.0,998.0
0.381,637.0,23924.0
0.381,1004.0,35860.0
0.381,3500.0,129845.0
0.381,64.0,514.0
0.381,3500.0,179665.0
0.381,88.0,969.0
0.381,277.0,4163.0
0.381,1054.0,10299.0
0.381,343.0,5595.0
0.381,103.0,119.0
0.381,1156.0,37626.0
0.381,253.0,3727.0
0.381,299.0,4266.0
0.381,3500.0,159106.0
0.381,277.0,7140.0
0.381,713.5,34997.5
0.381,1211.0,23471.0
0.381,3500.0,118858.0
0.381,108.0,267.0
0.381,1273.0,24846.0
0.381,790.0,10216.333333333334
0.381,1321.0,28779.0
0.381,111.0,815.0
0.381,1319.0,35050.0
0.381,141.0,255.0
0.381,170.0,1749.0
0.382,3500.0,191945.0
0.382,1933.5,35628.0
0.382,60.0,409.0
0.382,92.0,622.0
0.382,3500.0,176435.0
0.382,193.0,3365.0
0.382,40.0,41.0
0.382,3500.0,94358.0
0.382,221.0,978.0
0.382,79.0,380.0
0.382,152.0,344.0
0.382,232.0,4185.0
0.382,819.0,17874.5
0.382,206.0,1446.0
0.382,3500.0,141619.0
0.382,155.0,1533.0
0.382,103.0,839.0
0.382,760.5,17564.5
0.382,3500.0,126081.0
0.382,362.0,5982.0
0.382,65.0,573.6666666666666
0.382,947.0,17076.0
0.382,156.0,411.0
0.382,105.0,1327.0
0.382,127.0,1087.0
0.382,73.0,195.0
0.382,251.5,5220.0
0.382,197.0,1841.0
0.382,3500.0,61652.0
0.383,89.0,92.0
0.383,294.0,5515.0
0.383,110.0,137.0
0.383,61.0,1036.0
0.383,3500.0,64189.0
0.383,1842.0,71555.5
0.383,3500.0,124277.0
0.383,418.0,3603.0
0.383,247.0,2148.0
0.383,283.0,3464.0
0.383,2556.5,124859.0
0.383,190.0,1092.0
0.383,74.0,100.0
0.383,504.0,7047.0
0.383,89.0,101.0
0.383,1033.0,45318.0
0.383,80.0,98.0
0.383,158.0,1863.0
0.383,1063.0,48772.0
0.383,502.0,4437.0
0.383,105.0,107.0
0.383,591.0,13009.0
0.383,105.0,1465.0
0.383,538.0,22356.0
0.383,62.0,604.0
0.383,3500.0,218714.0
0.383,145.0,154.0
0.383,3500.0,120255.0
0.383,1375.6666666666667,35254.333333333336
0.383,1298.0,55933.0
0.383,80.0,1354.0
0.384,120.0,181.0
0.384,119.5,748.0
0.384,187.0,325.0
0.384,66.0,616.0
0.384,265.0,4588.0
0.384,2320.5,103441.0
0.384,239.0,1856.0
0.384,3500.0,170309.0
0.384,3500.0,106954.0
0.384,243.0,2923.0
0.384,3500.0,154721.0
0.384,512.0,7446.0
0.384,2317.0,97092.0
0.384,1207.0,22632.0
0.384,139.0,1856.0
0.384,134.0,1618.0
0.384,1342.5,43426.5
0.384,109.0,133.0
0.384,50.0,120.0
0.384,817.0,27690.0
0.384,2254.5,71166.5
0.384,93.0,105.0
0.384,131.5,845.5
0.384,91.0,189.0
0.384,376.0,3525.0
0.384,85.0,144.0
0.384,86.0,143.0
0.384,1181.0,41423.0
0.384,117.0,1090.0
0.385,147.0,2005.0
0.385,3500.0,125971.0
0.385,37.0,669.0
0.385,1340.75,41006.25
0.385,83.0,92.0
0.385,3500.0,185479.0
0.385,587.0,12194.0
0.385,409.0,8228.0
0.385,263.0,1788.0
0.385,68.0,486.0
0.385,76.0,310.5
0.385,96.0,509.0
0.385,451.0,11597.0
0.385,175.0,1110.0
0.385,3500.0,123710.0
0.385,100.0,154.0
0.385,270.3333333333333,3547.0
0.385,1104.0,21014.0
0.385,62.0,439.0
0.385,64.0,510.0
0.385,454.75,7955.75
0.385,1023.0,43587.5
0.385,3500.0,184394.0
0.385,1930.0,90452.0
0.385,103.0,155.0
0.385,138.5,2293.0
0.385,103.0,152.0
0.385,60.0,547.0
0.385,170.0,3025.0
0.385,86.0,104.0
0.386,195.0,3239.0
0.386,667.0,13416.0
0.386,190.5,276.0
0.386,80.0,784.0
0.386,3500.0,237471.0
0.386,1783.0,71172.5
0.386,608.5,14069.5
0.386,625.0,11729.0
0.386,3500.0,188164.0
0.386,203.0,2817.0
0.386,3500.0,90076.5
0.386,95.0,587.0
0.386,211.0,1270.0
0.386,191.0,4408.0
0.386,3500.0,101779.0
0.386,109.0,1059.0
0.386,55.0,90.0
0.386,240.0,4769.0
0.386,661.0,31625.0
0.386,1864.0,36335.0
0.386,3500.0,77408.0
0.386,1674.0,65473.0
0.386,254.0,2741.0
0.386,324.0,5524.0
0.386,3500.0,149185.0
0.386,272.0,6357.0
0.386,156.0,1612.5
0.387,217.0,3302.0
0.387,3500.0,88067.0
0.387,1865.5,85177.5
0.387,120.0,1094.0
0.387,1254.3333333333333,31882.666666666668
0.387,364.0,4200.0
0.387,108.0,1167.0
0.387,503.5,11014.5
0.387,1351.0,68341.0
0.387,2008.5,45574.5
0.387,1597.0,86729.0
0.387,174.0,261.0
0.387,247.0,5263.0
0.387,60.0,418.0
0.387,739.0,27030.5
0.387,61.0,92.0
0.387,229.0,2922.0
0.387,2240.0,68739.5
0.387,93.0,155.0
0.387,67.0,517.0
0.387,179.0,1517.0
0.387,164.0,2239.0
0.387,66.0,723.0
0.387,225.0,2447.0
0.387,63.0,535.0
0.387,3500.0,154612.0
0.387,384.0,2964.0
0.387,86.0,364.0
0.387,197.0,1904.0
0.387,130.0,971.0
0.387,3500.0,102061.0
0.387,1794.5,76882.5
0.387,104.0,156.0
0.388,344.0,5646.0
0.388,1295.0,53188.0
0.388,673.0,12240.0
0.388,1082.0,17968.0
0.388,1331.0,28800.666666666668
0.388,135.0,597.0
0.388,977.5,26733.5
0.388,106.0,159.0
0.388,60.0,429.0
0.388,217.0,1723.0
0.388,103.0,163.0
0.388,308.0,1028.0
0.388,432.0,7691.0
0.388,114.0,1059.0
0.388,245.0,3774.0
0.388,3500.0,133263.0
0.388,116.0,870.0
0.388,3500.0,77113.0
0.388,961.0,48481.0
0.388,102.0,539.0
0.388,122.0,1614.0
0.388,110.0,1091.0
0.388,89.5,304.0
0.388,143.0,2077.5
0.388,208.0,3535.0
0.388,253.0,15841.0
0.388,3500.0,152159.0
0.388,3500.0,43259.0
0.388,1261.0,28040.0
0.389,1156.0,22936.0
0.389,135.0,2484.0
0.389,112.0,1217.0
0.389,488.0,4843.0
0.389,361.0,3937.0
0.389,290.0,7763.0
0.389,1805.5,50497.0
0.389,187.0,3618.0
0.389,177.0,2503.0
0.389,256.0,1983.0
0.389,115.0,1428.0
0.389,59.0,393.0
0.389,335.0,3908.0
0.389,241.0,3535.0
0.389,72.0,855.0
0.389,1298.0,49607.0
0.389,222.0,1941.0
0.389,505.5,5601.0
0.389,3500.0,205885.0
0.389,82.0,140.0
0.389,100.0,152.0
0.389,107.0,110.0
0.389,110.0,112.0
0.389,310.0,4461.0
0.389,1138.0,22432.0
0.389,82.0,97.0
0.389,1781.0,62957.0
0.389,3500.0,210672.0
0.389,1139.0,50192.0
0.39,456.5,8144.0
0.39,81.5,274.0
0.39,99.0,730.0
0.39,3500.0,94105.0
0.39,189.0,1767.0
0.39,1198.0,18324.0
0.39,232.0,1550.5
0.39,61.0,605.0
0.39,3500.0,118291.0
0.39,305.0,4125.5
0.39,533.0,2623.0
0.39,64.0,498.0
0.39,33.0,579.0
0.39,160.0,199.0
0.39,59.0,630.0
0.39,322.0,4782.0
0.39,127.0,158.0
0.39,186.0,1736.0
0.39,373.0,3672.0
0.39,226.5,2029.5
0.39,84.0,580.0
0.39,3500.0,227418.0
0.39,3500.0,92982.0
0.39,101.0,708.0
0.39,62.0,499.0
0.39,3500.0,68237.0
0.39,880.0,31924.5
0.39,232.5,3928.0
0.39,56.0,1586.0
0.39,161.0,2618.0
0.39,3500.0,225944.0
0.391,67.0,871.0
0.391,291.0,2951.5
0.391,148.0,3791.0
0.391,94.0,101.0
0.391,125.0,1293.0
0.391,92.0,206.0
0.391,3500.0,60220.0
0.391,89.0,605.0
0.391,544.0,11670.0
0.391,88.0,1770.0
0.391,356.0,3479.0
0.391,60.0,389.0
0.391,272.0,4030.0
0.391,204.0,4364.0
0.391,3500.0,199391.0
0.391,457.0,8346.0
0.391,826.0,18712.0
0.391,88.0,132.0
0.391,1008.0,43323.0
0.391,46.0,85.0
0.391,110.0,1385.0
0.391,164.0,2695.0
0.391,1990.5,84590.5
0.391,3500.0,142292.0
0.391,140.0,1265.0
0.391,172.0,2689.0
0.391,92.5,110.0
0.391,203.0,3026.0
0.391,187.0,291.0
0.391,1254.0,84378.0
0.391,3500.0,207660.0
0.391,159.0,492.0
0.391,161.0,1889.0
0.392,145.0,244.0
0.392,299.0,2208.5
0.392,3500.0,178772.0
0.392,102.0,707.0
0.392,1259.6666666666667,42530.666666666664
0.392,49.0,1416.0
0.392,3500.0,194795.0
0.392,56.0,112.0
0.392,673.0,7432.0
0.392,3500.0,133450.0
0.392,2307.0,69408.0
0.392,1894.0,59349.0
0.392,179.0,348.0
0.392,91.0,150.0
0.392,107.0,992.0
0.392,3500.0,178929.0
0.392,59.0,369.0
0.392,3500.0,133017.0
0.392,3500.0,130942.0
0.392,125.0,152.0
0.392,94.0,151.0
0.392,555.5,18696.0
0.392,78.0,981.0
0.392,56.0,388.0
0.392,154.0,542.0
0.392,250.0,3528.0
0.392,61.0,439.0
0.392,154.0,1325.0
0.392,138.0,143.0
0.392,3500.0,110826.0
0.392,62.0,529.0
0.392,104.0,151.0
0.392,394.0,3105.0
0.392,240.0,2040.0
0.392,181.0,4090.0
0.393,171.0,3313.0
0.393,3500.0,131239.0
0.393,1833.5,60585.0
0.393,1883.0,65917.0
0.393,3500.0,148226.0
0.393,77.0,80.0
0.393,270.0,3736.0
0.393,60.0,435.0
0.393,339.0,5483.0
0.393,3500.0,119798.0
0.393,60.0,115.0
0.393,87.0,101.0
0.393,202.0,3062.0
0.393,98.0,105.0
0.393,83.0,97.0
0.393,1065.0,35620.0
0.393,224.0,2246.0
0.393,127.0,2321.0
0.393,121.0,1240.0
0.393,224.0,3557.0
0.393,83.0,1048.0
0.393,96.0,102.0
0.393,293.0,2288.0
0.393,296.0,6684.0
0.393,370.0,9015.0
0.393,1309.0,51755.0
0.393,304.0,2016.0
0.393,202.0,737.0
0.393,1223.0,58557.0
0.393,147.0,1502.0
0.393,98.5,104.0
0.393,281.0,8739.0
0.393,1241.0,61386.0
0.393,920.5,22230.5
0.393,1780.5,60095.5
0.394,111.0,1233.0
0.394,1061.0,29463.0
0.394,155.0,189.0
0.394,3500.0,129081.0
0.394,385.0,3063.0
0.394,3500.0,117499.0
0.394,3500.0,151676.0
0.394,1034.0,22090.0
0.394,408.0,21089.0
0.394,207.5,3349.0
0.394,529.0,11764.0
0.394,97.0,111.0
0.394,497.0,4703.0
0.394,263.0,8216.0
0.394,1310.0,80156.0
0.394,1903.0,93144.0
0.394,1834.0,38099.0
0.394,103.0,105.0
0.394,325.0,8700.0
0.394,65.0,550.0
0.394,101.0,105.0
0.394,100.0,103.0
0.394,1900.5,72949.5
0.394,146.0,221.0
0.394,955.0,32396.0
0.394,79.0,207.0
0.394,64.0,538.0
0.394,981.0,57613.0
0.394,322.5,3400.5
0.394,325.0,6535.0
0.394,3500.0,150954.0
0.394,3500.0,59435.0
0.395,146.0,1245.0
0.395,577.0,17478.0
0.395,60.0,512.0
0.395,3500.0,150173.0
0.395,151.0,1818.0
0.395,267.0,1770.0
0.395,3500.0,115247.0
0.395,967.5,27170.5
0.395,150.0,1181.0
0.395,429.5,5104.0
0.395,61.0,443.0
0.395,141.0,3217.0
0.395,198.0,762.0
0.395,3500.0,238625.0
0.395,267.0,2727.0
0.395,231.0,1113.0
0.395,153.0,1522.0
0.395,59.5,316.5
0.395,102.0,1178.0
0.395,165.5,2886.5
0.395,86.0,88.0
0.395,63.0,602.0
0.395,59.0,60.0
0.395,230.0,5325.0
0.396,92.0,95.0
0.396,99.0,106.0
0.396,186.0,1640.0
0.396,211.0,678.0
0.396,837.0,39882.0
0.396,731.0,12609.0
0.396,61.0,815.0
0.396,452.0,3844.0
0.396,75.0,1022.0
0.396,729.5,30452.5
0.396,149.0,2478.0
0.396,343.0,3961.0
0.396,1070.0,13463.0
0.396,207.0,2817.0
0.396,1261.0,64975.0
0.396,407.3333333333333,2890.6666666666665
0.396,3500.0,68362.0
0.396,240.0,1403.0
0.396,255.0,4205.0
0.396,202.0,3492.0
0.396,115.0,832.0
0.396,294.3333333333333,1882.6666666666667
0.396,1782.5,77349.5
0.396,198.5,2546.5
0.396,417.5,7015.5
0.396,2616.0,163511.0
0.396,52.0,77.0
0.396,83.0,92.0
0.396,162.0,4555.0
0.396,89.0,149.0
0.396,1798.5,43335.0
0.396,202.0,2501.0
0.396,46.0,47.0
0.396,66.0,73.0
0.396,117.0,644.0
0.396,1731.0,55640.0
0.396,158.0,2192.0
0.396,3500.0,85499.0
0.396,150.0,1518.0
0.396,90.0,91.0
0.396,185.5,852.5
0.397,101.0,107.0
0.397,1402.0,28760.0
0.397,3500.0,226146.0
0.397,65.0,671.0
0.397,166.0,2651.0
0.397,109.0,1016.0
0.397,3500.0,209518.0
0.397,226.0,986.0
0.397,95.0,99.0
0.397,235.0,4635.0
0.397,190.0,2342.0
0.397,1037.0,53134.0
0.397,229.0,4311.0
0.397,1790.0,109507.5
0.397,200.0,1218.0
0.397,180.0,1916.0
0.397,95.0,199.0
0.397,1804.0,88668.0
0.397,280.0,9640.0
0.397,157.0,2344.5
0.397,62.0,541.0
0.397,104.0,861.0
0.397,1232.0,24312.0
0.397,101.0,810.0
0.397,1178.0,42071.0
0.397,1885.0,74485.0
0.397,3500.0,177609.0
0.397,477.0,13754.0
0.397,1273.0,103322.0
0.397,225.0,3758.0
0.398,3500.0,164012.0
0.398,183.0,2694.0
0.398,1022.0,28001.0
0.398,129.0,1649.0
0.398,302.0,4392.0
0.398,1799.0,62225.0
0.398,385.0,3628.0
0.398,3500.0,85662.0
0.398,118.5,1383.5
0.398,106.0,997.0
0.398,653.3333333333334,9267.666666666666
0.398,729.0,15122.0
0.398,385.0,7673.0
0.398,98.0,101.0
0.398,1268.0,94185.0
0.398,486.6666666666667,15432.333333333334
0.398,94.0,102.0
0.398,267.0,5361.0
0.398,337.0,3937.0
0.398,98.0,623.0
0.398,312.0,6403.0
0.398,144.0,2112.0
0.398,65.0,543.0
0.398,395.0,3233.0
0.398,264.0,3791.5
0.398,629.0,27931.0
0.398,178.0,607.0
0.398,138.0,153.0
0.398,909.0,12705.0
0.398,3500.0,169790.0
0.398,208.0,2478.0
0.398,595.0,6262.0
0.398,101.5,141.0
0.398,108.0,250.0
0.398,138.0,3466.0
0.399,162.0,4075.0
0.399,1190.0,63032.0
0.399,114.0,831.0
0.399,61.0,662.0
0.399,3500.0,122174.0
0.399,379.0,2996.0
0.399,88.0,89.0
0.399,52.0,91.0
0.399,57.0,447.0
0.399,102.0,355.0
0.399,100.0,245.0
0.399,93.0,509.0
0.399,133.0,1560.0
0.399,3500.0,128052.0
0.399,439.0,6519.0
0.399,411.0,8186.5
0.399,92.0,98.0
0.399,1261.0,61389.0
0.399,3500.0,88755.0
0.399,102.0,147.0
0.399,3500.0,156508.0
0.399,63.0,471.0
0.399,304.0,1448.0
0.399,1340.0,49913.0
0.4,218.0,3328.0
0.4,1249.0,39267.0
0.4,63.0,614.0
0.4,64.0,650.0
0.4,326.0,2645.0
0.4,245.0,443.0
0.4,85.0,692.0
0.4,63.0,668.0
0.4,106.5,426.0
0.4,147.0,439.0
0.4,1301.0,27379.0
0.4,113.5,1681.5
0.4,164.0,2224.0
0.4,283.0,4697.0
0.4,108.0,854.0
0.4,126.0,147.0
0.4,162.0,2849.0
0.4,106.0,578.0
0.4,205.0,2410.0
0.4,136.0,244.0
0.4,378.0,4588.0
0.4,323.0,3584.0
0.4,175.0,1695.0
0.4,232.0,625.0
0.4,161.0,2779.0
0.4,3500.0,149367.0
