{"frame_count": 259000, "start_time": 1770867572.610942, "elapsed_seconds": 186.40338600001996, "amnt_of_species": 250, "amnt_of_medium_species": 66, "amnt_of_big_species": 1, "final": false}