{"frame_count": 194672, "start_time": 1770851370.0328681, "elapsed_seconds": 123.76594891701825, "amnt_of_species": 190, "amnt_of_medium_species": 58, "amnt_of_big_species": 1, "final": true}